date,open,high,low,close,adj_close,volume
2014-10-01,24.1000,24.4850,21.5000,21.5000,21.5000,15682223
2014-10-02,21.4000,21.4000,18.2800,19.0000,19.0000,6565429
2014-10-06,19.0000,19.0000,19.0000,19.0000,19.0000,0
2014-10-07,17.7500,17.9800,17.1800,17.5000,17.5000,1179555
2014-10-08,17.2500,17.7150,17.0100,17.1000,17.1000,823752
2014-10-09,17.2800,18.1950,17.2500,17.8500,17.8500,525219
2014-10-10,18.0050,18.3150,17.7550,17.9500,17.9500,451171
2014-10-13,18.0650,18.6000,17.5000,18.5500,18.5500,259034
2014-10-14,18.5700,19.3950,18.4800,19.0100,19.0100,415192
2014-10-15,19.1700,19.3500,18.0000,18.2400,18.2400,271454
2014-10-16,18.3050,18.9200,18.2000,18.3000,18.3000,286457
2014-10-17,18.2950,18.4750,18.1000,18.3500,18.3500,207229
2014-10-20,18.4200,18.4200,18.1300,18.2500,18.2500,117360
2014-10-21,18.2950,18.7350,18.2350,18.7350,18.7350,132355
2014-10-22,18.8000,18.8800,18.6400,18.7500,18.7500,145330
2014-10-23,18.7950,18.7950,18.2250,18.6000,18.6000,145788
2014-10-24,18.5300,18.8200,18.2200,18.5000,18.5000,165208
2014-10-27,18.6550,18.8300,18.4100,18.8000,18.8000,112577
2014-10-28,18.9000,19.3750,18.5900,18.5900,18.5900,134280
2014-10-29,18.8000,19.2150,18.4500,18.8850,18.8850,150701
2014-10-30,18.9000,19.2000,18.4100,18.4500,18.4500,163504
2014-10-31,18.5000,18.6000,18.1500,18.5000,18.5000,198875
2014-11-03,18.6000,18.6000,18.2000,18.2500,18.2500,99863
2014-11-04,18.4050,18.5000,18.0000,18.0000,18.0000,166144
2014-11-05,18.0050,18.3000,17.1500,17.3500,17.3500,179475
2014-11-06,17.2900,17.6300,17.1800,17.5000,17.5000,178689
2014-11-07,17.9000,18.3550,17.8000,18.3550,18.3550,237693
2014-11-10,18.9000,19.4150,18.0000,18.2500,18.2500,422574
2014-11-11,18.5000,18.6400,18.2000,18.5000,18.5000,191614
2014-11-12,18.4500,18.7200,18.1700,18.3200,18.3200,177290
2014-11-13,18.2600,18.5850,17.5000,18.3000,18.3000,150016
2014-11-14,18.4500,18.6450,18.2750,18.5900,18.5900,83603
2014-11-17,18.4300,18.7850,18.4000,18.6000,18.6000,94942
2014-11-18,18.6500,19.0750,18.5500,18.9400,18.9400,132858
2014-11-19,19.0000,19.0850,18.6800,18.9850,18.9850,106514
2014-11-20,19.0850,19.0850,18.6000,18.7200,18.7200,113413
2014-11-21,18.7650,19.0000,18.7500,19.0000,19.0000,70587
2014-11-24,19.1600,20.2400,19.0150,19.8400,19.8400,279965
2014-11-25,20.1000,20.3150,19.8100,20.0700,20.0700,370898
2014-11-26,21.4000,23.3800,21.2000,23.2500,23.2500,1342839
2014-11-27,23.3900,23.3900,22.5000,23.2000,23.2000,212345
2014-11-28,23.5000,26.3250,23.3500,25.1000,25.1000,802195
2014-12-01,25.5000,26.3700,24.7950,25.4700,25.4700,451158
2014-12-02,24.8500,25.2000,23.5400,24.1000,24.1000,407950
2014-12-03,24.3100,25.6450,23.1100,25.3900,25.3900,422650
2014-12-04,25.6200,25.7600,24.3050,24.6150,24.6150,144592
2014-12-05,24.7900,25.1050,24.6650,25.0500,25.0500,50023
2014-12-08,25.4500,25.4500,24.2000,24.2300,24.2300,102487
2014-12-09,24.0900,24.0900,22.5600,23.4000,23.4000,209503
2014-12-10,23.0000,24.1000,23.0000,24.0000,24.0000,148032
2014-12-11,24.0000,24.6950,23.0850,24.5200,24.5200,92506
2014-12-12,24.5500,25.8000,24.5500,25.6500,25.6500,212956
2014-12-15,25.3950,25.6500,24.8700,25.2300,25.2300,142957
2014-12-16,25.1500,25.7550,24.8650,25.6000,25.6000,146016
2014-12-17,25.5350,25.7650,25.0200,25.6500,25.6500,75802
2014-12-18,25.8000,27.0800,25.6000,25.7550,25.7550,329980
2014-12-19,25.7550,26.6700,25.6600,25.7500,25.7500,284900
2014-12-22,25.9900,25.9900,24.5950,25.6950,25.6950,124148
2014-12-23,25.7200,25.9000,25.4850,25.7000,25.7000,51474
2014-12-29,25.7000,25.7000,25.0000,25.5000,25.5000,34804
2014-12-30,25.3500,25.6100,25.3500,25.5000,25.5000,25392
2015-01-02,25.6000,25.6000,25.1100,25.5000,25.5000,31334
2015-01-05,25.4100,25.4850,24.5500,24.7000,24.7000,126175
2015-01-06,24.2000,24.2150,23.3500,23.6300,23.6300,187524
2015-01-07,23.5900,23.6150,21.8450,21.9500,21.9500,578324
2015-01-08,22.2500,23.1800,22.0600,22.5500,22.5500,326244
2015-01-09,22.4800,22.9150,22.4400,22.5000,22.5000,206360
2015-01-12,22.6900,23.9400,22.6900,23.0900,23.0900,180466
2015-01-13,23.2050,25.0000,23.2050,24.3700,24.3700,186475
2015-01-14,24.2600,24.3750,23.2000,23.6000,23.6000,187617
2015-01-15,23.6100,24.0450,22.7500,23.6000,23.6000,121944
2015-01-16,23.4500,24.0000,23.3050,24.0000,24.0000,161448
2015-01-19,24.0500,24.0500,22.6100,23.2500,23.2500,166442
2015-01-20,23.2000,23.3200,22.8050,23.0000,23.0000,119878
2015-01-21,23.0950,23.7250,22.9600,23.6950,23.6950,50163
2015-01-22,23.5300,24.5550,23.5000,24.1900,24.1900,111834
2015-01-23,24.1150,25.1950,24.0150,24.2300,24.2300,182159
2015-01-26,24.3450,24.7250,23.8050,24.2000,24.2000,62587
2015-01-27,24.4050,24.4050,22.6500,22.7950,22.7950,341957
2015-01-28,22.9950,23.0700,22.3050,22.6900,22.6900,182085
2015-01-29,22.8250,23.5850,22.4950,23.2150,23.2150,124986
2015-01-30,23.0800,24.1000,22.9500,24.0000,24.0000,209137
2015-02-02,24.1700,24.4000,23.3500,23.6450,23.6450,118771
2015-02-03,23.6500,24.3500,23.4500,23.9800,23.9800,76257
2015-02-04,23.8900,24.5000,23.7350,24.4350,24.4350,64908
2015-02-05,24.2150,24.3050,23.3000,23.8900,23.8900,104907
2015-02-06,23.7600,24.3600,22.9700,23.0550,23.0550,172948
2015-02-09,23.1000,23.4550,22.5000,22.5500,22.5500,188915
2015-02-10,22.7500,23.2350,22.2950,22.6000,22.6000,141125
2015-02-11,22.7000,22.7500,22.3000,22.5000,22.5000,78444
2015-02-12,24.8800,26.1050,24.2700,24.6000,24.6000,898688
2015-02-13,24.6700,24.9850,23.8200,23.8500,23.8500,185268
2015-02-16,23.8900,23.8900,23.0650,23.1500,23.1500,171390
2015-02-17,23.3100,23.3500,22.3600,22.6400,22.6400,259822
2015-02-18,22.8400,22.9900,22.2650,22.9200,22.9200,225303
2015-02-19,22.9700,23.7700,22.6350,23.4950,23.4950,217902
2015-02-20,23.4500,23.9100,22.7950,23.9000,23.9000,274390
2015-02-23,24.1400,24.1500,23.4000,23.5000,23.5000,135420
2015-02-24,23.6900,23.6900,23.2050,23.5000,23.5000,102099
2015-02-25,23.6600,24.2150,22.7500,22.9800,22.9800,268423
2015-02-26,23.1300,23.5950,22.7550,23.0000,23.0000,253167
2015-02-27,23.1650,23.4150,22.7450,23.3350,23.3350,161212
2015-03-02,23.5000,23.8600,23.2550,23.8600,23.8600,271414
2015-03-03,23.7350,24.1850,23.5000,23.6150,23.6150,231734
2015-03-04,23.5250,23.8000,22.8100,23.0500,23.0500,291839
2015-03-05,23.6550,24.4700,23.5000,24.0800,24.0800,718063
2015-03-06,24.2350,25.8850,24.0500,25.5650,25.5650,558798
2015-03-09,25.5050,26.2500,25.1750,25.9850,25.9850,530677
2015-03-10,26.1900,26.6950,24.2500,24.2500,24.2500,405562
2015-03-11,23.4700,23.7900,22.9500,22.9500,22.9500,2913777
2015-03-12,23.1550,23.9400,23.1150,23.8000,23.8000,1373216
2015-03-13,23.9800,24.0150,23.5300,23.6800,23.6800,524084
2015-03-16,23.6650,23.7950,23.5200,23.5950,23.5950,474776
2015-03-17,23.5000,23.6850,22.2200,22.6650,22.6650,627949
2015-03-18,22.9000,22.9450,21.5150,21.8400,21.8400,766369
2015-03-19,22.0000,22.1200,21.1250,21.9150,21.9150,923244
2015-03-20,22.1500,22.6000,21.9400,22.3200,22.3200,2078368
2015-03-23,22.4100,22.7100,21.9200,22.1250,22.1250,310090
2015-03-24,22.0600,22.2350,21.8350,21.9150,21.9150,280242
2015-03-25,21.8600,22.7700,21.8600,22.1500,22.1500,468416
2015-03-26,22.0500,22.6400,21.8950,22.5600,22.5600,401009
2015-03-27,22.8050,23.2700,22.6200,22.9750,22.9750,683711
2015-03-30,23.1050,23.3600,23.0150,23.2200,23.2200,310987
2015-03-31,23.2450,23.6500,23.1000,23.2600,23.2600,424991
2015-04-01,23.5000,23.8100,23.3300,23.7400,23.7400,674234
2015-04-02,23.6000,23.7800,23.4150,23.5750,23.5750,152323
2015-04-07,23.6000,23.9100,23.5750,23.8300,23.8300,248184
2015-04-08,24.2350,24.5300,24.0050,24.3100,24.3100,657375
2015-04-09,24.2200,24.7700,24.0100,24.1900,24.1900,728453
2015-04-10,24.0950,24.8400,24.0950,24.4600,24.4600,296483
2015-04-13,24.5900,24.8500,24.0500,24.3100,24.3100,276212
2015-04-14,24.3800,24.5050,23.8050,24.0500,24.0500,233768
2015-04-15,24.1000,24.6750,24.0650,24.4150,24.4150,257836
2015-04-16,26.3500,28.5800,26.1800,28.4000,28.4000,3869411
2015-04-17,28.5600,29.9700,28.4950,29.6350,29.6350,1812645
2015-04-20,29.7500,30.9450,29.4000,30.8000,30.8000,1046548
2015-04-21,31.0000,31.1950,29.2500,29.6950,29.6950,737099
2015-04-22,29.7200,29.9000,28.2300,28.3250,28.3250,828160
2015-04-23,28.2000,28.5200,27.5700,28.0000,28.0000,616108
2015-04-24,28.0600,28.9950,27.8150,28.5700,28.5700,325147
2015-04-27,28.7350,28.8900,28.2600,28.5950,28.5950,280630
2015-04-28,28.6700,28.8900,27.9350,28.4500,28.4500,182364
2015-04-29,28.3300,28.4000,27.2100,27.3200,27.3200,363074
2015-04-30,27.4000,27.6450,26.5950,27.2700,27.2700,350955
2015-05-04,27.5000,28.4050,27.3100,27.9500,27.9500,224997
2015-05-05,28.0700,28.1850,26.7900,27.0000,27.0000,359179
2015-05-06,27.2200,27.8050,26.7500,27.1050,27.1050,364027
2015-05-07,27.1600,27.3500,26.3250,27.1100,27.1100,280622
2015-05-08,27.2000,27.7850,27.2000,27.6550,27.6550,219700
2015-05-11,27.8500,28.3300,27.3800,28.0050,28.0050,264601
2015-05-12,28.3350,28.7400,27.6400,28.5900,28.5900,609632
2015-05-13,28.7500,28.8000,28.0100,28.3000,28.3000,394315
2015-05-14,28.3900,29.4700,28.2500,29.2450,29.2450,319959
2015-05-15,29.5000,29.7300,29.0700,29.2250,29.2250,232420
2015-05-18,29.3900,29.3900,28.3900,28.8600,28.8600,195411
2015-05-19,28.9800,29.6000,28.9600,28.9950,28.9950,267177
2015-05-20,29.3000,30.0350,29.3000,29.7100,29.7100,436896
2015-05-21,29.8100,29.9500,29.6000,29.7100,29.7100,175762
2015-05-22,29.7500,30.0000,29.4950,29.6600,29.6600,164309
2015-05-26,29.8000,30.6300,29.7650,30.3550,30.3550,222161
2015-05-27,30.3000,30.4950,30.0100,30.4200,30.4200,110631
2015-05-28,30.4450,30.9950,30.1550,30.2900,30.2900,230970
2015-05-29,30.4000,30.4050,29.2850,29.4000,29.4000,239247
2015-06-01,29.7400,30.0650,29.5900,29.7650,29.7650,173605
2015-06-02,29.7200,29.7450,29.0550,29.5000,29.5000,209742
2015-06-03,29.7050,30.8750,29.5200,29.7750,29.7750,315946
2015-06-04,30.5000,30.5100,29.8000,30.2100,30.2100,286802
2015-06-05,30.2400,30.3700,29.8600,30.2000,30.2000,185658
2015-06-08,30.3000,30.4300,29.7700,29.9000,29.9000,274317
2015-06-09,29.6300,29.6300,28.8000,29.1500,29.1500,221247
2015-06-10,29.2100,30.1300,29.2000,30.0000,30.0000,224823
2015-06-11,29.8900,30.8200,29.8900,30.7600,30.7600,281693
2015-06-12,30.5100,31.1000,30.2500,30.9900,30.9900,354120
2015-06-15,30.6450,30.7700,29.9950,30.4000,30.4000,223653
2015-06-16,30.1800,30.8650,30.0100,30.4500,30.4500,182822
2015-06-17,30.8900,30.9400,30.1700,30.7550,30.7550,361586
2015-06-18,30.7500,31.2800,30.1500,31.1300,31.1300,768819
2015-06-19,31.2600,31.6950,30.6150,30.6150,30.6150,2228595
2015-06-22,31.2400,31.2400,30.3300,30.5450,30.5450,666443
2015-06-23,30.8600,31.0700,30.4500,30.9200,30.9200,654938
2015-06-24,30.9000,31.0400,30.0350,30.3700,30.3700,282423
2015-06-25,30.4250,30.7250,30.3150,30.4850,30.4850,227549
2015-06-26,30.4200,31.5250,30.4100,31.1050,31.1050,300648
2015-06-29,29.6900,31.2150,29.5000,30.4800,30.4800,557930
2015-06-30,30.3200,30.5200,29.5600,29.9550,29.9550,404447
2015-07-01,30.0850,30.4300,29.5050,29.6150,29.6150,260963
2015-07-02,29.7600,30.2750,29.7600,30.2050,30.2050,220173
2015-07-03,30.2850,30.2850,29.7500,30.1100,30.1100,214705
2015-07-06,29.7250,30.5100,29.6000,30.4100,30.4100,236094
2015-07-07,30.7000,31.5450,30.4050,31.1300,31.1300,559653
2015-07-08,31.2950,31.2950,30.5850,31.1200,31.1200,423052
2015-07-09,30.4000,31.3600,30.2050,31.1500,31.1500,1406635
2015-07-10,31.5300,31.7700,30.9300,31.6000,31.6000,540438
2015-07-13,31.8600,32.4100,31.7850,32.3500,32.3500,705893
2015-07-14,32.3950,33.9000,32.3800,33.1700,33.1700,627410
2015-07-15,32.8000,33.5000,32.4150,33.3000,33.3000,496791
2015-07-16,33.5200,33.8250,33.1000,33.2550,33.2550,545799
2015-07-17,33.0850,33.5750,33.0850,33.3050,33.3050,296982
2015-07-20,33.5850,33.6700,32.8350,33.4250,33.4250,433854
2015-07-21,32.5000,32.8400,31.4500,31.7050,31.7050,1386860
2015-07-22,31.5500,31.5500,30.1650,30.9050,30.9050,831910
2015-07-23,31.2000,31.2100,30.8000,31.0300,31.0300,393526
2015-07-24,31.0700,31.5000,30.6700,31.2400,31.2400,206602
2015-07-27,31.2400,31.2750,30.7000,30.7950,30.7950,270687
2015-07-28,31.0000,31.2700,30.6300,30.6800,30.6800,236231
2015-07-29,30.9600,30.9600,30.3700,30.5050,30.5050,148777
2015-07-30,30.5500,30.8650,30.3850,30.7600,30.7600,165345
2015-07-31,30.7700,31.0400,30.7450,31.0400,31.0400,254176
2015-08-03,31.2000,31.7950,30.9650,31.7750,31.7750,368214
2015-08-04,32.0800,32.5550,31.8950,32.4550,32.4550,577424
2015-08-05,32.5700,32.8000,32.4400,32.5600,32.5600,341315
2015-08-06,32.5000,32.5000,31.9300,32.1850,32.1850,206646
2015-08-07,32.2550,32.2550,31.5050,31.7000,31.7000,176137
2015-08-10,31.7100,31.8300,31.3000,31.6500,31.6500,195013
2015-08-11,31.6250,31.6250,30.8300,31.2850,31.2850,194522
2015-08-12,30.8500,30.9450,29.8000,30.6950,30.6950,539791
2015-08-13,32.0950,33.8450,32.0000,32.7800,32.7800,888550
2015-08-14,33.0000,33.0000,32.2500,32.4500,32.4500,306618
2015-08-17,32.8000,32.8850,32.0450,32.4450,32.4450,249417
2015-08-18,32.4500,32.5500,32.1050,32.2550,32.2550,177678
2015-08-19,32.0000,32.5850,31.9250,32.2400,32.2400,327176
2015-08-20,32.1000,32.4200,31.8950,32.0600,32.0600,334153
2015-08-21,30.9800,31.0850,30.1900,30.2500,30.2500,568315
2015-08-24,30.0000,30.0000,26.9600,28.2800,28.2800,1058623
2015-08-25,29.2250,29.7900,28.8100,29.5000,29.5000,639122
2015-08-26,29.3500,29.3500,28.6550,28.8550,28.8550,480254
2015-08-27,29.5800,29.8850,29.1250,29.4000,29.4000,398404
2015-08-28,29.5500,29.7000,29.0750,29.1500,29.1500,246741
2015-08-31,29.1000,29.4650,29.0200,29.2000,29.2000,332650
2015-09-01,29.6200,29.7400,28.3000,28.6150,28.6150,549681
2015-09-02,28.8000,28.8400,27.4200,28.1150,28.1150,547824
2015-09-03,28.5050,29.1150,28.4600,28.7850,28.7850,441508
2015-09-04,28.6750,28.6750,28.2100,28.4300,28.4300,514044
2015-09-07,28.6800,28.6800,28.2400,28.3900,28.3900,155080
2015-09-08,28.5000,28.7950,28.3650,28.5650,28.5650,279493
2015-09-09,28.8000,28.8000,28.4050,28.6000,28.6000,529724
2015-09-10,28.5000,28.9500,28.5000,28.6400,28.6400,316257
2015-09-11,28.8000,28.8500,28.6150,28.7250,28.7250,314180
2015-09-14,28.7500,28.9850,28.4300,28.5000,28.5000,339960
2015-09-15,28.6200,28.6200,28.1050,28.3000,28.3000,334857
2015-09-16,28.8350,29.3400,28.6350,28.8000,28.8000,445910
2015-09-17,28.7600,29.2850,28.7000,29.1700,29.1700,662416
2015-09-18,29.1150,29.4700,28.8500,29.3600,29.3600,1201270
2015-09-21,29.4500,29.7300,29.0250,29.4150,29.4150,298213
2015-09-22,29.5050,29.6950,28.0500,28.1150,28.1150,329851
2015-09-23,28.1100,29.3000,28.0600,29.2500,29.2500,272889
2015-09-24,29.3300,29.4350,28.5850,28.8550,28.8550,295182
2015-09-25,29.3450,29.7200,29.1500,29.6000,29.6000,287895
2015-09-28,29.4950,29.6200,29.2350,29.2950,29.2950,183948
2015-09-29,29.0700,29.3000,28.5950,28.9700,28.9700,354903
2015-09-30,29.5900,29.6850,29.3900,29.6000,29.6000,504092
2015-10-01,29.7800,30.0550,29.4550,29.6800,29.6800,339441
2015-10-02,29.9400,30.8900,29.6100,30.5450,30.5450,678044
2015-10-05,30.9000,31.2500,30.6200,31.0000,31.0000,575933
2015-10-06,30.9800,31.0650,30.7650,30.9950,30.9950,286511
2015-10-07,31.0800,31.1450,30.3150,30.4000,30.4000,306789
2015-10-08,30.2550,30.9050,30.2550,30.8550,30.8550,351339
2015-10-09,31.3100,31.4000,30.8200,30.9250,30.9250,437353
2015-10-12,31.0900,31.1000,30.0750,30.6200,30.6200,357802
2015-10-13,30.7950,31.4500,30.6800,31.0000,31.0000,500151
2015-10-14,31.0000,31.0150,30.2100,30.4700,30.4700,356481
2015-10-15,27.9000,29.3150,26.5500,28.9250,28.9250,3266398
2015-10-16,29.1500,29.9800,28.9400,29.0900,29.0900,655486
2015-10-19,29.1150,29.6150,29.1000,29.5300,29.5300,325284
2015-10-20,29.6050,30.2200,29.6050,30.0800,30.0800,529738
2015-10-21,30.1000,30.9550,29.9000,30.5900,30.5900,487957
2015-10-22,30.4500,30.8350,30.2050,30.7000,30.7000,316900
2015-10-23,31.1300,32.4800,31.0500,32.0000,32.0000,566692
2015-10-26,31.9900,31.9900,31.4450,31.4800,31.4800,285290
2015-10-27,31.4000,31.6600,31.1200,31.4200,31.4200,246565
2015-10-28,31.6550,32.0000,31.4700,31.8500,31.8500,290129
2015-10-29,31.9950,32.4650,31.7050,32.3500,32.3500,394260
2015-10-30,32.4000,32.4150,31.5950,31.8550,31.8550,268955
2015-11-02,31.8500,32.1850,31.7650,31.9600,31.9600,304710
2015-11-03,32.0000,32.1050,31.6750,32.0500,32.0500,196320
2015-11-04,32.2550,32.2550,31.7550,31.7950,31.7950,303194
2015-11-05,31.9450,31.9450,29.9900,31.5100,31.5100,785470
2015-11-06,31.7250,31.7400,31.3450,31.5400,31.5400,314017
2015-11-09,31.5400,31.5400,30.7400,30.7850,30.7850,467573
2015-11-10,31.0000,31.4300,30.7550,31.4000,31.4000,345926
2015-11-11,31.6000,31.7100,30.8150,30.9300,30.9300,461798
2015-11-12,31.4100,32.0000,30.9150,31.2000,31.2000,528784
2015-11-13,31.3700,31.7100,30.8000,31.1150,31.1150,453373
2015-11-16,30.7200,31.6200,30.5100,31.5950,31.5950,451571
2015-11-17,31.7000,31.8200,31.3500,31.7650,31.7650,501798
2015-11-18,31.6000,32.0950,31.5500,32.0300,32.0300,833271
2015-11-19,32.2450,32.4350,32.0450,32.1650,32.1650,733275
2015-11-20,32.1250,32.3850,31.2500,31.4000,31.4000,461072
2015-11-23,31.4350,31.5550,30.8500,31.0200,31.0200,441732
2015-11-24,31.0150,31.1450,30.2250,30.3300,30.3300,533322
2015-11-25,30.4600,31.7900,30.4600,31.5800,31.5800,752908
2015-11-26,31.6700,32.4100,31.6700,32.3700,32.3700,519776
2015-11-27,32.3500,32.4400,32.0150,32.3500,32.3500,871010
2015-11-30,32.3900,32.4500,31.9100,32.1000,32.1000,8007668
2015-12-01,32.3000,33.8200,32.2600,33.0500,33.0500,1654931
2015-12-02,33.0000,34.4100,33.0000,34.3500,34.3500,969028
2015-12-03,35.7500,35.7950,34.4950,34.9450,34.9450,1510157
2015-12-04,35.1300,35.8750,34.6400,35.8750,35.8750,755897
2015-12-07,36.1000,36.2500,35.3050,35.9350,35.9350,721620
2015-12-08,35.8000,35.8000,34.7250,34.8200,34.8200,725834
2015-12-09,35.0000,35.3550,34.7200,35.0000,35.0000,525398
2015-12-10,34.8200,35.1950,34.5500,35.0100,35.0100,512885
2015-12-11,35.1700,35.2050,34.5850,34.6100,34.6100,554351
2015-12-14,34.6150,35.2000,34.5100,34.8850,34.8850,466066
2015-12-15,35.2500,35.6800,34.6800,35.4050,35.4050,662964
2015-12-16,35.6500,36.0000,35.4900,35.7000,35.7000,468462
2015-12-17,36.1450,36.3900,35.5800,36.2900,36.2900,525109
2015-12-18,36.1450,36.3600,35.6600,36.1300,36.1300,1534654
2015-12-21,36.2000,36.6300,35.1600,35.1600,35.1600,409987
2015-12-22,35.4150,35.5850,34.7950,34.8500,34.8500,260263
2015-12-23,35.0500,35.4450,34.7800,35.2650,35.2650,329355
2015-12-25,35.2650,35.2650,35.2650,35.2650,35.2650,0
2015-12-28,35.4150,35.6700,35.1450,35.5800,35.5800,119321
2015-12-29,35.8900,36.1500,35.7500,36.1400,36.1400,245560
2015-12-30,36.1500,36.4000,35.9500,36.4000,36.4000,188469
2016-01-04,36.3950,36.3950,34.9100,35.0850,35.0850,542541
2016-01-05,35.5250,35.5950,33.3850,33.6300,33.6300,769301
2016-01-06,33.5100,33.8350,33.0550,33.6500,33.6500,522657
2016-01-07,33.0000,33.0850,32.2250,32.9900,32.9900,707093
2016-01-08,33.2400,33.9000,32.9850,33.0800,33.0800,339157
2016-01-11,32.9500,33.4350,32.6900,33.0300,33.0300,440039
2016-01-12,33.2100,33.4400,32.7000,33.2600,33.2600,465507
2016-01-13,33.2150,33.4300,30.6000,31.6850,31.6850,1537388
2016-01-14,31.5000,31.7000,29.8300,30.7600,30.7600,866165
2016-01-15,30.9350,31.0000,29.4600,29.8000,29.8000,626856
2016-01-18,29.6500,30.3050,29.2000,29.6750,29.6750,416729
2016-01-19,30.9200,32.1000,30.7850,31.4350,31.4350,674793
2016-01-20,30.8050,30.9500,29.5700,30.0350,30.0350,632861
2016-01-21,30.0000,30.4850,29.6700,30.4000,30.4000,457746
2016-01-22,31.0300,31.7500,30.9050,31.5100,31.5100,543073
2016-01-25,31.7000,31.8200,31.2350,31.6300,31.6300,207180
2016-01-26,31.4000,31.8250,30.8800,31.7450,31.7450,416714
2016-01-27,31.6250,31.6900,31.1100,31.6000,31.6000,296274
2016-01-28,31.5000,31.6450,30.6300,30.7200,30.7200,358403
2016-01-29,31.1550,31.6650,30.9050,31.6650,31.6650,532607
2016-02-01,31.6950,31.7450,31.0300,31.5800,31.5800,343924
2016-02-02,31.5950,31.7500,31.0400,31.3450,31.3450,389975
2016-02-03,31.2550,31.2550,29.7750,29.9850,29.9850,519414
2016-02-04,30.3100,30.3100,28.6900,29.0250,29.0250,876094
2016-02-05,28.9050,29.5400,27.8100,27.9600,27.9600,762718
2016-02-08,28.1600,28.1600,25.4300,25.9000,25.9000,1339452
2016-02-09,25.7550,26.3500,24.0300,25.4800,25.4800,1648515
2016-02-10,25.7400,27.3150,25.4800,27.2000,27.2000,986007
2016-02-11,26.8900,27.2900,26.6100,26.9050,26.9050,840216
2016-02-12,27.3300,27.4800,26.9500,27.4700,27.4700,566061
2016-02-15,28.0650,28.4150,27.8900,28.0350,28.0350,421182
2016-02-16,28.2850,28.5850,27.5000,27.7100,27.7100,425618
2016-02-17,27.7100,28.9950,27.7100,28.8700,28.8700,457077
2016-02-18,29.1200,29.1350,28.3100,28.7850,28.7850,399343
2016-02-19,28.9050,29.1000,28.4800,29.0950,29.0950,368486
2016-02-22,29.4700,29.8000,29.2100,29.3900,29.3900,317934
2016-02-23,29.3800,30.7500,28.9050,29.7850,29.7850,727177
2016-02-24,29.6450,29.7600,28.2200,28.3550,28.3550,650938
2016-02-25,28.0200,28.7850,27.5800,28.6200,28.6200,630134
2016-02-26,29.0000,29.3500,28.5050,28.5350,28.5350,316145
2016-02-29,28.4600,28.8750,27.9000,28.8100,28.8100,690802
2016-03-01,28.9900,30.3450,27.9500,30.0000,30.0000,1789503
2016-03-02,30.1550,30.5800,29.0200,29.2250,29.2250,949778
2016-03-03,29.2000,29.7150,28.8200,29.5350,29.5350,481541
2016-03-04,29.5750,29.6600,28.8750,29.5050,29.5050,728770
2016-03-07,29.4450,29.5000,29.0400,29.3950,29.3950,412907
2016-03-08,28.9900,29.2300,28.6000,28.7800,28.7800,281512
2016-03-09,28.8050,29.1000,28.3200,28.6000,28.6000,376957
2016-03-10,28.5000,29.4000,28.4200,28.4350,28.4350,525067
2016-03-11,28.9200,29.3750,28.6000,29.3100,29.3100,402491
2016-03-14,29.4000,29.6950,29.2050,29.2200,29.2200,356303
2016-03-15,28.9900,28.9900,28.0950,28.5850,28.5850,673346
2016-03-16,28.6600,28.6850,28.0750,28.2400,28.2400,546259
2016-03-17,28.4900,28.4900,27.0500,27.2200,27.2200,631023
2016-03-18,27.3500,27.4900,26.7300,27.3600,27.3600,1165604
2016-03-21,27.3500,29.2700,27.2000,29.0400,29.0400,885210
2016-03-22,28.9650,29.0500,28.0000,28.0850,28.0850,556680
2016-03-23,28.4350,29.4500,28.3850,29.3600,29.3600,589064
2016-03-24,29.2000,29.2500,28.3350,28.4600,28.4600,382869
2016-03-29,28.7850,28.7850,28.0100,28.3150,28.3150,313395
2016-03-30,28.5350,29.1350,28.4500,28.8500,28.8500,208526
2016-03-31,28.6350,29.0550,28.5250,28.8500,28.8500,441446
2016-04-01,28.5250,28.8750,28.3100,28.8450,28.8450,335177
2016-04-04,28.7850,29.2650,28.6050,28.7050,28.7050,302937
2016-04-05,28.3500,28.5400,28.1400,28.2900,28.2900,297753
2016-04-06,28.2900,28.7500,28.0000,28.6800,28.6800,226640
2016-04-07,28.6850,28.7950,28.0000,28.1050,28.1050,336384
2016-04-08,28.2900,28.6150,28.2500,28.5750,28.5750,202063
2016-04-11,28.5950,29.3200,28.2350,29.2050,29.2050,346178
2016-04-12,29.4050,29.5950,29.1050,29.5000,29.5000,397325
2016-04-13,29.7100,30.7650,29.4300,30.0300,30.0300,750367
2016-04-14,30.0900,30.5900,29.9500,30.1600,30.1600,357489
2016-04-15,30.1500,30.2900,29.3100,29.6400,29.6400,484161
2016-04-18,29.1500,30.0700,29.1500,30.0000,30.0000,459782
2016-04-19,28.4000,29.6500,28.4000,29.3100,29.3100,1551844
2016-04-20,29.3700,29.3700,28.6850,28.9800,28.9800,472916
2016-04-21,29.0950,29.0950,28.3350,28.5750,28.5750,415011
2016-04-22,28.5000,28.9600,28.3750,28.7500,28.7500,217351
2016-04-25,28.8050,28.8500,28.5300,28.6700,28.6700,207287
2016-04-26,28.8150,28.8150,28.3650,28.4450,28.4450,218141
2016-04-27,28.5600,29.2750,28.3050,29.1700,29.1700,365251
2016-04-28,28.9150,29.6000,28.6600,29.5400,29.5400,270837
2016-04-29,29.3850,29.5700,28.9400,28.9400,28.9400,433495
2016-05-02,28.9200,29.0650,28.4200,28.4750,28.4750,145958
2016-05-03,28.6000,28.7150,28.2950,28.3350,28.3350,429573
2016-05-04,28.3000,28.4800,28.2000,28.4250,28.4250,278299
2016-05-05,28.5000,28.6550,28.1150,28.2550,28.2550,219076
2016-05-06,28.0950,28.2000,27.6600,27.9700,27.9700,400022
2016-05-09,28.1950,28.5300,28.0950,28.3650,28.3650,294484
2016-05-10,28.5850,29.4150,28.5450,29.4150,29.4150,333911
2016-05-11,29.4900,29.7150,29.2700,29.5400,29.5400,443427
2016-05-12,29.5450,29.6550,26.5550,28.2750,28.2750,1952266
2016-05-13,28.0650,28.0650,27.4000,28.0200,28.0200,774418
2016-05-17,28.1950,28.2050,26.3500,26.8050,26.8050,1058004
2016-05-18,26.8250,27.8050,26.8250,27.7600,27.7600,679626
2016-05-19,27.7050,27.7050,27.1200,27.3050,27.3050,286298
2016-05-20,27.5300,27.7250,27.3500,27.4900,27.4900,404281
2016-05-23,27.5450,27.7100,27.2050,27.3700,27.3700,331241
2016-05-24,27.2700,27.2900,26.7250,26.7250,26.7250,587647
2016-05-25,27.0000,27.0950,26.2600,26.5900,26.5900,748584
2016-05-26,26.6550,27.2750,26.5750,27.1500,27.1500,488047
2016-05-27,27.1600,27.3500,26.9150,27.0700,27.0700,363564
2016-05-30,27.1650,27.5800,26.9400,26.9800,26.9800,339242
2016-05-31,27.1350,27.2750,26.2350,26.3450,26.3450,743022
2016-06-01,26.2900,26.2900,25.3550,25.6000,25.6000,778248
2016-06-02,25.6750,26.4150,25.4300,26.3500,26.3500,486549
2016-06-03,26.3550,26.5850,25.9950,26.2850,26.2850,527371
2016-06-06,26.2800,26.5250,26.0200,26.3000,26.3000,339823
2016-06-07,26.4750,26.8350,26.3150,26.7500,26.7500,374647
2016-06-08,26.8450,26.9950,26.6200,26.8700,26.8700,384674
2016-06-09,26.6800,26.8350,26.4000,26.5600,26.5600,407060
2016-06-10,26.4450,26.6150,25.8950,25.9600,25.9600,400257
2016-06-13,25.6000,25.8500,25.4450,25.5600,25.5600,461113
2016-06-14,25.2650,25.4000,25.0500,25.2700,25.2700,539938
2016-06-15,25.4800,25.6350,25.1250,25.3900,25.3900,467257
2016-06-16,25.1000,25.5950,25.1000,25.5250,25.5250,539737
2016-06-17,25.6500,25.8250,25.3700,25.8200,25.8200,478080
2016-06-20,26.0750,26.8850,26.0350,26.8000,26.8000,382182
2016-06-21,26.7700,26.9900,26.2400,26.3200,26.3200,444916
2016-06-22,26.3600,26.7050,26.0700,26.1000,26.1000,334050
2016-06-23,26.2400,26.5450,26.0250,26.2000,26.2000,447241
2016-06-24,24.1200,25.2950,24.1200,25.1250,25.1250,1242250
2016-06-27,24.9150,24.9150,22.8050,23.0350,23.0350,908802
2016-06-28,23.5200,24.3700,23.5050,23.8900,23.8900,680095
2016-06-29,24.3250,24.3250,23.8950,24.2250,24.2250,464848
2016-06-30,24.1700,24.2450,23.6050,23.7100,23.7100,770295
2016-07-01,23.9400,24.9200,23.7400,24.6050,24.6050,613452
2016-07-04,25.3000,25.4850,24.6450,24.6450,24.6450,432690
2016-07-05,24.5950,24.5950,23.8000,23.9550,23.9550,550008
2016-07-06,23.7650,23.9900,23.4250,23.8750,23.8750,542740
2016-07-07,24.0000,24.4000,23.8900,23.9750,23.9750,328219
2016-07-08,24.0000,24.7300,23.9600,24.6650,24.6650,466758
2016-07-11,24.9550,25.5500,24.8900,25.5200,25.5200,366260
2016-07-12,25.7500,26.7500,25.7500,26.7100,26.7100,773466
2016-07-13,26.7400,26.8900,26.3800,26.6400,26.6400,550330
2016-07-14,26.7600,26.8850,26.5750,26.7100,26.7100,401463
2016-07-15,27.1600,27.1800,26.6600,26.7500,26.7500,505448
2016-07-18,26.8250,27.0200,26.4400,26.7350,26.7350,574308
2016-07-19,31.0000,32.6950,30.6300,32.5500,32.5500,3954795
2016-07-20,32.7400,33.0000,31.5300,32.3500,32.3500,1040653
2016-07-21,32.3150,32.8600,31.8400,32.5000,32.5000,801663
2016-07-22,32.2800,32.5850,32.0550,32.4050,32.4050,547811
2016-07-25,32.5000,34.1150,32.5000,33.9550,33.9550,912358
2016-07-26,33.8750,33.9900,33.6000,33.8500,33.8500,536412
2016-07-27,34.0000,34.0750,33.2900,33.5150,33.5150,609606
2016-07-28,33.5700,33.9850,33.0400,33.5450,33.5450,489576
2016-07-29,33.4400,34.0750,33.4300,33.9250,33.9250,454115
2016-08-01,34.1850,34.3150,33.1800,33.5800,33.5800,371751
2016-08-02,33.4800,33.6650,32.5600,32.5600,32.5600,554058
2016-08-03,32.4500,32.6150,32.1000,32.3850,32.3850,528927
2016-08-04,32.4600,32.6600,32.1800,32.6150,32.6150,473356
2016-08-05,32.6000,33.2500,32.5800,33.2250,33.2250,346063
2016-08-08,33.3500,33.7250,33.2200,33.2200,33.2200,409642
2016-08-09,33.2800,33.5750,33.0000,33.4850,33.4850,379485
2016-08-10,33.4450,34.1000,33.2650,34.1000,34.1000,659427
2016-08-11,34.3950,35.9400,34.3000,35.9400,35.9400,1018905
2016-08-12,35.9750,36.9450,35.8950,36.7400,36.7400,827100
2016-08-15,36.9200,37.6500,36.9200,37.2500,37.2500,649018
2016-08-16,37.0000,37.2500,36.2350,36.3000,36.3000,803258
2016-08-17,36.3400,36.4600,35.3000,35.3000,35.3000,942039
2016-08-18,35.5400,35.8000,35.4350,35.7100,35.7100,646298
2016-08-19,35.7100,35.7500,35.2100,35.6900,35.6900,686569
2016-08-22,35.8050,35.8900,35.1000,35.3300,35.3300,335475
2016-08-23,35.3300,35.7600,35.2500,35.3750,35.3750,566531
2016-08-24,35.4000,35.7500,35.2150,35.3200,35.3200,817662
2016-08-25,35.1200,35.1200,34.3450,34.3700,34.3700,624654
2016-08-26,34.3750,34.7750,34.2100,34.6800,34.6800,767549
2016-08-29,34.5400,34.5400,33.8000,34.0000,34.0000,377193
2016-08-30,34.2050,34.6750,34.1900,34.6000,34.6000,630009
2016-08-31,34.7050,34.7050,34.2000,34.2850,34.2850,417778
2016-09-01,34.2700,35.1200,34.1900,34.6850,34.6850,311733
2016-09-02,34.8450,35.1900,34.3650,35.0900,35.0900,376066
2016-09-05,35.3950,35.4250,34.8850,35.0300,35.0300,185678
2016-09-06,34.7450,35.5000,34.6950,35.3450,35.3450,382406
2016-09-07,35.5550,36.6100,35.4350,36.5150,36.5150,598181
2016-09-08,36.6000,36.6000,35.7900,36.2100,36.2100,592495
2016-09-09,36.1500,36.1800,35.5500,35.6950,35.6950,357081
2016-09-12,35.0000,35.2200,34.5000,35.1550,35.1550,351636
2016-09-13,35.3000,35.5900,34.9600,35.1650,35.1650,279669
2016-09-14,35.3500,35.4850,34.8550,35.2450,35.2450,425149
2016-09-15,35.0550,35.1050,34.6550,35.0000,35.0000,355869
2016-09-16,35.0200,35.4850,34.9400,35.1900,35.1900,774206
2016-09-19,35.5450,35.6600,35.1400,35.4250,35.4250,185533
2016-09-20,36.3900,36.5900,36.0500,36.3850,36.3850,439296
2016-09-21,36.6200,36.6200,36.0350,36.4850,36.4850,403748
2016-09-22,36.7100,37.8250,36.6700,36.9900,36.9900,407175
2016-09-23,37.0000,37.6150,36.8300,37.2950,37.2950,395658
2016-09-26,37.1050,37.1050,36.6400,36.7400,36.7400,294557
2016-09-27,37.0000,37.0350,36.0600,36.4000,36.4000,435380
2016-09-28,36.7350,37.3000,36.0900,36.3450,36.3450,472825
2016-09-29,36.7600,36.7600,36.1950,36.5000,36.5000,336807
2016-09-30,36.0000,37.2450,35.5050,37.1500,37.1500,468138
2016-10-04,37.1550,38.4000,37.1550,37.9000,37.9000,781077
2016-10-05,37.7000,38.1100,37.2300,37.9600,37.9600,405000
2016-10-06,38.1100,38.5900,37.8650,38.3100,38.3100,516076
2016-10-07,37.5000,37.5400,36.5800,36.9700,36.9700,994608
2016-10-10,37.0200,37.2000,36.7700,37.1000,37.1000,422129
2016-10-11,37.0300,38.1850,37.0300,37.6100,37.6100,461897
2016-10-12,37.6500,38.0000,37.4300,37.5950,37.5950,375280
2016-10-13,37.3500,37.3950,36.6950,37.0800,37.0800,551353
2016-10-14,37.3150,37.9550,37.0850,37.6000,37.6000,385242
2016-10-17,37.7600,37.8250,37.0500,37.2100,37.2100,392064
2016-10-18,37.3000,37.4900,36.9450,37.3000,37.3000,578788
2016-10-19,38.2500,40.1100,37.5550,39.9050,39.9050,1463525
2016-10-20,40.2100,41.1150,39.7600,40.3450,40.3450,935145
2016-10-21,40.4000,40.4200,39.3450,39.6100,39.6100,508213
2016-10-24,39.7850,40.3450,39.6150,39.9800,39.9800,434362
2016-10-25,40.1600,40.5650,39.9900,40.2250,40.2250,438989
2016-10-26,40.2200,40.3500,39.0950,39.8200,39.8200,371800
2016-10-27,39.8950,40.4950,39.3150,40.3500,40.3500,391181
2016-10-28,40.1250,40.1250,39.1850,39.7950,39.7950,448398
2016-10-31,39.6950,40.1450,39.4900,39.9900,39.9900,389913
2016-11-01,40.1150,40.3000,39.0400,39.1050,39.1050,310362
2016-11-02,39.0200,39.0750,38.3150,38.4800,38.4800,534506
2016-11-03,38.2850,39.0500,38.1250,38.4500,38.4500,315687
2016-11-04,38.4500,38.6200,38.0150,38.4150,38.4150,375050
2016-11-07,37.8000,38.1050,36.5150,36.9550,36.9550,785721
2016-11-08,36.8250,37.2050,36.6800,36.9000,36.9000,349747
2016-11-09,35.6950,37.6650,35.5150,37.5000,37.5000,618102
2016-11-10,38.5500,39.3600,34.4500,34.8700,34.8700,1333540
2016-11-11,35.1650,36.1800,35.1150,35.4950,35.4950,658896
2016-11-14,35.8450,36.0150,34.1150,34.7850,34.7850,737029
2016-11-15,34.8500,35.3000,34.3800,34.7800,34.7800,628709
2016-11-16,34.8000,35.1500,34.4550,35.0050,35.0050,515757
2016-11-17,35.0600,35.3950,34.7400,35.3950,35.3950,449182
2016-11-18,35.5700,35.7500,35.3250,35.6650,35.6650,386223
2016-11-21,35.7700,35.8100,35.0100,35.8100,35.8100,323240
2016-11-22,35.9700,36.0650,35.5050,35.8950,35.8950,422898
2016-11-23,36.0250,36.2500,35.2650,35.6100,35.6100,392417
2016-11-24,35.6200,35.8250,34.8550,35.3450,35.3450,389044
2016-11-25,35.3150,36.1150,35.2700,36.1150,36.1150,620750
2016-11-28,36.0500,36.1100,35.1100,35.2200,35.2200,323501
2016-11-29,35.1400,35.8450,35.1250,35.8450,35.8450,273657
2016-11-30,35.8550,35.9750,35.1500,35.1650,35.1650,503679
2016-12-01,34.9900,35.1250,34.2400,34.2750,34.2750,508306
2016-12-02,34.2000,34.4300,33.5450,34.3300,34.3300,567029
2016-12-05,34.3500,34.9550,34.2800,34.6600,34.6600,309937
2016-12-06,34.7200,34.9050,34.3750,34.4950,34.4950,301309
2016-12-07,34.7850,35.2600,34.6750,35.1750,35.1750,406816
2016-12-08,35.2600,35.2700,34.6250,34.9400,34.9400,308861
2016-12-09,34.9700,35.2800,34.9600,35.0400,35.0400,315579
2016-12-12,35.1000,35.1450,34.7150,34.8400,34.8400,320980
2016-12-13,34.9400,35.3350,34.7750,35.3350,35.3350,439094
2016-12-14,35.3800,36.6200,35.3400,35.7500,35.7500,426836
2016-12-15,35.8000,36.1000,35.0500,35.7550,35.7550,379937
2016-12-16,35.7750,36.0400,35.1350,35.7100,35.7100,516303
2016-12-19,35.7500,35.9800,35.4200,35.8850,35.8850,237210
2016-12-20,35.9850,36.0050,35.6500,35.7750,35.7750,200598
2016-12-21,35.8050,36.0900,35.5900,35.9450,35.9450,198639
2016-12-22,35.9250,36.4850,35.7500,36.3100,36.3100,326879
2016-12-23,36.2700,36.3950,36.0000,36.0700,36.0700,167916
2016-12-27,36.2100,36.2100,35.7400,35.7400,35.7400,162118
2016-12-28,35.7800,36.6100,35.7000,36.3600,36.3600,237115
2016-12-29,36.1950,36.5000,36.1400,36.2150,36.2150,150647
2016-12-30,36.1250,36.3300,36.0350,36.2900,36.2900,86848
2017-01-02,36.4400,37.1350,36.2050,36.9050,36.9050,142055
2017-01-03,36.9250,38.1250,36.9000,37.3150,37.3150,483411
2017-01-04,37.3100,37.5000,35.8300,35.9200,35.9200,539248
2017-01-05,35.8750,37.1250,35.8600,36.7650,36.7650,319191
2017-01-06,36.6700,37.6650,36.5050,37.3500,37.3500,308847
2017-01-09,37.4550,37.6350,37.0700,37.4050,37.4050,235413
2017-01-10,37.6000,37.8400,36.9500,37.2400,37.2400,283978
2017-01-11,37.3250,38.4150,37.1850,38.1450,38.1450,460474
2017-01-12,38.1650,39.0550,38.0750,38.6550,38.6550,674495
2017-01-13,38.8000,40.3800,38.8000,39.7550,39.7550,622717
2017-01-16,40.2700,40.3100,39.4650,39.6500,39.6500,373425
2017-01-17,37.3800,38.8300,36.7500,37.2800,37.2800,1846133
2017-01-18,37.5800,37.8000,36.4550,37.0000,37.0000,904016
2017-01-19,37.0750,37.4550,36.7600,36.8000,36.8000,378700
2017-01-20,36.7350,36.8950,34.9200,35.8900,35.8900,1160243
2017-01-23,35.8150,36.0000,35.6300,35.7400,35.7400,381559
2017-01-24,35.8000,35.8950,35.3200,35.5950,35.5950,462099
2017-01-25,35.8100,36.1100,35.3050,36.0850,36.0850,678831
2017-01-26,36.2400,36.3500,35.8200,35.9400,35.9400,411594
2017-01-27,36.2500,36.4450,36.0000,36.2100,36.2100,527862
2017-01-30,36.2050,36.2050,35.5150,35.9200,35.9200,360081
2017-01-31,36.0900,37.1500,35.9750,36.5050,36.5050,682085
2017-02-01,36.7000,37.1250,36.1200,36.6200,36.6200,538409
2017-02-02,36.6550,36.9600,36.2000,36.8350,36.8350,314782
2017-02-03,36.8050,37.1400,36.4600,36.7950,36.7950,464758
2017-02-06,36.8200,36.9250,36.0800,36.1350,36.1350,301594
2017-02-07,36.0000,36.4450,36.0000,36.3400,36.3400,286486
2017-02-08,36.2450,36.5100,36.0550,36.5100,36.5100,319943
2017-02-09,36.5850,37.6050,36.4150,37.5300,37.5300,576854
2017-02-10,37.5150,37.9350,37.5000,37.6350,37.6350,341589
2017-02-13,37.6300,37.8300,37.4400,37.6900,37.6900,233482
2017-02-14,37.6200,37.8400,37.4950,37.8050,37.8050,210583
2017-02-15,37.8500,37.9850,37.3800,37.5950,37.5950,227269
2017-02-16,37.6650,37.9400,37.3650,37.5750,37.5750,209609
2017-02-17,37.6000,37.6000,37.0100,37.1500,37.1500,304681
2017-02-20,37.2100,37.6700,36.9850,37.5150,37.5150,276625
2017-02-21,37.5500,38.0250,37.4150,38.0200,38.0200,279664
2017-02-22,38.1000,38.3300,37.8800,38.3000,38.3000,385725
2017-02-23,38.2050,38.4500,38.0550,38.1500,38.1500,325846
2017-02-24,37.9550,38.3900,37.2550,37.7950,37.7950,428171
2017-02-27,37.6050,38.2100,37.5600,37.8200,37.8200,441756
2017-02-28,38.0400,38.1900,37.7350,37.7500,37.7500,586647
2017-03-01,36.2150,37.6500,35.5500,37.4400,37.4400,1702748
2017-03-02,37.4900,37.4900,36.3550,36.5050,36.5050,814153
2017-03-03,36.2050,36.2950,35.6950,35.7850,35.7850,779314
2017-03-06,35.8000,36.0000,35.4850,35.6350,35.6350,496242
2017-03-07,35.6750,36.0300,35.4900,35.5350,35.5350,379993
2017-03-08,35.5100,36.0900,35.5000,35.8350,35.8350,413649
2017-03-09,35.7800,35.9250,35.4300,35.8000,35.8000,483112
2017-03-10,36.4500,37.1600,36.4500,36.7800,36.7800,927987
2017-03-13,36.8800,37.0550,36.8100,37.0550,37.0550,337732
2017-03-14,36.8900,36.9800,36.1300,36.5700,36.5700,525650
2017-03-15,36.5550,36.9900,36.5500,36.8600,36.8600,414094
2017-03-16,37.1800,37.3550,37.0100,37.2250,37.2250,413012
2017-03-17,37.2100,37.4350,36.9750,37.4300,37.4300,513089
2017-03-20,37.3600,37.8150,37.2800,37.6000,37.6000,331820
2017-03-21,37.7400,37.8800,37.2250,37.2250,37.2250,483479
2017-03-22,36.8650,36.8650,36.2750,36.6700,36.6700,312812
2017-03-23,36.6050,37.1800,36.5650,37.1500,37.1500,304676
2017-03-24,37.2000,37.5250,36.8700,37.5200,37.5200,340742
2017-03-27,37.2950,37.4900,37.0850,37.4900,37.4900,240846
2017-03-28,37.5150,37.6850,37.3300,37.5950,37.5950,228435
2017-03-29,37.6550,37.6850,37.2950,37.5000,37.5000,208709
2017-03-30,37.5300,37.6400,37.2600,37.4200,37.4200,159901
2017-03-31,37.3750,37.9250,37.1700,37.9250,37.9250,304541
2017-04-03,38.0000,38.3350,37.7500,38.2000,38.2000,418820
2017-04-04,38.2650,39.8900,38.0500,39.5700,39.5700,833142
2017-04-05,39.3350,39.4100,39.0150,39.3850,39.3850,461743
2017-04-06,39.2000,39.5850,39.0800,39.5500,39.5500,332124
2017-04-07,39.6000,39.6600,38.8050,39.0700,39.0700,398650
2017-04-10,39.0400,39.3750,38.8100,38.9600,38.9600,288334
2017-04-11,38.9650,39.0200,38.3000,38.6650,38.6650,298051
2017-04-12,38.8200,39.9900,38.5450,39.9600,39.9600,608442
2017-04-13,39.8700,40.7500,39.5100,40.5000,40.5000,502915
2017-04-18,40.7050,40.7650,40.2900,40.3450,40.3450,490670
2017-04-19,38.9500,38.9500,38.0100,38.4200,38.4200,1349290
2017-04-20,38.3750,38.5000,37.3650,38.4000,38.4000,777105
2017-04-21,38.5000,38.8050,37.9000,37.9300,37.9300,508779
2017-04-24,38.6750,39.4100,38.6750,39.3300,39.3300,643095
2017-04-25,39.4150,40.3800,39.3400,40.1800,40.1800,551755
2017-04-26,40.0900,40.3950,39.9200,40.1900,40.1900,458292
2017-04-27,40.1450,40.7100,39.8800,40.4950,40.4950,381773
2017-04-28,40.4000,40.9900,40.3400,40.4850,40.4850,438437
2017-05-02,40.5000,40.6950,40.1650,40.6800,40.6800,410656
2017-05-03,40.3000,40.3150,39.6050,39.9700,39.9700,390552
2017-05-04,40.0700,40.8350,39.9600,40.4550,40.4550,326704
2017-05-05,40.4000,40.7700,40.2300,40.7700,40.7700,360902
2017-05-08,40.8900,41.6100,40.5300,41.1050,41.1050,571097
2017-05-09,40.5100,41.7900,40.2600,40.5350,40.5350,604810
2017-05-10,40.0000,40.3500,39.3350,39.8000,39.8000,1170319
2017-05-11,39.7350,39.7400,38.8250,39.0000,39.0000,1037442
2017-05-12,39.1350,39.3400,38.8900,39.2150,39.2150,548090
2017-05-15,39.2000,39.5000,38.9450,39.1000,39.1000,593468
2017-05-16,39.2000,40.3400,39.1000,39.7150,39.7150,745853
2017-05-17,39.6250,40.4800,39.3350,40.0000,40.0000,822168
2017-05-18,39.8650,40.4600,39.5200,39.9800,39.9800,496919
2017-05-19,40.0200,40.5950,39.9900,40.1700,40.1700,503889
2017-05-22,40.5850,40.7300,40.3650,40.5550,40.5550,621264
2017-05-23,40.5350,42.3300,40.5350,41.9200,41.9200,723655
2017-05-24,41.9200,42.1700,41.5600,41.8700,41.8700,384325
2017-05-25,41.8750,42.5750,41.8300,42.4900,42.4900,278255
2017-05-26,42.5900,42.9850,42.4000,42.6200,42.6200,431651
2017-05-29,42.5950,42.8400,42.2400,42.2800,42.2800,225815
2017-05-30,42.2500,42.5000,42.1800,42.4000,42.4000,324918
2017-05-31,42.4000,42.8900,42.0750,42.5100,42.5100,2661797
2017-06-01,42.5900,42.9000,42.2000,42.9000,42.9000,346740
2017-06-02,43.2000,43.7650,42.8850,43.3050,43.3050,543798
2017-06-05,43.3050,43.3050,43.3050,43.3050,43.3050,0
2017-06-06,43.5050,43.5600,42.9250,43.4400,43.4400,542030
2017-06-07,43.3100,43.8050,43.1800,43.6850,43.6850,479722
2017-06-08,43.7500,44.0950,43.5500,43.9500,43.9500,411994
2017-06-09,44.0000,44.9900,43.8650,44.8400,44.8400,455854
2017-06-12,44.4000,44.4000,42.8750,42.9850,42.9850,679548
2017-06-13,43.1400,43.7350,43.1400,43.5200,43.5200,399476
2017-06-14,43.7050,43.9600,43.3650,43.4650,43.4650,535602
2017-06-15,43.2150,43.2150,42.4200,42.5650,42.5650,417234
2017-06-16,42.6900,43.4400,42.6900,43.4400,43.4400,888835
2017-06-19,43.6950,44.7400,43.6050,44.7300,44.7300,412396
2017-06-20,45.0900,45.4800,42.4600,42.8300,42.8300,1071728
2017-06-21,42.3000,42.6950,40.2150,42.5950,42.5950,1741160
2017-06-22,42.5000,42.9750,42.3500,42.5700,42.5700,408856
2017-06-23,42.5900,42.5900,40.9200,41.0200,41.0200,588065
2017-06-26,40.4950,41.0750,39.9800,40.6850,40.6850,864185
2017-06-27,40.4750,40.7250,40.0350,40.4050,40.4050,444391
2017-06-28,40.2800,40.9200,40.0350,40.8900,40.8900,577767
2017-06-29,41.2700,41.4050,39.6500,39.6550,39.6550,497784
2017-06-30,39.1800,40.6100,38.8100,40.0100,40.0100,932023
2017-07-03,40.9500,40.9500,40.0100,40.2350,40.2350,347799
2017-07-04,40.1900,40.4350,39.8450,40.2100,40.2100,241792
2017-07-05,39.5150,40.6750,39.2700,40.3950,40.3950,573141
2017-07-06,40.6200,40.6950,39.2950,39.5400,39.5400,438034
2017-07-07,39.6350,39.9150,39.1150,39.6700,39.6700,499058
2017-07-10,39.9250,40.0100,39.4400,39.5000,39.5000,357451
2017-07-11,39.5000,39.7750,39.0350,39.1000,39.1000,280652
2017-07-12,40.3000,40.9400,40.1300,40.6900,40.6900,641410
2017-07-13,40.7800,41.4900,40.4150,41.4400,41.4400,650170
2017-07-14,41.5500,41.6800,41.2350,41.6800,41.6800,327947
2017-07-17,42.0850,42.8500,41.6800,42.7450,42.7450,602802
2017-07-18,40.5000,40.5000,38.5700,39.2100,39.2100,2972830
2017-07-19,39.0150,39.4200,37.5350,37.8300,37.8300,1432868
2017-07-20,38.0350,39.0450,37.2600,38.8700,38.8700,1277747
2017-07-21,38.0400,38.6000,37.4650,37.6000,37.6000,898372
2017-07-24,37.4400,37.6750,36.6600,36.9900,36.9900,1004452
2017-07-25,37.0700,37.5650,36.9700,37.0850,37.0850,663323
2017-07-26,37.1300,37.9000,36.9800,37.4350,37.4350,865708
2017-07-27,37.4000,37.8750,37.3000,37.6450,37.6450,355904
2017-07-28,37.3100,38.1800,37.2300,37.7250,37.7250,421396
2017-07-31,37.7700,38.1800,37.5700,37.8150,37.8150,463888
2017-08-01,37.9750,38.8500,37.7350,38.5450,38.5450,545909
2017-08-02,38.7600,38.7700,38.2600,38.6600,38.6600,480169
2017-08-03,38.6650,39.3000,38.6500,39.1800,39.1800,669122
2017-08-04,39.1650,39.8200,38.9250,39.6000,39.6000,509999
2017-08-07,39.7350,39.8200,39.2750,39.4450,39.4450,391798
2017-08-08,39.1100,39.5300,39.0950,39.5300,39.5300,511736
2017-08-09,39.2000,39.7400,39.0700,39.4400,39.4400,735211
2017-08-10,38.5000,40.1550,38.2200,39.7100,39.7100,1175775
2017-08-11,39.3400,39.9400,38.8950,39.8750,39.8750,768667
2017-08-14,40.1000,40.3000,39.8000,39.9600,39.9600,441155
2017-08-15,40.2000,40.4400,39.9750,40.0500,40.0500,428955
2017-08-16,40.2650,40.5750,40.0450,40.5000,40.5000,416634
2017-08-17,40.5150,41.1700,40.5150,40.8150,40.8150,464235
2017-08-18,40.5900,40.6950,40.2250,40.5000,40.5000,435162
2017-08-21,40.4100,40.5500,39.8900,40.0050,40.0050,324188
2017-08-22,40.1450,40.3500,39.8850,40.1600,40.1600,367037
2017-08-23,40.0800,40.3700,39.8400,39.8850,39.8850,390148
2017-08-24,40.0300,40.3250,39.8700,39.9950,39.9950,289676
2017-08-25,40.3650,41.1550,40.1650,40.2950,40.2950,487980
2017-08-28,40.1950,40.4000,39.9050,40.0600,40.0600,229530
2017-08-29,39.8000,40.0050,39.6200,39.9150,39.9150,490457
2017-08-30,40.2000,40.2000,39.8450,39.8900,39.8900,300264
2017-08-31,40.1000,40.1400,39.5400,39.7850,39.7850,483959
2017-09-01,39.8250,40.1350,39.8250,40.0000,40.0000,318304
2017-09-04,39.6300,40.1700,39.6300,39.9400,39.9400,259941
2017-09-05,39.9750,40.4950,39.7300,40.2300,40.2300,293847
2017-09-06,40.1700,40.4600,40.0000,40.1000,40.1000,383550
2017-09-07,40.3500,40.6200,40.0000,40.0400,40.0400,317572
2017-09-08,40.0550,40.3350,39.6100,40.3300,40.3300,326064
2017-09-11,40.1750,41.9750,40.1750,41.4950,41.4950,664132
2017-09-12,41.3000,41.7350,41.3000,41.4050,41.4050,320898
2017-09-13,41.2300,41.8650,41.2250,41.7900,41.7900,396809
2017-09-14,41.8750,42.2800,41.7500,41.8650,41.8650,308899
2017-09-15,41.7500,41.9950,40.9350,40.9900,40.9900,613147
2017-09-18,41.1700,41.3050,40.9900,41.2150,41.2150,279413
2017-09-19,41.4000,41.9550,41.3650,41.5450,41.5450,311028
2017-09-20,41.6100,41.7200,41.1500,41.3350,41.3350,231117
2017-09-21,41.3150,41.5900,40.9400,41.3550,41.3550,222515
2017-09-22,41.3950,41.5900,41.1100,41.5500,41.5500,284085
2017-09-25,41.5200,42.0650,41.2550,41.9450,41.9450,270880
2017-09-26,41.7450,41.8850,40.9350,41.1250,41.1250,373703
2017-09-27,41.2000,41.4750,40.8350,41.4000,41.4000,318580
2017-09-28,41.4050,42.0100,41.1050,41.8850,41.8850,288157
2017-09-29,41.8450,42.4000,41.7050,42.4000,42.4000,352742
2017-10-02,42.4000,42.8800,41.9250,42.5050,42.5050,392188
2017-10-03,42.5050,42.5050,42.5050,42.5050,42.5050,0
2017-10-04,42.6000,42.9800,42.4050,42.9200,42.9200,526242
2017-10-05,42.9900,44.5200,42.9450,44.2600,44.2600,794843
2017-10-06,44.0800,44.1800,43.3750,43.6700,43.6700,482171
2017-10-09,43.8850,44.3550,43.8600,44.1250,44.1250,403939
2017-10-10,44.1200,44.3900,44.0050,44.2450,44.2450,351441
2017-10-11,44.1900,44.5900,44.0750,44.5500,44.5500,182601
2017-10-12,44.5950,44.9750,44.5900,44.9250,44.9250,280133
2017-10-13,44.8550,44.9000,44.0100,44.5150,44.5150,383324
2017-10-16,44.5850,44.8150,44.4350,44.5900,44.5900,375544
2017-10-17,44.6100,44.7050,44.0850,44.2150,44.2150,539238
2017-10-18,43.0000,43.8400,42.1100,42.5500,42.5500,1572721
2017-10-19,42.5400,42.5950,41.5000,41.6700,41.6700,592167
2017-10-20,41.7650,42.1950,41.2950,41.6500,41.6500,440950
2017-10-23,41.7600,42.0000,41.1550,41.4050,41.4050,283597
2017-10-24,41.4050,41.6950,41.2250,41.4850,41.4850,317877
2017-10-25,41.6300,41.6850,41.1100,41.2200,41.2200,335493
2017-10-26,41.1400,42.0850,41.0500,41.9450,41.9450,397189
2017-10-27,42.1850,42.5700,42.0800,42.2050,42.2050,290078
2017-10-30,42.3050,43.0400,42.3000,42.9550,42.9550,351187
2017-10-31,42.9550,42.9550,42.9550,42.9550,42.9550,0
2017-11-01,43.1700,43.4500,42.0350,42.3250,42.3250,648729
2017-11-02,42.1500,43.3500,41.9150,43.1800,43.1800,488704
2017-11-03,43.2000,44.0200,43.1400,43.7350,43.7350,382899
2017-11-06,43.9550,43.9550,43.3500,43.4200,43.4200,474137
2017-11-07,41.6500,41.9350,40.0700,40.9600,40.9600,2415227
2017-11-08,40.4700,41.4550,40.2600,41.0050,41.0050,765717
2017-11-09,41.4150,41.6900,40.8300,41.1150,41.1150,813730
2017-11-10,41.2200,41.2750,40.0100,40.0800,40.0800,418827
2017-11-13,40.0000,40.0150,39.2500,39.4550,39.4550,485473
2017-11-14,39.4750,40.2600,39.3550,39.9150,39.9150,485698
2017-11-15,39.8000,39.9550,39.6000,39.6900,39.6900,352072
2017-11-16,39.9300,41.4400,39.8150,41.1850,41.1850,566564
2017-11-17,41.1800,41.5900,40.8750,41.4450,41.4450,311671
2017-11-20,41.1900,41.8950,41.1050,41.7450,41.7450,523826
2017-11-21,41.7400,42.5650,41.5100,42.3700,42.3700,327569
2017-11-22,42.3700,42.9800,42.1050,42.6000,42.6000,425733
2017-11-23,42.4700,42.5000,41.8700,42.2900,42.2900,256830
2017-11-24,42.4400,43.2750,41.8400,42.8550,42.8550,380105
2017-11-27,42.8000,43.7950,42.6600,43.3250,43.3250,384565
2017-11-28,43.4000,43.4000,42.4300,43.0450,43.0450,483512
2017-11-29,43.2500,43.5950,42.8250,43.0000,43.0000,337255
2017-11-30,43.0000,43.3200,42.7300,42.9650,42.9650,539322
2017-12-01,43.0000,43.2700,42.4650,42.8200,42.8200,394275
2017-12-04,43.3600,43.4850,42.8750,43.3800,43.3800,255987
2017-12-05,43.4050,43.6100,42.6650,43.4950,43.4950,335477
2017-12-06,43.2500,44.0600,42.6700,43.8500,43.8500,385986
2017-12-07,43.9550,44.0800,43.6450,44.0250,44.0250,286264
2017-12-08,44.5000,45.5800,44.1500,45.4150,45.4150,541803
2017-12-11,45.5000,45.8950,45.3000,45.8450,45.8450,480960
2017-12-12,45.7750,45.9400,45.4450,45.7750,45.7750,375496
2017-12-13,45.8150,46.4350,45.6800,46.2650,46.2650,441845
2017-12-14,46.2650,46.4850,45.6750,46.0000,46.0000,451852
2017-12-15,45.8450,45.9000,45.1050,45.4300,45.4300,742442
2017-12-18,44.8000,45.6100,43.5950,43.8900,43.8900,684453
2017-12-19,43.8000,44.0750,43.2950,43.5450,43.5450,460928
2017-12-20,43.7450,44.6000,43.6900,43.9950,43.9950,304946
2017-12-21,43.9850,44.1800,43.6250,43.9600,43.9600,379096
2017-12-22,44.0450,44.3850,43.7400,43.9000,43.9000,154475
2017-12-27,44.0000,44.3600,43.6450,44.2400,44.2400,289005
2017-12-28,44.3700,44.5000,44.0250,44.2050,44.2050,259232
2017-12-29,44.3500,44.4100,44.0000,44.1150,44.1150,110811
2018-01-02,44.4600,44.4600,43.6900,43.9500,43.9500,262764
2018-01-03,44.0000,45.3000,43.7900,45.1900,45.1900,429602
2018-01-04,45.4000,45.7200,44.6300,45.1000,45.1000,566624
2018-01-05,45.1900,45.3500,44.9800,45.1400,45.1400,239747
2018-01-08,45.3300,45.4100,44.5600,45.3100,45.3100,343947
2018-01-09,44.7500,45.2000,44.4600,44.5100,44.5100,358417
2018-01-10,44.4500,44.4700,43.7900,43.9000,43.9000,398610
2018-01-11,44.2000,45.9700,43.7100,44.5000,44.5000,833193
2018-01-12,44.7600,45.1400,44.5500,45.0300,45.0300,303005
2018-01-15,45.1600,45.1900,44.5800,44.5800,44.5800,234495
2018-01-16,44.9200,45.4000,44.4700,44.5900,44.5900,512336
2018-01-17,44.3700,46.8600,43.8600,46.6900,46.6900,700215
2018-01-18,45.8800,47.3600,45.8100,47.3200,47.3200,632166
2018-01-19,47.1400,48.2500,47.0900,47.9200,47.9200,458809
2018-01-22,48.6200,49.9000,48.0000,49.0600,49.0600,630560
2018-01-23,48.7500,49.6700,48.2000,48.7100,48.7100,514785
2018-01-24,48.3000,48.5600,47.5900,47.5900,47.5900,432613
2018-01-25,47.4400,47.5700,46.6800,46.8700,46.8700,495296
2018-01-26,46.6000,47.5400,46.1300,47.2500,47.2500,587349
2018-01-29,47.6200,47.6200,46.5800,46.6400,46.6400,501757
2018-01-30,46.5200,47.0300,46.2800,46.4100,46.4100,373760
2018-01-31,46.3400,47.2600,46.0400,47.1800,47.1800,436954
2018-02-01,47.4100,47.7900,47.0100,47.2400,47.2400,323498
2018-02-02,47.1300,47.5000,46.1300,46.2700,46.2700,242110
2018-02-05,45.8700,45.9200,45.2600,45.3500,45.3500,438318
2018-02-06,43.9100,45.1000,43.6600,44.6900,44.6900,645627
2018-02-07,45.1500,45.4100,44.6000,45.1800,45.1800,462456
2018-02-08,45.2900,45.3900,44.2700,44.6000,44.6000,301562
2018-02-09,44.0000,44.9300,43.6100,44.1600,44.1600,547060
2018-02-12,44.6100,45.3900,44.4400,45.0200,45.0200,309128
2018-02-13,45.1100,45.8100,45.0000,45.7400,45.7400,294768
2018-02-14,46.0000,46.6400,45.4300,46.4800,46.4800,353281
2018-02-15,46.7500,47.2300,46.5900,46.8600,46.8600,311504
2018-02-16,47.2800,48.0800,47.1100,47.8400,47.8400,419354
2018-02-19,48.0500,48.1100,47.2400,47.4200,47.4200,187898
2018-02-20,47.5000,47.8200,47.3300,47.5200,47.5200,242921
2018-02-21,47.8100,47.9200,47.1200,47.8800,47.8800,259333
2018-02-22,47.6900,48.1400,47.4000,47.8800,47.8800,255916
2018-02-23,48.0900,48.1500,47.5200,47.8200,47.8200,219673
2018-02-26,47.9300,47.9900,47.0500,47.2100,47.2100,352238
2018-02-27,47.5500,47.6400,46.6400,46.7800,46.7800,389784
2018-02-28,46.7500,47.5500,46.7000,46.9000,46.9000,384895
2018-03-01,44.9000,45.4400,43.5000,44.0500,44.0500,1284694
2018-03-02,43.6600,43.7000,41.6700,42.5800,42.5800,750293
2018-03-05,42.2000,43.9500,42.0100,43.7100,43.7100,598910
2018-03-06,44.5000,44.9200,44.0100,44.4500,44.4500,448772
2018-03-07,44.4700,45.9000,44.3700,45.9000,45.9000,657803
2018-03-08,45.9100,46.7500,45.8600,46.5300,46.5300,454718
2018-03-09,46.5000,47.3000,46.2100,46.8900,46.8900,308397
2018-03-12,47.7900,47.7900,46.9100,47.3300,47.3300,321657
2018-03-13,47.3100,47.5000,46.4000,46.5000,46.5000,249014
2018-03-14,46.4800,46.8600,46.3700,46.4400,46.4400,246044
2018-03-15,46.8400,47.4300,46.4800,47.2400,47.2400,310951
2018-03-16,47.4500,47.7000,46.7000,47.0100,47.0100,451476
2018-03-19,46.9900,47.7000,46.6700,47.1600,47.1600,402922
2018-03-20,47.1600,47.9600,46.9700,47.6800,47.6800,410980
2018-03-21,47.6900,48.0700,46.5500,46.9500,46.9500,468221
2018-03-22,46.4300,46.4300,44.6800,44.8600,44.8600,713161
2018-03-23,44.5500,45.0500,43.9200,44.8000,44.8000,413471
2018-03-26,44.9600,45.3200,43.7500,44.0000,44.0000,369918
2018-03-27,44.7400,45.0500,44.5200,44.6500,44.6500,500695
2018-03-28,44.2200,44.2600,43.3100,43.5800,43.5800,483005
2018-03-29,43.5200,44.5000,43.3500,44.2800,44.2800,448645
2018-04-03,43.9900,44.2800,43.3100,43.9900,43.9900,438237
2018-04-04,44.1100,44.3800,42.6900,43.1600,43.1600,498263
2018-04-05,43.8900,44.6900,43.8900,44.5200,44.5200,338829
2018-04-06,44.3000,44.6100,43.6800,44.3200,44.3200,256575
2018-04-09,44.4500,45.2400,44.3600,44.4700,44.4700,235427
2018-04-10,44.7800,44.7800,44.1200,44.2800,44.2800,283017
2018-04-11,43.7100,44.5600,43.4000,44.1900,44.1900,482928
2018-04-12,44.2900,44.8300,44.1700,44.6600,44.6600,238916
2018-04-13,44.8500,44.9000,44.0300,44.0300,44.0300,221699
2018-04-16,44.0600,44.3800,43.0600,43.2100,43.2100,329876
2018-04-17,43.5000,44.4800,43.3800,44.2000,44.2000,338282
2018-04-18,44.3400,44.4500,43.3500,43.5500,43.5500,266652
2018-04-19,43.6000,44.1200,42.7800,42.9200,42.9200,346541
2018-04-20,42.9400,43.5100,42.8900,43.4400,43.4400,225891
2018-04-23,43.5100,43.9700,43.4300,43.6700,43.6700,255040
2018-04-24,43.8000,44.0000,43.4000,43.6000,43.6000,310665
2018-04-25,43.5300,43.8300,42.4400,42.4900,42.4900,466306
2018-04-26,42.5300,42.7300,41.7800,42.5800,42.5800,554882
2018-04-27,42.7100,43.0700,42.6100,42.7500,42.7500,253097
2018-04-30,42.9000,43.1500,42.5800,42.7500,42.7500,301219
2018-05-02,43.0700,43.4600,42.7900,43.3500,43.3500,661545
2018-05-03,43.4200,43.6700,43.0200,43.3500,43.3500,412008
2018-05-04,43.3800,44.1100,43.3800,44.0900,44.0900,583352
2018-05-07,44.3900,44.5000,43.1000,43.6500,43.6500,449332
2018-05-08,43.4000,45.5600,43.4000,45.0700,45.0700,1072019
2018-05-09,45.3400,45.3800,43.5600,43.8100,43.8100,501041
2018-05-10,43.7600,43.9000,43.2200,43.4200,43.4200,326046
2018-05-11,43.3500,43.7900,43.2300,43.5800,43.5800,373286
2018-05-14,43.7200,44.1900,43.4100,44.1200,44.1200,339302
2018-05-15,43.7100,44.1500,43.2100,43.2400,43.2400,473277
2018-05-16,43.2400,44.0800,43.2400,43.8100,43.8100,348651
2018-05-17,43.9600,45.2800,43.8700,45.2500,45.2500,596874
2018-05-18,45.1700,45.7500,44.8700,45.4700,45.4700,442837
2018-05-21,45.4700,45.4700,45.4700,45.4700,45.4700,0
2018-05-22,45.8000,46.3900,45.5000,45.9800,45.9800,454898
2018-05-23,45.8100,45.9500,45.2900,45.4800,45.4800,402692
2018-05-24,45.1200,45.4200,44.7800,44.9200,44.9200,543403
2018-05-25,44.9600,45.5000,44.6900,45.0000,45.0000,435958
2018-05-28,45.3000,45.5900,44.9400,45.0700,45.0700,329500
2018-05-29,45.0000,45.0000,44.2600,44.6400,44.6400,351492
2018-05-30,44.6100,45.1300,44.4100,44.9400,44.9400,286906
2018-05-31,45.1800,46.1200,44.9400,45.5500,45.5500,577277
2018-06-01,45.4700,45.8000,45.0800,45.3900,45.3900,394556
2018-06-04,45.3800,45.7300,44.2000,45.5200,45.5200,587518
2018-06-05,45.6000,46.7600,45.5000,45.9400,45.9400,430897
2018-06-06,46.1900,46.6200,45.8600,46.4300,46.4300,462631
2018-06-07,46.7000,46.7300,46.0200,46.1500,46.1500,375032
2018-06-08,45.9800,46.1100,45.4100,46.0300,46.0300,239422
2018-06-11,46.4300,46.8000,46.1000,46.2900,46.2900,244984
2018-06-12,46.6000,47.0300,46.3300,47.0300,47.0300,354491
2018-06-13,47.0000,47.4000,46.6500,47.2000,47.2000,460657
2018-06-14,46.9000,47.7000,46.6400,47.6200,47.6200,503491
2018-06-15,47.7500,47.8800,47.2000,47.4700,47.4700,1397885
2018-06-18,47.3100,47.4200,46.3400,46.6800,46.6800,299203
2018-06-19,45.9400,46.2400,45.3900,46.0400,46.0400,287583
2018-06-20,46.4400,46.7000,46.3300,46.4200,46.4200,277719
2018-06-21,46.5100,46.8500,46.2200,46.4100,46.4100,413717
2018-06-22,46.3300,47.2900,46.3300,47.2900,47.2900,351276
2018-06-25,47.1700,47.4300,46.7300,46.7800,46.7800,277310
2018-06-26,46.3800,47.1800,46.2800,47.1600,47.1600,418750
2018-06-27,47.2000,47.9700,46.8100,47.8000,47.8000,480333
2018-06-28,47.7400,47.9600,46.8400,47.2100,47.2100,515157
2018-06-29,47.5900,48.1800,47.4700,47.8700,47.8700,786779
2018-07-02,47.5400,47.9600,47.2000,47.7200,47.7200,368386
2018-07-03,48.1800,49.2000,47.8200,48.0900,48.0900,497159
2018-07-04,48.0100,48.1000,47.4800,47.4800,47.4800,188984
2018-07-05,47.5100,47.9600,47.3000,47.6200,47.6200,261494
2018-07-06,47.8000,47.9800,47.4600,47.8300,47.8300,375192
2018-07-09,47.9300,48.7700,47.9200,48.4900,48.4900,272090
2018-07-10,48.7300,50.3400,48.6700,49.8700,49.8700,560581
2018-07-11,49.6700,50.0200,49.1400,49.8300,49.8300,331907
2018-07-12,49.0000,49.1300,47.3300,48.7500,48.7500,969164
2018-07-13,49.0100,49.1000,46.8600,47.3700,47.3700,496837
2018-07-16,47.5000,47.8300,47.3600,47.5200,47.5200,210456
2018-07-17,47.5900,48.3700,47.5900,48.1300,48.1300,373476
2018-07-18,48.4700,48.6300,48.0600,48.1500,48.1500,274168
2018-07-19,47.5500,48.0000,47.3800,47.9400,47.9400,362636
2018-07-20,47.8700,48.6700,47.6500,47.7400,47.7400,468272
2018-07-23,47.7500,48.8200,47.7500,48.6100,48.6100,406825
2018-07-24,48.9300,49.3800,48.5600,48.6100,48.6100,263260
2018-07-25,48.7000,48.9400,48.4300,48.8500,48.8500,227496
2018-07-26,49.0500,49.4400,48.9600,49.2700,49.2700,307427
2018-07-27,49.2800,49.9700,49.2600,49.7400,49.7400,230063
2018-07-30,49.7400,49.7400,48.9900,49.3900,49.3900,286115
2018-07-31,49.3300,49.3300,48.6800,49.0600,49.0600,292977
2018-08-01,49.2100,49.3500,48.7400,49.0900,49.0900,302663
2018-08-02,48.9900,49.2100,48.5400,48.8200,48.8200,297714
2018-08-03,49.0300,49.1400,48.6200,48.8000,48.8000,248652
2018-08-06,48.8000,48.9000,47.6000,48.0100,48.0100,505987
2018-08-07,44.6000,45.9300,44.1700,45.3400,45.3400,2046083
2018-08-08,44.7500,44.8400,42.7200,43.1700,43.1700,1362615
2018-08-09,43.2000,45.2800,42.9200,45.1800,45.1800,1142180
2018-08-10,44.9500,45.3700,44.2000,45.0800,45.0800,545961
2018-08-13,45.0800,45.1100,44.4300,44.8800,44.8800,464058
2018-08-14,45.0500,45.3400,44.7000,44.8000,44.8000,358579
2018-08-15,45.0800,45.0800,43.5300,44.4200,44.4200,544194
2018-08-16,44.2400,44.9800,44.0300,44.9100,44.9100,321406
2018-08-17,44.9600,44.9600,44.0000,44.4200,44.4200,245605
2018-08-20,44.2600,44.7900,44.2400,44.5500,44.5500,330161
2018-08-21,44.4400,45.2200,44.3300,44.9300,44.9300,278761
2018-08-22,44.9700,45.4500,44.8000,45.4100,45.4100,360539
2018-08-23,45.4800,46.0000,45.4800,46.0000,46.0000,377689
2018-08-24,46.0000,46.0100,45.6400,45.9400,45.9400,226503
2018-08-27,45.8400,46.2400,45.8100,46.0200,46.0200,189214
2018-08-28,45.9500,46.3200,45.9500,45.9700,45.9700,284812
2018-08-29,46.0000,46.2200,45.6100,45.9500,45.9500,246499
2018-08-30,45.7600,46.0600,45.6300,45.6900,45.6900,201274
2018-08-31,45.6500,45.6500,44.9500,45.3200,45.3200,369767
2018-09-03,45.3200,45.3800,44.5000,44.6300,44.6300,263063
2018-09-04,44.5900,44.9600,43.7600,43.9400,43.9400,365914
2018-09-05,43.8200,43.9000,42.0300,42.4500,42.4500,722813
2018-09-06,42.1000,42.3800,40.6200,40.9200,40.9200,965893
2018-09-07,40.8000,41.2300,40.5400,40.7800,40.7800,649937
2018-09-10,40.8200,42.3900,40.8200,42.1900,42.1900,656474
2018-09-11,42.4000,42.5600,41.9000,42.2900,42.2900,295889
2018-09-12,42.3600,42.9700,42.3600,42.5000,42.5000,296149
2018-09-13,42.4900,42.5100,41.9800,42.0500,42.0500,241601
2018-09-14,42.1900,42.2500,41.8600,42.0000,42.0000,281113
2018-09-17,41.8400,42.0200,41.6300,41.9000,41.9000,193543
2018-09-18,35.0000,37.7800,33.4700,36.3700,36.3700,4039434
2018-09-19,36.6000,37.3000,35.0200,36.6800,36.6800,1298750
2018-09-20,36.9800,37.3000,35.1400,35.5600,35.5600,1069053
2018-09-21,35.7900,35.7900,35.0000,35.0000,35.0000,1139747
2018-09-24,34.7700,35.3100,34.5000,35.0000,35.0000,480474
2018-09-25,34.9000,35.3400,34.5500,34.7700,34.7700,629028
2018-09-26,34.9800,35.1700,34.0500,34.2300,34.2300,553522
2018-09-27,34.1800,34.4400,33.4700,33.8000,33.8000,726085
2018-09-28,33.8100,33.9500,33.1000,33.5100,33.5100,768061
2018-10-01,33.7200,35.0600,33.5500,34.5000,34.5000,685006
2018-10-02,34.3000,34.5300,33.5900,34.3900,34.3900,515386
2018-10-04,34.5400,34.8900,33.8600,34.0700,34.0700,478350
2018-10-05,34.1100,34.1200,33.4400,33.8200,33.8200,453639
2018-10-08,33.6900,33.7100,32.0200,32.7000,32.7000,626107
2018-10-09,32.8500,33.3300,32.1400,32.2900,32.2900,777056
2018-10-10,32.0700,32.5100,31.2500,31.5100,31.5100,770230
2018-10-11,30.7500,32.4700,30.1800,31.9700,31.9700,1179311
2018-10-12,33.1000,33.6200,32.6900,32.8200,32.8200,851033
2018-10-15,32.8200,33.0200,32.1800,32.5700,32.5700,436019
2018-10-16,32.7700,33.9500,32.6900,33.6800,33.6800,479261
2018-10-17,34.1500,34.5600,34.0300,34.1900,34.1900,423106
2018-10-18,34.3300,34.9800,34.1700,34.1700,34.1700,395623
2018-10-19,34.3900,34.4900,33.5500,34.3300,34.3300,421530
2018-10-22,34.5200,34.8900,33.5600,33.9400,33.9400,376070
2018-10-23,33.6300,33.7100,32.4800,32.7700,32.7700,536681
2018-10-24,32.8800,33.2900,32.3100,32.7400,32.7400,464444
2018-10-25,32.4300,34.2200,32.3300,33.8700,33.8700,427812
2018-10-26,33.5900,33.8200,32.0600,33.2900,33.2900,545354
2018-10-29,33.4200,33.8400,33.0000,33.4900,33.4900,334027
2018-10-30,33.7000,34.0000,32.7300,33.8000,33.8000,371762
2018-10-31,34.2300,34.5400,33.6000,34.2000,34.2000,481144
2018-11-01,34.3400,35.2200,34.1600,34.6600,34.6600,481240
2018-11-02,35.2100,36.1100,35.0900,35.3500,35.3500,515046
2018-11-05,35.3100,35.4100,34.3000,34.3900,34.3900,602426
2018-11-06,34.5000,34.5700,30.9600,31.4600,31.4600,1967780
2018-11-07,31.5600,31.7800,30.1000,31.2400,31.2400,1212652
2018-11-08,31.4500,32.4700,31.3000,32.2200,32.2200,779163
2018-11-09,31.8700,31.8700,30.7300,31.4000,31.4000,763583
2018-11-12,31.5100,31.6800,30.3000,30.3600,30.3600,600044
2018-11-13,30.4400,30.9600,30.1800,30.5600,30.5600,392225
2018-11-14,30.4300,31.4700,30.2300,30.9700,30.9700,587005
2018-11-15,31.0100,31.2700,29.9200,30.1000,30.1000,607972
2018-11-16,30.1800,30.3200,27.6200,28.8400,28.8400,1262288
2018-11-19,28.8100,28.8400,27.1200,27.2300,27.2300,947782
2018-11-20,26.5000,28.0500,26.3200,27.4800,27.4800,963986
2018-11-21,27.7000,28.0200,26.6000,27.9100,27.9100,709213
2018-11-22,28.0600,28.1500,27.4400,27.7500,27.7500,310443
2018-11-23,27.7400,28.8500,27.7100,28.2300,28.2300,404318
2018-11-26,28.7000,29.7100,28.3500,28.8000,28.8000,604205
2018-11-27,28.9000,29.0700,28.4900,28.7100,28.7100,434173
2018-11-28,29.0000,29.4400,28.5500,29.0700,29.0700,393516
2018-11-29,29.2300,29.5900,28.6800,28.6800,28.6800,460033
2018-11-30,28.7000,28.7000,27.0600,27.4000,27.4000,619384
2018-12-03,28.0000,28.4200,27.5000,27.7400,27.7400,422706
2018-12-04,27.6500,27.9800,26.9500,26.9500,26.9500,427882
2018-12-05,26.9100,27.3100,26.3500,26.3500,26.3500,532466
2018-12-06,26.0600,26.1200,25.3600,25.4500,25.4500,715097
2018-12-07,25.7100,26.6000,25.4500,25.5100,25.5100,564953
2018-12-10,25.3100,25.7300,25.1000,25.4400,25.4400,711610
2018-12-11,25.5500,26.4400,25.4700,26.1200,26.1200,639367
2018-12-12,26.1700,26.2100,24.8100,25.4500,25.4500,755009
2018-12-13,25.4800,25.8800,25.3100,25.4700,25.4700,471407
2018-12-14,25.2700,25.7300,25.2600,25.5300,25.5300,636056
2018-12-17,24.7500,24.7500,20.9900,22.5600,22.5600,3791941
2018-12-18,22.8300,24.0600,22.5000,23.8100,23.8100,1263551
2018-12-19,23.8000,24.8900,23.4300,24.3900,24.3900,984202
2018-12-20,23.9700,23.9700,22.4800,22.5000,22.5000,1046034
2018-12-21,22.2800,23.0400,22.0200,22.5300,22.5300,970211
2018-12-27,22.7500,23.4400,22.0900,22.9300,22.9300,631750
2018-12-28,23.0000,23.1300,22.4200,22.4400,22.4400,292419
2019-01-02,22.3500,23.0800,21.8200,22.9600,22.9600,619245
2019-01-03,23.8700,24.3600,23.2300,23.9700,23.9700,831445
2019-01-04,24.4200,24.9700,23.7600,24.7600,24.7600,757833
2019-01-07,25.0200,26.2000,24.6500,26.2000,26.2000,840176
2019-01-08,26.2500,26.9500,25.7800,26.5900,26.5900,918946
2019-01-09,26.9300,27.4000,26.7500,27.1800,27.1800,633300
2019-01-10,27.1400,27.5000,26.9200,27.5000,27.5000,498577
2019-01-11,27.6400,27.9400,26.2800,26.9300,26.9300,687987
2019-01-14,26.8300,26.9500,26.2100,26.5000,26.5000,445091
2019-01-15,27.1400,27.3500,26.1700,26.2600,26.2600,454186
2019-01-16,26.2200,26.5200,25.8700,26.1000,26.1000,404591
2019-01-17,26.0000,26.3900,25.8800,26.2900,26.2900,294985
2019-01-18,26.4300,26.6700,26.2000,26.6100,26.6100,517821
2019-01-21,26.5900,27.1900,26.4600,27.0900,27.0900,327312
2019-01-22,27.1400,28.1800,27.0800,27.9800,27.9800,596545
2019-01-23,27.9100,28.6200,27.7300,28.4900,28.4900,720805
2019-01-24,28.4300,29.0800,28.3400,29.0300,29.0300,605860
2019-01-25,29.2000,30.0000,28.9800,29.9300,29.9300,573104
2019-01-28,30.0000,30.5900,28.4200,28.7200,28.7200,742162
2019-01-29,27.5900,27.6200,26.0100,26.3900,26.3900,1295150
2019-01-30,25.8000,26.5900,25.1800,26.0900,26.0900,661456
2019-01-31,26.1700,26.7400,25.5900,26.6500,26.6500,775923
2019-02-01,26.7500,27.3400,26.6100,27.2800,27.2800,542161
2019-02-04,27.2100,27.2900,26.6900,27.0900,27.0900,501769
2019-02-05,27.1000,27.8400,26.9100,27.7600,27.7600,468840
2019-02-06,27.6900,27.7400,26.9600,27.1500,27.1500,567489
2019-02-07,27.1200,27.1500,25.6100,25.6100,25.6100,668707
2019-02-08,25.4700,26.1400,25.0200,25.1900,25.1900,455970
2019-02-11,25.4600,26.2100,25.2800,26.0900,26.0900,420074
2019-02-12,26.2600,27.5200,26.2600,26.9400,26.9400,487351
2019-02-13,26.5700,26.7900,25.5300,25.6800,25.6800,610047
2019-02-14,25.9400,26.3400,25.2900,25.7300,25.7300,427362
2019-02-15,24.1000,26.3800,23.5800,26.1400,26.1400,1096528
2019-02-18,26.0200,27.2600,25.7800,26.9800,26.9800,510094
2019-02-19,26.8200,27.1400,26.0000,26.6700,26.6700,432538
2019-02-20,26.6600,27.0700,26.6500,26.8900,26.8900,413612
2019-02-21,27.0000,27.2200,26.4500,26.5000,26.5000,333689
2019-02-22,26.0700,26.5000,25.8000,26.1800,26.1800,558752
2019-02-25,26.3000,27.6900,26.2100,27.2600,27.2600,518848
2019-02-26,26.2900,27.0500,25.8900,26.9500,26.9500,629971
2019-02-27,26.5500,26.9600,26.0200,26.1800,26.1800,702649
2019-02-28,30.1000,32.6000,29.9400,32.4000,32.4000,4190026
2019-03-01,32.3600,32.8600,31.6400,32.7500,32.7500,1482383
2019-03-04,32.7500,32.7600,31.7000,32.1100,32.1100,920188
2019-03-05,31.8100,32.7500,31.6600,32.7300,32.7300,736635
2019-03-06,32.5000,34.3500,32.5000,34.1300,34.1300,1215745
2019-03-07,33.6900,33.9700,33.4500,33.8200,33.8200,789406
2019-03-08,33.3000,33.3000,32.3300,32.8100,32.8100,688609
2019-03-11,32.9000,33.4500,32.9000,33.3000,33.3000,604401
2019-03-12,32.5400,33.7200,32.5400,33.2800,33.2800,651642
2019-03-13,33.3800,34.0200,32.8500,33.8500,33.8500,566094
2019-03-14,33.7900,35.0000,33.6400,34.7800,34.7800,888086
2019-03-15,34.8300,35.3800,34.6400,35.0000,35.0000,822118
2019-03-18,34.6600,35.3500,34.5000,35.2700,35.2700,503299
2019-03-19,34.9000,35.3000,33.7800,35.2400,35.2400,793710
2019-03-20,35.0000,35.2000,34.6000,34.7000,34.7000,459426
2019-03-21,34.5000,35.1000,34.4200,35.1000,35.1000,409231
2019-03-22,35.1400,35.7500,34.1400,34.2100,34.2100,662517
2019-03-25,33.9100,34.5100,33.6200,34.1900,34.1900,407825
2019-03-26,34.2700,35.1900,34.2500,35.0400,35.0400,390374
2019-03-27,35.2000,35.5100,34.7500,34.8700,34.8700,365154
2019-03-28,34.7600,35.1900,34.5800,34.8000,34.8000,446813
2019-03-29,35.0400,35.3800,34.6500,34.7500,34.7500,511222
2019-04-01,34.8900,35.8000,34.8600,35.0700,35.0700,651576
2019-04-02,35.2500,36.4100,35.1100,35.9800,35.9800,424765
2019-04-03,36.3000,37.1100,36.2500,37.0000,37.0000,675218
2019-04-04,36.9500,37.2600,36.1400,36.2100,36.2100,478034
2019-04-05,36.4000,36.5600,35.7900,36.1800,36.1800,273342
2019-04-08,36.1600,36.1600,35.4700,35.9100,35.9100,354270
2019-04-09,36.3000,36.5000,35.1900,35.3400,35.3400,521877
2019-04-10,35.3500,36.3500,35.1800,36.3100,36.3100,485807
2019-04-11,36.4900,37.1300,36.3700,36.8500,36.8500,469206
2019-04-12,36.8600,37.7200,36.6600,37.7200,37.7200,599219
2019-04-15,37.7400,37.7500,37.3100,37.5800,37.5800,308087
2019-04-16,40.1000,42.0900,40.0000,41.5600,41.5600,1864670
2019-04-17,40.8300,41.7700,40.8000,41.6200,41.6200,838435
2019-04-18,41.5000,41.8600,41.3600,41.6400,41.6400,500398
2019-04-23,41.5000,41.5800,41.0900,41.4200,41.4200,566847
2019-04-24,41.4100,42.9800,41.4100,42.1000,42.1000,747746
2019-04-25,42.2500,42.3700,41.4400,42.0700,42.0700,396380
2019-04-26,41.6800,42.3400,41.4900,42.3400,42.3400,734112
2019-04-29,42.2000,42.9000,41.6500,42.6100,42.6100,698917
2019-04-30,42.7200,43.2000,41.5300,41.9400,41.9400,732442
2019-05-02,41.5200,41.8500,40.2800,40.5500,40.5500,884501
2019-05-03,40.5700,41.5500,40.1200,41.2700,41.2700,1046387
2019-05-06,40.2100,41.2000,39.9100,41.2000,41.2000,463270
2019-05-07,41.2000,41.4200,39.6100,40.0500,40.0500,717340
2019-05-08,39.8400,40.5000,39.7500,40.5000,40.5000,558082
2019-05-09,40.3100,40.3100,38.8800,39.1200,39.1200,496093
2019-05-10,39.2100,39.9700,38.6200,38.8700,38.8700,518795
2019-05-13,38.8700,38.9200,37.4000,37.7500,37.7500,728514
2019-05-14,37.5100,39.0300,37.4800,38.7900,38.7900,574143
2019-05-15,38.9300,39.0100,37.9800,38.6800,38.6800,348607
2019-05-16,38.6600,39.7800,38.5700,39.6600,39.6600,416203
2019-05-17,38.0000,38.1800,37.1400,37.6500,37.6500,800294
2019-05-20,37.6000,38.1800,37.2400,37.3100,37.3100,696103
2019-05-21,37.4800,37.6800,36.9200,37.2800,37.2800,529929
2019-05-22,36.9500,37.9100,36.9500,37.5700,37.5700,360968
2019-05-23,37.0000,37.1700,36.1400,36.2400,36.2400,500553
2019-05-24,36.4200,36.8600,36.4200,36.8600,36.8600,421083
2019-05-27,36.9000,37.2900,36.7700,37.2900,37.2900,157685
2019-05-28,37.2900,37.5400,37.0600,37.2400,37.2400,1238469
2019-05-29,36.6100,36.8700,35.2300,35.2300,35.2300,517959
2019-05-30,35.4000,35.6400,35.1900,35.5800,35.5800,352403
2019-05-31,35.1300,35.5400,34.8100,35.5400,35.5400,418638
2019-06-03,35.2700,35.6100,34.9800,35.5800,35.5800,373231
2019-06-04,35.5000,35.5800,34.8800,35.2800,35.2800,412419
2019-06-05,35.3200,36.6900,35.3200,36.0700,36.0700,373790
2019-06-06,36.2000,36.3700,35.3900,35.4700,35.4700,343774
2019-06-07,35.7500,36.3200,35.4000,36.1600,36.1600,429533
2019-06-11,36.9500,37.6900,36.7200,37.6100,37.6100,684724
2019-06-12,37.1400,37.7400,37.0900,37.4000,37.4000,377312
2019-06-13,37.2700,37.5000,36.7100,37.0000,37.0000,316482
2019-06-14,36.9000,37.8300,36.7900,37.7900,37.7900,480199
2019-06-17,37.7600,38.3300,37.5100,38.2900,38.2900,550615
2019-06-18,38.3600,39.3000,37.7600,39.2500,39.2500,446583
2019-06-19,39.2400,39.6600,38.7200,39.3400,39.3400,403414
2019-06-20,39.7100,40.4700,39.2000,39.3000,39.3000,459597
2019-06-21,39.0000,39.2500,38.3900,38.5500,38.5500,887637
2019-06-24,38.4900,38.7900,38.0800,38.1400,38.1400,399949
2019-06-25,38.0300,38.5300,37.9800,38.0300,38.0300,401717
2019-06-26,37.7600,38.0600,37.4400,37.6000,37.6000,399471
2019-06-27,37.6500,39.1700,37.6500,38.9200,38.9200,473430
2019-06-28,39.1700,39.5000,38.9100,39.0200,39.0200,404645
2019-07-01,39.6800,40.0800,38.8200,38.8200,38.8200,669586
2019-07-02,39.1300,39.1800,37.7400,38.0000,38.0000,489155
2019-07-03,37.9800,38.3300,37.8600,38.1000,38.1000,552214
2019-07-04,37.9700,38.3400,37.7000,38.1500,38.1500,438813
2019-07-05,38.1500,40.8000,38.0800,40.5100,40.5100,827986
2019-07-08,40.9900,41.9200,40.8200,41.2000,41.2000,639526
2019-07-09,41.1000,41.6800,40.5500,41.2000,41.2000,789331
2019-07-10,41.1600,41.3700,40.9000,41.1300,41.1300,295709
2019-07-11,41.4900,42.1800,41.1000,41.8300,41.8300,479035
2019-07-12,41.7000,42.2300,41.5400,41.8500,41.8500,319654
2019-07-15,42.0100,42.5100,41.8000,41.9400,41.9400,258592
2019-07-16,42.0500,42.2000,41.6600,42.1400,42.1400,329890
2019-07-17,41.9900,42.3000,41.3400,41.3900,41.3900,322422
2019-07-18,40.0000,41.0200,39.7800,40.5200,40.5200,726335
2019-07-19,40.5100,41.2100,40.4200,40.8700,40.8700,408823
2019-07-22,40.9700,41.3100,40.7200,40.7700,40.7700,314375
2019-07-23,40.9900,41.5900,40.8400,41.4400,41.4400,269556
2019-07-24,41.4100,42.5300,41.4100,42.2900,42.2900,348408
2019-07-25,42.4900,42.6600,41.8800,42.5000,42.5000,360922
2019-07-26,42.2900,42.4600,41.9700,42.0000,42.0000,231351
2019-07-29,41.8800,42.2700,41.5000,41.5000,41.5000,341033
2019-07-30,41.7300,41.9200,40.9000,41.0400,41.0400,260315
2019-07-31,41.2900,41.6800,41.1300,41.6800,41.6800,443647
2019-08-01,42.9900,48.3100,42.8200,47.2300,47.2300,1625931
2019-08-02,45.5100,45.7600,43.3000,43.4500,43.4500,1000304
2019-08-05,42.9700,43.3600,42.3300,42.8500,42.8500,439549
2019-08-06,42.7700,43.8600,42.7300,42.8900,42.8900,494710
2019-08-07,43.4300,43.6000,42.5800,43.0700,43.0700,430060
2019-08-08,43.9000,44.1600,42.0000,43.1100,43.1100,802954
2019-08-09,42.9900,43.5800,41.9900,42.2800,42.2800,471487
2019-08-12,42.9000,43.2900,41.6300,42.0900,42.0900,473155
2019-08-13,41.7600,43.2100,41.5300,42.7500,42.7500,443995
2019-08-14,42.7500,42.7500,40.8900,40.9600,40.9600,355120
2019-08-15,41.2500,41.3500,38.4500,39.0000,39.0000,913837
2019-08-16,39.5900,40.0100,38.9900,40.0000,40.0000,583718
2019-08-19,40.2300,41.1200,40.2300,41.1200,41.1200,409569
2019-08-20,41.1900,41.8600,40.9100,41.1000,41.1000,271779
2019-08-21,41.0900,42.9600,41.0900,42.9400,42.9400,371138
2019-08-22,42.6000,43.5100,42.2100,42.8100,42.8100,478316
2019-08-23,43.0700,44.0200,43.0000,43.0400,43.0400,313119
2019-08-26,42.7300,43.5700,42.5800,43.1000,43.1000,252086
2019-08-27,43.2400,43.9300,42.8600,43.9300,43.9300,414175
2019-08-28,43.8000,43.8900,43.1900,43.6400,43.6400,355416
2019-08-29,43.5400,44.5100,43.5200,44.1900,44.1900,341767
2019-08-30,44.0100,45.3700,43.7400,45.0000,45.0000,449523
2019-09-02,45.0000,45.2800,44.8600,44.9800,44.9800,163156
2019-09-03,44.9000,44.9000,44.4000,44.5000,44.5000,302105
2019-09-04,45.1300,45.3700,44.7300,44.9400,44.9400,382229
2019-09-05,45.5000,46.4400,45.2200,46.4400,46.4400,474825
2019-09-06,46.3000,47.2300,46.3000,46.9300,46.9300,341209
2019-09-09,47.0500,47.3500,46.5200,46.8600,46.8600,412812
2019-09-10,46.6700,46.8100,45.7100,46.0000,46.0000,566561
2019-09-11,46.3000,46.4200,45.4200,45.5000,45.5000,420160
2019-09-12,45.5700,45.8400,44.5600,45.5000,45.5000,489195
2019-09-13,45.6300,45.8700,45.2700,45.7000,45.7000,347687
2019-09-16,45.4100,45.6000,45.1300,45.4700,45.4700,195859
2019-09-17,41.1200,41.9300,40.1100,41.0000,41.0000,2476832
2019-09-18,41.2500,41.2500,40.5200,40.7700,40.7700,792001
2019-09-19,40.7500,41.1400,40.4800,40.4800,40.4800,1354288
2019-09-20,40.8300,40.8300,38.9800,39.7500,39.7500,1782294
2019-09-23,39.6500,39.7100,38.6200,39.6000,39.6000,628805
2019-09-24,39.7100,40.8700,39.7100,40.6500,40.6500,663203
2019-09-25,40.2800,40.8900,39.9000,40.8500,40.8500,492781
2019-09-26,41.0600,41.3000,40.6700,40.9000,40.9000,389475
2019-09-27,41.0500,41.2200,40.7700,41.2200,41.2200,300634
2019-09-30,41.2500,41.8800,40.8100,41.8800,41.8800,721835
2019-10-01,41.8700,42.0400,41.4100,41.8300,41.8300,450895
2019-10-02,41.9000,42.0200,40.5400,40.6200,40.6200,533417
2019-10-04,41.8200,42.1900,40.7400,41.3000,41.3000,636048
2019-10-07,41.3700,41.7700,41.1900,41.4800,41.4800,362326
2019-10-08,41.5900,41.6700,40.7500,41.0800,41.0800,292595
2019-10-09,41.1600,41.3500,40.8000,41.3400,41.3400,522844
2019-10-10,41.3300,41.3800,40.3300,40.9800,40.9800,879156
2019-10-11,41.3900,41.7500,41.0800,41.6400,41.6400,530057
2019-10-14,41.5600,41.7400,41.1300,41.5200,41.5200,305342
2019-10-15,41.8400,42.4700,41.8000,42.1700,42.1700,373136
2019-10-16,42.3000,42.5700,41.7900,42.3000,42.3000,583773
2019-10-17,42.5100,43.1900,41.9400,42.5800,42.5800,658275
2019-10-18,42.5000,42.5000,41.3500,41.5300,41.5300,342620
2019-10-21,41.4200,41.9000,41.0600,41.6900,41.6900,464733
2019-10-22,41.6600,42.8700,41.4900,42.2200,42.2200,481311
2019-10-23,42.0000,42.1000,41.0000,41.2300,41.2300,430857
2019-10-24,41.1800,41.9600,41.0400,41.7800,41.7800,307498
2019-10-25,41.7000,41.9400,41.2900,41.6800,41.6800,250332
2019-10-28,41.7000,42.3400,41.4100,42.2800,42.2800,290071
2019-10-29,42.3200,42.3600,41.0500,41.2600,41.2600,395317
2019-10-30,41.1800,41.9100,40.7600,41.7200,41.7200,622525
2019-10-31,41.8400,42.0000,37.9000,38.8500,38.8500,2179475
2019-11-01,39.1700,40.4400,38.7100,39.3500,39.3500,812157
2019-11-04,40.3300,40.6400,39.7600,39.9000,39.9000,548308
2019-11-05,39.9100,40.1500,38.9000,39.0500,39.0500,771279
2019-11-06,38.8500,38.9800,37.9900,38.5100,38.5100,814531
2019-11-07,38.7500,38.7700,38.0600,38.2200,38.2200,451161
2019-11-08,37.9000,38.1200,37.1800,37.3900,37.3900,713581
2019-11-11,37.3800,37.4800,36.9800,37.2100,37.2100,429397
2019-11-12,37.1900,37.2700,36.5000,36.9400,36.9400,646996
2019-11-13,36.9400,37.3600,36.8800,37.3000,37.3000,462940
2019-11-14,37.8600,38.1500,37.2800,38.1200,38.1200,618804
2019-11-15,38.2700,38.8600,38.0400,38.8500,38.8500,405029
2019-11-18,38.8800,38.8800,38.0700,38.5300,38.5300,506533
2019-11-19,38.6500,38.7900,38.2600,38.5500,38.5500,357609
2019-11-20,38.4400,38.5200,37.9600,38.3800,38.3800,283980
2019-11-21,38.1000,38.3800,37.5400,38.3400,38.3400,317441
2019-11-22,38.2400,38.6300,38.0500,38.3000,38.3000,214753
2019-11-25,38.7000,38.8300,38.2400,38.6600,38.6600,369011
2019-11-26,38.6800,39.4800,38.6100,39.3100,39.3100,626512
2019-11-27,39.4200,40.1000,39.0700,39.5500,39.5500,355709
2019-11-28,39.5100,39.9600,39.2600,39.5000,39.5000,178664
2019-11-29,39.4500,39.6500,39.0400,39.1000,39.1000,265132
2019-12-02,39.0500,40.1300,39.0500,39.2400,39.2400,486850
2019-12-03,39.4200,40.3800,39.1600,40.3800,40.3800,775267
2019-12-04,40.4100,42.0500,40.2800,42.0500,42.0500,964293
2019-12-05,42.2100,42.8800,41.7500,41.9300,41.9300,571485
2019-12-06,41.9900,42.0500,41.2600,41.4700,41.4700,337641
2019-12-09,41.4300,41.6800,41.1200,41.1200,41.1200,358312
2019-12-10,41.0700,41.2000,40.6900,40.9500,40.9500,422946
2019-12-11,40.8100,41.5000,40.7900,41.4100,41.4100,349336
2019-12-12,41.6000,41.9000,41.1900,41.7300,41.7300,400363
2019-12-13,42.2300,43.0300,42.1200,42.6900,42.6900,460861
2019-12-16,42.7400,43.8800,42.7300,43.7900,43.7900,311904
2019-12-17,43.8700,43.9000,43.2900,43.7200,43.7200,336739
2019-12-18,43.6800,44.1900,43.5100,44.0200,44.0200,339455
2019-12-19,44.1800,44.7000,44.1400,44.5800,44.5800,559330
2019-12-20,44.6600,44.9000,44.0000,44.7900,44.7900,897950
2019-12-23,44.6000,45.2000,44.4300,45.0600,45.0600,269794
2019-12-27,45.2000,45.4700,44.9100,45.4700,45.4700,257044
2019-12-30,45.3800,45.5000,44.9200,45.1800,45.1800,170398
2020-01-02,44.9900,45.7800,44.9700,45.7800,45.7800,228732
2020-01-03,45.4000,45.5500,44.9800,45.2700,45.2700,211422
2020-01-06,44.8400,45.0200,43.8500,44.9100,44.9100,348807
2020-01-07,45.1500,45.7800,45.1500,45.5300,45.5300,322146
2020-01-08,45.3900,46.3300,45.1600,46.1900,46.1900,268601
2020-01-09,46.5000,46.8500,46.2600,46.6500,46.6500,349040
2020-01-10,46.7800,46.8400,45.4400,45.5000,45.5000,235225
2020-01-13,45.5600,45.8200,44.8900,44.9400,44.9400,341312
2020-01-14,45.2600,45.7400,44.9400,45.6400,45.6400,294636
2020-01-15,45.5100,46.4400,45.3600,46.4400,46.4400,271779
2020-01-16,46.2900,46.9600,46.2700,46.5900,46.5900,148708
2020-01-17,46.6000,47.1500,46.4200,47.1100,47.1100,370684
2020-01-20,47.1100,47.1100,46.2600,46.2600,46.2600,206493
2020-01-21,46.1300,47.0000,45.6400,46.9300,46.9300,234124
2020-01-22,47.0000,47.4000,46.6100,46.9500,46.9500,271574
2020-01-23,46.8400,47.2500,44.9100,45.5100,45.5100,420188
2020-01-24,45.7800,46.9400,45.7800,46.0200,46.0200,374921
2020-01-27,45.8100,45.8200,44.3300,44.3800,44.3800,350195
2020-01-28,44.4300,44.8300,43.8500,44.3300,44.3300,252791
2020-01-29,44.2700,44.4900,43.8100,44.1000,44.1000,265451
2020-01-30,43.5600,44.0500,43.2200,43.6600,43.6600,297648
2020-01-31,43.9200,44.4500,43.3800,43.4300,43.4300,445820
2020-02-03,43.3000,44.1500,43.3000,44.0000,44.0000,302932
2020-02-04,44.3300,44.7200,43.8900,44.7000,44.7000,230001
2020-02-05,44.7300,45.5200,44.6000,44.8200,44.8200,353230
2020-02-06,45.0200,45.2100,43.9600,45.1300,45.1300,275067
2020-02-07,44.9200,45.0700,44.3000,44.8000,44.8000,333030
2020-02-10,44.4900,45.7100,44.4300,45.5600,45.5600,255389
2020-02-11,45.7100,47.0600,45.7100,47.0600,47.0600,309744
2020-02-12,47.3200,47.7100,46.9500,47.7100,47.7100,261634
2020-02-13,47.6300,47.9200,46.7600,47.8800,47.8800,330128
2020-02-14,47.9600,48.1100,47.3400,47.4700,47.4700,229083
2020-02-17,47.6300,48.5800,47.5300,48.4100,48.4100,275611
2020-02-18,47.9500,48.1900,47.4500,47.6300,47.6300,314038
2020-02-19,47.9800,49.0000,47.7900,48.9000,48.9000,265950
2020-02-20,48.8400,49.0900,47.4800,47.5100,47.5100,373867
2020-02-21,47.3600,47.7500,46.6600,47.3200,47.3200,415762
2020-02-24,45.5300,45.8700,44.0200,45.1400,45.1400,462050
2020-02-25,45.5800,45.9400,43.7600,44.1400,44.1400,717118
2020-02-26,43.6000,44.8700,41.9500,44.8700,44.8700,986725
2020-02-27,42.4000,42.9100,40.3800,40.9300,40.9300,1714248
2020-02-28,39.1000,40.7200,39.0100,39.5300,39.5300,1299957
2020-03-02,40.5000,40.8900,38.6400,39.5400,39.5400,847092
2020-03-03,40.0000,41.2300,39.1400,39.2100,39.2100,663419
2020-03-04,39.4000,39.7800,38.6000,39.5300,39.5300,460223
2020-03-05,39.8200,40.2400,38.5500,38.6000,38.6000,600757
2020-03-06,37.8800,37.9400,36.5500,37.7000,37.7000,794417
2020-03-09,34.6800,37.3600,34.1500,36.8700,36.8700,1006940
2020-03-10,37.2300,38.6500,36.5400,36.8600,36.8600,905634
2020-03-11,37.0500,37.5200,35.0500,35.0500,35.0500,948156
2020-03-12,32.9000,33.5000,31.5600,31.8500,31.8500,1283356
2020-03-13,32.4800,35.3400,31.6500,32.0900,32.0900,1102308
2020-03-16,31.8900,32.1600,28.7300,31.5700,31.5700,979121
2020-03-17,32.7600,33.2600,30.1300,32.6500,32.6500,766495
2020-03-18,31.8800,32.8400,30.1800,30.2200,30.2200,1081619
2020-03-19,29.9300,30.7300,27.3300,30.3600,30.3600,1035324
2020-03-20,31.3800,31.9800,30.5200,31.1000,31.1000,1186559
2020-03-23,29.8200,30.4600,27.8000,29.5000,29.5000,934172
2020-03-24,31.2700,33.1700,30.8900,33.1700,33.1700,883595
2020-03-25,34.6000,35.6700,33.0000,35.6700,35.6700,752581
2020-03-26,35.0000,36.9800,34.6000,36.2400,36.2400,624244
2020-03-27,35.8900,36.0200,33.0700,33.8200,33.8200,486907
2020-03-30,33.9400,34.0900,32.6900,33.0200,33.0200,408506
2020-03-31,33.0000,35.0800,32.0000,34.9900,34.9900,846264
2020-04-01,34.6500,34.7400,33.3100,34.1600,34.1600,406766
2020-04-02,34.4900,35.0700,33.5300,34.3100,34.3100,450304
2020-04-03,34.0500,34.5000,33.7600,34.0700,34.0700,231380
2020-04-06,35.0600,37.7000,34.9000,37.6600,37.6600,484852
2020-04-07,38.5500,39.7500,37.7000,38.2300,38.2300,662603
2020-04-08,37.9000,38.9200,37.6900,38.4800,38.4800,333242
2020-04-09,39.1500,39.9900,38.8500,39.9100,39.9100,394778
2020-04-14,40.6900,42.0500,40.4900,41.6200,41.6200,381095
2020-04-15,41.9400,43.0900,40.0800,40.3000,40.3000,771295
2020-04-16,42.3000,43.6500,41.3200,42.8000,42.8000,1461798
2020-04-17,44.4700,44.7900,42.8800,43.7000,43.7000,591582
2020-04-20,44.0300,44.2300,42.0100,42.4000,42.4000,532282
2020-04-21,42.0000,42.7300,41.6500,42.0000,42.0000,465119
2020-04-22,42.2000,42.3800,41.7400,42.0000,42.0000,430472
2020-04-23,42.1100,42.1900,41.2700,41.8900,41.8900,339255
2020-04-24,41.4800,42.6600,41.1700,42.4100,42.4100,503818
2020-04-27,43.2200,43.5000,42.5900,43.0000,43.0000,399256
2020-04-28,43.0000,44.1600,42.9100,43.8000,43.8000,528918
2020-04-29,44.1300,45.2600,43.5500,44.8000,44.8000,821352
2020-04-30,45.0000,45.3200,44.1200,44.4900,44.4900,622855
2020-05-04,43.0000,45.2000,42.7900,44.9500,44.9500,642930
2020-05-05,45.3500,46.0100,44.9400,45.9200,45.9200,546093
2020-05-06,46.0000,48.0000,45.5700,48.0000,48.0000,604788
2020-05-07,50.8800,54.1600,50.8600,53.5000,53.5000,1629189
2020-05-08,51.0600,53.4400,50.8000,53.4000,53.4000,1124183
2020-05-11,53.4000,55.7400,52.8600,54.4600,54.4600,936591
2020-05-12,54.0600,54.9000,53.6000,54.1000,54.1000,463579
2020-05-13,53.7600,54.7000,53.2600,54.0200,54.0200,702302
2020-05-14,53.4800,53.8800,52.3800,52.7600,52.7600,530472
2020-05-15,52.9000,53.5200,51.9800,52.4200,52.4200,429175
2020-05-18,53.0000,53.9200,52.5000,53.1000,53.1000,534875
2020-05-19,53.5000,53.7400,52.9800,53.6200,53.6200,422441
2020-05-20,53.7800,54.7000,53.3200,54.4200,54.4200,444810
2020-05-21,53.9000,55.1400,53.3400,54.9200,54.9200,309944
2020-05-22,54.3800,57.1200,54.3000,56.9400,56.9400,528653
2020-05-25,57.4800,58.9600,57.0800,58.8400,58.8400,441374
2020-05-26,59.4200,59.8200,58.4400,59.4600,59.4600,538291
2020-05-27,59.2000,59.2000,57.2800,58.6000,58.6000,591232
2020-05-28,59.0600,60.8800,57.9600,60.4800,60.4800,713114
2020-05-29,60.0000,61.9800,59.4200,60.8400,60.8400,1502866
2020-06-02,61.4000,61.4000,60.3800,61.1000,61.1000,648990
2020-06-03,61.7000,62.6600,61.5000,62.3600,62.3600,412281
2020-06-04,62.0600,62.8600,61.5600,62.5000,62.5000,449759
2020-06-05,62.8400,64.7400,62.6600,64.1400,64.1400,810181
2020-06-08,63.7600,63.7600,62.3600,62.9000,62.9000,695462
2020-06-09,63.0800,64.8400,62.5400,64.8400,64.8400,558513
2020-06-10,64.7800,66.0200,64.0000,64.0800,64.0800,623986
2020-06-11,62.7600,63.6400,61.9000,63.0200,63.0200,575702
2020-06-12,62.0800,63.0000,61.2200,61.8000,61.8000,536805
2020-06-15,60.0000,61.3000,58.9400,61.3000,61.3000,500540
2020-06-16,59.0000,59.5000,57.8400,58.7400,58.7400,2115865
2020-06-17,59.1000,60.4400,58.4400,60.2000,60.2000,918850
2020-06-18,63.4000,64.8400,62.4200,64.5000,64.5000,1131088
2020-06-19,65.1200,65.2000,63.7800,64.3800,64.3800,1184871
2020-06-22,63.7600,64.6400,62.0400,62.0400,62.0400,487217
2020-06-23,62.9600,63.5200,62.7000,63.2600,63.2600,457227
2020-06-24,62.9800,64.1000,62.9200,62.9800,62.9800,321898
2020-06-25,63.0200,63.6800,62.0800,62.8800,62.8800,345241
2020-06-26,63.3600,64.4200,63.0800,63.2200,63.2200,257196
2020-06-29,63.0600,63.9800,61.8600,62.6600,62.6600,429738
2020-06-30,63.0000,64.2200,62.7600,62.7800,62.7800,371140
2020-07-01,63.3400,63.3600,62.1000,63.0800,63.0800,344073
2020-07-02,64.3000,66.1000,63.6800,65.9000,65.9000,693333
2020-07-03,66.2000,66.9000,64.5800,64.5800,64.5800,279942
2020-07-06,66.0600,66.7200,65.1600,66.6600,66.6600,307544
2020-07-07,66.3400,66.7000,65.0600,65.2800,65.2800,295465
2020-07-08,65.6800,66.7600,65.1400,66.2800,66.2800,394007
2020-07-09,66.9000,68.8200,65.7400,65.9000,65.9000,578383
2020-07-10,65.5600,65.9000,64.6200,65.1600,65.1600,369424
2020-07-13,67.8600,68.3800,65.2000,66.5800,66.5800,486130
2020-07-14,65.8600,66.3600,64.1200,66.0000,66.0000,411924
2020-07-15,67.0000,67.1800,64.5400,64.6800,64.6800,683957
2020-07-16,67.2600,68.7600,65.5000,66.0600,66.0600,1114228
2020-07-17,66.4000,66.7200,65.2200,65.3400,65.3400,380996
2020-07-20,65.2600,65.3200,63.2000,65.1200,65.1200,484518
2020-07-21,65.1000,66.3800,64.7600,65.0000,65.0000,356342
2020-07-22,64.5000,65.7200,64.3600,65.0600,65.0600,599188
2020-07-23,65.1200,65.9600,64.7400,65.9600,65.9600,347237
2020-07-24,64.9000,65.3800,62.6400,63.5200,63.5200,489260
2020-07-27,63.3600,64.6600,62.9200,64.1600,64.1600,218480
2020-07-28,63.8800,65.1200,63.6800,64.8000,64.8000,274198
2020-07-29,65.0000,65.5600,64.0000,64.0000,64.0000,384616
2020-07-30,62.7200,63.2600,60.2800,61.4400,61.4400,1016659
2020-07-31,61.7000,62.5600,61.1200,61.2400,61.2400,558462
2020-08-03,61.3200,64.1000,61.3200,64.0400,64.0400,418838
2020-08-04,64.0000,64.9200,62.4600,63.4200,63.4200,428326
2020-08-05,63.8600,64.9800,63.3400,64.8400,64.8400,492459
2020-08-06,64.9800,66.3000,64.5600,65.8600,65.8600,567039
2020-08-07,65.7000,66.9200,65.4600,66.7600,66.7600,426840
2020-08-10,67.0800,67.9000,65.6800,65.6800,65.6800,571513
2020-08-11,66.5000,69.3400,64.6400,66.9000,66.9000,909926
2020-08-12,67.0000,67.6800,66.6600,67.6200,67.6200,469916
2020-08-13,67.7400,69.2600,67.3600,67.3600,67.3600,617574
2020-08-14,67.6200,67.9200,65.9600,66.2400,66.2400,463063
2020-08-17,66.0200,67.5600,65.7800,67.5600,67.5600,528174
2020-08-18,67.3400,68.3200,67.0800,67.8400,67.8400,378059
2020-08-19,67.9600,68.7800,67.3200,68.6600,68.6600,303803
2020-08-20,67.9000,68.6000,67.8400,68.2200,68.2200,288546
2020-08-21,68.7000,69.6000,68.3600,69.6000,69.6000,532937
2020-08-24,70.0000,71.3000,69.8000,70.8600,70.8600,503584
2020-08-25,70.8600,73.2800,70.4200,72.9200,72.9200,587991
2020-08-26,72.4000,74.7800,72.2000,74.7800,74.7800,610006
2020-08-27,74.9000,74.9600,73.4400,73.8000,73.8000,430007
2020-08-28,73.5600,74.2000,72.5600,73.9400,73.9400,369226
2020-08-31,74.0800,74.3200,72.6000,73.1400,73.1400,460558
2020-09-01,74.9600,77.5000,74.7800,77.0000,77.0000,790198
2020-09-02,77.5000,78.0800,76.2200,77.0000,77.0000,496554
2020-09-03,77.2600,77.9400,74.4000,75.0800,75.0800,736259
2020-09-04,74.8000,76.3000,71.3000,71.7400,71.7400,662250
2020-09-07,72.2400,74.0200,71.9400,74.0000,74.0000,362062
2020-09-08,74.1800,74.3200,71.2400,73.4400,73.4400,494693
2020-09-09,73.3400,73.5000,72.3400,72.7200,72.7200,477716
2020-09-10,72.9000,72.9400,70.7200,72.5400,72.5400,432871
2020-09-11,72.3000,73.1000,71.8200,72.2800,72.2800,394466
2020-09-14,72.9400,74.0800,72.4800,73.4200,73.4200,336050
2020-09-15,73.7200,75.0600,73.6200,74.4800,74.4800,363472
2020-09-16,74.7600,76.4200,74.7600,75.5400,75.5400,419687
2020-09-17,74.5000,75.5000,73.5200,75.3600,75.3600,505143
2020-09-18,75.2400,77.4600,74.8800,77.4600,77.4600,984965
2020-09-21,77.0800,77.6600,74.2200,75.3400,75.3400,544022
2020-09-22,75.8600,77.5600,75.4400,76.0000,76.0000,393678
2020-09-23,76.7400,78.0600,76.3000,78.0600,78.0600,617573
2020-09-24,76.9800,77.2200,74.8400,75.1800,75.1800,563620
2020-09-25,75.4200,76.5200,74.4200,76.2400,76.2400,385997
2020-09-28,76.9800,77.9600,76.6400,77.4600,77.4600,322087
2020-09-29,77.9000,78.7800,77.0800,78.1200,78.1200,344575
2020-09-30,78.0000,80.0000,77.9000,79.9000,79.9000,646180
2020-10-01,80.2800,83.3000,79.4400,82.5800,82.5800,672460
2020-10-02,82.0000,82.0000,79.5800,80.2800,80.2800,477009
2020-10-05,81.1000,82.7600,81.1000,82.5000,82.5000,596175
2020-10-06,82.6800,82.8800,79.9000,79.9000,79.9000,490289
2020-10-07,80.0000,81.9200,79.7600,80.8800,80.8800,521456
2020-10-08,81.5000,83.3000,80.8200,83.0000,83.0000,517153
2020-10-09,87.1000,87.7400,84.4800,85.6400,85.6400,1033785
2020-10-12,86.1200,86.3400,84.7200,84.8800,84.8800,583645
2020-10-13,84.8400,86.0000,83.9400,85.8200,85.8200,458541
2020-10-14,85.6800,86.1800,84.7600,84.9800,84.9800,638549
2020-10-15,84.5800,84.8600,82.9200,84.4200,84.4200,463238
2020-10-16,85.1600,85.8600,84.2800,84.8000,84.8000,500568
2020-10-19,85.2400,85.5200,84.5400,85.0000,85.0000,348885
2020-10-20,84.9400,86.2000,84.7000,84.9800,84.9800,396401
2020-10-21,84.9000,85.3200,82.6200,83.1400,83.1400,583473
2020-10-22,82.5000,85.1000,81.8200,83.8400,83.8400,405879
2020-10-23,83.5000,83.6200,81.8400,82.5600,82.5600,329582
2020-10-26,82.6000,82.7400,80.5200,82.3800,82.3800,432472
2020-10-27,82.8800,83.2400,81.1600,81.1800,81.1800,540036
2020-10-28,80.4000,81.0200,78.2400,80.8600,80.8600,820316
2020-10-29,80.8400,83.7000,80.8200,82.2000,82.2000,548409
2020-10-30,81.4000,82.7400,79.8200,80.1800,80.1800,501861
2020-11-02,80.6400,83.2800,80.3600,82.7600,82.7600,541347
2020-11-03,83.5000,85.1000,82.5400,84.8600,84.8600,430272
2020-11-04,85.0800,88.5800,85.0600,88.2200,88.2200,589537
2020-11-05,89.0000,90.5200,86.8200,87.5000,87.5000,479836
2020-11-06,87.2200,88.2200,86.4600,87.7800,87.7800,343143
2020-11-09,90.8000,91.1000,73.8200,79.3800,79.3800,1863938
2020-11-10,79.1600,79.5600,75.0200,76.4200,76.4200,1707183
2020-11-11,77.0000,81.8400,75.9600,81.3800,81.3800,985993
2020-11-12,81.6200,83.5200,80.9000,82.6800,82.6800,640845
2020-11-13,82.8400,83.9400,81.2400,82.4000,82.4000,436414
2020-11-16,82.6000,82.7800,79.1000,79.1800,79.1800,625779
2020-11-17,78.9000,80.3400,78.7800,79.1200,79.1200,503240
2020-11-18,79.1800,80.1000,78.5600,79.2200,79.2200,442919
2020-11-19,78.7200,79.5400,78.1600,79.1800,79.1800,550212
2020-11-20,79.6000,81.4000,79.3000,80.0400,80.0400,937342
2020-11-23,80.7000,80.9800,79.7600,79.7600,79.7600,379035
2020-11-24,80.0800,80.2000,76.4800,76.4800,76.4800,654214
2020-11-25,76.7200,77.5000,76.0600,76.3800,76.3800,741309
2020-11-26,76.9000,80.1000,76.7600,79.3000,79.3000,534890
2020-11-27,79.6000,80.4600,79.0000,80.4600,80.4600,377768
2020-11-30,80.5200,84.8000,80.5200,84.8000,84.8000,1265624
2020-12-01,85.3800,85.4000,82.3000,82.3000,82.3000,518547
2020-12-02,82.5000,82.6000,80.5200,81.2200,81.2200,534284
2020-12-03,81.2400,81.7200,79.8200,80.0600,80.0600,406232
2020-12-04,80.1400,80.9400,77.9600,78.7800,78.7800,503088
2020-12-07,78.0000,79.4400,77.5600,79.0400,79.0400,616147
2020-12-08,79.4400,79.6000,78.3400,78.7400,78.7400,367613
2020-12-09,78.8400,79.6200,78.0000,79.4600,79.4600,405647
2020-12-10,79.3600,79.3800,77.5800,78.8800,78.8800,451502
2020-12-11,78.9000,80.0800,78.1200,79.2400,79.2400,479446
2020-12-14,80.6400,84.5200,79.8600,84.5200,84.5200,893125
2020-12-15,84.4600,84.5200,82.2400,82.5200,82.5200,512660
2020-12-16,82.7800,85.0600,82.5000,85.0600,85.0600,609823
2020-12-17,87.6600,89.8400,86.5000,89.6800,89.6800,660844
2020-12-18,89.0000,91.3400,88.8000,91.1000,91.1000,831711
2020-12-21,90.2000,91.4800,87.1000,89.4000,89.4000,488788
2020-12-22,89.3600,91.4600,89.0600,90.6000,90.6000,296153
2020-12-23,91.0800,91.0800,88.6800,89.2000,89.2000,341622
2020-12-28,89.6000,89.9000,85.3400,88.4000,88.4000,317090
2020-12-29,88.7800,91.9400,88.7800,91.4000,91.4000,490261
2020-12-30,91.9000,92.2400,90.8600,91.0600,91.0600,158840
2021-01-04,91.9600,94.6800,91.5400,94.0800,94.0800,449709
2021-01-05,93.9000,96.7000,93.3800,96.6000,96.6000,486363
2021-01-06,97.0000,97.0000,94.6600,96.1000,96.1000,359839
2021-01-07,96.4000,97.6600,95.1600,96.5400,96.5400,434100
2021-01-08,97.2000,99.5600,97.1800,97.5800,97.5800,535979
2021-01-11,97.5400,98.6200,93.8200,95.0000,95.0000,514622
2021-01-12,95.3600,96.8200,95.2800,96.3800,96.3800,416659
2021-01-13,97.3000,98.7400,95.6600,97.2000,97.2000,472047
2021-01-14,98.0200,98.4600,97.1400,97.1800,97.1800,404067
2021-01-15,97.2400,97.7400,93.2400,93.2400,93.2400,605021
2021-01-18,92.3200,95.6000,91.9400,94.9800,94.9800,419250
2021-01-19,95.9000,96.4800,93.3800,93.7000,93.7000,465487
2021-01-20,93.7600,96.1400,93.7600,95.2000,95.2000,414241
2021-01-21,96.0000,98.4600,95.9000,98.4600,98.4600,383352
2021-01-22,98.0800,98.6000,96.5600,98.4800,98.4800,381573
2021-01-25,99.0000,102.1500,98.3200,100.2500,100.2500,613510
2021-01-26,100.4500,101.3500,98.8600,100.0000,100.0000,296314
2021-01-27,100.0000,100.0500,95.1200,97.0400,97.0400,619896
2021-01-28,96.0800,96.6200,93.0000,96.0800,96.0800,490709
2021-01-29,94.2000,96.4600,93.8800,94.7200,94.7200,412591
2021-02-01,95.5000,96.8000,95.3600,95.9400,95.9400,264799
2021-02-02,96.4600,97.3800,94.4200,95.3800,95.3800,434883
2021-02-03,95.6600,98.4000,95.0400,97.8200,97.8200,471629
2021-02-04,97.6800,98.5800,95.6200,97.2400,97.2400,497564
2021-02-05,97.4400,98.5400,96.3800,98.5000,98.5000,303246
2021-02-08,98.6600,99.0000,97.4400,98.0000,98.0000,311259
2021-02-09,98.9600,99.1000,97.3000,98.4000,98.4000,245561
2021-02-10,98.7000,99.5400,97.8200,97.9400,97.9400,292021
2021-02-11,97.0200,101.2500,96.8400,101.0000,101.0000,390510
2021-02-12,100.6500,100.6500,99.5200,99.8600,99.8600,258799
2021-02-15,100.7000,101.7500,99.9600,101.6000,101.6000,196326
2021-02-16,101.9000,103.2500,101.4000,102.3500,102.3500,277233
2021-02-17,96.7200,98.6600,95.0400,95.7200,95.7200,1022529
2021-02-18,96.4000,98.0400,96.0600,97.9000,97.9000,632581
2021-02-19,98.0800,98.4800,95.3000,97.3600,97.3600,446169
2021-02-22,96.5800,96.5800,90.4200,90.8600,90.8600,656947
2021-02-23,91.0000,91.6400,83.3600,89.4800,89.4800,1212578
2021-02-24,86.1800,89.7800,85.8000,86.8000,86.8000,563634
2021-02-25,87.6200,88.0600,85.4200,85.9200,85.9200,365287
2021-02-26,84.2000,86.4400,83.5400,85.0200,85.0200,573248
2021-03-01,86.8000,87.5400,84.5000,85.6000,85.6000,474233
2021-03-02,85.6000,88.1400,84.4000,85.5600,85.5600,490570
2021-03-03,86.4000,86.7200,82.4800,83.4400,83.4400,478499
2021-03-04,82.3200,82.9800,79.7400,82.0400,82.0400,882353
2021-03-05,80.3200,83.1200,79.4200,80.3000,80.3000,520271
2021-03-08,80.5000,81.0200,78.2600,80.3400,80.3400,645717
2021-03-09,79.7200,84.1400,79.1200,83.2600,83.2600,689216
2021-03-10,83.5800,84.3800,82.2600,83.1400,83.1400,450449
2021-03-11,83.7600,86.3400,83.6400,86.1200,86.1200,666814
2021-03-12,85.5600,86.3200,84.4400,85.4000,85.4000,502640
2021-03-15,86.2400,86.8800,85.0200,86.3400,86.3400,585857
2021-03-16,90.8400,91.4000,89.0600,90.6800,90.6800,1159680
2021-03-17,90.8000,90.8000,86.2600,88.4000,88.4000,1249741
2021-03-18,89.2600,89.2800,85.7800,86.5600,86.5600,580550
2021-03-19,85.7200,86.7400,83.5800,84.4200,84.4200,1088091
2021-03-22,84.6200,86.8400,84.3000,86.8400,86.8400,573652
2021-03-23,86.3000,89.6800,85.9000,89.0000,89.0000,711588
2021-03-24,88.5200,88.6800,85.8400,86.4800,86.4800,458848
2021-03-25,85.3600,86.2000,84.0600,85.0200,85.0200,422753
2021-03-26,85.2000,86.2400,85.2000,85.8000,85.8000,389289
2021-03-29,85.8000,85.8800,83.4200,83.4200,83.4200,411307
2021-03-30,83.4200,83.7800,82.2800,82.7000,82.7000,509116
2021-03-31,83.1200,84.9600,82.6800,83.6400,83.6400,583926
2021-04-01,83.9400,85.7200,83.4600,85.5000,85.5000,312988
2021-04-06,86.8600,88.2200,85.9600,86.8000,86.8000,597672
2021-04-07,86.8000,87.6600,86.6000,87.0000,87.0000,374139
2021-04-08,87.7200,88.3000,86.5400,87.2200,87.2200,485319
2021-04-09,87.5400,88.9200,87.1800,87.5400,87.5400,371249
2021-04-12,87.6200,87.8000,84.0800,85.1600,85.1600,531743
2021-04-13,85.3800,87.8000,85.0800,87.2600,87.2600,700750
2021-04-14,87.8800,88.8400,87.0800,87.1800,87.1800,444532
2021-04-15,87.4800,89.1600,87.4200,88.7200,88.7200,366878
2021-04-16,89.0000,91.8000,88.8000,91.5600,91.5600,660045
2021-04-19,91.7200,93.4200,90.5000,90.6800,90.6800,395431
2021-04-20,90.6800,91.5000,87.8400,88.3200,88.3200,377533
2021-04-21,91.9600,92.1400,86.0400,88.6400,88.6400,848210
2021-04-22,88.6200,91.0400,87.9600,90.5400,90.5400,448580
2021-04-23,90.4000,90.7800,88.9800,90.5000,90.5000,308241
2021-04-26,91.0200,92.0600,89.6600,90.0800,90.0800,235915
2021-04-27,90.0400,90.2400,89.2000,89.5200,89.5200,253096
2021-04-28,90.6400,90.6400,88.5000,88.8800,88.8800,377703
2021-04-29,88.7400,90.2000,88.2000,88.9200,88.9200,412817
2021-04-30,88.7800,89.7200,86.3000,86.5400,86.5400,541210
2021-05-03,86.6000,87.2600,85.7600,86.4200,86.4200,331153
2021-05-04,86.2200,86.2200,83.2600,83.6000,83.6000,937630
2021-05-05,84.0200,85.8000,83.2800,85.3200,85.3200,567865
2021-05-06,85.7200,86.1400,83.2600,85.0000,85.0000,857746
2021-05-07,86.3400,86.8800,84.8800,86.6800,86.6800,531931
2021-05-10,86.5000,86.5000,83.6000,83.7800,83.7800,576581
2021-05-11,81.3600,83.4600,80.2000,83.4600,83.4600,920622
2021-05-12,83.7600,85.8200,82.2800,83.0000,83.0000,709974
2021-05-13,82.2000,84.4600,80.7000,83.6800,83.6800,482466
2021-05-14,84.5000,84.8800,82.2200,84.0800,84.0800,858877
2021-05-17,85.2800,86.2800,84.1600,85.4000,85.4000,499459
2021-05-18,86.2200,87.2200,85.6400,87.1000,87.1000,483342
2021-05-19,87.1000,87.1800,81.9600,84.6400,84.6400,1966667
2021-05-20,84.6000,87.6800,83.3200,87.1200,87.1200,1780378
2021-05-21,87.2200,87.7000,85.8200,86.3400,86.3400,1433032
2021-05-25,86.6600,89.3400,86.5000,89.1400,89.1400,1608009
2021-05-26,89.7200,89.8800,87.9600,88.9800,88.9800,1269218
2021-05-27,89.1200,89.6400,86.8400,88.2600,88.2600,1970928
2021-05-28,88.2600,88.4200,86.4600,87.7400,87.7400,913949
2021-05-31,87.4200,88.3200,87.0200,87.4200,87.4200,434335
2021-06-01,87.5800,91.4600,87.5800,91.2200,91.2200,1345440
2021-06-02,91.2000,92.5200,89.7600,92.1800,92.1800,1184239
2021-06-03,91.9800,93.8200,91.2000,93.6000,93.6000,1346160
2021-06-04,93.5000,96.5800,93.0400,95.5000,95.5000,1390119
2021-06-07,95.7200,98.3600,94.9600,97.8400,97.8400,1466584
2021-06-08,98.0000,99.4600,97.4200,98.0800,98.0800,1841997
2021-06-09,98.0000,98.2200,93.3600,93.8000,93.8000,2727170
2021-06-10,94.2600,94.3000,91.8000,93.1800,93.1800,641648
2021-06-11,93.5200,94.0000,92.6000,93.5600,93.5600,483922
2021-06-14,94.1200,96.0200,94.0000,95.4600,95.4600,551274
2021-06-15,95.7000,96.1000,94.6400,94.6800,94.6800,491564
2021-06-16,94.8600,96.4200,94.8000,95.8200,95.8200,457508
2021-06-17,95.1600,98.5800,95.0200,98.5600,98.5600,602744
2021-06-18,99.0000,100.1500,98.7600,99.2600,99.2600,1042120
2021-06-21,99.0000,100.1500,98.6000,99.9800,99.9800,527345
2021-06-22,100.1000,100.5000,98.3000,100.3500,100.3500,799989
2021-06-23,100.4500,101.0000,98.6200,98.7800,98.7800,455189
2021-06-24,99.0000,102.1500,99.0000,101.9500,101.9500,748117
2021-06-25,102.1000,103.3500,101.8500,101.8500,101.8500,540913
2021-06-28,101.7500,101.8500,99.9800,100.8500,100.8500,481224
2021-06-29,100.8000,102.8000,100.6000,102.4500,102.4500,564784
2021-06-30,102.3000,103.0500,101.3000,101.9500,101.9500,592009
2021-07-01,102.3000,103.3500,99.6600,101.2500,101.2500,785544
2021-07-02,101.2000,102.9500,100.4000,102.9500,102.9500,460450
2021-07-05,102.7500,103.1500,101.8500,102.6500,102.6500,382696
2021-07-06,102.7500,104.2000,102.2500,103.2000,103.2000,596415
2021-07-07,103.1500,105.9000,102.1500,104.6500,104.6500,579229
2021-07-08,104.4000,104.8000,100.2000,101.1500,101.1500,737914
2021-07-09,101.5500,102.0000,100.2500,101.5000,101.5000,475352
2021-07-12,101.5000,102.7500,100.6000,101.6500,101.6500,530539
2021-07-13,100.3500,102.6500,100.3000,102.5500,102.5500,360684
2021-07-14,102.2500,103.0500,100.9000,101.9000,101.9000,405050
2021-07-15,101.5000,101.5500,98.3600,98.9000,98.9000,837726
2021-07-16,99.2800,99.3800,96.0000,96.7000,96.7000,655673
2021-07-19,96.2800,97.3400,95.1800,97.1400,97.1400,556143
2021-07-20,97.4200,97.5600,94.1400,94.4400,94.4400,813810
2021-07-21,95.0800,99.0000,94.8400,98.1000,98.1000,1838709
2021-07-22,98.6800,100.4500,98.0200,100.1500,100.1500,557377
2021-07-23,100.4000,101.3000,99.5200,100.8500,100.8500,444156
2021-07-26,100.5000,101.5500,99.8000,100.1000,100.1000,414169
2021-07-27,99.7000,99.9000,97.4000,97.5800,97.5800,593585
2021-07-28,97.5800,98.7400,96.5600,97.9000,97.9000,466314
2021-07-29,98.1000,98.7400,96.1400,97.3000,97.3000,491258
2021-07-30,95.8000,95.8000,92.7600,93.7600,93.7600,867332
2021-08-02,93.9200,95.8000,93.5200,95.4200,95.4200,590520
2021-08-03,95.7000,96.9200,95.0400,95.8400,95.8400,600662
2021-08-04,96.2800,98.4200,96.0000,97.3800,97.3800,472810
2021-08-05,92.4400,93.5400,88.1600,92.6800,92.6800,2005510
2021-08-06,92.1400,94.6200,91.8200,92.5000,92.5000,728588
2021-08-09,92.1800,92.4200,90.7400,90.9600,90.9600,472011
2021-08-10,91.1800,91.6800,90.2200,90.8800,90.8800,411025
2021-08-11,90.8800,91.7000,89.3400,90.0000,90.0000,494288
2021-08-12,90.1000,92.9400,88.8600,92.0000,92.0000,499029
2021-08-13,92.3600,94.3200,92.3200,93.9800,93.9800,559355
2021-08-16,93.1000,94.0000,92.7000,92.7000,92.7000,310321
2021-08-17,92.3200,92.6000,91.5800,92.6000,92.6000,412175
2021-08-18,93.0400,94.5000,92.3000,94.4000,94.4000,485867
2021-08-19,93.1800,93.5800,90.7600,92.4800,92.4800,488146
2021-08-20,92.4200,93.7400,91.7800,93.0000,93.0000,348851
2021-08-23,93.3000,94.6800,93.2600,94.6800,94.6800,369436
2021-08-24,94.1800,95.5200,94.1600,94.8000,94.8000,299905
2021-08-25,95.3200,96.6800,95.0000,95.5600,95.5600,350464
2021-08-26,94.8600,95.1800,93.6800,94.3600,94.3600,228805
2021-08-27,94.0400,94.4400,92.9400,94.1200,94.1200,280262
2021-08-30,94.3200,96.1600,94.3200,95.3200,95.3200,240483
2021-08-31,95.4600,96.6800,93.0600,93.8000,93.8000,994193
2021-09-01,94.1800,95.5400,93.8000,94.1800,94.1800,339681
2021-09-02,95.1000,96.8200,94.9400,95.4000,95.4000,487772
2021-09-03,94.9800,96.2400,93.9800,94.7000,94.7000,315540
2021-09-06,95.0000,96.0600,94.7400,95.7400,95.7400,293261
2021-09-07,95.5400,97.0000,95.4800,96.9800,96.9800,329037
2021-09-08,96.7400,97.7600,95.4000,96.9200,96.9200,487759
2021-09-09,96.4800,97.4800,95.6000,97.4800,97.4800,262847
2021-09-10,97.8200,99.0000,97.0800,97.8200,97.8200,409590
2021-09-13,97.7200,97.8400,94.1000,94.9800,94.9800,822315
2021-09-14,94.7000,95.0000,92.8800,95.0000,95.0000,385239
2021-09-15,94.5000,94.7000,93.1000,94.2400,94.2400,467962
2021-09-16,93.9600,94.0600,91.0200,94.0000,94.0000,845491
2021-09-17,94.8800,96.0600,94.6000,95.5800,95.5800,4025157
2021-09-20,94.2200,94.3200,90.6800,90.7200,90.7200,793576
2021-09-21,91.0000,91.9200,87.8000,87.9800,87.9800,746196
2021-09-22,88.2400,89.0600,85.2200,86.0200,86.0200,837545
2021-09-23,86.6200,89.0000,86.4200,87.8000,87.8000,637108
2021-09-24,87.3000,87.3200,84.9400,85.0000,85.0000,573990
2021-09-27,84.0600,84.9400,82.2800,82.6000,82.6000,716290
2021-09-28,82.2600,82.4200,80.1000,80.8200,80.8200,754985
2021-09-29,81.2200,81.6600,79.9000,80.1600,80.1600,666462
2021-09-30,79.7200,80.2000,78.5600,79.3200,79.3200,1403358
2021-10-01,78.5400,78.7600,77.0600,77.2400,77.2400,831162
2021-10-04,76.8800,77.6000,76.1400,77.1800,77.1800,754891
2021-10-05,77.3000,79.3400,77.2800,78.4200,78.4200,626773
2021-10-06,77.6600,77.7400,76.4200,76.9200,76.9200,741157
2021-10-07,77.4800,78.0400,75.7000,77.6600,77.6600,810670
2021-10-08,77.7800,78.0200,76.8200,77.2800,77.2800,535903
2021-10-11,76.0000,76.3200,74.2200,75.2800,75.2800,734661
2021-10-12,74.7600,76.2000,73.8200,73.9800,73.9800,938497
2021-10-13,73.8800,76.6800,73.6000,76.5600,76.5600,769366
2021-10-14,75.1000,78.2400,74.9000,78.0200,78.0200,904099
2021-10-15,78.6000,79.5400,77.8600,79.3600,79.3600,527734
2021-10-18,79.1400,79.7800,78.2600,79.5400,79.5400,351769
2021-10-19,80.0400,80.7400,79.0600,79.7200,79.7200,534572
2021-10-20,79.6800,81.1400,79.6000,80.3600,80.3600,465862
2021-10-21,79.5800,81.4800,79.2800,81.3400,81.3400,587107
2021-10-22,81.8200,82.0600,80.1400,80.1400,80.1400,552747
2021-10-25,80.1800,80.6600,79.7200,80.0000,80.0000,532089
2021-10-26,80.4600,81.5000,80.0600,81.0400,81.0400,504629
2021-10-27,80.9400,81.2400,80.1200,80.3800,80.3800,394426
2021-10-28,80.5200,81.3200,80.0400,80.7400,80.7400,547781
2021-10-29,80.2600,81.9800,79.9400,81.5800,81.5800,757187
2021-11-01,81.6800,82.6000,81.1400,82.2200,82.2200,457931
2021-11-02,82.1400,84.1200,82.1200,83.2200,83.2200,746602
2021-11-03,82.1400,82.5800,75.2200,75.3400,75.3400,2546360
2021-11-04,75.5200,78.8600,75.0400,78.7400,78.7400,1124844
2021-11-05,78.9400,80.6000,75.6000,75.9600,75.9600,1321455
2021-11-08,76.0000,76.8400,75.3600,75.8400,75.8400,621013
2021-11-09,76.0000,77.1400,75.3000,76.4400,76.4400,530416
2021-11-10,76.4200,76.8600,74.3600,75.1800,75.1800,647050
2021-11-11,74.9600,75.9600,73.7800,75.6000,75.6000,687955
2021-11-12,75.6000,77.3800,75.4400,77.3800,77.3800,588603
2021-11-15,77.0800,81.0600,76.8200,80.7000,80.7000,853856
2021-11-16,81.0000,81.4000,80.0400,80.5800,80.5800,554013
2021-11-17,80.6000,82.0800,80.1200,82.0000,82.0000,721529
2021-11-18,81.8600,82.9600,80.8000,82.2400,82.2400,608758
2021-11-19,82.0800,87.3600,81.5400,85.5800,85.5800,1618140
2021-11-22,86.0600,86.6200,81.9200,81.9200,81.9200,1026153
2021-11-23,80.8200,81.0000,78.2200,78.8800,78.8800,897275
2021-11-24,78.9200,80.0600,77.2000,80.0400,80.0400,879662
2021-11-25,80.6000,81.1200,77.8200,78.2800,78.2800,668838
2021-11-26,77.4600,82.9000,77.4600,82.6000,82.6000,1402013
2021-11-29,82.1000,82.3600,80.5200,81.5000,81.5000,786870
2021-11-30,81.0000,82.7600,80.0600,80.2600,80.2600,1495917
2021-12-01,80.1200,81.1200,79.0600,79.5600,79.5600,901003
2021-12-02,78.8600,79.1200,75.5400,75.6000,75.6000,1013946
2021-12-03,75.7400,76.4800,73.6000,74.8400,74.8400,940270
2021-12-06,74.8000,75.9800,73.0600,73.6400,73.6400,892895
2021-12-07,74.5000,78.0800,74.4800,78.0800,78.0800,1091476
2021-12-08,78.3800,79.1800,77.2800,77.6800,77.6800,641658
2021-12-09,78.0000,78.2200,76.9200,77.7000,77.7000,501902
2021-12-10,76.3000,76.6200,74.1200,74.3200,74.3200,816285
2021-12-13,74.4000,75.1200,73.1200,73.1200,73.1200,604610
2021-12-14,73.0000,74.1000,71.0800,71.1000,71.1000,832350
2021-12-15,71.1400,71.4800,68.5600,69.1400,69.1400,888169
2021-12-16,68.9000,70.8200,67.8000,69.5400,69.5400,1630822
2021-12-17,68.9000,70.0800,68.4400,69.8000,69.8000,1482117
2021-12-20,68.7600,69.8600,67.2800,68.4200,68.4200,795822
2021-12-21,69.4200,69.6000,68.3400,68.9000,68.9000,577801
2021-12-22,69.4200,70.4800,69.1200,69.9600,69.9600,521367
2021-12-23,70.3000,70.7000,69.5200,70.5200,70.5200,411277
2021-12-27,70.3600,70.7200,69.9000,70.4600,70.4600,389135
2021-12-28,70.2400,71.5000,70.1600,70.8000,70.8000,325925
2021-12-29,71.0200,72.2200,70.2000,70.7000,70.7000,391307
2021-12-30,70.6400,71.6400,70.6400,71.1400,71.1400,344868
2022-01-03,71.5000,73.7400,71.3200,73.0200,73.0200,610658
2022-01-04,72.9200,73.2800,69.5200,69.9600,69.9600,788343
2022-01-05,69.9600,70.3200,69.1600,70.1400,70.1400,757397
2022-01-06,68.7800,69.7000,65.7200,67.1800,67.1800,1304436
2022-01-07,67.5800,68.0000,66.6800,66.9600,66.9600,1011102
2022-01-10,67.0000,67.1800,64.4000,64.5000,64.5000,848378
2022-01-11,65.6600,66.8800,65.3200,66.1200,66.1200,747730
2022-01-12,66.7200,67.3400,65.5200,65.6200,65.6200,836976
2022-01-13,65.5200,68.5600,64.9800,67.2400,67.2400,960997
2022-01-14,66.3800,66.4000,65.2400,65.5600,65.5600,818290
2022-01-17,65.7200,66.7000,65.4600,66.0800,66.0800,472367
2022-01-18,66.5000,67.5400,65.0800,66.2200,66.2200,847990
2022-01-19,65.6000,69.2000,65.6000,68.4400,68.4400,848225
2022-01-20,69.1000,69.1400,67.2800,68.5400,68.5400,571188
2022-01-21,67.0800,67.9000,65.8000,67.1600,67.1600,1188866
2022-01-24,66.6000,66.8400,63.5400,64.5800,64.5800,1396750
2022-01-25,65.4200,65.4800,63.4600,64.1400,64.1400,1052359
2022-01-26,64.3400,66.6400,64.2800,66.5000,66.5000,1075098
2022-01-27,65.2400,66.2000,64.2800,65.2400,65.2400,1081256
2022-01-28,64.6200,66.5200,64.6000,66.5200,66.5200,1029920
2022-01-31,67.8400,69.9800,67.3000,69.9800,69.9800,1053665
2022-02-01,70.2400,71.9000,70.1400,70.8400,70.8400,866994
2022-02-02,70.8400,71.6600,69.9400,69.9400,69.9400,805953
2022-02-03,69.1400,69.8800,66.6200,66.6400,66.6400,995802
2022-02-04,66.6600,67.6800,64.9000,65.9800,65.9800,989921
2022-02-07,67.0000,67.4000,65.7600,66.1200,66.1200,611154
2022-02-08,65.8800,65.8800,62.5800,64.2400,64.2400,930377
2022-02-09,64.8600,66.3600,64.3800,66.0000,66.0000,563076
2022-02-10,66.5200,66.7000,63.5200,65.0800,65.0800,1091918
2022-02-11,64.3000,64.5000,62.4400,62.4400,62.4400,1143605
2022-02-14,60.9800,61.7200,59.4600,61.7200,61.7200,1292642
2022-02-15,61.4800,63.7200,61.3600,63.7200,63.7200,708445
2022-02-16,63.5000,63.9800,62.2000,63.0200,63.0200,620705
2022-02-17,62.9000,64.2800,62.3800,62.5000,62.5000,595525
2022-02-18,62.5000,62.5000,59.4800,59.4800,59.4800,889212
2022-02-21,59.9200,60.5000,57.3200,58.5000,58.5000,971656
2022-02-22,56.4600,58.9400,56.2600,57.9400,57.9400,753513
2022-02-23,57.9600,58.3600,55.9800,56.0000,56.0000,831284
2022-02-24,53.3200,55.8800,52.7800,55.5000,55.5000,1662084
2022-02-25,56.4200,56.6200,54.7000,55.9600,55.9600,1075723
2022-02-28,54.2200,59.7600,54.1800,59.5800,59.5800,1687074
2022-03-01,58.2200,58.5000,52.7000,53.8400,53.8400,2142002
2022-03-02,53.0000,54.1600,51.1800,51.8200,51.8200,1637674
2022-03-03,51.8600,53.4200,49.6200,49.7400,49.7400,1185620
2022-03-04,48.4300,49.3300,45.6100,45.6100,45.6100,1604106
2022-03-07,44.0900,45.8800,42.8100,44.7500,44.7500,1945741
2022-03-08,43.5800,45.4700,42.7700,45.0400,45.0400,1598364
2022-03-09,46.9700,49.4800,45.7900,49.4800,49.4800,1887687
2022-03-10,49.8000,49.8000,46.8800,47.2500,47.2500,1260758
2022-03-11,47.3500,48.8700,46.1200,47.3600,47.3600,1459175
2022-03-14,48.0100,48.9300,47.0000,47.9200,47.9200,1184379
2022-03-15,47.8400,48.8500,46.0300,46.7200,46.7200,1508840
2022-03-16,48.0100,50.9000,48.0100,50.2200,50.2200,1539503
2022-03-17,50.8800,51.3800,48.0500,49.0300,49.0300,1094151
2022-03-18,49.2200,51.3000,48.6500,51.3000,51.3000,1756818
2022-03-21,51.1200,51.1400,48.9700,49.4500,49.4500,638883
2022-03-22,49.4700,50.4200,48.9300,50.4200,50.4200,697665
2022-03-23,50.5600,50.7200,47.9400,48.9900,48.9900,922981
2022-03-24,48.8800,49.4500,47.3500,47.8800,47.8800,1087922
2022-03-25,48.0000,48.9000,47.0300,47.1300,47.1300,1035643
2022-03-28,47.4600,49.6500,47.3500,47.8600,47.8600,840558
2022-03-29,48.6700,50.4600,48.5300,50.2000,50.2000,2231355
2022-03-30,50.3200,50.3600,47.6400,49.2500,49.2500,1344717
2022-03-31,49.4800,50.0800,45.7900,46.0000,46.0000,1541702
2022-04-01,46.2800,48.2200,46.0800,47.3600,47.3600,1290512
2022-04-04,47.7700,51.0400,47.2300,50.5400,50.5400,1259404
2022-04-05,50.5800,51.6000,49.7300,50.5600,50.5600,711713
2022-04-06,50.5600,50.8400,46.9000,47.0600,47.0600,1284769
2022-04-07,47.3200,47.7700,46.1000,46.1300,46.1300,1311373
2022-04-08,47.1600,47.3500,45.1700,45.9500,45.9500,881935
2022-04-11,45.2200,45.7000,43.2800,43.5000,43.5000,868467
2022-04-12,42.4700,45.1900,42.2000,44.5600,44.5600,1023031
2022-04-13,44.6000,44.7400,42.2600,44.1400,44.1400,913640
2022-04-14,44.3000,44.3400,43.0700,43.5900,43.5900,963843
2022-04-19,43.3300,43.6100,42.0300,43.4400,43.4400,837044
2022-04-20,43.1500,44.4300,42.3100,43.4400,43.4400,1080971
2022-04-21,43.0400,43.1100,42.0200,42.3300,42.3300,1148786
2022-04-22,41.5600,41.6200,40.3800,40.4100,40.4100,1392926
2022-04-25,39.2100,40.3100,38.3300,39.5000,39.5000,923927
2022-04-26,40.0000,40.0200,37.2400,37.2400,37.2400,1175258
2022-04-27,37.1800,37.3600,35.5500,36.3800,36.3800,1857679
2022-04-28,37.1800,37.5400,36.2000,37.0800,37.0800,1383566
2022-04-29,37.2300,38.0500,36.9700,37.8300,37.8300,1336456
2022-05-02,37.6000,38.1900,35.1200,37.7400,37.7400,805932
2022-05-03,38.1000,38.6600,37.3700,38.0700,38.0700,731010
2022-05-04,37.7000,38.0600,36.2200,37.1500,37.1500,1202992
2022-05-05,38.1100,38.3800,32.1000,33.2100,33.2100,3327991
2022-05-06,32.5000,33.6100,30.8900,33.4200,33.4200,2703720
2022-05-09,33.1900,34.5800,31.9000,31.9000,31.9000,1548648
2022-05-10,32.5600,33.4700,32.1500,32.5300,32.5300,1660052
2022-05-11,32.6700,33.8700,31.8400,32.1700,32.1700,1293173
2022-05-12,31.0000,33.1200,29.9100,33.0900,33.0900,1625582
2022-05-13,33.3700,34.6900,33.3200,34.1200,34.1200,1252340
2022-05-16,34.1100,34.8700,33.4600,34.6700,34.6700,1160075
2022-05-17,34.5700,36.5200,34.5100,35.6100,35.6100,1079221
2022-05-18,34.8300,36.1500,34.4800,34.4800,34.4800,2086378
2022-05-19,34.0000,36.1700,33.6500,35.9200,35.9200,2463987
2022-05-20,36.5400,37.8200,35.9100,36.0000,36.0000,1893395
2022-05-23,36.7000,37.1500,35.2300,35.7200,35.7200,941324
2022-05-24,35.0000,35.0700,32.0200,32.4300,32.4300,1711467
2022-05-25,32.5700,34.2100,31.6500,33.7500,33.7500,1113198
2022-05-26,33.8900,37.2200,33.7600,37.2000,37.2000,1558694
2022-05-27,37.0000,37.6900,36.2600,37.4800,37.4800,1328235
2022-05-30,38.0400,39.2700,37.8700,39.0800,39.0800,1199099
2022-05-31,38.7200,39.1600,37.7800,37.8500,37.8500,3116969
2022-06-01,36.8000,37.4700,35.0100,35.3600,35.3600,1513043
2022-06-02,35.3700,36.5900,34.9300,36.5900,36.5900,778358
2022-06-03,36.9500,37.5800,35.1400,35.2200,35.2200,870680
2022-06-06,35.5400,37.0100,35.2700,36.6000,36.6000,713520
2022-06-07,36.1700,36.2000,33.8400,34.8300,34.8300,1245955
2022-06-08,35.4600,35.4600,34.1100,34.5100,34.5100,1128749
2022-06-09,33.9200,33.9200,31.3200,31.5900,31.5900,2102220
2022-06-10,31.4400,31.8000,30.6600,30.7600,30.7600,1321328
2022-06-13,29.8900,30.1100,28.9100,29.5000,29.5000,2323480
2022-06-14,29.9200,30.6600,27.5400,27.6700,27.6700,1785459
2022-06-15,28.1300,28.8300,27.5700,28.4500,28.4500,1763356
2022-06-16,27.3000,27.4000,24.2200,24.9100,24.9100,3206835
2022-06-17,24.8700,26.0900,24.7000,25.7100,25.7100,3531579
2022-06-20,25.9200,27.0100,25.3600,25.8900,25.8900,1181932
2022-06-21,26.0700,26.2900,24.7600,25.4900,25.4900,1589970
2022-06-22,24.9500,26.1600,24.4100,25.6900,25.6900,2062366
2022-06-23,25.5200,25.9700,24.7900,25.5400,25.5400,1233887
2022-06-24,22.0800,25.8600,20.9400,25.1400,25.1400,4998204
2022-06-27,25.2300,26.9700,24.8200,25.7200,25.7200,1701080
2022-06-28,25.9100,26.1600,25.1000,25.2200,25.2200,1238822
2022-06-29,24.9800,25.2300,23.9900,24.7100,24.7100,1756698
2022-06-30,23.6400,25.0200,23.5700,24.9600,24.9600,2172940
2022-07-01,25.0100,26.7800,24.5000,26.1500,26.1500,1627498
2022-07-04,26.4200,26.4600,25.1300,25.1600,25.1600,750720
2022-07-05,25.3300,26.4000,23.2200,23.8000,23.8000,1840305
2022-07-06,24.6500,25.4900,24.5700,25.1700,25.1700,2000921
2022-07-07,25.4100,26.7600,25.2500,26.6100,26.6100,1418160
2022-07-08,26.4900,27.2800,26.0600,27.1200,27.1200,1038613
2022-07-11,26.4900,27.2900,26.0300,26.0600,26.0600,715653
2022-07-12,25.6300,26.4900,25.1900,26.3000,26.3000,798717
2022-07-13,26.1000,26.7100,24.8300,25.2600,25.2600,1360288
2022-07-14,25.1400,26.1100,24.8200,25.4500,25.4500,1090847
2022-07-15,25.4600,26.0000,24.9900,25.7000,25.7000,848667
2022-07-18,25.6500,27.1100,25.6200,27.0200,27.0200,1352707
2022-07-19,26.4400,28.0400,26.1500,28.0400,28.0400,1287869
2022-07-20,28.0000,28.5500,27.7400,28.5100,28.5100,1605095
2022-07-21,28.4800,28.9200,27.6900,28.5500,28.5500,1344234
2022-07-22,28.4300,30.1300,28.2100,29.7600,29.7600,1524043
2022-07-25,29.4200,29.6500,28.6400,28.8200,28.8200,837328
2022-07-26,28.5000,28.5500,25.9800,25.9900,25.9900,1591363
2022-07-27,26.0000,26.6200,25.7000,26.3900,26.3900,991518
2022-07-28,26.6400,27.2000,25.4000,25.6700,25.6700,1516740
2022-07-29,26.3600,27.9600,26.2300,27.3500,27.3500,1906848
2022-08-01,27.4200,27.4400,26.3200,26.9800,26.9800,1065562
2022-08-02,26.5300,26.5500,25.2000,26.1200,26.1200,1881428
2022-08-03,26.0900,27.7900,26.0800,27.6400,27.6400,1206707
2022-08-04,27.8000,31.9600,27.7400,31.2600,31.2600,2606705
2022-08-05,31.2200,33.1300,30.5200,30.8500,30.8500,2077531
2022-08-08,30.9100,31.5300,30.2700,31.3400,31.3400,712057
2022-08-09,31.2800,31.5900,29.4000,29.4900,29.4900,972737
2022-08-10,29.2000,31.4400,28.6400,31.3200,31.3200,1276603
2022-08-11,31.5000,32.5700,30.9300,31.9300,31.9300,1125996
2022-08-12,31.7000,32.2500,31.2200,31.9900,31.9900,851491
2022-08-15,32.1500,32.1500,31.3100,31.4300,31.4300,744677
2022-08-16,31.5700,31.6800,30.3700,30.7500,30.7500,1113296
2022-08-17,30.8100,30.8400,28.3700,28.4100,28.4100,1491517
2022-08-18,28.4100,29.2400,27.0900,27.0900,27.0900,1927089
2022-08-19,26.6300,27.7300,26.3700,26.6100,26.6100,1683417
2022-08-22,26.5000,26.8100,25.0000,25.0000,25.0000,1060506
2022-08-23,24.9500,25.6100,24.7400,24.7500,24.7500,1413199
2022-08-24,24.7100,24.9500,24.0200,24.8400,24.8400,851137
2022-08-25,25.0700,25.1500,24.3800,24.4000,24.4000,1248988
2022-08-26,24.4100,24.7500,23.1200,23.2700,23.2700,1446991
2022-08-29,22.8700,23.8000,22.4200,23.3600,23.3600,790626
2022-08-30,23.2800,24.8300,23.2000,23.8000,23.8000,1078015
2022-08-31,24.0000,24.1000,23.1000,23.1100,23.1100,1203852
2022-09-01,22.6900,22.7600,21.9300,22.0500,22.0500,1664121
2022-09-02,22.6400,23.1500,22.2100,23.0600,23.0600,1282834
2022-09-05,22.1400,22.5400,21.9200,22.4300,22.4300,983089
2022-09-06,22.3800,23.6400,22.3800,23.0500,23.0500,1045597
2022-09-07,22.9500,23.1100,22.2500,22.7400,22.7400,1626932
2022-09-08,23.0700,23.1300,21.6300,22.2700,22.2700,1589558
2022-09-09,22.2500,23.2900,22.0300,22.9700,22.9700,1295210
2022-09-12,23.3200,24.3900,22.9400,24.1300,24.1300,1438165
2022-09-13,24.1600,24.1800,22.1100,22.1200,22.1200,1302765
2022-09-14,21.9100,22.6900,21.3100,21.6600,21.6600,1787057
2022-09-15,21.7000,22.5300,21.5700,21.9200,21.9200,1256896
2022-09-16,21.3000,21.9800,20.9300,21.6700,21.6700,2055639
2022-09-19,21.6100,21.7300,21.3300,21.3300,21.3300,653948
2022-09-20,21.4600,21.6600,20.5300,21.3900,21.3900,1373447
2022-09-21,20.9600,21.3600,20.6400,21.3600,21.3600,1250728
2022-09-22,20.7500,21.0000,20.0000,20.0000,20.0000,1733172
2022-09-23,20.1200,20.4100,19.3100,19.5500,19.5500,1849794
2022-09-26,19.5050,20.4900,19.2250,19.7100,19.7100,2184874
2022-09-27,20.1000,20.7900,20.0100,20.1100,20.1100,1893697
2022-09-28,19.7100,20.7300,19.2200,20.6900,20.6900,2284366
2022-09-29,20.5500,20.5500,19.1800,19.4150,19.4150,2407044
2022-09-30,19.6050,20.2700,19.3750,20.2300,20.2300,1579860
2022-10-03,19.8650,20.4500,19.4250,20.4000,20.4000,1493877
2022-10-04,20.9300,22.2000,20.6700,22.0900,22.0900,1350273
2022-10-05,21.7800,22.2900,20.6500,20.9300,20.9300,1422627
2022-10-06,21.3700,22.2300,21.3500,21.6000,21.6000,1266902
2022-10-07,21.3000,21.4900,20.3700,20.6300,20.6300,1536399
2022-10-10,20.2600,21.5200,20.0200,20.6600,20.6600,1471884
2022-10-11,20.5200,21.7500,20.4000,21.6200,21.6200,2063347
2022-10-12,21.5500,22.0400,21.1600,21.2800,21.2800,1562142
2022-10-13,21.1600,22.6200,20.9800,22.1600,22.1600,2151495
2022-10-14,22.6100,22.8900,21.9100,22.3100,22.3100,1504788
2022-10-17,22.3800,23.4200,21.7500,23.3100,23.3100,1348269
2022-10-18,23.6600,24.0400,23.3700,23.4600,23.4600,1642304
2022-10-19,23.5000,23.5200,22.7000,23.0600,23.0600,1147340
2022-10-20,22.9500,23.7600,22.4800,23.4400,23.4400,979904
2022-10-21,22.8300,23.4300,22.5100,22.7000,22.7000,1709161
2022-10-24,23.1800,23.2300,22.1000,22.6200,22.6200,1307393
2022-10-25,22.8400,24.1200,22.4700,24.1200,24.1200,1442617
2022-10-26,23.9500,25.7800,23.7200,25.7100,25.7100,1843851
2022-10-27,25.5000,25.7500,24.8300,25.1900,25.1900,1245235
2022-10-28,24.3100,24.6900,23.8000,24.1800,24.1800,967840
2022-10-31,24.5800,24.6100,23.1200,23.3300,23.3300,1472040
2022-11-01,23.7500,25.2200,23.6200,24.3000,24.3000,1711690
2022-11-02,24.4500,24.4500,22.4800,22.8800,22.8800,2298193
2022-11-03,22.9600,25.0800,22.3000,24.7400,24.7400,2797674
2022-11-04,24.8100,25.4500,24.3500,25.0800,25.0800,1618608
2022-11-07,24.8700,25.9300,24.5500,25.4300,25.4300,1114323
2022-11-08,25.2900,26.5700,25.0200,26.5600,26.5600,983590
2022-11-09,26.3000,26.5300,25.3400,25.8900,25.8900,1223285
2022-11-10,25.6400,29.6000,25.5500,29.4500,29.4500,2559269
2022-11-11,29.8000,33.1800,29.7900,33.1000,33.1000,3344472
2022-11-14,33.4100,34.7500,32.3700,34.4100,34.4100,2173394
2022-11-15,34.6600,35.2500,32.6800,33.8000,33.8000,2180141
2022-11-16,33.0800,33.8000,31.8700,31.9700,31.9700,1473706
2022-11-17,32.1400,32.5000,30.5800,31.0100,31.0100,1444685
2022-11-18,31.2400,31.4000,29.9400,30.0000,30.0000,1915294
2022-11-21,29.7800,29.9000,28.6500,29.3200,29.3200,1357204
2022-11-22,29.0300,29.4800,28.6000,28.6600,28.6600,879175
2022-11-23,28.5500,29.3100,28.2300,29.0900,29.0900,840582
2022-11-24,29.2800,30.4900,28.9800,29.9900,29.9900,961422
2022-11-25,29.7900,29.8700,28.7900,29.1100,29.1100,698451
2022-11-28,28.5100,29.3000,28.1700,28.8600,28.8600,902156
2022-11-29,29.4500,30.1000,28.7600,29.2500,29.2500,1549614
2022-11-30,29.2900,30.1300,29.2300,29.7400,29.7400,1780565
2022-12-01,30.8000,31.9700,30.4300,31.0000,31.0000,1691258
2022-12-02,30.8400,32.0100,30.6100,31.5900,31.5900,1298198
2022-12-05,31.6800,31.9900,30.8000,30.8800,30.8800,871234
2022-12-06,30.6000,31.4000,30.5600,31.1100,31.1100,1045343
2022-12-07,30.7900,32.4100,30.7100,31.3900,31.3900,1131869
2022-12-08,31.2900,31.7500,30.6500,31.2600,31.2600,563690
2022-12-09,31.5300,31.9700,30.6800,31.2500,31.2500,768622
2022-12-12,30.7700,32.9300,30.6000,32.8400,32.8400,1009975
2022-12-13,32.9000,36.3000,32.7100,34.9200,34.9200,1920981
2022-12-14,34.5800,34.6600,33.9300,34.4800,34.4800,820712
2022-12-15,33.8700,34.3100,31.6700,31.8200,31.8200,1569771
2022-12-16,31.9000,32.2800,31.1300,31.8500,31.8500,2037484
2022-12-19,31.8100,32.5100,31.3700,31.6400,31.6400,654950
2022-12-20,31.1400,31.5500,30.6600,31.1500,31.1500,567008
2022-12-21,31.5500,33.0300,31.5500,32.9900,32.9900,726627
2022-12-22,32.8100,33.3400,31.8900,31.9900,31.9900,594082
2022-12-23,32.2500,33.3500,31.9300,32.6600,32.6600,690526
2022-12-27,33.1400,33.5000,32.6900,32.9200,32.9200,528630
2022-12-28,32.9400,33.2600,32.5600,32.8900,32.8900,399546
2022-12-29,32.7400,34.2400,32.5100,34.2400,34.2400,581961
2022-12-30,34.0800,34.2400,33.1100,33.1100,33.1100,377387
2023-01-02,33.4200,35.3200,33.4200,35.0300,35.0300,765275
2023-01-03,34.7500,36.5600,34.7100,36.0600,36.0600,961485
2023-01-04,36.4100,37.6600,36.3100,37.6500,37.6500,939380
2023-01-05,38.1900,39.1700,37.3400,38.4000,38.4000,1499780
2023-01-06,38.4000,39.3200,37.8000,39.3200,39.3200,823257
2023-01-09,39.3500,40.5100,38.9500,40.2000,40.2000,1214101
2023-01-10,39.6900,39.6900,37.6800,38.9900,38.9900,1338845
2023-01-11,39.3700,40.7800,39.2700,40.5700,40.5700,1027574
2023-01-12,40.5900,42.3400,39.8800,41.9000,41.9000,1498555
2023-01-13,41.9900,43.0600,41.5200,42.5900,42.5900,1086035
2023-01-16,42.8600,44.3800,42.5700,44.3800,44.3800,916056
2023-01-17,43.9400,43.9400,41.9400,42.7400,42.7400,1704590
2023-01-18,43.2600,44.6100,42.7700,42.8100,42.8100,1160605
2023-01-19,42.3600,42.7200,40.9500,40.9500,40.9500,1385575
2023-01-20,42.5000,43.1900,41.8600,42.9900,42.9900,1131475
2023-01-23,43.3600,44.0000,42.5300,42.9500,42.9500,904260
2023-01-24,42.8200,43.4000,41.8100,41.9900,41.9900,890942
2023-01-25,42.3400,42.9700,41.6100,41.6500,41.6500,883978
2023-01-26,42.7900,42.9800,42.0800,42.9800,42.9800,1033305
2023-01-27,43.0000,44.2800,42.5100,43.4000,43.4000,973446
2023-01-30,42.6000,42.9300,41.7200,42.5000,42.5000,823488
2023-01-31,42.0000,42.8400,41.9000,42.5900,42.5900,1119989
2023-02-01,42.6500,43.1100,42.0400,42.6000,42.6000,797094
2023-02-02,43.3000,45.6800,43.3000,44.8900,44.8900,1554901
2023-02-03,44.4900,45.8100,43.9600,45.5700,45.5700,974878
2023-02-06,44.8200,45.0600,42.6600,43.0200,43.0200,1058479
2023-02-07,43.0500,43.5300,42.3400,42.9200,42.9200,853379
2023-02-08,43.4600,43.7300,41.8800,42.1300,42.1300,944446
2023-02-09,42.5400,42.9700,42.0900,42.6900,42.6900,1031421
2023-02-10,42.0400,42.0400,39.2600,39.6700,39.6700,1619254
2023-02-13,39.6700,40.5200,39.2700,40.1100,40.1100,1290542
2023-02-14,40.5600,40.6000,38.8600,39.6300,39.6300,1621100
2023-02-15,39.8000,40.2300,39.3500,40.1300,40.1300,1039668
2023-02-16,40.6300,40.7700,38.6500,39.2100,39.2100,1336143
2023-02-17,38.4700,39.8500,38.1900,39.7800,39.7800,1062500
2023-02-20,39.9600,40.0400,39.2800,39.8500,39.8500,582159
2023-02-21,39.7000,39.8200,38.7000,39.1100,39.1100,885151
2023-02-22,38.7300,38.7900,37.9000,38.5000,38.5000,807081
2023-02-23,38.9000,39.8500,38.6400,39.0300,39.0300,900310
2023-02-24,39.3700,39.5300,37.8200,37.8200,37.8200,1482585
2023-02-27,38.4100,38.9100,37.3800,37.6400,37.6400,1491852
2023-02-28,37.5200,37.9000,36.8800,37.6000,37.6000,2189487
2023-03-01,37.9600,38.2500,36.9900,37.1300,37.1300,847707
2023-03-02,36.9900,37.7200,36.6400,36.8500,36.8500,1393466
2023-03-03,37.2300,38.9300,37.1900,38.7100,38.7100,789645
2023-03-06,38.8400,39.3300,38.1600,39.1200,39.1200,898418
2023-03-07,39.1200,41.4700,37.0700,37.8000,37.8000,2351442
2023-03-08,37.2200,38.2400,36.6600,37.7900,37.7900,1599471
2023-03-09,37.5000,37.5000,36.0300,36.7200,36.7200,1205557
2023-03-10,35.7700,36.2200,35.0200,35.7700,35.7700,1427338
2023-03-13,35.9500,36.3200,34.4100,35.4200,35.4200,1607626
2023-03-14,35.7200,36.7700,34.3000,36.1100,36.1100,1449631
2023-03-15,35.8900,35.9800,33.5300,34.3700,34.3700,1340054
2023-03-16,35.3500,35.4800,33.3100,34.5300,34.5300,1288726
2023-03-17,34.9800,35.1900,33.7000,34.1300,34.1300,1417936
2023-03-20,34.0300,34.1000,32.8400,33.6000,33.6000,1466210
2023-03-21,33.9100,34.4700,33.4200,33.5600,33.5600,1535698
2023-03-22,34.3800,34.7000,33.4400,34.3000,34.3000,1805188
2023-03-23,34.0600,35.3600,33.7800,35.2100,35.2100,1058234
2023-03-24,35.0300,35.0600,33.7600,33.9600,33.9600,894989
2023-03-27,34.2900,34.8400,33.8100,34.6400,34.6400,795469
2023-03-28,35.5400,35.7300,34.3000,34.9600,34.9600,775028
2023-03-29,35.1000,35.9100,34.4300,35.8200,35.8200,779357
2023-03-30,36.1700,37.7800,36.1600,37.7300,37.7300,963565
2023-03-31,37.7000,38.8500,37.5700,38.5400,38.5400,976630
2023-04-03,38.4400,38.8600,37.9100,38.1200,38.1200,630830
2023-04-04,38.4800,39.2200,38.2200,38.4200,38.4200,816511
2023-04-05,38.5500,38.5500,36.9600,37.1700,37.1700,803634
2023-04-06,37.2000,37.4800,36.5400,36.8100,36.8100,733775
2023-04-11,37.3000,37.8800,36.9000,37.5100,37.5100,657133
2023-04-12,37.5500,37.6400,36.0600,36.0700,36.0700,740236
2023-04-13,36.4200,37.1000,36.2600,36.9900,36.9900,375334
2023-04-14,37.1600,37.7700,36.7900,37.6200,37.6200,668540
2023-04-17,37.6300,38.1400,36.9900,37.3100,37.3100,520578
2023-04-18,37.4300,38.1100,36.9100,37.5800,37.5800,510219
2023-04-19,37.3400,37.7000,36.4700,37.5400,37.5400,612752
2023-04-20,37.3600,37.6500,37.0200,37.4100,37.4100,813915
2023-04-21,37.0900,37.4500,36.5600,37.4500,37.4500,786708
2023-04-24,37.3000,37.6600,36.6000,36.6400,36.6400,527122
2023-04-25,36.3500,36.3500,35.6700,35.8300,35.8300,616937
2023-04-26,35.6200,36.3800,35.3100,36.2600,36.2600,598033
2023-04-27,36.2300,37.0800,35.7800,36.8800,36.8800,533633
2023-04-28,36.9200,37.4500,36.4000,37.1700,37.1700,663894
2023-05-02,37.0500,37.3700,35.5700,35.8100,35.8100,727569
2023-05-03,35.9100,36.0100,34.7000,35.0500,35.0500,996793
2023-05-04,34.3100,34.6000,31.7900,32.5900,32.5900,2055902
2023-05-05,32.2000,33.1700,31.9000,32.6500,32.6500,1087367
2023-05-08,32.5500,32.6200,32.2800,32.6200,32.6200,603739
2023-05-09,32.6500,32.7700,31.6300,31.6900,31.6900,1026824
2023-05-10,31.7300,31.9400,31.2400,31.3600,31.3600,728662
2023-05-11,31.4200,32.0300,31.3900,31.9400,31.9400,597590
2023-05-12,32.1400,32.6000,31.9700,32.2000,32.2000,744352
2023-05-15,32.2500,32.4500,31.4500,31.7300,31.7300,582946
2023-05-16,31.5500,31.7700,30.5600,30.8300,30.8300,1128299
2023-05-17,30.6500,31.1100,30.3900,30.9900,30.9900,691379
2023-05-18,31.0200,31.2500,30.8200,31.1900,31.1900,458955
2023-05-19,31.4800,31.4800,30.8700,30.8700,30.8700,779029
2023-05-22,30.9000,31.1200,30.5200,30.9100,30.9100,509553
2023-05-23,30.6800,30.8400,29.9700,30.0900,30.0900,743878
2023-05-24,29.8000,29.8000,28.8900,29.0200,29.0200,809622
2023-05-25,29.1000,29.1200,28.2500,28.4800,28.4800,832279
2023-05-26,28.3600,28.6500,27.7600,28.3900,28.3900,880520
2023-05-29,28.5900,28.5900,27.9900,28.1200,28.1200,346583
2023-05-30,28.2100,28.5200,27.7800,27.7800,27.7800,522842
2023-05-31,27.4900,27.4900,26.7800,27.0400,27.0400,1345304
2023-06-01,27.4800,27.4800,26.2800,26.4800,26.4800,1201631
2023-06-02,26.8700,27.2600,26.8100,27.1200,27.1200,1190743
2023-06-05,27.0900,27.1300,26.0900,26.0900,26.0900,1217244
2023-06-06,25.9400,26.0500,25.2200,25.5100,25.5100,1430579
2023-06-07,25.6700,26.0100,24.8300,24.8300,24.8300,1569665
2023-06-08,24.5200,24.7200,24.2100,24.6500,24.6500,978235
2023-06-09,24.8200,24.8900,24.0200,24.3400,24.3400,1141310
2023-06-12,24.5700,24.9900,24.5100,24.7200,24.7200,891847
2023-06-13,25.1500,25.5700,24.7000,25.3600,25.3600,1525374
2023-06-14,25.1000,26.4800,25.0800,26.4200,26.4200,1665074
2023-06-15,26.0000,27.0000,25.2500,25.7500,25.7500,2131175
2023-06-16,26.2600,27.2800,26.0800,26.6600,26.6600,3452504
2023-06-19,26.4000,26.5800,26.0700,26.1900,26.1900,824078
2023-06-20,25.8800,26.0800,25.3900,25.7700,25.7700,672170
2023-06-21,25.6900,26.0600,25.5200,25.6000,25.6000,588056
2023-06-22,25.3700,26.6600,25.2600,26.6000,26.6000,1057520
2023-06-23,26.2600,26.9500,26.1600,26.6500,26.6500,1155923
2023-06-26,26.8000,27.3500,26.4400,27.1500,27.1500,841759
2023-06-27,27.0400,28.0500,27.0400,27.8000,27.8000,892341
2023-06-28,27.9800,28.1100,25.7400,26.2000,26.2000,1837633
2023-06-29,26.0600,26.7500,25.9800,26.2000,26.2000,1064221
2023-06-30,26.1900,26.4300,25.9800,26.3600,26.3600,985219
2023-07-03,26.0800,26.4700,25.4700,25.8400,25.8400,1066804
2023-07-04,25.7000,26.1000,25.5200,25.9500,25.9500,749035
2023-07-05,25.5600,25.6600,25.0600,25.3500,25.3500,1138643
2023-07-06,25.1700,25.3500,23.9300,24.1500,24.1500,1178754
2023-07-07,24.1400,24.7800,23.8200,24.6900,24.6900,994783
2023-07-10,24.5800,24.8900,24.1900,24.8900,24.8900,603691
2023-07-11,25.3000,25.8300,25.0000,25.7900,25.7900,1058460
2023-07-12,26.3000,29.3700,26.1700,28.5000,28.5000,3285411
2023-07-13,28.4400,28.9000,28.1700,28.3600,28.3600,969372
2023-07-14,27.9800,28.6500,27.8000,28.2100,28.2100,840514
2023-07-17,27.9200,28.1200,27.4300,28.0200,28.0200,929848
2023-07-18,27.8900,29.3000,27.7200,29.2800,29.2800,1316243
2023-07-19,29.5000,30.2800,29.5000,29.7500,29.7500,1075823
2023-07-20,29.5600,30.3100,29.4000,30.1600,30.1600,1283197
2023-07-21,30.0100,31.1000,29.8600,31.0100,31.0100,1286362
2023-07-24,30.7500,31.2500,30.2800,30.8200,30.8200,1002680
2023-07-25,30.7500,31.5800,30.7500,31.3500,31.3500,1146526
2023-07-26,31.0500,31.8500,30.4500,30.7200,30.7200,825826
2023-07-27,30.4500,32.1700,30.4500,31.3500,31.3500,980111
2023-07-28,31.2300,31.3100,30.3500,31.2900,31.2900,799542
2023-07-31,31.2100,31.6100,30.7000,31.4000,31.4000,713135
2023-08-01,31.3200,31.3200,30.3100,30.3100,30.3100,896468
2023-08-02,29.6900,30.0400,28.8600,29.3200,29.3200,1053789
2023-08-03,29.9500,32.0000,29.4000,31.3600,31.3600,1828504
2023-08-04,30.9000,31.2800,30.2900,30.8800,30.8800,1068978
2023-08-07,30.6100,31.3900,30.5900,31.0600,31.0600,692651
2023-08-08,30.8300,31.0800,29.9500,30.1400,30.1400,886464
2023-08-09,30.7900,30.8900,28.8400,28.8400,28.8400,1000947
2023-08-10,29.0400,29.5400,28.4000,29.3800,29.3800,1007108
2023-08-11,29.0900,29.4300,28.4300,28.4300,28.4300,790789
2023-08-14,28.2600,28.3100,27.7400,27.9400,27.9400,880862
2023-08-15,27.9800,28.0100,27.3600,27.6100,27.6100,793111
2023-08-16,27.4700,27.7200,27.2200,27.4400,27.4400,860796
2023-08-17,27.2300,27.9100,27.1700,27.4700,27.4700,698438
2023-08-18,27.2000,27.2000,26.4000,26.4600,26.4600,845107
2023-08-21,26.6000,27.0100,26.4800,26.5700,26.5700,689965
2023-08-22,26.8600,27.1600,26.5200,26.7300,26.7300,562906
2023-08-23,26.9200,26.9600,26.5100,26.9200,26.9200,440602
2023-08-24,27.2500,27.2900,26.2700,26.4600,26.4600,717288
2023-08-25,26.3400,26.8200,26.3400,26.4500,26.4500,588133
2023-08-28,26.7500,27.1700,26.7000,27.0900,27.0900,425308
2023-08-29,27.3500,28.0600,27.0700,27.9200,27.9200,823995
2023-08-30,28.0100,28.1400,27.2100,27.7300,27.7300,593167
2023-08-31,27.7400,29.6200,27.5800,28.7300,28.7300,1564030
2023-09-01,28.5800,28.9300,28.3300,28.4200,28.4200,621100
2023-09-04,28.5000,28.8400,28.4200,28.6300,28.6300,419535
2023-09-05,28.3900,28.6300,27.5000,27.6100,27.6100,884151
2023-09-06,27.3400,27.5200,26.6700,26.6700,26.6700,624952
2023-09-07,26.4100,26.9500,26.3500,26.4400,26.4400,747907
2023-09-08,26.6500,26.6500,25.0800,25.0800,25.0800,1061731
2023-09-11,25.2800,25.5000,24.9600,25.4000,25.4000,796692
2023-09-12,25.4500,25.6700,25.0000,25.0200,25.0200,871678
2023-09-13,24.7000,25.1500,24.6500,24.8500,24.8500,727859
2023-09-14,24.9000,25.1400,24.3200,25.1400,25.1400,1417710
2023-09-15,25.5100,25.7500,25.0500,25.1100,25.1100,1878850
2023-09-18,25.2000,25.3600,24.5000,24.5000,24.5000,656784
2023-09-19,24.3000,24.6000,23.1400,23.3500,23.3500,1493984
2023-09-20,23.3900,24.4300,23.3300,24.1300,24.1300,1201012
2023-09-21,23.7000,24.0900,22.8600,23.3400,23.3400,1234229
2023-09-22,23.4200,23.5000,22.8700,23.0200,23.0200,3201879
2023-09-25,22.9600,22.9800,21.8700,22.1900,22.1900,1294612
2023-09-26,21.7300,21.9100,21.3600,21.6200,21.6200,1262056
2023-09-27,21.4600,21.6100,20.6900,21.1900,21.1900,1937973
2023-09-28,20.9700,21.0500,20.4100,20.7100,20.7100,1356490
2023-09-29,21.2300,21.5700,20.6800,21.1300,21.1300,2099573
2023-10-02,21.2500,22.0300,21.1400,21.6100,21.6100,1624392
2023-10-03,20.7000,21.2200,20.1000,20.4600,20.4600,1702983
2023-10-04,20.0000,20.3600,19.8850,20.1900,20.1900,1665908
2023-10-05,20.2700,20.9300,20.2500,20.4600,20.4600,1523226
2023-10-06,20.4900,21.7900,20.4900,21.7800,21.7800,2447564
2023-10-09,21.6300,21.8600,21.2000,21.6500,21.6500,1468420
2023-10-10,21.9300,22.7200,21.9300,22.6500,22.6500,1522606
2023-10-11,22.5200,22.5700,22.0100,22.1600,22.1600,1151779
2023-10-12,22.3700,22.5600,21.6800,21.7800,21.7800,1092646
2023-10-13,22.1500,22.4500,21.6400,21.7700,21.7700,1236509
2023-10-16,21.5600,22.6500,21.4200,22.6500,22.6500,1498859
2023-10-17,22.6400,22.8500,22.0200,22.4500,22.4500,767447
2023-10-18,22.5400,23.3000,22.5300,22.6600,22.6600,1530913
2023-10-19,22.3000,22.7000,21.9400,22.1200,22.1200,904912
2023-10-20,21.7000,22.1600,21.5300,21.9300,21.9300,1411489
2023-10-23,22.1200,22.5100,21.4200,22.4500,22.4500,981778
2023-10-24,22.5600,23.4000,22.4900,23.1500,23.1500,1294889
2023-10-25,23.0600,23.1200,21.6400,21.8000,21.8000,1629095
2023-10-26,21.3600,21.4600,20.8300,21.3200,21.3200,1655975
2023-10-27,21.3000,21.4800,20.9400,21.2700,21.2700,815182
2023-10-30,21.4600,21.6100,21.0900,21.2000,21.2000,929271
2023-10-31,21.2400,22.2000,21.0900,21.9900,21.9900,1444111
2023-11-01,22.0700,22.4200,21.8100,22.2600,22.2600,1788313
2023-11-02,21.8000,23.2000,20.1800,20.8600,20.8600,4612055
2023-11-03,20.9300,22.8700,20.6600,22.5000,22.5000,3538570
2023-11-06,22.8400,23.4600,22.4900,22.4900,22.4900,1709378
2023-11-07,22.4000,22.9800,22.2200,22.7100,22.7100,992548
2023-11-08,22.5300,22.7100,21.8500,21.9100,21.9100,1334728
2023-11-09,21.8000,22.6400,21.6800,22.3500,22.3500,1306542
2023-11-10,21.8000,21.8500,21.2200,21.4200,21.4200,1374085
2023-11-13,21.5100,21.6100,21.0800,21.1700,21.1700,1016773
2023-11-14,21.1700,23.4100,20.9200,23.4100,23.4100,2492257
2023-11-15,23.6700,24.6700,23.4600,24.1300,24.1300,2108013
2023-11-16,24.1800,24.3200,23.0200,23.0200,23.0200,1449002
2023-11-17,22.9100,23.4400,22.6700,23.0600,23.0600,1378887
2023-11-20,23.4000,23.8000,23.2200,23.5600,23.5600,909805
2023-11-21,23.4900,23.5800,23.0500,23.0500,23.0500,751898
2023-11-22,22.8400,23.3000,22.8300,23.0700,23.0700,634423
2023-11-23,23.0400,23.1700,22.6900,22.7700,22.7700,582909
2023-11-24,22.6800,22.8700,22.4800,22.8200,22.8200,1206625
2023-11-27,22.7400,22.9000,22.3900,22.5700,22.5700,948085
2023-11-28,22.7000,22.9500,21.2400,21.3500,21.3500,1616633
2023-11-29,21.7200,22.3400,21.6800,22.0800,22.0800,1355003
2023-11-30,22.0700,22.4900,21.8200,21.8600,21.8600,2099137
2023-12-01,21.8300,22.3400,21.7000,22.3300,22.3300,1540039
2023-12-04,22.5000,23.3000,22.0200,22.2500,22.2500,1175617
2023-12-05,22.1100,22.6300,22.0200,22.4800,22.4800,831914
2023-12-06,22.5500,22.6600,22.0000,22.4200,22.4200,1476457
2023-12-07,22.1900,22.1900,21.2200,21.6700,21.6700,2226091
2023-12-08,21.7800,22.4700,21.6600,22.2800,22.2800,1721515
2023-12-11,22.1200,22.1300,21.3800,21.7300,21.7300,1371867
2023-12-12,21.5500,21.8500,20.7000,20.7000,20.7000,1704800
2023-12-13,20.6000,20.7900,20.2700,20.3200,20.3200,2263636
2023-12-14,21.3000,22.4500,21.2500,22.2200,22.2200,4473853
2023-12-15,22.0000,23.3400,21.7900,22.9000,22.9000,3650587
2023-12-18,22.7700,22.9000,22.2800,22.4000,22.4000,863093
2023-12-19,22.4100,23.1600,22.3600,23.1500,23.1500,1069367
2023-12-20,23.2100,23.4800,22.8300,23.1200,23.1200,1219608
2023-12-21,22.8700,23.1000,22.5800,22.9000,22.9000,853870
2023-12-22,22.3500,22.3500,21.1900,21.2100,21.2100,2896287
2023-12-27,21.4300,21.6500,20.9200,21.0700,21.0700,1591098
2023-12-28,21.2800,21.3700,20.7900,21.0600,21.0600,1040107
2023-12-29,20.9800,21.7800,20.9800,21.4500,21.4500,992034
2024-01-02,21.4800,21.6800,20.7100,20.9600,20.9600,2162396
2024-01-03,20.7300,21.0000,19.8550,20.2100,20.2100,2325246
2024-01-04,20.0500,20.3100,19.3250,19.3750,19.3750,2154041
2024-01-05,19.0400,19.1950,18.6500,19.0600,19.0600,2439530
2024-01-08,18.9750,19.3600,18.2500,19.3450,19.3450,2152756
2024-01-09,19.6250,19.7750,19.1900,19.1900,19.1900,1633342
2024-01-10,19.1500,19.2600,18.8200,18.8700,18.8700,1546508
2024-01-11,19.2600,19.5350,18.3900,18.4000,18.4000,2225632
2024-01-12,18.5000,18.6850,17.9850,18.2450,18.2450,2390613
2024-01-15,18.0000,18.2250,17.6500,17.7400,17.7400,1559292
2024-01-16,17.5200,17.7800,17.0850,17.1900,17.1900,2261553
2024-01-17,16.6200,16.7000,16.0900,16.3150,16.3150,2927742
2024-01-18,16.4850,16.6700,15.9500,16.5150,16.5150,2155538
2024-01-19,16.5450,16.6500,16.1250,16.3500,16.3500,1477079
2024-01-22,16.4900,17.0650,16.4800,16.9850,16.9850,2091937
2024-01-23,17.1550,18.1700,17.1500,17.9000,17.9000,2540359
2024-01-24,18.3100,18.5150,17.8600,18.2050,18.2050,1986909
2024-01-25,18.0500,18.7800,18.0350,18.4800,18.4800,1805832
2024-01-26,18.2900,19.2100,18.1600,19.0000,19.0000,2094472
2024-01-29,18.7100,19.8800,18.5800,19.6550,19.6550,1982817
2024-01-30,19.7700,19.8550,18.7650,19.1900,19.1900,1786348
2024-01-31,18.8800,19.1700,18.5850,18.6800,18.6800,1443445
2024-02-01,18.3000,18.6250,18.1100,18.3350,18.3350,1350245
2024-02-02,19.0050,19.6800,18.6150,18.6500,18.6500,2338792
2024-02-05,18.6600,18.7700,18.2100,18.3850,18.3850,1255487
2024-02-06,18.4100,18.7350,18.1750,18.6750,18.6750,1158933
2024-02-07,18.6850,19.0100,18.5750,18.7250,18.7250,1194273
2024-02-08,18.7800,19.2200,18.7750,19.0200,19.0200,1020187
2024-02-09,18.8500,19.1600,18.7400,18.9750,18.9750,773354
2024-02-12,19.0500,19.9000,19.0150,19.6200,19.6200,1448138
2024-02-13,19.4000,19.6950,18.8550,19.2700,19.2700,1176344
2024-02-14,19.0800,19.5850,18.9800,19.5550,19.5550,771704
2024-02-15,19.7450,20.4100,19.6100,20.0200,20.0200,1559384
2024-02-16,20.1900,20.4600,19.7400,19.8200,19.8200,1616758
2024-02-19,19.6250,19.8000,19.5000,19.5850,19.5850,702494
2024-02-20,19.5000,19.7400,19.4250,19.6500,19.6500,524469
2024-02-21,19.6500,20.0100,19.1900,19.5000,19.5000,1078596
2024-02-22,19.6350,19.7250,19.1450,19.2300,19.2300,1361175
2024-02-23,19.2350,19.4300,18.7450,19.3800,19.3800,1128918
2024-02-26,19.7350,19.7900,18.8250,19.1200,19.1200,1491583
2024-02-27,19.1150,19.8950,19.0650,19.3550,19.3550,1574733
2024-02-28,19.2750,19.4650,18.9000,19.4400,19.4400,1024816
2024-02-29,19.5350,20.0300,19.1100,19.5200,19.5200,2243692
2024-03-01,19.5400,19.8250,19.3600,19.8000,19.8000,943166
2024-03-04,19.7300,19.7450,18.9550,19.1400,19.1400,1220702
2024-03-05,18.9000,19.2000,18.9000,18.9250,18.9250,768956
2024-03-06,18.9350,19.9850,18.8450,19.5300,19.5300,1553082
2024-03-07,19.1800,19.8350,18.8150,19.4000,19.4000,1699712
2024-03-08,19.3450,19.4000,18.9200,19.0450,19.0450,1601678
2024-03-11,19.0000,19.6000,18.4300,18.5650,18.5650,1777364
2024-03-12,18.7050,19.4950,18.7050,19.1500,19.1500,1993013
2024-03-13,21.0000,22.8900,20.9400,22.7700,22.7700,6775318
2024-03-14,22.6300,22.7600,21.6200,22.1100,22.1100,2874124
2024-03-15,21.9400,22.9800,21.9200,22.2100,22.2100,3299984
2024-03-18,22.3300,23.1000,22.3300,22.5600,22.5600,2129975
2024-03-19,22.5000,23.0700,22.1200,23.0700,23.0700,1496335
2024-03-20,23.0400,23.5700,22.6300,23.3400,23.3400,1506806
2024-03-21,24.0400,24.4100,23.8400,24.0700,24.0700,1944928
2024-03-22,24.1000,24.8000,24.0000,24.6600,24.6600,1680812
2024-03-25,24.6200,25.2300,24.4400,25.1200,25.1200,1721555
2024-03-26,25.0400,25.7000,24.7500,25.3300,25.3300,1721108
2024-03-27,25.3100,26.8200,25.3000,26.4600,26.4600,2575826
2024-03-28,26.6500,26.8100,26.2900,26.4900,26.4900,1215921
2024-04-02,26.4200,26.5000,25.4800,25.6600,25.6600,1610031
2024-04-03,25.4500,25.8500,25.3000,25.6600,25.6600,1021204
2024-04-04,25.6000,25.8300,25.2800,25.7000,25.7000,806088
2024-04-05,25.0000,25.2000,24.2300,24.2300,24.2300,1330230
2024-04-08,25.3500,26.3100,25.0500,26.0200,26.0200,1622833
2024-04-09,26.0200,26.6200,25.7500,25.9700,25.9700,1238167
2024-04-10,26.2000,27.0900,25.8400,26.0800,26.0800,2091956
2024-04-11,25.8500,27.1100,25.8500,26.5200,26.5200,1411699
2024-04-12,26.9000,27.1600,26.2600,26.5500,26.5500,1095985
2024-04-15,26.3000,27.3800,26.2900,26.8900,26.8900,1359220
2024-04-16,26.3800,27.1100,26.2800,26.9200,26.9200,1082511
2024-04-17,26.6700,27.4200,26.5200,27.3400,27.3400,1115355
2024-04-18,27.5000,27.6500,26.5100,27.0600,27.0600,1233289
2024-04-19,26.5800,26.9700,26.5100,26.9200,26.9200,1493023
2024-04-22,27.1600,27.4100,26.1700,26.1700,26.1700,1156653
2024-04-23,26.3000,26.5600,26.1900,26.4400,26.4400,766397
2024-04-24,26.4600,26.4900,25.3400,25.3900,25.3900,1184625
2024-04-25,25.3600,25.4600,24.8100,24.9800,24.9800,1173236
2024-04-26,25.1500,25.5000,25.0100,25.3000,25.3000,607348
2024-04-29,25.5600,25.7900,25.2000,25.5300,25.5300,605169
2024-04-30,25.6100,25.6200,24.2400,24.6600,24.6600,1132531
2024-05-02,24.7700,25.0400,23.1100,23.5100,23.5100,1779430
2024-05-03,23.6100,24.0000,23.1200,23.8100,23.8100,2404580
2024-05-06,24.0300,24.6200,23.5900,24.4400,24.4400,1064742
2024-05-07,25.0000,26.7700,25.0000,26.5100,26.5100,2358350
2024-05-08,26.2700,26.3800,24.9300,25.1600,25.1600,1341962
2024-05-09,24.8900,25.1100,24.4100,24.4300,24.4300,952383
2024-05-10,25.2000,25.4500,24.9500,25.2400,25.2400,1794792
2024-05-13,25.0000,25.2000,24.3900,24.7500,24.7500,861843
2024-05-14,24.8500,24.9600,24.2600,24.6500,24.6500,939777
2024-05-15,24.5700,25.0400,24.2800,25.0100,25.0100,1009585
2024-05-16,25.2500,25.6600,24.9900,25.2500,25.2500,1150498
2024-05-17,25.0200,25.1600,24.0600,24.3100,24.3100,1537368
2024-05-20,24.1300,24.5600,23.7200,24.2700,24.2700,866997
2024-05-21,24.0500,24.1700,23.9000,23.9600,23.9600,682077
2024-05-22,23.7400,24.0700,23.6100,23.6800,23.6800,1059922
2024-05-23,23.6200,23.7900,23.2500,23.2500,23.2500,1008196
2024-05-24,22.9900,23.8800,22.8000,23.6200,23.6200,788823
2024-05-27,23.6400,24.0500,23.6200,24.0500,24.0500,400362
2024-05-28,24.0800,24.1900,23.7700,24.0300,24.0300,469997
2024-05-29,23.9400,24.4600,23.8400,24.1100,24.1100,1048054
2024-05-30,23.9300,24.4300,23.9300,24.2700,24.2700,558574
2024-05-31,24.0800,24.4700,23.7200,24.2500,24.2500,1456969
2024-06-03,24.5000,24.5500,24.2000,24.4100,24.4100,661441
2024-06-04,24.2600,24.7400,24.0700,24.3700,24.3700,739536
2024-06-05,24.8300,24.9400,23.7200,24.1500,24.1500,991429
2024-06-06,24.0500,24.4500,23.8000,24.1500,24.1500,450400
2024-06-07,24.1900,24.2900,23.4200,23.4200,23.4200,1293041
2024-06-10,22.9500,23.6100,22.7400,23.2800,23.2800,1157054
2024-06-11,23.3100,23.5500,22.7400,22.9100,22.9100,998908
2024-06-12,22.9900,23.6200,22.9300,23.4000,23.4000,1147294
2024-06-13,23.2700,23.2700,22.5400,22.5400,22.5400,1071146
2024-06-14,22.4600,22.6400,21.9500,22.1500,22.1500,1142584
2024-06-17,22.3500,22.7800,22.1100,22.7700,22.7700,1084480
2024-06-18,22.9900,23.0700,22.6400,22.7300,22.7300,1417310
2024-06-19,22.7900,22.7900,22.0900,22.4800,22.4800,869933
2024-06-20,22.5500,22.8000,22.4300,22.6300,22.6300,910063
2024-06-21,22.6300,22.8700,22.3000,22.5400,22.5400,2059490
2024-06-24,21.1500,21.8200,20.2600,21.6700,21.6700,2142250
2024-06-25,21.8000,22.2200,21.6200,21.9900,21.9900,1000556
2024-06-26,22.1900,22.4700,21.5100,21.8000,21.8000,780185
2024-06-27,21.5100,21.6400,21.0600,21.3200,21.3200,1497432
2024-06-28,21.3500,22.0000,20.9500,21.8900,21.8900,1265238
2024-07-01,22.3900,23.3300,22.3900,22.8500,22.8500,1347863
2024-07-02,22.9800,23.7700,22.5800,22.6700,22.6700,1321380
2024-07-03,22.9000,23.7400,22.9000,23.2400,23.2400,1314194
2024-07-04,23.1800,23.6500,23.0800,23.4000,23.4000,532372
2024-07-05,23.4000,24.2000,23.3000,23.8300,23.8300,630409
2024-07-08,23.7300,23.9600,23.5700,23.5900,23.5900,484717
2024-07-09,23.5800,23.7200,23.1700,23.3900,23.3900,666876
2024-07-10,23.6200,23.9300,23.2300,23.8400,23.8400,516182
2024-07-11,24.0700,24.2200,23.7800,24.0000,24.0000,560969
2024-07-12,24.1200,24.4900,24.0200,24.3600,24.3600,541762
2024-07-15,24.2200,24.5800,23.9900,24.5100,24.5100,629674
2024-07-16,24.2300,24.5200,23.9900,24.5200,24.5200,764406
2024-07-17,24.3000,24.5500,23.8100,24.0900,24.0900,571076
2024-07-18,24.1600,24.4600,23.4600,24.2500,24.2500,631731
2024-07-19,24.0100,24.0900,23.2000,23.2900,23.2900,639161
2024-07-22,23.3400,23.6400,23.0700,23.3100,23.3100,380995
2024-07-23,23.1800,23.3800,23.0200,23.2100,23.2100,379281
2024-07-24,23.0000,23.5200,22.7500,23.4700,23.4700,567142
2024-07-25,23.1000,23.7100,22.8900,23.6900,23.6900,665307
2024-07-26,23.7000,24.2500,23.5900,24.0700,24.0700,730017
2024-07-29,24.4900,24.9100,23.7600,23.8600,23.8600,577051
2024-07-30,23.9300,24.5300,23.9100,24.0600,24.0600,938325
2024-07-31,24.3200,24.6700,23.7000,23.7100,23.7100,700247
2024-08-01,23.7000,24.9100,23.7000,24.4400,24.4400,839192
2024-08-02,24.0900,24.4500,22.9800,22.9800,22.9800,1369279
2024-08-05,21.3300,22.0700,20.9000,22.0000,22.0000,1975222
2024-08-06,23.0200,23.5100,21.0900,21.5800,21.5800,1692753
2024-08-07,21.5200,22.2000,21.0800,22.1100,22.1100,1443180
2024-08-08,21.6900,22.8100,21.4800,22.7400,22.7400,891808
2024-08-09,22.7000,23.1300,22.6400,22.7900,22.7900,913291
2024-08-12,22.7800,23.1000,22.7500,22.8800,22.8800,526906
2024-08-13,22.7900,23.0100,22.5200,22.8800,22.8800,632597
2024-08-14,23.0000,23.1700,22.4100,22.4100,22.4100,1083369
2024-08-15,22.5400,22.9500,22.2100,22.9500,22.9500,1108446
2024-08-16,23.0000,23.3000,22.8300,23.2000,23.2000,993860
2024-08-19,23.1200,24.0400,23.1200,23.9000,23.9000,1114294
2024-08-20,23.8500,24.3300,23.8500,24.1000,24.1000,1129951
2024-08-21,24.0800,24.3200,24.0500,24.2500,24.2500,717996
2024-08-22,24.3000,24.5700,24.3000,24.3900,24.3900,870433
2024-08-23,24.3800,24.9200,24.3500,24.7700,24.7700,1059867
2024-08-26,24.9900,25.0800,24.7900,24.8900,24.8900,485427
2024-08-27,24.8700,25.1400,24.5100,24.6300,24.6300,478480
2024-08-28,24.6700,24.8200,23.8200,23.9900,23.9900,796503
2024-08-29,23.9100,24.2300,23.8400,24.0300,24.0300,747788
2024-08-30,24.0000,24.0700,23.3700,23.4400,23.4400,1726195
2024-09-02,23.3200,23.3300,22.7100,22.7100,22.7100,888688
2024-09-03,22.7000,23.0700,22.5300,22.8700,22.8700,558524
2024-09-04,22.5000,22.7600,22.3500,22.6600,22.6600,569668
2024-09-05,22.4300,22.8700,22.4000,22.4900,22.4900,613569
2024-09-06,22.4900,22.5200,22.0100,22.1500,22.1500,700153
2024-09-09,22.2800,22.4800,21.8400,22.0400,22.0400,439619
2024-09-10,22.0000,22.0900,21.5800,21.6200,21.6200,887220
2024-09-11,21.7300,21.7300,21.0700,21.3200,21.3200,1641780
2024-09-12,21.8700,21.8800,20.9500,21.3500,21.3500,1202307
2024-09-13,21.4200,23.6000,21.3800,23.5500,23.5500,1813325
2024-09-16,23.4700,24.0000,23.2400,24.0000,24.0000,797931
2024-09-17,24.1800,25.8700,24.1500,25.7600,25.7600,1480177
2024-09-18,25.6200,26.3400,25.5500,26.1500,26.1500,1036052
2024-09-19,26.8000,27.1100,26.5000,26.6500,26.6500,1164546
2024-09-20,26.6500,26.9700,26.3100,26.8300,26.8300,1554114
2024-09-23,27.0400,27.7100,27.0400,27.6800,27.6800,941273
2024-09-24,28.0500,28.3500,27.7700,28.3000,28.3000,1247937
2024-09-25,28.1300,28.5000,27.9300,28.2100,28.2100,928757
2024-09-26,28.3000,29.3300,28.3000,28.9100,28.9100,1202811
2024-09-27,29.4200,30.1300,29.4200,29.7000,29.7000,1040289
2024-09-30,29.6100,30.0600,28.9600,29.6200,29.6200,1145293
2024-10-01,29.7300,29.9800,28.8000,29.0000,29.0000,1007419
2024-10-02,29.2500,29.4100,28.5800,28.8600,28.8600,650330
2024-10-03,28.9300,29.2100,28.5500,29.1800,29.1800,443793
2024-10-04,29.2100,29.7600,29.0900,29.1500,29.1500,584905
2024-10-07,29.2600,29.3400,28.7300,28.7800,28.7800,733585
2024-10-08,28.4700,29.1600,28.1800,29.0700,29.0700,785861
2024-10-09,29.1900,29.9200,29.1900,29.6500,29.6500,770571
2024-10-10,29.7000,30.4000,29.6500,29.8500,29.8500,912631
2024-10-11,30.2900,30.6300,29.6900,30.2000,30.2000,1709578
2024-10-14,29.8400,30.5700,29.8400,30.3900,30.3900,748209
2024-10-15,30.3900,30.6300,29.5700,30.5200,30.5200,935239
2024-10-16,30.2500,30.6000,30.1100,30.4000,30.4000,431006
2024-10-17,30.2600,30.8200,30.0200,30.4600,30.4600,977765
2024-10-18,30.5900,30.6100,29.9100,29.9100,29.9100,651361
2024-10-21,29.9700,29.9700,29.3800,29.6500,29.6500,578230
2024-10-22,29.4500,29.7400,29.1200,29.5100,29.5100,648405
2024-10-23,29.5000,29.5300,28.6800,28.7300,28.7300,739530
2024-10-24,28.5000,29.0600,28.2600,28.6300,28.6300,766265
2024-10-25,28.7900,29.2700,28.6500,29.1300,29.1300,466681
2024-10-28,29.1800,29.4300,28.8500,28.9000,28.9000,452234
2024-10-29,29.0100,29.0300,28.2700,28.6100,28.6100,673621
2024-10-30,28.4900,28.9500,28.4200,28.7100,28.7100,678039
2024-10-31,28.5100,28.5100,27.4200,27.6200,27.6200,1082717
2024-11-01,27.7000,28.1100,27.4400,28.0000,28.0000,722068
2024-11-04,28.0000,28.4200,27.8500,28.0600,28.0600,776811
2024-11-05,27.8700,28.2500,26.8900,27.7700,27.7700,1697095
2024-11-06,27.7700,27.7700,25.7900,26.0900,26.0900,1319176
2024-11-07,26.0700,26.7600,26.0700,26.6400,26.6400,936030
2024-11-08,26.7000,27.2900,26.5000,27.2000,27.2000,644076
2024-11-11,27.6400,27.9400,27.1200,27.6700,27.6700,761996
2024-11-12,27.3600,27.6200,26.9700,27.5400,27.5400,787708
2024-11-13,27.4000,27.8800,27.2400,27.5100,27.5100,659555
2024-11-14,27.4300,27.5500,26.7700,27.3500,27.3500,617942
2024-11-15,27.0800,27.6900,27.0800,27.5400,27.5400,558654
2024-11-18,27.4900,27.7500,27.1900,27.5100,27.5100,529268
2024-11-19,27.4300,27.5300,26.9300,27.2500,27.2500,759407
2024-11-20,27.4600,27.9200,27.3000,27.3200,27.3200,789767
2024-11-21,27.3600,27.7500,27.2300,27.6700,27.6700,859925
2024-11-22,27.8700,29.7100,27.8000,29.4300,29.4300,1125200
2024-11-25,29.3500,29.8900,29.3000,29.7900,29.7900,1081505
2024-11-26,29.5000,29.6400,28.8400,29.2500,29.2500,568300
2024-11-27,29.3500,29.3900,28.3500,28.6500,28.6500,551146
2024-11-28,28.6900,29.1100,28.5100,29.0000,29.0000,294326
2024-11-29,29.1500,29.4400,28.8500,29.4200,29.4200,462447
2024-12-02,29.2000,30.0700,29.0700,30.0700,30.0700,872817
2024-12-03,30.0700,30.7800,29.7000,30.7100,30.7100,799771
2024-12-04,30.7100,33.3300,30.7100,33.2300,33.2300,1932378
2024-12-05,33.1000,34.1000,33.0500,33.8400,33.8400,1167919
2024-12-06,33.7500,34.4800,33.5600,34.3700,34.3700,1307131
2024-12-09,34.4200,34.7700,33.9300,34.7000,34.7000,769986
2024-12-10,34.4000,34.6100,33.6700,34.4300,34.4300,1015411
2024-12-11,31.8600,35.8700,31.2700,34.9900,34.9900,3680452
2024-12-12,35.1300,35.6400,34.4200,35.0000,35.0000,1091095
2024-12-13,34.9600,35.0100,34.2200,34.5400,34.5400,872404
2024-12-16,34.3000,34.8900,34.1400,34.2700,34.2700,759912
2024-12-17,34.1000,34.5800,33.8600,33.9300,33.9300,981956
2024-12-18,33.9000,34.1600,33.5200,33.8000,33.8000,1002298
2024-12-19,32.7500,33.7300,32.5300,33.3000,33.3000,1170821
2024-12-20,32.9500,33.2200,32.7400,32.9900,32.9900,1369682
2024-12-23,33.0000,33.0300,32.6400,32.7900,32.7900,384333
2024-12-27,32.9000,32.9800,32.3900,32.8300,32.8300,550536
2024-12-30,32.7300,32.7500,32.3900,32.3900,32.3900,407998
2025-01-02,32.4500,32.6800,32.0100,32.2200,32.2200,895149
2025-01-03,32.2000,32.2800,31.7500,32.0400,32.0400,625525
2025-01-06,31.9700,32.7800,31.8000,32.2200,32.2200,840279
2025-01-07,32.3000,32.3000,31.2800,31.8000,31.8000,832353
2025-01-08,31.7400,31.8500,31.0300,31.0300,31.0300,1150991
2025-01-09,30.7700,31.1100,30.0800,30.2600,30.2600,966553
2025-01-10,30.1200,30.1200,28.6300,28.6300,28.6300,1514819
2025-01-13,28.5300,28.7500,28.1400,28.2200,28.2200,882072
2025-01-14,28.1400,28.6800,27.9500,28.2700,28.2700,860018
2025-01-15,28.4900,29.4400,28.0900,29.1800,29.1800,780988
2025-01-16,32.2000,33.9000,31.1900,31.6800,31.6800,3639425
2025-01-17,32.3700,32.3700,31.7300,32.0300,32.0300,1376331
2025-01-20,32.0600,32.1800,31.3800,31.4800,31.4800,411679
2025-01-21,31.3400,31.4300,30.7200,31.4000,31.4000,803749
2025-01-22,31.4200,31.6000,30.6800,30.9300,30.9300,853892
2025-01-23,30.9600,32.5500,30.8200,32.5500,32.5500,942877
2025-01-24,32.7800,33.5000,32.5500,33.5000,33.5000,1550698
2025-01-27,33.1400,34.7300,32.8700,34.7300,34.7300,1653662
2025-01-28,34.2800,35.3300,34.1600,34.9400,34.9400,1011047
2025-01-29,35.0000,35.6300,34.6700,35.0200,35.0200,725347
2025-01-30,34.8900,35.8800,34.6800,35.6000,35.6000,629232
2025-01-31,35.5300,36.4900,35.4100,36.1400,36.1400,961699
2025-02-03,35.1500,35.9200,35.0600,35.7900,35.7900,759890
2025-02-04,35.5300,35.8700,35.4600,35.6200,35.6200,457036
2025-02-05,35.5000,36.4100,35.1400,36.4100,36.4100,635974
2025-02-06,36.7100,37.1500,36.2000,37.1500,37.1500,949056
2025-02-07,37.1600,37.4000,36.3800,37.3000,37.3000,1537880
2025-02-10,37.1500,37.7100,36.8300,37.4800,37.4800,654648
2025-02-11,37.2600,37.6200,37.1300,37.6000,37.6000,875328
2025-02-12,37.7100,38.5000,37.5000,38.2700,38.2700,1189766
2025-02-13,38.5600,39.6000,38.4700,39.2900,39.2900,802986
2025-02-14,39.1800,39.5400,38.8800,39.2900,39.2900,825230
2025-02-17,38.9800,39.9000,38.9700,39.8600,39.8600,476917
2025-02-18,39.8600,40.0800,38.6200,38.6200,38.6200,916270
2025-02-19,38.7200,38.8600,37.6100,37.6100,37.6100,968648
2025-02-20,37.7600,37.8800,36.8100,37.1000,37.1000,656215
2025-02-21,37.3000,37.4800,36.8900,36.9800,36.9800,812518
2025-02-24,37.0400,37.8400,36.8500,37.2900,37.2900,717109
2025-02-25,37.0900,37.7100,37.0200,37.4000,37.4000,588534
2025-02-26,37.7000,37.8100,36.7300,36.7800,36.7800,850108
2025-02-27,36.3100,36.3400,35.2100,35.2900,35.2900,1267629
2025-02-28,34.8200,35.0400,34.5200,34.7500,34.7500,1858922
2025-03-03,34.8400,35.7500,34.1900,35.0600,35.0600,1187655
2025-03-04,34.6500,34.6800,32.9000,32.9400,32.9400,1166865
2025-03-05,33.5700,34.7400,33.5000,34.4700,34.4700,1051494
2025-03-06,35.5000,35.6900,32.5100,33.1000,33.1000,2961757
2025-03-07,32.4500,33.4200,31.5800,32.8500,32.8500,1274418
2025-03-10,33.2300,33.5600,31.2200,31.5500,31.5500,1265733
2025-03-11,31.6000,31.8200,30.3800,30.6800,30.6800,1254327
2025-03-12,30.7400,31.3900,30.2000,30.7800,30.7800,1259169
2025-03-13,30.4800,31.3400,30.3300,30.6300,30.6300,1052910
2025-03-14,30.6800,31.7800,30.4600,31.3800,31.3800,1095024
2025-03-17,31.2700,31.4100,30.8100,31.0000,31.0000,818914
2025-03-18,31.1900,31.9300,30.9100,31.2100,31.2100,990289
2025-03-19,30.9800,32.4800,30.9000,32.3500,32.3500,1299241
2025-03-20,32.3000,32.6600,31.9500,32.1000,32.1000,1658505
2025-03-21,31.7900,31.8500,30.2700,31.0100,31.0100,1577798
2025-03-24,31.2800,31.6900,30.8400,31.5700,31.5700,464272
2025-03-25,31.6200,31.7200,30.7100,31.7000,31.7000,1396780
2025-03-26,31.8700,32.9200,31.3200,31.9400,31.9400,1092917
2025-03-27,32.2000,33.4100,32.1000,33.0000,33.0000,1420778
2025-03-28,32.6800,33.7200,32.2400,32.2400,32.2400,1160923
2025-03-31,31.9100,32.0600,31.1000,31.7600,31.7600,1059968
2025-04-01,31.9500,32.7000,31.9100,32.2300,32.2300,911536
2025-04-02,32.0100,33.4200,32.0100,33.4200,33.4200,872773
2025-04-03,32.3000,33.8600,31.9000,32.2500,32.2500,1316782
2025-04-04,32.0100,32.3800,29.2300,30.1500,30.1500,1971313
2025-04-07,27.9800,31.1400,27.3800,29.4100,29.4100,1981072
2025-04-08,29.9000,30.8800,29.2100,30.3700,30.3700,1414403
2025-04-09,29.2600,30.5400,29.0900,29.9600,29.9600,1232830
2025-04-10,32.6200,34.0500,31.0100,31.2000,31.2000,1632104
2025-04-11,31.7200,32.0100,30.5300,31.8300,31.8300,897734
2025-04-14,32.4700,33.5200,31.9500,33.3600,33.3600,605189
2025-04-15,33.4000,34.4600,33.3300,33.9600,33.9600,957093
2025-04-16,33.4000,33.9000,33.1700,33.8400,33.8400,628816
2025-04-17,33.8400,34.3000,33.6500,34.2500,34.2500,585361
2025-04-22,34.1000,35.5900,33.9300,35.2900,35.2900,708570
2025-04-23,35.9500,36.7600,35.5400,35.7700,35.7700,870522
2025-04-24,35.3800,35.8200,34.8800,35.4900,35.4900,607889
2025-04-25,35.4400,35.6600,33.8400,34.5200,34.5200,1336776
2025-04-28,34.6500,34.7900,33.9800,33.9800,33.9800,546696
2025-04-29,34.1700,34.5000,33.5100,33.7300,33.7300,857866
2025-04-30,32.7200,33.0800,31.6700,31.9700,31.9700,1316702
2025-05-02,32.4700,32.8900,31.9200,32.7200,32.7200,940893
2025-05-05,32.6100,33.1200,31.8300,32.2100,32.2100,990778
2025-05-06,33.8800,34.2000,30.9500,31.1300,31.1300,2474836
2025-05-07,31.5700,31.5900,29.9800,30.1000,30.1000,1402535
2025-05-08,30.4200,31.4500,30.0800,31.4500,31.4500,1244227
2025-05-09,31.5000,31.8600,30.9800,31.6300,31.6300,1243373
2025-05-12,32.1000,32.4600,31.0300,31.6000,31.6000,1021038
2025-05-13,31.7100,32.4800,31.5100,32.2000,32.2000,1036881
2025-05-14,32.3200,32.3600,31.3800,31.5200,31.5200,705825
2025-05-15,31.3700,31.5700,31.0700,31.2000,31.2000,741642
2025-05-16,31.4000,31.4000,30.7500,31.0300,31.0300,1046402
2025-05-19,30.9900,31.4200,30.7200,31.1200,31.1200,688346
2025-05-20,31.1900,31.2900,30.5800,30.6200,30.6200,1047842
2025-05-21,30.3000,30.4200,29.7300,30.2900,30.2900,1153224
2025-05-22,29.9700,30.6800,29.6300,30.5800,30.5800,1073340
2025-05-23,30.4700,30.6100,29.5200,30.4000,30.4000,829077
2025-05-26,30.8800,31.1600,30.4900,31.0200,31.0200,599091
2025-05-27,30.9400,32.6000,30.8400,32.5800,32.5800,1121622
2025-05-28,32.3400,32.4400,31.3900,31.5500,31.5500,1031341
2025-05-29,31.8600,31.9300,30.5500,30.8400,30.8400,963382
2025-05-30,30.8300,31.8000,30.7700,31.4500,31.4500,1990982
2025-06-02,31.2100,32.3200,31.0700,32.3200,32.3200,922865
2025-06-03,32.4200,32.4600,31.0200,31.0800,31.0800,988552
2025-06-04,31.2300,31.5700,30.7600,30.7600,30.7600,1127169
2025-06-05,30.8100,30.9500,30.2800,30.5600,30.5600,1065755
2025-06-06,30.6000,30.9600,30.2200,30.2200,30.2200,524636
2025-06-09,30.1900,30.7600,30.0100,30.1600,30.1600,625696
2025-06-10,30.1000,30.2600,29.4600,29.5400,29.5400,1142421
2025-06-11,29.0400,29.8200,28.8000,29.5900,29.5900,857642
2025-06-12,29.1800,29.5400,28.6500,28.6500,28.6500,1139919
2025-06-13,28.0000,28.6200,27.8800,28.5000,28.5000,892095
2025-06-16,28.6000,28.7900,28.3400,28.7200,28.7200,724292
2025-06-17,28.5400,28.5400,27.9200,28.0200,28.0200,745319
2025-06-18,28.0000,28.1700,27.4600,27.7400,27.7400,856949
2025-06-19,27.4100,27.4100,26.3100,26.5300,26.5300,1256678
2025-06-20,26.7900,27.0700,26.4500,26.6000,26.6000,2459531
2025-06-23,26.2000,26.5200,26.0000,26.2500,26.2500,1019766
2025-06-24,27.0600,27.2000,26.7700,26.9000,26.9000,1126914
2025-06-25,27.1000,27.1200,26.4600,26.7700,26.7700,940236
2025-06-26,27.0300,27.3700,26.6900,27.1000,27.1000,812559
2025-06-27,27.2900,27.3400,26.6000,27.1100,27.1100,734645
2025-06-30,27.8300,28.5200,27.6400,27.9500,27.9500,1435337
2025-07-01,27.9700,29.1900,27.9400,29.0800,29.0800,1448312
2025-07-02,29.0300,29.1500,28.1400,28.3800,28.3800,1270157
2025-07-03,28.5100,28.5700,28.0300,28.2800,28.2800,601648
2025-07-04,28.1100,28.1500,27.5500,28.0900,28.0900,568540
2025-07-07,28.1800,28.1800,27.7700,28.1300,28.1300,560636
2025-07-08,28.1400,28.3300,27.5700,28.2900,28.2900,747679
2025-07-09,28.3700,28.9100,28.0700,28.9100,28.9100,877525
2025-07-10,29.1200,29.1900,28.6700,28.8500,28.8500,764207
2025-07-11,28.6600,28.9200,28.5100,28.6100,28.6100,837145
2025-07-14,27.8800,27.9600,26.9100,27.1000,27.1000,2455339
2025-07-15,27.1600,27.8800,27.1200,27.3900,27.3900,1080972
2025-07-16,27.1700,28.1400,27.1600,27.5300,27.5300,952793
2025-07-17,27.5600,27.8400,27.3600,27.5800,27.5800,650357
2025-07-18,27.7900,28.1200,27.5800,27.7800,27.7800,782832
2025-07-21,27.8800,28.1800,27.5300,27.5300,27.5300,772895
2025-07-22,27.5500,27.6500,27.2500,27.6400,27.6400,543516
2025-07-23,28.1900,28.4000,27.3000,27.3000,27.3000,958135
2025-07-24,27.7000,27.7000,27.1100,27.2000,27.2000,733475
2025-07-25,27.0000,27.3300,26.8400,27.3300,27.3300,616008
2025-07-28,27.6000,27.7300,26.6600,26.7100,26.7100,848413
2025-07-29,26.7900,27.1200,26.7300,26.7900,26.7900,693975
2025-07-30,26.7300,27.1900,26.6500,26.8500,26.8500,605192
2025-07-31,26.9800,27.1900,25.6300,25.7200,25.7200,1374403
2025-08-01,25.5000,25.6100,24.9600,24.9600,24.9600,1056875
2025-08-04,25.2000,25.7800,25.0700,25.5900,25.5900,769710
2025-08-05,25.7000,25.9400,25.0400,25.2800,25.2800,1608667
2025-08-06,26.5000,26.6600,22.5200,23.0000,23.0000,6202518
2025-08-07,22.9100,23.5700,22.8200,23.0900,23.0900,2270240
2025-08-08,23.1300,23.4300,22.9600,23.4100,23.4100,1182925
2025-08-11,23.5000,23.8200,22.9100,22.9200,22.9200,1361019
2025-08-12,23.0000,23.0300,22.5900,23.0000,23.0000,1146613
2025-08-13,23.1700,23.8100,23.1400,23.5500,23.5500,1406662
2025-08-14,23.7300,23.7300,23.0900,23.4700,23.4700,1079040
2025-08-15,23.5900,23.6400,23.1100,23.1100,23.1100,744132
2025-08-18,23.2200,23.5700,23.1500,23.3400,23.3400,659499
2025-08-19,23.4600,24.4500,23.4600,24.2000,24.2000,1259907
2025-08-20,24.1000,24.3900,24.0000,24.3200,24.3200,892986
2025-08-21,24.4200,24.4800,24.1200,24.3400,24.3400,1057797
2025-08-22,24.2400,25.0900,24.2100,25.0300,25.0300,1043560
2025-08-25,25.0300,25.0700,24.6200,24.7100,24.7100,586035
2025-08-26,24.5500,25.0900,24.3600,24.8100,24.8100,1093235
2025-08-27,24.8000,24.9700,24.1400,24.4800,24.4800,805802
2025-08-28,24.5700,24.8100,24.1500,24.2700,24.2700,630332
2025-08-29,24.2000,24.3300,23.8000,23.8000,23.8000,917763
2025-09-01,24.2400,24.3300,23.7700,23.8300,23.8300,665292
2025-09-02,23.6600,23.7400,22.9800,22.9800,22.9800,1223081
2025-09-03,23.1500,24.1000,22.9800,23.9300,23.9300,1229917
2025-09-04,23.9600,24.6200,23.9200,24.4400,24.4400,972869
2025-09-05,24.7000,25.2500,24.6400,24.6900,24.6900,995982
2025-09-08,24.6300,25.9300,24.6300,25.9300,25.9300,1272028
2025-09-09,25.8800,25.9900,25.3500,25.3600,25.3600,829967
2025-09-10,25.3000,25.9100,25.2800,25.4700,25.4700,697737
2025-09-11,25.4200,26.0200,25.4100,25.4400,25.4400,687658
2025-09-12,25.5200,25.7900,24.9800,25.1800,25.1800,1185794
2025-09-15,25.3400,25.9700,25.1700,25.8400,25.8400,1059387
2025-09-16,25.8900,26.4200,25.6600,25.6600,25.6600,1487826
2025-09-17,25.4700,25.9400,25.1800,25.8500,25.8500,1440562
2025-09-18,25.8900,27.8800,25.6400,27.2200,27.2200,2469432
2025-09-19,27.0000,27.0100,26.2200,26.2200,26.2200,1876139
2025-09-22,26.2500,26.5400,25.9900,26.3600,26.3600,762311
2025-09-23,26.6000,26.7500,26.3500,26.7000,26.7000,1113468
2025-09-24,26.7600,27.6900,26.4200,27.4300,27.4300,1189637
2025-09-25,27.5800,28.0600,26.9500,26.9500,26.9500,926603
2025-09-26,26.8900,27.0400,26.0900,26.2800,26.2800,1070892
2025-09-29,26.3900,26.5000,25.7300,26.2200,26.2200,1096646
2025-09-30,26.0700,26.6300,25.8900,26.0100,26.0100,982841
2025-10-01,25.8000,26.4300,25.6400,26.2800,26.2800,1037457
2025-10-02,26.5000,27.1900,26.4600,27.1800,27.1800,1560509
2025-10-03,27.2200,27.2300,26.4500,26.9600,26.9600,832306
2025-10-06,27.0000,27.1900,26.7000,26.7000,26.7000,764498
2025-10-07,26.6000,27.0000,26.4200,26.5800,26.5800,865531
2025-10-08,26.3900,28.1200,26.2200,28.0000,28.0000,1626247
2025-10-09,28.0400,28.2800,26.8900,27.1200,27.1200,1434149
2025-10-10,27.2900,27.4400,26.2200,26.2200,26.2200,1251057
2025-10-13,26.5700,26.6400,26.0200,26.5400,26.5400,950415
2025-10-14,26.4300,27.7100,26.3900,26.9200,26.9200,1405720
2025-10-15,27.1300,27.1300,26.3600,26.8400,26.8400,1099850
2025-10-16,26.8800,26.8800,26.3100,26.6400,26.6400,854049
2025-10-17,26.2500,26.4200,25.8800,26.1800,26.1800,912128
2025-10-20,26.3100,26.6600,25.8900,26.6400,26.6400,941169
2025-10-21,26.5000,26.7300,26.1000,26.6300,26.6300,603283
2025-10-22,26.5300,26.8100,26.2800,26.4900,26.4900,684253
2025-10-23,26.4600,26.7600,26.2300,26.5900,26.5900,876043
2025-10-24,26.6300,26.8500,26.2100,26.4200,26.4200,640692
2025-10-27,26.4200,26.6100,25.9600,26.2100,26.2100,893574
2025-10-28,26.0000,26.3600,25.8300,25.8400,25.8400,812872
2025-10-29,25.9600,26.3600,24.2900,24.6100,24.6100,2299643
2025-10-30,24.7000,24.8600,24.3900,24.6300,24.6300,798086
2025-10-31,24.5600,24.6000,24.2200,24.2600,24.2600,909429
2025-11-03,24.1000,24.4900,23.4700,23.4700,23.4700,1120314
2025-11-04,23.1800,23.1800,22.6400,22.8500,22.8500,1440711
2025-11-05,22.7000,22.7500,22.3700,22.6500,22.6500,1133985
2025-11-06,24.0000,24.9800,23.7800,24.1400,24.1400,3057721
2025-11-07,24.0900,24.7000,22.1200,22.2400,22.2400,2517292
2025-11-10,22.4000,22.9500,22.3200,22.5800,22.5800,2234639
2025-11-11,22.5000,23.2100,22.2600,23.0100,23.0100,2030824
2025-11-12,22.9100,23.6700,22.6600,23.5500,23.5500,1655018
2025-11-13,23.6800,23.9700,23.4200,23.7200,23.7200,1558782
2025-11-14,23.5000,23.5800,22.8600,22.9400,22.9400,1581649
2025-11-17,22.9500,23.0000,22.0600,22.1700,22.1700,2101454
2025-11-18,21.3900,22.5000,21.0900,22.3000,22.3000,2106839
2025-11-19,22.4000,22.9700,22.2100,22.6300,22.6300,1288722
2025-11-20,22.7500,22.9300,22.3300,22.6100,22.6100,955900
2025-11-21,22.1200,22.4700,21.8100,22.1400,22.1400,1473507
2025-11-24,22.3500,22.3700,21.9600,22.1100,22.1100,1452608
2025-11-25,22.0500,22.4300,21.7500,22.4200,22.4200,1732036
2025-11-26,22.6400,23.0300,22.4900,22.9600,22.9600,956491
2025-11-27,22.9900,23.1700,22.9200,23.1200,23.1200,502918
2025-11-28,23.0300,23.2800,22.9200,23.2000,23.2000,589980
2025-12-01,23.0700,23.6000,22.6700,23.5600,23.5600,1015739
2025-12-02,23.4800,23.5000,23.0800,23.2200,23.2200,864270
2025-12-03,23.3700,23.6900,23.2200,23.6300,23.6300,979223
2025-12-04,23.7800,24.1700,23.5300,23.5800,23.5800,970387
2025-12-05,23.4700,24.3000,23.4500,23.7300,23.7300,1024856
2025-12-08,23.7800,24.1100,23.0800,23.1100,23.1100,977674
2025-12-09,23.1000,23.4000,22.8100,23.4000,23.4000,872790
2025-12-10,23.2100,23.3800,23.0400,23.2400,23.2400,619332
2025-12-11,23.2300,23.6500,23.0600,23.0600,23.0600,1049233
2025-12-12,22.9700,23.4300,22.8700,23.0900,23.0900,1227204
2025-12-15,23.2000,23.6900,23.1100,23.6900,23.6900,1187167
2025-12-16,23.5300,24.6900,23.4900,24.6900,24.6900,1869793
2025-12-17,24.7600,25.5400,24.3400,25.3800,25.3800,2056138
2025-12-18,25.4500,25.9100,25.4300,25.7200,25.7200,1362553
2025-12-19,25.6000,25.8800,24.8200,24.9800,24.9800,2103202
2025-12-22,25.0100,25.2800,24.8800,25.2800,25.2800,1154770
2025-12-23,25.4000,25.6600,24.8400,24.9200,24.9200,699902
2025-12-29,25.0000,25.3700,24.9300,25.1900,25.1900,902704
2025-12-30,25.2500,25.3400,25.0700,25.3400,25.3400,346620
2026-01-02,25.4800,25.7400,24.5600,24.6600,24.6600,885083
2026-01-05,24.7100,24.8200,23.8200,24.6000,24.6000,1285899
2026-01-06,24.8000,24.9600,24.0600,24.4400,24.4400,1308686
2026-01-07,24.4400,25.6400,24.1900,25.5700,25.5700,1832393
2026-01-08,25.7000,25.8500,24.4200,24.9800,24.9800,1747850
2026-01-09,25.0600,25.7300,24.6600,24.9400,24.9400,1216231
2026-01-12,25.0000,25.7500,25.0000,25.1800,25.1800,1320304
2026-01-13,25.7500,26.8100,25.7500,26.3800,26.3800,1691522
2026-01-14,26.4200,26.4300,25.2800,25.5100,25.5100,1409665
2026-01-15,25.5600,25.9600,25.2800,25.2800,25.2800,1057911
2026-01-16,25.2500,26.1300,24.8200,25.7200,25.7200,1878613
2026-01-19,25.1000,25.5900,24.8300,25.4600,25.4600,790505
2026-01-20,25.3200,25.3500,24.3700,24.7500,24.7500,1652090
2026-01-21,24.6400,24.7000,24.1400,24.3900,24.3900,1027947
2026-01-22,24.7700,25.0900,24.5900,24.9900,24.9900,926392
2026-01-23,24.7600,24.8400,23.7200,23.9600,23.9600,2104464
2026-01-26,23.9300,24.0400,23.4000,23.6500,23.6500,1259627
2026-01-27,23.7600,24.0600,23.5400,24.0600,24.0600,1137325
2026-01-28,24.0600,24.2700,23.8000,24.1100,24.1100,926495
2026-01-29,24.4600,24.9100,24.0300,24.2800,24.2800,1343070
2026-01-30,24.0700,24.5600,23.9800,24.3400,24.3400,890088
2026-02-02,24.3100,24.7900,24.0800,24.4300,24.4300,1009032
2026-02-03,24.5000,24.5000,20.8500,21.4800,21.4800,8486382
2026-02-04,21.5900,22.1700,21.1400,21.7100,21.7100,2215991
2026-02-05,21.9100,22.1800,21.4300,21.7800,21.7800,1339341
2026-02-06,21.7000,21.7100,21.0300,21.2900,21.2900,1581059
2026-02-09,21.3400,21.6900,21.0600,21.4100,21.4100,1053744
2026-02-10,21.5000,22.6400,21.4100,22.4000,22.4000,1812903
2026-02-11,22.2600,22.2600,20.9000,20.9000,20.9000,2562963
2026-02-12,21.2000,21.3300,20.6200,20.6800,20.6800,2040569
2026-02-13,20.7400,21.0000,20.3500,20.5100,20.5100,1648550
2026-02-16,20.7500,21.3600,20.6400,21.1400,21.1400,1422534
2026-02-17,21.0400,21.7300,21.0400,21.5600,21.5600,1692363
2026-02-18,21.6500,21.6500,20.7800,21.1600,21.1600,2004686
2026-02-19,21.1000,21.5200,21.0300,21.0300,21.0300,1035814
2026-02-20,21.0000,21.1000,20.6500,20.6900,20.6900,1575483
2026-02-23,20.5800,20.6800,20.0200,20.1700,20.1700,1487370
2026-02-24,20.1600,20.6900,20.0500,20.3800,20.3800,1210846
2026-02-25,20.3800,20.5900,20.2000,20.4900,20.4900,1295802
2026-02-26,20.6900,21.0200,20.4300,20.6400,20.6400,1678951
2026-02-27,20.4600,20.8700,20.3000,20.7500,20.7500,1654352
2026-03-02,20.0000,20.2300,19.5550,19.8300,19.8300,2183947
2026-03-03,19.5400,19.8850,18.7900,19.1600,19.1600,2508610
2026-03-04,19.4550,19.6900,19.1400,19.6650,19.6650,1483051
2026-03-05,19.6500,20.6500,19.4000,20.3800,20.3800,2487935
2026-03-06,20.4300,20.7500,20.2300,20.3200,20.3200,1839863
2026-03-09,20.2700,20.3700,19.8250,19.8400,19.8400,1264140
2026-03-10,20.2300,20.6100,20.0900,20.4100,20.4100,1198127
2026-03-11,20.2100,20.5800,20.0200,20.1100,20.1100,1274669
2026-03-12,21.0000,22.9000,20.5200,22.0200,22.0200,4832000
2026-03-13,21.7500,24.2000,21.6500,23.5400,23.5400,3939916
2026-03-16,23.6000,23.8200,22.6600,23.8200,23.8200,2891808
2026-03-17,23.6900,24.2600,23.5100,23.8700,23.8700,2029277
2026-03-18,23.8200,24.1500,23.3400,23.5400,23.5400,1733126
2026-03-19,23.0300,23.1800,22.3800,22.6900,22.6900,2798972
2026-03-20,22.9600,23.0200,21.7500,21.8900,21.8900,3399830
2026-03-23,21.2000,22.5400,21.0600,21.2200,21.2200,2172843
2026-03-24,21.5000,21.7900,21.2200,21.3400,21.3400,1532716
2026-03-25,21.5400,21.7600,21.1400,21.4700,21.4700,1488653
2026-03-26,21.4200,21.5200,20.4600,20.6400,20.6400,1818655
2026-03-27,20.5300,20.7500,20.1300,20.1300,20.1300,1828808
2026-03-30,20.0000,20.3000,19.5900,20.2400,20.2400,1835823
2026-03-31,20.3400,20.7700,20.3300,20.5500,20.5500,1437567
2026-04-01,21.1000,21.3000,20.6800,21.2400,21.2400,1276896
2026-04-02,20.7600,21.3200,20.6200,21.0000,21.0000,1431681
2026-04-07,20.9900,21.2600,20.2900,20.5000,20.5000,1658714
2026-04-08,21.6300,22.3700,21.5800,21.8600,21.8600,1730388
2026-04-09,21.6700,22.4000,21.5500,22.2800,22.2800,1372358
2026-04-10,22.3000,22.5700,21.8400,21.9800,21.9800,1041325
2026-04-13,21.7200,22.1500,21.7200,22.1100,22.1100,884429
2026-04-14,22.0200,22.4000,21.9000,22.1700,22.1700,953039
2026-04-15,22.2000,22.6800,22.0400,22.5700,22.5700,975047
2026-04-16,22.6500,23.6300,22.6100,23.2500,23.2500,1253258
2026-04-17,23.1100,23.9600,22.9400,23.5500,23.5500,1927082
2026-04-20,23.1100,23.4800,23.0500,23.3300,23.3300,883073
2026-04-21,23.3200,23.7500,23.0500,23.1300,23.1300,917199
2026-04-22,23.0200,23.0400,22.4500,22.6400,22.6400,1296143
2026-04-23,22.4500,22.7300,21.8400,22.0400,22.0400,1403738
2026-04-24,21.9000,22.2600,21.7100,21.9400,21.9400,1325540
2026-04-27,22.1000,22.4300,21.7500,21.8400,21.8400,1319985
2026-04-28,21.7200,21.8300,21.0000,21.1800,21.1800,1300592
2026-04-29,21.3400,21.5500,20.9500,21.1600,21.1600,1397535
2026-04-30,20.9000,21.2300,20.7300,21.0300,21.0300,1704082
2026-05-04,21.2000,21.4200,20.7900,20.9200,20.9200,1555784
2026-05-05,20.8600,21.4100,20.8000,20.8000,20.8000,1839477
2026-05-06,21.9200,21.9600,19.6900,20.4400,20.4400,5070567
2026-05-07,20.2300,20.7200,19.8800,20.2800,20.2800,3273478
2026-05-08,20.0600,20.6000,19.8200,19.8650,19.8650,2569646
2026-05-11,19.7450,20.3600,19.7400,20.2100,20.2100,2225821
2026-05-12,19.9900,20.0000,18.6100,19.0850,19.0850,4395076
2026-05-13,19.0850,19.5500,18.8500,19.3400,19.3400,1548852
2026-05-14,19.6400,19.6400,19.2150,19.4550,19.4550,1386673
2026-05-15,19.3550,19.5900,19.2300,19.3350,19.3350,1451526
2026-05-18,19.1850,20.0700,18.9400,19.6450,19.6450,1778737
2026-05-19,19.6700,20.1500,19.5950,19.6700,19.6700,1233488
2026-05-20,19.3600,20.2700,19.2750,20.1200,20.1200,1769331
2026-05-21,20.2000,20.7800,20.1400,20.6500,20.6500,1566769
2026-05-22,20.8000,21.2900,20.7800,20.8400,20.8400,1427287
2026-05-25,21.0000,21.7800,20.9600,21.7200,21.7200,781222
2026-05-26,21.6400,22.4400,21.4300,22.3600,22.3600,1359354
2026-05-27,22.2800,22.9300,22.2800,22.7600,22.7600,1537041
2026-05-28,22.6300,22.9300,22.2600,22.7900,22.7900,1197693
2026-05-29,22.8100,23.7500,22.8100,23.2900,23.2900,2752509
2026-06-01,23.2100,23.5700,22.6900,22.9300,22.9300,1321584
2026-06-02,23.1200,24.0800,23.0400,23.5800,23.5800,1693028
2026-06-03,23.4300,24.3800,23.2200,23.3600,23.3600,1712215
2026-06-04,23.3800,23.8900,23.3100,23.7700,23.7700,971464
2026-06-05,23.6800,24.8600,23.5900,24.6400,24.6400,1620253
2026-06-08,24.0900,24.4500,23.8300,24.0100,24.0100,1341196
2026-06-09,23.9900,24.6700,23.9600,24.5000,24.5000,1516226
2026-06-10,24.4400,25.1500,24.3500,25.1500,25.1500,1328542
2026-06-11,24.8600,25.3500,24.5500,25.1000,25.1000,1006440
2026-06-12,25.2300,25.9700,24.6300,24.6300,24.6300,1375267
2026-06-15,25.0400,25.2700,24.0600,24.2700,24.2700,1114513
2026-06-16,24.2500,24.4300,23.7700,23.7700,23.7700,988655
2026-06-17,23.8000,25.2700,23.8000,24.3100,24.3100,1215087
2026-06-18,24.3200,24.7400,23.9700,24.4900,24.4900,1237145
2026-06-19,24.3400,24.4400,23.9800,24.2500,24.2500,1951779
2026-06-22,24.1100,25.7600,23.9800,25.2400,25.2400,1498022
2026-06-23,25.0000,25.6200,24.7900,25.5000,25.5000,1104700
2026-06-24,25.3000,26.3700,25.2500,26.3700,26.3700,1394429
2026-06-25,26.3700,26.3700,26.3700,26.3700,26.3700,0
2026-06-26,24.3100,25.5200,23.7700,24.9200,24.9200,4272305
2026-06-29,25.0000,25.8300,24.9200,25.1500,25.1500,1536941
2026-06-30,25.3400,25.8300,24.9700,25.3700,25.3700,1054623
2026-07-01,25.4200,25.8800,24.6600,25.6600,25.6600,0
2026-07-02,25.5000,26.7400,25.3000,26.7400,26.7400,1027043
2026-07-03,26.6500,27.1400,26.2400,27.0300,27.0300,968396
2026-07-06,27.1100,27.6600,27.0800,27.1900,27.1900,929049
2026-07-07,27.4700,27.5100,26.8900,27.2400,27.2400,965025
2026-07-08,27.1000,27.2800,25.7000,26.1700,26.1700,1205652
2026-07-09,26.3400,27.1600,26.0000,27.0500,27.0500,893100
2026-07-10,27.3000,27.3500,26.7600,26.9500,26.9500,861738
2026-07-13,26.6900,27.4900,26.4700,27.1800,27.1800,833305
2026-07-14,27.1600,27.7700,27.0200,27.7500,27.7500,1242871
2026-07-15,27.6700,28.0600,26.8700,27.8400,27.8400,799030
2026-07-16,27.4900,27.9700,27.3500,27.9700,27.9700,1732307
2026-07-17,27.7100,28.2100,27.5000,27.9100,27.9100,922333
2026-07-20,27.7400,28.5800,27.7000,28.3500,28.3500,1030257
2026-07-21,28.3000,28.4600,27.8400,28.2300,28.2300,760703
2026-07-22,28.0000,28.8200,27.9500,28.2200,28.2200,963204
2026-07-23,28.2900,28.3000,27.0700,27.0700,27.0700,1000596
2026-07-24,27.0600,27.5400,26.6200,27.4400,27.4400,664427
2026-07-27,27.9100,28.9100,27.8400,28.5700,28.5700,1036703
2026-07-28,28.6600,29.9300,28.5200,29.8500,29.8500,1310480
2026-07-29,29.6200,30.2400,29.1000,30.2400,30.2400,1304276
2026-07-30,30.0000,30.4300,28.9500,28.9500,28.9500,1429137
2026-07-31,28.6100,28.9300,28.2600,28.2600,28.2600,1448122
2026-08-03,28.6800,29.5400,28.5600,29.1100,29.1100,1646602
2026-08-04,26.0000,26.0000,23.8600,25.2200,25.2200,7233445
2026-08-05,25.0000,25.3800,24.2500,24.4600,24.4600,2511296
2026-08-06,24.8000,25.6400,24.7000,25.1400,25.1400,1852991
2026-08-07,25.0400,25.1300,24.5100,24.6100,24.6100,1690549
2026-08-10,24.6200,24.9200,24.4500,24.8000,24.8000,1257837
2026-08-11,24.6800,24.8000,24.0500,24.0700,24.0700,1338190
2026-08-12,24.2500,24.7400,23.9000,24.0200,24.0200,1788246
2026-08-13,24.2400,24.3000,23.9200,23.9800,23.9800,1219622
2026-08-14,24.1200,24.4600,23.5900,23.6000,23.6000,1175421
2026-08-17,23.5700,23.5700,22.6300,22.7800,22.7800,1472624
2026-08-18,22.6800,22.9400,22.6000,22.6800,22.6800,1251489
2026-08-19,22.5200,22.7100,22.2500,22.5600,22.5600,1122880
2026-08-20,22.4500,22.6100,22.3200,22.4700,22.4700,791238
2026-08-21,22.4900,22.7800,22.4400,22.7800,22.7800,910900
2026-08-24,22.8900,23.0200,22.6700,22.9500,22.9500,904655
2026-08-25,22.9500,23.7300,22.8300,23.4400,23.4400,1203442
2026-08-26,23.4400,23.4400,23.0900,23.2200,23.2200,699775
2026-08-27,23.0300,24.0000,23.0200,24.0000,24.0000,1434417
2026-08-28,24.0900,24.2400,23.8300,24.1600,24.1600,914794
2026-08-31,24.0000,24.8400,24.0000,24.6500,24.6500,2095347
2026-09-01,24.4100,24.8900,24.0200,24.2000,24.2000,1012764
2026-09-02,23.9900,24.0500,22.9100,23.0700,23.0700,1467017
2026-09-03,23.1000,23.2000,22.6600,22.8200,22.8200,1834905
2026-09-04,22.8500,23.6800,22.7200,23.5100,23.5100,1143952
