date,open,high,low,close,adj_close,volume
2000-01-03,1081.3395,1081.3395,1081.3395,1081.3395,1071.2491,0
2000-01-04,1087.2809,1087.3237,1057.5739,1083.7161,1073.6040,5244801
2000-01-05,1085.4985,1118.1763,1052.8207,1090.8458,1080.6667,10629088
2000-01-06,1090.8458,1136.0006,1090.8458,1126.4943,1115.9825,7153203
2000-01-07,1119.3646,1184.7203,1114.6115,1181.1555,1170.1338,12704092
2000-01-10,1176.4023,1196.6031,1119.3646,1138.3772,1127.7546,4375085
2000-01-11,1152.6366,1152.6366,1099.1638,1120.5529,1110.0967,3928507
2000-01-12,1103.9169,1138.3772,1103.9169,1136.0006,1125.3999,6795843
2000-01-13,1132.4358,1143.1302,1113.4232,1117.5822,1107.1534,11373295
2000-01-14,1136.0006,1157.3898,1109.8583,1150.2600,1139.5266,7205219
2000-01-17,1107.4818,1107.4818,1097.9755,1099.7579,1089.4956,5458025
2000-01-18,1112.2349,1116.9882,1057.5739,1073.0215,1063.0084,7009326
2000-01-19,1074.2098,1077.7747,1020.7370,1029.6490,1020.0411,9111125
2000-01-20,1028.4608,1045.6909,988.6533,1001.7244,992.3770,7385417
2000-01-21,1019.5487,1019.5487,974.3938,992.8123,983.5479,3956528
2000-01-24,988.6533,1006.4775,962.5110,970.2348,961.1808,2150088
2000-01-25,978.5528,986.2767,936.3687,973.2055,964.1241,11939941
2000-01-26,974.3938,974.3938,943.4984,955.9754,947.0547,13031146
2000-01-27,961.3227,970.8290,912.6030,933.3980,924.6880,4710857
2000-01-28,936.3687,941.1218,917.3561,924.4859,915.8589,8303891
2000-01-31,925.6741,931.0214,894.7787,899.5319,891.1380,5363694
2000-02-01,922.1093,922.1093,857.9419,876.3603,868.1829,6746361
2000-02-02,877.0852,895.9670,831.7996,850.2180,842.2841,6756925
2000-02-03,862.6950,874.5779,843.6825,860.3184,852.2905,7627296
2000-02-04,870.5068,888.8373,831.2055,839.5235,831.6892,10260543
2000-02-07,843.5090,855.5653,781.8916,822.8875,815.2086,7818861
2000-02-08,822.8875,830.6113,796.1510,802.0925,794.6082,13460835
2000-02-09,802.0925,817.5402,800.9042,804.4690,796.9623,8671056
2000-02-10,803.8749,829.4230,794.9628,811.0046,803.4368,7104162
2000-02-11,803.2808,823.4816,791.3979,794.9628,787.5447,10021040
2000-02-14,803.3473,805.6573,790.2096,799.7159,792.2533,5546662
2000-02-15,803.8749,853.1887,803.8749,810.4105,802.8483,8123067
2000-02-16,843.6825,881.7076,810.4105,870.4189,862.2964,9999903
2000-02-17,854.6622,910.8206,854.6622,907.2557,898.7899,7165814
2000-02-18,914.9796,941.1218,898.9377,923.8917,915.2701,7068023
2000-02-21,924.9184,947.0633,893.5904,917.3561,908.7958,4506025
2000-02-22,950.6281,992.2181,916.1679,929.2390,920.5682,20493350
2000-02-23,929.2390,974.3938,926.8624,933.3980,924.6880,14812199
2000-02-24,929.2390,949.4398,850.8122,863.8833,855.8224,5341703
2000-02-25,856.7536,891.2139,827.0465,860.3184,852.2905,11844144
2000-02-28,893.5904,893.5904,836.5527,857.3477,849.3473,3403430
2000-02-29,843.6825,923.2976,831.7996,916.7620,908.2073,14982539
2000-03-01,901.8229,950.6281,901.8229,946.4691,937.6374,13516916
2000-03-02,950.6281,954.7871,924.4859,947.6574,938.8145,3701952
2000-03-03,936.3687,949.4398,907.8499,922.1093,913.5047,3608773
2000-03-06,932.2097,933.9921,895.9670,904.8791,896.4355,3701519
2000-03-07,903.0967,906.6616,797.9335,825.2640,817.5632,17956074
2000-03-08,822.3765,846.0590,772.3853,811.0046,803.4368,14134163
2000-03-09,823.4816,843.6825,820.5109,834.7703,826.9808,7486537
2000-03-10,835.0080,848.4356,811.5988,816.3519,808.7344,9375942
2000-03-13,840.1176,840.1176,768.2263,805.0632,797.5507,3988122
2000-03-14,802.2517,824.6699,791.3979,820.5109,812.8544,7161576
2000-03-15,803.2808,871.0130,803.2808,863.2892,855.2335,7673006
2000-03-16,853.1887,955.3813,853.1887,936.3687,927.6312,15366699
2000-03-17,950.6281,974.3938,897.1553,903.0967,894.6694,6477396
2000-03-20,903.0967,910.2264,881.7076,900.7201,892.3149,3089340
2000-03-21,897.1553,943.4984,888.8373,933.3980,924.6880,4589084
2000-03-22,938.7453,950.6281,916.1679,934.5863,925.8656,6009947
2000-03-23,942.3101,944.6867,909.6323,925.0800,916.4474,4722792
2000-03-24,924.4859,943.4984,912.6030,923.8917,915.2701,6281542
2000-03-27,929.3317,931.6156,912.6030,919.1386,910.5616,3323827
2000-03-28,923.8489,934.5863,903.6909,926.8624,918.2134,7048133
2000-03-29,943.4984,943.4984,918.5444,924.4859,915.8589,4111738
2000-03-30,933.9921,941.1218,917.3561,922.1093,913.5047,5817465
2000-03-31,949.4398,980.3353,931.6156,954.7871,945.8774,5812027
2000-04-03,953.0807,979.1470,943.4984,952.4106,943.5233,5846363
2000-04-04,950.6281,1033.8081,950.6281,1018.9545,1009.4463,10810127
2000-04-05,950.6281,1040.9377,950.6281,1016.5780,1007.0920,3443321
2000-04-06,1037.3729,1037.3729,983.9001,995.7830,986.4911,4790146
2000-04-07,994.0409,1014.7955,966.0758,1008.8541,999.4402,10160468
2000-04-10,991.0298,1003.5068,960.1344,973.7997,964.7125,39322259
2000-04-11,991.0298,1008.8541,967.2641,979.1470,970.0104,5293319
2000-04-12,998.7465,1026.6783,986.8708,1024.8960,1015.3320,12472229
2000-04-13,1019.4465,1043.3145,1005.2892,1011.2307,1001.7947,8475765
2000-04-14,1020.5017,1026.6783,981.5235,1007.0717,997.6743,5633573
2000-04-17,974.3938,991.0298,955.3813,976.1763,967.2772,4448427
2000-04-18,971.0429,1018.3604,961.9168,975.5821,966.6885,3840793
2000-04-19,983.9001,983.9001,933.9921,940.5277,931.9534,2948360
2000-04-20,950.6281,968.4524,924.4859,961.9168,953.1477,4224474
2000-04-21,960.1344,960.1344,960.1344,960.1344,951.3818,0
2000-04-24,960.1344,960.1344,960.1344,960.1344,951.3818,0
2000-04-25,961.8455,998.1595,961.8455,995.1888,986.1165,7095013
2000-04-26,1000.5361,1002.3185,950.6281,953.0047,944.3168,6954876
2000-04-27,948.8457,953.0047,906.6616,914.3854,906.0496,3756965
2000-04-28,917.3561,917.3561,903.0967,915.5737,907.2274,3189391
2000-05-01,914.9796,914.9796,914.9796,914.9796,906.6384,0
2000-05-02,909.0381,926.8624,901.3143,915.5737,907.2274,31621408
2000-05-03,914.9796,919.7327,826.4523,828.8289,821.2728,11349831
2000-05-04,863.2892,871.6072,853.1887,868.0423,860.1294,1966148
2000-05-05,872.2013,914.9796,868.6364,897.1553,888.9768,6030484
2000-05-08,894.1252,919.7327,884.0842,892.4021,884.2668,2262044
2000-05-09,907.8499,916.7620,898.3436,911.4147,903.1061,3966905
2000-05-10,919.7327,985.6825,919.7327,959.5403,950.7929,18310832
2000-05-11,964.2673,1017.1721,961.9168,1008.8541,999.6576,13526926
2000-05-12,1019.5487,1019.5487,991.6240,1010.0424,1000.8346,5151141
2000-05-15,1017.1721,1038.5612,1001.1302,1028.4608,1019.0847,5855604
2000-05-16,1033.8081,1051.6324,1025.4901,1033.8081,1024.3840,7183199
2000-05-17,1045.6909,1045.6909,1000.5361,1024.8960,1015.5528,5022523
2000-05-18,1012.4190,1074.2098,1012.4190,1070.0508,1060.2964,6079553
2000-05-19,1064.7035,1116.9882,1055.1971,1100.3521,1090.3214,9058315
2000-05-22,1093.2224,1132.4358,1082.5278,1112.8291,1102.6841,16247292
2000-05-23,1108.6700,1121.7412,1089.0634,1110.4525,1100.3298,5628259
2000-05-24,1105.1052,1140.7538,1097.3813,1131.8416,1121.5239,20181264
2000-05-25,1124.1178,1136.0006,1090.2516,1116.3939,1106.2174,11412457
2000-05-26,1108.0759,1120.5529,1093.2224,1112.8291,1102.6841,5864655
2000-05-29,1112.2349,1112.2349,1112.2349,1112.2349,1102.0955,0
2000-05-30,1095.5989,1106.7094,1095.5989,1095.5989,1085.6108,5354305
2000-05-31,1048.6617,1116.3939,1048.0675,1048.6617,1039.1021,5898444
2000-06-01,1045.6909,1046.5465,1031.7500,1045.6909,1036.1576,47457629
2000-06-02,1021.9252,1025.5376,1013.6072,1021.9252,1012.6091,8633093
2000-06-05,1038.5612,1049.3510,1038.5612,1038.5612,1029.0938,4100099
2000-06-06,1031.4315,1064.7035,1017.1721,1055.1971,1045.5774,5190795
2000-06-07,1070.0508,1071.8333,1033.8081,1061.7328,1052.0540,8164940
2000-06-08,1064.7035,1067.0801,1012.4190,1036.1847,1026.7385,11313778
2000-06-09,1052.5592,1052.5592,1025.4901,1033.2139,1023.7950,4433846
2000-06-12,1040.9377,1057.5739,1030.2432,1051.6324,1042.0454,2310013
2000-06-13,1063.5153,1083.7161,1038.5612,1067.0801,1057.3524,3632330
2000-06-14,1116.9882,1116.9882,1058.1678,1067.0801,1057.3524,8430200
2000-06-15,1085.8075,1091.4399,1062.3269,1078.9629,1069.1266,2935955
2000-06-16,1069.4565,1097.9755,1069.4565,1093.2224,1083.2567,3920383
2000-06-19,1084.3102,1102.1345,1076.5864,1093.2224,1083.2567,1746306
2000-06-20,1094.4106,1097.9755,1081.3395,1093.2224,1083.2567,2587520
2000-06-21,1080.7454,1087.8252,1071.2391,1083.7161,1073.8368,4972363
2000-06-22,1069.4565,1095.0833,1069.4565,1078.9629,1069.1266,2685881
2000-06-23,1059.9504,1059.9504,975.5821,981.5235,972.5757,10528526
2000-06-26,974.3938,998.1595,950.6281,993.4064,984.3505,7735299
2000-06-27,1000.5361,1004.6951,986.2767,986.2767,977.2856,2870778
2000-06-28,993.4064,998.1595,970.8290,974.3938,965.5110,6016877
2000-06-29,974.3938,977.9587,941.1218,943.4984,934.8974,15278618
2000-06-30,939.9336,961.3227,939.9336,950.6281,941.9620,5605111
2000-07-03,948.6461,960.1344,920.9210,955.3813,946.6717,5961212
2000-07-04,955.1888,955.1888,929.2390,935.1804,926.6553,7361722
2000-07-05,938.7453,955.9754,932.8038,953.0047,944.3168,8557204
2000-07-06,951.2223,972.0173,950.6281,969.0465,960.2124,4859293
2000-07-07,969.6407,998.1595,955.3813,957.7578,949.0267,5272392
2000-07-10,945.8750,964.8875,945.8750,958.3520,949.6155,3002600
2000-07-11,960.1344,966.0758,953.0047,958.3520,949.6155,7398865
2000-07-12,957.0163,960.1344,948.8457,953.0047,944.3168,6485085
2000-07-13,951.8164,953.0047,936.9628,938.7453,930.1877,7160972
2000-07-14,940.5277,957.7578,938.7453,938.7453,930.1877,6200463
2000-07-17,949.4398,961.3227,949.4398,951.2223,942.5507,2928488
2000-07-18,940.5277,957.7578,940.5277,957.1637,948.4379,4801764
2000-07-19,957.1637,974.9880,957.1637,969.6407,960.8010,6237836
2000-07-20,969.6407,986.2767,964.8875,969.6407,960.8010,3180852
2000-07-21,969.6407,986.2767,955.3813,955.3813,946.6717,3048123
2000-07-24,967.2641,967.2641,950.6281,953.0047,944.3168,2170939
2000-07-25,957.5677,977.9587,948.2516,972.0173,963.1562,2103372
2000-07-26,967.2641,974.3938,967.2641,968.6663,959.8359,2449474
2000-07-27,967.2641,974.9880,956.5696,966.0758,957.2691,3357056
2000-07-28,957.7578,966.0758,950.0340,955.3813,946.6717,1397852
2000-07-31,953.5988,961.3227,922.1093,948.2516,939.6070,5275189
2000-08-01,948.2516,963.6993,929.2390,957.7578,949.0267,4640418
2000-08-02,950.6281,1024.8960,950.6281,1015.9838,1006.7220,10846821
2000-08-03,1024.3018,1043.3145,996.3771,1012.4190,1003.1897,6711551
2000-08-04,1020.6371,1040.9377,1011.8248,1024.3018,1014.9642,9194593
2000-08-07,1029.0549,1052.8207,1024.8960,1048.0675,1038.5133,3859001
2000-08-08,1042.1261,1048.6617,1018.3604,1019.5487,1010.2543,3987267
2000-08-09,1020.7370,1033.8081,998.1595,1012.4190,1003.1897,7423719
2000-08-10,1014.7955,1024.3018,1007.6658,1021.9252,1012.6091,5973565
2000-08-11,1024.3018,1038.5612,1020.7370,1034.9965,1025.5613,7066894
2000-08-14,1035.2340,1048.6617,1013.6072,1024.3018,1014.9642,4202138
2000-08-15,1027.0087,1050.4441,1015.9838,1037.3729,1027.9158,4074243
2000-08-16,1033.8081,1064.7035,1033.8081,1053.4148,1043.8115,5512570
2000-08-17,1056.3855,1058.7621,1033.8081,1042.1261,1032.6254,3859193
2000-08-18,1042.1261,1043.3145,1023.7077,1040.9377,1031.4479,3202169
2000-08-21,1037.3729,1056.3855,1036.1847,1052.8207,1043.2229,1962836
2000-08-22,1050.4441,1061.7328,1043.1313,1052.8207,1043.2229,2885985
2000-08-23,1062.3269,1062.9211,1035.5905,1043.3145,1033.8036,2906523
2000-08-24,1050.4441,1074.2098,1048.0675,1062.3269,1052.6425,2988104
2000-08-25,1060.5446,1069.4565,1040.9377,1049.8499,1040.2797,3254375
2000-08-28,1048.0675,1048.0675,1048.0675,1048.0675,1038.5133,0
2000-08-29,1052.8207,1062.3269,1051.6324,1055.7914,1046.1667,4552075
2000-08-30,1061.1387,1062.3269,1040.9377,1045.6909,1036.1576,3010554
2000-08-31,1045.6909,1045.6909,1025.4901,1025.4901,1016.1418,2444748
2000-09-01,1025.4901,1030.2432,1010.0424,1030.2432,1020.8514,5583462
2000-09-04,1027.2725,1031.4315,998.7537,1018.9545,1009.6653,3588986
2000-09-05,1000.5361,1011.2307,980.9294,991.0298,981.9954,3342149
2000-09-06,989.9960,1011.8248,981.5235,991.0298,981.9954,15401797
2000-09-07,998.1595,1002.9127,986.2767,993.4064,984.3505,3625594
2000-09-08,1000.5361,1006.4775,986.2767,991.6240,982.5844,2792622
2000-09-11,995.7830,995.7830,981.5235,986.2767,977.2856,4107754
2000-09-12,988.6533,1007.6658,988.6533,1000.5361,991.4148,4048587
2000-09-13,1008.2600,1015.9838,1000.5361,1000.5361,991.4148,2349804
2000-09-14,1008.8541,1008.8541,983.9001,992.8123,983.7616,4319077
2000-09-15,993.4064,1019.5487,985.0884,1002.9127,993.7700,7112760
2000-09-18,1002.9127,1007.2808,986.2767,995.7830,986.7053,4296146
2000-09-19,995.1888,1015.9838,993.4064,1007.6658,998.4799,3003403
2000-09-20,1007.6658,1010.0424,993.4064,996.9712,987.8826,4711849
2000-09-21,995.1888,996.9712,986.2767,995.1888,986.1165,3631109
2000-09-22,982.7118,1011.8248,982.7118,1007.6658,998.4799,7303557
2000-09-25,1001.0708,1014.7955,998.1595,999.3478,990.2376,2061964
2000-09-26,996.9712,1005.2892,985.6825,991.0298,981.9954,3940197
2000-09-27,991.0298,1005.2892,984.4943,996.9712,987.8826,4783172
2000-09-28,996.9712,1012.4190,987.4650,1006.4775,997.3021,4308303
2000-09-29,1006.4775,1043.3145,1006.4775,1040.9377,1031.4479,3690344
2000-10-02,1040.9377,1052.2264,1030.2432,1033.8081,1024.3840,2462471
2000-10-03,1040.9377,1048.0675,1026.6783,1037.9670,1028.5045,2533153
2000-10-04,1037.9670,1057.5739,1033.8081,1050.4441,1040.8680,3319213
2000-10-05,1052.8207,1067.0801,1050.4441,1065.8918,1056.1754,2816092
2000-10-06,1069.4565,1112.2349,1068.2684,1109.8583,1099.7404,10606672
2000-10-09,1101.5403,1109.2642,1096.1931,1107.4818,1097.3859,3105938
2000-10-10,1107.4818,1115.2056,1084.3102,1105.1052,1095.0304,2300624
2000-10-11,1102.7286,1110.4525,1089.6575,1110.4525,1100.3298,3422120
2000-10-12,1102.7286,1121.7412,1094.4106,1100.9462,1090.9102,6328900
2000-10-13,1093.2224,1102.7286,1075.9922,1102.7286,1092.6758,5018364
2000-10-16,1102.7286,1112.2349,1094.4106,1112.2349,1102.0955,2345923
2000-10-17,1100.3521,1140.7538,1100.3521,1120.5529,1110.3383,6954773
2000-10-18,1135.1213,1174.6199,1119.3646,1143.1302,1132.7095,8396394
2000-10-19,1151.4840,1151.4840,1094.4106,1108.6700,1098.5630,7225198
2000-10-20,1093.8165,1095.0048,1064.7035,1078.9629,1069.1266,4304409
2000-10-23,1086.6868,1093.2224,1057.5739,1074.2098,1064.4171,2174656
2000-10-24,1078.9629,1094.4106,1062.3269,1086.6868,1076.7798,3841076
2000-10-25,1088.3005,1112.2349,1088.3005,1107.4818,1097.3859,3757079
2000-10-26,1107.4818,1119.3646,1098.5696,1105.1052,1095.0304,1987261
2000-10-27,1105.1052,1114.6115,1083.1219,1104.5111,1094.4423,3178083
2000-10-30,1102.0157,1131.2476,1096.1931,1124.1178,1113.8704,1887459
2000-10-31,1124.1178,1134.8123,1102.7286,1108.0759,1097.9744,3753747
2000-11-01,1117.6820,1130.0592,1094.4106,1127.6826,1117.4027,5595512
2000-11-02,1128.2769,1151.4482,1112.2349,1124.1178,1113.8704,8161817
2000-11-03,1105.1052,1195.4149,1105.1052,1188.2733,1177.4407,8821510
2000-11-06,1201.3563,1213.2393,1182.9379,1206.7036,1195.7024,5371416
2000-11-07,1206.3470,1247.6993,1206.3470,1245.3229,1233.9707,12054114
2000-11-08,1247.6993,1247.6993,1222.7454,1247.6993,1236.3247,6305761
2000-11-09,1247.2479,1279.7831,1240.5697,1273.8417,1262.2292,8520700
2000-11-10,1278.5948,1311.8668,1276.8124,1309.4904,1297.5527,8244609
2000-11-13,1299.3898,1340.3857,1295.2308,1321.3730,1309.4368,10146020
2000-11-14,1332.6617,1332.6617,1272.6534,1282.7538,1271.1666,5158492
2000-11-15,1283.3480,1283.3480,1266.7120,1279.7831,1268.2229,3964278
2000-11-16,1280.9714,1314.8375,1280.9714,1299.9840,1288.2415,4446736
2000-11-17,1302.0635,1321.3730,1283.3480,1307.1136,1295.3063,2141796
2000-11-20,1311.8668,1328.5028,1296.4191,1326.1263,1314.1475,3368076
2000-11-21,1333.2560,1340.3857,1320.7791,1340.3857,1328.2781,5766194
2000-11-22,1328.5028,1358.2100,1328.5028,1351.0802,1338.8761,6698348
2000-11-23,1351.0802,1353.4568,1313.0551,1314.2434,1302.3717,3657308
2000-11-24,1299.3898,1314.2434,1294.0426,1310.0844,1298.2501,425744
2000-11-27,1298.7957,1318.9965,1283.9421,1315.4316,1303.5490,1401842
2000-11-28,1323.7498,1329.6910,1310.6785,1328.5028,1316.5023,3718566
2000-11-29,1324.9380,1345.1388,1321.3730,1332.6617,1320.6238,4835909
2000-11-30,1330.8794,1395.0468,1330.8794,1387.9171,1375.3802,3017361
2000-12-01,1403.3647,1403.3647,1348.1095,1364.1514,1351.8296,3183568
2000-12-04,1366.5280,1366.5280,1340.3857,1347.5154,1335.3433,5229611
2000-12-05,1352.4824,1371.2811,1338.0092,1345.1388,1332.9893,4311211
2000-12-06,1349.8920,1349.8920,1263.1471,1272.0593,1260.5690,6851059
2000-12-07,1266.7120,1286.9128,1253.6409,1273.8417,1262.3351,5649315
2000-12-08,1273.8417,1294.0426,1260.1764,1269.0886,1257.6246,4365515
2000-12-11,1269.0886,1269.0886,1212.0509,1234.0341,1222.8870,5058040
2000-12-12,1222.1512,1236.4106,1217.3982,1232.2517,1221.1215,5358399
2000-12-13,1240.5697,1266.7120,1212.6450,1213.2393,1202.2803,5271889
2000-12-14,1216.8040,1249.4819,1214.4274,1233.4399,1222.2985,3502604
2000-12-15,1243.5404,1279.7831,1231.0634,1269.0886,1257.6246,7941889
2000-12-18,1271.0850,1301.1722,1270.2769,1286.9128,1275.2885,3436915
2000-12-19,1286.9128,1304.7371,1273.8417,1290.4777,1278.8209,1206238
2000-12-20,1278.0007,1351.0802,1278.0007,1347.5154,1335.3433,3426777
2000-12-21,1337.7856,1352.2686,1303.5488,1330.8794,1318.8575,4761203
2000-12-22,1330.8794,1338.0092,1313.0551,1323.7498,1311.7927,1424411
2000-12-25,1330.8794,1338.0092,1313.0551,1323.7498,1311.7927,0
2000-12-26,1330.8794,1338.0092,1313.0551,1323.7498,1311.7927,0
2000-12-27,1314.2434,1366.5280,1314.2434,1361.7748,1349.4738,2379645
2000-12-28,1361.7748,1361.7748,1340.9799,1359.3982,1347.1190,670244
2000-12-29,1359.3982,1368.9045,1345.1388,1361.7748,1349.4738,705370
2001-01-01,1359.3982,1368.9045,1345.1388,1361.7748,1349.4738,0
2001-01-02,1343.9504,1371.2811,1343.9504,1364.1514,1351.8296,3050192
2001-01-03,1361.7748,1365.3397,1338.0092,1352.2686,1340.0535,3163690
2001-01-04,1355.2393,1355.2393,1266.7120,1280.9714,1269.4000,10225799
2001-01-05,1250.0760,1250.0760,1210.8625,1242.9463,1231.7185,8060739
2001-01-08,1230.3243,1261.9589,1223.9337,1233.4399,1222.2985,4661544
2001-01-09,1233.4399,1242.9463,1200.1680,1209.6743,1198.7479,9696687
2001-01-10,1212.8351,1226.9044,1182.3438,1193.0383,1182.2615,3414050
2001-01-11,1197.1973,1212.0509,1176.4023,1200.1680,1189.3268,4745628
2001-01-12,1203.7329,1233.4399,1193.0383,1228.6869,1217.5879,2708183
2001-01-15,1228.6869,1238.1931,1196.6031,1207.2977,1196.3928,2265913
2001-01-16,1215.0216,1235.8167,1204.9211,1229.8752,1218.7651,3606908
2001-01-17,1229.8752,1251.2643,1185.9086,1195.4149,1184.6176,7217892
2001-01-18,1193.6324,1195.4149,1163.3312,1169.2726,1158.7104,2728561
2001-01-19,1195.4149,1195.4149,1145.5070,1160.9546,1150.4677,3677711
2001-01-22,1152.6366,1191.8500,1152.6366,1185.9086,1175.1963,4196426
2001-01-23,1186.5027,1206.1094,1181.1555,1191.8500,1181.0836,5611337
2001-01-24,1200.1680,1203.7329,1171.6492,1171.6492,1161.0654,2902967
2001-01-25,1190.3053,1190.3053,1164.5195,1176.4023,1165.7759,3755625
2001-01-26,1184.7203,1212.0509,1181.1555,1203.7329,1192.8594,5185819
2001-01-29,1216.8040,1217.9923,1203.7329,1209.6743,1198.7479,3209604
2001-01-30,1211.7896,1231.0634,1188.2852,1229.8752,1218.7651,4534049
2001-01-31,1210.6298,1260.1764,1210.6298,1226.3103,1215.2334,3523431
2001-02-01,1245.7079,1251.8584,1226.3103,1231.0634,1219.9437,2601551
2001-02-02,1225.1219,1245.3229,1221.5573,1235.8167,1224.6538,2249211
2001-02-05,1236.8979,1261.9589,1228.6869,1247.6993,1236.4287,2033809
2001-02-06,1252.4526,1267.3062,1245.9170,1250.0760,1238.7842,2952406
2001-02-07,1242.9463,1276.2183,1242.9463,1273.8417,1262.3351,6051117
2001-02-08,1309.4904,1309.4904,1246.5111,1261.9589,1250.5603,4798330
2001-02-09,1267.2990,1285.1304,1259.5823,1277.4066,1265.8682,2636651
2001-02-12,1279.1890,1294.0426,1268.4944,1276.2183,1264.6909,1435527
2001-02-13,1272.6534,1306.5195,1272.6534,1303.5488,1291.7739,2760464
2001-02-14,1302.3605,1328.5028,1278.5948,1283.3480,1271.7557,4221640
2001-02-15,1283.3480,1291.6660,1250.0760,1252.4526,1241.1394,4391267
2001-02-16,1246.5111,1271.4651,1246.5111,1267.9003,1256.4478,3809850
2001-02-19,1277.4066,1290.4777,1273.8417,1282.1597,1270.5781,2213616
2001-02-20,1286.9128,1288.1011,1259.5823,1271.4651,1259.9802,2769692
2001-02-21,1273.8417,1283.3480,1269.0886,1282.1597,1270.5781,2932861
2001-02-22,1271.4651,1280.9714,1261.9589,1278.5948,1267.0455,2992914
2001-02-23,1269.1718,1288.1011,1219.1805,1241.7581,1230.5406,2823365
2001-02-26,1254.8291,1254.8291,1209.6743,1216.8040,1205.8127,2613676
2001-02-27,1220.3689,1231.0634,1212.0509,1231.0634,1219.9437,2217312
2001-02-28,1231.0634,1265.5237,1222.7454,1228.6869,1217.5879,2938991
2001-03-01,1260.7706,1283.3480,1228.6869,1271.4651,1259.9802,4630624
2001-03-02,1280.9714,1285.4869,1263.7413,1275.0300,1263.5131,2721848
2001-03-05,1276.2183,1282.1597,1246.5111,1263.1471,1251.7373,3761379
2001-03-06,1263.1471,1263.1471,1239.3813,1259.5823,1248.2043,2984694
2001-03-07,1254.8291,1273.8417,1240.1418,1257.2057,1245.8491,2935830
2001-03-08,1266.7120,1270.8710,1247.6993,1266.7120,1255.2699,2959770
2001-03-09,1264.3354,1285.7246,1259.5823,1273.8417,1262.3351,2396841
2001-03-12,1277.4066,1277.4066,1245.3229,1261.9589,1250.5603,2914965
2001-03-13,1252.6427,1257.2057,1240.5697,1251.2643,1239.9618,7229104
2001-03-14,1242.9463,1247.6993,1195.4149,1225.1219,1214.0553,4045405
2001-03-15,1216.6305,1227.4987,1195.9615,1210.8625,1199.9249,4010871
2001-03-16,1206.1094,1216.8040,1194.2266,1212.0509,1201.1025,5719097
2001-03-19,1212.0509,1228.6869,1204.3270,1217.9923,1206.9901,5265709
2001-03-20,1223.9337,1229.8752,1202.5446,1207.2977,1196.3928,4324822
2001-03-21,1202.5446,1207.2977,1169.2726,1177.5906,1166.9537,4187113
2001-03-22,1166.8960,1169.2726,1119.3646,1136.0006,1125.7389,16002282
2001-03-23,1135.7725,1157.3898,1119.3646,1140.7538,1130.4492,2640812
2001-03-26,1143.1302,1175.2140,1128.8708,1164.5195,1154.0010,2656832
2001-03-27,1139.5656,1181.1555,1139.5656,1181.1555,1170.4862,4589572
2001-03-28,1181.1555,1184.7203,1156.2039,1160.9546,1150.4677,3691707
2001-03-29,1175.7797,1179.9672,1151.4482,1179.9672,1169.3087,4349993
2001-03-30,1174.0258,1207.2977,1174.0258,1206.1094,1195.2152,3147562
2001-04-02,1206.1094,1212.0509,1169.2726,1194.2266,1183.4390,3079137
2001-04-03,1179.8698,1201.3563,1171.0551,1185.9086,1175.1963,1647510
2001-04-04,1185.4285,1212.0509,1171.0551,1207.2977,1196.3928,4294467
2001-04-05,1190.8352,1226.9044,1190.8352,1203.7329,1192.8594,2180369
2001-04-06,1214.5699,1227.4987,1193.0383,1201.3563,1190.5039,2014407
2001-04-09,1203.7329,1226.3103,1196.0090,1212.0509,1201.1025,3383830
2001-04-10,1214.4274,1214.4274,1189.4735,1214.4274,1203.4578,2694067
2001-04-11,1209.6743,1221.5573,1178.7789,1183.5320,1172.8412,3218170
2001-04-12,1183.8409,1212.0509,1183.8409,1204.9211,1194.0365,2580526
2001-04-13,1204.9211,1204.9211,1204.9211,1204.9211,1194.0365,0
2001-04-16,1204.9211,1204.9211,1204.9211,1204.9211,1194.0365,0
2001-04-17,1212.0509,1227.4987,1201.9434,1222.7454,1211.7002,2454085
2001-04-18,1209.6743,1240.5697,1209.6743,1214.4274,1203.4578,4269943
2001-04-19,1214.4274,1226.3103,1197.7677,1201.3563,1190.5039,12687619
2001-04-20,1216.8040,1216.8040,1183.5320,1204.9211,1194.0365,8830311
2001-04-23,1212.0509,1217.9923,1192.4442,1210.8625,1199.9249,5138832
2001-04-24,1211.8798,1223.9337,1204.9211,1209.6743,1198.7479,2560085
2001-04-25,1213.2393,1213.2393,1179.9672,1179.9672,1169.5182,4326329
2001-04-26,1185.8706,1220.3689,1174.0258,1206.1094,1195.4286,3209663
2001-04-27,1253.6409,1263.1471,1234.9135,1253.6409,1242.5397,9259989
2001-04-30,1242.9463,1268.4944,1240.5697,1254.8291,1243.7172,2658416
2001-05-01,1254.8291,1272.0593,1247.6993,1265.5237,1254.3173,2862480
2001-05-02,1276.2183,1285.7246,1254.8291,1260.7706,1249.6062,3843517
2001-05-03,1256.0175,1273.8417,1238.1931,1242.9463,1231.9391,2824140
2001-05-04,1257.9686,1259.5823,1234.6283,1256.0175,1244.8948,2862354
2001-05-07,1256.0175,1256.0175,1256.0175,1256.0175,1244.8948,0
2001-05-08,1254.8291,1254.8291,1223.9337,1240.5697,1229.5841,4174578
2001-05-09,1237.5990,1238.7874,1216.8040,1228.6869,1217.8063,6069930
2001-05-10,1228.0927,1273.8417,1225.1219,1269.0886,1257.8503,6875087
2001-05-11,1295.2308,1295.2308,1259.5823,1261.9589,1250.7838,2358090
2001-05-14,1278.0007,1281.5656,1248.8877,1270.2769,1259.0280,1819983
2001-05-15,1279.7831,1283.3480,1265.5237,1283.3480,1271.9833,2229229
2001-05-16,1283.3480,1307.1136,1263.1471,1304.7371,1293.1824,5048088
2001-05-17,1283.3480,1314.2434,1283.3480,1283.3480,1271.9833,3127420
2001-05-18,1283.3480,1288.1011,1272.0593,1283.3480,1271.9833,3152432
2001-05-21,1278.1195,1288.1011,1261.9589,1278.5948,1267.2727,1787779
2001-05-22,1278.5948,1278.5948,1250.0760,1261.9589,1250.7838,3137796
2001-05-23,1261.9589,1273.8417,1252.4526,1270.2769,1259.0280,3064772
2001-05-24,1258.2039,1283.3480,1256.0175,1271.4651,1260.2059,1813374
2001-05-25,1275.9236,1279.7831,1238.1931,1250.0760,1239.0060,2647561
2001-05-28,1250.0760,1250.0760,1250.0760,1250.0760,1239.0060,0
2001-05-29,1250.0760,1264.3354,1237.5990,1264.3354,1253.1396,3310958
2001-05-30,1251.5020,1283.3480,1251.5020,1275.0300,1263.7391,8232747
2001-05-31,1272.6534,1292.8542,1260.7706,1275.0300,1263.7391,2202815
2001-06-01,1281.1853,1302.3605,1266.7120,1294.0426,1282.5835,2048447
2001-06-04,1281.3683,1318.9965,1281.3683,1307.1136,1295.5388,3291532
2001-06-05,1299.9840,1330.8794,1295.2308,1321.3730,1309.6719,10550061
2001-06-06,1321.6702,1349.8920,1321.6702,1343.9504,1332.0491,2753476
2001-06-07,1345.1388,1368.9045,1345.1388,1365.3397,1353.2489,5976109
2001-06-08,1360.5865,1381.3815,1351.0802,1364.1514,1352.0717,4057734
2001-06-11,1364.1514,1365.2422,1347.5154,1354.6451,1342.6492,3980173
2001-06-12,1356.7841,1370.0928,1348.7512,1355.8334,1343.8268,4483351
2001-06-13,1366.5280,1386.7288,1349.8920,1352.2686,1340.2936,3562863
2001-06-14,1374.8412,1374.8412,1335.6324,1338.0092,1326.1600,2715761
2001-06-15,1349.3644,1380.7874,1334.4443,1347.5154,1335.5825,3398422
2001-06-18,1347.5154,1356.5273,1324.9380,1340.3857,1328.5160,3447264
2001-06-19,1333.7075,1366.5280,1330.8794,1358.2100,1346.1823,5677183
2001-06-20,1354.6451,1405.7415,1354.6451,1402.1765,1389.7596,11129114
2001-06-21,1387.3229,1402.1765,1382.5698,1396.2351,1383.8711,13705467
2001-06-22,1416.4359,1416.4359,1389.1053,1397.4233,1385.0483,2657787
2001-06-25,1395.0468,1418.8125,1393.8585,1418.8125,1406.2490,8709841
2001-06-26,1408.1179,1418.8125,1388.5112,1415.2476,1402.7151,9849270
2001-06-27,1402.1765,1435.4485,1402.1765,1435.4485,1422.7375,4852046
2001-06-28,1414.0594,1434.2603,1414.0594,1430.6954,1418.0256,5196361
2001-06-29,1423.5656,1436.6368,1418.8125,1423.5656,1410.9592,2892917
2001-07-02,1423.5656,1453.2728,1409.3062,1446.1431,1433.3374,3240037
2001-07-03,1443.7665,1447.3313,1410.4945,1421.1891,1408.6046,3443184
2001-07-04,1419.5231,1419.5231,1402.1765,1405.7415,1393.2931,2484426
2001-07-05,1398.6117,1414.0594,1395.0468,1410.4945,1398.0042,2397862
2001-07-06,1415.2476,1428.3188,1402.1765,1425.9423,1413.3151,2632146
2001-07-09,1425.9423,1456.8376,1410.4945,1446.1431,1433.3374,4557789
2001-07-10,1430.6954,1459.2142,1425.9423,1433.0719,1420.3821,2858836
2001-07-11,1439.7263,1440.2017,1416.4359,1424.7539,1412.1370,3229954
2001-07-12,1428.6158,1430.6954,1392.6702,1404.5531,1392.1156,5337136
2001-07-13,1402.1765,1402.1765,1362.9631,1390.2937,1377.9825,6375970
2001-07-16,1388.7964,1402.1765,1379.5991,1399.7999,1387.4043,1912534
2001-07-17,1402.1765,1412.8711,1397.4233,1406.9296,1394.4706,3789310
2001-07-18,1402.2383,1416.4359,1399.4435,1409.3062,1396.8263,3953033
2001-07-19,1409.3062,1427.1305,1405.7415,1425.9423,1413.3151,7100172
2001-07-20,1418.8125,1428.3188,1404.4105,1405.7415,1393.2931,3125145
2001-07-23,1423.5656,1433.0719,1402.1765,1412.8711,1400.3596,2799177
2001-07-24,1409.3062,1419.4066,1404.5531,1405.7415,1393.2931,5420966
2001-07-25,1408.1179,1420.9681,1390.2937,1404.5531,1392.1156,7496407
2001-07-26,1399.7999,1403.3647,1384.3522,1395.0468,1382.6926,4894267
2001-07-27,1391.4819,1407.4525,1377.2225,1386.7288,1374.4485,2941792
2001-07-30,1397.4233,1414.0594,1393.8585,1403.3647,1390.9376,2528576
2001-07-31,1407.6973,1427.1305,1393.2644,1423.5656,1410.9592,2801531
2001-08-01,1423.5656,1433.0719,1409.3062,1424.7539,1412.1370,3203121
2001-08-02,1424.7539,1433.0719,1416.4359,1424.7539,1412.1370,3665107
2001-08-03,1425.9423,1425.9423,1386.7288,1414.0594,1401.5371,5565554
2001-08-06,1407.1388,1412.8711,1392.0760,1395.0468,1382.6926,5436134
2001-08-07,1400.6436,1406.9296,1379.5991,1400.9882,1388.5818,6705946
2001-08-08,1400.9882,1405.1472,1385.5405,1400.9882,1388.5818,3339316
2001-08-09,1393.8585,1412.8711,1391.4819,1398.6117,1386.2264,5189086
2001-08-10,1402.1765,1423.5656,1398.6117,1421.1891,1408.6046,3573183
2001-08-13,1406.9296,1431.8835,1406.9296,1421.1891,1408.6046,5155285
2001-08-14,1419.7869,1428.3188,1415.2476,1420.0009,1407.4268,4071859
2001-08-15,1420.9514,1429.5071,1414.0594,1420.0009,1407.4268,2309688
2001-08-16,1418.8125,1429.5071,1410.4945,1425.9423,1413.3151,4253039
2001-08-17,1411.6827,1429.5071,1406.9296,1406.9296,1394.4706,4523086
2001-08-20,1422.3774,1422.3774,1395.0468,1410.4945,1398.0042,7539881
2001-08-21,1414.0594,1418.8125,1408.1179,1414.0594,1401.5371,4692320
2001-08-22,1411.6827,1419.1904,1404.5531,1408.1179,1395.6482,6659461
2001-08-23,1409.3062,1420.0009,1403.3647,1414.0594,1401.5371,9501799
2001-08-24,1406.7324,1444.9548,1406.7324,1441.3899,1428.6260,5969473
2001-08-27,1441.3899,1441.3899,1441.3899,1441.3899,1428.6260,0
2001-08-28,1421.1891,1439.2510,1415.8418,1428.3188,1415.6700,5920131
2001-08-29,1428.3188,1437.3499,1385.6403,1387.9171,1375.6266,5431096
2001-08-30,1403.3647,1403.3647,1370.6869,1377.2225,1365.0265,4944555
2001-08-31,1377.2225,1407.1674,1366.5280,1397.4233,1385.0483,3771286
2001-09-03,1397.4233,1397.4233,1357.0217,1372.4694,1360.3148,2580842
2001-09-04,1373.6577,1386.7288,1370.3066,1378.4108,1366.2040,5276274
2001-09-05,1377.5790,1384.3522,1366.5280,1367.7162,1355.6053,3915195
2001-09-06,1378.1731,1378.4108,1355.5720,1366.5280,1354.4272,3413950
2001-09-07,1364.0302,1377.2225,1326.1263,1338.0092,1326.1600,7024590
2001-09-10,1359.4340,1359.4340,1291.6660,1323.7498,1312.0269,3634638
2001-09-11,1335.6324,1345.1388,1259.5823,1271.4651,1260.2059,4025495
2001-09-12,1226.3103,1316.6200,1226.3103,1295.2308,1283.7606,3507157
2001-09-13,1294.0426,1348.7037,1289.2894,1348.7037,1336.7605,3588661
2001-09-14,1347.5154,1351.0802,1293.4484,1302.3605,1290.8280,3413262
2001-09-17,1307.1136,1366.5280,1297.6074,1352.2686,1340.2936,7518879
2001-09-18,1365.3397,1366.2665,1328.5028,1342.7622,1330.8707,3577947
2001-09-19,1342.7622,1366.5280,1326.1263,1328.5028,1316.7383,4973298
2001-09-20,1326.1263,1330.8794,1269.0886,1285.7246,1274.3387,9673712
2001-09-21,1271.4651,1273.8417,1207.2977,1261.9589,1250.7838,8042656
2001-09-24,1279.7831,1292.8542,1191.8500,1210.8625,1200.1400,10165739
2001-09-25,1197.7915,1197.7915,1111.0466,1139.5656,1129.4741,20387085
2001-09-26,1139.5656,1172.8375,1126.4943,1172.8375,1162.4518,8931214
2001-09-27,1167.9417,1188.2852,1163.6165,1188.2852,1177.7629,5931594
2001-09-28,1188.2852,1227.4987,1188.2852,1227.4987,1216.6287,3391685
2001-10-01,1217.9923,1217.9923,1158.5780,1166.8960,1156.5631,7842508
2001-10-02,1170.8578,1206.1094,1158.5780,1206.1094,1195.4286,4900433
2001-10-03,1214.4274,1239.3813,1209.6743,1223.9337,1213.0953,7483912
2001-10-04,1223.9337,1257.2057,1202.7822,1215.6157,1204.8511,7726955
2001-10-05,1233.7395,1247.6993,1204.9211,1247.6993,1236.6505,5864428
2001-10-08,1238.4641,1247.6993,1210.8625,1235.8167,1224.8728,4025517
2001-10-09,1235.8167,1269.6115,1233.4399,1246.5111,1235.4729,2935694
2001-10-10,1253.8785,1265.5237,1228.6869,1265.5237,1254.3173,3213861
2001-10-11,1271.4651,1271.4651,1214.4274,1220.3689,1209.5623,8974720
2001-10-12,1220.3689,1231.0634,1208.4860,1220.3689,1209.5623,9733747
2001-10-15,1220.3689,1233.4399,1202.5446,1208.4860,1197.7847,4805812
2001-10-16,1206.1094,1206.1094,1162.1429,1178.7789,1168.3406,10681799
2001-10-17,1169.5577,1201.3563,1166.8960,1176.4023,1165.9850,7063905
2001-10-18,1183.5320,1188.2852,1166.8960,1176.4023,1165.9850,4377841
2001-10-19,1176.4023,1200.1680,1150.2600,1188.2852,1177.7629,4397566
2001-10-22,1201.3563,1208.4860,1183.5320,1201.3563,1190.7178,2070043
2001-10-23,1194.3455,1221.5573,1182.3438,1190.6617,1180.1180,3081131
2001-10-24,1202.8083,1214.4274,1164.5195,1177.5906,1167.1625,3735330
2001-10-25,1173.2177,1182.2249,1135.2876,1160.9546,1150.6740,6871273
2001-10-26,1158.7253,1197.7915,1145.5045,1193.0383,1182.4733,5921625
2001-10-29,1198.3856,1201.3563,1160.8833,1165.7076,1155.3853,3223226
2001-10-30,1156.2015,1166.8960,1144.3186,1151.4482,1141.2520,3874422
2001-10-31,1162.1429,1196.6031,1143.1302,1185.9086,1175.4075,4397221
2001-11-01,1178.9381,1203.7329,1176.5687,1190.6617,1180.1180,3688278
2001-11-02,1190.6617,1231.0634,1190.6617,1219.1805,1208.3844,7544830
2001-11-05,1221.5573,1245.3229,1217.9923,1245.3229,1234.2949,4172501
2001-11-06,1245.3229,1255.5421,1237.0049,1245.3229,1234.2949,3368764
2001-11-07,1245.3229,1252.4526,1234.6283,1245.3229,1234.2949,2980279
2001-11-08,1244.8618,1295.2308,1240.5697,1278.5948,1267.2727,5030335
2001-11-09,1278.5948,1278.5948,1251.2643,1261.9589,1250.7838,2519364
2001-11-12,1266.7120,1266.7120,1223.9337,1242.9463,1231.9391,2574094
2001-11-13,1247.6993,1271.4651,1247.6993,1263.1471,1251.9619,3665780
2001-11-14,1256.6306,1284.5363,1247.6993,1257.2057,1246.1874,6027654
2001-11-15,1257.2057,1273.8417,1253.6409,1269.0886,1257.9666,5622545
2001-11-16,1265.8969,1309.4904,1264.5493,1295.2308,1283.8792,5878830
2001-11-19,1291.7823,1322.5614,1275.9165,1317.8083,1306.2592,3843546
2001-11-20,1320.1848,1329.6910,1297.6074,1312.7676,1301.2623,13949167
2001-11-21,1311.8668,1329.6198,1311.8668,1323.7498,1312.1481,7527371
2001-11-22,1330.8794,1335.6324,1320.1848,1333.2560,1321.5707,5944957
2001-11-23,1321.3730,1342.7622,1316.6200,1329.6910,1318.0378,3344975
2001-11-26,1326.1263,1355.8334,1321.3730,1343.9504,1332.1716,2921456
2001-11-27,1343.9504,1355.8334,1318.9965,1330.8794,1319.2155,5327454
2001-11-28,1330.8794,1332.3647,1297.6074,1304.7371,1293.3019,3112579
2001-11-29,1301.1722,1332.0677,1301.1722,1326.1263,1314.5039,2344437
2001-11-30,1326.1263,1346.9998,1309.4904,1346.3271,1334.5281,1951456
2001-12-03,1342.9619,1346.3271,1318.2194,1335.6324,1323.9271,4477106
2001-12-04,1333.7264,1342.7622,1309.4904,1313.0551,1301.5474,5111161
2001-12-05,1339.1974,1339.1974,1285.7246,1316.6200,1305.0812,4886204
2001-12-06,1305.4525,1326.1263,1291.6660,1311.8668,1300.3696,7239710
2001-12-07,1318.9965,1318.9965,1260.7706,1261.9589,1250.8989,4792388
2001-12-10,1261.9589,1279.1890,1239.3813,1257.2057,1246.1874,4628076
2001-12-11,1241.7581,1254.8291,1231.0634,1251.2643,1240.2977,6738555
2001-12-12,1246.2711,1282.1597,1246.2711,1277.4066,1266.2118,8131726
2001-12-13,1264.3354,1291.6660,1264.3354,1284.5363,1273.2782,2516339
2001-12-14,1288.1011,1293.7336,1269.0886,1277.4066,1266.2118,2770528
2001-12-17,1279.7831,1297.6074,1265.3573,1295.2308,1283.8792,4271328
2001-12-18,1275.4792,1326.1263,1275.4792,1301.1722,1289.7684,4544834
2001-12-19,1301.1722,1322.5614,1292.8542,1310.6785,1299.1920,5049901
2001-12-20,1314.2434,1345.9231,1307.1136,1323.7498,1312.1481,4732942
2001-12-21,1322.5614,1366.5280,1321.3730,1349.8920,1338.0614,3820260
2001-12-24,1349.8920,1362.9631,1340.3857,1340.3857,1328.6383,266207
2001-12-25,1340.3857,1340.3857,1340.3857,1340.3857,1328.6383,0
2001-12-26,1340.3857,1340.3857,1340.3857,1340.3857,1328.6383,0
2001-12-27,1343.9504,1364.1514,1342.7622,1345.1388,1333.3494,934676
2001-12-28,1365.3397,1371.2811,1347.5154,1359.3982,1347.4840,1126485
2001-12-31,1345.1388,1354.6451,1307.1136,1340.3857,1328.6383,500093
2002-01-01,1340.3857,1340.3857,1340.3857,1340.3857,1328.6383,0
2002-01-02,1339.6798,1366.5280,1339.6798,1349.8920,1338.0614,2409480
2002-01-03,1360.5865,1360.5865,1334.4443,1340.3857,1328.6383,3293377
2002-01-04,1333.3510,1347.5154,1311.8668,1324.9380,1313.3259,3380603
2002-01-07,1334.3752,1334.3752,1304.7371,1314.2434,1302.7249,3320985
2002-01-08,1317.8083,1322.5614,1301.1722,1305.9254,1294.4796,4630533
2002-01-09,1312.6107,1315.1631,1290.1687,1314.2434,1302.7249,3260835
2002-01-10,1306.6335,1314.2434,1288.1011,1297.6074,1286.2346,3960778
2002-01-11,1297.1796,1310.6785,1278.5948,1294.0426,1282.7012,2411060
2002-01-14,1288.1011,1297.6074,1277.4066,1295.2308,1283.8792,1699814
2002-01-15,1288.1011,1318.9965,1280.9714,1309.4904,1298.0135,3930704
2002-01-16,1309.4904,1328.5028,1298.9622,1315.4316,1303.9032,3509389
2002-01-17,1309.4904,1328.5028,1309.4904,1326.1263,1314.5039,3893680
2002-01-18,1324.6147,1335.6324,1314.2434,1329.6910,1318.0378,4753811
2002-01-21,1335.6324,1353.4568,1323.7498,1348.7037,1336.8835,2408579
2002-01-22,1353.4568,1354.6451,1340.3857,1351.0802,1339.2390,2336080
2002-01-23,1347.0852,1361.7748,1345.1388,1345.1388,1333.3494,2545869
2002-01-24,1343.9504,1358.2100,1336.8208,1352.2686,1340.4170,2339254
2002-01-25,1351.0754,1351.0754,1324.9380,1339.1974,1327.4603,1907284
2002-01-28,1348.7037,1348.7037,1317.8083,1333.2560,1321.5707,2728775
2002-01-29,1333.2560,1333.2560,1311.8668,1316.6200,1305.0812,3097720
2002-01-30,1316.6200,1328.5028,1304.7371,1327.3145,1315.6818,1506598
2002-01-31,1322.4426,1353.4568,1322.4426,1348.7037,1336.8835,2233703
2002-02-01,1339.3162,1378.4108,1323.7498,1366.5280,1354.5520,6435384
2002-02-04,1363.4694,1374.8459,1354.6451,1370.0928,1358.0852,2325449
2002-02-05,1363.9589,1379.5991,1351.0802,1364.1514,1352.1956,2661402
2002-02-06,1364.7455,1371.2811,1346.3271,1364.1514,1352.1956,4908494
2002-02-07,1359.1986,1366.5280,1343.9504,1365.3397,1353.3737,3114955
2002-02-08,1354.6665,1366.5280,1341.5740,1349.8920,1338.0614,3022309
2002-02-11,1349.8920,1373.6577,1346.9211,1367.7162,1355.7299,4445378
2002-02-12,1366.5280,1387.9171,1364.1514,1378.4108,1366.3301,7254940
2002-02-13,1366.5280,1412.5859,1366.5280,1403.3647,1391.0654,10343536
2002-02-14,1390.2937,1390.9875,1380.7874,1390.2937,1378.1088,725779
2002-02-15,1390.2937,1404.5531,1384.3522,1398.6117,1386.3540,3278023
2002-02-18,1396.4490,1399.0988,1376.0342,1376.0342,1363.9740,1481370
2002-02-19,1376.0342,1378.4108,1358.8041,1368.9045,1356.9078,4611917
2002-02-20,1367.7162,1385.5405,1367.7162,1380.7874,1368.6858,2984983
2002-02-21,1380.7874,1412.8711,1380.7874,1406.9296,1394.5992,4096685
2002-02-22,1405.7415,1406.9296,1390.2937,1406.9296,1394.5992,2128095
2002-02-25,1397.7822,1417.6241,1397.7822,1400.9882,1388.7092,4258671
2002-02-26,1410.1570,1414.0594,1381.9757,1392.6702,1380.4646,2600198
2002-02-27,1393.6208,1412.8711,1389.1125,1405.7415,1393.4214,3058080
2002-02-28,1411.5640,1412.8711,1391.4819,1392.6702,1380.4646,3338288
2002-03-01,1392.6702,1408.1179,1391.4819,1398.6117,1386.3540,3793279
2002-03-04,1396.8530,1417.6241,1386.7288,1392.6702,1380.4646,3192835
2002-03-05,1403.1580,1408.1179,1389.1053,1390.2937,1378.1088,1880256
2002-03-06,1399.6667,1399.7999,1384.3522,1392.6702,1380.4646,3676543
2002-03-07,1391.1041,1407.3099,1357.0217,1366.5280,1354.5520,4367093
2002-03-08,1366.5280,1393.8585,1352.2686,1370.0928,1358.0852,2757105
2002-03-11,1370.0905,1383.0450,1357.0217,1364.1514,1352.1956,1928161
2002-03-12,1366.0479,1386.7288,1358.2100,1386.7288,1374.5751,2995603
2002-03-13,1378.5129,1390.2937,1373.6577,1385.5405,1373.3975,4153270
2002-03-14,1380.4547,1392.6702,1376.5571,1378.4108,1366.3301,1979876
2002-03-15,1386.2061,1389.1053,1365.5773,1368.9045,1356.9078,5647191
2002-03-18,1378.2207,1379.5991,1361.7748,1366.5280,1354.5520,3933635
2002-03-19,1368.3104,1403.3647,1366.5280,1395.0468,1382.8198,3524438
2002-03-20,1399.6003,1404.5531,1384.5186,1390.2937,1378.1088,3641365
2002-03-21,1391.0898,1395.0468,1382.2133,1386.7288,1374.5751,3032361
2002-03-22,1386.7288,1387.9171,1373.6577,1384.3522,1372.2201,2941752
2002-03-25,1381.3578,1397.1857,1358.9229,1373.6577,1361.6185,10013152
2002-03-26,1373.6577,1380.3097,1318.9965,1328.5028,1316.8596,13766402
2002-03-27,1328.5028,1330.8794,1313.0551,1322.5614,1310.9702,11510284
2002-03-28,1323.0225,1340.3857,1320.1848,1334.4443,1322.7491,13371446
2002-03-29,1335.6324,1335.6324,1335.6324,1335.6324,1323.9271,0
2002-04-01,1335.6324,1335.6324,1335.6324,1335.6324,1323.9271,0
2002-04-02,1336.0983,1336.0983,1310.6785,1318.9965,1307.4369,3423054
2002-04-03,1319.8331,1321.4919,1309.4904,1317.8083,1306.2592,2272503
2002-04-04,1317.8083,1328.5028,1311.8668,1317.8083,1306.2592,3287761
2002-04-05,1317.8534,1332.0677,1311.6292,1327.3145,1315.6818,2778578
2002-04-08,1325.8647,1330.8794,1303.5488,1322.5614,1310.9702,2440702
2002-04-09,1326.1263,1334.4443,1318.9965,1327.3145,1315.6818,3803465
2002-04-10,1332.0677,1352.0309,1323.7498,1347.5154,1335.7058,2493280
2002-04-11,1349.1742,1357.0217,1346.3271,1353.4568,1341.5945,1070993
2002-04-12,1332.0677,1365.3397,1332.0677,1355.8334,1343.9502,3939695
2002-04-15,1354.6451,1371.2811,1354.6451,1357.0217,1345.1285,2230082
2002-04-16,1357.0217,1372.4694,1356.7841,1368.9045,1356.9078,2755245
2002-04-17,1371.2811,1376.7472,1362.9631,1367.7162,1355.7299,1665559
2002-04-18,1364.1514,1378.4108,1361.7748,1361.7748,1349.8395,2307750
2002-04-19,1361.7748,1387.9171,1361.7748,1385.5405,1373.3975,2574304
2002-04-22,1386.7288,1406.9296,1372.4694,1397.4233,1385.1761,3091675
2002-04-23,1392.6987,1422.3774,1385.5405,1404.5531,1392.2439,6110657
2002-04-24,1407.0959,1415.2476,1376.0342,1383.1639,1371.0425,6806115
2002-04-25,1386.0657,1396.2351,1366.5280,1373.6577,1361.6185,6074797
2002-04-26,1380.7874,1423.5656,1380.7874,1423.5656,1411.0891,14290897
2002-04-29,1423.5656,1436.6368,1406.9296,1433.0719,1420.5122,4910838
2002-04-30,1436.6368,1492.4862,1435.4485,1492.4862,1479.4055,10056212
2002-05-01,1446.1431,1532.8879,1446.1431,1501.9926,1488.8287,8491443
2002-05-02,1511.4987,1511.4987,1487.7330,1504.3690,1491.1844,5943291
2002-05-03,1504.3690,1528.1346,1492.4862,1507.9340,1494.7188,3738402
2002-05-06,1507.9340,1507.9340,1507.9340,1507.9340,1494.7188,0
2002-05-07,1500.9468,1518.6285,1490.5850,1511.4987,1498.2518,7772610
2002-05-08,1511.4987,1515.0636,1494.1498,1507.9340,1494.7188,5076932
2002-05-09,1507.6321,1512.6870,1496.0510,1506.7456,1493.5408,4834754
2002-05-10,1504.6591,1543.5824,1497.2393,1518.6285,1505.3188,8316919
2002-05-13,1532.8879,1568.5364,1528.1346,1566.1599,1552.4337,5177913
2002-05-14,1552.5421,1568.8501,1511.0234,1525.7582,1512.3854,18386654
2002-05-15,1515.0636,1536.4528,1502.2301,1512.6870,1499.6726,3208385
2002-05-16,1512.6870,1544.7708,1493.6746,1496.0510,1483.1799,4666013
2002-05-17,1513.8207,1516.2520,1486.5448,1497.2393,1484.3580,5845726
2002-05-20,1497.5388,1504.3690,1480.6033,1491.2979,1478.4674,2557594
2002-05-21,1493.3750,1494.8628,1468.7205,1473.4736,1460.7963,6600768
2002-05-22,1477.2001,1491.2979,1466.9856,1487.7330,1474.9326,3372758
2002-05-23,1486.4996,1498.4276,1480.6033,1497.2393,1484.3580,4460288
2002-05-24,1496.2174,1511.4987,1491.2979,1504.3690,1491.4258,3306166
2002-05-27,1491.2979,1533.1255,1491.2979,1506.7456,1493.7825,7179610
2002-05-28,1506.7456,1511.4987,1482.9799,1493.6746,1480.8232,7977418
2002-05-29,1494.8628,1504.3690,1477.0385,1501.9926,1489.0699,8218154
2002-05-30,1495.6470,1519.5791,1488.9213,1510.3105,1497.3163,8313111
2002-05-31,1506.7456,1516.2520,1492.4862,1492.4862,1479.6454,9159979
2002-06-03,1492.4862,1492.4862,1492.4862,1492.4862,1479.6454,0
2002-06-04,1492.4862,1492.4862,1492.4862,1492.4862,1479.6454,0
2002-06-05,1511.4536,1511.4536,1480.6033,1501.9926,1489.0699,2706966
2002-06-06,1495.3595,1517.4402,1486.5448,1511.4987,1498.4940,1796642
2002-06-07,1500.5903,1503.6561,1482.9799,1485.3564,1472.5775,3114077
2002-06-10,1490.8464,1510.3105,1482.9799,1506.7456,1493.7825,3382425
2002-06-11,1508.8204,1510.3105,1494.8628,1505.5573,1492.6039,2322912
2002-06-12,1505.8568,1505.8568,1472.7369,1473.4736,1460.7963,3378847
2002-06-13,1479.4150,1490.1096,1472.2853,1477.0385,1464.3308,7360636
2002-06-14,1467.5322,1469.9088,1380.7874,1396.2351,1384.2228,7548743
2002-06-17,1412.8997,1441.3899,1408.1179,1439.0134,1426.6329,5543595
2002-06-18,1441.6775,1454.4611,1425.9423,1427.1305,1414.8525,3289591
2002-06-19,1442.2241,1442.2241,1404.5531,1409.3062,1397.1813,5711948
2002-06-20,1411.4000,1416.6974,1383.1639,1399.7999,1387.7567,6458946
2002-06-21,1399.7999,1409.3062,1378.4108,1395.0468,1383.0447,5051321
2002-06-24,1397.9700,1402.1765,1368.9045,1370.0928,1358.3055,7075136
2002-06-25,1397.8083,1404.0326,1376.0342,1395.0468,1383.0447,7952373
2002-06-26,1390.1748,1390.8878,1336.8208,1373.6577,1361.8395,4897065
2002-06-27,1376.9468,1392.6702,1359.3982,1373.6577,1361.8395,3686803
2002-06-28,1387.9171,1437.8251,1378.4108,1427.1305,1414.8525,5634284
2002-07-01,1421.4719,1449.7079,1408.1179,1449.7079,1437.2360,3973968
2002-07-02,1429.5071,1449.4180,1414.0594,1418.8125,1406.6057,2821177
2002-07-03,1414.0594,1427.1305,1395.0468,1396.2351,1384.2228,6573463
2002-07-04,1407.8351,1420.0009,1391.4819,1415.2476,1403.0708,3271180
2002-07-05,1414.9648,1430.6954,1408.3556,1428.3188,1416.0308,2816795
2002-07-08,1426.2274,1442.5782,1421.1891,1431.8835,1419.5640,4568900
2002-07-09,1431.6460,1436.6368,1406.9296,1421.1891,1408.9620,2708946
2002-07-10,1423.5775,1423.5775,1354.0510,1371.2811,1359.4833,23550657
2002-07-11,1371.0078,1389.1053,1354.6451,1365.3397,1353.5928,7624756
2002-07-12,1369.9003,1369.9003,1320.4225,1326.1263,1314.7169,9841686
2002-07-15,1340.3857,1340.3857,1254.8291,1265.5237,1254.6355,4416332
2002-07-16,1283.3480,1283.3480,1188.2852,1245.3229,1234.6086,11276493
2002-07-17,1235.8167,1304.7371,1226.3103,1303.5488,1292.3337,13803036
2002-07-18,1288.1011,1307.1136,1282.1597,1297.6074,1286.4435,10298093
2002-07-19,1280.9714,1280.9714,1241.7581,1241.7581,1231.0750,10128062
2002-07-22,1202.5446,1210.8625,1183.5320,1184.7203,1174.5278,11709150
2002-07-23,1184.4827,1196.6031,1137.1888,1158.5780,1148.6101,7112628
2002-07-24,1158.5780,1158.8109,1089.6575,1122.9294,1113.2682,9341884
2002-07-25,1152.6366,1200.1680,1152.6366,1196.6031,1186.3081,14023517
2002-07-26,1168.0844,1202.5446,1162.1429,1187.0969,1176.8839,7799016
2002-07-29,1187.0969,1235.8167,1186.8593,1231.0634,1220.4717,4607821
2002-07-30,1197.5538,1257.2057,1197.5538,1227.4987,1216.9382,3465468
2002-07-31,1285.7246,1366.5280,1285.7246,1336.8208,1325.3199,23772223
2002-08-01,1336.8208,1391.4819,1318.9965,1318.9965,1307.6486,13002790
2002-08-02,1326.1263,1387.9171,1316.6200,1380.7874,1368.9076,13960391
2002-08-05,1381.0631,1389.1053,1348.7037,1370.0928,1358.3055,11911808
2002-08-06,1369.8195,1424.7539,1327.3145,1406.9296,1394.8248,9923775
2002-08-07,1397.4233,1425.9423,1348.7037,1359.3982,1347.7024,13619831
2002-08-08,1401.5752,1422.3774,1367.7162,1422.3774,1410.1401,6137096
2002-08-09,1422.6625,1456.8376,1410.4945,1455.6493,1443.1254,6900942
2002-08-12,1429.1198,1459.2142,1420.0009,1429.5071,1417.2085,3395932
2002-08-13,1436.6368,1450.8962,1410.4945,1435.4485,1423.0984,7544594
2002-08-14,1418.8125,1455.6493,1410.4945,1418.8125,1406.6057,5003555
2002-08-15,1418.5297,1459.8083,1418.5297,1448.5197,1436.0571,4272849
2002-08-16,1446.1431,1458.0259,1420.0009,1443.7665,1431.3448,2409832
2002-08-19,1442.5782,1463.9673,1421.1415,1459.2142,1446.6603,3219447
2002-08-20,1463.9673,1472.2853,1422.3774,1430.6954,1418.3859,3232504
2002-08-21,1424.7539,1463.9673,1424.7539,1429.5071,1417.2085,4860378
2002-08-22,1428.3188,1450.8962,1420.0009,1443.7665,1431.3448,4066246
2002-08-23,1430.6954,1449.7079,1424.7539,1424.7539,1412.4961,2125467
2002-08-26,1423.5656,1423.5656,1423.5656,1423.5656,1411.3180,0
2002-08-27,1438.4192,1442.5782,1408.1179,1435.4485,1423.0984,3993006
2002-08-28,1430.6954,1430.6954,1391.4819,1398.6117,1386.5792,3272927
2002-08-29,1416.4359,1416.4359,1359.3982,1376.0342,1364.1954,2595056
2002-08-30,1376.0342,1408.1179,1373.6577,1399.7999,1387.7567,4565607
2002-09-02,1404.7480,1408.1179,1387.9171,1396.2351,1384.2228,1513920
2002-09-03,1395.9974,1396.2351,1340.6233,1348.7037,1337.1000,3163913
2002-09-04,1349.6210,1365.3397,1324.9380,1354.6451,1342.9899,4203567
2002-09-05,1335.6324,1381.9757,1335.6324,1374.8459,1363.0176,6249884
2002-09-06,1381.9757,1409.3062,1373.6577,1398.6117,1386.5792,3821444
2002-09-09,1392.6702,1402.1765,1384.3522,1393.8585,1381.8663,2884327
2002-09-10,1387.9171,1421.1891,1387.9171,1395.0468,1383.0447,5932279
2002-09-11,1402.1765,1436.6368,1392.6702,1422.3774,1410.1401,8182373
2002-09-12,1428.0574,1431.8835,1383.1639,1384.3522,1372.4426,5917455
2002-09-13,1384.0742,1393.8585,1352.2686,1377.2225,1365.3737,4480331
2002-09-16,1376.8850,1390.2937,1366.5280,1385.5405,1373.6201,2424803
2002-09-17,1395.0468,1421.1891,1384.3522,1387.9171,1375.9758,5994220
2002-09-18,1368.9045,1393.8585,1359.3982,1359.3982,1347.7024,5568875
2002-09-19,1372.5883,1387.9171,1333.2560,1359.3982,1347.7024,7057106
2002-09-20,1364.1514,1425.9423,1275.0300,1349.8920,1338.2777,15978349
2002-09-23,1333.8501,1389.1053,1315.4316,1380.7874,1368.9076,11520394
2002-09-24,1399.7999,1411.6827,1380.7874,1387.9171,1375.9758,12572701
2002-09-25,1389.7233,1416.4359,1373.6577,1387.9171,1375.9758,6694994
2002-09-26,1387.9171,1416.9113,1387.9171,1402.1765,1390.1125,13962072
2002-09-27,1400.9882,1414.0594,1380.7874,1398.6117,1386.5792,10023219
2002-09-30,1399.7999,1411.0886,1338.0092,1368.9045,1357.1278,4436118
2002-10-01,1371.2811,1403.3647,1359.3982,1399.7999,1387.7567,3834338
2002-10-02,1390.2937,1425.9423,1383.1639,1421.1891,1408.9620,7384543
2002-10-03,1418.6486,1449.7079,1406.9296,1434.2603,1421.9204,10238250
2002-10-04,1421.1891,1449.7079,1418.8125,1428.3188,1416.0308,4655394
2002-10-07,1440.7958,1440.7958,1399.3246,1424.7539,1412.4961,4896650
2002-10-08,1418.8125,1444.9548,1403.3647,1408.1179,1396.0032,7114683
2002-10-09,1408.1179,1418.8125,1371.2811,1374.8459,1363.0176,6075448
2002-10-10,1368.9045,1394.6903,1354.6451,1384.3522,1372.4426,5343913
2002-10-11,1366.0859,1405.7415,1366.0859,1397.4233,1385.4009,6757578
2002-10-14,1390.2937,1410.4945,1389.1053,1403.3647,1391.2909,3263827
2002-10-15,1402.1765,1448.5197,1402.1765,1446.1431,1433.7009,3959309
2002-10-16,1432.0024,1459.2142,1430.6954,1435.4485,1423.0984,6382699
2002-10-17,1446.2928,1468.7205,1409.3062,1423.5656,1411.3180,6624837
2002-10-18,1432.2900,1447.3313,1379.5991,1416.4359,1404.2494,5093803
2002-10-21,1416.4359,1437.8251,1395.0468,1436.6368,1424.2772,2882925
2002-10-22,1413.3369,1469.6711,1413.3369,1455.6493,1443.1254,3252612
2002-10-23,1455.6493,1462.7791,1414.0594,1421.1891,1408.9620,4147720
2002-10-24,1431.2896,1449.7079,1420.0009,1434.2603,1421.9204,2604310
2002-10-25,1434.2603,1437.3499,1387.9171,1402.1765,1390.1125,4035339
2002-10-28,1423.5656,1436.6368,1395.0468,1410.4945,1398.3596,2777814
2002-10-29,1422.6625,1422.6625,1373.6577,1373.6577,1361.8395,5580884
2002-10-30,1425.9423,1461.5908,1414.0594,1461.5908,1449.0157,7529603
2002-10-31,1461.5908,1504.3690,1454.4611,1500.8042,1487.8917,5623942
2002-11-01,1500.8042,1511.4987,1480.6033,1496.0510,1483.1799,6375953
2002-11-04,1496.3505,1521.0050,1495.0052,1504.3690,1491.4258,2955176
2002-11-05,1501.9926,1506.8882,1484.1682,1498.4276,1485.5360,5977545
2002-11-06,1488.4698,1498.4276,1477.5138,1487.7330,1475.0610,7920502
2002-11-07,1484.1682,1491.2979,1466.3439,1482.9799,1470.3489,3343544
2002-11-08,1468.7205,1481.7916,1461.5908,1461.5908,1449.1416,4329348
2002-11-11,1461.5908,1481.7916,1448.5197,1475.8502,1463.2794,2398541
2002-11-12,1463.9673,1487.7330,1454.4611,1468.7205,1456.2114,6025542
2002-11-13,1463.2544,1463.2544,1423.5656,1429.5071,1417.3320,4564049
2002-11-14,1437.1216,1448.5197,1425.9423,1442.5782,1430.2919,5551488
2002-11-15,1442.5782,1463.9673,1437.8251,1453.2728,1440.8954,5235191
2002-11-18,1453.2728,1471.0970,1424.7539,1427.1305,1414.9756,4466630
2002-11-19,1429.5071,1430.6954,1418.8125,1424.7539,1412.6189,5056403
2002-11-20,1424.7920,1432.5966,1406.9296,1408.1179,1396.1246,3059394
2002-11-21,1420.5474,1442.5782,1409.3062,1429.5071,1417.3320,5194971
2002-11-22,1430.6954,1453.7980,1415.2476,1441.3899,1429.1138,3899830
2002-11-25,1441.3899,1449.7079,1392.6702,1395.0468,1383.1648,5375608
2002-11-26,1395.0468,1399.7999,1376.0342,1376.0342,1364.3138,4042755
2002-11-27,1390.2390,1395.0468,1378.4108,1385.5405,1373.7400,5143021
2002-11-28,1388.7822,1415.2476,1379.5991,1383.1639,1371.3824,4301569
2002-11-29,1397.1619,1397.1619,1357.0217,1360.5865,1348.9979,4043734
2002-12-02,1373.6339,1378.4108,1341.5740,1349.8920,1338.3940,3741464
2002-12-03,1357.0217,1361.7748,1328.5028,1342.7622,1331.3251,6159804
2002-12-04,1345.4240,1381.1676,1338.0092,1342.7622,1331.3251,2199746
2002-12-05,1378.4108,1400.0376,1366.5280,1376.0342,1364.3138,5484643
2002-12-06,1374.8459,1392.6702,1358.2100,1376.0342,1364.3138,3017972
2002-12-09,1387.9171,1397.4233,1352.2686,1352.2686,1340.7509,2158595
2002-12-10,1358.0436,1368.9045,1347.5154,1355.8334,1344.2850,6427896
2002-12-11,1355.6908,1387.9171,1355.6908,1385.5405,1373.7400,7454319
2002-12-12,1402.1765,1414.0594,1379.5991,1390.2937,1378.4521,6202303
2002-12-13,1392.6702,1392.6702,1359.3982,1367.7162,1356.0675,6525342
2002-12-16,1365.3397,1411.6827,1365.3397,1409.3062,1397.3027,6166134
2002-12-17,1392.3137,1412.8711,1364.1514,1371.2811,1359.6016,6149831
2002-12-18,1371.2811,1390.2937,1327.3145,1335.6324,1324.2570,5580655
2002-12-19,1335.6324,1373.6577,1324.9380,1364.1514,1352.5325,7373625
2002-12-20,1368.9045,1389.1053,1340.3857,1387.9171,1376.0955,3277436
2002-12-23,1387.9171,1396.2351,1365.3397,1396.2351,1384.3433,2379023
2002-12-24,1385.5405,1399.7999,1366.5280,1399.7999,1387.8774,535050
2002-12-25,1399.7999,1399.7999,1399.7999,1399.7999,1387.8774,0
2002-12-26,1399.7999,1399.7999,1399.7999,1399.7999,1387.8774,0
2002-12-27,1390.2937,1396.2351,1364.1514,1364.1514,1352.5325,1177829
2002-12-30,1371.2811,1403.3647,1358.2100,1403.3647,1391.4117,1782352
2002-12-31,1406.7871,1406.7871,1384.5898,1404.5531,1392.5897,628842
2003-01-01,1404.5531,1404.5531,1404.5531,1404.5531,1392.5897,0
2003-01-02,1400.9882,1437.8251,1400.9882,1437.8251,1425.5790,4398551
2003-01-03,1433.0719,1440.2017,1403.3647,1417.6241,1405.5492,2573325
2003-01-06,1418.4084,1425.9423,1400.9882,1410.4945,1398.4807,2407185
2003-01-07,1406.9296,1411.6827,1392.2567,1406.9296,1394.9459,2548765
2003-01-08,1402.1765,1421.1891,1398.6117,1409.3062,1397.3027,3689036
2003-01-09,1403.3647,1420.0009,1395.0468,1414.0594,1402.0155,2186204
2003-01-10,1406.9296,1414.0594,1391.4819,1408.1179,1396.1246,2356060
2003-01-13,1412.8711,1425.9423,1406.9296,1414.0594,1402.0155,2442096
2003-01-14,1414.0594,1424.7539,1396.2351,1406.9296,1394.9459,2425919
2003-01-15,1406.9296,1417.6241,1373.6577,1373.6577,1361.9580,5393425
2003-01-16,1376.0342,1385.5405,1358.2100,1372.4694,1360.7800,3758534
2003-01-17,1370.0928,1374.8459,1342.7622,1342.7622,1331.3251,7557946
2003-01-20,1345.1388,1353.4568,1322.5614,1330.8794,1319.5438,2752068
2003-01-21,1340.3857,1340.3857,1307.1136,1315.4316,1304.2277,5003863
2003-01-22,1315.4316,1320.1848,1285.7246,1289.2894,1278.3087,5056797
2003-01-23,1295.2308,1295.2308,1248.8877,1248.8877,1238.2509,4516252
2003-01-24,1258.3940,1305.9254,1238.0269,1269.0886,1258.2794,12297397
2003-01-27,1276.2183,1289.2894,1247.6993,1258.3940,1247.6764,16313475
2003-01-28,1266.7120,1286.9128,1254.8291,1269.0886,1258.2794,8592985
2003-01-29,1266.7120,1266.7120,1219.1805,1226.3103,1215.8651,5655400
2003-01-30,1233.4399,1259.5823,1233.4399,1257.2057,1246.4979,5244932
2003-01-31,1234.6283,1271.4651,1219.1805,1257.2057,1246.4979,5527435
2003-02-03,1272.6534,1284.7502,1250.0760,1267.9003,1257.1014,5547983
2003-02-04,1254.8291,1261.9589,1220.3689,1221.5573,1211.1532,4217481
2003-02-05,1233.4399,1252.4526,1218.4677,1252.4526,1241.7856,3671074
2003-02-06,1238.1931,1248.8877,1204.9211,1223.9337,1213.5088,5330758
2003-02-07,1226.3103,1230.1128,1201.3563,1215.6157,1205.2620,5632383
2003-02-10,1216.8040,1217.9923,1194.2266,1198.9797,1188.7679,3176899
2003-02-11,1197.7915,1231.0634,1197.7915,1227.4987,1217.0439,3972195
2003-02-12,1221.5573,1222.7454,1202.5446,1213.2393,1202.9055,3934164
2003-02-13,1213.2393,1269.0886,1202.5446,1238.1931,1227.6471,13283554
2003-02-14,1250.0760,1307.1136,1250.0760,1279.7831,1268.8835,7305781
2003-02-17,1299.9840,1315.4316,1283.3480,1315.4316,1304.2277,4624940
2003-02-18,1314.2434,1338.0092,1302.3605,1323.7498,1312.4751,4655307
2003-02-19,1316.6200,1318.7114,1288.1011,1290.4777,1279.4861,7312188
2003-02-20,1295.2308,1310.6785,1283.3480,1295.2308,1284.1992,3480223
2003-02-21,1291.9749,1328.5028,1285.7246,1324.9380,1313.6533,4409860
2003-02-24,1314.2434,1345.1388,1314.2434,1316.6200,1305.4055,4006133
2003-02-25,1308.3020,1313.0551,1278.4095,1298.7957,1287.7339,6557601
2003-02-26,1307.1136,1317.8083,1289.2894,1310.6785,1299.5151,5525104
2003-02-27,1310.6785,1324.9380,1289.2894,1311.8668,1300.6931,7251779
2003-02-28,1311.8668,1345.1388,1299.9840,1345.1388,1333.6819,3444377
2003-03-03,1335.6324,1354.6451,1318.9965,1328.5028,1317.1874,3230822
2003-03-04,1338.0092,1359.3982,1323.7498,1333.2560,1321.8997,3405614
2003-03-05,1340.3857,1341.5740,1318.2123,1318.9965,1307.7621,3515147
2003-03-06,1320.1848,1330.8794,1307.1136,1317.8083,1306.5840,3636900
2003-03-07,1308.3020,1312.9363,1247.6993,1273.8417,1262.9922,8235009
2003-03-10,1278.5948,1285.1304,1244.1346,1254.8291,1244.1411,5180121
2003-03-11,1252.4526,1263.1471,1238.1931,1261.9589,1251.2100,6634458
2003-03-12,1261.9589,1265.5237,1195.4149,1202.5446,1192.3024,8008831
2003-03-13,1215.6157,1278.5948,1210.8625,1277.4066,1266.5269,5245252
2003-03-14,1283.3480,1307.1136,1248.8877,1303.5488,1292.4457,7642490
2003-03-17,1282.1597,1360.5865,1265.5237,1349.8920,1338.3940,4458920
2003-03-18,1354.6451,1390.2937,1348.4185,1361.7748,1350.1755,8582109
2003-03-19,1359.3982,1396.4252,1344.3070,1373.6577,1361.9580,7750366
2003-03-20,1368.9045,1392.6702,1361.1094,1384.3522,1372.5618,4575927
2003-03-21,1380.8586,1423.5656,1380.8586,1423.5656,1411.4404,4394498
2003-03-24,1418.8125,1418.8125,1329.6910,1338.0092,1326.6133,7613027
2003-03-25,1329.6910,1397.4233,1316.6200,1390.2937,1378.4521,4197085
2003-03-26,1390.2937,1418.8125,1366.5280,1411.6827,1399.6593,5368091
2003-03-27,1402.1765,1412.8711,1393.8585,1404.5531,1392.5897,5278292
2003-03-28,1408.1179,1424.9441,1405.9315,1416.4359,1404.3708,5033605
2003-03-31,1402.1765,1404.5531,1383.1639,1392.6702,1380.8081,5926198
2003-04-01,1402.1765,1424.7539,1391.4819,1424.7539,1412.6189,5024390
2003-04-02,1414.0594,1449.7079,1414.0594,1441.3899,1429.1138,8342924
2003-04-03,1437.8251,1449.7079,1405.7415,1411.6827,1399.6593,7158230
2003-04-04,1404.5531,1444.7646,1404.5531,1437.8251,1425.5790,7848608
2003-04-07,1447.3313,1490.7039,1447.0461,1463.9673,1451.4978,4675588
2003-04-08,1444.9548,1478.2268,1444.9548,1463.9673,1451.4978,8429499
2003-04-09,1461.5908,1487.7330,1454.4611,1472.2853,1459.7456,5465173
2003-04-10,1461.5908,1474.6619,1452.0845,1455.6493,1443.2507,3496143
2003-04-11,1460.4025,1478.2268,1458.0259,1459.2142,1446.7860,3015836
2003-04-14,1461.5908,1478.2268,1442.5782,1471.0970,1458.5677,2886638
2003-04-15,1480.6033,1494.8628,1478.2268,1492.4862,1479.7742,4207674
2003-04-16,1503.1808,1512.6870,1463.9673,1468.7205,1456.2114,4919131
2003-04-17,1467.5322,1487.3766,1456.6949,1486.5448,1473.8833,3893507
2003-04-18,1486.5448,1486.5448,1486.5448,1486.5448,1473.8833,0
2003-04-21,1486.5448,1486.5448,1486.5448,1486.5448,1473.8833,0
2003-04-22,1497.2393,1497.2393,1460.4025,1474.6619,1462.1013,3384060
2003-04-23,1482.9799,1495.1718,1432.5728,1452.0845,1439.7167,6598729
2003-04-24,1443.7665,1472.2853,1416.4359,1418.8125,1406.7281,4127823
2003-04-25,1425.9423,1440.2017,1422.3774,1431.8835,1419.6877,2817210
2003-04-28,1423.5656,1461.5908,1423.5656,1461.5908,1449.1416,2813692
2003-04-29,1469.9088,1469.9088,1425.9423,1435.4485,1423.2222,4575946
2003-04-30,1440.2017,1479.4150,1431.8835,1461.5908,1449.1416,4786323
2003-05-01,1467.7461,1467.7461,1433.0719,1442.5782,1430.2919,2506129
2003-05-02,1366.5280,1371.2811,1313.0551,1320.1848,1308.9412,26504927
2003-05-05,1320.1848,1320.1848,1320.1848,1320.1848,1308.9412,0
2003-05-06,1340.3857,1379.5991,1338.2943,1364.1514,1352.5325,11084897
2003-05-07,1366.5280,1381.0488,1352.2686,1364.1514,1352.5325,8256830
2003-05-08,1355.8334,1380.7874,1355.8334,1374.8459,1363.1362,5566953
2003-05-09,1383.1639,1383.1639,1362.9631,1371.2811,1359.6016,3824494
2003-05-12,1380.7874,1398.6117,1376.0342,1393.8585,1381.9867,5218805
2003-05-13,1390.2937,1400.6317,1383.1639,1389.1053,1377.2737,5311876
2003-05-14,1361.7748,1368.9045,1332.0677,1338.0092,1326.8715,5901286
2003-05-15,1347.5154,1347.5154,1311.8668,1311.8668,1300.9464,6169560
2003-05-16,1321.3730,1321.3730,1286.7701,1289.2894,1278.5576,13058432
2003-05-19,1299.9840,1316.6200,1285.7246,1307.1136,1296.2333,9740356
2003-05-20,1309.4189,1339.1974,1296.4191,1335.6324,1324.5148,7974460
2003-05-21,1328.5028,1341.5740,1311.8668,1333.2560,1322.1577,4424948
2003-05-22,1338.0092,1338.0092,1303.5488,1304.7371,1293.8761,5112734
2003-05-23,1311.8668,1320.1848,1301.1722,1310.6785,1299.7681,4127787
2003-05-26,1310.6785,1310.6785,1310.6785,1310.6785,1299.7681,0
2003-05-27,1311.8668,1334.4443,1309.4904,1329.6910,1318.6232,4673704
2003-05-28,1332.0677,1342.7622,1321.3730,1334.4443,1323.3364,3265359
2003-05-29,1333.2560,1346.0372,1315.3365,1323.7498,1312.7308,3166849
2003-05-30,1315.4316,1318.9965,1292.4740,1292.8542,1282.0920,6479119
2003-06-02,1305.9254,1332.0677,1305.9254,1330.8794,1319.8018,5148102
2003-06-03,1324.9380,1335.6324,1312.9601,1315.4316,1304.4819,6147308
2003-06-04,1317.8083,1336.8208,1317.8083,1330.8794,1319.8018,6362062
2003-06-05,1333.2560,1341.5740,1318.9965,1328.5028,1317.4445,5876464
2003-06-06,1330.8794,1339.1974,1323.7498,1332.0677,1320.9800,9247712
2003-06-09,1330.8794,1335.6324,1305.9254,1321.3730,1310.3745,9004165
2003-06-10,1321.3730,1323.7498,1289.2894,1299.9840,1289.1633,5370510
2003-06-11,1304.7371,1334.4443,1299.9840,1332.0677,1320.9800,4920597
2003-06-12,1332.0677,1353.4568,1309.4904,1314.2434,1303.3037,7110438
2003-06-13,1321.0166,1321.3730,1298.7957,1299.9840,1289.1633,3854444
2003-06-16,1304.7371,1317.8083,1299.9840,1303.5488,1292.6978,5125364
2003-06-17,1315.4316,1325.1757,1284.5363,1290.4777,1279.7362,7789631
2003-06-18,1290.4777,1309.4904,1273.6753,1307.1136,1296.2333,9104391
2003-06-19,1311.8668,1315.5269,1296.4191,1296.4191,1285.6282,7773756
2003-06-20,1296.4191,1333.2560,1288.1011,1324.9380,1313.9097,8632109
2003-06-23,1314.2434,1314.2434,1175.2140,1178.7789,1168.9668,28522593
2003-06-24,1176.4023,1176.4023,1125.1158,1143.1302,1133.6147,29508989
2003-06-25,1150.2600,1172.2433,1150.2600,1166.8960,1157.1825,12821038
2003-06-26,1157.3898,1168.6309,1146.6952,1152.6366,1143.0422,6031934
2003-06-27,1150.2600,1166.1450,1150.2600,1159.7664,1150.1124,7504873
2003-06-30,1153.8250,1172.8375,1145.5070,1146.6952,1137.1499,4402582
2003-07-01,1146.6952,1159.7664,1124.1178,1128.8708,1119.4741,6140588
2003-07-02,1151.4482,1151.4482,1133.6240,1145.5070,1135.9716,3531901
2003-07-03,1150.2600,1152.6366,1126.4943,1136.0006,1126.5443,7338844
2003-07-04,1136.0006,1147.3726,1126.7321,1134.8123,1125.3660,4413232
2003-07-07,1143.1302,1165.7076,1143.1302,1153.8250,1144.2208,5767947
2003-07-08,1155.0132,1171.6492,1146.6952,1153.8250,1144.2208,6277072
2003-07-09,1155.0132,1173.4316,1152.6366,1155.0132,1145.3981,6862461
2003-07-10,1155.0132,1171.0312,1154.5616,1157.3898,1147.7555,11063013
2003-07-11,1154.7755,1164.5195,1144.1760,1158.5780,1148.9343,4848606
2003-07-14,1164.5195,1173.6693,1156.2015,1170.4609,1160.7186,8073632
2003-07-15,1169.2726,1181.1555,1156.2015,1162.1429,1152.4695,7675073
2003-07-16,1166.8960,1178.7076,1162.2617,1170.4609,1160.7186,8810171
2003-07-17,1164.5195,1181.1555,1159.7664,1172.8375,1163.0745,6482446
2003-07-18,1176.4023,1198.9797,1171.4828,1196.6031,1186.6426,6840050
2003-07-21,1204.9211,1206.9412,1189.4735,1197.7915,1187.8210,4439665
2003-07-22,1197.7915,1214.4274,1190.6617,1214.4274,1204.3179,4285727
2003-07-23,1214.4274,1231.0634,1214.4274,1226.3103,1216.1022,3954991
2003-07-24,1234.6283,1235.8167,1214.4274,1220.3689,1210.2102,3586404
2003-07-25,1220.8442,1233.4399,1212.0509,1214.4274,1204.3179,5373174
2003-07-28,1229.2810,1231.0634,1200.1680,1207.2977,1197.2484,3509341
2003-07-29,1208.4860,1216.8040,1193.0383,1197.7915,1187.8210,5304590
2003-07-30,1197.7915,1221.6997,1189.4735,1216.8040,1206.6750,8880556
2003-07-31,1220.3689,1221.5573,1203.7329,1213.2393,1203.1395,6713120
2003-08-01,1213.2393,1216.8040,1191.8500,1201.3563,1191.3564,3311290
2003-08-04,1204.9211,1219.1805,1193.7513,1202.5446,1192.5345,2514118
2003-08-05,1212.0509,1214.9503,1189.4735,1201.3563,1191.3564,3569645
2003-08-06,1193.0383,1209.6743,1189.4735,1207.2977,1197.2484,3216237
2003-08-07,1210.8625,1220.3689,1198.9797,1214.4274,1204.3179,3320178
2003-08-08,1212.0509,1246.5111,1206.1094,1246.5111,1236.1351,4597245
2003-08-11,1247.6993,1247.6993,1229.8752,1240.5697,1230.2429,2645530
2003-08-12,1229.8752,1240.5697,1225.1219,1238.1931,1227.8861,4032997
2003-08-13,1233.4399,1246.0358,1225.1219,1229.8752,1219.6381,2450407
2003-08-14,1235.8167,1250.3612,1231.0634,1245.3229,1234.9569,2633803
2003-08-15,1245.3229,1264.3354,1243.4216,1258.3940,1247.9191,2332754
2003-08-18,1265.5237,1265.5237,1246.5111,1250.0760,1239.6704,3942563
2003-08-19,1253.6409,1253.6409,1223.9337,1235.8167,1225.5295,4634206
2003-08-20,1237.0049,1245.1565,1222.4840,1228.6869,1218.4597,5026418
2003-08-21,1227.4987,1238.1931,1223.9337,1234.6283,1224.3513,3712720
2003-08-22,1228.6869,1251.2643,1228.6869,1246.5111,1236.1351,3280549
2003-08-25,1246.5111,1246.5111,1246.5111,1246.5111,1236.1351,0
2003-08-26,1233.4399,1250.0760,1220.3689,1227.4987,1217.2809,4441300
2003-08-27,1226.3103,1234.6283,1221.5573,1232.2517,1221.9943,3387875
2003-08-28,1231.0634,1237.2188,1203.7329,1209.6743,1199.6050,3273172
2003-08-29,1225.1219,1227.4987,1206.0857,1222.7454,1212.5679,3898976
2003-09-01,1188.2852,1238.1931,1188.2852,1233.4399,1223.1722,2934940
2003-09-02,1231.0634,1238.1931,1217.9923,1220.3689,1210.2102,3184016
2003-09-03,1233.4399,1240.5697,1225.1219,1232.2517,1221.9943,6507990
2003-09-04,1234.6283,1239.3813,1225.0507,1239.3813,1229.0645,7163109
2003-09-05,1242.9463,1248.8877,1227.4987,1238.1931,1227.8861,3076173
2003-09-08,1237.0049,1256.0175,1235.8167,1250.0760,1239.6704,2459529
2003-09-09,1258.3940,1260.8181,1235.3413,1238.1931,1227.8861,3848922
2003-09-10,1240.5697,1253.9498,1233.4399,1248.8877,1238.4918,5149684
2003-09-11,1242.9463,1272.2256,1242.9463,1267.9003,1257.3462,4597003
2003-09-12,1273.8417,1275.0300,1260.7706,1275.0300,1264.4160,3709029
2003-09-15,1273.8417,1288.1011,1264.6444,1286.9128,1276.2001,3934217
2003-09-16,1283.3480,1290.4777,1279.7831,1286.9128,1276.2001,2675061
2003-09-17,1295.2308,1299.9840,1282.1597,1291.6660,1280.9137,2865500
2003-09-18,1283.3480,1297.6074,1283.3480,1296.4191,1285.6282,4371434
2003-09-19,1298.7957,1299.9840,1266.7120,1270.2769,1259.7030,5599968
2003-09-22,1260.7706,1271.4651,1254.8291,1267.9003,1257.3462,3119980
2003-09-23,1269.0886,1270.5858,1247.6993,1250.0760,1239.6704,4668436
2003-09-24,1253.6409,1271.4651,1251.7966,1264.3354,1253.8115,16148777
2003-09-25,1259.5823,1265.5237,1248.5312,1259.5823,1249.0979,3990105
2003-09-26,1254.8291,1260.7706,1244.1346,1257.2057,1246.7402,2881049
2003-09-29,1275.0300,1275.0300,1244.1346,1247.6993,1237.3131,2852419
2003-09-30,1252.4526,1259.5823,1219.1805,1221.5573,1211.3885,5279485
2003-10-01,1221.5573,1238.1931,1219.1805,1234.6283,1224.3513,3679927
2003-10-02,1244.1346,1244.1346,1222.7454,1241.7581,1231.4215,3536276
2003-10-03,1239.3813,1255.7205,1234.3906,1250.0760,1239.6704,3435481
2003-10-06,1245.3229,1247.6993,1233.4399,1244.1346,1233.7784,2879811
2003-10-07,1250.0760,1253.6409,1239.6429,1251.2643,1240.8489,1438373
2003-10-08,1251.2643,1251.2643,1216.1624,1223.9337,1213.7461,5209036
2003-10-09,1225.1219,1242.9463,1217.9923,1237.0049,1226.7079,6208616
2003-10-10,1235.8167,1253.6409,1233.4399,1245.3229,1234.9569,3584946
2003-10-13,1242.9463,1248.8877,1237.0049,1244.1346,1233.7784,2202211
2003-10-14,1253.6409,1253.6409,1233.4399,1235.8167,1225.5295,3562932
2003-10-15,1239.3813,1252.5144,1237.0049,1251.2643,1240.8489,3951970
2003-10-16,1238.1931,1250.0760,1226.3103,1237.0049,1226.7079,4864713
2003-10-17,1242.9463,1246.5111,1233.4399,1245.3229,1234.9569,3678597
2003-10-20,1244.1346,1251.2643,1150.2600,1157.3898,1147.7555,15044011
2003-10-21,1164.5195,1194.2266,1164.5195,1191.8500,1181.9291,15788886
2003-10-22,1191.8500,1195.4149,1166.8960,1178.7789,1168.9668,4445578
2003-10-23,1172.8375,1188.2852,1157.3898,1181.1555,1171.3236,8029427
2003-10-24,1181.1555,1181.1555,1159.5287,1174.0258,1164.2528,3688269
2003-10-27,1175.2140,1182.3438,1169.5103,1177.5906,1167.7887,2616488
2003-10-28,1177.5906,1185.9086,1172.8375,1178.7789,1168.9668,3883556
2003-10-29,1185.9086,1187.0969,1147.8835,1158.5780,1148.9343,5731286
2003-10-30,1163.3312,1185.3145,1157.3898,1182.3438,1172.5020,6124997
2003-10-31,1184.7203,1194.2266,1176.8776,1194.2266,1184.2861,4777575
2003-11-03,1191.8500,1203.7329,1187.0969,1202.5446,1192.5345,4151632
2003-11-04,1203.7329,1213.2393,1194.2266,1208.4860,1198.4266,4608937
2003-11-05,1188.2852,1208.4860,1187.3345,1203.7329,1193.8654,4883183
2003-11-06,1204.9211,1219.1805,1196.6031,1212.0509,1202.1143,3383249
2003-11-07,1219.1805,1233.4399,1208.4860,1233.4399,1223.3282,4560881
2003-11-10,1233.4399,1238.1931,1227.4987,1233.4399,1223.3282,4316721
2003-11-11,1233.4399,1239.6904,1221.5573,1238.1931,1228.0428,4804225
2003-11-12,1238.1931,1242.9463,1225.6686,1242.9463,1232.7576,4054991
2003-11-13,1251.2643,1257.2057,1222.7454,1226.3103,1216.2572,2810552
2003-11-14,1228.6869,1233.4399,1223.0544,1231.0634,1220.9717,3926417
2003-11-17,1222.7454,1226.3103,1209.6743,1210.8625,1200.9360,2970687
2003-11-18,1214.4274,1214.4274,1198.9797,1201.3563,1191.5081,3184045
2003-11-19,1195.4149,1210.8625,1194.2266,1208.4860,1198.5795,2420123
2003-11-20,1212.0509,1216.8040,1185.9086,1214.4274,1204.4714,4561102
2003-11-21,1215.6157,1215.6157,1204.9211,1209.6743,1199.7577,3138035
2003-11-24,1209.6743,1228.6869,1209.6505,1226.3103,1216.2572,3677085
2003-11-25,1227.4987,1242.9463,1215.4493,1234.6283,1224.5073,3399655
2003-11-26,1233.4399,1238.1931,1204.9211,1220.3689,1210.3643,2961084
2003-11-27,1222.7454,1232.7413,1209.6743,1214.4274,1204.4714,2884944
2003-11-28,1214.4274,1214.4274,1196.6031,1200.1680,1190.3293,5352323
2003-12-01,1202.5446,1215.0216,1194.4644,1201.3563,1191.5081,5688996
2003-12-02,1189.4735,1202.5446,1186.8593,1191.8500,1182.0798,8801972
2003-12-03,1183.5320,1197.7915,1182.3438,1188.2852,1178.5438,8902535
2003-12-04,1188.2852,1193.0383,1178.7789,1181.1555,1171.4728,7069999
2003-12-05,1176.4023,1188.5466,1176.4023,1185.9086,1176.1871,4596202
2003-12-08,1183.5320,1188.2852,1176.4023,1185.9086,1176.1871,3551347
2003-12-09,1190.6617,1190.6617,1179.9672,1183.5320,1173.8293,3616860
2003-12-10,1183.5320,1187.0969,1176.4023,1179.9672,1170.2943,3502922
2003-12-11,1178.7789,1182.3438,1168.0844,1171.6492,1162.0442,5108222
2003-12-12,1177.5906,1184.7203,1170.4609,1179.9672,1170.2943,4265733
2003-12-15,1191.8500,1191.8500,1184.7203,1191.8500,1182.0798,2389328
2003-12-16,1187.0969,1201.3563,1187.0969,1198.9797,1189.1510,5099767
2003-12-17,1198.9797,1215.6157,1197.7915,1212.0509,1202.1143,3995966
2003-12-18,1210.8625,1210.8625,1193.0383,1196.6031,1186.7936,5305884
2003-12-19,1200.1680,1208.4860,1190.6617,1202.5446,1192.6866,3529447
2003-12-22,1202.5446,1213.8903,1200.7622,1209.6743,1199.7577,2844497
2003-12-23,1215.0216,1215.0216,1200.1680,1206.7036,1196.8109,3442674
2003-12-24,1206.1094,1216.8040,1206.1094,1208.4860,1198.5795,1285031
2003-12-25,1208.4860,1208.4860,1208.4860,1208.4860,1198.5795,0
2003-12-26,1208.4860,1208.4860,1208.4860,1208.4860,1198.5795,0
2003-12-29,1204.9211,1220.9630,1204.9211,1217.9923,1208.0077,1707927
2003-12-30,1222.7454,1239.3813,1221.5573,1229.2810,1219.2035,2498003
2003-12-31,1233.4399,1242.2333,1233.3687,1237.5990,1227.4541,1035805
2004-01-01,1237.7178,1237.7178,1237.7178,1237.7178,1227.5717,0
2004-01-02,1242.9463,1242.9463,1226.9044,1237.0049,1226.8641,1715549
2004-01-05,1237.0049,1244.1346,1225.7162,1232.2517,1222.1501,3997012
2004-01-06,1234.6283,1235.0798,1218.5864,1229.8752,1219.7936,4480351
2004-01-07,1229.8752,1235.2224,1226.3103,1231.6576,1221.5610,4606146
2004-01-08,1254.8291,1271.4651,1250.0760,1253.6409,1243.3639,8982170
2004-01-09,1254.8291,1267.9003,1250.0760,1251.2643,1241.0068,6890275
2004-01-12,1253.6409,1255.1855,1245.3229,1251.2643,1241.0068,4404502
2004-01-13,1251.2643,1256.6116,1237.0049,1240.5697,1230.3999,4044916
2004-01-14,1243.5404,1249.1254,1238.6138,1241.1639,1230.9896,6044721
2004-01-15,1245.3229,1257.6715,1242.4709,1248.8877,1238.6497,7747402
2004-01-16,1250.0760,1262.5530,1248.8877,1255.4233,1245.1320,6506757
2004-01-19,1255.4233,1264.3354,1249.9572,1262.5530,1252.2030,2926847
2004-01-20,1264.3354,1274.6735,1260.7706,1264.3354,1253.9714,4591799
2004-01-21,1267.3062,1276.2183,1263.1471,1270.8710,1260.4529,5214588
2004-01-22,1271.4651,1271.4651,1251.2643,1253.6409,1243.3639,3770927
2004-01-23,1259.5823,1276.2183,1251.2643,1272.0593,1261.6313,6882543
2004-01-26,1276.2183,1282.1597,1260.1764,1269.0886,1258.6849,4372161
2004-01-27,1271.4651,1276.2183,1247.6993,1252.4526,1242.1853,5558248
2004-01-28,1243.5404,1251.2643,1233.4399,1247.6993,1237.4707,6298106
2004-01-29,1237.7178,1259.5823,1237.7178,1248.8877,1238.6497,5304554
2004-01-30,1251.8584,1264.3354,1247.6993,1257.7999,1247.4890,6309305
2004-02-02,1258.9882,1258.9882,1240.0944,1250.0760,1239.8284,6155253
2004-02-03,1259.5823,1259.5823,1238.7874,1251.8584,1241.5959,6437464
2004-02-04,1251.2643,1271.4651,1244.1346,1264.3354,1253.9714,10615976
2004-02-05,1260.7706,1287.5070,1260.1764,1282.1597,1271.6493,7698054
2004-02-06,1280.9714,1288.6953,1276.2183,1279.1890,1268.7028,5496437
2004-02-09,1273.8417,1275.6954,1258.9882,1262.5530,1252.2030,8150845
2004-02-10,1259.3446,1263.1471,1256.6116,1260.7706,1250.4359,7844997
2004-02-11,1260.7706,1267.4487,1253.6409,1266.7120,1256.3276,6834506
2004-02-12,1295.2308,1328.6217,1295.2308,1299.9840,1289.3276,20195205
2004-02-13,1299.9840,1332.6617,1296.4191,1322.5614,1311.7192,8099897
2004-02-16,1316.6200,1326.1263,1307.1136,1321.3730,1310.5411,6026007
2004-02-17,1322.4426,1331.4735,1317.8083,1318.4023,1307.5953,6550139
2004-02-18,1317.8083,1358.2100,1317.8083,1343.3564,1332.3444,9014984
2004-02-19,1352.2686,1361.1807,1342.7622,1347.5154,1336.4692,3677814
2004-02-20,1349.2979,1375.8893,1345.7330,1368.9045,1357.6825,6597095
2004-02-23,1370.0928,1384.3522,1347.5154,1350.4861,1339.4158,3200652
2004-02-24,1349.2979,1362.0125,1330.8794,1342.1681,1331.1652,3318580
2004-02-25,1334.4443,1347.5154,1333.2560,1340.3857,1329.3976,2901453
2004-02-26,1348.7037,1348.7037,1332.4242,1338.6031,1327.6292,3724378
2004-02-27,1341.5740,1348.8225,1335.6324,1336.8208,1325.8623,2828344
2004-03-01,1340.3857,1349.2979,1336.2267,1345.7330,1334.7012,2306648
2004-03-02,1359.3982,1359.3982,1323.7498,1332.0677,1321.1484,4090930
2004-03-03,1330.8794,1331.4735,1308.3020,1321.3730,1310.5411,6606165
2004-03-04,1326.1263,1327.9087,1310.6785,1318.9965,1308.1835,3044363
2004-03-05,1323.7498,1331.9441,1311.2727,1327.9087,1317.0231,3698176
2004-03-08,1336.2267,1336.2267,1317.8083,1330.2853,1319.3798,1522635
2004-03-09,1319.5907,1340.3857,1319.5907,1338.0092,1327.0406,4006208
2004-03-10,1340.3857,1355.8334,1338.0092,1348.7037,1337.6475,3645300
2004-03-11,1339.1974,1348.7037,1322.5614,1342.7622,1331.7551,7020916
2004-03-12,1332.6617,1347.5154,1311.2727,1318.9965,1308.1835,6830098
2004-03-15,1308.3020,1319.5907,1300.5781,1301.1722,1290.5059,2793978
2004-03-16,1302.3605,1311.8668,1290.4777,1296.4191,1285.7919,3525908
2004-03-17,1302.3605,1316.6200,1292.2601,1308.3020,1297.5763,4137106
2004-03-18,1310.6785,1310.6785,1289.2894,1293.4484,1282.8452,3890139
2004-03-19,1305.9254,1307.1136,1289.2894,1297.6074,1286.9702,5101425
2004-03-22,1301.1722,1301.1722,1265.5237,1276.2183,1265.7560,2612689
2004-03-23,1272.6534,1272.6534,1250.0760,1253.6409,1243.3639,4697011
2004-03-24,1252.4526,1253.7050,1223.9337,1234.6283,1224.5073,8577847
2004-03-25,1233.4399,1254.8291,1225.1219,1254.8291,1244.5424,7061483
2004-03-26,1257.2057,1259.5823,1237.0049,1259.5823,1249.2573,3131331
2004-03-29,1259.5823,1272.5107,1245.9170,1267.9003,1257.5061,3280139
2004-03-30,1272.6534,1282.1597,1272.6534,1279.7831,1269.2925,4874351
2004-03-31,1279.7831,1288.1011,1275.0300,1279.7831,1269.2925,5584211
2004-04-01,1283.3480,1288.1011,1261.9589,1273.8417,1263.3993,2411192
2004-04-02,1280.9714,1283.3480,1266.7120,1279.7831,1269.2925,3977608
2004-04-05,1283.3480,1283.3480,1267.9003,1275.0300,1264.5773,3289588
2004-04-06,1284.5363,1284.5363,1266.7120,1266.7120,1256.3276,5314511
2004-04-07,1269.0886,1283.3480,1266.7120,1283.3480,1272.8279,3668871
2004-04-08,1280.9714,1291.6660,1273.8417,1277.4066,1266.9343,2256225
2004-04-09,1277.4066,1277.4066,1277.4066,1277.4066,1266.9343,0
2004-04-12,1277.4066,1277.4066,1277.4066,1277.4066,1266.9343,0
2004-04-13,1275.0300,1289.2894,1272.6534,1286.9128,1276.3628,2999351
2004-04-14,1291.6660,1305.9254,1279.7831,1297.6074,1286.9702,4213503
2004-04-15,1297.6074,1309.4904,1297.6074,1305.9254,1295.2196,3145796
2004-04-16,1305.9254,1314.5524,1284.4388,1307.1136,1296.3983,5258392
2004-04-19,1303.5488,1311.8668,1296.4191,1307.1136,1296.3983,2526369
2004-04-20,1311.8668,1317.8083,1300.6019,1315.4316,1304.6483,2133616
2004-04-21,1308.3020,1351.0802,1308.3020,1351.0802,1340.0044,7036760
2004-04-22,1346.3271,1365.3397,1339.1974,1361.7748,1350.6112,8997654
2004-04-23,1366.5280,1371.2811,1329.6910,1340.3857,1329.3976,5726096
2004-04-26,1333.2560,1338.0092,1315.4316,1334.4443,1323.5051,3571824
2004-04-27,1334.4443,1345.1388,1330.6417,1334.4443,1323.5051,3791298
2004-04-28,1253.6409,1265.5237,1239.9756,1252.4526,1242.1853,18027877
2004-04-29,1248.8877,1277.4066,1248.8877,1272.6534,1262.2207,20110335
2004-04-30,1270.2769,1278.7446,1259.5823,1264.3354,1253.9714,10728786
2004-05-03,1264.3354,1264.3354,1264.3354,1264.3354,1253.9714,0
2004-05-04,1280.9714,1298.7957,1266.7120,1291.6660,1281.0771,13125762
2004-05-05,1290.4777,1303.5488,1288.1011,1299.9840,1289.3276,15196260
2004-05-06,1299.9840,1299.9840,1259.5823,1265.5237,1255.1497,15086714
2004-05-07,1267.9003,1280.9714,1251.2643,1254.8291,1244.5424,7904430
2004-05-10,1247.6993,1257.9662,1237.8224,1238.1931,1228.0428,7568722
2004-05-11,1242.9463,1259.5823,1241.7581,1250.0760,1239.8284,5780083
2004-05-12,1259.5823,1259.5823,1220.3689,1223.9337,1213.9008,8353992
2004-05-13,1229.8752,1237.5990,1223.9337,1226.3103,1216.2572,4033938
2004-05-14,1223.9337,1233.4399,1223.9337,1233.4399,1223.3282,3357619
2004-05-17,1231.0634,1234.6283,1222.7454,1232.2517,1222.1501,5385993
2004-05-18,1235.8167,1252.6143,1233.4399,1244.1346,1233.9358,7130493
2004-05-19,1226.3103,1227.4987,1208.4860,1216.8040,1207.1182,4574027
2004-05-20,1216.8040,1222.7454,1202.5446,1208.4860,1198.8668,3917973
2004-05-21,1208.4860,1214.4750,1200.1680,1204.9211,1195.3298,2575545
2004-05-24,1202.5446,1220.3689,1200.1680,1203.7329,1194.1514,3234934
2004-05-25,1204.9211,1207.0815,1190.6617,1196.6031,1187.0780,4635139
2004-05-26,1204.9211,1213.2393,1189.4735,1195.4149,1185.8999,5297819
2004-05-27,1196.6031,1201.3563,1185.9086,1190.6617,1181.1841,7473532
2004-05-28,1212.0509,1237.5990,1211.7490,1232.2517,1222.4430,12818308
2004-05-31,1232.2517,1232.2517,1232.2517,1232.2517,1222.4430,0
2004-06-01,1233.4399,1233.6301,1219.1805,1226.3103,1216.5485,4480787
2004-06-02,1231.0634,1231.0634,1219.1805,1220.3689,1210.6545,3719323
2004-06-03,1225.1219,1227.6649,1214.4274,1223.9337,1214.1913,3670901
2004-06-04,1223.9337,1228.6869,1218.9429,1223.9337,1214.1913,3755068
2004-06-07,1228.6869,1246.5111,1228.6869,1242.9463,1233.0527,5140329
2004-06-08,1244.1346,1245.3229,1234.9373,1239.3813,1229.5157,2286528
2004-06-09,1246.5111,1248.5312,1233.4399,1239.3813,1229.5157,2133167
2004-06-10,1240.5697,1248.8877,1230.3979,1246.5111,1236.5890,3806055
2004-06-11,1233.4399,1252.4526,1226.3103,1247.6993,1237.7671,1445256
2004-06-14,1244.1346,1245.3229,1232.2517,1238.1931,1228.3372,2459766
2004-06-15,1237.0049,1246.5111,1235.8167,1242.9463,1233.0527,2895857
2004-06-16,1245.3229,1252.4526,1238.4308,1251.2643,1241.3043,3098519
2004-06-17,1253.6409,1264.3354,1248.8877,1263.1471,1253.0924,4035501
2004-06-18,1270.2769,1273.8417,1256.0175,1267.9003,1257.8071,2938767
2004-06-21,1269.0886,1279.7831,1268.1617,1277.4066,1267.2380,4011038
2004-06-22,1266.7120,1279.7831,1266.4742,1273.8417,1263.7019,3649516
2004-06-23,1273.8417,1283.3480,1267.9003,1272.6534,1262.5234,3122374
2004-06-24,1278.5948,1282.1597,1260.7706,1270.2769,1260.1654,4637174
2004-06-25,1264.3354,1272.6534,1262.7194,1265.5237,1255.4507,4582268
2004-06-28,1257.2057,1276.2183,1257.2057,1272.6534,1262.5234,1603915
2004-06-29,1275.0300,1288.1011,1269.0886,1285.7246,1275.4901,5750799
2004-06-30,1290.4777,1296.4191,1280.9714,1285.7246,1275.4901,14525608
2004-07-01,1285.7246,1286.7108,1266.7120,1269.0886,1258.9866,20243750
2004-07-02,1269.0886,1269.6827,1251.2643,1258.3940,1248.3771,19346914
2004-07-05,1260.7706,1260.7706,1238.8586,1240.5697,1230.6947,2745284
2004-07-06,1234.6283,1239.3813,1221.5573,1237.0049,1227.1577,15806161
2004-07-07,1237.0049,1240.8074,1226.3103,1232.2517,1222.4430,12240131
2004-07-08,1228.6869,1241.7581,1226.3103,1239.3813,1229.5157,6668681
2004-07-09,1237.0049,1240.5697,1226.3103,1234.6283,1224.8009,7324512
2004-07-12,1232.2517,1237.8462,1217.9923,1226.3103,1216.5485,6545827
2004-07-13,1232.2517,1232.2517,1207.2977,1213.2393,1203.5813,7830310
2004-07-14,1209.6743,1223.9337,1202.5446,1221.5573,1211.8330,7421119
2004-07-15,1216.8040,1223.9337,1215.6157,1217.9923,1208.2970,3241406
2004-07-16,1217.9923,1221.5573,1212.0509,1219.1805,1209.4757,8095305
2004-07-19,1217.9923,1217.9923,1202.5446,1206.1094,1196.5089,4750258
2004-07-20,1208.4860,1210.8625,1200.1680,1206.1094,1196.5089,1994154
2004-07-21,1209.6743,1212.0938,1198.9797,1201.3563,1191.7937,4715836
2004-07-22,1189.4735,1202.5446,1189.4735,1193.0383,1183.5424,3511390
2004-07-23,1195.4149,1205.2301,1194.2266,1197.7915,1188.2573,3966702
2004-07-26,1202.5446,1207.2977,1187.9762,1188.2852,1178.8265,4724060
2004-07-27,1185.9086,1204.9211,1159.8853,1204.9211,1195.3298,5570463
2004-07-28,1168.0844,1176.4023,1136.0006,1153.8250,1144.6411,20101120
2004-07-29,1157.3898,1179.9434,1150.3313,1175.2140,1165.8591,15097821
2004-07-30,1175.2140,1177.8759,1141.9420,1153.8250,1144.6411,8051192
2004-08-02,1160.9546,1160.9546,1134.8123,1145.5070,1136.3887,5901921
2004-08-03,1146.6952,1148.8579,1138.0682,1143.1302,1134.0311,7276625
2004-08-04,1139.5656,1139.5656,1130.0592,1136.0006,1126.9579,6095584
2004-08-05,1141.9420,1146.4575,1125.1158,1132.4358,1123.4220,5057068
2004-08-06,1124.1178,1132.1268,1108.6700,1113.4232,1104.5604,4802819
2004-08-09,1105.1052,1119.3646,1100.3521,1115.7998,1106.9182,4659452
2004-08-10,1113.4232,1125.3062,1108.6700,1115.7998,1106.9182,4110515
2004-08-11,1122.9294,1122.9294,1093.2224,1105.1052,1096.3081,5099383
2004-08-12,1102.7286,1117.5822,1102.7286,1111.0466,1102.2026,8993955
2004-08-13,1111.0466,1113.4232,1101.5403,1108.6700,1099.8455,4561410
2004-08-16,1096.7872,1113.4232,1094.4106,1113.4232,1104.5604,3780011
2004-08-17,1111.0466,1131.2476,1111.0466,1126.4943,1117.5270,4222944
2004-08-18,1121.7412,1126.4943,1105.1052,1115.7998,1106.9182,6421138
2004-08-19,1121.7412,1126.4943,1107.4818,1116.9882,1108.0972,4666430
2004-08-20,1112.2349,1114.6115,1102.2058,1112.2349,1103.3815,3786370
2004-08-23,1120.5529,1126.4943,1114.8491,1124.1178,1115.1697,2514957
2004-08-24,1124.1178,1134.8123,1120.6836,1131.2476,1122.2428,5059170
2004-08-25,1131.2476,1136.0006,1112.2349,1119.3646,1110.4543,3712910
2004-08-26,1127.6826,1128.8708,1114.6115,1128.8708,1119.8854,5385292
2004-08-27,1112.2349,1133.6240,1112.2349,1132.4358,1123.4220,4665798
2004-08-30,1132.4358,1132.4358,1132.4358,1132.4358,1123.4220,0
2004-08-31,1112.2349,1133.6240,1112.2349,1132.4358,1123.4220,4665798
2004-09-01,1138.3772,1156.2015,1137.1888,1152.6366,1143.4617,5625171
2004-09-02,1151.4482,1155.0132,1143.1302,1147.8835,1138.7460,6660081
2004-09-03,1153.8250,1163.3312,1146.6952,1158.5780,1149.3560,3128151
2004-09-06,1153.8250,1166.8960,1153.8250,1160.9546,1151.7134,2606563
2004-09-07,1163.3312,1171.6492,1159.0533,1169.2726,1159.9656,3961230
2004-09-08,1162.1429,1170.4609,1155.0132,1157.3898,1148.1769,5239949
2004-09-09,1157.3898,1160.9546,1146.1960,1155.0132,1145.8190,8422337
2004-09-10,1155.0132,1164.5195,1155.0132,1163.3312,1154.0708,3712907
2004-09-13,1164.5195,1174.0258,1160.9546,1165.7076,1156.4283,2866434
2004-09-14,1163.3312,1166.8960,1155.0132,1159.7664,1150.5349,4918156
2004-09-15,1163.3312,1166.8960,1155.0132,1159.7664,1150.5349,4918156
2004-09-16,1151.4482,1153.4684,1141.9420,1143.1302,1134.0311,4300600
2004-09-17,1144.3186,1153.5872,1139.5656,1145.5070,1136.3887,4294217
2004-09-20,1083.7161,1101.5403,1067.0801,1092.0341,1083.3414,32894358
2004-09-21,1090.8458,1115.3245,1076.5864,1111.0466,1102.2026,12341582
2004-09-22,1113.4232,1113.4232,1094.4106,1098.5696,1089.8253,7722377
2004-09-23,1093.8165,1093.8165,1089.5149,1092.0341,1083.3414,7838115
2004-09-24,1089.6575,1094.4106,1077.1805,1078.9629,1070.3746,10508662
2004-09-27,1075.9922,1077.7747,1062.3269,1068.2684,1059.7648,9399002
2004-09-28,1065.8918,1082.5278,1061.1387,1078.9629,1070.3746,12356168
2004-09-29,1080.1512,1087.1383,1070.0508,1080.7454,1072.1417,3819062
2004-09-30,1087.2809,1089.0634,1067.6742,1068.8625,1060.3549,7209838
2004-10-01,1069.4565,1083.7161,1068.8625,1083.7161,1075.0891,6156710
2004-10-04,1088.4692,1105.1052,1088.4692,1095.0048,1086.2883,7017724
2004-10-05,1097.3813,1106.1271,1091.4399,1096.1931,1087.4670,3875943
2004-10-06,1097.9755,1099.1638,1089.6575,1097.9755,1089.2349,4138901
2004-10-07,1104.5111,1104.8199,1093.2224,1096.7872,1088.0569,8225382
2004-10-08,1096.7872,1105.6993,1093.8165,1097.9755,1089.2349,6478900
2004-10-11,1103.3228,1103.3228,1081.3395,1086.6868,1078.0363,4534174
2004-10-12,1097.3813,1097.3813,1066.2815,1079.5571,1070.9634,5249186
2004-10-13,1084.3102,1086.6868,1075.8259,1078.9629,1070.3746,7052608
2004-10-14,1074.2098,1086.0927,1070.6449,1081.9336,1073.3214,6546454
2004-10-15,1076.5864,1085.1182,1074.2098,1077.1805,1068.6058,9798779
2004-10-18,1081.3395,1083.1219,1074.2098,1081.9336,1073.3214,8721263
2004-10-19,1086.0927,1095.0048,1081.9336,1088.4692,1079.8049,9516525
2004-10-20,1080.1512,1081.9336,1066.7474,1072.4274,1063.8907,11182993
2004-10-21,1071.2391,1075.3981,1059.3562,1071.8333,1063.3015,15765474
2004-10-22,1071.8333,1075.9922,1045.3107,1062.3269,1053.8706,10553770
2004-10-25,1057.5739,1062.5052,1040.8190,1053.4148,1045.0302,9025604
2004-10-26,1054.0089,1072.4274,1045.0968,1068.2684,1059.7648,9919874
2004-10-27,1086.0927,1090.8458,1042.7202,1074.8040,1066.2484,18795485
2004-10-28,1090.8458,1103.8456,1076.5864,1102.7286,1093.9508,11643856
2004-10-29,1101.5403,1112.2349,1090.8458,1090.8458,1082.1627,15443357
2004-11-01,1093.8165,1117.5822,1088.4692,1114.6115,1105.7386,9166230
2004-11-02,1110.4525,1125.2347,1107.0302,1124.1178,1115.1697,5904078
2004-11-03,1121.7412,1121.7412,1098.5696,1112.2349,1103.5366,4733254
2004-11-04,1116.9882,1126.4943,1105.1052,1126.4943,1117.6844,7347311
2004-11-05,1134.8123,1146.6952,1124.8307,1128.8708,1120.0425,4374751
2004-11-08,1130.0592,1145.5070,1116.2941,1131.2476,1122.4001,4048658
2004-11-09,1137.1888,1137.1888,1114.6115,1119.9587,1111.2007,4058439
2004-11-10,1122.9294,1137.3315,1122.9294,1128.8708,1120.0425,2787769
2004-11-11,1131.2476,1149.5708,1125.3062,1147.8835,1138.9062,5891792
2004-11-12,1152.6366,1165.1136,1146.6001,1153.8250,1144.8015,3713984
2004-11-15,1156.2015,1158.5780,1150.2600,1156.7957,1147.7496,2560088
2004-11-16,1162.1429,1162.1429,1150.2600,1157.3898,1148.3384,6741451
2004-11-17,1147.8835,1163.3312,1143.1302,1160.3605,1151.2860,10965559
2004-11-18,1159.7664,1169.2726,1155.0132,1164.5195,1155.4126,6398407
2004-11-19,1164.5195,1176.5924,1155.0132,1159.1722,1150.1068,4260589
2004-11-22,1156.7957,1167.4902,1143.1302,1150.8542,1141.8547,7425663
2004-11-23,1152.6366,1165.3037,1147.2893,1150.2600,1141.2645,9232591
2004-11-24,1150.8542,1153.8250,1143.4868,1152.0425,1143.0333,4975233
2004-11-25,1152.6366,1162.1429,1148.3826,1157.9839,1148.9283,2111505
2004-11-26,1156.7957,1162.7371,1151.3533,1160.3605,1151.2860,1985451
2004-11-29,1159.7664,1173.4316,1155.6073,1157.3898,1148.3384,3097682
2004-11-30,1164.5195,1164.5195,1137.1888,1138.3772,1129.4749,7240773
2004-12-01,1133.0299,1144.9128,1132.4358,1142.5363,1133.6007,6986521
2004-12-02,1145.5070,1161.0972,1145.5070,1159.7664,1150.6967,4428833
2004-12-03,1157.9839,1162.1429,1143.7245,1152.0425,1143.0333,4884626
2004-12-06,1150.8542,1150.8589,1136.5948,1138.3772,1129.4749,5830222
2004-12-07,1143.7245,1148.4775,1137.7830,1148.4775,1139.4962,5960438
2004-12-08,1136.0006,1152.0425,1136.0006,1150.2600,1141.2645,5000435
2004-12-09,1147.8835,1152.7507,1140.7538,1149.0718,1140.0858,4933076
2004-12-10,1149.0718,1156.2015,1143.7245,1147.8835,1138.9062,2254776
2004-12-13,1153.8250,1167.4902,1150.6165,1165.7076,1156.5909,5388473
2004-12-14,1165.7076,1174.0258,1162.1429,1163.9253,1154.8229,3630113
2004-12-15,1162.7371,1171.0551,1162.7371,1165.1136,1156.0026,5533115
2004-12-16,1171.0551,1175.2140,1162.1429,1175.2140,1166.0231,12141112
2004-12-17,1172.8375,1175.2140,1159.7664,1161.5488,1152.4650,8046812
2004-12-20,1165.1136,1180.0385,1162.7371,1172.2433,1163.0762,7341602
2004-12-21,1176.4023,1178.9833,1166.8960,1176.4023,1167.2028,6345406
2004-12-22,1178.1847,1196.0090,1178.1847,1193.0383,1183.7091,12480312
2004-12-23,1197.1973,1212.1222,1189.6636,1206.1094,1196.6769,8309962
2004-12-24,1209.6743,1212.7876,1197.8152,1210.8625,1201.3933,866530
2004-12-27,1210.8625,1210.8625,1210.8625,1210.8625,1201.3933,0
2004-12-28,1210.8625,1210.8625,1210.8625,1210.8625,1201.3933,0
2004-12-29,1204.3270,1220.3689,1204.0181,1216.8040,1207.2880,9901656
2004-12-30,1221.5573,1223.3396,1213.8333,1218.5864,1209.0564,8106596
2004-12-31,1212.0509,1217.9923,1207.4261,1215.6157,1206.1085,3271791
2005-01-03,1215.6157,1215.6157,1215.6157,1215.6157,1206.1085,0
2005-01-04,1222.1512,1234.0341,1220.9630,1234.0341,1224.3833,5318022
2005-01-05,1217.9923,1234.0341,1217.6357,1223.9337,1214.3624,2210209
2005-01-06,1223.3396,1226.9044,1213.2393,1217.9923,1208.4675,2689875
2005-01-07,1215.0216,1217.9923,1204.9211,1210.8625,1201.3933,3581059
2005-01-10,1210.8625,1211.1715,1197.1973,1203.7329,1194.3198,3108861
2005-01-11,1207.8918,1207.8918,1201.8245,1207.2977,1197.8568,5604715
2005-01-12,1201.9504,1208.4860,1194.8207,1196.6031,1187.2452,4059919
2005-01-13,1200.7622,1203.1387,1195.4458,1200.1680,1190.7822,3521687
2005-01-14,1197.1973,1210.2684,1192.4442,1206.1094,1196.6769,4903461
2005-01-17,1200.1680,1204.3270,1191.8500,1198.9797,1189.6035,4549769
2005-01-18,1198.9797,1198.9797,1168.0844,1177.5906,1168.3815,5891905
2005-01-19,1176.4023,1184.7203,1164.8284,1169.2726,1160.1287,6053814
2005-01-20,1166.3019,1166.3019,1153.8250,1161.5488,1152.4650,5767785
2005-01-21,1168.0844,1175.9270,1163.9586,1164.5195,1155.4126,5754198
2005-01-24,1156.2015,1161.5488,1152.6366,1158.5780,1149.5175,2813452
2005-01-25,1152.0425,1163.3312,1152.0425,1160.3605,1151.2860,3737957
2005-01-26,1158.5780,1175.2140,1157.9839,1173.4316,1164.2551,4750898
2005-01-27,1175.2140,1175.2140,1164.5195,1169.2726,1160.1287,4946219
2005-01-28,1175.2140,1191.8500,1169.2726,1186.5027,1177.2238,6832746
2005-01-31,1195.4149,1213.2393,1193.0383,1197.7915,1188.4248,5763062
2005-02-01,1201.3563,1208.1794,1193.0145,1207.2977,1197.8568,4156384
2005-02-02,1219.1805,1247.7708,1219.1805,1245.9170,1236.1737,9368757
2005-02-03,1241.7581,1251.2643,1197.7915,1248.2936,1238.5316,4876494
2005-02-04,1247.6993,1249.0065,1233.4399,1235.8167,1226.1522,6262273
2005-02-07,1242.9463,1247.6993,1236.4106,1247.1053,1237.3530,3445214
2005-02-08,1244.1346,1244.1346,1229.8752,1237.5990,1227.9210,5050883
2005-02-09,1234.0341,1244.1346,1220.3689,1226.3103,1216.7202,6044032
2005-02-10,1226.3103,1248.8877,1203.1387,1221.5573,1212.0038,15367031
2005-02-11,1219.1805,1231.0872,1209.6743,1219.7747,1210.2360,10835003
2005-02-14,1220.9630,1226.8640,1209.0802,1213.2393,1203.7511,5075028
2005-02-15,1214.4274,1215.0216,1204.9211,1204.9211,1195.4979,6847109
2005-02-16,1204.9211,1206.1094,1194.8207,1197.7915,1188.4248,8020214
2005-02-17,1197.1973,1198.9797,1188.2852,1194.8207,1185.4760,6181793
2005-02-18,1193.0383,1203.7329,1185.0768,1201.9504,1192.5511,9069176
2005-02-21,1206.1094,1206.1094,1192.4442,1196.6031,1187.2452,2587479
2005-02-22,1194.2266,1195.4149,1181.1555,1188.2852,1178.9929,7833322
2005-02-23,1184.1262,1187.0969,1175.8319,1184.7203,1175.4550,6860594
2005-02-24,1185.9086,1213.2629,1172.8375,1174.0258,1164.8441,8763281
2005-02-25,1176.4023,1185.9086,1170.4609,1183.5320,1174.2765,3566817
2005-02-28,1185.9086,1197.1973,1181.1555,1182.9379,1173.6874,4927875
2005-03-01,1181.1555,1197.1973,1180.5613,1197.1973,1187.8345,10581735
2005-03-02,1199.5739,1204.9211,1188.8746,1201.9504,1192.5511,5358968
2005-03-03,1198.3856,1202.5446,1195.4149,1200.1680,1190.7822,6684985
2005-03-04,1197.7915,1203.7329,1193.0383,1196.0090,1186.6558,5535006
2005-03-07,1197.7915,1198.3856,1191.2559,1197.1973,1187.8345,4149557
2005-03-08,1198.9797,1200.1680,1188.8793,1192.4442,1183.1185,3823155
2005-03-09,1210.8625,1210.8625,1188.2852,1191.8500,1182.5295,4487090
2005-03-10,1192.4442,1204.9926,1184.6300,1197.7915,1188.4248,2528146
2005-03-11,1206.7036,1206.7036,1191.8500,1203.7329,1194.3198,2573730
2005-03-14,1204.9211,1204.9211,1195.6525,1200.1680,1190.7822,3732884
2005-03-15,1196.0090,1201.9504,1196.0090,1201.3563,1191.9613,4714856
2005-03-16,1197.1973,1206.7036,1193.0383,1193.0383,1183.7091,3864658
2005-03-17,1200.1680,1203.1387,1195.4149,1201.3563,1191.9613,5997677
2005-03-18,1203.1387,1207.2977,1196.0090,1199.5739,1190.1925,4526289
2005-03-21,1196.6031,1202.2356,1194.2266,1200.1680,1190.7822,1465023
2005-03-22,1198.9797,1201.3563,1188.2852,1188.2852,1178.9929,4587669
2005-03-23,1182.3438,1206.1094,1182.3438,1204.9211,1195.4979,3590629
2005-03-24,1204.9211,1231.0634,1201.3563,1226.3103,1216.7202,3854927
2005-03-25,1226.3103,1226.3103,1226.3103,1226.3103,1216.7202,0
2005-03-28,1226.3103,1226.3103,1226.3103,1226.3103,1216.7202,0
2005-03-29,1232.2517,1233.4399,1232.2517,1233.4399,1223.7938,175267
2005-03-30,1229.8752,1256.0175,1227.4987,1252.4526,1242.6582,13409947
2005-03-31,1259.5823,1259.5823,1241.7581,1242.9463,1233.2262,7437044
2005-04-01,1246.5111,1247.6993,1238.4878,1244.1346,1234.4059,6282481
2005-04-04,1238.1931,1238.1931,1227.2704,1231.0634,1221.4362,3708519
2005-04-05,1240.5697,1247.6993,1233.4399,1246.5111,1236.7634,6176657
2005-04-06,1247.6993,1253.6409,1230.9185,1251.2643,1241.4790,2862752
2005-04-07,1250.0760,1261.1033,1250.0760,1259.5823,1249.7319,3437927
2005-04-08,1259.5823,1260.7706,1252.4526,1257.2057,1247.3733,3111160
2005-04-11,1257.2057,1258.1801,1247.6993,1252.4526,1242.6582,3197769
2005-04-12,1252.4526,1252.4526,1240.5697,1244.1346,1234.4059,4756737
2005-04-13,1247.6993,1258.3940,1245.3229,1250.0760,1240.2999,2995192
2005-04-14,1240.5697,1251.2643,1240.5697,1246.5111,1236.7634,1783380
2005-04-15,1240.5697,1251.2643,1236.9098,1245.3229,1235.5841,6047479
2005-04-18,1232.2517,1236.4106,1219.1805,1222.7454,1213.1829,5818951
2005-04-19,1227.4987,1229.3285,1209.6743,1220.3689,1210.8251,4989066
2005-04-20,1220.3689,1228.7344,1209.0469,1209.6743,1200.2148,5154798
2005-04-21,1207.2977,1221.5573,1207.2977,1210.8625,1201.3933,3069837
2005-04-22,1214.4274,1215.0145,1196.1611,1206.1094,1196.6769,9830777
2005-04-25,1201.3563,1213.2393,1201.3563,1210.8625,1201.3933,9323930
2005-04-26,1213.2393,1213.2393,1198.5591,1202.5446,1193.1407,5266665
2005-04-27,1201.3563,1203.7329,1188.0950,1190.6617,1181.3506,4783921
2005-04-28,1197.7915,1198.9797,1168.0844,1177.5906,1168.3815,9106363
2005-04-29,1170.4609,1187.0969,1170.4609,1181.1555,1171.9185,7981762
2005-05-02,1181.1555,1181.1555,1181.1555,1181.1555,1171.9185,0
2005-05-03,1188.2852,1200.1680,1183.5320,1195.4149,1186.0665,13411939
2005-05-04,1196.6031,1209.6743,1196.6031,1209.6743,1200.2148,3461444
2005-05-05,1215.6157,1233.4399,1209.6268,1225.1219,1215.5411,7821800
2005-05-06,1247.6993,1288.1011,1242.9463,1257.2057,1247.3733,14552203
2005-05-09,1253.6409,1280.9714,1238.6208,1279.7831,1269.7748,8794560
2005-05-10,1283.3480,1297.6074,1279.7831,1285.7246,1275.6698,15129522
2005-05-11,1279.7831,1294.0426,1278.5948,1284.5363,1274.4904,9840625
2005-05-12,1290.4777,1297.6074,1286.9128,1295.2308,1285.1019,3926409
2005-05-13,1288.1011,1299.9840,1279.7831,1299.9840,1289.8176,3733059
2005-05-16,1291.6660,1305.9254,1273.0812,1303.5488,1293.3544,2516275
2005-05-17,1308.3020,1308.3020,1292.2554,1304.7371,1294.5332,4111928
2005-05-18,1282.1597,1315.4316,1271.7979,1279.7831,1270.0872,5090728
2005-05-19,1280.9714,1284.5363,1271.4651,1275.0300,1265.3698,3322241
2005-05-20,1278.5948,1305.9254,1272.6534,1292.8542,1283.0594,4375894
2005-05-23,1295.2308,1316.6200,1295.2308,1315.4316,1305.4650,5089204
2005-05-24,1313.0551,1318.9965,1301.1722,1305.9254,1296.0310,5739577
2005-05-25,1305.9254,1310.6785,1295.2308,1301.1722,1291.3140,3910034
2005-05-26,1304.7371,1315.4316,1299.9840,1309.4904,1299.5690,2977625
2005-05-27,1307.1136,1311.8668,1302.3605,1305.9254,1296.0310,2825378
2005-05-30,1305.9254,1305.9254,1305.9254,1305.9254,1296.0310,0
2005-05-31,1297.6074,1298.7957,1275.0300,1275.0300,1265.3698,4165848
2005-06-01,1275.0300,1294.0426,1270.2769,1289.2894,1279.5205,3151798
2005-06-02,1288.1011,1296.4191,1284.5363,1290.4777,1280.7006,1779777
2005-06-03,1290.4777,1290.4777,1290.4777,1290.4777,1280.7006,1508669
2005-06-06,1292.8542,1292.8542,1267.9003,1271.4651,1261.8318,2586163
2005-06-07,1271.4651,1289.2894,1269.0886,1285.7246,1275.9835,5084261
2005-06-08,1279.7831,1284.5363,1275.0300,1283.3480,1273.6249,3356939
2005-06-09,1283.3480,1290.4777,1278.5948,1283.3480,1273.6249,3271502
2005-06-10,1286.9128,1290.4777,1270.2769,1279.7831,1270.0872,2792830
2005-06-13,1277.4066,1288.1011,1277.4066,1285.7246,1275.9835,2718357
2005-06-14,1288.1011,1288.1011,1276.2183,1280.9714,1271.2665,13860190
2005-06-15,1283.3480,1285.7246,1266.7120,1272.6534,1263.0111,2291191
2005-06-16,1272.6534,1276.2183,1264.3354,1273.8417,1264.1903,1938253
2005-06-17,1269.0886,1289.2894,1265.5237,1275.0300,1265.3698,4586681
2005-06-20,1272.6534,1272.6534,1256.0175,1261.9589,1252.3976,6961857
2005-06-21,1263.1471,1273.8417,1263.1471,1269.0886,1259.4735,5648370
2005-06-22,1272.6534,1278.5948,1261.9589,1266.7120,1257.1149,7030677
2005-06-23,1269.0886,1276.2183,1260.7706,1266.7120,1257.1149,3588837
2005-06-24,1252.4526,1258.3940,1247.6993,1254.8291,1245.3223,1808511
2005-06-27,1250.0760,1258.3940,1242.9463,1256.0175,1246.5020,10824568
2005-06-28,1256.0175,1263.1471,1251.2643,1261.9589,1252.3976,9311477
2005-06-29,1261.9589,1271.4651,1259.5823,1267.9003,1258.2941,3835058
2005-06-30,1261.9589,1279.7831,1261.9589,1279.7831,1270.0872,4136684
2005-07-01,1273.8417,1301.1722,1273.8417,1296.4191,1286.5969,10376724
2005-07-04,1295.2308,1295.2308,1283.3480,1292.8542,1283.0594,1870243
2005-07-05,1297.6074,1297.6074,1286.9128,1294.0426,1284.2378,11094311
2005-07-06,1297.6074,1303.5488,1291.6660,1297.6074,1287.7762,3431175
2005-07-07,1298.7957,1307.1136,1260.7706,1278.5948,1268.9078,5613817
2005-07-08,1290.4777,1302.3605,1282.1597,1302.3605,1292.4930,3093298
2005-07-11,1307.1136,1316.6200,1304.7371,1309.4904,1299.5690,2987898
2005-07-12,1314.2434,1320.1848,1308.3020,1308.3020,1298.3893,2751323
2005-07-13,1310.6785,1315.4316,1302.3605,1304.7371,1294.8517,3356909
2005-07-14,1304.7371,1308.3020,1297.6074,1301.1722,1291.3140,7623077
2005-07-15,1305.9254,1317.8083,1303.5488,1311.8668,1301.9275,4458442
2005-07-18,1315.4316,1336.8208,1315.4316,1320.1848,1310.1823,4703640
2005-07-19,1326.1263,1352.2686,1326.1263,1339.1974,1329.0508,8642016
2005-07-20,1345.1388,1361.7748,1335.6324,1345.1388,1334.9476,6413205
2005-07-21,1349.8920,1359.3982,1317.8083,1323.7498,1313.7201,6873066
2005-07-22,1316.6200,1328.5028,1313.0551,1317.8083,1307.8242,4780439
2005-07-25,1315.4316,1321.3730,1305.9254,1307.1136,1297.2100,4035143
2005-07-26,1302.3605,1314.2434,1302.3605,1307.1136,1297.2100,3838721
2005-07-27,1308.3020,1320.1848,1297.6074,1301.1722,1291.3140,5664474
2005-07-28,1307.1136,1318.9965,1305.9254,1311.8668,1301.9275,2657397
2005-07-29,1317.8083,1321.3730,1307.1136,1308.3020,1298.3893,3237763
2005-08-01,1309.4904,1320.1848,1305.9254,1309.4904,1299.5690,2013725
2005-08-02,1308.3020,1323.7498,1302.3605,1303.5488,1293.6724,5491652
2005-08-03,1302.3605,1310.6785,1296.4191,1309.4904,1299.5690,6549940
2005-08-04,1338.0092,1378.4108,1338.0092,1359.3982,1349.0986,12658908
2005-08-05,1360.5865,1373.6577,1359.3982,1361.7748,1351.4570,5273562
2005-08-08,1361.7748,1368.9045,1341.5740,1346.3271,1336.1267,3604205
2005-08-09,1345.1388,1351.0802,1334.4443,1346.3271,1336.1267,2461195
2005-08-10,1345.1388,1360.5865,1334.4443,1358.2100,1347.9192,3372207
2005-08-11,1352.2686,1360.5865,1345.1388,1352.2686,1342.0229,2502017
2005-08-12,1355.8334,1355.8334,1330.8794,1336.8208,1326.6923,3894085
2005-08-15,1333.2560,1334.4443,1324.9380,1329.6910,1319.6163,1204285
2005-08-16,1335.6324,1338.0092,1323.7498,1328.5028,1318.4374,2247875
2005-08-17,1320.1848,1328.5028,1316.6200,1322.5614,1312.5406,4273192
2005-08-18,1328.5028,1332.0677,1310.6785,1311.8668,1301.9275,5047898
2005-08-19,1316.6200,1317.8083,1311.8668,1316.6200,1306.6449,3888123
2005-08-22,1316.6200,1343.9504,1316.6200,1339.1974,1329.0508,2447611
2005-08-23,1334.4443,1340.3857,1327.3145,1330.8794,1320.7959,2526481
2005-08-24,1330.8794,1330.8794,1316.6200,1320.1848,1310.1823,2841081
2005-08-25,1315.4316,1316.6200,1307.1136,1314.2434,1304.2863,2433814
2005-08-26,1310.6785,1318.9965,1307.1136,1309.4904,1299.5690,2567064
2005-08-29,1309.4904,1309.4904,1309.4904,1309.4904,1299.5690,0
2005-08-30,1321.3730,1324.9380,1314.2434,1318.9965,1309.0032,3750640
2005-08-31,1318.9965,1332.0677,1315.4316,1324.9380,1314.8990,1872106
2005-09-01,1327.3145,1330.8794,1323.7498,1327.3145,1317.2583,3430970
2005-09-02,1322.5614,1332.0677,1321.3730,1332.0677,1321.9750,3225092
2005-09-05,1326.1263,1328.5028,1317.8083,1320.1848,1310.1823,3917357
2005-09-06,1317.8083,1328.5028,1317.8083,1328.5028,1318.4374,3636741
2005-09-07,1335.6324,1343.9504,1328.5028,1340.3857,1330.2300,3007871
2005-09-08,1348.7037,1349.8920,1336.8208,1342.7622,1332.5886,1398133
2005-09-09,1341.5740,1352.2686,1332.0677,1339.1974,1329.0508,1624827
2005-09-12,1336.8208,1354.6451,1333.2560,1349.8920,1339.6647,2411199
2005-09-13,1349.8920,1358.2100,1347.5154,1355.8334,1345.5613,3726715
2005-09-14,1358.2100,1359.3982,1347.5154,1352.2686,1342.0229,4015851
2005-09-15,1351.0802,1359.3982,1345.1388,1355.8334,1345.5613,2044890
2005-09-16,1354.6451,1386.7288,1354.6451,1370.0928,1359.7118,6338570
2005-09-19,1366.5280,1408.1179,1366.5280,1392.6702,1382.1188,5841711
2005-09-20,1395.0468,1396.2351,1380.7874,1392.6702,1382.1188,4240865
2005-09-21,1381.9757,1390.2937,1371.2811,1372.4694,1362.0710,4708269
2005-09-22,1366.5280,1383.1639,1366.5280,1379.5991,1369.1466,3578405
2005-09-23,1381.9757,1395.0468,1380.7874,1393.8585,1383.2979,2457317
2005-09-26,1399.7999,1418.8125,1399.7999,1417.6241,1406.8837,3020969
2005-09-27,1417.6241,1417.6241,1397.4233,1408.1179,1397.4492,4632113
2005-09-28,1408.1179,1418.8125,1408.1179,1416.4359,1405.7042,4572791
2005-09-29,1416.4359,1416.4359,1404.5531,1406.9296,1396.2694,3202828
2005-09-30,1415.2476,1421.1891,1398.6117,1406.9296,1396.2694,4383469
2005-10-03,1414.0594,1418.8125,1404.5531,1416.4359,1405.7042,2383256
2005-10-04,1416.4359,1439.0134,1411.6827,1431.8835,1421.0347,4221536
2005-10-05,1423.5656,1428.3188,1406.9296,1408.1179,1397.4492,8260661
2005-10-06,1402.1765,1402.1765,1364.1514,1377.2225,1366.7878,15819380
2005-10-07,1372.4694,1390.2937,1372.4694,1381.9757,1371.5055,4517930
2005-10-10,1380.7874,1389.1053,1377.2225,1378.4108,1367.9678,3764809
2005-10-11,1380.7874,1399.7999,1380.7874,1397.4233,1386.8354,2499117
2005-10-12,1393.8585,1395.0468,1374.8459,1381.9757,1371.5055,2659532
2005-10-13,1379.5991,1386.7288,1371.2811,1374.8459,1364.4291,3300601
2005-10-14,1373.6577,1393.8585,1372.4694,1387.9171,1377.4015,3530088
2005-10-17,1387.9171,1399.7999,1387.9171,1395.0468,1384.4772,2253770
2005-10-18,1392.6702,1393.8585,1377.2225,1379.5991,1369.1466,2912600
2005-10-19,1371.2811,1376.0342,1334.4443,1340.3857,1330.2300,9371070
2005-10-20,1354.6451,1360.5865,1346.3271,1354.6451,1344.3821,5208572
2005-10-21,1349.8920,1367.7162,1334.4443,1339.1974,1329.0508,3928557
2005-10-24,1345.1388,1353.4568,1335.6324,1349.8920,1339.6647,2656167
2005-10-25,1355.8334,1355.8334,1330.8794,1340.3857,1330.2300,5739346
2005-10-26,1335.6324,1360.5865,1335.6324,1353.4568,1343.2024,2759291
2005-10-27,1342.7622,1349.8920,1338.0092,1342.7622,1332.5886,2026199
2005-10-28,1342.7622,1352.2686,1336.8208,1343.9504,1333.7681,6830507
2005-10-31,1349.8920,1364.1514,1345.1388,1361.7748,1351.4570,5455022
2005-11-01,1360.5865,1384.3522,1355.8334,1367.7162,1357.3542,5147657
2005-11-02,1371.2811,1379.5991,1364.1514,1379.5991,1369.1466,4410207
2005-11-03,1342.7622,1349.8920,1305.9254,1332.0677,1321.9750,12944696
2005-11-04,1339.1974,1342.7622,1314.2434,1329.6910,1319.6163,8686744
2005-11-07,1326.1263,1336.8208,1326.1263,1336.8208,1326.6923,3574914
2005-11-08,1333.2560,1345.1388,1330.8794,1335.6324,1325.5129,2456221
2005-11-09,1335.6324,1343.9504,1333.2560,1338.0092,1327.8715,4285481
2005-11-10,1340.3857,1346.3271,1334.4443,1336.8208,1326.6923,4637300
2005-11-11,1345.1388,1354.6451,1342.7622,1354.6451,1344.3821,2404410
2005-11-14,1345.1388,1361.7748,1345.1388,1355.8334,1345.5613,3975779
2005-11-15,1357.0217,1364.1514,1351.0802,1357.0217,1346.7405,3635996
2005-11-16,1345.1388,1347.5154,1323.7498,1333.2560,1323.3195,5572304
2005-11-17,1330.8794,1342.7622,1328.5028,1338.0092,1328.0371,2657277
2005-11-18,1341.5740,1353.4568,1334.4443,1339.1974,1329.2164,4996365
2005-11-21,1352.2686,1352.2686,1327.3145,1332.0677,1322.1398,4452194
2005-11-22,1336.8208,1342.7622,1333.2560,1341.5740,1331.5752,2588918
2005-11-23,1347.5154,1348.7037,1338.0092,1341.5740,1331.5752,5948679
2005-11-24,1340.3857,1348.7037,1338.0092,1341.5740,1331.5752,2995214
2005-11-25,1345.1388,1346.3271,1338.0092,1342.7622,1332.7548,2563671
2005-11-28,1349.8920,1358.2100,1343.9504,1343.9504,1333.9343,2132400
2005-11-29,1346.3271,1347.5154,1338.0092,1345.1388,1335.1140,12617132
2005-11-30,1341.5740,1349.8920,1336.8208,1346.3271,1336.2936,5798570
2005-12-01,1343.9504,1351.0802,1340.3857,1347.5154,1337.4731,19578479
2005-12-02,1349.8920,1362.9631,1338.0092,1361.7748,1351.6257,6489703
2005-12-05,1361.7748,1361.7748,1352.2686,1354.6451,1344.5496,12919489
2005-12-06,1351.0802,1358.2100,1346.3271,1352.2686,1342.1901,7422857
2005-12-07,1352.2686,1373.6577,1352.2686,1361.7748,1351.6257,5112965
2005-12-08,1358.2100,1359.3982,1342.7622,1352.2686,1342.1901,8235904
2005-12-09,1347.5154,1348.7037,1340.3857,1345.1388,1335.1140,15614264
2005-12-12,1346.3271,1357.0217,1340.3857,1345.1388,1335.1140,2802079
2005-12-13,1342.7622,1364.1514,1340.3857,1360.5865,1350.4463,5581110
2005-12-14,1366.5280,1373.6577,1361.7748,1368.9045,1358.7026,4799479
2005-12-15,1367.7162,1371.2811,1361.7748,1366.5280,1356.3440,10702489
2005-12-16,1368.9045,1387.9171,1367.7162,1384.3522,1374.0354,6214355
2005-12-19,1366.5280,1368.9045,1349.8920,1360.5865,1350.4463,6103030
2005-12-20,1360.5865,1364.1514,1338.0092,1343.9504,1333.9343,6376607
2005-12-21,1345.1388,1364.1514,1345.1388,1362.9631,1352.8053,2483491
2005-12-22,1365.3397,1368.9045,1352.2686,1365.3397,1355.1641,3250658
2005-12-23,1362.9631,1370.0928,1359.3982,1367.7162,1357.5236,1017368
2005-12-26,1367.7162,1367.7162,1367.7162,1367.7162,1357.5236,0
2005-12-27,1367.7162,1367.7162,1367.7162,1367.7162,1357.5236,0
2005-12-28,1378.4108,1384.3522,1371.2811,1379.5991,1369.3174,2268354
2005-12-29,1383.1639,1386.7288,1373.6577,1378.4108,1368.1384,2096675
2005-12-30,1380.7874,1380.7874,1364.1514,1370.0928,1359.8815,800720
2006-01-03,1367.7162,1392.6702,1367.7162,1384.3522,1374.0354,3752305
2006-01-04,1387.9171,1389.1053,1359.3982,1364.1514,1353.9844,5701306
2006-01-05,1366.5280,1368.9045,1359.3982,1362.9631,1352.8053,5336912
2006-01-06,1365.3397,1378.4108,1364.1514,1372.4694,1362.2408,4769340
2006-01-09,1374.8459,1374.8459,1359.3982,1371.2811,1361.0609,3094500
2006-01-10,1366.5280,1380.7874,1360.5865,1380.7874,1370.4965,8311489
2006-01-11,1389.1053,1404.5531,1380.7874,1404.5531,1394.0859,10651322
2006-01-12,1406.9296,1409.3062,1395.0468,1402.1765,1391.7264,8604747
2006-01-13,1399.7999,1400.9882,1381.9757,1385.5405,1375.2150,8553667
2006-01-16,1385.5405,1410.4945,1383.1639,1406.9296,1396.4436,5240098
2006-01-17,1404.5531,1406.9296,1378.4108,1385.5405,1375.2150,8400486
2006-01-18,1377.2225,1384.3522,1370.0928,1378.4108,1368.1384,7783513
2006-01-19,1383.1639,1395.0468,1383.1639,1386.7288,1376.3939,7085359
2006-01-20,1386.7288,1393.8585,1362.9631,1367.7162,1357.5236,4747218
2006-01-23,1358.2100,1364.1514,1349.8920,1362.9631,1352.8053,6151481
2006-01-24,1359.3982,1379.5991,1353.4568,1374.8459,1364.5994,12047509
2006-01-25,1376.0342,1379.5991,1361.7748,1376.0342,1365.7786,13512565
2006-01-26,1383.1639,1387.9171,1376.0342,1386.7288,1376.3939,7635720
2006-01-27,1400.9882,1409.3062,1392.6702,1404.5531,1394.0859,9236587
2006-01-30,1409.3062,1412.8711,1386.7288,1395.0468,1384.6495,4856891
2006-01-31,1398.6117,1409.3062,1398.6117,1404.5531,1394.0859,7593493
2006-02-01,1406.9296,1441.3899,1405.7415,1423.5656,1412.9563,12291814
2006-02-02,1431.8835,1437.8251,1410.4945,1410.4945,1399.9822,7465430
2006-02-03,1406.9296,1422.3774,1406.9296,1417.6241,1407.0591,6025016
2006-02-06,1418.8125,1434.2603,1412.8711,1417.6241,1407.0591,5973097
2006-02-07,1422.3774,1424.7539,1405.7415,1420.0009,1409.4176,5534331
2006-02-08,1414.0594,1431.8835,1405.7415,1423.5656,1412.9563,8133936
2006-02-09,1425.9423,1458.0259,1425.9423,1448.5197,1437.7246,11347115
2006-02-10,1444.9548,1444.9548,1418.8125,1422.3774,1411.7766,8094846
2006-02-13,1427.1305,1434.2603,1416.4359,1433.0719,1422.3920,4242149
2006-02-14,1433.0719,1439.0134,1417.6241,1428.3188,1417.6737,5382297
2006-02-15,1434.2603,1439.0134,1421.1891,1428.3188,1417.6737,3314283
2006-02-16,1433.0719,1436.6368,1416.4359,1424.7539,1414.1359,7258100
2006-02-17,1425.9423,1427.1305,1415.2476,1421.1891,1410.5973,3851885
2006-02-20,1406.9296,1420.0009,1406.9296,1415.2476,1404.7002,3241275
2006-02-21,1417.6241,1423.5656,1415.2476,1416.4359,1405.8798,2674194
2006-02-22,1415.2476,1429.5071,1410.4945,1427.1305,1416.4943,5932593
2006-02-23,1429.5071,1429.5071,1408.1179,1409.3062,1398.8026,3840696
2006-02-24,1410.4945,1416.4359,1406.9296,1408.1179,1397.6235,2528076
2006-02-27,1402.1765,1422.3774,1402.1765,1420.0009,1409.4176,5379152
2006-02-28,1416.4359,1422.3774,1395.0468,1396.2351,1385.8293,6120098
2006-03-01,1398.6117,1442.5782,1398.6117,1422.3774,1411.7766,12516887
2006-03-02,1423.5656,1436.6368,1404.5531,1410.4945,1399.9822,6197885
2006-03-03,1411.6827,1417.6241,1397.4233,1409.3062,1398.8026,6393964
2006-03-06,1417.6241,1420.0009,1395.0468,1409.3062,1398.8026,3511607
2006-03-07,1405.7415,1424.7539,1399.7999,1420.0009,1409.4176,5959857
2006-03-08,1421.1891,1421.1891,1408.1179,1411.6827,1401.1615,7738487
2006-03-09,1416.4359,1420.0009,1408.1179,1415.2476,1404.7002,3299964
2006-03-10,1416.4359,1430.6954,1406.9296,1428.3188,1417.6737,5742824
2006-03-13,1434.2603,1436.6368,1412.8711,1420.0009,1409.4176,8001872
2006-03-14,1414.0594,1414.0594,1400.9882,1412.8711,1402.3407,4470143
2006-03-15,1418.8125,1420.0009,1404.5531,1408.1179,1397.6235,4030051
2006-03-16,1411.6827,1412.8711,1396.2351,1408.1179,1397.6235,3349616
2006-03-17,1403.3647,1424.7539,1402.1765,1408.1179,1397.6235,4544911
2006-03-20,1412.8711,1412.8711,1396.2351,1399.7999,1389.3679,3285235
2006-03-21,1396.2351,1403.3647,1389.1053,1391.4819,1381.1111,2631002
2006-03-22,1391.4819,1405.7415,1381.9757,1403.3647,1392.9062,4150389
2006-03-23,1409.3062,1414.0594,1400.9882,1400.9882,1390.5468,4094462
2006-03-24,1397.4233,1406.9296,1392.6702,1397.4233,1387.0085,5422184
2006-03-27,1395.0468,1396.2351,1364.1514,1376.0342,1365.7786,6985601
2006-03-28,1374.8459,1378.4108,1365.3397,1372.4694,1362.2408,6040796
2006-03-29,1374.8459,1376.0342,1367.7162,1371.2811,1361.0609,3638125
2006-03-30,1376.0342,1392.6702,1374.8459,1390.2937,1379.9315,3382330
2006-03-31,1390.2937,1417.6241,1385.5405,1399.7999,1389.3679,6110678
2006-04-03,1397.4233,1408.1179,1387.9171,1399.7999,1389.3679,6841119
2006-04-04,1391.4819,1396.2351,1383.1639,1389.1053,1378.7523,6126218
2006-04-05,1391.4819,1404.5531,1380.7874,1404.5531,1394.0859,9375249
2006-04-06,1404.5531,1404.5531,1373.6577,1384.3522,1374.0354,4288012
2006-04-07,1386.7288,1396.2351,1380.7874,1380.7874,1370.4965,3896566
2006-04-10,1373.6577,1387.9171,1368.9045,1385.5405,1375.2150,2598580
2006-04-11,1380.7874,1387.9171,1374.8459,1377.2225,1366.9585,17330507
2006-04-12,1379.5991,1379.5991,1359.3982,1367.7162,1357.5236,1965841
2006-04-13,1366.5280,1372.4694,1362.9631,1372.4694,1362.2408,1677078
2006-04-18,1368.9045,1371.2811,1355.8334,1358.2100,1348.0873,3637511
2006-04-19,1366.5280,1372.4694,1364.1514,1372.4694,1362.2408,4313942
2006-04-20,1368.9045,1390.2937,1368.9045,1383.1639,1372.8557,3483576
2006-04-21,1379.5991,1409.3062,1379.5991,1403.3647,1392.9062,4915728
2006-04-24,1400.9882,1400.9882,1386.7288,1392.6702,1382.2910,2754543
2006-04-25,1391.4819,1415.2476,1391.4819,1395.0468,1384.6495,2759897
2006-04-26,1398.6117,1414.0594,1396.2351,1406.9296,1396.4436,2999935
2006-04-27,1406.9296,1411.6827,1390.2937,1400.9882,1390.5468,5531820
2006-04-28,1403.3647,1404.5531,1383.1639,1384.3522,1374.0354,4444468
2006-05-02,1383.1639,1406.9296,1371.2811,1405.7415,1395.2650,8981875
2006-05-03,1410.4945,1410.4945,1367.7162,1368.9045,1358.7026,12679474
2006-05-04,1354.6451,1354.6451,1321.3730,1332.0677,1322.1398,16086215
2006-05-05,1343.9504,1343.9504,1343.9504,1343.9504,1333.9343,10065590
2006-05-08,1336.8208,1336.8208,1336.8208,1336.8208,1326.8577,11333329
2006-05-09,1327.3145,1327.3145,1327.3145,1327.3145,1317.4226,11172191
2006-05-10,1333.2560,1333.2560,1333.2560,1333.2560,1323.3195,7369255
2006-05-11,1330.8794,1330.8794,1330.8794,1330.8794,1320.9604,8325652
2006-05-12,1311.8668,1311.8668,1311.8668,1311.8668,1302.0900,5533262
2006-05-15,1305.9254,1305.9254,1305.9254,1305.9254,1296.1927,4931820
2006-05-16,1309.4904,1309.4904,1309.4904,1309.4904,1299.7312,7040184
2006-05-17,1246.5111,1246.5111,1246.5111,1246.5111,1237.5413,6392024
2006-05-18,1256.0175,1256.0175,1256.0175,1256.0175,1246.9795,6771949
2006-05-19,1248.8877,1248.8877,1248.8877,1248.8877,1239.9006,5350878
2006-05-22,1253.4032,1267.3062,1227.7362,1251.2643,1242.2603,5097230
2006-05-23,1250.1948,1285.4869,1242.7086,1275.8618,1266.6807,6126343
2006-05-24,1263.0283,1276.9312,1252.3337,1252.3337,1243.3221,6450975
2006-05-25,1260.8894,1271.5840,1245.9170,1264.0978,1255.0011,4062283
2006-05-26,1284.4174,1305.8066,1272.6534,1305.8066,1296.4098,4347303
2006-05-30,1302.5981,1304.7371,1263.0283,1270.5145,1261.3718,5876970
2006-05-31,1268.3756,1281.2091,1256.6116,1278.0007,1268.8042,7143160
2006-06-01,1278.0007,1283.3480,1259.8199,1274.7924,1265.6185,3097288
2006-06-02,1283.3480,1285.4869,1265.1672,1270.5145,1261.3718,4285808
2006-06-05,1270.5145,1276.9312,1255.5421,1272.6534,1263.4956,6923318
2006-06-06,1258.7505,1270.5145,1250.1948,1252.3337,1243.3221,3664294
2006-06-07,1254.4727,1265.1672,1243.7781,1260.8894,1251.8159,4367109
2006-06-08,1238.4308,1243.7781,1228.8057,1228.8057,1219.9630,5425115
2006-06-09,1232.0142,1239.5002,1222.3890,1235.2224,1226.3334,8248816
2006-06-12,1237.3613,1245.9170,1221.3195,1225.5973,1216.7771,21176615
2006-06-13,1207.4166,1207.4166,1194.5831,1203.1387,1194.4811,7437076
2006-06-14,1207.4166,1215.9722,1197.7915,1209.5555,1200.8516,12538506
2006-06-15,1212.7638,1222.3890,1204.2083,1215.9722,1207.2222,8629959
2006-06-16,1229.8752,1230.9446,1205.2776,1207.4166,1198.7275,4681707
2006-06-19,1223.4584,1223.4584,1213.8333,1218.1111,1209.3456,2693039
2006-06-20,1213.8333,1220.2500,1209.5555,1219.1805,1210.4070,3729694
2006-06-21,1224.5280,1227.7362,1211.6945,1225.5973,1216.7771,8438076
2006-06-22,1241.6392,1286.5564,1236.2919,1252.3337,1243.3221,18455464
2006-06-23,1250.1948,1268.3756,1250.1948,1257.6810,1248.6315,6336923
2006-06-26,1260.8894,1260.8894,1241.6392,1244.8475,1235.8895,6730278
2006-06-27,1253.4032,1258.7505,1236.2919,1239.5002,1230.5808,3024935
2006-06-28,1236.2919,1259.8199,1230.9446,1255.5421,1246.5068,7495790
2006-06-29,1258.7505,1278.0007,1256.6116,1278.0007,1268.8042,5785950
2006-06-30,1283.3480,1303.6677,1279.0702,1300.4594,1291.1011,12244627
2006-07-03,1300.4594,1311.1539,1292.9731,1307.9456,1298.5333,2853534
2006-07-04,1302.5981,1310.0844,1294.0426,1309.0149,1299.5957,2552028
2006-07-05,1302.5981,1306.8760,1294.0426,1300.4594,1291.1011,4190057
2006-07-06,1304.7371,1314.3622,1297.2509,1311.1539,1301.7181,7014040
2006-07-07,1311.1539,1311.1539,1292.9731,1300.4594,1291.1011,3994002
2006-07-10,1299.3898,1304.7371,1289.7646,1303.6677,1294.2860,1648959
2006-07-11,1298.3204,1299.3898,1288.6953,1297.2509,1287.9160,3755303
2006-07-12,1300.4594,1311.1539,1294.0426,1302.5981,1293.2245,1659398
2006-07-13,1300.4594,1300.4594,1273.7229,1276.9312,1267.7424,2471884
2006-07-14,1268.3756,1280.1396,1263.0283,1266.2367,1257.1252,2540693
2006-07-17,1272.6534,1276.9312,1253.4032,1270.5145,1261.3718,3105274
2006-07-18,1270.5145,1305.8066,1268.3756,1284.4174,1275.1748,6766939
2006-07-19,1291.9036,1312.2233,1285.4869,1312.2233,1302.7806,4319112
2006-07-20,1314.3622,1338.9597,1307.9456,1326.1263,1316.5835,6349865
2006-07-21,1323.9873,1346.4459,1319.7095,1341.0986,1331.4474,5495357
2006-07-24,1343.2375,1353.9321,1330.4041,1352.8627,1343.1278,3997944
2006-07-25,1356.0710,1361.4183,1333.6125,1340.0292,1330.3865,5810599
2006-07-26,1343.2375,1346.4459,1334.6819,1345.3765,1335.6952,3840457
2006-07-27,1348.5848,1355.0016,1342.1681,1346.4459,1336.7566,3745585
2006-07-28,1344.3070,1364.6267,1338.9597,1360.3489,1350.5601,3961445
2006-07-31,1366.7656,1368.9045,1346.4459,1353.9321,1344.1886,2750698
2006-08-01,1348.5848,1387.0853,1348.5848,1358.2100,1348.4359,8120584
2006-08-02,1359.2794,1388.1547,1359.2794,1378.5295,1368.6093,10345527
2006-08-03,1333.6125,1342.1681,1294.0426,1298.3204,1288.9778,14766246
2006-08-04,1301.5288,1316.5011,1283.3480,1306.8760,1297.4714,9347810
2006-08-07,1292.9731,1292.9731,1275.8618,1278.0007,1268.8042,5719693
2006-08-08,1287.6259,1287.6259,1273.7229,1275.8618,1266.6807,10706876
2006-08-09,1273.7229,1288.6953,1261.9589,1287.6259,1278.3597,3428611
2006-08-10,1278.0007,1279.0702,1261.9589,1275.8618,1266.6807,4753583
2006-08-11,1276.9312,1290.8342,1269.4449,1272.6534,1263.4956,5253975
2006-08-14,1283.3480,1303.6677,1275.8618,1303.6677,1294.2860,4541934
2006-08-15,1305.8066,1319.7095,1294.0426,1317.5706,1308.0890,7086205
2006-08-16,1314.3622,1325.0568,1307.9456,1317.5706,1308.0890,7790002
2006-08-17,1315.4316,1319.7095,1303.6677,1313.2928,1303.8423,6959296
2006-08-18,1315.4316,1319.7095,1307.9456,1317.5706,1308.0890,5629430
2006-08-21,1319.7095,1319.7095,1306.8760,1312.2233,1302.7806,4629320
2006-08-22,1314.3622,1320.7791,1302.5981,1312.2233,1302.7806,8785387
2006-08-23,1320.7791,1329.3346,1310.0844,1316.5011,1307.0278,5553504
2006-08-24,1320.7791,1338.9597,1318.6401,1335.7513,1326.1390,3880583
2006-08-25,1333.6125,1338.9597,1328.2653,1328.2653,1318.7072,2691833
2006-08-29,1342.1681,1344.3070,1332.5430,1334.6819,1325.0768,3603980
2006-08-30,1343.2375,1350.7238,1336.8208,1346.4459,1336.7566,3085189
2006-08-31,1345.3765,1352.8627,1336.8208,1343.2375,1333.5715,2929754
2006-09-01,1345.3765,1349.6543,1337.8903,1342.1681,1332.5095,2140396
2006-09-04,1350.7238,1367.8351,1350.7238,1367.8351,1357.9923,3361976
2006-09-05,1368.9045,1371.0435,1353.9321,1362.4878,1352.6832,4326467
2006-09-06,1357.1405,1365.6962,1345.3765,1351.7932,1342.0660,3294239
2006-09-07,1347.5154,1356.0710,1343.2375,1347.5154,1337.8188,3676024
2006-09-08,1350.7238,1362.4878,1350.7238,1355.0016,1345.2505,2935954
2006-09-11,1348.5848,1366.7656,1344.3070,1361.4183,1351.6216,3008888
2006-09-12,1365.6962,1371.0435,1356.0710,1362.4878,1352.6832,5011394
2006-09-13,1362.4878,1374.2518,1362.4878,1374.2518,1364.3627,3647801
2006-09-14,1376.3907,1379.5991,1361.4183,1367.8351,1357.9923,2619118
2006-09-15,1364.6267,1375.3213,1363.5573,1371.0435,1361.1768,3587445
2006-09-18,1372.1129,1391.3632,1368.9045,1382.8075,1372.8575,3599311
2006-09-19,1378.5295,1383.8770,1355.0016,1358.2100,1348.4359,5096857
2006-09-20,1355.0016,1375.3213,1355.0016,1374.2518,1364.3627,1927956
2006-09-21,1374.2518,1384.9464,1364.6267,1382.8075,1372.8575,4998778
2006-09-22,1375.3213,1381.7380,1368.9045,1376.3907,1366.4861,3809808
2006-09-25,1379.5991,1392.4326,1373.1823,1379.5991,1369.6718,7449913
2006-09-26,1384.9464,1409.5439,1381.7380,1407.4050,1397.2772,7461971
2006-09-27,1407.4050,1418.0995,1403.1271,1417.0302,1406.8330,6518349
2006-09-28,1413.8217,1417.0302,1407.4050,1409.5439,1399.4006,3653632
2006-09-29,1413.8217,1421.3079,1408.4744,1408.4744,1398.3392,4577522
2006-10-02,1413.8217,1414.8912,1387.0853,1390.2937,1380.2886,3915372
2006-10-03,1396.7104,1396.7104,1378.5295,1387.0853,1377.1040,3587686
2006-10-04,1388.1547,1410.6133,1383.8770,1407.4050,1397.2772,3995529
2006-10-05,1412.7522,1422.3774,1409.5439,1414.8912,1404.7097,4700434
2006-10-06,1419.1689,1422.3774,1410.6133,1418.0995,1407.8943,4699107
2006-10-09,1411.6827,1422.3774,1411.6827,1421.3079,1411.0798,10455216
2006-10-10,1418.0995,1428.7941,1413.8217,1417.0302,1406.8330,10316357
2006-10-11,1420.2384,1420.2384,1406.3354,1417.0302,1406.8330,10332647
2006-10-12,1414.8912,1424.5164,1411.6827,1420.2384,1410.0179,12309361
2006-10-13,1414.8912,1417.0302,1399.9188,1413.8217,1403.6476,4320914
2006-10-16,1417.0302,1421.3079,1409.5439,1414.8912,1404.7097,2127697
2006-10-17,1409.5439,1413.8217,1389.2242,1390.2937,1380.2886,3634786
2006-10-18,1402.0577,1418.0995,1402.0577,1411.6827,1401.5240,3149486
2006-10-19,1411.6827,1420.2384,1398.8492,1408.4744,1398.3392,5379483
2006-10-20,1411.6827,1422.3774,1391.3632,1397.7799,1387.7217,3492419
2006-10-23,1406.3354,1415.9606,1396.7104,1409.5439,1399.4006,2231977
2006-10-24,1405.2660,1411.6827,1395.6409,1403.1271,1393.0302,3474696
2006-10-25,1400.9882,1411.6827,1400.9882,1409.5439,1399.4006,2418858
2006-10-26,1412.7522,1415.9606,1402.0577,1406.3354,1396.2148,2372439
2006-10-27,1406.3354,1412.7522,1398.8492,1407.4050,1397.2772,2027227
2006-10-30,1398.8492,1405.2660,1387.0853,1398.8492,1388.7828,5952758
2006-10-31,1395.6409,1410.6133,1391.3632,1391.3632,1381.3512,5467836
2006-11-01,1374.2518,1395.6409,1369.9740,1383.8770,1373.9182,7223880
2006-11-02,1412.7522,1454.4611,1411.6827,1448.0443,1437.6239,26006375
2006-11-03,1453.3916,1486.5448,1449.1138,1460.8778,1450.3649,11383653
2006-11-06,1467.2946,1501.5172,1465.1556,1498.3088,1487.5267,10242134
2006-11-07,1498.3088,1500.4478,1484.4058,1499.3782,1488.5884,4371225
2006-11-08,1465.1556,1484.4058,1463.0167,1480.1281,1469.6490,6743820
2006-11-09,1480.1281,1502.5865,1480.1281,1497.2393,1486.6393,7390825
2006-11-10,1497.2393,1504.7255,1494.0310,1500.4478,1489.8242,4660999
2006-11-13,1494.0310,1505.7950,1492.9615,1499.3782,1488.7627,3343133
2006-11-14,1497.2393,1501.5172,1484.4058,1491.8920,1481.3295,6110330
2006-11-15,1500.4478,1512.2117,1492.9615,1510.0728,1499.3828,3904803
2006-11-16,1509.0033,1515.4200,1501.5172,1503.6561,1493.0106,2589194
2006-11-17,1501.5172,1509.0033,1489.7531,1498.3088,1487.7012,3245719
2006-11-20,1495.1003,1495.1003,1469.4335,1475.8502,1465.4014,4744396
2006-11-21,1476.9196,1486.5448,1472.6418,1479.0586,1468.5878,6115137
2006-11-22,1479.0586,1487.6143,1463.0167,1476.9196,1466.4635,5757871
2006-11-23,1481.1975,1481.1975,1464.0862,1474.7806,1464.3391,3888504
2006-11-24,1476.9196,1479.0586,1465.1556,1474.7806,1464.3391,3188109
2006-11-27,1470.5029,1477.9891,1456.6000,1456.6000,1446.2876,3507480
2006-11-28,1456.6000,1466.2251,1445.9054,1456.6000,1446.2876,5500020
2006-11-29,1458.7389,1477.9891,1458.7389,1470.5029,1460.0924,5603037
2006-11-30,1459.8083,1479.0586,1455.5305,1457.6694,1447.3496,4130604
2006-12-01,1463.0167,1465.1556,1432.0024,1440.5581,1430.3594,6869589
2006-12-04,1439.4886,1460.8778,1435.2108,1450.1832,1439.9159,6123038
2006-12-05,1450.1832,1460.8778,1448.0443,1455.5305,1445.2261,3692073
2006-12-06,1457.6694,1460.8778,1448.0443,1452.3221,1442.0404,3380085
2006-12-07,1454.4611,1474.7806,1449.1138,1465.1556,1454.7831,4068374
2006-12-08,1458.7389,1461.9473,1443.7665,1458.7389,1448.4115,4313619
2006-12-11,1460.8778,1473.7113,1458.7389,1466.2251,1455.8446,2566158
2006-12-12,1470.5029,1479.0586,1464.0862,1475.8502,1465.4014,11668017
2006-12-13,1470.5029,1492.9615,1470.5029,1492.9615,1482.3914,3793183
2006-12-14,1497.2393,1500.4478,1487.6143,1496.1699,1485.5776,2477363
2006-12-15,1502.5865,1506.8644,1483.3364,1502.5865,1491.9491,5946194
2006-12-18,1495.1003,1513.2812,1495.1003,1507.9340,1497.2581,2943767
2006-12-19,1498.3088,1515.4200,1490.8226,1511.1423,1500.4440,4237753
2006-12-20,1513.2812,1517.5590,1505.7950,1510.0728,1499.3828,5585280
2006-12-21,1505.7950,1510.0728,1499.3782,1503.6561,1493.0106,2116388
2006-12-22,1496.1699,1516.4895,1496.1699,1516.4895,1505.7528,1200989
2006-12-27,1500.4478,1525.0452,1500.4478,1525.0452,1514.2480,2861732
2006-12-28,1516.4895,1526.1147,1516.4895,1519.6979,1508.9387,1176845
2006-12-29,1513.2812,1529.3230,1513.2812,1527.1841,1516.3721,1985401
2007-01-02,1530.3925,1538.9481,1529.3230,1538.9481,1528.0531,2718608
2007-01-03,1540.0176,1544.2954,1529.3230,1542.1565,1531.2382,4541950
2007-01-04,1531.4619,1536.8092,1526.1147,1532.5314,1521.6814,2261354
2007-01-05,1522.9062,1528.2535,1515.4200,1518.6285,1507.8771,4563202
2007-01-08,1518.6285,1518.6285,1494.0310,1499.3782,1488.7627,4486308
2007-01-09,1507.9340,1507.9340,1490.8226,1494.0310,1483.4537,4493080
2007-01-10,1491.8920,1492.9615,1477.9891,1483.3364,1472.8350,2593344
2007-01-11,1486.5448,1490.8226,1469.4335,1486.5448,1476.0204,4873483
2007-01-12,1484.4058,1510.0728,1481.1975,1506.8644,1496.1958,9812883
2007-01-15,1515.4200,1517.5590,1502.5865,1514.3506,1503.6300,3771376
2007-01-16,1514.3506,1516.4895,1502.5865,1511.1423,1500.4440,3144509
2007-01-17,1511.1423,1522.9062,1509.0033,1518.6285,1507.8771,4584599
2007-01-18,1507.9340,1507.9340,1507.9340,1507.9340,1497.2581,6622336
2007-01-19,1500.4478,1517.5590,1495.1003,1512.2117,1501.5049,3298331
2007-01-22,1511.1423,1513.2812,1490.8226,1496.1699,1485.5776,4163671
2007-01-23,1491.8920,1491.8920,1459.8083,1480.1281,1469.6490,11399606
2007-01-24,1490.8226,1505.7950,1483.3364,1500.4478,1489.8242,2858847
2007-01-25,1495.1003,1502.5865,1481.1975,1488.6837,1478.1448,7192087
2007-01-26,1475.8502,1484.4058,1467.2946,1473.7113,1463.2771,4319907
2007-01-29,1473.7113,1489.7531,1466.2251,1486.5448,1476.0204,3618940
2007-01-30,1481.1975,1505.7950,1475.8502,1496.1699,1485.5776,4679918
2007-01-31,1491.8920,1498.3088,1476.9196,1480.1281,1469.6490,5174454
2007-02-01,1496.1699,1505.7950,1485.4753,1497.2393,1486.6393,5621214
2007-02-02,1492.9615,1514.3506,1492.9615,1511.1423,1500.4440,6097741
2007-02-05,1509.0033,1513.2812,1503.6561,1510.0728,1499.3828,3631026
2007-02-06,1514.3506,1528.2535,1510.0728,1522.9062,1512.1246,7380600
2007-02-07,1518.6285,1528.2535,1501.5172,1521.8368,1511.0625,2849120
2007-02-08,1494.0310,1500.4478,1467.2946,1485.4753,1474.9580,13957894
2007-02-09,1485.4753,1501.5172,1480.1281,1486.5448,1476.0204,5755991
2007-02-12,1483.3364,1483.3364,1452.3221,1459.8083,1449.4735,8087743
2007-02-13,1459.8083,1480.1281,1455.5305,1480.1281,1469.6490,3490286
2007-02-14,1483.3364,1503.6561,1479.0586,1500.4478,1489.8242,6224187
2007-02-15,1498.3088,1515.4200,1494.0310,1511.1423,1500.4440,3197534
2007-02-16,1505.7950,1511.1423,1485.4753,1494.0310,1483.4537,5024556
2007-02-19,1494.0310,1510.0728,1489.7531,1503.6561,1493.0106,2072885
2007-02-20,1503.6561,1505.7950,1495.1003,1503.6561,1493.0106,5227888
2007-02-21,1511.1423,1512.2117,1474.7806,1480.1281,1469.6490,3966505
2007-02-22,1491.8920,1491.8920,1469.4335,1471.5724,1461.1544,4958311
2007-02-23,1480.1281,1490.8226,1468.3640,1484.4058,1473.8962,4669239
2007-02-26,1486.5448,1494.0310,1483.3364,1487.6143,1477.0823,1873580
2007-02-27,1484.4058,1486.5448,1466.2251,1471.5724,1461.1544,4977209
2007-02-28,1453.3916,1470.5029,1436.2803,1455.5305,1445.2261,11143797
2007-03-01,1451.2527,1456.6000,1412.7522,1432.0024,1421.8640,7712592
2007-03-02,1433.0719,1446.9749,1423.4468,1435.2108,1425.0504,12646335
2007-03-05,1417.0302,1435.2108,1411.6827,1426.6552,1416.5551,4881498
2007-03-06,1429.8636,1453.3916,1429.8636,1450.1832,1439.9159,7041532
2007-03-07,1449.1138,1466.2251,1441.6276,1458.7389,1448.4115,4102697
2007-03-08,1456.6000,1467.2946,1451.2527,1463.0167,1452.6586,10179923
2007-03-09,1463.0167,1477.9891,1454.4611,1477.9891,1467.5255,7601469
2007-03-12,1486.5448,1514.3506,1475.8502,1513.2812,1502.5669,7588654
2007-03-13,1506.8644,1520.7675,1486.5448,1503.6561,1493.0106,8347371
2007-03-14,1484.4058,1515.4200,1481.1975,1499.3782,1488.7627,8673297
2007-03-15,1518.6285,1587.0737,1518.6285,1587.0737,1575.8374,19658338
2007-03-16,1590.2821,1648.0327,1590.2821,1630.9214,1619.3746,20818768
2007-03-19,1643.7549,1643.7549,1602.0461,1611.6711,1600.2607,8025615
2007-03-20,1615.9490,1615.9490,1582.7959,1598.8376,1587.5179,8971141
2007-03-21,1587.0737,1603.1155,1576.3792,1591.3514,1580.0851,7362700
2007-03-22,1609.5323,1611.6711,1590.2821,1608.4628,1597.0752,12797378
2007-03-23,1599.9072,1633.0603,1595.6293,1622.3658,1610.8799,15888082
2007-03-26,1609.5323,1618.0879,1578.5179,1582.7959,1571.5902,9508240
2007-03-27,1593.4904,1612.7406,1582.7959,1607.3934,1596.0132,9976473
2007-03-28,1608.4628,1611.6711,1582.7959,1602.0461,1590.7043,13817375
2007-03-29,1611.6711,1626.6436,1604.1851,1622.3658,1610.8799,5340882
2007-03-30,1617.0186,1641.6160,1612.7406,1637.3383,1625.7463,6986010
2007-04-02,1627.7130,1646.9633,1622.3658,1627.7130,1616.1884,5839372
2007-04-03,1634.1298,1650.1716,1624.5048,1637.3383,1625.7463,4196168
2007-04-04,1640.5465,1649.1022,1628.7825,1638.4076,1626.8079,2306012
2007-04-05,1635.1992,1645.8938,1633.0603,1641.6160,1629.9935,4753689
2007-04-10,1637.3383,1660.8662,1636.2687,1651.2411,1639.5505,4955951
2007-04-11,1646.9633,1651.2411,1628.7825,1629.8521,1618.3136,7002389
2007-04-12,1624.5048,1637.3383,1621.2963,1633.0603,1621.4987,4314979
2007-04-13,1633.0603,1664.0746,1631.9908,1663.0051,1651.2314,4311240
2007-04-16,1661.9357,1666.2135,1650.1716,1665.1440,1653.3555,2818760
2007-04-17,1656.5884,1667.2830,1644.8243,1660.8662,1649.1078,4843352
2007-04-18,1659.7968,1663.0051,1639.4771,1643.7549,1632.1173,7991242
2007-04-19,1641.6160,1657.6578,1631.9908,1651.2411,1639.5505,2254069
2007-04-20,1664.0746,1685.4637,1652.3105,1670.4913,1658.6641,3768175
2007-04-23,1677.9775,1677.9775,1663.0051,1672.6302,1660.7888,2476551
2007-04-24,1668.3524,1686.5332,1665.1440,1676.9081,1665.0356,3862944
2007-04-25,1684.3942,1704.7139,1680.1165,1690.8110,1678.8407,6404781
2007-04-26,1703.6445,1725.0336,1699.3666,1712.2001,1700.0775,6625009
2007-04-27,1704.7139,1708.9918,1679.0470,1683.3248,1671.4071,7317796
2007-04-30,1690.8110,1702.5750,1682.2552,1685.4637,1673.5311,7373455
2007-05-01,1668.3524,1682.2552,1657.6578,1659.7968,1648.0458,5944148
2007-05-02,1672.6302,1689.7415,1659.7968,1664.0746,1652.2937,7969254
2007-05-03,1721.8252,1759.2562,1705.7834,1728.2419,1716.0060,22306326
2007-05-04,1735.7281,1762.4646,1734.6587,1738.9365,1726.6254,19216018
2007-05-08,1734.6587,1790.2705,1734.6587,1773.1592,1760.6061,15994936
2007-05-09,1781.7148,1789.2010,1777.4370,1780.6454,1768.0386,28058218
2007-05-10,1778.5063,1783.8538,1754.9784,1754.9784,1742.5538,16309457
2007-05-11,1744.2838,1763.5341,1728.2419,1754.9784,1742.5538,8855362
2007-05-14,1749.6311,1761.3951,1743.2144,1751.7700,1739.3677,6403449
2007-05-15,1734.6587,1747.4922,1719.6863,1728.2419,1716.0060,8252667
2007-05-16,1721.8252,1727.1725,1702.5750,1705.7834,1693.7069,9838122
2007-05-17,1711.1307,1712.2001,1697.2277,1700.4362,1688.3971,6594347
2007-05-18,1695.0887,1713.2697,1682.2552,1701.5056,1689.4594,11645179
2007-05-21,1704.7139,1704.7139,1682.2552,1689.7415,1677.7783,6617036
2007-05-22,1687.6025,1697.2277,1681.1859,1691.8804,1679.9026,26303230
2007-05-23,1666.2135,1670.4913,1657.6578,1663.0051,1651.5831,8183779
2007-05-24,1664.0746,1677.9775,1656.5884,1664.0746,1652.6455,7509190
2007-05-25,1661.9357,1663.0051,1644.8243,1651.2411,1639.9000,7784675
2007-05-29,1653.3800,1668.3524,1650.1716,1664.0746,1652.6455,4667233
2007-05-30,1658.7273,1670.4913,1651.2411,1666.2135,1654.7698,6981542
2007-05-31,1671.5608,1676.9081,1658.7273,1667.2830,1655.8314,5509360
2007-06-01,1674.7690,1681.1859,1665.1440,1675.8386,1664.3286,3130459
2007-06-04,1681.1859,1681.1859,1667.2830,1667.2830,1655.8314,2948342
2007-06-05,1665.1440,1667.2830,1648.0327,1651.2411,1639.9000,4008854
2007-06-06,1648.0327,1661.9357,1621.2963,1625.5741,1614.4099,10496620
2007-06-07,1638.4076,1641.6160,1602.0461,1612.7406,1601.6641,15207724
2007-06-08,1610.6017,1623.4352,1598.8376,1619.1573,1608.0367,5330269
2007-06-11,1619.1573,1637.3383,1613.8101,1634.1298,1622.9066,4628267
2007-06-12,1629.8521,1656.5884,1623.4352,1645.8938,1634.5891,20312715
2007-06-13,1646.9633,1646.9633,1617.0186,1634.1298,1622.9066,7439548
2007-06-14,1649.1022,1661.9357,1644.8243,1655.5189,1644.1483,9016497
2007-06-15,1667.2830,1778.5063,1660.8662,1704.7139,1693.0051,10657493
2007-06-18,1703.6445,1704.7139,1680.1165,1687.6025,1676.0114,4688509
2007-06-19,1681.1859,1690.8110,1658.7273,1658.7273,1647.3347,3190966
2007-06-20,1664.0746,1667.2830,1642.6854,1651.2411,1639.9000,4989382
2007-06-21,1644.8243,1655.5189,1636.2687,1646.9633,1635.6519,6666510
2007-06-22,1650.1716,1684.3942,1650.1716,1672.6302,1661.1426,7243472
2007-06-25,1669.4219,1687.6025,1661.9357,1683.3248,1671.7631,8431332
2007-06-26,1667.2830,1710.0612,1667.2830,1707.9222,1696.1921,7850344
2007-06-27,1706.8528,1751.7700,1692.9500,1717.5474,1705.7510,7361025
2007-06-28,1720.7559,1725.0336,1704.7139,1717.5474,1705.7510,6866033
2007-06-29,1722.8947,1727.1725,1707.9222,1727.1725,1715.3097,4588218
2007-07-02,1717.5474,1733.5894,1717.5474,1718.6169,1706.8125,3593330
2007-07-03,1723.9641,1750.7006,1718.6169,1728.2419,1716.3719,4823696
2007-07-04,1723.9641,1734.6587,1723.9641,1725.0336,1713.1858,2691419
2007-07-05,1720.7559,1729.3114,1706.8528,1708.9918,1697.2540,17795043
2007-07-06,1704.7139,1714.3390,1692.9500,1714.3390,1702.5647,4338748
2007-07-09,1714.3390,1736.7976,1706.8528,1728.2419,1716.3719,3244028
2007-07-10,1729.3114,1817.0070,1729.3114,1761.3951,1749.2974,13739448
2007-07-11,1753.9089,1841.6044,1753.9089,1799.8956,1787.5339,14558314
2007-07-12,1795.6177,1799.8956,1775.2981,1788.1315,1775.8502,9176572
2007-07-13,1819.1458,1829.8405,1783.8538,1789.2010,1776.9125,9492796
2007-07-16,1787.0621,1794.5483,1763.5341,1772.0897,1759.9187,4980158
2007-07-17,1775.2981,1775.2981,1748.5616,1762.4646,1750.3594,4378733
2007-07-18,1752.8395,1758.1868,1738.9365,1738.9365,1726.9933,3294873
2007-07-19,1744.2838,1781.7148,1744.2838,1781.7148,1769.4774,6443264
2007-07-20,1773.1592,1796.6873,1754.9784,1756.0479,1743.9869,7518722
2007-07-23,1753.9089,1759.2562,1742.1449,1759.2562,1747.1737,2465366
2007-07-24,1756.0479,1757.1173,1721.8252,1723.9641,1712.1239,4812062
2007-07-25,1712.2001,1749.6311,1710.0612,1718.6169,1706.8125,3929659
2007-07-26,1720.7559,1727.1725,1667.2830,1667.2830,1655.8314,5371198
2007-07-27,1651.2411,1686.5332,1648.0327,1672.6302,1661.1426,5883809
2007-07-30,1666.2135,1670.4913,1641.6160,1651.2411,1639.9000,4818970
2007-07-31,1648.0327,1661.9357,1623.4352,1657.6578,1646.2727,8113552
2007-08-01,1637.3383,1637.3383,1602.0461,1608.4628,1597.4152,7928684
2007-08-02,1704.7139,1742.1449,1661.9357,1676.9081,1665.3907,15782512
2007-08-03,1683.3248,1688.6721,1654.4495,1658.7273,1647.3347,5872341
2007-08-06,1639.4771,1652.3105,1631.9908,1643.7549,1632.4650,4805378
2007-08-07,1650.1716,1665.1440,1640.5465,1656.5884,1645.2104,6756174
2007-08-08,1673.6997,1679.0470,1656.5884,1660.8662,1649.4594,8562383
2007-08-09,1652.3105,1655.5189,1575.3097,1604.1851,1593.1674,17520596
2007-08-10,1578.5179,1584.9348,1549.6427,1568.8929,1558.1169,13303263
2007-08-13,1587.0737,1615.9490,1581.7264,1613.8101,1602.7261,6813789
2007-08-14,1603.1155,1620.2268,1579.5875,1588.1431,1577.2350,6797270
2007-08-15,1579.5875,1624.5048,1573.1708,1615.9490,1604.8503,9017805
2007-08-16,1588.1431,1602.0461,1571.0319,1581.7264,1570.8630,16281714
2007-08-17,1597.7683,1631.9908,1573.1708,1628.7825,1617.5950,16791120
2007-08-20,1623.4352,1641.6160,1613.8101,1624.5048,1613.3474,4695816
2007-08-21,1633.0603,1635.1992,1603.1155,1611.6711,1600.6018,4995947
2007-08-22,1623.4352,1653.3800,1617.0186,1648.0327,1636.7139,4331512
2007-08-23,1658.7273,1668.3524,1638.4076,1638.4076,1627.1549,4498895
2007-08-24,1641.6160,1651.2411,1626.6436,1637.3383,1626.0928,5795775
2007-08-28,1641.6160,1648.0327,1612.7406,1619.1573,1608.0367,2847669
2007-08-29,1618.0879,1640.5465,1597.7683,1629.8521,1618.6582,3719427
2007-08-30,1635.1992,1644.8243,1622.3658,1644.8243,1633.5273,3413844
2007-08-31,1658.7273,1671.5608,1646.9633,1671.5608,1660.0801,3788356
2007-09-03,1679.0470,1679.0470,1661.9357,1669.4219,1657.9563,2552847
2007-09-04,1667.2830,1681.1859,1650.1716,1681.1859,1669.6392,2373873
2007-09-05,1675.8386,1680.1165,1667.2830,1670.4913,1659.0178,7703504
2007-09-06,1675.8386,1688.6721,1653.3800,1665.1440,1653.7079,6113842
2007-09-07,1658.7273,1680.1165,1656.5884,1666.2135,1654.7698,15116900
2007-09-10,1680.1165,1682.2552,1645.8938,1649.1022,1637.7760,2670296
2007-09-11,1659.7968,1686.5332,1654.4495,1686.5332,1674.9501,4195114
2007-09-12,1686.5332,1703.6445,1677.9775,1699.3666,1687.6947,4162963
2007-09-13,1703.6445,1729.3114,1697.2277,1722.8947,1711.0612,4269755
2007-09-14,1710.0612,1725.0336,1704.7139,1719.6863,1707.8752,3772594
2007-09-17,1711.1307,1722.8947,1701.5056,1702.5750,1690.8811,4465650
2007-09-18,1695.0887,1717.5474,1695.0887,1715.4084,1703.6268,9689490
2007-09-19,1736.7976,1758.1868,1727.1725,1749.6311,1737.6136,8988464
2007-09-20,1748.5616,1753.9089,1712.2001,1721.8252,1709.9990,5716140
2007-09-21,1714.3390,1740.0060,1714.3390,1730.3809,1718.4960,6152146
2007-09-24,1716.4779,1731.4503,1700.4362,1704.7139,1693.0051,4380978
2007-09-25,1703.6445,1715.4084,1694.0194,1694.0194,1682.3844,4188048
2007-09-26,1695.0887,1706.8528,1689.7415,1700.4362,1688.7573,3233698
2007-09-27,1703.6445,1716.4779,1697.2277,1702.5750,1690.8811,2993446
2007-09-28,1708.9918,1715.4084,1642.6854,1652.3105,1640.9618,15686191
2007-10-01,1641.6160,1676.9081,1634.1298,1673.6997,1662.2046,6999609
2007-10-02,1684.3942,1687.6025,1642.6854,1645.8938,1634.5891,11096778
2007-10-03,1652.3105,1657.6578,1620.2268,1643.7549,1632.4650,7901751
2007-10-04,1639.4771,1649.1022,1627.7130,1641.6160,1630.3411,8250503
2007-10-05,1651.2411,1680.1165,1629.8521,1666.2135,1654.7698,9476356
2007-10-08,1671.5608,1675.8386,1653.3800,1655.5189,1644.1483,2872106
2007-10-09,1653.3800,1679.0470,1652.3105,1671.5608,1660.0801,3083948
2007-10-10,1669.4219,1702.5750,1654.4495,1694.0194,1682.3844,4518217
2007-10-11,1697.2277,1748.5616,1686.5332,1734.6587,1722.7449,5763282
2007-10-12,1729.3114,1729.3114,1713.2697,1720.7559,1708.9376,4186382
2007-10-15,1715.4084,1727.1725,1685.4637,1689.7415,1678.1359,4235836
2007-10-16,1692.9500,1697.2277,1677.9775,1687.6025,1676.0114,3661254
2007-10-17,1685.4637,1729.3114,1683.3248,1719.6863,1707.8752,4605713
2007-10-18,1723.9641,1738.9365,1717.5474,1733.5894,1721.6837,4526028
2007-10-19,1725.0336,1735.7281,1718.6169,1729.3114,1717.4343,6680419
2007-10-22,1705.7834,1730.3809,1705.7834,1723.9641,1712.1239,2480307
2007-10-23,1726.1031,1742.1449,1713.2697,1732.5198,1720.6206,2654071
2007-10-24,1732.5198,1743.2144,1715.4084,1728.2419,1716.3719,5721923
2007-10-25,1732.5198,1758.1868,1719.6863,1752.8395,1740.8007,4269581
2007-10-26,1747.4922,1763.5341,1727.1725,1759.2562,1747.1737,3052027
2007-10-29,1769.9508,1785.9926,1756.0479,1781.7148,1769.4774,2856803
2007-10-30,1767.8119,1788.1315,1762.4646,1766.7424,1754.6079,4085089
2007-10-31,1762.4646,1764.6035,1708.9918,1737.8671,1725.9308,9866129
2007-11-01,1783.8538,1830.9098,1772.0897,1813.7985,1801.3407,12600699
2007-11-02,1803.1039,1857.6462,1803.1039,1850.1600,1837.4528,6969973
2007-11-05,1845.8822,1881.1743,1836.2571,1859.7852,1847.0120,7090461
2007-11-06,1866.2019,1868.3408,1827.7014,1841.6044,1828.9553,5148502
2007-11-07,1826.6320,1833.0487,1797.7567,1802.0345,1789.8429,5661917
2007-11-08,1798.8260,1830.9098,1788.1315,1805.2429,1793.0302,6721266
2007-11-09,1808.4512,1814.8680,1778.5063,1791.3398,1779.2212,5329378
2007-11-12,1782.7843,1815.9374,1782.7843,1814.8680,1802.5898,3943956
2007-11-13,1807.3818,1867.2712,1804.1733,1861.9241,1849.3279,6376746
2007-11-14,1864.0630,1896.1467,1846.9517,1890.7994,1878.0083,7844434
2007-11-15,1894.0078,1912.1885,1883.3132,1895.0771,1882.2565,7583222
2007-11-16,1881.1743,1917.5358,1869.4103,1906.8412,1893.9415,6191106
2007-11-19,1907.9106,1934.6471,1894.0078,1920.7441,1907.7501,6013978
2007-11-20,1919.6747,1920.7441,1887.5909,1908.9802,1896.0657,10048621
2007-11-21,1894.0078,1907.9106,1870.4797,1881.1743,1868.4476,4421438
2007-11-22,1884.3827,1910.0496,1869.4103,1906.8412,1893.9415,5931419
2007-11-23,1901.4940,1916.4664,1871.5492,1889.7299,1876.9459,4420357
2007-11-26,1883.3132,1902.5634,1870.4797,1879.0354,1866.3232,2979413
2007-11-27,1869.4103,1885.4521,1837.3267,1880.1049,1867.3856,4464192
2007-11-28,1892.9384,1906.8412,1871.5492,1901.4940,1888.6301,4231779
2007-11-29,1906.8412,1906.8412,1865.1324,1896.1467,1883.3184,4189233
2007-11-30,1896.1467,1913.2581,1885.4521,1907.9106,1895.0032,7430402
2007-12-03,1904.7023,1908.9802,1869.4103,1874.7574,1862.0751,3275970
2007-12-04,1882.2437,1900.4246,1852.2990,1892.9384,1880.1326,4265114
2007-12-05,1902.5634,1946.4111,1902.5634,1941.0638,1927.9324,5780947
2007-12-06,1938.9249,1939.9944,1912.1885,1926.0916,1913.0614,3074404
2007-12-07,1937.8555,1941.0638,1921.8136,1929.2998,1916.2477,3396690
2007-12-10,1913.2581,1923.9525,1903.6329,1917.5358,1904.5642,6898145
2007-12-11,1913.2581,1916.4664,1890.7994,1905.7719,1892.8792,2226293
2007-12-12,1895.0771,1931.4387,1885.4521,1915.3969,1902.4386,4820487
2007-12-13,1892.9384,1899.3550,1867.2712,1867.2712,1854.6385,4699738
2007-12-14,1869.4103,1886.5216,1860.8546,1876.8965,1864.1987,3399374
2007-12-17,1855.5073,1897.2161,1855.5073,1883.3132,1870.5726,3660334
2007-12-18,1872.6187,1922.8831,1869.4103,1906.8412,1893.9415,6640627
2007-12-19,1903.6329,1907.9106,1881.1743,1897.2161,1884.3813,2854474
2007-12-20,1904.7023,1935.7166,1891.8688,1932.5082,1919.4351,3568929
2007-12-21,1948.5500,2015.9258,1944.2722,2010.5785,1996.9766,6957385
2007-12-24,2014.8564,2056.5652,2014.8564,2052.2874,2038.4038,643218
2007-12-27,2042.6622,2057.6345,2026.6204,2041.5928,2027.7812,2416627
2007-12-28,2038.3844,2055.4956,2033.0371,2050.1484,2036.2791,1691779
2007-12-31,2053.3567,2053.3567,2021.2731,2021.2731,2007.5990,821642
2008-01-02,2027.6898,2046.9401,2023.4120,2024.4814,2010.7859,3065952
2008-01-03,2013.7869,2049.0791,2013.7869,2037.3149,2023.5326,3355452
2008-01-04,2038.3844,2038.3844,2010.5785,2014.8564,2001.2260,4791547
2008-01-07,2007.3702,2062.9819,1992.3978,2060.8430,2046.9016,6496464
2008-01-08,2064.0515,2082.2322,2048.0095,2048.0095,2034.1547,5438465
2008-01-09,2039.4539,2055.4956,1977.4254,1977.4254,1964.0485,10996808
2008-01-10,1992.3978,1999.8840,1930.3693,1945.3417,1932.1818,11393500
2008-01-11,1931.4387,1935.7166,1800.9650,1849.0906,1836.5809,11388863
2008-01-14,1846.9517,1871.5492,1828.7709,1852.2990,1839.7676,4183968
2008-01-15,1860.8546,1865.1324,1778.5063,1785.9926,1773.9106,5300358
2008-01-16,1785.9926,1829.8405,1780.6454,1798.8260,1786.6575,5845463
2008-01-17,1805.2429,1858.7157,1805.2429,1814.8680,1802.5898,5950491
2008-01-18,1818.0763,1882.2437,1808.4512,1830.9098,1818.5238,7326809
2008-01-21,1800.9650,1808.4512,1699.3666,1704.7139,1693.1812,7715162
2008-01-22,1658.7273,1767.8119,1621.2963,1750.7006,1738.8572,9779826
2008-01-23,1784.9232,1784.9232,1667.2830,1702.5750,1691.0564,7267036
2008-01-24,1750.7006,1785.9926,1727.1725,1779.5759,1767.5372,5871321
2008-01-25,1783.8538,1809.5208,1761.3951,1769.9508,1757.9773,4245693
2008-01-28,1744.2838,1776.3676,1721.8252,1764.6035,1752.6656,3899985
2008-01-29,1771.0201,1784.9232,1746.4227,1763.5341,1751.6034,4397661
2008-01-30,1737.8671,1761.3951,1723.9641,1743.2144,1731.4210,3286657
2008-01-31,1738.9365,1774.2286,1716.4779,1767.8119,1755.8524,5640516
2008-02-01,1787.0621,1836.2571,1781.7148,1836.2571,1823.8345,4497608
2008-02-04,1834.1182,1834.1182,1791.3398,1792.4094,1780.2837,3487552
2008-02-05,1776.3676,1785.9926,1718.6169,1728.2419,1716.5500,5516141
2008-02-06,1718.6169,1775.2981,1717.5474,1769.9508,1757.9773,5564570
2008-02-07,1788.1315,1806.3123,1684.3942,1708.9918,1697.4305,9366380
2008-02-08,1720.7559,1744.2838,1712.2001,1735.7281,1723.9852,4232000
2008-02-11,1714.3390,1741.0754,1698.2972,1705.7834,1694.2434,2851437
2008-02-12,1708.9918,1744.2838,1691.8804,1740.0060,1728.2351,4565466
2008-02-13,1725.0336,1734.6587,1695.0887,1718.6169,1706.9899,4269940
2008-02-14,1731.4503,1744.2838,1700.4362,1706.8528,1695.3058,4225342
2008-02-15,1708.9918,1723.9641,1669.4219,1671.5608,1660.2526,7167054
2008-02-18,1679.0470,1708.9918,1670.4913,1704.7139,1693.1812,3947725
2008-02-19,1701.5056,1733.5894,1685.4637,1708.9918,1697.4305,3554171
2008-02-20,1689.7415,1704.7139,1673.6997,1701.5056,1689.9945,5496353
2008-02-21,1705.7834,1712.2001,1673.6997,1676.9081,1665.5638,3535971
2008-02-22,1669.4219,1698.2972,1660.8662,1682.2552,1670.8744,3764787
2008-02-25,1691.8804,1706.8528,1681.1859,1702.5750,1691.0564,2763129
2008-02-26,1701.5056,1711.1307,1682.2552,1697.2277,1685.7460,3660476
2008-02-27,1700.4362,1746.4227,1689.7415,1742.1449,1730.3589,6334705
2008-02-28,1740.0060,1778.5063,1726.1031,1731.4503,1719.7363,6365153
2008-02-29,1723.9641,1746.4227,1701.5056,1706.8528,1695.3058,4474897
2008-03-03,1704.7139,1713.2697,1683.3248,1689.7415,1678.3104,3721435
2008-03-04,1686.5332,1704.7139,1680.1165,1692.9500,1681.4968,4939897
2008-03-05,1707.9222,1717.5474,1686.5332,1715.4084,1703.8036,3512632
2008-03-06,1718.6169,1721.8252,1686.5332,1688.6721,1677.2479,2798650
2008-03-07,1677.9775,1707.9222,1664.0746,1696.1583,1684.6838,5588278
2008-03-10,1688.6721,1702.5750,1675.8386,1684.3942,1672.9985,2927484
2008-03-11,1684.3942,1725.0336,1679.0470,1713.2697,1701.6787,4370654
2008-03-12,1727.1725,1727.1725,1704.7139,1711.1307,1699.5548,3851435
2008-03-13,1687.6025,1769.9508,1687.6025,1765.6730,1753.7278,7147716
2008-03-14,1765.6730,1779.5759,1728.2419,1748.5616,1736.7325,7545247
2008-03-17,1721.8252,1740.0060,1701.5056,1713.2697,1701.6787,8127352
2008-03-18,1733.5894,1737.8671,1713.2697,1726.1031,1714.4258,4348238
2008-03-19,1738.9365,1757.1173,1713.2697,1745.3533,1733.5454,5560366
2008-03-20,1737.8671,1805.2429,1737.8671,1788.1315,1776.0345,8742710
2008-03-25,1821.2847,1827.7014,1796.6873,1802.0345,1789.8429,5741533
2008-03-26,1804.1733,1823.4236,1800.9650,1814.8680,1802.5898,3150507
2008-03-27,1807.3818,1821.2847,1785.9926,1805.2429,1793.0302,4024383
2008-03-28,1807.3818,1814.8680,1782.7843,1799.8956,1787.7195,3673968
2008-03-31,1785.9926,1822.3542,1776.3676,1817.0070,1804.7148,4045441
2008-04-01,1830.9098,1877.9659,1826.6320,1872.6187,1859.9502,4939146
2008-04-02,1871.5492,1881.1743,1839.4655,1843.7433,1831.2706,3756885
2008-04-03,1846.9517,1850.1600,1820.2152,1827.7014,1815.3367,4528895
2008-04-04,1833.0487,1842.6738,1815.9374,1840.5349,1828.0836,3185561
2008-04-07,1848.0211,1852.2990,1813.7985,1814.8680,1802.5898,3951343
2008-04-08,1813.7985,1859.7852,1813.7985,1844.8127,1832.3324,2921462
2008-04-09,1841.6044,1865.1324,1817.0070,1818.0763,1805.7769,5689328
2008-04-10,1823.4236,1849.0906,1819.1458,1829.8405,1817.4615,3641688
2008-04-11,1841.6044,1853.3684,1796.6873,1799.8956,1787.7195,3457038
2008-04-14,1782.7843,1798.8260,1776.3676,1788.1315,1776.0345,5366777
2008-04-15,1796.6873,1817.0070,1793.4788,1803.1039,1790.9055,4176184
2008-04-16,1804.1733,1818.0763,1771.0201,1812.7291,1800.4659,3424081
2008-04-17,1818.0763,1835.1876,1796.6873,1799.8956,1787.7195,2110166
2008-04-18,1797.7567,1830.9098,1791.3398,1818.0763,1805.7769,2707724
2008-04-21,1834.1182,1839.4655,1805.2429,1814.8680,1802.5898,2502918
2008-04-22,1798.8260,1821.2847,1798.8260,1807.3818,1795.1549,2718344
2008-04-23,1802.0345,1810.5901,1761.3951,1773.1592,1761.1643,5712442
2008-04-24,1763.5341,1792.4094,1734.6587,1791.3398,1779.2212,9941868
2008-04-25,1799.8956,1808.4512,1783.8538,1799.8956,1787.7195,4020737
2008-04-28,1807.3818,1818.0763,1797.7567,1814.8680,1802.5898,2767322
2008-04-29,1802.0345,1814.8680,1789.2010,1794.5483,1782.4086,4572802
2008-04-30,1805.2429,1825.5625,1797.7567,1820.2152,1807.9014,3738061
2008-05-01,1831.9792,1831.9792,1791.3398,1818.0763,1805.7769,1374548
2008-05-02,1813.7985,1843.7433,1804.1733,1840.5349,1828.0836,3110519
2008-05-06,1822.3542,1829.8405,1791.3398,1795.6177,1783.4700,3814544
2008-05-07,1791.3398,1821.2847,1773.1592,1777.4370,1765.4121,4806187
2008-05-08,1843.7433,1882.2437,1827.7014,1873.6881,1861.0120,11309557
2008-05-09,1869.4103,1901.4940,1855.5073,1898.2856,1885.4435,3340574
2008-05-12,1900.4246,1910.0496,1880.1049,1885.4521,1872.6968,2473200
2008-05-13,1898.2856,1901.4940,1842.6738,1851.2295,1838.7057,5198442
2008-05-14,1866.2019,1866.2019,1841.6044,1851.2295,1838.7057,4082192
2008-05-15,1852.2990,1868.3408,1846.9517,1864.0630,1851.4525,7664372
2008-05-16,1875.8270,1887.5909,1848.0211,1865.1324,1852.5148,2512164
2008-05-19,1870.4797,1870.4797,1829.8405,1830.9098,1818.5238,3527945
2008-05-20,1830.9098,1843.7433,1795.6177,1799.8956,1787.7195,3804446
2008-05-21,1775.2981,1778.5063,1748.5616,1748.5616,1737.1028,4312990
2008-05-22,1740.0060,1766.7424,1718.6169,1740.0060,1728.6033,3416307
2008-05-23,1736.7976,1765.6730,1729.3114,1750.7006,1739.2279,3866493
2008-05-27,1768.8813,1798.8260,1747.4922,1791.3398,1779.6006,9616735
2008-05-28,1799.8956,1808.4512,1777.4370,1779.5759,1767.9141,4324323
2008-05-29,1782.7843,1796.6873,1758.1868,1767.8119,1756.2271,4112255
2008-05-30,1781.7148,1805.2429,1772.0897,1787.0621,1775.3510,4397459
2008-06-02,1782.7843,1792.4094,1771.0201,1777.4370,1765.7887,2215078
2008-06-03,1784.9232,1804.1733,1782.7843,1791.3398,1779.6006,2798181
2008-06-04,1793.4788,1800.9650,1775.2981,1778.5063,1766.8513,5753077
2008-06-05,1787.0621,1813.7985,1779.5759,1797.7567,1785.9752,4016727
2008-06-06,1803.1039,1803.1039,1746.4227,1747.4922,1736.0408,4455770
2008-06-09,1747.4922,1747.4922,1708.9918,1714.3390,1703.1049,4314723
2008-06-10,1707.9222,1720.7559,1691.8804,1703.6445,1692.4802,3481283
2008-06-11,1704.7139,1715.4084,1669.4219,1669.4219,1658.4819,2987317
2008-06-12,1668.3524,1707.9222,1668.3524,1699.3666,1688.2299,3951828
2008-06-13,1655.5189,1655.5189,1655.5189,1682.2552,1671.2308,6075863
2008-06-16,1655.5189,1665.1440,1600.9766,1633.0603,1622.3584,6172085
2008-06-17,1639.4771,1654.4495,1614.8796,1638.4076,1627.6708,3888015
2008-06-18,1627.7130,1655.5189,1623.4352,1624.5048,1613.8590,3836797
2008-06-19,1627.7130,1655.5189,1623.4352,1624.5048,1613.8590,5735883
2008-06-20,1619.1573,1633.0603,1568.8929,1573.1708,1562.8611,7511089
2008-06-23,1575.3097,1583.8654,1554.9900,1574.2402,1563.9238,3575291
2008-06-24,1568.8929,1574.2402,1509.0033,1533.6010,1523.5505,7174700
2008-06-25,1549.6427,1561.4067,1533.6010,1559.2678,1549.0492,5400045
2008-06-26,1559.2678,1561.4067,1520.7675,1532.5314,1522.4882,4601530
2008-06-27,1531.4619,1552.8511,1485.4753,1495.1003,1485.3024,6251064
2008-06-30,1495.1003,1529.3230,1481.1975,1528.2535,1518.2383,7181463
2008-07-01,1518.6285,1525.0452,1495.1003,1511.1423,1501.2397,5183359
2008-07-02,1516.4895,1527.1841,1485.4753,1496.1699,1486.3652,4870142
2008-07-03,1490.8226,1530.3925,1489.7531,1520.7675,1510.8009,0
2008-07-04,1533.6010,1533.6010,1505.7950,1506.8644,1496.9893,2612821
2008-07-07,1522.9062,1534.6703,1503.6561,1530.3925,1520.3636,3251566
2008-07-08,1509.0033,1561.4067,1502.5865,1556.0594,1545.8622,4612670
2008-07-09,1565.6846,1590.2821,1559.2678,1586.0042,1575.6113,3711749
2008-07-10,1564.6151,1572.1013,1513.2812,1513.2812,1503.3641,7433970
2008-07-11,1513.2812,1533.6010,1468.3640,1469.4335,1459.8037,6524067
2008-07-14,1494.0310,1507.9340,1481.1975,1490.8226,1481.0529,2805482
2008-07-15,1473.7113,1484.4058,1448.0443,1471.5724,1461.9288,3906102
2008-07-16,1486.5448,1515.4200,1470.5029,1511.1423,1501.2397,4919642
2008-07-17,1518.6285,1564.6151,1515.4200,1553.9205,1543.7375,6317581
2008-07-18,1545.3649,1545.3649,1512.2117,1541.0872,1530.9879,5043625
2008-07-21,1536.8092,1553.9205,1521.8368,1546.4343,1536.2998,2976282
2008-07-22,1534.6703,1564.6151,1519.6979,1558.1984,1547.9873,4139693
2008-07-23,1572.1013,1586.0042,1559.2678,1560.3373,1550.1121,3307499
2008-07-24,1567.8235,1577.4486,1552.8511,1559.2678,1549.0492,3302103
2008-07-25,1548.5732,1575.3097,1537.8787,1564.6151,1554.3618,4556385
2008-07-28,1577.4486,1611.6711,1574.2402,1588.1431,1577.7352,5370744
2008-07-29,1566.7540,1607.3934,1566.7540,1606.3239,1595.7969,6008123
2008-07-30,1607.3934,1628.7825,1593.4904,1614.8796,1604.2970,5240223
2008-07-31,1541.0872,1549.6427,1466.2251,1484.4058,1474.6786,16192634
2008-08-01,1481.1975,1481.1975,1427.7246,1453.3916,1443.8672,6308519
2008-08-04,1464.0862,1471.5724,1451.2527,1459.8083,1450.2419,3754787
2008-08-05,1482.2668,1527.1841,1470.5029,1527.1841,1517.1761,4913409
2008-08-06,1527.1841,1550.7122,1509.0033,1548.5732,1538.4244,4135932
2008-08-07,1549.6427,1551.7816,1521.8368,1526.1147,1516.1135,4533785
2008-08-08,1528.2535,1569.9624,1515.4200,1561.4067,1551.1746,7364331
2008-08-11,1561.4067,1579.5875,1549.6427,1568.8929,1558.6116,3268950
2008-08-12,1562.4762,1588.1431,1535.7397,1584.9348,1574.5485,4367367
2008-08-13,1581.7264,1619.1573,1571.0319,1610.6017,1600.0476,4918067
2008-08-14,1611.6711,1612.7406,1568.8929,1580.6569,1570.2980,3613570
2008-08-15,1593.4904,1608.4628,1573.1708,1596.6989,1586.2354,3244291
2008-08-18,1588.1431,1606.3239,1571.0319,1588.1431,1577.7352,3225222
2008-08-19,1587.0737,1587.0737,1552.8511,1554.9900,1544.7998,3737623
2008-08-20,1566.7540,1569.9624,1537.8787,1561.4067,1551.1746,3396770
2008-08-21,1551.7816,1563.5457,1533.6010,1551.7816,1541.6122,2949598
2008-08-22,1551.7816,1590.2821,1547.5038,1589.2126,1578.7979,2783196
2008-08-26,1565.6846,1576.3792,1545.3649,1565.6846,1555.4244,3102962
2008-08-27,1571.0319,1571.0319,1542.1565,1559.2678,1549.0492,2235692
2008-08-28,1560.3373,1580.6569,1547.5038,1577.4486,1567.1111,2821811
2008-08-29,1587.0737,1587.0737,1565.6846,1579.5875,1569.2362,2599529
2008-09-01,1569.9624,1608.4628,1565.6846,1602.0461,1591.5474,2237005
2008-09-02,1599.9072,1650.1716,1595.6293,1649.1022,1638.2953,3932435
2008-09-03,1614.8796,1629.8521,1591.3514,1593.4904,1583.0477,4976819
2008-09-04,1668.3524,1706.8528,1663.0051,1690.8110,1679.7306,13210271
2008-09-05,1679.0470,1730.3809,1666.2135,1701.5056,1690.3549,9452445
2008-09-08,1729.3114,1730.3809,1661.9357,1689.7415,1678.6683,2121072
2008-09-09,1687.6025,1742.1449,1685.4637,1735.7281,1724.3529,7349298
2008-09-10,1725.0336,1743.2144,1712.2001,1721.8252,1710.5413,5838802
2008-09-11,1704.7139,1720.7559,1675.8386,1710.0612,1698.8549,3640443
2008-09-12,1719.6863,1722.8947,1682.2552,1721.8252,1710.5413,4346189
2008-09-15,1689.7415,1727.1725,1672.6302,1710.0612,1698.8549,5545365
2008-09-16,1689.7415,1738.9365,1688.6721,1717.5474,1706.2916,10252179
2008-09-17,1717.5474,1736.7976,1659.7968,1664.0746,1653.1697,8621589
2008-09-18,1657.6578,1676.9081,1588.1431,1620.2268,1609.6089,8703876
2008-09-19,1588.1431,1649.1022,1550.7122,1604.1851,1593.6726,11322301
2008-09-22,1596.6989,1614.8796,1547.5038,1552.8511,1542.6741,7275640
2008-09-23,1556.0594,1611.6711,1536.8092,1590.2821,1579.8613,6876616
2008-09-24,1577.4486,1606.3239,1556.0594,1591.3514,1580.9227,5923996
2008-09-25,1592.4210,1658.7273,1579.5875,1648.0327,1637.2330,5799296
2008-09-26,1626.6436,1653.3800,1620.2268,1624.5048,1613.8590,4597359
2008-09-29,1603.1155,1639.4771,1593.4904,1594.5599,1584.1100,5570935
2008-09-30,1574.2402,1627.7130,1565.6846,1627.7130,1617.0460,6324778
2008-10-01,1641.6160,1672.6302,1623.4352,1671.5608,1660.6066,4282194
2008-10-02,1658.7273,1667.2830,1621.2963,1635.1992,1624.4830,4568616
2008-10-03,1639.4771,1712.2001,1629.8521,1711.1307,1699.9174,8443059
2008-10-06,1665.1440,1690.8110,1623.4352,1626.6436,1615.9840,6731604
2008-10-07,1671.5608,1710.0612,1626.6436,1673.6997,1662.7317,10384173
2008-10-08,1634.1298,1681.1859,1562.4762,1572.1013,1561.7991,10241196
2008-10-09,1592.4210,1622.3658,1454.4611,1464.0862,1454.4916,10547521
2008-10-10,1405.2660,1442.6970,1335.7513,1362.4878,1353.5586,13964738
2008-10-13,1429.8636,1457.6694,1362.4878,1457.6694,1448.1172,7684218
2008-10-14,1516.4895,1537.8787,1457.6694,1503.6561,1493.8022,8011480
2008-10-15,1505.7950,1505.7950,1418.0995,1428.7941,1419.4308,5603050
2008-10-16,1392.4326,1451.2527,1343.2375,1382.8075,1373.7461,7413550
2008-10-17,1437.3499,1490.8226,1393.5020,1474.7806,1465.1162,8844229
2008-10-20,1497.2393,1579.5875,1472.6418,1579.5875,1569.2362,5817296
2008-10-21,1604.1851,1604.1851,1507.9340,1549.6427,1539.4880,4745014
2008-10-22,1516.4895,1567.8235,1443.7665,1451.2527,1441.7422,6959778
2008-10-23,1483.3364,1520.7675,1435.2108,1504.7255,1494.8647,7999398
2008-10-24,1469.4335,1473.7113,1392.4326,1466.2251,1456.6166,7781290
2008-10-27,1397.7799,1453.3916,1360.3489,1428.7941,1419.4308,5878461
2008-10-28,1467.2946,1467.2946,1349.6543,1422.3774,1413.0563,5312761
2008-10-29,1473.7113,1499.3782,1411.6827,1436.2803,1426.8679,6817704
2008-10-30,1495.1003,1519.6979,1404.1967,1428.7941,1419.4308,8036780
2008-10-31,1430.9330,1516.4895,1413.8217,1492.9615,1483.1776,5399615
2008-11-03,1485.4753,1562.4762,1469.4335,1562.4762,1552.2373,3953346
2008-11-04,1582.7959,1633.0603,1554.9900,1623.4352,1612.7964,4515315
2008-11-05,1620.2268,1620.2268,1569.9624,1576.3792,1566.2723,3999856
2008-11-06,1554.9900,1608.4628,1537.8787,1538.9481,1529.0808,6546003
2008-11-07,1552.8511,1580.6569,1512.2117,1553.9205,1543.9570,3067618
2008-11-10,1588.1431,1611.6711,1568.8929,1578.5179,1568.3975,2857038
2008-11-11,1589.2126,1589.2126,1528.2535,1541.0872,1531.2063,2905067
2008-11-12,1563.5457,1581.7264,1526.1147,1553.9205,1543.9570,3007194
2008-11-13,1534.6703,1572.1013,1509.0033,1561.4067,1551.3960,3655411
2008-11-14,1615.9490,1631.9908,1563.5457,1587.0737,1576.8986,4821513
2008-11-17,1580.6569,1603.1155,1512.2117,1522.9062,1513.1417,3847418
2008-11-18,1533.6010,1580.6569,1496.1699,1577.4486,1567.3347,3393216
2008-11-19,1589.2126,1630.9214,1578.5179,1583.8654,1573.7102,4919406
2008-11-20,1544.2954,1567.8235,1517.5590,1546.4343,1536.5192,4759037
2008-11-21,1531.4619,1548.5732,1479.0586,1496.1699,1486.5770,4940518
2008-11-24,1520.7675,1607.3934,1498.3088,1607.3934,1597.0874,4866258
2008-11-25,1581.7264,1628.7825,1558.1984,1572.1013,1562.0223,5547264
2008-11-26,1561.4067,1571.0319,1507.9340,1526.1147,1516.3303,5725088
2008-11-27,1532.5314,1537.8787,1500.4478,1528.2535,1518.4550,2792360
2008-11-28,1546.4343,1604.1851,1530.3925,1596.6989,1586.4619,4298713
2008-12-01,1593.4904,1598.8376,1516.4895,1526.1147,1516.3303,3757022
2008-12-02,1510.0728,1572.1013,1503.6561,1569.9624,1559.8960,3659229
2008-12-03,1562.4762,1603.1155,1527.1841,1590.2821,1580.0859,3020522
2008-12-04,1596.6989,1654.4495,1563.5457,1598.8376,1588.5868,4328298
2008-12-05,1603.1155,1610.6017,1546.4343,1562.4762,1552.4586,4219332
2008-12-08,1636.2687,1665.1440,1593.4904,1652.3105,1641.7168,4089288
2008-12-09,1630.9214,1674.7690,1604.1851,1651.2411,1640.6542,3198268
2008-12-10,1645.8938,1653.3800,1580.6569,1595.6293,1585.3984,4599043
2008-12-11,1587.0737,1589.2126,1529.3230,1554.9900,1545.0205,6067592
2008-12-12,1497.2393,1574.2402,1488.6837,1560.3373,1550.3324,3358228
2008-12-15,1579.5875,1579.5875,1527.1841,1542.1565,1532.2687,2838026
2008-12-16,1550.7122,1580.6569,1535.7397,1569.9624,1559.8960,3368177
2008-12-17,1584.9348,1612.7406,1564.6151,1609.5323,1599.2126,4739570
2008-12-18,1604.1851,1674.7690,1597.7683,1664.0746,1653.4050,4322981
2008-12-19,1655.5189,1706.8528,1623.4352,1695.0887,1684.2207,4929974
2008-12-22,1668.3524,1692.9500,1646.9633,1652.3105,1641.7168,2321733
2008-12-23,1665.1440,1685.4637,1651.2411,1653.3800,1642.7792,2498463
2008-12-24,1636.2687,1663.0051,1606.3239,1658.7273,1648.0919,512226
2008-12-29,1674.7690,1706.8528,1649.1022,1670.4913,1659.7809,2041647
2008-12-30,1687.6025,1691.8804,1654.4495,1688.6721,1677.8455,2368982
2008-12-31,1700.4362,1710.0612,1684.3942,1688.6721,1677.8455,687560
2009-01-02,1689.7415,1733.5894,1646.9633,1733.5894,1722.4746,1120863
2009-01-05,1751.7700,1751.7700,1677.9775,1710.0612,1699.0970,2303923
2009-01-06,1708.9918,1731.4503,1679.0470,1713.2697,1702.2852,4073444
2009-01-07,1706.8528,1711.1307,1651.2411,1667.2830,1656.5930,3833764
2009-01-08,1669.4219,1695.0887,1636.2687,1691.8804,1681.0327,2594555
2009-01-09,1680.1165,1703.6445,1643.7549,1666.2135,1655.5305,3013236
2009-01-12,1670.4913,1697.2277,1641.6160,1652.3105,1641.7168,3524504
2009-01-13,1652.3105,1704.7139,1644.8243,1703.6445,1692.7214,3830035
2009-01-14,1727.1725,1727.1725,1629.8521,1651.2411,1640.6542,4459119
2009-01-15,1653.3800,1687.6025,1640.5465,1661.9357,1651.2808,2977099
2009-01-16,1695.0887,1719.6863,1673.6997,1676.9081,1666.1566,2694959
2009-01-19,1721.8252,1748.5616,1694.0194,1719.6863,1708.6602,2649029
2009-01-20,1750.7006,1781.7148,1703.6445,1764.6035,1753.2896,5062967
2009-01-21,1765.6730,1804.1733,1752.8395,1784.9232,1773.4792,6238284
2009-01-22,1791.3398,1794.5483,1717.5474,1748.5616,1737.3508,4704748
2009-01-23,1735.7281,1745.3533,1682.2552,1720.7559,1709.7231,4128328
2009-01-26,1714.3390,1742.1449,1688.6721,1725.0336,1713.9736,3736834
2009-01-27,1721.8252,1727.1725,1688.6721,1723.9641,1712.9104,2829655
2009-01-28,1737.8671,1761.3951,1699.3666,1714.3390,1703.3469,3550538
2009-01-29,1721.8252,1726.1031,1686.5332,1695.0887,1684.2207,2304829
2009-01-30,1689.7415,1758.1868,1624.5048,1636.2687,1625.7773,4952524
2009-02-02,1634.1298,1634.1298,1592.4210,1607.3934,1597.0874,4256158
2009-02-03,1611.6711,1655.5189,1602.0461,1651.2411,1640.6542,2886939
2009-02-04,1659.7968,1659.7968,1584.9348,1586.0042,1575.8357,4705313
2009-02-05,1488.6837,1511.1423,1456.6000,1492.9615,1483.3896,12531247
2009-02-06,1502.5865,1507.9340,1464.0862,1485.4753,1475.9515,6167785
2009-02-09,1495.1003,1512.2117,1480.1281,1501.5172,1491.8901,4527030
2009-02-10,1489.7531,1531.4619,1475.8502,1503.6561,1494.0153,4527012
2009-02-11,1502.5865,1556.0594,1499.3782,1550.7122,1540.7705,3851891
2009-02-12,1543.2260,1544.2954,1502.5865,1522.9062,1513.1417,4106622
2009-02-13,1527.1841,1541.0872,1500.4478,1512.2117,1502.5164,2743464
2009-02-16,1507.9340,1536.8092,1503.6561,1523.9757,1514.2047,1319613
2009-02-17,1500.4478,1512.2117,1471.5724,1471.5724,1462.1367,5879128
2009-02-18,1474.7806,1488.6837,1451.2527,1458.7389,1449.3857,5170523
2009-02-19,1465.1556,1495.1003,1461.9473,1476.9196,1467.4498,4130581
2009-02-20,1465.1556,1476.9196,1453.3916,1456.6000,1447.2611,4621210
2009-02-23,1469.4335,1489.7531,1444.8359,1446.9749,1437.6975,4957504
2009-02-24,1446.9749,1458.7389,1429.8636,1445.9054,1436.6351,2872447
2009-02-25,1454.4611,1473.7113,1438.4192,1470.5029,1461.0750,3710247
2009-02-26,1477.9891,1485.4753,1440.5581,1448.0443,1438.7600,3136029
2009-02-27,1440.5581,1464.0862,1413.8217,1463.0167,1453.6366,3100884
2009-03-02,1422.3774,1449.1138,1422.3774,1427.7246,1418.5710,3012521
2009-03-03,1423.4468,1430.9330,1365.6962,1366.7656,1358.0024,4308796
2009-03-04,1371.0435,1405.2660,1351.7932,1404.1967,1395.1935,4067088
2009-03-05,1394.5715,1402.0577,1364.6267,1364.6267,1355.8774,3457552
2009-03-06,1371.0435,1380.6685,1347.5154,1353.9321,1345.2518,3155515
2009-03-09,1366.7656,1366.7656,1320.7791,1341.0986,1332.5000,3475326
2009-03-10,1340.0292,1390.2937,1323.9873,1383.8770,1375.0044,4528290
2009-03-11,1387.0853,1402.0577,1367.8351,1379.5991,1370.7538,2912052
2009-03-12,1381.7380,1407.4050,1362.4878,1400.9882,1392.0060,2294115
2009-03-13,1402.0577,1418.0995,1373.1823,1381.7380,1372.8785,3697541
2009-03-16,1410.6133,1425.5857,1399.9188,1413.8217,1404.7571,2653747
2009-03-17,1414.8912,1414.8912,1381.7380,1396.7104,1387.7555,3035618
2009-03-18,1404.1967,1419.1689,1375.3213,1387.0853,1378.1913,2211060
2009-03-19,1398.8492,1409.5439,1321.8484,1332.5430,1323.9991,7116928
2009-03-20,1338.9597,1347.5154,1311.1539,1315.4316,1306.9971,6969645
2009-03-23,1325.0568,1341.0986,1314.3622,1331.4735,1322.9366,5153213
2009-03-24,1331.4735,1368.9045,1326.1263,1359.2794,1350.5643,6566682
2009-03-25,1360.3489,1414.8912,1360.3489,1407.4050,1398.3818,6026507
2009-03-26,1419.1689,1422.3774,1393.5020,1406.3354,1397.3187,3686992
2009-03-27,1411.6827,1428.7941,1386.0157,1390.2937,1381.3796,4031639
2009-03-30,1381.7380,1391.3632,1359.2794,1359.2794,1350.5643,2302576
2009-03-31,1362.4878,1414.8912,1359.2794,1409.5439,1400.5071,3524254
2009-04-01,1435.2108,1435.2108,1375.3213,1413.8217,1404.7571,2966381
2009-04-02,1420.2384,1442.6970,1411.6827,1424.5164,1415.3828,4188538
2009-04-03,1430.9330,1440.5581,1399.9188,1420.2384,1411.1326,6015991
2009-04-06,1433.0719,1434.1414,1380.6685,1395.6409,1386.6930,2874590
2009-04-07,1388.1547,1453.3916,1388.1547,1440.5581,1431.3213,3671873
2009-04-08,1413.8217,1440.5581,1409.5439,1423.4468,1414.3206,2543252
2009-04-09,1422.3774,1427.7246,1386.0157,1392.4326,1383.5052,3220433
2009-04-14,1389.2242,1390.2937,1344.3070,1360.3489,1351.6271,4826601
2009-04-15,1359.2794,1400.9882,1352.8627,1398.8492,1389.8804,4038976
2009-04-16,1407.4050,1409.5439,1362.4878,1396.7104,1387.7555,3985200
2009-04-17,1396.7104,1411.6827,1371.0435,1379.5991,1370.7538,4213561
2009-04-20,1372.1129,1391.3632,1372.1129,1384.9464,1376.0668,3206654
2009-04-21,1392.4326,1409.5439,1360.3489,1383.8770,1375.0044,3116163
2009-04-22,1376.3907,1381.7380,1332.5430,1356.0710,1347.3763,5298256
2009-04-23,1358.2100,1376.3907,1348.5848,1357.1405,1348.4390,3193006
2009-04-24,1361.4183,1393.5020,1357.1405,1375.3213,1366.5034,3269315
2009-04-27,1350.7238,1393.5020,1350.7238,1387.0853,1378.1913,2457856
2009-04-28,1379.5991,1409.5439,1364.6267,1402.0577,1393.0681,3174908
2009-04-29,1412.7522,1449.1138,1399.9188,1441.6276,1432.3842,3016973
2009-04-30,1439.4886,1458.7389,1400.9882,1418.0995,1409.0077,3232599
2009-05-01,1424.5164,1443.7665,1406.3354,1418.0995,1409.0077,1455103
2009-05-05,1452.3221,1454.4611,1365.6962,1391.3632,1382.4419,7295916
2009-05-06,1391.3632,1426.6552,1388.1547,1405.2660,1396.2560,8111490
2009-05-07,1470.5029,1566.7540,1463.0167,1543.2260,1533.3312,10090053
2009-05-08,1562.4762,1567.8235,1527.1841,1536.8092,1526.9562,3677903
2009-05-11,1544.2954,1575.3097,1523.9757,1571.0319,1560.9592,4364513
2009-05-12,1572.1013,1583.8654,1543.2260,1573.1708,1563.0844,3486635
2009-05-13,1589.2126,1661.9357,1581.7264,1610.6017,1600.2755,6786550
2009-05-14,1614.8796,1633.0603,1610.6017,1627.7130,1617.2769,4788954
2009-05-15,1625.5741,1634.1298,1594.5599,1610.6017,1600.2755,3710210
2009-05-18,1604.1851,1641.6160,1592.4210,1639.4771,1628.9653,3425943
2009-05-19,1638.4076,1640.5465,1595.6293,1618.0879,1607.7137,3756618
2009-05-20,1581.7264,1614.8796,1572.1013,1596.6989,1586.9052,3236386
2009-05-21,1584.9348,1603.1155,1573.1708,1587.0737,1577.3395,3297320
2009-05-22,1593.4904,1600.9766,1572.1013,1592.4210,1582.6534,2602332
2009-05-26,1598.8376,1605.2545,1559.2678,1604.1851,1594.3450,2154630
2009-05-27,1603.1155,1614.8796,1578.5179,1592.4210,1582.6534,3533882
2009-05-28,1577.4486,1578.5179,1534.6703,1564.6151,1555.0178,5005729
2009-05-29,1589.2126,1596.6989,1549.6427,1550.7122,1541.2006,3724477
2009-06-01,1576.3792,1594.5599,1562.4762,1572.1013,1562.4585,2846470
2009-06-02,1564.6151,1592.4210,1546.4343,1590.2821,1580.5281,3458250
2009-06-03,1587.0737,1595.6293,1576.3792,1584.9348,1575.2126,2640490
2009-06-04,1591.3514,1618.0879,1584.9348,1611.6711,1601.7855,9531783
2009-06-05,1618.0879,1637.3383,1599.9072,1617.0186,1607.1000,9117784
2009-06-08,1614.8796,1618.0879,1593.4904,1606.3239,1596.4711,1547537
2009-06-09,1600.9766,1609.5323,1579.5875,1590.2821,1580.5281,1969145
2009-06-10,1597.7683,1630.9214,1597.7683,1603.1155,1593.2819,2479875
2009-06-11,1595.6293,1614.8796,1592.4210,1606.3239,1596.4711,1910872
2009-06-12,1594.5599,1607.3934,1571.0319,1580.6569,1570.9614,2121718
2009-06-15,1569.9624,1580.6569,1546.4343,1566.7540,1557.1442,1825537
2009-06-16,1574.2402,1598.8376,1571.0319,1579.5875,1569.8988,3048302
2009-06-17,1558.1984,1575.3097,1551.7816,1561.4067,1551.8291,3356539
2009-06-18,1566.7540,1593.4904,1551.7816,1586.0042,1576.2760,4075667
2009-06-19,1581.7264,1600.9766,1565.6846,1594.5599,1584.7791,6008280
2009-06-22,1593.4904,1597.7683,1565.6846,1577.4486,1567.7726,2632405
2009-06-23,1578.5179,1596.6989,1571.0319,1591.3514,1581.5905,2461959
2009-06-24,1583.8654,1583.8654,1553.9205,1562.4762,1552.8923,5401668
2009-06-25,1557.1289,1573.1708,1543.2260,1558.1984,1548.6407,3612972
2009-06-26,1559.2678,1575.3097,1548.5732,1553.9205,1544.3883,2103896
2009-06-29,1553.9205,1563.5457,1544.2954,1558.1984,1548.6407,3176234
2009-06-30,1558.1984,1558.1984,1518.6285,1522.9062,1513.5647,4469308
2009-07-01,1526.1147,1568.8929,1525.0452,1567.8235,1558.2057,2681428
2009-07-02,1561.4067,1572.1013,1531.4619,1545.3649,1535.8857,3681219
2009-07-03,1543.2260,1550.7122,1520.7675,1528.2535,1518.8795,1920056
2009-07-06,1526.1147,1561.4067,1517.5590,1554.9900,1545.4521,2488772
2009-07-07,1565.6846,1578.5179,1554.9900,1560.3373,1550.7660,2198121
2009-07-08,1558.1984,1565.6846,1543.2260,1556.0594,1546.5149,2116192
2009-07-09,1556.0594,1563.5457,1535.7397,1541.0872,1531.6348,1820623
2009-07-10,1530.3925,1544.2954,1522.9062,1526.1147,1516.7539,2293592
2009-07-13,1525.0452,1557.1289,1520.7675,1553.9205,1544.3883,1636704
2009-07-14,1565.6846,1573.1708,1538.9481,1546.4343,1536.9486,2046126
2009-07-15,1562.4762,1591.3514,1557.1289,1591.3514,1581.5905,2205751
2009-07-16,1591.3514,1620.2268,1582.7959,1606.3239,1596.4711,2324370
2009-07-17,1619.1573,1627.7130,1602.0461,1622.3658,1612.4143,3064005
2009-07-20,1631.9908,1635.1992,1604.1851,1621.2963,1611.3517,1502013
2009-07-21,1621.2963,1666.2135,1617.0186,1652.3105,1642.1758,2437320
2009-07-22,1658.7273,1664.0746,1639.4771,1655.5189,1645.3644,3475482
2009-07-23,1652.3105,1657.6578,1620.2268,1655.5189,1645.3644,3816106
2009-07-24,1649.1022,1653.3800,1626.6436,1645.8938,1635.7985,2164830
2009-07-27,1654.4495,1657.6578,1626.6436,1648.0327,1637.9241,1312782
2009-07-28,1653.3800,1661.9357,1643.7549,1648.0327,1637.9241,1192786
2009-07-29,1653.3800,1679.0470,1640.5465,1670.4913,1660.2445,1803592
2009-07-30,1685.4637,1712.2001,1666.2135,1700.4362,1690.0061,3103809
2009-07-31,1686.5332,1708.9918,1677.9775,1689.7415,1679.3767,1660913
2009-08-03,1688.6721,1697.2277,1658.7273,1669.4219,1659.1816,1764869
2009-08-04,1655.5189,1691.8804,1629.8521,1653.3800,1643.2388,2647019
2009-08-05,1643.7549,1659.7968,1630.9214,1652.3105,1642.1758,3373427
2009-08-06,1710.0612,1779.5759,1707.9222,1742.1449,1731.4587,6591182
2009-08-07,1730.3809,1744.2838,1707.9222,1730.3809,1719.7675,3191801
2009-08-10,1715.4084,1715.4084,1689.7415,1705.7834,1695.3204,2345543
2009-08-11,1702.5750,1725.0336,1698.2972,1711.1307,1700.6351,2171928
2009-08-12,1706.8528,1759.2562,1699.3666,1757.1173,1746.3391,3556640
2009-08-13,1754.9784,1763.5341,1736.7976,1750.7006,1739.9615,3644294
2009-08-14,1744.2838,1775.2981,1737.8671,1763.5341,1752.7167,3425063
2009-08-17,1756.0479,1762.4646,1714.3390,1734.6587,1724.0193,459982
2009-08-18,1734.6587,1746.4227,1713.2697,1732.5198,1721.8922,3119054
2009-08-19,1734.6587,1754.9784,1719.6863,1748.5616,1737.8365,1485925
2009-08-20,1758.1868,1773.1592,1744.2838,1763.5341,1752.7167,1623233
2009-08-21,1756.0479,1803.1039,1756.0479,1795.6177,1784.6040,3077068
2009-08-24,1807.3818,1807.3818,1769.9508,1780.6454,1769.7239,1284674
2009-08-25,1768.8813,1798.8260,1768.8813,1785.9926,1775.0376,1425533
2009-08-26,1779.5759,1799.8956,1776.3676,1787.0621,1776.1003,1506696
2009-08-27,1779.5759,1799.8956,1774.2286,1777.4370,1766.5341,2366158
2009-08-28,1778.5063,1807.3818,1775.2981,1796.6873,1785.6669,3874975
2009-09-01,1788.1315,1805.2429,1774.2286,1782.7843,1771.8486,2746481
2009-09-02,1785.9926,1794.5483,1767.8119,1781.7148,1770.7860,2853313
2009-09-03,1781.7148,1783.8538,1730.3809,1742.1449,1731.4587,4680245
2009-09-04,1753.9089,1753.9089,1726.1031,1734.6587,1724.0193,2315347
2009-09-07,1757.1173,1793.4788,1757.1173,1772.0897,1761.2198,1489397
2009-09-08,1769.9508,1783.8538,1753.9089,1764.6035,1753.7799,2294063
2009-09-09,1754.9784,1766.7424,1748.5616,1753.9089,1743.1508,2084620
2009-09-10,1763.5341,1768.8813,1728.2419,1737.8671,1727.2072,2024542
2009-09-11,1744.2838,1744.2838,1721.8252,1733.5894,1722.9553,2572847
2009-09-14,1728.2419,1763.5341,1727.1725,1759.2562,1748.4655,1934455
2009-09-15,1761.3951,1778.5063,1741.0754,1768.8813,1758.0312,2172864
2009-09-16,1766.7424,1780.6454,1756.0479,1773.1592,1762.2830,2148898
2009-09-17,1778.5063,1795.6177,1769.9508,1788.1315,1777.1631,2473368
2009-09-18,1802.0345,1834.1182,1799.8956,1823.4236,1812.2389,6814839
2009-09-21,1831.9792,1841.6044,1811.6595,1836.2571,1824.9934,1715646
2009-09-22,1836.2571,1861.9241,1821.2847,1821.2847,1810.1138,2140064
2009-09-23,1823.4236,1842.6738,1819.1458,1842.6738,1831.3713,2056950
2009-09-24,1843.7433,1873.6881,1831.9792,1856.5768,1845.1891,3327433
2009-09-25,1862.9935,1873.6881,1850.1600,1855.5073,1844.1260,2913891
2009-09-28,1853.3684,1883.3132,1836.2571,1876.8965,1865.3838,1437347
2009-09-29,1886.5216,1901.4940,1865.1324,1895.0771,1883.4536,2415787
2009-09-30,1888.6605,1904.7023,1882.2437,1901.4940,1889.8306,3428541
2009-10-01,1919.6747,1930.3693,1887.5909,1895.0771,1883.4536,3288054
2009-10-02,1891.8688,1917.5358,1885.4521,1896.1467,1884.5162,5019920
2009-10-05,1901.4940,1904.7023,1862.9935,1882.2437,1870.6979,2339818
2009-10-06,1877.9659,1906.8412,1860.8546,1892.9384,1881.3273,1928014
2009-10-07,1901.4940,1908.9802,1890.7994,1891.8688,1880.2642,1885328
2009-10-08,1903.6329,1908.9802,1875.8270,1891.8688,1880.2642,2038764
2009-10-09,1888.6605,1949.6195,1882.2437,1942.1333,1930.2205,3441680
2009-10-12,1946.4111,2007.3702,1946.4111,1995.6061,1983.3651,3814298
2009-10-13,1984.9116,2004.1617,1980.6338,1990.2589,1978.0509,3009240
2009-10-14,2006.3007,2006.3007,1969.9392,1972.0781,1959.9821,5911900
2009-10-15,1972.0781,1980.6338,1951.7584,1952.8279,1940.8494,3302851
2009-10-16,1943.2028,1964.5919,1939.9944,1943.2028,1931.2828,3470153
2009-10-19,1963.5225,2003.0923,1962.4530,2002.0229,1989.7426,2116999
2009-10-20,1999.8840,2018.0647,1984.9116,1990.2589,1978.0509,2291133
2009-10-21,1998.8145,2008.4396,1973.1476,1988.1199,1975.9252,2581613
2009-10-22,1965.6614,1985.9810,1953.8973,1968.8698,1956.7927,2182633
2009-10-23,1979.5643,2030.8982,1979.5643,1995.6061,1983.3651,2821247
2009-10-26,2003.0923,2022.3427,1954.9668,1957.1057,1945.1013,3285701
2009-10-27,1965.6614,1984.9116,1949.6195,1958.1752,1946.1643,3398806
2009-10-28,1958.1752,1968.8698,1931.4387,1939.9944,1928.0950,3373100
2009-10-29,1946.4111,1994.5367,1933.5778,1977.4254,1965.2963,4039656
2009-10-30,1976.3560,1989.1895,1946.4111,1956.0363,1944.0383,4305610
2009-11-02,1956.0363,1991.3282,1948.5500,1972.0781,1959.9821,2758888
2009-11-03,1954.9668,1968.8698,1914.3274,1939.9944,1928.0950,4106490
2009-11-04,1931.4387,1960.3141,1931.4387,1956.0363,1944.0383,3492190
2009-11-05,1951.7584,1952.8279,1876.8965,1918.6053,1906.8370,6416622
2009-11-06,1911.1191,1920.7441,1894.0078,1919.6747,1907.8992,2364412
2009-11-09,1929.2998,1939.9944,1915.3969,1938.9249,1927.0321,2260332
2009-11-10,1948.5500,1965.6614,1937.8555,1956.0363,1944.0383,2179044
2009-11-11,1966.7308,1990.2589,1954.9668,1962.4530,1950.4158,2412749
2009-11-12,1967.8003,1967.8003,1942.1333,1947.4806,1935.5348,2832796
2009-11-13,1952.8279,1952.8279,1926.0916,1934.6471,1922.7804,1744318
2009-11-16,1949.6195,1966.7308,1942.1333,1960.3141,1948.2899,1597666
2009-11-17,1962.4530,1983.8420,1954.9668,1966.7308,1954.6677,2125798
2009-11-18,1956.0363,1960.3141,1922.8831,1922.8831,1911.3529,2358278
2009-11-19,1918.6053,1923.9525,1890.7994,1898.2856,1886.9031,3282684
2009-11-20,1910.0496,1934.6471,1903.6329,1911.1191,1899.6595,3656657
2009-11-23,1926.0916,1954.9668,1923.9525,1944.2722,1932.6141,2110960
2009-11-24,1939.9944,1966.7308,1933.5778,1952.8279,1941.1182,2231872
2009-11-25,1963.5225,1964.5919,1919.6747,1942.1333,1930.4878,3171823
2009-11-26,1942.1333,1944.2722,1899.3550,1899.3550,1887.9664,2083359
2009-11-27,1876.8965,1932.5082,1875.8270,1916.4664,1904.9747,1991843
2009-11-30,1929.2998,1930.3693,1903.6329,1907.9106,1896.4703,2291391
2009-12-01,1923.9525,1950.6890,1923.9525,1947.4806,1935.8030,2144362
2009-12-02,1952.8279,1987.0505,1945.3417,1969.9392,1958.1270,2655642
2009-12-03,1984.9116,2009.5092,1980.6338,1983.8420,1971.9463,3604603
2009-12-04,1974.2170,2005.2313,1952.8279,1989.1895,1977.2622,2614202
2009-12-07,1978.4948,2005.2313,1967.8003,1993.4672,1981.5144,1585008
2009-12-08,1988.1199,2020.2037,1945.3417,1957.1057,1945.3707,1635433
2009-12-09,1960.3141,1977.4254,1946.4111,1959.2446,1947.4968,1588335
2009-12-10,1954.9668,1992.3978,1942.1333,1992.3978,1980.4507,2325016
2009-12-11,1984.9116,2033.0371,1982.7727,2008.4396,1996.3969,2358138
2009-12-14,2025.5509,2037.3149,2008.4396,2021.2731,2009.1528,2061691
2009-12-15,2029.8289,2043.7317,2026.6204,2031.9677,2019.7833,2503817
2009-12-16,2036.2455,2059.7734,2029.8289,2057.6345,2045.2970,3420764
2009-12-17,2046.9401,2056.5652,2030.8982,2042.6622,2030.4142,3028231
2009-12-18,2044.8011,2064.0515,2037.3149,2058.7041,2046.3602,6535971
2009-12-21,2054.4263,2087.5793,2048.0095,2085.4404,2072.9365,1818093
2009-12-22,2084.3711,2139.9829,2080.0933,2128.2188,2115.4585,1817784
2009-12-23,2138.9133,2142.1216,2113.2463,2134.6355,2121.8362,1790255
2009-12-24,2122.8716,2144.2605,2120.7327,2131.4270,2118.6470,459077
2009-12-29,2147.4690,2164.5803,2130.3577,2154.9551,2142.0339,887959
2009-12-30,2153.8857,2160.3025,2123.9409,2129.2881,2116.5205,1292076
2009-12-31,2137.8440,2145.3301,2120.7327,2132.4966,2119.7097,367691
2010-01-04,2125.0105,2145.3301,2118.5938,2134.6355,2121.8362,1649773
2010-01-05,2128.2188,2135.7051,2076.8850,2088.6489,2076.1243,2154892
2010-01-06,2077.9543,2090.7878,2069.3987,2090.7878,2078.2515,2519864
2010-01-07,2083.3015,2097.2046,2059.7734,2065.1208,2052.7378,2951063
2010-01-08,2075.8154,2083.3015,2050.1484,2070.4680,2058.0527,1771076
2010-01-11,2083.3015,2089.7183,2061.9126,2064.0515,2051.6748,1162472
2010-01-12,2067.2598,2072.6069,2044.8011,2062.9819,2050.6118,1307564
2010-01-13,2048.0095,2077.9543,2044.8011,2065.1208,2052.7378,2148012
2010-01-14,2079.0237,2090.7878,2065.1208,2080.0933,2067.6213,1867847
2010-01-15,2066.1902,2074.7458,2058.7041,2065.1208,2052.7378,3785292
2010-01-18,2069.3987,2081.1626,2064.0515,2073.6765,2061.2424,1037492
2010-01-19,2064.0515,2115.3853,2058.7041,2108.9685,2096.3228,2568837
2010-01-20,2104.6907,2112.1770,2079.0237,2086.5100,2073.9980,2771611
2010-01-21,2095.0657,2115.3853,2071.5376,2074.7458,2062.3057,2100285
2010-01-22,2062.9819,2092.9268,2053.3567,2061.9126,2049.5496,2999554
2010-01-25,2045.8706,2060.8430,2040.5233,2043.7317,2031.4773,1812769
2010-01-26,2027.6898,2041.5928,2010.5785,2041.5928,2029.3513,2961294
2010-01-27,2028.7593,2029.8289,2008.4396,2026.6204,2014.4686,2751941
2010-01-28,2044.8011,2050.1484,2014.8564,2022.3427,2010.2166,2779332
2010-01-29,2030.8982,2053.3567,2023.4120,2042.6622,2030.4142,3505486
2010-02-01,2040.5233,2057.6345,2029.8289,2038.3844,2026.1617,1608306
2010-02-02,2041.5928,2075.8154,2024.4814,2069.3987,2056.9900,2371062
2010-02-03,2064.0515,2083.3015,2053.3567,2068.3291,2055.9268,2759423
2010-02-04,2031.9677,2041.5928,1973.1476,1996.6757,1984.7034,12255629
2010-02-05,1988.1199,1997.7451,1933.5778,1944.2722,1932.6141,5568044
2010-02-08,1952.8279,1977.4254,1947.4806,1972.0781,1960.2532,2022001
2010-02-09,1981.7032,1985.9810,1943.2028,1968.8698,1957.0642,3140314
2010-02-10,1973.1476,1998.8145,1961.3835,1984.9116,1973.2015,3704970
2010-02-11,1995.6061,2013.7869,1969.9392,1982.7727,1971.0758,3191000
2010-02-12,1984.9116,2022.3427,1982.7727,1996.6757,1984.8967,3184820
2010-02-15,2006.3007,2012.7175,1975.2865,1980.6338,1968.9498,1641652
2010-02-16,1991.3282,1997.7451,1976.3560,1997.7451,1985.9598,2028717
2010-02-17,2008.4396,2020.2037,1997.7451,2010.5785,1998.7169,3053106
2010-02-18,1999.8840,2029.8289,1993.4672,2027.6898,2015.7279,1584320
2010-02-19,2023.4120,2082.2322,2021.2731,2082.2322,2069.9485,5433324
2010-02-22,2082.2322,2082.2322,2057.6345,2064.0515,2051.8748,1879445
2010-02-23,2070.4680,2082.2322,2053.3567,2062.9819,2050.8118,1991744
2010-02-24,2068.3291,2080.0933,2055.4956,2071.5376,2059.3181,1834012
2010-02-25,2060.8430,2064.0515,2039.4539,2049.0791,2036.9908,1802626
2010-02-26,2060.8430,2069.3987,2044.8011,2057.6345,2045.4962,2725761
2010-03-01,2077.9543,2120.7327,2072.6069,2107.8992,2095.4636,3424824
2010-03-02,2119.6631,2133.5662,2111.1074,2126.0798,2113.5376,2446337
2010-03-03,2117.5242,2133.5662,2111.1074,2127.1494,2114.6008,1671315
2010-03-04,2114.3159,2131.4270,2110.0381,2126.0798,2113.5376,1065662
2010-03-05,2129.2881,2142.1216,2106.8296,2135.7051,2123.1052,1930139
2010-03-08,2142.1216,2146.3994,2116.4548,2119.6631,2107.1575,2777146
2010-03-09,2126.0798,2136.7744,2119.6631,2128.2188,2115.6641,2467649
2010-03-10,2123.9409,2139.9829,2115.3853,2121.8020,2109.2837,3160877
2010-03-11,2117.5242,2125.0105,2103.6213,2111.1074,2098.6538,2065995
2010-03-12,2110.0381,2125.0105,2091.8572,2093.9961,2081.6431,2445465
2010-03-15,2098.2739,2107.8992,2075.8154,2082.2322,2069.9485,3033257
2010-03-16,2089.7183,2103.6213,2085.4404,2091.8572,2079.5161,3265053
2010-03-17,2105.7603,2105.7603,2072.6069,2077.9543,2065.6951,3041905
2010-03-18,2064.0515,2083.3015,2064.0515,2079.0237,2066.7583,2771590
2010-03-19,2090.7878,2092.9268,2070.4680,2080.0933,2067.8228,4642446
2010-03-22,2076.8850,2082.2322,2048.0095,2074.7458,2062.5068,1806249
2010-03-23,2064.0515,2070.4680,2041.5928,2041.5928,2029.5490,3640559
2010-03-24,2046.9401,2058.7041,2037.3149,2046.9401,2034.8639,3505747
2010-03-25,2039.4539,2068.3291,2039.4539,2064.0515,2051.8748,2084059
2010-03-26,2050.1484,2059.7734,2029.8289,2030.8982,2018.9175,2296246
2010-03-29,2029.8289,2038.3844,2015.9258,2028.7593,2016.7909,2264854
2010-03-30,2031.9677,2057.6345,2029.8289,2044.8011,2032.7384,3039742
2010-03-31,2062.9819,2098.2739,2059.7734,2069.3987,2057.1899,5292060
2010-04-01,2074.7458,2114.3159,2071.5376,2112.1770,2099.7173,2685093
2010-04-06,2102.5518,2128.2188,2084.3711,2092.9268,2080.5803,2266629
2010-04-07,2096.1350,2108.9685,2084.3711,2102.5518,2090.1477,2693559
2010-04-08,2095.0657,2102.5518,2087.5793,2096.1350,2083.7700,2462224
2010-04-09,2103.6213,2110.0381,2085.4404,2092.9268,2080.5803,1636132
2010-04-12,2105.7603,2116.4548,2089.7183,2097.2046,2084.8318,1320327
2010-04-13,2091.8572,2102.5518,2083.3015,2085.4404,2073.1384,1450544
2010-04-14,2098.2739,2114.3159,2084.3711,2088.6489,2076.3262,1813889
2010-04-15,2084.3711,2086.5100,2058.7041,2074.7458,2062.5068,3745043
2010-04-16,2070.4680,2095.0657,2058.7041,2061.9126,2049.7485,2804402
2010-04-19,2068.3291,2076.8850,2044.8011,2055.4956,2043.3701,1705193
2010-04-20,2068.3291,2074.7458,2039.4539,2065.1208,2052.9377,3151353
2010-04-21,2068.3291,2079.0237,2054.4263,2074.7458,2062.5068,2255940
2010-04-22,2073.6765,2120.7327,2072.6069,2097.2046,2084.8318,3408405
2010-04-23,2101.4824,2118.5938,2086.5100,2106.8296,2094.4006,2402055
2010-04-26,2108.9685,2120.7327,2101.4824,2113.2463,2100.7791,1686098
2010-04-27,2113.2463,2134.6355,2082.2322,2082.2322,2069.9485,3550169
2010-04-28,2064.0515,2083.3015,2037.3149,2049.0791,2036.9908,2833620
2010-04-29,2090.7878,2142.1216,2074.7458,2117.5242,2105.0322,5744580
2010-04-30,2110.0381,2132.4966,2095.0657,2111.1074,2098.6538,3671551
2010-05-04,2103.6213,2133.5662,2074.7458,2080.0933,2067.8228,2770153
2010-05-05,2069.3987,2084.3711,2026.6204,2039.4539,2027.4222,3802356
2010-05-06,2016.9952,2054.4263,2007.3702,2038.3844,2026.3593,3435004
2010-05-07,2002.0229,2031.9677,1934.6471,1972.0781,1960.4441,4905677
2010-05-10,2031.9677,2048.0095,1991.3282,2048.0095,2035.9279,3485468
2010-05-11,2036.2455,2046.9401,2011.6479,2044.8011,2032.7384,3777907
2010-05-12,2014.8564,2036.2455,1992.3978,2024.4814,2012.7383,2324731
2010-05-13,2031.9677,2058.7041,2022.3427,2050.1484,2038.2559,1542736
2010-05-14,2049.0791,2062.9819,2007.3702,2014.8564,2003.1691,2905458
2010-05-17,1996.6757,2025.5509,1987.0505,2015.9258,2004.2321,2531197
2010-05-18,2028.7593,2034.1066,2011.6479,2025.5509,2013.8011,2205815
2010-05-19,1990.2589,2029.8289,1983.8420,2008.4396,1996.7892,3611935
2010-05-20,2022.3427,2031.9677,1965.6614,1989.1895,1977.6510,2923042
2010-05-21,1988.1199,1996.6757,1939.9944,1971.0085,1959.5752,6389344
2010-05-24,1969.9392,1981.7032,1954.9668,1967.8003,1956.3856,2073818
2010-05-25,1925.0220,1946.4111,1911.1191,1920.7441,1909.6027,3499348
2010-05-26,1930.3693,1946.4111,1915.3969,1920.7441,1909.6027,3299344
2010-05-27,1927.1609,1965.6614,1919.6747,1965.6614,1954.2590,2304421
2010-05-28,1993.4672,2012.7175,1984.9116,1997.7451,1986.1566,3793768
2010-06-01,1996.6757,2002.0229,1959.2446,1990.2589,1978.7145,3128898
2010-06-02,1972.0781,2012.7175,1966.7308,2007.3702,1995.7262,2773400
2010-06-03,2026.6204,2042.6622,2010.5785,2018.0647,2006.3585,1576307
2010-06-04,2018.0647,2029.8289,1975.2865,1995.6061,1984.0300,2445662
2010-06-07,1951.7584,1983.8420,1945.3417,1978.4948,1967.0181,1903079
2010-06-08,1976.3560,2002.0229,1972.0781,1996.6757,1985.0934,2380190
2010-06-09,2007.3702,2025.5509,1979.5643,2023.4120,2011.6746,1482813
2010-06-10,2021.2731,2052.2874,2005.2313,2039.4539,2027.6235,2239162
2010-06-11,2046.9401,2046.9401,2010.5785,2029.8289,2018.0543,1920181
2010-06-14,2048.0095,2064.0515,2038.3844,2059.7734,2047.8253,1963917
2010-06-15,2041.5928,2076.8850,2036.2455,2057.6345,2045.6990,1875110
2010-06-16,2069.3987,2074.7458,2038.3844,2046.9401,2035.0660,2514105
2010-06-17,2040.5233,2046.9401,2026.6204,2040.5233,2028.6866,2305508
2010-06-18,2042.6622,2052.2874,2020.2037,2029.8289,2018.0543,3139396
2010-06-21,2057.6345,2073.6765,2029.8289,2042.6622,2030.8135,2119967
2010-06-22,2028.7593,2057.6345,2028.7593,2033.0371,2021.2441,2081653
2010-06-23,2028.7593,2034.1066,1985.9810,1987.0505,1975.5238,1953444
2010-06-24,2002.0229,2006.3007,1951.7584,1956.0363,1944.6896,2192277
2010-06-25,1964.5919,1972.0781,1930.3693,1937.8555,1926.6146,1633850
2010-06-28,1942.1333,1950.6890,1921.8136,1946.4111,1935.1210,1935178
2010-06-29,1925.0220,1930.3693,1897.2161,1900.4246,1889.4008,2434969
2010-06-30,1910.0496,1934.6471,1895.0771,1926.0916,1914.9191,4027892
2010-07-01,1910.0496,1919.6747,1874.7574,1879.0354,1868.1359,2176319
2010-07-02,1887.5909,1887.5909,1858.7157,1862.9935,1852.1863,3115464
2010-07-05,1858.7157,1871.5492,1845.8822,1856.5768,1845.8074,2651629
2010-07-06,1857.6462,1911.1191,1857.6462,1911.1191,1900.0331,3046367
2010-07-07,1897.2161,1922.8831,1876.8965,1922.8831,1911.7284,2861578
2010-07-08,1932.5082,1953.8973,1916.4664,1953.8973,1942.5638,2051039
2010-07-09,1967.8003,1973.1476,1953.8973,1962.4530,1951.0697,1495700
2010-07-12,1968.8698,1980.6338,1961.3835,1972.0781,1960.6385,1233104
2010-07-13,1996.6757,2039.4539,1983.8420,2029.8289,2018.0543,2571434
2010-07-14,2038.3844,2039.4539,2014.8564,2035.1760,2023.3706,1572324
2010-07-15,2025.5509,2057.6345,2016.9952,2025.5509,2013.8011,1839333
2010-07-16,2023.4120,2048.0095,2007.3702,2012.7175,2001.0417,2086855
2010-07-19,2012.7175,2043.7317,2007.3702,2022.3427,2010.6115,1432016
2010-07-20,2025.5509,2031.9677,1989.1895,2009.5092,1997.8529,1931994
2010-07-21,2031.9677,2057.6345,2030.8982,2053.3567,2041.4457,2527296
2010-07-22,2044.8011,2088.6489,2037.3149,2084.3711,2072.2798,2685222
2010-07-23,2083.3015,2096.1350,2058.7041,2074.7458,2062.7109,2857463
2010-07-26,2084.3711,2087.5793,2050.1484,2061.9126,2049.9517,1983001
2010-07-27,2073.6765,2074.7458,1997.7451,1999.8840,1988.2834,2985516
2010-07-28,2009.5092,2016.9952,1973.1476,1994.5367,1982.9670,2392550
2010-07-29,1995.6061,2006.3007,1946.4111,1947.4806,1936.1838,4086833
2010-07-30,1934.6471,1956.0363,1923.9525,1936.7860,1925.5511,2739250
2010-08-02,1946.4111,1954.9668,1930.3693,1941.0638,1929.8044,2987062
2010-08-03,1943.2028,1952.8279,1912.1885,1927.1609,1915.9821,3927486
2010-08-04,1922.8831,1966.7308,1910.0496,1958.1752,1946.8168,2147316
2010-08-05,1914.3274,1928.2303,1850.1600,1856.5768,1845.8074,7167134
2010-08-06,1850.1600,1851.2295,1796.6873,1806.3123,1795.8341,6038011
2010-08-09,1829.8405,1842.6738,1819.1458,1835.1876,1824.5419,2971150
2010-08-10,1835.1876,1853.3684,1823.4236,1853.3684,1842.6172,3679747
2010-08-11,1824.4930,1848.0211,1796.6873,1825.5625,1815.1636,5731033
2010-08-12,1821.2847,1856.5768,1820.2152,1851.2295,1840.6840,3452394
2010-08-13,1858.7157,1858.7157,1813.7985,1823.4236,1813.0360,2774696
2010-08-16,1825.5625,1833.0487,1806.3123,1821.2847,1810.9097,1828510
2010-08-17,1825.5625,1848.0211,1823.4236,1843.7433,1833.2408,2578384
2010-08-18,1839.4655,1867.2712,1828.7709,1861.9241,1851.3176,2408944
2010-08-19,1869.4103,1875.8270,1815.9374,1817.0070,1806.6562,2290304
2010-08-20,1815.9374,1835.1876,1804.1733,1812.7291,1802.4033,2542362
2010-08-23,1811.6595,1822.3542,1803.1039,1815.9374,1805.5930,1351203
2010-08-24,1807.3818,1813.7985,1793.4788,1809.5208,1799.2130,2191127
2010-08-25,1805.2429,1811.6595,1777.4370,1805.2429,1794.9596,2385759
2010-08-26,1821.2847,1844.8127,1814.8680,1839.4655,1828.9873,3396878
2010-08-27,1838.3960,1846.9517,1823.4236,1846.9517,1836.4304,1778879
2010-08-31,1822.3542,1842.6738,1802.0345,1841.6044,1831.1133,2889330
2010-09-01,1846.9517,1879.0354,1831.9792,1879.0354,1868.3317,2054070
2010-09-02,1872.6187,1885.4521,1865.1324,1867.2712,1856.6340,2016957
2010-09-03,1870.4797,1884.3827,1856.5768,1862.9935,1852.3805,2193030
2010-09-06,1869.4103,1888.6605,1866.2019,1880.1049,1869.3949,962404
2010-09-07,1879.0354,1879.0354,1858.7157,1864.0630,1853.4440,1034006
2010-09-08,1858.7157,1882.2437,1841.6044,1873.6881,1863.0139,1345456
2010-09-09,1870.4797,1892.9384,1860.8546,1890.7994,1880.0282,1251915
2010-09-10,1882.2437,1901.4940,1882.2437,1900.4246,1889.5989,1031572
2010-09-13,1913.2581,1918.6053,1888.6605,1890.7994,1880.0282,1714314
2010-09-14,1892.9384,1912.1885,1884.3827,1908.9802,1898.1057,2382136
2010-09-15,1912.1885,1915.3969,1885.4521,1901.4940,1890.6624,1835392
2010-09-16,1904.7023,1907.9106,1891.8688,1899.3550,1888.5352,1535219
2010-09-17,1912.1885,1918.6053,1868.3408,1871.5492,1860.8883,4251509
2010-09-20,1884.3827,1929.2998,1880.1049,1928.2303,1917.2463,1664360
2010-09-21,1926.0916,1939.9944,1910.0496,1926.0916,1915.1194,1422467
2010-09-22,1938.9249,1945.3417,1907.9106,1926.0916,1915.1194,2465147
2010-09-23,1938.9249,1942.1333,1900.4246,1914.3274,1903.4227,2079742
2010-09-24,1905.7719,1932.5082,1904.7023,1917.5358,1906.6122,3131932
2010-09-27,1935.7166,1972.0781,1923.9525,1942.1333,1931.0702,3012933
2010-09-28,1939.9944,1968.8698,1915.3969,1962.4530,1951.2733,2478618
2010-09-29,1969.9392,1992.3978,1959.2446,1972.0781,1960.8440,3188288
2010-09-30,1952.8279,1993.4672,1936.7860,1968.8698,1957.6543,2823929
2010-10-01,1968.8698,1977.4254,1944.2722,1958.1752,1947.0203,1580562
2010-10-04,1954.9668,1965.6614,1936.7860,1950.6890,1939.5768,1514268
2010-10-05,1950.6890,1974.2170,1943.2028,1961.3835,1950.2098,3093101
2010-10-06,1968.8698,1990.2589,1959.2446,1973.1476,1961.9077,2740217
2010-10-07,1981.7032,1988.1199,1968.8698,1973.1476,1961.9077,1519690
2010-10-08,1975.2865,1981.7032,1921.8136,1939.9944,1928.9431,3255238
2010-10-11,1948.5500,1953.8973,1914.3274,1918.6053,1907.6757,2405277
2010-10-12,1910.0496,1928.2303,1880.1049,1922.8831,1911.9290,2734252
2010-10-13,1932.5082,1963.5225,1931.4387,1939.9944,1928.9431,3032190
2010-10-14,1946.4111,1962.4530,1944.2722,1951.7584,1940.6396,4628958
2010-10-15,1957.1057,1960.3141,1934.6471,1944.2722,1933.1965,2435183
2010-10-18,1936.7860,1948.5500,1925.0220,1939.9944,1928.9431,2248855
2010-10-19,1937.8555,1938.9249,1911.1191,1915.3969,1904.4860,3454014
2010-10-20,1908.9802,1933.5778,1908.9802,1925.0220,1914.0558,2534164
2010-10-21,1929.2998,1995.6061,1929.2998,1974.2170,1962.9707,5982447
2010-10-22,1968.8698,1976.3560,1953.8973,1967.8003,1956.5906,3622940
2010-10-25,1988.1199,2012.7175,1983.8420,1984.9116,1973.6042,2351081
2010-10-26,1976.3560,1987.0505,1934.6471,1937.8555,1926.8163,1988689
2010-10-27,1926.0916,1934.6471,1915.3969,1920.7441,1909.8029,3397282
2010-10-28,1930.3693,1947.4806,1915.3969,1920.7441,1909.8029,2783633
2010-10-29,1913.2581,1937.8555,1908.9802,1923.9525,1912.9926,2820825
2010-11-01,1928.2303,1942.1333,1915.3969,1929.2998,1918.3093,2366474
2010-11-02,1929.2998,1954.9668,1926.0916,1948.5500,1937.4498,2289407
2010-11-03,1956.0363,1959.2446,1931.4387,1935.7166,1924.6892,2112198
2010-11-04,2015.9258,2062.9819,2002.0229,2057.6345,2045.9133,5918893
2010-11-05,2053.3567,2079.0237,2036.2455,2045.8706,2034.2164,2586985
2010-11-08,2035.1760,2039.4539,2016.9952,2033.0371,2021.4557,1389659
2010-11-09,2035.1760,2035.1760,2021.2731,2028.7593,2017.2025,1578379
2010-11-10,2007.3702,2012.7175,1980.6338,1989.1895,1978.0573,2612635
2010-11-11,1991.3282,1993.4672,1978.4948,1980.6338,1969.5497,1667677
2010-11-12,1963.5225,1982.7727,1956.0363,1973.1476,1962.1057,1934948
2010-11-15,1963.5225,1993.4672,1963.5225,1981.7032,1970.6130,1662711
2010-11-16,1980.6338,1983.8420,1962.4530,1962.4530,1951.4703,1446237
2010-11-17,1957.1057,1983.8420,1951.7584,1976.3560,1965.2959,1628827
2010-11-18,1994.5367,2015.9258,1989.1895,2007.3702,1996.1366,1932226
2010-11-19,2009.5092,2020.2037,1996.6757,2014.8564,2003.5808,1472999
2010-11-22,2029.8289,2033.0371,1998.8145,2004.1617,1992.9462,1033357
2010-11-23,1987.0505,1996.6757,1950.6890,1952.8279,1941.8990,1841944
2010-11-24,1971.0085,1979.5643,1956.0363,1968.8698,1957.8517,1562184
2010-11-25,1966.7308,1977.4254,1954.9668,1971.0085,1959.9785,1126841
2010-11-26,1949.6195,1975.2865,1938.9249,1964.5919,1953.5979,1412350
2010-11-29,1979.5643,1981.7032,1919.6747,1919.6747,1908.9321,2247062
2010-11-30,1918.6053,1938.9249,1900.4246,1900.4246,1889.7893,3033948
2010-12-01,1911.1191,1936.7860,1897.2161,1931.4387,1920.6301,3276591
2010-12-02,1935.7166,1980.6338,1926.0916,1979.5643,1968.4863,2480366
2010-12-03,1969.9392,1996.6757,1963.5225,1983.8420,1972.7402,3262960
2010-12-06,1981.7032,1991.3282,1962.4530,1981.7032,1970.6130,1537246
2010-12-07,2016.9952,2070.4680,2005.2313,2038.3844,2026.9771,3768076
2010-12-08,2023.4120,2050.1484,2015.9258,2029.8289,2018.4700,2201198
2010-12-09,2043.7317,2044.8011,2013.7869,2039.4539,2028.0410,1581170
2010-12-10,2040.5233,2043.7317,2021.2731,2025.5509,2014.2156,1841689
2010-12-13,2034.1066,2066.1902,2026.6204,2052.2874,2040.8025,2079993
2010-12-14,2052.2874,2082.2322,2051.2180,2077.9543,2066.3252,1830264
2010-12-15,2064.0515,2097.2046,2064.0515,2089.7183,2078.0239,2311218
2010-12-16,2086.5100,2104.6907,2084.3711,2102.5518,2090.7852,2374888
2010-12-17,2113.2463,2119.6631,2097.2046,2108.9685,2097.1660,3573797
2010-12-20,2114.3159,2127.1494,2086.5100,2105.7603,2093.9763,1115754
2010-12-21,2114.3159,2119.6631,2096.1350,2119.6631,2107.8008,1183589
2010-12-22,2120.7327,2120.7327,2103.6213,2119.6631,2107.8008,1364144
2010-12-23,2119.6631,2128.2188,2111.1074,2126.0798,2114.1821,896275
2010-12-24,2118.5938,2135.7051,2118.5938,2132.4966,2120.5623,182692
2010-12-29,2138.9133,2148.5386,2102.5518,2133.5662,2121.6265,1106924
2010-12-30,2131.4270,2136.7744,2116.4548,2123.9409,2112.0557,1213298
2010-12-31,2111.1074,2130.3577,2099.3435,2099.3435,2087.5950,538204
2011-01-04,2115.3853,2132.4966,2104.6907,2108.9685,2097.1660,1674381
2011-01-05,2104.6907,2108.9685,2069.3987,2090.7878,2079.0874,2062454
2011-01-06,2085.4404,2095.0657,2056.5652,2061.9126,2050.3738,2086341
2011-01-07,2064.0515,2074.7458,2036.2455,2038.3844,2026.9771,2046011
2011-01-10,2030.8982,2039.4539,2019.1342,2028.7593,2017.4060,2160615
2011-01-11,2031.9677,2049.0791,2021.2731,2035.1760,2023.7867,2005308
2011-01-12,2036.2455,2050.1484,2026.6204,2033.0371,2021.6597,2616553
2011-01-13,2034.1066,2040.5233,2021.2731,2028.7593,2017.4060,1766756
2011-01-14,2033.0371,2035.1760,2006.3007,2025.5509,2014.2156,2384854
2011-01-17,2024.4814,2030.8982,2004.1617,2011.6479,2000.3901,1280166
2011-01-18,2019.1342,2029.8289,2011.6479,2021.2731,2009.9618,2055523
2011-01-19,2031.9677,2067.2598,2024.4814,2026.6204,2015.2793,3464594
2011-01-20,2026.6204,2035.1760,2005.2313,2021.2731,2009.9618,4399739
2011-01-21,2029.8289,2053.3567,2020.2037,2044.8011,2033.3579,4756613
2011-01-24,2054.4263,2062.9819,2045.8706,2053.3567,2041.8654,1751594
2011-01-25,2042.6622,2049.0791,1995.6061,1999.8840,1988.6924,5516491
2011-01-26,2013.7869,2021.2731,1992.3978,1995.6061,1984.4382,2625928
2011-01-27,1994.5367,1994.5367,1952.8279,1974.2170,1963.1686,3116814
2011-01-28,1975.2865,1978.4948,1949.6195,1953.8973,1942.9633,3665281
2011-01-31,1950.6890,1966.7308,1942.1333,1942.1333,1931.2649,4336667
2011-02-01,1949.6195,1967.8003,1942.1333,1951.7584,1940.8353,2665420
2011-02-02,1957.1057,1989.1895,1948.5500,1985.9810,1974.8668,3210537
2011-02-03,2021.2731,2042.6622,1958.1752,1964.5919,1953.5979,7161740
2011-02-04,1965.6614,1965.6614,1938.9249,1958.1752,1947.2166,2973697
2011-02-07,1960.3141,1968.8698,1944.2722,1960.3141,1949.3436,2654114
2011-02-08,1961.3835,1979.5643,1957.1057,1972.0781,1961.0419,2682314
2011-02-09,1951.7584,1962.4530,1942.1333,1949.6195,1938.9049,3440397
2011-02-10,1957.1057,1958.1752,1929.2998,1939.9944,1929.3333,2492342
2011-02-11,1937.8555,1938.9249,1911.1191,1932.5082,1921.8884,3298530
2011-02-14,1927.1609,1941.1013,1914.3274,1931.4387,1920.8242,330788
2011-02-15,1934.6471,1944.2722,1911.1191,1917.5358,1906.9982,3771121
2011-02-16,1925.0220,1936.7860,1921.8136,1922.8831,1912.3159,2229728
2011-02-17,1926.0916,1958.1752,1919.6747,1931.4387,1920.8242,3080232
2011-02-18,1934.6471,1953.8973,1917.3754,1953.8973,1943.1597,2407097
2011-02-21,1947.4806,1967.8003,1945.3417,1959.2446,1948.4777,1878501
2011-02-22,1943.2028,1959.2446,1932.5082,1949.6195,1938.9049,1607620
2011-02-23,1947.4806,1950.6890,1930.3693,1935.7166,1925.0787,2175426
2011-02-24,1928.2303,1951.7584,1924.9044,1951.7584,1941.0323,1543480
2011-02-25,1956.0363,1971.2867,1953.8973,1964.5919,1953.7954,1604349
2011-02-28,1958.1752,1966.7308,1947.4806,1950.6890,1939.9691,1894824
2011-03-01,1959.2446,1975.2865,1946.4111,1949.6195,1938.9049,2130680
2011-03-02,1939.9944,1965.3940,1930.3693,1946.4111,1935.7146,2508481
2011-03-03,1952.8279,1966.6367,1934.6471,1960.3141,1949.5415,1763789
2011-03-04,1966.7308,1987.0847,1951.7584,1958.1752,1947.4138,1997447
2011-03-07,1953.8973,1978.4948,1946.4111,1962.4530,1951.6680,1265769
2011-03-08,1967.8003,1976.3560,1950.6890,1967.8003,1956.9865,1934869
2011-03-09,1965.6614,1979.5643,1960.3141,1966.7308,1955.9230,1509362
2011-03-10,1957.1057,1979.5643,1941.7697,1976.3560,1965.4949,2302569
2011-03-11,1969.9392,1989.2001,1951.7584,1985.9810,1975.0668,3644437
2011-03-14,1966.7308,1985.9810,1956.0363,1962.4530,1951.6680,2050682
2011-03-15,1930.3693,1950.6890,1916.4664,1928.2303,1917.6338,3136127
2011-03-16,1926.0916,1951.7584,1920.7441,1920.7441,1910.1887,2627966
2011-03-17,1926.0916,1936.9423,1905.6115,1929.2998,1918.6979,2006540
2011-03-18,1945.3417,1967.8003,1943.2028,1946.4111,1935.7146,4308610
2011-03-21,1958.1752,1970.5627,1949.6195,1966.7308,1955.9230,1653001
2011-03-22,1961.3835,1973.1476,1930.3693,1935.7166,1925.0787,1699019
2011-03-23,1927.1609,1961.5792,1923.9525,1961.3835,1950.6049,2427070
2011-03-24,1952.8279,2000.9534,1937.4738,1998.8145,1987.8301,2004646
2011-03-25,2011.6479,2035.1760,2005.2313,2016.9952,2005.9108,1858209
2011-03-28,2014.8564,2034.2404,2014.8564,2023.4120,2012.2921,1266813
2011-03-29,2023.4120,2027.6898,1995.6061,2025.5509,2014.4198,2258927
2011-03-30,2026.6204,2036.2455,2018.0647,2030.8982,2019.7373,1194467
2011-03-31,2023.4120,2051.2180,2019.1342,2031.9677,2020.8008,2128255
2011-04-01,2034.1066,2042.6622,2024.4814,2033.0371,2021.8647,1700271
2011-04-04,2027.6898,2040.5233,2019.1342,2022.3427,2011.2291,2465321
2011-04-05,2025.5509,2028.7593,1976.3560,2015.9258,2004.8479,2683881
2011-04-06,2020.2037,2036.2455,2015.9258,2028.7593,2017.6102,1451825
2011-04-07,2029.8289,2037.3149,2020.2037,2024.4814,2013.3555,1374009
2011-04-08,2034.1066,2052.2874,2028.6256,2035.1760,2023.9917,1255234
2011-04-11,2034.1066,2048.0095,2026.6204,2036.2455,2025.0554,1694241
2011-04-12,2031.9677,2059.7734,2028.7593,2048.0095,2036.7545,3038933
2011-04-13,2054.4263,2077.9543,2048.0095,2061.9126,2050.5811,2290511
2011-04-14,2055.4956,2088.6489,2051.2180,2076.8850,2065.4719,4666039
2011-04-15,2082.2322,2106.8296,2082.2322,2106.8296,2095.2517,3194468
2011-04-18,2086.5100,2097.7415,2044.8011,2055.4956,2044.1993,2790638
2011-04-19,2067.2598,2092.9268,2059.7734,2089.7183,2078.2346,1637623
2011-04-20,2101.4824,2117.5242,2085.4404,2097.2046,2085.6792,2639707
2011-04-21,2105.7603,2113.2463,2095.0657,2100.4128,2088.8701,1742754
2011-04-26,2095.0657,2127.1494,2091.8572,2126.0798,2114.3962,1329705
2011-04-27,2119.6631,2129.4402,2112.1770,2128.2188,2116.5229,1698168
2011-04-28,2053.3567,2083.1411,2043.7317,2076.8850,2065.4719,6902955
2011-04-29,2076.8850,2076.8850,2076.8850,2076.8850,2065.4719,0
2011-05-03,2085.4404,2125.0105,2085.4404,2125.0105,2113.3325,2955496
2011-05-04,2122.8716,2130.3577,2101.4824,2110.0381,2098.4421,2833844
2011-05-05,2097.2046,2105.7603,2077.9543,2086.5100,2075.0435,2868056
2011-05-06,2093.9961,2122.8716,2084.3711,2115.3853,2103.7605,2411987
2011-05-09,2112.1770,2120.7004,2102.5518,2103.6213,2092.0615,2994763
2011-05-10,2108.9685,2142.1216,2091.8572,2138.9133,2127.1594,3121928
2011-05-11,2129.2881,2130.3577,2103.2898,2112.1770,2100.7898,2106240
2011-05-12,2104.6907,2130.3577,2096.1350,2130.3577,2118.8721,1839995
2011-05-13,2138.9133,2150.6775,2118.5938,2123.9409,2112.4905,1372634
2011-05-16,2108.9685,2118.5938,2088.6489,2108.9685,2097.5984,1630318
2011-05-17,2100.4128,2112.1770,2093.9961,2099.3435,2088.0256,1868729
2011-05-18,2108.9685,2119.6631,2101.4824,2119.6631,2108.2356,1160215
2011-05-19,2131.4270,2132.4966,2112.0432,2123.9409,2112.4905,1577932
2011-05-20,2129.2881,2135.4270,2091.8572,2104.6907,2093.3438,2860775
2011-05-23,2087.5793,2096.1350,2069.3987,2083.3015,2072.0701,3158527
2011-05-24,2081.1626,2095.0657,2077.9543,2080.0933,2068.8801,1718138
2011-05-25,2069.3987,2082.2322,2056.5652,2073.6765,2062.4971,2595327
2011-05-26,2073.6765,2084.3711,2060.8430,2068.3291,2057.1780,3087618
2011-05-27,2073.6765,2083.3015,2069.3987,2074.7458,2063.5605,1939688
2011-05-31,2080.0933,2117.5242,2080.0933,2107.8992,2096.5354,2453182
2011-06-01,2129.2881,2138.9133,2115.3853,2117.5242,2106.1089,3895831
2011-06-02,2106.8296,2114.3159,2093.9961,2093.9961,2082.7065,1345029
2011-06-03,2100.4128,2112.1770,2088.6489,2108.9685,2097.5984,1666929
2011-06-06,2099.3435,2119.6631,2098.2739,2113.2463,2101.8538,1203327
2011-06-07,2113.2463,2122.8716,2104.6907,2117.5242,2106.1089,1231849
2011-06-08,2114.3159,2123.0662,2096.1350,2099.3435,2088.0256,1628324
2011-06-09,2092.9268,2100.6226,2074.7458,2100.4128,2089.0896,2349797
2011-06-10,2092.9268,2104.6907,2071.5376,2071.5376,2060.3694,2253733
2011-06-13,2069.3987,2117.5242,2059.7734,2071.5376,2060.3694,1651020
2011-06-14,2072.6069,2082.2322,2066.1902,2080.0933,2068.8801,2095316
2011-06-15,2080.0933,2085.3604,2065.1208,2070.4680,2059.3062,2233106
2011-06-16,2051.2180,2072.6069,2044.8011,2068.3291,2057.1780,2609256
2011-06-17,2061.9126,2099.3435,2053.3567,2089.7183,2078.4524,3570268
2011-06-20,2075.8154,2090.7878,2058.7041,2083.3015,2072.0701,2278165
2011-06-21,2091.8572,2106.8296,2084.3711,2093.9961,2082.7065,1662865
2011-06-22,2090.7878,2119.6631,2086.5100,2111.1074,2099.7268,2724420
2011-06-23,2103.6213,2103.6213,2066.1902,2075.8154,2064.6240,2191658
2011-06-24,2100.4128,2127.1494,2096.1350,2106.8296,2095.4717,3201126
2011-06-27,2100.4128,2129.9192,2092.9268,2123.9409,2112.4905,1226164
2011-06-28,2127.1494,2142.1216,2119.6631,2126.0798,2114.6182,2696986
2011-06-29,2133.5662,2141.0522,2118.5938,2133.5662,2122.0635,3434531
2011-06-30,2139.9829,2145.5449,2129.2881,2145.3301,2133.7654,3859441
2011-07-01,2145.3301,2153.8857,2132.4966,2151.7468,2140.1475,2331909
2011-07-04,2147.4690,2179.5527,2147.4690,2178.4832,2166.7383,1383097
2011-07-05,2174.2053,2187.0388,2164.5803,2175.2749,2163.5476,1814907
2011-07-06,2178.4832,2189.1777,2177.4138,2180.6223,2168.8662,1748076
2011-07-07,2190.2473,2214.2310,2181.5847,2208.4280,2196.5215,2217064
2011-07-08,2209.4976,2220.1921,2192.3862,2193.4556,2181.6296,2341517
2011-07-11,2181.6917,2191.3167,2156.0247,2169.9275,2158.2292,3177514
2011-07-12,2144.2605,2154.9551,2122.8716,2149.6079,2138.0186,2370819
2011-07-13,2144.2605,2147.4690,2126.0798,2132.4966,2121.0000,1873381
2011-07-14,2123.9409,2156.0247,2120.7327,2123.9409,2112.4905,2230178
2011-07-15,2115.3853,2130.3096,2098.2739,2111.1074,2099.7268,2268847
2011-07-18,2087.5793,2101.4824,2067.2598,2093.9961,2082.7065,2402566
2011-07-19,2103.6213,2106.8296,2082.2322,2089.7183,2078.4524,2364215
2011-07-20,2103.6213,2120.7327,2081.1626,2117.5242,2106.1089,1526749
2011-07-21,2127.1494,2139.0471,2102.5518,2126.0798,2114.6182,2334022
2011-07-22,2137.8440,2145.3301,2123.9409,2143.1912,2131.6372,1269093
2011-07-25,2122.8716,2144.2605,2122.8716,2137.8440,2126.3188,2083450
2011-07-26,2143.1912,2156.0247,2121.8020,2129.2881,2117.8091,1848275
2011-07-27,2126.0798,2130.3577,2095.0657,2101.4824,2090.1533,2196730
2011-07-28,2091.8572,2118.5938,2083.3015,2115.3853,2103.9812,2219963
2011-07-29,2096.1350,2098.2739,2069.3987,2083.3015,2072.0701,1838099
2011-08-01,2104.6907,2126.0798,2064.0515,2064.0515,2052.9233,2515092
2011-08-02,2058.7041,2084.3711,2058.7041,2069.3987,2058.2415,2622464
2011-08-03,2061.9126,2069.3987,2037.3149,2037.3149,2026.3313,4155968
2011-08-04,2137.8440,2137.8440,2092.9268,2092.9268,2081.6440,6445627
2011-08-05,2071.5376,2138.9133,2071.5376,2097.2046,2085.8984,6313528
2011-08-08,2080.0933,2110.0381,2049.0791,2062.9819,2051.8604,4875627
2011-08-09,2073.6765,2077.9543,1931.4387,2065.1208,2053.9883,6575879
2011-08-10,2085.4404,2121.6704,2023.4120,2023.4120,2012.7188,6363606
2011-08-11,2074.7458,2074.7458,1975.2865,2066.1902,2055.2700,6392187
2011-08-12,2065.1208,2143.1912,2031.9677,2143.1912,2131.8645,4684900
2011-08-15,2165.6499,2194.5251,2149.6079,2173.1360,2161.6514,3120345
2011-08-16,2154.9551,2181.6917,2145.3301,2176.3442,2164.8433,4826219
2011-08-17,2164.5803,2225.5393,2150.6775,2215.9143,2204.2046,4200506
2011-08-18,2192.3862,2227.6782,2141.0522,2165.6499,2154.2048,5079753
2011-08-19,2160.3025,2173.0291,2079.0237,2146.3994,2135.0562,5579107
2011-08-22,2133.5662,2223.4004,2131.4270,2179.5527,2168.0344,4346663
2011-08-23,2193.4556,2215.9143,2161.3718,2183.8306,2172.2898,4247706
2011-08-24,2194.5251,2195.5945,2143.1912,2184.8999,2173.3533,4500901
2011-08-25,2196.6641,2209.4976,2137.8440,2153.8857,2142.5034,3697396
2011-08-26,2151.7468,2161.3718,2110.0381,2153.8857,2142.5034,3077282
2011-08-30,2159.2329,2189.1777,2138.9453,2165.6499,2154.2048,2911166
2011-08-31,2173.1360,2208.4280,2156.0247,2207.3586,2195.6941,3168455
2011-09-01,2204.1501,2235.1643,2187.0388,2225.5393,2213.7776,2990332
2011-09-02,2199.8723,2215.9143,2169.9275,2190.2473,2178.6716,3037685
2011-09-05,2146.3994,2168.9651,2123.9409,2131.4270,2120.1628,3193449
2011-09-06,2128.2188,2167.7888,2128.2188,2161.3718,2149.9487,3904717
2011-09-07,2190.2473,2203.0808,2154.9551,2191.3167,2179.7371,2193473
2011-09-08,2183.8306,2192.3862,2141.0522,2150.6775,2139.3123,3394718
2011-09-09,2149.6079,2166.7192,2117.5242,2119.6631,2108.4609,4284916
2011-09-12,2068.3291,2104.6907,2065.1208,2075.8154,2064.8450,3039188
2011-09-13,2092.9268,2097.2046,2052.2874,2055.4956,2044.6327,5685735
2011-09-14,2052.2874,2101.4824,2050.1484,2098.2739,2087.1843,4855538
2011-09-15,2103.6213,2120.7327,2089.7183,2101.4824,2090.3757,3981258
2011-09-16,2108.9685,2125.0105,2093.9961,2093.9961,2082.9297,7750862
2011-09-19,2074.7458,2092.9268,2061.6067,2083.3015,2072.2913,2787499
2011-09-20,2073.6765,2127.1494,2068.3291,2127.1494,2115.9077,2431818
2011-09-21,2127.1494,2131.4270,2102.5518,2125.0105,2113.7800,2694188
2011-09-22,2083.3015,2086.5100,2052.2874,2071.5376,2060.5898,3696097
2011-09-23,2092.9268,2132.4966,2069.3987,2118.5938,2107.3975,3297350
2011-09-26,2087.5793,2169.6753,2080.0933,2118.5938,2107.3975,2880074
2011-09-27,2159.2329,2159.2329,2115.3853,2145.3301,2133.9932,3109159
2011-09-28,2135.7051,2178.3411,2123.9409,2142.1216,2130.8018,2256468
2011-09-29,2146.3994,2194.5251,2136.7744,2174.2053,2162.7153,2317274
2011-09-30,2162.4414,2163.5107,2135.7051,2161.3718,2149.9487,2026972
2011-10-03,2133.5662,2142.1216,2111.1074,2142.1216,2130.8018,2139073
2011-10-04,2121.8020,2132.4966,2093.9961,2123.9409,2112.7158,3738852
2011-10-05,2159.2329,2159.2329,2113.2463,2135.7051,2124.4180,2250248
2011-10-06,2149.6079,2192.3862,2131.4270,2192.3862,2180.7998,3034853
2011-10-07,2189.1777,2191.3167,2143.1912,2160.3025,2148.8855,3837886
2011-10-10,2172.0664,2172.0664,2131.4270,2159.2329,2147.8220,1750026
2011-10-11,2147.4690,2170.9971,2144.4316,2170.9971,2159.5242,1433353
2011-10-12,2170.9971,2185.9695,2163.5107,2178.4832,2166.9705,1519129
2011-10-13,2168.8582,2200.9419,2166.7192,2199.8723,2188.2463,2117243
2011-10-14,2207.3586,2281.1511,2205.2197,2255.4841,2243.5642,3194793
2011-10-17,2256.5537,2267.2480,2213.7754,2228.7478,2216.9692,1876502
2011-10-18,2214.8447,2226.6089,2194.5251,2211.6365,2199.9480,2453597
2011-10-19,2216.9836,2243.7202,2211.6365,2219.1226,2207.3950,2092792
2011-10-20,2205.2197,2222.3311,2185.9695,2212.7058,2201.0127,2050918
2011-10-21,2215.9143,2240.5117,2194.5251,2236.2339,2224.4160,2146928
2011-10-24,2239.4424,2251.2063,2220.1921,2246.9285,2235.0542,2218157
2011-10-25,2237.3035,2253.3452,2202.0112,2223.4004,2211.6499,1959050
2011-10-26,2229.8171,2240.5117,2210.5669,2236.2339,2224.4160,2583790
2011-10-27,2274.7344,2277.9426,2215.9143,2247.9978,2236.1174,4910821
2011-10-28,2252.2759,2282.2205,2252.2759,2260.8313,2248.8823,3204858
2011-10-31,2240.5117,2267.2480,2230.8867,2230.8867,2219.0969,2925080
2011-11-01,2209.4976,2230.8867,2179.5527,2213.7754,2202.0754,3691952
2011-11-02,2213.7754,2221.2615,2181.6917,2215.9143,2204.2046,3380329
2011-11-03,2168.8582,2220.1921,2154.9263,2211.6365,2199.9480,4871417
2011-11-04,2218.0530,2243.7202,2208.4280,2210.5669,2198.8850,2988428
2011-11-07,2192.3862,2234.0950,2177.4138,2221.2615,2209.5232,2124553
2011-11-08,2225.5393,2268.3176,2218.0530,2253.3452,2241.4365,2194019
2011-11-09,2215.9143,2244.7896,2176.3442,2187.0388,2175.6890,3416651
2011-11-10,2150.6775,2203.0808,2144.5281,2181.6917,2170.3708,1910075
2011-11-11,2188.1084,2244.7896,2182.7610,2221.2615,2209.7356,1848230
2011-11-14,2216.9836,2223.2935,2185.9695,2205.2197,2193.7764,1577253
2011-11-15,2187.0388,2216.9836,2187.0388,2202.0112,2190.5842,1795234
2011-11-16,2197.7334,2229.8171,2183.8306,2219.1226,2207.6074,2329246
2011-11-17,2212.7058,2219.0156,2191.7339,2200.9419,2189.5208,2534070
2011-11-18,2189.1777,2222.3311,2174.2053,2177.4138,2166.1145,1975150
2011-11-21,2165.6499,2181.6917,2147.4690,2160.3025,2149.0920,1795114
2011-11-22,2172.0664,2208.3210,2172.0664,2197.7334,2186.3293,1898341
2011-11-23,2187.0388,2204.1501,2151.7468,2152.8164,2141.6450,2558398
2011-11-24,2153.8857,2159.1262,2108.9685,2114.3159,2103.3438,2451031
2011-11-25,2108.9685,2161.3718,2102.3230,2154.9551,2143.7720,2314780
2011-11-28,2165.6499,2211.6365,2156.0247,2208.4280,2196.9670,2089755
2011-11-29,2209.4976,2233.0254,2192.3862,2230.8867,2219.3105,2437951
2011-11-30,2231.9561,2293.9846,2220.1921,2285.4290,2273.5693,5139905
2011-12-01,2285.4290,2313.1277,2259.7620,2261.9009,2250.1641,2526857
2011-12-02,2272.5955,2295.0540,2230.9937,2247.9978,2236.3323,3773218
2011-12-05,2259.7620,2271.5259,2256.5537,2258.6924,2246.9724,1755006
2011-12-06,2246.9285,2283.2900,2240.5117,2271.5259,2259.7380,2211780
2011-12-07,2291.8457,2308.9570,2253.3452,2272.5955,2260.8035,3392545
2011-12-08,2284.3596,2299.3318,2266.1787,2269.3872,2257.6106,2198022
2011-12-09,2266.1787,2285.3220,2250.1582,2280.0815,2268.2502,2088138
2011-12-12,2275.8037,2290.7761,2262.9702,2262.9702,2251.2271,1852505
2011-12-13,2257.6230,2283.1831,2251.2063,2262.9702,2251.2271,2191367
2011-12-14,2256.5537,2265.1091,2239.4424,2242.6506,2231.0137,2861655
2011-12-15,2250.1367,2254.4148,2230.8867,2239.4424,2227.8215,1870547
2011-12-16,2246.9285,2255.4841,2210.5669,2210.5669,2199.0964,2971576
2011-12-19,2200.9419,2252.2759,2198.6960,2241.5813,2229.9495,1734526
2011-12-20,2235.1643,2248.3059,2220.1921,2240.5117,2228.8857,1681286
2011-12-21,2249.0674,2259.7620,2225.5393,2236.2339,2224.6301,1492987
2011-12-22,2236.2339,2272.5955,2236.2339,2250.1367,2238.4604,1365734
2011-12-23,2261.9009,2283.2900,2256.5537,2275.8037,2263.9941,372860
2011-12-28,2282.2205,2316.7244,2282.2205,2290.7761,2278.8877,1507212
2011-12-29,2290.7761,2323.9294,2283.3970,2323.9294,2311.8699,1017987
2011-12-30,2314.3042,2326.0684,2298.2625,2313.2349,2301.2310,536372
2012-01-03,2335.6934,2343.2866,2318.5820,2341.0408,2328.8931,2096832
2012-01-04,2316.4431,2338.7949,2296.1235,2305.7485,2293.7842,1847551
2012-01-05,2307.8875,2323.9294,2296.1235,2320.7209,2308.6780,2371949
2012-01-06,2300.4014,2311.0959,2261.9009,2270.4565,2258.6753,2492070
2012-01-09,2264.0398,2292.9150,2264.0398,2283.2900,2271.4429,2225678
2012-01-10,2296.1235,2319.6516,2289.7068,2300.4014,2288.4641,4106296
2012-01-11,2272.5955,2279.0122,2219.0156,2228.7478,2217.1819,3515514
2012-01-12,2230.8867,2239.0681,2197.7334,2229.8171,2218.2463,3343964
2012-01-13,2241.5813,2243.7202,2193.4556,2197.7334,2186.3293,2573808
2012-01-16,2193.4556,2230.2705,2190.2473,2221.2615,2209.7356,1439358
2012-01-17,2241.5813,2244.7896,2205.2197,2207.3586,2195.9045,2252881
2012-01-18,2209.4976,2230.8867,2198.8030,2209.4976,2198.0327,2076862
2012-01-19,2214.8447,2216.9836,2178.4832,2182.7610,2171.4338,4121367
2012-01-20,2198.8030,2211.6365,2182.7610,2189.1777,2177.8186,2729859
2012-01-23,2185.9695,2204.1501,2175.2749,2203.0808,2191.6484,1964357
2012-01-24,2191.3167,2200.9419,2176.3442,2187.0388,2175.6890,3520710
2012-01-25,2188.1084,2195.5945,2166.7192,2192.3862,2181.0085,2515917
2012-01-26,2209.4976,2225.5393,2194.5251,2219.1226,2207.6074,3418132
2012-01-27,2211.6365,2219.1226,2182.7610,2211.6365,2200.1594,2245496
2012-01-30,2203.0808,2220.1921,2199.8723,2210.5669,2199.0964,1752596
2012-01-31,2212.7058,2222.3311,2183.8306,2188.1084,2176.7539,3012367
2012-02-01,2191.3167,2235.1643,2190.2473,2229.8171,2218.2463,2184533
2012-02-02,2176.3442,2176.3442,2128.2188,2132.4966,2121.4302,8240580
2012-02-03,2135.7051,2182.7610,2114.3159,2169.9275,2158.6675,4353694
2012-02-06,2167.7888,2172.0664,2146.3994,2161.3718,2150.1553,2598872
2012-02-07,2154.9551,2192.3862,2152.8164,2183.8306,2172.4985,2051104
2012-02-08,2179.5527,2188.5061,2160.1687,2169.9275,2158.6675,1839114
2012-02-09,2179.5527,2197.3025,2167.1470,2191.3167,2179.9468,1777994
2012-02-10,2183.8306,2199.8723,2175.2749,2193.4556,2182.0725,2114751
2012-02-13,2199.8723,2231.8384,2198.8030,2219.1226,2207.6074,1768255
2012-02-14,2210.5669,2236.2339,2210.5669,2224.4700,2212.9275,1780315
2012-02-15,2215.9143,2226.6089,2179.5527,2197.7334,2186.5371,1614812
2012-02-16,2202.0112,2223.4004,2184.8999,2213.7754,2202.4968,2164541
2012-02-17,2225.5393,2234.0950,2189.1777,2206.2891,2195.0488,1898045
2012-02-20,2211.6365,2219.3867,2199.8723,2212.7058,2201.4331,1615513
2012-02-21,2209.4976,2226.6089,2205.4871,2220.1921,2208.8799,2039500
2012-02-22,2221.2615,2241.5813,2211.6365,2234.0950,2222.7131,2351050
2012-02-23,2234.0950,2243.7202,2215.9143,2235.1643,2223.7761,1843142
2012-02-24,2213.7754,2245.8589,2166.7192,2192.3862,2181.2158,4337465
2012-02-27,2188.1084,2198.8030,2169.0454,2195.5945,2184.4082,2279421
2012-02-28,2203.0808,2204.7490,2174.2053,2184.8999,2173.7686,1872455
2012-02-29,2187.0388,2193.1882,2164.5803,2172.0664,2161.0007,2846827
2012-03-01,2173.1360,2202.0112,2165.6499,2195.5945,2184.4082,1805590
2012-03-02,2198.8030,2198.8030,2169.9597,2170.9971,2159.9368,1910135
2012-03-05,2167.7888,2196.7283,2163.5107,2188.1084,2176.9607,1912381
2012-03-06,2178.4832,2189.1777,2164.5803,2168.8582,2157.8086,2262900
2012-03-07,2165.6499,2179.5527,2161.3718,2179.5527,2168.4487,2015764
2012-03-08,2183.8306,2208.4280,2172.2002,2205.2197,2193.9846,1865739
2012-03-09,2192.3862,2218.0530,2188.6431,2210.5669,2199.3054,1548283
2012-03-12,2209.4976,2255.4841,2178.4832,2253.3452,2241.8647,4197318
2012-03-13,2255.4841,2265.9724,2245.8589,2252.2759,2240.8015,2174374
2012-03-14,2254.4148,2261.8474,2231.9561,2231.9561,2220.5850,2819222
2012-03-15,2240.5117,2244.7896,2229.4128,2244.7896,2233.3538,2303520
2012-03-16,2244.7896,2254.7568,2215.9431,2229.8171,2218.4570,6995770
2012-03-19,2213.7754,2240.5117,2211.6365,2234.0950,2222.7131,2182720
2012-03-20,2214.8447,2223.5342,2194.8589,2207.3586,2196.1133,2439121
2012-03-21,2203.0808,2219.9675,2194.5251,2202.0112,2190.7925,1736768
2012-03-22,2195.5945,2207.3586,2175.2749,2198.8030,2187.6001,2664914
2012-03-23,2203.0808,2210.5669,2185.9695,2193.4556,2182.2800,1459923
2012-03-26,2191.3167,2221.4219,2189.1777,2211.6365,2200.3687,1796654
2012-03-27,2210.5669,2229.8171,2203.0808,2207.3586,2196.1133,1439144
2012-03-28,2207.3586,2230.8867,2194.5251,2195.5945,2184.4082,2433204
2012-03-29,2195.5945,2205.3479,2178.4832,2179.5527,2168.4487,2482213
2012-03-30,2177.4138,2228.7478,2173.1360,2207.3586,2196.1133,3784432
2012-04-02,2208.4280,2245.8589,2204.9790,2243.7202,2232.2891,4025747
2012-04-03,2239.4424,2250.1367,2233.0254,2242.6506,2231.2258,2522939
2012-04-04,2235.1643,2237.3035,2205.2197,2211.6365,2200.3687,2684257
2012-04-05,2214.8447,2219.1226,2178.4832,2184.8999,2173.7686,2717532
2012-04-10,2173.1360,2190.1072,2154.9551,2154.9551,2143.9758,2677008
2012-04-11,2153.8857,2159.2329,2131.4270,2149.6079,2138.6565,3125612
2012-04-12,2159.2329,2159.2329,2133.5662,2153.8857,2142.9128,3232026
2012-04-13,2149.6079,2160.3025,2134.6355,2144.2605,2133.3364,3288658
2012-04-16,2137.8440,2194.5251,2132.4966,2179.5527,2168.4487,3277161
2012-04-17,2179.5527,2209.4976,2179.5527,2208.4280,2197.1758,3281262
2012-04-18,2212.7058,2215.9143,2195.5945,2207.3586,2196.1133,3215172
2012-04-19,2207.3586,2225.5393,2204.1501,2212.7058,2201.4331,3490688
2012-04-20,2212.7058,2230.8867,2208.4280,2230.8867,2219.5215,2741593
2012-04-23,2224.4700,2233.0254,2197.7334,2211.6365,2200.3687,2805457
2012-04-24,2216.9836,2224.4700,2196.6641,2222.3311,2211.0090,1990592
2012-04-25,2227.6782,2235.1643,2209.4976,2223.4004,2212.0728,2384699
2012-04-26,2324.9988,2331.4155,2274.7344,2283.2900,2271.6587,4300566
2012-04-27,2279.0122,2282.2205,2249.0674,2255.4841,2243.9932,3606546
2012-04-30,2255.4841,2262.9702,2229.5071,2249.0674,2237.6086,2926026
2012-05-01,2254.4148,2275.8037,2249.0674,2275.8037,2264.2092,1303080
2012-05-02,2277.9426,2281.7371,2260.8313,2269.3872,2257.8252,4102928
2012-05-03,2274.7344,2305.7485,2274.7344,2281.1511,2269.5293,2541214
2012-05-04,2271.5259,2284.3596,2245.8589,2247.9978,2236.5449,2685534
2012-05-08,2276.8733,2276.8733,2229.8171,2233.0254,2221.6494,2713993
2012-05-09,2221.2615,2223.0261,2193.4556,2222.3311,2211.2290,2148288
2012-05-10,2221.2615,2222.3311,2194.5251,2207.3586,2196.3325,2533375
2012-05-11,2202.0112,2252.2759,2197.7334,2247.9978,2236.7681,3927382
2012-05-14,2226.6089,2233.5603,2205.2197,2216.9836,2205.9084,2304978
2012-05-15,2222.3311,2239.4424,2203.0808,2212.7058,2201.6526,2302652
2012-05-16,2192.3862,2206.2891,2176.3442,2179.5527,2168.6650,3117267
2012-05-17,2185.9695,2188.1084,2163.5107,2172.0664,2161.2163,1919487
2012-05-18,2160.3025,2179.1880,2139.9829,2164.5803,2153.7676,2950879
2012-05-21,2163.5107,2190.2473,2161.3718,2166.7192,2155.8948,1726276
2012-05-22,2170.9971,2182.7610,2145.1963,2170.9971,2160.1523,1905083
2012-05-23,2158.1636,2167.7888,2143.1912,2146.3994,2135.6765,2294370
2012-05-24,2165.6499,2188.9863,2150.6775,2167.7888,2156.9602,2580557
2012-05-25,2170.9971,2193.5520,2153.8857,2169.9275,2159.0879,1564691
2012-05-29,2158.1636,2184.8999,2158.1636,2168.8582,2158.0234,1358249
2012-05-30,2159.2329,2172.0664,2147.4690,2153.8857,2143.1267,2107549
2012-05-31,2158.1636,2187.1267,2156.0247,2182.7610,2171.8569,4259279
2012-06-01,2176.3442,2181.6917,2141.0522,2152.8164,2142.0625,4217976
2012-06-06,2177.4138,2192.3862,2147.4690,2185.9695,2175.0505,3264704
2012-06-07,2192.3862,2194.6321,2177.4939,2183.8306,2172.9219,2039447
2012-06-08,2178.4832,2196.6641,2176.6118,2187.0388,2176.1128,3751342
2012-06-11,2211.6365,2219.1226,2174.2053,2179.5527,2168.6650,2091673
2012-06-12,2184.8999,2215.9143,2179.5527,2197.7334,2186.7546,2327535
2012-06-13,2198.8030,2227.6782,2197.7334,2227.6782,2216.5500,2712143
2012-06-14,2233.0254,2247.9978,2219.5291,2243.7202,2232.5120,3480944
2012-06-15,2253.3452,2260.8313,2210.5669,2221.2615,2210.1660,8508367
2012-06-18,2240.5117,2240.5117,2212.8235,2231.9561,2220.8059,2842828
2012-06-19,2181.6917,2231.9561,2160.3025,2219.1226,2208.0378,4384781
2012-06-20,2218.0530,2228.7478,2169.9275,2205.2197,2194.2036,3838347
2012-06-21,2202.0112,2236.2339,2199.1238,2224.4700,2213.3591,3284716
2012-06-22,2224.4700,2249.3198,2219.1226,2238.3728,2227.1907,2269852
2012-06-25,2223.4004,2225.5393,2204.1501,2214.8447,2203.7805,2065438
2012-06-26,2219.1226,2237.5386,2204.1501,2220.1921,2209.1006,2677863
2012-06-27,2221.2615,2255.4841,2220.1921,2253.3452,2242.0884,2343904
2012-06-28,2251.2063,2254.4148,2223.4004,2242.6506,2231.4485,1627571
2012-06-29,2281.1511,2310.0264,2271.5259,2292.9150,2281.4612,3003988
2012-07-02,2288.6372,2313.2349,2283.2900,2304.6792,2293.1660,2667123
2012-07-03,2308.9570,2338.9016,2306.8181,2334.6238,2322.9614,1943797
2012-07-04,2331.4155,2354.9436,2323.9294,2331.4155,2319.7695,1377382
2012-07-05,2329.2766,2342.1101,2301.4707,2317.5127,2305.9353,2734038
2012-07-06,2315.3738,2324.9988,2305.7485,2314.3042,2302.7432,2130193
2012-07-09,2319.6516,2329.2766,2297.1929,2299.3318,2287.8447,2332796
2012-07-10,2303.6096,2316.4431,2283.2900,2306.8181,2295.2947,2754328
2012-07-11,2301.4707,2305.7485,2271.5259,2280.0815,2268.6917,2278124
2012-07-12,2277.9426,2279.0122,2257.6230,2274.7344,2263.3706,2157076
2012-07-13,2281.1511,2296.1235,2272.5955,2290.7761,2279.3318,1817181
2012-07-16,2286.4983,2296.9255,2280.0815,2292.9150,2281.4612,1658888
2012-07-17,2298.2625,2304.6792,2284.3596,2301.4707,2289.9741,2174165
2012-07-18,2305.7485,2329.2766,2302.5403,2329.2766,2317.6409,2774773
2012-07-19,2336.7627,2348.5269,2326.0684,2344.2490,2332.5386,3070860
2012-07-20,2341.0408,2342.1101,2321.1970,2332.4851,2320.8340,3123810
2012-07-23,2312.1653,2313.2349,2297.1929,2304.6792,2293.1660,1840251
2012-07-24,2307.8875,2334.3567,2304.6792,2310.0264,2298.4868,2156365
2012-07-25,2310.0264,2323.9294,2285.4290,2288.6372,2277.2061,2658137
2012-07-26,2358.1521,2435.1528,2358.1521,2412.6943,2400.6423,5906709
2012-07-27,2411.6248,2418.0415,2378.4717,2416.9722,2404.8982,2761804
2012-07-30,2410.5554,2435.1528,2387.0273,2431.9446,2419.7964,2038664
2012-07-31,2431.9446,2462.9587,2429.8057,2450.1252,2437.8855,3422358
2012-08-01,2457.6113,2490.7646,2442.6389,2470.4448,2458.1035,4163120
2012-08-02,2472.5837,2488.6257,2441.7834,2444.7781,2432.5652,4130386
2012-08-03,2450.1252,2499.3203,2450.1252,2496.1118,2483.6426,3717017
2012-08-06,2492.9036,2495.6575,2465.9800,2475.7922,2463.4248,2628043
2012-08-07,2469.3755,2489.6951,2456.5420,2462.9587,2450.6550,3691298
2012-08-08,2443.7085,2454.4031,2421.2500,2436.2224,2424.2622,2807894
2012-08-09,2454.4031,2463.1865,2442.6389,2454.4031,2442.3530,4441285
2012-08-10,2445.8474,2456.4082,2435.1528,2440.5000,2428.5190,1366464
2012-08-13,2439.4307,2451.8149,2428.7361,2445.8474,2433.8406,2638628
2012-08-14,2450.1252,2461.8894,2438.3611,2438.3611,2426.3896,1884151
2012-08-15,2439.4307,2445.8474,2422.3193,2431.9446,2420.0056,2418702
2012-08-16,2434.0835,2436.2224,2412.6943,2425.5276,2413.6204,1568877
2012-08-17,2431.9446,2435.1528,2416.9722,2424.4583,2412.5554,2625839
2012-08-20,2425.5276,2440.5430,2421.2500,2431.9446,2420.0056,1692709
2012-08-21,2439.4307,2465.0977,2435.1528,2435.1528,2423.1982,1628601
2012-08-22,2422.3193,2426.2561,2404.1387,2406.2776,2394.4646,1758825
2012-08-23,2419.1111,2422.3193,2398.7913,2403.0691,2391.2712,1949344
2012-08-24,2408.4165,2439.4307,2404.6733,2430.8750,2418.9404,1316195
2012-08-28,2430.8750,2443.7085,2423.3889,2436.2224,2424.2622,1916489
2012-08-29,2431.9446,2437.2917,2418.0415,2423.3889,2411.4910,1371441
2012-08-30,2416.9722,2440.1206,2416.9722,2422.3193,2410.4270,1227881
2012-08-31,2420.1804,2442.6389,2416.9722,2421.2500,2409.3633,2170918
2012-09-03,2421.2500,2442.6389,2416.9722,2442.6389,2430.6467,777149
2012-09-04,2446.9170,2446.9170,2415.9026,2420.1804,2408.2996,1070587
2012-09-05,2415.9026,2445.8474,2412.6943,2428.7361,2416.8123,1317807
2012-09-06,2427.6667,2473.6533,2427.6667,2471.5144,2459.3813,2274112
2012-09-07,2471.5144,2471.5144,2427.5330,2433.0139,2421.0696,3305135
2012-09-10,2416.9722,2425.5276,2388.0967,2400.9302,2389.1436,1913260
2012-09-11,2401.9998,2419.1111,2397.2427,2410.5554,2398.7207,1701998
2012-09-12,2411.6248,2434.0835,2387.0273,2390.2356,2378.5015,3112225
2012-09-13,2390.2356,2398.7913,2384.8884,2394.5134,2382.7571,2431565
2012-09-14,2420.1804,2420.1804,2377.4021,2400.9302,2389.1436,2368728
2012-09-17,2427.6667,2437.2917,2413.6299,2425.5276,2413.6204,2046125
2012-09-18,2428.7361,2463.6003,2427.6667,2438.3611,2426.3896,2196351
2012-09-19,2450.1252,2465.0977,2440.5000,2462.9587,2450.8674,1758849
2012-09-20,2438.3611,2460.8198,2425.5276,2455.4724,2443.4180,1820468
2012-09-21,2465.0977,2470.4448,2437.2917,2451.1946,2439.1604,3787242
2012-09-24,2438.3611,2451.1946,2426.5972,2447.9863,2435.9680,1334174
2012-09-25,2443.7085,2455.4724,2436.2224,2447.9863,2435.9680,1592686
2012-09-26,2435.1528,2442.6389,2424.4583,2429.8057,2417.8772,1851021
2012-09-27,2438.3611,2440.5000,2416.9722,2429.8057,2417.8772,1490033
2012-09-28,2442.6389,2447.9863,2408.4165,2408.4165,2396.5928,2948909
2012-10-01,2408.4165,2439.4307,2398.7913,2431.9446,2420.0056,1898912
2012-10-02,2427.6667,2435.1528,2414.8333,2427.6667,2415.7485,1978378
2012-10-03,2423.3889,2453.3230,2413.7637,2449.0559,2437.0330,1625070
2012-10-04,2460.8198,2470.4448,2451.1946,2458.6809,2446.6108,2208347
2012-10-05,2466.1670,2482.2090,2445.8474,2481.1394,2468.9583,1923264
2012-10-08,2471.5144,2493.9729,2468.3059,2488.6257,2476.4084,1265550
2012-10-09,2502.5286,2503.9724,2464.9373,2471.5144,2459.3813,1903658
2012-10-10,2461.8894,2471.5144,2449.0559,2460.8198,2448.7385,1537631
2012-10-11,2452.2642,2470.6052,2433.0139,2464.0283,2451.9309,1830658
2012-10-12,2464.0283,2477.9312,2450.1797,2464.0283,2451.9309,1583855
2012-10-15,2466.1670,2499.3203,2466.1670,2487.5562,2475.3445,2315093
2012-10-16,2496.1118,2512.1538,2486.4868,2504.6675,2492.3716,2379109
2012-10-17,2512.1538,2516.4316,2489.6951,2508.9453,2496.6279,1953937
2012-10-18,2486.4868,2488.6257,2461.8894,2481.1394,2468.9583,3285991
2012-10-19,2486.4868,2503.2451,2480.0701,2485.4172,2473.2156,2489810
2012-10-22,2483.2783,2503.3403,2465.0977,2469.3755,2457.2520,1718405
2012-10-23,2456.5420,2466.8987,2415.9026,2419.1111,2407.2346,3891281
2012-10-24,2416.9722,2439.4307,2398.7913,2422.3193,2410.4270,4057418
2012-10-25,2466.1670,2516.4316,2461.8894,2470.4448,2458.3162,3798206
2012-10-26,2451.1946,2470.4448,2443.5225,2461.8894,2449.8035,2448440
2012-10-29,2455.4724,2483.2783,2449.0559,2472.5837,2460.4448,1793635
2012-10-30,2473.6533,2499.0571,2466.1670,2487.5562,2475.3445,1030180
2012-10-31,2484.3479,2498.2507,2471.5144,2471.5144,2459.3813,2025217
2012-11-01,2468.3059,2489.6951,2455.4724,2487.5562,2475.3445,2031736
2012-11-02,2485.4172,2506.8064,2472.5837,2504.6675,2492.3716,1967436
2012-11-05,2490.7646,2504.6675,2482.9309,2497.1814,2484.9216,1265851
2012-11-06,2498.2507,2523.9177,2488.6257,2516.4316,2504.0774,2109694
2012-11-07,2511.0842,2523.5969,2464.0283,2466.1670,2454.2764,2192510
2012-11-08,2481.1394,2491.8340,2467.2366,2473.6533,2461.7271,1570872
2012-11-09,2477.9312,2489.6951,2455.7935,2474.7227,2462.7910,2676294
2012-11-12,2476.8618,2492.7002,2466.1670,2481.1394,2469.1768,1298210
2012-11-13,2476.8618,2504.6675,2464.8838,2503.5981,2491.5264,1698156
2012-11-14,2510.0149,2516.4316,2496.1118,2498.2507,2486.2068,1797535
2012-11-15,2487.5562,2490.8479,2461.8894,2471.5144,2459.5986,1168528
2012-11-16,2462.9587,2473.6533,2439.4307,2449.0559,2437.2483,1836971
2012-11-19,2464.0283,2501.4592,2451.1946,2496.1118,2484.0769,1551935
2012-11-20,2488.6257,2513.2231,2483.2783,2511.0842,2498.9778,1249492
2012-11-21,2503.5981,2507.8760,2489.6951,2501.4592,2489.3989,1541873
2012-11-22,2510.0149,2522.8484,2498.2507,2521.7788,2509.6206,1257307
2012-11-23,2519.6399,2543.1680,2515.3621,2539.9597,2527.7129,1237231
2012-11-26,2529.2649,2558.1404,2527.1262,2549.5847,2537.2922,1649521
2012-11-27,2556.0015,2575.3906,2549.4446,2562.4182,2550.0630,1884433
2012-11-28,2550.6543,2576.3210,2548.5154,2574.1821,2561.7710,1267475
2012-11-29,2580.5991,2606.2659,2577.3906,2589.1545,2576.6714,2057887
2012-11-30,2593.4324,2604.1270,2569.9043,2569.9043,2557.5142,2282957
2012-12-03,2575.2517,2585.9463,2561.3486,2562.4182,2550.0630,2740461
2012-12-04,2556.0015,2592.5234,2556.0015,2575.2517,2562.8352,1680001
2012-12-05,2577.3906,2582.7378,2558.1404,2575.2517,2562.8352,1515183
2012-12-06,2577.3906,2583.8074,2555.8945,2559.2097,2546.8716,1559479
2012-12-07,2558.1404,2585.9463,2558.1404,2583.8074,2571.3489,2024549
2012-12-10,2573.1128,2583.8074,2570.9739,2576.3210,2563.8997,798836
2012-12-11,2575.2517,2599.0791,2572.0432,2580.5991,2568.1570,1085090
2012-12-12,2588.0852,2600.9187,2576.3210,2597.7102,2585.1851,2909506
2012-12-13,2600.9187,2607.3354,2578.4600,2587.0156,2574.5417,1423529
2012-12-14,2595.5713,2603.1292,2584.8767,2596.6409,2584.1223,1427623
2012-12-17,2593.4324,2604.4863,2579.5295,2589.1545,2576.6714,1281906
2012-12-18,2593.4324,2603.2288,2586.8821,2592.3630,2579.8643,1539419
2012-12-19,2600.9187,2608.1375,2589.1545,2593.4324,2580.9280,1577470
2012-12-20,2587.0156,2606.2659,2579.5295,2588.0852,2575.6074,1891734
2012-12-21,2573.1128,2587.2766,2565.7603,2568.8350,2556.4497,3060676
2012-12-24,2566.6960,2593.4324,2566.6960,2588.0852,2575.6074,448994
2012-12-27,2565.6267,2574.1821,2549.5847,2561.3486,2548.9993,1550290
2012-12-28,2562.4182,2577.3906,2540.3875,2546.3762,2534.0989,1007084
2012-12-31,2535.6819,2550.6819,2518.5706,2530.3345,2518.1348,398110
2013-01-02,2562.4182,2569.9043,2545.3069,2558.1404,2545.8059,1647552
2013-01-03,2563.4878,2566.6960,2545.3069,2565.6267,2553.2566,1172523
2013-01-04,2559.2097,2582.9966,2554.9319,2582.7378,2570.2861,1999623
2013-01-07,2581.6685,2587.0156,2560.2793,2564.5571,2552.1929,1358866
2013-01-08,2560.2793,2579.5295,2559.2097,2578.4600,2566.0281,2032959
2013-01-09,2585.9463,2590.2241,2559.2097,2559.2097,2546.8716,2177844
2013-01-10,2556.0015,2566.6960,2526.0566,2552.7932,2540.4846,2442313
2013-01-11,2561.3486,2566.6960,2537.8208,2549.5847,2537.2922,2794755
2013-01-14,2559.2097,2573.3235,2543.1680,2543.1680,2530.9065,2136377
2013-01-15,2544.2373,2577.3906,2544.2373,2572.0432,2559.6426,2001815
2013-01-16,2572.0432,2607.3354,2559.9402,2603.0576,2590.5063,2144569
2013-01-17,2607.3354,2607.3354,2582.7378,2588.0852,2575.6074,2176990
2013-01-18,2594.5020,2620.1689,2583.6394,2596.6409,2584.1223,2357663
2013-01-21,2605.1965,2619.4480,2604.1270,2609.4744,2596.8938,1602415
2013-01-22,2610.5437,2627.4680,2604.1270,2621.2383,2608.5996,1878177
2013-01-23,2673.6416,2710.0032,2669.3640,2701.4475,2688.4231,3623826
2013-01-24,2690.7529,2711.0728,2686.6624,2702.5171,2689.4871,1677121
2013-01-25,2697.1697,2719.6284,2688.6140,2708.9338,2695.8733,2096740
2013-01-28,2701.4475,2736.7395,2700.3782,2724.9756,2711.8372,2430576
2013-01-29,2717.4895,2736.7395,2703.7490,2736.7395,2723.5444,2369417
2013-01-30,2738.8787,2744.2258,2728.1841,2744.2258,2730.9951,2261453
2013-01-31,2739.9480,2752.7815,2727.1145,2745.2954,2732.0583,2677306
2013-02-01,2753.8508,2793.4209,2753.8508,2783.7957,2770.3735,2371452
2013-02-04,2783.7957,2784.8652,2733.5312,2735.6702,2722.4797,2086459
2013-02-05,2732.4619,2780.5874,2732.4619,2777.3789,2763.9885,1944103
2013-02-06,2762.4065,2763.4761,2717.4895,2721.7671,2708.8679,2287215
2013-02-07,2719.6284,2725.5906,2686.4751,2686.4751,2673.7429,4424481
2013-02-08,2695.0308,2703.5864,2677.6157,2689.6836,2676.9363,2303966
2013-02-11,2687.5447,2718.5588,2681.8499,2695.0308,2682.2585,1598134
2013-02-12,2683.2668,2727.1145,2681.1279,2718.5588,2705.6750,1392136
2013-02-13,2717.4895,2736.7395,2711.0728,2721.7671,2708.8679,1833410
2013-02-14,2720.6978,2780.5874,2708.9338,2762.4065,2749.3149,3112702
2013-02-15,2760.2676,2764.5454,2735.6702,2742.0869,2729.0911,1897802
2013-02-18,2734.6006,2751.0918,2731.3923,2742.0869,2729.0911,838733
2013-02-19,2739.9480,2795.5598,2739.9480,2792.3513,2779.1184,1656278
2013-02-20,2801.9766,2856.5188,2799.8376,2836.1992,2822.7583,2033410
2013-02-21,2826.5740,2839.4609,2775.2400,2796.6292,2783.3740,2363882
2013-02-22,2795.5598,2814.8347,2788.0735,2811.6016,2798.2781,1531029
2013-02-25,2828.7129,2842.4287,2804.1155,2809.4626,2796.1470,3308431
2013-02-26,2764.5454,2781.6567,2743.7446,2765.6150,2752.5085,2753587
2013-02-27,2768.8232,2793.4209,2748.2791,2790.2124,2776.9902,1457713
2013-02-28,2804.1155,2814.8101,2793.4209,2810.5320,2797.2117,2989430
2013-03-01,2811.6016,2847.9631,2800.9070,2841.5464,2828.0801,1996991
2013-03-04,2818.0183,2855.4492,2818.0183,2849.0327,2835.5305,1455144
2013-03-05,2862.9355,2881.6509,2858.6577,2873.6301,2860.0125,1884039
2013-03-06,2870.4216,2885.3940,2861.8662,2868.2827,2854.6890,1444634
2013-03-07,2874.6997,2932.2791,2874.6997,2901.4360,2887.6858,1732262
2013-03-08,2916.4084,2935.1880,2904.2969,2934.5891,2920.6821,2317976
2013-03-11,2929.2417,2941.1770,2921.7556,2941.0059,2927.0688,1215311
2013-03-12,2929.2417,2952.6523,2921.7556,2938.8669,2924.9380,1230406
2013-03-13,2926.0334,2935.3376,2916.4084,2931.3809,2917.4875,2172042
2013-03-14,2935.6587,2955.9783,2911.0610,2938.8669,2924.9380,2285179
2013-03-15,2932.4502,2942.0752,2907.8528,2924.9641,2911.1021,3309077
2013-03-18,2872.5605,2929.2417,2869.3523,2924.9641,2911.1021,2054875
2013-03-19,2921.7556,2957.2349,2916.4084,2944.2141,2930.2605,1731664
2013-03-20,2953.8394,2973.0896,2939.9363,2955.9783,2941.9685,2294073
2013-03-21,2941.0059,2942.6902,2906.7832,2923.8945,2910.0371,2526452
2013-03-22,2906.7832,2967.8760,2905.7139,2945.2837,2931.3254,1920623
2013-03-25,2958.1172,2975.2285,2943.8452,2954.9087,2940.9043,1927519
2013-03-26,2952.7700,2964.5339,2939.9363,2952.7700,2938.7761,1696368
2013-03-27,2957.0476,2957.0476,2913.2000,2941.0059,2927.0688,2023197
2013-03-28,2936.7280,3000.8955,2933.3059,2977.3674,2963.2563,2520328
2013-04-02,2970.9507,3028.7014,2967.7422,3027.6318,3013.2834,1757428
2013-04-03,3025.4929,3051.1599,3011.5901,3014.7983,3000.5098,1931384
2013-04-04,3027.6318,3027.6318,2949.5615,2951.7004,2937.7114,2705704
2013-04-05,2949.5615,2951.7004,2892.8804,2914.2693,2900.4578,2813784
2013-04-08,2914.2693,2960.2561,2914.2693,2935.6587,2921.7466,2802932
2013-04-09,2948.4922,2952.7163,2905.7139,2922.8252,2908.9739,2050428
2013-04-10,2924.9641,2975.2285,2923.8945,2970.9507,2956.8713,2167982
2013-04-11,2966.6729,3003.3264,2958.1172,2985.9231,2971.7717,1689679
2013-04-12,2983.7842,2991.2703,2964.5339,2985.9231,2971.7717,1342210
2013-04-15,2989.1313,3001.9648,2972.0200,2999.8259,2985.6096,1784180
2013-04-16,2985.9231,2991.2703,2963.4646,2969.8811,2955.8057,1357465
2013-04-17,2980.5757,2989.1313,2943.1448,2951.7004,2937.7114,3674214
2013-04-18,2952.7700,2962.3950,2850.1021,2952.7700,2938.7761,3314021
2013-04-19,2968.8118,2972.0200,2916.4084,2968.8118,2954.7422,2422142
2013-04-22,2983.7842,3002.1787,2948.4922,2955.9783,2941.9685,1744275
2013-04-23,2953.8394,3024.4236,2953.8394,3024.4236,3010.0903,2580949
2013-04-24,3031.9097,3054.3684,3021.2151,3042.6042,3028.1853,2471006
2013-04-25,2939.9363,2997.6870,2923.6709,2951.7004,2937.7114,4929068
2013-04-26,2943.1448,2970.9507,2936.7280,2959.1865,2945.1619,1641452
2013-04-29,2965.6035,2999.8259,2955.9783,2999.8259,2985.6096,2943730
2013-04-30,2992.3398,3004.1038,2955.9783,2979.5063,2965.3853,2654597
2013-05-01,2983.7842,3004.1038,2983.7842,2989.1313,2974.9653,1505333
2013-05-02,2979.5063,2990.2009,2953.8394,2970.9507,2956.8713,3363863
2013-05-03,2978.4370,2997.4731,2970.9507,2985.9231,2971.7717,2199896
2013-05-07,2970.9507,2996.6177,2970.9507,2994.4788,2980.2881,2591384
2013-05-08,2981.6453,2990.2009,2958.1172,2966.6729,2952.8667,2115163
2013-05-09,2961.3254,2961.3254,2936.7280,2949.5615,2935.8352,2072168
2013-05-10,2950.6311,2972.0200,2941.0059,2966.6729,2952.8667,1715985
2013-05-13,2964.5339,2985.9231,2964.5339,2983.7842,2969.8997,1658456
2013-05-14,2995.5481,3018.0066,2985.1743,3018.0066,3003.9629,2212694
2013-05-15,3031.9097,3058.6460,3023.5679,3050.0903,3035.8962,2181109
2013-05-16,3053.2988,3060.7849,3032.9790,3037.2571,3023.1235,2030469
2013-05-17,3026.5625,3043.6736,2994.4788,3042.6042,3028.4460,3369519
2013-05-20,3050.0903,3058.6460,3037.2571,3051.1599,3036.9604,1101951
2013-05-21,3044.7432,3065.0627,3030.8401,3065.0627,3050.7991,2170472
2013-05-22,3063.9934,3090.7297,3055.4377,3085.3826,3071.0247,3212600
2013-05-23,3041.5349,3075.7573,3041.5349,3065.0627,3050.7991,3021564
2013-05-24,3070.4102,3088.5908,3041.5349,3060.7849,3046.5422,1671597
2013-05-28,3080.0352,3109.9800,3074.6880,3083.2437,3068.8955,2105840
2013-05-29,3044.7432,3067.2019,3023.3540,3024.4236,3010.3491,2390712
2013-05-30,3027.6318,3037.2571,3000.8955,3018.0066,3003.9629,1953305
2013-05-31,3014.7983,3016.9373,2951.1636,2967.7422,2953.9314,3013561
2013-06-03,2949.5615,2985.9231,2921.7556,2947.4226,2933.7073,2636500
2013-06-04,2961.3254,2981.4580,2944.2141,2947.4226,2933.7073,2381857
2013-06-05,2941.0059,2956.7002,2883.2551,2883.2551,2869.8369,2011128
2013-06-06,2887.5330,2904.6443,2844.7549,2844.7549,2831.5171,2039149
2013-06-07,2845.8242,2889.6719,2824.4351,2873.6301,2860.2585,2518052
2013-06-10,2866.1438,2875.7690,2850.1021,2860.7966,2847.4839,1978805
2013-06-11,2850.1021,2859.7273,2798.4688,2834.0603,2820.8718,3730245
2013-06-12,2831.9214,2855.4492,2826.5740,2832.9907,2819.8071,2615627
2013-06-13,2800.9070,2819.0879,2789.1431,2816.9490,2803.8403,2637493
2013-06-14,2821.2268,2828.1033,2795.5598,2807.3237,2794.2595,2246402
2013-06-17,2815.8794,2853.3103,2811.6016,2839.4075,2826.1946,1790569
2013-06-18,2836.1992,2854.3799,2823.3655,2842.6160,2829.3884,1708371
2013-06-19,2846.8938,2865.0745,2831.9214,2859.7273,2846.4192,2325782
2013-06-20,2821.2268,2828.7129,2736.7395,2742.0869,2729.3259,3527207
2013-06-21,2747.4341,2782.7263,2730.3230,2730.3230,2717.6174,5084581
2013-06-24,2727.1145,2733.5312,2672.5723,2690.7529,2678.2319,3450338
2013-06-25,2713.2117,2713.2117,2684.3362,2704.6560,2692.0691,2605080
2013-06-26,2705.7253,2772.0317,2695.0308,2770.9624,2758.0676,2924636
2013-06-27,2777.3789,2840.4768,2762.4065,2829.7825,2816.6145,3116356
2013-06-28,2853.3103,2861.8662,2837.2686,2846.8938,2833.6465,4394306
2013-07-01,2861.8662,2876.8384,2820.1572,2860.7966,2847.4839,2497868
2013-07-02,2868.2827,2875.5818,2841.5464,2870.4216,2857.0642,1671762
2013-07-03,2846.8938,2852.2410,2809.4626,2830.8518,2817.6790,2166601
2013-07-04,2853.3103,2934.5891,2846.8938,2931.3809,2917.7395,1927689
2013-07-05,2936.7280,2974.1589,2904.6443,2919.6167,2906.0308,2173865
2013-07-08,2945.2837,2954.4702,2927.1028,2933.5198,2919.8672,1689162
2013-07-09,2946.3533,2967.2344,2934.5891,2953.8394,2940.0938,1301322
2013-07-10,2950.6311,2968.8118,2928.1724,2957.0476,2943.2876,1373535
2013-07-11,2982.7146,3009.4512,2966.6729,2980.5757,2966.7056,2007609
2013-07-12,2995.5481,3015.8679,2985.9231,2989.1313,2975.2209,2100429
2013-07-15,3005.1733,3024.5925,3000.8955,3015.8679,3001.8330,1231031
2013-07-16,3028.7014,3035.1182,2990.2009,2996.6177,2982.6733,1679486
2013-07-17,2969.8811,2976.4724,2921.7556,2947.4226,2933.7073,2727928
2013-07-18,2948.4922,2977.3674,2935.5623,2958.1172,2944.3516,1468322
2013-07-19,2950.6311,2954.9087,2911.0610,2945.2837,2931.5776,3069937
2013-07-22,2948.4922,2993.9182,2916.4084,2923.8945,2910.2883,1689934
2013-07-23,2919.6167,2946.3533,2902.5054,2902.5054,2888.9980,1463758
2013-07-24,2899.2971,2943.4688,2888.6025,2906.7832,2893.2568,1591970
2013-07-25,2887.5330,2893.0942,2839.4075,2861.8662,2848.5486,2624983
2013-07-26,2875.7690,2876.8384,2795.5598,2801.9766,2788.9375,2475812
2013-07-29,2818.0183,2843.6853,2800.9456,2824.4351,2811.2920,1535716
2013-07-30,2839.4075,2853.6238,2832.9907,2839.4075,2826.1946,1793419
2013-07-31,2840.4768,2874.6997,2836.5200,2854.3799,2841.0967,2505689
2013-08-01,2871.4912,2903.5750,2868.2827,2896.0886,2882.6116,1766735
2013-08-02,2911.0610,2913.2000,2872.5605,2882.1858,2868.7739,1989141
2013-08-05,2891.8108,2915.3389,2869.0527,2884.3247,2870.9028,1438258
2013-08-06,2867.2134,2878.9773,2826.5740,2864.0049,2850.6777,1957998
2013-08-07,2838.3379,2841.0918,2750.6426,2750.6426,2738.0896,3451778
2013-08-08,2759.1982,2765.6150,2723.9062,2749.5730,2737.0271,2274651
2013-08-09,2764.5454,2788.9536,2744.2258,2776.3096,2763.6411,1444647
2013-08-12,2778.4485,2782.7263,2763.4761,2767.7539,2755.1250,1266810
2013-08-13,2774.1707,2800.9070,2774.1707,2799.8376,2787.0615,1705998
2013-08-14,2801.9766,2809.4626,2784.8652,2789.1431,2776.4165,1929664
2013-08-15,2791.2820,2802.9668,2729.2534,2747.4341,2734.8960,2069516
2013-08-16,2754.9204,2779.6355,2740.8303,2751.7119,2739.1562,2196953
2013-08-19,2751.7119,2757.0593,2731.0845,2741.0176,2728.5100,1393890
2013-08-20,2735.6702,2735.6702,2702.5171,2722.8367,2710.4124,2692000
2013-08-21,2728.1841,2728.1841,2677.9194,2681.1279,2668.8943,3674045
2013-08-22,2682.1973,2706.7949,2680.4263,2703.5864,2691.2500,1747774
2013-08-23,2700.3782,2731.3923,2678.9890,2726.0452,2713.6057,1545806
2013-08-27,2723.9062,2737.8091,2683.2668,2689.6836,2677.4097,2019741
2013-08-28,2680.0583,2683.2668,2648.7522,2658.6692,2646.5376,1715018
2013-08-29,2659.7388,2663.9268,2626.5857,2642.6274,2630.5693,2414637
2013-08-30,2645.8357,2655.4609,2625.5161,2629.7939,2617.7944,2560133
2013-09-02,2644.7664,2666.1555,2639.4192,2657.5999,2645.4734,1354220
2013-09-03,2657.5999,2659.7388,2628.4326,2630.8633,2618.8577,1649819
2013-09-04,2630.8633,2635.1414,2587.8755,2598.7798,2586.9216,2034172
2013-09-05,2606.2659,2635.1414,2592.1758,2608.4048,2596.5022,2567217
2013-09-06,2608.4048,2633.3948,2597.7102,2627.6550,2615.6646,2529812
2013-09-09,2646.9053,2657.5999,2594.5020,2606.2659,2594.3738,2405907
2013-09-10,2629.7939,2666.1555,2629.7939,2654.3916,2642.2793,2490455
2013-09-11,2662.9470,2662.9470,2627.6550,2638.3496,2626.3105,2051748
2013-09-12,2635.1414,2646.9053,2626.5857,2630.8633,2618.8577,1513099
2013-09-13,2630.8633,2649.0442,2622.3079,2638.3496,2626.3105,1505157
2013-09-16,2666.1555,2670.5479,2643.6970,2665.0859,2652.9250,1721090
2013-09-17,2666.1555,2695.7612,2666.1555,2687.5447,2675.2820,2152563
2013-09-18,2687.5447,2687.5447,2667.2251,2678.9890,2666.7642,1445356
2013-09-19,2738.8787,2783.7957,2736.7395,2767.7539,2755.1250,3834532
2013-09-20,2753.8508,2782.7263,2746.3647,2764.5454,2751.9304,3064285
2013-09-23,2769.8928,2780.3296,2733.5312,2744.2258,2731.7041,1698070
2013-09-24,2743.1565,2749.5730,2698.2393,2699.3086,2686.9915,2932824
2013-09-25,2695.0308,2701.4475,2662.9470,2678.9890,2666.7642,2198903
2013-09-26,2683.2668,2696.1003,2667.0217,2678.9890,2666.7642,1305652
2013-09-27,2671.5027,2677.9194,2618.0298,2627.6550,2615.6646,2522054
2013-09-30,2598.7798,2623.5398,2597.7102,2609.4744,2597.5667,2287079
2013-10-01,2503.5981,2521.8430,2497.1814,2521.7788,2510.2710,5124889
2013-10-02,2510.0149,2512.1538,2472.0491,2480.0701,2468.7537,3046516
2013-10-03,2485.4172,2534.6123,2479.0005,2531.4041,2519.8540,2887828
2013-10-04,2536.7512,2542.0984,2524.9873,2530.3345,2518.7883,2468185
2013-10-07,2528.1956,2536.7512,2507.9934,2536.7512,2525.1755,1778212
2013-10-08,2532.4734,2538.4624,2505.4524,2512.1538,2500.6902,2569274
2013-10-09,2508.9453,2521.7788,2489.6951,2514.2925,2502.8198,1755007
2013-10-10,2527.1262,2527.1262,2490.1111,2516.4316,2504.9487,1960461
2013-10-11,2529.2649,2549.9270,2508.9453,2541.0291,2529.4338,2228412
2013-10-14,2537.8208,2556.8838,2536.7512,2548.5154,2536.8862,1515739
2013-10-15,2561.3486,2587.0156,2561.3486,2569.9043,2558.1775,2413577
2013-10-16,2557.0708,2577.0012,2538.8901,2565.6267,2553.9194,1943986
2013-10-17,2573.1128,2618.2300,2569.9043,2613.7522,2601.8250,2304676
2013-10-18,2629.7939,2643.6970,2625.2156,2637.2803,2625.2466,2208150
2013-10-21,2640.4885,2640.4885,2622.0447,2637.2803,2625.2466,1287293
2013-10-22,2635.1414,2676.2554,2627.9888,2656.5305,2644.4084,1646077
2013-10-23,2660.8081,2685.9724,2660.8081,2669.3640,2657.1836,1693285
2013-10-24,2667.2251,2692.8918,2645.8357,2683.2668,2671.0222,1472839
2013-10-25,2674.7112,2684.3362,2642.6274,2666.1555,2653.9895,3083463
2013-10-28,2668.2944,2696.1003,2655.4609,2695.0308,2682.7327,1142749
2013-10-29,2706.7949,2726.7251,2706.7949,2724.9756,2712.5417,1984233
2013-10-30,2728.1841,2728.1841,2693.2480,2698.2393,2685.9263,1698179
2013-10-31,2696.1003,2711.4363,2688.6140,2700.3782,2688.0562,2721540
2013-11-01,2704.6560,2704.6560,2659.7388,2681.1279,2668.8943,2205851
2013-11-04,2684.3362,2710.0032,2683.5854,2705.7253,2693.3787,1293895
2013-11-05,2710.0032,2713.2117,2682.1973,2711.0728,2698.7012,1993213
2013-11-06,2684.3362,2709.6289,2643.6970,2651.1831,2639.3354,5717744
2013-11-07,2654.3916,2676.8501,2630.6763,2639.4192,2627.6238,3177062
2013-11-08,2630.8633,2645.8357,2622.9922,2635.1414,2623.3655,1895509
2013-11-11,2642.6274,2657.5999,2636.8523,2650.1135,2638.2703,1133124
2013-11-12,2652.2527,2674.1348,2644.7664,2659.7388,2647.8523,1538257
2013-11-13,2655.4609,2668.5940,2621.2383,2629.7939,2618.0425,1975401
2013-11-14,2657.5999,2665.0859,2634.4568,2635.1414,2623.3655,3034847
2013-11-15,2637.2803,2644.7664,2623.3772,2636.2107,2624.4285,1863619
2013-11-18,2627.6550,2667.0378,2625.5161,2664.0166,2652.1116,1370784
2013-11-19,2652.2527,2671.5027,2645.8357,2668.2944,2656.3701,1512133
2013-11-20,2659.7388,2688.6140,2649.0442,2668.2944,2656.3701,2076457
2013-11-21,2659.7388,2659.7388,2642.6274,2644.7664,2632.9465,1183704
2013-11-22,2647.9746,2660.8081,2624.4468,2634.0718,2622.2998,1146973
2013-11-25,2662.9470,2684.3362,2662.9470,2681.1279,2669.1465,1299630
2013-11-26,2678.9890,2683.2668,2635.1414,2635.1414,2623.3655,2118048
2013-11-27,2638.3496,2643.5259,2628.7246,2630.8633,2619.1052,1421973
2013-11-28,2629.7939,2653.3220,2623.3772,2646.9053,2635.0754,1695202
2013-11-29,2642.6274,2660.2949,2638.3496,2640.4885,2628.6887,1194296
2013-12-02,2640.4885,2651.3147,2588.0852,2599.8491,2588.2310,2174491
2013-12-03,2601.9880,2609.4744,2574.1821,2585.9463,2574.3894,1623062
2013-12-04,2585.9463,2611.1213,2578.4600,2585.9463,2574.3894,1966290
2013-12-05,2585.9463,2614.8215,2583.8074,2600.9187,2589.2957,1595791
2013-12-06,2605.1965,2637.2803,2597.7102,2636.2107,2624.4285,1646954
2013-12-09,2641.5581,2646.9053,2614.2549,2646.9053,2635.0754,1750175
2013-12-10,2636.2107,2646.9053,2624.4468,2624.4468,2612.7183,1376409
2013-12-11,2621.2383,2628.7246,2591.2935,2592.3630,2580.7776,2021106
2013-12-12,2587.0156,2595.4858,2543.1680,2559.2097,2547.7732,2487132
2013-12-13,2551.7236,2560.5681,2539.9597,2550.6543,2539.2561,1476279
2013-12-16,2546.3762,2580.5991,2535.1160,2580.5991,2569.0659,1568579
2013-12-17,2574.1821,2577.3906,2551.7236,2551.7236,2540.3196,1863261
2013-12-18,2565.6267,2568.8350,2527.1262,2532.4734,2521.1558,2841361
2013-12-19,2552.7932,2569.9043,2539.9597,2564.5571,2553.0962,2402256
2013-12-20,2574.1821,2595.5713,2564.6641,2595.5713,2583.9712,2971422
2013-12-23,2605.1965,2610.5437,2584.8767,2608.4048,2596.7480,1035228
2013-12-24,2607.3354,2621.2383,2599.8491,2616.9604,2605.2649,361473
2013-12-27,2627.6550,2657.4126,2627.6550,2644.7664,2632.9465,944099
2013-12-30,2647.9746,2662.8938,2633.0022,2643.6970,2631.8823,1168818
2013-12-31,2650.1135,2654.3916,2634.5798,2654.3916,2642.5291,286911
2014-01-02,2651.1831,2658.6692,2600.9187,2605.1965,2593.5540,1732046
2014-01-03,2619.0994,2623.9333,2603.9399,2614.8215,2603.1365,1307371
2014-01-06,2610.5437,2621.2383,2597.7102,2610.5437,2598.8770,1339578
2014-01-07,2618.0298,2628.9651,2608.1055,2612.6826,2601.0073,1308384
2014-01-08,2619.0994,2620.1689,2568.8350,2576.3210,2564.8076,1742237
2014-01-09,2566.6960,2569.7974,2526.0566,2534.6123,2523.2854,2773590
2014-01-10,2554.9319,2564.1218,2538.9329,2553.8625,2542.4507,4408002
2014-01-13,2566.6960,2575.4656,2536.9919,2568.8350,2557.3552,2383102
2014-01-14,2552.7932,2594.5020,2546.3762,2580.5991,2569.0659,1606297
2014-01-15,2566.6960,2573.1128,2542.4580,2573.1128,2561.6133,2555722
2014-01-16,2570.9739,2603.0576,2568.7280,2600.9187,2589.2957,2812115
2014-01-17,2608.4048,2624.4468,2575.2517,2592.3630,2580.7776,3842372
2014-01-20,2585.9463,2606.2659,2580.5991,2606.2659,2594.6191,1693013
2014-01-21,2695.0308,2735.6702,2645.8357,2652.2527,2640.3997,5212536
2014-01-22,2673.6416,2695.0308,2667.2251,2678.9890,2667.0168,2504967
2014-01-23,2681.1279,2690.7529,2657.5999,2665.0859,2653.1758,2293157
2014-01-24,2672.5723,2682.1973,2631.9329,2636.2107,2624.4285,2781932
2014-01-27,2640.4885,2662.9470,2596.6409,2603.0576,2591.4248,3081502
2014-01-28,2606.2659,2613.7522,2572.0432,2579.5295,2568.0027,2225764
2014-01-29,2604.1270,2612.6826,2537.8208,2557.0708,2545.6433,2515496
2014-01-30,2545.3069,2547.1785,2493.9729,2521.7788,2510.5085,3353876
2014-01-31,2518.5706,2539.9597,2458.6809,2501.4592,2490.2810,4030254
2014-02-03,2504.6675,2523.9177,2491.8340,2501.4592,2490.2810,3737455
2014-02-04,2499.3203,2507.8760,2474.7227,2489.6951,2478.5686,2605425
2014-02-05,2470.4448,2495.6841,2450.8203,2466.1670,2455.3911,2240030
2014-02-06,2477.9312,2517.5010,2467.5574,2512.1538,2501.1780,2343722
2014-02-07,2523.9177,2531.4041,2489.6951,2527.1262,2516.0847,1777548
2014-02-10,2539.9597,2548.5154,2530.3345,2539.9597,2528.8618,1535080
2014-02-11,2545.3069,2562.4182,2536.7512,2562.4182,2551.2229,2344949
2014-02-12,2564.5571,2569.9043,2523.9177,2527.1262,2516.0847,2681601
2014-02-13,2516.4316,2549.9580,2505.7371,2523.9177,2512.8899,2022629
2014-02-14,2527.1262,2530.3345,2503.5981,2512.1538,2501.1780,2023948
2014-02-17,2516.4316,2557.0708,2499.3203,2552.7932,2541.6409,1227663
2014-02-18,2560.2793,2587.0156,2544.2373,2582.7378,2571.4541,2330485
2014-02-19,2580.5991,2604.1270,2509.7656,2591.2935,2579.9717,1985533
2014-02-20,2573.1128,2607.3354,2564.5571,2607.3354,2595.9438,2508426
2014-02-21,2618.0298,2622.3079,2595.2505,2608.4048,2597.0088,2505185
2014-02-24,2608.4048,2653.5574,2605.1965,2645.8357,2634.2764,2750924
2014-02-25,2634.0718,2645.8357,2610.5437,2642.6274,2631.0825,4506976
2014-02-26,2644.7664,2647.9746,2615.8911,2616.9604,2605.5266,4191460
2014-02-27,2616.9604,2625.5161,2581.6685,2612.6826,2601.2688,2385089
2014-02-28,2614.8215,2640.0288,2601.9880,2610.5437,2599.1375,3610146
2014-03-03,2582.7378,2592.3630,2554.3450,2561.3486,2550.1584,2278345
2014-03-04,2588.0852,2635.1414,2587.2971,2634.0718,2622.5637,1892248
2014-03-05,2627.6550,2630.0613,2601.9880,2614.8215,2603.3979,3319293
2014-03-06,2620.1689,2624.4468,2596.6409,2600.9187,2589.5552,3673071
2014-03-07,2603.0576,2620.1689,2589.1545,2589.1545,2577.8420,2673077
2014-03-10,2591.2935,2612.6826,2575.2517,2581.6685,2570.3896,2598036
2014-03-11,2574.1821,2580.4919,2544.2373,2550.6543,2539.5112,4157662
2014-03-12,2548.5154,2549.5847,2520.7095,2538.8901,2527.7979,4115465
2014-03-13,2546.3762,2553.8625,2518.5706,2518.5706,2507.5669,2231837
2014-03-14,2515.3621,2544.2373,2515.3621,2535.6819,2524.6035,3625735
2014-03-17,2527.1262,2541.0291,2514.2925,2534.6123,2523.5386,3057612
2014-03-18,2527.1262,2562.4182,2511.8330,2556.0015,2544.8354,2835360
2014-03-19,2550.6543,2561.6697,2541.0291,2554.9319,2543.7678,1879201
2014-03-20,2536.7512,2547.4458,2516.4316,2542.0984,2530.9922,1922051
2014-03-21,2544.2373,2588.0852,2544.2373,2588.0852,2576.7781,4294776
2014-03-24,2581.6685,2596.6409,2539.4355,2594.5020,2583.1670,2516921
2014-03-25,2604.1270,2640.4885,2596.6409,2640.4885,2628.9521,2857884
2014-03-26,2646.9053,2673.6416,2642.6274,2654.3916,2642.7937,2350208
2014-03-27,2641.5581,2680.0583,2627.6550,2678.9890,2667.2847,2257992
2014-03-28,2683.2668,2736.7395,2650.4270,2734.6006,2722.6531,4420656
2014-03-31,2743.1565,2756.3108,2733.1570,2738.8787,2726.9128,3575911
2014-04-01,2739.9480,2739.9480,2707.8643,2730.3230,2718.3945,2734711
2014-04-02,2728.1841,2739.9480,2702.5171,2723.9062,2712.0046,2188002
2014-04-03,2722.8367,2727.1145,2707.8643,2715.3506,2703.4875,2674163
2014-04-04,2721.7671,2721.7671,2703.5864,2714.2810,2702.4224,4006107
2014-04-07,2697.1697,2717.4895,2695.0308,2713.2117,2701.3569,3687918
2014-04-08,2714.2810,2788.0735,2714.2810,2787.0042,2774.8284,3890013
2014-04-09,2790.2124,2811.6016,2782.7263,2793.4209,2781.2158,2704172
2014-04-10,2793.4209,2812.6711,2779.5178,2804.1155,2791.8635,2048327
2014-04-11,2782.7263,2819.0879,2782.7263,2818.0183,2805.7061,3004283
2014-04-14,2808.3933,2859.7273,2803.0459,2847.9631,2835.5203,3462905
2014-04-15,2840.4768,2850.1021,2807.3237,2814.8101,2802.5117,2965046
2014-04-16,2821.2268,2832.9907,2787.0042,2804.1155,2791.8635,3447219
2014-04-17,2804.1155,2805.1848,2758.8774,2798.7681,2786.5400,3832351
2014-04-22,2800.9070,2813.0454,2788.0735,2790.2124,2778.0215,2178303
2014-04-23,2797.6987,2818.0183,2753.2083,2816.9490,2804.6416,3488381
2014-04-24,2812.6711,2812.6711,2742.0869,2769.8928,2757.7915,3992731
2014-04-25,2755.9900,2781.9778,2746.3647,2777.3789,2765.2446,2659023
2014-04-28,2780.5874,2800.9070,2777.3789,2796.6292,2784.4097,2959175
2014-04-29,2808.3933,2821.2268,2793.1321,2810.5320,2798.2537,3833213
2014-04-30,2815.8794,2843.6853,2800.9070,2827.6436,2815.2896,3846763
2014-05-01,2831.9214,2834.0066,2799.8376,2803.0459,2790.7991,1224809
2014-05-02,2806.2544,2809.4626,2774.1707,2787.0042,2774.8284,1847514
2014-05-06,2797.6987,2798.7681,2767.7539,2772.0317,2759.9209,1896122
2014-05-07,2751.7119,2778.4485,2746.3647,2777.3789,2765.5071,2555275
2014-05-08,2783.7957,2797.6987,2778.4485,2793.4209,2781.4797,1865652
2014-05-09,2790.2124,2823.3655,2783.7957,2822.2961,2810.2322,1618033
2014-05-12,2823.3655,2829.9214,2805.1848,2829.7825,2817.6868,1730232
2014-05-13,2834.0603,2849.0327,2813.7405,2837.2686,2825.1401,1718483
2014-05-14,2835.1296,2847.9631,2813.7405,2841.5464,2829.4004,1621989
2014-05-15,2840.4768,2879.3518,2832.9907,2873.6301,2861.3472,2699506
2014-05-16,2862.9355,2921.0713,2853.3103,2891.8108,2879.4507,3434232
2014-05-19,2898.2275,2932.8245,2886.4636,2915.3389,2902.8772,2661998
2014-05-20,2918.5474,2923.8945,2867.2134,2881.1162,2868.8010,1788514
2014-05-21,2870.4216,2886.4636,2864.0049,2882.1858,2869.8652,1585411
2014-05-22,2882.1858,2891.9104,2845.1292,2853.3103,2841.1130,3361134
2014-05-23,2849.0327,2872.3894,2832.9907,2849.0327,2836.8545,1418013
2014-05-27,2857.5881,2871.8120,2835.8784,2845.8242,2833.6602,2194331
2014-05-28,2841.5464,2858.6577,2826.5740,2857.5881,2845.3740,1418796
2014-05-29,2854.3799,2889.6079,2854.3799,2869.3523,2857.0872,1395866
2014-05-30,2868.2827,2889.3726,2857.2139,2866.1438,2853.8931,2114396
2014-06-02,2876.8384,2889.5330,2857.5881,2865.0745,2852.8271,1437891
2014-06-03,2862.9355,2894.5381,2857.2673,2878.9773,2866.6709,2022511
2014-06-04,2876.8384,2914.3977,2864.5398,2870.4216,2858.1516,1986711
2014-06-05,2865.0745,2914.2053,2851.1714,2861.8662,2849.6323,3506275
2014-06-06,2869.3523,2873.6301,2810.1577,2814.8101,2802.7778,3556011
2014-06-09,2825.5044,2840.4768,2805.1313,2840.4768,2828.3354,1301935
2014-06-10,2841.5464,2871.4912,2831.9214,2871.4912,2859.2168,1704414
2014-06-11,2871.4912,2886.7844,2857.5881,2864.0049,2851.7629,2605581
2014-06-12,2892.8804,2918.5474,2873.6301,2878.9773,2866.6709,2932560
2014-06-13,2864.0049,2873.9509,2842.6160,2849.0327,2836.8545,2047131
2014-06-16,2838.3379,2856.8396,2830.5310,2841.5464,2829.4004,2326595
2014-06-17,2847.9631,2867.5876,2837.2686,2858.6577,2846.4385,1721435
2014-06-18,2862.9355,2871.8120,2844.7549,2853.3103,2841.1130,2183121
2014-06-19,2872.5605,2886.4636,2864.3794,2867.2134,2854.9573,1837072
2014-06-20,2865.0745,2881.1162,2851.1714,2873.6301,2861.3472,2648251
2014-06-23,2883.2551,2884.3247,2859.4062,2870.4216,2858.1516,1698554
2014-06-24,2881.1162,2891.8108,2872.2397,2886.4636,2874.1262,1535955
2014-06-25,2878.9773,2889.6719,2842.0811,2843.6853,2831.5298,1856790
2014-06-26,2844.7549,2851.1714,2809.4626,2824.4351,2812.3625,1672799
2014-06-27,2830.8518,2839.4075,2818.0183,2821.2268,2809.1675,1488116
2014-06-30,2830.8518,2846.7749,2810.5320,2835.1296,2823.0100,1595659
2014-07-01,2838.3379,2846.8938,2823.3655,2842.6160,2830.4651,1506573
2014-07-02,2841.5464,2918.2114,2836.1992,2843.6853,2831.5298,1485875
2014-07-03,2843.6853,2867.2134,2839.4075,2864.0049,2851.7629,1171215
2014-07-04,2857.5881,2938.0371,2843.6853,2857.5881,2845.3740,1007842
2014-07-07,2855.4492,2917.3291,2832.6699,2842.6160,2830.4651,1293906
2014-07-08,2847.9631,2925.5522,2832.9907,2839.4075,2827.2708,1875082
2014-07-09,2836.1992,2837.2686,2814.8101,2820.1572,2808.1023,1721374
2014-07-10,2823.3655,2827.6436,2776.3096,2778.4485,2766.5723,2624128
2014-07-11,2782.7263,2804.1155,2778.4485,2804.1155,2792.1292,1849671
2014-07-14,2806.2544,2840.4768,2803.0459,2828.7129,2816.6216,1251735
2014-07-15,2820.1572,2883.1953,2791.2820,2793.4209,2781.4797,2027591
2014-07-16,2807.3237,2898.4158,2799.8376,2824.4351,2812.3625,2115425
2014-07-17,2810.5320,2850.1021,2804.1155,2824.4351,2812.3625,1939459
2014-07-18,2807.3237,2822.2961,2798.7681,2814.8101,2802.7778,1732590
2014-07-21,2814.8101,2828.7129,2803.0459,2825.5044,2813.4265,1661564
2014-07-22,2832.9907,2875.7690,2821.2268,2874.6997,2862.4119,2447831
2014-07-23,2860.7966,2979.6709,2853.3103,2869.3523,2857.0872,2691823
2014-07-24,2823.3655,2887.5330,2801.4097,2847.9631,2835.7896,3565986
2014-07-25,2836.1992,2839.5112,2794.4902,2801.9766,2789.9998,1805831
2014-07-28,2807.3237,2831.9214,2795.5598,2812.6711,2800.6484,2142239
2014-07-29,2813.7405,2840.4768,2801.9766,2824.4351,2812.3625,1492064
2014-07-30,2813.7405,2825.5044,2781.6567,2781.6567,2769.7666,2516643
2014-07-31,2747.4341,2778.4485,2737.8091,2748.5037,2736.7566,2895001
2014-08-01,2754.9204,2760.2676,2727.8098,2745.2954,2733.5608,2984939
2014-08-04,2759.1982,2767.7539,2716.4199,2718.5588,2706.9387,2131609
2014-08-05,2721.7671,2763.4761,2721.7671,2739.9480,2728.2363,2058251
2014-08-06,2697.1697,2736.7395,2686.4751,2727.1145,2715.7092,3179973
2014-08-07,2733.5312,2764.5454,2717.4895,2741.0176,2729.5530,3381353
2014-08-08,2731.3923,2739.9480,2703.5864,2722.8367,2711.4482,3312691
2014-08-11,2731.3923,2744.2258,2722.1951,2741.0176,2729.5530,1689109
2014-08-12,2743.1565,2745.2954,2727.8630,2732.4619,2721.0334,2031179
2014-08-13,2752.7815,2765.2407,2729.2930,2763.4761,2751.9185,2170509
2014-08-14,2757.0593,2783.1328,2749.5730,2772.0317,2760.4385,1237131
2014-08-15,2783.7957,2806.2544,2773.1013,2779.5178,2767.8936,2545905
2014-08-18,2790.2124,2798.0730,2781.6567,2790.2124,2778.5430,1404976
2014-08-19,2796.6292,2822.2961,2790.2124,2820.1572,2808.3616,1443242
2014-08-20,2819.0879,2823.3655,2798.7681,2805.1848,2793.4524,1572945
2014-08-21,2811.6016,2834.0603,2809.4626,2825.5044,2813.6865,1473802
2014-08-22,2826.5740,2830.8518,2798.7681,2806.2544,2794.5176,1291288
2014-08-26,2829.7825,2843.6853,2814.8101,2843.6853,2831.7917,1674787
2014-08-27,2832.9907,2839.4075,2780.8538,2830.8518,2819.0127,2073606
2014-08-28,2828.7129,2844.7549,2823.3655,2831.9214,2820.0767,1627492
2014-08-29,2839.4075,2847.2788,2819.0879,2843.6853,2831.7917,1653965
2014-09-01,2840.4768,2852.2410,2831.9214,2844.7549,2832.8572,1086243
2014-09-02,2855.4492,2871.4912,2852.2410,2866.1438,2854.1572,1663177
2014-09-03,2878.9773,2904.6443,2876.8384,2887.5330,2875.4556,2201292
2014-09-04,2889.6719,2929.2417,2889.6719,2917.4778,2905.2761,2499908
2014-09-05,2922.8252,2924.9641,2900.3665,2918.5474,2906.3406,1788752
2014-09-08,2933.5198,2936.7280,2900.3665,2917.4778,2905.2761,2384514
2014-09-09,2908.9221,2914.2693,2877.9080,2898.2275,2886.1064,2104610
2014-09-10,2891.8108,2904.6443,2880.0469,2887.5330,2875.4556,2618088
2014-09-11,2888.6025,2897.1582,2850.1021,2878.9773,2866.9358,2661651
2014-09-12,2878.9773,2895.3755,2871.4912,2883.2551,2871.1968,1841587
2014-09-15,2874.6997,2892.8804,2868.2827,2878.9773,2866.9358,2137130
2014-09-16,2883.2551,2890.4248,2865.1279,2870.4216,2858.4163,2506740
2014-09-17,2864.0049,2871.4912,2791.2820,2800.9070,2789.1931,4802685
2014-09-18,2792.3513,2793.4209,2764.5454,2793.4209,2781.7371,3671598
2014-09-19,2801.9766,2815.2068,2784.8652,2784.8652,2773.2175,4943606
2014-09-22,2782.7263,2788.4585,2774.1707,2781.6567,2770.0232,2082520
2014-09-23,2787.0042,2789.1431,2741.0176,2753.8508,2742.3342,2307072
2014-09-24,2739.9480,2764.5454,2728.8684,2763.4761,2751.9185,2867927
2014-09-25,2757.0593,2763.4761,2723.9062,2729.2534,2717.8391,2532266
2014-09-26,2732.4619,2750.6426,2716.0959,2741.0176,2729.5530,1998342
2014-09-29,2742.0869,2754.9204,2712.1956,2738.8787,2727.4233,2013261
2014-09-30,2738.8787,2769.8928,2732.4619,2764.5454,2752.9827,3035392
2014-10-01,2761.3372,2761.3372,2719.6284,2723.9062,2712.5137,1841348
2014-10-02,2723.9062,2723.9062,2697.1697,2697.1697,2685.8894,2545785
2014-10-03,2708.9338,2723.8955,2697.1697,2718.5588,2707.1890,2044186
2014-10-06,2731.3923,2738.5576,2691.0535,2724.9756,2713.5789,2123862
2014-10-07,2719.6284,2719.9695,2689.6836,2690.7529,2679.5000,1891768
2014-10-08,2682.1973,2715.3506,2682.1973,2711.0728,2699.7336,3247734
2014-10-09,2735.6702,2741.0176,2706.7949,2717.4895,2706.1230,2512212
2014-10-10,2719.6284,2735.4563,2683.2668,2683.2668,2672.0444,3102982
2014-10-13,2671.5027,2686.4751,2607.3354,2685.4058,2674.1733,2769448
2014-10-14,2669.3640,2704.6560,2643.6970,2701.4475,2690.1487,3724719
2014-10-15,2712.1421,2733.4351,2654.3916,2655.4609,2644.3545,4036770
2014-10-16,2670.4333,2746.3647,2588.0852,2616.9604,2606.0154,5993379
2014-10-17,2610.5437,2673.6416,2597.7102,2671.5027,2660.3291,3851629
2014-10-20,2659.7388,2675.7805,2634.0718,2661.8777,2650.7444,2736428
2014-10-21,2650.1135,2702.5171,2636.2107,2702.5171,2691.2144,2938651
2014-10-22,2700.3782,2710.0032,2674.5271,2710.0032,2698.6680,2990763
2014-10-23,2621.2383,2656.5305,2596.6409,2609.4744,2598.5603,7080527
2014-10-24,2598.7798,2607.3354,2563.4878,2573.1128,2562.3503,5015895
2014-10-27,2601.9880,2618.0298,2581.6685,2595.5713,2584.7151,3175921
2014-10-28,2612.6826,2629.6870,2612.6826,2626.5857,2615.6006,2930299
2014-10-29,2640.4885,2660.8081,2622.4148,2647.9746,2636.9001,2271848
2014-10-30,2660.8081,2660.8081,2611.6133,2646.9053,2635.8345,3397983
2014-10-31,2680.0583,2712.1421,2676.4897,2688.6140,2677.3682,3946360
2014-11-03,2691.8225,2691.8225,2642.6274,2646.9053,2635.8345,3446723
2014-11-04,2652.2527,2673.6416,2627.1204,2656.5305,2645.4202,4865128
2014-11-05,2678.9890,2699.3086,2678.9890,2687.5447,2676.3054,2693918
2014-11-06,2658.6692,2696.1003,2658.6692,2695.0308,2684.0120,3208281
2014-11-07,2703.5864,2715.3506,2667.2251,2686.4751,2675.4917,2237740
2014-11-10,2696.1003,2721.7671,2688.5286,2721.7671,2710.6399,2929102
2014-11-11,2724.9756,2748.5037,2718.6658,2746.3647,2735.1362,2341699
2014-11-12,2738.8787,2744.2258,2720.6978,2734.6006,2723.4199,1882020
2014-11-13,2745.2954,2783.7957,2745.2954,2775.2400,2763.8936,2013814
2014-11-14,2783.7957,2791.2820,2760.3159,2785.9346,2774.5437,1967076
2014-11-17,2773.1013,2782.7263,2752.9634,2778.4485,2767.0894,1904199
2014-11-18,2790.2124,2816.9490,2784.8652,2797.6987,2786.2612,2066709
2014-11-19,2800.9070,2821.2268,2798.7681,2821.2268,2809.6924,2063890
2014-11-20,2810.5320,2826.5740,2808.3933,2824.4351,2812.8879,1685602
2014-11-21,2826.5740,2854.3799,2813.7405,2840.4768,2828.8640,2526253
2014-11-24,2840.4768,2862.9355,2835.1296,2841.5464,2829.9287,1924011
2014-11-25,2832.9907,2850.1021,2803.0459,2813.7405,2802.2371,2814029
2014-11-26,2816.9490,2836.1992,2816.6367,2820.1572,2808.6265,1659837
2014-11-27,2822.2961,2868.2827,2811.7085,2862.9355,2851.2310,1483319
2014-11-28,2870.4216,2901.4360,2859.7273,2893.9497,2882.1182,1969007
2014-12-01,2884.3247,2903.5750,2865.0745,2873.6301,2861.8818,1496821
2014-12-02,2873.6301,2911.7595,2856.5188,2892.8804,2881.0522,1964255
2014-12-03,2883.2551,2896.1326,2858.6577,2861.8662,2850.1646,1426296
2014-12-04,2868.2827,2954.9087,2853.3103,2866.1438,2854.4265,4432773
2014-12-05,2880.0469,2918.5474,2880.0469,2918.5474,2906.6147,2025430
2014-12-08,2906.7832,2916.4084,2884.3247,2901.4360,2889.5737,1455895
2014-12-09,2886.4636,2907.8528,2845.8242,2849.0327,2837.3843,1865086
2014-12-10,2843.6853,2871.4912,2842.6160,2844.7549,2833.1243,1768695
2014-12-11,2846.8938,2871.4912,2834.3318,2838.3379,2826.7332,2410048
2014-12-12,2826.5740,2840.4768,2766.6843,2766.6843,2755.3733,2379376
2014-12-15,2753.8508,2779.5178,2715.3506,2718.5588,2707.4443,2747115
2014-12-16,2719.6284,2755.9900,2671.5027,2751.7119,2740.4626,4005182
2014-12-17,2723.9062,2755.7759,2699.9407,2739.9480,2728.7461,2812806
2014-12-18,2767.7539,2811.6016,2737.8091,2810.5320,2799.0408,3307154
2014-12-19,2839.4075,2844.7549,2773.1013,2811.6016,2800.1062,5223748
2014-12-22,2826.5740,2853.3103,2819.0879,2835.1296,2823.5378,1445091
2014-12-23,2851.1714,2873.6301,2842.6160,2856.5188,2844.8389,1116245
2014-12-24,2855.4492,2864.8723,2839.4075,2854.3799,2842.7097,266900
2014-12-29,2859.7273,2866.1438,2815.8794,2852.2410,2840.5798,1519436
2014-12-30,2835.1296,2845.8242,2800.9070,2805.1848,2793.7158,1150506
2014-12-31,2776.3096,2814.8101,2776.3096,2810.5320,2799.0408,685715
2015-01-02,2810.5320,2820.1572,2758.1289,2787.0042,2775.6096,1398067
2015-01-05,2776.3096,2810.5320,2746.3647,2751.7119,2740.4626,2324303
2015-01-06,2760.2676,2783.7957,2723.9062,2752.7815,2741.5259,2438910
2015-01-07,2775.2400,2790.2124,2739.9695,2770.9624,2759.6328,1589029
2015-01-08,2824.4351,2855.5564,2796.6292,2853.3103,2841.6438,2118264
2015-01-09,2851.1714,2854.3799,2795.0249,2808.3933,2796.9111,1946568
2015-01-12,2818.0183,2869.3523,2818.0183,2864.0049,2852.2957,2560097
2015-01-13,2854.3799,2905.7139,2849.0327,2890.7415,2878.9224,2659484
2015-01-14,2851.1714,2906.7832,2837.2686,2865.0745,2853.3596,3361943
2015-01-15,2883.2551,2921.7556,2815.8794,2921.7556,2909.8110,4234124
2015-01-16,2909.9917,2952.0813,2903.1899,2937.7976,2925.7871,2948154
2015-01-19,2939.9363,2952.7700,2911.0610,2918.5474,2906.6147,2868084
2015-01-20,2859.7273,2912.1306,2845.8242,2901.4360,2889.5737,5405808
2015-01-21,2916.4084,2970.9507,2842.7720,2970.9507,2958.8044,6146105
2015-01-22,2977.3674,2978.4370,2916.4084,2978.4370,2966.2598,4667166
2015-01-23,3010.5205,3056.5071,2992.3398,3052.2295,3039.7507,3620569
2015-01-26,3054.3684,3096.0771,3044.7432,3092.8687,3080.2229,3542964
2015-01-27,3090.7297,3201.0208,3066.1323,3086.4519,3073.8325,3289240
2015-01-28,3116.3967,3127.0913,3075.7573,3098.2161,3085.5481,2849345
2015-01-29,3099.2854,3161.3140,3089.6604,3157.0361,3144.1287,3194688
2015-01-30,3173.0779,3173.0779,3121.7439,3133.5081,3120.6978,3379926
2015-02-02,3131.3691,3141.5291,3083.2437,3116.3967,3103.6555,2715080
2015-02-03,3123.8831,3127.0913,3091.7993,3099.2854,3086.6138,2722285
2015-02-04,3100.3550,3106.7717,3043.1389,3084.3130,3071.7031,4163863
2015-02-05,3052.2295,3073.6184,3018.0066,3031.9097,3019.7529,2659508
2015-02-06,3030.8401,3041.5349,2991.2703,2996.6177,2984.6023,3206523
2015-02-09,2982.7146,3005.1733,2946.3533,2998.7566,2986.7336,2954428
2015-02-10,3008.3816,3022.2847,2981.6453,3006.2427,2994.1897,2894285
2015-02-11,2992.3398,3020.1458,2990.2009,3014.7983,3002.7109,1983988
2015-02-12,3006.2427,3022.2847,2975.2285,2989.1313,2977.1477,2875430
2015-02-13,2999.8259,3022.2847,2968.8118,2982.7146,2970.7561,2266299
2015-02-16,2986.9924,2987.5581,2924.9641,2939.9363,2928.1501,2229496
2015-02-17,2930.3113,2998.7566,2918.5474,2995.5481,2983.5376,2370817
2015-02-18,3000.8955,3004.1038,2942.0752,2962.3950,2950.5176,2095336
2015-02-19,2969.8811,3012.9268,2969.8811,2999.8259,2987.7986,2386280
2015-02-20,2999.8259,3000.8955,2962.3950,2994.4788,2982.4727,3436189
2015-02-23,3014.7983,3048.6467,2998.2217,3039.3960,3027.2097,2685451
2015-02-24,3044.7432,3125.9834,3021.2151,3059.7156,3047.4480,2773161
2015-02-25,3059.7156,3059.7156,3016.9373,3038.3264,3026.1450,2317293
2015-02-26,3045.8125,3128.8325,3019.0762,3067.2019,3054.9036,2443135
2015-02-27,3068.2712,3074.9553,3045.8125,3065.0627,3052.7742,1952230
2015-03-02,3062.9238,3096.2375,3058.6460,3074.6880,3062.3601,2276849
2015-03-03,3089.6604,3116.3967,3064.2607,3070.4102,3058.0996,2635756
2015-03-04,3066.1323,3083.1152,3043.6736,3080.0352,3067.6855,1872670
2015-03-05,3080.0352,3117.4663,3072.5491,3115.3274,3102.8357,3251871
2015-03-06,3109.9800,3122.8135,3070.4102,3070.4102,3058.0996,2772304
2015-03-09,3047.9514,3056.5071,3016.9373,3024.4236,3012.2974,2481880
2015-03-10,3019.0762,3040.4653,2993.4092,2993.4092,2981.4072,3301197
2015-03-11,2998.7566,3032.0701,2981.6453,3019.0762,3006.9714,2670488
2015-03-12,3011.5901,3030.8401,3005.1733,3014.7983,3002.7109,2285008
2015-03-13,3024.4236,3046.8821,3016.9373,3042.6042,3030.4043,2470509
2015-03-16,3047.9514,3098.2161,3045.8125,3086.4519,3074.0771,2046878
2015-03-17,3089.6604,3108.9106,3066.1323,3080.0352,3067.6855,2500754
2015-03-18,3095.0076,3137.7859,3061.8545,3129.2302,3116.6831,2428659
2015-03-19,3128.1609,3144.3279,3083.2437,3098.2161,3085.7932,2455940
2015-03-20,3111.0496,3122.8135,3091.7993,3101.4243,3088.9890,2573917
2015-03-23,3099.2854,3113.9905,3076.8269,3106.7717,3094.3152,1848808
2015-03-24,3106.7717,3142.0637,3104.6328,3108.9106,3096.4463,2235906
2015-03-25,3120.6746,3132.4387,3073.6184,3080.0352,3067.6855,2189780
2015-03-26,3058.6460,3084.8479,3021.2151,3053.2988,3041.0564,3171234
2015-03-27,3055.4377,3062.9238,3011.5901,3049.0210,3036.7964,2512246
2015-03-30,3083.2437,3109.4453,3067.2019,3087.5215,3075.1423,2728433
2015-03-31,3088.5908,3096.0771,3003.0344,3010.5205,2998.4497,3487633
2015-04-01,2990.2009,3043.4062,2970.9507,3008.3816,2996.3203,4276242
2015-04-02,3022.2847,3065.0627,3005.1733,3054.3684,3042.1223,1761899
2015-04-07,3101.4243,3122.8135,3057.5767,3116.3967,3103.9026,2018246
2015-04-08,3099.2854,3110.2473,3073.6184,3082.1743,3069.8171,1874687
2015-04-09,3098.2161,3130.2998,3086.9868,3121.7439,3109.2273,2306473
2015-04-10,3129.2302,3140.9944,3115.3274,3138.8555,3126.2710,2146766
2015-04-13,3132.4387,3134.5774,3106.7341,3115.3274,3102.8357,1464144
2015-04-14,3104.6328,3128.1609,3091.7993,3113.1885,3100.7065,1719675
2015-04-15,3112.1189,3158.5654,3093.9382,3137.7859,3125.2051,2556233
2015-04-16,3213.7173,3301.4128,3208.3701,3220.1340,3207.2234,6322473
2015-04-17,3208.3701,3226.5508,3173.0779,3199.8145,3186.9849,3851105
2015-04-20,3216.9258,3234.0371,3205.1616,3219.0647,3206.1580,2691032
2015-04-21,3203.0227,3252.3889,3195.5366,3224.4119,3211.4834,2340087
2015-04-22,3234.0371,3240.4536,3183.4197,3192.3281,3179.5288,2762387
2015-04-23,3174.1475,3196.6060,3151.6887,3181.6335,3169.1206,2839309
2015-04-24,3200.8838,3219.0647,3163.0891,3180.5642,3168.0554,2231522
2015-04-27,3190.1892,3203.3757,3134.5774,3185.9116,3173.3813,1974646
2015-04-28,3174.1475,3177.6765,3106.5579,3132.4387,3120.1194,2048291
2015-04-29,3140.9944,3145.2722,3041.5349,3043.6736,3031.7039,2714833
2015-04-30,3043.6736,3070.4102,3011.9321,3065.0627,3053.0093,2890793
2015-05-01,3073.6184,3090.7297,3026.5625,3074.6880,3062.5957,1218251
2015-05-05,3105.7021,3120.6746,3026.5625,3030.8401,3018.9207,3622702
2015-05-06,3039.3960,3067.2019,3018.0066,3018.0066,3006.1367,2939957
2015-05-07,3044.7432,3049.0210,2982.7146,3032.9790,3021.0508,3178731
2015-05-08,3057.5767,3103.5632,3011.5901,3095.0076,3082.8347,3172550
2015-05-11,3083.2437,3087.5215,3036.1875,3053.2988,3041.2905,2086622
2015-05-12,3037.2571,3040.4973,2991.2703,3014.7983,3002.9412,2204736
2015-05-13,3029.7708,3040.8184,3003.0344,3012.6594,3000.8101,2433451
2015-05-14,3018.0066,3088.5715,2990.2009,3053.2988,3041.2905,1685933
2015-05-15,3057.5767,3080.0352,3026.5625,3042.6042,3030.6377,2363227
2015-05-18,3039.3960,3063.9934,3009.4512,3053.2988,3041.2905,1408662
2015-05-19,3059.7156,3104.9963,3051.1599,3101.4243,3089.2271,2731280
2015-05-20,3103.5632,3106.7717,3068.2712,3096.0771,3083.9009,1848825
2015-05-21,3080.0352,3086.4519,3060.7849,3073.6184,3061.5308,1522603
2015-05-22,3084.3130,3099.2854,3068.2712,3081.1047,3068.9871,1532498
2015-05-26,3069.3408,3099.2854,3045.8125,3052.2295,3040.2261,1525417
2015-05-27,3051.1599,3109.2646,3044.7432,3106.7717,3094.5532,2244477
2015-05-28,3104.6328,3135.6470,3103.5632,3113.1885,3100.9446,1902460
2015-05-29,3117.4663,3127.0913,3077.8962,3087.5215,3075.3789,2570595
2015-06-01,3092.8687,3114.2578,3069.3408,3073.6184,3061.5308,2020402
2015-06-02,3093.9382,3093.9382,3028.0596,3029.7708,3017.8555,3392277
2015-06-03,3049.0210,3123.8831,3044.3154,3088.5908,3076.4434,3915045
2015-06-04,3082.1743,3093.9382,3026.5625,3071.4795,3059.3994,2827741
2015-06-05,3052.2295,3053.2988,3010.5205,3014.7983,3002.9412,2645869
2015-06-08,3009.4512,3021.2151,2990.2009,3001.9648,2990.1582,2440904
2015-06-09,2994.4788,3013.7290,2970.9507,2985.9231,2974.1804,2324625
2015-06-10,2989.1313,3030.8401,2967.7422,3024.4236,3012.5288,2864531
2015-06-11,3012.6594,3070.4102,2998.7566,3046.8821,3034.8994,2325121
2015-06-12,3028.7014,3032.9790,2968.8118,2981.6453,2969.9185,2939394
2015-06-15,2962.3950,2986.9924,2946.2227,2969.8811,2958.2009,2339281
2015-06-16,2954.9087,2995.5481,2948.4922,2984.8535,2973.1143,2295096
2015-06-17,2996.6177,2998.7566,2935.6587,2953.8394,2942.2219,2396407
2015-06-18,2949.5615,2970.9507,2935.6587,2966.6729,2955.0051,3410025
2015-06-19,2963.4646,2999.8259,2949.5615,2964.5339,2952.8752,3819201
2015-06-22,3013.7290,3053.2988,3008.3816,3053.2988,3041.2905,3738972
2015-06-23,3049.0210,3077.8962,3042.6042,3057.5767,3045.5518,1997503
2015-06-24,3044.7432,3067.2019,3036.1875,3049.0210,3037.0300,2234519
2015-06-25,3045.8125,3067.2019,3012.6594,3040.4653,3028.5071,2883699
2015-06-26,3024.4236,3052.2295,2999.8259,3028.7014,3016.7896,2171925
2015-06-29,2943.1448,2984.8535,2917.4778,2947.4226,2935.8313,3156794
2015-06-30,2941.0059,2965.6140,2916.4084,2919.6167,2908.1348,3613189
2015-07-01,2942.0752,2988.0620,2902.5054,2968.8118,2957.1360,2996695
2015-07-02,2984.8535,2992.8745,2938.8669,2946.3533,2934.7646,2015352
2015-07-03,2931.3809,2955.9783,2912.1306,2921.7556,2910.2642,1269173
2015-07-06,2880.0469,2929.2417,2853.3103,2912.1306,2900.6777,2336578
2015-07-07,2920.6863,2931.3809,2895.0193,2902.5054,2891.0898,3217911
2015-07-08,2923.8945,2974.1589,2922.8252,2969.8811,2958.2009,3349565
2015-07-09,2973.0896,3016.9373,2957.0476,3014.7983,3002.9412,2869076
2015-07-10,3068.2712,3098.2161,3053.2988,3081.1047,3068.9871,4333430
2015-07-13,3101.4243,3120.5891,3068.2925,3081.1047,3068.9871,2602370
2015-07-14,3078.9658,3117.1455,3072.5491,3101.4243,3089.2271,2426109
2015-07-15,3084.3130,3095.6611,3059.7156,3087.5215,3075.3789,2066277
2015-07-16,3090.7297,3131.3691,3081.1047,3113.1885,3100.9446,1657333
2015-07-17,3115.3274,3116.9314,3083.2437,3088.5908,3076.4434,2115153
2015-07-20,3080.0352,3115.4343,3079.9966,3092.8687,3080.7053,1899617
2015-07-21,3102.4939,3111.0496,3067.2019,3072.5491,3060.4644,1945517
2015-07-22,3046.8821,3083.2437,3014.4026,3057.5767,3045.5518,2872112
2015-07-23,3137.7859,3160.2444,3087.5215,3106.7717,3094.5532,2692328
2015-07-24,3098.2161,3142.0637,3090.7297,3099.2854,3087.0967,2659316
2015-07-27,3090.7297,3110.7820,3049.0210,3051.1599,3039.1606,2688935
2015-07-28,3070.4102,3086.4519,3040.4653,3056.5071,3044.4858,1991834
2015-07-29,3058.6460,3081.1047,3052.2295,3068.2712,3056.2039,1861844
2015-07-30,3080.0352,3097.1465,3053.2988,3089.6604,3077.5090,2414792
2015-07-31,3108.9106,3114.2578,3086.4519,3108.9106,3096.6838,2168405
2015-08-03,3102.4939,3155.2822,3099.2854,3144.2026,3131.8367,1922511
2015-08-04,3144.2026,3157.0361,3122.8135,3138.8555,3126.5110,1820539
2015-08-05,3144.2026,3166.6611,3132.4387,3165.5918,3153.1421,2293895
2015-08-06,3151.6887,3186.9810,3137.7859,3172.0085,3159.7708,2344432
2015-08-07,3164.5222,3173.0779,3135.6470,3154.8972,3142.7251,1811368
2015-08-10,3165.5918,3184.8420,3144.2026,3158.1057,3145.9209,2616052
2015-08-11,3146.3416,3153.4771,3106.7717,3114.2578,3102.2424,2602027
2015-08-12,3044.7432,3047.9514,2961.3254,2981.6453,2970.1411,6792292
2015-08-13,3012.6594,3031.3750,2998.7351,3015.8679,3004.2327,2756488
2015-08-14,3027.6318,3030.8401,2985.9231,3000.8955,2989.3174,1763706
2015-08-17,3021.2151,3021.2151,2962.3950,2994.4788,2982.9260,1487125
2015-08-18,2996.6177,3012.6594,2955.9783,2974.1589,2962.6843,1724489
2015-08-19,2961.3254,2962.3950,2914.2693,2917.4778,2906.2209,2002289
2015-08-20,2899.2971,2909.9917,2864.5398,2872.5605,2861.4775,3203646
2015-08-21,2843.6853,2878.9773,2804.1155,2804.1155,2793.2969,3017531
2015-08-24,2729.2534,2777.3789,2620.1689,2699.3086,2688.8945,5840751
2015-08-25,2721.7671,2782.7263,2699.3086,2764.5454,2753.8794,4816293
2015-08-26,2742.0869,2760.2676,2680.0583,2720.6978,2710.2012,3568570
2015-08-27,2775.2400,2803.9658,2747.4341,2794.4902,2783.7090,2680252
2015-08-28,2788.0735,2805.4094,2761.3372,2805.1848,2794.3616,2535277
2015-09-01,2766.6843,2788.9292,2726.0452,2741.0176,2730.4419,2672488
2015-09-02,2765.6150,2784.8652,2737.6487,2757.0593,2746.4224,2027716
2015-09-03,2782.7263,2825.5044,2779.5178,2804.1155,2793.2969,2336434
2015-09-04,2792.3513,2796.6292,2746.3860,2749.5730,2738.9636,2050342
2015-09-07,2778.4485,2803.0459,2759.1982,2769.8928,2759.2065,1025304
2015-09-08,2784.8652,2812.6711,2773.1013,2778.4485,2767.7285,1598357
2015-09-09,2824.4351,2849.8347,2805.1848,2808.3933,2797.5581,2065430
2015-09-10,2798.7681,2800.9070,2741.0176,2745.2954,2734.7046,2463025
2015-09-11,2753.8508,2757.0593,2719.6284,2733.5312,2722.9849,1571178
2015-09-14,2736.7395,2770.9624,2718.5588,2726.0452,2715.5281,1763769
2015-09-15,2734.6006,2765.6150,2709.6396,2758.1289,2747.4873,2179325
2015-09-16,2782.7263,2835.4827,2780.5874,2822.2961,2811.4065,3206636
2015-09-17,2829.7825,2841.5464,2818.0183,2819.0879,2808.2112,2297388
2015-09-18,2815.8794,2842.6160,2763.4761,2797.6987,2786.9045,4205880
2015-09-21,2787.0042,2838.3379,2782.5125,2810.5320,2799.6882,1711732
2015-09-22,2801.9766,2804.1155,2727.8311,2728.1841,2717.6582,2020993
2015-09-23,2741.0176,2781.6567,2732.4619,2760.2676,2749.6182,1549291
2015-09-24,2767.7539,2769.2190,2701.4475,2714.2810,2703.8086,2739164
2015-09-25,2746.3647,2841.5464,2746.3647,2834.0603,2823.1250,2850995
2015-09-28,2819.0879,2830.4883,2778.4485,2789.1431,2778.3823,2193506
2015-09-29,2757.0593,2793.4209,2749.5730,2783.7957,2773.0552,2293219
2015-09-30,2851.1714,2884.3247,2841.5464,2872.5605,2861.4775,3119983
2015-10-01,2911.0610,2928.1724,2861.8662,2868.2827,2857.2168,2681159
2015-10-02,2887.5330,2909.9917,2855.4492,2889.6719,2878.5220,2366171
2015-10-05,2931.3809,2979.5063,2920.6863,2970.9507,2959.4885,2302209
2015-10-06,2968.8118,2995.5481,2965.6035,2981.6453,2970.1411,1462298
2015-10-07,2958.1172,2983.7842,2932.4502,2943.1448,2931.7896,2264911
2015-10-08,2946.3533,2968.8118,2932.4502,2963.4646,2952.0308,1814905
2015-10-09,2979.5063,2989.1313,2957.0476,2979.5063,2968.0115,2292223
2015-10-12,2979.5063,3021.2151,2968.8118,3012.6594,3001.0356,1495431
2015-10-13,3013.7290,3036.1875,2994.2649,3019.0762,3007.4280,1688469
2015-10-14,3018.0066,3021.2151,2975.2285,2983.7842,2972.2729,2047516
2015-10-15,3090.7297,3113.5413,3073.6184,3090.7297,3078.8054,2987521
2015-10-16,3112.1189,3124.9524,3080.0352,3119.6050,3107.5686,2155079
2015-10-19,3117.4663,3151.6887,3108.9106,3123.8831,3111.8306,1716834
2015-10-20,3131.3691,3148.4805,3119.6050,3122.8135,3110.7649,1763114
2015-10-21,3132.4387,3153.8276,3127.0913,3139.9248,3127.8096,1261570
2015-10-22,3144.2026,3179.4946,3126.0220,3151.6887,3139.5293,3187522
2015-10-23,3173.0779,3191.2588,3151.6887,3152.7583,3140.5945,2841078
2015-10-26,3148.4805,3166.6611,3138.1602,3146.3416,3134.2024,1785407
2015-10-27,3140.9944,3154.8972,3133.5081,3144.2026,3132.0720,1582641
2015-10-28,3145.2722,3176.2864,3140.9944,3165.5918,3153.3787,1770628
2015-10-29,3136.7163,3148.4805,3114.2578,3139.9248,3128.0610,1791377
2015-10-30,3130.2998,3142.0637,3084.3130,3093.9382,3082.2485,3093200
2015-11-02,3070.4102,3086.4519,3061.8545,3074.6880,3063.0715,1936178
2015-11-03,3074.6880,3089.6604,3063.2395,3069.3408,3057.7439,1526495
2015-11-04,3087.5215,3098.2161,3068.2712,3072.5491,3060.9399,1668101
2015-11-05,3074.6880,3107.8411,3065.0627,3080.0352,3068.3977,2207573
2015-11-06,3087.5215,3094.5798,3043.6736,3056.5071,3044.9592,2710724
2015-11-09,3058.6460,3069.3408,3009.4512,3012.6594,3001.2766,2499908
2015-11-10,3030.8401,3035.1182,2978.4370,3004.1038,2992.7539,2571202
2015-11-11,3018.0066,3055.4377,3013.7290,3040.4653,3028.9773,3000897
2015-11-12,3050.0903,3058.6460,2991.2703,2992.3398,2981.0344,2314908
2015-11-13,2992.3398,2996.1897,2933.5198,2945.2837,2934.1558,3287691
2015-11-16,2923.8945,2957.0476,2923.8945,2949.5615,2938.4177,3440402
2015-11-17,2980.5757,3016.9373,2965.6035,3015.8679,3004.4741,4114016
2015-11-18,3001.9648,3008.0640,2977.3674,2995.5481,2984.2302,2348907
2015-11-19,3026.5625,3030.3054,3012.6594,3015.8679,3004.4741,2810216
2015-11-20,3042.6042,3055.5447,3009.4512,3049.0210,3037.5017,3371004
2015-11-23,3042.6042,3062.9238,3021.2151,3049.0210,3037.5017,2340984
2015-11-24,3039.3960,3049.0210,2988.0620,3029.7708,3018.3240,1974527
2015-11-25,3042.6042,3084.3130,3032.9790,3068.2712,3056.6782,2350897
2015-11-26,3077.8962,3108.9106,3071.4795,3081.1047,3069.4636,1404553
2015-11-27,3061.8545,3095.1145,3055.4377,3075.7573,3064.1365,1413182
2015-11-30,3074.6880,3101.4243,3027.6318,3030.8401,3019.3889,2479048
2015-12-01,3036.1875,3047.9514,3003.7820,3021.2151,3009.8008,1677952
2015-12-02,3032.9790,3082.2810,3028.2415,3069.3408,3057.7439,1948696
2015-12-03,3070.4102,3120.6746,2966.6729,2979.5063,2968.2498,3809678
2015-12-04,2965.6035,2995.5481,2929.2417,2986.9924,2975.7073,3641836
2015-12-07,3005.1733,3056.5071,3001.9648,3050.0903,3038.5662,1934828
2015-12-08,3056.5071,3097.8792,3014.7983,3018.0066,3006.6042,1859365
2015-12-09,3021.2151,3042.6042,3009.4512,3009.4512,2998.0806,3201937
2015-12-10,2997.6870,3009.4512,2958.0103,2985.9231,2974.6418,1860399
2015-12-11,2980.5757,2989.1101,2926.0334,2937.7976,2926.6980,2924329
2015-12-14,2944.2141,2979.5063,2903.5750,2908.9221,2897.9319,2386665
2015-12-15,2911.0610,2997.6870,2909.9917,2993.4092,2982.0989,2215808
2015-12-16,2995.5481,3031.9097,2988.0620,3021.2151,3009.8008,1910607
2015-12-17,3068.2712,3085.3826,3041.5349,3056.5071,3044.9592,1739030
2015-12-18,3035.1182,3044.7432,2997.6870,3016.9373,3005.5381,3170768
2015-12-21,3010.5205,3055.4377,2989.6660,2989.6660,2978.3711,1529317
2015-12-22,3004.1038,3022.8193,2954.3740,3012.1248,3000.7434,1553889
2015-12-23,3045.2778,3092.3340,3039.3960,3083.2437,3071.5947,1340331
2015-12-24,3090.1951,3091.7993,3066.6670,3091.7993,3080.1174,316001
2015-12-29,3121.7439,3145.8069,3104.4861,3145.2722,3133.3887,1265013
2015-12-30,3134.0427,3161.3140,3134.0427,3144.2026,3132.3235,1020453
2015-12-31,3146.3416,3157.5708,3129.7649,3129.7649,3117.9409,495039
2016-01-04,3101.4243,3101.4243,3003.0344,3016.9373,3005.5381,2375375
2016-01-05,3026.5625,3052.7642,2991.8052,3048.4863,3036.9688,1562010
2016-01-06,3037.2571,3041.5349,2978.9717,3013.7290,3002.3428,2268276
2016-01-07,2949.0269,2997.1523,2931.9155,2985.9231,2974.6418,2346928
2016-01-08,2999.8259,3008.9165,2970.4160,2971.4854,2960.2578,2239898
2016-01-11,2976.8328,2995.1311,2946.3533,2954.9087,2943.7446,1443461
2016-01-12,2960.2561,3032.9790,2942.6101,3023.8889,3012.4639,2598113
2016-01-13,3069.3408,3082.1743,3048.4863,3059.1809,3047.6228,2626457
2016-01-14,3037.2571,3037.2571,2986.4578,3015.8679,3004.4741,2351931
2016-01-15,3011.5901,3029.7708,2959.7214,2992.8745,2981.5664,2824760
2016-01-18,2988.5967,3048.4863,2983.2495,3040.4653,3028.9773,2717349
2016-01-19,3098.7507,3138.7483,3063.9934,3137.7859,3125.9307,3057567
2016-01-20,3089.6604,3100.8896,3007.3123,3028.7014,3017.2578,3543493
2016-01-21,3031.9097,3097.1465,3031.9097,3076.8269,3065.2021,3686060
2016-01-22,3112.6538,3140.4595,3097.6814,3121.7439,3109.9500,2435190
2016-01-25,3151.6887,3173.0779,3135.1123,3155.4319,3143.5095,2069266
2016-01-26,3122.2788,3164.5222,3103.0286,3160.7793,3148.8376,2677306
2016-01-27,3149.5498,3213.7173,3139.9248,3213.7173,3201.5747,2692642
2016-01-28,3199.2798,3212.1130,3146.3416,3172.5432,3160.5566,1989374
2016-01-29,3209.9741,3299.2739,3194.4670,3299.2739,3286.8081,3435890
2016-02-01,3303.5518,3313.1768,3259.7041,3284.8362,3272.4258,2612534
2016-02-02,3276.8152,3291.7876,3237.5586,3291.7876,3279.3511,3543487
2016-02-03,3272.0027,3292.0122,3215.8562,3229.7593,3217.5557,3403855
2016-02-04,3248.4746,3249.0095,3139.9248,3158.6404,3146.9583,3524584
2016-02-05,3177.8904,3207.3005,3164.5222,3173.6128,3161.8748,3539518
2016-02-08,3195.0017,3195.0415,3126.0220,3143.6680,3132.0408,3876606
2016-02-09,3157.5708,3185.9116,3117.4663,3135.1123,3123.5176,3767011
2016-02-10,3170.9392,3196.6060,3128.6956,3144.7373,3133.1072,2937166
2016-02-11,3106.7717,3129.7649,3068.8059,3106.7717,3095.2817,3693612
2016-02-12,3113.1885,3149.0151,3094.4729,3149.0151,3137.3687,3226237
2016-02-15,3191.7935,3240.4536,3148.4805,3221.2036,3209.2905,1867550
2016-02-16,3232.4329,3270.3984,3206.7231,3224.4119,3212.4861,2220779
2016-02-17,3239.3843,3261.8430,3239.3843,3261.8430,3249.7791,2185715
2016-02-18,3274.6765,3283.7666,3222.2729,3235.6411,3223.6738,2212936
2016-02-19,3242.0579,3252.7524,3227.6204,3244.7317,3232.7310,2150939
2016-02-22,3283.7666,3319.0588,3278.9541,3296.0654,3283.8752,1888283
2016-02-23,3276.2805,3304.6211,3260.7734,3278.9541,3266.8269,1882610
2016-02-24,3282.6973,3286.4404,3238.8496,3249.0095,3236.9929,2439873
2016-02-25,3283.2319,3332.9617,3282.6973,3319.5935,3307.3171,2034488
2016-02-26,3345.7952,3368.7886,3311.8752,3312.1074,3299.8582,1743213
2016-02-29,3282.1626,3308.4177,3252.9663,3306.7600,3294.5305,2276302
2016-03-01,3294.9961,3368.9810,3284.3015,3367.1843,3354.7307,1669718
2016-03-02,3373.6011,3374.1357,3259.1692,3286.9751,3274.8181,2421827
2016-03-03,3285.3708,3292.3225,3244.7317,3269.8638,3257.7705,1973481
2016-03-04,3290.7183,3350.0730,3268.6907,3324.9409,3312.6448,2022799
2016-03-07,3313.1768,3326.0103,3282.6973,3301.4128,3289.2031,1585398
2016-03-08,3270.9333,3329.2185,3247.4053,3326.0103,3313.7087,1681731
2016-03-09,3322.8020,3358.0940,3312.6421,3336.1702,3323.8315,1689799
2016-03-10,3343.6562,3412.1016,3295.5308,3295.5308,3283.3425,2898037
2016-03-11,3328.1492,3342.5869,3300.8779,3311.0378,3298.7922,1908079
2016-03-14,3314.2463,3342.0520,3303.0171,3326.5449,3314.2417,1531241
2016-03-15,3302.4822,3377.3442,3300.8779,3361.8372,3349.4041,2021086
2016-03-16,3373.0664,3381.6221,3334.1382,3341.5173,3329.1587,1393834
2016-03-17,3354.8855,3363.9761,3277.4568,3326.0103,3313.7087,2294624
2016-03-18,3339.3784,3340.2661,3303.0171,3313.7114,3301.4561,3098405
2016-03-21,3304.6211,3324.4060,3292.3225,3315.3157,3303.0547,1702503
2016-03-22,3291.2529,3317.9895,3252.2178,3317.9895,3305.7180,2094188
2016-03-23,3331.3577,3389.6431,3326.7878,3384.8303,3372.3110,2097915
2016-03-24,3366.6497,3384.2957,3352.2119,3359.1633,3346.7395,1705821
2016-03-29,3356.4897,3396.0598,3356.4897,3384.2957,3371.7793,1683759
2016-03-30,3392.3167,3438.9448,3390.7124,3411.5669,3398.9504,1870892
2016-03-31,3401.9417,3404.0806,3364.5107,3371.4622,3358.9934,1912908
2016-04-01,3326.0103,3389.1082,3296.6001,3384.8303,3372.3110,2134827
2016-04-04,3391.2471,3445.7893,3378.4138,3398.7334,3386.1636,1894258
2016-04-05,3389.6431,3422.2615,3377.8789,3410.4973,3397.8843,2186216
2016-04-06,3420.6572,3467.1787,3390.9797,3467.1787,3454.3562,1905751
2016-04-07,3473.5952,3494.9844,3451.8169,3466.1091,3453.2903,1742721
2016-04-08,3484.8247,3492.8455,3440.4421,3463.4355,3450.6262,1406434
2016-04-11,3459.1577,3476.8037,3432.7881,3460.2271,3447.4297,1846765
2016-04-12,3456.4839,3472.5259,3431.3518,3464.5049,3451.6919,2130469
2016-04-13,3494.4497,3499.7971,3468.0288,3490.1719,3477.2634,2850997
2016-04-14,3444.7200,3533.4849,3425.4697,3512.6306,3499.6389,2751759
2016-04-15,3497.6582,3529.7417,3484.3433,3507.2832,3494.3120,2428232
2016-04-18,3489.6372,3521.7209,3484.8247,3506.7485,3493.7786,1786163
2016-04-19,3506.7485,3566.1033,3498.7874,3562.3601,3549.1855,2988358
2016-04-20,3538.8323,3564.4990,3523.9668,3561.2908,3548.1201,2428117
2016-04-21,3557.0129,3560.7561,3468.2480,3496.0540,3483.1228,2856411
2016-04-22,3481.0815,3492.3108,3386.9692,3412.6362,3400.0149,2221690
2016-04-25,3400.8723,3435.0950,3378.4138,3408.3584,3395.7532,2539823
2016-04-26,3414.2405,3442.5811,3355.8833,3366.1150,3353.6658,2193077
2016-04-27,3351.1426,3355.4204,3330.8228,3348.4690,3336.0852,2483796
2016-04-28,3312.6421,3323.4661,3261.8430,3322.8020,3310.7971,2387721
2016-04-29,3301.9475,3311.0378,3250.6135,3266.6555,3254.8538,1880193
2016-05-03,3288.5793,3315.3157,3252.2178,3297.6697,3285.7554,2307121
2016-05-04,3295.5308,3307.1687,3260.2388,3297.1350,3285.2236,1941388
2016-05-05,3308.8989,3326.0103,3283.7666,3310.5032,3298.5425,1286234
2016-05-06,3304.6211,3324.9409,3268.2595,3323.3367,3311.3291,1651045
2016-05-09,3339.9131,3380.3921,3337.7744,3373.6011,3361.4133,1577509
2016-05-10,3397.6638,3436.3899,3362.9065,3376.2747,3364.0774,1640449
2016-05-11,3368.7886,3382.6914,3349.0037,3369.3232,3357.1506,1406966
2016-05-12,3360.7676,3400.8723,3339.9131,3357.0244,3344.8955,2058330
2016-05-13,3352.2119,3396.5945,3329.7534,3385.3650,3373.1343,1397310
2016-05-16,3356.4897,3389.6431,3331.3577,3382.6914,3370.4705,1222226
2016-05-17,3370.9275,3416.6006,3320.6631,3322.2671,3310.2646,1679157
2016-05-18,3303.0171,3327.6145,3270.3984,3304.6211,3292.6821,1804318
2016-05-19,3283.7666,3298.2043,3228.6897,3252.7524,3241.0007,2040576
2016-05-20,3285.3708,3318.5242,3283.2319,3294.9961,3283.0916,1655037
2016-05-23,3299.8086,3302.4822,3263.4470,3283.7666,3271.9036,1386829
2016-05-24,3279.4890,3344.1909,3266.6555,3329.7534,3317.7239,1753016
2016-05-25,3357.0244,3369.8579,3316.9199,3322.8020,3310.7971,1554797
2016-05-26,3306.7600,3351.1426,3300.8779,3344.7258,3332.6416,1419862
2016-05-27,3341.5173,3399.2456,3340.9827,3371.4622,3359.2822,1530875
2016-05-31,3374.6707,3403.5459,3360.7676,3364.5107,3352.3552,2875411
2016-06-01,3361.8372,3416.9141,3355.9551,3398.1985,3385.9214,2385636
2016-06-02,3401.4070,3413.1709,3371.4622,3383.7610,3371.5359,1813559
2016-06-03,3391.2471,3424.9351,3375.7400,3421.1919,3408.8313,1442777
2016-06-06,3429.7476,3484.8247,3426.5393,3452.7410,3440.2666,1938196
2016-06-07,3461.8313,3474.6648,3448.6770,3458.0881,3445.5947,1763539
2016-06-08,3454.3452,3463.9702,3432.4211,3457.5535,3445.0620,1642246
2016-06-09,3453.8103,3455.9492,3432.9558,3435.0950,3422.6846,1248521
2016-06-10,3431.8865,3443.1157,3364.8477,3384.2957,3372.0686,2004976
2016-06-13,3369.8579,3412.1016,3332.4270,3332.4270,3320.3882,2450432
2016-06-14,3323.3367,3336.1980,3281.6277,3281.6277,3269.7717,2476583
2016-06-15,3289.1140,3330.2881,3286.4404,3300.8779,3288.9521,2098094
2016-06-16,3288.0447,3334.0312,3278.4194,3321.7324,3309.7324,2202312
2016-06-17,3326.5449,3326.5449,3276.8152,3282.1626,3270.3042,3182688
2016-06-20,3332.4270,3355.4204,3296.0654,3332.9617,3320.9204,2005300
2016-06-21,3314.7810,3386.4346,3296.6001,3374.1357,3361.9463,2128607
2016-06-22,3397.6638,3412.6362,3366.6497,3378.4138,3366.2083,2414560
2016-06-23,3422.7961,3460.7617,3368.7886,3407.8237,3395.5127,1917252
2016-06-24,3384.2957,3548.9919,3308.8989,3492.3108,3479.6948,6418308
2016-06-27,3465.0396,3591.7703,3454.8733,3540.4363,3527.6453,4622673
2016-06-28,3594.4438,3639.6604,3576.2632,3600.8606,3587.8508,2751147
2016-06-29,3636.1526,3689.0908,3601.3955,3689.0908,3675.7625,2663422
2016-06-30,3701.3896,3827.5854,3681.6045,3827.5854,3813.7568,4143364
2016-07-01,3834.0022,3906.1904,3809.4048,3871.4331,3857.4460,2531142
2016-07-04,3876.7805,3902.4475,3841.4883,3846.3010,3832.4053,1167491
2016-07-05,3850.0442,3944.1562,3850.0442,3933.9963,3919.7832,2300359
2016-07-06,3924.9060,3974.1011,3854.4309,3878.9194,3864.9053,3193844
2016-07-07,3891.7529,3937.2048,3879.4541,3914.2114,3900.0696,2222758
2016-07-08,3913.1421,3940.9480,3858.5996,3905.1211,3891.0127,2052836
2016-07-11,3925.9756,3943.3103,3875.1763,3909.9336,3895.8071,1885690
2016-07-12,3896.0308,3901.8025,3817.9604,3835.0718,3821.2170,3221999
2016-07-13,3815.8213,3867.6902,3789.0850,3852.1831,3838.2661,2626654
2016-07-14,3875.7109,3892.8223,3802.9880,3802.9880,3789.2483,2368692
2016-07-15,3792.2935,3833.4675,3784.2725,3832.9329,3819.0850,3028000
2016-07-18,3838.2800,3859.1345,3813.6826,3825.9812,3812.1587,1367269
2016-07-19,3829.1897,3845.2314,3796.5713,3817.4255,3803.6338,1228254
2016-07-20,3836.6758,3852.7178,3812.0784,3823.3076,3809.4944,1610744
2016-07-21,3866.0859,3875.1763,3771.4390,3779.4600,3765.8062,2439108
2016-07-22,3781.0642,3814.7520,3734.0081,3805.6616,3791.9124,1966942
2016-07-25,3801.3838,3823.8423,3768.7654,3775.1821,3761.5435,1882540
2016-07-26,3791.2239,3816.3562,3788.0156,3802.9880,3789.2483,1422107
2016-07-27,3819.5645,3821.7036,3752.1887,3769.8347,3756.2153,1497894
2016-07-28,3774.6475,3789.0850,3750.5847,3771.4390,3757.8130,2229881
2016-07-29,3774.1125,3785.8767,3735.0774,3778.9253,3765.2727,1937334
2016-08-01,3804.0574,3807.2659,3768.2307,3779.4600,3765.8062,1743644
2016-08-02,3834.0022,3834.5369,3776.2515,3777.3210,3763.6736,2396560
2016-08-03,3771.9736,3780.5293,3715.7332,3719.5703,3706.1326,1455749
2016-08-04,3701.9243,3761.2793,3648.9861,3761.2793,3747.9954,2941303
2016-08-05,3761.2793,3805.1270,3748.4458,3787.4807,3774.1047,1687867
2016-08-08,3786.9460,3790.6892,3742.5637,3763.9529,3750.6592,1462259
2016-08-09,3774.6475,3823.3076,3766.6265,3819.5645,3806.0742,1533942
2016-08-10,3819.5645,3822.2383,3789.0850,3800.3142,3786.8921,1358992
2016-08-11,3825.4465,3894.4265,3806.1963,3894.4265,3880.6729,1743840
2016-08-12,3879.4541,3885.3362,3850.5789,3881.0583,3867.3506,1379904
2016-08-15,3871.9680,3900.8433,3871.9680,3894.4265,3880.6729,1063428
2016-08-16,3887.4751,3895.3997,3846.3010,3861.2734,3847.6365,1493789
2016-08-17,3862.3428,3886.4055,3842.5579,3865.0166,3851.3655,1516287
2016-08-18,3877.8499,3887.4751,3836.6758,3848.4399,3834.8477,1289492
2016-08-19,3847.9050,3862.3428,3831.8633,3856.9956,3843.3733,1269538
2016-08-22,3845.7661,3870.8984,3804.5920,3813.1477,3799.6802,1448876
2016-08-23,3825.4465,3851.1135,3806.1963,3810.4741,3797.0161,1083772
2016-08-24,3790.6892,3811.5437,3760.2097,3771.4390,3758.1184,1652894
2016-08-25,3776.2515,3813.1477,3755.9319,3806.7312,3793.2871,1456280
2016-08-26,3804.0574,3820.0994,3768.8745,3816.8909,3803.4106,1188305
2016-08-30,3836.1411,3861.2734,3806.7312,3817.4255,3803.9431,1778822
2016-08-31,3814.7520,3826.5161,3762.8833,3774.1125,3760.7822,2220923
2016-09-01,3807.8005,3815.8213,3754.8623,3772.5083,3759.1848,2612211
2016-09-02,3785.8767,3944.6909,3778.9253,3917.4199,3903.5837,4334946
2016-09-05,3926.5103,3944.6909,3879.9888,3902.9822,3889.1975,1408555
2016-09-06,3893.3572,3894.9612,3848.4399,3867.1555,3853.4978,1687304
2016-09-07,3868.7595,3885.3362,3857.5303,3872.5027,3858.8257,1861994
2016-09-08,3875.7109,3879.9888,3824.3772,3836.6758,3823.1252,1788164
2016-09-09,3812.6130,3826.5161,3759.6750,3775.1821,3761.8491,1553134
2016-09-12,3736.6816,3757.5361,3725.9871,3748.4458,3735.2075,1742587
2016-09-13,3768.2307,3783.7378,3739.4934,3766.0918,3752.7908,1867621
2016-09-14,3767.6958,3788.5503,3742.5637,3758.0708,3744.7976,1820822
2016-09-15,3759.1401,3793.3628,3737.7512,3792.8281,3779.4329,1581284
2016-09-16,3794.9670,3801.9185,3746.8416,3760.7444,3747.4622,3970297
2016-09-19,3798.7102,3832.3979,3786.4114,3832.3979,3818.8633,1869189
2016-09-20,3816.3562,3847.3704,3812.6130,3827.5854,3814.0669,1556681
2016-09-21,3841.4883,3847.9050,3787.4807,3795.5017,3782.0964,1673512
2016-09-22,3809.4048,3893.8918,3793.8977,3877.3152,3863.6213,1502971
2016-09-23,3882.1277,3900.8433,3869.5083,3883.7319,3870.0156,1160006
2016-09-26,3868.2249,3872.5027,3838.1475,3849.5093,3835.9133,1313624
2016-09-27,3872.5027,3902.9822,3857.5303,3893.3572,3879.6064,2110787
2016-09-28,3890.6833,3928.1145,3882.6626,3909.3989,3895.5911,2223581
2016-09-29,3914.2114,3931.8574,3890.1487,3905.1211,3891.3293,1305380
2016-09-30,3876.2456,3915.8157,3845.7661,3908.3293,3894.5264,2061241
2016-10-03,3918.4893,3971.4275,3918.4893,3965.5454,3951.5400,1482902
2016-10-04,3977.3093,4052.1714,3974.1011,4024.9001,4010.6848,4503385
2016-10-05,4025.9697,4039.8726,3939.8784,3944.6909,3930.7593,2174068
2016-10-06,3951.6423,3966.0801,3928.1145,3950.5730,3936.6204,1970132
2016-10-07,3989.6082,4028.6433,3966.0801,3977.8440,3963.7959,2047827
2016-10-10,3993.8860,4020.6223,3974.6357,4012.0667,3997.8967,1201683
2016-10-11,4015.2751,4071.9563,4002.9763,4014.7405,4000.5615,2326787
2016-10-12,4011.5320,4012.0667,3971.9622,3982.1221,3968.0576,3042206
2016-10-13,3924.9060,3945.2256,3805.1270,3846.3010,3832.7168,5153998
2016-10-14,3812.0784,3903.7393,3783.7378,3793.8977,3780.4983,4255235
2016-10-17,3769.3000,3776.2515,3738.2859,3747.9109,3734.6738,2841550
2016-10-18,3743.0984,3775.7168,3731.2168,3738.2859,3725.0833,2091027
2016-10-19,3734.0081,3739.8899,3699.2507,3708.3411,3695.2439,1942056
2016-10-20,3711.0146,3740.7241,3693.3579,3731.3345,3718.1565,2072042
2016-10-21,3730.2649,3751.1194,3717.4314,3728.6606,3715.4922,2121109
2016-10-24,3736.6816,3750.5847,3709.9453,3712.6189,3699.5063,1771678
2016-10-25,3713.6882,3752.7234,3711.0146,3719.0356,3705.9006,1996774
2016-10-26,3730.7996,3747.9109,3679.4658,3692.8340,3679.7922,1757289
2016-10-27,3655.4028,3715.8271,3653.2639,3677.3269,3664.6621,1839326
2016-10-28,3666.0974,3712.0840,3633.4790,3681.6045,3668.9246,2676891
2016-10-31,3678.9309,3685.2739,3649.5210,3655.4028,3642.8145,1906499
2016-11-01,3658.0767,3716.8752,3649.5210,3682.6741,3669.9915,2058083
2016-11-02,3682.6741,3702.9939,3651.1250,3651.1250,3638.5493,2136440
2016-11-03,3643.1042,3669.3059,3584.2842,3588.0271,3575.6702,3890367
2016-11-04,3578.4021,3582.9163,3536.1584,3548.4573,3536.2356,2085544
2016-11-07,3597.6523,3606.2080,3574.1243,3593.9092,3581.5317,2268436
2016-11-08,3597.6523,3617.9719,3591.2356,3616.9026,3604.4456,1536378
2016-11-09,3560.2212,3600.8606,3500.3318,3540.9712,3528.7756,3198966
2016-11-10,3547.9226,3564.4990,3374.1357,3401.9417,3390.2253,5721451
2016-11-11,3399.2681,3415.8445,3343.1216,3383.2263,3371.5745,3213860
2016-11-14,3413.7058,3413.7058,3348.4690,3349.0037,3337.4700,2743200
2016-11-15,3380.0178,3440.4956,3370.9275,3394.9902,3383.2971,2797563
2016-11-16,3409.9626,3409.9626,3332.4270,3345.7952,3334.2722,3313471
2016-11-17,3360.2329,3367.7190,3326.0103,3336.7048,3325.2122,3008446
2016-11-18,3360.7676,3367.7190,3300.5552,3336.7048,3325.2122,5489650
2016-11-21,3355.9551,3355.9551,3313.1768,3322.8020,3311.3584,2806650
2016-11-22,3339.9131,3367.3982,3326.0103,3343.6562,3332.1406,1872621
2016-11-23,3355.4204,3385.6646,3323.5720,3338.3091,3326.8123,2364128
2016-11-24,3336.7048,3353.0781,3306.2253,3336.7048,3325.2122,1182947
2016-11-25,3344.7258,3412.6362,3344.7258,3393.3860,3381.6990,1892622
2016-11-28,3381.6221,3396.9795,3360.7676,3365.0454,3353.4563,1911894
2016-11-29,3363.4414,3414.0693,3343.6562,3347.3994,3335.8708,2686537
2016-11-30,3352.7466,3482.6858,3351.1426,3417.9836,3406.2114,5667778
2016-12-01,3364.5107,3390.7124,3262.3777,3312.1074,3300.7009,4473829
2016-12-02,3304.6211,3337.7744,3292.3225,3326.5449,3315.0874,1523896
2016-12-05,3314.2463,3387.3115,3297.4023,3338.8438,3327.3442,2582494
2016-12-06,3339.9131,3357.0244,3315.3157,3352.7466,3341.1995,2565200
2016-12-07,3338.8438,3344.1909,3302.4822,3327.0796,3315.6213,4850486
2016-12-08,3346.3301,3351.6772,3290.1836,3306.7600,3295.3711,3408823
2016-12-09,3308.3643,3396.3911,3300.8779,3341.5173,3330.0088,3100293
2016-12-12,3347.3994,3353.2815,3316.9199,3328.1492,3316.6868,2390799
2016-12-13,3363.9761,3424.8389,3347.9341,3415.3098,3403.5466,2739966
2016-12-14,3400.8723,3412.6362,3376.8096,3390.7124,3379.0344,1766780
2016-12-15,3396.0598,3408.3584,3347.9341,3376.8096,3365.1790,3785758
2016-12-16,3378.9485,3416.9141,3359.6982,3370.9275,3359.3186,4278134
2016-12-19,3385.3650,3451.1367,3381.0874,3442.0464,3430.1919,2148016
2016-12-20,3429.2129,3475.7341,3427.0740,3470.3870,3458.4343,2074300
2016-12-21,3457.0188,3485.3594,3452.7410,3458.6228,3446.7109,1537010
2016-12-22,3454.3452,3489.1023,3446.8589,3488.0330,3476.0200,1452190
2016-12-23,3500.3318,3522.7903,3494.9844,3499.7971,3487.7437,700675
2016-12-28,3508.8875,3508.8875,3482.1509,3505.6790,3493.6052,1325833
2016-12-29,3499.7971,3528.1377,3497.2625,3517.9778,3505.8616,1356882
2016-12-30,3519.0471,3532.4153,3505.6790,3521.1860,3509.0574,1021118
2017-01-03,3539.9016,3553.2698,3484.2898,3502.4707,3490.4082,2770860
2017-01-04,3512.0957,3519.5818,3480.0120,3515.8389,3503.7297,1701598
2017-01-05,3523.3250,3543.1101,3503.5400,3528.1377,3515.9878,2364409
2017-01-06,3525.4641,3536.6931,3508.3525,3522.7903,3510.6584,1392450
2017-01-09,3537.7627,3586.4231,3531.8806,3576.7979,3564.4792,1456250
2017-01-10,3594.9785,3604.0691,3563.9644,3566.6379,3554.3547,1631313
2017-01-11,3563.4297,3602.9995,3546.8530,3585.8882,3573.5386,2339693
2017-01-12,3573.0547,3608.3467,3559.1519,3605.1384,3592.7217,2127857
2017-01-13,3627.5972,3644.7085,3601.4917,3617.9719,3605.5115,3225892
2017-01-16,3643.1042,3656.4724,3627.5972,3638.8264,3626.2937,1562606
2017-01-17,3629.7361,3637.7568,3551.1309,3551.1309,3538.9006,3449198
2017-01-18,3582.6799,3604.6038,3574.1243,3588.5620,3576.2026,1955891
2017-01-19,3599.7913,3599.7913,3565.5686,3572.5200,3560.2161,2066960
2017-01-20,3575.1936,3606.2080,3543.8618,3594.4438,3582.0637,2475760
2017-01-23,3551.6655,3608.3467,3522.7903,3581.6104,3569.2749,2630554
2017-01-24,3586.9578,3594.9785,3565.0337,3585.8882,3573.5386,2470969
2017-01-25,3593.3745,3611.5552,3567.7075,3581.0757,3568.7417,2198247
2017-01-26,3443.6504,3507.8179,3393.9209,3412.6362,3400.8828,5001735
2017-01-27,3411.5669,3462.5798,3406.4143,3458.0881,3446.1787,2738757
2017-01-30,3434.0254,3453.2756,3422.2615,3447.9282,3436.0527,2507384
2017-01-31,3478.4080,3491.2412,3451.6714,3451.6714,3439.7847,3362021
2017-02-01,3475.7341,3491.2412,3421.1919,3426.0044,3414.2046,3237225
2017-02-02,3420.1226,3491.2412,3417.4487,3473.0605,3461.0996,3012553
2017-02-03,3488.5676,3517.0474,3466.6438,3495.5193,3483.4807,2239331
2017-02-06,3502.4707,3520.5615,3483.2205,3489.6372,3477.6184,1476190
2017-02-07,3485.8940,3552.2004,3478.9426,3517.4431,3505.3291,2231440
2017-02-08,3519.5818,3575.7285,3500.3318,3575.1936,3562.8804,3375059
2017-02-09,3562.3601,3586.9578,3536.6931,3561.2908,3549.3357,2065157
2017-02-10,3565.5686,3581.6104,3519.5818,3540.4363,3528.5496,2505004
2017-02-13,3531.3459,3543.6448,3516.6409,3528.1377,3516.2942,1886490
2017-02-14,3522.7903,3556.4783,3512.5193,3513.7000,3501.9038,3236566
2017-02-15,3521.7209,3551.6655,3500.3318,3542.5752,3530.6816,3203191
2017-02-16,3549.5266,3580.0061,3545.2488,3580.0061,3567.9873,2258252
2017-02-17,3593.3745,4115.2695,3574.4773,4060.7271,4047.0933,19870945
2017-02-20,3769.8347,3881.1204,3693.9033,3794.4324,3781.6941,7206304
2017-02-21,3789.6199,3840.9536,3743.0984,3835.6064,3822.7292,5612355
2017-02-22,3804.5920,4112.0610,3793.8977,4054.3103,4040.6987,10826764
2017-02-23,4037.1990,4051.6367,3935.7566,4030.2476,4016.7170,4843072
2017-02-24,3995.4902,4041.4768,3994.9553,4035.0601,4021.5129,2587644
2017-02-27,4063.9353,4112.0610,4063.9353,4097.0884,4083.3328,4255833
2017-02-28,4103.5054,4123.8252,4068.7480,4084.2551,4070.5437,2631321
2017-03-01,4104.5747,4138.7974,4079.9773,4132.9155,4119.0405,2562802
2017-03-02,4129.7070,4130.2417,4082.6509,4125.9639,4112.1118,3364379
2017-03-03,4117.4082,4141.4712,4100.8315,4127.5679,4113.7104,1997694
2017-03-06,4127.5679,4148.1978,4110.9917,4145.2139,4131.2979,1915733
2017-03-07,4161.7905,4235.0483,4151.0532,4187.9922,4173.9326,2410886
2017-03-08,4184.7842,4207.7773,4163.0742,4172.4854,4158.4775,2358180
2017-03-09,4186.9229,4284.2437,4169.8115,4280.5005,4266.1284,4222600
2017-03-10,4270.8755,4335.3872,4263.1753,4315.7925,4301.3032,3724218
2017-03-13,4330.2300,4330.7212,4262.3198,4266.5972,4252.2725,2260062
2017-03-14,4277.8267,4342.4219,4261.2500,4322.7441,4308.2319,1826088
2017-03-15,4288.5215,4339.3203,4279.9658,4320.6050,4306.1001,3837503
2017-03-16,4354.8276,4371.9390,4310.1777,4332.9038,4318.3574,2464649
2017-03-17,4316.8618,4347.3413,4294.9380,4320.6050,4306.1001,3299350
2017-03-20,4320.6050,4352.6885,4306.7021,4350.0151,4335.4106,1754834
2017-03-21,4367.1265,4370.0996,4293.3340,4308.3062,4293.8438,2982490
2017-03-22,4292.2642,4341.9941,4292.2642,4305.0977,4290.6436,2442560
2017-03-23,4294.9380,4302.4243,4251.3579,4294.9380,4280.5195,2332748
2017-03-24,4316.3271,4320.0703,4275.2866,4297.0771,4282.6499,1706263
2017-03-27,4278.3613,4313.6533,4275.6880,4296.5420,4282.1172,1671761
2017-03-28,4276.7573,4285.3130,4205.6382,4284.2437,4269.8604,1609226
2017-03-29,4308.3062,4310.9800,4267.6670,4310.9800,4296.5063,1584899
2017-03-30,4310.9800,4310.9800,4250.9565,4271.9448,4257.6021,1825056
2017-03-31,4230.2358,4245.7432,4204.5688,4213.1245,4198.9805,2895602
2017-04-03,4224.3540,4227.5625,4193.8745,4194.4092,4180.3271,3124299
2017-04-04,4201.3608,4216.3330,4178.1001,4210.9858,4196.8486,2149388
2017-04-05,4208.3120,4251.6250,4197.0830,4213.1245,4198.9805,1532465
2017-04-06,4180.5063,4270.0732,4151.0962,4254.2988,4240.0161,2977345
2017-04-07,4253.7642,4322.7441,4244.6738,4321.1396,4306.6328,1890076
2017-04-10,4325.9521,4338.7856,4290.6602,4335.5776,4321.0215,1362245
2017-04-11,4309.9102,4351.6191,4309.9102,4322.2090,4307.6982,1805801
2017-04-12,4320.0703,4364.4526,4307.6377,4347.8760,4333.2778,1562852
2017-04-13,4327.0215,4333.4385,4305.0977,4313.6533,4299.1724,1715274
2017-04-18,4330.2300,4333.9731,4234.9927,4240.9307,4226.6924,2369015
2017-04-19,4227.0273,4231.8403,4190.1313,4210.9858,4196.8486,2826867
2017-04-20,4258.5767,4290.1255,4218.4717,4224.3540,4210.1724,4350333
2017-04-21,4209.3813,4225.9580,4156.7109,4210.9858,4196.8486,1985232
2017-04-24,4270.3403,4331.8345,4257.5073,4300.2852,4285.8477,2730540
2017-04-25,4321.6743,4335.0425,4286.3823,4293.3340,4278.9209,2259926
2017-04-26,4293.8687,4303.7612,4269.0039,4285.8477,4271.4585,2099716
2017-04-27,4266.0625,4278.8960,4237.1875,4244.1387,4229.8887,1720832
2017-04-28,4244.6738,4277.5596,4223.2842,4247.8818,4233.6206,2472342
2017-05-02,4274.0835,4322.2090,4268.2017,4309.9102,4295.4399,2373311
2017-05-03,4304.5630,4315.2578,4274.6182,4306.1675,4291.7104,1673467
2017-05-04,4300.2852,4321.1396,4258.0420,4283.1738,4269.1313,2639169
2017-05-05,4269.8057,4291.7295,4262.3198,4264.9932,4251.0098,1582650
2017-05-08,4267.1323,4331.2998,4252.6943,4331.2998,4317.0991,4557582
2017-05-09,4324.3481,4371.4043,4285.2593,4327.0215,4312.8340,2363268
2017-05-10,4306.7021,4365.1157,4290.6602,4362.3140,4348.0112,2602032
2017-05-11,4356.9663,4399.2100,4329.1606,4369.2651,4354.9390,2510698
2017-05-12,4377.2861,4387.4458,4351.6191,4387.4458,4373.0625,1862946
2017-05-15,4381.5640,4405.6270,4371.4043,4401.3491,4386.9185,1979932
2017-05-16,4402.4185,4461.2388,4397.6060,4445.1968,4430.6230,2312890
2017-05-17,4450.0093,4475.6763,4422.2036,4442.5229,4427.9580,3145017
2017-05-18,4473.0024,4473.0024,4358.0757,4384.2378,4369.8647,2610785
2017-05-19,4402.9531,4445.7314,4391.1890,4425.4116,4410.9023,2265613
2017-05-22,4439.3149,4493.8569,4427.5508,4485.8359,4471.1289,2056822
2017-05-23,4489.0444,4516.8501,4421.4868,4481.0234,4466.3315,2002153
2017-05-24,4466.0513,4529.6836,4464.4468,4505.0864,4490.3159,2514293
2017-05-25,4512.5723,4586.7715,4512.5513,4566.0454,4551.0757,1739472
2017-05-26,4581.0176,4616.8447,4572.4619,4609.8931,4594.7788,3661299
2017-05-30,4571.9272,4609.3584,4539.8438,4609.3584,4594.2461,2271309
2017-05-31,4624.8652,4671.9214,4620.5874,4632.3516,4617.1641,5127233
2017-06-01,4620.5874,4689.7710,4611.4971,4620.0527,4604.9058,2224305
2017-06-02,4674.5952,4691.7065,4641.4634,4676.1992,4660.8677,3365391
2017-06-05,4665.5049,4688.4980,4644.1157,4656.4146,4641.1470,2265831
2017-06-06,4651.0669,4694.9150,4641.4419,4673.5259,4658.2041,2269838
2017-06-07,4656.9492,4689.5674,4630.7476,4644.1157,4628.8901,2143422
2017-06-08,4636.6294,4653.2061,4557.4897,4565.5107,4550.5420,2593238
2017-06-09,4640.3726,4690.1025,4592.7817,4629.1431,4613.9663,3316567
2017-06-12,4608.8237,4631.8169,4581.5522,4599.1987,4584.1191,2126909
2017-06-13,4594.3857,4597.5942,4544.6562,4552.1426,4537.2173,2472262
2017-06-14,4530.7534,4591.1777,4517.4751,4536.6353,4521.7598,2721414
2017-06-15,4519.5239,4553.2119,4492.7876,4545.1909,4530.2896,3226838
2017-06-16,4553.7466,4616.3096,4549.1694,4573.5317,4558.5361,4663486
2017-06-19,4604.5459,4622.1919,4573.5317,4610.4277,4595.3125,1489312
2017-06-20,4625.4004,4685.2896,4617.3794,4617.3794,4602.2412,185594
2017-06-21,4604.5459,4614.3525,4574.0664,4605.0806,4589.9824,210073
2017-06-22,4603.4761,4624.8652,4585.5630,4600.8027,4585.7192,1687684
2017-06-23,4586.3652,4606.6846,4565.5107,4583.1567,4568.1313,1176491
2017-06-26,4583.1567,4666.0396,4583.1567,4655.5171,4640.2534,2780188
2017-06-27,4620.0527,4634.1323,4587.4346,4606.7573,4591.6538,343065
2017-06-28,4579.4136,4620.4058,4541.4478,4569.2539,4554.2725,782282
2017-06-29,4555.3506,4577.2744,4433.9673,4445.1968,4430.6230,352712
2017-06-30,4433.4326,4504.5518,4427.5508,4443.5923,4429.0225,386538
2017-07-03,4441.4536,4477.8149,4425.9463,4462.3081,4447.6777,2296051
2017-07-04,4451.6133,4463.3774,4438.2451,4439.3149,4424.7603,1557176
2017-07-05,4437.7104,4475.1416,4431.8286,4450.0093,4435.4194,2273339
2017-07-06,4439.3149,4452.1484,4369.7998,4414.1826,4399.7090,3276954
2017-07-07,4422.2036,4504.5518,4414.1826,4468.1899,4453.5405,2592017
2017-07-10,4498.6694,4558.0244,4473.5371,4496.5308,4481.7881,2312351
2017-07-11,4488.5098,4541.4478,4482.6279,4515.7808,4500.9751,2879424
2017-07-12,4522.7324,4579.4136,4522.7324,4559.6284,4544.6802,2957565
2017-07-13,4573.9712,4573.9712,4573.9712,4573.9712,4558.9741,4166221
2017-07-14,4565.9082,4565.9082,4565.9082,4565.9082,4550.9385,3447470
2017-07-17,4570.8579,4594.3857,4557.4897,4571.9272,4556.9385,2178897
2017-07-18,4583.1567,4623.7959,4575.1357,4588.5039,4573.4609,1706026
2017-07-19,4585.8301,4639.8379,4580.4829,4613.6362,4598.5098,1881160
2017-07-20,4633.9556,4699.7275,4625.9351,4693.8452,4678.4546,2294269
2017-07-21,4674.5952,4736.0889,4674.5952,4682.0815,4666.7300,2143457
2017-07-24,4690.6372,4690.6372,4614.7056,4634.4907,4619.2969,3072144
2017-07-25,4634.4907,4679.9424,4633.9556,4639.8379,4624.6260,1773393
2017-07-26,4648.9282,4704.5400,4631.9985,4659.0879,4643.8130,2455516
2017-07-27,4650.5322,4702.4009,4635.5601,4663.3657,4648.0781,1539526
2017-07-28,4657.4839,4658.0186,4592.7817,4627.5391,4612.3667,2204108
2017-07-31,4614.1709,4664.9702,4604.5459,4621.6572,4606.5054,1796726
2017-08-01,4661.7617,4663.9004,4587.4985,4607.2192,4592.1138,1943628
2017-08-02,4620.0527,4629.6782,4582.6221,4602.4067,4587.3169,2110263
2017-08-03,4559.6284,4647.3242,4547.3296,4625.4004,4610.5952,2932558
2017-08-04,4627.0044,4665.5049,4612.5669,4659.6226,4644.7070,2021830
2017-08-07,4662.2964,4699.1929,4655.8799,4698.1230,4683.0840,1131522
2017-08-08,4705.0747,4731.8110,4679.7041,4717.3735,4702.2729,1380297
2017-08-09,4701.3315,4740.3667,4691.1719,4736.6235,4721.4600,2871069
2017-08-10,4729.6724,4729.6724,4670.8521,4687.4287,4672.4248,1611909
2017-08-11,4677.2690,4731.8110,4657.4839,4677.8037,4662.8281,1782401
2017-08-14,4690.1025,4731.8110,4673.5259,4718.9775,4703.8711,1221539
2017-08-15,4725.3945,4782.0757,4695.5620,4782.0757,4766.7681,1599914
2017-08-16,4799.7217,4813.2661,4775.1240,4775.1240,4759.8389,1871120
2017-08-17,4777.7979,4806.1382,4765.4990,4770.3115,4755.0425,2116843
2017-08-18,4751.0615,4772.4507,4726.9985,4762.8252,4747.5786,1901094
2017-08-21,4738.7627,4779.9365,4726.4639,4775.1240,4759.8389,1347849
2017-08-22,4802.9302,4863.1724,4800.2563,4829.1318,4813.6738,2359937
2017-08-23,4823.7842,4843.0347,4805.6035,4828.0620,4812.6064,1401175
2017-08-24,4833.9443,4853.7290,4817.9023,4832.8750,4817.4048,1708979
2017-08-25,4819.5068,4838.2222,4802.9302,4823.7842,4808.3433,1123180
2017-08-29,4774.5894,4821.1108,4751.4561,4811.4858,4796.0850,2391302
2017-08-30,4816.2983,4820.5762,4763.3599,4771.3809,4756.1064,2220034
2017-08-31,4789.0269,4834.4790,4766.5684,4832.8750,4817.4048,2296726
2017-09-01,4814.6938,4853.1943,4800.2563,4800.7910,4785.4229,1867657
2017-09-04,4787.4229,4833.9443,4787.4229,4813.0898,4797.6821,969882
2017-09-05,4825.3887,4839.2915,4769.7769,4781.0059,4765.7026,1667533
2017-09-06,4768.7075,4811.4858,4752.1309,4809.3467,4793.9502,2698191
2017-09-07,4811.4858,4854.2637,4798.1172,4844.6387,4829.1313,1883977
2017-09-08,4844.6387,4864.4238,4799.7217,4820.0415,4804.6113,2122243
2017-09-11,4821.6455,4851.5903,4814.1592,4840.3608,4824.8657,1643776
2017-09-12,4838.2222,4839.8262,4743.0405,4749.4570,4734.2544,2857650
2017-09-13,4732.8804,4771.9155,4714.6997,4761.7559,4746.5132,2858138
2017-09-14,4753.2002,4769.9585,4674.5952,4674.5952,4659.6323,3172335
2017-09-15,4676.1992,4698.6577,4631.2822,4650.5322,4635.6455,6169972
2017-09-18,4647.8589,4701.8662,4641.9766,4694.9150,4679.8853,1779618
2017-09-19,4675.1299,4715.7695,4660.1577,4679.4077,4664.4292,2900452
2017-09-20,4684.7549,4695.9844,4643.0464,4653.7407,4638.8442,2316018
2017-09-21,4629.6782,4632.8862,4552.4761,4557.4897,4542.9004,3087745
2017-09-22,4540.3784,4592.7817,4522.1978,4560.1631,4545.5674,2692669
2017-09-25,4532.8921,4575.6704,4497.0654,4565.5107,4550.8955,2766597
2017-09-26,4556.9551,4576.7397,4540.3784,4570.8579,4556.2256,2550783
2017-09-27,4572.4619,4586.8999,4536.1006,4561.2329,4546.6318,2239807
2017-09-28,4546.2603,4564.4409,4527.5449,4562.8369,4548.2305,2026755
2017-09-29,4576.7397,4638.9448,4574.0664,4618.9834,4604.1973,2662582
2017-10-02,4633.4209,4691.7065,4616.3096,4683.1509,4668.1582,2237037
2017-10-03,4669.7827,4682.9893,4648.7466,4663.9004,4648.9707,4707635
2017-10-04,4655.3452,4684.7549,4650.5322,4660.6924,4645.7720,1960347
2017-10-05,4668.1782,4742.5059,4667.1089,4720.0469,4704.9385,2007239
2017-10-06,4720.0469,4731.8110,4675.6646,4686.3594,4671.3594,2579350
2017-10-09,4671.3867,4690.4521,4651.2437,4665.5049,4650.5703,2034616
2017-10-10,4661.7617,4706.1440,4657.3159,4676.1992,4661.2305,2156201
2017-10-11,4703.4707,4729.3096,4698.1230,4722.7207,4707.6030,3263471
2017-10-12,4707.2134,4820.5762,4706.6284,4820.5762,4805.1455,2839107
2017-10-13,4805.6035,4838.2222,4787.9575,4815.2285,4799.8140,1909467
2017-10-16,4806.6733,4852.6597,4797.5825,4815.2285,4799.8140,1698277
2017-10-17,4807.7427,4842.5000,4788.4922,4818.4370,4803.0117,2939168
2017-10-18,4825.9233,4874.0488,4812.0205,4864.4238,4848.8511,1977247
2017-10-19,4722.1860,4759.0825,4582.6221,4597.5942,4582.8770,5691639
2017-10-20,4577.2744,4593.3164,4450.0093,4450.0093,4435.7646,5082630
2017-10-23,4439.3149,4469.7944,4407.2310,4407.2310,4393.1240,4144164
2017-10-24,4414.7173,4436.1064,4393.3281,4398.6753,4384.5942,4135928
2017-10-25,4392.7935,4428.0854,4359.1055,4372.4736,4358.4785,2808337
2017-10-26,4405.6270,4519.5239,4399.7446,4518.4546,4503.9902,3062587
2017-10-27,4534.4961,4582.0874,4487.9751,4524.3364,4509.8530,3198818
2017-10-30,4519.5239,4520.0586,4482.0928,4500.8086,4486.4014,2075084
2017-10-31,4503.4819,4572.9966,4503.4819,4566.0454,4551.4297,2639949
2017-11-01,4565.5107,4580.4829,4540.9131,4540.9131,4526.3784,3111482
2017-11-02,4509.3643,4580.4829,4507.7598,4554.2812,4540.0635,3123687
2017-11-03,4564.9761,4592.7817,4553.7466,4575.1357,4560.8516,1632106
2017-11-06,4547.8647,4582.6221,4540.9131,4551.6079,4537.3975,1826687
2017-11-07,4561.2329,4564.4409,4509.8989,4513.6421,4499.5493,2043660
2017-11-08,4533.4268,4581.5522,4513.1074,4576.7397,4562.4517,1917018
2017-11-09,4572.9966,4607.2192,4547.6187,4558.0244,4543.7944,1963644
2017-11-10,4554.2812,4565.5107,4505.6211,4517.3848,4503.2827,1721362
2017-11-13,4556.9551,4596.6265,4525.9409,4552.1426,4537.9302,2065381
2017-11-14,4543.5869,4556.9551,4518.3101,4537.7046,4523.5376,1815254
2017-11-15,4509.3643,4561.7676,4502.9473,4502.9473,4488.8882,2052438
2017-11-16,4517.9199,4534.4961,4499.7388,4515.2461,4501.1489,1958175
2017-11-17,4505.0864,4515.2461,4438.2451,4438.2451,4424.3887,2622213
2017-11-20,4476.2109,4524.3364,4463.9121,4491.1831,4477.1621,1848857
2017-11-21,4467.1206,4537.7046,4457.4956,4521.1279,4507.0127,2742096
2017-11-22,4511.5029,4546.7949,4477.8149,4479.4194,4465.4336,2022652
2017-11-23,4484.2319,4531.8228,4458.5649,4526.4756,4512.3438,1504373
2017-11-24,4538.7744,4571.9272,4529.6836,4556.9551,4542.7275,1598645
2017-11-27,4543.0518,4597.5942,4530.7534,4530.7534,4516.6079,2576916
2017-11-28,4539.8438,4643.5811,4539.8438,4630.2129,4615.7578,3119795
2017-11-29,4590.1079,4595.4556,4502.9473,4508.8296,4494.7515,2659749
2017-11-30,4518.9893,4545.1909,4453.2178,4453.2178,4439.3135,5103886
2017-12-01,4446.8008,4465.5166,4392.7935,4400.8145,4387.0752,2812014
2017-12-04,4460.7036,4464.9819,4385.8418,4431.2939,4417.4604,2441910
2017-12-05,4452.6831,4501.3433,4423.8076,4445.7314,4431.8530,4472808
2017-12-06,4445.7314,4493.8569,4439.8496,4468.7246,4454.7739,3001670
2017-12-07,4483.1626,4503.4819,4453.7524,4462.8428,4448.9092,2333437
2017-12-08,4449.4746,4482.6279,4393.3281,4471.9331,4457.9702,1872269
2017-12-11,4489.5791,4513.1074,4462.3081,4478.8848,4464.9023,1743485
2017-12-12,4494.9263,4509.3643,4467.1206,4500.2739,4486.2241,3866294
2017-12-13,4491.7183,4506.1558,4469.2593,4485.2983,4471.2949,2937585
2017-12-14,4476.7456,4500.2739,4427.5508,4427.5508,4413.7266,2010516
2017-12-15,4425.9463,4487.9751,4411.5088,4487.4404,4473.4307,5508675
2017-12-18,4462.8428,4506.1558,4462.8428,4502.4126,4488.3564,1450240
2017-12-19,4494.9263,4518.9893,4471.3984,4473.5371,4459.5703,1417336
2017-12-20,4461.2388,4466.5859,4402.4185,4412.0435,4398.2690,1583564
2017-12-21,4405.0923,4431.2939,4376.2168,4427.5508,4413.7266,1821570
2017-12-22,4406.6963,4437.7104,4406.6963,4414.7173,4400.9346,728993
2017-12-27,4384.7725,4430.7588,4384.7725,4421.6685,4407.8633,1520857
2017-12-28,4422.2036,4435.0371,4401.8838,4410.4395,4396.6709,958229
2017-12-29,4400.2793,4419.5298,4391.1890,4412.0435,4398.2690,1150140
2018-01-02,4408.8350,4408.8350,4318.4663,4325.9521,4312.4463,1776924
2018-01-03,4322.7441,4348.9458,4285.3130,4340.3901,4326.8403,1419831
2018-01-04,4341.9941,4364.9873,4323.2788,4353.7583,4340.1660,4434408
2018-01-05,4314.1885,4376.7515,4314.1885,4376.7515,4363.0894,2871110
2018-01-08,4361.2446,4387.9810,4352.1538,4375.6821,4362.0205,1904500
2018-01-09,4377.8208,4383.7031,4350.5498,4367.6611,4354.0249,2147075
2018-01-10,4345.7373,4359.6401,4256.4375,4283.7085,4270.3345,2913077
2018-01-11,4284.2437,4321.1396,4277.2920,4286.9170,4273.5327,3046393
2018-01-12,4274.6182,4279.9658,4219.5415,4260.7153,4247.4141,8494456
2018-01-15,4262.3198,4293.3340,4253.7642,4277.8267,4264.4712,1872000
2018-01-16,4286.3823,4296.5420,4254.8335,4267.1323,4253.8096,4486226
2018-01-17,4269.8057,4332.9038,4223.8193,4299.2158,4285.7920,3343894
2018-01-18,4301.3550,4310.9800,4258.5767,4299.2158,4285.7920,3618746
2018-01-19,4303.4937,4395.4668,4291.1948,4393.3281,4379.6123,5199406
2018-01-22,4363.9180,4382.6333,4347.3413,4352.6885,4339.0977,3513374
2018-01-23,4378.8906,4390.6543,4359.6401,4374.0776,4360.4199,2820248
2018-01-24,4364.4526,4371.4043,4316.8618,4316.8618,4303.3833,4504324
2018-01-25,4301.8896,4327.0215,4249.4863,4273.5488,4260.2070,4262025
2018-01-26,4285.3130,4315.2578,4262.8545,4271.4102,4258.0737,3747479
2018-01-29,4276.2227,4276.2227,4221.6802,4240.3960,4227.1577,2806382
2018-01-30,4225.9580,4278.3613,4211.5205,4258.0420,4244.7485,3059512
2018-01-31,4280.5005,4315.2578,4251.0903,4277.8267,4264.4712,3028815
2018-02-01,4341.9941,4345.7373,4229.7012,4312.0493,4298.5874,3701321
2018-02-02,4303.4937,4350.0151,4283.1738,4319.5356,4306.0498,3367266
2018-02-05,4272.4795,4274.6182,4221.1455,4221.1455,4207.9658,2795807
2018-02-06,4123.2900,4182.6450,4090.1372,4090.1372,4077.3674,3988774
2018-02-07,4114.7344,4170.8809,4093.3455,4162.3252,4149.3281,3548541
2018-02-08,4109.9219,4139.3320,4068.7480,4085.8594,4073.1023,3350192
2018-02-09,4071.4216,4086.3940,4023.8308,4045.7546,4033.1240,3189295
2018-02-12,4076.2341,4103.5054,4051.6367,4094.9497,4082.1660,2182631
2018-02-13,4090.6719,4104.0400,4054.3103,4054.3103,4041.6526,2180463
2018-02-14,4069.2827,4095.4844,4033.4558,4055.3796,4042.7185,4855606
2018-02-15,4063.4006,4063.9353,3994.4207,4042.5464,4030.2783,4454261
2018-02-16,4063.9353,4100.2969,4050.0325,4065.5396,4053.2019,2207632
2018-02-19,4058.0535,4065.0049,3988.0039,3991.2124,3979.0994,1589717
2018-02-20,3996.0249,4020.6223,3967.6843,4004.0459,3991.8940,2885443
2018-02-21,3992.2817,4002.4417,3964.4758,3989.6082,3977.5002,3760960
2018-02-22,3963.9412,4010.4626,3943.6216,3998.1638,3986.0300,3178900
2018-02-23,3998.1638,4040.9421,3973.0315,4021.6919,4009.4868,2173426
2018-02-26,4038.2683,4121.6860,4029.7129,4097.6235,4085.1885,2372798
2018-02-27,4106.1787,4123.8252,4004.5806,4012.6016,4000.4238,1962216
2018-02-28,3986.9346,4033.9905,3986.9346,3992.8164,3980.6985,5409707
2018-03-01,3996.5596,4007.2542,3933.9963,3968.2190,3956.1755,3020123
2018-03-02,3962.3369,3989.0735,3955.3855,3970.3579,3958.3086,2328940
2018-03-05,3972.4968,4023.8308,3952.7119,4020.6223,4008.4204,1788200
2018-03-06,4048.4282,4052.7061,3999.2334,3999.2334,3987.0964,2304456
2018-03-07,3998.6985,4064.4702,3985.3303,4051.6367,4039.3403,3061332
2018-03-08,4044.1504,4163.3950,4044.1504,4149.4917,4136.8994,2463493
2018-03-09,4153.2349,4187.4575,4137.1934,4164.9990,4152.3599,2229562
2018-03-12,4192.2700,4200.2910,4142.0059,4151.0962,4138.4976,2336586
2018-03-13,4160.7212,4161.2559,4047.8936,4067.6785,4055.3345,2773353
2018-03-14,4055.9146,4107.2485,4047.3589,4085.8594,4073.4592,3525829
2018-03-15,4091.7412,4095.4844,4002.9763,4016.8794,4004.6890,3783358
2018-03-16,4024.3655,4051.6367,4009.9277,4050.0325,4037.7415,3781872
2018-03-19,4092.2759,4092.2759,4005.6499,4038.2683,4026.0129,2255876
2018-03-20,4036.6643,4040.4075,3999.7681,4029.1780,4016.9500,1779862
2018-03-21,4023.2959,4051.6367,3987.4692,3993.3513,3981.2324,1877339
2018-03-22,3982.1221,4016.3445,3960.7329,4008.8584,3996.6924,2691870
2018-03-23,3975.1704,4016.3445,3972.4968,3993.8860,3981.7651,2175353
2018-03-26,4006.7195,4009.9277,3951.6423,3951.6423,3939.6504,4331897
2018-03-27,3997.6292,4014.7405,3969.8232,3998.6985,3986.5630,2916455
2018-03-28,4016.3445,4187.4575,4002.9763,4187.4575,4174.7495,4075744
2018-03-29,4215.7983,4265.5278,4170.3462,4230.2358,4217.3999,3368342
2018-04-03,4181.5757,4212.5898,4174.0894,4182.1104,4169.4175,2501745
2018-04-04,4183.7144,4243.6040,4158.0474,4239.8608,4226.9941,2339060
2018-04-05,4286.9170,4314.7231,4256.4375,4310.4453,4297.3638,1969745
2018-04-06,4300.8203,4320.6050,4279.4307,4292.7993,4279.7705,2210421
2018-04-09,4294.4033,4300.2852,4238.2568,4254.8335,4241.9229,1925788
2018-04-10,4275.1533,4276.2227,4210.4512,4219.5415,4206.7363,2414770
2018-04-11,4185.8535,4224.3540,4159.1172,4217.4023,4204.6045,1799033
2018-04-12,4210.9858,4221.6802,4175.1587,4197.0830,4184.3462,1436471
2018-04-13,4210.4512,4210.4512,4160.7212,4202.4302,4189.6772,1995525
2018-04-16,4209.3813,4217.4023,4164.1968,4179.9717,4167.2847,1948204
2018-04-17,4164.4644,4200.2910,4148.9570,4185.3188,4172.6177,1869210
2018-04-18,4208.3120,4247.3472,4184.2495,4220.6108,4207.8008,2565584
2018-04-19,4251.0903,4252.6943,4108.8525,4129.1724,4116.6406,4396635
2018-04-20,4147.8877,4180.5063,4128.1030,4141.4712,4128.9014,2828782
2018-04-23,4124.3599,4150.0269,4096.0190,4134.5195,4121.9712,2094737
2018-04-24,4140.9365,4204.0342,4123.8252,4192.2700,4179.5474,2842756
2018-04-25,4181.5757,4221.6802,4170.8809,4202.9648,4190.2104,2240293
2018-04-26,4220.6108,4243.6040,4196.5479,4228.0972,4215.2656,2105426
2018-04-27,4236.6528,4340.9248,4221.6802,4332.3691,4319.2202,2824796
2018-04-30,4355.8970,4401.3491,4333.9731,4360.7095,4347.4766,3136445
2018-05-01,4353.2236,4368.7305,4331.8345,4344.6680,4331.4824,869341
2018-05-02,4384.7725,4384.7725,4267.1323,4277.8267,4264.8438,2755677
2018-05-03,4230.2358,4248.9512,4216.8677,4229.7012,4217.2368,2301759
2018-05-04,4236.6528,4270.8755,4230.7705,4257.5073,4244.9600,2853517
2018-05-08,4258.0420,4380.4946,4258.0420,4335.0425,4322.2661,3560358
2018-05-09,4313.6533,4379.4253,4297.0771,4377.8208,4364.9194,3431856
2018-05-10,4373.5430,4438.7798,4366.5918,4427.5508,4414.5010,3613378
2018-05-11,4416.8560,4444.6621,4392.7935,4427.0161,4413.9668,2814990
2018-05-14,4423.8076,4468.7246,4418.9951,4424.8770,4411.8364,2062639
2018-05-15,4407.2310,4427.0161,4359.1055,4393.8628,4380.9141,2868218
2018-05-16,4379.9600,4395.4668,4346.8066,4377.2861,4364.3882,3617270
2018-05-17,4371.4043,4388.5156,4353.2236,4385.3071,4372.3813,3003089
2018-05-18,4384.7725,4447.8706,4364.9873,4425.4116,4412.3696,2977814
2018-05-21,4453.2178,4478.8848,4446.8008,4474.0718,4460.8848,2372730
2018-05-22,4475.6763,4497.0654,4452.6831,4478.3501,4465.1519,2929537
2018-05-23,4480.4888,4504.5518,4468.1899,4486.9053,4473.6812,2863439
2018-05-24,4486.9053,4499.2041,4459.0996,4459.0996,4445.9585,3928547
2018-05-25,4465.5166,4509.3643,4446.8008,4473.0024,4459.8193,2755684
2018-05-29,4450.0093,4486.9053,4438.2451,4460.1689,4447.0239,3909145
2018-05-30,4468.1899,4490.6484,4448.9399,4490.6484,4477.4131,2668057
2018-05-31,4501.3433,4509.8989,4433.4326,4434.5020,4421.4321,4041941
2018-06-01,4466.5859,4479.9541,4422.2036,4433.9673,4420.8994,2560220
2018-06-04,4459.0996,4502.9473,4450.0093,4465.5166,4452.3550,2494316
2018-06-05,4456.9609,4478.8848,4432.8979,4455.3564,4442.2256,3900920
2018-06-06,4443.5923,4450.0093,4357.5015,4376.2168,4363.3203,3384943
2018-06-07,4398.1406,4416.3213,4371.9390,4381.5640,4368.6519,3628606
2018-06-08,4351.0845,4422.7383,4351.0845,4401.3491,4388.3774,3028518
2018-06-11,4422.7383,4459.6343,4408.3003,4430.2241,4417.1675,2557176
2018-06-12,4452.1484,4474.0718,4432.3633,4443.0576,4429.9634,2219364
2018-06-13,4448.4053,4456.9609,4423.2729,4438.2451,4425.1650,3284118
2018-06-14,4408.8350,4455.8911,4237.1875,4313.6533,4300.9409,7960785
2018-06-15,4302.9590,4390.6543,4291.1948,4348.9458,4336.1284,10536749
2018-06-18,4354.8276,4369.2651,4312.5840,4323.2788,4310.5366,2338538
2018-06-19,4304.0283,4348.4111,4290.1255,4340.9248,4328.1318,3101867
2018-06-20,4347.8760,4415.2520,4343.0635,4359.6401,4346.7910,3103930
2018-06-21,4383.7031,4440.3843,4350.5498,4362.8486,4349.9897,2525061
2018-06-22,4366.0571,4432.8979,4366.0571,4420.5991,4407.5713,2605099
2018-06-25,4420.5991,4466.0513,4399.7446,4399.7446,4386.7773,2538721
2018-06-26,4413.1128,4443.5923,4399.7446,4417.9258,4404.9058,1959903
2018-06-27,4421.6685,4478.8848,4408.8350,4454.8218,4441.6924,2808768
2018-06-28,4435.0371,4484.7666,4435.0371,4454.2871,4441.1592,2634088
2018-06-29,4491.7183,4526.4756,4483.1626,4483.1626,4469.9492,2891553
2018-07-02,4447.8706,4495.4614,4447.8706,4450.0093,4436.8940,2549523
2018-07-03,4453.2178,4529.6836,4445.1968,4518.4546,4505.1372,3635756
2018-07-04,4505.0864,4531.2881,4483.6973,4512.5723,4499.2725,2037568
2018-07-05,4517.3848,4528.0796,4483.1626,4497.0654,4483.8125,2989718
2018-07-06,4506.1558,4538.7744,4488.5098,4501.3433,4488.0767,2186340
2018-07-09,4502.4126,4513.1074,4478.8848,4498.6694,4485.4102,3029610
2018-07-10,4499.2041,4512.0376,4461.2388,4488.5098,4475.2808,2608003
2018-07-11,4488.5098,4502.4126,4464.4468,4464.4468,4451.2900,4109353
2018-07-12,4475.1416,4485.3013,4464.4468,4482.6279,4469.4155,2688143
2018-07-13,4497.6001,4524.3364,4489.5791,4489.5791,4476.3481,2318478
2018-07-16,4491.7183,4503.4819,4442.5229,4458.9468,4445.8062,2378137
2018-07-17,4481.0234,4489.5791,4449.4746,4469.7944,4456.6226,3690365
2018-07-18,4518.9893,4543.0518,4482.6279,4494.9263,4481.6792,2667107
2018-07-19,4482.6279,4643.0464,4441.4536,4631.2822,4617.6318,3722340
2018-07-20,4646.7891,4714.1650,4645.7197,4664.4351,4650.6880,3735161
2018-07-23,4652.6714,4658.5532,4597.0596,4597.0596,4583.5103,2830183
2018-07-24,4612.5669,4627.5391,4567.1147,4585.8301,4572.3135,2469929
2018-07-25,4584.7607,4599.1987,4561.7676,4584.7607,4571.2485,2013065
2018-07-26,4590.6426,4598.1289,4558.5591,4576.7397,4563.2520,2064829
2018-07-27,4586.8999,4615.2402,4558.5591,4614.1709,4600.5718,1981827
2018-07-30,4608.2891,4655.3452,4601.8721,4629.1431,4615.5000,1742257
2018-07-31,4656.9492,4676.7339,4622.7266,4657.4839,4643.7568,2979007
2018-08-01,4662.8311,4684.7549,4630.2129,4657.4839,4643.7568,3076215
2018-08-02,4625.4004,4648.3936,4607.2192,4625.4004,4612.1504,2068834
2018-08-03,4657.4839,4681.0117,4631.8169,4672.9912,4659.6055,1711080
2018-08-06,4675.6646,4712.5610,4668.1782,4698.1230,4684.6646,1352617
2018-08-07,4713.6304,4731.8110,4679.9424,4705.6094,4692.1309,1862336
2018-08-08,4712.0264,4760.6865,4712.0264,4745.1792,4731.5864,1755496
2018-08-09,4746.2490,4755.8740,4723.2554,4741.9707,4728.3887,1642969
2018-08-10,4713.0957,4738.7627,4666.0396,4677.2690,4663.8706,2245773
2018-08-13,4669.7827,4686.3594,4639.3032,4672.9912,4659.6055,1432678
2018-08-14,4692.7759,4721.1167,4672.9912,4689.0327,4675.6006,1582117
2018-08-15,4696.5190,4707.7485,4646.7891,4680.4771,4667.0693,2292995
2018-08-16,4691.7065,4725.3945,4667.6436,4717.3735,4703.8618,1370810
2018-08-17,4708.2832,4745.1792,4697.0537,4721.6514,4708.1255,1455826
2018-08-20,4720.5820,4768.7075,4710.9565,4755.8740,4742.2510,1444030
2018-08-21,4749.4570,4779.4019,4709.3525,4722.7207,4709.1929,1693938
2018-08-22,4708.2832,4769.2422,4705.6094,4733.9502,4720.3901,1921900
2018-08-23,4751.5962,4761.7559,4730.7417,4740.3667,4726.7876,1680606
2018-08-24,4741.4360,4763.3599,4714.1650,4742.5059,4728.9214,1566101
2018-08-28,4795.4438,4816.2983,4771.3809,4797.5825,4783.8394,1795746
2018-08-29,4800.2563,4805.0688,4747.3184,4761.2212,4747.5830,1974426
2018-08-30,4736.6235,4755.8740,4727.5332,4742.5059,4728.9214,1572003
2018-08-31,4729.6724,4732.3457,4682.0815,4697.0537,4683.5991,3169607
2018-09-03,4710.4219,4737.1582,4694.9150,4725.3945,4711.8584,1551006
2018-09-04,4732.8804,4738.2280,4643.0464,4659.6226,4646.2754,2258965
2018-09-05,4648.9282,4654.2754,4558.0244,4580.4829,4567.3613,3520764
2018-09-06,4566.5801,4572.9966,4516.8501,4516.8501,4503.9126,2682988
2018-09-07,4520.5933,4555.3506,4501.3433,4539.8438,4526.8398,3466536
2018-09-10,4539.8438,4577.8091,4525.4058,4568.1841,4555.0986,2025636
2018-09-11,4563.3716,4599.1987,4543.0518,4598.6636,4585.4907,2439785
2018-09-12,4588.5039,4637.1641,4554.8159,4625.4004,4612.1504,2288929
2018-09-13,4611.4971,4619.5181,4551.0728,4572.9966,4559.8965,2442785
2018-09-14,4588.5039,4594.3857,4554.8159,4558.5591,4545.5000,1663371
2018-09-17,4541.4478,4558.5591,4518.4546,4548.9341,4535.9033,2027471
2018-09-18,4550.5381,4569.7886,4531.2881,4531.8228,4518.8403,2250996
2018-09-19,4525.4058,4525.9409,4419.5298,4432.3633,4419.6655,3811809
2018-09-20,4426.4810,4494.3916,4416.8560,4494.3916,4481.5176,2643570
2018-09-21,4507.2251,4583.1567,4500.2739,4565.5107,4552.4326,8808639
2018-09-24,4549.4688,4552.1426,4487.4404,4493.8569,4480.9854,1898195
2018-09-25,4493.8569,4509.3643,4458.5649,4470.3291,4457.5244,2599356
2018-09-26,4464.9819,4488.5098,4454.2871,4485.8359,4472.9863,2358523
2018-09-27,4461.7734,4533.4268,4448.9399,4525.9409,4512.9756,1743997
2018-09-28,4529.1489,4545.1909,4484.7666,4508.8296,4495.9136,3189611
2018-10-01,4498.6694,4546.2603,4482.0928,4521.1279,4508.1758,2898824
2018-10-02,4489.0444,4500.8086,4460.7036,4492.2529,4479.3838,2885256
2018-10-03,4512.0376,4528.6143,4489.0444,4517.3848,4504.4458,2268521
2018-10-04,4470.3291,4484.7666,4361.2446,4361.2446,4348.7529,2919095
2018-10-05,4408.8350,4416.8560,4312.5840,4334.5078,4322.0923,4506919
2018-10-08,4335.0425,4364.4526,4312.0493,4324.3481,4311.9624,2389575
2018-10-09,4335.0425,4343.0635,4283.7085,4335.0425,4322.6255,2000793
2018-10-10,4328.6260,4334.5078,4298.1465,4316.3271,4303.9634,2120646
2018-10-11,4287.9868,4324.8828,4211.5205,4218.4717,4206.3867,4137456
2018-10-12,4219.0068,4250.0210,4201.3608,4204.0342,4191.9922,3680321
2018-10-15,4210.9858,4292.2642,4196.5479,4281.5698,4269.3047,2157031
2018-10-16,4275.1533,4337.7163,4255.9028,4322.2090,4309.8271,2652469
2018-10-17,4307.7715,4327.0215,4269.2710,4303.4937,4291.1650,2613537
2018-10-18,4224.3540,4303.4937,4196.0132,4263.3892,4251.1772,2885495
2018-10-19,4278.8960,4438.2451,4278.8960,4396.0015,4383.4087,3903085
2018-10-22,4424.3423,4483.1626,4401.3491,4401.3491,4388.7417,2736521
2018-10-23,4366.5918,4474.6069,4360.7095,4417.3906,4404.7368,3392303
2018-10-24,4453.2178,4515.2461,4438.7798,4463.3774,4450.5928,2891391
2018-10-25,4491.7183,4534.4961,4460.1689,4531.8228,4518.8403,3220036
2018-10-26,4498.1348,4510.4336,4404.0225,4455.8911,4443.1279,3091456
2018-10-29,4418.4604,4465.5166,4407.2310,4448.9399,4436.1963,3667536
2018-10-30,4479.9541,4492.2529,4406.6963,4471.3984,4458.5908,2957007
2018-10-31,4541.9824,4541.9824,4428.0854,4434.5020,4421.7993,3675125
2018-11-01,4384.7725,4432.3633,4359.6401,4396.0015,4383.7866,2894756
2018-11-02,4426.4810,4426.4810,4338.7856,4362.8486,4350.7261,2730411
2018-11-05,4371.9390,4407.2310,4347.3413,4376.7515,4364.5913,3405083
2018-11-06,4379.9600,4379.9600,4336.6470,4364.4526,4352.3247,2380387
2018-11-07,4373.5430,4418.9951,4367.1265,4391.1890,4378.9868,2283335
2018-11-08,4392.2588,4400.2793,4353.2236,4360.1748,4348.0601,2463887
2018-11-09,4367.1265,4443.5923,4367.1265,4434.5020,4422.1802,2652729
2018-11-12,4463.3774,4469.7944,4430.2241,4446.8008,4434.4443,3429556
2018-11-13,4441.9883,4473.0024,4427.0161,4443.5923,4431.2446,2951361
2018-11-14,4444.6621,4466.5859,4412.0435,4426.4810,4414.1802,3967173
2018-11-15,4452.1484,4555.3506,4425.9463,4545.1909,4532.5620,5839592
2018-11-16,4545.1909,4590.6426,4515.7808,4569.7886,4557.0908,3546747
2018-11-19,4570.3232,4604.0112,4544.1216,4556.9551,4544.2925,2655047
2018-11-20,4546.2603,4607.2192,4535.0312,4566.5801,4553.8911,3157744
2018-11-21,4592.7817,4608.8237,4558.5591,4576.7397,4564.0234,2954288
2018-11-22,4553.7466,4620.5874,4523.2671,4524.3364,4511.7656,2580325
2018-11-23,4518.4546,4551.0728,4486.9053,4540.3784,4527.7622,2492578
2018-11-26,4585.8301,4598.6636,4488.5098,4490.1138,4477.6382,3022682
2018-11-27,4515.7808,4571.3926,4515.7808,4554.2812,4541.6270,3286390
2018-11-28,4570.3232,4591.7124,4509.8989,4553.7466,4541.0928,2866057
2018-11-29,4575.1357,4592.2471,4529.1489,4550.0034,4537.3604,2918573
2018-11-30,4560.1631,4581.5522,4527.0103,4538.2393,4525.6284,12450262
2018-12-03,4551.0728,4587.9692,4517.9199,4539.3091,4526.6963,2575224
2018-12-04,4545.7256,4600.8027,4545.7256,4593.3164,4580.5532,3860268
2018-12-05,4574.6011,4592.2471,4519.5239,4535.0312,4522.4302,2484943
2018-12-06,4514.1768,4550.0034,4436.6411,4461.2388,4448.8423,3043205
2018-12-07,4451.0786,4559.6284,4442.5229,4557.4897,4544.8267,2536228
2018-12-10,4522.7324,4613.1016,4510.9683,4544.6562,4532.0283,3051056
2018-12-11,4550.5381,4634.4907,4530.7534,4612.5669,4599.7505,2674014
2018-12-12,4648.9282,4687.4287,4618.9834,4618.9834,4606.1489,2513661
2018-12-13,4640.3726,4662.2964,4589.0386,4638.7686,4625.8794,2436794
2018-12-14,4639.3032,4645.7197,4589.0386,4620.0527,4607.2158,1846145
2018-12-17,4594.9204,4611.4971,4521.1279,4523.8018,4511.2319,2479660
2018-12-18,4521.6631,4532.8921,4469.7944,4502.4126,4489.9023,2805169
2018-12-19,4485.8359,4511.5029,4467.1206,4507.7598,4495.2344,2030002
2018-12-20,4497.0654,4529.6836,4477.2803,4495.9961,4483.5029,2177818
2018-12-21,4494.3916,4509.8989,4414.7173,4494.3916,4481.9033,5618086
2018-12-24,4446.2661,4478.8848,4435.5718,4453.7524,4441.3779,735613
2018-12-27,4443.5923,4460.1689,4327.0215,4363.3833,4351.2593,2638433
2018-12-28,4384.2378,4438.7798,4376.2168,4411.5088,4399.2505,1881853
2018-12-31,4364.9873,4414.7173,4360.1748,4393.8628,4381.6548,1006795
2019-01-02,4404.0225,4444.1274,4369.7998,4430.7588,4418.4478,1702003
2019-01-03,4414.7173,4438.2451,4382.6333,4407.7656,4395.5181,1880917
2019-01-04,4439.3149,4447.3354,4383.1680,4440.3843,4428.0464,1770810
2019-01-07,4429.1548,4430.2241,4355.3623,4390.1196,4377.9204,1934066
2019-01-08,4351.0845,4398.6753,4335.0425,4384.2378,4372.0547,1949076
2019-01-09,4390.1196,4404.5576,4353.2236,4380.4946,4368.3218,2032875
2019-01-10,4338.7856,4377.8208,4335.5776,4376.2168,4364.0586,1717850
2019-01-11,4381.5640,4438.2451,4370.3345,4384.7725,4372.5874,3462036
2019-01-14,4359.1055,4371.9390,4290.1255,4308.3062,4296.3350,2185702
2019-01-15,4316.8618,4375.1475,4309.3755,4361.7793,4349.6582,1765255
2019-01-16,4352.1538,4355.8970,4261.2500,4276.7573,4264.8726,2512472
2019-01-17,4275.1533,4319.0010,4266.5972,4301.3550,4289.4048,1410671
2019-01-18,4300.2852,4353.7583,4274.0835,4339.8550,4327.7969,2023130
2019-01-21,4335.0425,4366.0571,4317.9316,4336.1123,4324.0635,1384204
2019-01-22,4327.5566,4353.2236,4287.9868,4300.8203,4288.8711,2151800
2019-01-23,4292.7993,4346.2720,4268.2017,4312.0493,4300.0679,1693648
2019-01-24,4324.3481,4334.5078,4283.7085,4283.7085,4271.8062,1574564
2019-01-25,4271.9448,4291.7295,4249.4863,4251.6250,4239.8115,1859590
2019-01-28,4237.1875,4237.1875,4196.5479,4214.7290,4203.0176,1721311
2019-01-29,4232.3750,4310.9800,4221.6802,4306.7021,4294.7363,2828847
2019-01-30,4302.4243,4353.7583,4300.8203,4347.8760,4335.7939,2754366
2019-01-31,4272.4795,4314.1885,4176.2285,4261.2500,4249.4077,3306575
2019-02-01,4275.6880,4362.8486,4275.6880,4347.3413,4335.2607,2606919
2019-02-04,4325.9521,4421.1338,4325.9521,4388.5156,4376.3218,2051044
2019-02-05,4383.1680,4520.5933,4371.4043,4518.9893,4506.4326,2982564
2019-02-06,4491.7183,4512.0376,4454.8218,4459.6343,4447.2427,1575415
2019-02-07,4441.9883,4482.6279,4441.9883,4462.8428,4450.4414,2225910
2019-02-08,4468.7246,4498.6694,4441.9883,4466.5859,4454.1753,1377873
2019-02-11,4471.3984,4502.4126,4452.1484,4497.6001,4485.1021,2321401
2019-02-12,4509.3643,4552.1426,4498.1348,4552.1426,4539.4932,2924736
2019-02-13,4564.4409,4575.6704,4530.2183,4556.4204,4543.7593,2507749
2019-02-14,4551.6079,4563.9062,4524.8711,4545.7256,4533.4712,2637132
2019-02-15,4555.8857,4579.4136,4536.1006,4544.1216,4531.8711,1703512
2019-02-18,4530.2183,4565.5107,4510.4336,4552.6772,4540.4038,1441498
2019-02-19,4562.3022,4562.3022,4488.5098,4501.3433,4489.2080,1599754
2019-02-20,4514.7114,4537.7046,4490.1138,4530.2183,4518.0044,1707649
2019-02-21,4531.8228,4576.7397,4521.1279,4551.0728,4538.8042,1661493
2019-02-22,4531.8228,4543.0518,4465.5166,4481.0234,4468.9434,2894731
2019-02-25,4502.4126,4514.7114,4427.0161,4445.1968,4433.2134,2371221
2019-02-26,4416.3213,4431.2939,4354.2930,4402.9531,4391.0835,2060783
2019-02-27,4348.9458,4352.6885,4217.9370,4264.9932,4253.4961,3998416
2019-02-28,4235.0483,4291.1948,4235.0483,4286.3823,4274.8257,4333883
2019-03-01,4293.8687,4316.8618,4242.5347,4259.6460,4248.1631,2856295
2019-03-04,4259.1113,4299.2158,4244.1387,4277.2920,4265.7603,2208720
2019-03-05,4294.4033,4367.6611,4271.4102,4355.3623,4343.6211,2319610
2019-03-06,4377.2861,4377.2861,4319.0010,4327.0215,4315.3550,1588679
2019-03-07,4326.4868,4408.8350,4319.0010,4407.2310,4395.3501,1915872
2019-03-08,4396.5366,4475.1416,4396.5366,4450.0093,4438.0122,2208827
2019-03-11,4478.3501,4501.8779,4377.8208,4398.1406,4386.2847,3073983
2019-03-12,4374.0776,4435.0371,4300.8203,4425.9463,4414.0137,2900869
2019-03-13,4417.3906,4459.6343,4407.7656,4426.4810,4414.5469,2608755
2019-03-14,4427.5508,4504.0166,4406.6963,4484.2319,4472.1431,2432537
2019-03-15,4521.6631,4566.0454,4502.9473,4548.9341,4536.6704,4034019
2019-03-18,4571.9272,4581.5522,4547.3296,4562.3022,4550.0034,2154420
2019-03-19,4554.8159,4579.4136,4548.3994,4553.2119,4540.9365,2019471
2019-03-20,4563.9062,4616.3096,4559.6284,4590.1079,4577.7324,2730660
2019-03-21,4620.0527,4714.6997,4620.0527,4705.0747,4692.3906,2683380
2019-03-22,4673.5259,4687.9634,4616.3096,4630.2129,4617.7300,2023256
2019-03-25,4622.7266,4643.5811,4587.9692,4630.2129,4617.7300,1599476
2019-03-26,4647.3242,4680.4771,4616.8447,4652.6714,4640.1284,1744144
2019-03-27,4671.9214,4672.4565,4615.2402,4649.4629,4636.9287,1817743
2019-03-28,4653.2061,4712.0264,4653.2061,4706.1440,4693.4561,1478359
2019-03-29,4713.6304,4732.8804,4671.3867,4700.2622,4687.5903,2170361
2019-04-01,4716.3042,4720.0469,4645.7197,4657.4839,4644.9272,2202384
2019-04-02,4678.3384,4738.7627,4677.8037,4698.1230,4685.4570,2752625
2019-04-03,4690.1025,4692.2412,4622.7266,4689.0327,4676.3911,3164479
2019-04-04,4685.2896,4710.4219,4670.8521,4705.0747,4692.3906,2631146
2019-04-05,4696.5190,4726.9985,4671.9214,4707.7485,4695.0566,2068693
2019-04-08,4699.1929,4729.6724,4674.5952,4719.5122,4706.7881,1282195
2019-04-09,4705.6094,4726.9985,4674.0605,4725.3945,4712.6558,1714058
2019-04-10,4679.4077,4710.9565,4669.2480,4699.1929,4686.5249,1425914
2019-04-11,4686.8940,4729.6724,4681.0117,4698.1230,4685.4570,1070990
2019-04-12,4703.4707,4725.9292,4622.7266,4667.1089,4654.5254,1622330
2019-04-15,4658.5532,4674.0605,4636.0947,4647.8589,4635.3286,1286555
2019-04-16,4672.9912,4677.8037,4648.9282,4675.6646,4663.0596,1597010
2019-04-17,4684.7549,4685.8247,4613.6362,4682.0815,4669.4585,2217457
2019-04-18,4718.4429,4866.5625,4716.3042,4816.2983,4803.3145,3171630
2019-04-23,4778.3325,4843.5693,4774.5894,4841.9653,4828.9126,2564271
2019-04-24,4861.2153,4861.2153,4813.0898,4847.8472,4834.7773,1732376
2019-04-25,4854.2637,4874.0488,4831.2705,4869.2363,4856.1089,1776658
2019-04-26,4870.3057,4905.5977,4846.2432,4905.5977,4892.3716,2310472
2019-04-29,4905.5977,4941.9595,4861.7500,4930.1953,4916.9033,1716796
2019-04-30,4933.9385,4980.9946,4916.8271,4980.9946,4967.5669,2265503
2019-05-01,5021.0991,5025.9116,4951.5845,4951.5845,4938.2363,1721650
2019-05-02,4866.0278,4931.2646,4855.3335,4908.2715,4895.4336,2029744
2019-05-03,4956.9316,4982.5986,4909.8755,4922.7090,4909.8350,1270266
2019-05-07,4911.4800,4959.0708,4901.8545,4912.0146,4899.1665,2750014
2019-05-08,4921.1050,4969.7651,4903.4590,4950.5151,4937.5664,3333478
2019-05-09,4937.1470,4976.1821,4921.6396,4931.2646,4918.3657,1515486
2019-05-10,4941.4248,4963.3486,4915.2227,4929.6606,4916.7671,1606030
2019-05-13,4962.8140,4985.8071,4921.1050,4972.4390,4959.4336,1720812
2019-05-14,4991.6890,4991.6890,4934.4731,4962.8140,4949.8335,1390152
2019-05-15,4961.7441,5016.2866,4948.9106,5015.7520,5002.6343,2263655
2019-05-16,5018.9600,5106.6558,4994.3628,5106.6558,5093.2993,1859275
2019-05-17,5085.8013,5130.7183,5085.8013,5129.6489,5116.2314,1507673
2019-05-20,5133.3921,5142.4824,5071.8984,5120.0239,5106.6318,1369665
2019-05-21,5133.9268,5147.8296,5069.7593,5080.9888,5067.6997,1446487
2019-05-22,5095.4263,5194.8857,5092.2178,5194.3511,5180.7646,2260478
2019-05-23,5198.0942,5211.9971,5139.2739,5175.1011,5161.5664,1802185
2019-05-24,5194.3511,5240.3379,5169.7534,5222.6919,5209.0308,1820710
2019-05-28,5240.3379,5248.8936,5172.4272,5197.0249,5183.4316,3429047
2019-05-29,5168.6841,5176.1704,5120.0239,5176.1704,5162.6313,1696346
2019-05-30,5175.6357,5230.7129,5146.2256,5226.4346,5212.7646,1171782
2019-05-31,5197.5596,5208.2539,5161.1982,5172.9619,5159.4316,1313957
2019-06-03,5155.8506,5200.7681,5138.2046,5192.2124,5178.6333,1730128
2019-06-04,5194.3511,5195.4204,5136.6006,5148.8994,5135.4331,2924928
2019-06-05,5156.9199,5200.7681,5134.9961,5195.4204,5181.8306,1795694
2019-06-06,5205.0459,5231.2476,5184.1914,5218.9487,5205.2988,1627513
2019-06-07,5214.1362,5260.1226,5214.1362,5255.3101,5241.5645,1713138
2019-06-10,5265.4702,5265.4702,5221.6221,5239.2681,5225.5645,1202628
2019-06-11,5246.7544,5274.5605,5222.1572,5259.5879,5245.8315,2438523
2019-06-12,5261.7271,5329.1025,5230.7129,5317.8735,5303.9624,1677250
2019-06-13,5308.7832,5334.4502,5276.1646,5290.6021,5276.7646,2223930
2019-06-14,5279.3730,5322.1514,5266.5396,5318.9429,5305.0303,1364635
2019-06-17,5314.1304,5333.9150,5294.3452,5311.9912,5298.0967,1432607
2019-06-18,5322.6860,5387.9229,5299.1577,5329.6372,5315.6958,2033745
2019-06-19,5340.3320,5340.3320,5259.0532,5269.2129,5255.4302,2014406
2019-06-20,5286.3242,5314.6650,5251.5669,5254.2407,5240.4995,2078945
2019-06-21,5239.2681,5259.0532,5203.4414,5249.4282,5235.6992,6591120
2019-06-24,5239.8032,5303.4355,5224.2959,5295.4150,5281.5649,1669515
2019-06-25,5269.2129,5302.9009,5244.0811,5278.8384,5265.0327,1340169
2019-06-26,5264.4004,5290.6021,5225.3652,5231.2476,5217.5654,1879900
2019-06-27,5226.9697,5226.9697,5152.1074,5200.2329,5186.6313,1848121
2019-06-28,5223.7612,5234.4556,5194.3511,5234.4556,5220.7642,2012307
2019-07-01,5289.5327,5289.5327,5235.5254,5249.4282,5235.6992,1426018
2019-07-02,5248.3589,5364.3945,5233.9209,5364.3945,5350.3633,2840759
2019-07-03,5388.9922,5454.2290,5376.1587,5436.0483,5421.8306,1898850
2019-07-04,5431.7705,5440.3262,5380.4365,5413.5898,5399.4297,1144532
2019-07-05,5405.0342,5427.4927,5370.8115,5395.4092,5381.2974,1340692
2019-07-08,5413.5898,5437.1177,5390.0615,5412.5205,5398.3643,1168349
2019-07-09,5408.2427,5421.0757,5368.6724,5387.9229,5373.8306,2310731
2019-07-10,5371.8809,5387.9229,5315.1997,5370.8115,5356.7632,1767848
2019-07-11,5370.8115,5390.0615,5340.8667,5345.6792,5331.6978,2904228
2019-07-12,5365.4644,5366.5337,5312.5259,5350.4917,5336.4976,1381126
2019-07-15,5341.9360,5393.2700,5321.0815,5374.0200,5359.9653,1309414
2019-07-16,5379.3672,5462.7847,5364.3945,5444.6040,5430.3633,1557977
2019-07-17,5453.1597,5477.7573,5407.1729,5431.7705,5417.5630,2425958
2019-07-18,5433.9092,5444.6040,5393.2700,5416.7983,5402.6309,1645738
2019-07-19,5431.7705,5459.5762,5354.7695,5359.0474,5345.0293,2522778
2019-07-22,5352.6309,5393.2700,5323.2207,5379.3672,5365.2979,1439604
2019-07-23,5399.6870,5442.4653,5380.4365,5392.2007,5378.0977,1594040
2019-07-24,5390.0615,5407.1729,5333.9150,5345.1445,5331.1646,2071171
2019-07-25,5347.2832,5368.6724,5200.2329,5236.0601,5222.3647,2929418
2019-07-26,5260.1226,5270.2827,5191.1426,5239.2681,5225.5645,2390488
2019-07-29,5266.5396,5388.9922,5238.7334,5361.1865,5347.1646,2260452
2019-07-30,5374.0200,5423.2695,5361.1865,5388.9922,5374.8960,2117866
2019-07-31,5352.6309,5355.8389,5282.5815,5299.6924,5285.8306,2813024
2019-08-01,5293.8105,5388.9922,5261.7271,5354.7695,5340.7637,1782921
2019-08-02,5385.7837,5392.2007,5262.2617,5282.5815,5268.7646,2578575
2019-08-05,5240.3379,5295.9497,5192.2124,5206.1152,5192.4976,1743569
2019-08-06,5185.7954,5248.3052,5154.2466,5161.1982,5147.6982,1880612
2019-08-07,5154.7812,5211.4624,5129.6489,5200.7681,5187.1646,2193857
2019-08-08,5180.9829,5205.0459,5145.1562,5205.0459,5191.8442,2974131
2019-08-09,5204.5112,5252.1016,5185.2607,5213.0664,5199.8457,2460371
2019-08-12,5247.2891,5279.9502,5216.8096,5269.7476,5256.3823,1325222
2019-08-13,5274.5605,5283.1162,5208.2539,5247.8242,5234.5146,2222329
2019-08-14,5269.7476,5320.2935,5250.6987,5311.9912,5298.5190,2222671
2019-08-15,5284.1855,5348.3530,5277.4263,5322.1514,5308.6548,2128329
2019-08-16,5347.2832,5363.3252,5293.8105,5359.0474,5345.4551,1519325
2019-08-19,5405.0342,5454.2290,5369.7422,5444.6040,5430.7959,1617648
2019-08-20,5464.9238,5525.8828,5418.9370,5422.1455,5408.3940,1945810
2019-08-21,5423.2148,5476.6875,5418.9370,5472.4097,5458.5322,1895084
2019-08-22,5452.0903,5482.0352,5359.0474,5374.0200,5360.3926,2036067
2019-08-23,5396.4785,5427.4927,5357.9780,5357.9780,5344.3901,1146322
2019-08-27,5379.3672,5448.8818,5338.1929,5448.8818,5435.0630,2890492
2019-08-28,5447.8125,5501.2852,5411.4507,5492.7295,5478.7993,2082578
2019-08-29,5479.8960,5613.3857,5446.7427,5507.7017,5493.7339,1884022
2019-08-30,5524.8130,5597.6860,5515.1880,5556.8970,5542.8032,2076310
2019-09-02,5591.1196,5676.6763,5566.5220,5637.1060,5622.8110,1697934
2019-09-03,5656.3564,5700.2041,5629.6201,5693.7876,5679.3472,2975235
2019-09-04,5703.4126,5703.4126,5627.4810,5675.6064,5661.2124,1846022
2019-09-05,5686.3013,5693.7876,5530.1606,5538.7163,5524.6704,2638699
2019-09-06,5541.9248,5586.8418,5519.4658,5550.4800,5536.4028,2234350
2019-09-09,5575.0776,5581.4946,5414.6592,5414.6592,5400.9277,2308362
2019-09-10,5386.8535,5431.7471,5280.9771,5297.5537,5284.1191,4367071
2019-09-11,5309.3179,5310.9219,5248.8936,5307.1787,5293.7183,2586410
2019-09-12,5338.7280,5379.3672,5283.6509,5350.4917,5336.9224,2242045
2019-09-13,5317.3384,5329.1025,5230.0967,5251.5669,5238.2490,2077200
2019-09-16,5207.1846,5347.2832,5186.3301,5186.3301,5173.1772,2116548
2019-09-17,5169.2188,5282.0464,5154.7812,5280.4424,5267.0508,2078663
2019-09-18,5270.2827,5327.4985,5245.6851,5271.3521,5257.9824,1545301
2019-09-19,5244.0811,5288.4634,5244.0811,5261.7271,5248.3828,2323378
2019-09-20,5251.0322,5251.0322,5128.0449,5128.0449,5115.0405,5545159
2019-09-23,5144.0869,5230.1777,5138.1919,5205.5806,5192.3779,4378337
2019-09-24,5195.9551,5257.9839,5174.0312,5245.1504,5231.8491,1593773
2019-09-25,5233.9209,5258.5186,5179.9136,5199.1636,5185.9780,1835581
2019-09-26,5174.0312,5278.8384,5152.6421,5243.5459,5230.2485,4687350
2019-09-27,5255.8447,5315.1997,5231.7822,5259.0532,5245.7158,1803145
2019-09-30,5263.3311,5276.6992,5202.3721,5229.6431,5216.3809,2111319
2019-10-01,5240.3379,5272.4214,5179.3789,5231.7822,5218.5127,2948657
2019-10-02,5250.4976,5265.4702,5117.8848,5117.8848,5104.9058,2525491
2019-10-03,5116.2808,5151.0381,5087.9404,5116.2808,5103.3066,2931179
2019-10-04,5150.5034,5160.6631,5098.1001,5134.9961,5121.9722,2105302
2019-10-07,5148.8994,5179.3789,5136.0659,5179.3789,5166.2446,1798602
2019-10-08,5189.0039,5238.1987,5168.1494,5172.4272,5159.3086,2344134
2019-10-09,5159.5938,5232.3169,5159.5938,5176.1704,5163.0430,2307835
2019-10-10,5197.5596,5198.6289,5108.2598,5111.4683,5098.5044,2249196
2019-10-11,5069.2246,5069.2246,4941.9595,4969.7651,4957.1621,2993845
2019-10-14,4989.0156,5069.2246,4945.4990,4967.6265,4955.0273,1574886
2019-10-15,4972.9736,4975.6470,4856.4028,4885.8130,4873.4229,3075246
2019-10-16,4894.3687,4977.7861,4894.3687,4928.5913,4916.0923,2838252
2019-10-17,5033.3979,5041.9536,4957.4663,4975.6470,4963.0293,2618351
2019-10-18,4940.8901,4970.2998,4899.7158,4947.3066,4934.7593,2021462
2019-10-21,4940.8901,4949.4453,4845.1733,4874.5835,4862.2222,2001769
2019-10-22,4840.3608,4920.5703,4821.1108,4903.9937,4891.5566,1429107
2019-10-23,4906.6675,4931.7993,4867.0972,4882.6045,4870.2207,1587561
2019-10-24,4877.2573,4953.1885,4868.7017,4953.1885,4940.6270,2182149
2019-10-25,4938.7510,4953.7236,4912.0146,4953.1885,4940.6270,1488287
2019-10-28,4931.7993,4952.8145,4874.0488,4874.0488,4861.6875,1659726
2019-10-29,4895.9727,4917.3618,4847.8472,4914.6880,4902.2231,1860847
2019-10-30,4920.0356,4994.3628,4884.7432,4975.1123,4962.4956,1810850
2019-10-31,4949.4453,4990.0850,4924.3135,4943.5635,4931.4248,1786212
2019-11-01,4954.7930,4988.4805,4922.1743,4932.3340,4920.2227,1614156
2019-11-04,4941.9595,4951.5986,4896.5073,4914.1533,4902.0864,1721304
2019-11-05,4902.3892,4936.0771,4875.1182,4925.3828,4913.2876,1531780
2019-11-06,4926.4521,5043.9194,4894.9033,5015.2173,5002.9038,2672784
2019-11-07,5028.5854,5032.9902,4950.5151,4977.7861,4965.5635,4421628
2019-11-08,4977.2515,5029.1201,4968.4004,4999.7100,4987.4341,1458873
2019-11-11,4999.7100,5024.0723,4901.8545,4933.4038,4921.2905,1836374
2019-11-12,4954.2583,4962.2788,4910.4102,4916.2925,4904.2212,3002605
2019-11-13,4913.0840,4987.8892,4913.0840,4946.7720,4934.6245,1590226
2019-11-14,4965.4873,5002.3838,4886.8823,4922.7090,4910.6216,2029701
2019-11-15,4908.2715,4931.7993,4850.5210,4885.2783,4873.2827,2060188
2019-11-18,4879.3960,4899.1812,4823.7842,4884.2085,4872.2158,2339268
2019-11-19,4873.5142,4905.5977,4860.6538,4874.0488,4862.0811,1213721
2019-11-20,4878.8613,4894.3687,4823.7842,4840.8955,4829.0098,1415257
2019-11-21,4842.5000,4842.5000,4786.3535,4807.2080,4795.4048,1586043
2019-11-22,4797.5825,4843.5693,4783.1450,4830.2012,4818.3403,1706114
2019-11-25,4822.1802,4835.0137,4789.0269,4832.3398,4820.4746,1744537
2019-11-26,4857.4722,4911.9185,4809.3467,4877.2573,4865.2812,2955805
2019-11-27,4898.1118,4919.5010,4862.2847,4879.3960,4867.4155,1108228
2019-11-28,4869.2363,4899.7158,4848.3818,4889.0210,4877.0161,521341
2019-11-29,4871.9097,4927.5215,4866.5625,4895.9727,4883.9507,1343245
2019-12-02,4924.3135,4943.5635,4844.1040,4857.4722,4845.5449,1987830
2019-12-03,4878.3267,4883.1392,4821.6401,4838.7568,4826.8755,2885588
2019-12-04,4831.2705,4849.4512,4807.2080,4834.4790,4822.6084,1741590
2019-12-05,4842.5000,4842.5000,4779.4019,4785.8188,4774.0674,1418326
2019-12-06,4809.3467,4868.7017,4772.4507,4867.0972,4855.1460,1406856
2019-12-09,4854.7988,4883.1392,4823.7842,4860.1460,4848.2124,1245722
2019-12-10,4880.4658,4892.2295,4791.1660,4864.4238,4852.4800,1748113
2019-12-11,4868.1670,4891.6948,4813.0522,4838.7568,4826.8755,1987169
2019-12-12,4831.2705,4871.3750,4817.9023,4844.1040,4832.2095,1909274
2019-12-13,4752.6655,4873.5142,4721.1167,4860.6807,4848.7461,2552504
2019-12-16,4874.0488,4975.1123,4861.7500,4952.1191,4939.9590,2154219
2019-12-17,4718.4429,4766.2798,4587.6909,4597.5942,4586.3052,6378711
2019-12-18,4556.4204,4645.4526,4556.4204,4575.6704,4564.4355,2981176
2019-12-19,4578.3442,4638.2334,4555.8857,4637.1641,4625.7783,5837530
2019-12-20,4653.7407,4682.6162,4634.4907,4670.3174,4658.8501,4736850
2019-12-23,4686.3594,4776.7285,4660.1577,4736.6235,4724.9941,2577225
2019-12-24,4715.2344,4718.1436,4686.3594,4694.3799,4682.8535,529580
2019-12-27,4700.7969,4736.6235,4676.1992,4722.7207,4711.1245,1084932
2019-12-30,4733.4155,4737.9282,4676.1992,4676.7339,4665.2515,985886
2019-12-31,4670.3174,4712.5610,4638.2334,4652.6714,4641.2471,477458
2020-01-02,4651.0669,4663.9004,4635.5601,4648.9282,4637.5137,1494560
2020-01-03,4613.6362,4662.8311,4606.6846,4659.6226,4648.1821,1522633
2020-01-06,4633.4209,4645.1851,4593.3164,4624.8652,4613.5088,1377678
2020-01-07,4625.4004,4647.3242,4576.7397,4585.2954,4574.0361,2178954
2020-01-08,4534.4961,4559.6284,4507.7598,4534.4961,4523.3618,2073469
2020-01-09,4560.6982,4598.1289,4550.5381,4578.3442,4567.1025,1673796
2020-01-10,4598.1289,4623.7959,4564.9761,4603.4761,4592.1719,3867786
2020-01-13,4632.3516,4649.6982,4566.1738,4644.6504,4633.2466,2338095
2020-01-14,4649.9976,4660.1577,4609.3584,4619.5181,4608.1738,1903458
2020-01-15,4627.5391,4669.2480,4617.9141,4654.2754,4642.8477,2388248
2020-01-16,4649.4629,4669.7827,4617.3794,4656.4146,4644.9805,2312843
2020-01-17,4652.1367,4709.3525,4630.2129,4705.6094,4694.0552,2431745
2020-01-20,4726.9985,4728.6025,4687.9634,4706.1440,4694.5879,885131
2020-01-21,4699.7275,4723.2554,4663.3657,4719.5122,4707.9238,2325085
2020-01-22,4721.1167,4733.0142,4682.6162,4691.7065,4680.1870,2170890
2020-01-23,4715.7695,4715.7695,4656.9492,4671.9214,4660.4497,2189339
2020-01-24,4725.9292,4797.0479,4707.2134,4784.7490,4773.0005,2321944
2020-01-27,4774.5894,4801.3257,4708.8179,4736.0889,4724.4614,3201450
2020-01-28,4764.9644,4831.2705,4759.0825,4813.0898,4801.2710,2629905
2020-01-29,4813.0898,4824.8540,4713.6304,4746.2490,4734.5962,3061014
2020-01-30,4787.9575,4854.7988,4769.7769,4841.9653,4830.0767,2735873
2020-01-31,4895.9727,4895.9727,4826.4580,4848.3818,4836.4771,2151919
2020-02-03,4864.4238,4921.6396,4845.1733,4898.1118,4886.0854,2360527
2020-02-04,4926.4521,4948.3760,4877.2573,4912.5493,4900.4868,1702444
2020-02-05,4887.4170,4961.7441,4870.3057,4958.0010,4945.8271,1736688
2020-02-06,4963.3486,5030.1895,4934.4731,5021.6338,5009.3042,2119277
2020-02-07,5017.8906,5037.1411,4992.2236,5022.1685,5009.8374,1798660
2020-02-10,5028.0508,5030.7241,4977.7861,5010.9395,4998.6367,1254036
2020-02-11,5019.4951,5056.3911,4997.5713,5013.6128,5001.3018,1362503
2020-02-12,5025.3770,5036.4033,4976.7168,4985.2725,4973.0317,1554939
2020-02-13,4967.0918,5058.5303,4889.5562,4932.3340,4920.2227,1919635
2020-02-14,4944.0981,4946.7720,4908.8062,4925.3828,4913.2876,1447413
2020-02-17,4951.5845,4969.5298,4932.3340,4951.5845,4939.4258,1125431
2020-02-18,4940.8901,4985.8071,4929.6606,4954.7930,4942.6265,1668282
2020-02-19,4950.5151,4979.9253,4928.0566,4946.2373,4934.0923,2079897
2020-02-20,4923.2441,4933.4038,4868.7017,4915.2227,4903.5405,1517942
2020-02-21,4905.5977,4920.0356,4869.7710,4912.0146,4900.3403,3182450
2020-02-24,4859.6113,4864.0688,4736.0889,4794.3745,4782.9800,2358774
2020-02-25,4786.8882,4803.9995,4689.0327,4697.5884,4686.4238,2475355
2020-02-26,4671.9214,4691.1719,4597.0596,4691.1719,4680.0229,3235911
2020-02-27,4638.7686,4721.6514,4592.7817,4621.1221,4610.1396,3399988
2020-02-28,4523.8018,4621.1221,4379.3237,4459.6343,4449.0356,6180311
2020-03-02,4593.3164,4635.5601,4476.2109,4620.0527,4609.0723,5262585
2020-03-03,4637.6987,4750.5264,4607.7539,4686.8940,4675.7549,3439495
2020-03-04,4709.3525,4770.3115,4684.2202,4769.2422,4757.9077,2239583
2020-03-05,4796.5132,4809.3467,4723.2554,4793.3047,4781.9136,3115372
2020-03-06,4718.4429,4803.4648,4623.7959,4654.2754,4643.2144,3403290
2020-03-09,4459.6343,4551.6772,4419.5298,4456.9609,4446.3677,4088189
2020-03-10,4499.2041,4546.2603,4340.3901,4361.2446,4350.8804,4056474
2020-03-11,4454.8218,4474.4390,4338.2510,4356.4316,4346.0786,3664420
2020-03-12,4243.6040,4273.0142,4031.8518,4119.0122,4109.2236,5746041
2020-03-13,4210.9858,4371.9390,4046.2893,4122.2207,4112.4238,5209043
2020-03-16,3960.7329,4068.7480,3832.3979,3984.7957,3975.3254,5776694
2020-03-17,4114.7344,4413.1128,4020.6223,4376.7515,4366.3506,6962523
2020-03-18,4289.0562,4597.5942,4217.4023,4387.9810,4377.5522,6536245
2020-03-19,4500.8086,4715.7695,4323.2788,4642.5117,4631.4785,9325738
2020-03-20,4774.0547,4845.7134,4305.6328,4425.9463,4415.4268,7324876
2020-03-23,4210.4512,4458.0303,4153.7700,4205.6382,4195.6426,6180554
2020-03-24,4232.9097,4275.1533,4106.7139,4275.1533,4264.9922,4730771
2020-03-25,4295.4727,4364.5063,4170.8809,4253.7642,4243.6533,4912470
2020-03-26,4212.0552,4302.9590,4154.8394,4302.9590,4292.7319,4319849
2020-03-27,4212.0552,4253.2290,4112.0610,4204.5688,4194.5762,3992959
2020-03-30,4200.8257,4294.9380,4108.8525,4294.9380,4284.7324,2893263
2020-03-31,4422.2036,4422.2036,4115.8042,4358.5708,4348.2119,3873430
2020-04-01,4250.0210,4291.7295,4178.3672,4271.4102,4261.2578,3090523
2020-04-02,4271.4102,4323.8135,4227.5625,4323.8135,4313.5381,2713478
2020-04-03,4324.8828,4354.8276,4282.1045,4317.3965,4307.1357,2465730
2020-04-06,4401.8838,4454.2871,4380.4946,4423.2729,4412.7612,1942795
2020-04-07,4473.5371,4514.1768,4407.2310,4452.1484,4441.5664,2618297
2020-04-08,4364.4526,4407.2310,4319.5356,4375.1475,4364.7495,2323870
2020-04-09,4385.8418,4440.3843,4309.9102,4410.4395,4399.9580,2042098
2020-04-14,4413.6475,4505.6211,4374.0776,4488.5098,4477.8423,2173748
2020-04-15,4460.7036,4560.7119,4390.1196,4423.2729,4412.7612,2875325
2020-04-16,4408.3003,4438.4590,4352.6885,4416.8560,4406.3594,2657415
2020-04-17,4522.7324,4534.4961,4379.4253,4400.8145,4390.3550,2870608
2020-04-20,4439.3149,4601.8721,4439.3149,4601.8721,4590.9351,2226397
2020-04-21,4577.2744,4627.5391,4477.8149,4491.7183,4481.0435,4018813
2020-04-22,4523.8018,4566.2324,4503.4819,4537.7046,4526.9204,2011839
2020-04-23,4358.0361,4488.5098,4276.7573,4456.4258,4445.8345,5555656
2020-04-24,4391.1890,4440.3843,4356.9663,4376.2168,4365.8164,1982116
2020-04-27,4410.4395,4446.7476,4366.5918,4386.9111,4376.4868,1439875
2020-04-28,4393.3281,4412.5781,4328.0913,4353.7583,4343.4111,2902947
2020-04-29,4345.2026,4405.0923,4315.2578,4389.0503,4378.6177,1873830
2020-04-30,4425.4116,4486.3706,4365.5220,4386.9111,4376.4868,3372452
2020-05-01,4331.2998,4411.1187,4305.6328,4383.7031,4373.2837,1099994
2020-05-04,4348.4111,4378.3555,4287.6475,4335.5776,4325.2739,2097105
2020-05-05,4330.2300,4334.5078,4274.6182,4307.7715,4297.5332,2014556
2020-05-06,4324.8828,4351.6191,4289.5908,4297.0771,4286.8633,1283686
2020-05-07,4276.7573,4366.5918,4257.5073,4366.5918,4356.2148,2958231
2020-05-11,4402.9531,4464.9819,4377.2861,4462.8428,4452.2358,2269699
2020-05-12,4435.0371,4522.7324,4423.2729,4522.7324,4511.9839,2416880
2020-05-13,4478.8848,4539.8438,4447.8706,4506.6904,4495.9800,2511446
2020-05-14,4428.6201,4458.5649,4369.0781,4394.3975,4384.3486,2929886
2020-05-15,4397.6060,4438.2451,4369.7998,4417.9258,4407.8242,1755954
2020-05-18,4475.6763,4535.8257,4452.1484,4523.8018,4513.4565,1813838
2020-05-19,4565.5107,4582.6221,4405.0923,4405.0923,4395.0190,2345332
2020-05-20,4393.3281,4469.2593,4391.1890,4456.4258,4446.2354,4395689
2020-05-21,4444.6621,4456.5801,4410.4395,4410.4395,4400.3555,4446382
2020-05-22,4367.6611,4415.7866,4332.3691,4400.8145,4390.7510,3503909
2020-05-26,4471.3984,4484.2319,4371.9390,4408.3003,4398.2207,2075323
2020-05-27,4411.5088,4494.9263,4353.1167,4491.7183,4481.4487,3179879
2020-05-28,4498.1348,4630.7476,4486.3706,4630.7476,4620.1592,2952242
2020-05-29,4598.6636,4675.6646,4551.6079,4632.8862,4622.2935,6833744
2020-06-01,4656.4146,4664.0503,4591.1777,4615.7749,4605.2212,1628132
2020-06-02,4610.4277,4637.1641,4590.5410,4607.2192,4596.6836,2060638
2020-06-03,4615.7749,4716.3042,4598.6636,4704.5400,4693.7827,1859823
2020-06-04,4664.9702,4739.8320,4653.2061,4705.6094,4694.8491,2038626
2020-06-05,4703.4707,4725.9292,4662.4331,4715.2344,4704.4531,2195251
2020-06-08,4686.3594,4717.3735,4618.9834,4699.1929,4688.4478,2040057
2020-06-09,4689.5674,4746.2490,4621.1221,4635.0254,4624.4268,3506308
2020-06-10,4604.0112,4709.0850,4594.3857,4682.0815,4671.3760,2409782
2020-06-11,4637.1641,4779.7324,4599.7334,4637.1641,4626.5610,5297940
2020-06-12,4633.9556,4648.9282,4530.2183,4602.9414,4592.4146,3802652
2020-06-15,4552.6772,4683.1509,4463.9121,4587.9692,4577.4785,2376285
2020-06-16,4635.0254,4724.8594,4590.1079,4724.8594,4714.0562,3543503
2020-06-17,4726.9985,4820.1279,4716.0151,4814.6938,4803.6846,2761637
2020-06-18,4791.1660,4843.7671,4771.9155,4820.0415,4809.0200,2421241
2020-06-19,4833.9443,4956.9316,4833.9443,4953.7236,4942.3970,4030731
2020-06-22,4899.1812,4950.5151,4848.9165,4855.3335,4844.2310,5052393
2020-06-23,4856.4028,4873.5142,4821.1108,4857.4722,4846.3657,1985108
2020-06-24,4831.8052,4848.9165,4778.3325,4791.1660,4780.2100,3228908
2020-06-25,4769.7769,4807.2080,4724.8115,4774.0547,4763.1387,1883797
2020-06-26,4764.4297,4871.3750,4763.3599,4832.8750,4821.8237,1666664
2020-06-29,4783.6797,4783.6797,4709.8872,4751.5962,4740.7329,1842116
2020-06-30,4724.8594,4766.5684,4656.4146,4657.4839,4646.8335,2381317
2020-07-01,4639.3032,4669.2480,4580.4829,4639.3032,4628.6953,2264091
2020-07-02,4649.9976,4728.0679,4624.3306,4728.0679,4717.2563,1516836
2020-07-03,4731.2764,4734.4849,4608.2891,4617.9141,4607.3540,990177
2020-07-06,4663.9004,4701.3315,4637.1641,4654.2754,4643.6338,1173635
2020-07-07,4616.8447,4644.6504,4558.0244,4558.0244,4547.6021,1964827
2020-07-08,4570.8579,4585.8301,4528.4648,4544.1216,4533.7319,1898289
2020-07-09,4532.3574,4555.8857,4505.6211,4507.7598,4497.4536,1435228
2020-07-10,4440.3843,4516.3154,4440.3843,4484.2319,4473.9780,1950864
2020-07-13,4514.1768,4580.4829,4514.1768,4580.4829,4570.0093,1256396
2020-07-14,4596.5249,4620.0527,4567.6494,4605.0806,4594.5513,1882295
2020-07-15,4616.8447,4679.5522,4615.7749,4649.9976,4639.3643,1780324
2020-07-16,4605.0806,4633.9556,4568.7192,4610.4277,4599.8862,1605139
2020-07-17,4631.8169,4693.8452,4614.7056,4679.9424,4669.2402,1548585
2020-07-20,4684.2202,4698.1230,4633.9556,4640.3726,4629.7622,1107284
2020-07-21,4638.2334,4687.4287,4608.2891,4653.2061,4642.5669,4940918
2020-07-22,4640.3726,4677.8037,4597.5942,4630.7476,4620.1592,2879494
2020-07-23,4960.1401,5077.7803,4908.8062,4995.4321,4984.0103,4690730
2020-07-24,4975.1123,5068.1553,4939.8203,5002.9185,4991.4775,3419279
2020-07-27,4992.2236,5069.2246,4987.9458,5026.4463,5014.9531,1943196
2020-07-28,5005.0571,5025.3770,4943.0288,5014.6826,5003.2168,1715996
2020-07-29,5045.6968,5126.9756,5042.4883,5088.4751,5076.8398,3852683
2020-07-30,5060.6689,5084.1973,4903.4590,4976.1821,4964.8032,2252273
2020-07-31,4897.0420,4972.9736,4885.2783,4890.6255,4879.4419,2582329
2020-08-03,4876.7227,5036.0713,4876.7227,4987.9458,4976.5405,1513161
2020-08-04,4984.7378,5013.6128,4952.6538,4991.1543,4979.7417,1574104
2020-08-05,5022.1685,5045.6968,4971.9043,4986.8765,4975.4727,1283841
2020-08-06,4930.1953,4930.1953,4844.6387,4894.9033,4884.1167,4031872
2020-08-07,4869.2363,4890.6255,4843.5693,4854.2637,4843.5674,3141373
2020-08-10,4857.4722,4892.7642,4823.2495,4833.9443,4823.2935,4589198
2020-08-11,4833.9443,4894.7085,4778.3325,4796.5132,4785.9448,1535110
2020-08-12,4796.5132,4920.5703,4780.4712,4907.7368,4896.9224,2317763
2020-08-13,4895.9727,4922.7827,4866.4185,4901.3198,4890.5200,1411068
2020-08-14,4872.4448,4879.9307,4777.2632,4856.4028,4845.7017,1806660
2020-08-17,4849.9863,4872.4448,4810.4160,4866.0278,4855.3057,2133534
2020-08-18,4835.0137,4868.1670,4803.9995,4822.1802,4811.5547,2108582
2020-08-19,4814.6938,4886.3477,4786.8882,4877.7920,4867.0454,1866923
2020-08-20,4863.8892,4879.9307,4829.6665,4856.4028,4845.7017,1708312
2020-08-21,4841.4302,4853.1943,4765.4990,4822.1802,4811.5547,1742481
2020-08-24,4861.7500,4929.1260,4766.1406,4899.1812,4888.3872,1405375
2020-08-25,4901.3198,4944.0981,4863.8892,4863.8892,4853.1719,1145355
2020-08-26,4855.3335,4867.0972,4812.5552,4861.7500,4851.0376,1400572
2020-08-27,4877.7920,4936.6123,4849.9863,4882.0698,4871.3130,1176946
2020-08-28,4879.9307,4892.7642,4761.2212,4769.7769,4759.2671,2115533
2020-09-01,4776.1934,4786.8882,4677.8037,4733.4155,4722.9863,2291898
2020-09-02,4745.1792,4858.2690,4738.7627,4847.8472,4837.1665,1617788
2020-09-03,4858.5415,4909.8755,4807.2080,4830.7358,4820.0923,1513762
2020-09-04,4791.1660,4818.9717,4708.8179,4733.4155,4722.9863,1717837
2020-09-07,4740.9014,4846.7778,4729.1377,4831.8052,4821.1587,1326294
2020-09-08,4840.3608,4897.0420,4830.7358,4885.2783,4874.5137,1975419
2020-09-09,4919.5010,5108.7944,4919.5010,5072.4331,5061.2573,2879252
2020-09-10,5077.7803,5124.8364,5042.4883,5116.2808,5105.0088,2200104
2020-09-11,5120.5586,5206.1152,5098.1001,5167.6147,5156.2300,2090086
2020-09-14,5186.8647,5208.2539,5126.2534,5136.6006,5125.2837,1126969
2020-09-15,5137.6699,5214.6709,5122.6973,5189.0039,5177.5708,1364631
2020-09-16,5184.7261,5203.9761,5123.7671,5136.6006,5125.2837,1752530
2020-09-17,5103.4473,5167.9546,5063.4922,5154.7812,5143.4238,1536809
2020-09-18,5170.8232,5170.8232,5059.5996,5069.2246,5058.0557,3520235
2020-09-21,5032.8633,5042.4883,4953.7236,4983.6680,4972.6870,2306829
2020-09-22,4995.4321,5095.9609,4964.4180,5063.8774,5052.7192,1398720
2020-09-23,5097.0308,5166.5454,5077.7803,5110.9336,5099.6733,2065228
2020-09-24,5072.4331,5132.3228,5035.0020,5056.3911,5045.2515,1840429
2020-09-25,5068.1553,5121.6279,5036.0713,5093.8223,5082.5991,1168790
2020-09-28,5093.8223,5164.4062,5056.3911,5145.1562,5133.8193,1591044
2020-09-29,5137.6699,5148.3643,5086.3359,5138.7393,5127.4160,2128251
2020-09-30,5137.6699,5172.9619,5107.7251,5107.7251,5096.4712,1475185
2020-10-01,5143.0171,5185.7954,5099.1694,5138.7393,5127.4160,1844451
2020-10-02,5118.4199,5178.3091,5098.1001,5178.3091,5166.8999,2120223
2020-10-05,5198.6289,5240.3379,5164.4062,5176.1704,5164.7651,1856371
2020-10-06,5190.0732,5190.0732,5112.1528,5126.9756,5115.6802,2976919
2020-10-07,5123.7671,5174.0312,5099.1694,5133.3921,5122.0806,1333619
2020-10-08,5117.3501,5160.1284,5101.3086,5147.2949,5135.9541,1865755
2020-10-09,5147.2949,5206.1152,5112.0029,5183.6567,5172.2354,3850830
2020-10-12,5157.9897,5198.6289,5138.7393,5187.9346,5176.5029,1511897
2020-10-13,5167.6147,5216.8096,5143.0171,5212.5317,5201.0469,2818833
2020-10-14,5242.4766,5287.3940,5190.0732,5231.7822,5220.2544,4861886
2020-10-15,5194.3511,5211.4624,5133.3921,5160.1284,5148.7593,2943564
2020-10-16,5175.1011,5222.1572,5164.4062,5203.9761,5192.5098,2298621
2020-10-19,5215.7402,5247.8242,5130.1836,5135.5308,5124.2153,2512533
2020-10-20,5125.9058,5201.8374,5094.8916,5171.8926,5160.4971,1695907
2020-10-21,5185.7954,5189.0039,5017.8906,5029.6548,5018.5723,2560104
2020-10-22,5048.9048,5098.1001,5006.1265,5048.9048,5037.7798,2016373
2020-10-23,5018.9600,5073.5024,4983.4458,5020.0298,5008.9697,1747006
2020-10-26,4978.3208,5073.2778,4939.8203,4968.6958,4957.7490,1958235
2020-10-27,4989.0156,5030.7241,4896.0625,5014.6826,5003.6338,2746927
2020-10-28,4976.1821,4989.0156,4786.8882,4856.4028,4845.7017,2830147
2020-10-29,4775.1240,4821.1108,4721.6514,4772.9854,4762.8809,4566024
2020-10-30,4724.8594,4735.1050,4675.6646,4709.8872,4699.9185,3009092
2020-11-02,4714.1650,4800.7910,4687.4287,4790.0967,4779.9580,2093650
2020-11-03,4793.3047,4870.3057,4767.6377,4869.2363,4858.9282,2668877
2020-11-04,4842.5000,4990.0850,4809.3467,4986.8765,4976.3203,2468177
2020-11-05,5014.6826,5074.5718,4975.1123,4992.2236,4981.6553,3564312
2020-11-06,4953.7236,5033.9326,4929.1260,5014.6826,5004.0684,4582717
2020-11-09,5063.8774,5200.7681,5030.0400,5045.6968,5035.0166,3044573
2020-11-10,5000.7793,5063.8774,4952.6538,5006.1265,4995.5298,3010711
2020-11-11,4996.5015,5144.0869,4990.0850,5115.2114,5104.3853,3496589
2020-11-12,5101.3086,5169.7534,5094.8916,5130.1836,5119.3242,3963749
2020-11-13,5120.5586,5120.5586,5076.7109,5078.8496,5068.0991,2745983
2020-11-16,5110.9336,5110.9336,4962.2788,4964.4180,4953.9097,5517810
2020-11-17,4921.6396,4990.8120,4870.3057,4882.0698,4871.7358,4636396
2020-11-18,4818.9717,4920.5703,4812.5552,4836.0830,4825.8452,2881870
2020-11-19,4797.5825,4842.5000,4762.2905,4772.9854,4762.8809,2672224
2020-11-20,4774.0547,4801.8604,4748.3877,4765.4990,4755.4111,3892487
2020-11-23,4767.6377,4776.1431,4653.2061,4670.3174,4660.4316,4101520
2020-11-24,4692.7759,4706.5293,4623.2612,4641.4419,4631.6162,4008762
2020-11-25,4646.7891,4890.6255,4622.1919,4876.7227,4866.4004,10977781
2020-11-26,4962.2788,4976.3350,4843.5693,4900.2505,4889.8765,4209930
2020-11-27,4894.9033,4940.8901,4820.0415,4904.5283,4894.1465,121645170
2020-11-30,4839.2915,4990.0850,4836.0830,4888.4863,4878.1396,16705048
2020-12-01,4883.1392,4914.1533,4737.6929,4741.9707,4731.9331,5936159
2020-12-02,4741.9707,4791.1660,4675.6646,4704.5400,4694.5820,6741946
2020-12-03,4726.9985,4753.7349,4571.9272,4580.4829,4570.7871,8435766
2020-12-04,4609.3584,4668.1782,4550.3672,4626.4697,4616.6772,6453274
2020-12-07,4662.8311,4694.9150,4601.7012,4636.0947,4626.2812,5349755
2020-12-08,4632.8862,4660.6924,4576.2051,4656.4146,4646.5571,7426852
2020-12-09,4683.1509,4699.1929,4565.5107,4654.2754,4644.4248,9835166
2020-12-10,4705.6094,4741.9707,4669.2480,4700.2622,4690.3120,6718284
2020-12-11,4698.1230,4746.2490,4678.8730,4726.9985,4716.9917,3565771
2020-12-14,4717.3735,4720.5820,4664.9702,4666.0396,4656.1626,8551512
2020-12-15,4669.2480,4710.9565,4600.8027,4600.8027,4591.0649,11456147
2020-12-16,4617.9141,4687.4287,4587.7769,4685.2896,4675.3716,4201623
2020-12-17,4712.0264,4714.1650,4527.6519,4630.7476,4620.9463,3817695
2020-12-18,4664.9702,4686.3594,4632.8862,4649.9976,4640.1543,7304413
2020-12-21,4664.9702,4688.4980,4586.8999,4591.1777,4581.4585,5327466
2020-12-22,4592.2471,4665.8662,4589.0386,4643.5811,4633.7524,3353441
2020-12-23,4632.8862,4633.9556,4586.8999,4610.4277,4600.6699,1935932
2020-12-24,4598.6636,4624.3306,4572.8257,4609.3584,4599.6016,536805
2020-12-29,4714.1650,4791.8877,4691.7065,4770.8462,4760.7476,2565280
2020-12-30,4754.8042,4797.5825,4736.6235,4792.2354,4782.0913,2481607
2020-12-31,4746.2490,4748.3877,4663.9004,4697.0537,4687.1118,2082803
2021-01-04,4755.8740,4832.8750,4734.4849,4770.8462,4760.7476,6080704
2021-01-05,4748.3877,4781.5410,4719.5122,4744.1099,4734.0674,2861087
2021-01-06,4744.1099,4817.9023,4699.8057,4777.2632,4767.1504,5715957
2021-01-07,4789.0269,4816.8330,4716.3042,4755.8740,4745.8081,8297513
2021-01-08,4746.2490,4774.0547,4681.6538,4759.0825,4749.0088,9395439
2021-01-11,4759.0825,4774.0547,4719.5122,4722.7207,4712.7231,2647667
2021-01-12,4684.2202,4717.3735,4594.3857,4621.1221,4611.3418,3356643
2021-01-13,4611.4971,4657.4839,4581.5522,4654.2754,4644.4248,3388111
2021-01-14,4652.1367,4677.8037,4637.1641,4656.4146,4646.5571,7081895
2021-01-15,4657.4839,4706.8320,4653.2061,4699.1929,4689.2461,3050512
2021-01-18,4684.2202,4709.5825,4660.6924,4664.9702,4655.0967,2972873
2021-01-19,4674.5952,4716.3042,4658.5532,4685.2896,4675.3716,2108991
2021-01-20,4652.1367,4677.8037,4621.1221,4655.3452,4645.4902,2498969
2021-01-21,4657.4839,4679.9424,4634.8755,4655.3452,4645.4902,2824926
2021-01-22,4668.1782,4692.7759,4640.2241,4682.0815,4672.1714,2199540
2021-01-25,4682.0815,4793.3047,4668.1782,4775.1240,4765.0176,5370204
2021-01-26,4765.4990,4809.3467,4721.6514,4730.2070,4720.1958,2054863
2021-01-27,4699.1929,4764.4297,4676.7339,4681.0117,4671.1035,4511633
2021-01-28,4652.1367,4689.5674,4607.2192,4623.2612,4613.4741,2937150
2021-01-29,4584.7607,4591.9741,4513.1074,4534.4961,4524.8975,4247174
2021-02-01,4604.0112,4604.0112,4539.8438,4571.9272,4562.2505,2454466
2021-02-02,4568.7192,4609.3584,4556.9551,4595.4556,4585.7290,2175444
2021-02-03,4590.1079,4667.1089,4571.9272,4637.1641,4627.3486,2621189
2021-02-04,4545.1909,4636.0947,4331.2998,4349.4805,4340.2749,6711335
2021-02-05,4359.1055,4423.7466,4256.4375,4256.4375,4247.4282,7674442
2021-02-08,4300.2852,4309.9102,4229.7012,4229.7012,4220.7480,3266614
2021-02-09,4257.5073,4257.5073,4179.4365,4224.3540,4215.4121,4208091
2021-02-10,4221.1455,4239.3262,4202.8257,4211.5205,4202.6055,3124586
2021-02-11,4187.9922,4230.7705,4153.7700,4174.0894,4165.2539,5262134
2021-02-12,4191.2007,4246.6309,4176.2285,4236.1177,4227.1523,3290582
2021-02-15,4235.0483,4278.8960,4186.9229,4259.6460,4250.6284,3926548
2021-02-16,4273.5488,4309.9102,4255.3682,4284.2437,4275.1758,3902723
2021-02-17,4257.5073,4272.6665,4212.5898,4256.4375,4247.4282,6051288
2021-02-18,4251.0903,4258.5767,4215.7983,4244.6738,4235.6885,4646057
2021-02-19,4244.6738,4257.5073,4176.2285,4176.2285,4167.3887,4554718
2021-02-22,4152.7002,4180.5063,4094.7839,4094.9497,4086.2820,3300297
2021-02-23,4104.5747,4192.2700,4066.0742,4192.2700,4183.3965,4006741
2021-02-24,4176.2285,4179.4365,4075.6995,4105.6440,4096.9531,5621405
2021-02-25,4072.4912,4106.7139,4063.9353,4086.3940,4078.1646,3116631
2021-02-26,4092.8108,4136.6587,3989.0735,3992.2817,3984.2417,7595584
2021-03-01,3999.7681,4058.3154,3979.4482,4036.1294,4028.0012,6482301
2021-03-02,4053.2407,4106.7139,4040.4075,4076.7688,4068.5588,5270767
2021-03-03,4094.9497,4120.6167,4032.9211,4076.7688,4068.5588,4311142
2021-03-04,4075.6995,4160.1865,4066.0742,4121.6860,4113.3862,5330880
2021-03-05,4109.9219,4174.0894,4072.4912,4161.2559,4152.8740,4802914
2021-03-08,4148.4224,4223.0811,4103.5054,4160.1865,4151.8086,4193605
2021-03-09,4165.5337,4323.4775,4159.1172,4189.0620,4180.6245,3372681
2021-03-10,4176.2285,4225.4233,4162.3252,4213.6592,4205.1738,2796453
2021-03-11,4229.7012,4230.7705,4178.2358,4187.9922,4179.5576,4885454
2021-03-12,4190.1313,4236.6118,4178.3970,4224.3540,4215.8467,4653834
2021-03-15,4237.1875,4286.3823,4226.4927,4248.9512,4240.3936,3413616
2021-03-16,4263.9238,4306.7021,4238.2568,4292.7993,4284.1543,3613882
2021-03-17,4293.8687,4319.5356,4283.1738,4304.5630,4295.8940,3931964
2021-03-18,4294.9380,4315.2578,4260.7153,4282.1045,4273.4805,3138086
2021-03-19,4268.2017,4293.8687,4226.4927,4226.4927,4217.9814,9825102
2021-03-22,4232.9097,4306.7021,4202.1948,4301.3550,4292.6919,5350830
2021-03-23,4268.2017,4368.7305,4268.2017,4356.9663,4348.1919,4556087
2021-03-24,4361.2446,4367.6611,4303.4937,4337.7163,4328.9805,3068613
2021-03-25,4339.8550,4395.4668,4325.4175,4341.9941,4333.2495,2799390
2021-03-26,4343.0635,4361.8574,4302.4243,4324.8828,4316.1724,2685478
2021-03-29,4348.4111,4386.9111,4302.4243,4382.6333,4373.8076,4024702
2021-03-30,4400.8145,4412.5781,4333.4385,4344.1333,4335.3857,2724947
2021-03-31,4343.0635,4389.0503,4332.3691,4337.7163,4328.9805,4346695
2021-04-01,4358.0361,4368.1958,4294.9380,4301.3550,4292.6919,5185861
2021-04-06,4330.2300,4379.9600,4322.4155,4372.4736,4363.6685,2887551
2021-04-07,4376.7515,4438.2422,4374.0776,4420.5991,4411.6973,2944429
2021-04-08,4379.9600,4479.5454,4355.8970,4455.3564,4446.3838,5443166
2021-04-09,4450.5439,4453.7524,4399.4595,4417.9258,4409.0278,3498424
2021-04-12,4410.9741,4427.5508,4386.3765,4422.7383,4413.8315,2140810
2021-04-13,4415.2520,4435.5718,4391.1890,4425.4116,4416.4990,2737304
2021-04-14,4405.0923,4432.8979,4380.4946,4405.0923,4396.2207,5970165
2021-04-15,4407.2310,4475.1416,4395.4668,4454.8218,4445.8501,2703459
2021-04-16,4458.5649,4467.5034,4435.5718,4453.2178,4444.2495,2996243
2021-04-19,4437.1758,4468.1899,4401.8838,4418.9951,4410.0947,2555257
2021-04-20,4410.4395,4433.4326,4392.2588,4414.7173,4405.8271,4427855
2021-04-21,4417.3906,4433.4326,4384.8589,4427.0161,4418.1011,2619677
2021-04-22,4400.2793,4507.3716,4364.4526,4418.4604,4409.5615,4010152
2021-04-23,4395.4668,4420.5991,4354.8276,4399.2100,4390.3506,2739373
2021-04-26,4368.1958,4389.9702,4338.2510,4369.7998,4360.9995,2165795
2021-04-27,4358.5708,4389.0503,4325.9521,4333.9731,4325.2456,2614532
2021-04-28,4331.8345,4385.3071,4328.6260,4360.7095,4351.9277,2860891
2021-04-29,4419.5298,4535.2856,4416.8560,4505.6211,4496.5474,4659904
2021-04-30,4522.1978,4558.1978,4483.6973,4525.4058,4516.2920,3892577
2021-05-04,4542.5171,4565.5107,4486.3706,4495.9961,4486.9419,3256433
2021-05-05,4474.0718,4539.8438,4446.2661,4514.7114,4505.6182,2820330
2021-05-06,4517.3848,4603.4761,4516.3154,4603.4761,4594.2046,5675552
2021-05-07,4598.1289,4613.9419,4554.8159,4569.7886,4560.5854,2749779
2021-05-10,4538.7744,4640.8433,4526.0938,4575.6704,4566.4546,3294671
2021-05-11,4549.4688,4570.3232,4480.4888,4513.6421,4504.5527,3600417
2021-05-12,4518.4546,4569.2539,4504.5518,4539.3091,4530.1660,2726459
2021-05-13,4531.2881,4581.0928,4495.4614,4573.5317,4564.3218,3942656
2021-05-14,4598.6636,4636.6294,4578.3442,4592.2471,4582.9985,5646811
2021-05-17,4598.6636,5266.0049,4581.5522,4609.8931,4600.6099,2386835
2021-05-18,4626.4697,4627.5391,4576.2051,4576.2051,4566.9883,2655625
2021-05-19,4561.7676,4601.8721,4523.2671,4578.8789,4569.6587,3781381
2021-05-20,4571.3926,4594.9204,4552.1426,4594.9204,4586.0850,3094374
2021-05-21,4587.4346,4600.2681,4552.1426,4574.6011,4565.8047,3078475
2021-05-24,4588.5039,4602.9414,4564.9761,4567.1147,4558.3325,3062130
2021-05-25,4569.2539,4607.7539,4564.4409,4605.6152,4596.7598,3013648
2021-05-26,4614.1709,4647.3242,4599.1987,4602.4067,4593.5552,5678022
2021-05-27,4591.7124,4600.8027,4481.0234,4481.0234,4472.4072,10113604
2021-05-28,4481.0234,4541.9824,4465.5166,4520.0586,4511.3657,4090109
2021-06-01,4532.3574,4560.6982,4495.4614,4534.4961,4525.7764,2274939
2021-06-02,4536.1006,4675.8979,4526.4756,4545.1909,4536.4502,2006415
2021-06-03,4543.0518,4572.9966,4519.5239,4564.4409,4555.6636,2248798
2021-06-04,4577.2744,4602.4067,4544.6562,4569.7886,4561.0015,1734269
2021-06-07,4586.3652,4586.3652,4548.9341,4562.3022,4553.5298,1783686
2021-06-08,4572.9966,4605.6152,4566.0454,4574.0664,4565.2710,2711419
2021-06-09,4570.3232,4589.4355,4555.3506,4572.9966,4564.2036,2293069
2021-06-10,4560.1631,4602.9414,4551.0728,4577.8091,4569.0063,2591856
2021-06-11,4571.9272,4589.0386,4555.6792,4570.3232,4561.5342,2130752
2021-06-14,4587.9692,4611.4971,4563.9062,4593.3164,4584.4844,2612870
2021-06-15,4617.3794,4663.4619,4610.9263,4638.7686,4629.8486,3214615
2021-06-16,4628.6084,4686.3594,4625.9351,4648.9282,4639.9888,2723759
2021-06-17,4612.0322,4661.7617,4591.3271,4654.2754,4645.3257,5228279
2021-06-18,4663.3657,4678.3384,4584.2261,4606.1499,4597.2939,9359487
2021-06-21,4593.8511,4651.9761,4582.4199,4603.4761,4594.6235,2904872
2021-06-22,4598.6636,4638.7686,4593.3164,4614.1709,4605.2979,3018616
2021-06-23,4599.1987,4625.4004,4557.4897,4557.4897,4548.7266,2563031
2021-06-24,4566.0454,4600.8027,4543.5869,4543.5869,4534.8506,3663661
2021-06-25,4545.1909,4563.3716,4518.4546,4554.8159,4546.0571,2543301
2021-06-28,4559.0938,4583.6914,4539.8438,4581.5522,4572.7412,2175431
2021-06-29,4598.6636,4598.6636,4566.0454,4571.3926,4562.6021,1470729
2021-06-30,4560.1631,4572.4619,4512.0376,4524.3364,4515.6362,3450863
2021-07-01,4525.9409,4570.5229,4519.5239,4556.9551,4548.1924,2390834
2021-07-02,4570.8579,4585.8301,4544.9448,4566.5801,4557.7988,2026316
2021-07-05,4553.2119,4560.6982,4525.0317,4560.6982,4551.9282,1230065
2021-07-06,4533.9614,4590.1079,4533.4268,4590.1079,4581.2817,2530402
2021-07-07,4594.9204,4667.1089,4569.2539,4662.8311,4653.8652,2599301
2021-07-08,4641.9766,4645.3882,4574.0664,4595.4556,4586.6196,2311824
2021-07-09,4615.2402,4627.5391,4570.5273,4593.3164,4584.4844,2204135
2021-07-12,4572.4619,4608.8237,4562.3022,4606.6846,4597.8267,2555929
2021-07-13,4608.2891,4644.1157,4587.9692,4641.9766,4633.0503,1400460
2021-07-14,4622.7266,4630.7476,4569.7886,4604.0112,4595.1587,3046800
2021-07-15,4598.6636,4643.5811,4574.6011,4584.2261,4575.4116,3111765
2021-07-16,4617.9141,4661.7617,4600.0005,4660.6924,4651.7290,3066826
2021-07-19,4659.0879,4672.4565,4612.0322,4647.8589,4638.9219,2730582
2021-07-20,4672.4565,4692.7759,4616.3096,4621.6572,4612.7705,4695064
2021-07-21,4630.7476,4656.4146,4597.0596,4601.8721,4593.0220,3624391
2021-07-22,4481.0234,4486.1001,4310.9800,4331.8345,4323.5044,8023918
2021-07-23,4315.2578,4435.5718,4298.8779,4431.8286,4423.3076,3432527
2021-07-26,4397.0713,4429.1548,4310.4453,4310.9800,4302.6904,4461507
2021-07-27,4290.1255,4376.7515,4262.8545,4332.9038,4324.5718,4233460
2021-07-28,4323.8135,4354.5498,4317.9316,4330.7646,4322.4365,3036930
2021-07-29,4336.6470,4399.2100,4319.0010,4392.2588,4383.8125,3027903
2021-07-30,4379.4253,4449.4746,4369.7998,4439.3149,4430.7778,3534063
2021-08-02,4460.7036,4460.7036,4378.3555,4420.0645,4411.5649,2359340
2021-08-03,4417.3906,4475.6763,4410.4395,4444.1274,4435.5811,2135982
2021-08-04,4453.2178,4473.0024,4410.9741,4410.9741,4402.4927,2258036
2021-08-05,4396.5366,4421.6685,4378.3555,4384.7725,4376.7524,3464803
2021-08-06,4386.3765,4390.9839,4359.1055,4376.2168,4368.2134,2617769
2021-08-09,4376.2168,4415.7866,4355.0342,4410.9741,4402.9062,2102390
2021-08-10,4417.3906,4423.8076,4386.3765,4392.2588,4384.2261,2921041
2021-08-11,4409.3701,4435.2510,4398.1406,4423.8076,4415.7153,1941016
2021-08-12,4416.8560,4454.2871,4409.8018,4416.8560,4408.7773,1836249
2021-08-13,4428.0854,4460.1689,4424.3423,4447.8706,4439.7363,2258526
2021-08-16,4437.7104,4453.2178,4364.9873,4416.8560,4408.7773,1948937
2021-08-17,4405.6270,4452.6831,4383.7031,4452.6831,4444.5391,1970575
2021-08-18,4447.8706,4458.5649,4383.1680,4386.3765,4378.3540,1880255
2021-08-19,4363.9180,4394.3975,4335.0425,4393.3281,4385.2930,1665397
2021-08-20,4402.9531,4442.5229,4362.8486,4422.7383,4414.6489,2231951
2021-08-23,4432.3633,4437.7104,4379.9600,4401.3491,4393.2993,2102721
2021-08-24,4390.6543,4405.0923,4332.9038,4366.0571,4358.0728,2782045
2021-08-25,4360.1748,4372.4736,4306.1675,4320.6050,4312.7026,2727244
2021-08-26,4302.4243,4354.8276,4286.9170,4344.6680,4336.7222,2214008
2021-08-27,4351.6191,4354.2930,4325.9521,4325.9521,4318.0391,1766901
2021-08-31,4336.1123,4348.4111,4296.0073,4327.0215,4319.1074,3880426
2021-09-01,4328.6260,4353.2236,4310.4453,4324.8828,4316.9727,2423575
2021-09-02,4290.1255,4291.1948,4197.0830,4236.1177,4228.3711,4873148
2021-09-03,4244.6738,4297.6118,4227.0273,4254.2988,4246.5171,2957178
2021-09-06,4270.3403,4287.9868,4243.0693,4279.9658,4272.1382,1736568
2021-09-07,4278.8960,4283.7085,4255.3091,4266.0625,4258.2598,2366233
2021-09-08,4253.7642,4312.0493,4213.6592,4301.8896,4294.0220,4250667
2021-09-09,4285.8477,4309.3755,4240.9307,4240.9307,4233.1763,2659719
2021-09-10,4239.3262,4254.6465,4216.3330,4233.9790,4226.2349,2232360
2021-09-13,4240.3960,4289.0562,4236.1177,4276.4985,4268.6763,87181
2021-09-14,4276.7573,4326.4868,4267.1323,4285.8477,4278.0083,3436861
2021-09-15,4279.4307,4293.3340,4244.6738,4244.6738,4236.9106,3687071
2021-09-16,4208.3120,4247.5215,4199.0005,4220.0762,4212.3579,3585415
2021-09-17,4246.2778,4252.6943,4186.9229,4190.1313,4182.4673,9414241
2021-09-20,4197.6177,4274.6182,4188.5273,4264.9932,4257.1919,5386325
2021-09-21,4264.9932,4315.2578,4245.2085,4291.7295,4283.8794,3275019
2021-09-22,4286.3823,4329.6953,4280.5005,4298.6812,4290.8193,2343776
2021-09-23,4305.6328,4308.3062,4268.2017,4268.2017,4260.3960,2115674
2021-09-24,4265.5278,4287.9868,4253.2290,4267.1323,4259.3296,3765897
2021-09-27,4283.1738,4286.3823,4231.3921,4240.3960,4232.6416,3400252
2021-09-28,4232.3750,4323.2788,4222.7495,4291.1948,4283.3462,5084819
2021-09-29,4322.7441,4357.5015,4306.8091,4345.7373,4337.7891,3647382
2021-09-30,4361.2446,4364.9873,4282.6392,4283.1738,4275.3408,4434340
2021-10-01,4271.4102,4329.6953,4247.3472,4248.9512,4241.1797,4075895
2021-10-04,4247.8818,4253.2290,4189.5967,4222.7495,4215.0259,3236904
2021-10-05,4224.3540,4236.1177,4188.8755,4190.6660,4183.0015,2866699
2021-10-06,4161.7905,4170.8809,4102.9707,4147.3530,4139.7695,3766764
2021-10-07,4166.6030,4197.6177,4143.0752,4143.0752,4135.4980,4582544
2021-10-08,4144.1445,4159.6519,4109.3872,4135.0542,4127.4907,2667223
2021-10-11,4118.4775,4142.5405,4097.4062,4133.4502,4125.8911,2015702
2021-10-12,4114.1997,4131.6279,4094.4148,4119.0122,4111.4790,2604635
2021-10-13,4099.7622,4151.6309,4081.0466,4133.9849,4126.4243,4028783
2021-10-14,4150.0269,4152.7002,4120.0820,4149.4917,4141.9019,2542719
2021-10-15,4144.1445,4148.4224,4072.2344,4121.1514,4113.6147,4042480
2021-10-18,4099.2275,4124.7124,4087.4634,4105.1094,4097.6011,2755340
2021-10-19,4106.7139,4107.2485,4042.5464,4050.0325,4042.6255,3441792
2021-10-20,4081.5813,4113.6650,4070.3521,4084.2551,4076.7854,2771516
2021-10-21,4138.7974,4222.7495,4097.6235,4131.8457,4124.2896,4676400
2021-10-22,4150.0269,4187.2373,4136.1235,4163.3950,4155.7808,1925334
2021-10-25,4170.8809,4200.8257,4139.8667,4148.9570,4141.3696,2479632
2021-10-26,4174.6240,4196.5479,4156.4434,4190.1313,4182.4673,2189076
2021-10-27,4193.3398,4210.7129,4162.3252,4163.3950,4155.7808,2267758
2021-10-28,4153.7700,4182.6450,4146.2837,4170.8809,4163.2529,5999254
2021-10-29,4159.6519,4187.4575,4125.9639,4183.7144,4176.0620,4323528
2021-11-01,4219.0068,4224.3540,4125.9639,4202.4302,4194.7451,2115384
2021-11-02,4208.3120,4242.5347,4178.9019,4233.9790,4226.2349,1933626
2021-11-03,4217.9370,4235.5830,4200.8257,4218.4717,4210.7568,2488799
2021-11-04,4184.2495,4220.6108,4150.0269,4170.8809,4163.6514,6236189
2021-11-05,4172.4854,4205.1035,4164.6470,4170.8809,4163.6514,4651910
2021-11-08,4180.5063,4180.5063,4130.7764,4149.4917,4142.2988,3713639
2021-11-09,4151.0962,4185.8535,4119.2671,4178.9019,4171.6587,3185380
2021-11-10,4184.2495,4195.4785,4154.8394,4190.1313,4182.8687,3767405
2021-11-11,4200.2910,4221.1455,4176.7632,4191.2007,4183.9375,2930505
2021-11-12,4170.8809,4209.3813,4169.2769,4187.4575,4180.2007,3046079
2021-11-15,4186.9229,4192.8047,4117.7334,4178.9019,4171.6587,3155225
2021-11-16,4156.4434,4174.3867,4119.5469,4143.6099,4136.4277,2985041
2021-11-17,4125.4292,4141.0859,4090.4922,4123.2900,4116.1436,3548831
2021-11-18,4117.9429,4135.5889,4088.5330,4088.5330,4081.4468,3012841
2021-11-19,4065.0049,4143.6099,4055.3796,4116.3389,4109.2051,4256846
2021-11-22,4097.6235,4146.8184,4093.3455,4125.9639,4118.8135,3313713
2021-11-23,4109.9219,4178.3672,4109.1914,4173.5547,4166.3218,8190176
2021-11-24,4175.1587,4186.3882,4146.2837,4179.9717,4172.7280,4733003
2021-11-25,4181.5757,4260.7153,4172.4854,4250.0210,4242.6558,4124393
2021-11-26,4190.1313,4239.3262,4158.5825,4225.9580,4218.6338,5909603
2021-11-29,4204.5688,4225.4233,4169.1816,4193.3398,4186.0723,5268101
2021-11-30,4191.7354,4200.8257,4127.0332,4127.0332,4119.8813,9912474
2021-12-01,4105.6440,4142.0059,4074.6299,4122.2207,4115.0762,5323408
2021-12-02,4098.1582,4176.2285,4093.8801,4140.9365,4133.7603,4445968
2021-12-03,4152.7002,4165.5337,4132.3804,4148.4224,4141.2334,3339685
2021-12-06,4181.0410,4207.2427,4147.3530,4199.7563,4192.4771,5077074
2021-12-07,4235.0483,4244.1387,4191.7354,4227.5625,4220.2354,3794816
2021-12-08,4232.9097,4274.0835,4225.9580,4228.0972,4220.7690,4266010
2021-12-09,4273.0142,4273.0142,4236.6528,4258.5767,4251.1953,3076856
2021-12-10,4266.0625,4306.7021,4256.4375,4294.4033,4286.9600,2443444
2021-12-13,4289.0562,4300.8203,4262.3198,4300.8203,4293.3672,4164080
2021-12-14,4307.7715,4335.0425,4282.6392,4300.8203,4293.3672,3680911
2021-12-15,4289.0562,4302.9590,4233.4443,4245.2085,4237.8516,2850365
2021-12-16,4259.6460,4277.8267,4223.8193,4259.1113,4251.7290,5848144
2021-12-17,4272.4795,4290.1255,4240.9307,4258.5767,4251.1953,10129162
2021-12-20,4233.4443,4266.5972,4205.6382,4258.0420,4250.6621,4115680
2021-12-21,4264.4585,4269.2710,4197.6177,4214.1943,4206.8901,2952631
2021-12-22,4208.8467,4212.8970,4159.6519,4198.6870,4191.4092,2657075
2021-12-23,4187.9922,4228.0972,4181.0410,4227.5625,4220.2354,2904497
2021-12-24,4222.7495,4240.3960,4221.1455,4227.0273,4219.7012,355137
2021-12-29,4258.5767,4282.3623,4238.7915,4246.8125,4239.4512,1774331
2021-12-30,4258.5767,4258.5767,4236.1177,4242.0000,4234.6470,1211790
2021-12-31,4220.6108,4235.5830,4194.9438,4219.5415,4212.2280,914826
2022-01-04,4232.3750,4275.6880,4225.4233,4273.5488,4266.1436,3271311
2022-01-05,4255.3682,4261.7847,4215.7983,4233.9790,4226.6411,2348850
2022-01-06,4200.2910,4220.9956,4175.0093,4189.5967,4182.3354,2661463
2022-01-07,4170.8809,4207.7773,4168.2075,4207.7773,4200.4863,3127903
2022-01-10,4224.3540,4252.1597,4187.9922,4242.0000,4234.6470,4383569
2022-01-11,4215.2637,4241.4653,4178.9019,4215.7983,4208.4907,3274618
2022-01-12,4232.9097,4233.4487,4161.2559,4173.0200,4165.7876,3019314
2022-01-13,4163.3950,4184.9946,4141.4712,4174.0894,4166.8555,2280012
2022-01-14,4153.7700,4209.9160,4139.8667,4209.9160,4202.6187,2509359
2022-01-17,4040.9421,4051.6367,3852.1831,3916.3503,3909.5625,17449753
2022-01-18,3905.6558,3913.1421,3748.2959,3760.7444,3754.2266,14029169
2022-01-19,3689.6255,3930.7881,3689.6255,3930.7881,3923.9753,11717171
2022-01-20,3979.9829,4006.7195,3897.1001,3909.3989,3902.6238,9191605
2022-01-21,3873.5720,3947.3645,3871.4331,3930.2534,3923.4417,5653369
2022-01-24,4152.1655,4254.2988,4106.7139,4217.4023,4210.0938,17869772
2022-01-25,4200.8257,4239.8608,4164.9990,4209.3813,4202.0845,7111682
2022-01-26,4192.2700,4220.6108,4088.5330,4097.0884,4089.9868,5723984
2022-01-27,4085.3245,4151.6309,4063.4006,4114.7344,4107.6035,7053919
2022-01-28,4100.8315,4102.0049,4010.9973,4049.4978,4042.4797,9590616
2022-01-31,4071.9563,4096.0190,4030.2476,4050.5671,4043.5466,4111139
2022-02-01,4058.0535,4078.9077,4003.5110,4009.3931,4002.4434,2853465
2022-02-02,4023.8308,4066.6089,3983.1914,4045.2200,4038.2092,3828171
2022-02-03,4049.4978,4084.7898,4034.5254,4067.6785,4060.6282,4241722
2022-02-04,4065.5396,4094.4148,4058.0535,4079.9773,4072.9060,4772682
2022-02-07,4065.5396,4143.6099,4060.7271,4126.4985,4119.3481,11610870
2022-02-08,4130.7764,4155.3740,4121.6860,4145.7490,4138.5635,3445412
2022-02-09,4156.4434,4174.6240,4079.4424,4094.4148,4087.3184,3411389
2022-02-10,3965.5454,4077.8384,3922.2324,4041.4768,4034.4724,11334675
2022-02-11,4023.8308,4208.8467,4023.8308,4186.3882,4179.1328,10970981
2022-02-14,4163.9297,4168.2075,4048.9629,4074.6299,4067.5681,6202442
2022-02-15,4115.2695,4134.8252,4066.6089,4101.3662,4094.2581,4859725
2022-02-16,4082.6509,4110.9917,4066.0742,4083.1855,4076.1086,8139114
2022-02-17,4074.6299,4095.4844,4017.9487,4063.4006,4056.3582,4219724
2022-02-18,4074.6299,4131.3110,4073.0259,4125.4292,4118.2793,11438241
2022-02-21,4136.6587,4144.1445,4102.9707,4117.4082,4110.2720,4459950
2022-02-22,4086.3940,4139.3320,4036.6643,4056.4492,4049.4189,6275522
2022-02-23,4034.5254,4124.8945,4034.5254,4110.9917,4103.8662,3503534
2022-02-24,3994.4207,4009.3931,3885.8708,3886.4055,3880.0522,5795069
2022-02-25,3885.3362,4012.0667,3857.5303,3998.6985,3992.1616,4814146
2022-02-28,3985.3303,4013.6709,3958.1350,4006.7195,4000.1689,12631478
2022-03-01,4010.4626,4032.3865,3924.9060,3940.9480,3934.5056,6567153
2022-03-02,3919.0239,3947.8994,3849.7402,3899.7737,3893.3984,5060693
2022-03-03,3869.2942,3896.0308,3798.1753,3811.0088,3804.7791,5660848
2022-03-04,3785.8767,3797.6406,3639.3611,3647.3821,3641.4194,6350240
2022-03-07,3600.3259,3647.3821,3508.3525,3559.1519,3553.3335,9171113
2022-03-08,3555.9436,3647.3821,3494.4497,3568.2422,3562.4092,8214916
2022-03-09,3613.6941,3672.5142,3567.7075,3672.5142,3666.5110,6661836
2022-03-10,3657.5420,3674.1836,3583.7493,3598.1870,3592.3047,13493616
2022-03-11,3620.1108,3643.6389,3535.6238,3627.0623,3621.1326,3908276
2022-03-14,3627.0623,3665.0281,3598.5720,3660.7502,3654.7664,8661415
2022-03-15,3628.6665,3681.0698,3599.7913,3616.3679,3610.4561,7701308
2022-03-16,3667.7017,3670.9102,3616.3679,3648.4514,3642.4878,4957589
2022-03-17,3649.5210,3678.3962,3617.9719,3678.3962,3672.3833,4694642
2022-03-18,3680.5352,3682.1394,3612.0898,3658.0767,3652.0974,8550259
2022-03-21,3658.0767,3691.8394,3637.7568,3642.0347,3636.0811,4995254
2022-03-22,3665.5627,3686.9519,3636.6875,3678.3962,3672.3833,7681834
2022-03-23,3673.5837,3705.1328,3615.8330,3620.1108,3614.1934,7104769
2022-03-24,3621.7151,3638.2915,3599.2566,3604.0691,3598.1772,5935433
2022-03-25,3589.6313,3634.5486,3584.4551,3621.7151,3615.7942,7186824
2022-03-28,3650.5903,3681.3286,3636.1526,3665.5627,3659.5703,5584630
2022-03-29,3707.8064,3830.2590,3693.9033,3775.1821,3769.0110,8879029
2022-03-30,3774.1125,3794.4324,3760.2097,3794.4324,3788.2297,5022608
2022-03-31,3795.5017,3799.7795,3694.9729,3694.9729,3688.9324,4532035
2022-04-01,3725.4524,3784.2725,3723.8481,3751.6541,3745.5212,5068015
2022-04-04,3783.7378,3799.7795,3735.7832,3764.4875,3758.3333,3433117
2022-04-05,3774.1125,3789.0850,3747.3762,3782.1335,3775.9517,15718426
2022-04-06,3756.4666,3782.2939,3721.6868,3740.4248,3734.3103,9566433
2022-04-07,3748.4458,3772.5083,3727.5913,3746.3069,3740.1829,5428308
2022-04-08,3748.4458,3789.0850,3734.5427,3783.2029,3777.0183,3726534
2022-04-11,3760.7444,3765.0222,3704.0632,3732.9387,3726.8364,6848244
2022-04-12,3723.3135,3723.3135,3653.7988,3670.3752,3664.3762,6702301
2022-04-13,3665.5627,3683.2087,3648.9861,3675.1880,3669.1804,4317423
2022-04-14,3666.6321,3681.0698,3644.1736,3667.1670,3661.1726,5792917
2022-04-19,3608.8816,3659.1460,3592.7412,3659.1460,3653.1638,6857099
2022-04-20,3705.1328,3718.5010,3660.2156,3709.4104,3703.3467,5122974
2022-04-21,3720.1050,3766.3281,3707.8064,3759.1401,3752.9944,6098826
2022-04-22,3745.2373,3813.6826,3738.4087,3786.9460,3780.7556,3153138
2022-04-25,3757.5361,3881.0583,3741.4941,3856.9956,3850.6904,4520076
2022-04-26,3892.8223,3929.7185,3874.6416,3894.9612,3888.5940,6162520
2022-04-27,3889.6140,3889.6140,3799.2449,3825.9812,3819.7268,5991536
2022-04-28,3883.1973,3938.2742,3811.5437,3930.2534,3923.8286,5782650
2022-04-29,3937.2048,4000.3027,3926.5103,3977.3093,3970.8081,5226021
2022-05-03,3912.6074,3929.1838,3852.7178,3912.6074,3906.2122,8356665
2022-05-04,3883.7319,3915.2810,3861.8081,3873.5720,3867.2397,2585429
2022-05-05,3904.0515,3925.9756,3862.3428,3882.1277,3875.7820,6853506
2022-05-06,3887.4751,3897.6350,3834.0022,3846.8357,3840.5471,8840253
2022-05-09,3849.5093,3894.9612,3824.3772,3888.5444,3882.1877,7140775
2022-05-10,3918.4893,4009.9277,3906.1904,3957.5244,3951.0547,6789705
2022-05-11,3951.6423,3959.1287,3906.1904,3946.8298,3940.3779,4341669
2022-05-12,3911.5378,3998.1638,3892.8223,3944.6909,3938.2424,8908922
2022-05-13,3968.2190,4021.1570,3959.6633,4007.2542,4000.7036,6951647
2022-05-16,3956.4551,3991.7471,3907.2600,3991.7471,3985.2214,6879331
2022-05-17,3929.1838,3963.9412,3892.8223,3920.6282,3914.2195,4603449
2022-05-18,3927.0449,3953.7815,3877.8499,3877.8499,3871.5100,20411554
2022-05-19,3805.6616,3813.6826,3644.1736,3691.2297,3685.5791,8686559
2022-05-20,3695.5076,3766.6265,3695.5076,3760.7444,3754.9878,5778873
2022-05-23,3776.2515,3785.3418,3735.0774,3784.8071,3779.0137,7439956
2022-05-24,3781.5989,3812.0784,3760.4160,3786.9460,3781.1492,3411959
2022-05-25,3795.5017,3795.5017,3735.5747,3735.6123,3729.8938,3823311
2022-05-26,3742.0288,3772.5083,3717.4314,3730.2649,3724.5549,3274374
2022-05-27,3740.9595,3753.7930,3710.4800,3716.8967,3711.2073,3863631
2022-05-30,3734.0081,3760.4888,3712.0840,3738.2859,3732.5630,3736615
2022-05-31,3994.4207,4090.6719,3935.0659,4090.6719,4084.4099,20174914
2022-06-01,4098.1582,4098.1582,3951.1077,3962.3369,3956.2710,6614118
2022-06-06,3988.0039,4001.9070,3962.3369,3976.2400,3970.1533,3443727
2022-06-07,3976.2400,3983.7261,3938.8091,3952.7119,3946.6616,3362670
2022-06-08,3977.8440,3977.8440,3909.6343,3932.9270,3926.9062,7314498
2022-06-09,3921.1628,3960.1980,3872.5027,3890.6833,3884.7278,7995361
2022-06-10,3874.6416,3897.6350,3835.6064,3892.2876,3886.3293,2987249
2022-06-13,3882.6626,3916.8850,3847.1960,3880.5237,3874.5830,5471656
2022-06-14,3890.1487,3905.3113,3851.6482,3860.2039,3854.2947,5608348
2022-06-15,3913.6768,3951.3418,3865.0166,3878.9194,3872.9822,4749330
2022-06-16,3853.2524,3876.2456,3776.7864,3800.3142,3794.4971,12909047
2022-06-17,3804.0574,3865.5513,3792.2935,3842.5579,3836.6760,12311695
2022-06-20,3842.5579,3856.4607,3824.3772,3851.1135,3845.2180,2594511
2022-06-21,3845.7661,3866.6206,3828.6548,3853.7871,3847.8879,2913940
2022-06-22,3871.4331,3894.9612,3827.0508,3860.2039,3854.2947,4543930
2022-06-23,3839.3496,3888.5444,3825.9812,3878.3848,3872.4478,6601815
2022-06-24,3896.5654,4015.2751,3888.5444,3996.5596,3990.4421,4304136
2022-06-27,4027.5740,4031.3169,3967.6843,3993.3513,3987.2385,9381139
2022-06-28,4019.0183,4031.3169,3975.7051,4001.9070,3995.7815,2730381
2022-06-29,3979.4482,4028.1086,3959.6633,4019.5530,4013.3999,3081509
2022-06-30,3966.0801,3985.8650,3942.0173,3979.4482,3973.3572,5808755
2022-07-01,3989.0735,4074.6299,3976.7747,4063.9353,4057.7146,3613071
2022-07-04,4066.0742,4081.5813,4055.5081,4066.6089,4060.3840,1748336
2022-07-05,4062.3313,4078.9077,4039.5271,4066.0742,4059.8506,5620073
2022-07-06,4066.0742,4164.5713,4065.0049,4139.8667,4133.5293,6813039
2022-07-07,4161.7905,4166.0684,4090.1372,4091.2065,4084.9438,5773524
2022-07-08,4108.3179,4124.8945,4074.0952,4102.4360,4096.1562,2901923
2022-07-11,4083.1855,4133.4502,4074.6299,4119.5469,4113.2412,2914685
2022-07-12,4123.8252,4170.3462,4096.0190,4160.7212,4154.3516,4007819
2022-07-13,4140.4014,4148.9570,4097.0884,4143.0752,4136.7324,2994811
2022-07-14,4143.0752,4164.4644,4126.4985,4150.0269,4143.6733,4894484
2022-07-15,4160.7212,4193.8745,4152.0317,4179.4365,4173.0396,3447071
2022-07-18,4166.0684,4200.2290,4121.1514,4133.4502,4127.1230,3949335
2022-07-19,4116.3389,4253.7642,4116.3389,4216.8677,4210.4131,5244742
2022-07-20,4212.5898,4250.0210,4158.5825,4163.3950,4157.0220,6637625
2022-07-21,4167.6729,4179.9717,4121.6860,4159.1172,4152.7505,2979044
2022-07-22,4182.1104,4205.1035,4156.4434,4183.1797,4176.7759,2681572
2022-07-25,4178.9019,4215.2637,4162.8599,4188.5273,4182.1152,3246688
2022-07-26,4239.8608,4322.1021,4230.2358,4312.0493,4305.4482,5365501
2022-07-27,4392.7935,4394.9321,4267.1323,4273.0142,4266.4746,4202710
2022-07-28,4252.6943,4260.1807,4208.8467,4245.7432,4239.2446,2878825
2022-07-29,4242.0000,4286.4883,4235.5830,4281.5698,4275.0151,3915043
2022-08-01,4258.5767,4286.3823,4251.6250,4266.0625,4259.5327,2556491
2022-08-02,4268.2017,4304.0283,4263.9238,4273.5488,4267.0073,2007927
2022-08-03,4255.9028,4297.6118,4226.2949,4293.8687,4287.2959,2965172
2022-08-04,4254.8335,4296.5420,4223.2842,4265.5278,4259.4038,1954884
2022-08-05,4264.9932,4284.7783,4235.0483,4246.8125,4240.7148,1698234
2022-08-08,4264.9932,4297.6118,4225.4233,4279.9658,4273.8203,2783919
2022-08-09,4286.9170,4292.0933,4246.2778,4270.8755,4264.7437,5346956
2022-08-10,4244.6738,4260.7153,4205.1035,4222.7495,4216.6875,5162950
2022-08-11,4230.2358,4235.5830,4161.7905,4193.3398,4187.3188,4078184
2022-08-12,4173.0200,4184.2495,4153.2349,4176.7632,4170.7666,2504409
2022-08-15,4199.2217,4215.2637,4176.7632,4205.6382,4199.6006,4242261
2022-08-16,4224.3540,4227.5625,4174.6240,4193.8745,4187.8530,3557611
2022-08-17,4191.7354,4215.2637,4183.1797,4214.1943,4208.1436,4711248
2022-08-18,4222.7495,4226.4927,4180.5063,4211.5205,4205.4741,3141424
2022-08-19,4208.8467,4288.5215,4200.2910,4282.1045,4275.9565,3275299
2022-08-22,4276.2227,4306.1675,4248.9512,4284.2437,4278.0938,1985465
2022-08-23,4274.0835,4276.7573,4194.4092,4215.2637,4209.2109,2775672
2022-08-24,4202.9648,4272.4795,4191.7354,4268.2017,4262.0742,2924584
2022-08-25,4258.0420,4275.1895,4210.4512,4242.5347,4236.4434,3769251
2022-08-26,4252.6943,4273.5488,4197.6177,4208.3120,4202.2695,2504688
2022-08-30,4206.7080,4259.1113,4202.4302,4217.4023,4211.3477,4747056
2022-08-31,4208.3120,4224.3540,4155.3740,4198.1523,4192.1245,5394981
2022-09-01,4198.1523,4198.1523,4124.8945,4148.4224,4142.4663,3734917
2022-09-02,4147.3530,4182.1104,4138.2627,4177.2979,4171.3003,3256962
2022-09-05,4137.1934,4149.4917,4114.0459,4149.4917,4143.5332,3836556
2022-09-06,4131.3110,4206.1733,4131.3110,4189.0620,4183.0474,3111040
2022-09-07,4170.8809,4206.7080,4154.8394,4198.1523,4192.1245,2950436
2022-09-08,4197.6177,4230.2358,4138.7974,4183.1797,4177.1733,3183290
2022-09-09,4193.3398,4271.6025,4184.2495,4227.5625,4221.4932,4476289
2022-09-12,4272.4795,4309.9102,4249.0913,4299.7505,4293.5771,4614375
2022-09-13,4305.6328,4344.1333,4296.5420,4296.5420,4290.3726,3096964
2022-09-14,4284.7783,4291.1948,4224.3540,4240.9307,4234.8408,2997078
2022-09-15,4255.3682,4275.6880,4225.9580,4245.2085,4239.1143,2363107
2022-09-16,4239.8608,4269.8057,4209.9160,4217.9370,4211.8818,6767820
2022-09-20,4230.2358,4282.1045,4230.2358,4253.7642,4247.6567,5626527
2022-09-21,4231.3052,4343.5981,4219.0068,4333.9731,4327.7515,5524450
2022-09-22,4324.8828,4372.4736,4319.5356,4336.1123,4329.8867,5410387
2022-09-23,4337.7163,4341.9941,4241.4653,4306.1675,4299.9849,3956145
2022-09-26,4405.6270,4468.1899,4321.1396,4358.6982,4352.4409,5998115
2022-09-27,4414.1826,4417.9258,4351.0845,4361.7793,4355.5156,5430246
2022-09-28,4309.9102,4367.2334,4282.1045,4347.3413,4341.1001,9915106
2022-09-29,4374.6128,4415.7866,4331.8345,4363.9180,4357.6533,9995947
2022-09-30,4302.4243,4323.2788,4235.5830,4244.6738,4238.5801,5724341
2022-10-03,4183.1797,4199.2217,4137.1934,4145.7490,4139.7974,3702868
2022-10-04,4176.7632,4250.1226,4140.9365,4238.2568,4232.1719,5719313
2022-10-05,4177.8325,4242.5347,4175.1587,4221.6802,4215.6187,5171299
2022-10-06,4220.6108,4266.5972,4179.4365,4205.1035,4199.0664,2399413
2022-10-07,4189.5967,4225.9580,4189.5967,4200.2910,4194.2612,2999953
2022-10-10,4185.8535,4199.7563,4166.0684,4181.5757,4175.5723,3189184
2022-10-11,4192.8047,4235.5830,4178.3672,4219.5415,4213.4834,3241164
2022-10-12,4231.8403,4246.8125,4184.7842,4206.1733,4200.1353,3505648
2022-10-13,4194.9438,4199.7563,4061.2617,4104.5747,4098.6816,3942729
2022-10-14,4130.7764,4203.4995,4124.3599,4151.6309,4145.6714,4803934
2022-10-17,4151.6309,4178.9019,4122.7554,4126.4985,4120.5752,6556667
2022-10-18,4162.8599,4182.1104,4134.5195,4163.9297,4157.9521,3135380
2022-10-19,4171.9507,4192.8047,4157.5127,4170.3462,4164.3579,2647285
2022-10-20,4172.4854,4185.8535,4150.5615,4181.0410,4175.0386,5628446
2022-10-21,4148.4224,4253.2290,4138.7974,4217.4023,4211.3477,3024856
2022-10-24,4208.8467,4220.6108,4177.8325,4193.8745,4187.8530,3745787
2022-10-25,4215.2637,4228.0972,4166.6030,4199.2217,4193.1929,2843987
2022-10-26,4197.6177,4199.2217,4081.5813,4137.7280,4131.7871,6150705
2022-10-27,4163.9297,4179.4365,4090.6719,4133.4502,4127.5156,3978972
2022-10-28,4143.6099,4202.4302,4132.9155,4190.1313,4184.1162,3042764
2022-10-31,4212.0552,4271.9448,4190.6660,4250.5557,4244.4531,6338984
2022-11-01,4266.0625,4275.6880,4214.1943,4221.6802,4215.6187,5478788
2022-11-02,4240.3960,4270.8755,4196.0132,4223.2842,4217.2212,3868960
2022-11-03,4199.2217,4274.6182,4194.4092,4273.0142,4266.8809,3670359
2022-11-04,4268.2017,4346.8066,4255.0215,4335.0425,4328.8179,3329963
2022-11-07,4344.6680,4352.6885,4299.2158,4312.0493,4305.8579,5305706
2022-11-08,4296.5420,4339.3203,4287.4517,4338.2510,4332.0229,3845609
2022-11-09,4324.3481,4357.5015,4281.0352,4352.6885,4346.4390,2787976
2022-11-10,4354.8276,4377.2861,4323.2788,4323.8135,4317.6055,4970095
2022-11-11,4310.4453,4319.6372,4178.3672,4213.1245,4207.0767,6039397
2022-11-14,4259.1113,4330.7646,4238.7915,4312.5840,4306.3916,4898247
2022-11-15,4317.3965,4398.6807,4300.8203,4313.6533,4307.4604,3630065
2022-11-16,4338.7856,4363.9180,4324.8403,4346.8066,4340.5654,2942873
2022-11-17,4313.6533,4346.8066,4290.6602,4339.8550,4334.0405,1971029
2022-11-18,4335.0425,4348.9458,4308.8408,4321.1396,4315.3521,4616173
2022-11-21,4323.2788,4400.2793,4314.1885,4398.1406,4392.2495,3000611
2022-11-22,4383.7031,4414.7173,4374.0776,4402.4185,4396.5215,2662398
2022-11-23,4414.1826,4430.2241,4396.0015,4396.0015,4390.1138,2483080
2022-11-24,4383.7031,4410.9741,4375.1475,4406.1616,4400.2593,1350819
2022-11-25,4400.8145,4426.4810,4378.3555,4399.2100,4393.3164,2738334
2022-11-28,4398.6753,4452.1484,4385.3071,4443.5923,4437.6392,2551039
2022-11-29,4420.0645,4453.2178,4410.9741,4410.9741,4405.0654,2908059
2022-11-30,4417.9258,4465.1968,4414.1826,4431.8286,4425.8921,11908196
2022-12-01,4435.0371,4471.3984,4421.1338,4469.7944,4463.8052,3605448
2022-12-02,4463.3774,4469.2593,4426.4810,4468.1899,4462.2061,2573760
2022-12-05,4464.9819,4473.1084,4409.4556,4469.2593,4463.2729,2438312
2022-12-06,4485.8359,4508.8296,4466.0513,4476.7456,4470.7490,4676378
2022-12-07,4495.9961,4523.2671,4440.2236,4450.0093,4444.0479,3577541
2022-12-08,4460.1689,4519.5239,4417.3906,4450.0093,4444.0479,4187091
2022-12-09,4421.1338,4456.4258,4404.5576,4412.0435,4406.1338,6361672
2022-12-12,4407.2310,4438.7798,4399.7446,4408.3003,4402.3960,6103263
2022-12-13,4422.7383,4423.2729,4371.4043,4390.6543,4384.7729,3392640
2022-12-14,4384.7725,4448.4053,4369.2651,4438.7798,4432.8335,4195031
2022-12-15,4428.6201,4444.1274,4399.7446,4424.3423,4418.4165,3819942
2022-12-16,4424.8770,4462.8428,4355.8970,4428.6201,4422.6875,8903807
2022-12-19,4433.9673,4463.3774,4423.2729,4463.3774,4457.3999,3611376
2022-12-20,4454.2871,4470.8638,4435.5718,4445.1968,4439.2417,5115231
2022-12-21,4455.3564,4518.4546,4441.9883,4518.4546,4512.4019,2446794
2022-12-22,4516.3154,4544.6562,4501.3433,4505.6211,4499.5859,3397886
2022-12-23,4516.8501,4523.2671,4492.2529,4506.6904,4500.6538,838286
2022-12-28,4530.7534,4543.0518,4488.5098,4497.6001,4491.5757,1835791
2022-12-29,4490.6484,4505.0864,4448.9399,4493.8569,4487.8374,2191974
2022-12-30,4473.5371,4493.0015,4464.4468,4472.4678,4466.4771,2949954
2023-01-03,4447.8706,4498.6694,4432.3633,4484.7666,4478.7598,5188531
2023-01-04,4489.5791,4543.0518,4489.5791,4520.5933,4514.5381,2514927
2023-01-05,4504.5518,4529.1489,4469.7944,4492.7876,4486.7700,2710242
2023-01-06,4506.1558,4513.6421,4478.4570,4493.3223,4487.3047,2755917
2023-01-09,4493.8569,4493.8569,4441.9883,4486.3706,4480.3604,5052441
2023-01-10,4486.3706,4505.6211,4462.8428,4489.5791,4483.5654,5420556
2023-01-11,4481.5581,4523.2671,4470.3291,4481.5581,4475.5547,4146142
2023-01-12,4495.9961,4512.3584,4442.5229,4475.6763,4469.6797,2775215
2023-01-13,4489.0444,4527.0103,4475.1416,4508.2949,4502.2559,2622905
2023-01-16,4512.0376,4532.8921,4497.6001,4523.8018,4517.7432,2351038
2023-01-17,4473.0024,4491.7183,4442.5229,4454.8218,4448.8540,3796506
2023-01-18,4448.4053,4455.3564,4371.4043,4379.4253,4373.5591,4666940
2023-01-19,4385.8418,4425.9463,4334.5078,4375.6821,4369.8218,5631658
2023-01-20,4361.2446,4389.0503,4331.2998,4373.5430,4367.6841,4002185
2023-01-23,4391.1890,4409.9048,4381.0293,4390.6543,4384.7729,3972131
2023-01-24,4394.9321,4400.8145,4356.4316,4384.2378,4378.3643,6915260
2023-01-25,4396.5366,4404.0225,4328.6260,4342.5288,4336.7129,3223505
2023-01-26,4368.1958,4378.3555,4302.9590,4324.3481,4318.5552,2917207
2023-01-27,4324.8828,4340.9248,4289.3247,4300.2852,4294.5259,2819680
2023-01-30,4309.3755,4358.0361,4303.1772,4354.8276,4348.9956,4406789
2023-01-31,4344.1333,4412.0435,4329.1606,4393.8628,4387.9766,4523725
2023-02-01,4422.2036,4422.2036,4383.7031,4420.0645,4414.1445,3239520
2023-02-02,4425.4116,4433.4326,4351.0845,4386.9111,4381.0352,3023848
2023-02-03,4385.8418,4464.9819,4379.9600,4460.7036,4454.7285,3859135
2023-02-06,4455.3564,4473.5371,4432.8979,4452.6831,4446.7197,3066947
2023-02-07,4433.4326,4438.2451,4381.5640,4389.0503,4383.1714,4172572
2023-02-08,4385.3071,4409.9048,4377.2861,4384.2378,4378.3643,4367582
2023-02-09,4422.2036,4444.1274,4380.4946,4394.3975,4388.5112,5140567
2023-02-10,4391.1890,4428.6201,4384.5049,4419.5298,4413.6104,4999683
2023-02-13,4426.4810,4563.3716,4399.7446,4558.0244,4551.9180,4447444
2023-02-14,4577.2744,4598.1289,4558.5591,4562.8369,4556.7241,3649272
2023-02-15,4541.4478,4567.1147,4537.7046,4563.9062,4557.7925,4156949
2023-02-16,4574.0664,4582.6221,4511.5029,4524.8711,4518.8101,2892023
2023-02-17,4519.5239,4546.2603,4510.9683,4529.6836,4523.6162,3649547
2023-02-20,4534.4961,4540.9131,4498.1348,4502.9473,4496.9155,1597228
2023-02-21,4499.7388,4541.4478,4498.6694,4532.8921,4526.8203,6153748
2023-02-22,4529.1489,4569.2539,4519.5239,4562.8369,4556.7241,5703942
2023-02-23,4515.7808,4525.9409,4480.4888,4484.7666,4479.1807,1925144
2023-02-24,4504.0166,4505.6211,4464.6392,4482.6279,4477.0439,3063325
2023-02-27,4484.7666,4512.5278,4480.4888,4485.3013,4479.7144,2638241
2023-02-28,4471.9331,4477.2803,4400.2793,4423.2729,4417.7627,4186783
2023-03-01,4406.1616,4453.2178,4400.8145,4424.8770,4419.3657,4420322
2023-03-02,4410.9741,4485.3013,4408.8350,4479.4194,4473.8403,2098861
2023-03-03,4491.7183,4491.7183,4422.7383,4433.4326,4427.9097,3402449
2023-03-06,4433.9673,4435.5718,4390.1196,4392.2588,4386.7886,2210143
2023-03-07,4385.3071,4419.5298,4370.8696,4406.6963,4401.2070,2413027
2023-03-08,4401.3491,5206.7964,4375.4585,4410.4395,4404.9453,11629727
2023-03-09,4410.4395,4416.3213,4382.6333,4397.6060,4392.1284,4196485
2023-03-10,4376.2168,4418.9951,4334.5078,4351.6191,4346.1978,2406433
2023-03-13,4350.5498,4397.6060,4305.6328,4337.7163,4332.3135,6733561
2023-03-14,4321.6743,4355.8970,4298.1465,4355.8970,4350.4707,3726942
2023-03-15,4357.5015,4368.7305,4300.2852,4321.1396,4315.7578,3684519
2023-03-16,4354.2930,4433.9673,4345.2026,4370.8696,4365.4268,3950686
2023-03-17,4370.8696,4386.5464,4313.1187,4328.6260,4323.2344,10860741
2023-03-20,4317.9316,4371.4043,4313.1187,4366.0571,4360.6182,2859060
2023-03-21,4381.5640,4428.6201,4371.4043,4416.8560,4411.3535,3887485
2023-03-22,4403.4878,4501.3433,4400.2793,4494.3916,4488.7930,4685440
2023-03-23,4499.2041,4501.8779,4444.6621,4462.3081,4456.7505,4280545
2023-03-24,4452.1484,4513.6421,4429.6895,4488.5098,4482.9185,3474948
2023-03-27,4510.9683,4536.6353,4494.2422,4513.6421,4508.0190,2795147
2023-03-28,4506.1558,4547.0625,4493.3223,4505.6211,4500.0083,4523697
2023-03-29,4493.3223,4530.2183,4490.1138,4499.2041,4493.6001,2351818
2023-03-30,4500.2739,4507.7598,4450.7207,4483.6973,4478.1128,3261276
2023-03-31,4483.6973,4539.8438,4467.5483,4481.0234,4475.4414,5034502
2023-04-03,4493.3223,4526.4756,4465.5166,4526.4756,4520.8374,2541366
2023-04-04,4543.5869,4554.8159,4515.7808,4516.8501,4511.2241,5447539
2023-04-05,4527.0103,4586.3652,4515.7808,4586.3652,4580.6523,3527389
2023-04-06,4575.1357,4629.6782,4562.8369,4606.6846,4600.9458,2915406
2023-04-11,4605.0806,4614.1709,4570.8579,4595.4556,4589.7310,2730895
2023-04-12,4595.9902,4614.1709,4582.0874,4590.1079,4584.3901,2711312
2023-04-13,4592.2471,4615.7749,4585.2954,4615.7749,4610.0249,2982390
2023-04-14,4624.3306,4628.6084,4593.0439,4609.3584,4603.6172,3083529
2023-04-17,4620.5874,4666.8428,4606.6846,4659.6226,4653.8179,3206212
2023-04-18,4637.6987,4640.6797,4611.4971,4635.5601,4629.7861,4285709
2023-04-19,4632.3516,4662.8311,4625.9351,4643.0464,4637.2632,3169139
2023-04-20,4643.5811,4668.1782,4625.4004,4664.9702,4659.1587,2547793
2023-04-21,4668.1782,4728.0679,4668.1782,4697.0537,4691.2041,3560822
2023-04-24,4698.1230,4703.4707,4671.9214,4692.7759,4686.9312,4982179
2023-04-25,4675.1299,4725.6616,4668.1782,4722.7207,4716.8374,3532223
2023-04-26,4718.9775,4725.2339,4675.1299,4675.1299,4669.3071,4154513
2023-04-27,4738.2280,4776.1987,4724.8594,4739.2974,4733.3945,4516142
2023-04-28,4785.8188,4794.6416,4730.7417,4744.6445,4738.7349,4779803
2023-05-02,4748.3877,4776.3018,4717.9082,4752.1309,4746.2109,3921799
2023-05-03,4765.4990,4790.6313,4740.9014,4745.7139,4739.8032,3151227
2023-05-04,4735.5542,4735.9551,4697.5884,4712.0264,4706.1577,4046240
2023-05-05,4721.1167,4748.9224,4684.5796,4704.5400,4698.6797,2885632
2023-05-09,4704.5400,4713.6304,4653.7407,4671.9214,4666.1016,5648578
2023-05-10,4647.8589,4652.1367,4562.8369,4590.6426,4584.9248,3686888
2023-05-11,4592.7817,4649.4629,4592.7817,4640.9072,4635.1265,2718144
2023-05-12,4646.7891,4670.1567,4615.7749,4655.8799,4650.0806,3161293
2023-05-15,4674.5952,4682.0815,4626.4697,4635.0254,4629.2515,1976399
2023-05-16,4639.8379,4664.3286,4625.9351,4644.6504,4638.8643,3372938
2023-05-17,4630.7476,4669.7827,4599.1987,4614.7056,4608.9585,3642430
2023-05-18,4587.9692,4614.7056,4558.1152,4561.2329,4555.9722,3351994
2023-05-19,4568.7192,4591.1777,4557.4897,4567.6494,4562.3794,3601260
2023-05-22,4577.8091,4589.0386,4517.9199,4522.7324,4517.5161,5403961
2023-05-23,4510.4336,4530.7534,4501.8779,4508.8296,4503.6284,3743231
2023-05-24,4478.8848,4489.0444,4421.1338,4461.7734,4456.6270,3636873
2023-05-25,4465.5166,4465.5166,4418.4604,4456.9609,4451.8198,3111329
2023-05-26,4445.1968,4468.7246,4424.8770,4458.5649,4453.4224,4147591
2023-05-30,4452.6831,4457.4956,4310.4453,4325.9521,4320.9624,4261987
2023-05-31,4289.5908,4364.9873,4286.9170,4308.8408,4303.8706,11730472
2023-06-01,4327.0215,4344.1333,4296.0073,4297.0771,4292.1201,4416838
2023-06-02,4305.6328,4338.2510,4298.6812,4338.2510,4333.2471,4764760
2023-06-05,4373.5430,4389.5850,4335.0425,4353.7583,4348.7363,3271562
2023-06-06,4325.4175,4346.9028,4319.5356,4325.4175,4320.4277,3139585
2023-06-07,4320.0703,4351.6191,4296.0073,4304.5630,4299.5977,2510986
2023-06-08,4286.9170,4306.1665,4268.4692,4277.2920,4272.3589,5010108
2023-06-09,4301.8896,4301.8896,4220.3872,4245.7432,4240.8467,3385686
2023-06-12,4270.8755,4281.5698,4255.9028,4273.5488,4268.6191,3646257
2023-06-13,4269.2710,4277.2920,4207.7773,4240.9307,4236.0376,5326656
2023-06-14,4248.9512,4259.1143,4221.6792,4243.0693,4238.1748,5350964
2023-06-15,4251.6250,4313.6533,4244.6738,4300.2852,4295.3257,7050309
2023-06-16,4307.7715,4354.4160,4295.4727,4341.4595,4336.4512,12145263
2023-06-19,4332.3691,4353.2236,4302.4243,4314.1885,4309.2119,6094020
2023-06-20,4305.6328,4364.9873,4299.2158,4336.6470,4331.6445,2794165
2023-06-21,4290.6602,4355.3623,4290.6602,4352.6885,4347.6675,2331487
2023-06-22,4325.4175,4343.0635,4297.0771,4338.7856,4333.7808,4131869
2023-06-23,4341.9941,4374.0776,4331.2998,4374.0776,4369.0322,3179643
2023-06-26,4363.3833,4366.0571,4332.3584,4341.9941,4336.9858,3774201
2023-06-27,4338.7856,4358.5708,4332.9038,4354.2930,4349.2705,3251305
2023-06-28,4359.1055,4387.4458,4350.5498,4375.6821,4370.6357,4376226
2023-06-29,4384.7725,4392.7656,4360.1748,4368.7305,4363.6914,2842774
2023-06-30,4363.9180,4394.9321,4352.6885,4382.0986,4377.0444,4139456
2023-07-03,4378.3555,4425.9463,4366.5918,4401.3491,4396.2720,4397682
2023-07-04,4418.4604,4421.1338,4367.1265,4367.1265,4362.0884,2540766
2023-07-05,4374.0776,4390.1196,4352.1538,4360.7095,4355.6792,3281175
2023-07-06,4363.9180,4367.1265,4301.3550,4319.5356,4314.5527,3948316
2023-07-07,4295.4727,4302.9590,4262.8545,4267.6670,4262.7456,4451977
2023-07-10,4267.1323,4289.5908,4260.1807,4273.5488,4268.6191,3058170
2023-07-11,4256.4375,4268.2017,4222.2148,4235.5830,4230.6968,4846095
2023-07-12,4226.4927,4269.8057,4219.5415,4260.1807,4255.2661,5838613
2023-07-13,4266.5972,4266.5972,4239.3262,4250.0210,4245.1187,3162137
2023-07-14,4262.3198,4282.6392,4252.1597,4269.8057,4264.8794,2566564
2023-07-17,4279.9658,4310.9800,4278.8960,4298.6812,4293.7227,2182682
2023-07-18,4276.7573,4297.6118,4274.6182,4294.4033,4289.4502,2335646
2023-07-19,4321.1396,4397.0713,4319.0010,4368.7305,4363.6914,2774696
2023-07-20,4348.9458,4366.9468,4298.1465,4333.4385,4328.4395,5215486
2023-07-21,4337.7163,4368.1958,4325.4175,4365.5220,4360.4873,2627055
2023-07-24,4350.5498,4366.5918,4251.0903,4297.6118,4292.6548,5534947
2023-07-25,4469.2593,4543.3623,4460.3950,4484.2319,4479.0601,5593566
2023-07-26,4489.0444,4491.1831,4448.4053,4474.6069,4469.4448,4429341
2023-07-27,4492.7876,4516.8501,4470.8638,4470.8638,4465.7061,3271897
2023-07-28,4474.6069,4532.8921,4467.6553,4516.8501,4511.6401,6791190
2023-07-31,4516.3154,4521.6738,4482.0928,4482.0928,4476.9224,2823022
2023-08-01,4497.0654,4505.6211,4461.2388,4493.3223,4488.1401,1947865
2023-08-02,4495.9961,4495.9961,4447.8706,4471.9331,4466.7744,3600065
2023-08-03,4432.8979,4471.9331,4371.9390,4407.7656,4403.0908,4684715
2023-08-04,4397.6060,4402.9531,4359.6401,4374.6128,4369.9736,2265018
2023-08-07,4362.8486,4377.3921,4335.0425,4374.6128,4369.9736,2117520
2023-08-08,4374.0776,4394.9321,4351.0845,4371.4043,4366.7681,5121109
2023-08-09,4379.9600,4401.8838,4372.4736,4397.0713,4392.4082,4646884
2023-08-10,4405.0923,4428.0854,4396.0015,4428.0854,4423.3892,2294175
2023-08-11,4413.1128,4422.7383,4358.0361,4366.0571,4361.4268,4858578
2023-08-14,4379.9600,4394.3975,4353.7583,4380.4946,4375.8496,1851409
2023-08-15,4380.4946,4381.0293,4309.9102,4330.2300,4325.6377,1872942
2023-08-16,4327.5566,4343.0635,4307.7715,4316.8618,4312.2837,3560788
2023-08-17,4309.9102,4315.2578,4282.1045,4294.9380,4290.3838,2496433
2023-08-18,4273.5488,4282.5322,4237.1875,4256.4375,4251.9243,4398612
2023-08-21,4259.1113,4292.2642,4234.5137,4244.6738,4240.1729,2571647
2023-08-22,4233.4443,4253.7642,4217.4023,4236.6528,4232.1597,4585692
2023-08-23,4246.8125,4301.3550,4238.2568,4275.1533,4270.6182,2641819
2023-08-24,4283.1738,4320.0703,4277.8267,4298.1465,4293.5884,1130874
2023-08-25,4313.6533,4339.8550,4305.0977,4316.8618,4312.2837,1751638
2023-08-29,4317.3965,4363.3833,4317.3965,4343.0635,4338.4580,5170375
2023-08-30,4350.5498,4361.7793,4328.6260,4347.8760,4343.2651,1654904
2023-08-31,4347.3413,4368.1958,4322.7441,4322.7441,4318.1597,3728108
2023-09-01,4309.9102,4324.4604,4290.1255,4308.8408,4304.2715,1931400
2023-09-04,4315.7925,4337.1816,4300.8203,4305.6328,4301.0669,925748
2023-09-05,4290.1255,4308.8408,4262.8545,4271.9448,4267.4155,2390129
2023-09-06,4260.1807,4267.6670,4201.8955,4258.0420,4253.5259,2007149
2023-09-07,4258.5767,4311.5146,4235.8091,4298.6812,4294.1226,2328234
2023-09-08,4316.3271,4328.0913,4282.1045,4323.2788,4318.6938,6640287
2023-09-11,4330.2300,4345.2026,4301.3550,4329.6953,4325.1035,2577769
2023-09-12,4338.2510,4361.2446,4316.3271,4316.3271,4311.7500,2251938
2023-09-13,4313.1187,4323.2788,4287.9868,4313.1187,4308.5439,2919785
2023-09-14,4319.5356,4355.3623,4292.7993,4345.7373,4341.1279,2738087
2023-09-15,4369.2651,4413.6475,4361.2446,4388.5156,4383.8613,8485589
2023-09-18,4377.2861,4413.6475,4355.3623,4387.9810,4383.3271,3408452
2023-09-19,4381.0293,4388.5156,4344.6680,4361.7793,4357.1528,2542892
2023-09-20,4386.9111,4417.9258,4377.8208,4401.3491,4396.6816,3923648
2023-09-21,4382.0986,4455.3564,4377.2861,4422.2036,4417.5137,3098181
2023-09-22,4406.1616,4437.7104,4384.7725,4401.8838,4397.2158,5315652
2023-09-25,4400.2793,4416.8560,4355.8970,4364.4526,4359.8247,11440383
2023-09-26,4363.9180,4395.4668,4343.5981,4346.2720,4341.6626,2639557
2023-09-27,4356.4316,4369.0854,4306.1675,4312.0493,4307.4761,4394205
2023-09-28,4310.9800,4321.6743,4259.1113,4314.7231,4310.1475,4014777
2023-09-29,4330.7646,4375.1475,4324.8828,4344.1333,4339.5264,4490357
2023-10-02,4351.0845,4377.2861,4294.9380,4304.0283,4299.4648,9216900
2023-10-03,4322.7441,4357.5015,4321.1396,4335.0425,4330.4448,3751857
2023-10-04,4318.4663,4340.3901,4282.9336,4291.1948,4286.6436,7540094
2023-10-05,4308.8408,4343.5981,4300.8203,4310.4453,4305.8745,2887776
2023-10-06,4310.9800,4316.3271,4155.9087,4198.1523,4193.7002,13643795
2023-10-09,4202.4302,4229.1665,4177.8325,4181.0410,4176.6064,4836220
2023-10-10,4202.9648,4251.6250,4154.8394,4228.0972,4223.6133,4444502
2023-10-11,4181.5757,4235.5830,4171.4160,4203.4995,4199.0410,3352305
2023-10-12,4204.5688,4250.5557,4185.8535,4196.5479,4192.0981,4535681
2023-10-13,4191.7354,4231.8403,4167.6729,4199.2217,4194.7681,3438969
2023-10-16,4210.9858,4215.2637,4172.4854,4211.5205,4207.0542,5039663
2023-10-17,4218.4717,4276.2227,4210.9858,4251.6250,4247.1162,7777388
2023-10-18,4262.3198,4283.1738,4231.3052,4264.4585,4259.9360,4451363
2023-10-19,4246.2778,4312.0493,4219.0068,4265.5278,4261.0044,3781206
2023-10-20,4262.8545,4300.8203,4252.6943,4267.1323,4262.6079,6119209
2023-10-23,4253.7642,4278.3613,4230.7705,4264.9932,4260.4702,4950191
2023-10-24,4254.8335,4291.1948,4223.8193,4261.7847,4257.2656,4244167
2023-10-25,4261.7847,4302.9590,4235.0483,4292.2642,4287.7119,2765047
2023-10-26,4166.0684,4319.0010,4142.5405,4170.8809,4166.4570,5449130
2023-10-27,4142.5405,4205.6382,4085.8594,4086.3940,4082.0603,4280681
2023-10-30,4096.0190,4147.8877,4062.3313,4130.7764,4126.3965,4520763
2023-10-31,4137.1934,4182.6450,4135.5889,4159.1172,4154.7061,5020747
2023-11-01,4175.6934,4202.4302,4109.3872,4156.4434,4152.0356,2695470
2023-11-02,4164.4644,4185.8535,4146.2837,4172.4854,4168.0610,3201932
2023-11-03,4177.2979,4202.9648,4115.2695,4122.2207,4117.8486,2300450
2023-11-06,4122.2207,4145.7490,4112.5957,4122.2207,4117.8486,3601006
2023-11-07,4142.0059,4166.0684,4102.4360,4160.1865,4155.7744,2865079
2023-11-08,4168.2075,4199.2217,4139.8667,4175.1587,4170.7310,6758917
2023-11-09,4205.1035,4271.9448,4175.6934,4261.2500,4256.7314,5126032
2023-11-10,4252.6943,4277.8267,4200.2910,4223.2842,4218.8062,3359713
2023-11-13,4229.1665,4253.2290,4196.5479,4222.2148,4217.7368,4492694
2023-11-14,4217.4023,4245.7432,4172.2192,4185.3188,4180.8813,2608280
2023-11-15,4212.5898,4231.8403,4159.1172,4162.8599,4158.4453,3436685
2023-11-16,4148.4224,4186.3882,4101.9009,4101.9009,4097.9629,5220000
2023-11-17,4101.9009,4113.2183,4069.2827,4081.0466,4077.1277,3933736
2023-11-20,4063.9353,4087.9983,4037.1990,4038.2683,4034.3911,3524853
2023-11-21,4024.9001,4068.7480,3997.6292,4068.7480,4064.8408,5485401
2023-11-22,4076.7688,4098.1582,4037.1990,4087.4634,4083.5386,7422327
2023-11-23,4093.3455,4094.9497,4044.1504,4050.0325,4046.1436,5674720
2023-11-24,4048.4282,4082.6509,4031.3169,4063.9353,4060.0334,2411329
2023-11-27,4067.1438,4089.6023,4040.9421,4065.5396,4061.6355,2147690
2023-11-28,4049.4978,4087.4634,4011.5320,4048.9629,4045.0750,4806425
2023-11-29,4045.7546,4072.4912,4005.6499,4014.2058,4010.3511,2422514
2023-11-30,4006.7195,4036.6643,3974.6357,4031.3169,4027.4458,13497991
2023-12-01,4037.7336,4073.0259,4003.5110,4043.0811,4039.1990,2340823
2023-12-04,4031.3169,4090.9746,4006.7195,4082.1162,4078.1965,2437655
2023-12-05,4074.6299,4105.6440,4048.9629,4066.0742,4062.1697,2532213
2023-12-06,4055.9146,4087.9983,4032.9211,4067.1438,4063.2385,6899362
2023-12-07,4074.0952,4081.5813,4056.4492,4072.4912,4068.5806,5139824
2023-12-08,4075.1648,4099.7622,4047.3589,4049.4978,4045.6089,3092741
2023-12-11,4027.5740,4043.6157,3993.3513,4042.0115,4038.1301,3294858
2023-12-12,4007.2542,4058.5881,3981.5872,4049.4978,4045.6089,5950982
2023-12-13,4053.7756,4082.6509,4024.9001,4062.3313,4058.4304,3358221
2023-12-14,4076.7688,4102.9707,4001.3723,4024.3655,4020.5012,5879714
2023-12-15,4025.9697,4032.9211,3998.6985,4016.3445,4012.4875,8221526
2023-12-18,4008.3237,4040.9421,3984.2610,4025.9697,4022.1040,4452460
2023-12-19,4031.3169,4056.4492,4001.3723,4023.8308,4019.9670,5655727
2023-12-20,4058.5881,4083.1855,4020.6223,4052.1714,4048.2800,10313669
2023-12-21,4039.3379,4076.7688,4028.1086,4041.4768,4037.5962,4384820
2023-12-22,4038.8032,4054.8450,4031.3169,4050.0325,4046.1436,878475
2023-12-27,4040.9421,4074.6299,4028.6433,4050.5671,4046.6777,1418865
2023-12-28,4060.1924,4081.5813,4047.8936,4077.3037,4073.3887,1438864
2023-12-29,4078.3730,4087.9983,4042.5464,4063.9353,4060.0334,961298
2024-01-02,4069.8174,4097.6235,4060.1924,4090.1372,4086.2097,4431933
2024-01-03,4115.2695,4200.8257,4115.2695,4120.6167,4116.6606,6557788
2024-01-04,4097.6235,4110.4570,4083.1855,4109.3872,4105.4409,9744895
2024-01-05,4102.9707,4112.0610,4081.0466,4094.9497,4091.0176,4199792
2024-01-08,4093.8801,4101.9009,4071.4216,4098.1582,4094.2227,10677207
2024-01-09,4098.1582,4132.9155,4089.6023,4128.1030,4124.1387,2882308
2024-01-10,4131.3110,4135.5889,4095.4844,4098.1582,4094.2227,4060223
2024-01-11,4097.6235,4099.2275,4057.5188,4059.1228,4055.2249,3467757
2024-01-12,4091.2065,4131.3110,4082.1162,4112.5957,4108.6470,5162396
2024-01-15,4094.9497,4123.4434,4068.7480,4082.1162,4078.1965,2669358
2024-01-16,4082.1162,4094.9497,4063.9353,4078.9077,4074.9912,3038280
2024-01-17,4053.2407,4059.0908,4001.6394,4022.2266,4018.3640,3172796
2024-01-18,4007.2542,4014.7405,3965.7625,3966.0801,3962.2722,9879304
2024-01-19,3986.3999,4010.4626,3938.2742,3968.7539,3964.9434,6351411
2024-01-22,3981.5872,3981.5872,3936.1353,3950.5730,3946.7798,4968789
2024-01-23,3951.1077,4012.6636,3940.4131,3994.4207,3990.5854,10137337
2024-01-24,3986.3999,4010.4626,3960.7329,3982.6567,3978.8325,5021296
2024-01-25,3967.6843,3990.6775,3951.6423,3986.9346,3983.1060,3156618
2024-01-26,4023.2959,4089.0676,4020.0876,4089.0676,4085.1409,4723583
2024-01-29,4066.0742,4099.2275,4063.0681,4091.7412,4087.8123,3995997
2024-01-30,4100.8315,4150.5615,4099.2275,4123.2900,4119.3301,4180519
2024-01-31,4131.3110,4163.9297,4114.1997,4114.1997,4110.2495,4068460
2024-02-01,4141.4712,4151.6309,4093.3455,4123.2900,4119.3301,3848080
2024-02-02,4161.2559,4170.8735,4123.2900,4133.4502,4129.4805,4821959
2024-02-05,4144.6792,4202.4302,4142.5405,4190.1313,4186.1079,5185977
2024-02-06,4201.8955,4247.3472,4193.8745,4233.9790,4229.9141,6534054
2024-02-07,4220.6108,4232.9097,4167.1382,4172.4854,4168.4790,7696732
2024-02-08,4282.6392,4347.3413,4273.5488,4304.0283,4299.8955,7727925
2024-02-09,4286.3823,4306.7021,4260.7153,4283.7085,4279.5957,5087466
2024-02-12,4284.7783,4290.6602,4252.6943,4270.3403,4266.2397,5123935
2024-02-13,4280.5005,4292.2642,4251.0903,4269.8057,4265.7051,6295403
2024-02-14,4280.5005,4305.8242,4259.6460,4262.8545,4258.7603,2263592
2024-02-15,4263.3892,4277.2920,4233.8623,4257.5073,4253.4185,3458228
2024-02-16,4261.7847,4321.1396,4260.7153,4309.3755,4305.2383,5169694
2024-02-19,4299.2158,4340.3901,4294.4033,4327.0215,4322.8672,5690682
2024-02-20,4336.1123,4348.9458,4314.7231,4334.5078,4330.3452,2438661
2024-02-21,4348.4111,4362.3140,4319.2788,4336.1123,4331.9487,2192675
2024-02-22,4293.8687,4307.1782,4259.1113,4277.8267,4274.1235,12664189
2024-02-23,4282.1045,4299.2158,4262.3198,4279.9658,4276.2598,5440080
2024-02-26,4277.8267,4286.3823,4255.3682,4273.5488,4269.8486,4555284
2024-02-27,4213.6592,4230.7705,4168.7422,4187.4575,4183.8320,3982641
2024-02-28,4173.5547,4176.7632,4129.1724,4149.4917,4145.8989,3769434
2024-02-29,4147.8877,4165.1660,4134.2275,4135.0542,4131.4746,6857097
2024-03-01,4152.7002,4171.9507,4131.3110,4136.6587,4133.0781,2847021
2024-03-04,4148.4224,4152.1655,4125.9639,4131.3110,4127.7349,2422833
2024-03-05,4139.3320,4147.3530,4124.8936,4139.3320,4135.7480,2730334
2024-03-06,4133.4502,4141.4712,4094.4148,4124.8945,4121.3242,5117879
2024-03-07,4114.7344,4124.8945,4096.0190,4101.3662,4097.8159,3591000
2024-03-08,4101.3662,4105.6440,4077.3037,4101.9009,4098.3496,2565378
2024-03-11,4094.4148,4125.9639,4094.4148,4120.6167,4117.0498,3758664
2024-03-12,4148.9570,4166.6030,4143.6099,4155.3740,4151.7764,4193365
2024-03-13,4153.7700,4177.8325,4147.3530,4176.2285,4172.6123,4278117
2024-03-14,4170.3462,4182.1104,4138.2617,4154.8394,4151.2417,6071039
2024-03-15,4145.7490,4156.4434,4110.9917,4118.4775,4114.9126,10108004
2024-03-18,4116.8735,4123.2900,4073.2932,4076.2341,4072.7058,9368053
2024-03-19,4255.9028,4319.5356,4192.2700,4201.8955,4198.2578,7794095
2024-03-20,4187.9922,4187.9922,4132.9155,4140.9365,4137.3521,4040830
2024-03-21,4145.2139,4192.8047,4131.3110,4178.3672,4174.7500,5442494
2024-03-22,4204.0342,4270.3403,4195.4785,4252.6943,4249.0122,10681882
2024-03-25,4238.7915,4256.4375,4229.7002,4232.3750,4228.7109,3086884
2024-03-26,4207.7773,4252.6943,4199.2217,4241.4653,4237.7930,5752964
2024-03-27,4223.2842,4248.9512,4204.5688,4237.1875,4233.5190,5467539
2024-03-28,4250.5557,4259.1113,4230.7705,4251.6250,4247.9443,3231798
2024-04-02,4252.1597,4255.3682,4203.4985,4208.3120,4204.6685,4047974
2024-04-03,4192.2700,4199.7563,4148.4224,4148.4224,4144.8306,5989450
2024-04-04,4148.4224,4159.1172,4128.4995,4140.9365,4137.3521,3527324
2024-04-05,4130.2417,4135.4170,4094.9497,4103.5054,4099.9526,4482994
2024-04-08,4102.4360,4107.7832,4076.7688,4082.1162,4078.5823,3402604
2024-04-09,4071.4216,4091.7412,4048.9629,4086.3940,4082.8564,5106771
2024-04-10,4096.0190,4103.5054,4073.0247,4082.1162,4078.5823,10722721
2024-04-11,4073.5605,4098.1582,4058.5881,4077.8384,4074.3079,4423566
2024-04-12,4081.0466,4092.8108,4054.3103,4058.5881,4055.0745,4547380
2024-04-15,4048.9629,4056.4492,4019.0183,4031.8518,4028.3613,4674733
2024-04-16,4015.8098,4039.3379,3996.5596,4004.0459,4000.5791,4597104
2024-04-17,4000.8374,4038.2683,3989.0735,3997.6292,3994.1680,8802618
2024-04-18,4014.7405,4059.6577,4007.2542,4031.8518,4028.3613,6284270
2024-04-19,4024.3655,4093.8801,4020.0876,4075.6995,4072.1714,6212930
2024-04-22,4121.6860,4158.0474,4105.6440,4154.8394,4151.2417,3208035
2024-04-23,4179.4365,4184.7842,4112.0610,4129.1724,4125.5977,4407688
2024-04-24,4134.5195,4156.9780,4117.4082,4131.3110,4127.7349,4766132
2024-04-25,4328.0913,4382.0986,4278.8960,4365.5220,4361.7432,11279964
2024-04-26,4384.7725,4433.9673,4381.5640,4420.0645,4416.2378,4566794
2024-04-29,4405.0923,4433.9673,4390.1196,4390.1196,4386.3188,3180783
2024-04-30,4396.5366,4440.3843,4390.1196,4427.5508,4423.7178,231089
2024-05-01,4429.6895,4420.0645,4420.0645,4427.5508,4423.7178,2961623
2024-05-02,4436.1064,4472.4678,4405.0923,4470.3291,4466.4585,3719836
2024-05-03,4453.2178,4478.8848,4427.5508,4478.8848,4475.0088,2185760
2024-05-07,4463.9121,4515.2461,4463.9121,4504.5518,4500.6523,3890870
2024-05-08,4518.4546,4555.8857,4510.9683,4522.7324,4518.8169,2760758
2024-05-09,4524.8711,4562.3022,4493.8569,4562.3022,4558.3521,4225216
2024-05-10,4560.1631,4592.2471,4530.2183,4585.8301,4581.8604,2933104
2024-05-13,4579.4136,4635.0254,4552.6772,4613.6362,4609.6431,3339170
2024-05-14,4609.3584,4641.4419,4577.2744,4586.8999,4582.9287,6466879
2024-05-15,4591.1777,4618.9834,4560.1631,4598.6636,4594.6826,2558339
2024-05-16,4560.1631,4604.0112,4525.9409,4577.2744,4573.7222,2488535
2024-05-17,4589.0386,4625.4004,4541.9824,4615.7749,4612.1934,4947660
2024-05-20,4618.9834,4653.2061,4581.5522,4582.6221,4579.0664,2703586
2024-05-21,4556.9551,4610.4277,4529.1489,4575.1357,4571.5859,3350065
2024-05-22,4548.3994,4595.4556,4523.8018,4571.9272,4568.3794,5707309
2024-05-23,4633.9556,4659.6226,4544.1216,4611.4971,4607.9189,6164701
2024-05-24,4568.7192,4639.3032,4537.7046,4594.3857,4590.8213,3924040
2024-05-28,4575.1357,4622.1919,4535.5659,4551.6079,4548.0757,2537782
2024-05-29,4529.1489,4539.8438,4501.3433,4517.3848,4513.8794,5313301
2024-05-30,4513.1074,4568.7192,4486.3706,4554.8159,4551.2822,5014454
2024-05-31,4548.3994,4582.6221,4521.6631,4576.2051,4572.6553,8331859
2024-06-03,4606.1499,4631.8169,4595.4556,4606.1499,4602.5762,4134456
2024-06-04,4646.7891,4693.8452,4615.7749,4670.3174,4666.6934,5022283
2024-06-05,4702.4009,4721.6514,4642.5117,4684.2202,4680.5859,3284134
2024-06-06,4674.5952,4713.0957,4646.7891,4693.8452,4690.2036,4796862
2024-06-07,4709.8872,4724.8594,4689.5674,4701.3315,4697.6836,3702596
2024-06-10,4639.3032,4712.0264,4617.9141,4672.4565,4668.8315,3294169
2024-06-11,4693.8452,4715.2344,4636.0947,4659.6226,4656.0073,3256942
2024-06-12,4683.1509,4719.5122,4630.7476,4698.1230,4694.4780,4272442
2024-06-13,4703.4707,4721.6514,4681.0117,4721.6514,4717.9878,2576504
2024-06-14,4722.7207,4759.0825,4716.3042,4759.0825,4755.3906,4730093
2024-06-17,4765.4990,4772.9854,4717.3735,4741.9707,4738.2910,2370182
2024-06-18,4745.1792,4759.0825,4731.2764,4746.2490,4742.5664,4088612
2024-06-19,4722.7207,4743.0405,4705.6094,4740.9014,4737.2227,2826631
2024-06-20,4747.3184,4769.7769,4706.6787,4740.9014,4737.2227,8585220
2024-06-21,4739.8320,4769.7769,4704.5400,4741.9707,4738.2910,8350374
2024-06-24,4732.3457,4769.7769,4705.6094,4745.1792,4741.4976,4180061
2024-06-25,4745.1792,4774.0547,4716.3042,4735.5542,4731.8794,2522814
2024-06-26,4739.8320,4749.4570,4702.4009,4726.9985,4723.3306,3835204
2024-06-27,4722.7207,4754.8042,4681.0117,4681.0117,4677.3794,2638012
2024-06-28,4693.8452,4726.9985,4631.6011,4646.7891,4643.1841,4304063
2024-07-01,4664.9702,4699.1929,4617.9141,4646.7891,4643.1841,3577711
2024-07-02,4606.1499,4675.6646,4563.3716,4607.2192,4603.6450,4432973
2024-07-03,4644.6504,4666.0396,4574.0664,4600.8027,4597.2334,5305515
2024-07-04,4627.5391,4653.2061,4574.0664,4637.1641,4633.5659,2592920
2024-07-05,4644.6504,4677.8037,4608.2891,4629.6782,4626.0864,2709352
2024-07-08,4641.4419,4663.9004,4632.8862,4649.9976,4646.3896,2059894
2024-07-09,4677.8037,4709.8872,4601.8721,4673.5259,4669.9004,4724938
2024-07-10,4658.5532,4714.1650,4629.6782,4714.1650,4710.5073,4607219
2024-07-11,4721.6514,4746.2490,4685.2896,4712.0264,4708.3711,3206684
2024-07-12,4716.3042,4749.4570,4683.1509,4741.9707,4738.2910,2723198
2024-07-15,4741.9707,4781.5410,4712.0264,4712.0264,4708.3711,3369778
2024-07-16,4687.4287,4740.9014,4653.2061,4715.2344,4711.5752,2200930
2024-07-17,4704.5400,4772.9854,4675.6646,4770.8462,4767.1450,2649938
2024-07-18,4833.9443,4861.7500,4743.0405,4828.5967,4824.8501,2586419
2024-07-19,4806.1382,4842.5000,4741.9707,4807.2080,4803.4780,2943784
2024-07-22,4821.1108,4849.9863,4797.5825,4797.5825,4793.8599,2791583
2024-07-23,4797.5825,4814.6938,4749.4570,4753.7349,4750.0464,3860608
2024-07-24,4717.3735,4735.5542,4669.2480,4702.4009,4698.7520,4239716
2024-07-25,4919.5010,5037.1411,4891.6328,4995.4321,4991.5562,7374795
2024-07-26,4971.9043,5070.2944,4948.3760,5070.2944,5066.3604,7226920
2024-07-29,5070.2944,5112.0029,5054.2524,5063.8774,5059.9492,2886151
2024-07-30,5056.3911,5085.2666,5035.0020,5062.8081,5058.8804,3085803
2024-07-31,5091.6831,5122.9434,5085.2666,5107.7251,5103.7622,3712474
2024-08-01,5110.9336,5137.6699,5090.6138,5114.1421,5110.1733,2841375
2024-08-02,5148.3643,5221.0874,5132.0767,5182.5869,5178.5659,4604510
2024-08-05,5221.0874,5261.7271,5059.5996,5083.1274,5079.1826,6685502
2024-08-06,5090.6138,5128.0449,5036.0713,5124.8364,5120.8594,4797927
2024-08-07,5144.0869,5191.1426,5107.7251,5181.5176,5177.4976,3194663
2024-08-08,5112.0029,5131.2534,5084.1973,5113.0723,5109.5146,4699818
2024-08-09,5084.1973,5105.5864,5058.5303,5058.5303,5055.0112,3164692
2024-08-12,5052.1133,5069.2246,5028.5854,5041.4189,5037.9116,4048310
2024-08-13,5041.4189,5066.0161,5025.3770,5054.2524,5050.7354,2405543
2024-08-14,5085.2666,5105.5864,4997.5713,5076.7109,5073.1787,4612014
2024-08-15,5078.8496,5106.6558,5070.2944,5101.3086,5097.7598,2323446
2024-08-16,5090.6138,5092.7529,5039.2798,5056.3911,5052.8735,2702277
2024-08-19,5041.4189,5075.6416,5024.3076,5063.8774,5060.3550,1542418
2024-08-20,5056.3911,5061.7383,5013.6128,5049.9746,5046.4614,1784269
2024-08-21,5046.7661,5061.7383,5036.0713,5061.7383,5058.2168,2373479
2024-08-22,5112.0029,5155.8506,5112.0029,5123.7671,5120.2021,3874848
2024-08-23,5122.6973,5146.2256,5105.5864,5145.1562,5141.5767,2622737
2024-08-27,5165.4756,5208.2539,5152.6421,5177.2397,5173.6377,5348725
2024-08-28,5178.3091,5208.2539,5170.8232,5205.0459,5201.4243,1869182
2024-08-29,5200.7681,5253.1714,5198.6289,5253.1714,5249.5166,2746116
2024-08-30,5285.2549,5298.0884,5236.0601,5246.7544,5243.1035,3929065
2024-09-02,5255.3101,5276.6992,5239.2681,5257.4492,5253.7910,3752912
2024-09-03,5277.7686,5302.3662,5251.2344,5302.3662,5298.6772,4340316
2024-09-04,5284.1855,5306.6440,5275.6299,5306.6440,5302.9521,3512027
2024-09-05,5300.2275,5346.2139,5288.4634,5330.1719,5326.4634,2526125
2024-09-06,5292.7412,5333.3804,5280.9771,5331.2417,5327.5327,3069484
2024-09-09,5338.7280,5383.6450,5322.6860,5383.6450,5379.8999,1884078
2024-09-10,5364.3945,5381.5059,5347.2832,5347.2832,5343.5625,4922841
2024-09-11,5360.1167,5360.1167,5304.5054,5313.0610,5309.3647,2267798
2024-09-12,5346.2139,5349.4224,5264.9351,5268.1436,5264.4785,3108915
2024-09-13,5288.4634,5307.7134,5278.8384,5282.0464,5278.3706,3344007
2024-09-16,5279.9077,5311.9912,5278.8384,5293.8105,5290.1270,2013098
2024-09-17,5345.1445,5353.7002,5245.6851,5279.9077,5276.2349,3155863
2024-09-18,5263.8657,5293.8105,5212.5317,5216.8096,5213.1792,4295799
2024-09-19,5239.2681,5256.3794,5181.5176,5190.0732,5186.4619,4374299
2024-09-20,5179.3789,5214.6709,5166.5454,5190.0732,5186.4619,6810899
2024-09-23,5190.0732,5225.8989,5172.9619,5210.3931,5206.7681,2433958
2024-09-24,5191.1426,5205.0459,5150.5034,5194.3511,5190.7373,4524540
2024-09-25,5175.1011,5246.7544,5171.8926,5241.4072,5237.7603,4348603
2024-09-26,5269.2129,5279.9077,5137.1353,5205.0459,5201.4243,4956336
2024-09-27,5212.5317,5255.3101,5195.4204,5233.9209,5230.2803,5196201
2024-09-30,5241.4072,5246.7544,5174.9971,5175.1011,5171.5010,6221401
2024-10-01,5178.3091,5213.6011,5167.6147,5201.8374,5198.2183,3072014
2024-10-02,5220.0181,5234.9907,5163.3369,5179.3789,5175.7754,3169168
2024-10-03,5196.4902,5224.2959,5130.1836,5134.4614,5130.8896,2604349
2024-10-04,5117.3501,5124.8364,5083.1274,5116.2808,5112.7217,3189292
2024-10-07,5119.4893,5129.1143,5099.2871,5101.3086,5097.7598,3012150
2024-10-08,5084.1973,5120.5586,5072.4609,5113.0723,5109.5146,2114210
2024-10-09,5141.9478,5161.1982,5121.7993,5140.8784,5137.3008,1815517
2024-10-10,5134.4614,5145.1562,5104.5166,5117.3501,5113.7900,2127696
2024-10-11,5103.4473,5146.2256,5099.1694,5139.8086,5136.2329,1772943
2024-10-14,5128.0449,5162.2676,5124.8364,5156.9199,5153.3325,1351107
2024-10-15,5180.4482,5224.2959,5170.8232,5205.0459,5201.4243,5930080
2024-10-16,5202.9067,5239.2681,5176.1704,5187.9346,5184.3252,3244496
2024-10-17,5208.2539,5213.6011,5137.6699,5194.3511,5190.7373,3977030
2024-10-18,5143.0171,5167.8779,5076.4893,5166.5454,5162.9512,4056708
2024-10-21,5147.2949,5167.6147,5122.6973,5122.6973,5119.1343,1849242
2024-10-22,5099.1694,5117.3501,5074.0264,5089.5444,5086.0034,2287533
2024-10-23,5048.9048,5099.1694,4952.6538,4976.1821,4972.7197,6487039
2024-10-24,5089.5444,5184.7261,5072.4331,5122.6973,5119.1343,3201653
2024-10-25,5119.4893,5123.7671,5074.1016,5092.7529,5089.2095,1993461
2024-10-28,5109.8638,5146.2256,5091.6831,5143.0171,5139.4390,2742371
2024-10-29,5170.8232,5176.1704,5099.1694,5112.0029,5108.4463,2634265
2024-10-30,5101.3086,5118.1938,5062.8081,5074.5718,5071.0415,2298246
2024-10-31,5048.9048,5064.9468,4998.6406,5058.5303,5055.0112,7618399
2024-11-01,5015.7520,5103.4473,5015.7520,5083.1274,5079.5903,3814140
2024-11-04,5058.5303,5104.5166,5058.5303,5061.7383,5058.2168,2854989
2024-11-05,5068.1553,5078.8496,5032.8633,5054.2524,5050.7354,3521556
2024-11-06,5080.9888,5084.1406,4909.8755,4922.7090,4919.2842,4796584
2024-11-07,4882.0698,4919.5010,4859.6113,4864.9585,4861.9810,2748507
2024-11-08,4870.3057,4878.8613,4830.7358,4852.1250,4849.1553,3141950
2024-11-11,4870.3057,4874.5835,4832.8750,4843.5693,4840.6045,2182168
2024-11-12,4829.6665,4838.2222,4789.0269,4826.4580,4823.5039,4342089
2024-11-13,4815.7637,4830.7358,4793.3047,4828.5967,4825.6411,4197467
2024-11-14,4821.1108,4862.8198,4785.3525,4841.4302,4838.4673,3544456
2024-11-15,4845.7080,4857.4722,4806.1382,4857.4722,4854.4985,3474363
2024-11-18,4868.1670,4874.5835,4837.1528,4871.3750,4868.3931,3450441
2024-11-19,4871.3750,4887.9517,4846.4248,4873.5142,4870.5308,3588169
2024-11-20,4871.3750,4872.4448,4844.6387,4854.2637,4851.2925,2274035
2024-11-21,4840.3608,4871.3750,4826.4580,4857.4722,4854.4985,3580163
2024-11-22,4882.0698,5023.6553,4876.7227,5017.8906,5014.8188,3688555
2024-11-25,5024.3076,5041.4189,4996.5015,5009.3350,5006.2686,6863009
2024-11-26,5016.8213,5039.2798,4997.5713,5017.8906,5014.8188,3170731
2024-11-27,5036.0713,5066.0161,5028.5854,5061.7383,5058.6401,3629933
2024-11-28,5051.0439,5065.4121,5039.2798,5058.5303,5055.4341,4552645
2024-11-29,5041.4189,5057.4609,5016.3945,5027.5161,5024.4385,2176369
2024-12-02,5046.7661,5083.1274,5029.6548,5071.3638,5068.2598,5121021
2024-12-03,5051.0439,5076.7109,5018.9600,5020.0298,5016.9570,2872162
2024-12-04,5009.3350,5010.4048,4946.2373,4992.2236,4989.1685,3218131
2024-12-05,5008.2656,5010.4048,4981.5293,4991.1543,4988.0991,3591377
2024-12-06,5002.9185,5008.2656,4940.8901,4947.3066,4944.2788,2439086
2024-12-09,4931.2646,4933.4038,4882.0698,4925.9175,4922.9023,3509883
2024-12-10,4928.0566,4936.6123,4887.4170,4920.5703,4917.5586,2027874
2024-12-11,4902.3892,4959.0708,4901.3198,4941.9595,4938.9341,1616523
2024-12-12,4902.3892,4964.4180,4861.7500,4964.4180,4961.3799,2470253
2024-12-13,4965.4873,4986.8765,4957.5298,4986.8765,4983.8247,1676177
2024-12-16,4977.2515,5006.1265,4962.2788,5002.9185,4999.8564,2391128
2024-12-17,5001.8491,5003.9878,4937.6816,4975.1123,4972.0669,6289862
2024-12-18,4980.4600,4985.8071,4920.5703,4928.0566,4925.0405,3306108
2024-12-19,4901.3198,4920.5703,4874.5835,4899.1812,4896.1821,2511547
2024-12-20,4897.0420,4902.3892,4836.0830,4875.6528,4872.6689,6985769
2024-12-23,4830.7358,4887.4170,4812.5552,4871.3750,4868.3931,2231175
2024-12-24,4870.3057,4884.2085,4860.6807,4879.9307,4876.9438,401334
2024-12-27,4885.2783,4900.2505,4853.1943,4894.9033,4891.9067,1144204
2024-12-30,4891.6948,4893.8340,4837.1528,4849.9863,4847.0176,1359467
2024-12-31,4832.8750,4864.9585,4817.9023,4863.8892,4860.9121,759988
2025-01-02,4856.4028,4919.5010,4843.5693,4908.8062,4905.8018,1506259
2025-01-03,4887.4170,4934.4731,4870.3057,4877.7920,4874.8062,1681071
2025-01-06,4833.9443,4847.8472,4733.4155,4756.9434,4754.0312,3072604
2025-01-07,4730.2070,4821.1108,4730.2070,4809.3467,4806.4033,3604347
2025-01-08,4800.7910,4841.4302,4785.8188,4841.4302,4838.4673,2086514
2025-01-09,4905.5977,4915.2227,4883.1372,4900.2505,4897.2510,2538675
2025-01-10,4902.3892,4914.1533,4807.2080,4848.9165,4845.9487,1876214
2025-01-13,4818.9717,4858.5415,4801.8604,4845.7080,4842.7417,1724713
2025-01-14,4816.8330,4828.5967,4789.0269,4791.1660,4788.2329,4337822
2025-01-15,4781.5410,4795.4438,4761.2212,4774.0547,4771.1323,3078730
2025-01-16,4781.5410,4828.5967,4777.2632,4828.5967,4825.6411,3069271
2025-01-17,4874.5835,4917.3618,4854.2637,4905.5977,4902.5947,3668736
2025-01-20,4882.0698,4938.7510,4881.0005,4920.5703,4917.5586,3119480
2025-01-21,4938.7510,4947.3066,4917.3618,4935.5425,4932.5215,2873604
2025-01-22,4932.3340,4964.4180,4870.5410,4887.4170,4884.4258,6707143
2025-01-23,4884.2085,4926.9868,4881.0005,4914.1533,4911.1455,6341194
2025-01-24,4894.9033,4912.0146,4853.1943,4859.6113,4856.6367,1710081
2025-01-27,4859.6113,4970.8345,4845.7080,4965.4873,4962.4473,3186428
2025-01-28,4975.1123,5024.3076,4962.2788,4967.6265,4964.5859,2339924
2025-01-29,4928.0566,4971.9043,4890.6255,4943.0288,4940.0034,3352851
2025-01-30,4945.1675,5000.7793,4925.9175,4985.8071,4982.7554,2264818
2025-01-31,5005.0571,5011.4741,4946.2373,4953.7236,4950.6919,3901840
2025-02-03,4914.1533,4978.3208,4912.0146,4959.0708,4956.0356,6039388
2025-02-04,4948.3760,4954.7930,4912.0146,4922.7090,4919.6958,2502069
2025-02-05,4891.6948,4976.1821,4889.5562,4954.7930,4951.7598,2110494
2025-02-06,4983.6680,5016.8213,4963.3486,4990.0850,4987.0308,1996046
2025-02-07,4979.3901,5024.3076,4976.1821,5024.3076,5021.2324,2567658
2025-02-10,5021.0991,5067.0859,5013.6128,5035.0020,5031.9204,4797849
2025-02-11,5054.2524,5079.9194,5035.0020,5051.0439,5047.9526,3652051
2025-02-12,5078.8496,5091.6831,5049.9746,5080.9888,5077.8784,3585842
2025-02-13,4874.5835,4902.3892,4682.0815,4794.3745,4791.4404,12559564
2025-02-14,4775.1240,4796.5132,4699.1929,4704.5400,4701.6602,5118726
2025-02-17,4659.6226,4695.9844,4654.2754,4684.2202,4681.3530,2942211
2025-02-18,4688.4980,4699.1929,4610.4277,4641.4419,4638.6016,2891437
2025-02-19,4648.9282,4706.6787,4632.8862,4706.6787,4703.7988,4005853
2025-02-20,4721.6514,4724.8594,4633.4209,4684.2202,4681.3530,4237300
2025-02-21,4669.2480,4702.4009,4657.4839,4702.4009,4699.5220,4519111
2025-02-24,4726.9985,4794.3745,4709.8872,4794.3745,4791.4404,4900642
2025-02-25,4700.2622,4734.4849,4629.6782,4733.4155,4730.5190,6037270
2025-02-26,4715.2344,4739.8320,4701.3315,4733.4155,4730.5190,3465027
2025-02-27,4664.9702,4754.8042,4655.3452,4753.7349,4751.2510,4277524
2025-02-28,4749.4570,4818.9717,4743.0405,4798.6523,4796.1455,9324281
2025-03-03,4797.5825,4861.7500,4783.6797,4854.2637,4851.7275,3911215
2025-03-04,4886.3477,4974.0430,4858.5415,4937.6816,4935.1021,4799988
2025-03-05,4882.0698,4885.2783,4830.7358,4853.1943,4850.6582,4970674
2025-03-06,4833.9443,4857.4722,4780.4712,4853.1943,4850.6582,4709995
2025-03-07,4847.8472,4941.9595,4832.8750,4926.9868,4924.4131,4242341
2025-03-10,4904.5283,5076.7109,4895.9727,5036.0713,5033.4404,6196899
2025-03-11,5026.4463,5043.5576,4892.7642,4904.5283,4901.9663,5947673
2025-03-12,4929.1260,4943.0288,4885.2783,4901.3198,4898.7593,5252537
2025-03-13,4876.7227,4905.5977,4810.4160,4839.2915,4836.7632,6177071
2025-03-14,4855.3335,4873.5142,4823.2495,4855.3335,4852.7969,3626410
2025-03-17,4833.9443,4921.6396,4828.5967,4915.2227,4912.6553,5854327
2025-03-18,4932.3340,4934.4731,4813.6245,4843.5693,4841.0391,3248300
2025-03-19,4818.9717,4868.1670,4818.9717,4840.3608,4837.8320,4611383
2025-03-20,4856.4028,4905.5977,4846.7778,4881.0005,4878.4507,4046627
2025-03-21,4900.2505,4902.3892,4848.9165,4872.4448,4869.8994,7650330
2025-03-24,4872.4448,4883.1392,4811.4858,4811.4858,4808.9717,3288535
2025-03-25,4801.8604,4842.5000,4791.1660,4801.8604,4799.3511,7800125
2025-03-26,4805.0688,4828.5967,4785.8164,4801.8604,4799.3511,3257604
2025-03-27,4808.2773,4852.1250,4778.3325,4831.8052,4829.2808,3764638
2025-03-28,4820.0415,4908.8062,4820.0415,4905.5977,4903.0347,3772100
2025-03-31,4901.3198,4958.0010,4890.6255,4930.1953,4927.6191,5356049
2025-04-01,4944.0981,4979.3901,4925.9175,4940.8901,4938.3091,3729651
2025-04-02,4932.3340,4977.2515,4908.8062,4966.5571,4963.9624,3065363
2025-04-03,4959.0708,5119.4893,4936.6123,5116.2808,5113.6084,5303870
2025-04-04,5140.8784,5195.4204,5003.9878,5020.0298,5017.4067,6796741
2025-04-07,4857.4722,4904.5283,4746.2490,4785.8188,4783.3184,8773336
2025-04-08,4830.7358,4938.7510,4733.4155,4902.3892,4899.8281,8971892
2025-04-09,4854.2637,4886.3477,4769.7769,4815.7637,4813.2480,5667068
2025-04-10,4857.4722,4959.0708,4789.0269,4887.4170,4884.8643,6742566
2025-04-11,4916.2925,5007.1963,4914.1533,4995.4321,4992.8223,5701506
2025-04-14,5037.1411,5040.3496,4979.3901,5017.8906,5015.2690,3682456
2025-04-15,5031.7935,5040.3496,4994.3628,5012.5435,5009.9248,3313645
2025-04-16,5057.4609,5088.4751,5038.2104,5078.8496,5076.1963,2979997
2025-04-17,5051.0439,5141.9478,4924.3135,5139.8086,5137.1235,6321634
2025-04-22,5160.1284,5251.0322,5152.6421,5220.0181,5217.2915,5506533
2025-04-23,5236.0601,5239.2681,5089.5444,5150.5034,5147.8125,4820336
2025-04-24,5079.9194,5208.2539,5079.9194,5123.7671,5121.0903,4841590
2025-04-25,5075.6416,5097.0308,5001.8491,5010.4048,5007.7871,2728136
2025-04-28,5032.8633,5067.0859,5002.9185,5025.3770,5022.7520,2104008
2025-04-29,5020.0298,5039.2798,4974.0430,5012.5435,5009.9248,3823728
2025-04-30,5051.0439,5121.6279,5022.1685,5089.5444,5086.8857,5932875
2025-05-01,5128.0449,5128.0449,5046.7661,5054.2524,5051.6113,1412997
2025-05-02,5068.1553,5117.3501,5049.9746,5097.0308,5094.3677,2359088
2025-05-06,5144.0869,5147.2949,5087.4053,5112.0029,5109.3325,4449359
2025-05-07,5115.2114,5132.3228,5098.1001,5131.2534,5128.5723,3146026
2025-05-08,5161.1982,5163.3369,5027.5161,5027.5161,5024.8892,2739529
2025-05-09,5060.6689,5070.2944,5017.8906,5046.7661,5044.1294,2235127
2025-05-12,5044.6274,5054.2524,4940.8901,4966.5571,4963.9624,2624978
2025-05-13,4978.3208,4984.7378,4884.2085,4884.2085,4881.6562,3697976
2025-05-14,4871.3750,4906.6675,4855.3335,4877.7920,4875.2437,3296362
2025-05-15,4845.7080,4925.9175,4843.5693,4918.4312,4916.3022,3326043
2025-05-16,4946.2373,4963.3486,4928.0566,4946.2373,4944.0967,4291088
2025-05-19,4958.0010,4978.3208,4922.7090,4975.1123,4972.9590,3070250
2025-05-20,4995.4321,5061.7383,4980.4600,5044.6274,5042.4443,2065565
2025-05-21,5044.6274,5069.2246,5021.0991,5064.9468,5062.7539,2527690
2025-05-22,5068.1553,5070.2944,5008.2656,5039.2798,5037.0986,2212706
2025-05-23,5040.3496,5046.7661,4986.8765,5021.0991,5018.9253,3835122
2025-05-27,5026.4463,5062.8081,5007.1963,5038.2104,5036.0298,2901925
2025-05-28,5031.7935,5038.2104,4982.5986,5006.1265,5003.9595,2554313
2025-05-29,5032.8633,5033.9326,4984.7378,5002.9185,5000.7534,1717859
2025-05-30,5038.2104,5069.2246,5015.7520,5033.9326,5031.7539,5934112
2025-06-02,5014.6826,5039.2798,4974.0430,4974.0430,4971.8901,3321052
2025-06-03,4998.6406,5006.1265,4941.7090,4953.7236,4951.5796,2949997
2025-06-04,4967.6265,4971.9043,4909.8755,4964.4180,4962.2695,2498197
2025-06-05,4972.9736,4982.5986,4944.0981,4962.2788,4960.1309,2452231
2025-06-06,4980.4600,4992.2236,4931.6401,4964.4180,4962.2695,2460583
2025-06-09,4958.0010,4966.5571,4909.8755,4940.8901,4938.7515,1848421
2025-06-10,4962.2788,4994.3628,4948.3760,4979.3901,4977.2354,2851078
2025-06-11,4991.1543,4995.4321,4954.7930,4959.0708,4956.9248,2545750
2025-06-12,4948.3760,4997.5713,4947.3066,4976.1821,4974.0278,2363204
2025-06-13,4965.4873,4994.3628,4949.4453,4956.9316,4954.7861,2651868
2025-06-16,4921.6396,4977.2515,4906.6675,4953.7236,4951.5796,3317866
2025-06-17,4916.2925,4961.2095,4908.8062,4938.7510,4936.6138,2171059
2025-06-18,4952.6538,4960.1401,4924.8481,4938.7510,4936.6138,1980836
2025-06-19,4924.8481,4934.4731,4894.5117,4894.9033,4892.7847,1704624
2025-06-20,4924.8481,4924.8481,4871.3750,4879.9307,4877.8184,8401906
2025-06-23,4848.9165,4895.9727,4829.6665,4895.9727,4893.8535,2359986
2025-06-24,4970.8345,4970.8345,4887.4170,4887.4170,4885.3022,3247979
2025-06-25,4877.7920,4895.9727,4814.6938,4814.6938,4812.6104,4893609
2025-06-26,4791.1660,4798.6523,4692.7759,4692.7759,4690.7451,2704701
2025-06-27,4692.7759,4751.5962,4692.7759,4739.8320,4737.7803,2984613
2025-06-30,4747.3184,4784.7490,4732.3457,4732.3457,4730.2979,2769020
2025-07-01,4765.4990,4800.7910,4717.3735,4791.1660,4789.0923,2407847
2025-07-02,4785.8188,4797.5825,4736.6235,4797.5825,4795.5063,2184923
2025-07-03,4810.4160,4823.2495,4777.2632,4799.7217,4797.6445,1513315
2025-07-04,4795.4438,4826.4580,4778.3325,4817.9023,4815.8164,1156491
2025-07-07,4818.9717,4837.1528,4800.7910,4808.2773,4806.1963,1484812
2025-07-08,4791.1660,4800.7910,4753.7349,4796.5132,4794.4370,2034706
2025-07-09,4790.0967,4801.8604,4744.1099,4753.7349,4751.6772,1733793
2025-07-10,4778.3325,4842.7373,4769.7769,4842.5000,4840.4038,2540798
2025-07-11,4841.4302,4859.6113,4785.8188,4793.3047,4791.2300,2049584
2025-07-14,4803.9995,4858.5415,4793.3047,4857.4722,4855.3696,1699750
2025-07-15,4845.7080,4845.7080,4778.3325,4778.3325,4776.2637,2917877
2025-07-16,4791.1660,4807.2080,4764.4297,4764.4297,4762.3682,2478208
2025-07-17,4762.2905,4775.1240,4736.6235,4739.8320,4737.7803,3304184
2025-07-18,4768.7075,4777.2632,4717.3735,4748.3877,4746.3325,2350802
2025-07-21,4731.2764,4747.3184,4699.1929,4729.1377,4727.0908,1957425
2025-07-22,4708.8179,4784.7490,4708.8179,4756.9434,4754.8843,2711283
2025-07-23,4781.5410,4787.9575,4741.9688,4753.7349,4751.6772,1898621
2025-07-24,4772.9854,4815.7637,4748.3877,4808.2773,4806.1963,1723223
2025-07-25,4814.6938,4816.8330,4746.2490,4776.1934,4774.1265,2989625
2025-07-28,4787.9575,4791.3071,4723.7900,4735.5542,4733.5044,2415675
2025-07-29,4712.0264,4760.1519,4710.9565,4739.8320,4737.7803,2775948
2025-07-30,4731.2764,4785.8188,4722.7207,4767.6377,4765.5737,3546056
2025-07-31,4791.1660,4836.0830,4690.6372,4714.1650,4712.1245,5259484
2025-08-01,4772.9854,4857.4722,4726.9985,4845.7080,4843.6108,2370272
2025-08-04,4857.4722,4860.6807,4796.5132,4808.2773,4806.1963,4355022
2025-08-05,4796.5132,4827.5273,4786.8882,4820.0415,4817.9556,2604354
2025-08-06,4822.1802,4835.0137,4784.7490,4828.5967,4826.5068,2004018
2025-08-07,4843.5693,4878.8613,4829.6665,4838.2222,4836.1274,2620981
2025-08-08,4858.5415,4872.4448,4802.9302,4813.6245,4811.5410,1817644
2025-08-11,4818.9717,4837.1528,4805.0688,4818.9717,4816.8857,1372065
2025-08-12,4827.5273,4842.5000,4786.8882,4801.8604,4799.7817,1797560
2025-08-13,4798.6523,4907.7368,4798.6523,4887.4170,4885.3022,3345286
2025-08-14,4846.7778,4856.4028,4802.9302,4828.5967,4826.9419,2122338
2025-08-15,4823.2495,4840.3608,4794.3745,4795.4438,4793.8003,5515766
2025-08-18,4786.8882,4828.5967,4781.5410,4828.5967,4826.9419,3225883
2025-08-19,4836.0830,4872.4448,4817.9023,4859.6113,4857.9458,1521508
2025-08-20,4890.6255,5032.8633,4885.2783,5017.8906,5016.1709,3102787
2025-08-21,5022.1685,5026.7354,4983.6680,5020.0298,5018.3091,2604064
2025-08-22,5009.3350,5030.7241,4982.5986,4985.8071,4984.0986,2890147
2025-08-26,4931.2646,4950.5151,4890.6255,4913.0840,4911.4004,6667175
2025-08-27,4901.3198,4944.0981,4899.1812,4944.0981,4942.4038,3890187
2025-08-28,4953.7236,4958.0010,4900.2505,4930.1953,4928.5054,1890813
2025-08-29,4937.6816,4999.7100,4929.1260,4975.1123,4973.4072,3856388
2025-09-01,5003.9878,5005.8691,4967.6265,4987.9458,4986.2358,1950201
2025-09-02,4968.6958,5090.6138,4954.7930,5056.3911,5054.6587,3003345
2025-09-03,5049.9746,5099.1694,5032.8633,5092.7529,5091.0068,3326755
2025-09-04,5092.7529,5141.9478,5085.2666,5134.4614,5132.7017,2960610
2025-09-05,5145.1562,5155.8506,5082.0581,5100.2388,5098.4907,3387927
2025-09-08,5052.1133,5055.3218,5012.5435,5022.1685,5020.4468,2605183
2025-09-09,5028.5854,5028.5854,4934.4731,4947.3066,4945.6108,2395055
2025-09-10,4959.0708,4982.5986,4920.5703,4937.6816,4935.9893,2035159
2025-09-11,4950.5151,4980.4600,4929.1260,4955.8623,4954.1636,2846060
2025-09-12,4981.5293,5002.9185,4951.5845,4951.5845,4949.8877,3551110
2025-09-15,4949.4453,4949.5708,4892.7642,4905.5977,4903.9160,7321197
2025-09-16,4873.5142,4887.4170,4844.6387,4857.4722,4855.8071,2912501
2025-09-17,4856.4028,4885.2783,4833.9443,4875.6528,4873.9819,1962904
2025-09-18,4875.6528,4881.0005,4836.0830,4866.0278,4864.3599,4033974
2025-09-19,4840.3608,4899.1812,4839.2915,4870.3057,4868.6362,9561254
2025-09-22,4847.8472,4866.0278,4781.5410,4792.2354,4790.5928,2213513
2025-09-23,4769.7769,4796.5132,4755.8740,4763.3599,4761.7275,2309666
2025-09-24,4771.9155,4790.0967,4749.4570,4765.4990,4763.8652,4861923
2025-09-25,4748.3877,4807.9512,4741.9707,4758.0127,4756.3823,2629451
2025-09-26,4739.8320,4765.4990,4698.1230,4718.4429,4716.8257,3087348
2025-09-29,4678.8730,4715.2344,4663.9004,4691.7065,4690.0986,2482840
2025-09-30,4671.3867,4713.0957,4643.5864,4705.6094,4703.9971,3828964
2025-10-01,4713.0957,4728.0679,4655.3452,4675.6646,4674.0620,2557280
2025-10-02,4652.1367,4689.5674,4638.2334,4688.4980,4686.8911,2366820
2025-10-03,4689.5674,4713.0957,4659.6226,4697.0537,4695.4438,1734425
2025-10-06,4660.6924,4684.2202,4631.8169,4638.2334,4636.6436,2341747
2025-10-07,4653.2061,4664.9702,4631.2812,4658.5532,4656.9565,2620208
2025-10-08,4662.8311,4700.2622,4641.4526,4676.7339,4675.1309,2457666
2025-10-09,4682.0815,4737.6929,4682.0815,4728.0679,4726.4478,3289592
2025-10-10,4769.7769,4821.1108,4767.6377,4796.5132,4794.8691,3099740
2025-10-13,4831.8052,4831.8052,4766.5684,4786.8882,4785.2476,3849200
2025-10-14,4835.0137,4874.5835,4814.6938,4874.5835,4872.9131,3336503
2025-10-15,4874.5835,4875.6528,4786.8882,4820.0415,4818.3896,4794709
2025-10-16,4838.2222,4908.8062,4808.0537,4908.8062,4907.1235,2548586
2025-10-17,4905.5977,5006.1265,4876.7227,4989.0156,4987.3057,2826564
2025-10-20,4931.2646,4998.6406,4929.1260,4982.5986,4980.8906,1860339
2025-10-21,4958.0010,4972.9736,4928.0566,4958.0010,4956.3018,2659785
2025-10-22,4955.8623,4980.4600,4915.2227,4976.1821,4974.4761,3387395
2025-10-23,4972.9736,5076.7109,4948.3760,5010.4048,5008.6875,3006938
2025-10-24,4938.7510,5023.2383,4938.7510,5014.6826,5012.9639,3456198
2025-10-27,5003.9878,5022.1685,4971.9043,4992.2236,4990.5127,1782471
2025-10-28,5026.4463,5032.8633,4943.0288,4952.6538,4950.9565,4019733
2025-10-29,4956.9316,4977.2515,4912.5493,4930.1953,4928.5054,2241101
2025-10-30,4899.1812,4941.9595,4892.7642,4925.9175,4924.2295,2010934
2025-10-31,4925.9175,4937.6816,4885.2783,4907.7368,4906.0552,1825393
2025-11-03,4886.3477,4933.4038,4875.6528,4916.2925,4914.6074,1959902
2025-11-04,4904.5283,4955.8623,4867.0972,4953.7236,4952.0254,2222960
2025-11-05,4960.1401,4993.2935,4945.1675,4972.9736,4971.2695,3121972
2025-11-06,4904.5283,4917.3618,4860.6807,4912.0146,4910.7676,5318031
2025-11-07,4883.1392,4951.5845,4870.3057,4938.7510,4937.4976,2474115
2025-11-10,4945.1675,4947.3066,4864.9585,4907.7368,4906.4907,4737103
2025-11-11,4946.2373,4950.5151,4926.9868,4929.1260,4927.8740,4135260
2025-11-12,4900.2505,4930.1953,4884.8462,4928.0566,4926.8052,3342026
2025-11-13,4910.9453,4921.6396,4844.6963,4881.0005,4879.7617,1829825
2025-11-14,4845.7080,4870.3057,4780.4712,4780.4712,4779.2578,3059511
2025-11-17,4766.5684,4800.7910,4741.9707,4776.1934,4774.9805,4460227
2025-11-18,4777.2632,4800.7910,4762.2905,4781.5410,4780.3271,3812324
2025-11-19,4790.0967,4825.3887,4775.1240,4789.0269,4787.8110,5122536
2025-11-20,4789.0269,4806.1382,4768.7075,4793.3047,4792.0874,6696919
2025-11-21,4833.9443,4914.1533,4815.7637,4903.4590,4902.2139,3221072
2025-11-24,4903.4590,4914.1533,4835.5996,4836.0830,4834.8550,5848967
2025-11-25,4825.3887,4911.8433,4815.7637,4868.1670,4866.9312,2617697
2025-11-26,4856.4028,4861.7500,4801.8604,4835.0137,4833.7861,4158968
2025-11-27,4829.6665,4836.0830,4797.5825,4833.9443,4832.7173,6950711
2025-11-28,4869.2363,4878.8613,4817.9023,4859.6113,4858.3774,3949176
2025-12-01,4859.6113,4931.3716,4858.5415,4875.6528,4874.4146,3530264
2025-12-02,4893.8340,4893.8340,4770.8462,4794.3745,4793.1572,6199402
2025-12-03,4796.5132,4811.4858,4743.0405,4762.2905,4761.0815,6609120
2025-12-04,4719.5122,4765.4990,4697.0537,4735.5542,4734.3516,2444690
2025-12-05,4731.2764,4770.8462,4714.1650,4765.4990,4764.2886,3494084
2025-12-08,4884.7500,4917.3750,4637.2500,4680.0000,4678.8115,4327257
2025-12-09,4679.5000,4887.5000,4641.5000,4846.5000,4845.2695,4599250
2025-12-10,4799.0000,4836.5000,4799.0000,4820.0000,4818.7764,3348477
2025-12-11,4725.5000,4853.5000,4724.0000,4853.5000,4852.2676,2907722
2025-12-12,4832.5000,4846.5000,4794.0000,4835.5000,4834.2725,3532745
2025-12-15,4844.5000,4874.5000,4835.0000,4845.0000,4843.7700,2877107
2025-12-16,4869.5000,4879.5430,4779.0000,4793.5000,4792.2827,2745845
2025-12-17,4781.5000,4895.5000,4779.0000,4881.5000,4880.2607,4124399
2025-12-18,4926.0000,4930.0000,4845.5000,4890.0000,4888.7583,11834434
2025-12-19,4861.5000,5542.1099,4855.5000,4890.0000,4888.7583,18555792
2025-12-22,4882.0000,4882.0000,4832.5000,4840.5000,4839.2710,3740755
2025-12-23,4825.5000,4866.0000,4822.7100,4857.5000,4856.2666,2707957
2025-12-24,4860.0000,4860.0000,4821.5000,4838.0000,4836.7715,965125
2025-12-29,4860.0000,4880.0000,4827.0000,4860.0000,4858.7661,1856866
2025-12-30,4834.5000,4867.5000,4834.5000,4856.0000,4854.7671,972638
2025-12-31,4863.5000,4875.0000,4853.0000,4859.5000,4858.2661,740510
2026-01-02,4851.5000,4878.5000,4798.5000,4822.5000,4821.2759,2104974
2026-01-05,4822.5000,4824.5000,4658.5000,4699.0000,4697.8076,2719572
2026-01-06,4681.0000,4770.0000,4656.5000,4744.0000,4742.7959,3602559
2026-01-07,4744.0000,4753.3931,4609.4521,4631.0000,4629.8242,3393853
2026-01-08,4594.5000,4680.0000,4584.5000,4665.0000,4663.8154,4587618
2026-01-09,4712.5000,4750.0000,4678.0000,4744.0000,4742.7959,2541158
2026-01-12,4770.0000,4791.0000,4743.5000,4770.5000,4769.2891,3780204
2026-01-13,4759.0000,4785.0000,4731.5000,4774.5000,4773.2881,2514056
2026-01-14,4777.0000,4831.5000,4767.5000,4831.5000,4830.2734,2522435
2026-01-15,4814.0000,4826.5010,4779.0000,4780.5000,4779.2866,3035490
2026-01-16,4774.0000,4799.5000,4750.5000,4761.5000,4760.2910,3327129
2026-01-19,4800.0000,4812.5000,4745.0000,4756.0000,4754.7925,2244989
2026-01-20,4751.0000,4778.5000,4712.0000,4775.0000,4773.7881,4263471
2026-01-21,4790.5000,4853.5000,4777.5000,4785.0000,4783.7852,2175360
2026-01-22,4783.5000,4848.5000,4757.0000,4816.0000,4814.7778,2360876
2026-01-23,4816.0000,4864.2432,4802.5000,4864.0000,4862.7646,2345026
2026-01-26,4864.0000,4904.5000,4842.5000,4861.5000,4860.2661,3308726
2026-01-27,4852.0000,4898.0000,4841.5000,4864.5000,4863.2646,2321628
2026-01-28,4847.0000,4847.5000,4769.5000,4815.5000,4814.2778,2858798
2026-01-29,4776.0000,4887.5000,4756.0000,4867.5000,4866.2646,4435435
2026-01-30,4864.5000,4946.5000,4846.0000,4940.5000,4939.2451,3142406
2026-02-02,5000.0000,5055.0000,4986.0000,4992.0000,4990.7329,5358414
2026-02-03,4983.5000,5045.0000,4928.0000,5045.0000,5043.7192,4343677
2026-02-04,5033.0000,5185.0000,5031.0000,5178.0000,5176.6855,4701431
2026-02-05,5198.0000,5278.0000,5147.0000,5250.0000,5248.6675,3022675
2026-02-06,5235.0000,5268.0000,5210.0000,5250.0000,5248.6675,3171936
2026-02-09,5216.0000,5234.0000,5158.0000,5165.0000,5163.6885,2768730
2026-02-10,5175.0000,5246.0000,5156.0000,5244.0000,5242.6689,4731871
2026-02-11,5236.0000,5328.0000,5236.0000,5320.0000,5318.6494,3600144
2026-02-12,5360.0000,5360.0000,5130.0000,5355.0000,5353.6406,5219335
2026-02-13,5340.0000,5469.0000,5321.0000,5432.0000,5430.6206,9368012
2026-02-16,5432.0000,5435.0000,5374.0000,5420.0000,5418.6235,3559283
2026-02-17,5413.0000,5475.0000,5404.0000,5413.0000,5411.6260,3295351
2026-02-18,5383.0000,5409.0000,5328.0000,5328.0000,5326.6470,4672412
2026-02-19,5321.0000,5365.6001,5304.0000,5320.0000,5318.6494,8497146
2026-02-20,5323.0000,5382.0000,5311.0000,5380.0000,5378.6338,3134431
2026-02-23,5420.0000,5465.0000,5380.0000,5462.0000,5460.6128,5131542
2026-02-24,5473.0000,5526.0000,5458.0000,5472.0000,5470.6108,3043843
2026-02-25,5480.0000,5491.0000,5361.0000,5402.0000,5400.6289,5258840
2026-02-26,5368.0000,5387.0000,5345.0000,5361.0000,5360.0410,3668403
2026-02-27,5369.0000,5474.0000,5351.0000,5467.0000,5466.0215,4757029
2026-03-02,5434.0000,5434.0000,5304.0000,5326.0000,5325.0474,4052374
2026-03-03,5299.0000,5305.0200,5128.0000,5134.0000,5133.0811,4150649
2026-03-04,5163.0000,5169.0000,5104.5000,5115.0000,5114.0850,4306655
2026-03-05,5134.0000,5134.0000,5040.0000,5056.0000,5055.0957,5119634
2026-03-06,5036.0000,5044.2139,4916.0000,4935.0000,4934.1167,5305754
2026-03-09,4926.0000,4926.0000,4843.0000,4903.5000,4902.6226,3613367
2026-03-10,4915.0000,4945.0000,4865.0000,4907.0000,4906.1221,4737907
2026-03-11,4879.5000,4898.0000,4824.0000,4846.0000,4845.1328,4203018
2026-03-12,4837.0000,4874.0000,4808.5000,4827.5000,4826.6362,4431996
2026-03-13,4792.0000,4855.0000,4748.9658,4834.5000,4833.6348,3104478
2026-03-16,4839.0000,4913.5000,4835.5000,4881.0000,4880.1270,3740921
2026-03-17,4891.0000,4901.0298,4863.0000,4880.0000,4879.1270,7420219
2026-03-18,4875.0000,4883.0000,4693.5000,4712.5000,4711.6567,4852824
2026-03-19,4652.5000,4672.5000,4568.0000,4574.0000,4573.1816,4620726
2026-03-20,4625.0000,4662.0000,4588.0000,4595.5000,4594.6777,10237336
2026-03-23,4564.5000,4643.5000,4535.0000,4535.0000,4534.1890,5659554
2026-03-24,4528.5000,4549.0000,4494.5000,4528.0000,4527.1899,8215608
2026-03-25,4539.0000,4554.5000,4481.0000,4523.5000,4522.6909,5060802
2026-03-26,4504.0000,4531.5000,4478.0000,4485.0000,4484.1973,6321193
2026-03-27,4500.0000,4500.0000,4452.0000,4479.5000,4478.6982,5982942
2026-03-30,4500.0000,4539.5000,4456.5000,4528.5000,4527.6899,5933627
2026-03-31,4555.5000,4574.5000,4197.0000,4199.0000,4198.2485,15851122
2026-04-01,4230.5000,4252.0000,4068.0000,4187.0000,4186.2510,14233632
2026-04-02,4205.5000,4214.0000,4134.5000,4172.5000,4171.7539,10589574
2026-04-07,4220.0000,4233.5000,4180.0000,4188.0000,4187.2505,4484441
2026-04-08,4251.0000,4320.5000,4233.0000,4297.5000,4296.7310,12077127
2026-04-09,4313.0000,4332.0000,4250.0000,4308.5000,4307.7290,4765461
2026-04-10,4302.0000,4352.5000,4298.5000,4313.0000,4312.2285,5290332
2026-04-13,4298.0000,4306.5000,4263.5000,4295.0000,4294.2319,2187208
2026-04-14,4269.5000,4316.5000,4250.0000,4250.0000,4249.2393,5974558
2026-04-15,4269.5000,4272.5000,4236.5000,4251.0000,4250.2393,5885236
2026-04-16,4256.5000,4270.0000,4212.0000,4212.0000,4211.2466,4992397
2026-04-17,4232.5000,4319.0000,4205.0000,4299.0000,4298.2310,9815908
2026-04-20,4284.5000,4297.5000,4255.5000,4269.0000,4268.2363,5702121
2026-04-21,4260.0000,4282.0000,4203.0000,4219.0000,4218.2451,6433479
2026-04-22,4218.0000,4235.0000,4192.5000,4197.5000,4196.7490,6388825
2026-04-23,4225.5000,4251.5000,4220.0000,4232.0000,4231.2427,5063514
2026-04-24,4239.0000,4334.0000,4224.0000,4280.5000,4279.7339,5116846
2026-04-27,4261.0000,4277.5000,4226.0000,4226.0000,4225.2437,10917819
2026-04-28,4205.5000,4270.0000,4195.0000,4257.0000,4256.2383,5269911
2026-04-29,4217.5000,4234.5000,4197.0000,4214.5000,4213.7456,8050872
2026-04-30,4218.5000,4324.5000,4199.5000,4297.0000,4296.2310,12833174
2026-05-01,4326.0000,4429.5000,4317.0000,4407.0000,4406.2114,7030118
2026-05-05,4344.5000,4345.5000,4241.0000,4264.5000,4263.7373,18166617
2026-05-06,4324.5000,4385.0000,4309.5000,4366.5000,4365.7188,4791692
2026-05-07,4377.0000,4378.5000,4306.5000,4310.0000,4309.2290,8033337
2026-05-08,4304.5000,4317.0000,4242.0000,4274.5000,4273.7354,8432955
2026-05-11,4251.5000,4255.0000,4161.0000,4183.5000,4182.7515,7547410
2026-05-12,4191.5000,4278.0000,4176.0000,4275.5000,4274.7349,10081375
2026-05-13,4247.5000,4284.5000,4230.5000,4235.0000,4234.2422,7396416
2026-05-14,4213.0000,4253.5000,4207.5000,4223.5000,4223.1479,4355512
2026-05-15,4227.0000,4254.0000,4196.5000,4207.0000,4206.6494,7748502
2026-05-18,4206.5000,4277.5000,4185.0000,4255.0000,4254.6450,5245115
2026-05-19,4292.0000,4334.5000,4253.5000,4292.0000,4291.6421,6701533
2026-05-20,4248.0000,4935.5000,3648.5000,4283.0000,4282.6431,5731473
2026-05-21,4258.5000,4286.5000,4221.5000,4269.5000,4269.1440,6653264
2026-05-22,4289.0000,4292.5000,4229.0000,4257.5000,4257.1450,4954087
2026-05-26,4269.5000,4298.5000,4234.3472,4235.5000,4235.1470,2580360
2026-05-27,4241.5000,4331.0000,4231.0000,4324.5000,4324.1392,6383183
2026-05-28,4292.5000,4310.0000,4258.5000,4263.5000,4263.1445,7559092
2026-05-29,4254.5000,4270.5000,4205.4580,4205.5000,4205.1494,13589210
2026-06-01,4170.0000,4650.0000,4123.5000,4132.5000,4132.1553,5346803
2026-06-02,4136.0000,4166.5000,4097.0000,4105.0000,4104.6577,6193618
2026-06-03,4116.0000,4164.0000,4113.5000,4120.0000,4119.6562,6541455
2026-06-04,4110.0000,4146.0000,4070.5000,4078.0000,4077.6599,4326607
2026-06-05,4100.0000,4194.5000,4100.0000,4188.5000,4188.1509,5421664
2026-06-08,4220.5000,4816.5000,3644.0000,4191.0000,4190.6504,3470034
2026-06-09,4172.5000,4289.2500,4168.5000,4284.5000,4284.1426,3146801
2026-06-10,4310.0000,4401.5000,4302.0000,4401.5000,4401.1328,5552885
2026-06-11,4394.5000,4394.5000,4349.5000,4352.0000,4351.6372,5723954
2026-06-12,4348.0000,4409.0000,4336.1992,4386.0000,4385.6343,3357969
2026-06-15,4393.5000,4422.5000,4356.0640,4356.5000,4356.1367,4044792
2026-06-16,4384.0000,4410.5000,4350.0000,4396.5000,4396.1333,2984307
2026-06-17,4396.0000,4396.5000,3738.0000,4362.5000,4362.1362,2650486
2026-06-18,4342.0000,4404.0000,3895.0000,4403.5000,4403.1328,3364801
2026-06-19,4412.5000,4437.0000,4358.0000,4363.5000,4363.1362,11398212
2026-06-22,4349.0000,4504.0000,4317.5000,4392.5000,4392.1338,2666065
2026-06-23,4381.5000,4479.0000,3734.0000,4453.5000,4453.1284,3449326
2026-06-24,4461.0000,4564.0000,4456.0000,4544.0000,4543.6211,4192934
2026-06-25,4550.0000,4606.0000,4271.5000,4579.5000,4579.1182,3908627
2026-06-26,4588.0000,4621.0000,4130.0000,4600.5000,4600.1162,4929367
2026-06-29,4581.0000,4598.5000,4534.2471,4580.0000,4579.6182,2785072
2026-06-30,4573.5000,4579.5000,4523.5000,4527.5000,4527.1226,5751695
2026-07-01,4543.0000,4572.5000,4519.5000,4561.5000,4561.1196,3390134
2026-07-02,4586.5000,4659.0000,4570.0000,4636.0000,4635.6133,4522861
2026-07-03,4630.0000,4635.0000,4563.0000,4620.0000,4619.6147,1746781
2026-07-06,4620.5000,4658.0000,4557.0000,4557.0000,4556.6201,4165123
2026-07-07,4603.5000,5240.0000,3646.0000,4689.0000,4688.6089,2900016
2026-07-08,4674.0000,4674.0000,4599.0000,4639.5000,4639.1133,3874517
2026-07-09,4601.0000,4601.0000,4551.0000,4551.0000,4550.6206,3283980
2026-07-10,4541.0000,4611.5000,4535.0000,4599.0000,4598.6167,3048535
2026-07-13,4605.0000,4632.5000,4323.5000,4583.5000,4583.1177,5103356
2026-07-14,4562.5000,4576.0000,4515.0000,4564.0000,4563.6196,2588089
2026-07-15,4521.5000,4558.5000,4470.0000,4558.5000,4558.1201,7588480
2026-07-16,4516.5000,4630.5000,4477.8428,4630.5000,4630.1138,2919279
2026-07-17,4675.5000,4710.5000,4650.5000,4673.0000,4672.6104,3235855
2026-07-20,4608.5000,4649.5000,4588.5000,4639.0000,4638.6133,2680017
2026-07-21,4596.5000,4607.0000,4553.0000,4553.0000,4552.6201,2547461
2026-07-22,4535.0000,4639.5000,4509.5190,4614.0000,4613.6152,2862755
2026-07-23,4612.5000,4626.5000,4491.0000,4543.0000,4542.6211,2572476
2026-07-24,4523.5000,4575.5000,4514.5000,4575.5000,4575.1187,3967495
2026-07-27,4624.0000,4658.0000,4551.0000,4627.0000,4626.6143,3025717
2026-07-28,4850.0000,5041.0000,4776.5000,4998.0000,4997.5830,10347856
2026-07-29,4995.5000,5010.0000,4893.0000,4986.0000,4985.5845,5292338
2026-07-30,4917.0000,4973.5000,4840.0000,4850.0000,4849.5957,3905826
2026-07-31,4799.5000,4799.5000,4722.5000,4743.0000,4742.6045,3978613
2026-08-03,4736.0000,4791.5000,4722.0000,4770.0000,4769.6021,6577014
2026-08-04,4746.5000,4750.5000,4710.0000,4748.5000,4748.1040,2762893
2026-08-05,4753.5000,4800.0000,4745.0000,4774.0000,4773.6021,3399856
2026-08-06,4747.0000,4801.5000,4684.0000,4709.0000,4709.0000,2595735
2026-08-07,4676.0000,4704.0000,4648.5000,4670.0000,4670.0000,3107751
2026-08-10,4675.0000,4675.0000,4587.5000,4637.0000,4637.0000,1831774
2026-08-11,4627.0000,4641.0000,4584.5000,4606.5000,4606.5000,1804623
2026-08-12,4595.0000,4595.5669,4535.5000,4570.5000,4570.5000,2231996
2026-08-13,4575.5000,4633.0000,4567.0000,4628.5000,4628.5000,4790494
2026-08-14,4630.0000,4640.0000,4577.0601,4589.5000,4589.5000,1716036
2026-08-17,4552.0000,4574.0000,4496.0000,4512.5000,4512.5000,2103920
2026-08-18,4521.5000,4586.0000,4508.0000,4578.0000,4578.0000,4362601
2026-08-19,4579.0000,4638.5000,4561.0000,4638.5000,4638.5000,3929708
2026-08-20,4633.5000,4671.0000,4619.5000,4649.0000,4649.0000,4801826
2026-08-21,4649.0000,4686.5000,4599.0000,4681.0000,4681.0000,3153200
2026-08-24,4698.0000,4784.5000,4686.0000,4782.5000,4782.5000,3981862
2026-08-25,4769.0000,4777.0000,4706.0000,4761.5000,4761.5000,2648387
2026-08-26,4772.5000,4816.0000,4766.0000,4772.0000,4772.0000,4247077
2026-08-27,4737.5000,4752.9502,4690.5000,4752.0000,4752.0000,2517036
2026-08-28,4736.5000,4802.0000,4728.0000,4776.0000,4776.0000,7147296
2026-09-01,4803.5000,4848.0000,4771.4609,4811.0000,4811.0000,3880855
2026-09-02,4783.5000,4787.0000,4732.0000,4782.5000,4782.5000,3519572
2026-09-03,4767.5000,4783.0000,4710.0000,4733.0000,4733.0000,2513482
2026-09-04,4715.5000,4770.0000,4696.5000,4763.0000,4763.0000,1468319
