date,open,high,low,close,adj_close,volume
2000-01-03,6.6406,6.7578,6.6172,6.7188,5.1404,3431200
2000-01-04,6.6719,6.7812,6.6172,6.6328,5.0747,5997600
2000-01-05,6.6406,6.7734,6.5781,6.6172,5.0627,10562400
2000-01-06,6.6250,6.9375,6.6094,6.8594,5.2480,15300000
2000-01-07,7.1875,7.6875,7.1094,7.6641,5.8637,16160800
2000-01-10,7.7266,7.7344,7.4766,7.5312,5.7621,9336000
2000-01-11,7.3750,7.6641,7.3359,7.5469,5.7740,9988000
2000-01-12,7.4844,7.6250,7.4375,7.4766,5.7202,6378400
2000-01-13,7.5156,7.7422,7.4766,7.7109,5.8996,6981600
2000-01-14,7.7500,7.8516,7.6875,7.7031,5.8936,9292800
2000-01-18,7.5312,7.6250,7.2812,7.3750,5.6425,5514400
2000-01-19,7.3125,7.5547,7.3125,7.4375,5.6904,7730400
2000-01-20,7.4375,7.6250,7.3125,7.6250,5.8338,8457600
2000-01-21,7.6250,7.6250,7.2188,7.2969,5.5828,12880800
2000-01-24,7.1719,7.2578,6.8203,6.8984,5.2779,9503200
2000-01-25,6.9375,7.0234,6.8203,6.8984,5.2779,8416000
2000-01-26,6.8125,7.0391,6.8125,6.8828,5.2660,8797600
2000-01-27,6.8828,6.9141,6.7344,6.7734,5.1823,9053600
2000-01-28,6.5312,6.8281,6.5312,6.5781,5.0329,12754400
2000-01-31,6.5781,6.9062,6.5703,6.6250,5.0687,4790400
2000-02-01,6.6875,6.9297,6.6406,6.8047,5.2062,3984000
2000-02-02,6.8594,7.0625,6.8594,6.9844,5.3437,6660000
2000-02-03,6.9219,7.0000,6.8828,6.9219,5.2959,13720800
2000-02-04,6.9531,7.1016,6.9531,7.0938,5.4274,7199200
2000-02-07,7.0000,7.3125,6.9766,7.2734,5.5648,11616800
2000-02-08,7.0000,7.1406,6.9688,7.0000,5.3556,8325600
2000-02-09,7.0625,7.0859,6.7188,6.7422,5.1584,7526400
2000-02-10,7.2344,7.5547,7.1328,7.2344,5.5349,20888000
2000-02-11,7.1406,7.3906,6.9844,7.0000,5.3556,18896000
2000-02-14,7.0781,7.1875,7.0469,7.1094,5.4393,7276000
2000-02-15,7.2969,7.6797,7.2812,7.4219,5.6784,16885600
2000-02-16,7.4609,7.8125,7.4141,7.6641,5.8637,16412800
2000-02-17,7.7500,8.0859,7.7344,7.8594,6.0131,12419200
2000-02-18,7.7656,7.8125,7.1562,7.2344,5.5349,15170400
2000-02-22,7.2500,7.4531,7.2109,7.3516,5.6246,5828800
2000-02-23,7.2812,7.3125,7.1094,7.1562,5.4752,9806400
2000-02-24,7.0781,7.0938,6.4922,6.5781,5.0329,13012000
2000-02-25,6.5781,6.6094,6.3203,6.4062,4.9014,9658400
2000-02-28,6.3750,6.5547,6.3125,6.4297,4.9193,8533600
2000-02-29,6.3984,6.4922,6.3750,6.3906,4.8894,7711200
2000-03-01,6.3906,6.9219,6.2266,6.8281,5.2241,12564800
2000-03-02,6.8438,6.8750,6.5000,6.5625,5.0209,7538400
2000-03-03,6.5547,6.9141,6.5078,6.8047,5.2062,3794400
2000-03-06,6.7891,6.7891,6.5312,6.5625,5.0209,4090400
2000-03-07,6.4375,6.4531,6.1094,6.1250,4.6862,8610400
2000-03-08,6.1094,6.1797,5.7969,5.9531,4.5547,10363200
2000-03-09,5.9531,6.2031,5.8906,6.1328,4.6922,6700000
2000-03-10,6.1250,6.3750,6.0703,6.3594,4.8655,6710400
2000-03-13,6.1250,6.3125,6.1250,6.2578,4.7878,6282400
2000-03-14,6.2344,6.3047,6.1328,6.2578,4.7878,3949600
2000-03-15,6.2109,6.4688,6.1875,6.4297,4.9193,12876000
2000-03-16,6.3281,6.6484,6.2188,6.5156,4.9850,11164000
2000-03-17,6.6250,6.7500,6.3984,6.4531,4.9372,9671200
2000-03-20,6.4844,6.6719,6.4609,6.6250,5.0687,5468800
2000-03-21,6.6250,6.7969,6.6250,6.7500,5.1644,4168800
2000-03-22,6.7188,6.8672,6.5000,6.6172,5.0627,5897600
2000-03-23,6.5625,6.8281,6.5312,6.8281,5.2241,6003200
2000-03-24,6.8203,7.1953,6.8047,7.1797,5.4931,8687200
2000-03-27,7.1016,7.1094,6.9219,6.9688,5.3317,4664800
2000-03-28,6.8750,7.0234,6.8672,6.9219,5.2959,3800800
2000-03-29,6.9297,6.9922,6.8125,6.9609,5.3257,3594400
2000-03-30,6.9531,7.2344,6.9453,7.1562,5.4781,5237600
2000-03-31,7.1562,7.4609,7.0547,7.4531,5.7054,7032800
2000-04-03,7.4219,7.8125,7.4141,7.7578,5.9386,7430400
2000-04-04,7.7500,7.7500,7.2188,7.5938,5.8130,8253600
2000-04-05,7.4922,7.6172,7.3828,7.5000,5.7413,5006400
2000-04-06,7.4922,7.7500,7.4531,7.7109,5.9027,5516000
2000-04-07,7.6953,7.7266,7.5312,7.7188,5.9087,5463200
2000-04-10,7.8281,8.0312,7.8203,7.9844,6.1121,7511200
2000-04-11,7.8750,8.1797,7.7578,8.1797,6.2616,10399200
2000-04-12,8.1250,8.6094,8.0938,8.4844,6.4948,10133600
2000-04-13,8.5234,8.5703,7.9141,8.2969,6.3513,13784000
2000-04-14,8.2188,8.2188,7.7344,7.9922,6.1180,5155200
2000-04-17,7.9219,8.0703,7.7188,7.9688,6.1001,5120800
2000-04-18,7.8750,8.1484,7.8047,8.1094,6.2077,4708000
2000-04-19,7.9375,8.2188,7.9219,8.0859,6.1898,5062400
2000-04-20,7.9297,8.5391,7.9297,8.3906,6.4230,9542400
2000-04-24,8.4375,8.7188,8.4297,8.6797,6.6443,5580000
2000-04-25,8.6719,8.6719,8.4375,8.5312,6.5307,12896000
2000-04-26,8.5625,8.6484,8.3750,8.4141,6.4410,8431200
2000-04-27,8.4688,8.5625,8.3594,8.3828,6.4171,7212800
2000-04-28,8.5000,8.5000,8.2734,8.3359,6.3812,5775200
2000-05-01,8.2578,8.3125,8.0625,8.0703,6.1778,6320800
2000-05-02,8.1250,8.1406,7.8359,7.8750,6.0283,12139200
2000-05-03,7.8125,7.8281,7.5312,7.6562,5.8609,15127200
2000-05-04,8.0547,8.0547,7.7500,7.8047,5.9745,17708000
2000-05-05,7.9297,7.9844,7.8516,7.8828,6.0343,11467200
2000-05-08,7.8828,8.2812,7.8281,8.2500,6.3154,8276000
2000-05-09,8.1562,8.5312,8.1250,8.4844,6.4948,8402400
2000-05-10,8.5312,8.7500,8.4688,8.5469,6.5426,10783200
2000-05-11,8.6328,8.8281,8.5938,8.6484,6.6204,12660000
2000-05-12,8.7578,8.9609,8.6484,8.9219,6.8297,12364000
2000-05-15,9.0000,9.3750,9.0000,9.3281,7.1407,13902400
2000-05-16,9.6875,9.6875,9.3203,9.4531,7.2364,12806400
2000-05-17,9.3594,9.4688,9.2812,9.3281,7.1407,8849600
2000-05-18,9.3438,9.8203,9.3359,9.6875,7.4158,13567200
2000-05-19,9.6094,9.6797,9.4531,9.5469,7.3082,8583200
2000-05-22,9.6094,9.6953,9.3203,9.5391,7.3022,7230400
2000-05-23,9.5000,9.5859,9.3906,9.4297,7.2184,6759200
2000-05-24,9.5625,9.9062,9.5625,9.7344,7.4517,19460000
2000-05-25,9.7500,9.8516,9.5391,9.5703,7.3261,22335200
2000-05-26,9.5000,9.6953,9.3984,9.4844,7.2603,6431200
2000-05-30,9.5781,9.8047,9.4844,9.4922,7.2663,7100800
2000-05-31,9.5078,9.5625,9.3125,9.3203,7.1347,7738400
2000-06-01,9.3047,9.6328,9.2656,9.5000,7.2723,9206400
2000-06-02,9.4688,9.5391,9.3203,9.3594,7.1646,7372800
2000-06-05,9.3594,9.5312,9.3359,9.3672,7.1706,5560800
2000-06-06,9.3438,9.4531,9.0625,9.1719,7.0211,8763200
2000-06-07,9.1719,9.3359,9.1406,9.2031,7.0450,7371200
2000-06-08,9.2422,9.3906,9.2266,9.2500,7.0809,6693600
2000-06-09,9.2656,9.7188,9.2656,9.6172,7.3620,4442400
2000-06-12,9.6172,10.0469,9.5000,9.9883,7.6460,11328000
2000-06-13,10.0000,10.3750,10.0000,10.0938,7.7268,18617600
2000-06-14,10.0938,10.4141,10.0312,10.2500,7.8464,8972000
2000-06-15,10.2578,10.3906,10.2500,10.2500,7.8464,10037600
2000-06-16,10.2344,10.2969,10.0312,10.0938,7.7268,9452000
2000-06-19,10.1953,10.2344,9.9922,10.0000,7.6550,8903200
2000-06-20,10.0312,10.2344,10.0078,10.0234,7.6730,5228800
2000-06-21,9.9844,10.1875,9.9219,10.1328,7.7567,3891200
2000-06-22,10.1016,10.3594,9.9922,10.0469,7.6909,8808800
2000-06-23,10.0625,10.1094,9.9297,9.9844,7.6431,5790400
2000-06-26,10.0000,10.1875,9.9688,9.9688,7.6311,8347200
2000-06-27,10.0625,10.0859,9.9062,10.0234,7.6730,8472000
2000-06-28,10.0469,10.4141,9.7344,10.3145,7.8957,8736000
2000-06-29,10.3750,11.1250,10.3281,10.7500,8.2291,19946400
2000-06-30,10.7500,11.0000,10.7031,10.7188,8.2052,8524000
2000-07-03,10.6797,11.0078,10.6641,11.0078,8.4265,4158400
2000-07-05,11.0391,11.2422,10.9375,11.1250,8.5162,7004800
2000-07-06,10.9062,11.4922,10.8828,11.4688,8.7793,13102400
2000-07-07,11.3750,11.4297,11.0781,11.2188,8.5880,12748000
2000-07-10,11.1250,11.1484,10.7812,10.9219,8.3607,6252800
2000-07-11,10.9219,11.1562,10.9062,10.9609,8.3906,8452000
2000-07-12,10.9609,11.2891,10.9297,11.1562,8.5401,13590400
2000-07-13,11.0312,11.1406,10.6562,10.7188,8.2052,9004000
2000-07-14,10.7188,10.8125,10.4062,10.5625,8.0856,11498400
2000-07-17,10.5625,10.9453,10.4844,10.8672,8.3189,8053600
2000-07-18,10.3750,10.5391,10.2031,10.4062,7.9660,18284000
2000-07-19,10.5625,10.6562,10.4688,10.4922,8.0318,5704800
2000-07-20,10.5000,10.6641,10.3281,10.6094,8.1215,4423200
2000-07-21,10.7344,10.7500,10.5156,10.6250,8.1335,3734400
2000-07-24,10.5625,10.6328,10.2266,10.2891,7.8763,5619200
2000-07-25,10.2891,10.3047,9.8438,9.8438,7.5354,10554400
2000-07-26,9.8438,9.9922,9.7656,9.7734,7.4816,11900800
2000-07-27,9.7969,10.3281,9.7969,10.2344,7.8344,11498400
2000-07-28,10.2266,10.3047,10.1094,10.1484,7.7686,4742400
2000-07-31,10.1953,10.4375,10.1484,10.2266,7.8285,5440000
2000-08-01,10.1641,10.5078,10.1641,10.4297,7.9839,3895200
2000-08-02,10.3125,10.5938,10.2266,10.4531,8.0019,9508800
2000-08-03,10.3438,10.6250,10.2344,10.6172,8.1275,12517600
2000-08-04,10.6875,11.0000,10.6875,10.9609,8.3906,9188000
2000-08-07,11.0312,11.1875,10.9922,10.9922,8.4145,6219200
2000-08-08,11.0625,11.0859,10.8594,10.8750,8.3248,6905600
2000-08-09,10.8750,11.0156,10.6875,10.9844,8.4086,6224800
2000-08-10,10.9688,11.0859,10.8516,11.0469,8.4564,4545600
2000-08-11,10.9844,11.5625,10.9844,11.5312,8.8272,11681600
2000-08-14,11.5625,11.7969,11.5625,11.6875,8.9468,7801600
2000-08-15,11.5781,11.6562,11.5078,11.6328,8.9049,5898400
2000-08-16,11.6719,11.6719,11.4531,11.5234,8.8212,3748800
2000-08-17,11.4609,11.8281,11.4609,11.6016,8.8810,4786400
2000-08-18,11.6094,11.6094,11.2812,11.4219,8.7435,8038400
2000-08-21,11.4219,11.5547,11.3906,11.4766,8.7853,4527200
2000-08-22,11.4688,11.7656,11.4688,11.6875,8.9468,4323200
2000-08-23,11.6719,11.6797,11.3516,11.4219,8.7435,5681600
2000-08-24,11.4531,11.5391,11.3750,11.4062,8.7315,4443200
2000-08-25,11.3828,11.4062,11.1562,11.2188,8.5880,8910400
2000-08-28,11.2500,11.3594,11.2188,11.2500,8.6119,4236000
2000-08-29,11.2969,11.5078,11.2891,11.3438,8.6837,4428000
2000-08-30,11.3438,11.3750,11.2500,11.3281,8.6717,4172800
2000-08-31,11.3125,11.9844,11.3047,11.8145,9.0440,6971200
2000-09-01,11.8750,11.9375,11.6719,11.7422,8.9887,4242400
2000-09-05,11.7500,11.8594,11.5547,11.7969,9.0305,3391200
2000-09-06,11.6250,11.7188,11.5625,11.5625,8.8511,6530400
2000-09-07,11.5625,11.6172,11.4531,11.4766,8.7853,4832800
2000-09-08,11.2969,11.4297,11.2969,11.3125,8.6597,5390400
2000-09-11,11.3125,11.7422,11.3125,11.6875,8.9468,6009600
2000-09-12,11.8125,12.0391,11.4062,11.4297,8.7495,7288000
2000-09-13,11.3203,11.5078,11.2109,11.4375,8.7554,8502400
2000-09-14,11.6797,11.9531,11.6562,11.8125,9.0425,7286400
2000-09-15,11.7969,11.9531,11.4609,11.5859,8.8691,7742400
2000-09-18,11.5781,11.6719,11.3828,11.3984,8.7255,7361600
2000-09-19,11.5859,11.9688,11.5156,11.7891,9.0246,7596800
2000-09-20,11.7109,11.7500,11.4453,11.5391,8.8332,5052800
2000-09-21,11.7031,11.8984,11.6953,11.8047,9.0365,5604800
2000-09-22,11.8047,12.2812,11.7344,12.2266,9.3595,15180800
2000-09-25,12.2500,12.5312,12.0391,12.1641,9.3116,6460800
2000-09-26,12.0000,12.2734,11.9531,12.1797,9.3236,4830400
2000-09-27,12.2344,12.4062,12.2109,12.2500,9.3774,9971200
2000-09-28,12.3125,12.4922,12.2656,12.4297,9.5150,10519200
2000-09-29,12.4453,12.6406,12.3281,12.3438,9.4492,8254400
2000-10-02,12.3750,13.2812,12.1562,13.2422,10.1369,10532800
2000-10-03,13.1250,13.4922,12.9844,13.1641,10.0771,8753600
2000-10-04,12.9844,13.3438,12.7812,12.8203,9.8140,7397600
2000-10-05,12.7578,13.2500,12.7266,13.1016,10.0293,8195200
2000-10-06,13.1094,13.1250,12.7656,12.8672,9.8499,5328000
2000-10-09,12.8672,13.0078,12.7656,12.8750,9.8558,4176000
2000-10-10,12.9531,13.4297,12.9297,13.2344,10.1309,12500000
2000-10-11,13.0781,13.3828,12.9297,13.1875,10.0951,13369600
2000-10-12,13.2188,13.3125,12.5938,12.6875,9.7123,10779200
2000-10-13,12.7031,13.0781,12.7031,12.9844,9.9396,6508000
2000-10-16,13.1719,13.6250,13.1719,13.6172,10.4240,15316000
2000-10-17,14.0000,14.0000,13.2812,13.3516,10.2207,11013600
2000-10-18,13.2578,13.2656,13.0859,13.1016,10.0293,18152000
2000-10-19,13.1016,13.2031,12.7891,13.0703,10.0054,10554400
2000-10-20,13.0156,13.2266,12.9375,13.1641,10.0771,8279200
2000-10-23,13.0859,13.2500,12.9766,13.0703,10.0054,4642400
2000-10-24,13.0781,13.4922,13.0781,13.3281,10.2027,8260000
2000-10-25,13.1250,13.4531,12.9141,13.0625,9.9994,18965600
2000-10-26,13.1875,13.5547,13.1875,13.4297,10.2805,13609600
2000-10-27,13.6562,13.9062,13.5625,13.7109,10.4957,13244000
2000-10-30,13.9375,14.6250,13.8438,14.5000,11.0998,16620000
2000-10-31,14.3281,14.3906,13.6016,13.6719,10.4658,14316800
2000-11-01,13.6797,13.6875,13.1094,13.2656,10.1549,15431200
2000-11-02,13.4531,13.5000,13.0312,13.0312,9.9754,9264800
2000-11-03,13.1406,13.4531,13.1094,13.2656,10.1549,9104000
2000-11-06,13.3750,13.6875,13.2969,13.6328,10.4359,16323200
2000-11-07,13.6328,13.6406,13.3594,13.5938,10.4060,11733600
2000-11-08,13.7500,14.1250,13.7109,13.8125,10.5735,7455200
2000-11-09,13.7188,14.2266,13.6953,14.2031,10.8725,16479200
2000-11-10,14.1250,14.3125,14.0938,14.1250,10.8127,7906400
2000-11-13,14.1875,14.1875,13.5469,13.7422,10.5197,12493600
2000-11-14,13.8359,14.3594,13.6641,14.1641,10.8426,11344000
2000-11-15,14.3750,14.5156,14.2578,14.3672,10.9981,15515200
2000-11-16,14.4375,14.7422,14.3750,14.4062,11.0280,9970400
2000-11-17,14.3750,14.7344,14.3281,14.4297,11.0460,10740000
2000-11-20,14.2500,14.5781,14.1641,14.3750,11.0041,18385600
2000-11-21,14.3750,14.5391,14.3203,14.4062,11.0280,8228000
2000-11-22,14.2969,14.3047,13.7969,14.0859,10.7828,14561600
2000-11-24,14.1719,14.5469,14.0938,14.3828,11.0101,4035200
2000-11-27,14.3047,14.5469,13.9766,14.4062,11.0280,13892800
2000-11-28,14.6094,14.9375,14.4688,14.5469,11.1357,11324000
2000-11-29,14.4375,14.8281,14.3984,14.7812,11.3151,8297600
2000-11-30,14.8203,15.0547,14.6094,14.6641,11.2254,11784000
2000-12-01,14.6484,14.7344,14.3828,14.5000,11.0998,9815200
2000-12-04,14.5469,14.8750,14.3750,14.6094,11.1835,6685600
2000-12-05,14.7344,15.1953,14.6875,14.7969,11.3270,7825600
2000-12-06,14.7656,15.1172,14.5938,14.7188,11.2672,10204800
2000-12-07,14.7812,14.9844,14.3594,14.5938,11.1715,6588000
2000-12-08,14.8125,15.0625,14.6875,14.9062,11.4108,7756800
2000-12-11,14.9062,15.2031,14.9062,15.0547,11.5244,8472800
2000-12-12,14.9062,14.9062,14.7188,14.7891,11.3211,6848000
2000-12-13,15.1172,15.1250,14.6797,14.7656,11.3031,9902400
2000-12-14,14.5625,14.7266,14.2266,14.4141,11.0340,10673600
2000-12-15,14.6875,14.8984,14.6250,14.6875,11.2433,18532800
2000-12-18,14.6562,15.3125,14.5156,15.1094,11.5663,8542400
2000-12-19,14.8125,14.9297,14.4219,14.6328,11.2014,11905600
2000-12-20,14.3125,15.0547,14.2969,14.7344,11.2792,11152800
2000-12-21,14.9688,15.0938,14.7969,15.0859,11.5483,7305600
2000-12-22,15.1406,15.2266,14.7656,14.9375,11.4347,6125600
2000-12-26,14.9375,15.3750,14.7500,15.3125,11.7218,4935600
2000-12-27,15.2812,15.3750,14.7812,15.2188,11.6500,5977600
2000-12-28,15.2500,15.6562,15.0312,15.6250,11.9610,5698800
2000-12-29,15.8125,15.8594,15.3281,15.3438,11.7457,3029200
2001-01-02,15.3750,15.5469,14.5312,14.7344,11.2792,4878000
2001-01-03,14.9844,15.1562,14.2500,14.2969,10.9443,7880400
2001-01-04,14.3125,14.5938,13.2031,13.2969,10.1788,25899600
2001-01-05,13.5469,13.8125,13.3906,13.4844,10.3223,8884800
2001-01-08,13.4375,13.8594,13.3438,13.4375,10.2864,6092000
2001-01-09,13.5938,13.8125,13.3594,13.5781,10.3941,5587200
2001-01-10,13.5781,14.2969,13.5781,14.1250,10.8127,7573200
2001-01-11,13.8750,14.0781,13.5938,13.8438,10.5974,8792800
2001-01-12,13.7344,13.8906,13.4375,13.5469,10.3702,6419200
2001-01-16,13.5469,13.8594,13.3125,13.4219,10.2745,8226800
2001-01-17,13.4688,13.5938,13.0000,13.1719,10.0831,11669600
2001-01-18,13.1719,13.2969,12.8438,13.0625,9.9994,10007200
2001-01-19,13.0625,13.1875,12.6250,12.8906,9.8678,13198000
2001-01-22,13.2500,13.9531,13.1875,13.8281,10.5855,10538000
2001-01-23,13.8281,14.6875,13.8281,14.6250,11.1955,10196800
2001-01-24,14.4688,14.9844,14.2969,14.9219,11.4227,5084800
2001-01-25,14.9219,15.1719,14.8281,15.1250,11.5782,8775200
2001-01-26,15.0000,15.2500,14.8281,14.9531,11.4466,4901600
2001-01-29,14.9525,14.9525,14.6550,14.6900,11.2452,4058800
2001-01-30,14.4575,14.4950,14.1600,14.2700,10.9237,8954000
2001-01-31,14.1875,14.1875,13.7300,14.1025,10.7955,7565600
2001-02-01,14.2000,14.4750,13.9750,14.1850,10.8586,8748000
2001-02-02,14.9750,15.5175,14.9625,15.2750,11.6930,18066800
2001-02-05,15.2475,15.6350,15.1650,15.6025,11.9437,9640000
2001-02-06,15.7125,15.7450,15.2250,15.2250,11.6548,9046400
2001-02-07,15.4750,16.0900,15.4650,15.4675,11.8404,9883200
2001-02-08,15.4875,15.5000,15.1400,15.2250,11.6548,8996800
2001-02-09,14.8500,14.9625,14.5625,14.6375,11.2050,9462800
2001-02-12,14.8375,15.1225,14.5075,14.7800,11.3141,10798000
2001-02-13,15.1875,15.1875,14.6325,14.6475,11.2127,6012400
2001-02-14,14.9750,15.0175,14.2225,14.2500,10.9084,7660000
2001-02-15,14.5625,14.7000,14.0600,14.0625,10.7649,11206400
2001-02-16,14.0625,14.4500,14.0625,14.2275,10.8912,7935200
2001-02-20,14.5875,14.6250,13.8125,14.1500,10.8319,7041200
2001-02-21,14.3750,14.4050,13.9775,14.1200,10.8089,7615200
2001-02-22,14.2250,14.2375,13.5025,13.7650,10.5371,8439600
2001-02-23,13.7750,13.7750,13.2425,13.5825,10.3974,7837600
2001-02-26,13.8200,14.2500,13.6750,14.0475,10.7534,7338400
2001-02-27,14.3250,14.6500,14.1775,14.3525,10.9869,8135200
2001-02-28,14.5000,14.8725,14.4875,14.8075,11.3352,7023200
2001-03-01,15.0000,15.1250,14.3825,14.7475,11.2892,10278400
2001-03-02,14.8375,15.2475,14.7250,15.1975,11.6337,6264400
2001-03-05,15.1975,15.1975,14.7000,15.0000,11.4825,6898800
2001-03-06,15.0500,15.1625,14.8250,15.1275,11.5801,6894000
2001-03-07,15.1250,15.2500,15.0375,15.1250,11.5782,6291600
2001-03-08,15.1125,15.4950,15.0975,15.3750,11.7696,5147600
2001-03-09,15.4375,15.5000,15.1800,15.2475,11.6720,5487200
2001-03-12,15.0500,15.1500,14.7750,14.9150,11.4175,5508400
2001-03-13,14.9375,14.9950,14.5275,14.7250,11.2720,9993200
2001-03-14,14.6250,14.8750,14.4625,14.5250,11.1189,6459600
2001-03-15,14.5250,14.7000,14.4125,14.4775,11.0826,5696400
2001-03-16,14.4625,14.4650,13.9125,13.9550,10.6826,10479200
2001-03-19,14.0375,14.3250,13.8000,14.1875,10.8606,7978400
2001-03-20,14.1750,14.5275,14.0750,14.1875,10.8606,5508400
2001-03-21,13.9375,14.0875,13.5500,13.5750,10.3917,12255200
2001-03-22,13.6250,13.6750,12.6375,13.1750,10.0855,17008000
2001-03-23,13.3700,13.8050,13.2425,13.6250,10.4300,8599600
2001-03-26,13.6875,14.3375,13.6875,14.0250,10.7362,5816000
2001-03-27,14.0875,14.1875,14.0375,14.0850,10.7821,9350000
2001-03-28,14.0625,14.3700,13.9625,14.0250,10.7362,10938800
2001-03-29,14.1250,14.4975,14.1000,14.4475,11.0655,6665200
2001-03-30,14.6250,14.9250,14.5400,14.8150,11.3470,11462400
2001-04-02,14.8150,15.0000,14.5550,14.6250,11.2015,7739600
2001-04-03,14.7500,14.9500,14.5000,14.5575,11.1498,9202000
2001-04-04,14.5750,15.1200,14.4750,14.9650,11.4619,8889200
2001-04-05,15.2225,15.2500,14.9625,15.0000,11.4887,15155600
2001-04-06,15.0000,15.0500,14.5575,14.7350,11.2857,7660800
2001-04-09,14.8750,14.9875,14.7875,14.9450,11.4465,6402800
2001-04-10,14.3750,14.9375,14.1250,14.7875,11.3259,21452800
2001-04-11,14.6275,14.8000,14.3250,14.4550,11.0712,10278400
2001-04-12,14.4550,14.8250,14.4375,14.6075,11.1881,6153200
2001-04-16,14.7975,14.9850,14.3975,14.5575,11.1498,6614000
2001-04-17,14.5250,15.0175,14.4950,14.7600,11.3049,8026800
2001-04-18,14.7625,15.1725,14.7250,15.1700,11.6189,12273200
2001-04-19,15.1700,15.2475,15.0025,15.1000,11.5653,7152800
2001-04-20,15.0500,15.1375,14.9375,15.0525,11.5289,6340000
2001-04-23,15.1825,15.5000,14.9000,14.9350,11.4389,7620800
2001-04-24,15.0075,15.2325,15.0000,15.1900,11.6342,4900400
2001-04-25,15.1900,15.8500,15.0625,15.7500,12.0631,7560000
2001-04-26,15.9000,16.3125,15.7575,16.2175,12.4212,10723200
2001-04-27,16.5625,16.8500,16.1525,16.3050,12.4882,12341200
2001-04-30,16.3750,16.6000,16.1875,16.3700,12.5380,7725200
2001-05-01,16.1375,16.5750,16.1375,16.5400,12.6682,7168400
2001-05-02,16.2500,16.2525,15.8000,15.8000,12.1014,21074800
2001-05-03,15.5000,15.8025,15.3700,15.4000,11.7950,15918000
2001-05-04,15.2275,15.3550,14.9500,15.2875,11.7089,14088400
2001-05-07,15.2500,15.2825,15.0600,15.2000,11.6419,6767600
2001-05-08,15.1500,15.1500,14.6350,14.7775,11.3183,10938400
2001-05-09,14.7125,15.0875,14.6400,14.8000,11.3355,11662000
2001-05-10,14.8000,14.8625,14.3125,14.3550,10.9947,14080800
2001-05-11,14.6500,14.7425,14.3350,14.6125,11.1919,6279600
2001-05-14,14.7625,14.9250,14.6250,14.7875,11.3259,4814000
2001-05-15,14.7875,15.0500,14.7000,14.8200,11.3508,6251200
2001-05-16,14.6250,15.3125,14.6000,15.1925,11.6361,5676800
2001-05-17,14.8250,14.8500,14.3750,14.5925,11.1766,13045200
2001-05-18,14.4000,14.5750,14.0125,14.1800,10.8606,14292000
2001-05-21,13.9900,14.2625,13.7525,13.8700,10.6232,14784000
2001-05-22,13.8750,13.9125,13.3750,13.5750,10.3972,22848400
2001-05-23,13.1250,13.4125,13.1250,13.2575,10.1541,27742800
2001-05-24,13.2750,13.8700,13.2250,13.8250,10.5887,21636000
2001-05-25,13.5250,13.8000,13.5250,13.6125,10.4260,10410000
2001-05-29,13.7875,13.7950,13.2750,13.4500,10.3015,9436800
2001-05-30,13.5125,13.9725,13.4625,13.8050,10.5734,13345200
2001-05-31,14.1250,14.4850,13.9625,14.3750,11.0100,14947200
2001-06-01,14.3125,14.3200,13.9725,14.1750,10.8568,9252800
2001-06-04,14.1750,14.3125,13.9925,14.1900,10.8683,6000400
2001-06-05,14.1875,14.3725,14.0550,14.2800,10.9372,8168800
2001-06-06,14.3125,14.7200,14.2050,14.6000,11.1823,9837200
2001-06-07,14.6000,14.7500,14.2625,14.4450,11.0636,5886400
2001-06-08,14.4475,14.6500,14.3575,14.5575,11.1498,4761200
2001-06-11,14.5500,14.5500,14.0625,14.1775,10.8587,7986400
2001-06-12,14.1775,14.3000,13.8750,14.2000,10.8759,7834400
2001-06-13,14.3250,14.4925,14.2100,14.4000,11.0291,5786800
2001-06-14,14.5175,14.6750,14.3750,14.5450,11.1402,8593200
2001-06-15,14.3250,14.4125,14.1975,14.2850,10.9410,8583600
2001-06-18,14.3000,14.6500,14.2550,14.6000,11.1823,7112400
2001-06-19,14.8500,14.8500,14.3775,14.5075,11.1115,4019200
2001-06-20,14.5325,14.9000,14.4000,14.7000,11.2589,5333600
2001-06-21,14.8500,15.2875,14.8200,15.1400,11.5959,8900800
2001-06-22,14.9250,15.3925,14.9000,15.2925,11.7127,7057200
2001-06-25,15.4250,15.6225,15.4000,15.5725,11.9272,7188400
2001-06-26,15.3525,15.5400,15.3525,15.4375,11.8238,5282000
2001-06-27,15.4000,15.8725,15.3975,15.7250,12.0440,7210000
2001-06-28,15.6550,15.7950,15.5150,15.6375,11.9769,8438800
2001-06-29,15.6375,15.7350,15.3350,15.4375,11.8238,10572800
2001-07-02,15.4950,15.7300,15.3125,15.6150,11.9597,6340400
2001-07-03,15.6125,15.6625,15.5125,15.5700,11.9252,5186000
2001-07-05,15.2500,15.5375,15.2500,15.4775,11.8544,8037600
2001-07-06,15.4800,15.5225,15.3750,15.4800,11.8563,9109600
2001-07-09,15.6500,15.9500,15.5500,15.8750,12.1589,11081600
2001-07-10,15.7250,15.9000,15.6275,15.7250,12.0440,4155600
2001-07-11,15.7475,15.9925,15.7050,15.8700,12.1550,5451200
2001-07-12,15.7750,16.2925,15.6350,16.2675,12.4595,6953600
2001-07-13,16.2500,16.4975,16.2200,16.4475,12.5973,7370000
2001-07-16,16.4350,16.4350,15.9500,16.1750,12.3886,10996400
2001-07-17,16.2700,16.5000,16.1900,16.4950,12.6337,6964400
2001-07-18,16.5000,16.7325,16.4000,16.5900,12.7065,4762000
2001-07-19,16.7375,16.8525,16.5550,16.6575,12.7582,5118000
2001-07-20,16.5825,16.7750,16.2850,16.4550,12.6031,4970000
2001-07-23,16.6250,16.8125,16.3600,16.4375,12.5897,3278000
2001-07-24,16.3750,16.5000,16.0875,16.2525,12.4480,3979200
2001-07-25,16.0000,16.2375,15.8250,16.1150,12.3427,5373200
2001-07-26,16.1150,16.4050,16.0625,16.2525,12.4480,3200800
2001-07-27,16.3750,16.5625,15.9200,16.2500,12.4461,7972800
2001-07-30,16.3100,16.9400,16.3025,16.6375,12.7429,9415600
2001-07-31,16.7000,17.0000,16.5575,16.8550,12.9094,5433600
2001-08-01,16.5000,16.8750,16.1625,16.2500,12.4461,13364400
2001-08-02,16.4500,16.5925,15.7650,15.9875,12.2450,10416400
2001-08-03,16.1875,16.1875,15.7525,16.0725,12.3101,3914800
2001-08-06,16.0000,16.0600,15.8325,15.8800,12.1627,2504800
2001-08-07,15.9750,16.1225,15.9000,16.0950,12.3273,3202800
2001-08-08,16.0950,16.2225,15.8625,15.9175,12.1914,3197600
2001-08-09,15.8550,16.0750,15.6875,15.9100,12.1857,4291600
2001-08-10,15.8875,16.1775,15.8750,16.0950,12.3273,2673200
2001-08-13,16.2175,16.4275,16.1525,16.3175,12.4978,3058800
2001-08-14,16.3425,16.4875,16.2175,16.3750,12.5418,2083600
2001-08-15,16.3250,16.4875,16.3175,16.3500,12.5227,3250400
2001-08-16,16.3500,16.6550,16.3000,16.6000,12.7141,3902400
2001-08-17,16.4500,16.6775,16.2775,16.4050,12.5648,3858000
2001-08-20,16.4050,16.6200,16.3000,16.5225,12.6548,2973600
2001-08-21,16.5850,16.8100,16.5650,16.6850,12.7792,3092400
2001-08-22,16.6250,16.8975,16.5775,16.8450,12.9018,6982400
2001-08-23,16.9350,17.1875,16.8800,17.1875,13.1641,8267200
2001-08-24,17.3125,17.3250,17.0025,17.0275,13.0416,5888000
2001-08-27,17.0275,17.3225,17.0275,17.1250,13.1162,3996000
2001-08-28,17.2450,17.3675,17.0750,17.2325,13.1986,5410400
2001-08-29,17.3625,17.3875,17.2100,17.3125,13.2598,7060800
2001-08-30,17.3675,17.5000,17.1075,17.1825,13.1603,15083600
2001-08-31,17.1825,17.2250,16.8325,17.0150,13.0320,7135600
2001-09-04,17.0150,17.1000,16.9450,16.9975,13.0186,7621600
2001-09-05,16.9750,17.2500,16.9750,17.0750,13.0779,7783600
2001-09-06,17.0775,17.0775,16.7125,16.7150,12.8022,11350400
2001-09-07,16.5000,16.5750,16.1625,16.3250,12.5035,9340000
2001-09-10,16.3500,16.6600,16.3250,16.6000,12.7141,6265600
2001-09-17,16.5000,16.5000,16.0075,16.1275,12.3522,7342800
2001-09-18,16.1375,16.1375,15.5950,15.6250,11.9674,10604400
2001-09-19,15.8625,15.9500,15.2250,15.4375,11.8238,11763200
2001-09-20,15.4375,15.6225,15.3250,15.3525,11.7587,11702000
2001-09-21,14.9000,15.1250,14.7000,14.9875,11.4791,9954400
2001-09-24,15.4975,15.5000,15.2275,15.4025,11.7970,10732000
2001-09-25,15.5000,15.9250,15.4750,15.7475,12.0612,13761600
2001-09-26,15.8725,16.4375,15.6375,16.4000,12.5609,10426400
2001-09-27,16.6225,16.8000,16.4500,16.4975,12.6356,14284000
2001-09-28,16.5750,16.7375,16.3250,16.6250,12.7333,13672800
2001-10-01,16.6300,16.9050,16.5750,16.7250,12.8099,10371200
2001-10-02,16.7250,16.8150,16.5375,16.8150,12.8788,6199600
2001-10-03,16.8775,17.0900,16.6875,16.8150,12.8788,10845600
2001-10-04,16.8500,17.1500,16.7000,17.0250,13.0396,9160400
2001-10-05,17.0875,17.3100,16.9125,17.1550,13.1392,4912400
2001-10-08,17.0125,17.1550,16.8525,17.0250,13.0396,4842800
2001-10-09,17.0250,17.0950,16.8150,17.0200,13.0358,5490000
2001-10-10,17.0200,17.3100,16.9825,17.2300,13.1967,5781200
2001-10-11,17.2925,17.4350,16.8325,16.9200,12.9592,10624400
2001-10-12,16.9375,16.9375,16.4775,16.7725,12.8463,7058800
2001-10-15,16.5225,17.0950,16.5225,17.0550,13.0626,5676400
2001-10-16,17.2500,17.3250,17.0750,17.1500,13.1354,5624400
2001-10-17,17.1725,17.2375,16.7575,17.0125,13.0301,8776400
2001-10-18,17.1800,17.2000,16.7125,16.9525,12.9841,8037200
2001-10-19,16.8925,17.1175,16.8250,16.9025,12.9458,4982400
2001-10-22,16.9025,17.3725,16.8900,17.2125,13.1833,5991200
2001-10-23,17.3250,17.3300,16.9650,17.0025,13.0224,5245600
2001-10-24,17.0250,17.0250,16.5000,16.5000,12.6375,12027200
2001-10-25,16.6200,16.8750,16.4000,16.6250,12.7333,13698400
2001-10-26,16.5000,17.2000,16.4750,16.8525,12.9075,11688000
2001-10-29,16.9900,17.1250,16.7600,16.8200,12.8826,4933600
2001-10-30,17.0625,17.1125,16.6250,16.7075,12.7965,4770000
2001-10-31,16.7700,16.7875,16.3775,16.4375,12.5897,6725200
2001-11-01,16.6125,16.6125,16.1500,16.3050,12.4882,12727200
2001-11-02,16.4250,16.6625,16.3050,16.3875,12.5514,7049600
2001-11-05,16.4975,16.6825,16.4475,16.5275,12.6586,4936000
2001-11-06,16.6750,17.1550,16.4250,16.6850,12.7792,10031200
2001-11-07,16.9375,16.9500,16.2125,16.4750,12.6184,7729600
2001-11-08,16.5000,16.5000,15.9475,16.0475,12.2910,12485200
2001-11-09,16.1000,16.1025,15.7500,15.8825,12.1646,7875600
2001-11-12,15.9750,16.1700,15.6050,16.1050,12.3350,5857600
2001-11-13,16.1050,16.3400,16.0750,16.2375,12.4365,4131600
2001-11-14,16.2750,16.4025,16.0400,16.2600,12.4537,3448000
2001-11-15,16.2600,16.5425,16.2550,16.2875,12.4748,2955200
2001-11-16,16.4250,16.4700,16.3075,16.3600,12.5303,3953600
2001-11-19,16.5750,16.8650,16.3600,16.8500,12.9056,9357200
2001-11-20,16.8500,17.7125,16.8500,17.6850,13.5451,17129600
2001-11-21,17.6850,17.9500,17.5250,17.7175,13.5700,8177200
2001-11-23,17.7175,17.8475,17.6250,17.8050,13.6371,1906800
2001-11-26,17.5375,17.8750,17.4125,17.8625,13.6811,10623600
2001-11-27,17.6900,17.7950,17.6250,17.7850,13.6217,6812800
2001-11-28,17.7850,18.0500,17.6975,17.9250,13.7290,6678000
2001-11-29,17.8750,17.9500,17.6525,17.8250,13.6524,3621600
2001-11-30,17.8250,17.8700,17.6625,17.8625,13.6811,4274800
2001-12-03,17.6325,17.8875,17.5950,17.8325,13.6581,4538400
2001-12-04,17.8125,17.8475,17.6375,17.8225,13.6505,4272400
2001-12-05,17.9625,18.0950,17.6400,17.9900,13.7787,6498000
2001-12-06,18.0000,18.1175,17.8300,18.0475,13.8228,5562000
2001-12-07,18.0500,18.1250,17.9475,18.0350,13.8132,7320800
2001-12-10,17.9750,18.0150,17.7650,17.8800,13.6945,4570400
2001-12-11,18.2000,18.2000,17.8125,17.9350,13.7366,12632800
2001-12-12,17.6875,17.6900,16.9525,17.4250,13.3460,11105200
2001-12-13,17.3750,17.6150,17.2850,17.5000,13.4034,5158400
2001-12-14,17.4250,17.7625,17.1600,17.7400,13.5873,6288800
2001-12-17,17.5500,17.8625,17.5025,17.7375,13.5854,6554400
2001-12-18,17.7000,17.8575,17.5800,17.7500,13.5949,7292400
2001-12-19,17.8750,17.8975,17.2375,17.3550,13.2924,14377200
2001-12-20,17.5000,17.5000,17.2500,17.3150,13.2618,8088400
2001-12-21,17.3125,17.4100,17.0200,17.3450,13.2847,11612400
2001-12-24,17.3750,17.6825,17.3450,17.5650,13.4532,3302000
2001-12-26,17.6850,17.6975,17.5100,17.5600,13.4494,3177600
2001-12-27,17.5625,17.6600,17.4275,17.6375,13.5088,2908400
2001-12-28,17.6375,17.7625,17.6000,17.7000,13.5566,3930800
2001-12-31,17.7575,17.9850,17.6450,17.6925,13.5509,4166400
2002-01-02,17.5000,17.6725,17.2875,17.6050,13.4839,4607200
2002-01-03,17.4275,17.5725,17.3000,17.4075,13.3326,5070000
2002-01-04,17.4400,17.6075,17.3875,17.5000,13.4034,2894800
2002-01-07,17.5500,17.6175,17.1500,17.3875,13.3173,3896800
2002-01-08,17.3375,17.3625,17.1300,17.3400,13.2809,5042000
2002-01-09,17.3125,17.5700,17.3025,17.3900,13.3192,6437600
2002-01-10,17.3175,17.7125,17.3175,17.6500,13.5183,5205200
2002-01-11,17.6625,18.0075,17.5550,17.9375,13.7385,5914800
2002-01-14,17.9400,18.3100,17.9400,18.1250,13.8821,7298800
2002-01-15,18.1500,18.1750,17.9750,18.1625,13.9109,5045600
2002-01-16,18.2700,18.4775,18.1800,18.2500,13.9779,7812000
2002-01-17,18.2000,18.2500,18.0000,18.0850,13.8515,5668000
2002-01-18,18.0825,18.3600,18.0250,18.1450,13.8975,5612000
2002-01-22,18.0875,18.3000,18.0375,18.1375,13.8917,5226800
2002-01-23,18.2250,18.2500,17.9400,18.1000,13.8630,5626400
2002-01-24,18.2500,18.6225,18.2500,18.5825,14.2326,17440400
2002-01-25,18.5250,18.7000,18.3750,18.5500,14.2077,8096000
2002-01-28,18.5150,18.5500,18.2875,18.5000,14.1694,4985200
2002-01-29,18.5000,18.6150,18.2000,18.2375,13.9683,11738800
2002-01-30,18.2375,18.2400,17.9525,18.1250,13.8821,6111200
2002-01-31,18.3475,18.5900,18.1875,18.5875,14.2364,8150000
2002-02-01,18.5900,18.7500,18.5550,18.7425,14.3551,5052800
2002-02-04,18.6250,18.7475,18.4125,18.4750,14.1502,3544800
2002-02-05,18.4750,18.9100,18.4750,18.7500,14.3608,9528800
2002-02-06,18.7400,18.8800,18.5125,18.6500,14.2842,4558400
2002-02-07,18.6500,18.8050,18.5850,18.7750,14.3800,5109200
2002-02-08,18.7750,18.7975,18.4525,18.6075,14.2517,4526400
2002-02-11,18.6000,18.7100,18.3925,18.6000,14.2460,5208400
2002-02-12,18.7000,18.9375,18.6750,18.8900,14.4681,6916400
2002-02-13,18.8900,18.8925,18.6250,18.8000,14.3991,4550400
2002-02-14,18.8775,18.9350,18.5375,18.6325,14.2708,6866400
2002-02-15,18.6250,18.6250,18.3925,18.5775,14.2287,5624800
2002-02-19,18.5025,18.5975,18.4125,18.4525,14.1330,2720800
2002-02-20,18.3300,18.6000,18.1000,18.4700,14.1464,7030800
2002-02-21,18.4500,18.7550,18.4125,18.7300,14.3455,7390800
2002-02-22,18.8000,18.8000,18.6375,18.6825,14.3091,6266800
2002-02-25,18.7375,18.7750,18.5675,18.5925,14.2402,6018800
2002-02-26,18.5950,18.6525,18.3750,18.4250,14.1119,7226400
2002-02-27,18.2250,18.4400,17.9500,18.2375,13.9683,7901600
2002-02-28,18.3375,18.4100,17.9525,18.1225,13.8802,8864000
2002-03-01,18.1500,18.2100,17.7700,17.8125,13.6428,8964000
2002-03-04,17.7025,17.7500,16.9625,17.0325,13.0454,18821600
2002-03-05,17.0125,17.3675,17.0050,17.1875,13.1641,11461600
2002-03-06,17.3000,17.6275,17.3000,17.5075,13.4092,7760800
2002-03-07,17.5025,17.6750,17.3300,17.6500,13.5183,9818000
2002-03-08,17.8500,17.9250,17.7700,17.8675,13.6849,7263200
2002-03-11,17.8675,18.3050,17.8250,18.2700,13.9932,7952800
2002-03-12,18.2000,18.4225,18.1025,18.3350,14.0430,7435600
2002-03-13,18.3375,18.5675,18.2850,18.4125,14.1023,6050000
2002-03-14,18.3875,18.6000,18.2975,18.6000,14.2460,6421600
2002-03-15,18.6500,18.7200,18.5725,18.6375,14.2747,8298400
2002-03-18,18.6375,18.8200,18.4650,18.7325,14.3474,5922400
2002-03-19,18.7925,18.8450,18.5775,18.8275,14.4202,5578400
2002-03-20,18.9025,18.9250,18.7600,18.8250,14.4183,3534400
2002-03-21,18.7075,18.8950,18.7075,18.8350,14.4259,4208800
2002-03-22,18.8175,18.8725,18.6300,18.6700,14.2996,4612800
2002-03-25,18.5175,18.6700,18.5175,18.5875,14.2364,4145200
2002-03-26,18.5875,18.6875,18.5625,18.5950,14.2421,6843200
2002-03-27,18.5500,18.9625,18.5025,18.8500,14.4433,6808800
2002-03-28,19.0500,19.2000,18.9025,19.1050,14.6386,7059600
2002-04-01,19.0000,19.0375,18.7825,18.9725,14.5371,2827600
2002-04-02,19.1500,19.4000,19.0750,19.2550,14.7536,6759200
2002-04-03,19.2575,19.3250,18.9875,19.1625,14.6827,5457200
2002-04-04,19.1625,19.3075,19.0800,19.2100,14.7191,4071200
2002-04-05,19.2500,19.4500,19.2250,19.3600,14.8340,5567600
2002-04-08,19.2125,19.4875,19.1925,19.2700,14.7651,4983600
2002-04-09,19.4125,19.4125,19.2600,19.3250,14.8072,5236400
2002-04-10,19.3750,19.5000,19.3125,19.4875,14.9317,5315600
2002-04-11,19.5000,19.6650,19.4025,19.5875,15.0083,7431600
2002-04-12,19.5900,19.5900,19.0750,19.2000,14.7114,8284400
2002-04-15,19.2500,19.2500,18.9375,19.1250,14.6540,7513600
2002-04-16,19.3125,19.3125,19.0025,19.2125,14.7210,6786000
2002-04-17,19.4875,20.0450,19.3625,19.8925,15.2420,15121200
2002-04-18,20.1000,21.2000,20.0500,21.0650,16.1404,25330800
2002-04-19,21.1750,21.5050,20.9075,21.4450,16.4316,12965200
2002-04-22,21.4450,21.9350,21.3750,21.4975,16.4718,13741200
2002-04-23,21.5000,21.5800,21.2375,21.2875,16.3109,11564800
2002-04-24,21.2900,21.8450,21.2900,21.4975,16.4718,7490000
2002-04-25,21.6750,22.4200,21.6350,21.7500,16.6653,13598000
2002-04-26,21.7525,21.9750,21.4000,21.5100,16.4814,10620800
2002-04-29,21.5100,21.6225,21.2525,21.5000,16.4737,9427200
2002-04-30,21.6075,22.1825,21.5900,21.9525,16.8204,9374800
2002-05-01,22.2250,22.9350,22.2250,22.4025,17.1653,13777200
2002-05-02,22.4050,22.5750,22.2125,22.4825,17.2266,9292000
2002-05-03,22.5000,22.7250,22.2625,22.3875,17.1538,6946400
2002-05-06,22.2575,22.8250,22.2525,22.4375,17.1921,5678800
2002-05-07,22.4375,22.6875,21.8500,22.1375,16.9622,8957200
2002-05-08,22.1375,22.5500,21.5875,22.4775,17.2227,9952000
2002-05-09,22.4800,22.8375,22.1250,22.1250,16.9526,8422000
2002-05-10,22.1400,22.4900,22.0300,22.0500,16.8952,5848400
2002-05-13,22.0000,22.0750,21.6275,21.9675,16.8320,6313200
2002-05-14,21.9675,21.9675,21.4725,21.8500,16.7419,8843200
2002-05-15,21.8000,22.3875,21.8000,22.0975,16.9316,7772800
2002-05-16,22.3125,22.4200,22.0750,22.2500,17.0484,6234800
2002-05-17,22.1275,22.4700,21.9250,22.1375,16.9622,6108800
2002-05-20,21.7500,21.7975,21.3750,21.7250,16.6461,7725200
2002-05-21,21.7275,21.9250,21.5650,21.8000,16.7036,7406000
2002-05-22,21.6125,21.8250,21.5000,21.5925,16.5446,4470400
2002-05-23,21.8375,22.0100,21.7150,22.0000,16.8568,7124000
2002-05-24,21.9000,22.2875,21.8750,22.1125,16.9431,5966800
2002-05-28,22.0500,22.3000,21.9750,22.2200,17.0254,4355200
2002-05-29,22.2500,22.5575,22.2250,22.4725,17.2189,6769200
2002-05-30,22.5375,22.8950,22.4750,22.7950,17.4660,10878800
2002-05-31,22.5750,22.8250,22.3925,22.7000,17.3932,5923600
2002-06-03,22.5000,22.8750,22.4625,22.5925,17.3109,7082800
2002-06-04,22.5925,22.7500,22.2750,22.5000,17.2400,8448800
2002-06-05,22.5250,23.0275,22.4850,22.9425,17.5790,7126400
2002-06-06,22.9800,23.1200,22.6750,22.8750,17.5273,9927200
2002-06-07,23.0000,23.6500,22.9500,23.5975,18.0809,16947600
2002-06-10,23.5975,23.8650,23.5000,23.7600,18.2054,7187200
2002-06-11,24.2250,24.4450,24.1625,24.2875,18.6096,13393600
2002-06-12,24.2875,24.4725,24.1250,24.2600,18.5885,8467200
2002-06-13,24.1300,24.3250,23.8000,23.8625,18.2839,6043600
2002-06-14,23.9250,24.0750,22.7875,22.9350,17.5733,16908800
2002-06-17,23.3750,23.7475,23.3725,23.5000,18.0062,11331200
2002-06-18,23.4075,24.1375,23.4050,23.8475,18.2724,7998000
2002-06-19,24.1125,24.4000,24.0000,24.3250,18.6383,7468800
2002-06-20,24.1775,24.2725,23.9250,24.0350,18.4161,9300800
2002-06-21,23.8125,24.0500,23.2625,23.4000,17.9296,12666800
2002-06-24,23.4000,23.4025,22.0250,22.5050,17.2438,12966400
2002-06-25,22.5675,22.7300,22.0000,22.4375,17.1921,12705600
2002-06-26,22.0000,22.8000,21.9000,22.7500,17.4315,12123200
2002-06-27,22.7525,23.0000,22.3375,22.9875,17.6135,9781200
2002-06-28,22.8750,23.2775,22.4550,22.8875,17.5369,14964400
2002-07-01,23.2000,23.2500,22.7000,23.0875,17.6901,10658000
2002-07-02,23.0000,23.1875,22.2125,22.5625,17.2878,15376800
2002-07-03,22.5650,23.0875,21.7750,22.5500,17.2783,10966000
2002-07-05,22.9500,22.9725,22.6400,22.9700,17.6001,4461200
2002-07-08,23.3250,23.5250,23.1550,23.3400,17.8836,7991600
2002-07-09,23.4250,23.5575,22.9500,22.9800,17.6077,9804000
2002-07-10,22.8625,23.0050,21.9700,22.0625,16.9047,12147200
2002-07-11,22.0000,22.4600,21.4575,22.4125,17.1729,16940400
2002-07-12,23.2250,23.3750,22.7750,23.0300,17.6461,14453600
2002-07-15,23.0925,23.1300,22.0025,23.0850,17.6882,13169200
2002-07-16,22.6250,22.9825,22.3750,22.4375,17.1921,11535200
2002-07-17,22.7475,23.1250,22.5625,23.1250,17.7189,12235200
2002-07-18,23.4525,24.0750,21.9550,22.4250,17.1825,23974000
2002-07-19,22.6250,22.8075,22.0025,22.0500,16.8952,17581600
2002-07-22,22.0500,22.2000,20.3750,20.6100,15.7918,20810400
2002-07-23,20.6875,21.2500,20.3700,20.9425,16.0466,15755200
2002-07-24,20.6000,22.1875,20.5100,22.1875,17.0005,15815200
2002-07-25,21.8750,22.7500,21.0750,21.8100,16.7113,14739600
2002-07-26,21.6250,21.7800,21.0800,21.4325,16.4220,12287600
2002-07-29,21.7625,22.0500,21.2875,21.7900,16.6959,11758000
2002-07-30,21.6250,22.3050,20.9775,21.3375,16.3492,17766800
2002-07-31,21.4000,22.1000,21.0250,21.9150,16.7917,13916800
2002-08-01,21.8375,21.8750,21.1175,21.5575,16.5178,11552000
2002-08-02,21.5250,21.5275,20.9850,21.2725,16.2994,8817200
2002-08-05,21.1250,21.2375,20.5125,20.5350,15.7343,10998800
2002-08-06,20.8125,21.3200,20.7500,21.0750,16.1481,10178400
2002-08-07,21.5000,21.5625,20.7375,21.3675,16.3722,10469200
2002-08-08,21.2250,22.1750,21.2250,22.0475,16.8932,8567200
2002-08-09,21.9375,22.2450,21.3500,22.0750,16.9143,7523200
2002-08-12,21.8375,22.3875,21.7750,22.3125,17.0963,7393200
2002-08-13,22.1500,22.4350,21.6600,21.7025,16.6289,7125600
2002-08-14,21.7025,22.5000,21.6575,22.5000,17.2400,7322000
2002-08-15,22.8000,22.8475,21.9875,22.0350,16.8837,10296400
2002-08-16,22.0000,22.4350,21.8750,22.1525,16.9737,6504800
2002-08-19,22.2150,22.5000,22.1300,22.4375,17.1921,5017600
2002-08-20,22.2750,22.7500,22.2000,22.3000,17.0867,5895200
2002-08-21,22.5375,22.6500,22.1300,22.3175,17.1001,4560800
2002-08-22,22.5000,23.1875,22.4350,22.9950,17.6192,10267600
2002-08-23,22.9325,23.1300,22.4625,22.5600,17.2859,5392400
2002-08-26,22.7750,22.7750,22.4400,22.5925,17.3109,4666000
2002-08-27,22.5375,22.5700,21.9775,22.0625,16.9047,6842400
2002-08-28,21.9750,22.1975,21.5525,21.6375,16.5791,4984800
2002-08-29,21.5400,21.9625,21.4475,21.8275,16.7247,5432400
2002-08-30,21.9000,22.5025,21.8600,22.0875,16.9239,5183600
2002-09-03,21.9925,21.9950,21.0650,21.1300,16.1902,6598400
2002-09-04,21.1925,21.7000,21.0075,21.7000,16.6270,8457200
2002-09-05,21.5125,21.6525,21.3250,21.5625,16.5216,7490400
2002-09-06,21.6750,21.8650,21.5125,21.6600,16.5963,8617600
2002-09-09,21.6600,22.1850,21.5500,22.1100,16.9411,4929600
2002-09-10,22.1200,22.4100,22.0150,22.2000,17.0101,4556400
2002-09-11,22.2550,22.3850,22.1250,22.1950,17.0063,2970800
2002-09-12,22.1275,22.6150,21.9775,22.4150,17.1748,5632800
2002-09-13,22.4150,22.9825,22.1650,22.9500,17.5848,7474400
2002-09-16,22.9500,23.1200,22.7700,23.1200,17.7150,6383200
2002-09-17,23.2200,23.3525,22.8075,22.8725,17.5254,6578000
2002-09-18,22.6875,22.9725,22.6025,22.9500,17.5848,7571600
2002-09-19,22.7500,22.7875,22.3750,22.4000,17.1633,9670000
2002-09-20,22.3250,22.5425,22.3250,22.5050,17.2438,9586800
2002-09-23,22.5075,22.7350,22.1875,22.4475,17.1997,7859600
2002-09-24,22.0500,22.1500,21.5050,21.5925,16.5446,9770400
2002-09-25,21.9625,22.0500,21.7025,21.8350,16.7304,9602400
2002-09-26,22.0000,22.0250,21.5625,21.8850,16.7687,13634000
2002-09-27,21.8750,22.2925,21.8450,21.8500,16.7419,9158000
2002-09-30,21.8000,21.9500,21.6000,21.8050,16.7074,10308000
2002-10-01,21.8875,22.1200,21.8000,22.1175,16.9469,12082800
2002-10-02,21.9925,22.5000,21.9875,22.3750,17.1442,9407200
2002-10-03,22.6500,23.0150,22.5700,22.8950,17.5426,9960800
2002-10-04,22.8300,22.8925,22.3375,22.4675,17.2151,8780400
2002-10-07,22.4375,22.9975,22.3750,22.5625,17.2878,10882000
2002-10-08,22.6625,23.0000,22.4075,22.9275,17.5675,9143200
2002-10-09,22.7875,23.1875,22.6750,22.7450,17.4277,9857200
2002-10-10,22.7475,23.4000,22.7475,23.0450,17.6576,13088400
2002-10-11,23.1875,23.5550,23.1875,23.3725,17.9085,9843200
2002-10-14,23.3325,23.7350,23.3025,23.6875,18.1499,12294400
2002-10-15,24.1250,24.2450,23.8950,24.1175,18.4793,11356800
2002-10-16,24.1175,24.5875,24.0675,24.4950,18.7686,12774400
2002-10-17,24.9800,25.1200,24.2000,24.4250,18.7149,16254000
2002-10-18,24.4100,25.1250,24.3700,24.9325,19.1038,11264000
2002-10-21,24.9750,25.2500,24.6925,24.8300,19.0253,9056000
2002-10-22,24.8325,25.2500,24.6200,24.7350,18.9525,9114000
2002-10-23,24.7450,25.1100,24.4975,25.0925,19.2264,7117600
2002-10-24,24.9250,25.0000,24.5075,24.5700,18.8260,9154800
2002-10-25,24.5725,24.9375,23.6250,24.2725,18.5981,15302400
2002-10-28,24.2750,24.2750,23.5250,23.9100,18.3203,11838000
2002-10-29,23.8125,23.8750,23.2600,23.6700,18.1364,7964800
2002-10-30,23.8450,24.1375,23.6150,23.8325,18.2610,5423200
2002-10-31,24.0000,24.1250,22.2500,22.7375,17.4219,22192400
2002-11-01,22.7375,23.3700,22.4000,23.1725,17.7553,13972000
2002-11-04,23.5725,23.7475,23.2325,23.3525,17.8932,8641600
2002-11-05,23.3375,23.5625,22.5975,22.8025,17.4717,9198800
2002-11-06,23.0000,23.8000,22.9000,23.6300,18.1058,11367600
2002-11-07,23.6625,24.0250,23.5425,23.7575,18.2035,7851200
2002-11-08,23.7600,23.7600,21.6275,21.7075,16.6327,38267600
2002-11-11,22.0750,22.1875,21.3750,21.9975,16.8549,17381200
2002-11-12,22.0000,22.5000,21.8175,22.3300,17.1097,10819200
2002-11-13,22.2675,22.7500,22.2650,22.5475,17.2764,8793200
2002-11-14,22.7500,22.9625,22.6050,22.6750,17.3740,8702800
2002-11-15,22.6500,23.3625,22.6000,23.2250,17.7955,7656400
2002-11-18,23.2625,23.4675,23.1250,23.2425,17.8089,6014400
2002-11-19,23.2450,23.2625,22.6425,22.8750,17.5273,7996000
2002-11-20,22.2750,22.6075,22.0750,22.4375,17.1921,18701600
2002-11-21,22.4800,22.4975,20.7800,21.2225,16.2611,37980400
2002-11-22,21.3950,21.7500,21.0625,21.1550,16.2094,16452400
2002-11-25,20.7325,20.7325,18.7600,19.1125,14.6444,56801200
2002-11-26,19.3750,19.9475,19.3750,19.7750,15.1520,30924400
2002-11-27,20.2500,20.2850,19.9475,20.0975,15.3991,14601600
2002-11-29,20.0975,20.4500,20.0975,20.3625,15.6022,5710000
2002-12-02,20.4625,20.5550,19.1000,19.1625,14.6827,20198000
2002-12-03,19.1650,19.7925,19.0675,19.7325,15.1194,16115600
2002-12-04,19.7250,20.8750,19.6075,20.7700,15.9144,21419200
2002-12-05,20.7725,20.9000,20.1250,20.8250,15.9565,15631200
2002-12-06,20.8250,21.1800,20.7025,20.8375,15.9661,9826400
2002-12-09,20.8400,21.1225,20.2000,20.2325,15.5026,11081600
2002-12-10,20.2325,20.6800,20.2325,20.4550,15.6730,8882000
2002-12-11,20.6750,20.9250,20.6250,20.7675,15.9125,5769600
2002-12-12,20.8250,20.9600,20.7250,20.9400,16.0447,6933600
2002-12-13,21.0225,21.0500,20.3125,20.4800,15.6922,8337200
2002-12-16,20.4800,20.6750,20.3525,20.6750,15.8416,12798400
2002-12-17,20.5500,20.7375,20.5225,20.5900,15.7765,5204400
2002-12-18,20.6025,20.7350,20.3200,20.5025,15.7094,5330800
2002-12-19,20.6250,20.9500,20.1875,20.5000,15.7075,9201600
2002-12-20,20.4000,20.5975,20.0325,20.2725,15.5332,11512800
2002-12-23,20.3500,20.9575,20.3000,20.9300,16.0370,7364000
2002-12-24,20.9975,21.1625,20.9175,21.0675,16.1424,2969600
2002-12-26,21.1450,21.1450,20.7500,20.7975,15.9355,3905200
2002-12-27,20.9375,20.9375,20.5600,20.5625,15.7554,3376800
2002-12-30,20.5875,20.9675,20.3750,20.9000,16.0140,6438400
2002-12-31,20.9025,20.9850,20.6525,20.8750,15.9949,4596800
2003-01-02,20.8775,21.4275,20.7000,21.4275,16.4182,10068400
2003-01-03,21.5000,21.7750,21.4275,21.6450,16.5848,8318000
2003-01-06,21.6000,21.6825,21.0500,21.1000,16.1673,9381600
2003-01-07,21.1025,21.1025,20.6875,20.9450,16.0485,8544400
2003-01-08,21.0000,21.2500,20.9300,21.1250,16.1864,5682400
2003-01-09,21.1250,21.3375,20.8775,21.1250,16.1864,7050800
2003-01-10,21.0000,21.0450,20.7375,20.8625,15.9853,6765200
2003-01-13,20.7000,20.9600,20.5375,20.6625,15.8320,7900000
2003-01-14,20.6625,20.6625,20.4375,20.5625,15.7554,7093200
2003-01-15,20.6875,20.7600,20.3500,20.5000,15.7075,9206400
2003-01-16,20.5250,20.6200,20.2500,20.5650,15.7573,8652000
2003-01-17,20.5625,21.2125,20.5000,21.0850,16.1558,8505600
2003-01-21,21.0850,21.2925,20.7750,20.7900,15.9297,7129600
2003-01-22,20.8250,21.2100,20.6250,20.6875,15.8512,11032000
2003-01-23,20.8750,21.2750,20.8750,21.1975,16.2420,15162000
2003-01-24,21.2000,21.5125,21.1225,21.2025,16.2458,13107600
2003-01-27,21.1650,21.1650,20.5900,20.6325,15.8090,8908400
2003-01-28,20.7800,21.0850,20.6750,21.0375,16.1194,8867600
2003-01-29,21.0400,21.4975,20.8625,21.4975,16.4718,10755200
2003-01-30,21.4425,21.6500,21.3625,21.4250,16.4163,8853600
2003-01-31,21.3500,21.9775,21.3500,21.9750,16.8377,9518400
2003-02-03,21.9775,22.1875,21.3250,21.5050,16.4776,14044000
2003-02-04,21.5075,21.5075,20.8875,21.0750,16.1481,13009600
2003-02-05,21.0775,21.4325,20.9825,20.9825,16.0772,7538400
2003-02-06,20.9850,21.2550,20.8925,21.0050,16.0945,7111600
2003-02-07,21.2500,21.3200,21.0775,21.1625,16.2151,7011200
2003-02-10,21.2200,21.4750,21.1625,21.4000,16.3971,5423200
2003-02-11,21.4375,21.5000,20.8425,20.8600,15.9834,11144800
2003-02-12,20.8750,20.9700,19.8250,20.0600,15.3704,20561200
2003-02-13,19.8125,20.1850,19.6850,19.9375,15.2765,12744400
2003-02-14,19.9400,19.9950,19.6000,19.9950,15.3206,11654800
2003-02-18,20.0250,20.5900,20.0250,20.5050,15.7114,6559600
2003-02-19,20.5000,20.7750,20.4175,20.4750,15.6884,6644000
2003-02-20,20.4750,20.6250,20.1375,20.3750,15.6117,8484400
2003-02-21,20.3750,20.7475,20.0850,20.5475,15.7439,10335200
2003-02-24,20.3125,20.3150,19.9500,20.0625,15.3723,9526800
2003-02-25,19.9625,20.2425,19.8075,20.2000,15.4777,9771200
2003-02-26,20.2000,20.6375,20.1500,20.5450,15.7420,7871600
2003-02-27,20.6250,20.7575,20.4050,20.6600,15.8301,8824000
2003-02-28,20.6250,20.8750,20.6000,20.7250,15.8799,6041200
2003-03-03,20.8250,21.0825,20.8150,20.9575,16.0581,7499200
2003-03-04,20.9600,21.0600,20.6100,20.6100,15.7918,7731200
2003-03-05,20.6725,21.0500,20.6000,21.0500,16.1289,9066400
2003-03-06,20.8600,21.2375,20.8575,21.1275,16.1883,9167600
2003-03-07,21.0000,21.4275,20.9750,21.3500,16.3588,8483200
2003-03-10,21.3500,21.4100,20.9000,20.9525,16.0542,6504800
2003-03-11,21.0125,21.0700,20.7375,20.8775,15.9968,4983200
2003-03-12,20.8250,20.9800,20.5475,20.9125,16.0236,8335600
2003-03-13,20.9975,21.4275,20.9775,21.4275,16.4182,8240400
2003-03-14,21.4650,21.5325,20.8750,20.9100,16.0217,9812000
2003-03-17,20.9850,21.7350,20.9450,21.6725,16.6059,11094400
2003-03-18,21.6500,21.9000,21.5675,21.8100,16.7113,7786400
2003-03-19,21.7700,21.9375,21.5850,21.9375,16.8090,6547600
2003-03-20,21.7375,22.0200,21.5400,21.8475,16.7400,6178800
2003-03-21,22.1000,22.4750,22.0150,22.4750,17.2208,7850400
2003-03-24,22.4775,22.4775,21.9550,22.3250,17.1059,7697200
2003-03-25,22.3275,22.8225,22.2125,22.6650,17.3664,8354000
2003-03-26,22.6050,22.7325,22.3750,22.4025,17.1653,6722400
2003-03-27,22.4025,22.4850,22.0375,22.4325,17.1882,7393200
2003-03-28,22.4250,23.0350,22.3475,23.0350,17.6558,9069200
2003-03-31,22.8750,23.1725,22.7200,22.9175,17.5657,7777600
2003-04-01,22.9175,23.0375,22.3750,22.8200,17.4910,11131600
2003-04-02,22.9250,23.2400,22.8450,22.9175,17.5657,9322800
2003-04-03,23.0250,23.4075,22.7750,23.2500,17.8206,8679600
2003-04-04,23.0000,23.4625,22.9975,23.0825,17.6922,8158000
2003-04-07,23.2575,23.6250,23.0925,23.1075,17.7114,9087200
2003-04-08,23.1050,23.4975,22.9675,23.4250,17.9547,10516800
2003-04-09,23.4250,23.5450,23.0425,23.1050,17.7094,7107200
2003-04-10,23.1050,23.1050,22.7175,22.9100,17.5600,10178000
2003-04-11,22.9100,23.3200,22.6625,23.2325,17.8072,6285200
2003-04-14,23.2325,23.7050,22.9875,23.5350,18.0390,6379200
2003-04-15,23.5350,23.5775,23.0250,23.4400,17.9662,12858000
2003-04-16,23.5000,23.7775,22.0500,22.5125,17.2553,32850400
2003-04-17,22.5125,23.1075,22.4600,22.9625,17.6002,13449200
2003-04-21,22.9650,23.2475,22.3050,22.3800,17.1537,11239600
2003-04-22,22.2500,22.9100,22.2000,22.8250,17.4948,10440000
2003-04-23,22.8250,22.8600,22.5625,22.6875,17.3894,6598400
2003-04-24,22.8375,22.9600,22.3625,22.7750,17.4565,13541200
2003-04-25,22.7625,23.0750,22.6400,22.6750,17.3799,7132800
2003-04-28,22.6425,22.7500,22.4125,22.7075,17.4048,7626000
2003-04-29,22.7075,22.8125,22.5250,22.6275,17.3435,7396800
2003-04-30,22.5675,23.0750,22.4500,23.0325,17.6539,15325200
2003-05-01,23.0325,23.0725,22.6250,22.7325,17.4239,7833200
2003-05-02,22.5025,23.2250,22.3625,23.1625,17.7535,12119600
2003-05-05,23.2125,23.5750,23.1850,23.3350,17.8857,9244000
2003-05-06,23.3350,23.5625,23.2975,23.5200,18.0275,5408800
2003-05-07,23.5200,23.5675,23.1700,23.1900,17.7746,6044800
2003-05-08,23.1900,23.4250,23.0000,23.0525,17.6692,5580400
2003-05-09,23.1600,23.3725,23.0975,23.3725,17.9145,3480800
2003-05-12,23.3250,23.6200,23.2325,23.5525,18.0524,4229200
2003-05-13,23.4925,23.5250,23.2900,23.4050,17.9394,4456800
2003-05-14,23.3875,23.5000,23.2875,23.4075,17.9413,5080800
2003-05-15,23.3875,23.4975,23.0600,23.2975,17.8570,7245600
2003-05-16,23.2975,24.0375,23.2850,23.8525,18.2824,19221200
2003-05-19,23.7900,24.0900,23.5725,23.5750,18.0697,8457200
2003-05-20,23.7300,24.4525,23.6875,23.9375,18.3475,17442800
2003-05-21,23.9375,24.5550,23.7500,24.4750,18.7595,12160000
2003-05-22,24.2750,24.4800,24.1475,24.1975,18.5468,8098000
2003-05-23,24.0900,24.2425,23.7800,23.8700,18.2958,5964400
2003-05-27,23.8375,24.1850,23.8375,23.8400,18.2728,7092800
2003-05-28,23.9375,24.0550,23.6875,23.8650,18.2920,7568800
2003-05-29,23.8650,24.0750,23.6325,23.7625,18.2134,6176800
2003-05-30,23.7625,24.0000,23.5325,23.9850,18.3840,6593200
2003-06-02,24.0175,24.1150,23.5425,23.5850,18.0774,9913600
2003-06-03,23.5025,24.0175,23.4250,23.9975,18.3935,8828400
2003-06-04,24.0000,24.0500,23.7750,23.8375,18.2709,6177600
2003-06-05,23.8400,24.2750,23.6725,24.2525,18.5890,7504000
2003-06-06,24.2525,24.6250,24.2525,24.4650,18.7519,7203600
2003-06-09,24.4675,24.7250,24.2200,24.2875,18.6158,6990000
2003-06-10,24.5000,24.9625,24.5000,24.7075,18.9377,7956800
2003-06-11,24.7075,25.3125,24.7075,25.3125,19.4014,9931600
2003-06-12,25.3125,25.5625,25.1700,25.5050,19.5490,6752400
2003-06-13,25.5050,25.6875,25.1550,25.2250,19.3344,5492800
2003-06-16,25.6000,25.7875,25.4375,25.7500,19.7368,5888800
2003-06-17,25.9325,26.2775,25.9325,26.2225,20.0989,8028000
2003-06-18,26.2500,26.3350,26.0000,26.0700,19.9820,6985200
2003-06-19,26.0700,26.1250,24.8700,24.9650,19.1351,8929800
2003-06-20,25.1700,25.5250,24.8800,25.2950,19.3880,11751400
2003-06-23,25.1750,25.1950,24.7700,25.1650,19.2884,6885200
2003-06-24,25.2150,25.7400,25.1150,25.2600,19.3612,5043000
2003-06-25,25.0800,25.3100,24.6250,25.0050,19.1658,7099800
2003-06-26,25.0050,25.3800,24.7700,25.2800,19.3765,3667000
2003-06-27,25.5000,25.5000,25.0000,25.1100,19.2462,3061000
2003-06-30,25.4000,25.4600,25.0000,25.1250,19.2577,3873600
2003-07-01,25.1250,25.1600,24.7500,25.1550,19.2807,3967600
2003-07-02,25.0600,25.8000,25.0250,25.7400,19.7291,4742800
2003-07-03,25.7350,25.8150,25.3850,25.4550,19.5107,2006200
2003-07-07,25.5350,26.1050,25.5200,25.9900,19.9207,4246400
2003-07-08,25.9900,26.2100,25.7500,26.1000,20.0050,4300800
2003-07-09,26.1000,26.4950,25.8900,26.1300,20.0280,4942000
2003-07-10,26.0750,26.2150,25.5450,25.7800,19.7598,4005400
2003-07-11,25.5000,26.0000,25.4300,25.6000,19.6218,5327000
2003-07-14,25.6000,25.8100,24.9050,24.9250,19.1044,9717200
2003-07-15,25.0050,25.1150,24.7850,25.0150,19.1734,7472200
2003-07-16,25.0500,25.1250,24.0750,24.3050,18.6292,8215600
2003-07-17,24.6250,26.0800,23.6250,25.8950,19.8479,17773400
2003-07-18,26.0200,26.2300,25.6000,26.2200,20.0970,6584200
2003-07-21,26.2200,26.3600,25.1200,26.2450,20.1162,5512000
2003-07-22,26.3750,26.5000,26.1750,26.4150,20.2465,4936000
2003-07-23,26.8750,27.6250,26.3700,27.2550,20.8903,11104200
2003-07-24,27.2800,27.3050,26.6250,26.6250,20.4074,4639200
2003-07-25,26.6300,27.0950,26.3800,27.0550,20.7370,5298000
2003-07-28,26.9000,27.5000,26.8850,27.3350,20.9516,4351000
2003-07-29,27.3350,27.9750,27.3350,27.5750,21.1356,6255600
2003-07-30,27.8750,28.1250,27.2000,27.3750,20.9823,14137600
2003-07-31,26.7600,26.8100,25.9200,26.0450,19.9629,12282200
2003-08-01,26.0500,26.7000,25.8000,26.2500,20.1200,7297400
2003-08-04,26.0500,26.3700,25.5800,26.2000,20.0817,5352200
2003-08-05,26.2000,26.2000,25.4250,25.4250,19.4877,5949200
2003-08-06,25.3500,25.3550,23.7550,24.3950,18.6982,19397000
2003-08-07,24.5000,25.0750,24.5000,24.9850,19.1504,8590800
2003-08-08,24.9850,25.5400,24.7900,24.9350,19.1121,5909600
2003-08-11,24.9400,25.7750,24.9400,25.3900,19.4609,6006000
2003-08-12,25.5000,25.6400,25.1600,25.5800,19.6065,4338600
2003-08-13,25.7750,25.8650,25.1650,25.2200,19.3305,4183800
2003-08-14,25.5000,25.7600,25.1750,25.6050,19.6256,3394200
2003-08-15,25.6050,25.6500,25.2500,25.6050,19.6256,1746800
2003-08-18,25.8000,26.2050,25.6250,25.8300,19.7981,3114400
2003-08-19,25.7150,25.9100,25.5400,25.7350,19.7253,2950400
2003-08-20,25.7350,25.7400,25.0800,25.1500,19.2769,5701400
2003-08-21,25.1500,25.3300,24.7450,24.7900,19.0010,6664000
2003-08-22,24.9500,24.9750,24.4100,24.4550,18.7442,5652400
2003-08-25,24.4050,24.4950,24.2750,24.3500,18.6637,4573600
2003-08-26,24.1000,24.6400,23.9750,24.6200,18.8707,7245800
2003-08-27,24.5000,24.6100,24.3250,24.4750,18.7595,3869000
2003-08-28,24.5400,24.9000,24.3550,24.4000,18.7020,4282200
2003-08-29,24.2750,24.7700,24.2700,24.7150,18.9435,3753600
2003-09-02,24.7500,25.0450,24.5500,24.9000,19.0853,4537000
2003-09-03,24.9750,25.1550,24.7000,24.7750,18.9895,6917200
2003-09-04,24.7500,24.9500,24.6350,24.9350,19.1121,4987400
2003-09-05,24.9350,25.0250,24.7150,24.8000,19.0086,4534000
2003-09-08,24.8500,25.4750,24.8250,25.2550,19.3574,4746400
2003-09-09,25.2500,25.4000,25.0600,25.1550,19.2807,3455200
2003-09-10,25.0250,25.4350,24.9500,25.0000,19.1619,2882600
2003-09-11,25.0050,25.2300,24.7400,25.0100,19.1696,3250600
2003-09-12,24.9500,25.2100,24.7700,24.9500,19.1236,6627200
2003-09-15,25.1200,25.1500,24.8000,25.0200,19.1772,3561800
2003-09-16,25.0000,25.1050,24.9000,25.0400,19.1926,3594600
2003-09-17,25.0600,25.4900,24.9600,25.3400,19.4225,4220800
2003-09-18,25.2550,25.4450,25.1950,25.2950,19.3880,6927000
2003-09-19,25.3750,25.4050,24.9700,24.9800,19.1466,5179800
2003-09-22,24.9850,25.0000,24.6000,24.8500,19.0470,5354600
2003-09-23,25.0000,25.0200,24.6750,24.7800,18.9933,4412600
2003-09-24,24.7000,24.8000,24.5200,24.5250,18.7978,4239400
2003-09-25,24.5000,24.5450,23.9500,24.0000,18.3954,5348400
2003-09-26,24.0250,24.2650,24.0000,24.1650,18.5219,5627000
2003-09-29,24.2600,24.4900,24.0900,24.3900,18.6944,5646400
2003-09-30,24.4750,25.2600,24.4000,25.1600,19.2846,7696800
2003-10-01,25.1600,25.9250,24.7500,25.8800,19.8364,8299600
2003-10-02,25.8800,26.3400,25.6850,26.1250,20.0242,6571600
2003-10-03,26.4750,26.5400,26.3000,26.3000,20.1583,5902600
2003-10-06,26.3000,26.3500,25.5950,25.7500,19.7368,4800000
2003-10-07,25.5000,25.8750,25.5000,25.8250,19.7943,4290400
2003-10-08,25.8250,25.9500,25.5900,25.6250,19.6410,3131000
2003-10-09,25.9500,26.0000,25.6650,25.7900,19.7674,3717000
2003-10-10,25.7900,26.1450,25.7900,26.0850,19.9935,2811000
2003-10-13,26.3750,26.6350,26.2950,26.4750,20.2925,4213000
2003-10-14,26.4750,26.4750,26.0500,26.2250,20.1009,3228400
2003-10-15,26.1100,26.3650,25.6500,25.6650,19.6716,5604600
2003-10-16,26.2750,27.0000,26.2000,26.6900,20.4573,8438000
2003-10-17,26.9000,27.0550,26.8000,26.9950,20.6910,5051600
2003-10-20,27.2000,27.5050,27.0950,27.4500,21.0398,6224000
2003-10-21,27.4500,27.8200,26.9000,27.7750,21.2889,5840400
2003-10-22,27.7750,27.7750,27.3500,27.5000,21.0781,2948000
2003-10-23,27.3000,27.4000,26.9450,26.9900,20.6872,5065800
2003-10-24,26.9900,27.3150,26.6950,27.1250,20.7907,4088800
2003-10-27,26.2500,27.0000,25.5150,26.2000,20.0817,23816200
2003-10-28,26.2500,26.6750,26.0550,26.1750,20.0625,11444600
2003-10-29,26.1750,26.4700,26.0900,26.1350,20.0319,6759400
2003-10-30,26.3500,26.3600,25.3100,25.5250,19.5643,9547600
2003-10-31,25.7750,25.9700,25.4100,25.4400,19.4992,8392000
2003-11-03,25.6500,25.6900,25.1550,25.2100,19.3229,8052800
2003-11-04,25.2100,25.4400,24.7500,24.8400,19.0393,9676400
2003-11-05,24.7400,25.0650,24.6250,25.0000,19.1619,6968000
2003-11-06,25.0000,25.0250,24.4150,24.5500,18.8170,7779600
2003-11-07,24.5550,24.5550,23.7900,23.9250,18.3380,13116400
2003-11-10,23.8850,24.2500,23.8850,24.1200,18.4874,7621400
2003-11-11,24.1200,24.5300,24.0900,24.4600,18.7480,5906800
2003-11-12,24.0500,24.8750,24.0500,24.8200,19.0240,6597800
2003-11-13,24.8200,25.0050,24.7050,24.9500,19.1236,5786200
2003-11-14,24.9500,25.1250,24.7250,24.8400,19.0393,4433200
2003-11-17,24.8400,24.9900,24.4150,24.9250,19.1044,4000200
2003-11-18,24.9500,25.0050,24.5000,24.5500,18.8170,4141400
2003-11-19,24.9500,25.8950,24.7500,25.7900,19.7674,12004800
2003-11-20,25.7000,25.7700,25.2950,25.4000,19.4685,5793000
2003-11-21,25.7750,25.8750,25.2900,25.8600,19.8211,7094400
2003-11-24,25.9750,26.4100,25.9450,26.4000,20.2350,5820400
2003-11-25,26.4000,26.9750,26.0750,26.9150,20.6297,6366400
2003-11-26,26.9500,26.9550,26.6250,26.8850,20.6067,4981400
2003-11-28,26.8850,27.4500,26.7000,26.9500,20.6566,2435200
2003-12-01,27.0250,27.3400,26.9500,27.3250,20.9440,4232600
2003-12-02,27.3250,27.4950,27.1100,27.4600,21.0475,5649400
2003-12-03,27.5000,27.5700,27.0550,27.2500,20.8865,4901200
2003-12-04,27.2500,27.2750,26.7950,27.0900,20.7639,4582000
2003-12-05,27.0700,27.0700,26.5400,26.6800,20.4496,4418000
2003-12-08,26.6800,26.9350,26.5250,26.8800,20.6029,3248600
2003-12-09,26.9750,27.0200,26.6350,26.7000,20.4649,3681400
2003-12-10,26.6250,26.6500,26.2750,26.6150,20.3998,3880400
2003-12-11,26.7400,27.1450,26.7050,26.8750,20.5991,4780000
2003-12-12,27.0250,27.2550,26.8800,27.2350,20.8750,3349800
2003-12-15,27.5000,27.5600,27.1900,27.2400,20.8788,4600600
2003-12-16,27.2400,27.4550,27.1650,27.4350,21.0283,4246600
2003-12-17,27.4400,27.9900,27.3950,27.9600,21.4307,7271600
2003-12-18,27.9600,28.2700,27.9350,28.1450,21.5725,5528600
2003-12-19,28.1750,28.2250,27.7550,28.0250,21.4805,6463200
2003-12-22,28.1500,28.2900,27.9050,28.2100,21.6223,4738400
2003-12-23,28.1500,28.2150,27.9200,28.0100,21.4690,3728400
2003-12-24,28.0100,28.2200,27.8200,28.1050,21.5418,1288800
2003-12-26,28.1750,28.3500,28.1150,28.2500,21.6530,1457400
2003-12-29,28.3500,29.1250,28.2500,29.0500,22.2662,5714000
2003-12-30,29.0500,29.0500,28.6400,28.9050,22.1550,3737800
2003-12-31,29.1500,29.3350,28.9700,29.0900,22.2968,5115200
2004-01-02,29.5250,29.6600,29.2100,29.5200,22.6264,6243600
2004-01-05,28.5000,29.3750,27.7250,28.1000,21.5380,16714000
2004-01-06,28.1250,28.5950,28.0800,28.3900,21.7603,8181800
2004-01-07,28.6500,28.6650,28.2000,28.6550,21.9634,5916400
2004-01-08,28.6550,28.9750,28.6550,28.7150,22.0094,5619200
2004-01-09,28.7150,28.7250,28.2250,28.4550,21.8101,4552400
2004-01-12,28.5750,28.6550,28.2250,28.3500,21.7296,4224400
2004-01-13,28.5000,28.5300,28.0900,28.2550,21.6568,5563000
2004-01-14,28.4750,28.9900,28.3500,28.9900,22.2202,5012800
2004-01-15,28.9500,29.3200,28.5300,29.1500,22.3428,6498800
2004-01-16,29.3000,29.4000,28.9650,29.3300,22.4808,4826200
2004-01-20,29.3750,29.6000,29.1000,29.2850,22.4463,4150800
2004-01-21,29.3000,29.3500,29.0000,29.2200,22.3965,4043400
2004-01-22,29.8500,30.4050,29.7000,30.3350,23.2511,9719200
2004-01-23,30.3350,30.3350,29.3800,29.8350,22.8678,5273200
2004-01-26,29.8350,30.0000,29.4700,29.9500,22.9560,3292600
2004-01-27,29.9850,29.9950,29.5950,29.7300,22.7874,3593000
2004-01-28,29.7500,29.9750,29.6300,29.7100,22.7720,4438400
2004-01-29,29.9500,30.5000,29.6650,30.4550,23.3430,6065400
2004-01-30,30.4000,30.4850,30.1200,30.4400,23.3316,4653400
2004-02-02,30.4050,30.4650,29.8350,30.0100,23.0020,8136800
2004-02-03,30.0250,30.1100,29.7000,30.0450,23.0288,4115000
2004-02-04,30.0450,30.1300,29.8850,30.0350,23.0211,3396800
2004-02-05,29.6250,29.6950,29.0600,29.5600,22.6571,5426600
2004-02-06,29.4000,29.8750,29.1750,29.8100,22.8487,3985600
2004-02-09,29.8750,29.9600,29.5750,29.7750,22.8218,3283400
2004-02-10,29.7100,30.1000,29.7050,30.0000,22.9943,11177200
2004-02-11,30.0000,30.0000,29.1950,29.7000,22.7644,10029200
2004-02-12,29.8500,29.9800,29.5700,29.6000,22.6877,8163000
2004-02-13,29.6750,29.9950,29.5500,29.8350,22.8678,6720000
2004-02-17,30.0000,30.3600,29.8500,30.2500,23.1859,4619800
2004-02-18,30.3500,30.5100,30.1000,30.1500,23.1093,6803200
2004-02-19,30.4750,30.9000,30.3650,30.5250,23.3967,6757200
2004-02-20,30.6750,30.8600,30.1800,30.5200,23.3929,5626600
2004-02-23,30.6500,30.7200,30.4000,30.6050,23.4580,4608600
2004-02-24,30.5750,30.9900,30.5700,30.9600,23.7301,5143400
2004-02-25,30.9250,31.1150,30.7000,30.9400,23.7148,5036600
2004-02-26,30.8250,31.1450,30.2500,30.9900,23.7531,6991400
2004-02-27,31.0000,31.1500,30.8700,31.0000,23.7608,4890400
2004-03-01,31.0000,31.1800,30.7300,30.8200,23.6228,5242000
2004-03-02,30.8350,30.9750,30.5500,30.6400,23.4849,5216000
2004-03-03,30.7250,31.1700,30.7250,31.1600,23.8834,7821800
2004-03-04,31.2250,31.2500,30.9250,31.2500,23.9524,5388400
2004-03-05,30.9750,31.7400,30.9650,31.5850,24.2092,6338600
2004-03-08,31.5900,31.5900,31.2000,31.2250,23.9332,4818400
2004-03-09,30.9250,30.9500,30.6000,30.7050,23.5347,5029400
2004-03-10,30.8400,30.9750,30.6600,30.8100,23.6152,5235000
2004-03-11,30.8100,30.8800,30.3000,30.3050,23.2281,4574600
2004-03-12,30.5550,31.0000,30.4000,30.9100,23.6918,4629800
2004-03-15,30.7250,31.2250,30.7250,31.0600,23.8068,3550200
2004-03-16,31.2500,31.6950,31.1850,31.4550,24.1095,5380600
2004-03-17,31.1750,31.8500,31.1600,31.6700,24.2743,3813200
2004-03-18,31.6700,32.1000,31.6600,32.0400,24.5579,4089600
2004-03-19,31.7750,31.9200,31.6050,31.7350,24.3241,5538200
2004-03-22,31.7350,31.8750,31.3300,31.4750,24.1249,4611000
2004-03-23,31.5000,32.0700,31.0550,31.8500,24.4123,4958400
2004-03-24,31.8000,31.8000,30.8600,30.9950,23.7570,6591600
2004-03-25,31.2250,31.3750,30.7200,31.1450,23.8719,4577800
2004-03-26,31.1000,31.2250,30.9450,31.0350,23.7876,3785800
2004-03-29,31.4250,31.7100,31.3050,31.6250,24.2398,4554400
2004-03-30,32.0850,32.0850,31.5500,31.8200,24.4009,3783800
2004-03-31,31.9350,32.2500,31.7400,32.2200,24.7076,3800000
2004-04-01,32.1750,32.5000,32.1600,32.4850,24.9108,4411800
2004-04-02,32.5250,32.8700,32.3500,32.5600,24.9683,4385000
2004-04-05,32.8750,33.5000,32.8100,33.5000,25.6892,5603400
2004-04-06,33.3750,33.6150,33.2500,33.5900,25.7582,4191000
2004-04-07,33.5000,33.5050,33.0900,33.4300,25.6355,3334200
2004-04-08,33.4950,33.6050,33.0350,33.2500,25.4975,2611600
2004-04-12,33.4750,34.1050,33.3800,34.0400,26.1033,3295200
2004-04-13,34.2500,34.2500,33.5650,33.6950,25.8387,5088600
2004-04-14,33.7000,34.1250,32.9100,33.4500,25.6508,5099000
2004-04-15,32.3000,32.6000,30.8650,31.9750,24.5197,22416800
2004-04-16,32.0000,32.9250,31.6250,32.7050,25.0795,9732400
2004-04-19,32.6200,32.8650,32.5300,32.5300,24.9453,7295400
2004-04-20,32.4050,32.4650,31.6500,31.7500,24.3472,6904400
2004-04-21,31.8750,32.5200,31.8200,32.3850,24.8341,6768400
2004-04-22,32.2100,33.1700,32.2100,33.1050,25.3863,6527400
2004-04-23,33.0000,33.0850,32.8250,32.9750,25.2866,2523800
2004-04-26,32.9800,33.0450,31.8050,31.9500,24.5006,9575400
2004-04-27,32.3000,32.5900,31.8050,32.2600,24.7383,24536600
2004-04-28,32.2600,32.2800,31.5500,31.6750,24.2897,7985400
2004-04-29,31.6750,31.7350,31.1000,31.1400,23.8794,6735600
2004-04-30,31.1400,31.2300,30.5000,30.7400,23.5727,8378400
2004-05-03,30.7500,31.2550,30.3700,31.2300,23.9484,7755200
2004-05-04,30.9250,31.0250,30.7100,30.7500,23.5803,7168200
2004-05-05,30.8250,31.3100,30.7550,31.2700,23.9791,6424400
2004-05-06,31.0450,31.1650,30.4950,30.8500,23.6570,6344200
2004-05-07,30.6450,31.0500,30.2300,30.2650,23.2084,6557200
2004-05-10,30.2650,30.2650,29.3050,30.1700,23.1356,8979600
2004-05-11,30.1700,30.7000,30.1350,30.6650,23.5152,7510800
2004-05-12,30.5100,31.0750,30.4400,30.9400,23.7261,6470400
2004-05-13,30.9000,31.3350,30.8550,31.1550,23.8909,5878200
2004-05-14,31.1000,31.5300,30.7850,31.2600,23.9714,5716400
2004-05-17,31.0000,31.5200,30.7550,31.3000,24.0021,5237600
2004-05-18,31.3600,31.7350,31.3100,31.4800,24.1401,5195400
2004-05-19,31.5250,31.9800,31.3500,31.5750,24.2130,7940400
2004-05-20,31.5250,31.5300,30.9050,31.3200,24.0175,7510600
2004-05-21,31.3750,31.7750,31.2400,31.6000,24.2322,7680200
2004-05-24,31.6000,32.0650,31.5350,31.8600,24.4315,6141800
2004-05-25,31.8100,31.9450,31.5450,31.8100,24.3932,5592400
2004-05-26,31.8100,31.9850,31.2500,31.5050,24.1593,9423800
2004-05-27,31.5400,32.2200,31.4950,32.2150,24.7038,11126800
2004-05-28,32.1950,32.6600,32.1000,32.6250,25.0182,7110800
2004-06-01,32.7500,33.0000,32.3450,32.7000,25.0757,7209000
2004-06-02,32.8200,32.9300,32.4000,32.8400,25.1830,5960600
2004-06-03,32.9500,32.9750,32.5850,32.7900,25.1447,7407400
2004-06-04,32.8000,32.8450,32.3650,32.4750,24.9031,5353400
2004-06-07,32.5000,32.8950,32.4400,32.7600,25.1217,3784600
2004-06-08,32.2000,32.6000,32.0300,32.5300,24.9453,6408600
2004-06-09,32.5000,32.7350,32.3100,32.3250,24.7881,4101200
2004-06-10,32.4750,32.5350,31.8450,31.9300,24.4852,5122600
2004-06-14,31.7500,32.0650,31.5500,31.7750,24.3664,4372800
2004-06-15,31.8750,32.0450,31.6050,31.8600,24.4315,4098400
2004-06-16,31.9000,32.1250,31.7700,31.9000,24.4622,3614000
2004-06-17,31.9250,32.1050,31.8050,31.8750,24.4431,4181000
2004-06-18,31.8800,32.0900,31.8100,32.0000,24.5389,4981000
2004-06-21,32.0000,32.0000,31.0200,31.1150,23.8602,9431600
2004-06-22,31.1150,31.2200,30.5800,30.7000,23.5420,7446000
2004-06-23,30.7150,30.8500,30.3750,30.7300,23.5650,6658600
2004-06-24,30.7350,30.9500,30.4350,30.6500,23.5037,6023400
2004-06-25,30.8000,31.1500,30.7250,30.8650,23.6685,5434800
2004-06-28,30.9100,31.0750,30.1500,30.3750,23.2928,6539200
2004-06-29,30.5000,30.9450,30.5000,30.7050,23.5458,4138400
2004-06-30,30.8500,31.1450,30.7150,31.1250,23.8679,4474600
2004-07-01,30.6500,31.0550,30.5000,30.9000,23.6954,5915400
2004-07-02,30.6650,30.7100,30.3300,30.4750,23.3695,3731400
2004-07-06,30.3500,30.3850,29.6700,30.0400,23.0359,7073200
2004-07-07,30.0750,30.7350,30.0250,30.6350,23.4922,4909200
2004-07-08,30.6200,30.8050,30.1300,30.1650,23.1317,4545800
2004-07-09,30.2000,30.5000,29.8750,30.1250,23.1011,6050800
2004-07-12,30.2500,30.4300,29.9050,30.2700,23.2123,4823600
2004-07-13,30.6250,31.1600,30.6050,30.9950,23.7682,6332400
2004-07-14,31.1500,31.4350,30.8700,30.9500,23.7337,6228600
2004-07-15,30.9550,32.8900,30.9550,32.8550,25.1945,15104200
2004-07-16,33.0000,33.0350,32.6300,32.8200,25.1677,9925000
2004-07-19,32.7500,32.8850,32.1700,32.6650,25.0488,6634400
2004-07-20,32.8000,32.9700,32.4350,32.9700,25.2827,5850600
2004-07-21,33.0500,33.0500,32.1550,32.1550,24.6578,5563000
2004-07-22,31.8900,32.1850,31.4000,31.9700,24.5159,6478200
2004-07-23,31.8450,31.8500,31.1000,31.4500,24.1171,7330400
2004-07-26,31.3100,31.9550,31.3100,31.8450,24.4200,7167400
2004-07-27,31.8500,31.8550,30.0350,30.7500,23.5803,16582800
2004-07-28,31.0000,31.1000,30.3100,30.9000,23.6954,7769600
2004-07-29,31.3700,32.5850,31.2500,32.0050,24.5427,31397000
2004-07-30,31.7200,31.9350,31.0750,31.4500,24.1171,12278400
2004-08-02,31.0550,31.6100,31.0250,31.5250,24.1747,6589800
2004-08-03,31.5000,31.5950,31.1250,31.1550,23.8909,6757400
2004-08-04,31.2250,31.4850,30.9400,31.1750,23.9063,5282600
2004-08-05,31.2000,31.4750,30.9800,30.9800,23.7567,4996400
2004-08-06,30.4500,30.8900,30.3550,30.6750,23.5228,6629200
2004-08-09,30.7500,30.8500,30.6050,30.6850,23.5305,4370000
2004-08-10,30.9500,31.5350,30.9500,31.5350,24.1823,6317400
2004-08-11,31.2250,32.1850,31.1900,32.1000,24.6156,6553000
2004-08-12,31.9000,32.2200,31.7750,32.1350,24.6424,5930200
2004-08-13,32.1650,32.5000,32.1650,32.4500,24.8840,6019600
2004-08-16,32.3600,32.6650,32.1500,32.6100,25.0067,3798400
2004-08-17,32.4900,32.6100,32.2250,32.5000,24.9223,5296000
2004-08-18,32.4200,32.7200,32.3250,32.5350,24.9492,3572400
2004-08-19,32.5000,32.5300,32.0550,32.4500,24.8840,3655400
2004-08-20,32.4500,32.8300,32.4450,32.7850,25.1409,2773200
2004-08-23,32.6850,32.9250,32.3400,32.4800,24.9070,3346200
2004-08-24,32.5000,32.8350,32.3750,32.4900,24.9146,3101200
2004-08-25,32.4900,32.6300,32.2900,32.5850,24.9875,3121400
2004-08-26,32.5850,32.7700,32.4500,32.6500,25.0373,2476000
2004-08-27,32.6500,32.9300,32.6250,32.8200,25.1677,2054200
2004-08-30,32.7000,32.9250,32.5500,32.5800,24.9837,2512400
2004-08-31,32.7250,33.0800,32.6250,33.0650,25.3556,4267400
2004-09-01,32.9900,33.4350,32.9650,33.3350,25.5626,3915000
2004-09-02,33.2100,33.7500,32.9250,33.6750,25.8234,3614600
2004-09-03,33.5000,33.8350,33.4700,33.5200,25.7045,3393800
2004-09-07,33.5200,34.1200,33.5200,34.0900,26.1416,5462800
2004-09-08,34.2100,34.5250,34.1700,34.3000,26.3026,6229200
2004-09-09,34.3000,34.4450,34.2100,34.2950,26.2988,4603200
2004-09-10,34.1950,34.4950,34.0450,34.4350,26.4062,2878000
2004-09-13,34.5000,34.8250,34.4150,34.5050,26.4598,4433200
2004-09-14,34.6950,34.9750,34.3550,34.9700,26.8164,5230200
2004-09-15,34.7250,35.2700,34.6700,35.1400,26.9468,7341000
2004-09-16,35.1400,35.1500,34.8050,34.8900,26.7551,3947200
2004-09-17,34.5400,34.9800,34.4000,34.9100,26.7704,5174400
2004-09-20,33.5850,35.0000,33.5850,34.8750,26.7436,2920600
2004-09-21,35.0750,35.5100,34.8550,35.2550,27.0350,4668200
2004-09-22,35.2600,35.3700,34.9250,35.1500,26.9544,4616600
2004-09-23,35.3400,35.3400,34.7500,35.0450,26.8739,4094400
2004-09-24,34.9950,35.8900,34.9650,35.6650,27.3494,4486400
2004-09-27,35.6650,36.3250,35.4400,36.2900,27.8286,6643600
2004-09-28,36.2950,37.3750,36.1800,36.8350,28.2466,8995000
2004-09-29,36.8350,36.8350,35.9750,36.1100,27.6906,11144000
2004-09-30,36.4200,37.1000,36.2750,36.8700,28.2734,8119600
2004-10-01,37.0500,37.3750,36.6050,36.8800,28.2811,7091400
2004-10-04,36.8800,37.2300,36.6100,36.6100,28.0740,5804800
2004-10-05,36.6150,37.2750,36.5400,36.9050,28.3003,5189200
2004-10-06,36.9100,37.3350,36.9050,37.3000,28.6032,3495600
2004-10-07,37.3000,37.5950,37.1400,37.4450,28.7143,6549400
2004-10-08,37.4500,37.4950,36.3150,36.7000,28.1430,8382600
2004-10-11,36.7750,37.0000,36.5250,36.6250,28.0855,3205800
2004-10-12,36.6300,36.6300,36.1050,36.2900,27.8286,6306400
2004-10-13,36.4600,36.4650,35.8000,36.0050,27.6101,7235600
2004-10-14,37.1000,37.4400,36.3250,36.3300,27.8593,12697200
2004-10-15,36.3250,36.8650,35.4450,36.6750,28.1239,12027400
2004-10-18,36.5250,36.8350,36.4150,36.6750,28.1239,6348000
2004-10-19,36.2950,36.2950,32.3050,33.2500,25.4975,43429800
2004-10-20,33.2750,35.7150,32.9050,34.9300,26.7857,21949800
2004-10-21,34.8050,35.1250,33.5100,34.1250,26.1684,15085200
2004-10-22,34.1050,35.1250,34.1050,34.9300,26.7857,10189800
2004-10-25,34.6750,35.0000,34.2350,34.6000,26.5327,6794200
2004-10-26,35.0850,35.6150,35.0850,35.5050,27.2267,10955200
2004-10-27,35.7400,36.6100,35.5000,36.4000,27.9130,7764400
2004-10-28,36.4750,36.5850,35.7400,36.3250,27.8555,8391400
2004-10-29,36.2250,36.3750,35.9500,36.2000,27.7596,6300200
2004-11-01,36.1000,36.2600,35.7900,36.1100,27.6906,7565400
2004-11-02,36.2500,36.7650,35.9500,35.9650,27.5794,8684200
2004-11-03,37.3750,38.3800,37.3750,37.7650,28.9597,11935400
2004-11-04,37.7500,38.9500,37.6250,38.8750,29.8109,11276200
2004-11-05,39.0250,39.8350,39.0150,39.7400,30.4742,7749200
2004-11-08,39.5500,39.9300,39.4900,39.7300,30.4666,4736400
2004-11-09,40.1250,40.3550,39.6150,39.6550,30.4091,9697200
2004-11-10,39.7250,40.7400,39.6150,40.4800,31.0417,7204200
2004-11-11,40.4800,41.1000,40.2250,40.8500,31.3254,6447000
2004-11-12,40.8500,40.8500,39.8000,40.7500,31.2487,9760200
2004-11-15,40.6750,40.9100,40.4100,40.8300,31.3101,6983200
2004-11-16,40.7700,40.8700,40.1100,40.3850,30.9689,4560400
2004-11-17,41.4900,41.4900,40.3100,40.6450,31.1682,3888400
2004-11-18,40.9250,41.4000,40.7750,41.2650,31.6437,4480800
2004-11-19,41.4750,41.5750,40.3950,40.8600,31.3331,4417600
2004-11-22,40.5500,41.1100,40.3500,40.9900,31.4328,4220000
2004-11-23,40.8750,41.3500,40.5900,41.2550,31.6360,4670800
2004-11-24,41.2550,41.4000,40.9750,41.1300,31.5402,2930000
2004-11-26,41.2000,42.1050,41.2000,41.9400,32.1613,1899600
2004-11-29,42.0400,42.1750,41.4150,41.4900,31.8162,5391800
2004-11-30,41.4900,41.6300,41.1000,41.4250,31.7664,10285800
2004-12-01,41.0000,41.4800,40.7600,41.0700,31.4941,10310000
2004-12-02,41.0250,41.1350,40.7700,40.9250,31.3830,5520000
2004-12-03,40.9400,41.4450,40.9150,41.1550,31.5593,5222800
2004-12-06,40.5250,40.7350,39.9300,40.6150,31.1452,7039600
2004-12-07,40.4250,40.5500,39.6300,39.8500,30.5586,9265400
2004-12-08,39.9900,41.3000,39.9650,41.2700,31.6475,6558800
2004-12-09,41.1750,42.4100,40.9100,42.3750,32.4949,7172600
2004-12-10,42.2750,42.4750,41.8050,42.3850,32.5025,5186000
2004-12-13,42.4850,43.5350,42.3350,42.8650,32.8706,12231200
2004-12-14,42.8700,43.7700,42.7050,43.4500,33.3192,7446600
2004-12-15,43.4500,43.4700,42.7450,43.1150,33.0623,4992200
2004-12-16,43.3000,43.3500,42.7050,43.0250,32.9933,6913400
2004-12-17,42.6650,43.3000,42.5250,42.6800,32.7288,7738800
2004-12-20,42.9000,43.2400,42.2650,42.3750,32.4949,5266200
2004-12-21,42.7000,42.9500,42.3900,42.6100,32.6751,4816000
2004-12-22,42.9500,42.9500,42.5250,42.7400,32.7748,4714800
2004-12-23,42.7150,42.9000,42.5000,42.5000,32.5907,2610400
2004-12-27,42.8000,43.1500,42.6450,42.8350,32.8476,2981600
2004-12-28,42.9850,43.5650,42.7700,43.4900,33.3499,3184400
2004-12-29,43.2750,43.8300,43.1800,43.6750,33.4918,3312000
2004-12-30,43.7000,44.1000,43.6250,43.9250,33.6835,3060400
2004-12-31,43.9250,44.3800,43.8500,44.0150,33.7525,3056800
2005-01-03,43.6000,43.8700,43.2400,43.3100,33.2119,6252600
2005-01-04,43.3000,43.5850,42.6250,42.8650,32.8706,5582000
2005-01-05,42.8750,43.5450,42.7900,43.0150,32.9856,4577600
2005-01-06,43.1000,44.0500,43.1000,43.9650,33.7141,4837600
2005-01-07,43.9500,44.3600,43.3000,43.6150,33.4457,6653200
2005-01-10,43.6000,44.2500,43.5750,43.8000,33.5876,5375200
2005-01-11,43.7750,43.9700,43.5550,43.7550,33.5531,4238600
2005-01-12,44.0000,44.2500,43.7900,44.0450,33.7755,4137400
2005-01-13,44.2600,44.8650,44.0800,44.2000,33.8944,6493400
2005-01-14,44.2000,44.8450,44.1600,44.7800,34.3391,4235600
2005-01-18,44.4500,44.6300,44.0500,44.4000,34.0477,5881800
2005-01-19,44.4000,44.4750,43.8000,44.1400,33.8483,4284600
2005-01-20,44.9250,44.9700,42.7350,43.3150,33.2157,13230600
2005-01-21,43.3200,44.5900,43.3200,44.4250,34.0669,9431400
2005-01-24,44.9000,44.9250,44.0050,44.1250,33.8368,6587800
2005-01-25,44.1250,44.7300,43.7900,43.8750,33.6452,4913600
2005-01-26,44.0250,44.3150,43.7700,43.9000,33.6643,4652600
2005-01-27,43.4000,44.3500,43.4000,44.2300,33.9174,5150800
2005-01-28,44.1250,44.2250,43.7300,44.0750,33.7985,3807600
2005-01-31,44.2000,44.5850,44.1700,44.4500,34.0861,4454400
2005-02-01,44.4750,45.5000,44.4050,45.3400,34.7685,6627400
2005-02-02,45.1500,45.3000,44.7450,45.0000,34.5078,5495000
2005-02-03,45.0000,45.4850,44.8300,45.2800,34.7226,4504400
2005-02-04,45.0250,45.9000,45.0250,45.8850,35.1865,4584800
2005-02-07,45.4400,45.4400,44.3750,44.4650,34.0976,9093200
2005-02-08,44.8750,44.9000,44.2100,44.4350,34.0746,6125600
2005-02-09,44.7000,44.8200,43.4500,43.5900,33.4266,5712600
2005-02-10,44.1250,44.2600,43.6500,44.0150,33.7525,5493400
2005-02-11,44.0500,44.4400,43.7350,43.8750,33.6452,5457600
2005-02-14,43.8800,44.7400,43.7550,44.4750,34.1052,4230800
2005-02-15,44.6500,45.1300,44.6150,45.1000,34.5845,5515600
2005-02-16,44.8900,45.0650,44.5800,44.9350,34.4580,3695200
2005-02-17,44.8100,44.9300,44.3700,44.5100,34.1321,4055600
2005-02-18,44.5500,44.6250,44.3750,44.5250,34.1436,3898600
2005-02-22,44.0150,44.2000,43.3250,43.4500,33.3192,7393400
2005-02-23,43.4500,44.4200,43.4500,44.1750,33.8752,4139200
2005-02-24,44.1800,44.6500,43.8100,44.6500,34.2394,4709200
2005-02-25,44.8000,45.7450,44.7250,45.6950,35.0408,5175200
2005-02-28,45.4600,45.9450,45.2000,45.5800,34.9526,4779200
2005-03-01,45.3450,45.6250,45.1200,45.4100,34.8222,3699800
2005-03-02,45.1050,46.3300,45.0850,45.7250,35.0638,4695800
2005-03-03,45.7750,45.9600,45.4250,45.8200,35.1366,4119400
2005-03-04,46.1000,46.8250,45.9600,46.6450,35.7693,3647600
2005-03-07,46.5200,46.7850,45.5250,45.6000,34.9679,5007800
2005-03-08,45.5950,45.7350,45.1300,45.1750,34.6420,5869600
2005-03-09,45.0750,45.3850,44.6000,45.1250,34.6037,4079400
2005-03-10,45.2250,45.9250,45.2250,45.7100,35.0523,4433000
2005-03-11,46.0000,46.1650,45.0600,45.1400,34.6152,4051400
2005-03-14,45.1400,45.7000,44.9400,45.2350,34.6880,3561000
2005-03-15,45.5000,45.6200,44.9800,45.0400,34.5385,5361200
2005-03-16,45.0050,45.1000,44.7000,45.0400,34.5385,4420000
2005-03-17,45.3250,45.9300,44.8100,45.5500,34.9296,5190800
2005-03-18,45.6750,45.8800,45.1650,45.6250,34.9871,6771200
2005-03-21,45.9750,45.9900,45.3600,45.8150,35.1328,4991000
2005-03-22,45.9400,46.7000,45.9400,46.0250,35.2939,5078200
2005-03-23,45.7500,46.4000,45.5500,46.1900,35.4204,5375600
2005-03-24,46.1900,46.7300,46.0850,46.4250,35.6006,4111200
2005-03-28,46.6500,46.8750,46.2700,46.5600,35.7041,5015000
2005-03-29,46.7750,46.8050,46.4000,46.5500,35.6964,5135600
2005-03-30,46.8150,47.8950,46.4500,47.8550,36.7090,6992600
2005-03-31,47.7800,48.3250,47.6450,47.6900,36.5824,7575800
2005-04-01,47.8750,48.1250,47.2750,47.9150,36.7550,6994800
2005-04-04,47.7700,48.3700,47.6400,48.2500,37.0120,7468400
2005-04-05,48.2500,48.9650,48.2050,48.9650,37.5604,6652400
2005-04-06,48.9650,49.4550,48.8500,49.0200,37.6026,5697400
2005-04-07,49.2400,49.8750,49.0000,49.5400,38.0015,5129200
2005-04-08,49.8000,49.8250,48.9900,49.2000,37.7407,5506200
2005-04-11,49.1900,49.3950,48.5550,48.6050,37.2843,6149400
2005-04-12,48.6100,48.7200,47.6750,48.6000,37.2805,7787200
2005-04-13,48.6500,48.9500,47.0000,47.9800,36.8049,8299600
2005-04-14,46.6000,48.0950,46.2500,46.9550,36.0186,14320400
2005-04-15,46.1500,47.4950,46.1200,46.6350,35.7731,10236000
2005-04-18,46.3000,46.7300,44.7750,45.5850,34.9677,11377400
2005-04-19,45.5500,46.6250,45.5000,46.6000,35.7463,9370400
2005-04-20,46.9250,46.9250,45.9000,46.0750,35.3436,6901200
2005-04-21,46.4000,46.6000,45.6500,46.2150,35.4510,6278600
2005-04-22,46.0350,46.0400,45.3350,45.6300,35.0022,5440200
2005-04-25,45.5150,45.5200,44.8250,45.3750,34.8066,9156000
2005-04-26,45.2000,45.6950,44.9950,45.0300,34.5420,5553800
2005-04-27,45.0500,46.4450,44.3000,46.3450,35.5507,8586400
2005-04-28,46.3750,46.4450,45.6750,46.2450,35.4740,6771000
2005-04-29,46.3600,47.3500,46.2500,47.2550,36.2487,7281400
2005-05-02,47.0300,47.6500,47.0300,47.3400,36.3139,5504800
2005-05-03,47.5500,48.4850,47.2600,48.3550,37.0925,9787800
2005-05-04,48.6250,49.2750,48.6000,48.6500,37.3188,8295200
2005-05-05,48.9600,49.0850,48.5000,48.6000,37.2805,5563200
2005-05-06,48.9500,49.4550,48.9100,49.2050,37.7446,6171200
2005-05-09,49.2500,49.5750,48.7500,49.2950,37.8136,5509400
2005-05-10,49.0850,49.4800,48.8150,48.9300,37.5336,5778000
2005-05-11,48.8750,49.1500,48.2800,49.0000,37.5873,5226600
2005-05-12,49.2250,49.4850,49.0000,49.0200,37.6026,5875200
2005-05-13,49.0000,49.0050,46.9050,47.6850,36.5786,8465000
2005-05-16,48.0000,48.4650,47.8800,48.4250,37.1462,3817400
2005-05-17,48.1000,48.7150,47.8500,48.6850,37.3457,4482000
2005-05-18,48.9500,49.0100,47.6450,47.9000,36.7435,14641800
2005-05-19,48.0000,48.3550,47.8600,48.3000,37.0503,8047200
2005-05-20,48.2000,48.3950,48.1750,48.2500,37.0120,5964800
2005-05-23,48.3500,48.8650,48.1900,48.7050,37.3610,6754800
2005-05-24,48.8750,49.0000,48.5050,48.6550,37.3226,5595800
2005-05-25,48.7500,48.8750,48.1850,48.3400,37.0810,3908200
2005-05-26,48.5000,48.7300,48.3850,48.5700,37.2575,3173400
2005-05-27,48.6300,49.0000,48.4200,48.8850,37.4991,3509200
2005-05-31,49.1500,49.4000,48.5000,48.5800,37.2651,4026300
2005-06-01,48.7000,49.5500,48.5100,49.2300,37.7637,4609700
2005-06-02,49.4800,50.6000,49.3400,50.3800,38.6459,7376100
2005-06-03,50.7300,51.3300,50.4900,50.6000,38.8146,5586200
2005-06-06,50.9500,51.0000,50.5500,50.9900,39.1138,4030000
2005-06-07,52.0000,52.1800,50.9900,51.7100,39.6661,7512100
2005-06-08,52.0000,52.1000,50.7000,51.1800,39.2595,6118900
2005-06-09,51.0300,52.0400,50.8000,51.7500,39.6968,4789300
2005-06-10,51.7500,51.7500,50.5100,50.7900,38.9604,4118600
2005-06-13,50.9300,51.3800,50.9000,51.1900,39.2672,3163300
2005-06-14,51.4000,52.1600,51.4000,51.6600,39.6277,4838900
2005-06-15,52.0800,52.0800,51.0500,51.5700,39.5587,4267500
2005-06-16,51.6000,51.8800,51.1600,51.5400,39.5357,3961400
2005-06-17,52.0000,52.0000,51.6100,51.8500,39.7735,5565800
2005-06-20,51.8000,52.0000,49.1400,51.5900,39.5740,4142800
2005-06-21,51.6500,52.5000,51.1000,51.8700,39.7888,4175200
2005-06-22,51.9200,52.0700,51.3700,51.3700,39.4053,4268800
2005-06-23,51.5000,52.0700,51.4700,51.7000,39.6584,4397400
2005-06-24,51.6500,52.0600,51.2900,51.3000,39.3516,5233300
2005-06-27,51.2800,51.6300,51.2000,51.3200,39.3669,3162900
2005-06-28,51.6500,52.8000,51.6000,52.6900,40.4179,4676900
2005-06-29,52.8100,53.6400,52.7900,53.1400,40.7630,5446800
2005-06-30,53.1400,53.6300,52.0100,52.1400,39.9959,6069000
2005-07-01,53.0000,53.0000,52.1900,52.8100,40.5099,3879900
2005-07-05,53.0500,53.6700,52.7500,53.2300,40.8321,4410600
2005-07-06,53.4500,54.5000,52.2500,53.5000,41.0392,13158300
2005-07-07,53.5100,54.5000,53.2500,53.4900,41.0315,10788600
2005-07-08,53.7600,53.7600,53.0500,53.0500,40.6940,7231200
2005-07-11,53.0600,53.3500,52.4300,52.4300,40.2184,6785600
2005-07-12,52.5300,52.9000,51.6600,51.7800,39.7198,6813700
2005-07-13,51.8000,51.9000,50.9000,51.4000,39.4283,7432600
2005-07-14,51.7000,52.0500,50.2500,50.2500,38.5462,11669800
2005-07-15,50.5500,51.5000,50.3600,50.8200,38.9834,8325200
2005-07-18,51.0400,51.2000,50.8100,50.8100,38.9757,5178800
2005-07-19,51.0600,51.0900,49.9500,50.5800,38.7993,6622100
2005-07-20,50.3500,50.5400,49.4500,49.7500,38.1626,7005900
2005-07-21,49.0000,49.7500,47.7500,49.1600,37.7100,13331400
2005-07-22,49.5400,51.0400,49.5100,50.8000,38.9681,8936700
2005-07-25,51.0000,51.3000,50.6100,50.8000,38.9681,6013500
2005-07-26,51.1100,52.3900,51.1100,52.0000,39.8886,8586200
2005-07-27,52.1500,52.5000,51.1100,51.4200,39.4437,6974900
2005-07-28,51.8900,53.2400,51.7600,52.9200,40.5943,7996600
2005-07-29,52.9200,52.9400,52.2000,52.3000,40.1187,6310200
2005-08-01,52.3400,52.9900,52.0300,52.6200,40.3642,5474800
2005-08-02,52.6200,53.0500,52.5200,53.0300,40.6787,5143300
2005-08-03,53.0900,53.2500,52.9000,53.1600,40.7784,4557000
2005-08-04,53.1700,53.3000,52.8200,52.9600,40.6250,4969400
2005-08-05,52.9800,52.9800,51.7500,52.0600,39.9346,6605800
2005-08-08,52.2900,52.2900,51.0500,51.1800,39.2595,4793400
2005-08-09,51.2300,51.8200,51.0200,51.7800,39.7198,5291600
2005-08-10,52.0200,52.4000,51.6100,51.6100,39.5894,3871700
2005-08-11,51.7900,52.5900,51.7700,52.3700,40.1724,3648300
2005-08-12,53.0000,53.3800,51.7300,52.0900,39.9576,2854800
2005-08-15,52.2300,52.2500,51.6200,51.9800,39.8732,2574500
2005-08-16,52.0000,52.2300,51.1000,51.1000,39.1982,3179200
2005-08-17,51.3600,51.6500,51.0700,51.2600,39.3209,3490000
2005-08-18,51.4000,51.7100,51.2500,51.3000,39.3516,2489300
2005-08-19,51.3000,51.7000,51.1800,51.1800,39.2595,3139900
2005-08-22,51.5600,51.7000,51.2000,51.3600,39.3976,2955400
2005-08-23,51.2600,51.6000,51.0500,51.0600,39.1675,3124400
2005-08-24,51.3400,51.4400,50.4600,50.6300,38.8377,3521900
2005-08-25,50.7900,50.8200,50.3000,50.6400,38.8453,3349100
2005-08-26,50.6900,50.9000,50.2300,50.4500,38.6996,3848200
2005-08-29,50.2500,50.8600,50.0900,50.8000,38.9681,2925600
2005-08-30,50.8000,50.8800,50.3800,50.4800,38.7226,4216600
2005-08-31,50.7500,51.5200,50.4000,51.5000,39.5050,4497100
2005-09-01,51.5000,52.3500,51.5000,52.0500,39.9269,5597500
2005-09-02,52.3000,52.8000,52.1900,52.5300,40.2951,3555500
2005-09-06,52.6500,53.2400,52.6000,53.1900,40.8014,4053500
2005-09-07,53.3000,53.5000,53.1100,53.4500,41.0008,3663900
2005-09-08,53.7900,54.0300,53.1500,53.8300,41.2923,5456300
2005-09-09,53.9000,54.8700,53.9000,54.5100,41.8139,5095100
2005-09-12,54.7600,54.7800,54.1000,54.2700,41.6299,4839700
2005-09-13,53.8700,54.1600,53.0000,53.0300,40.6787,5865000
2005-09-14,53.0500,53.2800,52.8200,52.9400,40.6096,4075700
2005-09-15,53.0300,53.8200,53.0300,53.4000,40.9625,4587700
2005-09-16,53.5200,54.0600,53.1900,54.0500,41.4611,6548500
2005-09-19,54.0600,54.1000,53.1500,53.5000,41.0392,2731200
2005-09-20,53.8000,53.8900,52.4100,52.6200,40.3642,4785000
2005-09-21,53.0600,53.3500,52.3200,52.5900,40.3412,5282900
2005-09-22,52.6000,53.8600,52.5900,53.6300,41.1389,5339400
2005-09-23,53.8800,55.4800,53.6400,55.0000,42.1898,12424900
2005-09-26,55.4900,55.8100,55.1000,55.4000,42.4967,5999200
2005-09-27,55.3000,55.9000,55.2600,55.2600,42.3893,5005300
2005-09-28,55.9000,55.9000,54.8600,55.3400,42.4506,5539800
2005-09-29,54.6600,55.9900,54.6600,55.7200,42.7421,4683300
2005-09-30,55.7200,56.6600,55.6700,56.2000,43.1103,6656300
2005-10-03,56.2100,56.9200,56.1500,56.7800,43.5552,5065000
2005-10-04,57.0500,58.0000,56.8800,57.0600,43.7700,6347800
2005-10-05,57.0500,57.6400,56.2000,56.4500,43.3021,5651600
2005-10-06,56.4000,57.0000,55.9500,56.4100,43.2714,4698700
2005-10-07,56.2300,56.5800,56.1400,56.3700,43.2407,3217500
2005-10-10,56.3700,56.7700,55.8800,55.8800,42.8649,3310600
2005-10-11,55.9000,56.2000,55.1200,55.1800,42.3279,4149500
2005-10-12,55.1100,55.6000,54.6900,55.0300,42.2129,4996500
2005-10-13,54.6000,54.8400,54.0200,54.2000,41.5762,6319800
2005-10-14,55.5000,56.7900,55.1400,56.4300,43.2868,8061000
2005-10-17,56.5000,56.5300,55.9300,56.4400,43.2944,4411000
2005-10-18,56.0000,56.8000,56.0000,56.5100,43.3481,4658100
2005-10-19,56.5400,58.2700,56.5300,58.2000,44.6445,5653200
2005-10-20,58.3900,58.4000,57.0800,57.1100,43.8084,5228900
2005-10-21,57.2100,57.8200,56.5100,57.1400,43.8314,6067300
2005-10-24,57.7000,57.8100,57.0400,57.1900,43.8698,4277400
2005-10-25,57.0200,57.0700,55.1600,55.9400,42.9109,7084300
2005-10-26,56.0500,56.5100,53.8400,53.9800,41.4074,9077400
2005-10-27,55.4500,55.5600,54.4200,54.6100,41.8907,5078400
2005-10-28,55.2500,56.7300,55.2500,56.7300,43.5169,8224300
2005-10-31,56.9600,58.1800,56.6100,57.8900,44.4067,6624200
2005-11-01,58.1200,59.4300,58.0000,59.0000,45.2582,10326600
2005-11-02,58.2500,59.8900,58.2500,59.5700,45.6954,8163400
2005-11-03,59.9000,59.9000,57.6400,57.6700,44.2380,13835900
2005-11-04,58.0500,58.4500,57.7500,58.0200,44.5064,8213600
2005-11-07,58.5000,58.7000,58.0100,58.5000,44.8746,3732600
2005-11-08,58.0500,58.2800,57.7800,58.0700,44.5448,3639700
2005-11-09,58.0700,58.3800,57.1000,57.3600,44.0001,5127500
2005-11-10,57.9500,59.3800,57.7500,59.2900,45.4806,7370000
2005-11-11,59.4000,59.7800,59.1000,59.6500,45.7568,3442800
2005-11-14,59.7500,59.7600,59.1300,59.1400,45.3656,3739900
2005-11-15,59.5200,59.8700,59.4200,59.7500,45.8335,4435700
2005-11-16,59.9800,60.5900,59.9000,60.3800,46.3168,5215500
2005-11-17,60.7500,60.9900,60.0500,60.9800,46.7770,4555800
2005-11-18,61.0500,61.6500,60.6500,60.9600,46.7617,4937200
2005-11-21,61.0000,61.2000,60.5500,60.8000,46.6389,5542000
2005-11-22,60.6200,60.8400,60.4000,60.6700,46.5392,3744800
2005-11-23,60.6700,60.7700,60.3500,60.5300,46.4318,3035500
2005-11-25,60.6500,60.7100,60.1600,60.1600,46.1480,1713200
2005-11-28,60.0600,60.1600,58.4000,58.4000,44.7979,6060800
2005-11-29,58.5000,60.3900,58.5000,60.0700,46.0790,6894500
2005-11-30,60.4800,60.6500,59.8000,59.8600,45.9179,5491600
2005-12-01,60.4200,61.5100,60.3600,61.4700,47.1529,5504000
2005-12-02,61.4700,62.1400,61.4700,61.9700,47.5364,3443700
2005-12-05,61.7800,62.4200,61.3600,62.3400,47.8203,4634600
2005-12-06,62.8900,64.1800,61.7500,63.2400,48.5106,5650200
2005-12-07,62.9600,63.0000,62.0500,62.6100,48.0274,5074000
2005-12-08,62.6100,63.0300,62.1700,62.9600,48.2959,3976400
2005-12-09,63.1500,63.9500,62.1500,63.6700,48.8405,2972600
2005-12-12,63.6800,63.7900,62.0100,63.2000,48.4799,4086300
2005-12-13,63.1700,63.6600,62.6100,63.4300,48.6564,5316300
2005-12-14,63.4800,63.7400,62.9400,63.0000,48.3265,3095100
2005-12-15,63.1600,63.4500,62.5400,63.3300,48.5797,4109900
2005-12-16,63.7000,63.9900,63.0300,63.1400,48.4339,4788000
2005-12-19,62.7500,63.1500,61.0300,61.8500,47.4444,12231700
2005-12-20,61.8500,63.8100,61.8000,63.0600,48.3725,7769200
2005-12-21,63.8800,64.5000,63.4200,63.7900,48.9325,13802700
2005-12-22,63.8300,64.1200,63.2700,63.7500,48.9018,8951700
2005-12-23,63.9500,64.1000,63.3000,63.6500,48.8251,3908300
2005-12-27,64.6000,64.6100,63.2100,63.6000,48.7868,4856800
2005-12-28,63.5000,63.8500,63.2500,63.4500,48.6717,3890200
2005-12-29,63.4300,63.4500,62.7500,62.9000,48.2498,3556600
2005-12-30,62.5200,62.7500,62.1300,62.1400,47.6668,3388100
2006-01-03,62.6000,62.6000,60.6000,61.7300,47.3523,8070500
2006-01-04,61.8900,62.2000,61.6000,61.8800,47.4674,5585200
2006-01-05,62.2300,62.8800,61.4900,61.6900,47.3216,5624200
2006-01-06,62.7500,62.9300,62.0300,62.9000,48.2498,5577600
2006-01-09,62.9000,62.9000,61.2600,61.4000,47.0992,8828900
2006-01-10,61.4500,62.7700,61.4400,62.6100,48.0274,6237800
2006-01-11,62.6000,62.7000,61.6200,61.8500,47.4444,5515800
2006-01-12,61.9000,62.9100,61.7400,62.5300,47.9660,5374100
2006-01-13,61.3400,61.3400,59.7100,60.9400,46.7463,11002500
2006-01-17,60.2000,61.0000,59.9800,61.0000,46.7924,6332500
2006-01-18,61.0000,61.7600,60.5800,61.0600,46.8384,7104900
2006-01-19,61.3100,62.1000,59.2900,61.4700,47.1529,13389600
2006-01-20,61.4000,61.4000,59.3900,59.4800,45.6264,10087400
2006-01-23,59.5100,59.8300,57.7200,57.9900,44.4834,9610500
2006-01-24,58.0500,58.7000,58.0500,58.3100,44.7289,8250200
2006-01-25,58.7300,58.8800,57.4500,57.9800,44.4757,6529400
2006-01-26,57.9900,58.5200,57.1200,57.8900,44.4067,9949700
2006-01-27,58.2400,58.7800,58.0100,58.5400,44.9053,6418600
2006-01-30,58.4000,58.7000,57.6500,57.7700,44.3147,6738800
2006-01-31,58.1700,59.9500,58.0100,59.4200,45.5803,10652700
2006-02-01,59.3000,59.7500,59.0500,59.5000,45.6417,7522900
2006-02-02,59.7300,59.7400,58.7500,59.3600,45.5343,6235200
2006-02-03,59.3600,59.8900,59.0900,59.6200,45.7338,5392400
2006-02-06,59.3400,59.6000,58.2500,58.5400,44.9053,4891600
2006-02-07,58.5000,59.0800,57.7000,57.7300,44.2840,5174300
2006-02-08,57.5200,58.0800,55.2500,57.5900,44.1766,7318700
2006-02-09,58.5000,59.1900,58.0400,58.0800,44.5525,5747900
2006-02-10,58.1500,58.7800,57.4000,58.6000,44.9514,4224000
2006-02-13,58.5000,58.7800,58.1700,58.5900,44.9437,3357500
2006-02-14,58.5000,59.4700,58.5000,59.4500,45.6034,4771900
2006-02-15,59.4000,59.7500,58.7200,59.0000,45.2582,4335100
2006-02-16,59.2400,59.2700,58.1300,58.5000,44.8746,5087600
2006-02-17,58.2500,58.4000,57.8300,58.0000,44.4911,7065300
2006-02-21,58.8000,59.0400,57.9400,58.1700,44.6215,4688800
2006-02-22,58.3400,59.8000,58.3400,59.5400,45.6724,5297100
2006-02-23,59.8800,59.8800,59.3700,59.4500,45.6034,4772500
2006-02-24,59.1000,59.4600,58.5100,58.8900,45.1738,5348000
2006-02-27,59.0000,59.1600,58.8200,58.9400,45.2122,3247000
2006-02-28,58.9300,59.0200,57.8700,58.2300,44.6675,5301200
2006-03-01,58.0500,58.4600,57.8400,58.4300,44.8209,5289900
2006-03-02,58.0000,58.2200,57.2200,57.5800,44.1689,5964400
2006-03-03,57.3500,57.6700,56.4900,56.6000,43.4172,6531000
2006-03-06,56.3000,56.7800,56.2400,56.7000,43.4939,5800300
2006-03-07,56.2200,57.3200,56.1000,56.4200,43.2791,6308800
2006-03-08,56.4300,57.3500,56.3200,57.2000,43.8774,6063300
2006-03-09,57.5000,57.8600,56.2800,56.3400,43.2177,5283100
2006-03-10,56.3900,56.7900,56.1500,56.1700,43.0873,6983600
2006-03-13,56.0600,56.1000,53.8500,55.7300,42.7498,12402100
2006-03-14,55.4500,56.9400,55.4500,56.8900,43.6396,7598000
2006-03-15,56.9000,57.5200,56.5500,57.3400,43.9848,6608100
2006-03-16,57.2900,57.3400,56.4600,56.5700,43.3942,6071300
2006-03-17,56.9000,56.9100,56.1500,56.6900,43.4862,6645800
2006-03-20,56.5800,56.9100,56.1500,56.5300,43.3635,4382400
2006-03-21,56.7400,56.9100,55.5600,56.2100,43.1180,5928000
2006-03-22,55.0000,56.9100,55.0000,56.6400,43.4479,4434600
2006-03-23,56.2500,56.5500,55.8500,56.3700,43.2407,5577500
2006-03-24,56.1800,56.7800,55.4500,55.7800,42.7882,4938800
2006-03-27,55.4600,55.7500,54.8300,54.9300,42.1361,11124700
2006-03-28,54.5600,54.8400,53.2000,54.3200,41.6682,12203500
2006-03-29,55.6300,56.5500,55.3000,55.9800,42.9416,9507000
2006-03-30,55.7500,56.9700,55.7200,56.2600,43.1795,8091100
2006-03-31,56.2600,56.6500,55.5000,55.8600,42.8725,9771000
2006-04-03,56.6000,56.6000,55.3400,55.4700,42.5732,7603400
2006-04-04,55.4000,55.7000,55.0000,55.3000,42.4427,6934400
2006-04-05,55.1700,55.7300,55.0500,55.3000,42.4427,5678600
2006-04-06,55.3500,55.3700,53.7200,54.5100,41.8364,12065600
2006-04-07,54.6500,55.2300,53.6500,53.6900,41.2070,8073100
2006-04-10,53.6000,53.6300,51.4300,52.4300,40.2400,19075000
2006-04-11,52.6500,52.8100,50.8800,51.5500,39.5646,14551300
2006-04-12,51.5500,53.5700,51.5500,53.4600,41.0305,12100500
2006-04-13,53.4600,53.8000,53.0600,53.5000,41.0612,7685500
2006-04-17,53.0300,53.0300,51.4500,51.6700,39.6567,10399800
2006-04-18,52.7000,52.9300,49.5100,49.6700,38.1217,41589900
2006-04-19,49.6700,50.0000,47.4400,49.1800,37.7456,41951500
2006-04-20,49.3500,50.7800,49.0500,50.1200,38.4670,19329200
2006-04-21,50.5100,50.7500,49.4800,49.5700,38.0449,8944100
2006-04-24,49.4800,50.4300,49.1000,50.1600,38.4978,11713600
2006-04-25,50.2000,50.5500,49.1900,49.3600,37.8838,8586000
2006-04-26,49.5900,50.0000,48.8000,48.9700,37.5844,12356600
2006-04-27,48.4900,48.4900,46.5600,47.7500,36.6481,29892500
2006-04-28,48.0000,49.9000,47.9200,49.7400,38.1754,15281800
2006-05-01,49.3000,50.2200,49.3000,49.8000,38.2215,10991400
2006-05-02,49.3000,50.0000,48.4500,48.5800,37.2851,11589500
2006-05-03,48.3100,48.3200,46.3200,46.6100,35.7731,23876600
2006-05-04,46.6000,47.1500,46.0800,46.5300,35.7117,11609000
2006-05-05,46.6900,46.8800,45.9200,46.3900,35.6043,13241300
2006-05-08,46.1500,46.6500,44.8800,45.0800,34.5989,19356900
2006-05-09,44.6800,44.8000,43.3100,43.8000,33.6165,30915600
2006-05-10,44.7900,46.4300,44.3100,46.1700,35.4354,29520300
2006-05-11,45.1000,45.3400,43.9300,44.3700,34.0539,30196200
2006-05-12,43.9300,46.1700,43.6000,45.8400,35.1822,17054700
2006-05-15,45.8500,46.8200,45.6000,46.7000,35.8422,11640200
2006-05-16,47.0700,47.9000,46.8900,47.0100,36.0801,10947600
2006-05-17,46.7800,47.6800,46.2000,46.8900,35.9880,8631500
2006-05-18,46.1000,46.2000,44.6600,45.3000,34.7677,17695600
2006-05-19,45.3000,45.4000,44.2000,44.4200,34.0923,15505500
2006-05-22,44.4300,44.5700,43.3800,43.5200,33.4016,12017300
2006-05-23,44.0000,44.1400,42.7500,42.8200,32.8643,12139900
2006-05-24,42.7700,42.7700,41.4400,42.0900,32.3040,20166900
2006-05-25,42.1000,42.6800,42.1000,42.4200,32.5573,12934600
2006-05-26,42.5000,43.4100,42.4500,43.1200,33.0946,8613600
2006-05-30,42.8100,43.8100,42.8000,43.3300,33.2557,8673000
2006-05-31,43.7500,44.1500,43.4600,43.9600,33.7393,9254900
2006-06-01,44.1400,45.9000,44.0800,45.7200,35.0901,11753300
2006-06-02,46.2800,47.3700,46.2800,46.9800,36.0571,12669300
2006-06-05,46.7000,47.1100,46.0400,46.2200,35.4738,7065100
2006-06-06,46.3000,46.7200,45.6000,46.1800,35.4431,6846900
2006-06-07,46.4900,46.8800,46.1900,46.2800,35.5199,5290700
2006-06-08,46.7200,46.9500,45.7900,46.2500,35.4968,6128300
2006-06-09,46.0000,46.3000,45.6200,45.7700,35.1284,5693100
2006-06-12,45.7700,46.1500,45.0500,45.1600,34.6603,4526700
2006-06-13,44.8200,45.6500,44.7500,45.4300,34.8675,6359800
2006-06-14,44.7600,45.2700,44.5500,44.9800,34.5221,5954700
2006-06-15,45.0000,45.1500,44.2000,44.7500,34.3456,7777500
2006-06-16,44.9000,44.9900,44.2000,44.2900,33.9925,7265100
2006-06-19,44.4900,44.5000,43.3100,43.5000,33.3862,6743700
2006-06-20,43.8500,44.1700,43.5000,43.7100,33.5474,5288500
2006-06-21,43.5000,44.6000,43.5000,44.0700,33.8237,5706300
2006-06-22,44.2000,45.2000,44.2000,44.4300,34.1000,5785900
2006-06-23,44.1400,45.6800,44.1000,45.2300,34.7140,6156800
2006-06-26,45.1100,45.7000,44.6500,44.9400,34.4914,4391200
2006-06-27,44.7200,44.9700,44.1700,44.2200,33.9388,4393100
2006-06-28,44.4900,44.6000,42.9000,44.4300,34.1000,7270400
2006-06-29,44.4300,45.8200,44.4300,45.0100,34.5451,5401800
2006-06-30,45.0200,45.3000,44.2800,44.7800,34.3686,7551500
2006-07-03,44.8500,45.0700,44.4000,45.0100,34.5451,2175800
2006-07-05,45.0000,45.2400,44.2900,45.1100,34.6219,5041600
2006-07-06,44.8300,45.6300,44.5300,44.8300,34.4070,5323200
2006-07-07,45.0200,45.5900,45.0100,45.3900,34.8368,4568800
2006-07-10,45.4500,46.9500,45.4500,46.8200,35.9343,6973100
2006-07-11,46.9400,48.9500,46.9000,48.0900,36.9091,15099500
2006-07-12,48.3900,48.9400,47.7800,48.0600,36.8860,6576000
2006-07-13,48.0700,48.7400,47.8100,48.0100,36.8476,5419500
2006-07-14,47.8600,47.9100,46.9700,47.5500,36.4946,5044400
2006-07-17,47.3200,48.4000,47.2700,47.6500,36.5713,4742500
2006-07-18,47.6400,48.8100,47.3800,48.4000,37.1470,9171400
2006-07-19,49.9100,51.1400,49.6500,50.9300,39.0887,17651000
2006-07-20,51.1500,51.9400,49.4700,50.2100,38.5361,10538600
2006-07-21,50.4000,50.4000,49.3500,50.0000,38.3750,7790900
2006-07-24,50.1000,50.8800,49.9300,50.8000,38.9890,7216400
2006-07-25,50.8100,51.6700,50.4800,51.4900,39.5185,5764600
2006-07-26,51.2500,51.4200,50.2800,50.5300,38.7817,5497400
2006-07-27,48.7000,49.5500,47.4000,49.4600,37.9605,15388600
2006-07-28,49.5800,50.5400,47.4700,47.8500,36.7248,10645700
2006-07-31,48.3000,48.6500,47.2700,47.8300,36.7095,6357800
2006-08-01,47.5000,48.0000,47.4600,47.8200,36.7018,4002600
2006-08-02,49.0000,49.6000,48.4400,48.5700,37.2774,7799900
2006-08-03,48.6400,48.7700,47.6300,47.7700,36.6634,5074900
2006-08-04,48.2900,49.1000,47.9100,48.5600,37.2697,5253900
2006-08-07,48.1400,48.9400,48.1400,48.4900,37.2160,2977800
2006-08-08,48.8300,49.7100,48.7800,49.4200,37.9298,4884300
2006-08-09,49.8700,49.9700,48.9000,48.9800,37.5921,3533400
2006-08-10,47.4100,47.8500,46.5000,47.4000,36.3795,10786800
2006-08-11,47.0800,47.7400,46.9800,47.5700,36.5099,3743600
2006-08-14,47.9900,48.1400,47.5100,47.6600,36.5790,4225700
2006-08-15,48.2900,48.2900,47.7500,48.1300,36.9397,3074000
2006-08-16,48.2900,48.5000,47.8400,48.1400,36.9474,4098200
2006-08-17,48.1400,49.3800,48.1200,49.0400,37.6381,5228300
2006-08-18,48.9500,49.5400,48.5200,49.5000,37.9912,5029900
2006-08-21,49.0200,49.9300,49.0200,49.5600,38.0373,3092200
2006-08-22,49.5000,50.1800,49.4500,49.6400,38.0987,3905500
2006-08-23,49.6500,49.9500,49.4500,49.6400,38.0987,2213900
2006-08-24,49.6900,51.3000,49.6400,51.1600,39.2653,5342400
2006-08-25,50.7500,51.0700,50.1500,50.8800,39.0504,2908200
2006-08-28,50.5400,51.7500,50.4700,51.3300,39.3957,4092200
2006-08-29,50.7500,51.5900,50.6000,51.0300,39.1655,3936000
2006-08-30,51.2800,52.0800,50.9800,51.7500,39.7181,4515800
2006-08-31,51.7500,52.0300,51.2500,51.9500,39.8716,4325200
2006-09-01,51.9500,52.0200,51.3300,51.8000,39.7564,4312600
2006-09-05,51.9000,51.9800,50.6500,50.7000,38.9122,4540100
2006-09-06,50.5100,51.1000,49.7100,50.4200,38.6973,4551300
2006-09-07,50.5000,50.8200,49.9700,50.2100,38.5361,2410100
2006-09-08,50.6000,51.1300,50.3400,50.9000,39.0657,3330700
2006-09-11,50.2300,51.7500,50.2100,51.6000,39.6030,3799000
2006-09-12,51.6400,52.6700,51.6400,52.5300,40.3167,5188400
2006-09-13,52.2700,52.7800,51.9300,52.0500,39.9483,3840300
2006-09-14,52.0500,52.2000,51.5000,51.8100,39.7641,3341600
2006-09-15,52.0400,52.3800,51.9000,52.2100,40.0711,5922000
2006-09-18,52.1500,52.8400,51.9300,52.0900,39.9790,5669200
2006-09-19,51.8000,52.1500,51.1200,51.8700,39.8102,4244500
2006-09-20,51.7400,51.9900,51.4600,51.5300,39.5492,2802900
2006-09-21,51.3800,51.9000,50.0200,50.2900,38.5975,4932000
2006-09-22,50.3000,50.3000,48.9000,48.9700,37.5844,7753300
2006-09-25,49.4200,49.5300,48.3000,48.8200,37.4693,5900000
2006-09-26,49.4600,49.4600,48.5500,48.6200,37.3158,5621500
2006-09-27,48.6200,49.3200,47.9100,49.0800,37.6689,6510100
2006-09-28,49.2000,49.5100,49.0000,49.4600,37.9605,3614400
2006-09-29,49.3000,49.7500,48.9100,49.2000,37.7609,5875600
2006-10-02,49.1100,49.5800,48.5200,49.4300,37.9375,4923600
2006-10-03,49.4300,49.7800,48.9500,49.5800,38.0526,4814500
2006-10-04,49.3400,49.7000,49.0200,49.5600,38.0373,5259800
2006-10-05,49.2200,50.7300,49.1000,50.6700,38.8892,5942600
2006-10-06,50.6000,52.6100,50.5600,51.5000,39.5262,9803400
2006-10-09,51.4900,51.5000,50.6200,50.7200,38.9275,3768100
2006-10-10,50.9500,50.9800,49.5600,49.6500,38.1063,5325500
2006-10-11,49.6200,50.3700,49.3000,50.1000,38.4517,4648900
2006-10-12,50.0000,50.0000,49.0800,49.6200,38.0833,5007900
2006-10-13,49.2500,49.4000,48.5200,48.7500,37.4156,7707300
2006-10-16,47.1500,50.3600,47.1500,47.5400,36.4869,32185700
2006-10-17,47.2700,47.6600,46.6100,46.7300,35.8652,15103400
2006-10-18,47.0100,48.0300,46.6500,48.0000,36.8399,9840300
2006-10-19,49.2000,51.0300,48.7900,50.6500,38.8738,21289100
2006-10-20,50.8500,51.4500,50.5800,50.7000,38.9122,12075800
2006-10-23,50.7700,51.1800,50.3300,50.6400,38.8662,6835900
2006-10-24,50.5000,50.7900,49.8300,49.8400,38.2522,7961900
2006-10-25,49.8500,49.9000,48.4400,48.6300,37.3235,13030300
2006-10-26,49.3000,49.6500,48.9000,49.3700,37.8914,7951800
2006-10-27,49.2500,49.9100,48.9300,49.4100,37.9221,5413500
2006-10-30,49.6400,49.7900,48.7400,49.0300,37.6305,5325600
2006-10-31,49.1000,49.2900,48.5500,48.7800,37.4386,6353500
2006-11-01,49.3400,49.5400,47.8600,48.3000,37.0702,5523200
2006-11-02,48.1000,49.2000,48.0900,48.6200,37.3158,5651900
2006-11-03,48.7500,48.7500,47.4700,47.8300,36.7095,6676300
2006-11-06,47.8400,48.7200,47.8300,48.4100,37.1546,6218100
2006-11-07,48.7600,50.0000,48.3500,49.5700,38.0449,9393900
2006-11-08,48.4400,48.6800,47.3700,48.0000,36.8399,15683000
2006-11-09,48.0000,48.0000,45.1200,45.2700,34.7447,21445100
2006-11-10,45.4500,46.5000,45.2800,46.1100,35.3894,10615800
2006-11-13,46.2400,46.8600,45.8000,46.7500,35.8806,9117500
2006-11-14,47.0200,47.5200,46.8600,47.4400,36.4102,8889300
2006-11-15,47.3900,48.0800,47.3500,47.9600,36.8093,7700300
2006-11-16,48.2000,48.2900,47.5000,47.6200,36.5483,5271300
2006-11-17,47.6000,47.6800,46.8800,47.2500,36.2643,5714800
2006-11-20,47.7200,47.8700,46.7300,46.8100,35.9266,6017800
2006-11-21,47.0000,47.0000,46.1900,46.3300,35.5582,6131700
2006-11-22,46.2300,46.6800,46.2200,46.5600,35.7348,4855300
2006-11-24,46.4000,47.0000,46.1900,46.7100,35.8499,1842400
2006-11-27,46.7000,46.8900,46.1800,46.1800,35.4431,5616900
2006-11-28,46.2500,48.0000,46.2500,47.3400,36.3334,9759500
2006-11-29,47.4600,47.6100,46.9400,47.5600,36.5023,8221000
2006-11-30,47.9500,49.4800,47.9000,49.0800,37.6689,11434700
2006-12-01,49.4400,49.8400,48.4900,48.8300,37.4770,7665800
2006-12-04,48.8500,49.5300,48.6200,48.9100,37.5384,7844100
2006-12-05,49.1000,49.1700,48.6800,48.8800,37.5154,4601200
2006-12-06,49.0300,49.1400,48.7200,49.0100,37.6151,9797200
2006-12-07,49.0800,50.2500,49.0000,49.4900,37.9835,10122900
2006-12-08,49.3700,49.9500,49.2800,49.9100,38.3059,6141000
2006-12-11,49.9000,50.3100,49.3500,50.0900,38.4440,4475300
2006-12-12,49.9100,50.3700,49.7600,50.0400,38.4056,7116500
2006-12-13,50.4300,50.5600,49.6400,49.7100,38.1524,6556600
2006-12-14,50.0000,50.2100,49.5900,49.7000,38.1447,7522900
2006-12-15,49.6700,50.1500,49.1400,50.0900,38.4440,7423600
2006-12-18,50.2000,50.5300,49.9800,50.4000,38.6819,5465300
2006-12-19,50.5000,52.5300,50.4900,52.3300,40.1632,13074400
2006-12-20,52.5600,53.7000,52.3400,53.5600,41.1073,10252900
2006-12-21,53.8900,54.4600,53.6300,53.9300,41.3912,8171700
2006-12-22,53.7600,53.9100,52.9100,53.4500,41.0228,4569100
2006-12-26,53.6800,53.8300,52.9900,53.2300,40.8540,2317000
2006-12-27,52.3400,53.6000,52.0500,53.3800,40.9691,4915000
2006-12-28,52.8700,53.7500,52.8700,53.6600,41.1840,3626100
2006-12-29,53.4000,54.0400,53.4000,53.7300,41.2377,4410400
2007-01-03,54.3200,54.3400,52.3200,52.5700,40.3474,8360300
2007-01-04,52.5000,53.0000,52.0500,52.9100,40.6084,5152500
2007-01-05,52.8000,53.0500,51.9300,52.5500,40.3321,6215700
2007-01-08,52.4500,53.4900,52.2200,53.3200,40.9230,4344100
2007-01-09,53.3500,53.3500,52.4300,52.6800,40.4318,5483900
2007-01-10,52.8200,53.2500,52.2000,52.8300,40.5470,5075600
2007-01-11,53.1100,54.5000,52.9500,54.4500,41.7903,5491000
2007-01-12,54.4000,55.3400,54.2500,55.1000,42.2892,8345700
2007-01-16,55.1000,55.9500,54.7200,55.7500,42.7881,8213400
2007-01-17,55.9500,56.2900,55.5200,55.6500,42.7113,6731900
2007-01-18,54.6000,54.6000,53.3600,53.8000,41.2915,13144300
2007-01-19,53.8000,53.8000,53.0800,53.2000,40.8310,8131200
2007-01-22,53.2000,53.2500,52.0500,52.1900,40.0558,8795700
2007-01-23,52.2000,52.4500,51.4000,51.4700,39.5032,7639300
2007-01-24,51.3700,52.3100,50.7600,51.8000,39.7564,8157300
2007-01-25,51.8000,52.4000,51.8000,52.1000,39.9867,4976800
2007-01-26,52.0600,52.1400,51.2800,51.5400,39.5569,4097600
2007-01-29,51.3500,52.0100,51.3500,51.7300,39.7027,5026500
2007-01-30,52.0200,52.5300,51.8100,52.2100,40.0711,5881200
2007-01-31,52.5000,52.5000,51.4400,52.2600,40.1095,4265600
2007-02-01,52.2700,53.2200,51.7800,52.8000,40.5239,4694500
2007-02-02,52.8500,53.4500,52.7500,52.9100,40.6084,4959500
2007-02-05,51.9500,52.8300,51.8600,52.3300,40.1632,6472500
2007-02-06,51.8000,51.8900,50.5100,50.9900,39.1348,10969400
2007-02-07,51.3900,51.3900,50.9900,51.2500,39.3343,5172000
2007-02-08,51.2800,51.6600,51.1700,51.2400,39.3267,4105700
2007-02-09,51.2800,51.5200,50.7500,50.8800,39.0504,4438700
2007-02-12,51.4500,51.9900,51.3800,51.6200,39.6183,4360200
2007-02-13,51.9400,52.2000,51.4600,51.6100,39.6106,6080700
2007-02-14,51.7100,51.9300,51.3100,51.6400,39.6336,5125200
2007-02-15,52.1000,54.1500,51.9800,53.6100,41.1456,8389500
2007-02-16,53.5100,54.2800,53.4300,53.9500,41.4066,6276000
2007-02-20,54.5500,54.9500,53.6100,53.8200,41.3068,6237000
2007-02-21,53.8300,54.1300,53.2100,53.5300,41.0842,4792000
2007-02-22,53.8200,54.0000,53.4500,53.7200,41.2300,3893100
2007-02-23,54.0800,54.2900,52.8800,53.0300,40.7005,4587700
2007-02-26,53.1700,53.3500,52.6700,53.2100,40.8386,4700700
2007-02-27,53.2200,53.6800,50.9400,51.7100,39.6874,8615400
2007-02-28,52.0200,52.7200,51.7100,52.1800,40.0481,7015300
2007-03-01,52.0600,53.2000,51.2400,52.7400,40.4779,8698200
2007-03-02,53.9900,55.0800,53.0000,54.1800,41.5831,13175700
2007-03-05,53.9000,54.8500,52.9300,52.9600,40.6468,9355200
2007-03-06,54.4100,54.5000,53.5400,53.9800,41.4296,13281200
2007-03-07,53.8100,54.0000,53.1100,53.8000,41.2915,6584300
2007-03-08,54.1700,54.2500,53.1100,53.3300,40.9307,6038300
2007-03-09,53.5000,53.8000,52.8400,53.0000,40.6775,4786100
2007-03-12,53.4000,53.6100,52.6700,53.2700,40.8847,6895600
2007-03-13,53.2700,54.0200,52.9700,53.0000,40.6775,10299700
2007-03-14,52.9000,53.9500,52.7300,53.3700,40.9614,8599100
2007-03-15,53.3700,54.2300,53.1800,54.0500,41.4833,6508200
2007-03-16,54.3100,54.6300,52.8900,53.1300,40.7772,12425700
2007-03-19,53.5400,54.5200,53.3300,54.3000,41.6752,7729800
2007-03-20,54.3000,54.9100,53.8800,54.1000,41.5217,9084100
2007-03-21,54.0500,55.1400,53.3000,55.0300,42.2355,13092400
2007-03-22,55.3400,56.2300,54.6500,55.6900,42.7420,12849200
2007-03-23,55.4600,56.7400,55.2700,56.5100,43.3714,8674100
2007-03-26,56.4700,57.1000,56.2000,56.8800,43.6553,9689000
2007-03-27,56.0000,56.6100,54.9000,55.8500,42.8648,15167800
2007-03-28,55.9800,56.7400,54.5900,54.8100,42.0666,12456100
2007-03-29,53.7400,53.7400,52.3500,52.8400,40.5769,26372300
2007-03-30,52.8400,53.2300,52.5200,52.9700,40.6767,8706200
2007-04-02,53.4000,53.9500,53.1300,53.7300,41.2603,8847400
2007-04-03,54.0800,54.8500,54.0000,54.6100,41.9361,9027800
2007-04-04,54.6100,55.4000,54.4000,55.0600,42.2816,8705200
2007-04-05,54.8200,55.9000,54.7200,55.3300,42.4890,9043800
2007-04-09,55.1500,55.3800,54.8100,54.8800,42.1434,8099000
2007-04-10,54.8500,55.0900,53.9100,54.2400,41.6520,8314800
2007-04-11,53.8700,54.2100,52.9000,53.1400,40.8072,10239700
2007-04-12,52.9100,53.3600,52.7600,53.1200,40.7919,5216000
2007-04-13,53.3500,53.3500,52.2000,52.9500,40.6613,6946800
2007-04-16,52.9600,53.8500,52.7500,53.8500,41.3525,6470900
2007-04-17,54.8000,55.1500,54.0900,54.6200,41.9438,12462200
2007-04-18,54.2200,54.9500,53.8700,54.2100,41.6289,7377000
2007-04-19,51.5000,52.4900,51.2500,52.0500,39.9702,19605100
2007-04-20,52.4900,53.8500,52.1100,53.2000,40.8533,13710900
2007-04-23,53.2000,54.0300,53.0000,53.9500,41.4292,7865400
2007-04-24,53.9000,54.3700,53.3500,54.2300,41.6443,9378500
2007-04-25,53.2500,53.9000,52.3400,52.9400,40.6536,14426200
2007-04-26,53.1000,53.6200,52.1800,52.7100,40.4770,14477500
2007-04-27,52.7200,53.2500,52.7200,53.1500,40.8149,6330800
2007-04-30,53.5600,53.5600,52.7400,53.0600,40.7458,7393900
2007-05-01,52.9200,53.0000,52.4400,52.7500,40.5077,9132800
2007-05-02,53.1000,53.9500,52.7200,53.7900,41.3064,7340900
2007-05-03,53.9500,54.0000,52.9900,53.1900,40.8456,7602000
2007-05-04,53.1500,53.8400,53.0000,53.5700,41.1374,5999900
2007-05-07,53.5900,53.9200,53.1600,53.2500,40.8917,8083500
2007-05-08,53.0000,53.2500,52.7800,53.1100,40.7842,8615500
2007-05-09,52.8300,53.5000,52.7400,53.0900,40.7688,6941500
2007-05-10,52.7600,53.5800,52.0000,53.0200,40.7151,4780800
2007-05-11,53.0300,53.8000,52.8600,53.5900,41.1528,7440700
2007-05-14,53.4600,53.4900,52.7800,52.8300,40.5692,5883800
2007-05-15,53.0200,53.1400,52.5200,52.6800,40.4540,6632000
2007-05-16,52.8500,53.8200,52.5900,53.8000,41.3141,6847500
2007-05-17,53.5700,54.0000,53.2400,53.6500,41.1989,4840800
2007-05-18,53.7300,53.8000,53.1400,53.4700,41.0607,5922600
2007-05-21,53.4400,54.2500,53.1200,53.5000,41.0837,6847900
2007-05-22,53.5800,54.3500,53.3500,53.8900,41.3832,6655700
2007-05-23,53.8900,54.2500,53.6100,53.9300,41.4139,6721000
2007-05-24,53.7900,54.4300,53.6700,54.2100,41.6289,8538300
2007-05-25,54.6000,54.6100,54.0300,54.4100,41.7825,4909800
2007-05-29,54.4000,54.7900,54.4000,54.5700,41.9053,5129700
2007-05-30,54.3900,54.9000,54.2300,54.5700,41.9053,4266900
2007-05-31,54.7500,55.3200,54.5100,54.7700,42.0589,7238100
2007-06-01,54.9400,55.4700,54.8200,55.2100,42.3968,6150700
2007-06-04,54.9000,55.4500,54.9000,55.2000,42.3892,4580400
2007-06-05,54.9500,55.1300,54.3300,54.7000,42.0052,5617800
2007-06-06,54.3100,54.6300,53.8200,53.9700,41.4446,4652900
2007-06-07,53.0700,54.2400,53.0700,53.3600,40.9762,6274200
2007-06-08,53.5400,53.8400,53.0100,53.6700,41.2142,5842100
2007-06-11,53.7000,53.7000,53.0500,53.1900,40.8456,4416600
2007-06-12,53.3000,53.3000,52.7700,52.9900,40.6920,6583200
2007-06-13,53.2600,53.2600,52.3500,53.1100,40.7842,7285000
2007-06-14,53.2000,53.2000,52.8000,52.9500,40.6613,4175300
2007-06-15,53.1200,53.2500,52.7800,52.9000,40.6230,7574800
2007-06-18,52.8100,53.1900,52.6600,52.8700,40.5999,4328700
2007-06-19,52.6900,52.9300,52.6000,52.7400,40.5001,5666400
2007-06-20,52.7900,52.7900,51.3900,51.5000,39.5478,12729100
2007-06-21,51.6000,51.7800,51.1300,51.7700,39.7552,7153500
2007-06-22,51.6800,51.9000,51.0300,51.3000,39.3943,7963200
2007-06-25,51.5500,51.7800,51.2100,51.5000,39.5478,6007200
2007-06-26,51.7900,52.0500,51.3600,51.7900,39.7705,5170500
2007-06-27,51.1400,51.7600,51.0500,51.7500,39.7398,4839800
2007-06-28,51.5300,52.3500,51.4500,52.1000,40.0086,6556300
2007-06-29,52.5000,53.0000,50.7000,51.1400,39.2714,10126000
2007-07-02,51.5900,52.2200,51.4800,52.2200,40.1007,6847500
2007-07-03,52.2200,52.4400,51.7500,52.1400,40.0393,2751200
2007-07-05,52.1400,52.5500,51.7000,52.4500,40.2774,6866000
2007-07-06,52.5300,53.1800,52.1100,53.0200,40.7151,4825800
2007-07-09,53.0000,53.0700,51.9400,51.9700,39.9088,7362800
2007-07-10,51.7500,52.4800,51.4700,51.5500,39.5863,7001600
2007-07-11,51.4300,51.9000,51.1500,51.4100,39.4787,12962500
2007-07-12,51.3800,53.1000,51.1300,53.0900,40.7688,12038400
2007-07-13,53.0000,53.0800,52.3700,52.9800,40.6844,4476300
2007-07-16,53.9000,53.9000,52.8700,52.9500,40.6613,6168300
2007-07-17,52.6600,53.4200,52.5900,53.0000,40.6997,5691200
2007-07-18,54.0100,54.1000,53.1400,53.5800,41.1451,9001700
2007-07-19,51.9500,52.3000,51.3000,51.8900,39.8473,17658500
2007-07-20,51.6700,51.9000,50.7800,51.3200,39.4096,9549000
2007-07-23,51.5000,51.6600,51.0600,51.1700,39.2944,6810200
2007-07-24,51.1700,51.5600,50.9600,51.0000,39.1639,8679200
2007-07-25,50.9900,51.4200,50.7000,51.2100,39.3251,8547700
2007-07-26,50.5100,51.1200,49.8000,50.2100,38.5572,8703200
2007-07-27,49.9100,50.3900,49.1000,49.1300,37.7279,10559500
2007-07-30,49.4000,50.2500,48.7500,48.9400,37.5820,7892100
2007-07-31,49.1600,49.2300,48.1300,48.4300,37.1903,10434800
2007-08-01,48.2400,48.8700,47.3600,47.9900,36.8525,11590900
2007-08-02,47.5000,48.8000,47.5000,48.3600,37.1366,10394800
2007-08-03,49.2500,49.2500,47.4000,47.5000,36.4762,10970100
2007-08-06,47.7500,48.5500,47.5100,48.5000,37.2441,9647900
2007-08-07,48.3600,49.0700,45.8200,47.9900,36.8525,9495000
2007-08-08,48.3000,48.3000,46.9500,47.5700,36.5299,10244600
2007-08-09,47.7900,47.9600,46.0300,46.3300,35.5777,14537200
2007-08-10,46.4000,48.0700,46.0500,47.4800,36.4608,11879500
2007-08-13,47.8500,49.9900,47.8000,49.0400,37.6588,12146600
2007-08-14,49.2900,49.3800,48.1700,48.4800,37.2287,6202000
2007-08-15,48.8500,50.1000,48.7500,49.1200,37.7202,10229600
2007-08-16,48.6000,49.1300,47.9700,48.8600,37.5205,9655400
2007-08-17,49.4400,49.8700,48.9000,49.8000,38.2424,9515400
2007-08-20,50.1200,50.4700,49.2200,49.5500,38.0504,7082900
2007-08-21,49.5500,49.9200,49.2700,49.5600,38.0581,5805300
2007-08-22,49.0000,49.2200,48.1000,48.6500,37.3593,10318200
2007-08-23,48.9000,49.0000,48.3400,48.6200,37.3362,5916500
2007-08-24,48.4000,49.7900,48.1700,49.6100,38.0965,6220000
2007-08-27,49.4200,49.9400,49.1900,49.1900,37.7740,4221300
2007-08-28,49.3600,49.6400,48.6100,48.6300,37.3439,5267400
2007-08-29,48.8100,49.0000,48.2700,48.6900,37.3900,6245200
2007-08-30,48.6900,49.4900,48.3300,49.0500,37.6664,6553300
2007-08-31,49.3000,50.3000,49.0100,50.0100,38.4036,9211400
2007-09-04,50.1100,50.7500,49.9900,50.1900,38.5419,7922300
2007-09-05,49.8600,50.0000,49.1400,49.2900,37.8508,6183800
2007-09-06,49.0300,49.7200,49.0300,49.6000,38.0888,4168900
2007-09-07,49.1500,49.5000,48.9800,49.1900,37.7740,4200100
2007-09-10,49.3400,49.4800,48.9700,49.1200,37.7202,6124300
2007-09-11,49.4200,49.7300,48.7800,49.5700,38.0658,5778100
2007-09-12,49.5300,49.7400,49.3500,49.4700,37.9890,6619700
2007-09-13,49.6500,49.8600,49.3900,49.5500,38.0504,5046800
2007-09-14,49.2800,50.1600,49.1800,49.9100,38.3269,7101700
2007-09-17,49.7300,50.1100,49.5700,49.9500,38.3576,6284300
2007-09-18,50.1100,50.4800,49.5300,50.1000,38.4728,9324900
2007-09-19,50.2500,50.4400,49.6000,49.8400,38.2731,7488600
2007-09-20,49.8000,50.0100,49.5500,49.8100,38.2501,5387300
2007-09-21,50.1700,50.1700,49.7800,49.9100,38.3269,9616200
2007-09-24,50.0000,50.1000,49.4300,49.5600,38.0581,12594500
2007-09-25,49.5300,49.9100,49.4300,49.4800,37.9967,7868700
2007-09-26,49.5200,49.5400,49.1300,49.3100,37.8661,8035400
2007-09-27,49.4500,49.4800,49.2400,49.2600,37.8277,7162100
2007-09-28,49.0200,49.0200,48.0000,48.4300,37.1903,12939200
2007-10-01,48.8700,48.9800,47.9100,48.1400,36.9676,7450800
2007-10-02,48.2000,48.4100,47.4200,47.8900,36.7757,8577600
2007-10-03,47.8000,47.8000,46.5900,47.0500,36.1306,13402800
2007-10-04,47.4200,47.6400,47.1500,47.3800,36.3840,8023900
2007-10-05,47.4400,48.0200,47.3800,47.7000,36.6298,7696600
2007-10-08,47.7000,47.9600,47.6800,47.8100,36.7142,3853800
2007-10-09,47.7900,48.5000,47.7600,48.4900,37.2364,7991400
2007-10-10,48.4800,49.6800,48.4400,49.3300,37.8815,13164600
2007-10-11,49.5400,49.6000,49.2000,49.3400,37.8891,10103300
2007-10-12,49.2400,49.9800,49.1500,49.6900,38.1579,9159300
2007-10-15,49.7500,49.7500,48.7500,48.9300,37.5743,8021300
2007-10-16,48.9100,49.1100,48.3600,48.5000,37.2441,6462000
2007-10-17,48.4900,49.4100,48.2500,48.6000,37.3209,5703600
2007-10-18,49.0000,49.0000,47.9200,48.1000,36.9369,20643600
2007-10-19,47.7400,47.9700,47.3700,47.4500,36.4378,11601200
2007-10-22,47.2400,48.1800,47.0900,48.1300,36.9600,7585700
2007-10-23,48.1800,49.1400,48.1500,48.8400,37.5052,6565100
2007-10-24,49.2500,49.4200,47.9000,48.4700,37.2211,7371800
2007-10-25,48.4700,48.9600,48.1800,48.5300,37.2671,6569800
2007-10-26,48.6200,48.7800,47.0000,47.9900,36.8525,6127600
2007-10-29,48.2300,48.4900,47.8000,47.9500,36.8217,4789800
2007-10-30,47.7700,48.2000,47.4000,47.9000,36.7833,5111300
2007-10-31,48.5500,49.6200,48.4000,49.1500,37.7432,9457100
2007-11-01,48.8200,49.4300,48.5000,48.5500,37.2825,6727600
2007-11-02,48.2900,49.0400,48.1200,48.9400,37.5820,7492800
2007-11-05,48.5000,49.4600,48.5000,49.1200,37.7202,6618400
2007-11-06,49.1500,49.6500,48.9000,49.5900,38.0811,4752000
2007-11-07,49.7500,50.5400,49.5100,49.8500,38.2808,10515700
2007-11-08,50.0900,50.3500,49.5400,50.2900,38.6187,7339100
2007-11-09,50.2000,52.2200,49.8900,51.6700,39.6784,16514700
2007-11-12,51.4800,53.0000,51.4800,52.6400,40.4233,13544100
2007-11-13,52.8000,53.3000,52.4300,53.3000,40.9301,11340300
2007-11-14,53.5200,53.6700,52.6600,53.0400,40.7304,7846700
2007-11-15,52.7200,53.8000,52.7200,53.0200,40.7151,7615200
2007-11-16,53.2700,53.7300,52.8900,53.4200,41.0223,8204700
2007-11-19,53.2500,53.6900,53.0200,53.4900,41.0760,8233200
2007-11-20,53.4700,54.4500,53.3500,54.0700,41.5214,8674200
2007-11-21,53.7100,54.4000,53.1100,53.4100,41.0146,7021500
2007-11-23,53.6600,54.1500,53.6500,54.0700,41.5214,2963700
2007-11-26,54.0700,54.8200,53.3200,53.3800,40.9915,6500600
2007-11-27,53.5500,54.4200,53.2100,54.2900,41.6904,7889600
2007-11-28,54.5900,54.8000,53.6600,54.7200,42.0205,8769300
2007-11-29,54.6500,54.9700,54.5800,54.7600,42.0513,6164600
2007-11-30,54.9500,55.0000,54.0600,55.0000,42.2356,6047100
2007-12-03,54.3000,54.9300,54.0300,54.6300,41.9514,7170700
2007-12-04,54.2700,54.9900,53.9000,54.3300,41.7211,9493200
2007-12-05,54.9400,54.9400,54.2300,54.6800,41.9898,10883600
2007-12-06,54.5600,56.0000,54.1500,55.9800,42.9881,6723600
2007-12-07,55.9700,56.9900,55.2700,56.6500,43.5026,8187700
2007-12-10,56.6500,57.9500,56.4800,57.8700,44.4395,11171800
2007-12-11,57.8400,58.1500,56.9300,57.0700,43.8252,11885800
2007-12-12,57.2600,58.3400,57.2600,57.4700,44.1323,13495200
2007-12-13,57.1000,57.6900,56.5800,57.0300,43.7944,8543000
2007-12-14,56.2700,57.4400,55.1100,56.7300,43.5641,6931000
2007-12-17,56.3700,57.2000,56.3700,56.5900,43.4566,5754600
2007-12-18,56.8900,57.4700,56.3400,57.2000,43.9250,6548300
2007-12-19,57.1000,57.6600,56.2500,57.3600,44.0479,4455600
2007-12-20,57.6600,58.3200,57.1000,58.1100,44.6238,6728800
2007-12-21,58.1500,59.3400,58.0300,58.9900,45.2996,11114800
2007-12-24,58.7600,59.4600,58.7600,58.8800,45.2151,1934400
2007-12-26,58.8800,59.1800,58.7500,58.9500,45.2689,3192300
2007-12-27,58.2000,59.4400,58.2000,58.3600,44.8158,4671800
2007-12-28,58.1600,59.0000,58.0800,58.2800,44.7543,3735400
2007-12-31,58.0000,58.5700,57.8700,58.2000,44.6929,3394900
2008-01-02,57.1900,57.8600,56.4600,56.6700,43.5180,7698700
2008-01-03,56.7500,57.2900,56.5200,56.9300,43.7177,4864000
2008-01-04,56.5600,56.9300,55.9400,56.0000,43.0035,7250600
2008-01-07,55.5400,57.1100,55.5400,56.8800,43.6792,6093200
2008-01-08,57.0500,57.4800,55.9800,56.2100,43.1648,8142700
2008-01-09,56.0900,57.4800,55.7500,56.1900,43.1494,9381400
2008-01-10,55.9100,56.2800,55.0700,56.0900,43.0726,6413600
2008-01-11,55.6900,56.5900,55.4700,55.9100,42.9344,6135400
2008-01-14,56.2500,56.5000,55.0800,55.4200,42.5581,6194000
2008-01-15,55.0100,55.4000,54.5300,54.9500,42.1972,6703900
2008-01-16,54.6000,56.2700,54.6000,55.2800,42.4506,8403500
2008-01-17,55.5400,55.5400,53.7900,54.3600,41.7441,7686000
2008-01-18,54.6400,54.8800,53.1100,54.4000,41.7748,9705200
2008-01-22,51.5000,52.9800,50.3200,51.2200,39.3328,16447400
2008-01-23,49.8200,50.4300,48.1200,50.3500,38.6648,15512200
2008-01-24,50.3700,50.5300,49.2800,49.8200,38.2578,11488400
2008-01-25,49.8800,50.2000,49.5000,50.0000,38.3960,12519600
2008-01-28,49.9000,52.0000,49.5900,52.0000,39.9318,13295200
2008-01-29,52.2200,52.2200,50.1200,50.7800,38.9950,9873700
2008-01-30,50.5100,51.3000,50.1300,50.1600,38.5188,9818900
2008-01-31,50.0700,51.1200,49.3200,50.8400,39.0410,8361900
2008-02-01,50.8500,51.0300,49.6500,50.1000,38.4728,7346800
2008-02-04,49.9100,50.1800,49.7900,49.9000,38.3192,4484300
2008-02-05,50.0600,50.2300,49.4000,49.4000,37.9352,6981300
2008-02-06,49.6400,49.8100,49.2800,49.3800,37.9199,6428300
2008-02-07,49.1000,49.6100,48.6600,49.0300,37.6511,6909700
2008-02-08,48.8600,48.8600,47.5900,48.2000,37.0137,5966200
2008-02-11,48.2000,48.3700,47.3900,48.2200,37.0291,6717800
2008-02-12,48.4800,48.6500,47.8900,48.2700,37.0675,7282300
2008-02-13,47.6000,47.6500,44.0000,46.9700,36.0692,29371900
2008-02-14,46.8900,47.1000,46.2000,46.6100,35.7927,7993500
2008-02-15,46.3400,47.7400,46.3400,47.7400,36.6605,8617000
2008-02-19,48.1900,48.5000,47.7800,48.0800,36.9216,5411200
2008-02-20,47.8100,48.1800,47.5000,48.1000,36.9369,5012100
2008-02-21,48.1700,48.1700,47.7000,47.8000,36.7065,4833500
2008-02-22,47.9900,48.1100,46.7500,47.3600,36.3687,5900800
2008-02-25,47.3000,48.1500,47.3000,47.9800,36.8448,6475100
2008-02-26,47.8400,48.9600,47.5000,48.9300,37.5743,7154700
2008-02-27,48.8000,49.5800,48.8000,49.1700,37.7586,7392400
2008-02-28,48.9100,49.0900,47.9500,48.0100,36.8678,5639700
2008-02-29,47.5800,47.7000,46.3200,46.4800,35.6929,10785100
2008-03-03,46.2300,46.5100,45.5500,46.3500,35.5931,8229300
2008-03-04,46.0100,47.1500,46.0100,46.7600,35.9079,8082300
2008-03-05,47.2800,47.3700,46.5200,47.2200,36.2611,5990500
2008-03-06,47.0800,47.0800,45.7500,45.8100,35.1784,6788000
2008-03-07,45.6000,45.7000,45.1400,45.2100,34.7176,7434000
2008-03-10,45.1600,45.7300,44.9700,45.0700,34.6101,6165400
2008-03-11,40.6500,41.2700,37.3200,38.2400,29.3652,37638000
2008-03-12,35.7500,38.6200,34.6700,36.6800,28.1673,35342400
2008-03-13,37.7000,39.6500,37.1100,38.2800,29.3959,30377600
2008-03-14,38.6400,39.7200,36.6300,37.1900,28.5589,13008400
2008-03-17,35.8600,36.7200,33.7300,33.8400,25.9864,21053600
2008-03-18,34.3000,35.0600,33.5700,35.0600,26.9233,19636900
2008-03-19,34.5200,36.5700,34.5200,35.5500,27.2995,14692900
2008-03-20,35.7300,35.7300,34.8400,35.3200,27.1229,12731500
2008-03-24,35.3300,36.0000,35.3100,35.7100,27.4224,7288100
2008-03-25,35.4100,35.4800,34.8100,35.2800,27.0922,9606500
2008-03-26,35.2500,35.2500,33.9400,34.1000,26.1860,15311800
2008-03-27,34.2500,34.4100,33.8100,34.0000,26.1092,11709500
2008-03-28,34.2400,34.6000,33.9000,34.4000,26.4164,8048500
2008-03-31,34.4000,34.8500,33.8300,34.3600,26.4087,14104200
2008-04-01,34.8500,36.2500,34.6000,36.2500,27.8614,8887700
2008-04-02,35.8000,36.8100,35.8000,35.9600,27.6385,9386800
2008-04-03,35.3800,36.8900,35.3800,36.1500,27.7845,11752400
2008-04-04,36.1500,36.6800,36.0200,36.5000,28.0535,5706400
2008-04-07,36.7400,37.0700,36.4900,36.6700,28.1842,7077800
2008-04-08,36.6800,38.3300,36.5100,38.0800,29.2679,12245600
2008-04-09,38.2800,38.2800,37.1500,37.2800,28.6530,7126600
2008-04-10,36.9900,37.8500,36.5200,36.6000,28.1304,6794700
2008-04-11,36.5000,37.0000,35.7300,35.8700,27.5693,7061600
2008-04-14,35.8500,36.3000,35.5300,36.2900,27.8921,4541600
2008-04-15,36.1300,38.1000,36.0800,37.2400,28.6223,9010100
2008-04-16,37.2700,37.2700,35.7600,35.8000,27.5155,11659600
2008-04-17,35.7200,36.7100,35.7200,36.7000,28.2072,7013500
2008-04-18,36.8400,37.4400,36.0500,37.2500,28.6300,9058800
2008-04-21,37.0400,38.1000,37.0400,37.8100,29.0604,8088300
2008-04-22,33.7100,35.0500,33.4800,34.1500,26.2473,28718500
2008-04-23,34.0600,35.1700,33.7700,34.7300,26.6931,17846700
2008-04-24,34.5000,35.2900,33.4100,33.5900,25.8169,10118800
2008-04-25,33.8100,34.2900,33.5700,33.9900,26.1244,10066100
2008-04-28,34.0000,34.1500,33.4600,33.6400,25.8554,9751200
2008-04-29,33.4700,33.4800,32.9400,33.4000,25.6709,10580800
2008-04-30,33.6000,33.6000,32.5000,32.6300,25.0791,14293400
2008-05-01,32.7200,33.1800,32.3200,32.9000,25.2866,26252600
2008-05-02,33.0100,34.3600,33.0100,33.4700,25.7247,12916900
2008-05-05,33.5600,34.0300,33.0600,33.0700,25.4173,11348000
2008-05-06,33.0700,33.2700,32.5600,32.8000,25.2097,11935500
2008-05-07,32.7400,33.2300,32.5600,32.6600,25.1021,8573600
2008-05-08,32.7500,33.5700,32.5000,33.0000,25.3635,7207100
2008-05-09,33.0900,33.2100,32.6200,32.9400,25.3173,5168500
2008-05-12,33.1800,33.1800,32.5600,32.7800,25.1944,5080700
2008-05-13,32.8100,33.0900,32.5000,32.5500,25.0176,6172000
2008-05-14,32.5400,32.8000,32.0200,32.0200,24.6102,10210200
2008-05-15,32.1000,32.2300,31.4900,31.7000,24.3643,16034800
2008-05-16,32.1100,32.5900,31.8600,32.3200,24.8408,17738000
2008-05-19,32.5800,33.6100,32.4500,33.4400,25.7016,13271900
2008-05-20,33.6500,34.1900,33.4600,34.0500,26.1705,19432000
2008-05-21,34.0000,34.5300,33.8200,34.1600,26.2550,12849000
2008-05-22,34.5000,35.7700,34.0000,35.3000,27.1312,16315500
2008-05-23,35.5000,35.5400,34.3200,34.7500,26.7085,12066300
2008-05-27,34.6900,35.2300,34.6200,35.0200,26.9160,10348000
2008-05-28,35.0400,35.2400,34.2100,34.2300,26.3088,15387500
2008-05-29,34.1000,34.7700,34.0100,34.5000,26.5164,11342700
2008-05-30,34.5800,34.7300,34.0600,34.2100,26.2935,7643400
2008-06-02,34.2200,34.4200,33.6600,33.9900,26.1244,10343700
2008-06-03,34.0400,34.3000,33.5000,33.9500,26.0936,9692600
2008-06-04,33.9200,34.1100,33.6700,33.8200,25.9937,11208500
2008-06-05,33.8700,34.1600,33.5700,33.9400,26.0859,10629800
2008-06-06,33.7200,33.8900,32.9900,33.0300,25.3865,12431000
2008-06-09,33.0400,33.2500,32.7500,32.9300,25.3097,9009800
2008-06-10,33.0100,33.0100,32.4800,32.6000,25.0560,9300200
2008-06-11,32.4900,32.5900,31.7600,31.9500,24.5564,11565800
2008-06-12,32.0400,32.1100,30.9800,31.0100,23.8340,15830200
2008-06-13,30.3000,30.8900,30.0000,30.7400,23.6264,18258400
2008-06-16,30.6500,30.7400,29.9200,30.2000,23.2114,11135300
2008-06-17,30.2800,30.5100,29.9600,30.0000,23.0577,7366800
2008-06-18,29.9700,30.4000,29.8900,30.2200,23.2268,18323000
2008-06-19,27.1000,28.7100,26.9300,27.8900,21.4360,51415000
2008-06-20,27.8400,27.9500,27.0000,27.1200,20.8442,17673700
2008-06-23,27.2300,27.2400,26.2200,26.3900,20.2831,15516700
2008-06-24,26.1500,26.7500,25.9200,26.4300,20.3138,13895800
2008-06-25,26.4800,27.2400,26.4800,26.7900,20.5905,8488200
2008-06-26,26.4800,27.3000,25.8900,25.9700,19.9603,12442100
2008-06-27,26.3000,26.7000,25.9900,26.0100,19.9910,20100800
2008-06-30,26.0500,26.5800,25.5000,26.2500,20.1755,15309500
2008-07-01,26.1200,26.2000,25.2900,25.6300,19.6990,11956400
2008-07-02,27.0200,27.3000,25.0400,25.1200,19.3070,27401600
2008-07-03,24.5000,24.9900,22.7200,22.9600,17.6468,22763500
2008-07-07,22.7100,23.6700,22.6800,23.3100,17.9158,17254000
2008-07-08,22.7800,24.0900,22.5100,23.2800,17.8928,23354900
2008-07-09,23.3500,23.5600,22.7500,22.9300,17.6238,16839800
2008-07-10,22.9000,23.1700,22.1800,22.5800,17.3548,12975200
2008-07-11,21.7600,22.5500,21.5400,22.1600,17.0319,14181300
2008-07-14,22.1900,22.5000,22.0300,22.1800,17.0473,10634900
2008-07-15,21.9100,22.4200,21.2000,22.3300,17.1626,16152700
2008-07-16,22.4000,22.6600,21.9700,22.5300,17.3163,19159200
2008-07-17,22.6000,23.6700,22.4900,23.5800,18.1233,16009900
2008-07-18,23.7200,24.2900,23.2400,23.9000,18.3693,15625200
2008-07-21,24.1300,24.3400,23.7600,23.8300,18.3155,13714500
2008-07-22,24.4000,26.4000,24.1500,26.2100,20.1447,26171000
2008-07-23,27.9200,28.1300,27.2800,27.7600,21.3360,26577700
2008-07-24,27.7400,27.9400,26.8100,27.0200,20.7673,11180800
2008-07-25,27.0200,27.6000,26.9000,27.4500,21.0978,11244200
2008-07-28,27.4700,27.9500,26.7800,26.7800,20.5828,8837000
2008-07-29,26.8500,27.6600,26.6200,27.5300,21.1593,7623700
2008-07-30,27.6500,27.9300,26.6900,27.2800,20.9671,10490000
2008-07-31,27.1200,28.9700,27.1200,28.0800,21.5820,17290000
2008-08-01,27.9900,28.3100,27.4400,28.1300,21.6204,10702100
2008-08-04,28.7000,29.5000,27.5000,28.9600,22.2584,11467400
2008-08-05,28.9600,30.4800,28.9600,30.4500,23.4036,13067600
2008-08-06,30.4100,30.4100,29.3600,29.8600,22.9501,9772900
2008-08-07,29.7900,29.9500,29.0100,29.1600,22.4121,7074200
2008-08-08,29.2700,31.1900,29.2700,31.0000,23.8263,10644200
2008-08-11,31.0700,31.8700,30.2400,31.2500,24.0184,7417400
2008-08-12,31.3900,31.9400,31.1800,31.4800,24.1952,7479300
2008-08-13,31.4900,31.8300,30.8700,31.6100,24.2951,7219400
2008-08-14,31.7100,32.3600,31.1000,31.8900,24.5103,7737000
2008-08-15,31.9400,33.1000,31.1300,33.0100,25.3711,9848100
2008-08-18,33.2500,33.4900,31.9000,32.1300,24.6948,8541000
2008-08-19,31.9700,32.1300,29.9800,30.9700,23.8032,12564800
2008-08-20,30.9500,30.9600,29.8900,30.2400,23.2421,7075300
2008-08-21,30.1000,30.7300,29.8500,30.3000,23.2883,5937900
2008-08-22,30.4600,30.7200,30.1100,30.6100,23.5265,6666400
2008-08-25,30.5300,30.6500,29.1600,29.3100,22.5274,6565400
2008-08-26,29.3000,30.3600,29.0100,29.4600,22.6427,6095000
2008-08-27,29.4500,29.8600,28.8200,29.4300,22.6196,5643500
2008-08-28,29.5500,30.2200,29.4300,30.0600,23.1038,5952400
2008-08-29,30.0400,30.7500,29.8600,30.4500,23.4036,7137300
2008-09-02,30.4900,31.3900,29.0000,29.2800,22.5043,12849800
2008-09-03,29.1800,29.8000,28.9800,29.6800,22.8117,5111300
2008-09-04,29.5600,29.6200,27.7200,28.0600,21.5666,13517500
2008-09-05,27.9000,28.0100,27.2300,27.7100,21.2976,10914200
2008-09-08,28.6600,29.2500,28.2200,29.1600,22.4121,8880900
2008-09-09,29.0700,30.0300,28.4800,28.4800,21.8894,12618500
2008-09-10,28.5100,29.5800,28.4200,29.3100,22.5274,8168400
2008-09-11,28.5200,30.0000,28.5200,29.9600,23.0269,10032900
2008-09-12,30.0000,30.0000,28.9100,29.6100,22.7579,7194800
2008-09-15,28.7800,29.2100,27.9000,28.0100,21.5282,10762700
2008-09-16,27.7300,27.8000,25.8400,26.7800,20.5828,17597900
2008-09-17,26.5000,27.5000,25.5000,25.5100,19.6067,12287900
2008-09-18,25.8500,26.7200,24.9000,26.5700,20.4214,12795600
2008-09-19,29.9400,30.0000,26.3400,26.7900,20.5905,13050400
2008-09-22,27.0000,27.0900,26.1400,26.5200,20.3830,6717500
2008-09-23,26.2700,27.5000,25.2400,26.0000,19.9833,6472000
2008-09-24,26.0100,26.2700,24.9800,25.1000,19.2916,4908000
2008-09-25,25.1900,25.9600,25.1000,25.5000,19.5990,5511600
2008-09-26,25.0000,26.2000,25.0000,25.8100,19.8373,4545800
2008-09-29,25.2600,26.0000,21.0000,21.0000,16.1404,8695700
2008-09-30,23.6800,26.0000,23.6700,25.3900,19.5145,10648200
2008-10-01,25.9700,25.9700,24.7600,25.0800,19.2762,7038900
2008-10-02,25.0900,25.4600,24.7000,24.7600,19.0303,10096200
2008-10-03,25.0600,25.2900,23.9900,24.1100,18.5307,7621800
2008-10-06,23.7700,23.9900,21.6500,22.2600,17.1088,12613300
2008-10-07,22.5000,22.7500,20.5200,20.5200,15.7715,11134900
2008-10-08,20.2600,21.0200,19.2000,19.2000,14.7569,12460900
2008-10-09,20.1300,20.1700,17.5400,17.8000,13.6809,18043400
2008-10-10,16.6300,19.0000,14.5100,17.3500,13.3350,22748600
2008-10-13,18.0600,23.5200,17.8300,23.3800,17.9696,17691700
2008-10-14,24.3100,25.2500,22.6600,22.9900,17.6699,14809700
2008-10-15,22.5800,23.0400,21.5700,21.6700,16.6553,11159000
2008-10-16,23.6200,24.0000,20.7000,22.6300,17.3932,20106300
2008-10-17,22.9900,24.7200,22.5600,24.3900,18.7459,17641700
2008-10-20,24.6200,25.6100,24.2000,25.5100,19.6067,9741400
2008-10-21,25.1400,25.9900,25.0000,25.2500,19.4069,13449800
2008-10-22,23.7000,24.8200,22.7000,24.0600,18.4923,15369300
2008-10-23,24.2600,24.7900,22.1700,23.9300,18.3923,10879900
2008-10-24,22.1800,23.4500,21.2600,22.9100,17.6084,10412300
2008-10-27,22.3100,22.9300,20.2000,20.4300,15.7023,11761500
2008-10-28,21.2700,22.4800,20.0000,22.4500,17.2548,11767800
2008-10-29,22.3100,22.6800,21.0000,21.3200,16.3863,14461400
2008-10-30,22.6900,22.6900,21.1200,22.3900,17.2087,9410800
2008-10-31,22.0700,24.1900,21.3000,23.7300,18.2386,14807400
2008-11-03,23.6800,23.9900,23.2500,23.4900,18.0542,5451000
2008-11-04,24.3000,24.4900,22.5500,22.8200,17.5392,10569500
2008-11-05,22.5800,23.6400,22.4800,22.7700,17.5008,11475300
2008-11-06,22.6000,23.1700,21.9700,22.1600,17.0319,11371800
2008-11-07,22.4100,22.9200,21.8300,22.4300,17.2395,7309700
2008-11-10,22.5200,22.7300,21.0900,21.4400,16.4786,7087800
2008-11-11,21.0800,21.0800,19.5900,20.1600,15.4948,9592200
2008-11-12,20.0000,20.0000,18.8300,18.8700,14.5033,8305500
2008-11-13,18.9800,20.8700,17.8600,20.8400,16.0174,13802000
2008-11-14,20.2700,21.5800,20.0100,20.0200,15.3872,9847900
2008-11-17,19.7300,20.0300,18.8900,18.8900,14.5187,8951100
2008-11-18,18.5800,19.5500,18.1100,19.0300,14.6263,12303900
2008-11-19,18.9100,19.5200,17.7000,17.7300,13.6271,9254900
2008-11-20,17.6000,18.6500,15.9300,16.3000,12.5280,13078000
2008-11-21,16.7200,17.2000,15.1900,17.1500,13.1813,17653300
2008-11-24,17.5700,19.4000,17.2800,19.0700,14.6570,13471700
2008-11-25,19.5900,20.9900,19.4500,20.7300,15.9329,13391300
2008-11-26,19.9300,21.1600,19.7200,20.9800,16.1250,9609700
2008-11-28,20.8100,21.3800,20.7500,21.0100,16.1481,3549700
2008-12-01,21.6700,22.4400,20.0400,20.1200,15.4640,11531800
2008-12-02,20.5000,21.2200,19.2500,20.3200,15.6177,8941500
2008-12-03,19.8400,20.5300,19.0500,20.3800,15.6639,8016700
2008-12-04,20.0400,20.8700,19.5300,19.9000,15.2949,7406500
2008-12-05,19.5200,21.5700,19.2300,21.4100,16.4555,8246800
2008-12-08,21.9800,22.0900,20.8800,21.4500,16.4862,7721800
2008-12-09,21.2300,22.1800,20.1900,20.7800,15.9713,8246400
2008-12-10,21.0000,21.8100,20.8900,21.5700,16.5785,7030600
2008-12-11,21.3100,23.9600,21.2100,23.4900,18.0542,13822100
2008-12-12,22.8200,23.8400,22.5500,23.5400,18.0926,8309400
2008-12-15,23.6500,24.4800,23.4600,23.7800,18.2771,10733200
2008-12-16,23.0600,24.8900,22.5000,24.3500,18.7152,11878600
2008-12-17,23.9600,24.8400,23.6700,23.9000,18.3693,8141000
2008-12-18,24.1600,25.0800,23.6900,24.9100,19.1456,10148800
2008-12-19,25.0200,26.9200,24.9200,26.4900,20.3599,17398000
2008-12-22,26.4700,26.8200,25.0000,25.7400,19.7835,8160500
2008-12-23,25.9300,26.6000,25.7200,25.9800,19.9680,5888900
2008-12-24,26.1600,26.4800,25.4800,25.9600,19.9526,1965700
2008-12-26,26.0800,26.4800,25.9900,26.3000,20.2139,2108200
2008-12-29,26.4100,26.4100,25.0800,25.5700,19.6528,5507900
2008-12-30,25.8200,27.1100,25.7600,27.0400,20.7827,5886600
2008-12-31,27.0600,27.3100,26.2000,26.6000,20.4445,5584600
2009-01-02,26.7000,27.7200,26.5400,27.5900,21.2054,4885900
2009-01-05,27.4000,27.6700,26.5600,27.1400,20.8595,8518900
2009-01-06,27.1100,27.3700,25.8100,26.5000,20.3676,7423000
2009-01-07,26.7100,27.0800,26.0400,26.3000,20.2139,8228400
2009-01-08,26.1000,26.9100,25.7500,26.7100,20.5290,6106900
2009-01-09,26.7500,27.0000,25.8000,26.4500,20.3292,5931400
2009-01-12,26.5800,26.7900,25.2900,25.6200,19.6913,6242600
2009-01-13,24.9200,26.2900,24.8500,25.3600,19.4914,10393800
2009-01-14,24.7000,24.9600,23.7700,24.0800,18.5076,7846700
2009-01-15,24.0600,25.1400,23.8600,24.8900,19.1302,10735100
2009-01-16,25.3900,25.6200,24.7600,25.5000,19.5990,9587900
2009-01-20,25.4100,26.0100,24.0300,24.1600,18.5691,8196900
2009-01-21,24.2100,25.1200,23.8600,25.0500,19.2532,8206400
2009-01-22,25.4400,27.4400,25.2500,27.1900,20.8980,19846600
2009-01-23,27.1700,28.5700,25.9300,28.0400,21.5513,14194800
2009-01-26,28.1600,28.7200,27.8000,28.1500,21.6358,11956600
2009-01-27,28.2700,29.5000,28.0900,29.0800,22.3506,14528200
2009-01-28,29.6100,30.2500,29.2500,29.9900,23.0500,16850900
2009-01-29,29.6800,29.7000,28.5100,28.6900,22.0508,8842900
2009-01-30,28.7600,28.9000,27.6600,28.3300,21.7741,9325100
2009-02-02,28.0000,29.5000,27.8000,29.1500,22.4044,9313100
2009-02-03,29.6100,30.2500,28.6900,29.7400,22.8579,12365200
2009-02-04,29.8000,29.9400,28.7500,28.9800,22.2737,13014100
2009-02-05,28.6600,29.0800,28.5200,28.8000,22.1354,13264500
2009-02-06,28.7700,29.4300,28.5000,28.9400,22.2430,15279600
2009-02-09,29.6200,29.7000,28.9100,29.5200,22.6888,12664700
2009-02-10,29.2700,29.6600,27.8400,27.9700,21.4974,12561200
2009-02-11,27.8000,28.6900,27.6500,28.5500,21.9432,14523700
2009-02-12,27.8000,29.5400,27.5000,29.4800,22.6580,16370900
2009-02-13,29.4200,29.4400,28.6500,28.9600,22.2584,9258200
2009-02-17,28.1900,28.8300,27.2400,28.4200,21.8433,13399000
2009-02-18,28.4400,28.4400,27.8000,28.3300,21.7741,10999400
2009-02-19,28.5800,29.3900,28.2800,28.6500,22.0201,10142100
2009-02-20,28.1300,28.5600,27.5400,27.9800,21.5051,14396200
2009-02-23,26.6000,26.9000,23.3500,23.8200,18.3078,29258700
2009-02-24,23.7700,24.6900,23.6000,24.2100,18.6076,13996100
2009-02-25,24.1000,24.1000,22.5600,23.0300,17.7006,14346100
2009-02-26,23.3400,23.3400,19.5100,20.0700,15.4256,34614900
2009-02-27,20.1900,20.6000,19.4200,19.6500,15.1028,19846800
2009-03-02,19.1900,19.2500,17.0000,17.4800,13.4349,30818800
2009-03-03,17.7400,18.7600,16.8400,17.8000,13.6809,33608100
2009-03-04,18.1100,18.5100,17.6200,17.9600,13.8039,30539200
2009-03-05,17.5200,17.8400,16.1800,16.3500,12.5664,23363700
2009-03-06,16.5700,18.0700,16.3200,17.9000,13.7578,24728700
2009-03-09,17.6700,18.2900,17.1400,17.7900,13.6732,13752500
2009-03-10,17.6400,19.3800,17.6400,19.3100,14.8415,18763300
2009-03-11,19.4200,20.3100,18.7700,19.1200,14.6954,15788800
2009-03-12,19.0300,20.6000,18.8600,20.4100,15.6869,15471200
2009-03-13,20.5100,21.6800,20.3900,21.3600,16.4171,11716000
2009-03-16,21.6300,21.7500,20.6200,20.6800,15.8944,8086100
2009-03-17,21.1100,21.8400,20.3500,21.5400,16.5554,12679300
2009-03-18,21.3200,22.8900,21.2800,21.9500,16.8705,11402800
2009-03-19,22.2900,22.4000,21.0900,21.3000,16.3710,8968000
2009-03-20,21.7100,21.8600,20.2500,20.6300,15.8560,13299800
2009-03-23,21.2000,22.0700,20.5400,22.0500,16.9474,10350900
2009-03-24,21.6800,22.0000,21.1100,21.1200,16.2326,8353700
2009-03-25,21.2900,21.6700,20.6100,21.1800,16.2787,14040500
2009-03-26,21.1700,21.8000,20.8700,21.6200,16.6169,12733100
2009-03-27,21.3000,21.5500,20.9000,21.0800,16.2019,6794600
2009-03-30,20.4500,20.8700,20.1600,20.5400,15.7868,8537100
2009-03-31,20.8500,21.6200,20.6000,20.9300,16.1101,9877800
2009-04-01,20.6100,21.1000,19.8500,20.6800,15.9177,12819300
2009-04-02,21.1700,21.7600,20.8300,21.0700,16.2179,14884600
2009-04-03,21.0500,21.5000,20.1400,20.5400,15.8099,9655100
2009-04-06,20.3300,22.0500,20.2500,21.9300,16.8798,12855600
2009-04-07,21.4000,23.7600,20.7000,23.4500,18.0498,21519900
2009-04-08,24.1200,24.3900,22.5500,22.8600,17.5957,15949800
2009-04-09,23.5600,23.9100,23.0000,23.8600,18.3654,8783700
2009-04-13,24.1200,24.5800,23.5000,24.3700,18.7579,10678000
2009-04-14,24.1800,24.8700,23.6800,24.5000,18.8580,11141200
2009-04-15,24.3400,25.8500,24.0800,25.1100,19.3275,15740600
2009-04-16,25.3200,26.1000,23.6700,24.3600,18.7502,12370500
2009-04-17,24.3200,24.4000,23.1000,24.1400,18.5809,13915400
2009-04-20,23.5200,24.8700,23.5200,24.2100,18.6348,9951200
2009-04-21,25.3800,25.7100,22.7200,22.8000,17.5495,23880900
2009-04-22,22.8600,23.6300,22.5000,22.8100,17.5572,17248100
2009-04-23,23.1000,23.5500,21.9500,23.1600,17.8266,15036800
2009-04-24,23.4300,23.6100,22.5600,23.0600,17.7496,14607200
2009-04-27,23.2000,23.5600,22.7300,23.0100,17.7111,11906800
2009-04-28,23.0000,24.5400,22.6900,23.8900,18.3885,14061200
2009-04-29,24.0500,24.2500,23.2700,23.8700,18.3731,11349100
2009-04-30,24.4000,24.4600,23.3700,23.5200,18.1037,10722700
2009-05-01,23.5600,23.5800,22.7400,22.9700,17.6803,10355700
2009-05-04,22.9800,23.7600,22.8000,23.7200,18.2576,9592300
2009-05-05,23.6200,25.6800,23.6200,25.5600,19.6739,13811900
2009-05-06,25.7400,26.0000,25.2500,25.9300,19.9587,9675400
2009-05-07,25.8000,28.5200,25.8000,28.3900,21.8522,17479200
2009-05-08,28.7400,29.6900,28.5400,28.8700,22.2216,17012400
2009-05-11,28.2600,28.5300,27.4000,27.5900,21.2364,9914700
2009-05-12,27.0600,27.8000,26.3700,27.3200,21.0286,9918900
2009-05-13,27.0700,28.3000,26.5000,27.6600,21.2903,9800700
2009-05-14,27.6700,28.2100,27.0200,27.8000,21.3980,6013100
2009-05-15,27.7400,28.7400,27.1700,27.5100,21.1748,8907900
2009-05-18,27.6900,27.8300,26.6000,27.8100,21.4057,10816500
2009-05-19,27.7100,28.2100,27.2500,27.4600,21.1363,6927600
2009-05-20,27.6800,28.3800,27.1300,27.7800,21.3827,9396300
2009-05-21,27.3600,28.4700,26.6400,26.9200,20.7207,9292300
2009-05-22,26.9500,27.3400,26.1300,26.3000,20.2435,6591500
2009-05-26,26.2100,27.4100,25.8600,27.1900,20.9285,10316400
2009-05-27,26.9500,27.8500,26.9100,27.4900,21.1594,7596100
2009-05-28,27.4600,28.3700,27.0700,27.1900,20.9285,9964100
2009-05-29,27.2700,27.3800,26.0000,26.6000,20.4744,11723600
2009-06-01,26.9000,27.6600,26.6600,27.5000,21.1671,8330000
2009-06-02,27.7200,28.4300,27.1200,28.1000,21.6290,9444800
2009-06-03,27.2900,27.8400,26.6000,27.5000,21.1671,11787700
2009-06-04,27.7300,27.9300,27.0200,27.2700,20.9901,6605900
2009-06-05,27.6300,27.7500,26.3100,27.1000,20.8592,8517500
2009-06-08,26.9900,27.0000,25.6600,26.0500,20.0510,10476700
2009-06-09,26.3800,26.4700,25.3600,25.9800,19.9972,12179500
2009-06-10,26.0200,26.2800,25.4200,25.7300,19.8047,9867400
2009-06-11,23.7500,24.3300,23.2300,24.0500,18.5116,31038100
2009-06-12,23.8000,24.4300,23.4800,24.2100,18.6348,15141300
2009-06-15,24.0100,24.1600,23.4300,23.5100,18.0960,13557500
2009-06-16,23.6500,24.8900,23.2700,24.0200,18.4885,14164100
2009-06-17,24.0300,24.6500,23.8300,24.0200,18.4885,12144300
2009-06-18,24.0800,25.6800,23.9700,25.4500,19.5892,16954800
2009-06-19,25.9300,26.4800,25.0200,25.4300,19.5738,21833600
2009-06-22,25.0900,25.1800,24.4700,24.5600,18.9042,9727600
2009-06-23,24.4900,25.3700,24.1900,24.5400,18.8888,9052100
2009-06-24,24.6000,25.3400,24.3600,24.8100,19.0966,9147500
2009-06-25,24.6400,25.9100,24.5500,24.9900,19.2352,14774400
2009-06-26,24.9300,25.2400,24.5500,24.7700,19.0658,15564900
2009-06-29,24.8000,25.2400,24.4900,25.1200,19.3352,7976400
2009-06-30,25.0100,25.4500,24.6300,24.9800,19.2275,10177400
2009-07-01,25.0900,25.4800,24.6500,25.1600,19.3660,6875300
2009-07-02,24.9300,25.1100,23.8900,23.9100,18.4039,10398500
2009-07-06,23.9100,24.2800,23.6900,24.0900,18.5424,7908100
2009-07-07,24.0500,26.3100,24.0000,25.1700,19.3737,19892000
2009-07-08,25.2600,25.3600,23.9100,24.6700,18.9888,11864900
2009-07-09,24.8800,25.6000,24.2200,24.9400,19.1967,8967800
2009-07-10,24.9000,25.4000,24.3900,24.6700,18.9888,5621200
2009-07-13,24.7200,25.1200,24.2700,25.0100,19.2505,5801600
2009-07-14,25.5700,25.7300,24.6100,24.7700,19.0658,9708400
2009-07-15,25.0600,25.0900,24.1500,24.9100,19.1736,12532300
2009-07-16,24.8000,25.5500,24.3200,25.2500,19.4353,11892400
2009-07-17,25.2600,25.5000,24.7900,25.0900,19.3121,9050100
2009-07-20,25.2500,25.2500,24.3600,24.8400,19.1197,8006700
2009-07-21,25.4800,25.8700,24.9500,25.5900,19.6970,12851000
2009-07-22,25.6100,26.6000,25.3700,26.0000,20.0126,11307100
2009-07-23,26.2500,27.3400,26.0400,27.0500,20.8208,9955300
2009-07-24,27.2300,27.5300,26.0000,27.3200,21.0286,7961000
2009-07-27,27.0900,28.2000,27.0600,27.6200,21.2595,7030300
2009-07-28,27.7800,29.7100,27.4600,29.0800,22.3833,17732800
2009-07-29,28.5300,29.6000,28.2000,28.4100,21.8676,17007300
2009-07-30,28.8400,29.0100,27.7500,28.1000,21.6290,13690200
2009-07-31,28.0800,28.3600,27.7400,28.0600,21.5982,8317500
2009-08-03,28.3400,28.4000,27.0700,27.3600,21.0594,12181300
2009-08-04,27.1900,27.4800,26.5000,26.9300,20.7284,8508800
2009-08-05,26.8800,26.8900,26.0400,26.1800,20.1511,7892500
2009-08-06,26.2700,26.4500,25.4200,25.9800,19.9972,11043400
2009-08-07,26.0800,26.6500,25.9900,26.5100,20.4051,8506500
2009-08-10,26.4700,27.1400,26.1800,27.0700,20.8362,7705000
2009-08-11,27.0600,27.9600,26.8000,27.8200,21.4134,11762400
2009-08-12,27.7600,28.1200,27.5000,27.7900,21.3903,6901500
2009-08-13,27.6400,28.4200,27.1900,28.3700,21.8368,7858600
2009-08-14,28.0800,28.4900,27.6100,28.0600,21.5982,6718400
2009-08-17,27.7200,29.6700,27.7200,28.4800,21.9214,14909500
2009-08-18,28.3800,28.4800,27.8000,28.1800,21.6905,8269600
2009-08-19,27.7500,28.2900,27.6100,28.1800,21.6905,7561900
2009-08-20,28.0600,28.9400,28.0200,28.3900,21.8522,8741100
2009-08-21,28.7200,29.0500,28.2700,28.9200,22.2601,8182700
2009-08-24,29.0900,29.7200,28.5500,29.6900,22.8528,11908000
2009-08-25,29.7700,30.0000,29.1800,29.9200,23.0298,10207500
2009-08-26,29.8300,29.8400,28.8100,28.9300,22.2678,10143100
2009-08-27,28.8200,29.2100,28.5200,28.9400,22.2755,7784000
2009-08-28,29.1000,29.1300,27.9800,28.1800,21.6905,9074200
2009-08-31,27.9700,28.7900,27.7000,28.0000,21.5520,7603900
2009-09-01,27.9400,28.4700,27.2700,27.3300,21.0363,10171000
2009-09-02,27.3700,29.1300,27.3600,28.6600,22.0600,14380400
2009-09-03,28.9400,29.1000,28.0300,28.8700,22.2216,10479600
2009-09-04,28.8000,29.2500,28.5500,28.8800,22.2293,5837100
2009-09-08,28.9900,29.0000,27.5900,27.8400,21.4288,13752600
2009-09-09,28.0200,28.4400,27.7000,28.4000,21.8599,10975000
2009-09-10,28.1500,29.1800,28.0500,29.1100,22.4064,9136500
2009-09-11,29.1200,29.4100,28.7700,29.0700,22.3756,5430600
2009-09-14,28.8500,29.1700,28.4300,28.7600,22.1370,7354500
2009-09-15,28.8200,28.8300,27.6600,27.7000,21.3211,13570400
2009-09-16,27.9500,29.3400,27.8100,29.2900,22.5449,14119100
2009-09-17,29.4500,29.8800,29.1300,29.3400,22.5834,11461300
2009-09-18,28.8900,29.2600,28.4100,28.5800,21.9984,15698600
2009-09-21,28.4500,28.9400,28.2200,28.5900,22.0061,8258400
2009-09-22,28.7200,28.7800,27.5100,27.5800,21.2287,12943800
2009-09-23,27.8500,27.8500,26.6300,26.6800,20.5360,15226100
2009-09-24,26.7300,27.0400,25.9800,26.0300,20.0357,13992100
2009-09-25,26.0100,26.1800,25.1300,25.3400,19.5046,16839100
2009-09-28,25.4400,26.0900,25.3600,25.8000,19.8586,8795400
2009-09-29,25.9200,26.4400,24.9400,25.6800,19.7663,23216300
2009-09-30,25.1500,25.6000,24.5200,25.0400,19.2736,22933900
2009-10-01,24.8900,25.6400,24.7000,24.7900,19.0812,17202100
2009-10-02,24.6800,24.9100,23.9500,24.2800,18.6886,11219600
2009-10-05,24.3800,24.5000,23.9500,24.0400,18.5039,12436800
2009-10-06,24.4600,24.5900,23.8200,24.3800,18.7656,11192200
2009-10-07,24.4200,25.3400,24.4000,25.0500,19.2813,12081700
2009-10-08,24.2900,24.4300,23.5000,24.1600,18.5963,24531700
2009-10-09,24.4500,25.0500,24.4100,24.6700,18.9888,16555000
2009-10-12,24.8100,25.5200,24.8100,25.2300,19.4199,13952400
2009-10-13,25.1700,25.1700,23.9600,24.2900,18.6963,19003700
2009-10-14,24.6200,24.9300,24.3500,24.8700,19.1428,9801800
2009-10-15,24.7700,24.9100,24.3800,24.5500,18.8965,11123600
2009-10-16,24.7100,24.9600,24.3300,24.4500,18.8195,12367000
2009-10-19,24.5700,24.9900,24.4100,24.9200,19.1813,10270400
2009-10-20,25.6800,26.5200,25.5000,25.9600,19.9818,21392200
2009-10-21,25.9700,26.0700,25.0300,25.1200,19.3352,11959800
2009-10-22,25.0500,26.0000,25.0200,25.7100,19.7893,13756100
2009-10-23,26.1000,26.2200,25.6000,25.8500,19.8971,8293000
2009-10-26,25.9300,26.1900,25.2900,25.3100,19.4815,14347500
2009-10-27,25.3000,26.8000,25.1900,26.5000,20.3974,20485300
2009-10-28,26.2900,26.5100,25.8100,25.8800,19.9202,11505700
2009-10-29,26.0600,26.5900,26.0000,26.4700,20.3743,13044200
2009-10-30,26.3200,26.7900,25.9000,25.9500,19.9741,11745700
2009-11-02,26.0200,26.6100,25.6400,26.4200,20.3358,8189400
2009-11-03,26.5800,27.0000,26.2600,26.9100,20.7130,11443700
2009-11-04,27.6200,28.9600,27.6200,27.8700,21.4519,22424700
2009-11-05,27.9500,28.3800,27.6700,28.2100,21.7136,11991700
2009-11-06,28.1000,28.7400,27.8000,28.6700,22.0677,11891400
2009-11-09,28.3100,29.2400,28.2000,29.1300,22.4218,11751800
2009-11-10,29.0000,29.1800,28.6200,28.9700,22.2986,8063300
2009-11-11,28.9900,29.4300,28.6600,29.3700,22.6065,8794200
2009-11-12,29.4300,29.4300,28.6900,28.7600,22.1370,8428600
2009-11-13,28.8800,29.3500,28.8500,29.0800,22.3833,6267600
2009-11-16,29.2300,29.5000,28.9500,29.1500,22.4372,8281300
2009-11-17,28.9600,29.1800,28.7900,28.9700,22.2986,6103400
2009-11-18,28.9700,29.1100,28.6500,28.8700,22.2216,7327600
2009-11-19,28.6600,28.7200,27.8700,28.6300,22.0369,6991000
2009-11-20,28.3000,28.7700,28.3000,28.5600,21.9830,9008200
2009-11-23,28.9400,29.5800,28.9300,29.0800,22.3833,9622100
2009-11-24,29.3300,29.6900,28.8500,29.5600,22.7527,7241100
2009-11-25,29.5800,29.7400,29.3700,29.5400,22.7374,8060900
2009-11-27,28.9900,29.6400,28.7000,29.4400,22.6604,5456500
2009-11-30,29.4400,29.4900,28.5000,28.6700,22.0677,12634400
2009-12-01,29.0000,29.1900,28.6300,28.7000,22.0908,9705800
2009-12-02,28.7200,28.8000,28.1600,28.2900,21.7752,11500500
2009-12-03,28.2700,28.4600,27.3000,27.3300,21.0363,15325700
2009-12-04,27.6500,28.0500,27.3000,27.4600,21.1363,11814700
2009-12-07,27.5400,28.4700,27.5200,28.3000,21.7829,11281000
2009-12-08,28.1600,28.9200,28.0700,28.4600,21.9060,15897400
2009-12-09,28.8800,29.6000,28.1300,28.5000,21.9368,19103600
2009-12-10,28.7200,30.7200,28.5400,30.3100,23.3300,27521700
2009-12-11,30.4300,31.0400,30.4000,30.4800,23.4609,19072800
2009-12-14,30.8800,31.2400,30.7600,30.9500,23.8226,20357700
2009-12-15,30.9000,31.3800,30.8800,31.3200,24.1074,28990900
2009-12-16,31.5000,32.3200,31.4100,32.2000,24.7848,34897200
2009-12-17,32.0900,32.3300,31.3100,31.8200,24.4923,14802800
2009-12-18,31.8800,32.0000,31.0800,31.5400,24.2768,15694400
2009-12-21,31.9700,33.2500,31.9200,32.1700,24.7617,24416000
2009-12-22,32.3900,32.5100,32.1800,32.3200,24.8772,10356400
2009-12-23,32.2300,32.6500,31.5200,31.6200,24.3384,9500100
2009-12-24,31.8900,31.9000,31.2500,31.6800,24.3845,4963400
2009-12-28,31.5300,31.8400,31.0800,31.3900,24.1613,7968700
2009-12-29,31.0900,31.4600,30.7200,30.8500,23.7457,9200000
2009-12-30,30.8500,31.0100,30.6000,31.0100,23.8688,5806300
2009-12-31,30.9500,31.1500,30.4500,30.4800,23.4609,5354200
2010-01-04,31.3800,31.6000,30.9700,31.5300,24.2691,12199500
2010-01-05,31.7300,31.9700,31.2800,31.4800,24.2306,11180700
2010-01-06,31.6000,32.0600,31.4100,31.7900,24.4692,9761100
2010-01-07,31.5900,33.0500,31.5900,33.0100,25.4082,11789800
2010-01-08,32.8600,32.9200,32.3400,32.7000,25.1696,7228700
2010-01-11,32.7100,33.1300,32.7000,32.9200,25.3390,7206900
2010-01-12,32.7000,32.9100,31.5400,32.0500,24.6693,13121500
2010-01-13,31.9900,32.5500,31.6800,32.5400,25.0465,8797200
2010-01-14,32.6800,33.3300,32.3300,33.3200,25.6469,8818300
2010-01-15,33.5400,33.9900,33.1000,33.7500,25.9778,19382000
2010-01-19,34.5600,35.9000,34.5000,35.1300,27.0401,26477900
2010-01-20,35.9400,36.0700,34.2900,34.5500,26.5936,26854700
2010-01-21,35.4300,35.6900,33.0000,33.1000,25.4775,29192700
2010-01-22,33.8200,34.1100,33.1000,33.1600,25.5237,21021600
2010-01-25,33.5600,33.7200,32.9600,33.0000,25.4005,10925800
2010-01-26,32.5100,32.9100,32.4400,32.4400,24.9695,11057200
2010-01-27,32.3400,33.5300,32.1100,33.2400,25.5853,14387100
2010-01-28,33.3300,34.0900,33.0400,33.4300,25.7315,16742100
2010-01-29,33.4200,33.8000,32.9600,33.0000,25.4005,11931500
2010-02-01,33.0300,33.4100,32.2200,33.1300,25.5006,13710200
2010-02-02,33.1400,34.1200,32.9300,34.0500,26.2088,12114600
2010-02-03,34.0500,34.0500,32.8200,33.3200,25.6469,8410400
2010-02-04,33.2400,33.2400,32.3900,32.4600,24.9849,10648500
2010-02-05,32.4200,32.6300,31.8400,32.5400,25.0465,12666000
2010-02-08,32.2300,32.9500,32.2300,32.4100,24.9464,9558200
2010-02-09,32.7200,33.0600,32.0000,33.0000,25.4005,11236500
2010-02-10,33.0000,33.1700,32.3000,32.7100,25.1773,10755200
2010-02-11,32.7100,33.2000,32.4400,33.1200,25.4929,7857600
2010-02-12,32.7800,32.8500,32.0300,32.1800,24.7694,11688700
2010-02-16,32.3300,32.6000,31.3900,31.6300,24.3460,13934200
2010-02-17,31.6800,33.2100,31.6800,32.5500,25.0542,11690900
2010-02-18,32.2300,32.9900,32.1200,32.6900,25.1620,10327100
2010-02-19,32.4200,32.7700,31.8300,31.9400,24.5847,11508200
2010-02-22,32.1100,33.1200,31.8800,33.0800,25.4621,16338800
2010-02-23,32.8700,33.1700,32.3600,32.8100,25.2543,10746500
2010-02-24,32.8800,33.6600,32.3600,33.6200,25.8778,10982600
2010-02-25,33.3200,33.9800,32.8400,33.4500,25.7469,14779500
2010-02-26,33.5200,34.3000,33.3600,33.8600,26.0625,9684700
2010-03-01,34.0000,34.7200,33.5300,34.0400,26.2011,10970800
2010-03-02,34.1100,34.3700,33.6100,33.9500,26.1318,7081500
2010-03-03,34.0500,34.3500,33.7700,34.1000,26.2472,8089700
2010-03-04,34.0500,34.1000,32.4200,32.9500,25.3621,17386600
2010-03-05,33.0300,33.7900,32.9600,33.7400,25.9701,8133300
2010-03-08,33.7400,33.8400,33.0300,33.1000,25.4775,7734800
2010-03-09,33.1800,33.4500,33.0700,33.0800,25.4621,8770800
2010-03-10,33.0200,33.5500,32.9400,33.2400,25.5853,7419000
2010-03-11,33.0900,33.5600,32.9400,33.5000,25.7854,14678000
2010-03-12,33.6800,33.7400,32.7800,32.9100,25.3313,9450400
2010-03-15,32.7800,32.7800,31.9300,32.5300,25.0388,13520100
2010-03-16,32.1500,33.1100,32.0900,33.0500,25.4390,12932100
2010-03-17,33.1600,33.1600,32.2600,32.7500,25.2081,10614400
2010-03-18,32.4600,33.6900,31.9800,33.5900,25.8547,15407200
2010-03-19,34.3900,34.7000,33.7200,34.3900,26.4705,21827600
2010-03-22,34.4700,35.1600,33.2100,33.3000,25.6315,20218800
2010-03-23,33.3600,33.4600,32.9600,33.1600,25.5237,11409500
2010-03-24,33.1400,33.3400,32.7200,32.7200,25.1850,10825800
2010-03-25,32.7600,33.2600,32.6000,33.1200,25.4929,14786200
2010-03-26,33.1000,33.2700,32.6000,32.6300,25.1158,8751000
2010-03-29,32.6600,33.0200,32.5200,32.8400,25.2774,7967200
2010-03-30,32.7900,33.2900,32.6000,33.0600,25.4467,7253100
2010-03-31,32.9000,33.1100,32.5000,32.6700,25.1466,6961600
2010-04-01,32.8000,32.9900,32.5200,32.9900,25.4162,6713400
2010-04-05,33.1200,33.2200,32.7700,33.1400,25.5318,6722000
2010-04-06,33.2700,34.0000,33.2500,33.4100,25.7398,9430900
2010-04-07,33.5300,33.5300,32.7400,32.9300,25.3700,8395900
2010-04-08,32.8400,32.9600,32.2000,32.6200,25.1311,11174600
2010-04-09,32.6600,32.7100,31.6100,32.2600,24.8538,12831400
2010-04-12,32.1800,32.3800,32.0100,32.2600,24.8538,8763300
2010-04-13,32.4400,32.6800,31.8300,32.1600,24.7767,11119100
2010-04-14,32.1100,32.1200,30.9400,31.0500,23.9216,16499100
2010-04-15,31.0700,31.3000,30.0800,30.6300,23.5980,25271500
2010-04-16,30.5400,31.1100,30.3400,30.7300,23.6750,15355500
2010-04-19,30.5600,31.6700,30.5600,31.2300,24.0603,13524400
2010-04-20,32.2200,32.2300,30.2600,30.9800,23.8677,26564000
2010-04-21,31.1400,31.4500,30.0900,30.2600,23.3129,13735400
2010-04-22,30.2500,30.5200,29.8800,30.4600,23.4670,14148700
2010-04-23,30.3100,30.9700,30.2800,30.9500,23.8445,14799000
2010-04-26,31.1200,31.1500,29.7000,29.8500,22.9971,16596800
2010-04-27,29.8400,30.3600,29.6200,29.8000,22.9586,16204300
2010-04-28,29.9300,30.6200,29.7100,30.4400,23.4516,13270600
2010-04-29,30.8100,31.7400,30.7900,31.3000,24.1142,13609500
2010-04-30,31.3400,31.3400,30.2200,30.3100,23.3515,15545900
2010-05-03,30.5000,30.5800,29.8900,30.2600,23.3129,9553500
2010-05-04,30.0100,30.0500,29.2800,29.4900,22.7197,11745200
2010-05-05,29.2400,30.1000,29.1400,30.0000,23.1126,11359500
2010-05-06,30.1500,30.2700,27.9700,29.2400,22.5271,10439100
2010-05-07,29.0500,29.2800,28.2500,29.0200,22.3576,14194800
2010-05-10,28.9800,30.0600,28.9200,29.8800,23.0202,9059800
2010-05-11,29.8100,30.0800,29.5500,29.8500,22.9971,9614100
2010-05-12,29.8500,30.3800,29.7900,30.3200,23.3592,11345400
2010-05-13,30.2000,30.4300,29.9300,30.1800,23.2513,7148300
2010-05-14,29.9700,30.4800,29.5600,30.3900,23.4131,12201000
2010-05-17,30.4700,30.7300,29.8700,30.4400,23.4516,8658100
2010-05-18,30.5300,30.7400,30.0800,30.1800,23.2513,8907900
2010-05-19,30.1100,30.2500,29.7500,29.9900,23.1049,10096000
2010-05-20,29.5200,29.6500,28.9500,28.9600,22.3114,10194300
2010-05-21,28.5400,29.0700,28.1600,28.7000,22.1111,11502800
2010-05-24,28.5900,29.1800,28.1700,28.8300,22.2112,7996700
2010-05-25,28.3300,28.8900,28.1100,28.8700,22.2421,8547300
2010-05-26,29.0500,29.5500,28.7700,28.7900,22.1804,9613100
2010-05-27,29.3100,29.3200,28.8500,29.3200,22.5888,6502100
2010-05-28,29.2900,29.4100,28.8500,29.0700,22.3961,11697300
2010-06-01,29.1800,29.6100,28.8900,28.9800,22.3268,8178500
2010-06-02,29.1200,29.9400,28.8700,29.9100,23.0433,7967800
2010-06-03,29.9200,30.4900,29.6600,30.4600,23.5655,8064800
2010-06-04,30.0900,31.6100,29.8900,30.3400,23.4727,16676300
2010-06-07,30.4700,31.0700,29.3200,30.4600,23.5655,16847400
2010-06-08,30.4300,31.1100,30.2600,30.8900,23.8982,18435500
2010-06-09,30.8900,31.1600,30.4500,30.5300,23.6197,10126400
2010-06-10,30.9200,31.1200,30.2200,30.7000,23.7512,11766600
2010-06-11,30.5000,30.8300,30.1300,30.6700,23.7280,9072700
2010-06-14,30.7200,30.9400,30.5500,30.5900,23.6661,8390100
2010-06-15,30.9000,31.2100,30.7600,31.1900,24.1303,9569200
2010-06-16,30.8400,31.6300,30.8400,31.3900,24.2850,10152000
2010-06-17,31.5400,31.5400,31.1700,31.5000,24.3701,9370800
2010-06-18,31.5000,31.6200,31.2000,31.3300,24.2386,10243000
2010-06-21,31.6100,31.8000,31.0500,31.1500,24.0993,7110500
2010-06-22,31.1100,31.3400,30.5800,30.6400,23.7048,6578200
2010-06-23,30.7700,30.9200,30.1200,30.2100,23.3721,8358400
2010-06-24,30.0800,30.1500,29.6300,29.7600,23.0240,8952600
2010-06-25,29.7500,30.1100,29.5800,29.8800,23.1168,14216100
2010-06-28,29.8700,30.3300,29.1200,29.1900,22.5830,9883000
2010-06-29,28.8800,29.0300,28.4600,28.6300,22.1497,14389900
2010-06-30,28.5100,28.7600,28.3100,28.4000,21.9718,11078500
2010-07-01,28.3100,28.3100,27.1300,27.8500,21.5463,15600900
2010-07-02,27.8900,28.4500,27.7900,28.3000,21.8944,9312900
2010-07-06,28.4900,29.0600,28.2900,28.8900,22.3509,13395000
2010-07-07,28.9800,29.2500,28.8000,29.2000,22.5907,8978500
2010-07-08,29.3200,29.8900,29.2500,29.6800,22.9621,8996400
2010-07-09,29.7500,30.1300,29.5200,29.9700,23.1864,6971100
2010-07-12,29.9100,30.0700,29.6100,30.0400,23.2406,8901800
2010-07-13,30.2400,30.2700,29.8000,30.1400,23.3179,6905100
2010-07-14,30.0000,30.3900,29.7800,30.3200,23.4572,4711100
2010-07-15,30.3200,30.9300,30.1200,30.8800,23.8905,9214500
2010-07-16,30.7300,31.1200,30.1500,30.3400,23.4727,9411300
2010-07-19,30.4800,30.9600,30.2900,30.8200,23.8440,8575500
2010-07-20,31.3500,31.4900,30.2400,30.8300,23.8518,13493900
2010-07-21,30.8500,31.1300,30.5800,30.7000,23.7512,8884400
2010-07-22,31.0900,31.2000,30.6500,31.0000,23.9833,9202600
2010-07-23,31.0000,31.2500,30.7400,30.9200,23.9214,5746700
2010-07-26,30.8400,31.4900,30.8400,31.4700,24.3469,5479000
2010-07-27,31.5300,31.7200,30.6300,30.7800,23.8131,11856600
2010-07-28,30.7900,30.9200,30.1500,30.3300,23.4649,7981800
2010-07-29,30.4900,30.8800,30.0400,30.4400,23.5500,5540300
2010-07-30,30.2000,30.6800,29.9400,30.4500,23.5578,4893200
2010-08-02,30.8900,31.5600,30.8300,31.4400,24.3237,7440900
2010-08-03,31.3900,32.5800,31.2700,32.4200,25.0819,9954200
2010-08-04,32.4300,33.2400,32.4000,32.9100,25.4610,9379500
2010-08-05,32.7600,33.4900,32.6800,33.4200,25.8555,7829600
2010-08-06,33.0800,33.5500,32.9600,33.4500,25.8787,7479400
2010-08-09,33.5000,33.7900,33.3600,33.4900,25.9097,6059400
2010-08-10,33.3000,33.6200,32.9600,33.3300,25.7859,7957600
2010-08-11,32.8500,33.1500,31.7400,31.9900,24.7492,17250600
2010-08-12,31.7100,32.2400,31.5700,32.1300,24.8575,8998000
2010-08-13,32.0100,32.1900,31.6500,32.0300,24.7802,6868600
2010-08-16,31.8500,31.9900,31.3700,31.9000,24.6796,5231900
2010-08-17,32.2300,32.5800,31.9800,32.3500,25.0277,5544800
2010-08-18,32.2800,32.9600,32.1200,32.5400,25.1747,6444900
2010-08-19,32.3700,32.4700,31.7600,31.7900,24.5945,7067700
2010-08-20,31.7500,31.8300,31.3900,31.6100,24.4552,5330200
2010-08-23,31.6300,32.1700,31.4700,31.5000,24.3701,5077300
2010-08-24,31.2000,31.4200,30.8600,31.0400,24.0142,7509700
2010-08-25,30.9300,32.2500,30.8200,31.9600,24.7260,10921200
2010-08-26,32.0400,32.3900,31.8500,31.8500,24.6409,9944700
2010-08-27,31.9600,32.4200,31.4800,32.3700,25.0432,7051400
2010-08-30,32.3300,32.4800,31.8800,31.9100,24.6873,7173200
2010-08-31,31.8100,32.2100,31.4200,31.7200,24.5403,8650800
2010-09-01,32.0100,32.6300,31.8400,32.5900,25.2134,8623100
2010-09-02,32.8300,32.9300,32.2900,32.8600,25.4223,5430000
2010-09-03,32.9500,33.9100,32.9100,33.9100,26.2346,7760900
2010-09-07,33.7600,34.0900,33.6200,33.7800,26.1341,6831800
2010-09-08,33.7800,33.9600,33.3300,33.8500,26.1882,8552100
2010-09-09,34.1000,34.2500,33.9200,34.0200,26.3197,7507100
2010-09-10,33.9900,34.6400,33.8000,34.4900,26.7818,8940700
2010-09-13,34.7900,35.2800,34.6700,34.7200,26.9604,7101400
2010-09-14,34.0100,35.0000,33.9800,34.6100,26.8749,8716000
2010-09-15,34.5000,34.6000,33.9700,34.2700,26.6109,11169600
2010-09-16,34.2300,34.3900,33.9200,34.2400,26.5876,6153700
2010-09-17,34.4600,34.6100,34.1300,34.1300,26.5022,7286900
2010-09-20,34.3700,35.0300,34.3500,34.9300,27.1234,5639200
2010-09-21,34.8900,35.5000,34.8300,35.2600,27.3797,6428000
2010-09-22,35.1200,35.7000,34.9100,35.6800,27.7058,7184300
2010-09-23,35.4000,35.8000,35.1900,35.4400,27.5194,6711800
2010-09-24,35.9400,35.9400,35.6000,35.7300,27.7446,8558100
2010-09-27,35.8300,35.8300,35.2500,35.3500,27.4495,7505200
2010-09-28,35.4500,35.6100,34.9100,35.0400,27.2088,8410300
2010-09-29,34.9100,35.2100,34.7100,35.2000,27.3331,7872500
2010-09-30,35.4900,35.5600,35.0800,35.1100,27.2632,7847200
2010-10-01,35.0700,35.4700,34.7600,35.4300,27.5117,6503500
2010-10-04,35.3000,35.3000,34.3500,34.5400,26.8206,5883300
2010-10-05,34.7700,35.1300,34.5500,35.0700,27.2321,6887400
2010-10-06,35.0400,35.2200,33.9400,33.9500,26.3624,13815400
2010-10-07,34.3900,34.5900,34.1100,34.3400,26.6653,6878900
2010-10-08,34.4500,34.5500,34.1900,34.3500,26.6730,6022300
2010-10-11,34.0900,34.9000,34.0700,34.6500,26.9060,6746300
2010-10-12,34.5200,35.0600,34.4400,35.0200,27.1933,6766300
2010-10-13,35.0900,35.6200,35.0200,35.3200,27.4263,8050100
2010-10-14,35.2600,36.2600,35.2300,35.7800,27.7834,10274300
2010-10-15,36.0100,36.2300,35.7700,35.9800,27.9387,7825200
2010-10-18,36.0900,36.3700,35.8400,36.2500,28.1484,8035000
2010-10-19,35.6300,35.9200,34.9200,35.3000,27.4107,13178200
2010-10-20,35.4600,36.7500,35.4500,36.7300,28.5211,10386500
2010-10-21,36.8500,36.8500,36.1200,36.4900,28.3348,6840200
2010-10-22,36.7000,37.2600,36.4200,37.2600,28.9327,6622900
2010-10-25,37.5200,37.9500,37.4600,37.5600,29.1656,7456100
2010-10-26,37.5100,37.6900,37.1500,37.5700,29.1734,8050600
2010-10-27,37.2500,37.3600,35.7000,35.9300,27.8999,12700700
2010-10-28,36.2800,36.4000,35.9500,36.2500,28.1484,6281600
2010-10-29,36.4000,36.9300,35.8100,36.0500,27.9931,6696900
2010-11-01,36.2700,36.6400,35.7000,36.1100,28.0397,7671800
2010-11-02,36.4000,37.0900,36.3600,37.0000,28.7308,9988000
2010-11-03,36.6500,37.4500,36.0700,36.6600,28.4668,10730400
2010-11-04,37.0000,37.0500,36.3800,36.8000,28.5755,6839700
2010-11-05,36.7300,37.1900,36.4800,36.8600,28.6221,7190400
2010-11-08,36.6300,37.1800,36.6100,37.1200,28.8240,4370500
2010-11-09,37.2400,37.2800,36.8100,36.9800,28.7153,6027600
2010-11-10,36.7100,37.1700,35.9700,37.1600,28.8550,8385100
2010-11-11,36.9700,37.5000,36.7400,37.4700,29.0957,5396400
2010-11-12,37.2100,37.3300,36.2300,36.6700,28.4745,7373900
2010-11-15,36.3200,36.3800,35.4400,35.4700,27.5427,9124200
2010-11-16,35.2800,35.3800,34.8100,35.0100,27.1855,10840800
2010-11-17,35.0900,35.3400,34.5800,35.3300,27.4340,9578000
2010-11-18,34.5900,35.9500,34.5000,35.6300,27.6670,9207900
2010-11-19,35.5400,36.4900,35.3400,36.0000,27.9543,14341600
2010-11-22,37.3100,37.4200,35.5700,36.4600,28.3115,14972500
2010-11-23,36.1500,36.3400,35.7800,36.0500,27.9931,6577900
2010-11-24,36.6100,36.7500,36.0200,36.1800,28.0941,6306100
2010-11-26,35.7600,36.2700,35.7400,35.8800,27.8611,2972200
2010-11-29,35.5400,36.6700,35.0500,36.5900,28.4124,10899000
2010-11-30,36.3200,36.9800,36.0400,36.5200,28.3580,12039400
2010-12-01,37.1400,37.9000,37.1400,37.6700,29.2510,11012000
2010-12-02,37.6800,38.0600,37.6400,38.0500,29.5461,8600200
2010-12-03,37.7100,37.9800,37.3800,37.8200,29.4643,5383200
2010-12-06,37.6700,37.8800,37.2400,37.2900,29.0514,5179900
2010-12-07,37.4700,37.6200,36.7300,36.7700,28.6463,8523900
2010-12-08,36.9100,37.0100,36.6800,36.8400,28.7008,5753700
2010-12-09,37.2100,37.2100,36.4300,36.6500,28.5528,8309700
2010-12-10,36.7900,36.8500,36.4300,36.6700,28.5684,7979300
2010-12-13,36.7600,37.8600,36.6200,36.9000,28.7476,11122300
2010-12-14,36.5900,37.0800,36.3400,36.5000,28.4360,8351800
2010-12-15,36.2700,36.3400,35.1100,35.4500,27.6179,13520200
2010-12-16,35.4500,35.7600,34.9400,35.6100,27.7426,10177800
2010-12-17,35.6000,35.6100,34.9700,35.0500,27.3063,18279900
2010-12-20,35.2900,35.3300,34.9800,35.1800,27.4076,6407700
2010-12-21,35.1200,35.8100,35.0500,35.3300,27.5244,6873900
2010-12-22,35.4100,35.8700,35.2800,35.8400,27.9218,5115000
2010-12-23,35.8200,36.1000,35.6300,35.7700,27.8672,3808500
2010-12-27,35.5000,35.7100,35.4500,35.5400,27.6880,2810600
2010-12-28,35.5100,35.7700,35.3800,35.7200,27.8283,3082900
2010-12-29,35.8400,36.0300,35.6700,35.9100,27.9763,3593700
2010-12-30,35.9100,36.0300,35.7200,35.9400,27.9997,2865500
2010-12-31,36.0400,36.2100,35.7900,36.1100,28.1321,2828000
2011-01-03,36.3800,37.1800,36.3700,37.1300,28.9268,8212400
2011-01-04,37.0300,37.5000,36.8300,37.4700,29.1916,6724300
2011-01-05,37.5000,37.8100,37.2900,37.5900,29.2851,7528100
2011-01-06,37.9600,38.4000,37.7400,38.3700,29.8928,7157300
2011-01-07,38.3800,38.5400,38.0500,38.4500,29.9551,6437700
2011-01-10,38.5400,38.6500,38.0100,38.4500,29.9551,5725300
2011-01-11,38.5300,39.1000,38.3400,39.0800,30.4459,5569100
2011-01-12,39.2300,39.3300,38.8100,38.8600,30.2745,5872400
2011-01-13,39.2700,39.6000,38.9300,39.6000,30.8511,8618200
2011-01-14,39.4800,40.9000,39.4100,40.7700,31.7626,10560400
2011-01-18,40.7900,40.9900,40.4700,40.8800,31.8482,6738900
2011-01-19,40.8700,41.0200,40.1100,40.5600,31.5990,9424600
2011-01-20,40.0000,40.5000,39.3700,40.3100,31.4042,11293100
2011-01-21,40.5800,40.5900,40.1300,40.4100,31.4821,7384200
2011-01-24,40.4100,40.5000,39.7000,39.8100,31.0147,7604100
2011-01-25,39.6900,41.0000,39.6500,40.6200,31.6457,10000100
2011-01-26,40.5900,41.1300,40.1100,40.2500,31.3575,8937900
2011-01-27,40.9400,42.4200,40.4400,42.2900,32.9468,13558000
2011-01-28,42.3100,42.4400,40.8600,40.9300,31.8872,7767400
2011-01-31,41.0200,41.3200,40.7100,41.0500,31.9807,7320400
2011-02-01,41.3600,42.1800,41.2900,42.0700,32.7754,9074600
2011-02-02,41.7400,42.2600,41.6700,41.9500,32.6819,4285800
2011-02-03,41.7800,44.0900,40.9000,43.0400,33.5310,14831200
2011-02-04,43.1500,43.9000,42.0400,42.4900,33.1026,8338500
2011-02-07,42.1400,42.2600,41.5700,41.8100,32.5728,7114100
2011-02-08,41.5200,42.5500,41.3900,41.9700,32.6975,5618500
2011-02-09,41.9700,42.4600,41.8300,42.0700,32.7754,5232500
2011-02-10,42.2800,42.5800,42.0200,42.4300,33.0558,5457200
2011-02-11,42.1600,42.8400,42.0400,42.3800,33.0169,5051100
2011-02-14,42.2400,42.5100,41.6200,42.4600,33.0792,3752200
2011-02-15,42.1100,42.4600,41.8900,42.0300,32.7442,4392700
2011-02-16,42.2000,42.5600,41.9900,42.5000,33.1104,4993700
2011-02-17,42.3400,42.7500,42.1500,42.5900,33.1805,4823300
2011-02-18,42.6900,43.3000,42.5600,42.8400,33.3752,6034900
2011-02-22,43.8600,44.3300,42.7300,42.9600,33.4687,10738900
2011-02-23,42.5800,43.6900,42.5600,42.9100,33.4298,7102200
2011-02-24,42.8300,43.3500,42.3800,42.7500,33.3051,6313200
2011-02-25,42.8500,43.0200,42.4100,42.5200,33.1259,5498700
2011-02-28,42.6700,42.9400,42.3500,42.5800,33.1727,6644900
2011-03-01,42.5600,42.9600,42.3800,42.4500,33.0714,5547400
2011-03-02,42.5500,43.7900,42.4500,43.5600,33.9362,7233800
2011-03-03,44.2700,44.8900,43.7400,44.7900,34.9948,8739600
2011-03-04,44.6400,44.8600,43.8700,44.4500,34.7292,5622100
2011-03-07,44.4700,44.7700,43.3100,43.5600,34.0338,6084100
2011-03-08,43.6000,44.1000,43.1200,43.8300,34.2448,4696700
2011-03-09,43.9100,44.5100,43.5300,44.4900,34.7604,4553400
2011-03-10,44.2900,44.2900,43.6000,43.7900,34.2135,5117600
2011-03-11,43.8800,44.0600,43.2600,43.5900,34.0573,4774800
2011-03-14,43.3000,43.4300,42.8500,43.1600,33.7213,4516400
2011-03-15,42.3400,43.0800,42.1600,42.7900,33.4322,4397900
2011-03-16,42.6800,42.6900,41.4600,41.8600,32.7056,7141200
2011-03-17,42.4000,42.7300,41.9100,42.2700,33.0259,5850600
2011-03-18,42.3700,42.8500,42.3000,42.6000,33.2838,7372200
2011-03-21,42.8300,43.4300,42.6600,43.1900,33.7448,4592100
2011-03-22,43.2600,43.7100,42.6600,42.7400,33.3932,4505300
2011-03-23,42.6400,42.8700,42.3900,42.7500,33.4010,3348200
2011-03-24,43.2400,43.9400,43.0100,43.8000,34.2214,3917900
2011-03-25,43.6300,44.0200,43.6000,43.7500,34.1823,4190300
2011-03-28,43.9100,44.0500,43.5100,43.8700,34.2760,3531100
2011-03-29,43.7500,44.4800,43.7500,44.4800,34.7526,4202900
2011-03-30,44.7200,45.5800,44.5800,45.4000,35.4714,6533900
2011-03-31,45.6400,45.7500,45.1100,45.2000,35.3152,5374300
2011-04-01,45.5000,45.7400,45.3000,45.6100,35.6355,4511600
2011-04-04,45.9400,46.0900,45.5200,45.6000,35.6277,3499900
2011-04-05,44.8600,45.2700,44.7800,45.0900,35.2292,4950900
2011-04-06,45.1900,45.2600,44.8300,44.9600,35.1277,5158600
2011-04-07,44.7700,48.5800,44.4200,44.4300,34.7136,7706300
2011-04-08,44.6200,45.2400,44.1400,44.3800,34.6745,4723900
2011-04-11,44.3300,44.4900,43.8400,44.3200,34.6276,6048700
2011-04-12,44.1900,44.9000,44.0300,44.8100,35.0105,3959100
2011-04-13,44.8800,45.1700,44.0800,44.3300,34.6354,4766300
2011-04-14,44.2000,44.9800,43.8700,44.8200,35.0183,4719700
2011-04-15,45.0000,45.0800,44.5700,44.9800,35.1433,5783300
2011-04-18,44.5300,44.6100,43.3500,43.5500,34.0260,6722600
2011-04-19,43.6000,43.9700,43.3000,43.9600,34.3463,5731300
2011-04-20,44.7800,44.7800,44.1800,44.2400,34.5651,5168100
2011-04-21,48.0900,48.9000,47.5600,47.8100,37.3544,18367400
2011-04-25,47.1400,48.1400,47.0800,47.7100,37.2763,6650100
2011-04-26,48.1200,48.7500,46.9300,47.3500,36.9950,10500000
2011-04-27,47.5200,48.3000,46.8800,48.2100,37.6669,10513300
2011-04-28,48.1900,49.1000,48.0600,49.1000,38.3623,7913500
2011-04-29,48.9500,49.4000,48.6700,49.2300,38.4638,9542700
2011-05-02,49.4000,50.2000,49.2300,49.8800,38.9717,9858200
2011-05-03,49.6800,50.0100,49.4100,49.6800,38.8154,5879100
2011-05-04,49.5500,49.7700,48.9600,49.5600,38.7217,7553000
2011-05-05,49.4400,50.1500,49.0200,49.5800,38.7373,7393900
2011-05-06,50.0600,50.2500,49.6500,50.1200,39.1592,6295300
2011-05-09,49.7500,50.9100,49.7500,50.4700,39.4327,5665200
2011-05-10,50.7200,50.9800,50.1900,50.5100,39.4639,5635900
2011-05-11,50.5000,50.6000,49.5200,50.0200,39.0811,6196800
2011-05-12,50.0100,50.3600,49.0700,50.0800,39.1280,5311300
2011-05-13,50.9100,51.4600,49.7600,49.9500,39.0264,11099500
2011-05-16,49.5600,50.7300,49.3800,50.1700,39.1983,6018900
2011-05-17,49.8600,50.7000,49.7000,49.9900,39.0576,7224900
2011-05-18,49.8600,50.6900,49.7500,50.6100,39.5421,7140400
2011-05-19,50.7500,50.7800,50.1800,50.5500,39.4952,6101100
2011-05-20,50.4700,50.7500,49.7300,49.7400,38.8623,10827500
2011-05-23,49.4400,49.4700,48.6500,49.1600,38.4092,6741800
2011-05-24,49.1600,49.1800,47.8000,47.9600,37.4716,9573100
2011-05-25,47.7000,48.3200,47.5800,47.8700,37.4013,9448100
2011-05-26,47.6700,47.8900,46.9700,47.7000,37.2684,11917200
2011-05-27,47.9000,48.3100,47.5900,48.3000,37.7372,6039500
2011-05-31,48.6600,48.9500,48.3500,48.9500,38.2451,6412000
2011-06-01,48.7000,48.9900,48.2500,48.3500,37.7763,6614800
2011-06-02,48.6000,49.4900,48.2800,49.3900,38.5888,8258700
2011-06-03,48.6000,49.3100,48.4600,48.8500,38.2933,7949200
2011-06-06,48.6900,48.8100,48.0100,48.1500,37.7446,5187400
2011-06-07,48.5500,48.8400,47.9700,47.9700,37.6035,4530900
2011-06-08,47.9800,48.5000,47.5700,48.2000,37.7838,6564200
2011-06-09,48.5500,50.6100,48.3600,50.6000,39.6651,11530000
2011-06-10,50.3400,50.3600,49.1600,49.4100,38.7323,8545400
2011-06-13,49.6200,49.9600,49.0700,49.1100,38.4971,6362200
2011-06-14,49.4000,50.0000,49.2300,49.6000,38.8813,6986300
2011-06-15,49.2200,49.9500,48.9300,49.3500,38.6853,8991300
2011-06-16,49.2700,49.8500,48.7000,49.6600,38.9283,9101200
2011-06-17,50.1000,50.3900,49.7200,49.9600,39.1635,9675100
2011-06-20,49.7900,51.6500,49.6500,51.2700,40.1903,8987600
2011-06-21,51.6100,52.2500,51.2700,52.2200,40.9351,9781300
2011-06-22,51.9800,52.6400,51.7200,51.7800,40.5901,6999500
2011-06-23,51.0100,51.3000,50.0400,51.1500,40.0963,9979800
2011-06-24,51.2500,51.3900,50.2200,50.4600,39.5554,7398600
2011-06-27,50.3200,51.2500,50.1200,51.0300,40.0022,4544700
2011-06-28,51.3400,51.9800,51.0200,51.7700,40.5823,5957100
2011-06-29,51.8100,51.8800,51.0600,51.5400,40.4020,5630100
2011-06-30,51.7500,52.0400,51.4200,51.5800,40.4334,6394000
2011-07-01,51.8400,53.2700,51.5600,53.1300,41.6484,8152700
2011-07-05,53.0800,53.1100,52.2700,52.8500,41.4289,4822300
2011-07-06,52.8500,53.2200,52.5500,53.1300,41.6484,5319100
2011-07-07,53.2800,53.5000,51.9700,52.6300,41.2565,7559100
2011-07-08,52.0000,52.3200,51.5400,52.0800,40.8253,6927300
2011-07-11,51.3800,51.5400,50.7400,50.9400,39.9317,6037500
2011-07-12,50.7400,52.0300,50.7300,51.4100,40.3001,6631700
2011-07-13,51.5500,52.6300,51.5500,51.7300,40.5509,4869400
2011-07-14,51.8100,52.5600,51.7900,52.2700,40.9743,7167600
2011-07-15,52.4700,52.5900,51.6800,51.9700,40.7391,7030500
2011-07-18,51.6000,52.2000,51.0500,51.9500,40.7234,7257700
2011-07-19,51.3700,51.7600,49.9500,51.4500,40.3315,13946300
2011-07-20,51.7600,51.8800,50.9700,51.5100,40.3785,7748900
2011-07-21,51.9200,52.9000,51.6900,52.1500,40.8802,7831500
2011-07-22,52.5200,52.8700,52.1300,52.7500,41.3505,5717300
2011-07-25,52.4800,52.8300,51.5000,51.6300,40.4726,6533500
2011-07-26,51.8900,52.1800,51.1600,51.2600,40.1825,5670100
2011-07-27,50.5700,50.9400,49.7100,49.8900,39.1086,10581400
2011-07-28,49.8400,50.8900,49.7900,49.9200,39.1321,7703600
2011-07-29,49.1000,50.0900,48.1100,49.6300,38.9048,10759500
2011-08-01,50.2800,50.3600,45.6900,48.0200,37.6427,23228700
2011-08-02,47.6900,48.4400,46.7600,46.9800,36.8274,10060500
2011-08-03,46.9900,47.2900,45.9700,47.1800,36.9842,8304300
2011-08-04,46.5900,46.7100,45.0200,45.0700,35.3302,10154500
2011-08-05,45.5800,46.2200,44.2500,45.5600,35.7143,14313700
2011-08-08,43.3000,44.4200,41.7400,41.9300,32.8688,16743400
2011-08-09,42.3300,44.8000,41.8100,44.7300,35.0637,19959800
2011-08-10,44.0700,44.2700,41.6700,41.8500,32.8061,12690300
2011-08-11,41.5500,44.4200,41.2700,43.9300,34.4366,13915800
2011-08-12,43.7900,45.3400,43.7900,44.8100,35.1264,9500600
2011-08-15,45.1900,46.0300,44.9800,45.9400,36.0122,8314700
2011-08-16,45.7800,45.8900,44.6500,45.5000,35.6673,10044500
2011-08-17,45.6800,46.2100,45.1300,45.5300,35.6908,4924400
2011-08-18,44.3800,44.6600,43.3900,43.8900,34.4052,9901300
2011-08-19,43.1400,44.2400,42.9800,43.3200,33.9584,8882900
2011-08-22,44.1700,44.3000,43.2900,43.6100,34.1857,7162800
2011-08-23,43.8000,44.9800,43.1200,44.8700,35.1734,9080100
2011-08-24,44.6300,46.0000,44.3900,45.9100,35.9887,6286100
2011-08-25,46.2700,46.4000,44.8300,45.0900,35.3459,5878900
2011-08-26,44.3500,46.0800,43.5100,45.7200,35.8397,6009900
2011-08-29,46.2400,46.8300,45.9700,46.7600,36.6550,4036700
2011-08-30,46.5400,47.6100,46.2000,47.2800,37.0626,6002600
2011-08-31,47.7400,48.4900,47.0100,47.5200,37.2507,6516400
2011-09-01,47.5800,48.3800,47.1200,47.1800,36.9842,6493800
2011-09-02,45.7900,46.7600,45.6900,45.7300,35.9718,5102800
2011-09-06,44.6200,45.8100,44.0900,45.7100,35.9561,6797700
2011-09-07,46.4700,47.4500,46.1900,47.2100,37.1360,6823700
2011-09-08,46.7500,48.0000,46.6500,47.2000,37.1282,7435200
2011-09-09,46.6000,46.9400,45.2800,45.5200,35.8067,9076000
2011-09-12,44.4900,46.3300,44.4400,46.2600,36.3888,8216100
2011-09-13,46.3800,48.2200,46.3200,47.9900,37.7496,11932000
2011-09-14,48.3100,49.4200,47.0000,48.6800,38.2924,10108400
2011-09-15,49.1100,50.7400,48.6000,50.5400,39.7555,11325800
2011-09-16,51.0700,51.1800,49.3400,50.7600,39.9285,11790300
2011-09-19,49.6600,50.1800,49.3900,49.9500,39.2914,8956300
2011-09-20,50.0400,51.2400,49.3400,49.8300,39.1970,8440000
2011-09-21,49.9200,50.4100,47.9800,48.0100,37.7653,7002700
2011-09-22,46.7500,47.6700,46.3300,47.0900,37.0417,10065200
2011-09-23,46.8000,47.8800,46.4800,47.6000,37.4428,7130000
2011-09-26,48.1300,48.8400,47.5800,48.8100,38.3946,7147400
2011-09-27,49.6100,50.3900,48.8600,49.4500,38.8981,8030600
2011-09-28,49.2700,49.5200,47.5600,47.6400,37.4743,7338900
2011-09-29,48.3500,48.7400,45.7900,46.5800,36.6405,9154500
2011-09-30,46.0800,47.2300,45.6100,46.1200,36.2786,10485400
2011-10-03,45.7700,46.2200,42.8700,42.9200,33.7615,12717100
2011-10-04,42.1100,42.8400,41.3200,42.7800,33.6513,13800000
2011-10-05,43.5400,44.6800,42.8400,44.4500,34.9650,8455800
2011-10-06,44.6200,45.1500,43.9800,44.9400,35.3504,5804800
2011-10-07,45.0000,45.4500,44.4500,44.8900,35.3111,5962900
2011-10-10,45.5200,46.5200,45.5100,46.5200,36.5933,4752100
2011-10-11,46.3800,46.8200,45.8900,46.6400,36.6877,4639600
2011-10-12,47.2100,47.6500,46.3700,46.3800,36.4832,7267400
2011-10-13,46.0200,46.6200,45.6700,46.5300,36.6012,5034600
2011-10-14,47.2200,47.3500,46.5300,47.2200,37.1439,6074100
2011-10-17,46.8700,47.6100,46.4600,46.6000,36.6562,5944600
2011-10-18,44.2400,45.9000,42.8600,45.3400,35.6651,23926900
2011-10-19,45.4000,47.4200,45.2100,46.4500,36.5382,12250600
2011-10-20,46.6800,46.9900,45.9400,46.8800,36.8765,7985300
2011-10-21,47.4300,48.5000,47.3100,47.9200,37.6945,9218800
2011-10-24,48.2100,49.2400,48.0000,49.0300,38.5677,7146200
2011-10-25,47.6700,49.3000,47.6700,48.7600,38.3553,7477100
2011-10-26,49.4300,49.4800,48.1300,48.7600,38.3553,10387600
2011-10-27,49.9200,50.0000,48.8100,49.1800,38.6857,10025800
2011-10-28,49.1700,49.3500,48.1900,48.8500,38.4261,6377300
2011-10-31,48.3800,48.9500,47.9600,47.9900,37.7496,6164900
2011-11-01,46.8100,47.1000,45.9500,46.2200,36.3573,11125900
2011-11-02,47.0000,47.0000,46.0700,46.3600,36.4674,7858100
2011-11-03,46.8000,46.8800,45.8000,46.1800,36.3258,6721300
2011-11-04,46.0700,46.1000,45.0800,45.5800,35.8539,8010400
2011-11-07,45.4500,45.7400,44.8000,45.1700,35.5313,7919000
2011-11-08,45.2900,46.2700,45.0800,46.1500,36.3022,7086400
2011-11-09,45.2200,46.1000,45.1300,45.5400,35.8224,6423200
2011-11-10,46.0600,46.3000,45.4400,46.1300,36.2865,5479700
2011-11-11,46.6200,47.5100,46.4900,47.1300,37.0731,5104500
2011-11-14,46.9300,47.3100,46.6600,46.9400,36.9237,4734200
2011-11-15,46.8000,46.9700,46.1500,46.5500,36.6169,4911600
2011-11-16,45.9900,46.2900,44.8400,44.9100,35.3268,8053800
2011-11-17,44.9900,45.2700,44.0500,44.5200,35.0201,8147900
2011-11-18,44.6100,44.7400,44.1400,44.5500,35.0436,5972300
2011-11-21,43.7400,44.7500,43.7400,44.4400,34.9571,6656300
2011-11-22,44.3300,44.9900,43.9800,44.4200,34.9414,4758800
2011-11-23,43.9600,44.1000,43.4200,43.5600,34.2649,5515800
2011-11-25,43.5500,44.2300,43.4700,43.6700,34.3514,2985100
2011-11-28,44.4600,45.4900,44.3900,45.0300,35.4212,8826400
2011-11-29,45.3100,46.1900,45.0900,45.8800,36.0898,6457300
2011-11-30,47.3600,48.8800,46.9900,48.7700,38.3632,11702500
2011-12-01,48.5900,49.0600,48.4000,48.5200,38.1665,7021500
2011-12-02,48.4900,49.0000,48.0300,48.2300,37.9384,7639100
2011-12-05,48.8400,49.5000,47.9100,48.2700,38.0986,8135400
2011-12-06,48.3600,48.6800,48.0800,48.2900,38.1144,8306100
2011-12-07,47.9900,49.7000,47.8200,49.3400,38.9431,10200500
2011-12-08,49.2300,49.5500,47.9800,48.1600,38.0118,8641800
2011-12-09,48.2100,49.0800,48.1200,48.9100,38.6037,5713500
2011-12-12,48.7100,49.0000,47.9400,48.2000,38.0434,4947700
2011-12-13,48.4400,49.3000,47.7000,47.9300,37.8303,5267700
2011-12-14,47.8600,48.3000,47.6300,47.7600,37.6961,7513500
2011-12-15,47.8800,48.8000,47.8800,48.5200,38.2959,9354200
2011-12-16,49.0200,49.5000,48.7100,49.0000,38.6748,10214200
2011-12-19,48.9200,49.5600,48.8400,48.9700,38.6511,5877400
2011-12-20,49.4200,49.9400,49.3600,49.8200,39.3220,6053300
2011-12-21,49.8300,50.0000,49.5500,49.9900,39.4562,6695000
2011-12-22,49.8900,50.9300,49.8500,50.7300,40.0402,4627100
2011-12-23,50.9500,51.5000,50.6900,51.3500,40.5296,3898000
2011-12-27,51.3500,51.7100,51.0900,51.3500,40.5296,2999300
2011-12-28,51.3500,51.5000,50.6600,50.7100,40.0244,2959600
2011-12-29,50.9300,51.5700,50.8900,51.1800,40.3954,3774000
2011-12-30,51.0600,51.1800,50.6800,50.6800,40.0008,2205400
2012-01-03,51.2400,51.7000,51.1100,51.4900,40.6401,6021000
2012-01-04,51.2600,52.2500,51.2500,52.2400,41.2321,5406400
2012-01-05,51.8900,52.7300,51.8000,52.5900,41.5083,6330100
2012-01-06,52.7500,53.4200,52.4800,52.7800,41.6583,5321700
2012-01-09,52.6300,52.9700,52.4700,52.7200,41.6109,5079300
2012-01-10,52.9600,53.0400,52.3700,52.6200,41.5320,7063200
2012-01-11,52.4900,53.1200,52.0600,53.0100,41.8398,4281600
2012-01-12,53.2200,53.2400,52.5300,52.8700,41.7293,4550300
2012-01-13,52.6900,52.7900,51.9300,52.7000,41.5951,4995700
2012-01-17,53.0500,53.6400,52.8700,53.5700,42.2818,6495700
2012-01-18,53.3500,54.1800,52.9300,53.9400,42.5738,8389800
2012-01-19,52.3100,53.0200,51.4200,52.3200,41.2952,18656600
2012-01-20,52.3400,52.5100,51.6100,52.2700,41.2558,8873800
2012-01-23,52.2000,53.0500,51.9600,52.4300,41.3820,7535900
2012-01-24,52.2700,52.5200,51.2300,51.3300,40.5138,10397800
2012-01-25,50.6300,51.6500,49.8200,51.5700,40.7032,13121500
2012-01-26,51.6100,51.7200,49.9000,50.3500,39.7403,13576200
2012-01-27,50.3400,51.2400,50.3200,51.0200,40.2691,7027300
2012-01-30,50.8200,51.1700,50.0700,51.0700,40.3086,4852400
2012-01-31,51.4000,52.8800,51.3800,51.7900,40.8769,8843000
2012-02-01,52.1600,53.6100,52.1200,53.2600,42.0371,7480600
2012-02-02,53.2500,53.2500,52.0100,52.5400,41.4688,5319200
2012-02-03,52.7400,52.7700,50.7500,51.3100,40.4980,9676900
2012-02-06,50.9800,51.4000,50.6800,51.2900,40.4822,8577100
2012-02-07,51.0900,52.1300,50.9100,52.0300,41.0663,5243300
2012-02-08,52.0000,52.3700,51.6500,52.1400,41.1531,6022000
2012-02-09,52.2100,53.5300,52.2000,53.0600,41.8793,9613500
2012-02-10,52.5700,53.5000,52.3100,53.3200,42.0845,6574700
2012-02-13,53.5000,54.2400,53.3800,53.8500,42.5028,5703700
2012-02-14,53.9000,54.4900,53.5700,54.4600,42.9843,5982000
2012-02-15,54.5300,54.8400,54.2200,54.6200,43.1105,7009300
2012-02-16,54.6200,54.8900,54.2600,54.7900,43.2447,6907700
2012-02-17,54.8100,54.8500,54.5400,54.6800,43.1579,6387400
2012-02-21,54.9900,55.5300,54.8800,55.3200,43.6630,7502200
2012-02-22,55.0600,55.6400,54.6800,55.1800,43.5525,6760100
2012-02-23,55.1500,55.3600,54.6600,54.9400,43.3631,7195800
2012-02-24,55.1100,55.7400,55.0000,55.6500,43.9235,5004500
2012-02-27,55.3400,56.1600,55.2700,55.7300,43.9867,5355900
2012-02-28,55.6300,55.9500,55.2500,55.8400,44.0735,4538200
2012-02-29,55.9900,56.1000,55.5600,55.7500,44.0024,5582600
2012-03-01,55.7500,56.1000,55.5900,55.9900,44.3214,4258200
2012-03-02,55.9600,56.0500,55.3700,55.8400,44.2027,4408900
2012-03-05,55.6400,56.0800,55.0400,55.0400,43.5694,4739900
2012-03-06,54.7100,55.4100,54.1200,54.4600,43.1103,4445700
2012-03-07,54.3600,54.7300,54.2400,54.3900,43.0549,4474900
2012-03-08,54.8700,56.0300,54.8100,55.6100,44.0206,4883600
2012-03-09,55.7500,56.1100,55.5000,55.7800,44.1552,4743200
2012-03-12,55.8000,55.8800,54.9500,55.0200,43.5536,4567000
2012-03-13,55.1200,55.3800,54.7000,55.3300,43.7990,6497400
2012-03-14,55.1600,55.8700,55.0400,55.7800,44.1552,6684000
2012-03-15,55.9000,56.2500,55.5400,55.7100,44.0998,4598700
2012-03-16,55.5800,55.8200,55.4000,55.5900,44.0048,8510100
2012-03-19,56.3100,56.3400,55.8000,56.1300,44.4323,5347700
2012-03-20,55.9300,56.0300,54.7300,54.7800,43.3636,5378100
2012-03-21,54.9900,54.9900,53.9600,53.9700,42.7224,6252500
2012-03-22,53.6200,54.2100,53.4000,53.8800,42.6512,7550900
2012-03-23,53.8700,53.9900,53.5200,53.6600,42.4770,6471200
2012-03-26,53.8900,55.1000,53.8600,55.1000,43.6169,5098400
2012-03-27,55.2500,55.5700,54.1800,55.4300,43.8782,7455900
2012-03-28,55.3900,55.9600,54.8800,55.4400,43.8861,5435300
2012-03-29,55.0000,58.3200,54.9800,58.1100,45.9996,17258500
2012-03-30,57.9700,59.4300,57.7400,58.9400,46.6567,10802600
2012-04-02,58.9400,59.2700,58.1100,59.1200,46.7991,9105900
2012-04-03,59.0200,59.6100,58.7200,59.4000,47.0208,7948100
2012-04-04,59.1600,59.2800,58.6700,59.0600,46.7516,4791300
2012-04-05,58.8200,59.1900,58.6000,59.0100,46.7121,4826800
2012-04-09,58.5200,58.8700,58.0100,58.1400,46.0234,4755600
2012-04-10,57.9600,58.3300,57.2200,57.5600,45.5642,5841700
2012-04-11,58.0800,58.5400,57.8500,58.0200,45.9284,6496000
2012-04-12,58.0300,58.6200,57.7200,58.4600,46.2767,4303200
2012-04-13,58.3900,58.5500,57.7400,58.0500,45.9521,5655400
2012-04-16,58.3500,58.3500,57.3600,57.3600,45.4059,6628000
2012-04-17,57.6100,58.4000,57.3000,58.1000,45.9917,5896300
2012-04-18,57.7000,57.7000,57.1100,57.3200,45.3743,6551300
2012-04-19,57.2800,59.3500,56.9900,58.7100,46.4746,10754500
2012-04-20,59.1600,59.7100,58.9300,59.5100,47.1079,8378800
2012-04-23,59.0400,59.3300,58.9000,59.1900,46.8546,4471400
2012-04-24,59.0200,59.2000,58.4700,58.7200,46.4825,5030600
2012-04-25,58.7900,59.5000,58.6700,58.8700,46.6012,6091300
2012-04-26,56.9400,58.6700,56.4700,58.3700,46.2054,9384700
2012-04-27,58.6100,58.7400,57.5900,57.9100,45.8413,7509600
2012-04-30,56.9500,57.4800,55.4800,56.1500,44.4481,9874300
2012-05-01,56.2700,57.3900,56.1500,57.1300,45.2239,4887100
2012-05-02,56.7700,57.4200,56.5700,56.6600,44.8518,5175400
2012-05-03,56.5200,56.5200,55.3900,55.7200,44.1077,7296800
2012-05-04,55.6500,55.7300,54.6600,54.7200,43.3161,5787500
2012-05-07,54.3500,55.4300,54.2600,55.2500,43.7357,4076600
2012-05-08,55.2400,55.9700,54.9100,55.8200,44.1869,4702900
2012-05-09,55.3700,55.9600,54.8500,55.2200,43.7119,6635800
2012-05-10,55.5600,55.8600,55.0300,55.2900,43.7673,4030800
2012-05-11,55.2000,55.6400,55.0200,55.2000,43.6961,3937800
2012-05-14,54.8200,55.5700,54.5700,55.1600,43.6644,4634300
2012-05-15,55.0200,55.7000,54.7600,54.9400,43.4903,5514500
2012-05-16,55.0400,55.2900,54.8400,54.9000,43.4586,4036200
2012-05-17,55.0700,55.4600,54.7300,54.8800,43.4428,5465300
2012-05-18,54.8900,55.3400,53.7800,53.9900,42.7383,6420400
2012-05-21,54.0900,55.6000,54.0800,55.5500,43.9731,4825900
2012-05-22,55.7600,56.6300,55.5000,55.7200,44.1077,5832200
2012-05-23,55.4500,55.8800,54.7000,55.3600,43.8228,4671800
2012-05-24,55.0300,56.7400,55.0100,56.2200,44.5035,7192400
2012-05-25,56.1700,56.5600,55.8700,56.1200,44.4244,4306500
2012-05-29,56.0800,56.2500,55.5000,56.1500,44.4481,5005900
2012-05-30,56.0000,56.4700,55.7800,56.1700,44.4639,4398100
2012-05-31,56.2100,56.3300,55.4600,55.7700,44.1473,6343300
2012-06-01,55.2200,55.9000,54.9400,55.0400,43.5694,5703900
2012-06-04,54.7700,55.3500,54.6900,54.9100,43.4665,5508000
2012-06-05,54.8400,56.2000,54.7200,56.0400,44.3610,6112200
2012-06-06,56.6100,57.7000,56.5000,57.7000,45.6751,6776600
2012-06-07,57.8000,58.3900,57.4000,57.4500,45.4772,7249100
2012-06-08,56.8400,58.3900,56.8400,58.0000,45.9126,6406900
2012-06-11,58.2200,58.3800,57.4000,57.4600,45.4851,6236300
2012-06-12,57.4700,58.1300,57.0000,57.8400,45.7859,6023900
2012-06-13,57.7200,58.5300,57.5700,58.0100,46.0902,6373600
2012-06-14,58.1700,59.3800,57.8900,59.2500,47.0754,6649800
2012-06-15,59.6900,59.8500,58.5100,58.9000,46.7973,9021000
2012-06-18,58.7900,59.4700,58.1800,59.4200,47.2105,9718000
2012-06-19,59.5800,60.7500,59.3700,60.2600,47.8779,8602400
2012-06-20,59.9500,60.2300,59.3000,59.6000,47.3535,4344500
2012-06-21,59.8300,60.0400,58.2700,58.3400,46.3524,5320500
2012-06-22,58.5000,59.5300,58.4100,59.0700,46.9324,7494300
2012-06-25,58.5900,59.1000,57.6500,57.6900,45.8359,6884400
2012-06-26,57.6600,59.1600,57.2300,58.8000,46.7179,7458200
2012-06-27,59.5000,60.6000,58.8200,59.2900,47.1072,7088700
2012-06-28,58.8700,60.5000,55.3400,59.6000,47.3535,25319900
2012-06-29,60.3400,60.6000,57.8700,58.5000,46.4795,11121700
2012-07-02,58.8900,59.3100,55.9600,56.2600,44.6998,12997500
2012-07-03,56.3900,56.7300,54.7400,54.8800,43.6033,8460200
2012-07-05,54.8800,56.1600,54.8600,55.8100,44.3423,6937800
2012-07-06,55.2900,55.9400,55.1500,55.8200,44.3502,4458600
2012-07-09,56.2900,56.6600,55.5300,56.0900,44.5647,4241500
2012-07-10,56.2700,56.4400,55.2400,55.7000,44.2549,5662700
2012-07-11,55.7700,56.2900,55.7000,56.0400,44.5250,5316400
2012-07-12,55.8800,55.9000,54.4400,54.5700,43.3570,6079200
2012-07-13,54.6100,55.5500,54.5700,55.2000,43.8576,5053000
2012-07-16,55.1800,55.2800,54.7200,55.1600,43.8258,3170100
2012-07-17,55.2100,56.2000,54.8900,55.9000,44.4137,6180000
2012-07-18,55.5400,56.4800,54.8700,56.3500,44.7713,5090200
2012-07-19,57.3900,57.6000,53.6300,54.9900,43.6907,16696600
2012-07-20,54.8700,55.8300,54.8600,55.4100,44.0244,8367300
2012-07-23,54.3700,55.0600,53.9700,54.5100,43.3094,6037000
2012-07-24,54.6400,55.1000,54.3100,54.9000,43.6192,7561100
2012-07-25,51.5000,52.9600,51.0100,52.4800,41.6965,19603900
2012-07-26,53.1200,53.3500,50.8900,52.0100,41.3231,10510600
2012-07-27,51.8100,53.5100,51.6900,53.3400,42.3798,8569900
2012-07-30,53.3200,53.7100,52.8900,53.2600,42.3162,4405400
2012-07-31,52.7400,53.1900,51.0800,51.0900,40.5921,9879500
2012-08-01,51.2100,51.9200,50.7500,51.2100,40.6875,7617600
2012-08-02,50.7500,51.7600,50.3200,51.1000,40.6000,7320500
2012-08-03,51.3800,52.2500,50.6200,51.6100,41.0053,6408000
2012-08-06,51.8600,52.0800,50.9700,51.0000,40.5206,4982600
2012-08-07,51.3800,52.7800,51.2100,52.5400,41.7442,6590800
2012-08-08,52.3000,52.9000,51.9100,52.7300,41.8951,5718000
2012-08-09,52.5700,52.7900,51.6900,52.0200,41.3310,4890700
2012-08-10,51.8400,52.1100,51.7000,51.9000,41.2357,5381700
2012-08-13,51.6400,52.0000,51.4100,51.9000,41.2357,4259900
2012-08-14,52.1900,52.2700,51.8100,51.9700,41.2913,3460200
2012-08-15,51.9000,52.9100,51.8100,52.8200,41.9666,4647300
2012-08-16,52.8400,53.5300,52.7800,53.3900,42.4195,5598900
2012-08-17,53.6400,53.6400,52.8800,53.1300,42.2129,4653600
2012-08-20,52.9700,53.6200,52.7500,53.2000,42.2686,4930500
2012-08-21,53.4400,53.9000,53.2500,53.4200,42.4433,5323300
2012-08-22,53.4300,54.1000,53.3500,53.9700,42.8803,5367100
2012-08-23,53.9900,54.3500,53.7600,53.9200,42.8406,4450300
2012-08-24,53.8700,54.3300,53.8100,54.1600,43.0313,4143200
2012-08-27,54.1200,54.9900,53.8800,54.6100,43.3888,4773600
2012-08-28,54.4000,54.8000,54.2100,54.3300,43.1664,4611700
2012-08-29,54.5300,54.9700,54.3700,54.6400,43.4127,4611900
2012-08-30,54.4600,54.9200,54.2700,54.6900,43.4524,5188200
2012-08-31,54.8400,55.0300,54.2100,54.3000,43.1425,5070900
2012-09-04,54.4000,54.6800,54.0000,54.5600,43.3491,4233900
2012-09-05,54.7400,54.9300,54.1800,54.2800,43.1266,4166100
2012-09-06,54.5500,54.9900,54.5000,54.8900,43.6113,3741600
2012-09-07,54.9700,55.2600,54.7000,54.8800,43.6033,3732700
2012-09-10,55.0100,55.0100,53.5400,53.7400,42.6976,5447700
2012-09-11,53.7100,53.9300,52.6900,52.8000,41.9507,6575400
2012-09-12,52.6800,53.3200,52.6800,52.8200,42.1366,4834000
2012-09-13,52.6400,53.9700,52.5800,53.8900,42.9902,6316500
2012-09-14,54.7000,55.2700,53.7700,54.2500,43.2774,15735800
2012-09-17,54.5900,54.6400,54.0100,54.4800,43.4609,5481600
2012-09-18,54.3300,55.4300,54.3000,55.1300,43.9794,6600300
2012-09-19,55.0600,55.3200,54.7300,54.9500,43.8358,6195400
2012-09-20,54.6900,54.9700,54.4100,54.9400,43.8278,5776100
2012-09-21,55.0900,56.2200,54.9100,56.1800,44.8170,26628600
2012-09-24,56.0800,56.6400,55.8500,55.9800,44.6575,6443800
2012-09-25,56.2200,56.5000,55.8400,56.2000,44.8330,6343300
2012-09-26,56.3400,56.7500,55.7500,55.7800,44.4979,5562000
2012-09-27,56.2900,56.4400,55.7000,56.2400,44.8649,4245400
2012-09-28,55.9500,55.9800,55.1800,55.4100,44.2028,5838100
2012-10-01,55.7200,56.5600,55.5200,56.4600,45.0404,4424400
2012-10-02,56.4600,56.8900,56.3100,56.8000,45.3116,3828700
2012-10-03,56.9800,57.1500,56.6300,56.8600,45.3595,4662900
2012-10-04,57.1500,58.1500,57.0100,57.9700,46.2450,6897300
2012-10-05,58.1000,58.1500,56.8400,57.1300,45.5749,6078300
2012-10-08,57.5900,58.2900,57.3200,57.6000,45.9498,6050700
2012-10-09,57.6000,57.8400,57.1000,57.4700,45.8461,5093300
2012-10-10,57.4200,57.7600,56.9300,57.1100,45.5589,4141500
2012-10-11,57.5400,58.1800,57.3300,57.6600,45.9977,5035900
2012-10-12,57.7500,57.7500,56.9200,57.0700,45.5270,4283900
2012-10-15,57.1400,57.7900,56.9200,57.4900,45.8621,4193300
2012-10-16,57.1900,57.8500,56.2600,56.8800,45.3754,7531600
2012-10-17,57.5800,57.7000,55.6500,55.9900,44.6655,6255200
2012-10-18,55.8000,56.4300,55.7600,56.0100,44.6814,5384500
2012-10-19,56.0100,56.0900,55.3700,55.6600,44.4022,5704800
2012-10-22,55.5200,56.6300,55.4500,56.5400,45.1042,5723600
2012-10-23,56.0800,56.3200,55.3500,56.1800,44.8170,5557400
2012-10-24,56.4400,56.6700,55.7700,55.9200,44.6096,4545000
2012-10-25,55.9400,56.7200,55.8000,56.2100,44.8410,4701900
2012-10-26,56.1400,56.2600,55.3400,55.7800,44.4979,3346700
2012-10-31,56.1400,56.1600,55.5100,56.0000,44.6734,4157700
2012-11-01,55.8600,57.0900,55.8600,56.9500,45.4313,4833700
2012-11-02,57.0200,57.2400,55.9900,56.0500,44.7133,4948200
2012-11-05,56.2600,56.4000,54.8300,55.2800,44.0991,6149600
2012-11-06,55.2800,56.4900,54.6500,56.3900,44.9845,4880800
2012-11-07,55.3800,55.4000,53.3900,54.2600,43.2854,13812600
2012-11-08,54.3500,54.9800,53.4200,53.4400,42.6312,8846100
2012-11-09,53.3600,54.0000,52.6400,52.9000,42.2004,8585800
2012-11-12,53.0400,53.5100,52.0500,52.2000,41.6420,5944000
2012-11-13,52.0400,52.9800,52.0000,52.1900,41.6340,5669900
2012-11-14,52.3900,52.4300,51.1000,51.2500,40.8842,5792500
2012-11-15,51.2700,51.7200,51.0900,51.2500,40.8842,6668600
2012-11-16,51.2500,52.1900,51.1400,51.9000,41.4027,6388000
2012-11-19,52.2300,52.9100,51.8500,52.9100,42.2084,5868900
2012-11-20,52.9200,53.1800,52.6600,53.1400,42.3919,4737800
2012-11-21,53.2000,53.7000,52.8200,53.5300,42.7030,5097000
2012-11-23,53.6700,53.9300,53.5000,53.9200,43.0141,1709300
2012-11-26,52.9900,53.6100,52.7600,53.5300,42.7030,5692900
2012-11-27,53.1300,53.8300,52.5500,52.5900,41.9531,7859400
2012-11-28,52.2700,53.2400,52.2400,52.7500,42.0808,5744200
2012-11-29,53.2600,54.5900,53.0000,54.3600,43.3651,10911600
2012-11-30,54.1800,54.8800,54.0700,54.3900,43.3891,7818600
2012-12-03,54.5600,54.9500,53.8300,53.8900,42.9902,3861300
2012-12-04,53.9600,54.2400,53.5200,53.5400,42.7110,5948900
2012-12-05,53.7300,54.2300,53.6100,53.8400,42.9503,4495100
2012-12-06,53.9000,53.9000,53.2800,53.6500,42.7987,3771900
2012-12-07,53.8000,53.9000,53.3900,53.8700,43.1455,4206200
2012-12-10,53.8700,54.3300,53.7400,54.1900,43.4018,4113500
2012-12-11,54.2500,54.9800,54.0800,54.7600,43.8584,4970400
2012-12-12,55.0000,55.8200,54.9000,55.2500,44.2508,7054000
2012-12-13,55.2200,55.3900,54.3100,54.3800,43.5540,4911800
2012-12-14,54.1700,54.5300,53.9200,54.0500,43.2897,3468700
2012-12-17,54.0800,54.5500,53.9800,54.3600,43.5380,6336900
2012-12-18,54.6200,55.3400,54.4700,54.9500,44.0105,4637800
2012-12-19,55.1200,55.1200,54.4300,54.4900,43.6421,5537600
2012-12-20,54.4800,55.5100,54.4500,55.4600,44.4190,5025900
2012-12-21,55.3800,55.5200,54.4300,55.0300,44.0746,9440100
2012-12-24,54.8000,55.0500,54.5300,54.8500,43.9304,1713900
2012-12-26,54.8000,54.8500,54.1200,54.2200,43.4259,3232400
2012-12-27,54.1200,54.5900,53.9500,54.4400,43.6021,3245700
2012-12-28,54.0900,54.6400,53.8000,53.8600,43.1375,3137400
2012-12-31,53.6300,54.2600,53.4900,54.2400,43.4419,4948700
2013-01-02,54.8800,55.0000,54.0100,54.5400,43.6822,5358100
2013-01-03,53.4400,53.5200,51.8500,51.9900,41.6398,14413200
2013-01-04,52.2000,52.7300,52.0600,52.0900,41.7199,10458000
2013-01-07,51.8800,52.3300,51.5500,52.0900,41.7199,7804500
2013-01-08,52.0000,52.2400,51.3600,51.4000,41.1673,8196200
2013-01-09,51.5900,52.5000,51.5000,52.3700,41.9442,5154300
2013-01-10,52.5200,53.1900,52.3300,53.1100,42.5368,6506500
2013-01-11,53.4000,53.4000,52.3300,52.8200,42.3046,10182500
2013-01-14,52.8700,54.4200,52.6000,53.3600,42.7371,7119900
2013-01-15,53.2200,53.8500,53.2100,53.6200,42.9453,5802900
2013-01-16,53.6400,53.8000,53.3400,53.6600,42.9773,6474500
2013-01-17,53.7600,54.5300,53.1700,54.4000,43.5700,14438900
2013-01-18,54.4000,54.6300,54.2200,54.5600,43.6982,7023900
2013-01-22,54.6500,56.0900,54.5600,56.0200,44.8675,9330000
2013-01-23,56.1100,56.2500,55.4500,55.9100,44.7794,6665700
2013-01-24,56.0300,56.4400,55.9000,56.2200,45.0277,4221700
2013-01-25,56.3600,56.3800,55.7200,56.0400,44.8835,5604700
2013-01-28,56.4200,56.5300,55.8000,55.8100,44.6993,5736900
2013-01-29,55.7500,56.6900,55.6800,56.2800,45.0758,7317600
2013-01-30,56.2500,56.4400,55.9200,56.0800,44.9156,6269200
2013-01-31,55.8400,56.0400,55.2100,55.2100,44.2188,6957500
2013-02-01,55.7400,55.8400,55.3700,55.7700,44.6673,6369500
2013-02-04,55.3200,56.3700,55.3200,55.7500,44.6513,4795700
2013-02-05,57.0700,57.8300,56.8300,57.7700,46.2691,8645500
2013-02-06,57.4400,57.5400,57.1000,57.3800,45.9568,5266100
2013-02-07,57.3600,57.5000,56.6500,57.0500,45.6924,6050700
2013-02-08,57.1600,58.2600,57.1200,57.7400,46.2451,4554600
2013-02-11,57.5600,57.7100,57.0500,57.1200,45.7485,4166800
2013-02-12,57.2000,57.3800,56.9300,57.0100,45.6604,4448600
2013-02-13,57.0100,57.3700,56.7500,57.2300,45.8366,4261200
2013-02-14,57.0100,57.2200,56.7500,57.0500,45.6924,5173800
2013-02-15,57.0600,57.4900,57.0400,57.3200,45.9087,5750400
2013-02-19,54.2000,56.8800,54.0400,56.6600,45.3801,14566200
2013-02-20,56.5100,56.5800,55.1900,55.2100,44.2188,7542900
2013-02-21,55.5700,55.9400,54.8800,55.2400,44.2428,6357300
2013-02-22,55.4000,55.4100,54.2500,54.4700,43.6261,8400700
2013-02-25,54.6900,54.7500,53.2900,53.3000,42.6890,6807800
2013-02-26,53.5100,53.6000,52.5100,53.0500,42.4888,6325100
2013-02-27,52.9600,54.0100,52.9300,53.8700,43.1455,5133800
2013-02-28,53.8200,53.9600,53.3900,53.4500,42.8092,5879800
2013-03-01,53.3400,53.7900,52.8800,53.5200,42.8652,6972100
2013-03-04,53.3100,53.5000,53.1300,53.3200,42.7050,4783000
2013-03-05,53.4300,53.8400,53.1800,53.5000,42.8492,4911700
2013-03-06,53.5600,53.9400,53.3500,53.6100,42.9373,5562600
2013-03-07,53.7600,54.1800,53.6900,53.8000,43.0895,4455700
2013-03-08,53.9700,54.2500,53.5200,53.8100,43.0975,4584400
2013-03-11,53.8300,54.6400,53.7500,54.2100,43.4178,4008700
2013-03-12,54.1700,55.0000,54.0800,54.8300,43.9144,5466300
2013-03-13,54.6800,54.8800,54.3500,54.4800,43.8035,4343000
2013-03-14,54.5800,54.8100,54.0600,54.7300,44.0045,5066800
2013-03-15,54.6300,54.9000,54.4200,54.7300,44.0045,7888300
2013-03-18,54.3000,55.4700,54.2800,55.0000,44.2216,5974200
2013-03-19,55.0000,55.4000,54.9200,55.1700,44.3582,5486600
2013-03-20,55.4700,55.5300,54.8100,54.8800,44.1251,4528800
2013-03-21,54.6900,55.3500,54.6300,55.0600,44.2698,4953700
2013-03-22,55.1400,55.3000,54.2300,54.4600,43.7874,5415900
2013-03-25,54.6500,55.1200,54.4400,54.8600,44.1090,5142500
2013-03-26,55.1400,55.7800,55.0900,55.6500,44.7442,6059700
2013-03-27,55.5500,57.0300,55.4400,56.6200,45.5241,8525800
2013-03-28,56.6600,57.3100,56.4900,57.2100,45.9984,5685400
2013-04-01,57.1600,59.3600,57.0100,58.9700,47.4136,9006100
2013-04-02,61.6300,63.9500,61.5000,61.7400,49.6407,22664600
2013-04-03,62.4100,62.7500,61.6200,61.6700,49.5844,10140400
2013-04-04,61.7500,62.5000,61.4900,62.0300,49.8739,7648400
2013-04-05,61.9200,62.5600,61.6500,62.1000,49.9302,6841300
2013-04-08,62.0700,62.3700,61.2900,61.8900,49.7613,4545600
2013-04-09,62.0900,62.5700,61.9500,62.1800,49.9945,4405900
2013-04-10,62.3200,62.6000,62.0900,62.4100,50.1794,4400600
2013-04-11,62.3900,63.0000,62.3300,62.9800,50.6377,4738900
2013-04-12,62.8300,63.2800,62.6200,63.0300,50.6779,4162000
2013-04-15,62.7200,63.0000,61.5800,61.5900,49.5201,4625600
2013-04-16,62.1800,63.0000,61.7700,62.8100,50.5010,4976400
2013-04-17,62.3900,63.1500,61.9600,62.0300,49.8739,8429000
2013-04-18,59.3900,60.7500,58.0300,59.6900,47.9924,14015000
2013-04-19,59.9400,60.7500,59.4700,60.0400,48.2739,6524600
2013-04-22,59.9900,60.1000,58.6400,59.2200,47.6146,6020900
2013-04-23,59.4700,59.6600,58.1200,58.5400,47.0678,6277700
2013-04-24,58.9000,59.2500,58.7200,58.7900,47.2688,5883000
2013-04-25,59.1300,59.4100,58.6100,59.3400,47.7110,5669100
2013-04-26,59.2600,60.1500,59.1300,59.4800,47.8236,5798100
2013-04-29,59.9500,60.4900,59.8100,60.0100,48.2498,4861600
2013-04-30,60.1400,60.3800,59.2100,59.9300,48.1854,5701800
2013-05-01,59.9600,60.4400,59.3000,59.7200,48.0166,4897800
2013-05-02,59.7100,60.3800,59.3900,59.4800,47.8236,6072500
2013-05-03,59.7900,60.0300,58.8700,58.9200,47.3733,5149500
2013-05-06,59.3800,60.7300,59.3200,60.2000,48.4025,5609600
2013-05-07,60.0800,61.1300,59.9300,60.5000,48.6437,4830700
2013-05-08,60.3200,62.7700,60.3100,62.5100,50.2598,10032800
2013-05-09,62.2500,62.5600,61.4600,62.0100,49.8578,6416700
2013-05-10,62.0400,62.9900,61.8100,62.9100,50.5814,5015700
2013-05-13,62.6700,62.8000,62.2600,62.3900,50.1633,3490400
2013-05-14,62.3000,62.4800,61.5500,61.7300,49.6327,5390300
2013-05-15,61.5200,62.2800,61.1700,61.6100,49.5362,6808200
2013-05-16,61.3000,62.3500,61.2000,62.1400,49.9623,6904800
2013-05-17,62.2500,63.3100,62.2200,62.8400,50.5251,5840800
2013-05-20,62.7300,62.9200,62.4200,62.5600,50.3000,2688200
2013-05-21,62.5700,63.0300,62.4500,62.8700,50.5493,3248400
2013-05-22,62.0000,63.2700,61.5300,62.2800,50.0749,6317500
2013-05-23,62.0900,62.8200,61.8200,62.3600,50.1392,4479100
2013-05-24,62.0200,62.5200,61.4900,62.0600,49.8980,4697900
2013-05-28,62.4900,63.5800,62.4000,63.3400,50.9272,5341000
2013-05-29,63.3200,63.5500,62.8100,63.3500,50.9352,5009100
2013-05-30,63.4300,64.9000,63.0200,64.6600,51.9885,5671300
2013-05-31,64.4500,64.8500,62.6000,62.6300,50.3563,5888300
2013-06-03,62.8900,63.0000,62.0900,62.8000,50.4930,3756200
2013-06-04,62.6000,62.9900,61.9200,62.3600,50.1392,5151100
2013-06-05,63.0100,63.1100,61.6500,61.7500,49.6487,5380100
2013-06-06,61.7500,61.9200,60.9500,61.9200,49.7854,4711400
2013-06-07,62.2700,62.9300,61.7000,62.5700,50.3081,5214700
2013-06-10,62.5800,63.9000,62.5700,63.6800,51.2005,5256600
2013-06-11,63.1500,64.5600,62.7000,63.9300,51.4015,6063400
2013-06-12,64.2400,64.5100,63.6200,63.8300,51.3211,3891100
2013-06-13,63.7000,64.2100,63.1500,64.1500,51.8057,4379500
2013-06-14,64.1300,64.4500,63.5900,63.8000,51.5230,3122600
2013-06-17,64.2900,65.2400,64.1000,64.3700,51.9833,4975000
2013-06-18,64.9000,65.7100,64.4600,65.6800,53.0413,5183300
2013-06-19,65.7000,66.1600,65.2300,65.2600,52.7021,6370200
2013-06-20,64.8000,64.8200,63.6500,63.8000,51.5230,5748300
2013-06-21,64.1900,64.8300,63.4300,63.9000,51.6038,7806500
2013-06-24,63.4900,65.0400,63.4600,64.6500,52.2094,5717100
2013-06-25,65.0300,65.5400,63.6600,63.7300,51.4665,4959100
2013-06-26,64.0300,65.0600,64.0200,64.7800,52.3144,4851700
2013-06-27,65.0600,66.1900,64.9600,66.0900,53.3724,4483600
2013-06-28,65.6200,66.1300,65.0400,65.4800,52.8797,6867800
2013-07-01,65.8900,66.3600,65.5200,65.6300,53.0009,3736500
2013-07-02,65.4300,65.6600,65.0500,65.2700,52.7102,4484800
2013-07-03,64.9600,65.8400,64.6500,65.5400,52.9282,2271100
2013-07-05,65.9600,66.1900,65.2700,66.1700,53.4370,2356500
2013-07-08,66.9500,67.5800,66.3600,67.5600,54.5595,6192500
2013-07-09,68.0200,68.4500,67.2900,67.9700,54.8906,4275700
2013-07-10,68.0000,68.7500,67.6100,67.6900,54.6645,4383900
2013-07-11,68.2700,68.5500,67.6500,68.3600,55.2055,6588900
2013-07-12,68.5700,68.7400,67.6900,68.0000,54.9148,4645600
2013-07-15,68.1300,68.1900,67.4600,67.6200,54.6080,3813600
2013-07-16,67.2400,67.3500,66.5600,66.9100,54.0346,5459600
2013-07-17,67.0100,67.4400,65.9200,66.2300,53.4854,8904300
2013-07-18,69.3500,70.8500,68.9100,70.5500,56.9741,14082900
2013-07-19,70.6100,72.0900,70.1600,71.4500,57.7009,7504900
2013-07-22,71.5600,72.5400,71.4000,72.1800,58.2905,5038000
2013-07-23,72.2100,72.7400,71.8200,72.6900,58.7023,3934300
2013-07-24,72.8100,73.1500,72.1800,72.5300,58.5731,6023300
2013-07-25,72.0800,72.6200,71.7000,72.6200,58.6458,3840600
2013-07-26,72.1300,72.5900,71.5700,72.2100,58.3147,3826000
2013-07-29,72.1100,72.8600,71.9600,72.7900,58.7831,3835300
2013-07-30,72.8800,73.2200,71.9800,72.2700,58.3631,5375400
2013-07-31,72.4700,73.6600,72.4700,72.8500,58.8315,5964700
2013-08-01,73.2300,73.5200,72.9000,73.1600,59.0819,3254000
2013-08-02,73.0300,73.0300,71.9300,72.2600,58.3551,3622500
2013-08-05,72.3600,73.5800,72.3000,73.3400,59.2272,2871000
2013-08-06,73.1800,73.3700,72.5300,73.2400,59.1465,3089500
2013-08-07,73.1800,73.4000,72.6200,72.9200,58.8881,2807300
2013-08-08,73.1500,73.6700,72.8600,73.1800,59.0980,2171600
2013-08-09,73.2000,73.5900,72.2700,72.9300,58.8961,2556900
2013-08-12,72.4100,72.5900,72.0100,72.3900,58.4601,3043300
2013-08-13,72.4300,73.3900,72.3100,73.3500,59.2353,2627400
2013-08-14,73.1900,73.3000,72.3100,72.4900,58.5408,3079000
2013-08-15,71.9900,72.6200,71.3700,71.4000,57.6606,3402000
2013-08-16,71.1500,71.9800,71.0000,71.4300,57.6848,3323600
2013-08-19,71.5300,72.2000,71.4600,71.7100,57.9109,2794800
2013-08-20,71.8500,72.8400,71.6100,72.4600,58.5166,3110000
2013-08-21,72.1800,72.3400,71.4700,71.8500,58.0240,3314200
2013-08-22,72.0400,72.7400,71.8300,71.9700,58.1209,2959400
2013-08-23,72.0100,72.7200,71.9100,72.5400,58.5812,3215600
2013-08-26,72.6400,72.9200,72.2800,72.3800,58.4520,2797700
2013-08-27,71.9500,72.1400,71.3200,71.5200,57.7575,3626200
2013-08-28,71.4000,72.1600,71.3500,71.5400,57.7736,3297700
2013-08-29,71.3400,72.8300,71.1500,72.4400,58.5004,5243500
2013-08-30,72.4600,72.8100,71.4900,71.7400,57.9351,4186200
2013-09-03,71.8100,72.7700,71.7900,72.5600,58.5973,3801500
2013-09-04,72.4600,73.3500,72.2000,73.3500,59.2353,3333600
2013-09-05,73.3400,74.2300,73.1400,74.0400,59.7926,2861600
2013-09-06,74.2400,74.7900,72.5500,74.0600,59.8087,3584100
2013-09-09,74.1100,74.5500,73.7800,74.2500,59.9621,2629600
2013-09-10,74.6000,74.6400,73.8400,74.6300,60.2690,3925400
2013-09-11,74.5800,75.1900,74.3300,75.1800,60.9418,3819200
2013-09-12,75.3200,75.5000,74.7000,74.7400,60.5851,2823800
2013-09-13,74.9200,75.2500,74.1200,74.4800,60.3744,3421000
2013-09-16,75.0900,75.8800,74.9700,75.1200,60.8932,4224800
2013-09-17,75.1100,75.3500,73.9300,74.3100,60.2366,5138100
2013-09-18,74.1500,74.1900,72.4400,73.0400,59.2071,7725600
2013-09-19,73.0900,73.1200,70.6200,70.8400,57.4238,8322900
2013-09-20,70.5500,71.7500,70.4000,70.5700,57.2049,9088700
2013-09-23,70.8000,71.9400,70.6200,71.8200,58.2182,4482500
2013-09-24,72.1800,72.9400,71.6300,72.3200,58.6235,4855200
2013-09-25,72.3000,72.6600,71.8600,71.9800,58.3479,4812900
2013-09-26,72.0000,72.8100,71.9200,72.1600,58.4938,2413200
2013-09-27,71.7000,72.1100,71.5000,71.9900,58.3560,3548000
2013-09-30,71.2900,71.6700,71.0100,71.6100,58.0479,4183600
2013-10-01,71.7400,72.9400,71.6500,72.5800,58.8342,4322300
2013-10-02,72.2400,72.6300,72.0700,72.5700,58.8261,2705700
2013-10-03,72.5000,72.9800,72.2600,72.5200,58.7856,5038300
2013-10-04,72.5000,73.1400,72.2300,72.9900,59.1666,4297600
2013-10-07,72.5900,72.7000,72.1600,72.1700,58.5019,4787000
2013-10-08,72.0000,72.4200,71.4300,71.4800,57.9426,6049100
2013-10-09,71.7100,71.8800,71.1800,71.3800,57.8615,4464100
2013-10-10,72.1300,73.9800,71.8400,73.9800,59.9691,4894300
2013-10-11,73.9300,74.2700,73.5000,74.2700,60.2042,2935800
2013-10-14,73.8600,74.8100,73.5200,74.7200,60.5690,2562200
2013-10-15,74.5100,74.9300,73.7600,73.8700,59.8799,2922900
2013-10-16,74.5000,75.4900,74.3800,75.1900,60.9499,4368600
2013-10-17,71.7700,72.8800,71.0500,71.3700,57.8534,21810200
2013-10-18,71.2600,71.3500,67.5400,68.7600,55.7377,21080600
2013-10-21,68.6500,68.7700,67.0900,68.2000,55.2837,11496900
2013-10-22,68.2200,69.6300,68.2200,68.8600,55.8187,7647300
2013-10-23,68.5100,68.6100,67.6500,68.0100,55.1297,8227700
2013-10-24,68.0100,68.3900,67.1800,67.6100,54.8055,6352500
2013-10-25,67.5100,68.1800,67.2800,67.6200,54.8136,6892500
2013-10-28,67.5500,67.8000,66.7200,66.9400,54.2624,6989300
2013-10-29,66.8800,68.1500,66.8500,68.0800,55.1865,5860000
2013-10-30,68.1200,68.6700,67.7700,68.0100,55.1297,4360500
2013-10-31,68.4000,68.7100,67.8600,68.2600,55.3324,4216700
2013-11-01,68.2700,68.7000,67.9500,68.6300,55.6323,4459000
2013-11-04,68.7800,69.2600,68.3600,68.9500,55.8917,3698700
2013-11-05,68.5000,68.9400,68.2700,68.7200,55.7053,3328700
2013-11-06,68.8700,71.0200,68.8000,70.2900,56.9779,5479400
2013-11-07,70.9000,70.9800,69.6600,69.7600,56.5483,4497300
2013-11-08,69.7000,70.5300,69.6400,70.5000,57.1482,3741900
2013-11-11,70.7300,70.9500,70.2900,70.5000,57.1482,3082600
2013-11-12,70.4700,70.9000,69.8700,69.9500,56.7023,3604800
2013-11-13,69.9500,71.1300,69.8100,71.0100,57.5616,3879500
2013-11-14,71.3400,71.6000,70.9400,71.4400,57.9102,3581200
2013-11-15,71.1300,71.9600,71.0900,71.8700,58.2587,3872600
2013-11-18,71.9700,72.1000,71.5000,71.6800,58.1047,3263700
2013-11-19,71.7600,71.9100,71.2600,71.6100,58.0479,4260900
2013-11-20,71.8800,72.8600,71.6600,71.9800,58.3479,5031300
2013-11-21,72.3900,73.6800,72.3700,72.9100,59.1017,4368000
2013-11-22,72.9100,73.7500,72.8000,73.7400,59.7746,3178400
2013-11-25,74.0000,74.6600,73.7900,74.0700,60.0420,3773900
2013-11-26,74.2100,74.9900,74.0500,74.5200,60.4068,4635400
2013-11-27,74.6700,74.9300,74.0800,74.3600,60.2771,3640600
2013-11-29,74.5900,74.9300,74.2300,74.4800,60.3744,2025600
2013-12-02,73.6400,74.4500,73.6400,74.1600,60.1150,4276000
2013-12-03,74.1400,74.1400,72.9200,73.7300,59.7664,5162400
2013-12-04,73.0200,74.4100,72.5400,73.6500,59.9292,5548700
2013-12-05,73.3200,73.6800,72.5400,72.7500,59.1968,4104700
2013-12-06,73.2300,73.7200,72.8400,73.5000,59.8071,3886000
2013-12-09,73.5000,74.3100,73.4300,73.7200,59.9862,3988600
2013-12-10,73.7000,74.4100,73.6800,74.0500,60.2547,3741100
2013-12-11,74.0800,74.1000,71.9000,72.1400,58.7005,7304300
2013-12-12,72.1900,72.5700,70.9100,71.0100,57.7810,5815300
2013-12-13,71.2000,71.8600,70.4600,70.4800,57.3497,4737000
2013-12-16,70.7300,71.3800,70.5300,71.0600,57.8217,4369500
2013-12-17,71.2200,71.2200,70.2000,70.7300,57.5532,4280100
2013-12-18,71.0300,72.4700,70.7000,72.3800,58.8958,4975700
2013-12-19,72.1700,72.5300,71.6700,72.3900,58.9039,4359200
2013-12-20,72.6300,73.7300,72.6200,73.3500,59.6851,7511500
2013-12-23,73.8400,74.5900,73.7100,74.3500,60.4988,3263100
2013-12-24,74.2000,74.4200,73.9200,74.1300,60.3197,1253500
2013-12-26,74.4400,74.9700,74.2800,74.8500,60.9056,2121000
2013-12-27,75.0000,75.3200,74.5800,74.6900,60.7754,2859900
2013-12-30,74.8500,75.0400,74.3100,74.7800,60.8487,1983800
2013-12-31,75.0000,75.5400,74.6300,75.3000,61.2718,2280000
2014-01-02,74.9100,75.2900,74.5100,74.5700,60.6778,3067000
2014-01-03,74.8000,75.7600,74.6000,75.1000,61.1090,3206400
2014-01-06,75.4200,75.4200,74.1200,74.2400,60.4093,3424500
2014-01-07,74.9400,77.3300,74.9400,76.5100,62.2564,6542500
2014-01-08,76.3300,76.4600,75.4800,75.6200,61.5322,6172200
2014-01-09,75.6500,76.2400,75.6500,76.0800,61.9065,6291500
2014-01-10,76.2000,76.3000,74.5500,74.7000,60.7836,6632200
2014-01-13,74.6700,75.0000,73.6800,73.9400,60.1651,5248700
2014-01-14,74.0500,74.3400,73.6900,74.0200,60.2303,5783900
2014-01-15,73.9900,74.8600,73.9900,74.8400,60.8975,7043300
2014-01-16,74.1300,74.8400,72.1500,72.7600,59.2050,8892800
2014-01-17,73.1200,73.1200,72.3000,72.5200,59.0097,5551300
2014-01-21,72.7200,73.6200,72.4100,73.1600,59.5305,6379300
2014-01-22,73.8300,73.9300,73.2400,73.4000,59.7258,4864700
2014-01-23,72.7000,73.6900,72.4900,73.2000,59.5630,5050300
2014-01-24,72.8300,72.9200,71.3800,71.6000,58.2611,5523600
2014-01-27,71.3100,72.2000,71.1400,71.6500,58.3018,4233600
2014-01-28,71.6500,72.3600,71.4700,71.7100,58.3506,2932700
2014-01-29,71.3900,72.9600,70.8400,71.2600,57.9844,6005100
2014-01-30,71.7000,73.0400,71.5300,72.8000,59.2375,4254000
2014-01-31,71.8700,72.3500,71.4500,72.2800,58.8144,4291500
2014-02-03,72.1400,72.2100,70.6400,70.7400,57.5613,4526100
2014-02-04,70.8000,71.0000,69.8000,70.5100,57.3742,4646100
2014-02-05,69.9400,71.2000,69.8300,70.8200,57.6264,4394300
2014-02-06,70.7700,71.0600,70.0900,70.8700,57.6671,4765600
2014-02-07,70.5000,71.6500,70.1100,71.3600,58.0658,6902900
2014-02-10,70.9100,71.0700,69.5700,69.7400,56.7476,7774000
2014-02-11,69.7600,70.8700,69.5800,70.6200,57.4637,5543000
2014-02-12,70.9100,71.3000,69.9800,70.2400,57.1545,4120600
2014-02-13,70.1300,71.4800,69.9300,71.2100,57.9437,3788000
2014-02-14,71.1600,73.8400,71.0000,73.5200,59.8234,6848800
2014-02-18,73.5200,74.6200,73.4500,73.8300,60.0756,5538400
2014-02-19,73.5500,74.3100,73.4200,73.5500,59.8478,3926500
2014-02-20,73.6000,74.1100,73.2300,73.4800,59.7909,4134000
2014-02-21,73.4300,74.1000,73.3400,73.8100,60.0594,4552300
2014-02-24,74.1400,76.7700,74.0000,76.0100,61.8495,9559000
2014-02-25,75.9800,76.1400,75.1300,75.3200,61.2880,3761800
2014-02-26,75.3300,76.1300,74.7800,76.0600,61.8902,5433200
2014-02-27,75.7800,76.4100,75.6000,76.0200,61.8577,4227300
2014-02-28,76.0400,77.7100,75.8000,77.2700,62.8748,6176600
2014-03-03,76.7000,77.4600,76.5300,77.1000,62.7365,3673400
2014-03-04,77.7400,78.5700,77.5400,78.1300,63.5746,5164500
2014-03-05,78.2600,78.5000,77.5800,77.9900,63.4607,3917600
2014-03-06,78.1500,78.3400,77.5500,77.6400,63.1759,4200500
2014-03-07,78.0100,78.0700,77.0400,77.4000,62.9806,3434700
2014-03-10,77.2800,77.9000,77.1100,77.8800,63.3711,2986400
2014-03-11,77.9100,78.4500,77.5200,77.7800,63.2898,3471200
2014-03-12,77.2800,77.7000,77.2300,77.6000,63.3714,2875400
2014-03-13,77.7600,78.1000,76.9600,77.0100,62.8896,3178600
2014-03-14,77.0200,77.0200,75.6500,75.7000,61.8198,5128700
2014-03-17,76.1400,77.0200,76.0900,76.7600,62.6855,3517900
2014-03-18,76.9700,78.0500,76.7700,78.0000,63.6981,3670800
2014-03-19,78.0700,80.3000,77.9400,79.9600,65.2987,9060100
2014-03-20,79.5800,81.5900,79.4300,81.5300,66.5808,7786500
2014-03-21,82.1900,83.3200,81.3000,81.3400,66.4257,11828100
2014-03-24,81.6500,81.7200,80.8600,81.2800,66.3767,5306200
2014-03-25,81.5900,82.1500,80.9800,81.1000,66.2297,4588800
2014-03-26,81.4800,82.3000,81.0700,81.5400,66.5890,6910000
2014-03-27,81.5800,81.9000,80.7800,81.0200,66.1644,5453900
2014-03-28,81.4000,82.3500,81.2600,81.6200,66.6543,4787400
2014-03-31,82.0800,82.2700,81.4100,81.9900,66.9565,3513700
2014-04-01,82.3500,83.0500,81.5800,81.8400,66.8340,4339800
2014-04-02,81.5400,81.7400,81.2700,81.6100,66.6462,3832100
2014-04-03,81.6500,82.3500,81.6000,82.2500,67.1688,4214700
2014-04-04,82.6900,82.9300,81.3700,81.5300,66.5808,4788100
2014-04-07,81.5000,81.9800,80.7500,81.0800,66.2134,5286700
2014-04-08,81.0700,81.5500,80.1100,80.6600,65.8703,4044900
2014-04-09,80.8000,81.5600,80.5000,81.3900,66.4665,3308900
2014-04-10,81.4200,81.9900,79.7800,79.9900,65.3232,4850000
2014-04-11,79.7700,79.9700,78.8200,78.9500,64.4739,3418700
2014-04-14,79.4400,79.6800,78.3800,79.1800,64.6617,4013700
2014-04-15,79.3600,79.7200,78.0600,79.5100,64.9312,4719100
2014-04-16,79.4900,79.5400,77.4700,78.1900,63.8533,8098100
2014-04-17,75.4400,76.6500,73.6100,75.7800,61.8852,13422900
2014-04-21,75.7000,76.4800,74.7900,74.9500,61.2073,6912500
2014-04-22,75.1900,76.1900,74.9500,75.7600,61.8688,6199400
2014-04-23,75.8100,76.0700,75.1100,75.3300,61.5176,4645700
2014-04-24,76.1500,77.0800,75.9100,76.5900,62.5466,4604900
2014-04-25,76.5700,77.2900,75.2300,75.6600,61.7871,5416200
2014-04-28,76.3500,76.5800,75.4200,75.7400,61.8525,5346800
2014-04-29,75.9500,76.2100,74.8900,75.2000,61.4115,4813200
2014-04-30,75.2500,76.1900,74.9200,75.0400,61.2808,6435900
2014-05-01,75.0500,75.4000,74.2600,74.9500,61.2073,4598000
2014-05-02,74.6800,75.3300,74.5100,75.0300,61.2727,3794700
2014-05-05,74.8300,75.3100,74.3000,75.2300,61.4360,4476100
2014-05-06,75.1300,75.6000,74.8900,75.2600,61.4605,4728200
2014-05-07,75.5900,77.9500,75.0800,77.9100,63.6246,6383500
2014-05-08,77.8200,78.0600,76.7400,76.8900,62.7916,4943100
2014-05-09,76.8200,77.3000,76.6200,76.9500,62.8406,3465600
2014-05-12,77.2000,78.0200,77.1000,77.7400,63.4858,3110900
2014-05-13,77.8600,78.2200,77.5300,78.0400,63.7308,3059000
2014-05-14,78.0500,78.0500,76.9400,77.1700,63.0203,2635300
2014-05-15,77.1600,77.3200,76.2300,76.4800,62.4568,3075200
2014-05-16,76.3500,76.6700,76.0100,76.6500,62.5956,2974600
2014-05-19,76.4200,77.2300,76.3600,77.2000,63.0448,2149100
2014-05-20,77.1900,77.4000,76.3600,76.6600,62.6038,2806500
2014-05-21,76.7100,77.8800,76.6300,77.7200,63.4694,2401200
2014-05-22,77.7100,78.6300,77.6300,78.3400,63.9757,3146900
2014-05-23,78.6500,79.0000,78.3600,78.7700,64.3269,2251500
2014-05-27,79.2300,79.3300,78.6600,79.1100,64.6046,2645500
2014-05-28,78.9700,79.2100,78.3000,78.5800,64.1717,2250900
2014-05-29,78.6000,79.4300,78.0800,79.3700,64.8169,3526800
2014-05-30,79.2400,79.7400,78.8800,79.6300,65.0292,5139900
2014-06-02,79.7700,79.9300,79.3200,79.4700,64.8986,1986400
2014-06-03,79.3100,80.1800,79.2800,79.8800,65.2334,2841100
2014-06-04,79.7300,80.5700,79.4800,80.5100,65.7479,3552900
2014-06-05,80.4800,80.7500,79.6800,79.8000,65.1680,3453700
2014-06-06,79.9900,80.3200,79.5700,79.9300,65.2742,3286600
2014-06-09,80.0500,80.2500,79.2600,79.7600,65.1354,2801700
2014-06-10,79.6000,80.0000,79.4700,79.8100,65.1762,2459200
2014-06-11,79.7600,80.3400,79.4200,80.1700,65.4702,2733500
2014-06-12,79.7800,80.0000,79.1000,79.4400,65.1789,2560000
2014-06-13,79.3400,79.3700,78.6000,79.1800,64.9656,2265200
2014-06-16,79.1800,79.2100,77.8100,78.0000,63.9975,4542900
2014-06-17,77.9000,78.2500,77.5300,78.1700,64.1369,3430900
2014-06-18,78.1700,79.3700,77.7800,79.2100,64.9902,4823000
2014-06-19,79.3500,80.7900,79.2600,80.5100,66.0569,4538600
2014-06-20,80.8300,81.4900,80.4600,81.4100,66.7953,7366500
2014-06-23,81.3900,81.6500,80.9800,81.4900,66.8609,3066900
2014-06-24,81.4300,82.3900,81.4200,81.7400,67.0660,4685500
2014-06-25,81.3500,82.3800,80.8100,82.3400,67.5583,3629200
2014-06-26,82.4800,82.4800,81.6600,82.2900,67.5173,2915900
2014-06-27,81.6900,82.1100,81.3100,82.0000,67.2794,4755600
2014-06-30,82.2800,82.5400,81.6000,81.7500,67.0743,3916100
2014-07-01,81.7400,82.3500,81.6500,81.8900,67.1891,5482400
2014-07-02,81.8000,82.5200,81.0700,82.4900,67.6814,3693500
2014-07-03,82.5900,83.4400,82.3200,83.3500,68.3870,2183400
2014-07-07,82.9900,83.1000,81.7900,82.2200,67.4599,2558500
2014-07-08,82.0200,82.0700,81.3800,81.9300,67.2220,2967300
2014-07-09,81.9800,82.7500,81.8900,82.7400,67.8865,3079500
2014-07-10,81.2800,82.5100,81.0500,82.0800,67.3450,3829400
2014-07-11,81.9200,83.1300,81.7300,82.8700,67.9932,2758400
2014-07-14,83.3300,84.6900,83.2100,84.2700,69.1419,3794500
2014-07-15,84.0400,84.7400,83.7300,83.9000,68.8383,4356300
2014-07-16,84.0700,84.1300,83.2200,83.7600,68.7234,3955200
2014-07-17,84.2500,87.2400,83.4300,85.1100,69.8310,7117900
2014-07-18,85.4700,85.7800,84.4300,85.5200,70.1675,3892100
2014-07-21,85.2200,85.2900,84.0300,85.0600,69.7900,4025100
2014-07-22,85.5200,86.7600,85.4700,86.0500,70.6023,4366900
2014-07-23,86.3100,86.5500,85.7700,85.9400,70.5121,2596300
2014-07-24,85.4500,86.3300,85.2900,85.6800,70.2987,4022400
2014-07-25,84.1200,85.0100,84.0000,84.6800,69.4783,3362600
2014-07-28,85.0300,85.9000,84.6000,85.7500,70.3562,2206900
2014-07-29,84.9600,85.5600,83.9900,84.2700,69.1419,4897800
2014-07-30,84.7600,84.8700,81.7200,82.9500,68.0588,7171800
2014-07-31,81.7700,82.1800,80.5500,81.0500,66.4999,5345400
2014-08-01,81.1400,82.0700,80.5600,81.4900,66.8609,4625100
2014-08-04,81.5900,82.5300,81.1600,82.2700,67.5009,3197700
2014-08-05,81.8300,82.5300,80.5700,80.9900,66.4507,4599500
2014-08-06,80.9500,82.1200,80.7400,81.5000,66.8691,3311300
2014-08-07,81.0000,81.0900,79.1600,79.2600,65.0312,5465400
2014-08-08,79.4100,80.1900,78.7400,80.1200,65.7368,3713400
2014-08-11,80.3900,80.6500,79.7600,79.8700,65.5318,3460000
2014-08-12,79.6100,80.3900,79.5300,80.2200,65.8189,3206200
2014-08-13,80.6200,81.6700,80.3900,81.5100,66.8773,3049900
2014-08-14,81.7100,82.0700,80.1600,81.8200,67.1317,2241100
2014-08-15,82.2100,82.2800,80.8100,81.4700,66.8445,2442700
2014-08-18,81.7700,82.4800,81.3500,82.3400,67.5583,2795800
2014-08-19,82.4900,83.7600,82.0500,83.4700,68.4855,3549300
2014-08-20,82.9400,83.7500,82.3600,83.4300,68.4527,2579600
2014-08-21,83.6100,84.1000,83.5900,83.7700,68.7316,2648500
2014-08-22,83.6000,84.0000,83.4600,83.7800,68.7398,2089300
2014-08-25,84.3900,84.7500,83.9500,84.2400,69.1172,1988100
2014-08-26,84.4500,85.3400,84.1500,85.1200,69.8393,2267800
2014-08-27,85.1800,86.9700,84.9600,86.3800,70.8731,5800700
2014-08-28,86.0000,87.0000,85.5200,86.3400,70.8402,2749700
2014-08-29,86.7500,87.2300,86.3500,86.6800,71.1192,3297500
2014-09-02,87.1200,87.2200,85.7600,86.3900,70.8812,3726100
2014-09-03,86.7800,87.3500,86.4200,86.7900,71.2095,2824400
2014-09-04,86.7600,88.4500,86.7100,87.0600,71.4310,3650100
2014-09-05,86.9500,87.8000,86.7400,87.7500,71.9971,3873500
2014-09-08,87.7000,88.0000,87.4200,87.9100,72.1284,2298000
2014-09-09,88.0000,88.8500,87.4900,88.5600,72.6617,4409400
2014-09-10,88.4400,88.5000,86.6900,87.2500,71.8913,3355800
2014-09-11,86.7600,87.1200,86.2000,87.0800,71.7512,3034500
2014-09-12,87.2400,87.2400,85.8600,86.1800,71.0096,2582400
2014-09-15,86.3000,86.8200,85.8300,86.0300,70.8860,2441800
2014-09-16,86.0000,87.3700,85.8500,87.1600,71.8171,2973700
2014-09-17,86.9500,87.5600,86.4700,86.9900,71.6771,3302700
2014-09-18,87.4200,87.9700,87.1900,87.6300,72.2044,2584000
2014-09-19,88.5100,88.7200,87.6400,87.8000,72.3445,6486300
2014-09-22,87.8000,88.4400,87.4800,87.7700,72.3198,2335400
2014-09-23,87.3200,87.6900,86.3800,86.5900,71.3475,2640200
2014-09-24,86.6200,88.4600,86.6000,88.2100,72.6823,2661500
2014-09-25,87.7900,88.0000,86.0300,86.1800,71.0096,3657100
2014-09-26,86.2500,86.9700,85.9100,86.6000,71.3557,2260500
2014-09-29,85.5800,86.9500,85.5800,86.5100,71.2816,3114800
2014-09-30,86.6800,87.0800,86.1200,86.2500,71.0673,2843200
2014-10-01,86.0000,86.2600,84.6100,84.8800,69.9385,4140200
2014-10-02,84.8500,85.2700,83.7300,84.9000,69.9550,3047000
2014-10-03,85.3700,86.2800,85.0700,86.0200,70.8778,3108100
2014-10-06,86.6500,86.9500,84.9500,85.0900,70.1115,2596100
2014-10-07,84.9000,85.1300,83.9300,84.1900,69.3699,3412900
2014-10-08,84.2900,86.8400,83.9900,86.6200,71.3722,4787400
2014-10-09,86.3500,86.5500,84.6300,84.9400,69.9879,4432800
2014-10-10,85.0900,86.8200,85.0500,85.3900,70.3587,4036800
2014-10-13,85.2200,85.9500,83.7600,83.9500,69.1722,3672600
2014-10-14,84.3400,84.5700,82.5500,82.8200,68.2411,5929500
2014-10-15,82.1700,82.9800,80.7200,82.1600,67.6973,8308900
2014-10-16,84.7600,86.7000,84.1000,85.3900,70.3587,10233000
2014-10-17,86.8500,88.8100,86.7500,88.1800,72.6576,8532800
2014-10-20,88.2400,88.8400,88.0000,88.5400,72.9542,4890900
2014-10-21,89.1600,91.0800,88.8500,90.9500,74.9400,5882100
2014-10-22,91.4400,91.4400,89.7100,89.7700,73.9677,4290300
2014-10-23,90.9400,91.2800,90.4200,90.6600,74.7010,3159200
2014-10-24,90.6600,91.7000,90.5900,91.6400,75.5085,2977300
2014-10-27,91.4300,92.2800,91.3800,92.1300,75.9123,3948900
2014-10-28,91.0500,92.7800,90.3600,92.6400,76.3325,4741300
2014-10-29,92.9000,93.6800,92.6900,92.9600,76.5962,4330400
2014-10-30,92.5600,94.1500,92.5000,93.8800,77.3542,2836400
2014-10-31,95.0000,95.6700,94.3100,95.0100,78.2853,5031500
2014-11-03,95.4500,95.6700,94.5000,94.8600,78.1617,4001200
2014-11-04,94.9900,95.6000,94.2400,94.9800,78.2606,4437300
2014-11-05,95.5700,96.0100,95.0200,95.8000,78.9362,3454700
2014-11-06,96.0400,96.6400,95.9000,96.2100,79.2741,3743200
2014-11-07,95.5000,95.7200,93.0100,93.6100,77.1317,6155400
2014-11-10,93.6800,95.0000,93.5000,94.7500,78.0711,4087700
2014-11-11,95.0500,95.7500,94.7200,95.6900,78.8456,2291400
2014-11-12,95.2300,95.9700,94.5200,95.6800,78.8373,2897700
2014-11-13,95.6400,96.7400,95.4000,95.9000,79.0186,2767700
2014-11-14,96.0200,96.1200,94.8700,95.1100,78.3677,2709600
2014-11-17,95.2000,96.6900,94.8400,96.4700,79.4883,3297600
2014-11-18,96.9900,98.6100,96.8500,98.1900,80.9055,4320800
2014-11-19,97.7300,98.4100,96.7900,96.8600,79.8097,3433800
2014-11-20,96.4600,96.8500,96.1700,96.8500,79.8014,3316700
2014-11-21,97.4000,98.0400,96.5900,96.7100,79.6860,4408600
2014-11-24,97.2700,97.2900,96.5100,96.9000,79.8426,3998800
2014-11-25,97.0000,98.1400,96.9100,97.9000,80.6666,4066300
2014-11-26,97.9900,98.7400,97.8200,98.1100,80.8396,2765900
2014-11-28,98.7000,99.4200,98.4300,98.6300,81.2681,2177500
2014-12-01,98.7500,99.8300,98.0100,99.0600,81.6224,4892800
2014-12-02,99.0000,100.0000,98.2000,99.8300,82.2568,5297200
2014-12-03,99.8800,101.3300,99.7000,100.8000,83.3693,6689000
2014-12-04,100.8400,100.9300,99.4200,99.6700,82.4347,4065200
2014-12-05,99.8100,100.7100,99.6800,100.3300,82.9805,3104900
2014-12-08,100.3200,100.9000,99.6400,99.9200,82.6414,3085800
2014-12-09,99.0400,101.0900,98.7500,101.0200,83.5512,3792200
2014-12-10,100.7700,101.0200,99.0100,99.0900,81.9550,3908700
2014-12-11,99.3900,100.6700,99.2400,99.7300,82.4843,2940600
2014-12-12,99.5800,100.4100,98.6900,98.7600,81.6820,3086500
2014-12-15,98.8000,99.7500,97.4100,98.2700,81.2767,3649300
2014-12-16,97.6500,98.7800,95.7500,95.8500,79.2752,4843800
2014-12-17,96.5500,99.7500,96.1700,99.1400,81.9963,6235000
2014-12-18,100.2800,102.2600,99.9100,102.2400,84.5602,4681000
2014-12-19,102.0000,104.0000,102.0000,102.4900,84.7670,7986500
2014-12-22,102.5800,103.2400,102.4700,103.0400,85.2219,2398100
2014-12-23,103.7200,103.9300,102.4400,102.8500,85.0647,3028600
2014-12-24,103.0000,103.3200,102.5400,102.6800,84.9241,950700
2014-12-26,102.5900,103.0000,102.1600,102.5500,84.8166,2019900
2014-12-29,102.3800,103.0100,101.8300,102.3300,84.6347,1708100
2014-12-30,102.2500,103.0600,102.2500,102.8500,85.0647,1767600
2014-12-31,103.1200,103.6800,101.0300,101.0900,83.6091,2313900
2015-01-02,101.5000,102.6200,100.0100,100.7800,83.3527,3060900
2015-01-05,100.3000,100.4500,98.7500,99.1200,81.9798,4679000
2015-01-06,99.8300,100.1400,98.4600,98.9200,81.8143,3468300
2015-01-07,98.9600,100.3000,98.9200,99.9300,82.6497,3225800
2015-01-08,101.5700,104.9800,100.7200,104.7000,86.5949,5346100
2015-01-09,104.4200,104.6300,102.9000,103.7200,85.7843,3397600
2015-01-12,103.8300,104.0000,101.9100,102.5500,84.8166,3051500
2015-01-13,103.9400,105.6000,101.8400,103.0700,85.2467,3856500
2015-01-14,101.6100,103.4800,101.1800,103.3300,85.4618,4725600
2015-01-15,103.5600,104.5900,103.1300,104.4600,86.3963,5888900
2015-01-16,104.5000,106.0000,103.6500,105.7700,87.4798,6045500
2015-01-20,106.2000,106.3800,104.5000,105.6200,87.3558,6526800
2015-01-21,106.5200,109.4500,105.6200,109.3200,90.4159,8293700
2015-01-22,109.7500,114.1200,109.3300,113.8500,94.1626,8055200
2015-01-23,113.6400,114.3200,112.0000,112.0000,92.6325,5256000
2015-01-26,112.0000,112.0000,110.7600,111.6100,92.3099,4203400
2015-01-27,110.9500,111.2500,109.9200,110.0100,90.9866,4718300
2015-01-28,110.5700,110.8800,108.4500,108.4600,89.7046,6633500
2015-01-29,108.1500,109.5800,106.7400,109.3900,90.4738,4912300
2015-01-30,108.6200,109.3900,106.1400,106.2500,87.8768,5397500
2015-02-02,106.7300,107.3400,105.0700,107.2900,88.7370,4657100
2015-02-03,107.3500,108.0000,106.5200,107.8100,89.1670,4192600
2015-02-04,106.8300,108.7400,106.7500,107.9200,89.2580,4768900
2015-02-05,108.3200,109.8100,108.3200,108.8200,90.0024,3297700
2015-02-06,108.5900,109.4000,107.1900,107.6000,88.9934,3661400
2015-02-09,106.9300,107.2400,106.2800,106.4900,88.0753,3909700
2015-02-10,107.2600,109.4600,107.1300,108.9700,90.1264,5437400
2015-02-11,108.7300,110.0600,108.3800,109.8500,90.8543,3798500
2015-02-12,110.7000,110.7800,108.8300,109.8400,90.8460,3378000
2015-02-13,109.6900,109.8400,108.6800,109.4400,90.5152,3727600
2015-02-17,109.3400,109.7600,108.5200,109.7600,90.7798,3430600
2015-02-18,109.7600,110.2200,108.9500,109.7700,90.7881,2958700
2015-02-19,109.5400,110.3600,109.4400,110.0300,91.0031,2674800
2015-02-20,109.9600,112.8200,109.4400,112.6200,93.1453,4647100
2015-02-23,112.9900,116.4900,112.8500,116.4000,96.2716,7060000
2015-02-24,116.2600,116.5800,115.3200,115.4300,95.4694,3582800
2015-02-25,115.8200,115.8200,113.7200,114.0500,94.3280,3845900
2015-02-26,114.4100,114.6200,113.3700,113.6600,94.0055,3126800
2015-02-27,113.7700,114.2500,113.4100,113.6300,93.9806,4016400
2015-03-02,113.6300,114.8500,113.6300,114.4000,94.6175,2952200
2015-03-03,113.9500,114.4900,112.3600,112.8600,93.3438,3163700
2015-03-04,112.2500,113.9700,111.6500,113.8200,94.1378,3180900
2015-03-05,114.0700,115.7200,114.0700,114.7900,94.9400,2941400
2015-03-06,115.1600,115.1600,112.6100,112.8800,93.3603,3196900
2015-03-09,112.9700,114.9600,112.8700,114.9000,95.0310,3942000
2015-03-10,114.2600,114.4100,112.4600,112.4600,93.0129,3957900
2015-03-11,112.9000,113.5900,112.6400,112.7200,93.5399,2593700
2015-03-12,113.3200,115.0500,113.1500,114.8800,95.3324,3258600
2015-03-13,114.4400,115.3900,113.5300,115.2500,95.6394,3066800
2015-03-16,116.0000,118.6900,115.8200,118.5200,98.3530,4692200
2015-03-17,118.0800,118.1300,116.9200,117.6000,97.5895,3303500
2015-03-18,117.4300,120.5200,116.7300,119.9600,99.5480,5533500
2015-03-19,120.0000,121.1000,119.8200,120.7600,100.2118,4032500
2015-03-20,121.3500,121.5300,119.0000,119.1400,98.8675,7195700
2015-03-23,119.4800,120.4800,118.5900,119.0400,98.7845,4576500
2015-03-24,118.9000,119.6400,118.0800,118.1200,98.0210,3054700
2015-03-25,118.8500,119.7500,116.5100,116.5400,96.7099,3385500
2015-03-26,116.0700,117.2100,114.6000,116.2500,96.4693,2856400
2015-03-27,116.0600,118.2200,116.0200,118.0100,97.9298,2608500
2015-03-30,122.3200,123.7600,120.5300,121.0000,100.4110,5178500
2015-03-31,120.8000,120.9300,118.2200,118.2900,98.1621,4573100
2015-04-01,119.5200,119.5200,116.5400,117.4500,97.4651,4826200
2015-04-02,117.6000,118.3800,116.8700,117.3600,97.3904,2497100
2015-04-06,116.0200,118.5200,115.9500,117.7000,97.6725,2544700
2015-04-07,119.4500,119.8300,117.2700,117.3500,97.3821,2528500
2015-04-08,117.7800,118.8300,117.4700,118.1900,98.0791,2627000
2015-04-09,117.8300,118.7600,117.6000,118.5500,98.3779,2247200
2015-04-10,118.5500,119.1000,117.9700,119.0000,98.7513,2232600
2015-04-13,121.0000,121.3100,119.1300,119.3700,99.0584,3961000
2015-04-14,119.3400,120.1800,118.5200,119.9200,99.5148,3208800
2015-04-15,120.3800,120.7400,116.5500,117.3200,97.3572,7344000
2015-04-16,121.9300,122.3200,120.5200,121.6000,100.9089,7068000
2015-04-17,121.0000,121.0500,117.7400,118.7100,98.5107,4390000
2015-04-20,119.8500,120.3300,118.0700,118.5800,98.4028,4650700
2015-04-21,119.0000,119.6300,118.7600,119.2800,98.9837,3379800
2015-04-22,119.5400,119.9400,117.1700,117.8100,97.7638,3846700
2015-04-23,117.4800,118.5800,116.9600,118.2600,98.1372,3244300
2015-04-24,118.2800,119.0900,118.0200,118.6900,98.4941,3139200
2015-04-27,119.1800,119.4100,116.0700,116.2400,96.4610,5174300
2015-04-28,116.8900,117.7400,114.2800,117.5900,97.5812,4144800
2015-04-29,116.2200,117.3200,112.0400,113.6100,94.2785,7122600
2015-04-30,113.5300,114.3300,111.1200,111.4000,92.4445,6705600
2015-05-01,112.2900,113.6600,111.7400,113.2000,93.9382,5805100
2015-05-04,113.7000,114.9300,113.4500,114.5600,95.0668,3531500
2015-05-05,113.9400,114.2800,113.0100,113.3700,94.0793,3960400
2015-05-06,114.0000,114.4900,112.6600,113.4900,94.1789,3369800
2015-05-07,113.1500,115.1400,113.1100,114.7600,95.2328,3300200
2015-05-08,115.9300,116.5900,115.0500,115.6800,95.9962,3066000
2015-05-11,115.6100,115.7900,114.7200,114.7700,95.2411,3376400
2015-05-12,114.2300,115.0800,113.8300,114.6400,95.1332,3844600
2015-05-13,114.6200,116.3000,114.6200,115.8600,96.1456,3667700
2015-05-14,117.1800,118.6200,116.2100,118.5300,98.3613,4771400
2015-05-15,118.7800,119.3500,118.3100,119.3300,99.0252,3083800
2015-05-18,119.2200,119.9800,118.8400,119.8000,99.4152,2824700
2015-05-19,119.8200,121.1300,119.6900,120.5500,100.0376,3554900
2015-05-20,120.7300,121.8500,120.0300,121.2400,100.6101,3379200
2015-05-21,120.7600,120.8400,120.0500,120.4600,99.9629,2983500
2015-05-22,120.3000,120.7800,119.1400,119.5900,99.2409,2945900
2015-05-26,119.2200,119.5900,117.7000,118.2400,98.1206,3014500
2015-05-27,118.8800,119.8500,118.2700,119.4500,99.1247,2887700
2015-05-28,119.3100,119.8200,118.2900,119.6200,99.2658,2873600
2015-05-29,120.0600,121.6200,117.7400,120.2100,99.7554,6019900
2015-06-01,120.5400,120.5600,118.7500,119.8600,99.4650,3876400
2015-06-02,119.4900,119.6800,117.4100,117.7500,97.7140,4219500
2015-06-03,118.0000,118.9900,117.4500,118.3500,98.2119,3438100
2015-06-04,117.9200,117.9700,116.0300,116.6500,96.8012,3300300
2015-06-05,116.3300,116.7500,115.3600,116.5300,96.7016,2724500
2015-06-08,116.3800,117.6700,116.3200,116.9100,97.0169,3271300
2015-06-09,116.9300,117.3800,115.7900,116.9900,97.0834,3047300
2015-06-10,117.0300,118.8800,116.7300,118.5500,98.3779,4006400
2015-06-11,118.4100,119.9400,118.2200,119.3200,99.4362,3815600
2015-06-12,118.8400,119.0000,117.5000,117.6500,98.0445,3076600
2015-06-15,116.8300,120.8800,116.0000,118.9800,99.1529,6809500
2015-06-16,119.1400,122.1800,119.0000,121.5500,101.2946,7229400
2015-06-17,121.9000,122.2000,119.1700,119.7400,99.7863,4805900
2015-06-18,120.3900,121.3800,119.9200,120.8900,100.7447,3478300
2015-06-19,120.6500,120.8800,119.9000,120.3300,100.2780,4178700
2015-06-22,121.6300,122.2300,119.9400,120.2500,100.2113,4435600
2015-06-23,121.3700,122.7700,121.0100,122.7400,102.2863,4991000
2015-06-24,122.8000,123.0000,119.1000,119.1700,99.3112,4650500
2015-06-25,119.5700,123.4100,119.5000,122.3300,101.9447,6149500
2015-06-26,123.7900,124.1100,122.7300,123.2500,102.7114,16358200
2015-06-29,122.0400,123.0300,121.1100,121.1900,100.9946,3604000
2015-06-30,122.4200,122.9400,121.0000,122.0000,101.6696,4982600
2015-07-01,122.9500,123.6500,122.2200,123.3800,102.8197,3269300
2015-07-02,123.8200,123.8800,121.0200,121.8100,101.5113,3682300
2015-07-06,119.6000,123.1000,119.2600,122.1600,101.8030,6522800
2015-07-07,122.3600,122.8000,117.8100,120.7000,100.5863,6476200
2015-07-08,119.0500,119.9900,118.4000,118.7800,98.9862,4009800
2015-07-09,120.0400,120.5600,119.3100,119.3400,99.4529,3315600
2015-07-10,120.9900,122.7500,120.7000,122.1500,101.7947,4033500
2015-07-13,123.1000,123.7500,121.8100,122.4500,102.0447,3766900
2015-07-14,122.1800,125.2000,122.0000,125.0000,104.1697,4192400
2015-07-15,124.9500,126.0500,123.8100,125.8600,104.8864,5067300
2015-07-16,125.4200,125.5000,122.1000,124.9300,104.1114,7216600
2015-07-17,124.7000,124.9800,123.7000,123.8500,103.2113,3702700
2015-07-20,124.0500,124.2300,122.3300,122.6500,102.2113,3199700
2015-07-21,122.5700,122.7200,120.3400,120.8600,100.7196,4239100
2015-07-22,120.9700,121.2400,120.0800,120.6100,100.5113,3384700
2015-07-23,121.6300,121.6800,118.7600,119.3300,99.4446,4896100
2015-07-24,119.1200,119.7200,117.5800,117.9400,98.2862,3840600
2015-07-27,117.8800,118.0900,116.6600,117.8800,98.2362,3752300
2015-07-28,118.7400,121.5700,118.5000,121.5200,101.2696,5216900
2015-07-29,121.8200,122.1100,120.6200,121.5200,101.2696,3924400
2015-07-30,121.1400,121.9200,119.5500,120.5600,100.4696,3732400
2015-07-31,120.4700,122.7200,120.4700,121.4000,101.1696,3593000
2015-08-03,121.6100,122.1700,120.1400,120.8900,100.7447,2541300
2015-08-04,121.5800,121.6300,120.2300,120.8400,100.7030,2058200
2015-08-05,121.7600,124.2400,121.7600,123.9200,103.2697,3831900
2015-08-06,124.3700,124.6400,121.8000,122.0400,101.7030,3014900
2015-08-07,121.7100,121.8600,120.2600,121.8200,101.5196,2276300
2015-08-10,122.5000,123.3400,121.9400,122.4800,102.0697,2480000
2015-08-11,121.2700,123.0200,121.2700,122.2600,101.8863,2756000
2015-08-12,121.2600,121.7800,119.0500,121.2000,101.0030,3005300
2015-08-13,121.3300,121.9900,120.2900,120.5200,100.4363,3253400
2015-08-14,120.5700,121.1800,120.2600,121.0200,100.8530,2040500
2015-08-17,120.4000,123.9500,120.3000,123.8200,103.1864,2951800
2015-08-18,123.8800,126.2100,123.8200,125.5000,104.5864,4140200
2015-08-19,124.7100,124.9900,122.8500,123.2200,102.6864,3411500
2015-08-20,122.2400,122.4200,119.7900,119.7900,99.8279,3201600
2015-08-21,118.2500,118.8000,116.0100,116.2800,96.9028,5627800
2015-08-24,110.8600,112.4300,95.0000,110.4300,92.0277,8824900
2015-08-25,113.0000,114.5900,109.8000,109.9800,91.6527,8109900
2015-08-26,112.5600,113.8300,110.2800,113.4600,94.5528,7503200
2015-08-27,115.2500,117.8300,114.9600,117.7700,98.1445,5783700
2015-08-28,117.3900,117.8400,116.0000,117.2800,97.7362,3333100
2015-08-31,117.2100,118.7800,115.1600,115.7000,96.4195,4087000
2015-09-01,113.3600,114.2200,112.0700,112.6300,93.8611,4658100
2015-09-02,113.8300,114.6000,112.5300,114.2300,95.1945,4522100
2015-09-03,114.7400,115.9200,113.4600,113.9900,94.9944,3137100
2015-09-04,112.5000,113.0700,111.2600,112.3600,93.6361,3394900
2015-09-08,114.1300,116.2100,113.6700,116.0900,96.7445,3990600
2015-09-09,117.2900,117.7200,114.8300,115.0800,96.3177,3753500
2015-09-10,114.8500,117.9400,114.7300,116.7700,97.7321,5525700
2015-09-11,116.1700,118.8700,115.8600,118.7000,99.3474,3752500
2015-09-14,119.0300,119.5000,117.1500,117.8000,98.5942,2686500
2015-09-15,118.6100,120.6100,117.4300,120.0300,100.4606,3072100
2015-09-16,120.2700,121.3600,119.5500,121.1500,101.3980,3475700
2015-09-17,121.5000,125.1200,120.9000,123.2600,103.1640,5466500
2015-09-18,122.2100,123.7700,121.8200,122.4700,102.5028,7458400
2015-09-21,123.4900,124.2700,121.3900,123.9400,103.7331,3476700
2015-09-22,121.4400,123.7900,121.4400,122.9300,102.8878,4566800
2015-09-23,123.0000,124.2100,122.0400,123.2800,103.1808,3131300
2015-09-24,122.3500,122.6300,119.2700,121.0900,101.3478,4735800
2015-09-25,122.1800,122.4100,115.2300,116.3700,97.3973,8060200
2015-09-28,115.5500,115.8200,111.0100,112.7000,94.3257,5727000
2015-09-29,112.8900,114.8600,111.6100,114.2200,95.5979,5142700
2015-09-30,115.3900,116.9200,114.8800,116.0100,97.0960,4638600
2015-10-01,115.9400,116.7100,114.9100,116.6100,97.5982,3768300
2015-10-02,115.1400,118.8500,114.8200,118.8300,99.4562,3521600
2015-10-05,119.6700,120.3400,118.1300,119.6500,100.1426,3491200
2015-10-06,119.4600,119.6000,114.6700,116.0500,97.1295,4652000
2015-10-07,116.4600,116.8100,114.6000,116.4300,97.4476,4282000
2015-10-08,116.4300,116.9400,114.9000,116.0800,97.1546,3646500
2015-10-09,115.9900,119.4700,115.9600,119.2700,99.8245,4485100
2015-10-12,119.0100,123.0700,118.5600,122.5100,102.5363,5840000
2015-10-13,123.1600,125.9900,121.5900,123.9900,103.7750,6655700
2015-10-14,123.8500,125.0000,120.8400,122.0700,102.1680,5592200
2015-10-15,119.0000,120.5000,115.9600,120.1700,100.5778,8012400
2015-10-16,120.8500,120.8500,118.5800,119.9800,100.4188,4416500
2015-10-19,119.7800,120.9100,119.2000,120.7300,101.0465,3707500
2015-10-20,120.6400,121.5700,119.6900,120.4200,100.7870,3278400
2015-10-21,120.6900,120.8000,115.2700,118.1100,98.8537,5305600
2015-10-22,118.2100,119.0300,110.0700,113.8100,95.2547,10475000
2015-10-23,114.4500,116.6200,114.0400,115.9200,97.0207,5497500
2015-10-26,115.9200,117.0000,115.0000,116.5300,97.5312,3377100
2015-10-27,116.3900,119.5200,115.9000,119.3700,99.9082,4008400
2015-10-28,119.7600,120.1400,115.9100,119.7800,100.2514,4405500
2015-10-29,119.7900,121.6700,119.5000,119.7100,100.1928,3257500
2015-10-30,119.9300,120.3700,117.7800,117.7800,98.5774,4237800
2015-11-02,118.6400,119.9500,117.8400,118.6900,99.3391,3874200
2015-11-03,118.1700,118.4600,116.2500,117.6600,98.4770,2758200
2015-11-04,117.6000,117.7500,114.0600,114.6400,95.9494,5396100
2015-11-05,114.9800,116.7700,113.6300,116.2300,97.2802,4009100
2015-11-06,115.2300,115.8000,114.0100,114.8100,96.0917,4106900
2015-11-09,114.1300,114.6400,113.0100,114.2600,95.6314,2755100
2015-11-10,114.2700,116.2000,114.0300,115.8900,96.9956,2842600
2015-11-11,116.3500,116.8600,114.3500,114.5400,95.8657,2374200
2015-11-12,113.7600,114.7400,112.5300,112.8200,94.4261,3341300
2015-11-13,112.4900,113.0200,111.1800,111.4100,93.2460,3767300
2015-11-16,110.9000,114.1400,110.7900,113.8200,95.2631,2450000
2015-11-17,113.7300,115.4400,113.1700,114.3900,95.7401,1981400
2015-11-18,114.2500,117.5300,113.7500,117.2500,98.1339,3319900
2015-11-19,109.7900,113.7100,109.6100,110.6300,92.5932,15731900
2015-11-20,110.8900,114.4400,110.6000,112.9700,94.5517,7059400
2015-11-23,112.9700,114.4900,112.1000,112.1600,93.8737,3780400
2015-11-24,111.3800,113.4500,111.0600,113.1900,94.7358,3244800
2015-11-25,113.4700,115.0500,113.0000,114.4100,95.7569,2959200
2015-11-27,114.4900,115.9000,114.0800,114.3400,95.6983,1740400
2015-11-30,114.5600,114.8200,112.6200,112.7100,94.3341,4605200
2015-12-01,113.5300,116.3700,113.0500,116.2600,97.3053,5467000
2015-12-02,116.2400,119.3800,116.1100,117.6400,98.8855,6071100
2015-12-03,117.8000,118.2800,114.4300,115.0000,96.6665,4286600
2015-12-04,115.5900,118.2500,115.2400,117.7400,98.9696,3588200
2015-12-07,117.8900,117.8900,115.2000,115.9100,97.4314,3164300
2015-12-08,114.9500,116.3500,113.9500,115.8800,97.4062,3551900
2015-12-09,115.4000,116.8200,114.6600,115.0500,96.7085,3839100
2015-12-10,115.0500,117.0500,114.3400,116.2100,97.6835,3202600
2015-12-11,116.2100,117.3400,114.6200,115.9800,97.4902,3830800
2015-12-14,115.8800,116.7400,114.4300,115.8500,97.3809,3867200
2015-12-15,116.8700,118.5000,116.6600,117.6100,98.8603,3124100
2015-12-16,118.3000,119.7600,116.9000,118.8300,99.8858,3516900
2015-12-17,118.8300,121.0900,118.6400,119.2200,100.2137,3945800
2015-12-18,118.6100,118.8600,115.8200,115.8200,97.3557,7574800
2015-12-21,116.5700,117.7700,116.0000,117.4100,98.6922,3185200
2015-12-22,118.1900,118.3400,116.2100,117.4400,98.7174,2821600
2015-12-23,117.9000,118.8300,117.5500,118.6900,99.7682,2479600
2015-12-24,118.5300,119.1800,118.2900,118.3400,99.4740,900100
2015-12-28,118.2600,118.6100,117.3800,118.3300,99.4655,1582600
2015-12-29,118.8700,120.4100,118.7000,119.8200,100.7180,2027600
2015-12-30,120.0300,120.1100,118.6600,118.9200,99.9615,1747700
2015-12-31,118.6400,119.3700,117.3600,117.6400,98.8855,2372500
2016-01-04,116.9100,116.9100,114.5300,116.4600,97.8937,4991000
2016-01-05,116.7200,117.8900,116.2100,116.6800,98.0786,2816800
2016-01-06,115.7800,116.6500,114.5000,115.4900,97.0783,2677300
2016-01-07,113.6300,114.0900,111.4200,112.0900,94.2204,5277200
2016-01-08,112.3500,113.0000,109.7600,110.1600,92.5980,4422400
2016-01-11,110.5100,110.6200,108.1900,109.5800,92.1105,4525800
2016-01-12,110.3600,113.1300,110.0500,112.2600,94.3633,4037800
2016-01-13,112.4100,113.0400,108.9300,109.2300,91.8163,3434300
2016-01-14,108.7400,111.8000,107.5100,110.7600,93.1024,4238200
2016-01-15,109.0800,110.6500,107.7900,109.2700,91.8499,6357000
2016-01-19,111.4900,114.1600,109.6000,112.5800,94.6322,7122800
2016-01-20,112.0900,115.7400,110.1500,114.7900,96.4899,8380700
2016-01-21,114.6700,115.4800,112.2600,113.5000,95.4056,5413900
2016-01-22,114.6700,115.1500,113.8900,114.3300,96.1033,3622200
2016-01-25,114.5200,115.3100,112.8500,113.3800,95.3047,2908500
2016-01-26,112.9100,114.1800,111.7600,113.9600,95.7922,4592500
2016-01-27,114.4300,114.8100,111.8400,112.3300,94.4221,4720300
2016-01-28,112.2900,113.2500,110.6100,111.3800,93.6235,3525600
2016-01-29,111.9300,115.1600,110.6200,115.1600,96.8009,5280800
2016-02-01,114.8300,116.1500,114.1100,115.8900,97.4146,4333500
2016-02-02,114.9500,115.3900,113.2700,113.8800,95.7250,2997700
2016-02-03,114.3700,114.3700,110.3000,112.7500,94.7751,3462300
2016-02-04,112.6700,114.5500,112.0400,114.2000,95.9939,3608300
2016-02-05,114.0700,114.2100,110.9000,111.7200,93.9093,3330800
2016-02-08,110.5000,111.1200,108.8300,110.0200,92.4803,5050200
2016-02-09,109.3700,112.2800,109.1400,111.1600,93.4386,3680200
2016-02-10,111.3300,114.4800,111.3300,112.7400,94.7667,3023200
2016-02-11,111.3200,111.6900,110.0900,110.6200,92.9847,3955000
2016-02-12,111.2000,111.9100,110.2100,111.8200,93.9934,2552100
2016-02-16,112.6300,115.2700,112.5300,115.1500,96.7925,3445700
2016-02-17,115.5000,118.3900,115.2000,118.3000,99.4403,4466000
2016-02-18,118.5000,120.0000,117.0600,117.4500,98.7258,3847100
2016-02-19,117.5000,118.5500,116.0200,117.6800,98.9192,4481400
2016-02-22,119.1000,122.1400,118.9600,121.2700,101.9369,5054800
2016-02-23,120.6400,121.8000,120.2700,121.1500,101.8360,2804400
2016-02-24,119.9300,120.3200,117.8300,120.2000,101.0375,2559700
2016-02-25,120.2000,121.2300,119.8200,121.2000,101.8780,2281700
2016-02-26,121.4800,122.2600,120.8900,121.3300,101.9873,2877500
2016-02-29,121.1000,121.8200,118.9700,119.1000,100.1128,4526300
2016-03-01,119.4900,122.2200,119.3700,121.6700,102.2731,3295600
2016-03-02,121.2300,121.8400,120.3700,121.2700,101.9369,2670900
2016-03-03,120.8600,121.8600,120.0900,121.8200,102.3991,3064100
2016-03-04,121.3200,122.1900,120.7400,121.8000,102.3824,2873900
2016-03-07,121.0800,122.7400,120.9000,121.7600,102.3487,2315400
2016-03-08,121.2800,122.3200,120.7300,121.6600,102.2647,2522000
2016-03-09,121.8800,122.1200,120.4500,121.1000,102.2140,2094000
2016-03-10,121.2000,122.7600,120.4100,122.0900,103.0497,2638200
2016-03-11,122.4700,125.3200,122.2500,125.1000,105.5902,3766200
2016-03-14,124.8000,126.0200,124.3600,125.2200,105.6915,2856400
2016-03-15,124.5400,125.4700,124.0800,124.8500,105.3792,2610300
2016-03-16,124.3900,125.5500,124.1000,124.9000,105.4214,2140900
2016-03-17,124.6100,124.9600,122.2200,124.5300,105.1091,3911400
2016-03-18,124.8600,127.0800,124.5300,126.7200,106.9576,6948400
2016-03-21,126.2400,127.0000,125.6800,126.7400,106.9744,2667000
2016-03-22,126.6500,128.8200,126.0200,128.0200,108.0548,3984000
2016-03-23,128.1500,130.3500,128.0200,129.7900,109.5488,6166400
2016-03-24,128.9700,130.3200,127.1700,128.5900,108.5360,4153900
2016-03-28,128.8200,129.5000,128.0100,128.9200,108.8145,1955100
2016-03-29,129.2700,130.0900,128.5400,129.8300,109.5826,2463100
2016-03-30,130.0900,131.1000,129.3900,129.6800,109.4560,2578500
2016-03-31,129.6400,129.9700,128.2900,128.9000,108.7976,3181800
2016-04-01,128.6900,130.4400,128.3600,129.9200,109.6585,3901700
2016-04-04,130.5000,130.7000,128.8800,129.4900,109.2956,2812400
2016-04-05,128.9500,129.4600,126.9000,127.0400,107.2277,4440000
2016-04-06,127.2300,128.4200,126.8800,128.0300,108.0633,3021400
2016-04-07,127.5100,128.4400,126.2300,126.8700,107.0842,3186600
2016-04-08,127.1900,128.1500,125.2600,125.6800,106.0798,3642300
2016-04-11,125.8300,126.9400,125.8300,126.3300,106.6284,3119200
2016-04-12,126.3000,127.3600,125.4000,126.8000,107.0251,2887200
2016-04-13,127.6500,128.6600,127.2700,127.7600,107.8354,2592400
2016-04-14,127.7200,128.5700,127.5600,127.9800,108.0211,1674600
2016-04-15,127.8900,128.0600,126.2200,127.3300,107.4725,2835200
2016-04-18,126.8800,128.0300,126.6000,127.8100,107.8776,2717400
2016-04-19,130.0900,131.3000,129.1200,130.5000,110.1481,4340100
2016-04-20,131.2900,135.1100,130.9000,133.9300,113.0432,7321000
2016-04-21,133.5600,134.0000,132.4300,132.9600,112.2244,3786000
2016-04-22,133.7200,134.3300,133.0500,134.1300,113.2120,2782800
2016-04-25,133.7100,134.0700,132.5900,133.7800,112.9166,2702100
2016-04-26,133.9700,134.6100,133.0000,134.2400,113.3048,2638000
2016-04-27,134.3400,134.5800,131.9000,132.8000,112.0894,3358800
2016-04-28,132.7900,134.3900,131.6900,132.0700,111.4732,3332800
2016-04-29,131.0600,131.8800,128.9300,131.6800,111.1441,4161100
2016-05-02,132.6100,132.9300,130.9200,132.1000,111.4986,2887700
2016-05-03,131.3700,133.2300,131.1300,132.4600,111.8024,3632300
2016-05-04,131.0200,132.4100,130.5900,132.0300,111.4394,2909300
2016-05-05,132.0500,133.2800,131.8500,132.3100,111.6758,2054700
2016-05-06,132.0900,132.2800,130.6000,132.0400,111.4479,2618600
2016-05-09,131.7500,133.5900,131.5700,132.6700,111.9796,2191800
2016-05-10,132.9200,133.6000,132.5800,133.5700,112.7393,2223500
2016-05-11,133.7400,134.0000,130.5800,130.6900,110.3084,3450800
2016-05-12,131.0000,131.2900,128.7500,129.7400,109.5066,3210400
2016-05-13,129.1000,130.0300,128.5500,129.0000,108.8820,3137300
2016-05-16,128.7500,130.8600,128.5300,130.6400,110.2662,2466000
2016-05-17,130.5700,131.2200,128.9900,129.5600,109.3547,2294500
2016-05-18,129.1100,131.2700,128.9300,130.5100,110.1565,2246400
2016-05-19,129.6900,131.1200,128.7600,130.0000,109.7261,2756000
2016-05-20,130.6300,131.7900,130.2000,130.9400,110.5194,2538100
2016-05-23,130.1300,131.2000,130.0100,130.4200,110.0806,3036500
2016-05-24,130.7600,132.9900,130.3100,132.5900,111.9121,2702400
2016-05-25,133.2100,134.3000,132.7800,133.4200,112.6127,2211300
2016-05-26,133.5000,133.9600,132.6600,132.9800,112.2413,1499300
2016-05-27,132.9800,134.5300,132.9600,134.0000,113.1022,1833400
2016-05-31,134.6000,134.7500,133.4800,133.6700,112.8237,3634100
2016-06-01,133.5800,134.8500,133.0200,134.5300,113.5496,2618000
2016-06-02,134.2600,136.1500,134.0100,136.0400,114.8241,4015000
2016-06-03,135.6100,137.1200,135.1500,136.8400,115.4993,3625600
2016-06-06,136.9200,138.3900,136.5100,138.1500,116.6050,2959900
2016-06-07,138.1600,138.5000,136.8800,136.9400,115.5837,2943200
2016-06-08,137.2700,140.8900,137.0000,140.4000,118.5041,6180800
2016-06-09,140.4900,140.8700,139.5400,140.6800,118.7405,3682400
2016-06-10,140.2500,140.3900,138.6400,139.2400,117.5251,2805800
2016-06-13,139.0000,140.1300,138.0800,138.0900,116.5544,2804300
2016-06-14,137.8800,138.2600,137.3400,137.8700,116.3687,2970700
2016-06-15,137.7400,138.1700,137.0500,137.2600,116.3814,2369400
2016-06-16,137.2100,138.8900,136.3800,138.6600,117.5685,3176100
2016-06-17,138.7600,138.8500,136.5500,137.6900,116.7460,4430900
2016-06-20,139.2200,139.8400,138.1400,138.5200,117.4498,3731700
2016-06-21,139.2000,139.2300,138.0700,138.1900,117.1699,2021400
2016-06-22,138.4500,139.5400,137.6300,137.9000,116.9241,2375200
2016-06-23,139.3500,139.9800,138.0100,139.1900,118.0178,2646800
2016-06-24,135.6600,138.6200,135.1500,137.2900,116.4069,4475100
2016-06-27,136.1500,137.3900,135.4800,137.1100,116.2542,3996200
2016-06-28,138.2100,139.0900,137.6500,138.7100,117.6108,4160200
2016-06-29,139.8000,140.6800,139.6000,140.5200,119.1455,3704500
2016-06-30,140.6800,141.3100,140.2400,141.2000,119.7221,4730800
2016-07-01,141.1600,141.7900,140.6200,140.8600,119.4338,2882500
2016-07-05,140.1500,141.9100,140.0300,141.5600,120.0273,3749300
2016-07-06,140.9800,142.9600,140.9700,142.3800,120.7226,4083300
2016-07-07,142.3700,142.6600,139.9500,140.8000,119.3830,3515500
2016-07-08,141.7000,141.7800,139.5500,141.2700,119.7815,3605500
2016-07-11,141.2700,141.6000,140.0100,140.3200,118.9760,4084000
2016-07-12,140.8900,140.9500,139.3700,139.8600,118.5859,4310100
2016-07-13,140.9600,141.5900,139.9200,141.4800,119.9596,3164700
2016-07-14,142.3900,142.8500,140.4700,140.8400,119.4169,3000700
2016-07-15,141.6500,142.7800,141.0600,141.3300,119.8323,3748700
2016-07-18,141.7600,141.9000,139.6200,140.7500,119.3405,4166300
2016-07-19,140.7500,142.6300,139.3200,142.5900,120.9006,5326200
2016-07-20,143.4700,144.4800,142.8100,143.0200,121.2653,5489800
2016-07-21,142.7100,143.7300,142.1300,142.8700,121.1381,3475100
2016-07-22,143.6900,144.0500,142.9200,143.6900,121.8333,2697500
2016-07-25,143.5500,143.8900,141.4100,141.7300,120.1715,2725600
2016-07-26,141.9400,142.1900,141.0200,141.7000,120.1461,2668100
2016-07-27,141.1700,142.3400,139.9100,141.6800,120.1291,2684100
2016-07-28,141.3600,143.0300,141.1900,142.7600,121.0448,2517000
2016-07-29,141.8500,143.9000,141.6000,143.2000,121.4179,3269700
2016-08-01,143.4200,144.1600,143.0400,143.5100,121.6807,2494900
2016-08-02,143.8100,143.9700,142.3400,143.1700,121.3924,2679100
2016-08-03,143.3300,143.6200,142.4300,142.8800,121.1466,1963600
2016-08-04,143.1000,143.4800,142.2600,142.7100,121.0024,1890900
2016-08-05,143.3300,143.5400,142.4000,142.9900,121.2398,2000100
2016-08-08,142.6100,143.0700,141.8600,142.1300,120.5106,1846400
2016-08-09,142.5500,143.1300,141.6800,141.8200,120.2478,2140700
2016-08-10,141.8700,142.3400,140.9300,142.1900,120.5615,1866300
2016-08-11,142.2400,143.0600,141.4400,142.6300,120.9346,1857500
2016-08-12,142.1600,143.1400,141.5000,142.8800,121.1466,1787900
2016-08-15,142.9600,143.1100,141.4900,141.6200,120.0782,2369600
2016-08-16,141.1500,141.6200,140.3300,141.0800,119.6203,1688500
2016-08-17,141.2900,141.9100,140.6600,141.7100,120.1545,1849100
2016-08-18,141.6700,142.8400,141.2700,142.1700,120.5446,1572700
2016-08-19,141.6500,142.2500,141.2200,142.0400,120.4344,1950200
2016-08-22,142.1100,143.0000,141.7100,142.0900,120.4767,1587900
2016-08-23,142.7300,142.8700,141.7500,142.0100,120.4089,2295500
2016-08-24,142.0000,142.0800,139.5100,139.8700,118.5944,2529800
2016-08-25,139.7500,139.7500,137.0300,137.3000,116.4154,3891000
2016-08-26,137.6700,138.3000,135.9900,136.6200,115.8388,3082400
2016-08-29,137.2000,138.0400,136.4800,137.2700,116.3899,2315900
2016-08-30,137.2700,137.6900,136.2400,136.8700,116.0508,2026600
2016-08-31,136.5500,136.8200,135.5500,136.0500,115.3555,2837300
2016-09-01,136.8200,136.9800,135.3500,135.7400,115.0926,2765400
2016-09-02,136.5000,136.7800,135.7600,136.6100,115.8303,2390500
2016-09-06,136.6200,136.8500,135.6300,135.9700,115.2877,2242400
2016-09-07,135.0000,135.9600,134.2000,134.9900,114.9853,2816300
2016-09-08,134.4700,135.6200,134.4100,135.4400,115.3686,2826700
2016-09-09,134.7100,135.1500,133.6200,133.6200,113.8183,3322300
2016-09-12,132.7100,135.7200,132.3900,135.5300,115.4452,3457400
2016-09-13,134.2400,135.1500,133.3700,133.9500,114.0994,3331500
2016-09-14,133.8700,134.6900,132.9800,133.6900,113.8779,4592400
2016-09-15,133.0300,136.0900,132.8800,135.6100,115.5134,3302900
2016-09-16,135.6100,138.5500,135.5300,138.4700,117.9495,7421900
2016-09-19,138.6800,139.3900,137.5200,137.6800,117.2766,3239500
2016-09-20,138.1300,138.5300,137.0600,137.4700,117.0977,2425700
2016-09-21,138.2000,139.9600,137.9900,139.9100,119.1761,3506600
2016-09-22,140.4900,141.4100,140.3300,141.0400,120.1387,3018300
2016-09-23,141.0200,141.7800,140.3600,140.5100,119.6872,2802000
2016-09-26,139.9500,140.1700,138.9000,139.7200,119.0143,2636500
2016-09-27,139.9900,140.8400,138.6900,140.7900,119.9257,3048600
2016-09-28,141.1300,141.7100,139.6600,140.4100,119.6020,1990400
2016-09-29,140.1800,140.2800,137.8400,138.3200,117.8218,2201000
2016-09-30,139.1800,140.4800,138.4200,140.0000,119.2528,4164100
2016-10-03,139.3500,139.7200,138.0300,138.4900,117.9665,2724400
2016-10-04,138.6900,139.3600,137.1600,138.1600,117.6855,2452600
2016-10-05,138.2100,138.9300,136.6000,137.6000,117.2085,4625600
2016-10-06,137.3100,137.4900,135.6600,136.4700,116.2459,4025300
2016-10-07,137.2100,137.5500,135.9800,136.6600,116.4078,2568700
2016-10-10,136.9700,138.3500,136.9700,138.0800,117.6174,2586000
2016-10-11,137.3200,137.6900,134.3700,134.7500,114.7808,3353600
2016-10-12,134.9800,135.7200,133.6400,135.1000,115.0789,4287900
2016-10-13,134.6500,134.6500,133.6100,134.1900,114.3038,3425700
2016-10-14,134.7800,135.5100,133.8900,133.9200,114.0738,3452900
2016-10-17,134.0600,134.4300,133.0300,134.1300,114.2527,3602500
2016-10-18,139.2000,143.9500,137.8700,143.3900,122.1404,10141900
2016-10-19,143.8200,146.3600,142.8200,144.3700,122.9752,5796000
2016-10-20,144.4900,145.8800,143.9800,145.0700,123.5714,5203700
2016-10-21,144.2600,145.4400,143.7600,145.3700,123.8270,3331800
2016-10-24,146.0000,146.2200,144.0200,144.6900,123.2478,2930200
2016-10-25,144.8800,145.3800,143.6000,143.7800,122.4726,3095400
2016-10-26,143.7500,143.7800,141.8900,142.2300,121.1523,3267600
2016-10-27,142.7200,143.2500,141.5800,141.9400,120.9053,3358000
2016-10-28,141.6600,142.3500,139.4400,140.3500,119.5509,4033600
2016-10-31,140.8000,141.5400,139.9700,141.3300,120.3857,3761100
2016-11-01,141.5100,141.5100,138.8200,139.4300,118.7673,3391400
2016-11-02,139.0200,141.2300,138.9300,138.9800,118.3840,3149700
2016-11-03,139.1800,140.3400,137.6500,137.8300,117.4044,2989700
2016-11-04,138.4500,138.8900,137.6900,137.7100,117.3021,3520700
2016-11-07,139.6000,142.4400,139.5500,141.9300,120.8968,3896600
2016-11-08,141.3500,143.6100,141.0000,142.9000,121.7230,4389300
2016-11-09,139.5400,144.1900,136.2200,141.9000,120.8712,8042400
2016-11-10,142.3400,146.5700,142.0000,146.1300,124.4743,6075500
2016-11-11,146.7100,147.5000,146.0100,146.4200,124.7214,4475400
2016-11-14,147.3200,152.9200,147.0400,152.2800,129.7130,5740400
2016-11-15,153.5100,153.9600,151.5100,152.2300,129.6703,4910700
2016-11-16,151.9900,153.0000,151.2300,151.5000,129.0486,3899000
2016-11-17,151.8200,151.9200,150.1900,150.7700,128.4267,4683000
2016-11-18,151.0500,151.6600,149.4000,149.4500,127.3024,5664800
2016-11-21,149.7200,150.6600,148.5600,150.4100,128.1201,3867800
2016-11-22,151.0800,152.9300,150.5600,152.2600,129.6959,4992100
2016-11-23,152.0100,153.7400,150.9600,153.5400,130.7863,2697200
2016-11-25,153.9300,154.5000,152.6100,152.8100,130.1645,1664500
2016-11-28,152.7400,152.8500,150.0000,152.1100,129.5681,5029600
2016-11-29,156.9400,158.1200,155.1800,157.5900,134.2361,5827400
2016-11-30,157.4700,159.7600,157.0700,158.3200,135.3949,7142400
2016-12-01,159.1200,161.7200,159.1200,160.9400,137.6354,5250200
2016-12-02,161.0000,162.5200,160.5600,160.7300,137.4559,3480000
2016-12-05,160.1900,160.6700,156.2300,157.6300,134.8048,5854200
2016-12-06,158.1700,158.2300,156.2600,157.3200,134.5396,3216700
2016-12-07,157.8900,159.9800,156.3500,159.4000,136.3185,4552300
2016-12-08,159.4100,160.2400,158.0000,159.3200,136.2501,3407500
2016-12-09,159.5200,160.1600,157.7100,160.1200,136.9342,4007200
2016-12-12,158.8300,159.6600,157.7500,159.4900,136.3954,3471200
2016-12-13,160.4000,161.7100,160.0700,160.5400,137.2934,3868900
2016-12-14,161.1400,161.8000,158.7200,159.8600,136.7118,3885700
2016-12-15,159.8700,161.2900,159.4300,160.6200,137.3618,4422700
2016-12-16,161.3800,164.0000,161.1900,163.9400,140.2010,7605300
2016-12-19,163.0900,163.9400,161.2200,161.5400,138.1485,4732600
2016-12-20,161.7100,163.1100,161.4100,161.5900,138.1913,3131200
2016-12-21,161.4200,162.2900,159.6200,161.3300,137.9690,2767700
2016-12-22,161.3900,161.8800,160.2700,161.5800,138.1828,2741700
2016-12-23,161.5600,163.0400,160.5500,163.0300,139.4229,2044400
2016-12-27,163.2600,163.9600,162.4500,162.6400,139.0893,1344000
2016-12-28,162.1600,163.2500,161.3200,161.4400,138.0631,1669100
2016-12-29,161.9200,162.3600,160.3900,161.0400,137.7210,2476300
2016-12-30,161.3700,161.4800,159.8500,160.0400,136.8658,2855600
2017-01-03,161.1300,162.2700,159.1500,161.4500,138.0717,3539700
2017-01-04,162.3500,162.5800,159.7400,161.9100,138.4650,2695200
2017-01-05,161.7500,162.6300,161.5100,162.1800,138.6959,2961100
2017-01-06,161.7500,162.9400,161.1100,162.4100,138.8926,3081300
2017-01-09,162.0000,162.4300,160.7800,161.9500,138.4993,3040800
2017-01-10,161.2700,162.9800,160.5000,161.5800,138.1828,3500700
2017-01-11,161.3000,162.9400,160.6100,161.8900,138.4479,3330600
2017-01-12,161.6900,162.9400,160.8900,162.3600,138.8499,2555900
2017-01-13,162.1600,162.7400,161.4100,161.8000,138.3709,3183300
2017-01-17,162.6100,162.9700,157.5100,160.6600,137.3960,5475800
2017-01-18,161.0600,161.2000,156.0900,157.7400,134.8988,6591600
2017-01-19,157.7400,160.5500,157.2400,158.7000,135.7198,4976900
2017-01-20,159.0200,159.8000,157.8100,158.6600,135.6856,3579100
2017-01-23,158.6200,159.5200,156.5600,159.0700,136.0363,4062600
2017-01-24,159.3600,161.3100,159.1000,160.4300,137.1993,3514100
2017-01-25,160.8200,161.9800,160.3500,161.2400,137.8920,3605800
2017-01-26,161.8600,163.5800,161.2500,162.7500,139.1833,4202400
2017-01-27,163.5000,163.8000,162.6200,162.9900,139.3886,3110400
2017-01-30,162.9400,163.4600,161.3100,162.0900,138.6189,2784600
2017-01-31,161.6200,162.1900,160.0100,162.1000,138.6275,3037000
2017-02-01,162.7500,163.9000,162.0300,162.7100,139.1492,3718500
2017-02-02,162.5200,163.2500,160.2600,160.7600,137.4815,4714000
2017-02-03,161.1300,162.0000,160.2100,161.8700,138.4308,2762300
2017-02-06,161.5100,162.5300,160.2200,160.5100,137.2677,3479400
2017-02-07,161.0500,161.6800,159.5400,160.5300,137.2849,2942700
2017-02-08,160.0000,160.6300,159.4100,160.3100,137.0967,2339700
2017-02-09,160.3100,161.3000,159.5600,160.4400,137.2078,3056800
2017-02-10,160.1200,161.5900,160.1000,160.7500,137.4730,1905900
2017-02-13,160.6900,162.0200,160.6900,161.9900,138.5334,3275800
2017-02-14,161.4500,163.5000,161.2500,163.1300,139.5084,2969400
2017-02-15,162.5800,164.8900,162.5800,164.2900,140.5003,4537900
2017-02-16,164.7800,164.9700,162.3300,163.6500,139.9530,3191600
2017-02-17,159.0000,160.1600,156.4900,157.6200,134.7962,12033600
2017-02-21,157.6200,160.8200,157.5200,160.5700,137.3191,5419000
2017-02-22,160.9100,161.7800,159.6400,160.5700,137.3191,2725300
2017-02-23,161.3300,162.6000,160.6900,162.6000,139.0551,2459600
2017-02-24,162.6700,163.0900,161.7400,163.0600,139.4485,2715700
2017-02-27,163.1600,165.4600,162.8100,165.3800,141.4325,4071800
2017-02-28,165.4700,166.7600,164.9000,165.3800,141.4325,4382100
2017-03-01,166.7200,168.6000,166.3500,167.9400,143.6219,3514200
2017-03-02,168.3200,168.4300,166.9600,167.3100,143.0831,1889800
2017-03-03,167.3100,168.4500,166.6200,168.2000,143.8442,2254400
2017-03-06,167.4300,169.3500,167.1300,168.7000,144.2718,2576500
2017-03-07,168.4500,169.3600,167.9300,168.3000,143.9297,2702300
2017-03-08,167.5100,168.4600,166.8000,167.9100,144.1314,2048200
2017-03-09,168.1500,169.0700,167.7400,168.0100,144.2172,3631400
2017-03-10,168.4200,170.0000,168.0600,169.9800,145.9083,3716600
2017-03-13,169.9900,170.9300,169.5500,170.2100,146.1058,3130200
2017-03-14,169.6600,170.1800,168.5000,169.0600,145.1185,2522600
2017-03-15,169.3600,171.9700,169.2900,171.7800,147.4534,2807600
2017-03-16,172.0700,172.1400,170.2200,171.3000,147.0414,3138600
2017-03-17,171.0900,171.5400,169.5900,169.7000,145.6679,5622900
2017-03-20,169.9300,170.2400,167.9200,168.0000,144.2087,3928600
2017-03-21,168.6700,168.8200,167.0600,167.7000,143.9511,4953100
2017-03-22,168.1300,168.3800,165.6300,167.0300,143.3760,2999800
2017-03-23,166.2300,166.9300,164.7700,165.2900,141.8825,3947400
2017-03-24,166.1300,167.4000,164.3500,165.0000,141.6335,5243900
2017-03-27,163.9900,165.1100,163.3100,164.6000,141.2902,4383000
2017-03-28,164.5800,166.0700,163.8400,165.3500,141.9340,7327100
2017-03-29,164.6600,164.9700,162.7400,163.4400,140.2944,5900400
2017-03-30,163.6500,165.9300,163.4600,164.9900,141.6249,2993800
2017-03-31,164.6400,165.1000,163.7500,164.0100,140.7837,3496100
2017-04-03,164.6200,166.1400,164.2500,165.5900,142.1400,3473700
2017-04-04,165.8700,166.4500,164.7900,164.9700,141.6078,2886000
2017-04-05,165.7600,167.2600,165.2200,165.3700,141.9511,3541600
2017-04-06,165.4500,166.0200,164.8400,165.3400,141.9254,2923600
2017-04-07,164.9600,166.5000,164.6200,166.0200,142.5090,2927800
2017-04-10,166.1900,167.0000,165.2800,165.4800,142.0455,3234900
2017-04-11,164.8900,165.8400,164.6000,165.8300,142.3460,3172900
2017-04-12,166.3200,166.4200,164.6000,165.5600,142.1142,2978700
2017-04-13,164.9500,165.6500,164.6700,164.9600,141.5992,1979800
2017-04-17,164.9900,167.4200,164.9600,167.1800,143.5048,4396700
2017-04-18,170.0600,170.2300,167.7000,168.5900,144.7151,5526200
2017-04-19,169.5900,171.1900,168.6900,169.2500,145.2817,4703400
2017-04-20,169.5200,172.1900,168.3700,171.5400,147.2474,3652100
2017-04-21,172.1300,172.6200,170.4700,171.1600,146.9212,2982300
2017-04-24,172.6600,173.1600,171.7000,172.3300,147.9255,2830300
2017-04-25,173.5000,174.7400,173.1900,174.0400,149.3933,3394700
2017-04-26,174.0900,175.6500,173.9800,174.3800,149.6852,2817500
2017-04-27,174.0700,176.0700,174.0200,174.6300,149.8998,2438600
2017-04-28,174.6100,175.0000,173.9100,174.8800,150.1143,2010800
2017-05-01,175.0000,176.1400,174.0900,174.5900,149.8655,2709700
2017-05-02,174.9100,175.3700,170.2700,174.1400,149.4792,4951000
2017-05-03,173.7500,174.3000,171.8600,172.5400,148.1057,3622200
2017-05-04,173.0500,174.2100,172.3800,174.0200,149.3762,2585200
2017-05-05,174.5400,174.8800,173.3100,174.1200,149.4620,2189000
2017-05-08,173.9300,174.5600,173.5700,174.4400,149.7367,2505900
2017-05-09,174.1000,174.7700,172.7300,173.2400,148.7066,1653700
2017-05-10,173.0400,173.6400,172.4600,173.3900,148.8354,1568700
2017-05-11,172.7600,173.8600,171.6700,173.3200,148.7753,1901300
2017-05-12,172.6400,173.3900,171.5200,171.8100,147.4792,2335400
2017-05-15,171.7900,172.0000,170.2300,171.5300,147.2388,2831400
2017-05-16,170.6700,171.0000,167.2500,168.1200,144.3117,4343700
2017-05-17,168.1200,170.3900,166.6500,168.8600,144.9470,4442300
2017-05-18,168.2500,173.9800,167.8700,171.4500,147.1701,3908000
2017-05-19,172.3000,172.9500,170.2500,172.5900,148.1487,3877300
2017-05-22,172.7300,174.9000,172.6000,174.7000,149.9599,3480300
2017-05-23,174.4400,175.5200,173.7100,175.2200,150.4062,2471500
2017-05-24,175.4500,176.1000,174.5200,175.5900,150.7238,1612300
2017-05-25,176.3200,178.7300,175.9400,178.0500,152.8355,3212200
2017-05-26,177.6800,178.8900,177.0000,177.5000,152.3633,1583600
2017-05-30,177.5400,178.0800,176.2400,176.5900,151.5822,2285700
2017-05-31,176.8900,176.9000,174.9200,175.1800,150.3719,3320400
2017-06-01,175.7800,179.5800,175.1900,179.5800,154.1488,2890600
2017-06-02,179.9200,179.9200,178.3400,179.3900,153.9857,2610100
2017-06-05,179.5300,180.3200,179.1600,179.3700,153.9685,2640600
2017-06-06,179.1900,181.0600,178.4800,180.8200,155.2132,3443900
2017-06-07,182.0000,183.4700,179.6500,183.2100,157.2647,3783600
2017-06-08,183.2100,183.7600,180.9800,181.6900,155.9600,3079900
2017-06-09,181.8400,182.4000,180.8600,181.4600,155.7626,2392200
2017-06-12,181.4600,181.8200,176.4200,179.2500,153.8655,3705600
2017-06-13,179.2100,181.3900,179.1500,181.0500,155.4106,2458500
2017-06-14,180.9400,182.8400,180.9400,182.3600,156.5351,2039300
2017-06-15,181.7500,183.5000,180.0900,180.3800,155.4749,3078700
2017-06-16,180.8300,182.4600,180.3800,181.6300,156.5523,4473300
2017-06-19,182.3000,183.0200,180.7600,183.0200,157.7504,3887100
2017-06-20,182.7500,183.4200,182.2200,183.2700,157.9659,2742600
2017-06-21,183.4900,185.1100,182.7100,184.9200,159.3881,2866300
2017-06-22,184.9000,188.6600,184.7800,186.5000,160.7499,3841300
2017-06-23,186.2700,186.2700,184.1400,185.2500,159.6725,3438500
2017-06-26,185.1300,185.8900,183.3900,185.1200,159.5605,2327400
2017-06-27,185.7200,186.8000,184.2200,184.6000,159.1122,2682800
2017-06-28,185.6800,186.3100,185.0900,185.7000,160.0604,2451200
2017-06-29,185.8200,186.0900,184.3300,185.2700,159.6898,2193600
2017-06-30,185.1500,186.1900,184.9300,185.4200,159.8190,2392000
2017-07-03,186.2900,187.5300,185.7400,186.6500,160.8792,2087000
2017-07-05,186.1400,188.3600,185.7200,188.2500,162.2583,2587400
2017-07-06,188.1200,188.1900,186.1500,186.9400,161.1292,1844700
2017-07-07,187.3500,188.4300,187.0100,187.9600,162.0084,2252500
2017-07-10,187.3300,188.0000,186.1500,186.9500,161.1378,2612000
2017-07-11,187.0000,187.6600,185.0900,185.9500,160.2759,2664500
2017-07-12,186.7900,187.3000,186.4100,186.6900,160.9137,3342800
2017-07-13,187.0000,187.2800,185.3200,185.4800,159.8708,2379300
2017-07-14,185.8100,187.1300,184.7700,186.9000,161.0947,2716700
2017-07-17,187.0700,187.2500,185.7600,186.3500,160.6206,2444600
2017-07-18,186.9500,187.2000,183.8600,186.8500,161.0516,4235800
2017-07-19,187.5100,189.4100,187.5100,189.1900,163.0685,3401600
2017-07-20,189.4100,191.9200,188.9200,191.5000,165.0596,3099600
2017-07-21,191.3800,193.0000,190.6000,191.7800,165.3009,4911500
2017-07-24,191.7900,192.1700,190.6400,190.8900,164.5338,2356500
2017-07-25,192.1300,192.4800,190.3000,190.4000,164.1115,1960100
2017-07-26,190.0200,191.5300,189.3800,190.7500,164.4132,2683500
2017-07-27,190.2400,190.4900,188.4600,188.9300,162.8444,2631400
2017-07-28,189.1100,191.2400,187.6000,191.1500,164.7579,1925000
2017-07-31,191.5900,192.6100,191.1400,191.8100,165.3268,3767100
2017-08-01,193.4000,193.4000,191.6200,192.2300,165.6888,3336800
2017-08-02,192.1400,193.4500,192.1400,193.0000,166.3525,2463800
2017-08-03,193.2600,194.9600,193.0100,194.7700,167.8781,2886100
2017-08-04,194.9500,196.0400,194.6000,194.8800,167.9729,2892300
2017-08-07,194.8100,195.4100,193.9000,194.7800,167.8867,2074800
2017-08-08,194.6800,194.9900,194.0800,194.9000,167.9901,1741000
2017-08-09,194.9000,195.3600,194.1700,194.8300,167.9298,2125900
2017-08-10,194.2600,194.3900,192.4000,192.5700,165.9818,2698600
2017-08-11,193.9100,194.5400,192.6600,193.0200,166.3697,2210700
2017-08-14,194.6000,194.7500,192.9000,193.7100,166.9645,2322000
2017-08-15,194.4700,195.0100,193.8100,194.5000,167.6454,1595200
2017-08-16,194.8100,195.2700,192.8300,193.7700,167.0161,1881600
2017-08-17,193.7500,194.2400,192.6600,192.7000,166.0939,2440900
2017-08-18,192.8400,193.2000,190.6300,190.8200,164.4735,2858500
2017-08-21,190.8800,192.3100,190.8800,192.0300,165.5164,1930500
2017-08-22,192.1500,194.9600,191.5600,194.7900,167.8953,2021900
2017-08-23,194.5000,194.5900,193.7200,194.2400,167.4213,1547000
2017-08-24,194.5500,195.0700,194.2100,194.7500,167.8609,1923700
2017-08-25,195.3300,195.5400,194.1400,194.3600,167.5247,1375000
2017-08-28,194.5900,195.8100,194.3600,195.0900,168.1539,2009900
2017-08-29,194.8300,197.0400,194.3300,196.7300,169.5674,2072200
2017-08-30,196.3800,196.8800,195.2000,195.8800,168.8349,1506700
2017-08-31,196.9300,199.4900,196.3900,198.9000,171.4379,2990200
2017-09-01,199.7900,199.9900,198.3600,199.7500,172.1705,2241800
2017-09-05,199.2000,200.4400,198.7100,199.3100,171.7913,2700800
2017-09-06,199.5400,199.9900,197.6300,198.3800,170.9896,3040200
2017-09-07,197.7700,199.4800,197.0700,198.1700,171.4568,2684600
2017-09-08,198.4300,198.8600,197.0000,197.7500,171.0935,2206000
2017-09-11,199.2500,200.4200,198.7800,199.5800,172.6768,3307900
2017-09-12,199.4400,199.4700,196.9100,197.4700,170.8512,2554700
2017-09-13,197.8000,200.7600,197.7800,198.3300,171.5952,2394400
2017-09-14,197.9500,198.3800,197.0900,197.7300,171.0762,2378600
2017-09-15,198.5200,199.7100,197.2000,198.1800,171.4655,4198700
2017-09-18,198.1700,198.8200,197.5100,198.1900,171.4742,1915200
2017-09-19,198.4400,198.6000,192.3900,194.6500,168.4114,3819000
2017-09-20,195.0200,195.8400,194.0600,195.7500,169.3631,2788500
2017-09-21,195.6300,196.1300,194.9000,195.2100,168.8959,1895000
2017-09-22,195.1100,195.8700,188.2500,193.0300,167.0097,5660200
2017-09-25,193.2700,196.3100,190.9200,191.7500,165.9023,3105900
2017-09-26,192.3100,194.3600,192.0400,192.7000,166.7242,2775400
2017-09-27,193.2000,195.6200,191.7400,194.4900,168.2729,3267200
2017-09-28,194.2500,196.5500,193.5100,196.1000,169.6659,2088400
2017-09-29,195.8200,196.0900,194.4800,195.8500,169.4496,2646300
2017-10-02,196.5900,197.9100,196.3300,197.4400,170.8253,2893600
2017-10-03,197.5000,199.4400,197.2600,198.6300,171.8549,2533800
2017-10-04,199.0300,200.7300,198.4300,200.4800,173.4555,2286400
2017-10-05,199.9300,199.9300,196.5600,197.9000,171.2233,4069000
2017-10-06,197.9000,199.9900,197.5100,198.0600,171.3617,3361900
2017-10-09,198.0100,198.3200,195.7800,196.3000,169.8389,3365400
2017-10-10,196.2600,196.4300,193.6700,194.6800,168.4373,2499100
2017-10-11,194.6300,196.0700,193.5900,195.2600,168.9391,2935600
2017-10-12,195.0100,195.3600,192.7300,192.9200,166.9146,2954700
2017-10-13,189.5900,192.7100,186.0000,192.5200,166.5685,5435000
2017-10-16,192.4800,193.3200,191.3600,193.2000,167.1568,2927400
2017-10-17,196.8000,206.6200,196.3700,203.8900,176.4059,8949700
2017-10-18,203.8000,207.8000,203.6800,205.2300,177.5652,4796300
2017-10-19,205.4700,205.7500,202.7000,203.2500,175.8521,3471800
2017-10-20,204.2600,208.2100,203.6900,207.4900,179.5205,5138800
2017-10-23,207.5800,208.4500,205.8000,207.0100,179.1052,2261400
2017-10-24,206.3800,208.2300,205.8800,208.1500,180.0915,3459900
2017-10-25,208.3200,209.1400,207.0700,207.5600,179.5811,2908300
2017-10-26,207.9200,211.7000,207.5800,209.1500,180.9568,4346000
2017-10-27,209.1500,212.7700,208.5500,212.6000,183.9418,4385300
2017-10-30,212.2100,212.7700,209.3800,209.3900,181.1644,2477400
2017-10-31,209.3900,210.5200,207.8000,210.2200,181.8826,3749600
2017-11-01,211.6200,212.6300,208.9200,209.5300,181.2856,1902900
2017-11-02,210.1100,211.4900,209.0100,211.1000,182.6439,2825900
2017-11-03,210.7200,213.8300,210.1000,212.8700,184.1753,2196900
2017-11-06,211.9100,213.9300,211.8000,212.1200,183.5264,2293700
2017-11-07,212.7400,213.5400,210.8900,212.7000,184.0282,1845800
2017-11-08,212.0800,212.9300,210.7000,210.7700,182.3584,2261100
2017-11-09,210.5900,211.7600,209.1300,211.5600,183.0419,1839700
2017-11-10,211.4600,211.8100,210.2000,211.0700,182.6180,1384700
2017-11-13,210.3100,213.5400,209.9400,212.6600,183.9936,2662200
2017-11-14,212.2100,212.7000,210.9200,211.7100,183.1717,1993900
2017-11-15,210.8800,211.9800,209.6200,209.8600,181.5711,1816300
2017-11-16,210.3800,212.0100,209.9000,211.1300,182.6699,1919600
2017-11-17,210.4600,211.4600,209.1500,209.9000,181.6057,1887500
2017-11-20,210.0000,210.6800,209.5800,210.2500,181.9085,2040400
2017-11-21,211.1300,212.8500,210.7500,212.6000,183.9418,2327200
2017-11-22,212.2600,212.8100,210.7600,211.2200,182.7477,2257800
2017-11-24,212.0000,212.9300,211.0000,212.5100,183.8638,744000
2017-11-27,212.2500,214.2500,211.8100,212.4000,183.7687,2856300
2017-11-28,213.8800,216.3100,212.5100,216.1400,187.0045,2905700
2017-11-29,217.7000,224.2700,217.3600,222.8800,192.8360,4247200
2017-11-30,223.8300,228.7500,222.2900,228.1700,198.0794,6846400
2017-12-01,228.8900,229.2200,221.0800,226.7800,196.8728,3325800
2017-12-04,229.2600,231.7700,221.4000,221.4200,192.2196,5591500
2017-12-05,221.0000,223.7200,219.1600,220.0900,191.0650,3246300
2017-12-06,221.0200,221.9600,219.0300,219.9400,190.9348,2397500
2017-12-07,220.5900,220.6100,218.1900,220.1500,191.1171,2661600
2017-12-08,220.5500,224.3300,220.2200,223.9100,194.3812,2233300
2017-12-11,222.5100,224.8200,222.0400,222.7700,193.3916,1599500
2017-12-12,221.4000,223.4200,221.2600,222.4900,193.1485,2294100
2017-12-13,221.7400,224.9500,221.2300,224.3500,194.7632,3059400
2017-12-14,225.0000,226.9700,221.0100,221.2500,192.0720,2811700
2017-12-15,223.7500,223.7500,220.6300,221.8200,192.5669,6293400
2017-12-18,222.6000,224.8100,222.1900,222.6700,193.3047,3194100
2017-12-19,222.9900,223.7900,220.8500,222.0400,192.7579,2340200
2017-12-20,223.1100,224.8900,221.7300,222.3800,193.0530,2633200
2017-12-21,223.1200,223.9400,221.3700,221.6900,192.4540,2955300
2017-12-22,222.0000,222.3500,218.4500,220.0000,190.9869,1959700
2017-12-26,219.0900,220.4200,219.0900,219.6000,190.6396,1482400
2017-12-27,219.9800,221.4400,219.2500,220.4200,191.3515,1861900
2017-12-28,221.4600,222.7900,220.1500,222.7700,193.3916,1452600
2017-12-29,223.9500,223.9500,220.4600,220.4600,191.3862,2350200
2018-01-02,221.0200,222.4500,220.0000,221.1600,191.9939,3485000
2018-01-03,221.6200,223.8100,220.5200,223.4800,194.0080,2417600
2018-01-04,224.3400,226.1000,224.1700,224.4500,194.8500,2749100
2018-01-05,225.1900,229.0500,224.7200,228.7300,198.5656,2432800
2018-01-08,228.1300,228.7100,224.6100,224.7600,195.1191,2850800
2018-01-09,224.7600,226.6300,223.3000,225.8800,196.0914,2672200
2018-01-10,224.8300,225.0100,223.0300,224.2000,194.6330,2311600
2018-01-11,224.1800,225.9200,223.7000,225.3900,195.6661,2543600
2018-01-12,227.4500,229.9000,226.5200,228.6400,198.4875,3943800
2018-01-16,233.3700,235.0000,231.2500,232.9000,202.1856,6852600
2018-01-17,234.6700,238.9600,233.8500,238.4300,206.9864,5124800
2018-01-18,239.2600,243.9000,238.5500,243.1600,211.0926,6234200
2018-01-19,244.1800,244.3500,241.0700,243.3500,211.2576,4293600
2018-01-22,243.5900,243.8000,241.3600,243.5600,211.4398,4012200
2018-01-23,242.9900,246.9800,242.4100,245.2100,212.8722,3300000
2018-01-24,246.0100,247.3100,243.7100,244.8500,212.5597,2733300
2018-01-25,244.7500,246.1900,243.9000,245.1800,212.8462,2420500
2018-01-26,245.0000,248.7400,244.4600,248.4700,215.7023,2615300
2018-01-29,249.2800,250.7900,247.4000,247.4100,214.7821,2564700
2018-01-30,232.8800,242.7400,232.1000,236.6500,205.4411,11565500
2018-01-31,242.8400,247.0000,235.7600,236.7800,205.5539,5187400
2018-02-01,235.2600,237.8200,233.8300,235.2200,204.1997,4268300
2018-02-02,233.0000,236.3000,231.1900,231.8800,201.3002,3959900
2018-02-05,230.7900,233.1100,208.4800,220.0200,191.0042,6290000
2018-02-06,212.2000,226.5100,210.2100,225.1800,195.4837,7064800
2018-02-07,222.3300,229.2900,221.5100,225.8200,196.0393,5589200
2018-02-08,225.3300,226.6300,216.2600,216.4600,187.9137,4902400
2018-02-09,218.0000,223.2800,212.0100,220.9600,191.8203,6225300
2018-02-12,222.4400,228.0000,222.1500,225.6900,195.9265,4912000
2018-02-13,223.1500,227.1200,222.3900,226.6400,196.7512,3536800
2018-02-14,224.9500,229.3400,223.9200,228.7800,198.6090,2878400
2018-02-15,229.2700,230.0000,221.7400,226.0200,196.2130,4662700
2018-02-16,225.9900,230.5500,225.7000,229.3700,199.1212,3621700
2018-02-20,227.9100,228.7500,225.6100,226.6600,196.7686,3172300
2018-02-21,226.1500,229.3500,225.1100,225.1300,195.4403,3371900
2018-02-22,226.3000,229.8400,225.0800,227.0900,197.1418,2767900
2018-02-23,227.9000,230.3200,225.9100,230.1600,199.8070,2393900
2018-02-26,231.6400,234.5100,229.7000,234.0600,203.1927,3307000
2018-02-27,234.4000,235.8900,232.4400,232.5200,201.8558,2899500
2018-02-28,234.4200,234.7500,226.0900,226.1600,196.3345,4368600
2018-03-01,225.7000,229.2900,222.7400,224.4500,194.8500,3514600
2018-03-02,223.2100,225.8200,222.5900,225.1900,195.4924,2613600
2018-03-05,223.3700,229.4300,222.7900,228.3800,198.2618,2627300
2018-03-06,228.9200,229.1500,223.8900,226.1800,196.3519,2652800
2018-03-07,224.3500,227.8200,223.7500,227.2700,197.2981,3242200
2018-03-08,227.9300,227.9900,223.9200,224.7300,195.7390,3500900
2018-03-09,226.1100,226.5200,222.5000,225.4300,196.3487,4834600
2018-03-12,226.2100,227.0000,222.7700,222.7700,194.0319,3117300
2018-03-13,223.5300,228.0600,223.1600,226.9400,197.6639,3343800
2018-03-14,227.1300,229.3900,225.0200,225.3800,196.3052,3048200
2018-03-15,225.8300,230.7600,225.6600,229.4800,199.8763,3330200
2018-03-16,229.6600,231.2700,227.7500,227.8600,198.4652,5690300
2018-03-19,227.3100,227.9700,223.6800,225.0500,196.0178,3407300
2018-03-20,225.1600,227.6000,223.8800,226.7800,197.5246,3429100
2018-03-21,226.4500,227.4400,222.8200,222.8200,194.0754,3419800
2018-03-22,221.6500,221.6600,215.1000,215.2100,187.4472,5894800
2018-03-23,215.7500,217.7300,212.5000,212.5500,185.1303,5741200
2018-03-26,215.1900,219.4100,214.7000,219.0700,190.8092,3561300
2018-03-27,220.3200,221.9500,216.4100,217.9600,189.8424,3722100
2018-03-28,218.8900,219.9100,217.0400,218.5000,190.3127,3179500
2018-03-29,219.3800,223.3500,214.0000,214.0000,186.3932,5529400
2018-04-02,218.4600,222.9900,214.6300,217.2000,189.1804,6220700
2018-04-03,220.3400,225.1000,219.6900,224.5800,195.6084,4652000
2018-04-04,220.6900,229.4800,220.4200,228.7900,199.2753,4674000
2018-04-05,229.4600,231.5800,226.8000,229.0700,199.5192,3348100
2018-04-06,226.6500,228.1900,221.8200,223.9600,195.0684,3231700
2018-04-09,225.5800,226.1300,222.3600,222.7300,193.9970,3031500
2018-04-10,225.4000,228.1600,223.4900,226.7900,197.5333,2737500
2018-04-11,224.2700,225.3900,221.6900,221.9000,193.2742,3482100
2018-04-12,224.0400,225.7500,223.4100,224.2400,195.3122,2664500
2018-04-13,225.1000,226.1300,223.0800,224.2800,195.3471,2496600
2018-04-16,227.1100,231.8500,226.3500,230.3200,200.6079,4510600
2018-04-17,239.3100,241.6700,236.0800,238.5500,207.7762,6180300
2018-04-18,239.0000,239.7400,236.3000,236.4000,205.9035,2940100
2018-04-19,236.2000,238.2700,234.8000,235.7600,205.3461,2734900
2018-04-20,236.0500,237.1000,233.5000,235.0600,204.7365,2842000
2018-04-23,235.2900,236.2100,233.0800,234.3400,204.1093,3051700
2018-04-24,235.9500,237.3200,232.5600,234.2200,204.0048,2771200
2018-04-25,233.4500,235.1000,230.4400,234.9000,204.5970,3118800
2018-04-26,235.7300,237.8400,234.3300,237.0300,206.4523,2252800
2018-04-27,237.6300,240.5400,237.1500,240.1800,209.1959,2301800
2018-04-30,241.0000,241.0000,236.4000,236.4000,205.9035,3446900
2018-05-01,237.0000,237.4900,234.3600,236.8500,206.2955,2633500
2018-05-02,235.3800,236.2100,232.8600,233.4600,203.3428,3542700
2018-05-03,231.9700,234.8000,229.3100,234.1500,203.9438,2731600
2018-05-04,233.1000,236.6500,232.1600,235.9000,205.4680,1999900
2018-05-07,235.8800,236.9900,232.6300,233.7800,203.6216,3237800
2018-05-08,233.7200,233.7200,230.6500,232.0300,202.0973,2698300
2018-05-09,233.0500,233.4200,228.2300,229.2100,199.6411,3504200
2018-05-10,230.1500,234.2900,229.3600,233.7100,203.5606,2169000
2018-05-11,233.5800,238.8000,232.9500,238.2800,207.5411,3044900
2018-05-14,238.9000,243.6700,238.8200,242.9000,211.5650,3893600
2018-05-15,241.8600,242.2200,238.6700,239.5000,208.6037,2396600
2018-05-16,239.6500,241.8100,238.5700,241.7200,210.5373,1906100
2018-05-17,241.4900,243.5600,240.5400,242.9600,211.6173,2418700
2018-05-18,243.3700,244.7600,242.3900,244.6400,213.0805,2283600
2018-05-21,245.0000,249.1700,244.8400,247.9000,215.9200,3040700
2018-05-22,248.0000,248.0500,243.8400,245.1800,213.5509,2644100
2018-05-23,244.0300,245.5000,241.6400,244.2600,212.7496,3047800
2018-05-24,244.5700,245.4400,242.2000,242.7300,211.4170,2610400
2018-05-25,242.9500,245.5800,242.4400,244.9500,213.3506,1554900
2018-05-29,243.8600,243.8600,240.2400,242.1700,210.9292,2837800
2018-05-30,243.7400,245.7500,242.6300,244.9400,213.3419,2071900
2018-05-31,244.2100,244.7500,240.6800,241.5100,210.3543,2966100
2018-06-01,243.7400,243.7400,241.2900,243.3500,211.9570,2371400
2018-06-04,244.0000,245.2400,242.7400,244.6300,213.0719,2188900
2018-06-05,245.0900,245.1100,241.9100,244.4300,212.8977,1531900
2018-06-06,246.3200,248.7200,245.1300,248.6500,216.5733,2650300
2018-06-07,249.7600,250.0000,248.2500,248.9800,216.8607,2117200
2018-06-08,249.4600,251.5000,248.0700,250.6800,218.3414,3034600
2018-06-11,250.8400,254.9900,250.4000,253.7800,221.0415,2775200
2018-06-12,253.2000,253.9400,250.1700,253.5800,220.8673,2567200
2018-06-13,254.1400,256.7300,252.4800,252.8700,220.2489,3138300
2018-06-14,254.4700,255.9900,253.6600,255.3300,222.3915,2456600
2018-06-15,254.2700,255.9800,252.5600,255.9800,223.7464,4772200
2018-06-18,254.0000,255.0100,252.1400,254.8700,222.7762,1961900
2018-06-19,252.9700,253.3000,251.1600,253.0200,221.1591,2370200
2018-06-20,253.3200,253.7300,251.8800,252.8100,220.9755,2580400
2018-06-21,252.9500,253.6500,250.9200,251.8900,220.1714,2150300
2018-06-22,252.2400,255.1100,251.1900,254.3700,222.3391,2604000
2018-06-25,254.3600,255.1300,248.6100,250.7100,219.1400,3060800
2018-06-26,250.5600,252.4700,249.5400,249.7700,218.3183,2158000
2018-06-27,250.2900,251.7600,248.1300,248.1700,216.9198,2481000
2018-06-28,247.1300,248.0000,242.2300,244.9000,214.0615,3556900
2018-06-29,244.9000,247.5000,244.6000,245.3400,214.4462,2772600
2018-07-02,245.0000,247.7300,244.1200,247.4800,216.3167,1793300
2018-07-03,248.3000,248.7500,246.7400,246.9800,215.8796,1248000
2018-07-05,249.1100,250.9300,247.5800,250.5000,218.9564,2182900
2018-07-06,251.0100,251.7300,249.4200,250.7600,219.1837,1572300
2018-07-09,252.1300,254.0100,251.0500,253.6700,221.7272,2039600
2018-07-10,254.1800,256.9000,253.7500,255.5400,223.3618,2012200
2018-07-11,255.1400,256.0000,253.7400,254.5900,222.5314,1486000
2018-07-12,256.1800,256.8200,254.9200,256.0500,223.8075,1592700
2018-07-13,256.3900,259.0100,256.0200,258.7000,226.1239,2356200
2018-07-16,258.2900,258.4500,256.4400,256.9800,224.6205,3625400
2018-07-17,251.5500,252.5200,246.2700,250.2900,218.7728,6932300
2018-07-18,251.1100,256.6100,250.4400,255.4200,223.2569,3359800
2018-07-19,255.3200,256.5000,251.8500,252.9300,221.0804,2307600
2018-07-20,251.1700,253.5500,251.1700,252.7000,220.8794,1959600
2018-07-23,252.9100,255.2300,252.4300,252.7400,220.9143,1479600
2018-07-24,254.8600,254.9600,252.0100,253.7600,221.8059,2476500
2018-07-25,254.8100,255.2700,252.7700,254.8600,222.7674,3016900
2018-07-26,256.2500,257.8700,255.8000,257.0000,224.6379,2021300
2018-07-27,257.7900,257.7900,255.3900,255.9500,223.7201,1656800
2018-07-30,255.9100,256.8900,253.1100,253.8400,221.8758,1681500
2018-07-31,254.1400,255.2000,252.8500,253.2200,221.3339,2355900
2018-08-01,256.1000,256.1000,252.8100,253.3700,221.4650,3006700
2018-08-02,253.5000,256.3000,252.2300,256.0800,223.8338,1854400
2018-08-03,256.4500,257.5600,254.3000,257.2200,224.8302,1422300
2018-08-06,256.5000,257.5400,255.4700,256.7600,224.4281,1398100
2018-08-07,257.6400,258.8400,257.1300,257.6500,225.2061,1462800
2018-08-08,258.1100,259.5000,257.9200,258.8100,226.2200,1494300
2018-08-09,259.9100,263.0200,259.3100,261.5900,228.6500,2315000
2018-08-10,260.4900,261.5000,259.1100,260.3600,227.5748,1625000
2018-08-13,261.0000,262.5500,260.3000,260.9100,228.0556,1635100
2018-08-14,260.8900,264.3000,260.8500,263.4800,230.3019,1941600
2018-08-15,261.9800,262.6900,259.1900,260.6100,227.7933,2017700
2018-08-16,261.5700,263.7500,261.4500,263.1000,229.9698,2115900
2018-08-17,263.5500,264.1300,261.7200,262.3300,229.2968,1969700
2018-08-20,263.0000,263.4900,261.5700,262.4000,229.3579,1786200
2018-08-21,261.8500,262.5200,260.7300,261.6900,228.7373,1559300
2018-08-22,261.9500,261.9500,260.2500,260.7400,227.9070,2148500
2018-08-23,261.0200,262.5600,259.5600,261.4200,228.5013,1603500
2018-08-24,261.7500,264.7800,261.7500,264.2800,231.0012,2238600
2018-08-27,265.0000,267.4500,264.4200,267.0800,233.4486,2614000
2018-08-28,268.5400,269.1400,267.3300,268.5100,234.6986,2603900
2018-08-29,268.3900,269.3200,267.2500,269.0000,235.1268,2880600
2018-08-30,269.4600,270.1700,268.1100,268.3900,234.5937,2976300
2018-08-31,268.2800,269.2100,267.2000,268.4600,234.6548,2961500
2018-09-04,268.0000,269.4100,266.5700,268.5100,234.6986,2097300
2018-09-05,268.5600,268.8000,266.9300,267.6400,233.9381,2230600
2018-09-06,267.6000,270.0200,266.9400,269.6500,236.4903,2556100
2018-09-07,269.6400,271.1600,267.5100,268.2800,235.2887,2958000
2018-09-10,266.7800,266.8000,258.7500,259.7300,227.7901,4146200
2018-09-11,257.9200,261.4200,257.4800,261.0400,228.9391,2283300
2018-09-12,261.1200,264.4900,260.8500,262.6700,230.3686,2236300
2018-09-13,264.1600,265.6900,263.4200,265.4900,232.8418,2734500
2018-09-14,265.4000,266.6500,263.2800,265.3100,232.6839,2084600
2018-09-17,266.5000,266.6600,263.4100,263.8700,231.4210,1940400
2018-09-18,262.9300,264.0900,262.0000,263.2900,230.9124,3557000
2018-09-19,264.4700,265.6100,263.1600,265.3300,232.7014,2274300
2018-09-20,266.0800,267.9400,266.0600,266.3900,233.6311,2095000
2018-09-21,266.1000,267.8400,265.8500,266.6700,233.8767,5671600
2018-09-24,267.0100,269.5300,266.6700,267.3600,234.4818,2699800
2018-09-25,267.3000,267.3300,263.0300,263.5100,231.1053,3789700
2018-09-26,264.5000,265.4900,262.4500,262.9100,230.5791,2238000
2018-09-27,263.0000,265.4100,262.9300,264.6500,232.1051,2761400
2018-09-28,264.3800,266.1900,263.8500,266.0400,233.3242,2875100
2018-10-01,267.2500,270.0200,267.0200,269.1000,236.0078,3314500
2018-10-02,269.0000,271.4400,267.5000,270.6300,237.3497,2777300
2018-10-03,272.0000,272.0700,269.7700,270.9000,237.5865,3002200
2018-10-04,271.0000,271.6200,267.3100,268.3200,235.3238,2186600
2018-10-05,268.6500,271.0000,267.9500,269.2000,236.0956,2045700
2018-10-08,268.8400,269.6500,265.6500,269.0100,235.9289,1865000
2018-10-09,269.1900,271.9600,268.4700,270.1100,236.8937,2510100
2018-10-10,270.6000,271.4200,262.5200,263.0800,230.7281,4267300
2018-10-11,262.0000,264.4000,255.7800,257.1200,225.5011,4558500
2018-10-12,259.7000,261.3900,256.8600,259.6100,227.6849,4006300
2018-10-15,260.1300,262.4400,259.3100,260.2500,228.2462,3583400
2018-10-16,269.6900,272.8100,265.0000,272.5700,239.0512,6453600
2018-10-17,270.1900,271.0000,265.6300,267.3000,234.4292,3985100
2018-10-18,267.3500,267.8800,263.7100,266.8100,233.9995,3132100
2018-10-19,266.6200,267.9800,263.8900,265.3000,232.6752,3336600
2018-10-22,266.7500,266.8300,260.0600,262.1900,229.9476,2618100
2018-10-23,259.7200,265.5200,259.2000,264.8600,232.2893,4081800
2018-10-24,264.0100,265.3300,255.9300,256.3200,224.7994,5265600
2018-10-25,258.1600,265.1800,253.3700,264.2400,231.7455,4675600
2018-10-26,261.5000,262.4000,257.0200,258.1800,226.4307,4830600
2018-10-29,259.7200,262.0400,253.3200,256.5200,224.9749,3697700
2018-10-30,256.6900,259.6900,253.9800,258.2800,226.5185,4169200
2018-10-31,260.8700,264.0700,260.2200,261.3500,229.2109,4230200
2018-11-01,262.9200,264.6800,259.7600,260.9300,228.8426,2771300
2018-11-02,264.6100,266.3800,259.5600,261.0100,228.9128,2593600
2018-11-05,262.1500,263.0000,260.0700,261.0100,228.9128,3287000
2018-11-06,260.7000,264.0100,260.7000,263.5400,231.1316,2582400
2018-11-07,266.9000,276.7500,266.9000,274.6300,240.8578,5796800
2018-11-08,276.0000,278.0000,274.7000,276.6500,242.6294,3809100
2018-11-09,276.8600,278.0000,274.1900,276.5500,242.5417,2904300
2018-11-12,276.0000,277.7900,272.0000,272.3800,238.8845,3140600
2018-11-13,272.5800,273.6000,268.1400,269.2200,236.1131,2516900
2018-11-14,269.2900,270.5200,263.3500,264.9600,232.3770,3511900
2018-11-15,264.0000,265.9200,260.8500,264.9400,232.3595,3657600
2018-11-16,264.9900,271.8000,264.9200,271.1100,237.7707,3857800
2018-11-19,271.4800,272.2700,264.1800,266.0500,233.3329,3670800
2018-11-20,265.6200,266.7800,260.4000,261.5000,229.3424,3617700
2018-11-21,262.5900,264.6300,260.4500,260.5500,228.5093,3234300
2018-11-23,260.0000,262.9400,258.2800,261.6200,229.4477,1159300
2018-11-26,264.6200,268.3000,263.5000,266.1600,233.4294,3879800
2018-11-27,265.5700,271.3000,265.0300,271.1500,237.8058,3497300
2018-11-28,272.8200,282.4000,272.8200,280.9500,246.4007,5044300
2018-11-29,280.4300,285.4500,280.3100,282.5500,247.8039,4177800
2018-11-30,282.9900,283.6400,279.0700,281.3600,247.5487,6143200
2018-12-03,283.0000,286.5300,282.7100,286.3300,251.9214,4178800
2018-12-04,286.1500,287.9400,276.9100,278.5500,245.0764,4635500
2018-12-06,273.0200,276.9400,265.2500,276.8500,243.5807,6694600
2018-12-07,273.7600,276.4200,267.2800,269.1800,236.8324,3506900
2018-12-10,268.5900,269.0000,260.2300,266.5300,234.5009,4061300
2018-12-11,269.5800,271.5300,265.6700,267.2200,235.1080,3102800
2018-12-12,271.9500,274.5600,270.4900,270.6400,238.1169,3167900
2018-12-13,270.8600,273.3200,269.6200,272.1500,239.4455,2350400
2018-12-14,270.3600,270.5700,263.7100,265.0200,233.1723,3360500
2018-12-17,261.0400,262.7500,256.7300,258.0700,227.0575,5806800
2018-12-18,259.7000,259.9900,248.2000,252.9700,222.5704,5065500
2018-12-19,252.3700,256.5600,247.5900,250.3100,220.2300,5468500
2018-12-20,248.5000,249.0100,240.0500,242.4400,213.3058,7311700
2018-12-21,240.7300,247.5000,237.4500,238.3400,209.6985,12209700
2018-12-24,236.2400,237.9000,232.5600,232.9400,204.9474,3091000
2018-12-26,232.7000,243.3700,231.8100,243.3500,214.1064,4159300
2018-12-27,239.1000,245.9700,235.2400,245.9700,216.4116,4295800
2018-12-28,246.7100,249.7900,244.8100,246.2400,216.6491,3312700
2018-12-31,248.0600,250.2800,246.9400,249.1200,219.1830,3123200
2019-01-02,245.0000,246.3500,241.4700,243.4900,214.2296,4063600
2019-01-03,243.4800,243.4800,236.1300,236.8500,208.3875,4623200
2019-01-04,239.8000,243.4600,238.8000,239.6200,210.8247,5367600
2019-01-07,240.4000,241.9800,238.2300,240.0800,211.2294,4133000
2019-01-08,242.3300,244.7900,239.7100,243.2900,214.0536,3618600
2019-01-09,244.7600,246.6300,242.0600,243.6400,214.3615,3425400
2019-01-10,242.0800,245.1400,241.4100,244.8700,215.4438,3374100
2019-01-11,243.4500,247.7600,243.2700,247.6700,217.9073,3967100
2019-01-14,246.5900,249.9200,246.1100,248.0600,218.2504,4955500
2019-01-15,250.0000,256.9200,247.0000,256.8700,226.0017,5325600
2019-01-16,258.7300,262.1900,258.1700,261.4600,230.0401,6069400
2019-01-17,260.9900,261.7400,257.8900,259.7700,228.5532,3583600
2019-01-18,262.6000,266.2600,260.4200,265.5000,233.5947,4844800
2019-01-22,264.0600,267.5000,263.7400,265.6900,233.7618,4052700
2019-01-23,267.7500,269.4700,263.6700,267.0200,234.9320,2971100
2019-01-24,266.8000,268.1600,264.2600,266.1300,234.1489,2927300
2019-01-25,268.8000,270.4100,265.7000,268.0500,235.8382,2809100
2019-01-28,266.9000,266.9300,264.6100,266.7700,234.7120,2837300
2019-01-29,266.0000,268.4500,265.4400,267.3400,235.2135,2173000
2019-01-30,269.6900,272.4400,267.1900,270.3700,237.8794,3659000
2019-01-31,270.4800,271.7400,268.9900,270.2000,237.7298,4055100
2019-02-01,268.4700,269.3900,266.0300,268.7200,236.4276,3946800
2019-02-04,268.3100,268.6900,264.2700,268.2100,235.9789,3398900
2019-02-05,270.1200,272.0900,265.8400,266.3100,234.3073,3597000
2019-02-06,265.1400,269.9300,264.9800,269.5000,237.1139,2570000
2019-02-07,268.6400,270.5800,267.2600,269.0000,236.6741,2458200
2019-02-08,267.5000,268.7000,260.3200,261.9000,230.4273,4547000
2019-02-11,261.1700,261.1800,256.3400,257.1400,226.2393,4856200
2019-02-12,259.2200,264.0000,256.9200,263.5000,231.8350,4327900
2019-02-13,263.5200,266.2900,263.1500,263.8000,232.0990,3066400
2019-02-14,263.2400,267.0700,262.7100,265.3300,233.4450,3015300
2019-02-15,267.7900,271.1300,266.6200,271.1300,238.5481,3673700
2019-02-19,271.1700,272.4900,269.2800,270.4100,237.9145,2486700
2019-02-20,269.2100,270.5900,268.1800,269.5100,237.1227,2802800
2019-02-21,269.4700,269.9400,265.1000,266.4000,234.3864,2554300
2019-02-22,266.5000,268.3900,265.9500,267.1100,235.0111,3191100
2019-02-25,267.5800,268.1700,264.3800,264.6000,232.8028,3679100
2019-02-26,264.6600,265.4300,262.8000,262.9800,231.3775,3212900
2019-02-27,261.6100,261.6100,248.9400,250.0800,220.0277,8952900
2019-02-28,249.7000,251.9500,239.1500,242.2200,213.1122,11034300
2019-03-01,243.5600,248.0000,243.5600,246.1500,216.5699,6921300
2019-03-04,248.1200,248.4500,234.5100,236.0200,207.6573,8646300
2019-03-05,236.5300,243.2000,234.9400,241.4300,212.4171,6924500
2019-03-06,241.7400,241.7400,237.0300,239.0700,210.3407,4878700
2019-03-07,240.3000,241.1800,235.5500,236.7000,208.2556,5033500
2019-03-08,235.1500,239.4100,234.6400,237.2900,209.5715,4921700
2019-03-11,239.2100,244.0200,236.4200,243.1500,214.7470,4539600
2019-03-12,244.9500,247.4800,243.7400,245.8800,217.1581,4235800
2019-03-13,247.9600,252.7600,247.0800,252.2500,222.7840,4881600
2019-03-14,253.0000,255.0600,252.3400,253.2700,223.6848,3865200
2019-03-15,254.3400,254.7400,249.9400,251.4000,222.0333,6466200
2019-03-18,252.6600,255.3100,250.4200,255.0000,225.2128,3927400
2019-03-19,255.9500,259.2500,255.1400,257.1300,227.0939,4164800
2019-03-20,257.4300,257.6900,249.9700,250.5000,221.2384,4193500
2019-03-21,249.1900,252.9600,248.6600,252.0200,222.5808,2699700
2019-03-22,250.5700,251.2000,246.9900,247.0900,218.2267,3777900
2019-03-25,247.4200,247.4200,240.7800,246.8600,218.0236,4110900
2019-03-26,247.2600,247.8900,241.7200,243.3900,214.9589,4416200
2019-03-27,242.9400,245.6800,238.1600,241.7100,213.4752,4819200
2019-03-28,242.5900,242.8500,238.8900,242.2300,213.9345,3601500
2019-03-29,244.2900,247.7600,241.8700,247.2600,218.3768,4294200
2019-04-01,249.7100,250.2000,243.0600,245.5400,216.8578,4809500
2019-04-02,245.5100,246.4000,242.8000,244.4100,215.8598,4057100
2019-04-03,246.3100,247.5400,244.5900,245.8400,217.1227,2851400
2019-04-04,245.4800,249.1100,244.6400,247.3900,218.4917,2255500
2019-04-05,248.9500,249.3100,245.1700,248.7800,219.7194,3343000
2019-04-08,249.6800,249.6800,246.3100,248.7500,219.6929,2195400
2019-04-09,247.5700,249.9400,245.9500,248.7900,219.7282,2903800
2019-04-10,248.7800,249.8700,245.5200,246.0300,217.2906,2753700
2019-04-11,246.0500,246.9200,232.6800,235.4200,207.9199,8223400
2019-04-12,236.5000,236.7800,220.7700,223.2200,197.1451,13979400
2019-04-15,225.7700,230.9700,224.4100,230.2000,203.3096,10021800
2019-04-16,238.0100,238.0100,215.8200,220.9600,195.1491,27361400
2019-04-17,223.7900,224.2400,208.0700,216.8400,191.5103,22101400
2019-04-18,217.1400,223.0000,214.2100,221.7500,195.8468,13927200
2019-04-22,224.0000,227.5600,221.5000,227.1100,200.5807,11191800
2019-04-23,228.2500,231.9400,226.1000,230.5800,203.6453,10261400
2019-04-24,230.0900,231.6300,227.7500,230.3500,203.4422,6104100
2019-04-25,228.5300,232.1200,228.1300,230.7900,203.8308,5954500
2019-04-26,232.1400,237.1100,231.1900,237.0000,209.3154,6186200
2019-04-29,237.4000,238.0600,234.1600,237.4500,209.7128,5345300
2019-04-30,238.0800,238.0800,230.1900,233.0700,205.8445,7632300
2019-05-01,233.0700,234.6200,230.3500,231.9500,204.8553,4823200
2019-05-02,230.9000,233.3400,228.0800,232.4500,205.2969,5499200
2019-05-03,232.8400,233.9000,227.1800,231.9500,204.8553,4323100
2019-05-06,228.1700,240.5700,227.5000,240.5000,212.4065,7180200
2019-05-07,239.1900,243.1500,236.4000,238.0500,210.2427,5104700
2019-05-08,238.0000,240.8100,235.5300,239.1500,211.2142,3768400
2019-05-09,236.6000,240.5400,235.6700,237.9700,210.1721,4299500
2019-05-10,239.9700,242.6200,236.3700,240.5900,212.4860,4374400
2019-05-13,236.4500,240.1000,236.2000,239.5500,211.5675,4684400
2019-05-14,240.6400,240.9900,236.2800,236.4300,208.8120,5329700
2019-05-15,235.0000,237.5300,232.6200,236.0800,208.5029,5099700
2019-05-16,235.8900,240.4500,235.7200,236.7900,209.1299,4456400
2019-05-17,236.1700,242.4400,235.6500,241.3800,213.1838,4486400
2019-05-20,240.0000,246.7400,239.7700,245.9900,217.2553,5390800
2019-05-21,247.0100,251.1800,246.8000,249.9400,220.7438,5345300
2019-05-22,249.1000,251.0300,248.7100,249.3400,220.2139,4038000
2019-05-23,247.9800,248.1500,244.3900,246.5000,217.7057,3934600
2019-05-24,247.2500,249.3600,245.5100,247.6300,218.7037,2973900
2019-05-28,248.5000,249.3000,241.9800,242.0600,213.7843,6172700
2019-05-29,239.8500,243.0300,237.9000,242.4000,214.0846,3958400
2019-05-30,241.9200,245.3500,241.3400,243.5000,215.0561,2646600
2019-05-31,241.9500,243.6200,239.4800,241.8000,213.5547,3285700
2019-06-03,241.4900,243.8000,236.0200,236.5600,208.9268,4999400
2019-06-04,238.1300,241.0500,234.8300,240.7600,212.6362,4992000
2019-06-05,243.1700,245.7900,241.2300,242.7700,214.4114,3194400
2019-06-06,243.1300,243.9400,241.7300,241.8200,213.5724,2630100
2019-06-07,242.9000,247.0700,242.1900,246.7700,217.9441,2837400
2019-06-10,247.0800,249.6700,245.9900,248.1400,219.1541,2331000
2019-06-11,248.5200,250.6900,245.7300,245.8700,217.1493,3043000
2019-06-12,246.2000,246.5000,242.3000,244.5000,215.9393,3251800
2019-06-13,244.8200,245.3400,243.1200,244.9600,216.3456,3107800
2019-06-14,244.7200,246.1000,242.7900,245.3700,217.6673,2165500
2019-06-17,246.0000,247.1000,245.2200,245.9700,218.1996,2270300
2019-06-18,247.5000,249.3400,245.1500,245.7000,217.9600,3482500
2019-06-19,246.0000,251.3700,245.5100,250.1900,221.9431,4204600
2019-06-20,251.6000,252.8200,247.4000,247.7600,219.7875,3800800
2019-06-21,248.7800,253.4900,246.9000,252.2800,223.7972,6323500
2019-06-24,251.3300,252.6300,247.8600,249.6400,221.4553,3163800
2019-06-25,249.3000,251.0400,247.4200,247.6600,219.6988,3182700
2019-06-26,248.0000,248.0800,243.1300,243.4700,215.9819,3852900
2019-06-27,244.2600,248.1500,243.1600,246.3400,218.5278,3366200
2019-06-28,246.5000,246.7500,238.6500,244.0100,216.4609,6727600
2019-07-01,245.9500,246.1700,240.7200,242.6400,215.2456,4102700
2019-07-02,242.5900,243.9900,239.5400,243.9700,216.4254,3863500
2019-07-03,244.3200,247.5200,244.0400,245.2100,217.5254,2559400
2019-07-05,244.3900,248.7600,244.0600,246.9900,219.1045,2965000
2019-07-08,246.4100,247.9800,244.8800,247.8400,219.8585,1902500
2019-07-09,244.6300,246.0800,243.6900,246.0000,218.2262,2774800
2019-07-10,246.8200,249.1100,245.4800,247.4800,219.5391,2753000
2019-07-11,255.8000,261.6900,249.0500,261.1600,231.6746,10268800
2019-07-12,261.6300,266.5200,261.6300,265.9000,235.8795,5336100
2019-07-15,265.0600,267.6500,264.2500,265.9600,235.9327,2611400
2019-07-16,265.3300,267.1400,263.1900,264.6600,234.7794,3121600
2019-07-17,264.0000,268.6900,263.5000,266.6500,236.5448,3995200
2019-07-18,265.6400,266.5100,257.2600,260.6000,231.1779,5825800
2019-07-19,261.1000,262.7200,256.4000,256.6500,227.6738,4413200
2019-07-22,258.1400,258.9500,254.5300,255.3200,226.4940,4104300
2019-07-23,254.4700,256.1000,252.0200,255.0100,226.2189,2889300
2019-07-24,252.7900,252.8300,245.1300,251.1300,222.7770,4864000
2019-07-25,251.1300,252.7500,248.2900,248.7000,220.6214,3362800
2019-07-26,249.0200,253.8800,246.5100,252.9400,224.3827,3362600
2019-07-29,252.8400,255.3000,252.3400,253.8200,225.1633,2005500
2019-07-30,252.6600,255.0600,250.4700,254.9300,226.1480,1908800
2019-07-31,256.3200,257.1600,248.4800,249.0100,220.8964,3532400
2019-08-01,249.1900,251.5800,247.2800,249.2500,221.1093,3613600
2019-08-02,249.6900,251.5700,246.1000,250.0500,221.8190,2677600
2019-08-05,248.1300,249.9400,242.5900,245.0600,217.3923,5812400
2019-08-06,245.9300,248.2800,243.5700,248.2800,220.2488,3533000
2019-08-07,246.2700,247.0400,241.2600,246.4500,218.6254,3205800
2019-08-08,246.1900,247.6700,243.3700,247.6200,219.6633,2830700
2019-08-09,247.7200,250.4200,246.1400,248.6300,220.5593,2535000
2019-08-12,246.7900,247.9600,243.0300,243.2000,215.7423,2667400
2019-08-13,241.6800,250.4600,241.5100,249.2200,221.0827,2763400
2019-08-14,246.7300,248.4100,243.0100,243.2000,215.7423,3464300
2019-08-15,244.3500,245.2600,241.4500,244.2500,216.6738,2513500
2019-08-16,245.3800,247.1100,244.1800,245.6900,217.9512,2810000
2019-08-19,247.4900,248.4900,244.0900,244.7100,217.0818,2672300
2019-08-20,244.2100,244.6000,239.9200,240.1600,213.0455,3201300
2019-08-21,240.1900,241.8900,239.3000,240.3500,213.2142,2761900
2019-08-22,240.3500,240.3500,232.6700,232.9400,206.6407,4498200
2019-08-23,232.9000,235.1000,229.3800,230.6600,204.6181,4826600
2019-08-26,232.5200,234.5600,230.4600,231.0800,204.9907,2918300
2019-08-27,231.7200,232.4000,222.6000,222.9300,197.7608,4988100
2019-08-28,222.4200,229.7700,220.7800,227.3500,201.6818,4847600
2019-08-29,228.4200,232.3000,228.0100,230.6200,204.5826,4052500
2019-08-30,233.6700,235.0500,232.2900,234.0000,207.5810,3384100
2019-09-03,231.7400,232.1700,228.4700,230.6200,204.5826,3382300
2019-09-04,231.9500,232.9500,226.5000,226.7300,201.1318,4526100
2019-09-05,230.0000,231.5100,227.5800,229.5900,203.6689,4256900
2019-09-06,230.1700,231.9600,228.5900,229.0000,203.1455,4183200
2019-09-09,229.0000,232.0000,228.5600,230.6800,204.6358,3895600
2019-09-10,231.4500,234.2900,230.8300,232.4600,206.2149,4257600
2019-09-11,232.4900,234.2500,228.5800,234.2100,207.7673,3168100
2019-09-12,235.0000,236.4000,229.7000,230.1000,204.1213,4713700
2019-09-13,232.9900,236.5600,231.5400,233.6100,208.2123,4523200
2019-09-16,232.8200,236.0500,232.1500,234.4300,208.9432,2973600
2019-09-17,233.0700,233.9900,231.1700,232.5200,207.2409,2392900
2019-09-18,230.8000,233.1300,229.2300,230.6100,205.5385,2960500
2019-09-19,232.0000,233.9500,231.2300,232.8500,207.5350,2666700
2019-09-20,234.7700,235.0000,231.9200,232.8900,207.5706,6220100
2019-09-23,229.7700,230.7800,228.3200,228.7700,203.8986,3281200
2019-09-24,229.3800,229.8400,222.9200,225.0000,200.5384,5006800
2019-09-25,224.2800,226.5000,222.1300,222.1700,198.0161,4658000
2019-09-26,223.0400,223.6300,213.4300,215.4800,192.0534,10444400
2019-09-27,218.1800,218.8800,215.0200,215.2600,191.8573,4834900
2019-09-30,213.6400,218.5300,213.1200,217.3200,193.6934,5286300
2019-10-01,219.1900,219.1900,212.0800,217.2100,193.5953,5523600
2019-10-02,216.1500,219.3600,215.2800,216.7500,193.1853,4921200
2019-10-03,215.6300,216.3600,213.0500,215.3600,191.9464,3375800
2019-10-04,216.8400,219.8600,215.1400,219.8000,195.9037,3700500
2019-10-07,219.0500,222.5300,218.9900,221.2400,197.1871,3843200
2019-10-08,219.4900,221.9800,218.4000,220.1100,196.1800,4817000
2019-10-09,221.7100,223.4700,220.1700,222.0800,197.9359,4483100
2019-10-10,218.1900,224.1300,217.5200,223.7300,199.4064,5252200
2019-10-11,225.5400,228.8500,221.5900,222.0700,197.9269,5891600
2019-10-14,221.6300,223.3400,219.9000,220.5900,196.6079,4075300
2019-10-15,232.6900,239.8400,231.0900,238.5900,212.6509,13397700
2019-10-16,236.2900,237.4800,234.0800,236.9900,211.2248,5368600
2019-10-17,238.6900,244.6100,237.2700,243.6700,217.1787,6301200
2019-10-18,244.4500,246.4100,241.7600,245.3400,218.6671,4922100
2019-10-21,245.0200,245.6000,242.1500,243.9200,217.4015,3029200
2019-10-22,243.6400,251.5000,243.1500,249.4800,222.3570,5660800
2019-10-23,248.3900,251.7500,246.7300,247.8000,220.8596,3706600
2019-10-24,248.0300,248.4900,243.9100,244.5100,217.9273,2546900
2019-10-25,243.9100,246.0800,242.1500,244.9100,218.2838,2815100
2019-10-28,245.2600,248.3900,244.9200,247.0500,220.1911,2957100
2019-10-29,247.0400,253.2000,246.3100,252.2900,224.8615,3528900
2019-10-30,252.1700,255.2800,251.9800,254.8000,227.0986,3299600
2019-10-31,254.3800,255.7200,249.9100,252.7000,225.2269,3960400
2019-11-01,253.9900,256.3300,252.1600,252.2100,224.7902,2919600
2019-11-04,253.6300,253.8300,249.9100,251.2500,223.9345,3186400
2019-11-05,253.7400,254.2700,250.0900,250.3000,223.0878,5393400
2019-11-06,249.7100,251.9900,249.0900,250.5200,223.2839,3668600
2019-11-07,251.9500,256.7500,251.2600,256.4600,228.5781,3646300
2019-11-08,256.7700,258.3400,255.0000,256.9700,229.0327,2200300
2019-11-11,255.0500,256.4600,253.3300,254.0900,226.4658,1765600
2019-11-12,253.5900,255.7600,253.4100,255.2500,227.4996,1892500
2019-11-13,254.8700,256.8800,253.1900,253.5700,226.0023,3289800
2019-11-14,253.8000,256.0800,253.4700,255.8300,228.0166,2101900
2019-11-15,256.1100,275.5700,255.3600,269.4000,240.1113,10136000
2019-11-18,269.0000,278.4500,269.0000,272.9300,243.2575,6985200
2019-11-19,275.2400,275.3600,271.5500,274.2300,244.4162,4002000
2019-11-20,272.2500,276.0300,271.2400,275.5600,245.6016,4141600
2019-11-21,275.2200,277.6800,273.9100,276.5500,246.4840,3309900
2019-11-22,276.5300,277.7700,275.0000,276.8400,246.7425,2802700
2019-11-25,277.7800,283.0000,277.0100,282.6700,251.9386,4082900
2019-11-26,280.7100,282.2500,280.1600,281.4000,250.8066,2998600
2019-11-27,281.0100,281.9300,278.6900,280.6700,250.1561,2323900
2019-11-29,278.1000,280.9200,277.3300,279.8700,249.4430,1520900
2019-12-02,281.7800,282.0000,278.5700,279.6600,249.2559,2517100
2019-12-03,276.9700,278.4200,273.8500,276.9000,246.7959,3239200
2019-12-04,281.6200,281.8400,278.6400,279.3200,248.9528,2694200
2019-12-05,279.2400,282.8200,277.4800,282.0000,251.3414,3357300
2019-12-06,282.8400,283.0400,279.1100,280.1900,250.6883,2828900
2019-12-09,280.7700,280.8700,277.4200,277.5400,248.3173,2697100
2019-12-10,277.6000,279.6000,274.0100,279.5200,250.0888,2515300
2019-12-11,278.3000,280.6600,278.0300,280.5000,250.9657,2751300
2019-12-12,281.0300,283.9900,280.0400,283.6100,253.7481,2996200
2019-12-13,284.9700,287.8100,284.1200,285.4800,255.4213,3599300
2019-12-16,287.9700,295.4400,287.0600,292.0300,261.2817,4663600
2019-12-17,291.2400,292.7800,289.1700,290.4700,259.8859,4409100
2019-12-18,291.0000,294.8600,290.9900,292.9000,262.0601,3621600
2019-12-19,295.0000,297.2000,293.6200,294.6200,263.5988,2905900
2019-12-20,298.9000,300.0000,292.5100,292.5900,261.7827,6608300
2019-12-23,293.4300,295.8500,292.8100,295.0900,264.0195,2098900
2019-12-24,295.2600,295.8300,293.5600,294.5400,263.5273,714000
2019-12-26,295.3000,296.2600,294.5400,295.6500,264.5205,1050600
2019-12-27,296.0100,296.5400,295.0100,295.9700,264.8068,1547100
2019-12-30,296.0500,296.5400,293.4500,293.8500,262.9100,1511700
2019-12-31,293.6600,294.0900,291.1500,293.9800,263.0264,2224200
2020-01-02,293.9800,295.7000,289.7900,292.5000,261.7021,2543400
2020-01-03,287.2700,291.8800,284.3600,289.5400,259.0538,2711400
2020-01-06,288.0000,291.6600,287.2200,291.5500,260.8522,3079100
2020-01-07,290.7000,291.4900,287.5800,289.7900,259.2775,2492900
2020-01-08,291.5000,297.3800,290.0400,295.9000,264.7442,3379200
2020-01-09,294.2900,297.2000,293.7200,294.2200,263.2411,2838200
2020-01-10,296.0700,296.0700,292.2100,295.1300,264.0553,2477900
2020-01-13,294.3700,294.4500,285.0200,285.8500,255.7524,6994900
2020-01-14,285.6000,288.2400,284.2500,288.2400,257.8907,6056300
2020-01-15,289.0200,299.6400,289.0000,296.4100,265.2005,6081300
2020-01-16,298.0000,300.9900,295.9300,300.7400,269.0746,3710300
2020-01-17,300.0100,300.7000,295.8800,298.4700,267.0436,4632200
2020-01-21,296.8900,302.5400,296.0100,300.5300,268.8867,4962800
2020-01-22,301.9900,302.1300,297.3500,300.5900,268.9403,3117600
2020-01-23,300.0100,300.5800,296.6500,299.4600,267.9294,3169600
2020-01-24,298.3400,299.9300,291.5600,292.8100,261.9795,3678500
2020-01-27,288.0000,288.0800,280.0700,284.0900,254.1776,4399400
2020-01-28,283.9100,288.3700,283.3000,285.8700,255.7703,4341000
2020-01-29,284.0000,286.1900,280.8900,282.9000,253.1130,3963800
2020-01-30,281.8400,281.8400,275.9200,280.9800,251.3952,4211800
2020-01-31,278.1700,278.7800,271.1800,272.4500,243.7633,5532600
2020-02-03,275.1300,276.8500,270.8200,274.0200,245.1679,5646800
2020-02-04,277.2800,283.5000,276.8800,280.8400,251.2699,4290200
2020-02-05,285.6000,297.0000,285.4400,295.7300,264.5920,5761000
2020-02-06,297.0000,297.2700,290.0000,292.4600,261.6664,3044000
2020-02-07,292.8700,293.3900,288.9100,289.2200,258.7675,3425900
2020-02-10,286.2300,289.2900,285.4500,287.0300,256.8081,3147400
2020-02-11,286.8500,291.5700,285.9000,290.7900,260.1722,2992200
2020-02-12,295.0000,305.0000,294.0100,303.4800,271.5261,6701900
2020-02-13,300.1400,305.9000,300.1400,302.2000,270.3808,3565500
2020-02-14,302.2100,303.9700,297.3100,298.7800,267.3208,2485600
2020-02-18,299.6700,303.3500,299.0000,302.1400,270.3272,3241700
2020-02-19,303.3700,306.7100,302.7300,305.3100,273.1634,3021100
2020-02-20,303.2000,304.1600,297.8900,302.1300,270.3183,2885500
2020-02-21,300.4700,302.5100,298.6100,301.4300,269.6919,2987100
2020-02-24,286.8900,288.9900,277.6400,277.7900,248.5410,8790600
2020-02-25,280.1500,281.9800,262.0100,263.3900,235.6573,8171200
2020-02-26,264.7200,269.8300,258.7100,263.0000,235.3083,6806600
2020-02-27,258.4200,262.1500,252.0700,253.9200,227.1843,7604300
2020-02-28,246.2000,257.1000,245.3000,254.9600,228.1148,9961000
2020-03-02,257.3400,273.2400,250.3200,273.1100,244.3537,8866300
2020-03-03,275.3500,280.3500,259.2300,261.4000,233.8767,9188100
2020-03-04,290.0000,295.8400,282.2100,289.4200,258.9465,14533000
2020-03-05,281.6000,289.4200,279.9400,282.9600,253.1667,5908400
2020-03-06,275.4200,284.9700,271.9000,283.8700,253.9810,5361900
2020-03-09,264.4600,281.4400,259.2400,273.4400,244.6491,8070700
2020-03-10,279.7200,283.9000,272.5000,280.0000,250.5183,7366000
2020-03-11,274.7600,285.2400,273.2600,277.7800,248.5321,7744600
2020-03-12,260.0000,272.2300,250.0000,250.4100,224.0439,10496600
2020-03-13,260.9900,273.2200,242.2700,272.0400,244.4507,9308400
2020-03-16,243.9200,245.6800,223.9500,225.0400,202.2173,10303500
2020-03-17,230.8200,248.7600,228.2900,244.2200,219.4521,9642200
2020-03-18,225.7500,231.4500,200.1900,217.0600,195.0466,12917500
2020-03-19,216.9800,226.1200,208.9400,219.8000,197.5087,8065200
2020-03-20,223.1800,232.6400,203.4600,206.5900,185.6384,9364100
2020-03-23,202.0400,205.7500,187.7200,194.8600,175.0980,10654500
2020-03-24,202.1400,220.2700,199.0000,219.8000,197.5087,8894400
2020-03-25,219.0900,247.5100,216.0000,234.4900,210.7089,10014000
2020-03-26,234.0300,257.9600,232.3000,255.3900,229.4893,7517600
2020-03-27,242.9400,251.6000,238.2400,242.4500,217.8616,4879500
2020-03-30,242.6400,254.0900,242.6400,251.2800,225.7961,5329000
2020-03-31,243.4800,254.5300,243.0000,249.3800,224.0888,5450000
2020-04-01,238.6900,246.6100,235.4400,237.3200,213.2519,4548800
2020-04-02,235.3000,242.0000,226.0300,240.4400,216.0555,4636800
2020-04-03,238.3200,239.3400,227.2700,229.4900,206.2160,4650300
2020-04-06,240.0000,249.2900,235.1200,248.3400,223.1543,6365900
2020-04-07,259.8100,266.7100,246.5400,248.0400,222.8848,4984100
2020-04-08,247.6900,269.1600,246.2600,267.8300,240.6677,6390200
2020-04-09,265.0000,270.4000,261.6000,264.1300,237.3430,4923300
2020-04-13,262.0600,264.9600,258.1800,263.5100,236.7858,2964900
2020-04-14,269.0000,273.0700,267.0000,270.5000,243.0669,4778900
2020-04-15,276.3300,282.9900,270.6800,281.6800,253.1131,7841800
2020-04-16,283.4400,300.0000,280.0100,298.4300,268.1643,7738900
2020-04-17,300.9900,304.0000,287.1000,290.5600,261.0926,5857500
2020-04-20,285.3000,289.0100,281.2700,282.1400,253.5264,4072600
2020-04-21,274.9500,280.0000,273.2500,274.1900,246.3826,3977500
2020-04-22,279.5800,283.8200,276.7100,277.0200,248.9257,3663300
2020-04-23,279.0600,288.4600,278.5400,285.3300,256.3929,4420500
2020-04-24,287.2900,291.9000,284.0000,291.2900,261.7484,3265000
2020-04-27,293.2100,296.8600,290.6300,293.9800,264.1657,3706200
2020-04-28,298.0000,298.2500,285.6200,288.3600,259.1156,3862900
2020-04-29,292.0000,292.7500,286.1000,287.6500,258.4776,4258400
2020-04-30,286.6500,295.0000,285.5200,292.4700,262.8088,7631700
2020-05-01,288.3900,289.0000,279.6000,284.5100,255.6561,3526100
2020-05-04,284.4900,287.9400,282.1100,287.5400,258.3788,2894200
2020-05-05,289.9600,296.0000,287.2900,293.0400,263.3210,2501300
2020-05-06,295.1000,297.6800,288.4400,288.7700,259.4840,2579200
2020-05-07,291.0600,292.2900,284.5200,285.0000,256.0964,3162300
2020-05-08,289.4900,290.0000,285.6600,287.0000,257.8935,3200000
2020-05-11,285.5600,290.1000,285.2600,288.6900,259.4122,3490700
2020-05-12,291.7700,293.1500,287.7000,287.7000,258.5226,4214300
2020-05-13,284.4900,286.4000,275.5600,278.0000,249.8063,5474100
2020-05-14,275.9300,292.4500,275.6400,290.6100,261.1375,5704600
2020-05-15,292.4100,300.0000,290.7200,290.9600,261.4519,12182800
2020-05-18,298.4800,299.7200,292.0200,293.3600,263.6085,4015100
2020-05-19,290.7400,294.6300,288.8800,289.0500,259.7357,3059400
2020-05-20,292.9000,292.9000,286.7000,287.9900,258.7832,3200600
2020-05-21,286.0400,290.1300,284.9300,286.9100,257.8127,3604900
2020-05-22,287.3000,290.2400,284.7900,289.9400,260.5354,2922800
2020-05-26,296.5000,297.0300,292.5000,294.8900,264.9834,4567800
2020-05-27,297.4200,303.8000,290.8000,303.7700,272.9629,5618900
2020-05-28,305.9500,309.6600,303.2900,303.9700,273.1425,4387700
2020-05-29,304.7200,308.3700,300.8500,304.8500,273.9333,6251500
2020-06-01,304.0200,305.9800,300.5600,305.9300,274.9037,2894000
2020-06-02,305.5800,308.1000,301.7300,306.3100,275.2452,2756800
2020-06-03,307.8500,310.1200,302.7400,305.3500,274.3825,4360000
2020-06-04,303.1800,304.4700,294.2900,298.0800,267.8499,4374300
2020-06-05,304.0000,314.2800,300.5000,311.8500,280.2234,5554300
2020-06-08,308.6400,315.8400,307.9300,309.4800,278.0938,4635500
2020-06-09,309.9000,312.6500,307.3300,309.2100,277.8510,3061500
2020-06-10,308.9400,310.3100,302.8600,305.7500,274.7421,3296100
2020-06-11,303.3600,303.3600,280.8000,283.7300,254.9552,6638900
2020-06-12,290.6500,294.1000,278.7000,285.1500,256.2311,5416800
2020-06-15,278.0200,287.0000,273.7100,286.2800,257.2466,4494600
2020-06-16,295.4400,297.5700,287.4400,293.0000,263.2850,4245400
2020-06-17,295.1000,295.1000,291.2300,292.6000,262.9256,2538000
2020-06-18,290.4300,291.7800,286.6000,291.4800,261.9192,2926600
2020-06-19,294.4300,296.5200,290.9100,291.2400,262.8307,5172800
2020-06-22,289.7900,293.0000,286.2600,292.6700,264.1212,2174100
2020-06-23,294.0100,299.2800,291.0700,297.6000,268.5703,4023400
2020-06-24,293.9900,297.1000,285.5700,289.1800,260.9716,3399900
2020-06-25,288.2800,296.7800,286.0600,296.2200,267.3249,3112500
2020-06-26,295.1400,296.5800,285.8200,286.8800,258.8960,5043200
2020-06-29,288.4500,292.2800,286.6200,289.7600,261.4951,2356700
2020-06-30,288.5700,296.4500,287.6600,294.9500,266.1788,2932900
2020-07-01,295.8300,300.4000,295.2400,297.7300,268.6876,2303800
2020-07-02,300.5000,303.0800,297.1800,298.2600,269.1659,1971700
2020-07-06,303.0000,303.4900,299.3300,302.8100,273.2721,2395000
2020-07-07,300.6600,303.5600,295.9500,296.6500,267.7129,2075700
2020-07-08,297.3500,300.8700,295.6800,298.3600,269.2561,1987400
2020-07-09,295.1000,298.5500,287.5000,291.1600,262.7585,3061700
2020-07-10,294.2400,294.2400,287.1000,291.2300,262.8217,2391600
2020-07-13,292.0900,304.5200,291.7700,299.7100,270.4744,4263300
2020-07-14,297.8100,309.7400,296.7100,308.5200,278.4251,4234900
2020-07-15,301.1200,310.6900,298.6600,304.0700,274.4092,5116900
2020-07-16,305.0100,310.8500,303.1600,307.1500,277.1887,3844500
2020-07-17,309.0900,310.9700,306.2500,306.5300,276.6292,3016500
2020-07-20,306.7900,308.6000,302.3800,303.4600,273.8588,2375500
2020-07-21,305.0300,307.0000,303.1100,305.1100,275.3477,2340200
2020-07-22,304.8600,306.9100,301.8100,306.7100,276.7917,1935800
2020-07-23,308.2000,308.5000,301.2700,302.9700,273.4164,2367700
2020-07-24,303.3300,304.2800,299.2300,300.7900,271.4491,2415700
2020-07-27,298.4300,302.1300,297.3700,298.6000,269.4727,2060500
2020-07-28,297.8900,301.4000,297.2100,299.9300,270.6729,2257400
2020-07-29,301.4600,309.7500,300.0000,306.6800,276.7646,2672700
2020-07-30,301.6800,306.4600,298.8900,305.2300,275.4560,2205300
2020-07-31,303.4400,303.7400,298.0500,302.7800,273.2450,3913500
2020-08-03,303.5900,304.9100,299.2000,303.6100,273.9941,2628500
2020-08-04,301.9100,308.8600,300.0700,304.5000,274.7972,3594900
2020-08-05,306.8300,312.9600,305.0200,312.4700,281.9897,2982200
2020-08-06,312.0000,316.2400,310.4000,314.0600,283.4247,3305300
2020-08-07,313.3400,319.0000,313.3400,317.0300,286.1049,2600800
2020-08-10,317.0000,320.4700,315.5800,319.1000,287.9731,2563600
2020-08-11,322.9200,324.5700,314.6600,315.5500,284.7694,3018200
2020-08-12,318.0000,323.2900,317.6400,322.2700,290.8338,2915800
2020-08-13,320.6800,321.8700,317.8400,321.5200,290.1570,2159500
2020-08-14,320.5400,323.9300,318.7300,323.7000,292.1244,1787200
2020-08-17,321.4500,323.8000,319.3500,320.5100,289.2455,2772500
2020-08-18,321.9800,322.6700,315.7100,316.8100,285.9065,2520000
2020-08-19,316.7700,319.4900,315.1800,315.4000,284.6339,2066700
2020-08-20,314.8300,315.2800,312.0100,313.3300,282.7659,2245600
2020-08-21,311.2800,315.2800,310.0900,314.1400,283.4969,2488500
2020-08-24,316.8100,316.9000,306.4900,308.8400,278.7138,2922200
2020-08-25,312.2000,312.3600,307.8000,312.2200,281.7641,1879300
2020-08-26,310.9800,311.3600,303.6100,308.8200,278.6958,3178900
2020-08-27,310.4100,314.7700,305.4900,311.6700,281.2678,2321000
2020-08-28,312.3400,315.8200,308.9700,314.3700,283.7044,2883500
2020-08-31,314.8900,319.5600,312.5400,312.5500,282.0620,4341600
2020-09-01,310.1600,314.7200,310.0000,312.8300,282.3146,2487100
2020-09-02,312.5600,321.2800,312.5600,320.2400,289.0018,2846500
2020-09-03,322.0000,323.8200,313.7300,316.2300,285.3831,3872500
2020-09-04,316.4800,317.8300,306.6300,312.0000,281.5657,2901000
2020-09-08,311.0300,311.4600,303.8300,307.2500,277.2790,2594500
2020-09-09,309.6800,315.3200,308.4200,312.0200,281.5836,2195600
2020-09-10,312.7300,314.4400,303.7200,304.6000,274.8875,2421200
2020-09-11,305.0700,306.4600,297.2900,301.4800,273.1930,3085900
2020-09-14,303.0100,311.1200,303.0100,308.5700,279.6176,1795500
2020-09-15,310.0500,311.4600,306.0500,307.2300,278.4035,1468300
2020-09-16,309.0700,312.2500,306.2000,306.5200,277.7599,3438200
2020-09-17,304.5000,307.3800,302.1100,304.9800,276.3646,2394100
2020-09-18,305.0100,310.3900,303.7700,308.0200,279.1193,3795400
2020-09-21,300.4700,300.5300,291.6600,299.1900,271.1177,4124700
2020-09-22,298.4400,300.6200,292.9200,294.2600,266.6504,3163600
2020-09-23,295.0000,296.1000,291.8300,292.1400,264.7292,3709900
2020-09-24,292.1900,294.9300,289.6400,292.6600,265.2004,2869100
2020-09-25,291.2500,303.2700,291.2200,302.5000,274.1172,2455800
2020-09-28,306.3900,310.0100,302.8300,303.2300,274.7787,2575700
2020-09-29,303.6700,305.5000,300.6800,304.1500,275.6124,1797800
2020-09-30,304.0200,314.5200,303.9900,311.7700,282.5175,3497300
2020-10-01,312.9100,315.1700,309.1500,313.0700,283.6956,2731200
2020-10-02,312.1000,317.3900,308.3600,311.9800,282.7078,2338000
2020-10-05,315.0700,318.4200,313.1200,318.1500,288.2989,1638600
2020-10-06,318.9500,320.3000,313.4900,314.4500,284.9459,2434400
2020-10-07,315.8200,324.7400,315.8200,323.1700,292.8477,2596600
2020-10-08,323.4300,325.3500,320.9900,322.4100,292.1592,2056700
2020-10-09,324.6600,328.1700,323.9200,327.8400,297.0796,2028900
2020-10-12,329.1200,333.5600,329.0100,329.9700,299.0098,2424200
2020-10-13,328.5000,333.7000,327.7100,331.4200,300.3238,2713500
2020-10-14,322.0700,330.5700,320.2000,321.8500,291.6517,4455400
2020-10-15,318.8500,326.9700,316.3300,324.5700,294.1165,3172200
2020-10-16,325.4600,332.3500,324.7300,329.9000,298.9463,3293300
2020-10-19,328.5400,330.7800,322.0600,324.2200,293.7993,2482100
2020-10-20,326.6200,328.6200,323.2800,323.4100,293.0653,1988600
2020-10-21,323.4100,326.4900,322.1800,322.7900,292.5035,2139000
2020-10-22,322.3200,328.0600,322.2500,325.7300,295.1676,2100600
2020-10-23,329.1600,335.6500,328.1300,330.6000,299.5807,2349500
2020-10-26,326.3200,327.7500,318.5400,323.0600,292.7481,2408500
2020-10-27,323.0600,323.5000,319.4300,320.5100,290.4374,2427700
2020-10-28,313.3300,317.8100,307.4400,308.0000,279.1012,3301400
2020-10-29,306.5900,309.4800,301.4600,303.6800,275.1865,3279200
2020-10-30,303.2300,307.1700,299.6000,305.1400,276.5095,3556800
2020-11-02,312.6400,312.6400,307.3600,312.1000,282.8165,4519000
2020-11-03,317.4700,326.4400,315.0200,321.3500,291.1986,4043900
2020-11-04,345.2300,360.4400,341.1400,354.5600,321.2925,10344900
2020-11-05,358.0700,360.9800,349.6800,354.4000,321.1475,4786500
2020-11-06,350.3600,352.0000,344.5700,347.4600,314.8588,2994900
2020-11-09,366.3100,367.9500,348.9800,350.0000,317.1604,4635300
2020-11-10,349.4900,355.9000,348.1700,353.6900,320.5042,3733200
2020-11-11,356.1600,356.8100,349.4100,351.7000,318.7008,2048200
2020-11-12,351.4000,360.5200,349.7500,354.4100,321.1567,2907300
2020-11-13,356.8600,357.9400,352.7900,355.6700,322.2984,2442100
2020-11-16,358.9500,359.5800,351.0100,356.8200,323.3405,2790100
2020-11-17,352.3900,353.3600,347.5000,352.1000,319.0634,2557600
2020-11-18,353.4300,354.0500,343.0900,344.5100,312.1855,2722500
2020-11-19,342.2900,343.0700,334.3300,337.0000,305.3802,3935600
2020-11-20,335.0000,337.6600,331.7100,334.7000,303.2960,3702000
2020-11-23,335.5500,336.2600,331.5900,335.0600,303.6222,2535700
2020-11-24,336.1800,340.0000,334.4300,336.0100,304.4831,3759700
2020-11-25,338.8200,338.8200,329.1400,333.1900,301.9276,3145100
2020-11-27,333.5300,338.9000,331.8400,337.9400,306.2320,1558600
2020-11-30,335.1100,337.9400,330.2900,336.3400,304.7821,5265700
2020-12-01,344.7700,354.1000,339.9300,341.1900,309.1770,3817700
2020-12-02,341.7700,351.8300,341.5000,347.5600,314.9494,2864300
2020-12-03,347.9000,352.7700,346.4900,348.6800,315.9643,4169200
2020-12-04,346.0000,351.4700,345.7500,349.8900,318.2015,3255100
2020-12-07,348.7200,349.8900,345.2200,347.8600,316.3553,2999400
2020-12-08,344.7500,349.9000,344.0800,347.8600,316.3553,2471200
2020-12-09,348.8900,349.4100,341.6100,344.4100,313.2177,2600400
2020-12-10,345.1600,345.4600,339.2600,339.6500,308.8888,2896900
2020-12-11,338.1300,338.8800,334.3300,337.0700,306.5425,3071700
2020-12-14,340.0300,343.2300,335.8600,336.1300,305.6877,2479000
2020-12-15,339.1400,341.0100,337.0400,339.6700,308.9070,2616500
2020-12-16,336.8300,341.6600,334.2600,339.3400,308.6069,2365600
2020-12-17,339.8100,342.6000,337.3100,341.6700,310.7260,2525700
2020-12-18,342.5200,342.6100,334.0000,338.3800,307.7340,8742700
2020-12-21,332.0700,336.9500,329.4000,336.0800,305.6422,2892700
2020-12-22,335.1600,336.9800,333.4700,335.0100,304.6691,2069700
2020-12-23,336.4900,341.6500,336.0300,337.5900,307.0154,2348100
2020-12-24,336.4400,341.4100,336.4400,340.7900,309.9256,1360600
2020-12-28,343.2100,347.7900,343.0600,345.9500,314.6183,2308200
2020-12-29,347.9900,351.2900,345.0000,347.3500,315.8915,2275700
2020-12-30,347.0800,349.0100,344.4700,344.9900,313.7452,1866000
2020-12-31,345.0400,351.0900,344.0500,350.6800,318.9199,1969000
2021-01-04,351.4500,352.0800,340.3800,349.5000,317.8468,4203800
2021-01-05,348.6900,351.3600,344.4800,344.8000,313.5724,3160500
2021-01-06,337.1100,359.4900,335.1100,359.2700,326.7319,6561400
2021-01-07,358.5400,366.4500,357.9200,365.0300,331.9704,3366700
2021-01-08,367.0000,367.4900,358.7600,363.3900,330.4789,2947800
2021-01-11,362.6200,364.2900,359.1900,360.7500,328.0779,2695100
2021-01-12,357.9400,360.0800,355.2300,357.3700,325.0040,2372500
2021-01-13,356.0400,356.8100,351.2300,355.0400,322.8851,1974500
2021-01-14,356.8500,358.8100,350.4200,350.5300,318.7835,2919900
2021-01-15,349.1200,353.0500,345.7400,351.3000,319.4837,3777000
2021-01-19,356.2100,356.9600,351.5600,352.1900,320.2932,3361300
2021-01-20,351.8800,352.0800,345.8300,350.8400,319.0654,3036800
2021-01-21,350.8100,360.8900,350.7400,355.0000,322.8487,3749800
2021-01-22,353.3100,354.6200,347.5400,347.5500,316.0734,2585100
2021-01-25,347.1500,350.3900,344.6000,347.8100,316.3098,2506300
2021-01-26,350.5100,351.5100,342.5700,343.1100,312.0355,2467500
2021-01-27,337.0400,338.0000,329.0100,332.9900,302.8320,4770900
2021-01-28,336.6400,346.5800,334.5100,338.1500,307.5248,2769900
2021-01-29,336.5300,339.0200,330.6300,333.5800,303.3686,3899200
2021-02-01,335.0300,338.1500,332.7400,334.0000,303.7506,3020200
2021-02-02,337.1000,344.6400,337.1000,338.7200,308.0431,2663700
2021-02-03,338.0000,340.1600,334.6000,337.8900,307.2883,2537100
2021-02-04,332.3200,335.2900,328.3900,329.3200,299.4944,5962200
2021-02-05,332.1100,333.4800,323.4800,324.5100,295.1201,7227900
2021-02-08,327.0100,327.0200,323.8100,324.3400,294.9655,4758200
2021-02-09,323.9000,331.0400,321.7100,329.6300,299.7763,4096900
2021-02-10,332.6600,335.7600,329.7700,333.4000,303.2050,4122700
2021-02-11,335.0000,336.6500,331.5000,333.0700,302.9048,2776700
2021-02-12,331.6800,332.4000,327.8800,328.2400,298.5122,2760800
2021-02-16,327.3600,329.8400,322.4800,324.6200,295.2201,4339000
2021-02-17,323.4600,328.6000,322.2400,326.8600,297.2573,2620000
2021-02-18,325.9000,329.5800,325.2000,328.4100,298.6669,2383500
2021-02-19,328.7500,328.8500,324.1100,324.5800,295.1837,2313800
2021-02-22,321.5000,329.0500,320.3500,327.6400,297.9666,2688300
2021-02-23,329.9900,333.9400,326.6400,329.5100,299.6673,3225700
2021-02-24,328.4900,333.6000,326.0400,332.2100,302.1227,3360500
2021-02-25,331.0000,333.6000,327.3600,328.8700,299.0852,2780100
2021-02-26,330.5500,337.9100,329.8500,332.2200,302.1319,5430000
2021-03-01,334.3600,338.9100,333.6800,334.6500,304.3417,4198900
2021-03-02,335.0000,337.6700,333.8900,334.6400,304.3326,2568900
2021-03-03,333.3200,338.1600,332.7800,332.8700,302.7229,3039700
2021-03-04,334.1700,340.8400,332.6700,333.8100,303.5778,4991600
2021-03-05,335.0300,348.2900,335.0200,347.1000,315.6641,4563100
2021-03-08,347.0100,354.0000,345.6000,350.1700,318.4561,3419900
2021-03-09,352.9200,361.2500,351.3400,351.9800,320.1022,4277600
2021-03-10,353.9100,354.4800,348.5000,349.6000,317.9377,3012300
2021-03-11,350.7600,355.9700,349.8700,353.1000,321.1207,2520500
2021-03-12,353.1700,356.8200,351.9900,356.0200,324.9265,2088700
2021-03-15,356.9200,357.9400,351.5500,353.8800,322.9735,2343400
2021-03-16,353.5300,355.3600,351.9100,354.6000,323.6306,2904200
2021-03-17,355.1700,358.0700,351.8300,352.1800,321.4220,2633100
2021-03-18,352.8700,364.3200,352.3400,362.0500,330.4299,3311600
2021-03-19,361.9200,370.4600,359.0100,365.5800,333.6516,8572900
2021-03-22,365.0000,368.5800,360.1100,366.8600,334.8198,3505200
2021-03-23,368.8500,371.5400,367.2200,368.5000,336.3165,3100100
2021-03-24,366.0500,373.8000,365.5100,370.6000,338.2332,3407800
2021-03-25,370.6000,372.1100,363.3900,371.0900,338.6804,3021500
2021-03-26,371.6800,377.0600,370.2900,376.4800,343.5996,2959800
2021-03-29,376.3600,380.5000,374.9900,379.0600,345.9543,2740400
2021-03-30,377.5500,379.8800,371.8000,373.5600,340.9347,3066000
2021-03-31,372.8000,377.0000,371.8000,372.0700,339.5747,3356500
2021-04-01,372.2000,372.6900,365.7600,367.0700,335.0115,2977700
2021-04-05,369.6200,372.6300,367.6400,370.1800,337.8498,2709400
2021-04-06,368.7800,369.7900,362.7200,364.3700,332.5473,2698600
2021-04-07,364.1900,365.8800,360.5500,365.6400,333.7064,2158900
2021-04-08,363.1100,366.9100,363.1100,364.8900,333.0219,2426700
2021-04-09,368.3500,376.6100,367.0000,376.3000,343.4354,2483200
2021-04-12,374.4800,379.8300,374.0300,376.2800,343.4171,3057300
2021-04-13,376.2500,379.3100,374.3300,374.5000,341.7927,2652300
2021-04-14,375.3400,378.0100,374.5800,375.6300,342.8239,2805600
2021-04-15,380.0000,392.3600,380.0000,390.0100,355.9480,4488300
2021-04-16,393.9200,393.9200,385.4600,391.0100,356.8607,4532400
2021-04-19,390.0000,393.3900,388.4700,389.8400,355.7928,2965400
2021-04-20,389.8600,397.8800,389.4200,396.5300,361.8986,3348100
2021-04-21,398.8600,401.4800,395.4400,398.8100,363.9794,2473300
2021-04-22,398.4400,398.7600,393.1900,396.5400,361.9077,2718600
2021-04-23,395.6200,401.9900,394.5000,400.3100,365.3484,2263200
2021-04-26,399.8100,400.0000,395.2100,395.8600,361.2870,1642300
2021-04-27,394.6600,396.3300,392.3000,394.5000,360.0459,1758500
2021-04-28,395.1800,396.9900,393.3000,394.5900,360.1281,1886500
2021-04-29,396.7500,402.1600,396.3000,401.5500,366.4801,1996500
2021-04-30,401.0000,401.8600,398.3500,398.8000,363.9703,2328100
2021-05-03,401.0000,406.7700,400.5300,405.9000,370.4502,2568500
2021-05-04,405.4800,412.4700,403.5000,411.3400,375.4151,3237200
2021-05-05,410.5000,412.7500,406.8000,412.5000,376.4738,2767600
2021-05-06,413.0000,416.8500,412.5600,414.9700,378.7281,3058700
2021-05-07,415.0000,419.0200,414.0700,417.6500,381.1741,1851000
2021-05-10,419.2700,425.9800,418.2200,420.8900,384.1310,2489300
2021-05-11,421.0000,422.2900,410.6100,411.7000,375.7437,3024000
2021-05-12,409.2900,410.8500,404.6800,405.3700,369.9665,2888100
2021-05-13,406.2800,413.1800,404.3200,408.5600,372.8779,2637500
2021-05-14,410.9900,412.5900,408.5000,409.8000,374.0096,2072900
2021-05-17,409.3100,412.5100,408.5700,408.6300,372.9418,1583900
2021-05-18,409.6900,412.9600,406.2700,410.3800,374.5390,2694800
2021-05-19,409.4900,410.7200,404.2500,409.5000,373.7358,2783100
2021-05-20,409.5300,413.8300,408.3200,408.6400,372.9510,2105800
2021-05-21,410.7600,418.6300,409.4600,411.6300,375.6798,4295400
2021-05-24,412.3700,413.9000,409.9200,410.9500,375.0592,1883600
2021-05-25,411.8500,413.8600,408.8900,413.0500,376.9757,2285600
2021-05-26,412.1000,415.3000,411.0100,413.2100,377.1218,1903900
2021-05-27,414.9200,415.1100,410.3800,412.7000,376.6563,2041800
2021-05-28,412.7000,415.4700,410.0200,411.9200,375.9444,2367900
2021-06-01,413.7300,413.7300,406.1600,406.7200,371.1986,2199600
2021-06-02,409.1400,409.1400,404.5500,405.8500,370.4046,2232900
2021-06-03,403.5000,409.7600,402.8400,407.9600,372.3303,2281200
2021-06-04,410.9600,411.0000,404.6500,405.6400,370.2129,2990900
2021-06-07,406.9600,407.2100,398.6900,400.2500,365.2937,3353800
2021-06-08,400.7200,402.7500,398.7500,401.7400,366.6536,3051300
2021-06-09,403.3300,405.7800,400.5300,401.1000,366.0695,1925700
2021-06-10,401.9100,402.8500,398.4700,401.4900,366.4254,4033600
2021-06-11,403.3500,403.3600,394.7800,397.8900,363.1398,3094300
2021-06-14,397.3000,399.4700,395.1300,399.1600,364.2989,2674900
2021-06-15,399.9600,401.5000,396.4700,400.2800,365.3210,2845800
2021-06-16,401.1000,403.1500,396.6700,397.2500,362.5557,3330800
2021-06-17,396.0000,398.0700,394.6100,397.3500,362.6470,3532000
2021-06-18,387.2800,392.6600,387.2500,389.3700,356.6654,5521400
2021-06-21,389.3700,399.2000,389.2200,398.0700,364.6347,3839300
2021-06-22,400.6100,400.6500,397.8200,398.6900,365.2025,3964600
2021-06-23,397.8200,399.0000,395.2700,395.5600,362.3355,2942100
2021-06-24,398.3200,402.1600,396.8400,398.8700,365.3675,3309100
2021-06-25,400.1000,409.9800,399.0200,404.9500,370.9369,16928900
2021-06-28,404.9500,404.9900,397.9300,401.4600,367.7399,3193300
2021-06-29,401.9700,403.2000,397.4800,398.1000,364.6622,2458800
2021-06-30,397.5400,401.4000,396.8000,400.4400,366.8056,2875600
2021-07-01,402.0300,405.2100,401.8100,404.8900,370.8818,2678100
2021-07-02,405.0900,409.8700,403.8800,409.3600,374.9764,1982400
2021-07-06,408.6700,411.1600,405.7100,410.2600,375.8008,2615300
2021-07-07,410.3500,412.1800,407.2000,411.6600,377.0833,2270400
2021-07-08,408.6100,410.8300,405.0800,409.9500,375.5168,2032300
2021-07-09,412.5300,413.2500,410.6400,412.1100,377.4954,2078900
2021-07-12,411.0200,416.4000,410.3100,416.0400,381.0953,2802600
2021-07-13,416.3800,419.6900,415.7100,418.5400,383.3854,2948900
2021-07-14,420.7700,422.5300,413.3500,414.7400,379.9046,3538700
2021-07-15,411.9100,421.7300,407.2000,420.0500,384.7685,3546500
2021-07-16,421.3600,422.2900,417.6400,419.7000,384.4480,2625400
2021-07-19,417.2400,419.5300,406.8100,409.0600,374.7016,3611300
2021-07-20,411.0000,417.7300,410.6100,412.9700,378.2832,3186700
2021-07-21,417.0600,417.2300,410.8300,414.6400,379.8128,1863700
2021-07-22,416.0200,416.8300,413.7300,415.7700,380.8479,1421900
2021-07-23,417.9000,419.3400,415.9900,417.7000,382.6158,1611700
2021-07-26,416.8300,417.6700,410.9000,413.5400,378.8052,2232600
2021-07-27,412.0000,415.2600,409.4600,415.1000,380.2342,2630600
2021-07-28,414.4900,414.4900,406.8000,409.1700,374.8024,2446600
2021-07-29,411.2800,412.5800,408.4200,412.0800,377.4679,1597300
2021-07-30,410.7600,413.7700,410.2500,412.2200,377.5961,1864200
2021-08-02,413.5700,416.4400,412.8100,415.5700,380.6648,1806500
2021-08-03,415.8200,422.1400,415.0800,421.9000,386.4631,2496500
2021-08-04,422.0500,423.6600,419.7100,421.5400,386.1334,1995400
2021-08-05,422.0600,422.2500,407.8900,411.1900,376.6527,3598600
2021-08-06,412.0100,416.7700,412.0100,415.1200,380.2527,1944000
2021-08-09,414.9500,416.2300,410.3500,410.8700,376.3596,1509800
2021-08-10,410.5100,413.6500,408.5700,411.7800,377.1931,1441800
2021-08-11,413.0300,413.9300,407.5100,407.7400,373.4925,1542600
2021-08-12,407.0000,408.7300,404.3000,405.9600,371.8620,1939900
2021-08-13,407.0800,410.0500,405.9200,409.6700,375.2603,1537800
2021-08-16,409.8400,417.4200,407.3300,417.2100,382.1670,2377500
2021-08-17,417.1000,422.5000,416.6300,421.7800,386.3532,2258000
2021-08-18,421.3500,421.5900,417.0900,417.3200,382.2678,3037000
2021-08-19,415.3800,428.3500,412.4000,427.8900,391.9500,3204500
2021-08-20,428.3500,431.3600,426.9100,429.7100,393.6171,2401900
2021-08-23,430.5600,430.5600,424.9000,425.3600,389.6325,2375900
2021-08-24,425.5200,425.9400,421.7200,423.4100,387.8463,1619300
2021-08-25,421.8500,423.6200,419.4500,419.7400,384.4845,1939000
2021-08-26,419.7700,421.3900,416.6300,416.8500,381.8373,1385400
2021-08-27,418.0100,420.3500,416.1200,418.7600,383.5868,1621600
2021-08-30,418.7600,420.5700,417.8900,418.3000,383.1655,1284200
2021-08-31,417.0000,420.7400,414.2200,416.2700,381.3060,4249100
2021-09-01,416.5400,419.8700,411.2400,417.3500,382.2953,2034400
2021-09-02,419.1600,424.4000,418.2400,423.7100,388.1211,3137400
2021-09-03,421.9300,424.0000,420.6100,422.8600,387.3425,1604800
2021-09-07,420.3000,422.2600,417.5800,421.2400,385.8585,1920300
2021-09-08,421.1900,422.8700,414.2000,415.3900,380.4999,2262500
2021-09-09,415.3400,420.2200,413.9300,414.5500,379.7304,3508500
2021-09-10,415.5600,416.0000,402.5900,403.9100,371.2828,4215800
2021-09-13,407.9800,416.8100,406.4500,414.5200,381.0357,3068200
2021-09-14,417.5900,417.5900,411.3700,412.5400,379.2157,2879800
2021-09-15,412.5200,421.4200,409.5000,417.5200,383.7934,3180600
2021-09-16,419.6700,423.4000,414.9600,416.8400,383.1683,2262700
2021-09-17,414.9700,421.0900,414.9700,420.1600,386.2202,4534200
2021-09-20,416.9200,419.3000,408.7200,412.7000,379.3628,2799800
2021-09-21,415.0100,418.7800,412.2100,412.3400,379.0319,2382200
2021-09-22,404.9400,412.0000,404.9400,408.7000,375.6859,3629400
2021-09-23,409.8000,414.8500,407.5100,408.0300,375.0700,2681600
2021-09-24,406.9400,407.8900,405.2300,407.0800,374.1968,1950400
2021-09-27,407.8300,412.1500,404.9600,405.2700,372.5330,2608600
2021-09-28,402.6000,404.0000,397.0200,398.6200,366.4202,3115400
2021-09-29,397.0000,401.8500,395.8000,400.4100,368.0655,2056300
2021-09-30,401.4900,403.4900,390.4600,390.7400,359.1767,3779900
2021-10-01,391.6000,393.6900,383.1200,392.4300,360.7301,3146600
2021-10-04,391.6200,395.1500,384.7600,387.0100,355.7480,3074800
2021-10-05,389.3400,396.0100,389.2400,393.4300,361.6494,3269400
2021-10-06,390.7500,394.7800,385.8400,394.2500,362.4031,2809200
2021-10-07,396.7600,408.1700,396.7100,404.7000,372.0090,2813700
2021-10-08,406.4100,409.1200,402.6400,408.4600,375.4653,2012200
2021-10-11,408.0000,411.2200,404.2100,404.9900,372.2755,2164200
2021-10-12,405.1100,408.3800,402.3100,403.2400,370.6669,2415700
2021-10-13,403.3400,405.3100,398.1100,403.5500,370.9519,3021800
2021-10-14,425.6600,433.5000,417.8000,420.3600,386.4040,6038800
2021-10-15,422.0500,430.4900,421.5000,428.0700,393.4912,3312000
2021-10-18,428.0000,428.0000,423.8400,424.6200,390.3199,2232800
2021-10-19,426.8300,427.8200,423.4000,424.3800,390.0993,1616800
2021-10-20,427.0000,435.5300,426.8400,435.0900,399.9441,2764000
2021-10-21,435.5000,442.5000,435.0800,442.2800,406.5534,2465100
2021-10-22,440.8400,449.2900,440.4600,449.1600,412.8776,2736200
2021-10-25,450.0000,452.6400,446.4400,449.4900,413.1810,3553500
2021-10-26,450.4900,457.7100,447.5900,454.6400,417.9150,3103900
2021-10-27,454.6400,460.4400,453.4800,453.4800,416.8486,3520400
2021-10-28,453.0000,457.9000,452.5200,455.4400,418.6504,1672600
2021-10-29,454.4100,461.3900,453.0600,460.4700,423.2740,2497800
2021-11-01,461.8200,465.7600,451.1800,454.1100,417.4278,2203100
2021-11-02,456.2600,456.4400,450.3800,452.0400,415.5250,2600000
2021-11-03,450.4200,457.5200,447.0400,457.3300,420.3877,2438200
2021-11-04,457.6000,458.5100,452.1600,456.7600,419.8637,2517300
2021-11-05,457.8300,461.5200,454.5800,455.8100,418.9904,2905000
2021-11-08,456.8500,464.1900,454.3100,462.6200,425.2504,2279900
2021-11-09,462.6200,464.4700,460.2900,464.3500,426.8406,2657800
2021-11-10,465.3900,466.0000,456.6300,459.9000,422.7500,2818200
2021-11-11,460.0000,460.8500,455.4400,457.3900,420.4428,2246800
2021-11-12,460.6700,461.0000,457.0800,458.9900,421.9136,2609500
2021-11-15,458.0000,458.2100,450.5000,450.8000,414.3851,2849600
2021-11-16,452.9900,458.3500,449.3700,449.6200,413.3004,3383800
2021-11-17,450.3900,453.9600,448.7300,448.9500,412.6846,2281500
2021-11-18,448.7300,452.8100,447.1100,449.4700,413.1625,2073800
2021-11-19,448.1300,449.4500,439.5000,440.0000,404.4576,3536100
2021-11-22,442.8200,443.7500,437.3900,437.5400,402.1963,2598700
2021-11-23,436.0100,447.5200,436.0000,447.1300,411.0117,2857000
2021-11-24,446.6400,450.9800,445.6400,450.1600,413.7968,2248800
2021-11-26,444.9200,448.1800,438.2100,439.9100,404.3748,2480600
2021-11-29,443.5600,453.0800,440.5500,452.0000,415.4882,4079700
2021-11-30,447.0600,451.3500,441.2500,444.2200,408.3367,7435400
2021-12-01,452.8900,455.9200,444.1400,444.3400,408.4469,4325500
2021-12-02,443.1500,447.8900,439.2200,446.0200,409.9912,4738700
2021-12-03,447.7700,454.4400,445.1700,449.3200,414.3718,3038300
2021-12-06,452.1500,461.7800,451.5200,460.1100,424.3225,4721500
2021-12-07,462.7500,465.7500,460.2300,464.7300,428.5832,3105200
2021-12-08,466.0900,470.1700,462.4900,468.8600,432.3920,3228300
2021-12-09,468.5300,474.4800,467.3600,473.3200,436.5050,2977400
2021-12-10,472.0000,478.4800,471.0100,478.2300,441.0331,2572300
2021-12-13,477.0200,480.2600,474.0100,478.1400,440.9502,2724800
2021-12-14,479.7500,483.0400,477.1800,479.4600,442.1674,3018000
2021-12-15,480.6000,495.4000,480.1400,494.3800,455.9270,4188600
2021-12-16,494.0100,496.9600,490.1100,492.8600,454.5252,4080800
2021-12-17,491.4200,493.1300,486.3800,487.1200,449.2317,5707200
2021-12-20,482.0000,485.0100,475.2600,483.7300,446.1054,3145600
2021-12-21,487.0200,489.0000,482.2000,487.2100,449.3147,2536000
2021-12-22,487.1500,495.4500,485.9000,494.1300,455.6964,1687500
2021-12-23,495.0000,498.1500,492.8100,495.3800,456.8492,1706500
2021-12-27,498.6800,500.3000,496.6400,499.5000,460.6488,1349400
2021-12-28,502.0000,505.3200,500.4000,502.9400,463.8212,1495500
2021-12-29,504.7800,507.2200,502.0000,505.5800,466.2558,1573900
2021-12-30,507.9300,509.2300,503.6500,504.4300,465.1953,1309800
2021-12-31,504.1400,506.8700,502.0400,502.1400,463.0834,1695400
2022-01-03,500.0000,502.9000,493.0500,502.2800,463.2126,3033600
2022-01-04,503.2000,503.7500,490.8800,490.9000,452.7177,3908100
2022-01-05,494.7700,497.0000,489.6900,489.6900,451.6018,3921100
2022-01-06,480.0000,484.1400,463.1200,469.6500,433.1205,6555200
2022-01-07,467.6900,467.9700,455.5500,458.6000,422.9299,5494200
2022-01-10,456.0000,465.8600,454.4400,465.0000,428.8322,5831800
2022-01-11,467.2000,470.4500,460.6700,469.0000,432.5210,3332800
2022-01-12,468.9700,475.3200,466.3400,473.7200,436.8739,3502300
2022-01-13,475.8900,476.5500,465.9800,467.4300,431.0732,3005300
2022-01-14,469.8900,473.1700,465.0800,468.6900,432.2351,3665400
2022-01-18,465.1700,465.7100,458.3500,460.9900,425.1341,3938800
2022-01-19,468.0000,475.4900,461.5100,462.5200,426.5450,4030900
2022-01-20,464.3800,471.6300,462.0000,463.0000,426.9877,3228600
2022-01-21,463.5000,470.7900,461.0700,461.1700,425.3001,4273200
2022-01-24,458.0700,464.1400,448.1300,462.2700,426.3145,4780700
2022-01-25,454.0700,459.4900,447.2700,456.8400,421.3069,3428900
2022-01-26,458.4500,463.8800,453.4500,458.4300,422.7732,4435900
2022-01-27,458.0800,468.6800,457.0100,461.6000,425.6967,3508100
2022-01-28,461.4000,466.2800,455.0800,466.0600,429.8097,3364400
2022-01-31,465.0000,473.1800,464.4000,472.5700,435.8134,3500500
2022-02-01,475.0000,475.0000,462.7500,468.4100,431.9769,3148600
2022-02-02,469.0600,481.9800,469.0600,479.7800,442.4626,3026800
2022-02-03,498.6500,500.1800,483.5700,488.7700,450.7534,4370900
2022-02-04,481.7500,489.6300,480.1900,483.1700,445.5889,3066400
2022-02-07,484.9100,487.2600,481.3000,483.7000,446.0777,2937200
2022-02-08,481.3500,495.6700,481.3500,493.4100,455.0324,3534700
2022-02-09,497.0000,500.9300,496.2900,498.1000,459.3577,2818100
2022-02-10,492.2400,494.2200,485.0700,486.7200,448.8628,2626100
2022-02-11,484.6800,490.4300,476.4400,478.1300,440.9409,2493800
2022-02-14,475.1100,477.7400,469.3300,474.4000,437.5011,2549500
2022-02-15,475.9400,481.1700,475.2000,478.2300,441.0331,3001000
2022-02-16,475.5000,481.7300,471.4000,480.0500,442.7116,2651800
2022-02-17,478.1700,479.2900,468.8900,470.3400,433.7568,2403100
2022-02-18,470.2500,474.9200,466.8300,467.8100,431.4236,2992300
2022-02-22,463.8300,467.1900,457.8200,462.5100,426.5359,3029800
2022-02-23,467.1900,467.7200,458.8400,459.6200,423.8706,2840300
2022-02-24,449.5200,456.5900,445.7400,455.8900,420.4308,3933000
2022-02-25,456.6500,475.7800,456.2300,475.7500,438.7460,3314400
2022-02-28,465.8500,477.3100,465.6100,475.8700,438.8568,3918300
2022-03-01,470.8900,476.9600,467.7300,476.2500,439.2072,2917600
2022-03-02,478.1900,487.1700,477.8900,485.3800,447.6270,3675900
2022-03-03,486.0000,491.3800,482.2200,486.5900,448.7429,3139400
2022-03-04,480.6900,499.6600,477.4900,498.6500,459.8649,4170100
2022-03-07,500.0000,500.0000,483.0200,486.8700,449.0012,4123300
2022-03-08,478.8000,484.4900,471.5200,473.4600,436.6341,3849500
2022-03-09,482.5800,487.7200,473.5900,485.5700,447.8023,3115500
2022-03-10,479.3300,493.7100,477.8300,491.4400,453.2157,2834800
2022-03-11,487.8300,493.8000,482.5100,482.8700,446.6301,2615000
2022-03-14,490.4000,495.5900,485.2800,487.9200,451.3010,2704100
2022-03-15,490.0000,499.9400,487.3100,497.9100,460.5413,3043000
2022-03-16,499.8300,505.5000,490.0100,498.2600,460.8650,3497100
2022-03-17,496.0000,507.1200,495.1800,507.0200,468.9676,2357200
2022-03-18,508.7400,510.6800,501.5600,506.1200,468.1350,5065600
2022-03-21,505.0100,513.0000,504.3600,507.6600,469.5596,2617700
2022-03-22,509.2700,511.8500,504.8400,505.3200,467.3951,2752500
2022-03-23,502.2700,507.0600,501.3300,503.2300,465.4620,2753200
2022-03-24,505.0000,515.7800,503.8600,513.4600,474.9242,2789200
2022-03-25,514.1900,516.5300,509.2400,513.0300,474.5265,2551100
2022-03-28,514.3200,517.1400,508.8100,513.2000,474.6837,2643000
2022-03-29,517.1000,519.5900,507.3000,510.7300,472.3991,3478400
2022-03-30,515.1100,521.2000,512.4800,520.8200,481.7318,3041200
2022-03-31,517.1000,521.8900,509.6700,509.9700,471.6961,3979700
2022-04-01,510.6800,514.7800,506.6000,512.5900,474.1195,2344100
2022-04-04,512.2100,512.4800,504.5300,510.0200,471.7424,2657500
2022-04-05,510.0000,524.7300,508.0000,517.7600,478.9015,3268600
2022-04-06,518.2200,533.5200,518.0000,531.7500,491.8416,3955600
2022-04-07,530.0000,538.2800,528.3900,536.9500,496.6513,2867000
2022-04-08,539.0000,548.9700,538.1000,545.9600,504.9850,3986700
2022-04-11,543.6000,547.6100,536.6400,537.4400,497.1045,3574000
2022-04-12,535.4100,540.7300,530.7800,533.7100,493.6544,3575700
2022-04-13,533.3200,538.2800,528.6200,537.0000,496.6976,3012000
2022-04-14,538.5000,553.2900,534.0700,534.8200,494.6812,4211300
2022-04-18,537.9000,541.0000,530.3800,534.0800,493.9967,2087100
2022-04-19,535.8900,542.4800,535.2400,537.7000,497.3451,2207600
2022-04-20,542.1400,548.3600,539.0000,546.0100,505.0313,2986300
2022-04-21,545.5000,548.0000,536.0300,537.4400,497.1045,2539900
2022-04-22,532.0600,533.3500,520.1800,520.9400,481.8428,3453300
2022-04-25,520.4000,526.2600,511.7300,524.2700,484.9230,3030400
2022-04-26,524.2400,526.2600,513.5100,513.7800,475.2202,2895300
2022-04-27,514.9100,520.9000,509.8200,513.8100,475.2479,3353700
2022-04-28,516.7600,526.2800,513.1700,524.4200,485.0616,2582700
2022-04-29,518.8500,519.9000,506.9600,508.5500,470.3827,2873200
2022-05-02,510.8100,513.5100,493.3400,501.1500,463.5381,3184300
2022-05-03,501.1300,505.5200,497.4800,499.6200,462.1229,2763400
2022-05-04,499.5000,509.7700,493.0900,507.6200,469.5226,4002600
2022-05-05,507.2100,510.6700,489.2300,494.7200,457.5907,3359700
2022-05-06,485.0100,501.5700,485.0000,499.6200,462.1229,3260300
2022-05-09,490.4000,494.6300,484.4300,486.4200,449.9136,3862700
2022-05-10,493.8100,496.3500,481.1200,488.0100,451.3843,4275500
2022-05-11,484.3900,500.5200,484.3900,486.1500,449.6639,3936300
2022-05-12,486.1000,486.8900,471.4200,478.8000,442.8654,3997600
2022-05-13,480.9800,487.0000,475.8100,485.4000,448.9701,2453400
2022-05-16,485.4100,495.5600,484.1500,489.2200,452.5034,2338800
2022-05-17,494.0000,494.7200,488.4600,492.5300,455.5651,2289000
2022-05-18,488.2600,489.2100,468.3600,471.3800,436.0024,3240500
2022-05-19,464.3200,481.5800,463.3300,478.5500,442.6342,3813800
2022-05-20,481.3800,487.4700,472.3100,485.7300,449.2754,3068200
2022-05-23,486.2900,495.7400,486.2900,492.0800,455.1488,2279800
2022-05-24,490.7900,498.0800,488.6600,497.5600,460.2176,2658100
2022-05-25,498.5200,502.3100,491.2600,498.0900,460.7078,3161600
2022-05-26,501.7400,507.2600,499.4100,502.2300,464.5370,2705800
2022-05-27,491.0000,507.1100,489.3900,507.1100,469.0508,3349100
2022-05-31,503.6200,504.1100,495.6600,496.7800,459.4961,4003100
2022-06-01,498.3200,501.3800,487.7800,492.5500,455.5836,1765900
2022-06-02,494.0000,496.1500,482.9700,492.2600,455.3153,2093500
2022-06-03,488.3300,491.6700,484.9000,485.6100,449.1643,1756900
2022-06-06,489.4300,493.6300,486.2900,490.1800,453.3914,1781500
2022-06-07,489.5000,497.6100,487.1200,497.1000,459.7921,2341900
2022-06-08,494.0000,497.9000,488.5500,493.5300,456.4900,3268100
2022-06-09,492.8800,496.4600,487.6100,489.4300,452.6977,3148800
2022-06-10,484.8000,490.1600,480.9300,484.6300,448.2580,2599900
2022-06-13,475.1300,481.3400,467.2600,469.7000,434.4485,3764600
2022-06-14,467.5000,469.1800,457.4200,461.7500,427.0951,3814200
2022-06-15,464.2000,469.0200,456.5000,464.3300,429.4814,2550700
2022-06-16,453.4000,457.8100,450.6800,456.0900,423.3644,3135600
2022-06-17,450.7500,461.4600,449.7000,452.0600,419.6235,5277400
2022-06-21,457.8100,485.1200,457.1000,480.3200,445.8557,5726800
2022-06-22,475.7200,495.9200,474.5400,489.6800,454.5442,5061000
2022-06-23,494.9500,503.5800,491.9600,499.8100,463.9473,4687700
2022-06-24,499.4400,499.7600,486.5600,495.6400,460.0765,15861100
2022-06-27,492.8300,511.8900,492.5800,505.6600,469.3775,3907100
2022-06-28,512.0800,518.6100,505.0800,508.4400,471.9581,4978200
2022-06-29,508.8500,518.7000,506.0100,515.7100,478.7065,3823400
2022-06-30,513.5500,516.3200,509.7200,513.6300,476.7757,3568900
2022-07-01,512.3200,517.5300,502.3100,517.4000,480.2752,2426600
2022-07-05,507.6400,511.0000,492.2500,505.2400,468.9876,3029600
2022-07-06,505.6400,517.4100,504.3000,515.2900,478.3166,2506700
2022-07-07,515.2500,517.3000,512.2300,514.3800,477.4719,2385400
2022-07-08,512.3100,528.3700,511.0100,518.6300,481.4169,3092100
2022-07-11,514.8600,521.4700,511.8100,516.9500,479.8575,1743600
2022-07-12,513.2500,519.1400,510.6200,514.4200,477.5089,2706500
2022-07-13,508.0700,511.8600,501.1900,501.2400,465.2747,3467700
2022-07-14,495.0000,505.8900,492.2800,502.4300,466.3793,3765500
2022-07-15,526.0600,531.9900,515.4500,529.7500,491.7390,5742500
2022-07-18,531.0000,532.1600,518.7500,519.3700,482.1039,3212000
2022-07-19,521.0900,533.8400,520.5900,533.4500,495.1736,2953500
2022-07-20,533.4500,534.0500,515.7300,519.4700,482.1966,4327500
2022-07-21,519.3900,522.4700,511.1400,522.4600,484.9722,2667600
2022-07-22,526.0000,527.6000,518.4000,521.4100,483.9974,1850300
2022-07-25,526.0900,532.8900,524.2200,529.4700,491.4790,2337200
2022-07-26,533.8000,537.6400,531.0300,531.5900,493.4471,2637800
2022-07-27,533.5400,537.8600,528.0400,534.6100,496.2503,2268100
2022-07-28,537.4900,544.3400,531.7400,541.4900,502.6366,2344500
2022-07-29,540.0100,543.8500,536.6900,542.3400,503.4257,2945700
2022-08-01,542.2700,543.6500,531.0000,535.3800,496.9651,2335000
2022-08-02,537.5500,540.5300,531.7200,535.4600,497.0394,2114200
2022-08-03,537.2600,543.6200,535.6900,540.6500,501.8569,1802900
2022-08-04,539.2900,540.4300,532.7600,533.7500,495.4520,2368000
2022-08-05,530.0000,535.5000,527.5600,535.0600,496.6681,2373400
2022-08-08,539.9100,541.3000,533.4200,536.6000,498.0975,1656400
2022-08-09,540.0000,545.7400,536.3800,537.2600,498.7102,2147200
2022-08-10,540.2600,541.9800,533.8100,537.7200,499.1371,2291400
2022-08-11,538.2400,538.6300,529.6700,532.8600,494.6259,3006200
2022-08-12,535.6100,544.4000,534.4500,543.7000,504.6880,1981000
2022-08-15,541.6700,547.2100,538.5600,544.6400,505.5606,1447300
2022-08-16,545.2100,547.4400,542.3900,546.1200,506.9344,1773000
2022-08-17,545.2400,547.7900,541.5700,545.0000,505.8949,1471700
2022-08-18,545.0100,548.1300,541.8200,545.2200,506.0990,1486400
2022-08-19,545.5000,553.1300,544.8200,548.3200,508.9766,2258000
2022-08-22,541.3900,549.5200,541.3500,544.5700,505.4957,1672900
2022-08-23,543.2900,543.2900,533.2100,535.8000,497.3550,2039600
2022-08-24,536.6800,539.8600,535.0200,536.4600,497.9676,1761200
2022-08-25,535.0100,542.0200,531.2500,541.5700,502.7109,1965800
2022-08-26,542.2600,543.1900,528.2200,529.2500,491.2748,1906700
2022-08-29,526.0000,532.9000,522.8700,529.7700,491.7576,1594000
2022-08-30,530.4100,531.0900,521.7900,522.8400,485.3249,2013400
2022-08-31,520.8200,527.1000,519.1600,519.3300,482.0667,2891300
2022-09-01,519.3300,524.2600,515.0900,524.0000,486.4016,2085300
2022-09-02,529.6200,529.7900,513.8100,516.3500,479.3005,1944200
2022-09-06,519.9300,527.4500,516.9200,517.6800,480.5351,2711900
2022-09-07,517.0000,523.5000,514.6800,521.6800,484.2480,2504400
2022-09-08,520.9500,528.4900,518.8100,527.5100,489.6599,1557500
2022-09-09,527.8300,527.8300,522.5800,524.3400,488.2444,2495500
2022-09-12,525.0000,535.0200,522.5000,531.2500,494.6788,2792000
2022-09-13,524.0000,525.2600,511.9700,513.9600,478.5790,3172500
2022-09-14,514.0000,515.3800,506.1000,509.7700,474.6774,2648100
2022-09-15,516.3000,527.9800,514.1400,522.9100,486.9129,3058100
2022-09-16,518.5200,522.8200,517.0800,521.0200,485.1530,3981700
2022-09-19,518.5900,524.0000,512.9700,523.5500,487.5088,2130800
2022-09-20,524.2400,524.6700,514.8100,522.8000,486.8104,2421700
2022-09-21,525.0300,528.0100,512.0200,512.0800,476.8284,2427700
2022-09-22,511.0300,520.9700,506.1100,517.4600,481.8380,2285600
2022-09-23,513.5600,514.6600,506.3800,513.6100,478.2531,2536900
2022-09-26,507.3900,512.5700,499.0000,508.3600,473.3645,2867400
2022-09-27,510.3700,516.7900,503.5800,508.3700,473.3738,2583400
2022-09-28,506.4800,516.2700,500.8000,513.9400,478.5603,3027300
2022-09-29,514.7700,514.7700,502.4700,508.8300,473.8021,2392000
2022-09-30,511.1000,516.5500,504.8400,505.0400,470.2730,3116000
2022-10-03,507.0800,517.8100,505.4000,515.5100,480.0223,2562400
2022-10-04,518.3500,524.5900,516.8300,523.1700,487.1549,3189800
2022-10-05,521.0000,529.3500,520.1300,527.0700,490.7865,2281800
2022-10-06,528.3300,528.5800,516.7400,519.1300,483.3930,2187300
2022-10-07,514.1700,514.1700,501.0600,504.8500,470.0961,3273700
2022-10-10,505.6000,506.3100,495.0200,498.8600,464.5185,2459100
2022-10-11,496.9700,506.8300,495.1800,499.8100,465.4030,2844500
2022-10-12,502.1300,508.2500,498.2100,499.9600,465.5427,2254300
2022-10-13,493.4500,513.4700,487.7400,509.9100,474.8078,3999700
2022-10-14,520.0000,529.9100,511.9300,513.1300,477.8061,5628900
2022-10-17,517.7400,524.3100,515.2800,521.8800,485.9538,3282300
2022-10-18,532.0000,532.0000,518.3300,522.2100,486.2611,2345500
2022-10-19,521.7400,523.8200,514.6000,520.3200,484.5012,2500500
2022-10-20,523.0500,529.4200,519.7800,520.8800,485.0226,2390800
2022-10-21,518.0600,536.5300,518.0100,533.7300,496.9880,2896000
2022-10-24,538.0700,546.4800,537.8000,541.6000,504.3162,2627100
2022-10-25,537.7900,543.9200,533.9000,540.2200,503.0312,2411900
2022-10-26,541.3800,547.6400,540.2100,543.1700,505.7782,2863500
2022-10-27,546.5200,546.5200,539.7600,541.8000,504.5024,2212100
2022-10-28,544.9700,553.0000,543.6900,551.2400,513.2927,2761900
2022-10-31,555.0000,558.1000,550.1300,555.1500,516.9335,2770400
2022-11-01,555.0000,555.6900,544.2200,547.3100,509.6331,3338900
2022-11-02,544.4100,554.5800,543.0700,543.4300,506.0203,2696200
2022-11-03,541.7400,547.8700,538.1300,543.6100,506.1878,2245300
2022-11-04,547.0500,547.7600,527.1400,538.1700,501.1224,3513100
2022-11-07,538.1700,546.9500,535.4700,545.0200,507.5008,2540300
2022-11-08,547.0500,554.8000,542.0000,553.0500,514.9779,2797000
2022-11-09,553.7800,554.6100,539.4400,540.6600,503.4410,2672600
2022-11-10,548.9300,551.7000,533.9500,544.1700,506.7094,3426400
2022-11-11,546.2800,546.2800,509.6500,522.0800,486.1400,7034300
2022-11-14,522.0000,528.9800,513.4100,513.7500,478.3835,5238400
2022-11-15,512.8100,516.6400,500.7700,503.0100,468.3828,5103800
2022-11-16,505.8900,514.1300,505.4700,511.5200,476.3069,3430800
2022-11-17,512.1600,526.9800,512.1600,515.3100,479.8360,4246300
2022-11-18,522.1200,533.0000,519.4600,530.0000,493.5147,3566000
2022-11-21,529.0100,531.9500,515.3800,517.1900,481.5866,3349600
2022-11-22,519.9400,524.6600,519.9100,523.0900,487.0806,2567400
2022-11-23,525.0000,530.4400,523.0000,529.7100,493.2447,2238300
2022-11-25,534.0000,540.8500,532.5200,537.6200,500.6102,1419200
2022-11-28,535.8300,539.5800,531.6900,532.2700,495.6285,2699900
2022-11-29,531.6700,532.9700,523.6500,528.0000,491.6524,3751000
2022-11-30,529.7200,548.0800,527.4800,547.7600,510.0522,9688900
2022-12-01,552.3600,553.0000,535.8000,536.9100,499.9490,2997800
2022-12-02,532.8300,538.6100,532.4400,536.1600,500.7897,2346200
2022-12-05,531.4900,540.3800,530.8800,535.0400,499.7437,2424800
2022-12-06,534.4200,540.5900,534.2400,539.3200,503.7413,3097700
2022-12-07,540.8400,545.9100,539.6300,542.9100,507.0943,2849100
2022-12-08,544.8600,551.2900,543.7800,547.9200,511.7739,2272300
2022-12-09,547.9300,548.4900,538.8700,539.2000,503.6292,2852400
2022-12-12,541.8500,546.0800,539.2800,545.8600,509.8498,2714100
2022-12-13,550.5600,550.9900,535.1000,538.2200,502.7138,3369700
2022-12-14,541.9300,543.4800,531.5700,538.3600,502.8446,2654600
2022-12-15,533.9900,534.0700,525.4700,527.6800,492.8692,2963800
2022-12-16,525.1500,525.8100,515.7200,523.7000,489.1517,7109100
2022-12-19,524.6000,527.2100,520.9300,523.6000,489.0582,1808100
2022-12-20,526.9900,526.9900,519.7000,520.2100,485.8919,2086100
2022-12-21,523.6300,527.8800,518.1000,527.5400,492.7385,2182000
2022-12-22,526.4800,529.0100,521.6300,527.0900,492.3182,1851600
2022-12-23,524.1000,531.3100,522.9000,531.3100,496.2597,1292300
2022-12-27,533.9300,535.8400,529.8500,531.9900,496.8948,1596700
2022-12-28,535.0700,538.1500,527.7300,528.4500,493.5883,1694200
2022-12-29,532.5400,533.6800,528.8600,529.8800,494.9240,1379700
2022-12-30,530.0000,530.5000,524.8400,530.1800,495.2043,1849600
2023-01-03,525.1300,525.6300,512.1600,518.6400,484.4256,3525600
2023-01-04,518.6400,518.6400,500.6000,504.5000,471.2184,5070400
2023-01-05,501.0100,502.0900,488.5000,489.9600,457.6375,5497100
2023-01-06,491.5900,492.8700,487.5400,490.0000,457.6749,4841300
2023-01-09,492.4100,499.9900,488.5400,490.0600,457.7309,3702800
2023-01-10,488.8500,490.4700,482.6800,486.0000,453.9387,3164000
2023-01-11,485.2900,495.6000,485.0000,493.4000,460.8506,4274200
2023-01-12,490.0000,498.7300,485.2200,495.6700,462.9709,3726800
2023-01-13,486.1100,509.5000,486.0000,489.5700,457.2733,5390100
2023-01-17,491.2000,492.9400,483.7800,485.0800,453.0794,4495600
2023-01-18,488.0500,489.5000,474.7500,476.2400,444.8227,4398200
2023-01-19,477.8700,486.3900,477.3900,484.3600,452.4069,4549600
2023-01-20,485.5300,486.9900,479.0000,486.7200,454.6113,3525900
2023-01-23,486.6800,490.1000,481.3900,485.8100,453.7613,3418700
2023-01-24,500.2600,500.2600,480.0000,491.6000,459.1693,3036300
2023-01-25,489.2800,495.3600,485.7300,492.5000,460.0099,3037300
2023-01-26,492.5000,496.4500,490.5800,492.4800,459.9913,3005000
2023-01-27,493.3700,493.3700,484.4700,486.0500,453.9854,3177100
2023-01-30,487.8100,495.2500,484.8000,485.7900,453.7426,3606900
2023-01-31,498.0000,505.5000,493.1300,499.1900,466.2586,5567000
2023-02-01,499.9500,504.3800,495.6700,497.0000,464.2131,3451200
2023-02-02,494.2600,495.0000,463.8900,470.8300,439.7695,11169900
2023-02-03,475.2300,478.7800,469.7500,472.0200,440.8810,5440100
2023-02-06,472.0000,478.9700,471.0100,475.2400,443.8885,4174200
2023-02-07,471.0400,478.0800,469.0300,476.8800,445.4204,3394600
2023-02-08,475.4700,485.0400,475.1100,483.2200,451.3422,3466400
2023-02-09,485.6300,489.7000,482.4000,485.7300,453.6866,3664600
2023-02-10,489.1300,495.6600,488.7500,494.2500,461.6444,3418100
2023-02-13,494.0000,499.8700,491.7600,495.3500,462.6720,2589000
2023-02-14,494.2900,497.9500,489.0900,492.8300,460.3182,2072600
2023-02-15,489.6500,491.8300,488.3900,491.2500,458.8424,2242500
2023-02-16,491.1500,494.0000,487.2700,487.3500,455.1997,2611500
2023-02-17,487.3800,499.4600,487.3500,499.0800,466.1559,3891500
2023-02-21,496.7000,501.4000,490.5000,491.3100,458.8985,2877300
2023-02-22,492.8100,493.8900,488.6700,488.8900,456.6381,2982800
2023-02-23,486.6600,493.3300,485.8700,491.6900,459.2534,2511800
2023-02-24,489.5800,492.5100,483.0100,484.3300,452.3789,2940400
2023-02-27,488.7700,490.9400,481.9600,483.3200,451.4355,3006200
2023-02-28,482.6700,483.3600,473.9200,475.9400,444.5424,3902100
2023-03-01,473.6100,478.4100,472.0000,475.2200,443.8699,2996900
2023-03-02,475.2100,480.4300,473.2500,477.7000,446.1863,2188800
2023-03-03,477.9400,479.1000,474.2200,478.5600,446.9896,2863300
2023-03-06,481.3700,484.3500,479.0000,480.7800,449.0631,3812700
2023-03-07,482.9800,483.8200,472.5600,473.8800,442.6183,2589200
2023-03-08,471.7500,475.3900,466.7600,470.6000,439.5547,3036600
2023-03-09,473.9500,473.9500,463.7500,464.9100,434.2401,2780400
2023-03-10,462.7700,468.8600,457.5900,460.3300,431.4936,3787500
2023-03-13,458.6500,470.3700,458.6500,463.6800,434.6338,2971600
2023-03-14,464.6500,469.8400,459.0500,464.5800,435.4774,3258200
2023-03-15,460.9900,468.8800,459.2400,465.4300,436.2741,3770200
2023-03-16,464.7100,473.3900,463.1000,472.0200,442.4513,2940500
2023-03-17,471.3900,472.0100,466.3000,469.5000,440.0892,5290000
2023-03-20,470.0000,479.8200,470.0000,476.9600,447.0819,3119400
2023-03-21,478.3900,481.4500,475.7200,480.1000,450.0252,3163300
2023-03-22,481.9500,485.7400,474.8200,475.5200,445.7321,2632200
2023-03-23,477.4100,480.6700,466.6700,469.9100,440.4735,3284900
2023-03-24,468.9800,476.8800,467.5900,475.9900,446.1726,2533200
2023-03-27,485.5500,486.2900,478.5900,481.9000,451.7124,2271800
2023-03-28,482.0000,483.7900,470.6900,472.5800,442.9762,2369500
2023-03-29,475.1100,475.8800,464.9500,466.5900,437.3615,3733200
2023-03-30,466.5700,470.4100,461.0800,470.0600,440.6141,3324600
2023-03-31,471.5200,476.0000,470.1000,472.5900,442.9856,3996700
2023-04-03,485.2000,496.1300,483.4900,494.1900,463.2325,4729100
2023-04-04,493.0300,496.1000,491.8400,493.2500,462.3514,2624700
2023-04-05,497.3900,511.7400,496.1000,509.2300,477.3303,4964800
2023-04-06,511.0000,514.2400,507.1500,512.8100,480.6862,3472600
2023-04-10,510.8100,515.3900,508.0900,515.1800,482.9077,2714500
2023-04-11,516.1400,522.2200,515.2200,520.9700,488.3349,3065300
2023-04-12,524.9800,526.7000,520.0400,521.1900,488.5411,3422400
2023-04-13,523.9100,530.4500,520.5000,526.2300,493.2655,4224400
2023-04-14,522.0000,527.2400,508.5000,511.7900,479.7299,4872000
2023-04-17,508.7200,509.5900,502.7500,505.3500,473.6935,3660900
2023-04-18,503.6700,506.9900,498.1400,504.4800,472.8780,3232000
2023-04-19,500.6500,501.9700,483.6300,486.2000,455.7431,5809100
2023-04-20,485.4700,489.6500,483.2600,487.4600,456.9241,3283000
2023-04-21,490.0400,490.7300,482.1400,483.8200,453.5121,3165300
2023-04-24,483.4100,490.2200,482.6500,488.9400,458.3114,2322400
2023-04-25,492.6800,498.5000,490.5800,491.9200,461.1047,2937300
2023-04-26,485.8700,487.7000,478.3600,482.9500,452.6967,2930000
2023-04-27,482.2000,490.9800,482.2000,490.4700,459.7456,2473200
2023-04-28,488.6900,493.9600,488.1200,492.0900,461.2641,2398900
2023-05-01,494.5900,499.3900,491.8100,495.7000,464.6480,2105600
2023-05-02,495.2500,496.7100,489.2700,493.3900,462.4826,2152300
2023-05-03,494.4000,495.4500,488.0300,489.4400,458.7801,1749700
2023-05-04,487.0500,489.6900,481.9500,487.2800,456.7554,2555700
2023-05-05,494.0600,500.8500,492.0300,494.2800,463.3169,2329400
2023-05-08,492.0400,494.3500,488.3200,492.6200,461.7608,1738500
2023-05-09,492.8400,499.4000,490.3000,490.3800,459.6611,2038600
2023-05-10,489.4000,493.4700,487.6400,490.0700,459.3706,2018700
2023-05-11,488.0000,490.1200,485.6600,488.7600,458.1427,2384200
2023-05-12,488.7600,492.9000,487.7500,491.2300,460.4580,1536500
2023-05-15,491.4000,491.7900,483.7000,486.8600,456.3617,2169700
2023-05-16,487.6200,489.2100,479.0100,479.7200,449.6689,2178900
2023-05-17,480.0000,485.4000,477.5400,484.8100,454.4401,2682000
2023-05-18,482.0500,482.5500,473.8900,479.2300,449.2097,3040100
2023-05-19,479.5800,484.8000,477.8100,478.8200,448.8254,2317900
2023-05-22,480.4400,482.2000,477.9100,480.6200,450.5126,2242800
2023-05-23,476.1800,483.3900,472.5400,479.4400,449.4066,2874200
2023-05-24,480.6100,483.2800,478.8900,480.8300,450.7094,1904700
2023-05-25,477.6300,481.7700,474.3000,477.7000,447.7755,2684100
2023-05-26,478.0600,488.3900,478.0000,481.5200,451.3562,3135200
2023-05-30,476.6800,485.8700,476.0300,479.8500,449.7908,3180800
2023-05-31,478.1200,487.4000,477.1100,487.2400,456.7180,4944100
2023-06-01,487.7900,498.7800,486.1100,493.6300,462.7076,3376600
2023-06-02,492.0000,501.0200,490.3600,499.5800,468.2848,3064500
2023-06-05,500.7000,502.9000,497.4200,498.1900,466.9820,2688800
2023-06-06,499.9000,499.9000,483.6700,487.5700,457.0273,3816600
2023-06-07,489.9500,490.4400,481.6000,482.1300,451.9280,4381700
2023-06-08,484.3900,491.8200,482.4300,490.2300,459.5206,2725900
2023-06-09,489.9900,498.2200,487.2300,493.6200,462.6982,3174100
2023-06-12,492.3000,494.4500,488.7200,492.5900,461.7328,2207700
2023-06-13,490.8700,494.6600,488.6600,491.3100,460.5330,3016600
2023-06-14,454.6400,460.6300,445.6800,459.8600,431.0531,14672400
2023-06-15,461.9900,472.0000,460.9100,465.8900,438.4980,6798100
2023-06-16,466.1400,468.5200,457.9300,458.4900,431.5330,7699100
2023-06-20,456.7500,470.4900,456.7500,469.3900,441.7922,4597700
2023-06-21,468.9500,479.3700,467.1900,476.7500,448.7195,4886500
2023-06-22,478.1800,483.1800,478.0000,479.0500,450.8842,3179000
2023-06-23,478.3300,482.2800,476.5500,477.0000,448.9548,4862600
2023-06-26,478.1400,481.3100,473.0000,479.0600,450.8937,2968300
2023-06-27,478.1300,483.1800,477.7700,482.5600,454.1879,3693200
2023-06-28,481.9600,482.1200,473.9800,474.4500,446.5547,3670100
2023-06-29,475.0800,479.7100,473.0800,476.4400,448.4277,2979300
2023-06-30,478.0000,482.1000,475.1200,480.6400,452.3808,3970400
2023-07-03,478.1000,480.2100,476.3000,477.8800,449.7831,1915700
2023-07-05,476.0300,477.2900,470.5900,471.2200,443.5146,5053100
2023-07-06,469.3500,472.4000,466.6500,469.3600,441.7640,3913600
2023-07-07,465.0000,468.6100,460.8200,461.5800,434.4414,4131600
2023-07-10,460.0000,463.1000,459.1600,463.0500,435.8250,4339200
2023-07-11,462.3700,466.4900,461.1400,462.8900,435.6744,3086800
2023-07-12,463.0000,464.8200,451.2500,451.7000,425.1423,7287600
2023-07-13,452.0000,454.9000,447.1800,447.7500,421.4245,7276800
2023-07-14,462.5500,485.0000,460.1100,480.1700,451.9384,11379300
2023-07-17,481.1100,484.6000,478.3000,484.0800,455.6185,4582000
2023-07-18,489.3300,504.4200,487.5000,500.0000,470.6025,8816400
2023-07-19,507.5400,514.6600,502.4800,503.7000,474.0850,4956500
2023-07-20,506.6600,508.6800,500.5300,504.2400,474.5931,2963100
2023-07-21,505.0500,510.4100,504.5200,506.5300,476.7486,2887300
2023-07-24,505.3300,509.7800,504.5700,508.6800,478.7722,2279000
2023-07-25,510.0000,512.5000,507.2800,510.9300,480.8898,2730600
2023-07-26,511.5400,515.8600,506.6300,508.0000,478.1321,3697200
2023-07-27,508.5700,510.5000,503.1300,505.2300,475.5250,3028300
2023-07-28,505.2100,507.4800,497.2800,502.9100,473.3414,2930000
2023-07-31,503.0000,507.8800,499.0600,506.3700,476.5980,2441600
2023-08-01,507.5000,510.0400,502.4900,504.7400,475.0638,2161200
2023-08-02,509.6900,510.4700,502.9900,504.8000,475.1203,3220500
2023-08-03,502.8900,506.0000,501.0400,504.8600,475.1768,2442900
2023-08-04,510.0000,510.9000,501.7500,502.7300,473.1720,2411200
2023-08-07,505.7400,513.6000,504.6500,510.7400,480.7111,2430900
2023-08-08,503.0000,508.1700,500.0200,505.8600,476.1180,2422600
2023-08-09,504.0000,505.7300,500.8800,502.1100,472.5883,1916900
2023-08-10,504.4700,512.0400,502.7800,503.4800,473.8779,2179700
2023-08-11,505.6300,510.6700,504.2500,508.0100,478.1416,2029600
2023-08-14,509.1500,513.5000,508.2500,510.9300,480.8898,2127200
2023-08-15,511.5800,513.6500,506.2700,506.6900,476.8992,1817500
2023-08-16,508.0000,510.5000,502.8300,503.5600,473.9532,1454100
2023-08-17,495.4800,501.2300,491.8200,493.9600,464.9177,3009500
2023-08-18,494.7800,500.9400,493.5000,498.4400,469.1342,2364400
2023-08-21,497.5100,500.2500,496.2200,497.6800,468.4189,1533500
2023-08-22,495.4200,496.7900,491.3300,492.3400,463.3929,2079400
2023-08-23,493.0000,494.0000,487.9300,489.4400,460.6634,2011400
2023-08-24,491.4300,495.4200,487.2100,488.1000,459.4022,2311100
2023-08-25,489.9200,491.1500,484.6500,489.1200,460.3622,1923500
2023-08-28,490.4900,493.0600,489.1300,491.2800,462.3952,1344500
2023-08-29,491.4700,492.9400,487.9700,492.8300,463.8541,2113700
2023-08-30,493.9900,496.7100,490.2900,491.5300,462.6305,2283400
2023-08-31,492.3600,493.8200,476.2900,476.5800,448.5595,4927700
2023-09-01,479.0000,480.6500,473.3600,476.2400,448.2395,3165900
2023-09-05,478.0000,484.6000,477.5400,480.8100,452.5408,3443300
2023-09-06,482.0900,483.1600,476.3800,476.9400,448.8983,2596100
2023-09-07,479.9000,487.1100,478.6000,484.8100,456.3056,2928000
2023-09-08,480.1900,482.9700,478.7500,480.7700,454.2646,1858400
2023-09-11,481.9800,483.8400,478.0000,479.3800,452.9513,2059200
2023-09-12,477.3800,483.6400,472.1200,479.9000,453.4427,2195200
2023-09-13,481.4300,484.0400,479.4600,479.8400,453.3860,2197800
2023-09-14,482.6300,485.2700,478.7800,483.6000,456.9387,2334300
2023-09-15,485.7400,489.8200,484.1400,486.7000,459.8678,5334300
2023-09-18,488.4100,488.7400,483.6000,486.0600,459.2630,1997500
2023-09-19,483.7600,485.7300,476.5400,480.6600,454.1607,3230700
2023-09-20,482.7500,495.1100,479.1400,492.1300,464.9984,3724800
2023-09-21,494.1900,505.1400,493.0800,501.1400,473.5117,4703900
2023-09-22,499.0000,509.4300,498.0300,506.1000,478.1982,4558500
2023-09-25,508.2600,510.9400,506.6300,510.2800,482.1478,2758500
2023-09-26,508.9400,509.4200,504.3800,505.4500,477.5841,2420200
2023-09-27,506.2300,506.3600,501.0500,503.7300,475.9589,2593700
2023-09-28,505.9700,514.1500,505.0100,510.1000,481.9777,2922000
2023-09-29,509.8500,509.8800,503.8000,504.1900,476.3935,3006200
2023-10-02,505.5300,514.8400,503.1400,514.5700,486.2013,3550400
2023-10-03,513.3000,513.9800,508.3600,509.4700,481.3824,3143200
2023-10-04,509.4900,511.8200,506.6100,510.6200,482.4690,2801700
2023-10-05,511.6200,518.2100,511.2300,516.2300,487.7697,2790700
2023-10-06,516.4500,525.9500,515.9800,524.8100,495.8767,3647200
2023-10-09,521.1500,526.8700,520.2500,526.5100,497.4831,2341600
2023-10-10,526.5000,528.1400,523.0800,524.2400,495.3382,2455700
2023-10-11,520.9200,525.5900,520.2300,524.1300,495.2343,2819300
2023-10-12,524.4700,528.5800,522.2500,525.5400,496.5664,2377300
2023-10-13,533.2500,544.4600,532.0000,539.4000,509.6626,5245400
2023-10-16,543.1800,546.7800,536.1200,538.0300,508.3680,3827600
2023-10-17,539.9400,542.4300,534.5700,536.6500,507.0640,2586000
2023-10-18,543.0400,543.9800,535.4000,536.0600,506.5065,2551400
2023-10-19,536.8200,538.3400,529.2500,531.6300,502.3208,2351200
2023-10-20,531.0000,534.4300,526.7700,527.0300,497.9744,2811100
2023-10-23,527.0300,527.7800,520.2900,521.5700,492.8153,2357700
2023-10-24,522.8600,530.6700,522.0700,525.0000,496.0562,1978200
2023-10-25,527.2700,532.3600,520.0800,530.2100,500.9790,2380100
2023-10-26,525.7000,530.4700,522.5200,528.3600,499.2310,2675800
2023-10-27,525.9900,527.7400,521.2600,524.6600,495.7350,2585600
2023-10-30,525.0000,531.8200,522.9400,529.9900,500.7712,2555400
2023-10-31,535.0000,536.6800,531.6200,535.5600,506.0341,2464200
2023-11-01,529.9800,535.8300,526.8000,531.6000,502.2924,2747400
2023-11-02,532.0000,536.8400,526.9500,536.1300,506.5727,2350900
2023-11-03,534.5700,535.9800,528.8000,530.9000,501.6311,2739500
2023-11-06,531.6300,536.0200,530.0500,533.4600,504.0498,2684900
2023-11-07,535.3600,539.6500,531.5200,537.8300,508.1789,2604800
2023-11-08,540.0000,541.4000,534.1400,536.7300,507.1395,1769200
2023-11-09,537.6000,540.9100,534.4800,539.0000,509.2844,1819600
2023-11-10,542.6800,542.6800,536.0200,541.2100,511.3727,2480800
2023-11-13,541.1500,544.1500,537.9100,542.5700,512.6577,1507900
2023-11-14,539.0300,542.6700,536.5100,540.4600,510.6639,2454000
2023-11-15,540.0500,540.4600,531.7000,538.4100,508.7268,2473700
2023-11-16,538.4100,544.8600,537.4700,539.8200,510.0593,2360300
2023-11-17,540.2700,540.5200,528.3400,536.2900,506.7238,2676900
2023-11-20,533.6100,536.3400,531.8000,535.1000,505.5994,2518400
2023-11-21,537.7700,541.6700,534.1900,539.5900,509.8420,2115700
2023-11-22,542.9700,544.4000,540.2600,543.7600,513.7820,2234500
2023-11-24,544.9300,547.5900,542.8100,547.1000,516.9377,1135000
2023-11-27,547.1000,550.8900,541.5300,543.5900,513.6213,2675800
2023-11-28,545.6300,545.8200,540.0700,540.5300,510.7302,2859300
2023-11-29,530.0000,541.8600,528.6500,534.9800,505.4860,4550000
2023-11-30,535.7900,553.9400,534.0100,552.9700,522.4842,7121200
2023-12-01,550.4200,554.7000,545.1600,547.1600,518.7583,3462200
2023-12-04,548.2600,551.8700,543.0400,548.2800,519.8201,2709200
2023-12-05,549.1000,552.5300,545.3500,550.2600,521.6973,2645600
2023-12-06,547.5600,551.8800,547.1000,549.5300,521.0052,2239700
2023-12-07,551.3500,551.5100,544.5200,548.2700,519.8107,2511700
2023-12-08,550.2200,551.7300,544.5400,549.7700,521.2327,2039900
2023-12-11,549.7600,550.0000,539.0600,543.6800,515.4589,3655300
2023-12-12,545.8000,547.4900,542.6500,545.7200,517.3929,2706100
2023-12-13,544.0000,549.4200,538.5900,549.0100,520.5123,2876600
2023-12-14,544.3000,544.9200,529.4000,534.2400,506.5088,5386800
2023-12-15,530.0000,533.5000,522.9600,531.1200,503.5508,9030100
2023-12-18,529.1100,531.4700,525.2300,526.5500,499.2181,3260300
2023-12-19,524.5900,527.6200,521.7800,524.0400,496.8383,3645600
2023-12-20,523.8500,524.8300,515.8700,515.9300,489.1493,3847800
2023-12-21,518.8800,520.8200,516.5000,519.8800,492.8943,2491600
2023-12-22,519.8800,523.0100,518.0200,520.3100,493.3019,1759500
2023-12-26,519.8800,521.4800,517.9700,520.0300,493.0365,1390800
2023-12-27,519.7500,523.1600,519.3600,522.7900,495.6532,1851800
2023-12-28,523.4700,527.8700,522.9400,524.9000,497.6537,2001000
2023-12-29,525.9800,528.2400,523.9200,526.4700,499.1421,2080100
2024-01-02,526.8400,539.6600,526.6700,539.3400,511.3442,3415700
2024-01-03,543.0400,546.7900,539.4800,542.0300,513.8947,2891400
2024-01-04,545.0000,549.0000,543.0000,545.4200,517.1086,2994400
2024-01-05,547.0000,547.0000,533.7300,537.3800,509.4859,2815400
2024-01-08,539.4000,540.2500,528.0000,536.5200,508.6704,2648900
2024-01-09,538.0000,539.6100,532.3300,538.3700,510.4245,2677000
2024-01-10,538.1000,541.2000,536.1500,537.6400,509.7324,2180000
2024-01-11,536.1300,540.1600,534.5300,539.6800,511.6665,2814100
2024-01-12,518.8600,528.4800,513.1300,521.5100,494.4397,6327300
2024-01-16,523.7100,524.5000,516.5500,519.1500,492.2022,3736700
2024-01-17,521.2800,530.6600,520.0000,524.9400,497.6916,3791300
2024-01-18,505.2300,516.8400,497.4600,516.3400,489.5381,7367000
2024-01-19,515.0000,517.5500,501.8200,503.5600,477.4214,6143400
2024-01-22,503.9400,513.5700,496.5000,512.9900,486.3619,5922900
2024-01-23,512.5000,518.0800,512.0800,515.5200,488.7606,2672900
2024-01-24,517.9000,521.7300,512.9500,513.2300,486.5894,2918800
2024-01-25,487.5900,495.5100,479.0000,493.4000,467.7888,14671000
2024-01-26,493.2800,503.6900,489.9000,503.2000,477.0801,6212200
2024-01-29,503.1100,506.5100,501.1500,504.5400,478.3505,4554100
2024-01-30,504.5400,506.0500,499.2200,503.6100,477.4688,4931200
2024-01-31,504.5100,515.0000,504.5100,511.7400,485.1768,5358100
2024-02-01,508.8300,510.2200,503.0000,507.1400,480.8156,4242600
2024-02-02,508.2500,512.9100,505.3900,510.2300,483.7452,3804500
2024-02-05,509.9600,514.2000,500.0500,502.9600,476.8526,3646300
2024-02-06,503.9400,510.9400,502.4500,510.6700,484.1624,2745400
2024-02-07,514.0100,521.0000,512.6900,519.3900,492.4297,4109100
2024-02-08,520.6300,522.1600,517.2800,520.0900,493.0934,3343000
2024-02-09,518.9900,520.3900,516.2900,518.2200,491.3204,2715400
2024-02-12,518.2200,518.9900,512.8100,517.6400,490.7705,3194000
2024-02-13,522.0000,526.9300,514.2100,516.8500,490.0215,3436000
2024-02-14,515.2600,518.5300,514.2900,516.9400,490.1069,1918500
2024-02-15,517.3400,521.7500,515.8000,520.8800,493.8423,2292100
2024-02-16,522.3000,523.7900,518.8900,521.5500,494.4775,2135500
2024-02-20,524.2100,525.3700,519.4100,521.0600,494.0130,2600200
2024-02-21,523.6700,523.6900,517.5400,521.9700,494.8758,2095900
2024-02-22,524.2000,526.7400,518.5900,526.5000,499.1707,3186800
2024-02-23,526.7500,530.5000,524.1600,527.2400,499.8722,2502000
2024-02-26,528.3200,532.8100,524.3100,525.3200,498.0518,2308900
2024-02-27,524.7600,525.5900,512.0500,513.4200,486.7696,3780600
2024-02-28,495.4400,498.5500,484.3900,498.2800,472.4155,9558600
2024-02-29,498.5000,501.7500,491.6000,493.6000,467.9785,6833200
2024-03-01,489.4200,490.0200,477.2500,489.5300,464.1197,7315000
2024-03-04,483.2400,487.0400,480.1000,481.8700,456.8573,5239800
2024-03-05,482.3900,482.9000,470.6200,473.1500,448.5899,5296200
2024-03-06,474.4400,479.8000,468.1900,472.6000,448.0685,5577500
2024-03-07,474.0000,481.1900,473.6000,478.7800,453.9277,5102000
2024-03-08,478.3300,484.2500,474.7700,476.5700,453.6136,4673600
2024-03-11,477.0000,490.3100,476.0000,489.1500,465.5876,4410100
2024-03-12,488.1300,492.2800,487.3500,489.3500,465.7780,4153800
2024-03-13,493.5200,496.0000,485.3300,488.0000,464.4930,3669000
2024-03-14,488.7200,489.6800,485.1900,489.0000,465.4448,3378500
2024-03-15,487.4500,491.2200,487.4500,490.8200,467.1772,5713500
2024-03-18,492.1000,492.1000,486.3800,487.0500,463.5887,2970500
2024-03-19,489.6700,493.4400,487.7900,493.3200,469.5567,2511700
2024-03-20,492.4700,494.6000,489.4400,494.2300,470.4229,3548200
2024-03-21,492.2800,496.2000,491.2800,491.6900,468.0052,3693400
2024-03-22,495.2000,495.8300,489.7700,490.0700,466.4632,2847300
2024-03-25,490.6000,491.4800,484.0700,485.8800,462.4751,2786100
2024-03-26,488.1300,493.3400,485.2300,492.3100,468.5953,3113300
2024-03-27,493.7000,495.7300,491.3100,493.1000,469.3474,2653100
2024-03-28,495.0000,495.8700,489.3000,494.7000,470.8703,3820000
2024-04-01,494.4700,495.7800,488.7000,489.7000,466.1111,2928700
2024-04-02,459.6000,463.6800,449.6000,458.1400,436.0714,11867000
2024-04-03,462.0000,462.8500,455.5500,459.7400,437.5942,4460400
2024-04-04,460.8200,461.7200,451.9200,455.3800,433.4443,5182000
2024-04-05,450.6900,457.7500,450.0100,455.7400,433.7870,5747400
2024-04-08,455.9700,457.2000,453.5900,456.0000,434.0344,4532300
2024-04-09,454.2800,459.7600,452.4600,459.7200,437.5752,3521200
2024-04-10,455.4900,458.7400,449.7800,450.0500,428.3710,4493500
2024-04-11,450.3900,450.7700,441.4800,441.7200,420.4423,5844100
2024-04-12,440.3400,442.2400,436.3800,439.2000,418.0437,6045700
2024-04-15,442.0000,448.3500,441.9900,445.6300,424.1639,5376800
2024-04-16,476.7700,479.7500,465.6000,468.8900,446.3036,11816500
2024-04-17,478.6000,488.0000,474.5900,478.9900,455.9170,8759800
2024-04-18,486.1300,502.0000,485.9700,493.1800,469.4235,8880400
2024-04-19,497.0000,507.3000,495.5600,501.1300,476.9905,6618600
2024-04-22,497.7800,499.4200,490.6400,491.2300,467.5674,4697700
2024-04-23,491.0000,494.3100,484.9700,486.1800,462.7607,3646700
2024-04-24,483.7800,488.8600,480.7100,487.3000,463.8267,3724400
2024-04-25,488.9600,497.1300,487.5300,493.8600,470.0707,4329700
2024-04-26,492.0000,497.2300,491.4000,495.3500,471.4890,2727000
2024-04-29,495.7100,497.3500,487.7700,489.0300,465.4734,2192100
2024-04-30,488.9600,489.7100,482.5900,483.7000,460.4001,3367500
2024-05-01,479.2600,489.1900,477.0700,484.1100,460.7904,2729200
2024-05-02,484.2800,493.6900,483.9400,492.9700,469.2236,3561400
2024-05-03,490.8600,492.7900,485.7800,492.4500,468.7286,2487600
2024-05-06,492.4800,494.8700,492.0000,494.3800,470.5657,2029500
2024-05-07,496.0000,501.6500,495.0400,500.9600,476.8287,3752100
2024-05-08,504.1700,507.0000,500.0800,503.2100,478.9703,3078900
2024-05-09,502.1400,507.9700,502.1400,507.0300,482.6063,2342900
2024-05-10,509.0000,513.5800,507.0000,512.8100,488.1079,2784600
2024-05-13,512.0500,514.6700,507.3100,511.7400,487.0894,2454500
2024-05-14,514.5800,516.1700,507.3000,513.8800,489.1264,2949700
2024-05-15,514.8300,522.5900,514.8300,517.5500,492.6195,2981200
2024-05-16,520.0000,528.1600,519.5100,521.2700,496.1604,3655800
2024-05-17,522.9400,525.8500,520.0100,524.6300,499.3586,2657200
2024-05-20,524.6300,524.6300,516.5400,517.2300,492.3150,2476200
2024-05-21,518.3200,524.7200,515.9200,523.5500,498.3305,2521900
2024-05-22,522.8200,526.2800,520.6500,521.3500,496.2365,2299100
2024-05-23,518.3200,520.2300,515.2300,516.8300,491.9342,3055400
2024-05-24,516.1100,517.1400,507.5200,508.1700,483.6914,2527800
2024-05-28,506.6500,506.6500,501.9000,503.6800,479.4177,2912800
2024-05-29,492.3400,493.9000,473.2700,484.7200,461.3710,7521600
2024-05-30,482.3200,486.0300,478.0000,481.6500,458.4489,5169700
2024-05-31,482.4100,498.4100,482.4100,495.3700,471.5080,6694800
2024-06-03,494.1300,498.6800,493.0700,497.4400,473.4783,2795100
2024-06-04,498.5600,508.2700,494.5900,505.4900,481.1405,3178400
2024-06-05,508.7000,509.1000,498.8000,503.1200,478.8846,2464400
2024-06-06,503.6500,504.7000,497.2800,501.9200,477.7425,2419600
2024-06-07,502.0400,502.8600,490.4200,490.6900,467.0534,3416300
2024-06-10,491.0000,495.3900,486.1900,495.0000,471.1558,3332800
2024-06-11,490.8600,497.7800,490.2900,496.2200,472.3170,4599700
2024-06-12,500.0000,500.0000,487.4200,493.0700,469.3188,4048200
2024-06-13,490.2800,502.0000,484.3800,497.3000,473.3450,4951700
2024-06-14,496.8300,497.8500,491.7300,497.1200,473.1737,3188400
2024-06-17,491.3300,493.1200,488.7000,489.2300,467.6392,2407200
2024-06-18,490.7100,491.6600,479.0400,481.0500,459.8202,3692700
2024-06-20,480.0400,485.9200,478.1100,484.5200,463.1371,5258100
2024-06-21,484.4400,488.3000,480.5900,482.5900,461.2922,6368600
2024-06-24,488.8600,490.8900,484.5000,489.9800,468.3561,5139800
2024-06-25,490.6400,490.6400,480.6000,484.5000,463.1180,2916100
2024-06-26,484.5000,487.4400,481.4700,484.0400,462.6783,3153100
2024-06-27,485.0500,488.9800,482.0500,486.4400,464.9724,2991900
2024-06-28,496.3700,509.4000,489.4100,509.2600,486.7852,22734200
2024-07-01,506.7500,508.9100,492.8900,494.6500,472.8200,4523100
2024-07-02,494.2600,498.4700,493.3900,498.2400,476.2516,3312000
2024-07-03,497.1200,498.0800,486.5200,489.8900,468.2701,2239200
2024-07-05,489.0000,489.6700,484.5000,488.0100,466.4731,3499000
2024-07-08,489.1900,493.8800,486.1700,489.3400,467.7443,3450600
2024-07-09,488.3300,495.4000,486.0900,492.1100,470.3921,3056800
2024-07-10,490.9400,501.5000,490.1200,500.9300,478.8229,3189800
2024-07-11,497.7000,508.7300,497.7000,504.3600,482.1015,3535100
2024-07-12,506.9200,514.5700,503.4300,511.5300,488.9550,3570600
2024-07-15,524.2400,530.8300,513.8000,515.3700,492.6255,5128000
2024-07-16,533.9000,549.9200,527.1300,548.8700,524.6472,11062000
2024-07-17,554.0000,573.6100,551.3000,573.2800,547.9800,10330800
2024-07-18,564.5000,581.5000,561.4200,564.3400,539.4345,6834800
2024-07-19,567.1200,569.9000,561.5400,565.3300,540.3808,4290400
2024-07-22,563.0500,564.2500,557.0800,558.5300,533.8809,3377300
2024-07-23,558.7900,558.8400,552.8100,554.7000,530.2199,2785600
2024-07-24,560.0000,561.1300,553.0200,559.7500,535.0470,3156200
2024-07-25,562.0000,569.8900,558.5800,559.6800,534.9801,3102900
2024-07-26,560.0000,579.1300,560.0000,569.7200,544.5769,3201900
2024-07-29,565.7100,571.3500,561.7600,566.7500,541.7382,2965000
2024-07-30,566.9000,579.4300,565.9900,576.3300,550.8953,4139100
2024-07-31,565.4400,580.9000,562.3200,576.1600,550.7327,4713200
2024-08-01,577.2000,587.5000,567.1000,572.7700,547.4924,3680800
2024-08-02,582.3300,591.5400,575.2500,589.8300,563.7995,5094000
2024-08-05,582.1200,586.8200,566.7600,569.9600,544.8064,4587400
2024-08-06,568.2100,577.5200,562.5300,568.3500,543.2675,3216500
2024-08-07,566.6100,571.6500,557.0300,566.0800,541.0977,4320700
2024-08-08,564.3700,572.4500,564.3700,566.2400,541.2505,2860800
2024-08-09,564.5400,565.9300,557.6300,558.7600,534.1007,2976700
2024-08-12,562.3200,569.0000,561.0500,565.2900,540.3426,2532400
2024-08-13,569.9900,575.7300,569.0000,574.2400,548.8976,2369400
2024-08-14,575.2400,581.1200,573.2700,579.6700,554.0879,2344400
2024-08-15,579.6700,583.3400,573.5100,579.6100,554.0305,2751800
2024-08-16,580.9200,581.6500,574.1000,577.6800,552.1857,2728900
2024-08-19,578.0800,583.3000,577.0700,578.7800,553.2372,1847900
2024-08-20,579.8500,583.8100,575.5000,580.6500,555.0248,1677500
2024-08-21,581.5100,583.3900,577.4300,578.0700,552.5585,2844300
2024-08-22,579.2500,582.9500,570.6200,578.7200,553.1798,2282000
2024-08-23,581.0000,585.2100,578.4500,584.5100,558.7144,2376400
2024-08-26,588.0500,592.0900,585.7400,587.1300,561.2186,1800000
2024-08-27,589.4700,592.3400,583.7800,587.3500,561.4288,1581900
2024-08-28,589.0100,592.8400,583.8700,588.5400,562.5665,1657000
2024-08-29,590.6800,592.6100,584.3700,591.5700,565.4627,1953200
2024-08-30,590.0000,593.2600,586.5900,590.2000,564.1533,2944700
2024-09-03,592.5200,600.6600,591.8200,598.6800,572.2590,3175500
2024-09-04,600.0000,607.9400,597.8800,604.1800,577.5162,2935000
2024-09-05,604.1900,606.0000,589.6700,595.4900,569.2097,2144800
2024-09-06,595.8700,600.6100,592.2600,596.8800,570.5384,2926400
2024-09-09,598.3200,599.4800,575.2700,594.1000,567.8810,3411400
2024-09-10,595.2100,604.8000,591.1500,599.0300,572.5936,2863500
2024-09-11,589.1400,591.4000,578.9700,589.7500,563.7230,3563600
2024-09-12,588.5300,590.5100,583.2100,588.4200,562.4517,3395800
2024-09-13,591.0800,597.6800,587.2300,594.3200,568.0914,2241900
2024-09-16,595.0000,598.7900,587.7600,589.1400,565.1368,2548600
2024-09-17,586.0100,586.7200,576.3900,577.9600,554.4124,3416000
2024-09-18,576.8600,584.5200,572.3100,580.6500,556.9927,2988300
2024-09-19,583.7200,584.8300,574.5800,577.0700,553.5586,2945700
2024-09-20,571.7000,578.8400,569.6500,575.0000,551.5729,5398700
2024-09-23,576.4900,579.4300,572.0000,573.4100,550.0477,2386100
2024-09-24,570.8200,577.3100,566.0000,575.1900,551.7552,3188500
2024-09-25,577.8700,581.1100,573.0800,576.3100,552.8296,2658800
2024-09-26,575.0000,576.6000,570.9100,574.8100,551.3906,2751900
2024-09-27,577.6800,586.7100,576.5900,581.8500,558.1438,2986200
2024-09-30,583.5000,586.4200,578.7400,584.6800,560.8585,3009700
2024-10-01,585.0000,588.7000,580.7700,583.3000,559.5347,2648400
2024-10-02,604.2600,604.5200,584.2500,592.3100,568.1776,3667000
2024-10-03,590.6100,593.2300,584.3700,592.7500,568.5997,2645800
2024-10-04,592.1300,596.1300,588.4400,591.2000,567.1129,2462600
2024-10-07,588.7900,592.4400,583.3300,583.5600,559.7842,2591100
2024-10-08,588.0600,589.2100,579.5600,581.5800,557.8848,2231400
2024-10-09,582.1600,592.8000,580.6100,591.2200,567.1321,2207700
2024-10-10,595.1800,598.9500,592.7600,597.7000,573.3482,2143200
2024-10-11,596.4900,601.5200,596.2000,598.0500,573.6838,1909700
2024-10-14,599.1100,608.6300,597.3800,605.4000,580.7343,2447100
2024-10-15,552.0200,569.7000,543.0000,556.2900,533.6252,11939400
2024-10-16,557.0100,576.1800,555.1200,571.3400,548.0621,5103900
2024-10-17,560.5800,569.4700,558.7200,566.0300,542.9684,5588700
2024-10-18,566.8500,570.9500,563.0400,569.6100,546.4026,3687000
2024-10-21,569.6400,579.2800,568.7000,571.4700,548.1868,3018000
2024-10-22,567.8500,573.0400,565.4900,569.8600,546.6424,2593800
2024-10-23,572.1300,574.1400,560.0000,564.6400,541.6350,2911900
2024-10-24,564.9900,571.7000,560.3100,560.8100,537.9611,2590200
2024-10-25,566.1600,571.5000,563.6100,564.5600,541.5583,2513700
2024-10-28,566.2500,568.3300,562.8100,565.2400,542.2106,1826500
2024-10-29,562.8200,567.6800,560.6600,562.1300,539.2273,2600300
2024-10-30,561.2500,570.3100,560.9500,562.9600,540.0236,2323600
2024-10-31,560.8800,568.4500,560.8800,564.5000,541.5007,2490000
2024-11-01,565.1200,570.3300,563.9000,567.5600,544.4361,2548300
2024-11-04,566.7400,568.5900,555.4200,557.7700,535.0449,2656600
2024-11-05,558.2800,568.7400,554.4000,567.0300,543.9277,2608100
2024-11-06,603.9000,605.5000,590.8500,596.6900,572.3792,6591300
2024-11-07,598.6900,607.6400,596.1500,605.4500,580.7823,5254300
2024-11-08,609.0000,619.8000,605.2000,615.8100,590.7202,3875800
2024-11-11,616.9000,630.7300,613.9200,625.2500,599.7756,3003200
2024-11-12,619.5800,624.4800,613.7800,614.6700,589.6266,2809400
2024-11-13,613.0000,613.0100,603.0600,605.8700,581.1852,3409400
2024-11-14,603.4800,606.0000,588.9900,593.1500,568.9835,3079200
2024-11-15,591.9200,598.9300,589.9500,592.2300,568.1009,3423900
2024-11-18,589.4400,594.1400,585.3200,589.6500,565.6261,2577100
2024-11-19,582.7200,586.8400,576.7700,577.0000,553.4915,3198300
2024-11-20,582.7100,602.6400,581.5500,600.5000,576.0341,3928600
2024-11-21,600.0000,604.0000,596.7300,597.4900,573.1467,2722900
2024-11-22,598.5600,601.2600,588.6700,590.8700,566.7963,3197900
2024-11-25,597.5800,609.8400,595.0100,605.8300,581.1468,5146200
2024-11-26,608.2400,608.4700,598.8800,606.7900,582.0676,2693600
2024-11-27,611.0300,617.4500,606.7000,608.3800,583.5930,2269800
2024-11-29,608.8000,615.7800,606.6200,610.2000,585.3388,2010800
2024-12-02,614.0000,614.0000,600.7700,608.5200,583.7272,3364900
2024-12-03,610.8500,615.7500,604.8200,605.2300,580.5713,2329900
2024-12-04,611.0200,622.8300,606.9700,610.7900,585.9047,4147600
2024-12-05,605.6400,608.9900,573.8900,578.9700,555.3812,5943700
2024-12-06,582.1100,582.1100,544.1400,549.6200,527.2269,13003600
2024-12-09,552.0000,562.9800,544.6400,560.6200,539.8415,7684700
2024-12-10,562.0000,567.7500,557.0300,565.1900,544.2422,5360600
2024-12-11,555.6600,558.1000,532.6700,533.5300,513.7556,10363000
2024-12-12,531.5300,534.0000,514.1900,515.7600,496.6442,9403800
2024-12-13,515.6400,527.5300,510.7200,520.4800,501.1892,8202900
2024-12-16,518.0000,521.7000,496.0800,498.5000,480.0238,8880000
2024-12-17,487.0000,495.6000,475.8200,485.5200,467.5249,14132700
2024-12-18,488.4300,506.5400,486.0000,499.7200,481.1986,10147600
2024-12-19,500.1400,503.6500,486.2400,489.2500,471.1167,7418100
2024-12-20,489.2900,502.6400,488.7300,500.1300,481.5934,10956900
2024-12-23,500.7600,508.7800,499.0500,506.3400,487.5733,4286000
2024-12-24,504.4000,506.1000,500.5900,506.1000,487.3422,1824400
2024-12-26,505.6500,512.2200,504.7300,511.1500,492.2050,3387000
2024-12-27,509.4200,513.1800,507.8000,509.9900,491.0880,3471800
2024-12-30,506.8600,509.7300,500.6600,507.8000,488.9792,5408600
2024-12-31,509.3500,511.0000,503.3400,505.8600,487.1111,4214000
2025-01-02,508.0000,512.1100,503.2900,504.5100,485.8111,4234900
2025-01-03,506.3500,516.2900,505.3800,513.0000,493.9864,3019500
2025-01-06,513.0000,520.3000,509.8200,513.6700,494.6316,4444800
2025-01-07,518.8500,519.5000,511.2200,514.2500,495.1901,3914500
2025-01-08,514.5000,524.6700,509.5100,524.5200,505.0795,4141700
2025-01-10,526.6400,535.4500,518.4700,520.6900,501.3914,5467500
2025-01-13,535.0400,547.4000,533.1400,541.1400,521.0834,6472500
2025-01-14,539.6500,544.5500,536.5500,543.7400,523.5872,3978300
2025-01-15,537.1000,546.2900,534.3300,543.4200,523.2789,4103900
2025-01-16,530.3500,539.8400,510.0000,510.5900,491.6658,9059900
2025-01-17,505.6200,521.8200,502.8000,509.7600,490.8665,7495700
2025-01-21,514.0500,525.0000,512.8200,524.9900,505.5320,5682100
2025-01-22,521.6600,524.4400,516.0000,519.7200,500.4573,3756100
2025-01-23,527.8700,531.4800,519.3200,529.7700,510.1349,4580800
2025-01-24,528.1100,534.6300,524.5100,532.5100,512.7733,3671200
2025-01-27,539.9800,551.9100,539.9800,543.5200,523.3752,4263000
2025-01-28,543.0100,546.5000,537.8400,542.4800,522.3738,3162700
2025-01-29,541.7300,543.4800,534.0100,538.1000,518.1561,2737600
2025-01-30,539.4700,547.1100,535.0000,545.5700,525.3493,2924700
2025-01-31,543.2400,549.1600,541.4100,542.4900,522.3835,4120500
2025-02-03,542.0000,553.9100,541.0700,548.1800,527.8625,4083600
2025-02-04,545.2000,548.8100,541.5100,545.4500,525.2337,2869900
2025-02-05,530.7300,540.7000,521.9100,539.8100,519.8028,4621600
2025-02-06,537.8900,539.1000,525.2700,530.0400,510.3949,3926800
2025-02-07,529.2000,532.3900,525.3900,527.0300,507.4964,3349100
2025-02-10,527.6700,534.1600,523.3800,533.3700,513.6015,3143100
2025-02-11,535.0000,547.5400,528.2700,533.9200,514.1310,2631900
2025-02-12,539.8500,542.3500,525.5100,527.4000,507.8527,3859200
2025-02-13,530.9000,534.3300,527.1000,531.1800,511.4926,2835100
2025-02-14,529.0000,533.2000,522.9100,523.5100,504.1069,3705300
2025-02-18,510.9400,516.0000,497.0000,500.7300,482.1712,8759300
2025-02-19,501.3300,511.8600,498.1500,511.0400,492.0991,4380300
2025-02-20,505.1900,508.4300,500.2400,502.4200,483.7986,4144300
2025-02-21,439.5500,469.7000,438.5000,466.4200,449.1329,19864900
2025-02-24,466.6800,468.0000,457.0000,461.5200,444.4145,6919300
2025-02-25,460.7700,470.7600,450.0700,470.3800,452.9461,9101000
2025-02-26,464.6500,473.0500,458.2000,463.5900,446.4077,5108400
2025-02-27,466.1700,475.4000,465.0200,468.5600,451.1936,4216800
2025-02-28,467.0000,476.3600,464.4800,474.9600,457.3563,6146300
2025-03-03,474.3700,477.2700,465.2100,467.0500,449.7395,5700200
2025-03-04,469.7500,479.2100,466.4600,474.6100,457.0193,5864100
2025-03-05,471.0700,479.0800,471.0100,475.9800,458.3386,3637100
2025-03-06,476.0000,488.1200,472.0000,487.7200,469.6434,4964000
2025-03-07,483.8300,499.9200,483.3700,493.4800,475.1899,5434100
2025-03-10,492.2800,497.8500,477.7100,480.2200,464.3976,5108900
2025-03-11,482.5000,486.7700,477.1400,486.0400,470.0258,4101000
2025-03-12,483.1400,487.6000,478.8200,481.1100,465.2582,3680800
2025-03-13,479.4500,484.0600,475.0000,481.5200,465.6548,2876600
2025-03-14,481.0000,489.4500,478.2400,488.6500,472.5498,3915900
2025-03-17,487.5100,500.6100,485.9500,499.0200,482.5782,5152300
2025-03-18,502.2400,505.9700,497.8200,503.8000,487.2007,3617600
2025-03-19,505.0400,506.3500,500.0600,503.2000,486.6205,3317600
2025-03-20,505.2500,514.3900,503.5100,511.3000,494.4536,4965400
2025-03-21,511.6800,519.0000,505.0900,516.8500,499.8207,10244900
2025-03-24,515.0800,518.2500,511.1200,516.5000,499.4823,3840900
2025-03-25,518.2800,519.0000,511.5300,513.4300,496.5134,3015100
2025-03-26,515.2000,522.9500,512.8500,518.2000,501.1263,3253800
2025-03-27,516.2900,521.0800,512.9500,515.7200,498.7279,2822200
2025-03-28,516.8700,520.9800,515.0500,516.0400,499.0374,2379100
2025-03-31,519.1800,528.1200,518.5900,523.7500,506.4934,5238700
2025-04-01,525.7400,528.1700,520.9500,523.1200,505.8841,2962500
2025-04-02,522.9500,525.0000,516.8000,523.2000,505.9615,2378900
2025-04-03,529.9900,548.5000,529.2900,540.4400,522.6334,6457900
2025-04-04,540.6400,551.7400,524.8400,525.0500,507.7505,9919000
2025-04-07,513.4000,529.2000,503.5900,524.7000,507.4120,7356700
2025-04-08,582.1700,585.0100,547.4600,553.0800,534.8570,11762300
2025-04-09,560.1400,589.4000,554.4600,578.5000,559.4395,12691900
2025-04-10,580.2400,601.8800,580.0000,594.4000,574.8157,8646000
2025-04-11,588.9200,606.3600,586.5300,599.4700,579.7185,6121500
2025-04-14,595.0000,595.6300,579.2900,587.0600,567.7174,4839300
2025-04-15,592.2400,592.8600,582.0100,583.5900,564.3618,3871300
2025-04-16,585.3200,594.8100,582.9600,585.0400,565.7640,4192100
2025-04-17,481.9500,489.7900,447.1000,454.1100,439.1479,29120200
2025-04-21,449.7600,453.5000,424.8100,425.3300,411.3161,13029900
2025-04-22,424.6400,431.5000,417.1200,427.1800,413.1051,10156900
2025-04-23,427.0700,438.8500,423.7500,427.9600,413.8595,8345700
2025-04-24,427.5700,429.9000,423.6500,424.2500,410.2717,7629100
2025-04-25,423.5600,423.5600,412.0200,418.6400,404.8466,9263800
2025-04-28,419.7500,424.1200,415.5500,420.0000,406.1617,6614300
2025-04-29,421.1900,421.7500,409.1000,409.2300,395.7466,9909100
2025-04-30,409.0300,413.2600,401.0000,411.4400,397.8838,9192800
2025-05-01,411.3200,411.9900,399.8600,400.6800,387.4783,9316800
2025-05-02,399.9600,402.0000,393.1100,399.9200,386.7433,11392900
2025-05-05,399.1200,409.7000,397.5900,404.8100,391.4722,8157200
2025-05-06,402.8000,404.7200,393.4200,394.5100,381.5116,7858600
2025-05-07,395.3500,395.5200,385.7000,391.0600,378.1753,8517200
2025-05-08,390.0000,390.9200,385.3700,385.5500,372.8468,7218300
2025-05-09,385.6700,386.5500,378.5400,380.6400,368.0986,8381100
2025-05-12,381.0000,387.2100,376.8400,378.7500,366.2709,11004800
2025-05-13,335.7400,342.0000,309.1000,311.3800,301.1206,59478300
2025-05-14,321.4500,322.9400,307.1100,308.0100,297.8616,40029600
2025-05-15,274.9000,276.6500,248.8800,274.3500,265.3106,121849200
2025-05-16,279.2900,294.4900,269.1400,291.9100,282.2921,71094300
2025-05-19,304.7700,316.2900,297.2500,315.8900,305.4820,62524700
2025-05-20,320.9200,324.6400,312.5800,321.5800,310.9845,41487000
2025-05-21,301.0000,309.9600,300.0700,302.9800,292.9974,45506900
2025-05-22,293.8900,305.6700,292.5000,296.6700,286.8953,27159600
2025-05-23,296.1000,299.7000,291.6400,295.5700,285.8315,16873600
2025-05-27,299.5000,299.9500,289.1300,295.0000,285.2803,20144600
2025-05-28,294.0000,303.7800,293.2800,298.1100,288.2878,16114200
2025-05-29,296.8000,303.3800,295.0000,298.1700,288.3458,16221100
2025-05-30,297.9700,305.6400,295.8400,301.9100,291.9626,16309300
2025-06-02,303.1200,313.5500,300.9700,304.7200,294.6800,19074400
2025-06-03,303.1000,305.7200,300.0100,301.2200,291.2953,12805700
2025-06-04,303.5400,307.6400,300.2000,300.3800,290.4830,11255600
2025-06-05,300.3800,302.4200,294.1100,295.8400,286.0926,13529000
2025-06-06,297.2300,304.3900,297.1500,303.2200,293.2294,12589000
2025-06-09,305.0400,307.4000,301.1400,303.1900,293.2005,12170300
2025-06-10,303.8000,305.1200,300.5900,303.7900,293.7807,11384100
2025-06-11,302.6800,311.5800,302.2300,310.5600,300.3276,14711400
2025-06-12,311.4000,318.8000,308.5100,318.5000,308.0060,15957200
2025-06-13,315.9000,317.4200,311.9100,313.5300,303.1997,13762400
2025-06-16,313.0000,313.2700,304.7900,307.6600,299.6353,14240100
2025-06-17,307.4500,309.9500,305.5200,308.8700,300.8137,11593900
2025-06-18,307.5500,311.7900,306.2300,307.2000,299.1872,12205600
2025-06-20,309.5000,309.5900,301.5900,302.0100,294.1326,16177900
2025-06-23,301.9000,302.4700,295.5200,300.6800,292.8373,12274700
2025-06-24,301.4500,305.8200,299.3300,305.6200,297.6484,8781400
2025-06-25,304.3800,304.3800,299.8000,302.0200,294.1423,8722100
2025-06-26,302.5700,306.7100,301.2900,302.6200,294.7267,6532700
2025-06-27,302.9500,310.4500,302.2000,309.1100,301.0474,15304400
2025-06-30,309.0000,312.3800,306.3400,311.9700,303.8328,10074100
2025-07-01,311.9700,326.5500,311.0800,326.1400,317.6332,17865500
2025-07-02,320.7400,322.4200,306.4300,307.5600,299.5378,18177200
2025-07-03,309.8400,312.2500,308.2300,308.5500,300.5020,6161100
2025-07-07,308.0000,308.6100,301.2000,303.7100,295.7882,9031200
2025-07-08,304.2300,308.3000,303.8000,307.7000,299.6742,9613800
2025-07-09,303.1900,303.6000,298.7500,302.9100,295.0091,12816700
2025-07-10,303.0600,304.9300,296.6000,299.5100,291.6978,11355600
2025-07-11,300.0200,304.1200,298.0000,304.1000,296.1681,9808200
2025-07-14,301.6400,304.0400,299.0000,300.5800,292.7399,10681400
2025-07-15,299.7100,300.6800,291.0300,291.7100,284.1012,16019000
2025-07-16,292.5500,295.9900,290.7500,292.4900,284.8609,9714000
2025-07-17,292.3300,293.0000,283.8300,288.0700,280.5562,14792700
2025-07-18,287.8900,288.0700,280.8100,282.6500,275.2776,14979700
2025-07-21,284.6400,286.5000,281.2000,282.1400,274.7809,10319200
2025-07-22,282.6300,287.1100,282.0000,285.1300,277.6929,14600300
2025-07-23,287.5000,292.6400,284.9500,292.5100,284.8804,13111100
2025-07-24,283.1000,289.2100,278.2200,278.5800,271.3137,22585200
2025-07-25,281.0000,286.1400,279.9400,281.0600,273.7290,16486600
2025-07-28,283.5000,285.0000,279.6900,282.1200,274.7614,15779400
2025-07-29,265.7000,272.9100,260.5500,261.0700,254.2605,41706000
2025-07-30,264.8000,266.6300,258.1200,266.0400,259.1008,22371800
2025-07-31,261.4000,261.4000,247.7500,249.5600,243.0506,29606900
2025-08-01,250.6100,251.4900,234.6000,237.7700,231.5682,39989200
2025-08-04,238.2400,242.2500,236.9500,240.9800,234.6944,17427900
2025-08-05,241.1600,252.0700,240.0500,251.0000,244.4531,23795900
2025-08-06,250.6400,253.1600,245.3100,245.7800,239.3693,12946400
2025-08-07,246.4200,248.7500,239.5000,244.6700,238.2882,11369900
2025-08-08,244.7900,251.0800,244.3700,250.8900,244.3460,10185700
2025-08-11,253.8700,258.4000,252.1400,252.3700,245.7874,11779500
2025-08-12,254.0200,262.8800,253.6700,261.5700,254.7474,12171800
2025-08-13,264.3900,272.1900,262.8900,271.8100,264.7203,19480300
2025-08-14,272.1000,273.8500,267.0000,271.4900,264.4086,25011100
2025-08-15,301.7100,310.3000,294.7100,304.0100,296.0804,68198500
2025-08-18,313.1800,316.4000,307.4200,308.4900,300.4435,39600500
2025-08-19,308.9000,310.5000,299.2100,304.2400,296.3044,22348600
2025-08-20,306.4000,307.2000,295.7000,299.8400,292.0192,16679000
2025-08-21,302.2900,306.5700,297.8000,303.3500,295.4376,13359000
2025-08-22,306.1000,310.6800,304.5800,307.4200,299.4015,14930000
2025-08-25,308.4900,308.8700,302.7300,304.8600,296.9082,8917100
2025-08-26,304.3100,308.9600,294.2000,300.4300,292.5938,16303200
2025-08-27,300.5400,305.9700,300.5000,303.8800,295.9538,9982800
2025-08-28,304.2500,304.4700,299.4000,302.2900,294.4053,11235000
2025-08-29,302.3000,310.0000,300.9100,309.8700,301.7876,12065400
2025-09-02,308.3100,312.8900,307.3000,308.8000,300.7455,10957100
2025-09-03,308.1100,309.5900,303.7000,307.8800,299.8495,9654600
2025-09-04,306.1000,311.9100,304.1000,310.3800,302.2843,7725700
2025-09-05,310.4400,317.9400,308.2000,315.3900,307.1636,14126700
2025-09-08,319.7100,321.6500,313.8000,320.2500,311.8968,18438600
2025-09-09,332.5000,351.7100,327.1600,347.9200,338.8451,46408900
2025-09-10,345.5600,348.5700,341.4000,346.7800,337.7348,17804300
2025-09-11,349.0000,360.9800,345.8400,353.6100,344.3867,18943500
2025-09-12,355.9000,362.3100,352.4600,352.5100,343.3154,14016200
2025-09-15,351.2600,351.7100,342.5300,347.8900,340.9535,11035900
2025-09-16,347.5000,349.0400,338.3200,339.7800,333.0051,12695800
2025-09-17,337.6900,343.0000,337.6900,341.6100,334.7986,8467700
2025-09-18,343.5300,344.9300,334.1200,334.8200,328.1440,11255600
2025-09-19,336.5000,340.9600,333.8400,336.6900,329.9767,13656800
2025-09-22,334.4600,342.4800,332.6000,341.3000,334.4948,8903700
2025-09-23,341.0000,352.7000,339.9600,347.6900,340.7574,12504100
2025-09-24,350.2000,354.5000,347.8400,351.8100,344.7953,9016300
2025-09-25,348.9000,350.1900,343.6000,345.5600,338.6699,8104900
2025-09-26,347.9300,349.9700,341.3000,344.0800,337.2194,6774700
2025-09-29,343.9800,345.5500,341.4500,345.1800,338.2975,6878900
2025-09-30,343.7500,349.3200,342.3300,345.3000,338.4151,7429700
2025-10-01,343.9000,348.7000,341.6300,348.3000,341.3553,8825500
2025-10-02,347.2900,355.0800,344.6500,353.7200,346.6672,8564200
2025-10-03,357.2500,368.0000,356.6100,360.2000,353.0180,13494800
2025-10-06,361.0300,362.5200,357.1100,358.7700,351.6165,7181700
2025-10-07,359.4100,364.7200,358.0600,363.6600,356.4090,7236200
2025-10-08,366.9300,374.6300,365.8000,369.9200,362.5442,9438300
2025-10-09,372.5200,376.2200,366.0800,367.6900,360.3586,8759800
2025-10-10,369.4000,369.4000,352.5100,354.5000,347.4316,13141900
2025-10-13,354.7400,359.1600,353.3200,358.6600,351.5087,5659400
2025-10-14,354.9500,362.3300,353.4000,359.9300,352.7534,5974800
2025-10-15,359.3900,364.2200,355.8500,361.1500,353.9490,6579600
2025-10-16,361.8400,362.0000,354.4000,356.6700,349.5584,5872100
2025-10-17,351.0000,358.3900,350.8300,356.6000,349.4898,8608400
2025-10-20,358.5400,365.5700,357.5100,364.4800,357.2127,5996500
2025-10-21,365.1400,371.0500,361.5000,365.3700,358.0849,6885300
2025-10-22,363.9600,364.0000,358.0000,361.4900,354.2823,7833000
2025-10-23,355.5800,362.2800,353.6400,360.4500,353.2630,5756700
2025-10-24,361.3700,365.4200,360.0300,362.5000,355.2721,5462100
2025-10-27,363.5000,366.2200,361.4000,365.9800,358.6828,7766400
2025-10-28,380.6800,381.0000,358.6300,367.8400,360.5056,18858700
2025-10-29,364.2800,366.1500,353.8800,355.2600,348.1765,11874900
2025-10-30,347.5200,354.5400,343.6000,344.7500,337.8761,11441900
2025-10-31,344.3900,346.2800,337.1200,341.5600,334.7497,8390800
2025-11-03,339.1300,340.7000,326.6000,333.7900,327.1346,11181400
2025-11-04,327.6300,336.5000,327.2000,330.8300,324.2336,9646600
2025-11-05,326.3000,330.2100,324.2200,327.7400,321.2052,9697100
2025-11-06,328.9200,332.3700,321.4500,321.5600,315.1484,7922100
2025-11-07,319.6600,324.5500,314.1600,324.2100,317.7456,9402900
2025-11-10,319.9900,324.2500,317.1700,321.5800,315.1680,9283800
2025-11-11,323.3000,327.8600,319.8800,327.4500,320.9210,7157800
2025-11-12,328.4500,343.1700,327.0800,339.0600,332.2995,10403300
2025-11-13,338.3500,339.0300,331.2900,332.5200,325.8899,7788700
2025-11-14,326.9500,328.2100,320.4900,321.8600,315.4424,8676500
2025-11-17,320.6000,327.8800,319.4300,320.5200,314.1292,6485400
2025-11-18,317.0100,317.5000,308.7700,313.5800,307.3275,9182100
2025-11-19,313.9300,315.0000,304.5300,309.0900,302.9271,8181100
2025-11-20,310.8100,314.7500,310.0000,311.5400,305.3282,7337600
2025-11-21,311.9100,323.8400,311.4400,319.9700,313.5901,8406300
2025-11-24,324.5300,325.8500,317.6200,319.0500,312.6885,10773800
2025-11-25,321.1200,328.0000,320.9000,326.2800,319.7743,6149100
2025-11-26,326.5900,335.1900,325.8900,329.7100,323.1359,5504200
2025-11-28,331.6700,332.0600,328.8900,329.7700,323.1947,2464500
2025-12-01,327.1600,330.0600,323.0300,323.2100,316.7655,6154600
2025-12-02,323.3700,328.7000,322.8000,324.5400,318.0690,7978100
2025-12-03,326.0000,341.4100,325.0100,339.7100,332.9366,9770000
2025-12-04,339.4000,341.2600,328.7200,333.4900,326.8405,8061600
2025-12-05,335.0000,335.7100,328.5100,330.9100,324.3120,5906000
2025-12-08,328.7000,329.1000,322.8300,323.6200,319.2998,4782800
2025-12-09,323.1600,326.3600,322.4800,323.6000,319.2801,4628400
2025-12-10,322.7500,328.7300,319.6000,328.3700,323.9864,5910500
2025-12-11,330.3700,339.2500,328.7600,336.7300,332.2348,7513200
2025-12-12,337.5000,344.9800,337.3700,341.8400,337.2766,7979000
2025-12-15,340.9900,344.9600,337.0000,341.1000,336.5465,6447200
2025-12-16,340.4200,340.9900,331.0300,334.2000,329.7386,6334000
2025-12-17,333.6100,335.5200,330.4800,331.6300,327.2029,4685600
2025-12-18,328.9300,330.1800,324.5700,328.1400,323.7595,6354900
2025-12-19,328.0600,334.6000,326.0700,327.4200,323.0491,10553000
2025-12-22,322.9000,329.8000,321.6500,325.1600,320.8193,7872400
2025-12-23,324.0000,327.8000,323.7600,324.8000,320.4641,4463300
2025-12-24,325.2000,328.9900,324.1300,327.5800,323.2069,2842700
2025-12-26,327.2000,331.8900,326.2600,331.8300,327.4002,4359300
2025-12-29,330.8900,334.2500,328.2800,328.9400,324.5488,4346800
2025-12-30,329.7300,336.1500,329.5100,332.1600,327.7258,4432500
2025-12-31,332.3200,333.3300,329.8800,330.1100,325.7032,4285200
2026-01-02,330.9000,340.2600,327.5000,336.4000,331.9092,6863600
2026-01-05,335.4500,346.9400,333.8500,342.0200,337.4542,7956600
2026-01-06,348.3500,352.6100,345.1200,348.9700,344.3114,9441900
2026-01-07,348.9800,350.1100,338.0400,341.7000,337.1385,7461400
2026-01-08,341.0100,347.9000,340.8000,346.8500,342.2197,5059300
2026-01-09,347.2500,349.0600,342.4800,343.9800,339.3881,4129100
2026-01-12,341.4200,342.6500,333.9400,340.5100,335.9644,7146400
2026-01-13,341.5000,341.8400,332.8500,333.9300,329.4722,5605900
2026-01-14,335.3700,340.1100,334.1000,334.9600,330.4884,5740900
2026-01-15,335.2000,339.4500,328.0600,338.9600,334.4351,6943500
2026-01-16,334.8600,336.2000,330.4300,331.0200,326.6010,8039100
2026-01-20,327.4000,339.8900,326.5000,338.4300,333.9121,7596500
2026-01-21,339.4300,348.0800,338.6900,347.7500,343.1077,8933300
2026-01-22,347.1800,354.9500,346.7700,354.4700,349.7380,7491400
2026-01-23,354.2800,357.8700,352.9900,356.2600,351.5041,9082200
2026-01-26,353.9500,354.7900,347.2700,351.6400,346.9458,10399500
2026-01-27,293.9700,299.5000,280.4000,282.7000,278.9261,65836900
2026-01-28,283.7200,294.9400,283.7200,294.0200,290.0950,23396900
2026-01-29,294.3300,295.6000,289.2200,292.2900,288.3881,13456400
2026-01-30,292.1000,292.9500,284.7000,286.9300,283.0996,12022200
2026-02-02,286.0200,290.4000,282.2800,285.5900,281.7775,8664200
2026-02-03,284.7000,288.0900,278.6000,284.1800,280.3863,10809100
2026-02-04,282.0100,284.5000,274.0500,275.9200,272.2366,12944100
2026-02-05,274.2900,276.8900,266.2900,268.5500,264.9650,13035300
2026-02-06,267.0600,277.8100,266.4100,276.6500,272.9568,9572800
2026-02-09,274.1500,280.1800,273.3200,275.7000,272.0196,10371600
2026-02-10,277.5200,279.4900,272.6500,273.2200,269.5727,7284700
2026-02-11,272.4400,279.6900,269.8000,278.9100,275.1867,6333100
2026-02-12,278.1600,286.3100,275.8100,284.3700,280.5738,12336900
2026-02-13,285.6300,293.4600,284.5100,293.1900,289.2760,10281900
2026-02-17,294.0000,294.2300,288.3400,289.0900,285.2308,6091700
2026-02-18,290.0000,290.1300,286.2900,288.2000,284.3527,6632000
2026-02-19,290.8900,290.8900,286.8900,289.9300,286.0596,4931800
2026-02-20,288.9000,290.8000,285.5500,290.0000,286.1286,6974100
2026-02-23,288.5500,291.7700,281.6700,282.3400,278.5709,7247500
2026-02-24,282.2000,282.4000,271.8000,273.9500,270.2929,9684500
2026-02-25,277.2900,284.7400,276.8700,284.2000,280.4061,11380600
2026-02-26,286.9800,295.2600,285.2300,286.6600,282.8332,10210000
2026-02-27,284.7000,294.1300,283.8500,293.2700,289.3549,9723300
2026-03-02,288.1600,295.3100,287.5000,294.9300,290.9928,8141400
2026-03-03,288.9900,293.7400,284.3600,289.2100,285.3492,7051100
2026-03-04,289.0100,294.3400,287.6800,291.9600,288.0624,7796000
2026-03-05,290.0500,291.3900,286.7400,288.7700,284.9150,5397900
2026-03-06,287.3400,291.3300,283.0500,286.4800,282.6556,6816900
2026-03-09,282.0000,285.2000,278.6600,285.1700,283.5505,10348800
2026-03-10,287.3800,287.5800,278.9000,282.3400,280.7366,6075600
2026-03-11,282.3800,286.2200,280.6000,285.2500,283.6301,6878800
2026-03-12,284.7800,287.5600,276.2900,277.0500,275.4766,10512300
2026-03-13,278.0600,282.8800,277.8100,282.0900,280.4880,4737600
2026-03-16,283.9800,287.4000,281.0400,285.4900,283.8687,4854000
2026-03-17,287.8000,288.9900,284.8400,287.5700,285.9369,5752000
2026-03-18,285.2000,288.4000,283.0700,284.3300,282.7153,4544100
2026-03-19,284.0000,287.5500,280.0700,280.4400,278.8474,5542100
2026-03-20,278.9900,283.1000,275.0000,275.5900,274.0249,38893000
2026-03-23,279.1400,280.7500,269.0900,269.5400,268.0093,10424200
2026-03-24,268.8700,273.3800,267.5900,272.2800,270.7337,5911700
2026-03-25,275.0000,276.0800,267.1100,270.5500,269.0135,8121200
2026-03-26,269.9900,274.6400,267.1800,268.0500,266.5277,6218800
2026-03-27,267.5000,267.6700,255.9700,259.0200,257.5490,10735300
2026-03-30,260.1800,262.3300,256.6700,261.7900,260.3033,7774700
2026-03-31,263.0000,271.8800,262.6100,270.5900,269.0533,9170800
2026-04-01,274.2100,275.3000,270.7600,273.9800,272.4241,5473400
2026-04-02,272.2900,279.0400,271.5300,277.2600,275.6855,6407000
2026-04-06,277.8800,283.3000,277.2500,281.3600,279.7621,7097000
2026-04-07,308.8500,312.4300,300.7500,307.7300,305.9824,22099800
2026-04-08,312.0000,312.9700,304.8300,305.9800,304.2423,9645000
2026-04-09,305.8200,307.8900,304.1400,306.9100,305.1671,5742000
2026-04-10,307.9500,310.3700,304.2000,304.3300,302.6017,5212900
2026-04-13,303.2500,313.3200,302.9200,313.0000,311.2225,7972200
2026-04-14,312.5100,319.6200,312.5100,314.1900,312.4057,5864500
2026-04-15,316.0000,317.7600,311.1500,314.0500,312.2665,5041200
2026-04-16,315.0000,318.6100,313.1100,316.4000,314.6031,5205600
2026-04-17,320.0500,325.2700,317.1400,324.6300,322.7864,9414700
2026-04-20,324.1900,325.4000,320.1200,323.4800,321.6430,9050600
2026-04-21,353.0100,357.6800,345.2300,346.0100,344.0450,26097300
2026-04-22,350.8800,358.5600,349.1000,353.5200,351.5124,11807300
2026-04-23,354.6800,356.8500,350.5000,354.5600,352.5464,7255800
2026-04-24,356.4900,358.2800,351.3900,354.9200,352.9044,8554600
2026-04-27,353.9100,356.4900,348.9500,354.6900,352.6757,7256100
2026-04-28,356.8400,369.6300,355.7200,366.7700,364.6871,10604100
2026-04-29,366.0000,370.8400,365.0100,370.7400,368.6346,9046600
2026-04-30,368.5100,371.9900,363.0000,370.4800,368.3760,6879900
2026-05-01,371.9600,372.9000,367.0200,368.7800,366.6857,4945400
2026-05-04,368.5500,370.8300,364.6500,370.7500,368.6445,4916900
2026-05-05,370.4800,371.8000,361.8100,363.8700,361.8036,6489000
2026-05-06,363.1000,368.5500,358.2500,367.2800,365.1942,6695500
2026-05-07,366.6400,369.8100,364.7200,369.7400,367.6402,5235400
2026-05-08,371.9900,379.9800,371.9900,379.9800,377.8221,6455100
2026-05-11,380.4500,384.8100,376.0700,384.4400,382.2568,6949600
2026-05-12,382.8500,397.4200,382.0100,396.3900,394.1389,9236300
2026-05-13,396.5000,404.1500,393.0000,401.1600,398.8818,8454100
2026-05-14,401.0000,401.9000,396.0000,399.0900,396.8235,5342500
2026-05-15,394.3000,397.6300,390.2500,393.8500,391.6133,9811200
2026-05-18,390.0000,392.1400,383.5000,391.1300,388.9088,8400700
2026-05-19,390.0000,394.9900,387.5100,389.2400,387.0295,5016800
2026-05-20,389.5500,393.3800,380.7000,383.3000,381.1232,7783900
2026-05-21,381.1200,386.1100,380.5400,382.4800,380.3079,4732500
2026-05-22,381.9200,390.5400,381.0100,388.4700,386.2639,5598600
2026-05-26,386.0000,386.5200,376.4100,376.8600,374.7198,6498100
2026-05-27,378.4300,384.5300,377.0900,384.0100,381.8292,4544000
2026-05-28,384.9600,389.2600,380.9600,382.5300,380.3576,4330800
2026-05-29,383.7800,385.1200,375.4500,380.3100,378.1502,10257900
2026-06-01,376.1100,383.3500,375.9200,379.8600,377.7028,6623700
2026-06-02,377.9800,380.0800,374.7200,377.9200,375.7738,3874400
2026-06-03,380.0000,387.4600,376.8100,377.0000,374.8590,6808400
2026-06-04,390.0000,401.3800,389.8200,396.4700,394.2184,12666100
2026-06-05,399.5400,404.0400,397.2000,399.4700,397.2014,10897300
2026-06-08,397.1300,408.7100,394.9900,406.5700,404.2611,6963200
2026-06-09,409.9900,413.0000,407.4400,413.0000,410.6546,8590400
2026-06-10,413.5000,415.9800,404.5500,407.4600,405.1460,6512900
2026-06-11,408.7100,409.9800,403.1100,405.5500,403.2469,4938100
2026-06-12,409.0100,409.8900,404.8100,408.5200,406.2000,7269600
2026-06-15,406.7000,414.1600,399.6500,411.0400,411.0400,6777900
2026-06-16,410.6800,411.7500,406.5400,407.6500,407.6500,4815100
2026-06-17,409.1200,411.1600,398.5900,399.5300,399.5300,5838800
2026-06-18,402.7700,406.2000,399.1500,400.9600,400.9600,11896900
2026-06-22,402.1400,409.4600,402.1400,406.6800,406.6800,5818600
2026-06-23,409.5200,409.9000,402.8400,409.2500,409.2500,6675900
2026-06-24,410.5400,413.4300,400.0000,405.8000,405.8000,6858800
2026-06-25,406.6500,417.5800,406.6500,415.5300,415.5300,6014400
2026-06-26,416.1600,427.9300,416.1600,427.8900,427.8900,10588200
2026-06-29,426.5300,426.7000,415.8100,419.8200,419.8200,5167400
2026-06-30,422.7200,422.7400,413.2500,415.6300,415.6300,5779800
2026-07-01,417.1100,428.0200,413.7300,426.5400,426.5400,4985900
2026-07-02,428.1300,430.2000,420.5400,425.3600,425.3600,3928800
2026-07-06,423.4900,424.4400,415.0500,417.9900,417.9900,6379000
2026-07-07,423.9500,428.6000,422.1300,428.1900,428.1900,5800500
2026-07-08,427.1500,430.7700,423.8300,425.6000,425.6000,3859200
2026-07-09,427.1100,434.3000,423.5200,431.6800,431.6800,5566000
2026-07-10,431.6700,432.8600,423.6500,424.6200,424.6200,3798600
2026-07-13,426.4700,431.5500,425.5300,429.0900,429.0900,3863800
2026-07-14,431.0000,432.1500,421.7900,425.1900,425.1900,5135900
2026-07-15,419.4900,424.1100,414.3700,418.5200,418.5200,6764800
2026-07-16,449.3900,461.6200,420.3700,423.3800,423.3800,13281900
2026-07-17,426.7200,437.4700,425.1000,426.0900,426.0900,10718100
2026-07-20,427.2500,431.0200,417.3800,421.5500,421.5500,4818800
2026-07-21,422.4800,437.0000,420.5000,436.3500,436.3500,6833600
2026-07-22,434.9500,436.3200,429.7000,431.3100,431.3100,4234100
2026-07-23,428.2700,430.4900,420.4000,423.5600,423.5600,4868700
2026-07-24,425.2400,429.0000,418.9200,420.7400,420.7400,3752500
2026-07-27,422.5100,422.8800,412.5400,417.6400,417.6400,4615700
2026-07-28,419.9300,430.4600,415.1100,428.7900,428.7900,5917300
2026-07-29,428.2600,431.6800,420.3500,420.5700,420.5700,5257900
2026-07-30,415.1900,427.3400,411.2900,421.4700,421.4700,3647500
2026-07-31,422.0000,422.8100,414.0600,414.4000,414.4000,3920900
2026-08-03,417.4300,419.3400,413.3200,415.3600,415.3600,3209600
2026-08-04,415.5600,416.0000,406.6700,407.5500,407.5500,5266300
2026-08-05,403.1900,416.3600,397.8000,412.7500,412.7500,5399000
2026-08-06,415.2700,416.9700,402.4000,403.9700,403.9700,4712400
2026-08-07,401.5900,410.6400,400.6600,407.0800,407.0800,4095900
2026-08-10,408.6000,413.0700,407.9900,408.7400,408.7400,3182200
2026-08-11,409.0000,410.9000,401.3200,402.1900,402.1900,3398900
2026-08-12,400.9800,407.2000,400.5000,405.5900,405.5900,3317200
2026-08-13,405.5900,407.3200,398.5900,399.0600,399.0600,4170200
2026-08-14,398.0000,403.1800,396.5600,401.7300,401.7300,3476400
2026-08-17,398.5700,398.9000,391.4300,395.6200,395.6200,5295100
2026-08-18,397.4300,398.7900,393.5100,393.9300,393.9300,3605100
2026-08-19,394.5700,396.8000,386.3300,388.6100,388.6100,5268500
2026-08-20,388.2500,392.7100,383.8300,384.8500,384.8500,4497200
2026-08-21,386.0000,393.6600,386.0000,390.1100,390.1100,4879600
2026-08-24,391.0400,399.5800,390.8600,398.7600,398.7600,4683900
2026-08-25,397.8000,399.0300,395.6200,396.5900,396.5900,2655000
2026-08-26,396.3300,406.2500,396.0100,401.0100,401.0100,3557000
2026-08-27,396.8700,399.8800,393.7700,395.0500,395.0500,3668200
2026-08-28,396.4200,396.7400,392.6600,392.9500,392.9500,2455500
2026-08-31,393.5200,394.4900,387.7100,389.4100,389.4100,5748000
2026-09-01,392.0800,399.6000,391.7800,396.3000,396.3000,3716200
2026-09-02,399.2700,401.1400,396.5100,399.6600,399.6600,3265300
2026-09-03,400.0200,405.1600,395.3000,400.9400,400.9400,5488900
2026-09-04,397.0500,402.2300,395.2000,397.1400,397.1400,5565400
