date,open,high,low,close,adj_close,volume
2010-01-04,10430.6904,10604.9697,10430.6904,10583.9600,10583.9600,179780000
2010-01-05,10584.5596,10584.5596,10522.5195,10572.0195,10572.0195,188540000
2010-01-06,10564.7197,10594.9902,10546.5498,10573.6797,10573.6797,186040000
2010-01-07,10571.1104,10612.3701,10505.2100,10606.8604,10606.8604,217390000
2010-01-08,10606.4004,10619.4004,10554.3301,10618.1904,10618.1904,172710000
2010-01-11,10620.3096,10676.2305,10591.5898,10663.9902,10663.9902,182050000
2010-01-12,10662.8604,10663.0801,10568.8398,10627.2598,10627.2598,256050000
2010-01-13,10628.0898,10709.2598,10614.4902,10680.7695,10680.7695,202810000
2010-01-14,10680.1602,10723.7695,10666.8604,10710.5498,10710.5498,201320000
2010-01-15,10706.9902,10709.9404,10561.0596,10609.6504,10609.6504,362930000
2010-01-19,10608.3701,10729.8896,10591.9697,10725.4297,10725.4297,192150000
2010-01-20,10719.6904,10719.9199,10517.2998,10603.1504,10603.1504,203270000
2010-01-21,10603.9102,10614.9404,10374.6904,10389.8799,10389.8799,304290000
2010-01-22,10389.5801,10389.5801,10157.6396,10172.9805,10172.9805,323620000
2010-01-25,10175.0996,10256.8701,10171.7695,10196.8604,10196.8604,215330000
2010-01-26,10195.3496,10285.1299,10155.5996,10194.2900,10194.2900,217300000
2010-01-27,10194.2900,10255.0596,10104.3604,10236.1602,10236.1602,262170000
2010-01-28,10236.9199,10258.8301,10055.0801,10120.4600,10120.4600,240050000
2010-01-29,10122.0400,10239.3398,10043.7500,10067.3301,10067.3301,316900000
2010-02-01,10068.9902,10190.8896,10068.9102,10185.5303,10185.5303,198430000
2010-02-02,10186.1299,10314.8398,10173.5898,10296.8496,10296.8496,237140000
2010-02-03,10291.7305,10307.2002,10231.9297,10270.5498,10270.5498,198940000
2010-02-04,10273.1201,10273.1201,9998.0303,10002.1797,10002.1797,304240000
2010-02-05,10003.6904,10031.9600,9835.0898,10012.2305,10012.2305,308320000
2010-02-08,10005.4297,10028.5596,9904.0898,9908.3896,9908.3896,216270000
2010-02-09,9910.2803,10139.4297,9910.0596,10058.6396,10058.6396,236210000
2010-02-10,10055.4600,10085.5400,9962.9600,10038.3799,10038.3799,178600000
2010-02-11,10037.8496,10161.5703,9976.7100,10144.1904,10144.1904,194470000
2010-02-12,10137.2305,10137.3896,9983.8203,10099.1396,10099.1396,296510000
2010-02-16,10100.8096,10279.5400,10100.8096,10268.8096,10268.8096,234900000
2010-02-17,10261.4805,10320.1299,10261.4805,10309.2402,10309.2402,193270000
2010-02-18,10309.3896,10406.5801,10294.5098,10392.9004,10392.9004,185310000
2010-02-19,10387.7695,10438.5498,10339.1699,10402.3496,10402.3496,241750000
2010-02-22,10402.4297,10433.6396,10368.9502,10383.3799,10383.3799,158440000
2010-02-23,10383.1602,10411.1201,10267.8301,10282.4102,10282.4102,190740000
2010-02-24,10284.0000,10393.5098,10283.9297,10374.1602,10374.1602,181450000
2010-02-25,10366.5996,10366.6797,10185.8301,10321.0303,10321.0303,242550000
2010-02-26,10321.4102,10353.4502,10272.2900,10325.2598,10325.2598,282120000
2010-03-01,10326.0996,10413.9902,10326.0996,10403.7900,10403.7900,173750000
2010-03-02,10404.1602,10456.9199,10389.4297,10405.9805,10405.9805,217180000
2010-03-03,10406.2803,10469.5400,10376.5801,10396.7598,10396.7598,183290000
2010-03-04,10396.5303,10452.3799,10390.8604,10444.1396,10444.1396,165740000
2010-03-05,10445.1299,10571.9404,10445.0498,10566.2002,10566.2002,184270000
2010-03-08,10563.7803,10587.7402,10542.3896,10552.5195,10552.5195,171780000
2010-03-09,10552.2402,10612.5996,10533.9297,10564.3799,10564.3799,219860000
2010-03-10,10560.1299,10601.7900,10526.5195,10567.3301,10567.3301,186570000
2010-03-11,10560.9805,10611.8398,10507.1699,10611.8398,10611.8398,150000000
2010-03-12,10611.7695,10644.9502,10594.8398,10624.6904,10624.6904,166140000
2010-03-15,10623.4102,10644.1904,10570.5098,10642.1504,10642.1504,160570000
2010-03-16,10642.5303,10693.9902,10621.9004,10685.9805,10685.9805,227410000
2010-03-17,10686.3604,10767.9805,10686.3604,10733.6699,10733.6699,194190000
2010-03-18,10733.4404,10784.0000,10728.1504,10779.1699,10779.1699,153280000
2010-03-19,10780.0000,10819.9004,10694.2197,10741.9805,10741.9805,434190000
2010-03-22,10741.0000,10809.8496,10695.1299,10785.8896,10785.8896,157200000
2010-03-23,10787.1797,10893.8896,10784.7598,10888.8301,10888.8301,189140000
2010-03-24,10887.6201,10887.8398,10825.4199,10836.1504,10836.1504,195570000
2010-03-25,10837.5098,10955.4805,10834.1904,10841.2100,10841.2100,200330000
2010-03-26,10841.2900,10909.3799,10816.4297,10850.3604,10850.3604,175490000
2010-03-29,10849.2305,10916.6396,10849.2305,10895.8604,10895.8604,136710000
2010-03-30,10895.0195,10940.2197,10866.8301,10907.4199,10907.4199,148810000
2010-03-31,10907.3398,10907.4199,10832.8301,10856.6299,10856.6299,197060000
2010-04-01,10857.3096,10956.3896,10857.3096,10927.0703,10927.0703,159520000
2010-04-05,10927.4502,10988.0596,10923.9697,10973.5498,10973.5498,139480000
2010-04-06,10972.4902,10987.3799,10927.5195,10969.9902,10969.9902,159960000
2010-04-07,10961.9502,10962.6602,10845.4502,10897.5195,10897.5195,187000000
2010-04-08,10896.9902,10949.3604,10844.0898,10927.0703,10927.0703,158930000
2010-04-09,10926.9199,11000.9805,10926.9199,10997.3496,10997.3496,150660000
2010-04-12,10996.7500,11029.7695,10992.2100,11005.9697,11005.9697,153960000
2010-04-13,11006.7197,11038.9199,10947.7695,11019.4199,11019.4199,183950000
2010-04-14,11020.7002,11125.2197,11020.6299,11123.1104,11123.1104,223920000
2010-04-15,11122.9600,11154.5498,11096.2002,11144.5703,11144.5703,203720000
2010-04-16,11143.6602,11153.7900,10973.9199,11018.6602,11018.6602,373950000
2010-04-19,11018.3604,11095.2998,10977.8496,11092.0498,11092.0498,214850000
2010-04-20,11093.1104,11146.0801,11081.4697,11117.0596,11117.0596,175170000
2010-04-21,11116.9102,11153.7197,11071.3398,11124.9199,11124.9199,188880000
2010-04-22,11119.7803,11149.8604,11016.4004,11134.2900,11134.2900,214700000
2010-04-23,11132.1797,11205.6396,11105.6504,11204.2803,11204.2803,207380000
2010-04-26,11205.1104,11258.0098,11187.6504,11205.0303,11205.0303,191920000
2010-04-27,11203.6699,11218.8604,10973.1699,10991.9902,10991.9902,263400000
2010-04-28,10988.8701,11078.5195,10965.3799,11045.2695,11045.2695,236760000
2010-04-29,11045.6396,11197.3203,11041.6396,11167.3203,11167.3203,194310000
2010-04-30,11168.2305,11197.9297,10999.6904,11008.6104,11008.6104,255130000
2010-05-03,11009.5996,11177.6699,11009.5996,11151.8301,11151.8301,178080000
2010-05-04,11149.4805,11149.4805,10869.2500,10926.7695,10926.7695,242100000
2010-05-05,10918.4004,10946.7900,10814.8398,10866.8301,10866.8301,218830000
2010-05-06,10868.1201,10879.7598,9869.6201,10520.3203,10520.3203,459890000
2010-05-07,10519.4199,10579.1201,10241.2305,10380.4297,10380.4297,428730000
2010-05-10,10386.1797,10835.1699,10386.0303,10785.1396,10785.1396,313350000
2010-05-11,10780.0000,10874.5400,10685.3799,10748.2598,10748.2598,223950000
2010-05-12,10742.1504,10909.0801,10742.1504,10896.9102,10896.9102,196630000
2010-05-13,10896.6104,10920.2695,10771.6904,10782.9502,10782.9502,201480000
2010-05-14,10780.6797,10780.7500,10537.2500,10620.1602,10620.1602,256500000
2010-05-17,10616.9805,10660.9697,10436.0596,10625.8301,10625.8301,221910000
2010-05-18,10625.4502,10718.8604,10482.2002,10510.9502,10510.9502,246370000
2010-05-19,10505.7002,10522.5195,10324.6602,10444.3701,10444.3701,266340000
2010-05-20,10440.2100,10440.2100,10065.3604,10068.0098,10068.0098,360350000
2010-05-21,10063.9297,10198.5303,9918.8203,10193.3896,10193.3896,438220000
2010-05-24,10193.4600,10196.4102,10052.6699,10066.5703,10066.5703,211430000
2010-05-25,10061.4297,10061.6602,9774.4805,10043.7500,10043.7500,316960000
2010-05-26,10045.1104,10179.0303,9952.6797,9974.4502,9974.4502,316080000
2010-05-27,9971.7305,10264.2002,9971.7305,10258.9902,10258.9902,264770000
2010-05-28,10258.0000,10258.0000,10095.9004,10136.6299,10136.6299,243720000
2010-06-01,10133.9404,10218.3301,10013.9004,10024.0195,10024.0195,221900000
2010-06-02,10025.6104,10254.2197,10025.6104,10249.5400,10249.5400,200850000
2010-06-03,10250.6699,10315.2100,10175.0195,10255.2803,10255.2803,176870000
2010-06-04,10249.6104,10249.6904,9889.8799,9931.9697,9931.9697,256600000
2010-06-07,9931.7500,9982.3799,9810.2998,9816.4902,9816.4902,222940000
2010-06-08,9812.9404,9953.6602,9757.5498,9939.9805,9939.9805,259680000
2010-06-09,9941.5703,10065.1396,9867.7305,9899.2500,9899.2500,222680000
2010-06-10,9901.6699,10185.8301,9901.6699,10172.5303,10172.5303,221730000
2010-06-11,10166.7803,10215.9805,10082.7100,10211.0703,10211.0703,187890000
2010-06-14,10211.8301,10328.6699,10186.2100,10190.8896,10190.8896,177920000
2010-06-15,10192.4004,10408.3203,10192.4004,10404.7695,10404.7695,203170000
2010-06-16,10404.2402,10429.0303,10332.5996,10409.4600,10409.4600,165700000
2010-06-17,10409.9805,10441.2002,10319.2197,10434.1699,10434.1699,181070000
2010-06-18,10435.0000,10483.4404,10424.4902,10450.6396,10450.6396,338010000
2010-06-21,10452.4600,10594.1602,10395.5498,10442.4102,10442.4102,165190000
2010-06-22,10441.9502,10493.5703,10283.4004,10293.5195,10293.5195,175750000
2010-06-23,10293.2998,10368.0400,10227.2402,10298.4404,10298.4404,195100000
2010-06-24,10297.0801,10298.0596,10128.8496,10152.7998,10152.7998,244440000
2010-06-25,10153.4805,10202.9102,10081.0801,10143.8096,10143.8096,434500000
2010-06-28,10143.0498,10201.9297,10101.4102,10138.5195,10138.5195,164100000
2010-06-29,10135.7197,10135.7998,9811.9199,9870.2998,9870.2998,290500000
2010-06-30,9868.3398,9908.9199,9753.8398,9774.0195,9774.0195,235090000
2010-07-01,9773.2695,9795.4805,9621.8896,9732.5303,9732.5303,262820000
2010-07-02,9732.5303,9770.8701,9614.3203,9686.4805,9686.4805,199570000
2010-07-06,9686.4805,9858.1299,9659.0098,9743.6201,9743.6201,261020000
2010-07-07,9743.6201,10026.5996,9736.7002,10018.2803,10018.2803,219560000
2010-07-08,10019.2598,10139.8604,10019.2598,10138.9902,10138.9902,192210000
2010-07-09,10138.9902,10201.7695,10118.4102,10198.0303,10198.0303,134810000
2010-07-12,10199.2402,10220.2803,10146.4902,10216.2695,10216.2695,131490000
2010-07-13,10217.5498,10407.8203,10217.5498,10363.0195,10363.0195,179040000
2010-07-14,10370.9600,10400.0996,10303.0000,10366.7197,10366.7197,208530000
2010-07-15,10367.0996,10379.7402,10240.4805,10359.3096,10359.3096,210000000
2010-07-16,10356.2002,10356.2002,10079.5801,10097.9004,10097.9004,335060000
2010-07-19,10098.1201,10187.2803,10073.6797,10154.4297,10154.4297,176970000
2010-07-20,10151.4805,10236.4004,10007.7598,10229.9600,10229.9600,194410000
2010-07-21,10226.0195,10265.5400,10065.5000,10120.5303,10120.5303,203900000
2010-07-22,10121.8096,10363.2402,10121.8096,10322.2998,10322.2998,202220000
2010-07-23,10321.1602,10441.9502,10287.4805,10424.6201,10424.6201,200000000
2010-07-26,10424.1699,10526.7900,10414.4004,10525.4297,10525.4297,178820000
2010-07-27,10525.2803,10578.3301,10494.8604,10537.6904,10537.6904,180550000
2010-07-28,10537.0098,10548.5195,10463.2197,10497.8799,10497.8799,162070000
2010-07-29,10498.9404,10584.9902,10387.3896,10467.1602,10467.1602,202110000
2010-07-30,10465.1904,10507.1904,10347.5000,10465.9404,10465.9404,208160000
2010-08-02,10468.8203,10692.2002,10468.5898,10674.3799,10674.3799,167640000
2010-08-03,10673.9199,10676.9502,10600.9600,10636.3799,10636.3799,164880000
2010-08-04,10630.2002,10702.9902,10627.5303,10680.4297,10680.4297,173360000
2010-08-05,10679.6699,10679.7500,10612.8496,10674.9805,10674.9805,139610000
2010-08-06,10668.5498,10668.7002,10515.3701,10653.5596,10653.5596,154870000
2010-08-09,10654.6201,10719.9404,10649.4004,10698.7500,10698.7500,166330000
2010-08-10,10696.6299,10700.7100,10551.6201,10644.2500,10644.2500,203490000
2010-08-11,10631.8203,10631.9004,10367.3301,10378.8301,10378.8301,219330000
2010-08-12,10361.5801,10361.6504,10268.7100,10319.9502,10319.9502,221030000
2010-08-13,10320.3301,10354.9199,10285.4404,10303.1504,10303.1504,151620000
2010-08-16,10303.0703,10333.1201,10209.5303,10302.0098,10302.0098,146040000
2010-08-17,10297.6299,10480.4404,10297.4697,10405.8496,10405.8496,191340000
2010-08-18,10398.5898,10472.2998,10330.0195,10415.5400,10415.5400,168560000
2010-08-19,10411.1504,10411.1504,10216.1904,10271.2100,10271.2100,227740000
2010-08-20,10270.9805,10270.9805,10147.2402,10213.6201,10213.6201,251150000
2010-08-23,10215.5098,10304.7002,10170.2900,10174.4102,10174.4102,173000000
2010-08-24,10173.0498,10173.0498,9991.1797,10040.4502,10040.4502,223680000
2010-08-25,10040.1504,10097.4004,9937.9805,10060.0596,10060.0596,183890000
2010-08-26,10059.9004,10104.7100,9968.0996,9985.8096,9985.8096,176330000
2010-08-27,9982.1797,10159.8799,9936.6201,10150.6504,10150.6504,207760000
2010-08-30,10145.5801,10150.5703,10007.6797,10009.7305,10009.7305,150480000
2010-08-31,10006.4199,10073.3799,9941.8398,10014.7197,10014.7197,255420000
2010-09-01,10016.0098,10279.0801,10016.0098,10269.4697,10269.4697,205710000
2010-09-02,10270.0801,10320.3701,10253.9600,10320.0996,10320.0996,149930000
2010-09-03,10321.9199,10451.1504,10321.8398,10447.9297,10447.9297,168600000
2010-09-07,10446.7998,10446.7998,10332.4004,10340.6904,10340.6904,149040000
2010-09-08,10338.4902,10426.7002,10335.6904,10387.0098,10387.0098,166760000
2010-09-09,10388.1396,10476.6201,10386.6299,10415.2402,10415.2402,163590000
2010-09-10,10415.0098,10471.2803,10403.1699,10462.7695,10462.7695,140320000
2010-09-13,10458.5996,10567.5898,10458.5996,10544.1299,10544.1299,190720000
2010-09-14,10544.7305,10588.3203,10499.7002,10526.4902,10526.4902,192410000
2010-09-15,10526.4199,10587.7998,10480.7803,10572.7305,10572.7305,167420000
2010-09-16,10571.7500,10603.6904,10522.4805,10594.8301,10594.8301,170300000
2010-09-17,10595.5498,10650.1602,10567.3604,10607.8496,10607.8496,367230000
2010-09-20,10608.0801,10774.1299,10608.0801,10753.6201,10753.6201,157120000
2010-09-21,10753.3896,10833.3896,10717.7402,10761.0303,10761.0303,186740000
2010-09-22,10761.1104,10805.3799,10708.4004,10739.3096,10739.3096,168590000
2010-09-23,10738.4805,10761.9404,10640.9199,10662.4199,10662.4199,156830000
2010-09-24,10664.3896,10865.7803,10664.3096,10860.2598,10860.2598,179270000
2010-09-27,10860.0303,10873.2002,10809.6201,10812.0400,10812.0400,143910000
2010-09-28,10809.1699,10886.2100,10728.6396,10858.1396,10858.1396,167110000
2010-09-29,10857.9805,10869.2598,10798.8799,10835.2803,10835.2803,158830000
2010-09-30,10836.0400,10948.8799,10745.4404,10788.0498,10788.0498,214540000
2010-10-01,10789.7197,10866.5400,10780.6396,10829.6797,10829.6797,161890000
2010-10-04,10828.8496,10853.7100,10711.1201,10751.2695,10751.2695,160370000
2010-10-05,10752.7803,10965.6104,10752.6299,10944.7197,10944.7197,216240000
2010-10-06,10936.7900,10974.1602,10918.5703,10967.6504,10967.6504,163440000
2010-10-07,10968.4102,10998.5303,10892.7598,10948.5801,10948.5801,141920000
2010-10-08,10948.5000,11032.1699,10929.2803,11006.4805,11006.4805,152280000
2010-10-11,11006.9297,11030.5000,10977.9004,11010.3398,11010.3398,114830000
2010-10-12,11010.7900,11053.2100,10913.8398,11020.4004,11020.4004,155150000
2010-10-13,11022.8203,11155.2305,11022.0703,11096.0801,11096.0801,224920000
2010-10-14,11096.9902,11112.2002,11023.5400,11094.5703,11094.5703,196170000
2010-10-15,11096.0098,11141.1904,11010.6797,11062.7803,11062.7803,319210000
2010-10-18,11062.6299,11159.0498,11054.7598,11143.6904,11143.6904,190290000
2010-10-19,11139.5996,11139.5996,10917.6201,10978.6201,10978.6201,247640000
2010-10-20,10974.5195,11152.8799,10970.8896,11107.9697,11107.9697,220140000
2010-10-21,11105.2402,11213.5400,11066.1904,11146.5703,11146.5703,178060000
2010-10-22,11146.4102,11159.0498,11109.2500,11132.5596,11132.5596,104570000
2010-10-25,11133.4004,11247.5996,11132.3398,11164.0498,11164.0498,168110000
2010-10-26,11163.1396,11184.8203,11087.0000,11169.4600,11169.4600,159040000
2010-10-27,11168.4004,11168.4004,11020.8203,11126.2803,11126.2803,167080000
2010-10-28,11127.3398,11179.3398,11052.5996,11113.9502,11113.9502,156250000
2010-10-29,11120.4502,11131.0098,11075.7998,11118.4902,11118.4902,189650000
2010-11-01,11120.2998,11244.2695,11062.3301,11124.6201,11124.6201,150130000
2010-11-02,11125.2197,11219.5195,11125.2197,11188.7197,11188.7197,150390000
2010-11-03,11184.8799,11226.6396,11097.3701,11215.1299,11215.1299,177580000
2010-11-04,11216.6504,11440.3701,11216.6504,11434.8398,11434.8398,234680000
2010-11-05,11435.2197,11451.5303,11393.5195,11444.0801,11444.0801,211670000
2010-11-08,11439.5400,11439.6104,11362.5303,11406.8398,11406.8398,143990000
2010-11-09,11403.5898,11421.1396,11303.1904,11346.7500,11346.7500,161910000
2010-11-10,11342.8096,11366.1602,11255.0195,11357.0400,11357.0400,164170000
2010-11-11,11326.6904,11326.7695,11231.2197,11283.0996,11283.0996,296660000
2010-11-12,11281.2803,11283.7002,11143.8398,11192.5801,11192.5801,217650000
2010-11-15,11194.0195,11280.9004,11189.0996,11201.9697,11201.9697,155660000
2010-11-16,11194.7002,11194.7002,10978.9297,11023.5000,11023.5000,254570000
2010-11-17,11017.8301,11042.1602,10990.8096,11007.8799,11007.8799,160250000
2010-11-18,11010.4902,11199.6904,11010.3398,11181.2305,11181.2305,171770000
2010-11-19,11180.7695,11206.1699,11119.2402,11203.5498,11203.5498,219400000
2010-11-22,11201.6602,11206.0498,11054.5303,11178.5801,11178.5801,152850000
2010-11-23,11177.5996,11180.1699,10992.1699,11036.3701,11036.3701,192820000
2010-11-24,11037.3496,11195.9902,11037.3496,11187.2803,11187.2803,138280000
2010-11-26,11183.5000,11183.5000,11067.1699,11091.8701,11091.8701,68400000
2010-11-29,11083.7500,11083.8203,10929.2803,11052.4902,11052.4902,151530000
2010-11-30,11049.7197,11062.6299,10942.9805,11006.0195,11006.0195,233770000
2010-12-01,11007.2305,11276.0996,11007.2305,11255.7803,11255.7803,202520000
2010-12-02,11255.9297,11373.7998,11255.8496,11362.4102,11362.4102,212090000
2010-12-03,11361.8799,11388.8701,11318.8203,11382.0898,11382.0898,149440000
2010-12-06,11381.3301,11392.0801,11350.2695,11362.1904,11362.1904,122240000
2010-12-07,11363.8496,11450.8896,11354.0898,11359.1602,11359.1602,175720000
2010-12-08,11354.4502,11389.0898,11327.4902,11372.4805,11372.4805,152510000
2010-12-09,11370.4404,11413.3496,11331.5000,11370.0596,11370.0596,167970000
2010-12-10,11370.0596,11413.6904,11357.7197,11410.3203,11410.3203,151820000
2010-12-13,11406.1602,11480.0303,11405.3301,11428.5596,11428.5596,151190000
2010-12-14,11429.2402,11514.0801,11428.9404,11476.5400,11476.5400,149860000
2010-12-15,11475.6396,11519.0400,11445.6699,11457.4697,11457.4697,189670000
2010-12-16,11457.9297,11514.8398,11421.2998,11499.2500,11499.2500,163040000
2010-12-17,11499.0195,11503.1797,11451.0000,11491.9102,11491.9102,358300000
2010-12-20,11491.2998,11517.0703,11442.6797,11478.1299,11478.1299,125360000
2010-12-21,11478.3604,11549.1201,11478.2900,11533.1602,11533.1602,119420000
2010-12-22,11532.1699,11566.9902,11528.0801,11559.4902,11559.4902,122040000
2010-12-23,11559.1104,11580.8398,11542.6201,11573.4902,11573.4902,100840000
2010-12-27,11572.8096,11573.1904,11518.4404,11555.0303,11555.0303,76820000
2010-12-28,11554.7998,11591.1299,11541.1396,11575.5400,11575.5400,114100000
2010-12-29,11572.7402,11625.0000,11572.6602,11585.3799,11585.3799,77800000
2010-12-30,11585.3799,11594.3799,11551.9297,11569.7100,11569.7100,76820000
2010-12-31,11569.3301,11597.4102,11530.3203,11577.5098,11577.5098,93330000
2011-01-03,11577.4297,11711.4697,11577.3496,11670.7500,11670.7500,203420000
2011-01-04,11670.9004,11698.2197,11635.7402,11691.1797,11691.1797,178630000
2011-01-05,11688.6104,11742.6797,11652.8896,11722.8896,11722.8896,169990000
2011-01-06,11716.9297,11736.7402,11667.4600,11697.3096,11697.3096,193080000
2011-01-07,11696.8604,11726.9404,11599.6797,11674.7598,11674.7598,188720000
2011-01-10,11672.3398,11677.3301,11573.8701,11637.4502,11637.4502,150340000
2011-01-11,11638.5098,11704.1201,11635.4805,11671.8799,11671.8799,157440000
2011-01-12,11673.6201,11782.2305,11673.6201,11755.4404,11755.4404,144960000
2011-01-13,11753.7002,11757.2500,11700.5303,11731.9004,11731.9004,161660000
2011-01-14,11732.1299,11794.1504,11698.8301,11787.3799,11787.3799,200770000
2011-01-18,11783.8203,11858.7803,11777.9902,11837.9297,11837.9297,203390000
2011-01-19,11834.2100,11861.2402,11798.4600,11825.2900,11825.2900,166250000
2011-01-20,11823.7002,11845.1602,11744.7695,11822.7998,11822.7998,180800000
2011-01-21,11822.9502,11905.4805,11822.7998,11871.8398,11871.8398,249480000
2011-01-24,11873.4297,11982.9404,11867.9805,11980.5195,11980.5195,184000000
2011-01-25,11980.5195,11985.9697,11898.7402,11977.1904,11977.1904,191950000
2011-01-26,11978.8496,12020.5195,11961.8301,11985.4404,11985.4404,168320000
2011-01-27,11985.3604,12019.5303,11971.9297,11989.8301,11989.8301,167770000
2011-01-28,11990.3604,12012.4199,11803.0400,11823.7002,11823.7002,214170000
2011-01-31,11824.3896,11891.9297,11817.8799,11891.9297,11891.9297,206580000
2011-02-01,11892.5000,12050.7500,11892.5000,12040.1602,12040.1602,180890000
2011-02-02,12038.2695,12057.9102,12018.5098,12041.9697,12041.9697,143440000
2011-02-03,12040.6797,12080.5400,11981.0498,12062.2598,12062.2598,143710000
2011-02-04,12061.7305,12092.4199,12025.7803,12092.1504,12092.1504,121780000
2011-02-07,12092.3799,12188.7598,12092.2998,12161.6299,12161.6299,132960000
2011-02-08,12152.7002,12238.7900,12150.0498,12233.1504,12233.1504,126650000
2011-02-09,12229.2900,12254.2305,12188.1904,12239.8896,12239.8896,162910000
2011-02-10,12239.6602,12239.6602,12156.9404,12229.2900,12229.2900,274440000
2011-02-11,12227.7803,12285.9404,12180.4805,12273.2598,12273.2598,184290000
2011-02-14,12266.8301,12276.2100,12235.9102,12268.1904,12268.1904,146350000
2011-02-15,12266.7500,12267.6602,12193.2695,12226.6396,12226.6396,142580000
2011-02-16,12219.7900,12303.1602,12219.7900,12288.1699,12288.1699,146270000
2011-02-17,12287.7197,12331.3096,12253.2402,12318.1396,12318.1396,130860000
2011-02-18,12318.6699,12391.2900,12303.2305,12391.2500,12391.2500,230040000
2011-02-22,12389.7402,12389.8203,12176.3096,12212.7900,12212.7900,201860000
2011-02-23,12211.8096,12221.1201,12063.4297,12105.7803,12105.7803,213490000
2011-02-24,12104.5596,12129.6201,11983.1699,12068.5000,12068.5000,190860000
2011-02-25,12060.9297,12151.0303,12060.9297,12130.4502,12130.4502,147540000
2011-02-28,12130.4502,12235.0400,12130.1504,12226.3398,12226.3398,199560000
2011-03-01,12226.4902,12261.3799,12054.9902,12058.0195,12058.0195,183240000
2011-03-02,12057.3398,12115.1201,12018.6299,12066.7998,12066.7998,147270000
2011-03-03,12068.0098,12283.0996,12068.0098,12258.2002,12258.2002,157840000
2011-03-04,12258.8799,12271.3701,12079.5098,12169.8799,12169.8799,166700000
2011-03-07,12171.0898,12243.4404,12041.5996,12090.0303,12090.0303,176200000
2011-03-08,12085.8701,12251.2002,12072.2100,12214.3799,12214.3799,158610000
2011-03-09,12211.1602,12257.8203,12156.5996,12213.0898,12213.0898,128360000
2011-03-10,12211.4297,12211.4297,11974.3896,11984.6104,11984.6104,180660000
2011-03-11,11976.9600,12087.0098,11936.3203,12044.4004,12044.4004,143670000
2011-03-14,12042.1299,12042.1299,11897.3096,11993.1602,11993.1602,163000000
2011-03-15,11988.6904,11988.6904,11696.2500,11855.4199,11855.4199,221930000
2011-03-16,11854.2002,11856.7002,11555.4805,11613.2998,11613.2998,254070000
2011-03-17,11614.8896,11800.5400,11614.8203,11774.5898,11774.5898,182260000
2011-03-18,11777.2305,11927.0898,11777.2305,11858.5195,11858.5195,355050000
2011-03-21,11860.1104,12078.2998,11860.1104,12036.5303,12036.5303,143390000
2011-03-22,12036.3701,12050.9805,12002.8496,12018.6299,12018.6299,115660000
2011-03-23,12018.4004,12116.1396,11972.6104,12086.0195,12086.0195,133940000
2011-03-24,12087.5400,12191.1797,12087.5400,12170.5596,12170.5596,131610000
2011-03-25,12170.7100,12259.7900,12170.7100,12220.5898,12220.5898,129790000
2011-03-28,12221.1904,12272.9199,12197.8799,12197.8799,12197.8799,123070000
2011-03-29,12194.4805,12285.4102,12173.5098,12279.0098,12279.0098,129030000
2011-03-30,12280.0703,12383.4600,12280.0703,12350.6104,12350.6104,140340000
2011-03-31,12350.7598,12381.6797,12319.0098,12319.7305,12319.7305,186140000
2011-04-01,12321.0195,12419.7100,12321.0195,12376.7197,12376.7197,147600000
2011-04-04,12374.5996,12407.4102,12369.1504,12400.0303,12400.0303,114660000
2011-04-05,12402.0801,12438.1396,12353.3398,12393.9004,12393.9004,142340000
2011-04-06,12386.6602,12450.9297,12386.6602,12426.7500,12426.7500,182350000
2011-04-07,12426.4502,12440.5596,12328.3604,12409.4902,12409.4902,158590000
2011-04-08,12409.8701,12450.3604,12320.7197,12380.0498,12380.0498,122820000
2011-04-11,12380.4297,12444.0000,12352.8799,12381.1104,12381.1104,109950000
2011-04-12,12381.1904,12381.1904,12233.0000,12263.5801,12263.5801,137260000
2011-04-13,12263.6504,12335.0996,12224.4502,12270.9902,12270.9902,118950000
2011-04-14,12270.2402,12305.5801,12163.8604,12285.1504,12285.1504,140670000
2011-04-15,12285.4502,12369.2695,12272.5801,12341.8301,12341.8301,234710000
2011-04-18,12339.7100,12339.7900,12093.8896,12201.5898,12201.5898,190220000
2011-04-19,12201.4404,12275.3398,12200.2998,12266.7500,12266.7500,149870000
2011-04-20,12266.7500,12475.5303,12263.5801,12453.5400,12453.5400,203900000
2011-04-21,12453.6201,12506.0596,12447.5596,12505.9902,12505.9902,166630000
2011-04-25,12505.9902,12506.2197,12446.0498,12479.8799,12479.8799,128660000
2011-04-26,12480.8604,12613.1602,12478.1396,12595.3701,12595.3701,183980000
2011-04-27,12592.2305,12708.3701,12588.3301,12690.9600,12690.9600,160550000
2011-04-28,12689.9004,12776.1396,12674.5400,12763.3096,12763.3096,148760000
2011-04-29,12763.4600,12832.8301,12751.1299,12810.5400,12810.5400,378620000
2011-05-02,12810.1602,12876.0000,12784.6201,12807.3604,12807.3604,150960000
2011-05-03,12806.3799,12840.6602,12749.9902,12807.5098,12807.5098,191510000
2011-05-04,12806.2900,12806.6797,12673.0195,12723.5801,12723.5801,193720000
2011-05-05,12723.6504,12724.5596,12521.2803,12584.1699,12584.1699,176950000
2011-05-06,12580.7598,12759.2305,12579.9297,12638.7402,12638.7402,168320000
2011-05-09,12637.8301,12722.0703,12620.2002,12684.6797,12684.6797,133940000
2011-05-10,12685.1299,12781.0596,12681.6504,12760.3604,12760.3604,156000000
2011-05-11,12745.8701,12748.2100,12577.2100,12630.0303,12630.0303,200680000
2011-05-12,12629.9600,12718.5801,12537.1699,12695.9199,12695.9199,216510000
2011-05-13,12695.6504,12714.5000,12543.1904,12595.7500,12595.7500,169940000
2011-05-16,12594.7695,12642.9004,12530.8096,12548.3701,12548.3701,192310000
2011-05-17,12541.3301,12541.3301,12378.8398,12479.5801,12479.5801,192830000
2011-05-18,12471.7803,12571.1504,12443.0996,12560.1797,12560.1797,175120000
2011-05-19,12561.4600,12633.5898,12533.4600,12605.3203,12605.3203,158470000
2011-05-20,12604.7197,12604.8301,12485.8604,12512.0400,12512.0400,174980000
2011-05-23,12511.3604,12511.3604,12331.7695,12381.2598,12381.2598,150720000
2011-05-24,12381.5703,12422.5498,12350.0400,12356.2100,12356.2100,145920000
2011-05-25,12355.4502,12440.0303,12309.5195,12394.6602,12394.6602,145750000
2011-05-26,12391.6299,12441.5801,12317.9199,12402.7598,12402.7598,149070000
2011-05-27,12398.0596,12483.8096,12397.6904,12441.5801,12441.5801,126030000
2011-05-31,12443.4004,12574.2900,12443.4004,12569.7900,12569.7900,208290000
2011-06-01,12569.4102,12569.4902,12282.4199,12290.1396,12290.1396,183020000
2011-06-02,12289.6104,12306.7100,12190.5400,12248.5498,12248.5498,156370000
2011-06-03,12247.7998,12247.8701,12104.0303,12151.2598,12151.2598,157740000
2011-06-06,12151.1904,12151.4902,12070.6602,12089.9600,12089.9600,166600000
2011-06-07,12090.1797,12178.8896,12066.6104,12070.8096,12070.8096,162610000
2011-06-08,12066.2695,12098.3604,12024.2598,12048.9404,12048.9404,156870000
2011-06-09,12049.4697,12183.1201,12049.0898,12124.3604,12124.3604,149700000
2011-06-10,12124.1699,12124.8496,11937.4199,11951.9102,11951.9102,178310000
2011-06-13,11945.3301,12011.6602,11917.7803,11952.9697,11952.9697,153370000
2011-06-14,11951.3799,12120.7998,11951.3799,12076.1104,12076.1104,159620000
2011-06-15,12075.1201,12075.2002,11862.5303,11897.2695,11897.2695,182500000
2011-06-16,11896.1299,11990.0195,11875.7695,11961.5195,11961.5195,189500000
2011-06-17,11962.6602,12072.8896,11962.5098,12004.3604,12004.3604,342010000
2011-06-20,12004.2803,12099.8701,11971.2900,12080.3799,12080.3799,127250000
2011-06-21,12081.3301,12217.3301,12081.1797,12190.0098,12190.0098,147570000
2011-06-22,12189.7100,12207.9902,12105.8496,12109.6699,12109.6699,125330000
2011-06-23,12108.3496,12108.7305,11874.9404,12050.0000,12050.0000,206760000
2011-06-24,12049.2402,12057.1904,11925.4199,11934.5801,11934.5801,279660000
2011-06-27,11934.6602,12098.8096,11934.0498,12043.5596,12043.5596,177920000
2011-06-28,12043.5596,12190.4297,12042.2803,12188.6904,12188.6904,135050000
2011-06-29,12187.6299,12284.3896,12175.8604,12261.4199,12261.4199,158720000
2011-06-30,12262.2500,12427.0898,12262.0996,12414.3398,12414.3398,179980000
2011-07-01,12414.3398,12596.1299,12404.0801,12582.7695,12582.7695,141870000
2011-07-05,12569.8701,12601.7998,12540.5801,12569.8701,12569.8701,123000000
2011-07-06,12562.4697,12643.2402,12539.2100,12626.0195,12626.0195,132330000
2011-07-07,12627.2305,12753.8896,12627.2305,12719.4902,12719.4902,153740000
2011-07-08,12717.9004,12717.9004,12567.4102,12657.2002,12657.2002,131150000
2011-07-11,12655.6201,12655.8398,12470.2998,12505.7598,12505.7598,133250000
2011-07-12,12505.5400,12570.5801,12446.8799,12446.8799,12446.8799,162640000
2011-07-13,12447.3301,12611.0400,12447.3301,12491.6104,12491.6104,139970000
2011-07-14,12491.5303,12581.9805,12414.4102,12437.1201,12437.1201,140810000
2011-07-15,12437.1201,12504.8203,12406.0898,12479.7305,12479.7305,215420000
2011-07-18,12475.1104,12475.2598,12296.2305,12385.1602,12385.1602,148950000
2011-07-19,12386.0303,12607.5596,12385.9600,12587.4199,12587.4199,167550000
2011-07-20,12583.6797,12603.5098,12546.5596,12571.9102,12571.9102,140340000
2011-07-21,12567.0703,12751.4297,12566.6104,12724.4102,12724.4102,188410000
2011-07-22,12724.7100,12740.8701,12644.1904,12681.1602,12681.1602,136760000
2011-07-25,12679.7197,12679.9502,12536.1904,12592.7998,12592.7998,128760000
2011-07-26,12592.1201,12593.4004,12489.0400,12501.2998,12501.2998,145140000
2011-07-27,12498.4199,12498.6504,12289.6904,12302.5498,12302.5498,182770000
2011-07-28,12301.7197,12384.9004,12226.8301,12240.1104,12240.1104,148710000
2011-07-29,12239.3604,12243.0703,12083.4502,12143.2402,12143.2402,230910000
2011-08-01,12144.2197,12282.4199,11998.0801,12132.4902,12132.4902,182820000
2011-08-02,12129.7695,12130.2998,11865.5596,11866.6201,11866.6201,207060000
2011-08-03,11863.7402,11904.9102,11700.3398,11896.4404,11896.4404,198220000
2011-08-04,11893.8604,11893.9404,11372.1396,11383.6797,11383.6797,300760000
2011-08-05,11383.9805,11555.4102,11139.0000,11444.6104,11444.6104,406310000
2011-08-08,11433.9297,11434.0898,10809.8496,10809.8496,10809.8496,479980000
2011-08-09,10810.9102,11244.0098,10604.0703,11239.7695,11239.7695,431410000
2011-08-10,11228.0000,11228.0000,10686.4902,10719.9404,10719.9404,396300000
2011-08-11,10729.8496,11278.9004,10729.8496,11143.3096,11143.3096,393190000
2011-08-12,11143.4600,11346.6699,11142.1797,11269.0195,11269.0195,228030000
2011-08-15,11269.8496,11484.5996,11269.8496,11482.9004,11482.9004,188120000
2011-08-16,11480.4805,11488.0098,11292.6299,11405.9297,11405.9297,187800000
2011-08-17,11392.0098,11529.6699,11322.2998,11410.2100,11410.2100,171280000
2011-08-18,11406.2695,11406.5000,10881.5996,10990.5801,10990.5801,308520000
2011-08-19,10989.7500,11086.4004,10801.4102,10817.6504,10817.6504,336370000
2011-08-22,10820.3701,11020.5498,10820.3701,10854.6504,10854.6504,226720000
2011-08-23,10854.5801,11176.8398,10854.4297,11176.7598,11176.7598,244130000
2011-08-24,11175.7803,11331.5703,11113.0400,11320.7100,11320.7100,227380000
2011-08-25,11321.0195,11406.3896,11106.7598,11149.8203,11149.8203,255050000
2011-08-26,11149.8203,11326.4297,10929.2002,11284.5400,11284.5400,244410000
2011-08-29,11286.6504,11541.7803,11286.5801,11539.2500,11539.2500,177540000
2011-08-30,11532.1299,11630.0703,11429.3896,11559.9502,11559.9502,182090000
2011-08-31,11560.4805,11712.5996,11528.0801,11613.5303,11613.5303,229740000
2011-09-01,11613.2998,11716.8398,11488.4600,11493.5703,11493.5703,178110000
2011-09-02,11492.0596,11492.1396,11211.3496,11240.2598,11240.2598,174660000
2011-09-06,11237.3096,11237.4600,10932.5303,11139.2998,11139.2998,217420000
2011-09-07,11137.6299,11414.8604,11137.6299,11414.8604,11414.8604,166320000
2011-09-08,11414.8604,11477.2998,11283.7402,11295.8096,11295.8096,173040000
2011-09-09,11294.5996,11294.8301,10935.6396,10992.1299,10992.1299,228170000
2011-09-12,10990.0098,11062.0303,10824.7598,11061.1201,11061.1201,197160000
2011-09-13,11054.9902,11140.8496,10987.1797,11105.8496,11105.8496,189980000
2011-09-14,11106.8301,11386.7803,10993.8398,11246.7305,11246.7305,192600000
2011-09-15,11247.7197,11433.4004,11247.4902,11433.1797,11433.1797,172080000
2011-09-16,11433.7100,11532.4697,11407.4102,11509.0898,11509.0898,425900000
2011-09-19,11506.8203,11506.8203,11255.2500,11401.0098,11401.0098,157580000
2011-09-20,11401.4697,11550.2197,11373.9199,11408.6602,11408.6602,157060000
2011-09-21,11408.5801,11447.8604,11117.2803,11124.8398,11124.8398,221860000
2011-09-22,11121.8896,11122.1201,10597.1396,10733.8301,10733.8301,306170000
2011-09-23,10732.7695,10808.4902,10638.7305,10771.4805,10771.4805,223140000
2011-09-26,10771.7803,11057.4902,10771.7803,11043.8604,11043.8604,225620000
2011-09-27,11045.2305,11369.2998,11045.2305,11190.6904,11190.6904,212700000
2011-09-28,11189.0996,11317.0801,10996.9805,11010.9004,11010.9004,172410000
2011-09-29,11012.7900,11271.1396,10965.4502,11153.9805,11153.9805,191340000
2011-09-30,11152.3203,11152.3896,10909.5195,10913.3799,10913.3799,213200000
2011-10-03,10912.0996,10979.1904,10653.3398,10655.2998,10655.2998,242870000
2011-10-04,10651.4404,10825.4404,10404.4902,10808.7100,10808.7100,267440000
2011-10-05,10800.4697,10950.8896,10738.0996,10939.9502,10939.9502,226440000
2011-10-06,10939.8701,11132.5996,10858.6699,11123.3301,11123.3301,190030000
2011-10-07,11123.4102,11232.0498,11051.1299,11103.1201,11103.1201,188080000
2011-10-10,11104.5596,11433.3301,11104.5596,11433.1797,11433.1797,144270000
2011-10-11,11432.7998,11447.8604,11365.6699,11416.2998,11416.2998,133360000
2011-10-12,11417.3604,11625.2998,11417.2803,11518.8496,11518.8496,188130000
2011-10-13,11518.0898,11518.0898,11377.8203,11478.1299,11478.1299,143990000
2011-10-14,11478.9697,11646.8301,11478.6602,11644.4902,11644.4902,133570000
2011-10-17,11643.3496,11643.3496,11378.3496,11397.0000,11397.0000,140360000
2011-10-18,11396.1699,11652.7402,11296.1201,11577.0498,11577.0498,201410000
2011-10-19,11577.5400,11633.7002,11469.1699,11504.6201,11504.6201,169580000
2011-10-20,11502.1299,11581.2500,11391.1396,11541.7803,11541.7803,166100000
2011-10-21,11543.2197,11812.4600,11542.8398,11808.7900,11808.7900,264000000
2011-10-24,11807.9600,11940.7500,11805.7695,11913.6201,11913.6201,161870000
2011-10-25,11912.6299,11912.8604,11682.5195,11706.6201,11706.6201,161450000
2011-10-26,11707.7598,11891.2100,11694.3604,11869.0400,11869.0400,183730000
2011-10-27,11872.0703,12284.3096,11872.0703,12208.5498,12208.5498,251640000
2011-10-28,12207.3398,12251.9199,12164.2402,12231.1104,12231.1104,163620000
2011-10-31,12229.2197,12229.2900,11954.4102,11955.0098,11955.0098,185790000
2011-11-01,11951.5303,11951.7598,11630.0303,11657.9600,11657.9600,218290000
2011-11-02,11658.4902,11876.8301,11658.4902,11836.0400,11836.0400,154140000
2011-11-03,11835.5898,12065.9297,11835.4297,12044.4697,12044.4697,158170000
2011-11-04,12043.4102,12043.4902,11850.3096,11983.2402,11983.2402,126150000
2011-11-07,11983.0195,12074.4404,11880.6904,12068.3896,12068.3896,122110000
2011-11-08,12055.5195,12187.5098,12002.1699,12170.1797,12170.1797,144950000
2011-11-09,12166.4004,12166.4004,11736.9297,11780.9404,11780.9404,180200000
2011-11-10,11780.0303,11961.1396,11779.8799,11893.8604,11893.8604,165250000
2011-11-11,11896.2803,12179.7197,11896.2803,12153.6797,12153.6797,134520000
2011-11-14,12153.0000,12170.5596,12027.0303,12078.9805,12078.9805,119610000
2011-11-15,12077.9199,12165.1104,12001.2598,12096.1602,12096.1602,14510000
2011-11-16,12084.7402,12109.0303,11890.5703,11905.5898,11905.5898,166220000
2011-11-17,11905.6699,11948.4297,11676.3496,11770.7305,11770.7305,169830000
2011-11-18,11768.9805,11854.8096,11755.8203,11796.1602,11796.1602,181240000
2011-11-21,11795.5498,11795.7002,11454.0703,11547.3096,11547.3096,170960000
2011-11-22,11542.3896,11571.7500,11433.9697,11493.7197,11493.7197,148570000
2011-11-23,11492.7402,11492.8203,11257.5498,11257.5498,11257.5498,152220000
2011-11-25,11251.8799,11361.4697,11231.4297,11231.6504,11231.6504,87480000
2011-11-28,11232.4697,11562.0996,11232.1602,11523.0098,11523.0098,204950000
2011-11-29,11523.0098,11624.0098,11517.0400,11555.6299,11555.6299,156950000
2011-11-30,11559.2695,12045.6797,11559.2695,12045.6797,12045.6797,286790000
2011-12-01,12046.2100,12062.6396,11974.6201,12020.0303,12020.0303,143700000
2011-12-02,12022.3701,12146.6797,12007.1201,12019.4199,12019.4199,150110000
2011-12-05,12021.5400,12186.5303,12021.4600,12097.8301,12097.8301,153830000
2011-12-06,12097.7500,12215.7100,12076.7100,12150.1299,12150.1299,145920000
2011-12-07,12144.4102,12257.6699,12060.3701,12196.3701,12196.3701,168440000
2011-12-08,12195.9102,12195.9102,11966.2197,11997.7002,11997.7002,165880000
2011-12-09,11996.0303,12212.8301,11995.5098,12184.2598,12184.2598,154250000
2011-12-12,12181.0801,12181.3799,11940.8604,12021.3896,12021.3896,149050000
2011-12-13,12018.6602,12147.7002,11904.3799,11954.9404,11954.9404,171910000
2011-12-14,11949.7197,11950.0195,11786.4697,11823.4805,11823.4805,161240000
2011-12-15,11825.2900,11967.8398,11825.2197,11868.8096,11868.8096,136930000
2011-12-16,11870.2500,11968.1797,11819.3096,11866.3896,11866.3896,389520000
2011-12-19,11866.5400,11925.8799,11735.1904,11766.2598,11766.2598,135170000
2011-12-20,11769.2100,12117.1299,11768.8301,12103.5801,12103.5801,165180000
2011-12-21,12103.5801,12119.7002,11999.4404,12107.7402,12107.7402,163250000
2011-12-22,12107.5898,12182.7100,12107.3701,12169.6504,12169.6504,151610000
2011-12-23,12169.8799,12297.4404,12169.7998,12294.0000,12294.0000,80420000
2011-12-27,12293.4697,12328.4697,12269.9697,12291.3496,12291.3496,95980000
2011-12-28,12288.8496,12299.1104,12140.1699,12151.4102,12151.4102,84010000
2011-12-29,12152.3203,12293.9600,12152.0898,12287.0400,12287.0400,8410000
2011-12-30,12286.2803,12290.0596,12213.7803,12217.5596,12217.5596,96670000
2012-01-03,12221.1904,12479.6504,12221.1904,12397.3799,12397.3799,152560000
2012-01-04,12392.4600,12430.0000,12337.2500,12418.4199,12418.4199,145130000
2012-01-05,12418.4199,12435.9805,12283.9004,12415.7002,12415.7002,158440000
2012-01-06,12407.4502,12415.2402,12332.4102,12359.9199,12359.9199,131120000
2012-01-09,12359.3096,12409.0801,12333.8496,12392.6904,12392.6904,122200000
2012-01-10,12394.5098,12514.6904,12394.5098,12462.4697,12462.4697,141230000
2012-01-11,12459.5195,12462.5801,12399.0098,12449.4502,12449.4502,130260000
2012-01-12,12449.9102,12483.7002,12385.0801,12471.0195,12471.0195,128230000
2012-01-13,12469.9600,12470.1201,12311.7900,12422.0596,12422.0596,161470000
2012-01-17,12423.1201,12573.6504,12423.1201,12482.0703,12482.0703,148670000
2012-01-18,12474.6904,12582.2803,12453.2002,12578.9502,12578.9502,154170000
2012-01-19,12578.1904,12625.7998,12563.5801,12623.9805,12623.9805,148030000
2012-01-20,12623.8301,12720.4805,12620.7598,12720.4805,12720.4805,255110000
2012-01-23,12720.2500,12764.4902,12665.8301,12708.8203,12708.8203,149860000
2012-01-24,12708.3701,12708.5195,12613.5400,12675.7500,12675.7500,125420000
2012-01-25,12673.6299,12778.2598,12580.1201,12758.8496,12758.8496,135430000
2012-01-26,12756.9600,12841.9502,12695.1602,12734.6299,12734.6299,130840000
2012-01-27,12733.9502,12733.9502,12630.7197,12660.4600,12660.4600,164410000
2012-01-30,12659.1699,12659.3203,12529.4102,12653.7197,12653.7197,130430000
2012-01-31,12654.7803,12720.0996,12567.3301,12632.9102,12632.9102,168070000
2012-02-01,12632.7598,12784.6201,12632.7598,12716.4600,12716.4600,143500000
2012-02-02,12716.5400,12741.8896,12676.0498,12705.4102,12705.4102,114360000
2012-02-03,12705.0400,12869.9502,12704.9600,12862.2305,12862.2305,142840000
2012-02-06,12860.7197,12860.7900,12793.4297,12845.1299,12845.1299,108040000
2012-02-07,12844.3701,12903.7100,12782.5703,12878.2002,12878.2002,116150000
2012-02-08,12865.7900,12893.6396,12817.6904,12883.9502,12883.9502,138250000
2012-02-09,12884.4102,12924.7100,12846.4102,12890.4600,12890.4600,157080000
2012-02-10,12889.5498,12889.6299,12743.5596,12801.2305,12801.2305,123620000
2012-02-13,12799.1104,12887.9297,12799.1104,12874.0400,12874.0400,112240000
2012-02-14,12871.7695,12878.8799,12786.9297,12878.2803,12878.2803,120050000
2012-02-15,12864.6504,12899.4697,12753.6201,12780.9502,12780.9502,127560000
2012-02-16,12779.8096,12914.0000,12779.5801,12904.0801,12904.0801,134450000
2012-02-17,12903.3301,12967.9199,12903.2500,12949.8701,12949.8701,234650000
2012-02-21,12949.3398,13005.0400,12926.1104,12965.6904,12965.6904,164780000
2012-02-22,12966.2197,12977.9102,12914.8301,12938.6699,12938.6699,124200000
2012-02-23,12937.0801,12996.0801,12882.6699,12984.6904,12984.6904,120480000
2012-02-24,12981.2002,13013.8203,12950.5898,12982.9502,12982.9502,89440000
2012-02-27,12981.1299,13027.5195,12882.5898,12981.5098,12981.5098,143530000
2012-02-28,12976.7402,13021.5098,12952.8203,13005.1201,13005.1201,114490000
2012-02-29,13005.4199,13055.7500,12929.6602,12952.0703,12952.0703,182460000
2012-03-01,12952.2900,13032.6699,12943.0596,12980.2998,12980.2998,139670000
2012-03-02,12980.7500,12997.5098,12927.7695,12977.5703,12977.5703,93900000
2012-03-05,12977.3398,12977.3398,12883.9102,12962.8096,12962.8096,108630000
2012-03-06,12958.6504,12958.7305,12734.8604,12759.1504,12759.1504,142330000
2012-03-07,12756.1201,12857.7305,12751.5098,12837.3301,12837.3301,175110000
2012-03-08,12835.5303,12937.1904,12835.5303,12907.9404,12907.9404,103530000
2012-03-09,12908.6201,12968.7900,12906.4297,12922.0195,12922.0195,103240000
2012-03-12,12920.5801,12976.3604,12919.9805,12959.7100,12959.7100,100000000
2012-03-13,12953.2002,13180.4004,12953.1299,13177.6797,13177.6797,163130000
2012-03-14,13177.1504,13221.2695,13166.2500,13194.0996,13194.0996,163610000
2012-03-15,13192.9697,13253.5098,13170.1904,13252.7598,13252.7598,161650000
2012-03-16,13253.5098,13289.0801,13231.4502,13232.6201,13232.6201,392620000
2012-03-19,13231.9404,13269.7100,13208.6299,13239.1299,13239.1299,147120000
2012-03-20,13238.4502,13238.4502,13123.3799,13170.1904,13170.1904,131660000
2012-03-21,13170.7900,13190.0195,13112.9297,13124.6201,13124.6201,124860000
2012-03-22,13124.4004,13124.4697,13017.4199,13046.1396,13046.1396,122060000
2012-03-23,13045.9902,13099.9102,13002.7695,13080.7305,13080.7305,129930000
2012-03-26,13082.6201,13243.8604,13082.3896,13241.6299,13241.6299,122080000
2012-03-27,13242.0898,13264.9805,13194.3301,13197.7305,13197.7305,129280000
2012-03-28,13195.3896,13212.6396,13069.2598,13126.2100,13126.2100,141540000
2012-03-29,13125.9902,13151.5703,13032.6699,13145.8203,13145.8203,136250000
2012-03-30,13147.9404,13224.4902,13147.7803,13212.0400,13212.0400,171190000
2012-04-02,13211.3604,13297.1104,13153.6904,13264.4902,13264.4902,108790000
2012-04-03,13258.9600,13265.3604,13131.2100,13199.5498,13199.5498,123980000
2012-04-04,13198.1904,13198.1904,13020.8604,13074.7500,13074.7500,125000000
2012-04-05,13067.1797,13088.1104,13012.4600,13060.1396,13060.1396,109530000
2012-04-09,13057.5703,13057.7197,12903.7803,12929.5898,12929.5898,105580000
2012-04-10,12929.4404,12929.5898,12710.5596,12715.9297,12715.9297,159290000
2012-04-11,12716.9199,12844.8203,12716.9199,12805.3896,12805.3896,125210000
2012-04-12,12806.4502,12986.9600,12806.2998,12986.5801,12986.5801,119780000
2012-04-13,12986.2002,12986.3496,12845.2803,12849.5898,12849.5898,140990000
2012-04-16,12850.8799,12986.7695,12850.7998,12921.4102,12921.4102,120990000
2012-04-17,12921.7900,13131.3604,12921.7900,13115.5400,13115.5400,115320000
2012-04-18,13114.5596,13114.5596,13027.4902,13032.7500,13032.7500,113520000
2012-04-19,13028.7305,13080.2002,12896.8203,12964.0996,12964.0996,139810000
2012-04-20,12964.4805,13082.5400,12964.2500,13029.2598,13029.2598,212080000
2012-04-23,13028.2002,13028.2002,12845.5801,12927.1699,12927.1699,139370000
2012-04-24,12927.7695,13050.2998,12926.4902,13001.5596,13001.5596,134110000
2012-04-25,12997.6904,13105.7002,12993.5996,13090.7197,13090.7197,135260000
2012-04-26,13090.1104,13227.8203,13075.9600,13204.6201,13204.6201,107570000
2012-04-27,13204.7002,13266.6797,13192.2100,13228.3096,13228.3096,110850000
2012-04-30,13228.3096,13228.7598,13176.0098,13213.6299,13213.6299,127870000
2012-05-01,13214.1602,13338.6602,13174.6504,13279.3203,13279.3203,123400000
2012-05-02,13278.1104,13278.1104,13192.2100,13268.5703,13268.5703,100770000
2012-05-03,13267.5898,13284.0898,13175.6396,13206.5898,13206.5898,102090000
2012-05-04,13204.6201,13205.0000,13022.3398,13038.2695,13038.2695,113790000
2012-05-07,13035.8496,13049.0898,12970.0000,13008.5303,13008.5303,110080000
2012-05-08,13000.7305,13000.7305,12810.3896,12932.0898,12932.0898,138620000
2012-05-09,12921.8096,12921.8096,12748.4805,12835.0596,12835.0596,147460000
2012-05-10,12831.5801,12931.7100,12820.2998,12855.0400,12855.0400,151650000
2012-05-11,12851.7900,12918.0098,12779.2803,12820.5996,12820.5996,148370000
2012-05-14,12818.4902,12818.8604,12661.4805,12695.3496,12695.3496,143190000
2012-05-15,12695.0498,12758.4297,12608.1602,12632.0000,12632.0000,156060000
2012-05-16,12617.3203,12722.6299,12597.3398,12598.5498,12598.5498,143130000
2012-05-17,12598.3203,12611.4199,12440.5195,12442.4902,12442.4902,147430000
2012-05-18,12443.0195,12492.9697,12336.7598,12369.3799,12369.3799,240720000
2012-05-21,12369.1504,12508.1104,12367.7197,12504.4805,12504.4805,142110000
2012-05-22,12505.3799,12575.9600,12447.3301,12502.8096,12502.8096,133650000
2012-05-23,12501.5195,12508.2998,12311.5596,12496.1504,12496.1504,152190000
2012-05-24,12491.9102,12539.5898,12419.6299,12529.7500,12529.7500,126810000
2012-05-25,12530.7402,12533.1201,12421.5303,12454.8301,12454.8301,93000000
2012-05-29,12454.8301,12611.6104,12454.5996,12580.6904,12580.6904,107510000
2012-05-30,12579.0195,12579.0996,12396.4004,12419.8604,12419.8604,122830000
2012-05-31,12414.4102,12489.8701,12316.4805,12393.4502,12393.4502,205140000
2012-06-01,12391.5596,12391.6299,12107.4805,12118.5703,12118.5703,162940000
2012-06-04,12119.8496,12143.6904,12035.0898,12101.4600,12101.4600,126440000
2012-06-05,12101.0801,12147.5498,12072.1699,12127.9502,12127.9502,108970000
2012-06-06,12125.0000,12414.7900,12125.0000,12414.7900,12414.7900,140110000
2012-06-07,12416.5303,12555.2598,12416.5303,12460.9600,12460.9600,131150000
2012-06-08,12460.8096,12554.2002,12398.4404,12554.2002,12554.2002,111810000
2012-06-11,12553.8096,12650.4697,12398.4805,12411.2305,12411.2305,121060000
2012-06-12,12412.0703,12577.0195,12411.9102,12573.7998,12573.7998,111360000
2012-06-13,12566.3799,12598.2500,12453.6904,12496.3799,12496.3799,125780000
2012-06-14,12497.8896,12698.6797,12497.6602,12651.9102,12651.9102,128640000
2012-06-15,12652.2100,12774.7002,12651.3799,12767.1699,12767.1699,284290000
2012-06-18,12767.0195,12781.9297,12696.1797,12741.8203,12741.8203,111280000
2012-06-19,12744.6201,12898.9404,12744.4697,12837.3301,12837.3301,125180000
2012-06-20,12837.0996,12877.1797,12744.9199,12824.3896,12824.3896,119110000
2012-06-21,12823.0996,12857.3896,12561.4600,12573.5703,12573.5703,146750000
2012-06-22,12574.8203,12674.0801,12574.6699,12640.7803,12640.7803,209990000
2012-06-25,12639.7998,12639.8701,12458.0098,12502.6602,12502.6602,134090000
2012-06-26,12503.5703,12576.4102,12452.0303,12534.6699,12534.6699,109270000
2012-06-27,12532.9297,12646.8701,12532.7100,12627.0098,12627.0098,97950000
2012-06-28,12626.2500,12626.2500,12450.1699,12602.2598,12602.2598,125870000
2012-06-29,12604.5996,12880.3896,12604.5303,12880.0898,12880.0898,191630000
2012-07-02,12879.7100,12902.1201,12795.4805,12871.3896,12871.3896,109640000
2012-07-03,12868.0596,12946.2002,12845.2803,12943.6602,12943.6602,63850000
2012-07-05,12941.8496,12961.2998,12852.2402,12896.6699,12896.6699,97800000
2012-07-06,12889.4004,12889.4004,12702.9902,12772.4697,12772.4697,96760000
2012-07-09,12772.0195,12772.0195,12686.5703,12736.2900,12736.2900,100150000
2012-07-10,12733.8701,12830.2900,12606.9102,12653.1201,12653.1201,114760000
2012-07-11,12653.0400,12661.9697,12534.3301,12604.5303,12604.5303,128420000
2012-07-12,12602.7100,12630.6396,12492.2500,12573.2695,12573.2695,142760000
2012-07-13,12573.7305,12784.7305,12573.0400,12777.0898,12777.0898,121080000
2012-07-16,12776.3301,12779.5801,12690.0498,12727.2100,12727.2100,93500000
2012-07-17,12728.7305,12829.2305,12645.0996,12805.5400,12805.5400,119620000
2012-07-18,12796.9805,12921.9404,12754.6104,12908.7002,12908.7002,130070000
2012-07-19,12909.6104,12977.5703,12889.9297,12943.3604,12943.3604,139480000
2012-07-20,12942.6797,12942.8301,12810.3496,12822.5703,12822.5703,210770000
2012-07-23,12820.4502,12820.4502,12583.4102,12721.4600,12721.4600,137760000
2012-07-24,12720.9297,12730.0898,12521.8398,12617.3203,12617.3203,131530000
2012-07-25,12617.7695,12732.7695,12617.6201,12676.0498,12676.0498,127320000
2012-07-26,12680.5898,12931.2197,12680.5898,12887.9297,12887.9297,133620000
2012-07-27,12888.9102,13117.7402,12888.5303,13075.6602,13075.6602,161510000
2012-07-30,13075.3496,13128.6396,13042.8496,13073.0098,13073.0098,91730000
2012-07-31,13071.7197,13082.6602,13006.4805,13008.6797,13008.6797,125980000
2012-08-01,13007.4697,13074.8301,12951.1602,12976.1299,12976.1299,132780000
2012-08-02,12969.7002,12969.8496,12778.9004,12878.8799,12878.8799,112770000
2012-08-03,12884.8203,13133.1797,12884.8203,13096.1699,13096.1699,112390000
2012-08-06,13099.8799,13187.2803,13099.7197,13117.5098,13117.5098,84270000
2012-08-07,13118.6504,13215.9697,13118.4199,13168.5996,13168.5996,95240000
2012-08-08,13158.0996,13202.6504,13115.2402,13175.6396,13175.6396,84910000
2012-08-09,13174.7305,13200.2305,13125.0898,13165.1904,13165.1904,84350000
2012-08-10,13163.1504,13208.2197,13094.9600,13207.9502,13207.9502,86640000
2012-08-13,13204.9297,13205.0098,13112.9404,13169.4297,13169.4297,67550000
2012-08-14,13168.1104,13223.0098,13142.0996,13172.1396,13172.1396,84430000
2012-08-15,13157.4697,13192.8896,13138.2305,13164.7803,13164.7803,77130000
2012-08-16,13163.2402,13269.3496,13145.8496,13250.1104,13250.1104,114580000
2012-08-17,13251.2002,13281.3203,13244.8496,13275.2002,13275.2002,138550000
2012-08-20,13274.5801,13276.1504,13230.0596,13271.6396,13271.6396,87590000
2012-08-21,13272.0996,13330.7598,13186.5996,13203.5801,13203.5801,117060000
2012-08-22,13198.3096,13205.0596,13120.3398,13172.7598,13172.7598,111220000
2012-08-23,13171.3701,13171.3701,13046.4600,13057.4600,13057.4600,108800000
2012-08-24,13052.8203,13175.5098,13027.2002,13157.9697,13157.9697,88030000
2012-08-27,13157.7402,13176.1699,13115.4600,13124.6699,13124.6699,96070000
2012-08-28,13122.7402,13147.3203,13081.1201,13102.9902,13102.9902,81630000
2012-08-29,13103.4600,13144.8096,13081.2695,13107.4805,13107.4805,91530000
2012-08-30,13101.2900,13101.3701,12978.9102,13000.7100,13000.7100,89980000
2012-08-31,13002.7197,13151.8701,13002.6396,13090.8398,13090.8398,119780000
2012-09-04,13092.1504,13092.3896,12977.0898,13035.9404,13035.9404,103920000
2012-09-05,13036.0898,13095.9102,13018.7402,13047.4805,13047.4805,92550000
2012-09-06,13045.2305,13294.1299,13045.0801,13292.0000,13292.0000,128650000
2012-09-07,13289.5303,13320.2695,13266.2197,13306.6396,13306.6396,142210000
2012-09-10,13308.5596,13324.0996,13251.3896,13254.2900,13254.2900,123810000
2012-09-11,13254.5996,13354.3398,13253.2100,13323.3604,13323.3604,104920000
2012-09-12,13321.6201,13373.6201,13317.5195,13333.3496,13333.3496,111520000
2012-09-13,13329.7100,13573.3301,13325.1104,13539.8604,13539.8604,151770000
2012-09-14,13540.4004,13653.2402,13533.9404,13593.3701,13593.3701,185160000
2012-09-17,13588.5703,13593.1504,13526.6699,13553.0996,13553.0996,128020000
2012-09-18,13552.3301,13582.1201,13517.8096,13564.6396,13564.6396,120720000
2012-09-19,13565.4102,13626.4805,13556.7402,13577.9600,13577.9600,116210000
2012-09-20,13575.1699,13599.0195,13503.0000,13596.9297,13596.9297,117910000
2012-09-21,13597.2402,13647.0996,13571.5303,13579.4697,13579.4697,429610000
2012-09-24,13577.8496,13601.9004,13521.6797,13558.9199,13558.9199,120370000
2012-09-25,13559.9199,13620.2100,13457.2500,13457.5498,13457.5498,138630000
2012-09-26,13458.6299,13480.3701,13406.9102,13413.5098,13413.5098,124350000
2012-09-27,13413.4697,13522.8301,13413.4697,13485.9697,13485.9697,113990000
2012-09-28,13485.8896,13487.6602,13367.2695,13437.1299,13437.1299,146950000
2012-10-01,13437.6602,13598.2500,13437.6602,13515.1104,13515.1104,106120000
2012-10-02,13515.2998,13567.0596,13424.9199,13482.3604,13482.3604,90730000
2012-10-03,13479.2100,13536.2695,13439.1201,13494.6104,13494.6104,103890000
2012-10-04,13495.1797,13594.3301,13495.1797,13575.3604,13575.3604,106390000
2012-10-05,13569.1797,13661.8701,13568.7500,13610.1504,13610.1504,115500000
2012-10-08,13589.2598,13610.3799,13552.0898,13583.6504,13583.6504,71300000
2012-10-09,13582.8799,13592.3301,13473.3096,13473.5303,13473.5303,103630000
2012-10-10,13473.5303,13478.8301,13327.6201,13344.9697,13344.9697,101120000
2012-10-11,13346.2803,13428.4902,13326.1201,13326.3896,13326.3896,86630000
2012-10-12,13325.6201,13401.3203,13296.4297,13328.8496,13328.8496,113740000
2012-10-15,13329.5400,13437.6602,13325.9297,13424.2305,13424.2305,114880000
2012-10-16,13423.8398,13556.3701,13423.7598,13551.7803,13551.7803,113450000
2012-10-17,13539.6299,13561.6504,13468.9004,13557.0000,13557.0000,135570000
2012-10-18,13553.2402,13588.7305,13510.9297,13548.9404,13548.9404,128410000
2012-10-19,13545.3301,13545.4902,13312.2197,13343.5098,13343.5098,239080000
2012-10-22,13344.2803,13368.5498,13235.1504,13345.8896,13345.8896,121880000
2012-10-23,13344.9004,13344.9004,13083.2803,13102.5303,13102.5303,122220000
2012-10-24,13103.5303,13155.2100,13063.6299,13077.3398,13077.3398,110670000
2012-10-25,13079.6396,13214.1104,13017.3701,13103.6797,13103.6797,114590000
2012-10-26,13104.2197,13151.7197,13040.1699,13107.2100,13107.2100,134640000
2012-10-31,13107.4404,13189.0801,13052.0703,13096.4600,13096.4600,138160000
2012-11-01,13099.1904,13273.7100,13099.1104,13232.6201,13232.6201,140510000
2012-11-02,13232.6201,13289.4502,13076.5703,13093.1602,13093.1602,137660000
2012-11-05,13092.2803,13140.5801,13038.7100,13112.4404,13112.4404,95350000
2012-11-06,13112.9004,13290.7500,13112.9004,13245.6797,13245.6797,105710000
2012-11-07,13228.2402,13228.3203,12876.5996,12932.7305,12932.7305,164250000
2012-11-08,12932.8096,12980.2305,12811.2402,12811.3203,12811.3203,138350000
2012-11-09,12811.1699,12890.1904,12743.3896,12815.3896,12815.3896,131670000
2012-11-12,12815.9297,12861.2803,12783.0000,12815.0801,12815.0801,62360000
2012-11-13,12808.7100,12898.2500,12748.5098,12756.1797,12756.1797,142200000
2012-11-14,12746.5400,12797.7305,12542.6797,12570.9502,12570.9502,162180000
2012-11-15,12571.0996,12600.5898,12496.5596,12542.3799,12542.3799,129150000
2012-11-16,12542.3096,12604.1699,12471.4902,12588.3096,12588.3096,197110000
2012-11-19,12590.2305,12796.1904,12590.2305,12795.9600,12795.9600,136910000
2012-11-20,12790.8896,12808.5596,12701.0703,12788.5098,12788.5098,134160000
2012-11-21,12788.3604,12845.9902,12786.1299,12836.8896,12836.8896,97300000
2012-11-23,12833.1299,13011.4502,12832.9805,13009.5303,13009.5303,61110000
2012-11-26,13008.4502,13008.4502,12900.1699,12967.3701,12967.3701,114360000
2012-11-27,12963.3799,12980.1904,12868.2598,12878.1299,12878.1299,117900000
2012-11-28,12875.5596,12989.0996,12765.3203,12985.1104,12985.1104,131000000
2012-11-29,12977.3496,13062.5596,12961.9199,13021.8203,13021.8203,113620000
2012-11-30,13022.0498,13053.7402,12988.6797,13025.5801,13025.5801,171070000
2012-12-03,13027.7305,13087.3203,12959.4199,12965.5996,12965.5996,112900000
2012-12-04,12966.4502,13022.5098,12940.0703,12951.7803,12951.7803,125290000
2012-12-05,12948.9600,13089.1104,12923.4404,13034.4902,13034.4902,161230000
2012-12-06,13026.1904,13076.8799,13007.8398,13074.0400,13074.0400,116850000
2012-12-07,13072.8701,13157.2803,13072.8701,13155.1299,13155.1299,124130000
2012-12-10,13154.8896,13195.3496,13139.0801,13169.8799,13169.8799,118530000
2012-12-11,13170.3398,13306.5703,13170.3398,13248.4404,13248.4404,124510000
2012-12-12,13250.0498,13329.4404,13227.4404,13245.4502,13245.4502,127510000
2012-12-13,13241.3799,13264.4102,13147.1904,13170.7197,13170.7197,101190000
2012-12-14,13170.7998,13190.4102,13118.4600,13135.0098,13135.0098,117620000
2012-12-17,13135.1699,13244.3301,13134.6299,13235.3896,13235.3896,142980000
2012-12-18,13236.6104,13365.8604,13232.5801,13350.9600,13350.9600,152920000
2012-12-19,13351.0400,13357.7002,13251.7402,13251.9697,13251.9697,149020000
2012-12-20,13246.6699,13314.6396,13216.0303,13311.7197,13311.7197,119800000
2012-12-21,13309.9502,13309.9502,13122.5303,13190.8398,13190.8398,413270000
2012-12-24,13190.1504,13190.3799,13128.5498,13138.9297,13138.9297,47710000
2012-12-26,13138.8496,13174.8799,13076.8701,13114.5898,13114.5898,79410000
2012-12-27,13114.9697,13141.7402,12964.0801,13096.3096,13096.3096,100160000
2012-12-28,13095.0801,13095.4600,12926.8604,12938.1104,12938.1104,85980000
2012-12-31,12938.1904,13109.1299,12883.8896,13104.1396,13104.1396,145740000
2013-01-02,13104.2998,13412.7100,13104.2998,13412.5498,13412.5498,161430000
2013-01-03,13413.0098,13430.5996,13358.2998,13391.3604,13391.3604,129630000
2013-01-04,13391.0498,13447.1104,13376.2305,13435.2100,13435.2100,107590000
2013-01-07,13436.1299,13436.1299,13343.3203,13384.2900,13384.2900,113120000
2013-01-08,13377.4199,13377.4199,13293.1299,13328.8496,13328.8496,129570000
2013-01-09,13329.9199,13416.5498,13329.0801,13390.5098,13390.5098,123070000
2013-01-10,13391.8203,13478.2002,13382.2900,13471.2197,13471.2197,133520000
2013-01-11,13471.4502,13496.6797,13439.9697,13488.4297,13488.4297,119200000
2013-01-14,13488.4297,13520.1797,13459.8398,13507.3203,13507.3203,118460000
2013-01-15,13507.3203,13546.3701,13445.7998,13534.8896,13534.8896,102280000
2013-01-16,13534.8896,13534.8896,13468.9600,13511.2305,13511.2305,118540000
2013-01-17,13511.2305,13633.8896,13510.2402,13596.0195,13596.0195,183900000
2013-01-18,13596.0195,13649.9297,13571.8604,13649.7002,13649.7002,260900000
2013-01-22,13649.7002,13712.2100,13622.9600,13712.2100,13712.2100,144300000
2013-01-23,13712.2100,13794.2900,13710.1299,13779.3301,13779.3301,104490000
2013-01-24,13779.3301,13879.6602,13779.3301,13825.3301,13825.3301,124780000
2013-01-25,13825.3301,13895.9805,13825.3301,13895.9805,13895.9805,130300000
2013-01-28,13895.9805,13915.7197,13862.5703,13881.9297,13881.9297,113570000
2013-01-29,13881.9297,13969.9902,13880.0098,13954.4199,13954.4199,108230000
2013-01-30,13954.4199,13966.1299,13896.9502,13910.4199,13910.4199,117200000
2013-01-31,13910.4199,13941.0596,13860.5801,13860.5801,13860.5801,142600000
2013-02-01,13860.5801,14019.7803,13860.5801,14009.7900,14009.7900,128420000
2013-02-04,14009.7900,14009.7900,13866.8301,13880.0801,13880.0801,130420000
2013-02-05,13880.0801,14013.5996,13880.0801,13979.2998,13979.2998,134390000
2013-02-06,13979.2998,13991.6104,13913.1797,13986.5195,13986.5195,127560000
2013-02-07,13986.5195,13988.0596,13852.2002,13944.0498,13944.0498,118530000
2013-02-08,13944.0498,14022.6201,13944.0498,13992.9697,13992.9697,99860000
2013-02-11,13992.9697,13992.9697,13940.4102,13971.2402,13971.2402,75090000
2013-02-12,13971.2402,14038.9697,13968.9404,14018.7002,14018.7002,117180000
2013-02-13,14018.7002,14029.3496,13945.7803,13982.9102,13982.9102,130520000
2013-02-14,13982.9102,13990.3604,13921.9404,13973.3896,13973.3896,114800000
2013-02-15,13973.3896,14001.9297,13906.7305,13981.7598,13981.7598,195670000
2013-02-19,13981.7598,14044.8203,13977.9004,14035.6699,14035.6699,136410000
2013-02-20,14035.6699,14058.2695,13919.2803,13927.5400,13927.5400,138540000
2013-02-21,13927.5400,13927.5400,13834.4004,13880.6201,13880.6201,131410000
2013-02-22,13880.6201,14001.1904,13880.6201,14000.5703,14000.5703,139850000
2013-02-25,14000.5703,14081.5801,13784.0098,13784.1699,13784.1699,152190000
2013-02-26,13784.1699,13918.4404,13784.1699,13900.1299,13900.1299,132580000
2013-02-27,13900.1299,14104.8604,13880.1904,14075.3701,14075.3701,107010000
2013-02-28,14075.3701,14149.1504,14050.1797,14054.4902,14054.4902,177150000
2013-03-01,14054.4902,14107.0898,13937.5996,14089.6602,14089.6602,125920000
2013-03-04,14089.6602,14128.2100,14030.3701,14127.8203,14127.8203,110810000
2013-03-05,14127.8203,14286.3701,14127.8203,14253.7695,14253.7695,112100000
2013-03-06,14253.7695,14320.6504,14253.0000,14296.2402,14296.2402,116510000
2013-03-07,14296.2402,14354.6904,14296.2402,14329.4902,14329.4902,117080000
2013-03-08,14329.4902,14413.1699,14329.4902,14397.0703,14397.0703,115630000
2013-03-11,14397.0703,14448.0596,14373.3203,14447.2900,14447.2900,94880000
2013-03-12,14447.2900,14478.7998,14412.0596,14450.0596,14450.0596,102100000
2013-03-13,14450.0596,14472.7998,14411.6602,14455.2803,14455.2803,83920000
2013-03-14,14455.2803,14539.2900,14455.2803,14539.1396,14539.1396,117390000
2013-03-15,14539.1396,14539.1396,14470.5000,14514.1104,14514.1104,407770000
2013-03-18,14514.1104,14521.5898,14404.2100,14452.0596,14452.0596,119640000
2013-03-19,14452.0596,14514.3398,14382.0898,14455.8203,14455.8203,122170000
2013-03-20,14455.8203,14546.8203,14455.8203,14511.7305,14511.7305,121240000
2013-03-21,14511.7305,14511.7305,14383.0195,14421.4902,14421.4902,110450000
2013-03-22,14421.4902,14519.9502,14421.4902,14512.0303,14512.0303,101450000
2013-03-25,14512.0303,14563.7500,14395.0000,14447.7500,14447.7500,124840000
2013-03-26,14447.7500,14561.5400,14447.7500,14559.6504,14559.6504,96030000
2013-03-27,14559.6504,14559.6504,14439.5498,14526.1602,14526.1602,92680000
2013-03-28,14526.1602,14585.0996,14520.8604,14578.5400,14578.5400,153710000
2013-04-01,14578.5400,14605.7197,14531.4805,14572.8496,14572.8496,91400000
2013-04-02,14572.8496,14684.4902,14572.8496,14662.0098,14662.0098,98420000
2013-04-03,14662.0098,14683.1299,14525.3604,14550.3496,14550.3496,127140000
2013-04-04,14550.3496,14625.2402,14538.7197,14606.1104,14606.1104,104790000
2013-04-05,14606.1104,14606.1104,14434.4297,14565.2500,14565.2500,131250000
2013-04-08,14565.2500,14613.4805,14497.7998,14613.4805,14613.4805,106680000
2013-04-09,14613.4805,14716.4600,14598.5000,14673.4600,14673.4600,128580000
2013-04-10,14673.4600,14826.6602,14673.4600,14802.2402,14802.2402,120520000
2013-04-11,14802.2402,14887.5098,14785.3604,14865.1396,14865.1396,144570000
2013-04-12,14865.1396,14865.2100,14790.5703,14865.0596,14865.0596,119570000
2013-04-15,14865.0596,14865.0596,14598.5801,14599.2002,14599.2002,161680000
2013-04-16,14599.2002,14761.7305,14599.2002,14756.7803,14756.7803,126320000
2013-04-17,14756.7803,14756.7803,14560.8096,14618.5898,14618.5898,168010000
2013-04-18,14618.5898,14650.2598,14495.2900,14537.1396,14537.1396,158050000
2013-04-19,14537.1396,14553.7305,14444.0303,14547.5098,14547.5098,207200000
2013-04-22,14547.5098,14588.8301,14457.5996,14567.1699,14567.1699,146890000
2013-04-23,14567.1699,14721.4199,14554.2900,14719.4600,14719.4600,137320000
2013-04-24,14719.4600,14747.4199,14666.5400,14676.2998,14676.2998,138020000
2013-04-25,14676.2998,14768.0498,14665.4502,14700.7998,14700.7998,129600000
2013-04-26,14700.7998,14743.4902,14684.8203,14712.5498,14712.5498,128910000
2013-04-29,14712.5498,14844.9600,14712.5498,14818.7500,14818.7500,97060000
2013-04-30,14818.7500,14839.7998,14734.4697,14839.7998,14839.7998,148250000
2013-05-01,14839.7998,14839.7998,14687.0498,14700.9502,14700.9502,112620000
2013-05-02,14700.9502,14834.6299,14700.9502,14831.5801,14831.5801,91180000
2013-05-03,14831.5801,15009.5898,14831.5801,14973.9600,14973.9600,119890000
2013-05-06,14973.9600,14988.8701,14941.0898,14968.8896,14968.8896,116160000
2013-05-07,14968.8896,15056.6699,14968.8896,15056.2002,15056.2002,117230000
2013-05-08,15056.2002,15106.8096,15021.8701,15105.1201,15105.1201,113510000
2013-05-09,15105.1201,15144.8301,15046.8701,15082.6201,15082.6201,97810000
2013-05-10,15082.6201,15118.4902,15038.1797,15118.4902,15118.4902,98980000
2013-05-13,15113.4199,15113.4199,15053.4600,15091.6797,15091.6797,94280000
2013-05-14,15091.6797,15219.5498,15089.2998,15215.2500,15215.2500,124590000
2013-05-15,15211.8701,15301.3398,15175.3896,15275.6904,15275.6904,124030000
2013-05-16,15273.9199,15302.4902,15215.8203,15233.2197,15233.2197,145090000
2013-05-17,15234.7500,15357.4004,15234.7500,15354.4004,15354.4004,175750000
2013-05-20,15348.3301,15391.8398,15314.1504,15335.2803,15335.2803,116420000
2013-05-21,15334.9697,15434.5000,15325.6797,15387.5801,15387.5801,122970000
2013-05-22,15387.1201,15542.4004,15265.9600,15307.1699,15307.1699,171850000
2013-05-23,15300.5703,15348.4102,15180.2305,15294.5000,15294.5000,148810000
2013-05-24,15290.7402,15306.7100,15199.6299,15303.0996,15303.0996,105660000
2013-05-28,15307.3301,15521.4902,15307.3301,15409.3896,15409.3896,130680000
2013-05-29,15399.9404,15400.2500,15229.5303,15302.7998,15302.7998,114020000
2013-05-30,15306.0195,15398.7002,15280.9902,15324.5303,15324.5303,121150000
2013-05-31,15322.2197,15392.3799,15115.5703,15115.5703,15115.5703,208830000
2013-06-03,15123.5498,15254.1104,15123.5498,15254.0303,15254.0303,147980000
2013-06-04,15255.2197,15304.9805,15100.7803,15177.5400,15177.5400,134280000
2013-06-05,15168.0996,15168.6299,14945.5703,14960.5898,14960.5898,141400000
2013-06-06,14955.4502,15040.6201,14844.2197,15040.6201,15040.6201,140410000
2013-06-07,15044.4600,15255.5801,15044.4600,15248.1201,15248.1201,137380000
2013-06-10,15247.8096,15300.6396,15211.2500,15238.5898,15238.5898,94250000
2013-06-11,15231.3799,15251.0703,15086.0898,15122.0195,15122.0195,101610000
2013-06-12,15130.3896,15241.2803,14981.2100,14995.2305,14995.2305,105770000
2013-06-13,14992.5400,15202.2695,14953.4502,15176.0801,15176.0801,104490000
2013-06-14,15178.0801,15205.9199,15044.7998,15070.1797,15070.1797,107430000
2013-06-17,15078.7100,15261.7100,15078.7100,15179.8496,15179.8496,139250000
2013-06-18,15186.2998,15340.0898,15186.2998,15318.2305,15318.2305,99210000
2013-06-19,15315.4697,15322.0703,15112.1104,15112.1904,15112.1904,111380000
2013-06-20,15105.5098,15105.5098,14732.0303,14758.3203,14758.3203,172630000
2013-06-21,14760.6201,14858.5596,14688.4297,14799.4004,14799.4004,420080000
2013-06-24,14795.7900,14795.7900,14551.2695,14659.5596,14659.5596,158670000
2013-06-25,14669.6904,14812.0303,14669.6904,14760.3096,14760.3096,135940000
2013-06-26,14769.9902,14938.9805,14769.6797,14910.1396,14910.1396,133230000
2013-06-27,14921.2803,15075.0098,14921.2803,15024.4902,15024.4902,113650000
2013-06-28,15016.5801,15034.6299,14884.7998,14909.5996,14909.5996,230000000
2013-07-01,14911.5996,15083.2803,14911.5996,14974.9600,14974.9600,120570000
2013-07-02,14974.9600,15049.2197,14870.5098,14932.4102,14932.4102,116610000
2013-07-03,14923.7305,15025.9004,14858.9297,14988.3701,14988.3701,61000000
2013-07-05,14995.4600,15137.5098,14971.2002,15135.8398,15135.8398,94560000
2013-07-08,15137.2197,15262.7197,15137.2197,15224.6904,15224.6904,136820000
2013-07-09,15228.4600,15320.4199,15228.4600,15300.3398,15300.3398,109270000
2013-07-10,15298.0303,15348.9502,15258.8896,15291.6602,15291.6602,105050000
2013-07-11,15298.0000,15483.5498,15298.0000,15460.9199,15460.9199,124950000
2013-07-12,15460.6904,15498.3896,15410.2695,15464.2998,15464.2998,130140000
2013-07-15,15459.6904,15509.4805,15455.7695,15484.2598,15484.2598,99430000
2013-07-16,15485.0303,15498.1602,15415.7100,15451.8496,15451.8496,105970000
2013-07-17,15456.9199,15502.0000,15438.1201,15470.5195,15470.5195,126240000
2013-07-18,15465.9102,15589.4004,15465.9102,15548.5400,15548.5400,136270000
2013-07-19,15524.2695,15544.5498,15491.9600,15543.7402,15543.7402,229260000
2013-07-22,15543.9697,15576.2100,15516.2002,15545.5498,15545.5498,180920000
2013-07-23,15547.0000,15604.2197,15544.0596,15567.7402,15567.7402,98700000
2013-07-24,15576.6904,15602.5996,15496.8398,15542.2402,15542.2402,99320000
2013-07-25,15539.1699,15560.3301,15455.5898,15555.6104,15555.6104,103260000
2013-07-26,15547.8496,15560.9697,15405.1602,15558.8301,15558.8301,94880000
2013-07-29,15557.1396,15557.1396,15482.2695,15521.9697,15521.9697,87240000
2013-07-30,15534.4902,15593.9102,15479.1299,15520.5898,15520.5898,117550000
2013-07-31,15528.5703,15634.3203,15492.9600,15499.5400,15499.5400,145120000
2013-08-01,15503.8496,15650.6904,15503.8496,15628.0195,15628.0195,111040000
2013-08-02,15627.5596,15658.4297,15558.6797,15658.3604,15658.3604,104840000
2013-08-05,15651.9805,15655.2100,15584.8301,15612.1299,15612.1299,76850000
2013-08-06,15608.4404,15608.4404,15473.4004,15518.7402,15518.7402,87730000
2013-08-07,15516.2100,15516.2100,15421.7500,15470.6699,15470.6699,88430000
2013-08-08,15477.2695,15557.1201,15418.5996,15498.3203,15498.3203,90990000
2013-08-09,15496.6299,15507.7598,15346.6504,15425.5098,15425.5098,81180000
2013-08-12,15415.2197,15441.7500,15359.9297,15419.6797,15419.6797,78060000
2013-08-13,15420.6797,15504.1396,15342.3398,15451.0098,15451.0098,84790000
2013-08-14,15447.7100,15453.0801,15316.6201,15337.6602,15337.6602,91030000
2013-08-15,15332.7100,15332.7100,15094.0303,15112.1904,15112.1904,128340000
2013-08-16,15112.5703,15139.7695,15054.3799,15081.4697,15081.4697,151620000
2013-08-19,15076.7900,15106.3896,15005.4199,15010.7402,15010.7402,111660000
2013-08-20,15011.8203,15074.9199,14992.1602,15002.9902,15002.9902,102340000
2013-08-21,14993.8096,15019.7002,14880.8398,14897.5498,14897.5498,98340000
2013-08-22,14908.5996,14989.1201,14899.0000,14963.7402,14963.7402,153490000
2013-08-23,14988.7803,15025.5596,14931.2402,15010.5098,15010.5098,131860000
2013-08-26,15014.5801,15049.9805,14945.2402,14946.4600,14946.4600,102820000
2013-08-27,14939.2500,14939.2500,14765.4199,14776.1299,14776.1299,118610000
2013-08-28,14770.9902,14867.4004,14760.4102,14824.5098,14824.5098,104620000
2013-08-29,14817.9102,14916.0098,14792.1104,14840.9502,14840.9502,93170000
2013-08-30,14844.0996,14848.2402,14762.3496,14810.3096,14810.3096,135850000
2013-09-03,14801.5498,14933.3496,14777.4805,14833.9600,14833.9600,142530000
2013-09-04,14832.4199,14956.7402,14799.0898,14930.8701,14930.8701,122150000
2013-09-05,14929.4902,14987.4697,14923.2695,14937.4805,14937.4805,101010000
2013-09-06,14941.5498,15009.8398,14789.4004,14922.5000,14922.5000,108410000
2013-09-09,14927.1904,15088.4102,14927.1904,15063.1201,15063.1201,90660000
2013-09-10,15067.2305,15192.1299,15067.2305,15191.0596,15191.0596,103200000
2013-09-11,15194.1299,15326.5996,15194.1299,15326.5996,15326.5996,102090000
2013-09-12,15327.1396,15345.3203,15283.2598,15300.6396,15300.6396,99760000
2013-09-13,15312.8604,15380.9697,15312.8604,15376.0596,15376.0596,90890000
2013-09-16,15381.3604,15549.8701,15381.3604,15494.7803,15494.7803,105740000
2013-09-17,15503.1504,15555.0703,15503.1504,15529.7305,15529.7305,104480000
2013-09-18,15533.0303,15709.5801,15470.1602,15676.9404,15676.9404,145410000
2013-09-19,15677.8604,15695.8896,15625.4502,15636.5498,15636.5498,116280000
2013-09-20,15635.0898,15654.7695,15448.0898,15451.0898,15451.0898,379650000
2013-09-23,15452.3096,15466.9502,15368.2500,15401.3799,15401.3799,94920000
2013-09-24,15402.5400,15433.7500,15327.1396,15334.5898,15334.5898,85430000
2013-09-25,15339.0195,15372.4805,15253.1602,15273.2598,15273.2598,81890000
2013-09-26,15274.4199,15387.1904,15274.4199,15328.2998,15328.2998,79050000
2013-09-27,15317.4502,15317.4502,15211.8096,15258.2402,15258.2402,95660000
2013-09-30,15249.8203,15249.8203,15086.7100,15129.6699,15129.6699,122330000
2013-10-01,15132.4902,15208.4004,15110.3398,15191.7002,15191.7002,82460000
2013-10-02,15182.6504,15182.6504,15044.7100,15133.1396,15133.1396,86090000
2013-10-03,15127.2305,15127.2305,14947.0303,14996.4805,14996.4805,91300000
2013-10-04,14994.6797,15083.9902,14972.3301,15072.5801,15072.5801,75100000
2013-10-07,15069.2998,15069.2998,14920.8301,14936.2402,14936.2402,79620000
2013-10-08,14938.0400,14938.0400,14773.4697,14776.5303,14776.5303,102690000
2013-10-09,14778.1904,14852.5000,14719.4297,14802.9805,14802.9805,103190000
2013-10-10,14806.3896,15126.0703,14806.3896,15126.0703,15126.0703,106540000
2013-10-11,15126.5195,15237.2998,15100.1299,15237.1104,15237.1104,85730000
2013-10-14,15231.3301,15309.4805,15136.3799,15301.2598,15301.2598,81420000
2013-10-15,15300.2998,15301.9102,15161.3301,15168.0098,15168.0098,91440000
2013-10-16,15170.7002,15374.1504,15170.7002,15373.8301,15373.8301,92850000
2013-10-17,15369.4600,15376.1104,15229.0195,15371.6504,15371.6504,108490000
2013-10-18,15371.7100,15412.9697,15321.8096,15399.6504,15399.6504,156660000
2013-10-21,15401.3203,15410.1797,15362.6602,15392.2002,15392.2002,93660000
2013-10-22,15394.2197,15518.0996,15394.2197,15467.6602,15467.6602,107030000
2013-10-23,15465.3398,15465.6602,15366.1904,15413.3301,15413.3301,90630000
2013-10-24,15414.8701,15528.6299,15414.1299,15509.2100,15509.2100,89240000
2013-10-25,15523.7197,15570.5996,15512.9600,15570.2803,15570.2803,109900000
2013-10-28,15569.1904,15599.0898,15533.4805,15568.9297,15568.9297,92760000
2013-10-29,15572.2100,15683.0801,15572.2100,15680.3496,15680.3496,86600000
2013-10-30,15680.7402,15721.0000,15574.5195,15618.7598,15618.7598,79170000
2013-10-31,15619.9199,15651.8604,15544.6904,15545.7500,15545.7500,114050000
2013-11-01,15558.0098,15649.4004,15543.2500,15615.5498,15615.5498,101830000
2013-11-04,15621.2002,15658.9004,15588.4805,15639.1201,15639.1201,71200000
2013-11-05,15631.2197,15651.8896,15522.1797,15618.2197,15618.2197,91890000
2013-11-06,15628.7197,15750.2900,15628.7197,15746.8799,15746.8799,109200000
2013-11-07,15751.3096,15797.6797,15586.3301,15593.9805,15593.9805,103860000
2013-11-08,15591.5400,15764.2900,15579.3496,15761.7803,15761.7803,101200000
2013-11-11,15759.2803,15791.4502,15737.2197,15783.0996,15783.0996,58860000
2013-11-12,15773.1504,15793.3799,15708.2900,15750.6699,15750.6699,79260000
2013-11-13,15739.5000,15822.9805,15672.0000,15821.6299,15821.6299,92450000
2013-11-14,15806.2197,15884.9902,15798.7402,15876.2197,15876.2197,123860000
2013-11-15,15876.1602,15962.9805,15875.9004,15961.7002,15961.7002,126460000
2013-11-18,15962.7197,16030.2803,15942.1699,15976.0195,15976.0195,94860000
2013-11-19,15974.0596,16025.8496,15943.7803,15967.0303,15967.0303,84570000
2013-11-20,15971.2002,16016.8496,15865.3701,15900.8203,15900.8203,84350000
2013-11-21,15908.0703,16016.0400,15908.0703,16009.9902,16009.9902,79000000
2013-11-22,16008.7100,16068.7803,15976.2695,16064.7695,16064.7695,81000000
2013-11-25,16072.0898,16109.6299,16055.4600,16072.5400,16072.5400,94040000
2013-11-26,16070.9297,16120.2500,16070.9297,16072.7998,16072.7998,107450000
2013-11-27,16073.3701,16107.9902,16057.3398,16097.3301,16097.3301,65730000
2013-11-29,16105.1602,16174.5098,16074.1396,16086.4102,16086.4102,69190000
2013-12-02,16087.1201,16098.0000,15986.2305,16008.7695,16008.7695,92590000
2013-12-03,16004.7197,16004.7197,15859.6797,15914.6201,15914.6201,103910000
2013-12-04,15910.5098,15960.3604,15791.2900,15889.7695,15889.7695,111180000
2013-12-05,15886.5000,15896.1904,15809.3701,15821.5098,15821.5098,128080000
2013-12-06,15825.5498,16022.3496,15825.5498,16020.2002,16020.2002,98260000
2013-12-09,16019.4902,16058.4004,16015.2900,16025.5303,16025.5303,91810000
2013-12-10,16024.1201,16029.0596,15969.5303,15973.1299,15973.1299,79420000
2013-12-11,15970.7500,15997.2197,15827.7002,15843.5303,15843.5303,107170000
2013-12-12,15844.8203,15845.1104,15703.7900,15739.4297,15739.4297,105870000
2013-12-13,15745.6602,15792.7998,15717.9199,15755.3604,15755.3604,83180000
2013-12-16,15759.5996,15930.3096,15759.5996,15884.5703,15884.5703,101470000
2013-12-17,15884.0596,15917.9600,15836.4502,15875.2598,15875.2598,101490000
2013-12-18,15876.5703,16173.0400,15808.9199,16167.9697,16167.9697,129620000
2013-12-19,16162.5098,16194.7197,16121.5400,16179.0801,16179.0801,94980000
2013-12-20,16178.5703,16287.8398,16178.5703,16221.1396,16221.1396,285190000
2013-12-23,16225.2500,16318.1104,16225.2500,16294.6104,16294.6104,78930000
2013-12-24,16295.7002,16360.5996,16295.7002,16357.5498,16357.5498,33640000
2013-12-26,16370.9697,16483.0000,16370.9697,16479.8809,16479.8809,50160000
2013-12-27,16486.3691,16529.0098,16461.2305,16478.4102,16478.4102,47230000
2013-12-30,16484.5098,16504.3496,16476.8691,16504.2891,16504.2891,54220000
2013-12-31,16512.3809,16588.2500,16511.4805,16576.6602,16576.6602,78760000
2014-01-02,16572.1699,16573.0703,16416.4902,16441.3496,16441.3496,80960000
2014-01-03,16456.8906,16518.7402,16439.3008,16469.9902,16469.9902,72770000
2014-01-06,16474.0391,16532.9902,16405.5195,16425.0996,16425.0996,89380000
2014-01-07,16429.0195,16562.3203,16429.0195,16530.9395,16530.9395,81270000
2014-01-08,16527.6602,16528.8809,16416.6895,16462.7402,16462.7402,103260000
2014-01-09,16471.4102,16525.3496,16378.6104,16444.7598,16444.7598,83990000
2014-01-10,16453.6191,16487.6504,16379.0195,16437.0508,16437.0508,85190000
2014-01-13,16434.0293,16453.1309,16240.5996,16257.9404,16257.9404,111680000
2014-01-14,16261.9902,16373.9199,16260.8301,16373.8604,16373.8604,98610000
2014-01-15,16378.0303,16505.2793,16376.7803,16481.9395,16481.9395,101130000
2014-01-16,16477.6992,16477.6992,16375.5596,16417.0098,16417.0098,87370000
2014-01-17,16408.0195,16495.2598,16378.7998,16458.5605,16458.5605,184970000
2014-01-21,16459.2695,16520.5996,16316.2500,16414.4395,16414.4395,111570000
2014-01-22,16420.4805,16453.4902,16332.9805,16373.3398,16373.3398,87470000
2014-01-23,16371.9902,16372.9600,16140.5801,16197.3496,16197.3496,100540000
2014-01-24,16203.2900,16203.2900,15879.1104,15879.1104,15879.1104,141450000
2014-01-27,15879.0498,15942.7695,15783.5498,15837.8799,15837.8799,127540000
2014-01-28,15840.8398,15945.8896,15840.8398,15928.5596,15928.5596,89110000
2014-01-29,15927.0801,15927.0801,15708.9805,15738.7900,15738.7900,109590000
2014-01-30,15743.0303,15907.5303,15733.2695,15848.6104,15848.6104,92100000
2014-01-31,15847.1904,15847.1904,15617.5498,15698.8496,15698.8496,137090000
2014-02-03,15697.6904,15708.5400,15356.1699,15372.7998,15372.7998,151050000
2014-02-04,15372.9297,15481.8496,15356.6201,15445.2402,15445.2402,124110000
2014-02-05,15443.0000,15478.2100,15340.6904,15440.2305,15440.2305,105130000
2014-02-06,15443.8301,15632.0898,15443.0000,15628.5303,15628.5303,106980000
2014-02-07,15630.6396,15798.5098,15625.5303,15794.0801,15794.0801,105780000
2014-02-10,15793.6299,15801.7900,15733.6904,15801.7900,15801.7900,84110000
2014-02-11,15804.1699,16027.1904,15803.4004,15994.7695,15994.7695,95930000
2014-02-12,15993.0400,16036.5596,15928.7500,15963.9404,15963.9404,77310000
2014-02-13,15946.9902,16039.3701,15863.2500,16027.5898,16027.5898,99470000
2014-02-14,16018.0801,16175.5498,15985.3896,16154.3896,16154.3896,84060000
2014-02-18,16153.9697,16167.3301,16107.0400,16130.4004,16130.4004,91250000
2014-02-19,16126.2305,16225.7197,16031.6602,16040.5596,16040.5596,80560000
2014-02-20,16044.1504,16161.6396,16006.5898,16133.2305,16133.2305,77720000
2014-02-21,16135.9199,16191.9199,16093.7998,16103.2998,16103.2998,126580000
2014-02-24,16102.2695,16300.0400,16102.2695,16207.1396,16207.1396,244580000
2014-02-25,16207.3398,16254.2598,16147.2500,16179.6602,16179.6602,99470000
2014-02-26,16180.3604,16252.3496,16155.8604,16198.4102,16198.4102,93980000
2014-02-27,16197.7002,16276.2803,16159.8096,16272.6504,16272.6504,97640000
2014-02-28,16273.2305,16398.9492,16226.0898,16321.7100,16321.7100,122110000
2014-03-03,16321.7100,16321.7100,16071.2500,16168.0303,16168.0303,92760000
2014-03-04,16169.3203,16419.4902,16169.3203,16395.8809,16395.8809,96120000
2014-03-05,16395.8809,16406.5508,16343.9600,16360.1797,16360.1797,73980000
2014-03-06,16360.5596,16450.1699,16360.5596,16421.8906,16421.8906,75900000
2014-03-07,16424.5293,16505.6992,16398.8594,16452.7207,16452.7207,80690000
2014-03-10,16453.0996,16453.0996,16334.2002,16418.6797,16418.6797,68210000
2014-03-11,16419.3906,16460.3301,16325.1699,16351.2500,16351.2500,78150000
2014-03-12,16350.6699,16364.7402,16260.0303,16340.0801,16340.0801,77900000
2014-03-13,16341.5498,16405.0703,16084.0996,16108.8896,16108.8896,86160000
2014-03-14,16106.3203,16165.0498,16046.9902,16065.6699,16065.6699,85660000
2014-03-17,16066.3701,16270.3398,16066.3701,16247.2197,16247.2197,88930000
2014-03-18,16245.9297,16369.9404,16245.9297,16336.1904,16336.1904,79140000
2014-03-19,16335.7100,16363.3203,16126.2900,16222.1699,16222.1699,90110000
2014-03-20,16221.9805,16353.9805,16160.3301,16331.0498,16331.0498,91530000
2014-03-21,16332.6904,16456.4492,16290.7900,16302.7695,16302.7695,353670000
2014-03-24,16303.2803,16380.5098,16215.5596,16276.6904,16276.6904,110620000
2014-03-25,16279.2002,16407.1797,16279.2002,16367.8799,16367.8799,89110000
2014-03-26,16370.7100,16466.0391,16268.9902,16268.9902,16268.9902,92770000
2014-03-27,16268.6699,16300.9404,16191.7900,16264.2305,16264.2305,93650000
2014-03-28,16267.7695,16414.8594,16267.7695,16323.0596,16323.0596,86370000
2014-03-31,16324.2197,16480.8496,16324.2197,16457.6602,16457.6602,104510000
2014-04-01,16458.0508,16565.7305,16457.5996,16532.6094,16532.6094,88010000
2014-04-02,16532.8008,16588.1895,16506.5996,16573.0000,16573.0000,78120000
2014-04-03,16572.3594,16604.1504,16527.5996,16572.5508,16572.5508,77220000
2014-04-04,16576.0195,16631.6309,16392.7695,16412.7109,16412.7109,104350000
2014-04-07,16414.1504,16421.3809,16244.0098,16245.8701,16245.8701,116540000
2014-04-08,16245.1602,16296.8604,16180.2803,16256.1396,16256.1396,98510000
2014-04-09,16256.3701,16438.8203,16256.3701,16437.1797,16437.1797,91550000
2014-04-10,16437.2402,16456.1191,16153.3398,16170.2197,16170.2197,112550000
2014-04-11,16168.8701,16168.8701,16015.3203,16026.7500,16026.7500,119550000
2014-04-14,16028.2900,16184.7598,16028.2900,16173.2402,16173.2402,90020000
2014-04-15,16173.4902,16272.9502,16063.2002,16262.5596,16262.5596,97850000
2014-04-16,16266.2305,16424.8496,16266.2305,16424.8496,16424.8496,94650000
2014-04-17,16424.1406,16460.4902,16368.1396,16408.5391,16408.5391,136190000
2014-04-21,16408.9199,16459.7793,16402.0801,16449.2500,16449.2500,79500000
2014-04-22,16449.3809,16565.7109,16449.3809,16514.3691,16514.3691,84830000
2014-04-23,16513.7305,16525.9902,16477.2793,16501.6504,16501.6504,76830000
2014-04-24,16503.3906,16541.2598,16452.3008,16501.6504,16501.6504,80340000
2014-04-25,16503.2598,16503.2598,16333.7803,16361.4600,16361.4600,90630000
2014-04-28,16363.2002,16500.3691,16312.6602,16448.7402,16448.7402,105510000
2014-04-29,16451.1797,16559.3906,16451.1797,16535.3691,16535.3691,71240000
2014-04-30,16534.8594,16592.2793,16510.8691,16580.8398,16580.8398,92970000
2014-05-01,16580.2598,16604.7891,16525.2500,16558.8691,16558.8691,75630000
2014-05-02,16562.3398,16620.0605,16488.3105,16512.8906,16512.8906,78910000
2014-05-05,16509.7500,16547.9199,16377.0898,16530.5508,16530.5508,70320000
2014-05-06,16529.8496,16529.8496,16399.9902,16401.0195,16401.0195,74340000
2014-05-07,16401.6602,16522.9395,16357.3496,16518.5391,16518.5391,93870000
2014-05-08,16518.1602,16622.9492,16502.0098,16550.9707,16550.9707,75620000
2014-05-09,16551.2305,16588.7695,16498.7109,16583.3398,16583.3398,74980000
2014-05-12,16584.8203,16704.8398,16584.8203,16695.4707,16695.4707,71550000
2014-05-13,16695.9199,16735.5098,16695.9199,16715.4395,16715.4395,71340000
2014-05-14,16716.0801,16717.5605,16595.0000,16613.9707,16613.9707,71970000
2014-05-15,16613.5195,16622.9004,16397.4609,16446.8105,16446.8105,106610000
2014-05-16,16447.3203,16498.9902,16414.3203,16491.3105,16491.3105,119330000
2014-05-19,16490.3496,16526.2598,16442.1191,16511.8594,16511.8594,82180000
2014-05-20,16511.2207,16511.2207,16341.2998,16374.3096,16374.3096,75150000
2014-05-21,16376.1699,16544.5996,16376.1699,16533.0605,16533.0605,76730000
2014-05-22,16532.7402,16565.3906,16489.6094,16543.0801,16543.0801,59250000
2014-05-23,16544.4902,16613.0703,16544.4902,16606.2695,16606.2695,61340000
2014-05-27,16607.4199,16688.6895,16607.4199,16675.5000,16675.5000,80870000
2014-05-28,16674.9805,16674.9805,16620.2207,16633.1797,16633.1797,62480000
2014-05-29,16637.7402,16698.7402,16620.4297,16698.7402,16698.7402,55500000
2014-05-30,16697.3301,16721.2207,16648.8496,16717.1699,16717.1699,105190000
2014-06-02,16716.8496,16756.6406,16682.0703,16743.6309,16743.6309,57560000
2014-06-03,16736.6992,16736.6992,16690.0098,16722.3398,16722.3398,67830000
2014-06-04,16720.0000,16742.9102,16673.6504,16737.5293,16737.5293,65570000
2014-06-05,16739.1406,16845.8105,16709.9492,16836.1094,16836.1094,70460000
2014-06-06,16839.6406,16924.2793,16839.6406,16924.2793,16924.2793,80530000
2014-06-09,16926.0801,16970.1699,16912.9199,16943.0996,16943.0996,67130000
2014-06-10,16940.4004,16946.3398,16897.4395,16945.9199,16945.9199,64560000
2014-06-11,16943.1602,16943.1602,16821.8496,16843.8809,16843.8809,61860000
2014-06-12,16840.4805,16841.5703,16703.7305,16734.1895,16734.1895,72560000
2014-06-13,16734.6406,16787.8906,16718.5996,16775.7402,16775.7402,95220000
2014-06-16,16765.5605,16802.1406,16722.8594,16781.0098,16781.0098,77900000
2014-06-17,16779.2109,16823.5508,16732.9102,16808.4902,16808.4902,63530000
2014-06-18,16806.1191,16911.4102,16755.2891,16906.6191,16906.6191,73720000
2014-06-19,16909.9004,16923.4297,16858.8809,16921.4609,16921.4609,80220000
2014-06-20,16920.6191,16978.0195,16920.6191,16947.0801,16947.0801,247350000
2014-06-23,16946.5000,16954.2695,16896.0898,16937.2598,16937.2598,63640000
2014-06-24,16934.6191,16969.6992,16805.2305,16818.1309,16818.1309,80220000
2014-06-25,16817.6797,16883.5391,16799.4102,16867.5098,16867.5098,73920000
2014-06-26,16866.8105,16872.5195,16746.0898,16846.1309,16846.1309,63650000
2014-06-27,16846.9004,16862.7305,16773.8398,16851.8398,16851.8398,137690000
2014-06-30,16852.4902,16871.2695,16801.9395,16826.5996,16826.5996,90360000
2014-07-01,16828.5293,16998.6992,16828.5293,16956.0703,16956.0703,74050000
2014-07-02,16949.7109,16986.6309,16949.7109,16976.2402,16976.2402,57840000
2014-07-03,16979.0000,17074.6504,16979.0000,17068.2598,17068.2598,66800000
2014-07-07,17063.8301,17063.8301,16992.4492,17024.2109,17024.2109,61480000
2014-07-08,17022.0898,17022.0898,16874.7891,16906.6191,16906.6191,75250000
2014-07-09,16916.8301,16998.9492,16913.8105,16985.6094,16985.6094,67120000
2014-07-10,16980.3496,16980.3496,16805.3809,16915.0703,16915.0703,67510000
2014-07-11,16918.3105,16949.4609,16860.3008,16943.8105,16943.8105,61000000
2014-07-14,16950.9297,17088.4297,16950.9297,17055.4199,17055.4199,60570000
2014-07-15,17055.0293,17120.3398,17006.3906,17060.6797,17060.6797,101730000
2014-07-16,17061.9102,17139.3496,17061.9102,17138.1992,17138.1992,111500000
2014-07-17,17133.4492,17151.5605,16966.1895,16976.8105,16976.8105,99240000
2014-07-18,16978.1602,17113.5098,16977.5195,17100.1797,17100.1797,112530000
2014-07-21,17095.1094,17095.1094,16974.3398,17051.7305,17051.7305,67590000
2014-07-22,17054.9707,17133.4297,17040.1309,17113.5391,17113.5391,77960000
2014-07-23,17117.0098,17121.0508,17058.0508,17086.6309,17086.6309,73440000
2014-07-24,17092.0195,17119.8301,17061.0703,17083.8008,17083.8008,66390000
2014-07-25,17079.5000,17082.3301,16915.6504,16960.5703,16960.5703,67290000
2014-07-28,16956.9102,17001.3809,16877.7207,16982.5898,16982.5898,66190000
2014-07-29,16984.3301,17056.4609,16912.1094,16912.1094,16912.1094,75980000
2014-07-30,16920.1094,16983.9395,16817.1602,16880.3594,16880.3594,77750000
2014-07-31,16869.6309,16869.6309,16563.3008,16563.3008,16563.3008,101670000
2014-08-01,16561.6992,16584.7500,16437.0703,16493.3691,16493.3691,84860000
2014-08-04,16493.7207,16596.2207,16447.1992,16569.2793,16569.2793,76260000
2014-08-05,16559.9707,16559.9707,16369.5498,16429.4707,16429.4707,76630000
2014-08-06,16425.0996,16490.6992,16372.3203,16443.3398,16443.3398,78600000
2014-08-07,16448.2891,16504.3496,16333.7803,16368.2695,16368.2695,80430000
2014-08-08,16369.6797,16556.5898,16364.2197,16553.9297,16553.9297,82420000
2014-08-11,16557.2695,16627.9902,16557.2695,16569.9805,16569.9805,65560000
2014-08-12,16565.5508,16589.3105,16518.0605,16560.5391,16560.5391,62770000
2014-08-13,16567.5391,16670.2891,16567.5391,16651.8008,16651.8008,66020000
2014-08-14,16657.3203,16714.2207,16651.6699,16713.5801,16713.5801,62370000
2014-08-15,16717.0098,16775.2695,16575.4199,16662.9102,16662.9102,109180000
2014-08-18,16664.4492,16840.2793,16664.4492,16838.7402,16838.7402,75670000
2014-08-19,16839.0605,16929.1309,16839.0605,16919.5898,16919.5898,67220000
2014-08-20,16910.0293,16994.8906,16896.5508,16979.1309,16979.1309,61960000
2014-08-21,16983.8809,17074.5898,16983.8809,17039.4902,17039.4902,65160000
2014-08-22,17038.2695,17064.2793,16984.5195,17001.2207,17001.2207,64330000
2014-08-25,17011.8105,17124.7402,17011.8105,17076.8691,17076.8691,57400000
2014-08-26,17079.5703,17153.8008,17079.5703,17106.6992,17106.6992,50710000
2014-08-27,17111.0293,17134.5996,17090.6094,17122.0098,17122.0098,61690000
2014-08-28,17119.0605,17119.0605,17018.3301,17079.5703,17079.5703,51860000
2014-08-29,17083.4199,17110.4199,17035.3809,17098.4492,17098.4492,81500000
2014-09-02,17097.4199,17113.5098,17009.0703,17067.5605,17067.5605,64820000
2014-09-03,17067.2402,17151.8906,17060.2109,17078.2793,17078.2793,62770000
2014-09-04,17083.6094,17161.5508,17030.1191,17069.5801,17069.5801,68120000
2014-09-05,17065.8906,17137.3594,17009.6191,17137.3594,17137.3594,76630000
2014-09-08,17131.7109,17137.8809,17079.1699,17111.4199,17111.4199,65640000
2014-09-09,17110.3906,17111.5508,16993.2891,17013.8691,17013.8691,69030000
2014-09-10,17016.0508,17080.2695,16974.5703,17068.7109,17068.7109,76780000
2014-09-11,17057.4102,17057.4102,16983.8809,17049.0000,17049.0000,63650000
2014-09-12,17044.0508,17044.0508,16937.6699,16987.5098,16987.5098,82820000
2014-09-15,16988.7598,17051.8496,16951.3809,17031.1406,17031.1406,71740000
2014-09-16,17027.1602,17167.0508,16985.5508,17131.9707,17131.9707,73200000
2014-09-17,17131.0098,17221.1094,17089.0098,17156.8496,17156.8496,87810000
2014-09-18,17163.7305,17275.3691,17163.7305,17265.9902,17265.9902,85300000
2014-09-19,17267.2109,17350.6406,17257.4609,17279.7402,17279.7402,349620000
2014-09-22,17271.7109,17277.8809,17159.3594,17172.6797,17172.6797,74300000
2014-09-23,17165.9102,17171.8809,17055.8691,17055.8691,17055.8691,77090000
2014-09-24,17056.6406,17226.5996,17033.9297,17210.0605,17210.0605,80530000
2014-09-25,17204.8594,17204.8594,16945.8008,16945.8008,16945.8008,93520000
2014-09-26,16948.6191,17148.1504,16948.1094,17113.1504,17113.1504,74670000
2014-09-29,17107.6895,17107.6895,16934.4297,17071.2207,17071.2207,70220000
2014-09-30,17070.4492,17145.0996,17017.1094,17042.9004,17042.9004,102290000
2014-10-01,17040.4609,17041.1602,16776.1309,16804.7109,16804.7109,104240000
2014-10-02,16808.2695,16857.2500,16674.0391,16801.0508,16801.0508,75490000
2014-10-03,16802.1992,17027.8398,16802.1992,17009.6895,17009.6895,87940000
2014-10-06,17010.3398,17099.3906,16930.3809,16991.9102,16991.9102,655450000
2014-10-07,16988.2500,16988.2500,16715.7891,16719.3906,16719.3906,79420000
2014-10-08,16718.6504,17006.9102,16663.2598,16994.2207,16994.2207,106930000
2014-10-09,16989.3691,16989.3691,16649.0391,16659.2500,16659.2500,93210000
2014-10-10,16654.8809,16757.5996,16543.9102,16544.0996,16544.0996,136370000
2014-10-13,16535.4297,16602.4102,16310.4697,16321.0703,16321.0703,107830000
2014-10-14,16321.9004,16463.6699,16273.6396,16315.1904,16315.1904,110410000
2014-10-15,16313.2998,16313.2998,15855.1201,16141.7402,16141.7402,160380000
2014-10-16,16137.1396,16211.1201,15935.2197,16117.2402,16117.2402,131670000
2014-10-17,16118.3896,16427.3809,16118.3896,16380.4102,16380.4102,137910000
2014-10-20,16373.1504,16401.6309,16260.5400,16399.6699,16399.6699,94320000
2014-10-21,16406.0293,16620.7793,16405.7695,16614.8105,16614.8105,105110000
2014-10-22,16615.2598,16653.8906,16459.8496,16461.3203,16461.3203,92050000
2014-10-23,16468.0703,16767.5195,16468.0703,16677.9004,16677.9004,99420000
2014-10-24,16677.0391,16811.7109,16649.7207,16805.4102,16805.4102,90400000
2014-10-27,16796.0996,16836.9805,16729.8301,16817.9395,16817.9395,72580000
2014-10-28,16825.1895,17006.4492,16825.1895,17005.7500,17005.7500,83870000
2014-10-29,17005.0703,17065.5000,16895.3809,16974.3105,16974.3105,76450000
2014-10-30,16968.1406,17223.9609,16920.7598,17195.4199,17195.4199,80180000
2014-10-31,17208.7793,17395.5391,17208.7793,17390.5195,17390.5195,121610000
2014-11-03,17390.9004,17410.6504,17339.8496,17366.2402,17366.2402,80030000
2014-11-04,17368.8105,17397.2305,17278.3594,17383.8398,17383.8398,81390000
2014-11-05,17385.7598,17486.5898,17385.7598,17484.5293,17484.5293,76030000
2014-11-06,17491.6602,17560.3105,17440.3496,17554.4707,17554.4707,70670000
2014-11-07,17558.5801,17575.3301,17493.3691,17573.9297,17573.9297,82860000
2014-11-10,17568.9805,17621.8691,17547.5098,17613.7402,17613.7402,71430000
2014-11-11,17615.6406,17638.2109,17584.9395,17614.9004,17614.9004,52880000
2014-11-12,17604.7500,17626.7109,17536.1699,17612.1992,17612.1992,75980000
2014-11-13,17618.6895,17705.4805,17583.8809,17652.7891,17652.7891,80540000
2014-11-14,17653.1094,17664.1504,17613.1992,17634.7402,17634.7402,72850000
2014-11-17,17631.8496,17675.0703,17606.8105,17647.7500,17647.7500,70330000
2014-11-18,17643.0898,17735.7109,17642.0293,17687.8203,17687.8203,87420000
2014-11-19,17685.5098,17712.2598,17624.5000,17685.7305,17685.7305,73780000
2014-11-20,17677.3203,17720.4395,17603.8906,17719.0000,17719.0000,77740000
2014-11-21,17721.0195,17894.8301,17721.0195,17810.0605,17810.0605,140940000
2014-11-24,17812.6309,17855.2695,17793.1895,17817.9004,17817.9004,85510000
2014-11-25,17819.0508,17854.7305,17790.8906,17814.9395,17814.9395,88190000
2014-11-26,17812.2500,17833.7598,17791.1602,17827.7500,17827.7500,67450000
2014-11-28,17830.5508,17893.4199,17807.7793,17828.2402,17828.2402,80470000
2014-12-01,17827.2695,17827.2695,17726.5508,17776.8008,17776.8008,86390000
2014-12-02,17778.8496,17897.0508,17778.8496,17879.5508,17879.5508,81970000
2014-12-03,17880.9004,17924.1504,17855.5898,17912.6191,17912.6191,99400000
2014-12-04,17910.0195,17937.9609,17814.8105,17900.0996,17900.0996,76270000
2014-12-05,17903.0508,17991.1895,17903.0508,17958.7891,17958.7891,79110000
2014-12-08,17954.9395,17960.5605,17804.2793,17852.4805,17852.4805,88680000
2014-12-09,17847.3691,17847.3691,17629.5703,17801.1992,17801.1992,100400000
2014-12-10,17797.9902,17797.9902,17508.0996,17533.1504,17533.1504,115100000
2014-12-11,17534.3008,17758.5098,17534.3008,17596.3398,17596.3398,90100000
2014-12-12,17590.0508,17590.0508,17280.8301,17280.8301,17280.8301,121950000
2014-12-15,17285.7402,17403.5391,17115.2793,17180.8398,17180.8398,114050000
2014-12-16,17173.0703,17427.4395,17067.5898,17068.8691,17068.8691,116640000
2014-12-17,17069.1602,17389.3008,17069.1602,17356.8691,17356.8691,118220000
2014-12-18,17367.8496,17778.4004,17367.8496,17778.1504,17778.1504,123940000
2014-12-19,17778.0195,17874.0293,17746.5508,17804.8008,17804.8008,343690000
2014-12-22,17812.2500,17962.7793,17812.2500,17959.4395,17959.4395,98460000
2014-12-23,17971.5098,18069.2207,17970.1602,18024.1699,18024.1699,82890000
2014-12-24,18035.7305,18086.2402,18027.7793,18030.2109,18030.2109,42870000
2014-12-26,18038.3008,18103.4492,18038.3008,18053.7109,18053.7109,52570000
2014-12-29,18046.5801,18073.0391,18021.5703,18038.2305,18038.2305,53870000
2014-12-30,18035.0195,18035.0195,17959.6992,17983.0703,17983.0703,47490000
2014-12-31,17987.6602,18043.2207,17820.8809,17823.0703,17823.0703,82840000
2015-01-02,17823.0703,17951.7793,17731.3008,17832.9902,17832.9902,76270000
2015-01-05,17821.3008,17821.3008,17475.9297,17501.6504,17501.6504,116160000
2015-01-06,17504.1797,17581.0508,17262.3691,17371.6406,17371.6406,101870000
2015-01-07,17374.7793,17597.0801,17374.7793,17584.5195,17584.5195,91030000
2015-01-08,17591.9707,17916.0391,17591.9707,17907.8691,17907.8691,114890000
2015-01-09,17911.0195,17915.3203,17686.0898,17737.3691,17737.3691,93390000
2015-01-12,17742.0508,17793.8809,17571.5801,17640.8398,17640.8398,92500000
2015-01-13,17645.0195,17923.0098,17498.2305,17613.6797,17613.6797,99360000
2015-01-14,17609.0605,17609.0605,17264.9004,17427.0898,17427.0898,109180000
2015-01-15,17436.3008,17517.4102,17298.0391,17320.7109,17320.7109,94520000
2015-01-16,17320.0000,17528.3691,17243.5508,17511.5703,17511.5703,140480000
2015-01-20,17516.9609,17588.6992,17346.7305,17515.2305,17515.2305,119600000
2015-01-21,17509.9609,17599.5801,17396.0391,17554.2793,17554.2793,95530000
2015-01-22,17557.2891,17840.8906,17482.5391,17813.9805,17813.9805,111980000
2015-01-23,17812.5000,17812.5000,17667.5293,17672.5996,17672.5996,97110000
2015-01-26,17668.1094,17696.3594,17567.5996,17678.6992,17678.6992,87220000
2015-01-27,17638.5293,17638.5293,17288.3105,17387.2109,17387.2109,135940000
2015-01-28,17402.9102,17484.4102,17189.0000,17191.3691,17191.3691,115980000
2015-01-29,17195.2891,17433.1309,17136.3008,17416.8496,17416.8496,111690000
2015-01-30,17416.8496,17419.9004,17156.8203,17164.9492,17164.9492,168560000
2015-02-02,17169.9902,17367.6797,17037.7598,17361.0391,17361.0391,108090000
2015-02-03,17369.9707,17670.7598,17369.9707,17666.4004,17666.4004,112860000
2015-02-04,17664.9902,17782.2207,17603.2109,17673.0195,17673.0195,102560000
2015-02-05,17677.2598,17889.5801,17677.2598,17884.8809,17884.8809,79890000
2015-02-06,17881.5391,17951.0898,17764.4004,17824.2891,17824.2891,93610000
2015-02-09,17821.4902,17821.4902,17685.3203,17729.2109,17729.2109,81590000
2015-02-10,17736.1504,17890.3398,17729.2402,17868.7598,17868.7598,89930000
2015-02-11,17867.8594,17897.2109,17759.6504,17862.1406,17862.1406,89890000
2015-02-12,17862.1406,17975.6504,17862.1406,17972.3809,17972.3809,117160000
2015-02-13,17968.6504,18037.4102,17961.7598,18019.3496,18019.3496,85230000
2015-02-17,18019.8008,18052.0098,17951.4102,18047.5801,18047.5801,98760000
2015-02-18,18045.7207,18048.6992,17982.1992,18029.8496,18029.8496,75090000
2015-02-19,18028.6699,18028.6699,17924.5996,17985.7695,17985.7695,79130000
2015-02-20,17985.7695,18144.2891,17878.3691,18140.4395,18140.4395,111390000
2015-02-23,18140.7598,18141.2109,18054.8398,18116.8398,18116.8398,83670000
2015-02-24,18112.5703,18231.0898,18098.7305,18209.1895,18209.1895,79310000
2015-02-25,18208.6699,18244.3809,18182.7598,18224.5703,18224.5703,80480000
2015-02-26,18224.4102,18239.4297,18157.0703,18214.4199,18214.4199,81500000
2015-02-27,18213.2598,18213.2598,18132.3809,18132.6992,18132.6992,101110000
2015-03-02,18134.0508,18288.6309,18122.5898,18288.6309,18288.6309,89790000
2015-03-03,18281.9492,18281.9492,18136.8809,18203.3691,18203.3691,83830000
2015-03-04,18203.3691,18203.3691,18029.5000,18096.9004,18096.9004,80900000
2015-03-05,18096.9004,18160.3496,18087.6504,18135.7207,18135.7207,75840000
2015-03-06,18135.7207,18135.7207,17825.1504,17856.7793,17856.7793,113350000
2015-03-09,17856.5605,18031.0391,17856.5605,17995.7207,17995.7207,85820000
2015-03-10,17989.5605,17989.5605,17662.9395,17662.9395,17662.9395,120450000
2015-03-11,17662.9395,17731.7793,17627.0000,17635.3906,17635.3906,102120000
2015-03-12,17626.8398,17900.0996,17620.4902,17895.2207,17895.2207,111550000
2015-03-13,17889.0508,17889.0508,17629.8906,17749.3105,17749.3105,113620000
2015-03-16,17751.2402,17988.5000,17751.2402,17977.4199,17977.4199,101760000
2015-03-17,17972.2207,17972.2207,17785.7891,17849.0801,17849.0801,82560000
2015-03-18,17846.8008,18097.1191,17697.5195,18076.1895,18076.1895,130950000
2015-03-19,18072.5801,18072.9902,17934.2402,17959.0293,17959.0293,107820000
2015-03-20,17961.1309,18197.2891,17961.1309,18127.6504,18127.6504,333870000
2015-03-23,18136.7305,18205.9297,18116.0391,18116.0391,18116.0391,98030000
2015-03-24,18110.8691,18149.2402,18010.4395,18011.1406,18011.1406,87190000
2015-03-25,18012.6094,18041.9707,17718.5391,17718.5391,17718.5391,106560000
2015-03-26,17716.2695,17759.5098,17579.2695,17678.2305,17678.2305,117740000
2015-03-27,17673.6309,17729.1406,17630.4902,17712.6602,17712.6602,103220000
2015-03-30,17727.4805,18008.6406,17727.4805,17976.3105,17976.3105,104040000
2015-03-31,17965.3691,17965.3691,17773.0195,17776.1191,17776.1191,119470000
2015-04-01,17778.5195,17778.5195,17585.0098,17698.1797,17698.1797,103360000
2015-04-02,17699.5195,17815.0293,17673.4902,17763.2402,17763.2402,87370000
2015-04-06,17755.5000,17941.7891,17646.8008,17880.8496,17880.8496,100850000
2015-04-07,17884.3203,17983.1191,17871.2109,17875.4199,17875.4199,72150000
2015-04-08,17877.6191,17976.1992,17822.2305,17902.5098,17902.5098,76820000
2015-04-09,17902.5098,17984.2207,17823.0996,17958.7305,17958.7305,86740000
2015-04-10,17956.7305,18066.7598,17945.5508,18057.6504,18057.6504,116410000
2015-04-13,18052.3203,18107.5703,17974.8105,17977.0391,17977.0391,120090000
2015-04-14,17979.1094,18075.5996,17905.4805,18036.6992,18036.6992,82830000
2015-04-15,18045.7109,18160.5195,18045.7109,18112.6094,18112.6094,113610000
2015-04-16,18106.2695,18169.2598,18063.8594,18105.7695,18105.7695,89520000
2015-04-17,18102.5605,18102.5605,17748.5293,17826.3008,17826.3008,138860000
2015-04-20,17841.1797,18092.2207,17841.1797,18034.9297,18034.9297,103160000
2015-04-21,18034.2305,18109.6992,17929.6309,17949.5898,17949.5898,95180000
2015-04-22,17950.8203,18056.0195,17887.7598,18038.2695,18038.2695,91260000
2015-04-23,18031.9004,18133.0293,17966.7695,18058.6895,18058.6895,100240000
2015-04-24,18056.4199,18108.8691,18009.0801,18080.1406,18080.1406,119130000
2015-04-27,18097.8906,18175.5605,18024.6602,18037.9707,18037.9707,121110000
2015-04-28,18035.9004,18119.6504,17917.3594,18110.1406,18110.1406,124930000
2015-04-29,18093.6895,18096.4609,17953.6895,18035.5293,18035.5293,102080000
2015-04-30,18033.3301,18033.3301,17774.8906,17840.5195,17840.5195,129180000
2015-05-01,17859.2695,18028.8906,17859.2695,18024.0605,18024.0605,91700000
2015-05-04,18026.0195,18133.7598,18026.0195,18070.4004,18070.4004,86010000
2015-05-05,18062.5293,18086.0098,17905.7109,17928.1992,17928.1992,95340000
2015-05-06,17934.8105,18019.7500,17733.1191,17841.9805,17841.9805,100430000
2015-05-07,17840.2500,17973.0703,17796.9395,17924.0605,17924.0605,80920000
2015-05-08,17933.6406,18205.2305,17933.6406,18191.1094,18191.1094,94960000
2015-05-11,18187.7793,18199.9492,18089.1094,18105.1699,18105.1699,86050000
2015-05-12,18096.1602,18119.1797,17924.8008,18068.2305,18068.2305,89270000
2015-05-13,18070.3691,18132.7891,18039.1992,18060.4902,18060.4902,85180000
2015-05-14,18062.4902,18255.2109,18062.4902,18252.2402,18252.2402,91580000
2015-05-15,18251.9707,18272.7207,18215.0703,18272.5605,18272.5605,108220000
2015-05-18,18267.2500,18325.5391,18244.2598,18298.8809,18298.8809,79080000
2015-05-19,18300.4805,18351.3594,18261.3496,18312.3906,18312.3906,87200000
2015-05-20,18315.0605,18350.1309,18272.5605,18285.4004,18285.4004,80190000
2015-05-21,18285.8691,18314.8906,18249.9004,18285.7402,18285.7402,84270000
2015-05-22,18286.8691,18286.8691,18217.1406,18232.0195,18232.0195,78890000
2015-05-26,18229.7500,18229.7500,17990.0195,18041.5391,18041.5391,109440000
2015-05-27,18045.0801,18190.3496,18045.0801,18162.9902,18162.9902,96400000
2015-05-28,18154.1406,18154.1406,18066.4004,18126.1191,18126.1191,67510000
2015-05-29,18128.1191,18128.1191,17967.7402,18010.6797,18010.6797,139810000
2015-06-01,18017.8203,18105.8301,17982.0605,18040.3691,18040.3691,85640000
2015-06-02,18033.3301,18091.8691,17925.3301,18011.9395,18011.9395,77550000
2015-06-03,18018.4199,18168.0898,18010.4199,18076.2695,18076.2695,73120000
2015-06-04,18072.4707,18087.1504,17876.9492,17905.5801,17905.5801,93470000
2015-06-05,17905.3809,17940.7793,17822.9004,17849.4609,17849.4609,89140000
2015-06-08,17849.4609,17852.3496,17760.6094,17766.5508,17766.5508,86300000
2015-06-09,17766.9492,17817.8301,17714.9707,17764.0391,17764.0391,90550000
2015-06-10,17765.3809,18045.1406,17765.3809,18000.4004,18000.4004,96980000
2015-06-11,18001.2695,18109.7695,18001.2695,18039.3691,18039.3691,89490000
2015-06-12,18035.8301,18035.8301,17857.0703,17898.8398,17898.8398,83760000
2015-06-15,17890.7598,17890.7598,17698.4199,17791.1699,17791.1699,91920000
2015-06-16,17787.4297,17919.6191,17774.1191,17904.4805,17904.4805,77510000
2015-06-17,17909.5801,17998.0000,17839.6504,17935.7402,17935.7402,92410000
2015-06-18,17944.6094,18174.7305,17944.6094,18115.8398,18115.8398,94460000
2015-06-19,18116.2402,18117.7109,18010.5801,18015.9492,18015.9492,258300000
2015-06-22,18027.6309,18181.6699,18027.6309,18119.7793,18119.7793,77780000
2015-06-23,18121.7793,18188.8105,18108.0996,18144.0703,18144.0703,75970000
2015-06-24,18139.0996,18139.0996,17966.0703,17966.0703,17966.0703,104980000
2015-06-25,17977.1094,18036.0996,17890.3594,17890.3594,17890.3594,78990000
2015-06-26,17892.0293,18013.1504,17892.0293,17946.6797,17946.6797,158120000
2015-06-29,17936.7402,17936.7402,17590.5508,17596.3496,17596.3496,116340000
2015-06-30,17599.9609,17714.6602,17576.5000,17619.5098,17619.5098,126460000
2015-07-01,17638.1191,17801.8301,17638.1191,17757.9102,17757.9102,87010000
2015-07-02,17763.3203,17825.4902,17687.5195,17730.1094,17730.1094,83080000
2015-07-06,17728.0801,17734.3594,17564.3594,17683.5801,17683.5801,90130000
2015-07-07,17684.9199,17793.4492,17465.6797,17776.9102,17776.9102,105840000
2015-07-08,17759.0098,17759.0098,17496.2207,17515.4199,17515.4199,69830000
2015-07-09,17530.3809,17764.8496,17530.3809,17548.6191,17548.6191,100520000
2015-07-10,17561.1191,17797.4902,17561.1191,17760.4102,17760.4102,85800000
2015-07-13,17787.2695,17987.5703,17787.2695,17977.6797,17977.6797,86380000
2015-07-14,17974.6094,18072.8203,17956.1699,18053.5801,18053.5801,76740000
2015-07-15,18053.3809,18090.3906,18010.1504,18050.1699,18050.1699,80460000
2015-07-16,18078.1602,18131.6094,18065.3301,18120.2500,18120.2500,85030000
2015-07-17,18117.5801,18121.1191,18032.0605,18086.4492,18086.4492,106510000
2015-07-20,18085.9102,18137.1191,18064.5000,18100.4102,18100.4102,75060000
2015-07-21,18096.6699,18096.6699,17868.3398,17919.2891,17919.2891,100170000
2015-07-22,17918.3496,17919.3496,17807.4102,17851.0391,17851.0391,112370000
2015-07-23,17853.7793,17860.9492,17705.0293,17731.9199,17731.9199,88600000
2015-07-24,17731.0508,17756.5391,17553.7305,17568.5293,17568.5293,103470000
2015-07-27,17561.7793,17561.7793,17399.1699,17440.5898,17440.5898,117860000
2015-07-28,17449.8105,17650.0703,17449.8105,17630.2695,17630.2695,103450000
2015-07-29,17631.4004,17776.7793,17629.1992,17751.3906,17751.3906,93140000
2015-07-30,17743.2402,17761.2500,17640.8496,17745.9805,17745.9805,76650000
2015-07-31,17755.8691,17783.5898,17671.5898,17689.8594,17689.8594,106120000
2015-08-03,17696.7402,17704.7598,17496.6094,17598.1992,17598.1992,87880000
2015-08-04,17596.9297,17635.7793,17505.5000,17550.6895,17550.6895,99060000
2015-08-05,17555.2402,17661.3691,17492.9004,17540.4707,17540.4707,102450000
2015-08-06,17542.6094,17572.0391,17362.8594,17419.7500,17419.7500,96170000
2015-08-07,17414.9395,17414.9395,17279.0801,17373.3809,17373.3809,81800000
2015-08-10,17375.1797,17629.1309,17375.1797,17615.1699,17615.1699,92430000
2015-08-11,17593.5898,17593.5898,17352.6309,17402.8398,17402.8398,103010000
2015-08-12,17382.9297,17423.9004,17125.8105,17402.5098,17402.5098,120400000
2015-08-13,17401.6406,17481.7793,17341.3398,17408.2500,17408.2500,88550000
2015-08-14,17410.1191,17492.9004,17394.0605,17477.4004,17477.4004,82120000
2015-08-17,17472.6602,17551.4004,17341.7207,17545.1797,17545.1797,73380000
2015-08-18,17537.3008,17568.4004,17486.4199,17511.3398,17511.3398,79900000
2015-08-19,17508.7402,17517.1895,17282.4199,17348.7305,17348.7305,104720000
2015-08-20,17345.3203,17345.3203,16990.6895,16990.6895,16990.6895,128530000
2015-08-21,16990.6895,16990.6895,16459.5508,16459.7500,16459.7500,225170000
2015-08-24,16459.7500,16459.7500,15370.3301,15871.3496,15871.3496,293920000
2015-08-25,15882.2695,16312.9404,15651.2402,15666.4404,15666.4404,213220000
2015-08-26,15676.2598,16303.7500,15676.2598,16285.5098,16285.5098,208420000
2015-08-27,16285.5098,16666.6895,16285.5098,16654.7695,16654.7695,171980000
2015-08-28,16649.4199,16669.9707,16535.1797,16643.0098,16643.0098,131790000
2015-08-31,16632.0195,16632.0195,16444.0508,16528.0293,16528.0293,141440000
2015-09-01,16528.0293,16528.0293,15979.9502,16058.3496,16058.3496,171390000
2015-09-02,16058.3496,16352.5801,16058.3496,16351.3799,16351.3799,133480000
2015-09-03,16364.3398,16550.0703,16317.3096,16374.7598,16374.7598,109730000
2015-09-04,16371.7598,16371.7598,16026.6104,16102.3799,16102.3799,127270000
2015-09-08,16109.9297,16503.4102,16109.9297,16492.6797,16492.6797,123870000
2015-09-09,16505.0391,16664.6504,16220.0996,16253.5703,16253.5703,118790000
2015-09-10,16252.5703,16441.9395,16212.0801,16330.4004,16330.4004,122690000
2015-09-11,16330.4004,16434.7598,16244.6504,16433.0898,16433.0898,104630000
2015-09-14,16450.8594,16450.8594,16330.8701,16370.9600,16370.9600,92660000
2015-09-15,16382.5801,16644.1094,16382.5801,16599.8496,16599.8496,93050000
2015-09-16,16599.5098,16755.9805,16593.9004,16739.9492,16739.9492,99620000
2015-09-17,16738.0801,16933.4297,16639.9297,16674.7402,16674.7402,129600000
2015-09-18,16674.7402,16674.7402,16343.7598,16384.5801,16384.5801,341690000
2015-09-21,16406.0996,16578.5996,16391.8809,16510.1895,16510.1895,90730000
2015-09-22,16477.4492,16477.4492,16221.7305,16330.4697,16330.4697,119010000
2015-09-23,16332.8096,16355.2900,16211.9805,16279.8896,16279.8896,86030000
2015-09-24,16257.1104,16257.1104,16016.3604,16201.3203,16201.3203,122220000
2015-09-25,16205.0703,16465.2305,16205.0703,16314.6699,16314.6699,130790000
2015-09-28,16313.2598,16313.2598,15981.8496,16001.8896,16001.8896,139930000
2015-09-29,16001.7598,16118.8896,15942.3701,16049.1299,16049.1299,121160000
2015-09-30,16057.0801,16297.5996,16057.0801,16284.7002,16284.7002,145740000
2015-10-01,16278.6201,16348.8701,16073.8203,16272.0098,16272.0098,111420000
2015-10-02,16258.2500,16472.7695,16013.6602,16472.3691,16472.3691,136870000
2015-10-05,16502.0996,16798.3691,16502.0996,16776.4297,16776.4297,127660000
2015-10-06,16774.0195,16865.0898,16746.0293,16790.1895,16790.1895,120010000
2015-10-07,16805.4199,16963.3008,16765.0000,16912.2891,16912.2891,115690000
2015-10-08,16904.1699,17081.2793,16859.3398,17050.7500,17050.7500,100730000
2015-10-09,17054.6895,17110.8809,17027.2305,17084.4902,17084.4902,103730000
2015-10-12,17082.2891,17139.2109,17064.5801,17131.8594,17131.8594,72500000
2015-10-13,17113.5508,17172.8105,17034.4492,17081.8906,17081.8906,99400000
2015-10-14,17079.0801,17111.3809,16887.6699,16924.7500,16924.7500,120110000
2015-10-15,16944.8594,17144.4199,16933.5703,17141.7500,17141.7500,122960000
2015-10-16,17141.7500,17220.0195,17107.3496,17215.9707,17215.9707,145880000
2015-10-19,17209.4297,17235.9492,17129.1895,17230.5391,17230.5391,118430000
2015-10-20,17228.4707,17264.8809,17147.9902,17217.1094,17217.1094,106670000
2015-10-21,17225.9297,17314.9902,17153.1309,17168.6094,17168.6094,107100000
2015-10-22,17180.8809,17505.1797,17180.8809,17489.1602,17489.1602,152420000
2015-10-23,17525.1094,17679.3691,17525.1094,17646.6992,17646.6992,158090000
2015-10-26,17649.5703,17660.6992,17602.5098,17623.0508,17623.0508,116660000
2015-10-27,17608.8906,17635.1797,17540.5703,17581.4297,17581.4297,113960000
2015-10-28,17586.6895,17779.9492,17556.7109,17779.5195,17779.5195,115630000
2015-10-29,17771.5000,17786.0000,17684.7207,17755.8008,17755.8008,90300000
2015-10-30,17756.5996,17799.9609,17662.8691,17663.5391,17663.5391,149250000
2015-11-02,17672.6191,17845.9004,17655.0195,17828.7598,17828.7598,100840000
2015-11-03,17819.7402,17977.8496,17796.0195,17918.1504,17918.1504,92290000
2015-11-04,17929.5801,17964.1191,17828.8301,17867.5801,17867.5801,99890000
2015-11-05,17871.2500,17929.5098,17779.1895,17863.4297,17863.4297,98910000
2015-11-06,17855.2207,17912.0391,17768.5996,17910.3301,17910.3301,107450000
2015-11-09,17900.7793,17900.7793,17667.7793,17730.4805,17730.4805,121210000
2015-11-10,17724.1309,17768.6602,17657.7207,17758.2109,17758.2109,108640000
2015-11-11,17769.5000,17807.1797,17696.9102,17702.2207,17702.2207,95230000
2015-11-12,17691.9297,17691.9297,17443.5000,17448.0703,17448.0703,113660000
2015-11-13,17439.2500,17439.2500,17238.8906,17245.2402,17245.2402,134640000
2015-11-16,17229.9395,17483.0098,17210.4297,17483.0098,17483.0098,137590000
2015-11-17,17486.9902,17599.3301,17451.4102,17489.5000,17489.5000,167190000
2015-11-18,17485.4902,17752.1602,17485.4902,17737.1602,17737.1602,106810000
2015-11-19,17739.8301,17772.9707,17681.9805,17732.7500,17732.7500,114630000
2015-11-20,17732.7500,17914.3398,17732.7500,17823.8105,17823.8105,153140000
2015-11-23,17823.6094,17868.1797,17751.5293,17792.6797,17792.6797,134680000
2015-11-24,17770.9004,17862.5996,17683.5098,17812.1895,17812.1895,127170000
2015-11-25,17820.8105,17854.9199,17801.8301,17813.3906,17813.3906,82540000
2015-11-27,17806.0391,17830.3594,17749.3203,17813.3906,17813.3906,82540000
2015-11-30,17802.8398,17837.2402,17719.7891,17719.9199,17719.9199,155560000
2015-12-01,17719.7207,17895.5000,17719.7207,17888.3496,17888.3496,103880000
2015-12-02,17883.1406,17901.5801,17708.1992,17729.6797,17729.6797,102860000
2015-12-03,17741.5703,17780.5898,17425.5605,17477.6699,17477.6699,126990000
2015-12-04,17482.6797,17866.4707,17482.6797,17847.6309,17847.6309,137650000
2015-12-07,17845.4902,17845.4902,17639.2500,17730.5098,17730.5098,99670000
2015-12-08,17703.9902,17703.9902,17485.3906,17568.0000,17568.0000,113720000
2015-12-09,17558.1797,17767.6895,17403.5098,17492.3008,17492.3008,122020000
2015-12-10,17493.1699,17697.7402,17474.6602,17574.7500,17574.7500,107310000
2015-12-11,17574.7500,17574.7500,17230.5000,17265.2109,17265.2109,134510000
2015-12-14,17277.1094,17378.0195,17138.4707,17368.5000,17368.5000,142540000
2015-12-15,17374.7793,17627.6309,17341.1797,17524.9102,17524.9102,123430000
2015-12-16,17530.8496,17784.3594,17483.6797,17749.0898,17749.0898,123790000
2015-12-17,17756.5391,17796.7598,17493.5000,17495.8398,17495.8398,115780000
2015-12-18,17495.0391,17496.5801,17124.3105,17128.5508,17128.5508,344560000
2015-12-21,17154.9395,17272.3594,17116.7305,17251.6191,17251.6191,114910000
2015-12-22,17253.5508,17451.1094,17242.8594,17417.2695,17417.2695,91570000
2015-12-23,17427.6309,17607.9199,17427.6309,17602.6094,17602.6094,92820000
2015-12-24,17593.2598,17606.3398,17543.9492,17552.1699,17552.1699,40350000
2015-12-28,17535.6602,17536.9004,17437.3398,17528.2695,17528.2695,59770000
2015-12-29,17547.3691,17750.0195,17547.3691,17720.9805,17720.9805,69860000
2015-12-30,17711.9395,17714.1309,17588.8691,17603.8691,17603.8691,59760000
2015-12-31,17590.6602,17590.6602,17421.1602,17425.0293,17425.0293,93690000
2016-01-04,17405.4805,17405.4805,16957.6309,17148.9395,17148.9395,148060000
2016-01-05,17147.5000,17195.8398,17038.6094,17158.6602,17158.6602,105750000
2016-01-06,17154.8301,17154.8301,16817.6191,16906.5098,16906.5098,120250000
2016-01-07,16888.3594,16888.3594,16463.6309,16514.0996,16514.0996,176240000
2016-01-08,16519.1699,16651.8906,16314.5703,16346.4502,16346.4502,141850000
2016-01-11,16358.7100,16461.8496,16232.0303,16398.5703,16398.5703,127790000
2016-01-12,16419.1094,16591.3496,16322.0703,16516.2207,16516.2207,117480000
2016-01-13,16526.6309,16593.5098,16123.2002,16151.4102,16151.4102,153530000
2016-01-14,16159.0098,16482.0508,16075.1201,16379.0498,16379.0498,158830000
2016-01-15,16354.3301,16354.3301,15842.1104,15988.0801,15988.0801,239210000
2016-01-19,16009.4502,16171.9600,15900.2500,16016.0195,16016.0195,144360000
2016-01-20,15989.4502,15989.4502,15450.5596,15766.7402,15766.7402,191870000
2016-01-21,15768.8701,16038.5898,15704.6602,15882.6797,15882.6797,145140000
2016-01-22,15921.0996,16136.7900,15921.0996,16093.5098,16093.5098,145850000
2016-01-25,16086.4600,16086.4600,15880.1504,15885.2197,15885.2197,123250000
2016-01-26,15893.1602,16185.7900,15893.1602,16167.2305,16167.2305,118210000
2016-01-27,16168.7402,16235.0303,15878.2998,15944.4600,15944.4600,138350000
2016-01-28,15960.2803,16102.1396,15863.7197,16069.6396,16069.6396,130120000
2016-01-29,16090.2598,16466.3008,16090.2598,16466.3008,16466.3008,217940000
2016-02-01,16453.6309,16510.9805,16299.4697,16449.1797,16449.1797,114450000
2016-02-02,16420.2109,16420.2109,16108.4404,16153.5400,16153.5400,126210000
2016-02-03,16186.2002,16381.6904,15960.4502,16336.6602,16336.6602,141870000
2016-02-04,16329.6699,16485.8398,16266.1602,16416.5801,16416.5801,131490000
2016-02-05,16417.9492,16423.6309,16129.8096,16204.9697,16204.9697,139010000
2016-02-08,16147.5098,16147.5098,15803.5498,16027.0498,16027.0498,165880000
2016-02-09,16005.4102,16136.6201,15881.1104,16014.3799,16014.3799,127740000
2016-02-10,16035.6104,16201.8896,15899.9102,15914.7402,15914.7402,122290000
2016-02-11,15897.8203,15897.8203,15503.0098,15660.1797,15660.1797,172070000
2016-02-12,15691.6201,15974.0400,15691.6201,15973.8398,15973.8398,132550000
2016-02-16,16012.3896,16196.4102,16012.3896,16196.4102,16196.4102,142030000
2016-02-17,16217.9805,16486.1191,16217.9805,16453.8301,16453.8301,124080000
2016-02-18,16483.7598,16511.8398,16390.4297,16413.4297,16413.4297,104950000
2016-02-19,16410.9609,16410.9609,16278.0000,16391.9902,16391.9902,134340000
2016-02-22,16417.1309,16664.2402,16417.1309,16620.6602,16620.6602,102240000
2016-02-23,16610.3906,16610.3906,16403.5293,16431.7793,16431.7793,98170000
2016-02-24,16418.8398,16507.3906,16165.8604,16484.9902,16484.9902,93620000
2016-02-25,16504.3809,16697.9805,16458.4199,16697.2891,16697.2891,94120000
2016-02-26,16712.6992,16795.9805,16623.9102,16639.9707,16639.9707,98480000
2016-02-29,16634.1504,16726.1191,16510.4004,16516.5000,16516.5000,126220000
2016-03-01,16545.6699,16865.5605,16545.6699,16865.0801,16865.0801,105050000
2016-03-02,16851.1699,16900.1699,16766.3203,16899.3203,16899.3203,104470000
2016-03-03,16896.1699,16944.3105,16820.7305,16943.9004,16943.9004,91110000
2016-03-04,16945.0000,17062.3809,16898.8398,17006.7695,17006.7695,106910000
2016-03-07,16991.2891,17099.2500,16940.4805,17073.9492,17073.9492,100290000
2016-03-08,17050.6699,17072.7891,16921.5098,16964.0996,16964.0996,108380000
2016-03-09,16969.1699,17048.5000,16947.9395,17000.3594,17000.3594,116690000
2016-03-10,17006.0508,17130.1094,16821.8594,16995.1309,16995.1309,117570000
2016-03-11,17014.9902,17220.0898,17014.9902,17213.3105,17213.3105,123420000
2016-03-14,17207.4902,17275.0703,17161.1602,17229.1309,17229.1309,96350000
2016-03-15,17217.1504,17251.6992,17120.3496,17251.5293,17251.5293,92830000
2016-03-16,17249.3398,17379.1797,17204.0703,17325.7598,17325.7598,118710000
2016-03-17,17321.3809,17529.0098,17297.6504,17481.4902,17481.4902,117990000
2016-03-18,17481.4902,17620.5801,17481.4902,17602.3008,17602.3008,321230000
2016-03-21,17589.6992,17644.9707,17551.2793,17623.8691,17623.8691,84410000
2016-03-22,17602.7109,17648.9395,17540.4199,17582.5703,17582.5703,95450000
2016-03-23,17588.8105,17588.8105,17486.2695,17502.5898,17502.5898,84240000
2016-03-24,17485.3301,17517.1406,17399.0098,17515.7305,17515.7305,84100000
2016-03-28,17526.0801,17583.8105,17493.0293,17535.3906,17535.3906,70460000
2016-03-29,17512.5801,17642.8105,17434.2695,17633.1094,17633.1094,86160000
2016-03-30,17652.3594,17790.1094,17652.3594,17716.6602,17716.6602,79330000
2016-03-31,17716.0508,17755.6992,17669.7207,17685.0898,17685.0898,102600000
2016-04-01,17661.7402,17811.4805,17568.0195,17792.7500,17792.7500,104890000
2016-04-04,17799.3906,17806.3809,17710.6699,17737.0000,17737.0000,85230000
2016-04-05,17718.0293,17718.0293,17579.5605,17603.3203,17603.3203,115230000
2016-04-06,17605.4492,17723.5508,17542.5391,17716.0508,17716.0508,99410000
2016-04-07,17687.2793,17687.2793,17484.2305,17541.9609,17541.9609,90120000
2016-04-08,17555.3906,17694.5098,17528.1602,17576.9609,17576.9609,79990000
2016-04-11,17586.4805,17731.6309,17555.9004,17556.4102,17556.4102,107100000
2016-04-12,17571.3398,17744.4297,17553.5703,17721.2500,17721.2500,81020000
2016-04-13,17741.6602,17918.3496,17741.6602,17908.2793,17908.2793,91710000
2016-04-14,17912.2500,17962.1406,17885.4395,17926.4297,17926.4297,84510000
2016-04-15,17925.9492,17937.6504,17867.4102,17897.4609,17897.4609,118160000
2016-04-18,17890.1992,18009.5293,17848.2207,18004.1602,18004.1602,89390000
2016-04-19,18012.0996,18103.4609,17984.4297,18053.5996,18053.5996,89820000
2016-04-20,18059.4902,18167.6309,18031.2109,18096.2695,18096.2695,100210000
2016-04-21,18092.8398,18107.2891,17963.8906,17982.5195,17982.5195,102720000
2016-04-22,17985.0508,18026.8496,17909.8906,18003.7500,18003.7500,134120000
2016-04-25,17990.9395,17990.9395,17855.5508,17977.2402,17977.2402,83770000
2016-04-26,17987.3809,18043.7695,17934.1699,17990.3203,17990.3203,92570000
2016-04-27,17996.1406,18084.6602,17920.2598,18041.5508,18041.5508,109090000
2016-04-28,18023.8809,18035.7305,17796.5508,17830.7598,17830.7598,100920000
2016-04-29,17813.0898,17814.8301,17651.9805,17773.6406,17773.6406,136670000
2016-05-02,17783.7793,17912.3496,17773.7109,17891.1602,17891.1602,80100000
2016-05-03,17870.7500,17870.7500,17670.8809,17750.9102,17750.9102,97060000
2016-05-04,17735.0195,17738.0605,17609.0098,17651.2598,17651.2598,95020000
2016-05-05,17664.4805,17736.1094,17615.8203,17660.7109,17660.7109,81530000
2016-05-06,17650.3008,17744.5391,17580.3809,17740.6309,17740.6309,80020000
2016-05-09,17743.8496,17783.1602,17668.3809,17705.9102,17705.9102,85590000
2016-05-10,17726.6602,17934.6094,17726.6602,17928.3496,17928.3496,75790000
2016-05-11,17919.0293,17919.0293,17711.0508,17711.1191,17711.1191,87390000
2016-05-12,17711.1191,17798.1895,17625.3809,17720.5000,17720.5000,88560000
2016-05-13,17711.1191,17734.7402,17512.4805,17535.3203,17535.3203,86640000
2016-05-16,17531.7598,17755.8008,17531.7598,17710.7109,17710.7109,88440000
2016-05-17,17701.4609,17701.4609,17469.9199,17529.9805,17529.9805,103260000
2016-05-18,17501.2793,17636.2207,17418.2109,17526.6191,17526.6191,79120000
2016-05-19,17514.1602,17514.1602,17331.0703,17435.4004,17435.4004,95530000
2016-05-20,17437.3203,17571.7500,17437.3203,17500.9395,17500.9395,111990000
2016-05-23,17507.0391,17550.6992,17480.0508,17492.9297,17492.9297,87790000
2016-05-24,17525.1895,17742.5898,17525.1895,17706.0508,17706.0508,86480000
2016-05-25,17735.0898,17891.7109,17735.0898,17851.5098,17851.5098,79180000
2016-05-26,17859.5195,17888.6602,17803.8203,17828.2891,17828.2891,68940000
2016-05-27,17826.8496,17873.2207,17824.7305,17873.2207,17873.2207,73190000
2016-05-31,17891.5000,17899.2402,17724.0293,17787.1992,17787.1992,147390000
2016-06-01,17754.5508,17809.1797,17664.7891,17789.6699,17789.6699,78530000
2016-06-02,17789.0508,17838.5605,17703.5508,17838.5605,17838.5605,75560000
2016-06-03,17799.8008,17833.1699,17689.6797,17807.0605,17807.0605,82270000
2016-06-06,17825.6895,17949.6797,17822.8105,17920.3301,17920.3301,71870000
2016-06-07,17936.2207,18003.2305,17936.2207,17938.2793,17938.2793,78750000
2016-06-08,17931.9102,18016.0000,17931.9102,18005.0508,18005.0508,71260000
2016-06-09,17969.9805,18005.2207,17915.8809,17985.1895,17985.1895,69690000
2016-06-10,17938.8203,17938.8203,17812.3398,17865.3398,17865.3398,90540000
2016-06-13,17830.5000,17893.2793,17731.3496,17732.4805,17732.4805,101690000
2016-06-14,17710.7695,17733.9199,17595.7891,17674.8203,17674.8203,93740000
2016-06-15,17703.6504,17762.9609,17629.0098,17640.1699,17640.1699,94130000
2016-06-16,17602.2305,17754.9102,17471.2891,17733.0996,17733.0996,91950000
2016-06-17,17733.4395,17733.4395,17602.7793,17675.1602,17675.1602,248680000
2016-06-20,17736.8691,17946.3594,17736.8691,17804.8691,17804.8691,99380000
2016-06-21,17827.3301,17877.8398,17799.8008,17829.7305,17829.7305,85130000
2016-06-22,17832.6699,17920.1602,17770.3594,17780.8301,17780.8301,89440000
2016-06-23,17844.1094,18011.0703,17844.1094,18011.0703,18011.0703,98070000
2016-06-24,17946.6309,17946.6309,17356.3398,17400.7500,17400.7500,239000000
2016-06-27,17355.2109,17355.2109,17063.0801,17140.2402,17140.2402,138740000
2016-06-28,17190.5098,17409.7207,17190.5098,17409.7207,17409.7207,112190000
2016-06-29,17456.0195,17704.5098,17456.0195,17694.6797,17694.6797,106380000
2016-06-30,17712.7598,17930.6094,17711.8008,17929.9902,17929.9902,133030000
2016-07-01,17924.2402,18002.3809,17916.9102,17949.3691,17949.3691,82160000
2016-07-05,17904.4492,17904.4492,17785.2793,17840.6191,17840.6191,103650000
2016-07-06,17807.4707,17926.9102,17713.4492,17918.6191,17918.6191,93000000
2016-07-07,17924.2402,17984.9492,17816.6504,17895.8809,17895.8809,81570000
2016-07-08,17971.2207,18166.7695,17971.2207,18146.7402,18146.7402,93460000
2016-07-11,18161.5293,18283.9004,18161.5293,18226.9297,18226.9297,80880000
2016-07-12,18259.1191,18371.9492,18259.1191,18347.6699,18347.6699,90170000
2016-07-13,18356.7793,18390.1602,18315.7598,18372.1191,18372.1191,80920000
2016-07-14,18414.3008,18537.5703,18414.3008,18506.4102,18506.4102,87050000
2016-07-15,18508.8809,18557.4297,18471.6191,18516.5508,18516.5508,123690000
2016-07-18,18521.5508,18556.1309,18489.8398,18533.0508,18533.0508,75540000
2016-07-19,18503.1191,18562.5293,18495.1094,18559.0098,18559.0098,85840000
2016-07-20,18582.6992,18622.0098,18555.6504,18595.0293,18595.0293,93230000
2016-07-21,18589.9609,18590.4395,18469.6699,18517.2305,18517.2305,86800000
2016-07-22,18524.1504,18571.3008,18491.5898,18570.8496,18570.8496,87710000
2016-07-25,18554.4902,18555.6895,18452.6191,18493.0605,18493.0605,76810000
2016-07-26,18497.3691,18522.4707,18387.2207,18473.7500,18473.7500,85370000
2016-07-27,18473.2695,18542.3906,18430.9395,18472.1699,18472.1699,111370000
2016-07-28,18461.0098,18483.2598,18368.8203,18456.3496,18456.3496,85750000
2016-07-29,18442.5195,18466.5508,18371.1191,18432.2402,18432.2402,111550000
2016-08-01,18434.5000,18467.0293,18355.7500,18404.5098,18404.5098,83470000
2016-08-02,18401.1504,18403.6504,18247.7891,18313.7695,18313.7695,89680000
2016-08-03,18313.0801,18355.0000,18283.2305,18355.0000,18355.0000,78550000
2016-08-04,18351.4297,18397.8691,18325.1699,18352.0508,18352.0508,64500000
2016-08-05,18402.8008,18543.5293,18402.8008,18543.5293,18543.5293,92420000
2016-08-08,18541.8906,18569.3105,18502.0293,18529.2891,18529.2891,71810000
2016-08-09,18538.0508,18585.3203,18507.7500,18533.0508,18533.0508,60090000
2016-08-10,18541.4805,18561.7500,18468.7793,18495.6602,18495.6602,62780000
2016-08-11,18519.0801,18638.3398,18519.0801,18613.5195,18613.5195,71470000
2016-08-12,18595.6504,18606.0605,18535.8594,18576.4707,18576.4707,61580000
2016-08-15,18588.5898,18722.6094,18559.9297,18636.0508,18636.0508,62350000
2016-08-16,18614.4805,18614.8594,18550.6504,18552.0195,18552.0195,67570000
2016-08-17,18537.0898,18582.3496,18468.6797,18573.9395,18573.9395,71000000
2016-08-18,18566.5391,18600.8203,18533.2891,18597.6992,18597.6992,70740000
2016-08-19,18585.1699,18585.1699,18491.2402,18552.5703,18552.5703,93170000
2016-08-22,18535.8594,18570.9199,18466.8594,18529.4199,18529.4199,73450000
2016-08-23,18568.9395,18631.5996,18545.5195,18547.3008,18547.3008,73990000
2016-08-24,18537.5000,18539.1504,18448.2695,18481.4805,18481.4805,72270000
2016-08-25,18471.2109,18497.6797,18431.4609,18448.4102,18448.4102,64480000
2016-08-26,18467.9199,18572.0898,18335.3398,18395.4004,18395.4004,78730000
2016-08-29,18421.2891,18523.0898,18419.9199,18502.9902,18502.9902,64480000
2016-08-30,18491.2793,18514.2891,18408.5195,18454.3008,18454.3008,68920000
2016-08-31,18436.6992,18439.6797,18333.5605,18400.8809,18400.8809,98250000
2016-09-01,18396.5703,18430.0508,18295.4805,18419.3008,18419.3008,74780000
2016-09-02,18466.0098,18544.7598,18439.0996,18491.9609,18491.9609,74350000
2016-09-06,18493.4004,18551.5391,18450.3203,18538.1191,18538.1191,83710000
2016-09-07,18527.7109,18536.8906,18474.7695,18526.1406,18526.1406,67570000
2016-09-08,18486.6895,18506.2402,18446.6895,18479.9102,18479.9102,79060000
2016-09-09,18404.1699,18404.1699,18085.4492,18085.4492,18085.4492,120670000
2016-09-12,18028.9492,18358.6895,17994.8398,18325.0703,18325.0703,103260000
2016-09-13,18262.9902,18262.9902,18028.0605,18066.7500,18066.7500,102830000
2016-09-14,18073.3906,18163.4805,17992.2109,18034.7695,18034.7695,103360000
2016-09-15,18024.9102,18250.1094,18015.4902,18212.4805,18212.4805,99550000
2016-09-16,18217.2109,18217.2109,18070.2109,18123.8008,18123.8008,278510000
2016-09-19,18154.8203,18254.8809,18093.0508,18120.1699,18120.1699,78090000
2016-09-20,18175.3594,18227.2109,18128.8008,18129.9609,18129.9609,72450000
2016-09-21,18164.9609,18307.4297,18121.5703,18293.6992,18293.6992,94090000
2016-09-22,18343.7598,18449.8809,18343.7598,18392.4609,18392.4609,73030000
2016-09-23,18377.3594,18383.7598,18254.8398,18261.4492,18261.4492,87170000
2016-09-26,18217.7598,18217.7598,18083.3203,18094.8301,18094.8301,95510000
2016-09-27,18099.2109,18238.0996,18052.1602,18228.3008,18228.3008,84130000
2016-09-28,18240.2207,18349.8594,18179.3398,18339.2402,18339.2402,97650000
2016-09-29,18322.8809,18366.2305,18091.6406,18143.4492,18143.4492,95880000
2016-09-30,18181.8008,18369.6191,18181.8008,18308.1504,18308.1504,135470000
2016-10-03,18279.5996,18279.8008,18203.7500,18253.8496,18253.8496,68520000
2016-10-04,18267.6797,18313.7695,18116.2598,18168.4492,18168.4492,79710000
2016-10-05,18205.5000,18315.8203,18205.5000,18281.0293,18281.0293,76190000
2016-10-06,18280.4199,18288.1191,18162.9707,18268.5000,18268.5000,78660000
2016-10-07,18295.3496,18319.7305,18149.3496,18240.4902,18240.4902,82680000
2016-10-10,18282.9492,18399.9609,18282.9492,18329.0391,18329.0391,72110000
2016-10-11,18308.4297,18312.3301,18061.9609,18128.6602,18128.6602,88610000
2016-10-12,18132.6309,18193.9609,18082.0898,18144.1992,18144.1992,72230000
2016-10-13,18088.3203,18137.6992,17959.9492,18098.9395,18098.9395,83160000
2016-10-14,18177.3496,18261.1094,18138.3809,18138.3809,18138.3809,87050000
2016-10-17,18135.8496,18162.2793,18063.0195,18086.4004,18086.4004,75960000
2016-10-18,18145.0605,18225.8008,18129.4492,18161.9395,18161.9395,74600000
2016-10-19,18178.2109,18252.1992,18169.2500,18202.6191,18202.6191,88040000
2016-10-20,18161.8691,18249.0508,18129.0703,18162.3496,18162.3496,88830000
2016-10-21,18152.6309,18168.7598,18049.7695,18145.7109,18145.7109,117810000
2016-10-24,18197.1406,18275.0391,18191.1797,18223.0293,18223.0293,88540000
2016-10-25,18206.5195,18241.6895,18151.6992,18169.2695,18169.2695,83190000
2016-10-26,18103.8008,18236.0391,18062.3008,18199.3301,18199.3301,86340000
2016-10-27,18234.8105,18253.1992,18149.1992,18169.6797,18169.6797,83530000
2016-10-28,18193.7891,18257.0605,18094.9707,18161.1895,18161.1895,107850000
2016-10-31,18176.5996,18193.6797,18130.5801,18142.4199,18142.4199,110080000
2016-11-01,18158.2402,18177.0098,17940.8398,18037.0996,18037.0996,101280000
2016-11-02,18017.7207,18044.1504,17931.8906,17959.6406,17959.6406,88610000
2016-11-03,17978.7500,18006.9609,17904.0703,17930.6699,17930.6699,77860000
2016-11-04,17928.3496,17986.7598,17883.5605,17888.2793,17888.2793,97760000
2016-11-07,17994.6406,18263.3008,17994.6406,18259.5996,18259.5996,93450000
2016-11-08,18251.3809,18400.5000,18200.7500,18332.7402,18332.7402,79820000
2016-11-09,18317.2598,18650.0605,18252.5508,18589.6895,18589.6895,173110000
2016-11-10,18603.1406,18873.6602,18603.1406,18807.8809,18807.8809,164390000
2016-11-11,18781.6504,18855.7793,18736.9609,18847.6602,18847.6602,107300000
2016-11-14,18876.7695,18934.0508,18815.7500,18868.6895,18868.6895,112250000
2016-11-15,18858.2109,18925.2598,18806.0605,18923.0605,18923.0605,100660000
2016-11-16,18909.8496,18909.8496,18825.8906,18868.1406,18868.1406,87320000
2016-11-17,18866.2207,18904.0293,18845.2695,18903.8203,18903.8203,89940000
2016-11-18,18905.3301,18915.7402,18853.8301,18867.9297,18867.9297,109880000
2016-11-21,18898.6797,18960.7598,18883.0996,18956.6895,18956.6895,80520000
2016-11-22,18970.3906,19043.9004,18962.8203,19023.8691,19023.8691,85310000
2016-11-23,19015.5195,19083.7598,19000.3809,19083.1797,19083.1797,77880000
2016-11-25,19093.7207,19152.1406,19093.7207,19152.1406,19152.1406,45890000
2016-11-28,19122.1406,19138.7207,19072.2500,19097.9004,19097.9004,88460000
2016-11-29,19064.0703,19144.4004,19062.2207,19121.5996,19121.5996,81510000
2016-11-30,19135.6406,19225.2891,19123.3809,19123.5801,19123.5801,164570000
2016-12-01,19149.1992,19214.3008,19138.7891,19191.9297,19191.9297,108800000
2016-12-02,19161.2500,19196.1406,19141.1797,19170.4199,19170.4199,84920000
2016-12-05,19244.3496,19274.8496,19186.7305,19216.2402,19216.2402,317800000
2016-12-06,19219.9102,19255.8906,19184.7402,19251.7793,19251.7793,284960000
2016-12-07,19241.9902,19558.4199,19229.8301,19549.6191,19549.6191,385200000
2016-12-08,19559.9395,19664.9707,19527.8301,19614.8105,19614.8105,324570000
2016-12-09,19631.3496,19757.7402,19623.1895,19756.8496,19756.8496,334470000
2016-12-12,19770.1992,19824.5898,19747.7402,19796.4297,19796.4297,333660000
2016-12-13,19852.2109,19953.7500,19846.4492,19911.2109,19911.2109,388420000
2016-12-14,19876.1309,19966.4297,19748.6699,19792.5293,19792.5293,408430000
2016-12-15,19811.5000,19951.2891,19811.5000,19852.2402,19852.2402,357350000
2016-12-16,19909.0098,19923.1699,19821.0000,19843.4102,19843.4102,573470000
2016-12-19,19836.6602,19917.7793,19832.9492,19883.0605,19883.0605,302310000
2016-12-20,19920.5898,19987.6309,19920.4199,19974.6191,19974.6191,284080000
2016-12-21,19968.9707,19986.5605,19941.9609,19941.9609,19941.9609,256640000
2016-12-22,19922.6797,19933.8301,19882.1895,19918.8809,19918.8809,258290000
2016-12-23,19908.6094,19934.1504,19899.0605,19933.8105,19933.8105,158260000
2016-12-27,19943.4609,19980.2402,19939.8008,19945.0391,19945.0391,158540000
2016-12-28,19964.3105,19981.1094,19827.3105,19833.6797,19833.6797,188350000
2016-12-29,19835.4609,19878.4395,19788.9395,19819.7793,19819.7793,172040000
2016-12-30,19833.1699,19852.5508,19718.6699,19762.5996,19762.5996,271910000
2017-01-03,19872.8594,19938.5293,19775.9297,19881.7598,19881.7598,339180000
2017-01-04,19890.9395,19956.1406,19878.8301,19942.1602,19942.1602,280010000
2017-01-05,19924.5605,19948.5996,19811.1191,19899.2891,19899.2891,269920000
2017-01-06,19906.9609,19999.6309,19834.0801,19963.8008,19963.8008,277700000
2017-01-09,19931.4102,19943.7793,19887.3809,19887.3809,19887.3809,287510000
2017-01-10,19876.3496,19957.1191,19836.0293,19855.5293,19855.5293,299410000
2017-01-11,19887.3809,19973.4199,19833.1602,19954.2793,19954.2793,336150000
2017-01-12,19926.2109,19929.2891,19770.4707,19891.0000,19891.0000,306290000
2017-01-13,19912.5391,19952.0293,19849.3809,19885.7305,19885.7305,263780000
2017-01-17,19848.8203,19882.9902,19775.3496,19826.7695,19826.7695,341900000
2017-01-18,19822.7305,19828.1992,19739.0000,19804.7207,19804.7207,279760000
2017-01-19,19813.5508,19824.1406,19677.9395,19732.4004,19732.4004,301750000
2017-01-20,19795.0605,19843.9395,19759.1406,19827.2500,19827.2500,435260000
2017-01-23,19794.7891,19833.9805,19732.3594,19799.8496,19799.8496,326690000
2017-01-24,19794.6797,19949.2402,19786.7109,19912.7109,19912.7109,374460000
2017-01-25,19994.4805,20082.0000,19994.4805,20068.5098,20068.5098,372240000
2017-01-26,20076.2500,20125.5801,20067.5293,20100.9102,20100.9102,356730000
2017-01-27,20103.3594,20115.9707,20072.6406,20093.7793,20093.7793,343130000
2017-01-30,20028.6191,20028.6191,19870.3906,19971.1309,19971.1309,317280000
2017-01-31,19913.1602,19918.1699,19784.7695,19864.0898,19864.0898,373750000
2017-02-01,19923.8105,19967.7305,19845.9902,19890.9395,19890.9395,426670000
2017-02-02,19858.3398,19922.7500,19831.0898,19884.9102,19884.9102,347220000
2017-02-03,19964.2109,20081.4805,19964.2109,20071.4609,20071.4609,344220000
2017-02-06,20025.6094,20094.9492,20002.8105,20052.4199,20052.4199,281720000
2017-02-07,20107.6191,20155.3496,20068.6797,20090.2891,20090.2891,279670000
2017-02-08,20049.2891,20068.2793,20015.3301,20054.3398,20054.3398,280410000
2017-02-09,20061.7305,20206.3594,20061.7305,20172.4004,20172.4004,325310000
2017-02-10,20211.2305,20298.2109,20204.7598,20269.3691,20269.3691,312230000
2017-02-13,20338.5391,20441.4805,20322.9492,20412.1602,20412.1602,314620000
2017-02-14,20374.2207,20504.4102,20374.0195,20504.4102,20504.4102,356580000
2017-02-15,20504.2695,20620.4492,20496.0293,20611.8594,20611.8594,384380000
2017-02-16,20627.3105,20639.8691,20556.8301,20619.7695,20619.7695,354120000
2017-02-17,20564.1309,20624.0508,20532.6094,20624.0508,20624.0508,340620000
2017-02-21,20663.4297,20757.6406,20663.3691,20743.0000,20743.0000,336880000
2017-02-22,20715.4102,20781.5898,20692.3906,20775.5996,20775.5996,310530000
2017-02-23,20817.2109,20840.6992,20746.4102,20810.3203,20810.3203,302110000
2017-02-24,20751.9102,20821.7598,20733.9492,20821.7598,20821.7598,292540000
2017-02-27,20808.7109,20851.3301,20774.7598,20837.4395,20837.4395,256540000
2017-02-28,20833.8809,20841.2402,20781.2109,20812.2402,20812.2402,339210000
2017-03-01,20957.2891,21169.1094,20957.2891,21115.5508,21115.5508,392820000
2017-03-02,21128.9102,21129.1992,20996.6094,21002.9707,21002.9707,319910000
2017-03-03,21008.7500,21039.9609,20953.8594,21005.7109,21005.7109,254420000
2017-03-06,20955.7109,20986.4297,20912.1094,20954.3398,20954.3398,266620000
2017-03-07,20934.8906,20970.5391,20901.2598,20924.7598,20924.7598,274630000
2017-03-08,20940.4395,20951.4395,20835.5801,20855.7305,20855.7305,296780000
2017-03-09,20864.3203,20900.5703,20777.1602,20858.1895,20858.1895,275960000
2017-03-10,20919.0098,20940.2891,20827.6602,20902.9805,20902.9805,315430000
2017-03-13,20899.2793,20926.0605,20845.7109,20881.4805,20881.4805,289260000
2017-03-14,20848.5996,20874.0000,20786.3105,20837.3691,20837.3691,246820000
2017-03-15,20874.7793,20977.4707,20859.5996,20950.0996,20950.0996,306590000
2017-03-16,20969.2695,21000.1094,20893.5000,20934.5508,20934.5508,264360000
2017-03-17,20965.3691,20980.5098,20911.0703,20914.6191,20914.6191,535280000
2017-03-20,20916.2695,20955.4492,20885.6992,20905.8594,20905.8594,253610000
2017-03-21,20956.3301,20970.0391,20653.2598,20668.0098,20668.0098,369320000
2017-03-22,20640.4199,20686.2109,20578.9492,20661.3008,20661.3008,325090000
2017-03-23,20645.0703,20757.8906,20618.6191,20656.5801,20656.5801,280050000
2017-03-24,20674.4492,20718.3301,20529.6699,20596.7207,20596.7207,292980000
2017-03-27,20488.3496,20578.4609,20412.8008,20550.9805,20550.9805,269380000
2017-03-28,20542.1406,20735.6094,20520.0996,20701.5000,20701.5000,299670000
2017-03-29,20675.7500,20684.7305,20625.0293,20659.3203,20659.3203,238320000
2017-03-30,20662.7891,20753.7793,20643.5996,20728.4902,20728.4902,270900000
2017-03-31,20700.3398,20722.5898,20660.6797,20663.2207,20663.2207,303770000
2017-04-03,20665.1699,20692.3398,20517.8203,20650.2109,20650.2109,285670000
2017-04-04,20634.9395,20701.2891,20605.3008,20689.2402,20689.2402,237390000
2017-04-05,20745.0605,20887.5000,20639.5508,20648.1504,20648.1504,284980000
2017-04-06,20653.7695,20746.4609,20612.1699,20662.9492,20662.9492,251720000
2017-04-07,20647.8105,20726.0703,20606.9492,20656.0996,20656.0996,219730000
2017-04-10,20668.2207,20750.3301,20614.8594,20658.0195,20658.0195,230480000
2017-04-11,20644.3203,20660.0293,20512.5605,20651.3008,20651.3008,255120000
2017-04-12,20637.9492,20642.5391,20553.0293,20591.8594,20591.8594,267670000
2017-04-13,20561.6895,20612.2695,20453.2500,20453.2500,20453.2500,235810000
2017-04-17,20484.7500,20644.4102,20484.7500,20636.9199,20636.9199,229240000
2017-04-18,20561.3906,20600.1191,20462.2793,20523.2793,20523.2793,263180000
2017-04-19,20503.5195,20546.6895,20379.5508,20404.4902,20404.4902,294790000
2017-04-20,20406.6797,20629.7793,20406.6797,20578.7109,20578.7109,312440000
2017-04-21,20578.0996,20601.4004,20505.3301,20547.7598,20547.7598,369600000
2017-04-24,20723.5898,20792.1992,20723.5898,20763.8906,20763.8906,342400000
2017-04-25,20915.5098,21026.9707,20909.3809,20996.1191,20996.1191,348180000
2017-04-26,21009.9492,21070.9004,20972.2695,20975.0898,20975.0898,328550000
2017-04-27,20991.1191,21005.8008,20935.8008,20981.3301,20981.3301,305690000
2017-04-28,20987.3906,20987.7598,20926.7500,20940.5098,20940.5098,329990000
2017-05-01,20962.7305,20976.6191,20898.3809,20913.4609,20913.4609,288160000
2017-05-02,20941.1895,20960.9199,20904.0605,20949.8906,20949.8906,338810000
2017-05-03,20915.0000,20972.7402,20874.1797,20957.9004,20957.9004,310920000
2017-05-04,20987.8301,20990.7891,20847.9492,20951.4707,20951.4707,274720000
2017-05-05,20929.0391,21006.9395,20905.0000,21006.9395,21006.9395,260960000
2017-05-08,20991.2598,21017.8906,20971.0508,21012.2793,21012.2793,276150000
2017-05-09,21022.2793,21046.8496,20938.0391,20975.7793,20975.7793,273000000
2017-05-10,20958.4902,20976.2793,20884.1504,20943.1094,20943.1094,283340000
2017-05-11,20925.7207,20933.3594,20798.9004,20919.4199,20919.4199,287680000
2017-05-12,20893.1895,20916.0996,20869.7402,20896.6094,20896.6094,288500000
2017-05-15,20923.6309,21000.8301,20923.6309,20981.9395,20981.9395,313170000
2017-05-16,20984.4805,21033.5293,20932.8809,20979.7500,20979.7500,311580000
2017-05-17,20846.1699,20846.1699,20601.0801,20606.9297,20606.9297,423200000
2017-05-18,20579.6504,20759.1992,20553.4492,20663.0195,20663.0195,422590000
2017-05-19,20698.2793,20857.1309,20687.9395,20804.8398,20804.8398,365180000
2017-05-22,20867.7695,20914.2598,20860.1602,20894.8301,20894.8301,276120000
2017-05-23,20908.6699,20961.1406,20896.2207,20937.9102,20937.9102,244950000
2017-05-24,20949.2109,21022.8203,20933.5801,21012.4199,21012.4199,283180000
2017-05-25,21062.9609,21112.3203,21051.4102,21082.9492,21082.9492,268970000
2017-05-26,21070.1504,21092.8203,21050.4902,21080.2793,21080.2793,208000000
2017-05-30,21045.4902,21063.6191,21009.5996,21029.4707,21029.4707,242810000
2017-05-31,21048.4609,21051.6992,20942.5703,21008.6504,21008.6504,371580000
2017-06-01,21030.5508,21144.1797,20994.2207,21144.1797,21144.1797,276730000
2017-06-02,21142.0898,21225.0391,21129.5605,21206.2891,21206.2891,329700000
2017-06-05,21195.0293,21224.4102,21168.6895,21184.0391,21184.0391,269790000
2017-06-06,21145.4805,21180.4707,21118.4609,21136.2305,21136.2305,283550000
2017-06-07,21171.5703,21189.8398,21113.3105,21173.6895,21173.6895,273400000
2017-06-08,21169.7598,21265.6895,21138.1602,21182.5293,21182.5293,330330000
2017-06-09,21208.9609,21305.3496,21159.4492,21271.9707,21271.9707,397200000
2017-06-12,21259.9492,21277.0801,21186.1504,21235.6699,21235.6699,528080000
2017-06-13,21256.8301,21332.7695,21256.8301,21328.4707,21328.4707,323510000
2017-06-14,21342.7109,21391.9707,21294.0898,21374.5605,21374.5605,295090000
2017-06-15,21291.6895,21367.2793,21261.8691,21359.9004,21359.9004,317200000
2017-06-16,21335.9297,21384.4199,21308.0098,21384.2793,21384.2793,603260000
2017-06-19,21444.7500,21528.9902,21436.0801,21528.9902,21528.9902,289400000
2017-06-20,21521.2500,21535.0293,21464.2402,21467.1406,21467.1406,310200000
2017-06-21,21466.3906,21492.6191,21390.0000,21410.0293,21410.0293,292500000
2017-06-22,21407.9805,21456.4707,21394.8105,21397.2891,21397.2891,270680000
2017-06-23,21380.9199,21421.7891,21333.8906,21394.7598,21394.7598,368400000
2017-06-26,21434.6797,21506.2109,21381.2500,21409.5508,21409.5508,241880000
2017-06-27,21411.1895,21440.5996,21310.6602,21310.6602,21310.6602,292170000
2017-06-28,21372.3594,21478.7500,21372.3594,21454.6094,21454.6094,271510000
2017-06-29,21487.3809,21487.3809,21197.0801,21287.0293,21287.0293,336750000
2017-06-30,21348.5996,21426.1191,21325.0801,21349.6309,21349.6309,313260000
2017-07-03,21392.3008,21562.7500,21391.7109,21479.2695,21479.2695,186810000
2017-07-05,21492.8301,21505.3594,21404.7598,21478.1699,21478.1699,273690000
2017-07-06,21423.9297,21433.0996,21305.3809,21320.0391,21320.0391,320450000
2017-07-07,21354.6602,21425.8203,21350.7207,21414.3398,21414.3398,242240000
2017-07-10,21381.2305,21446.3906,21371.1094,21408.5195,21408.5195,270340000
2017-07-11,21410.1699,21441.6191,21279.3008,21409.0703,21409.0703,247570000
2017-07-12,21467.9297,21580.7891,21467.9297,21532.1406,21532.1406,267870000
2017-07-13,21537.1895,21568.7207,21512.3594,21553.0898,21553.0898,232270000
2017-07-14,21532.7695,21681.5293,21521.7207,21637.7402,21637.7402,235590000
2017-07-17,21633.9707,21661.8105,21617.6602,21629.7207,21629.7207,244780000
2017-07-18,21589.9395,21589.9395,21471.1406,21574.7305,21574.7305,251110000
2017-07-19,21569.2500,21640.7500,21565.8398,21640.7500,21640.7500,253040000
2017-07-20,21641.5391,21661.9102,21576.9609,21611.7793,21611.7793,313950000
2017-07-21,21591.7207,21592.6094,21503.7793,21580.0703,21580.0703,362830000
2017-07-24,21577.7793,21577.7793,21496.1309,21513.1699,21513.1699,284080000
2017-07-25,21638.5605,21670.6191,21577.3691,21613.4297,21613.4297,304300000
2017-07-26,21690.3809,21742.6992,21683.2891,21711.0098,21711.0098,278240000
2017-07-27,21717.4199,21798.4707,21687.8496,21796.5508,21796.5508,407320000
2017-07-28,21787.5098,21841.1797,21756.1191,21830.3105,21830.3105,285630000
2017-07-31,21863.3906,21929.8008,21861.7109,21891.1191,21891.1191,307610000
2017-08-01,21961.4199,21990.9609,21940.8105,21963.9199,21963.9199,328410000
2017-08-02,22004.3594,22036.0996,21967.4609,22016.2402,22016.2402,336820000
2017-08-03,22007.5801,22044.8496,21991.3203,22026.0996,22026.0996,278730000
2017-08-04,22058.3906,22092.8105,22024.6406,22092.8105,22092.8105,253640000
2017-08-07,22100.1992,22121.1504,22081.9707,22118.4199,22118.4199,213010000
2017-08-08,22095.1406,22179.1094,22057.2891,22085.3398,22085.3398,262000000
2017-08-09,22022.3398,22057.1895,21996.6895,22048.6992,22048.6992,277800000
2017-08-10,21988.1992,21988.1992,21843.9395,21844.0098,21844.0098,303310000
2017-08-11,21883.3203,21911.0898,21842.7402,21858.3203,21858.3203,237790000
2017-08-14,21945.6406,22019.2305,21945.6406,21993.7109,21993.7109,235030000
2017-08-15,22029.9102,22038.9199,21971.4805,21998.9902,21998.9902,269070000
2017-08-16,22031.9297,22085.7109,22002.4707,22024.8691,22024.8691,264920000
2017-08-17,21984.7402,21984.7402,21750.3203,21750.7305,21750.7305,311030000
2017-08-18,21724.8809,21793.3496,21641.6309,21674.5098,21674.5098,309070000
2017-08-21,21671.3594,21718.7402,21600.3398,21703.7500,21703.7500,277880000
2017-08-22,21739.7793,21912.8301,21738.1309,21899.8906,21899.8906,244980000
2017-08-23,21850.2695,21866.6602,21808.3906,21812.0898,21812.0898,234810000
2017-08-24,21839.9004,21870.1094,21765.8203,21783.4004,21783.4004,228480000
2017-08-25,21819.0801,21906.8594,21812.8105,21813.6699,21813.6699,217570000
2017-08-28,21832.5000,21861.4902,21767.9395,21808.4004,21808.4004,218740000
2017-08-29,21718.0000,21879.2207,21673.5801,21865.3691,21865.3691,227340000
2017-08-30,21859.7598,21914.2598,21839.4707,21892.4297,21892.4297,242840000
2017-08-31,21936.0098,21985.7598,21910.5000,21948.0996,21948.0996,376790000
2017-09-01,21981.7695,22038.9707,21974.9102,21987.5605,21987.5605,256240000
2017-09-05,21912.3691,21921.0898,21709.6309,21753.3105,21753.3105,332840000
2017-09-06,21815.7598,21849.2402,21794.0703,21807.6406,21807.6406,318760000
2017-09-07,21820.3809,21850.0098,21745.7109,21784.7793,21784.7793,333810000
2017-09-08,21764.4297,21846.6309,21731.1191,21797.7891,21797.7891,289400000
2017-09-11,21927.7891,22067.0996,21927.7891,22057.3691,22057.3691,312770000
2017-09-12,22090.5605,22134.5703,22087.0898,22118.8594,22118.8594,364580000
2017-09-13,22103.4707,22158.1797,22095.7891,22158.1797,22158.1797,291890000
2017-09-14,22144.9609,22216.4395,22135.2598,22203.4805,22203.4805,297780000
2017-09-15,22252.4395,22275.0195,22214.5195,22268.3398,22268.3398,527540000
2017-09-18,22297.9199,22355.6191,22283.3496,22331.3496,22331.3496,302740000
2017-09-19,22349.6992,22386.0098,22340.7109,22370.8008,22370.8008,295570000
2017-09-20,22351.3809,22413.2598,22314.6797,22412.5898,22412.5898,334560000
2017-09-21,22414.0195,22419.5098,22356.5508,22359.2305,22359.2305,287390000
2017-09-22,22334.0703,22364.3105,22299.5801,22349.5898,22349.5898,297140000
2017-09-25,22320.4707,22359.8809,22219.1094,22296.0898,22296.0898,332430000
2017-09-26,22322.0293,22369.3496,22279.5195,22284.3203,22284.3203,285990000
2017-09-27,22330.9297,22371.0996,22254.9297,22340.7109,22340.7109,342900000
2017-09-28,22306.8301,22394.7402,22288.9707,22381.1992,22381.1992,263010000
2017-09-29,22358.4707,22405.6309,22332.9609,22405.0898,22405.0898,274790000
2017-10-02,22423.4707,22559.3809,22416.0000,22557.5996,22557.5996,268530000
2017-10-03,22564.4492,22646.3203,22562.9004,22641.6699,22641.6699,238830000
2017-10-04,22645.6699,22685.9395,22632.8008,22661.6406,22661.6406,235730000
2017-10-05,22669.0801,22777.0391,22655.1406,22775.3906,22775.3906,246400000
2017-10-06,22762.0293,22773.6699,22730.8496,22773.6699,22773.6699,221450000
2017-10-09,22779.7305,22803.3691,22739.3809,22761.0703,22761.0703,310770000
2017-10-10,22784.7598,22850.5098,22770.9902,22830.6797,22830.6797,319270000
2017-10-11,22827.6504,22872.8906,22821.6602,22872.8906,22872.8906,316000000
2017-10-12,22854.8496,22884.8203,22821.1309,22841.0098,22841.0098,291790000
2017-10-13,22876.4297,22905.3301,22855.9297,22871.7207,22871.7207,259560000
2017-10-16,22892.9199,22960.1191,22887.1191,22956.9609,22956.9609,247180000
2017-10-17,22952.4102,23002.1992,22948.2305,22997.4395,22997.4395,273090000
2017-10-18,23087.1309,23172.9297,23086.7500,23157.5996,23157.5996,271870000
2017-10-19,23107.4707,23167.2402,23052.6699,23163.0391,23163.0391,350400000
2017-10-20,23205.1797,23328.8398,23201.7793,23328.6309,23328.6309,474380000
2017-10-23,23348.9492,23368.3691,23273.9609,23273.9609,23273.9609,456830000
2017-10-24,23346.7793,23485.2500,23343.2305,23441.7598,23441.7598,406850000
2017-10-25,23431.0898,23451.5098,23251.1094,23329.4609,23329.4609,399560000
2017-10-26,23380.8906,23459.8398,23380.8906,23400.8594,23400.8594,370600000
2017-10-27,23419.1602,23449.4004,23353.1602,23434.1895,23434.1895,518870000
2017-10-30,23405.7500,23428.7500,23327.8691,23348.7402,23348.7402,436900000
2017-10-31,23369.2207,23406.3496,23334.3906,23377.2402,23377.2402,388050000
2017-11-01,23442.9004,23517.7109,23388.9102,23435.0098,23435.0098,361260000
2017-11-02,23463.2402,23531.3809,23350.9805,23516.2598,23516.2598,348040000
2017-11-03,23549.5898,23557.0605,23481.5703,23539.1895,23539.1895,312250000
2017-11-06,23533.9609,23574.8594,23520.7500,23548.4199,23548.4199,325190000
2017-11-07,23574.0293,23602.1191,23484.1895,23557.2305,23557.2305,285080000
2017-11-08,23542.5996,23575.0000,23510.5605,23563.3594,23563.3594,264670000
2017-11-09,23492.0898,23516.7402,23310.0195,23461.9395,23461.9395,305440000
2017-11-10,23432.7109,23452.1992,23392.9609,23422.2109,23422.2109,351280000
2017-11-13,23367.4707,23461.6797,23343.3398,23439.6992,23439.6992,491260000
2017-11-14,23388.4004,23414.0801,23271.5703,23409.4707,23409.4707,561330000
2017-11-15,23334.5898,23344.9902,23242.7500,23271.2793,23271.2793,404300000
2017-11-16,23365.3398,23492.1895,23365.3398,23458.3594,23458.3594,402020000
2017-11-17,23433.7695,23433.7695,23356.0098,23358.2402,23358.2402,386000000
2017-11-20,23370.7109,23456.8809,23360.5801,23430.3301,23430.3301,315330000
2017-11-21,23500.1504,23617.8008,23500.1504,23590.8301,23590.8301,329650000
2017-11-22,23597.2402,23605.7695,23507.6094,23526.1797,23526.1797,268760000
2017-11-24,23552.7500,23599.1797,23551.5898,23557.9902,23557.9902,118610000
2017-11-27,23552.8594,23638.9199,23545.0195,23580.7793,23580.7793,296320000
2017-11-28,23625.1895,23849.6094,23617.1094,23836.7109,23836.7109,319240000
2017-11-29,23883.2598,23959.7598,23872.5898,23940.6797,23940.6797,401410000
2017-11-30,24013.8008,24327.8203,24013.8008,24272.3496,24272.3496,488200000
2017-12-01,24305.4004,24322.0605,23921.9004,24231.5898,24231.5898,417910000
2017-12-04,24424.1094,24534.0391,24288.1895,24290.0508,24290.0508,424250000
2017-12-05,24335.0098,24349.7402,24155.2793,24180.6406,24180.6406,371190000
2017-12-06,24171.9004,24229.3496,24134.4902,24140.9102,24140.9102,312720000
2017-12-07,24116.5996,24262.8809,24101.2402,24211.4805,24211.4805,319060000
2017-12-08,24263.2598,24330.1191,24225.5000,24329.1602,24329.1602,293590000
2017-12-11,24338.1094,24389.7207,24314.7402,24386.0293,24386.0293,300580000
2017-12-12,24452.9609,24552.9707,24443.8301,24504.8008,24504.8008,342220000
2017-12-13,24525.1895,24666.0195,24518.3008,24585.4297,24585.4297,325280000
2017-12-14,24631.0098,24672.4805,24508.6602,24508.6602,24508.6602,314780000
2017-12-15,24585.7109,24688.6191,24584.4395,24651.7402,24651.7402,635740000
2017-12-18,24739.5605,24876.0703,24739.5605,24792.1992,24792.1992,354880000
2017-12-19,24834.3809,24850.1094,24715.5996,24754.7500,24754.7500,335330000
2017-12-20,24838.0898,24852.4395,24697.1094,24726.6504,24726.6504,341790000
2017-12-21,24778.2598,24850.9102,24766.2695,24782.2891,24782.2891,339530000
2017-12-22,24764.0391,24784.1504,24717.5098,24754.0605,24754.0605,255140000
2017-12-26,24715.8398,24778.1309,24708.4199,24746.2109,24746.2109,208290000
2017-12-27,24766.5195,24789.5195,24731.6797,24774.3008,24774.3008,225890000
2017-12-28,24807.2109,24839.2305,24797.1309,24837.5098,24837.5098,200960000
2017-12-29,24849.6309,24871.6602,24719.2207,24719.2207,24719.2207,270760000
2018-01-02,24809.3496,24864.1895,24741.6992,24824.0098,24824.0098,341130000
2018-01-03,24850.4492,24941.9199,24825.5508,24922.6797,24922.6797,456790000
2018-01-04,24964.8594,25105.9609,24963.2695,25075.1309,25075.1309,403280000
2018-01-05,25114.9199,25299.7891,25112.0098,25295.8691,25295.8691,358020000
2018-01-08,25308.4004,25311.9902,25235.4102,25283.0000,25283.0000,341390000
2018-01-09,25312.0508,25439.7793,25308.4102,25385.8008,25385.8008,333490000
2018-01-10,25348.1309,25404.9199,25256.9902,25369.1309,25369.1309,341470000
2018-01-11,25398.5996,25575.4199,25396.1895,25574.7305,25574.7305,346830000
2018-01-12,25638.3906,25810.4297,25633.0801,25803.1895,25803.1895,376390000
2018-01-16,25987.6191,26086.1191,25702.9902,25792.8594,25792.8594,606520000
2018-01-17,25910.7793,26130.4492,25865.0195,26115.6504,26115.6504,522720000
2018-01-18,26149.5508,26153.4199,25947.3203,26017.8105,26017.8105,492780000
2018-01-19,25987.3496,26071.7207,25942.8301,26071.7207,26071.7207,585000000
2018-01-22,26025.3203,26215.2305,25974.6504,26214.5996,26214.5996,431200000
2018-01-23,26214.8691,26246.1895,26143.9004,26210.8105,26210.8105,433490000
2018-01-24,26282.0703,26392.8008,26106.9395,26252.1191,26252.1191,518790000
2018-01-25,26313.0605,26458.2500,26259.7207,26392.7891,26392.7891,401390000
2018-01-26,26466.7402,26616.7109,26425.3496,26616.7109,26616.7109,477780000
2018-01-29,26584.2793,26608.9004,26435.3398,26439.4805,26439.4805,421000000
2018-01-30,26198.4492,26256.9902,26028.4199,26076.8906,26076.8906,448330000
2018-01-31,26268.1699,26338.0293,26050.9805,26149.3906,26149.3906,479130000
2018-02-01,26083.0391,26306.6992,26014.4395,26186.7109,26186.7109,410620000
2018-02-02,26061.7891,26061.7891,25490.6602,25520.9609,25520.9609,522880000
2018-02-05,25337.8691,25520.5293,23923.8809,24345.7500,24345.7500,714450000
2018-02-06,24085.1699,24946.2305,23778.7402,24912.7695,24912.7695,823940000
2018-02-07,24892.8691,25293.9609,24785.4395,24893.3496,24893.3496,504620000
2018-02-08,24902.3008,24903.6797,23849.2305,23860.4609,23860.4609,657500000
2018-02-09,23992.6699,24382.1406,23360.2891,24190.9004,24190.9004,735030000
2018-02-12,24337.7598,24765.1602,24290.4805,24601.2695,24601.2695,496610000
2018-02-13,24540.3301,24705.7207,24421.0293,24640.4492,24640.4492,374410000
2018-02-14,24535.8203,24925.9492,24490.3594,24893.4902,24893.4902,431160000
2018-02-15,25047.8203,25203.9492,24809.4199,25200.3691,25200.3691,416780000
2018-02-16,25165.9395,25432.4199,25149.2598,25219.3809,25219.3809,406730000
2018-02-20,25124.9102,25179.0098,24884.1895,24964.7500,24964.7500,421510000
2018-02-21,24988.0605,25267.9902,24792.9902,24797.7793,24797.7793,456070000
2018-02-22,24855.4102,25156.7207,24854.8301,24962.4805,24962.4805,378900000
2018-02-23,25050.5098,25313.9102,25028.7305,25309.9902,25309.9902,335420000
2018-02-26,25403.3496,25732.8008,25398.5605,25709.2695,25709.2695,473360000
2018-02-27,25735.7793,25800.3496,25407.8301,25410.0293,25410.0293,438390000
2018-02-28,25485.1504,25576.1504,25022.4199,25029.1992,25029.1992,451870000
2018-03-01,25024.0391,25185.3496,24442.5605,24608.9805,24608.9805,506280000
2018-03-02,24394.9102,24592.4609,24217.7598,24538.0605,24538.0605,437130000
2018-03-05,24471.3105,24961.0000,24387.1504,24874.7598,24874.7598,383910000
2018-03-06,24965.8906,24995.2402,24708.4102,24884.1191,24884.1191,331770000
2018-03-07,24758.1504,24849.6797,24535.1191,24801.3594,24801.3594,394070000
2018-03-08,24853.4102,24950.4902,24703.0508,24895.2109,24895.2109,327300000
2018-03-09,25004.8906,25336.3301,25004.8906,25335.7402,25335.7402,371570000
2018-03-12,25372.4395,25449.1504,25152.0195,25178.6094,25178.6094,362580000
2018-03-13,25257.7500,25376.4004,24947.5000,25007.0293,25007.0293,447880000
2018-03-14,25086.9707,25130.1191,24668.8301,24758.1191,24758.1191,356830000
2018-03-15,24837.2891,25053.8691,24753.2891,24873.6602,24873.6602,316310000
2018-03-16,24877.3398,25031.0000,24857.0898,24946.5098,24946.5098,654240000
2018-03-19,24893.6895,24893.6895,24453.1406,24610.9102,24610.9102,377990000
2018-03-20,24650.6406,24803.6094,24650.6406,24727.2695,24727.2695,342510000
2018-03-21,24723.4902,24977.6504,24655.4004,24682.3105,24682.3105,343230000
2018-03-22,24526.0098,24526.0098,23938.7402,23957.8906,23957.8906,439280000
2018-03-23,23995.1797,24108.4707,23509.0605,23533.1992,23533.1992,482550000
2018-03-26,23825.7402,24232.3008,23741.2207,24202.5996,24202.5996,479540000
2018-03-27,24276.6191,24446.2207,23708.7305,23857.7109,23857.7109,524480000
2018-03-28,23883.0801,24092.4707,23728.6699,23848.4199,23848.4199,530040000
2018-03-29,23949.1797,24314.3008,23928.1309,24103.1094,24103.1094,463550000
2018-04-02,24076.5996,24123.8008,23344.5195,23644.1895,23644.1895,509820000
2018-04-03,23698.3301,24044.3496,23664.3301,24033.3594,24033.3594,394130000
2018-04-04,23654.1504,24308.9609,23523.1602,24264.3008,24264.3008,388540000
2018-04-05,24313.9102,24622.2598,24313.9102,24505.2207,24505.2207,347790000
2018-04-06,24373.5996,24434.4004,23738.1992,23932.7598,23932.7598,395990000
2018-04-09,24037.5195,24373.1797,23954.8301,23979.0996,23979.0996,380790000
2018-04-10,24198.9492,24511.3496,24198.9492,24408.0000,24408.0000,368590000
2018-04-11,24274.1895,24366.5703,24150.8691,24189.4492,24189.4492,286360000
2018-04-12,24302.8203,24592.1191,24302.8203,24483.0508,24483.0508,336130000
2018-04-13,24582.8203,24646.4492,24243.7402,24360.1406,24360.1406,331890000
2018-04-16,24483.1504,24675.3594,24480.1992,24573.0391,24573.0391,305070000
2018-04-17,24681.7891,24858.9707,24681.7891,24786.6309,24786.6309,342410000
2018-04-18,24820.8496,24832.5391,24721.0898,24748.0703,24748.0703,302030000
2018-04-19,24711.3008,24762.4805,24557.0293,24664.8906,24664.8906,381110000
2018-04-20,24657.3906,24678.0703,24375.0391,24462.9395,24462.9395,537770000
2018-04-23,24488.0703,24536.8906,24328.5391,24448.6895,24448.6895,351030000
2018-04-24,24579.9395,24579.9395,23828.7305,24024.1309,24024.1309,468180000
2018-04-25,24070.1992,24146.3398,23823.0801,24083.8301,24083.8301,437100000
2018-04-26,24128.7207,24402.4609,24128.7207,24322.3398,24322.3398,390360000
2018-04-27,24342.1406,24359.3809,24194.4492,24311.1895,24311.1895,392810000
2018-04-30,24410.4102,24498.2305,24163.0801,24163.1504,24163.1504,416650000
2018-05-01,24117.2891,24117.2891,23808.1895,24099.0508,24099.0508,380070000
2018-05-02,24097.6309,24185.5195,23886.3008,23924.9805,23924.9805,385350000
2018-05-03,23836.2305,23996.1504,23531.3105,23930.1504,23930.1504,389240000
2018-05-04,23865.2207,24333.3496,23778.8691,24262.5098,24262.5098,329480000
2018-05-07,24317.6602,24479.4492,24263.4199,24357.3203,24357.3203,307670000
2018-05-08,24341.3496,24412.3398,24198.3398,24360.2109,24360.2109,344940000
2018-05-09,24399.1797,24586.4805,24323.8691,24542.5391,24542.5391,361580000
2018-05-10,24591.6602,24794.9902,24575.9102,24739.5293,24739.5293,304210000
2018-05-11,24758.6406,24868.6504,24717.5000,24831.1699,24831.1699,274150000
2018-05-14,24879.3691,24994.1895,24862.5195,24899.4102,24899.4102,282860000
2018-05-15,24809.5508,24809.5508,24629.3906,24706.4102,24706.4102,301900000
2018-05-16,24722.3203,24801.1895,24672.7891,24768.9297,24768.9297,280810000
2018-05-17,24752.4004,24839.4902,24639.4004,24713.9805,24713.9805,314650000
2018-05-18,24707.7207,24774.9707,24664.8691,24715.0898,24715.0898,269700000
2018-05-21,24883.0605,25086.4902,24883.0605,25013.2891,25013.2891,308920000
2018-05-22,25047.5508,25064.9902,24812.0605,24834.4102,24834.4102,288200000
2018-05-23,24757.7109,24889.4609,24667.1191,24886.8105,24886.8105,399610000
2018-05-24,24877.3594,24877.3594,24605.9004,24811.7598,24811.7598,347050000
2018-05-25,24781.2891,24824.2207,24687.8105,24753.0898,24753.0898,257210000
2018-05-29,24606.5898,24635.1797,24247.8398,24361.4492,24361.4492,395810000
2018-05-30,24467.8301,24714.4805,24459.0898,24667.7793,24667.7793,324870000
2018-05-31,24620.7891,24620.7891,24352.1504,24415.8398,24415.8398,429740000
2018-06-01,24542.0898,24673.5996,24542.0898,24635.2109,24635.2109,315710000
2018-06-04,24727.5508,24859.3691,24722.1406,24813.6895,24813.6895,340400000
2018-06-05,24820.1191,24838.7793,24710.8203,24799.9805,24799.9805,306340000
2018-06-06,24854.1406,25146.4609,24854.1406,25146.3906,25146.3906,316090000
2018-06-07,25192.1406,25326.0898,25164.4805,25241.4102,25241.4102,357680000
2018-06-08,25209.2891,25325.6309,25165.6992,25316.5293,25316.5293,317510000
2018-06-11,25336.6699,25402.8301,25290.1992,25322.3105,25322.3105,276740000
2018-06-12,25346.8203,25364.3691,25247.0391,25320.7305,25320.7305,265750000
2018-06-13,25328.6504,25362.0703,25191.4199,25201.1992,25201.1992,329700000
2018-06-14,25254.6504,25332.5000,25138.5996,25175.3105,25175.3105,341170000
2018-06-15,25116.7109,25130.8203,24894.3809,25090.4805,25090.4805,659370000
2018-06-18,24944.2793,25003.0996,24825.7695,24987.4707,24987.4707,337070000
2018-06-19,24763.5898,24763.5898,24567.7500,24700.2109,24700.2109,376380000
2018-06-20,24771.1699,24804.7598,24628.3906,24657.8008,24657.8008,359520000
2018-06-21,24639.2109,24639.2109,24406.6309,24461.6992,24461.6992,349570000
2018-06-22,24526.9707,24663.1797,24526.9707,24580.8906,24580.8906,473970000
2018-06-25,24463.7305,24463.7305,24084.3906,24252.8008,24252.8008,439130000
2018-06-26,24281.8906,24384.2109,24241.2207,24283.1094,24283.1094,301130000
2018-06-27,24303.1094,24569.0195,24115.8203,24117.5898,24117.5898,313790000
2018-06-28,24064.1895,24308.1602,23997.2109,24216.0508,24216.0508,305020000
2018-06-29,24323.9297,24509.5195,24269.7109,24271.4102,24271.4102,329070000
2018-07-02,24161.5293,24319.4199,24077.5605,24307.1797,24307.1797,244110000
2018-07-03,24359.3906,24444.8809,24150.8496,24174.8203,24174.8203,160960000
2018-07-05,24285.8203,24372.8008,24177.4395,24356.7402,24356.7402,237670000
2018-07-06,24352.4707,24520.2891,24281.4707,24456.4805,24456.4805,219450000
2018-07-09,24519.1992,24796.5195,24518.4297,24776.5898,24776.5898,240580000
2018-07-10,24806.9707,24945.3809,24806.9707,24919.6602,24919.6602,235040000
2018-07-11,24789.4805,24815.1602,24663.8203,24700.4492,24700.4492,237370000
2018-07-12,24802.9004,24939.9707,24802.9004,24924.8906,24924.8906,233150000
2018-07-13,24926.0703,25043.2109,24890.0605,25019.4102,25019.4102,255520000
2018-07-16,25025.5801,25072.4102,24979.6406,25064.3594,25064.3594,231270000
2018-07-17,25033.9199,25155.3906,24989.6094,25119.8906,25119.8906,250450000
2018-07-18,25133.7891,25215.3203,25101.1191,25199.2891,25199.2891,252870000
2018-07-19,25139.1504,25154.1699,25052.6191,25064.5000,25064.5000,285760000
2018-07-20,25041.1406,25124.0996,24986.3496,25058.1191,25058.1191,274080000
2018-07-23,25036.9004,25081.4492,24983.3301,25044.2891,25044.2891,228820000
2018-07-24,25092.4297,25286.6191,25092.4297,25241.9395,25241.9395,274940000
2018-07-25,25183.6992,25432.8691,25113.5508,25414.0996,25414.0996,273670000
2018-07-26,25468.5508,25587.2402,25463.1602,25527.0703,25527.0703,297530000
2018-07-27,25520.5195,25580.2207,25370.0703,25451.0605,25451.0605,329680000
2018-07-30,25439.3203,25500.1602,25287.3809,25306.8301,25306.8301,296880000
2018-07-31,25345.2109,25490.9805,25345.2109,25415.1895,25415.1895,348700000
2018-08-01,25461.6309,25488.8008,25278.3203,25333.8203,25333.8203,315880000
2018-08-02,25256.4492,25360.4805,25120.0703,25326.1602,25326.1602,307700000
2018-08-03,25360.3691,25467.9004,25325.1699,25462.5801,25462.5801,239020000
2018-08-06,25437.4297,25540.0195,25381.3809,25502.1797,25502.1797,238990000
2018-08-07,25551.6504,25692.7207,25551.6504,25628.9102,25628.9102,239910000
2018-08-08,25615.7207,25634.1094,25557.4805,25583.7500,25583.7500,217770000
2018-08-09,25589.7891,25613.3105,25492.6895,25509.2305,25509.2305,214970000
2018-08-10,25401.1895,25401.1895,25222.8809,25313.1406,25313.1406,234480000
2018-08-13,25327.1895,25381.3906,25153.9297,25187.6992,25187.6992,219990000
2018-08-14,25215.6895,25339.5098,25201.8691,25299.9199,25299.9199,219210000
2018-08-15,25235.3691,25235.3691,24965.7695,25162.4102,25162.4102,295810000
2018-08-16,25294.9707,25607.3398,25294.9707,25558.7305,25558.7305,342430000
2018-08-17,25550.8008,25728.1602,25521.6602,25669.3203,25669.3203,284160000
2018-08-20,25727.6992,25790.1699,25716.4102,25758.6895,25758.6895,248570000
2018-08-21,25786.9902,25888.8203,25784.9004,25822.2891,25822.2891,241620000
2018-08-22,25825.0605,25836.1602,25722.4297,25733.5996,25733.5996,200480000
2018-08-23,25714.8594,25762.5605,25608.0195,25656.9805,25656.9805,213270000
2018-08-24,25688.5801,25826.0508,25688.5801,25790.3496,25790.3496,200330000
2018-08-27,25882.7109,26067.5703,25882.7109,26049.6406,26049.6406,220510000
2018-08-28,26092.6992,26122.2402,26037.8496,26064.0195,26064.0195,211470000
2018-08-29,26082.5293,26167.9395,26035.3008,26124.5703,26124.5703,214960000
2018-08-30,26099.0098,26104.3691,25934.8008,25986.9199,25986.9199,240440000
2018-08-31,25964.8496,26028.8301,25879.7695,25964.8203,25964.8203,273440000
2018-09-04,25916.0703,25971.7695,25805.9492,25952.4805,25952.4805,254600000
2018-09-05,25919.8398,26011.2207,25871.0391,25974.9902,25974.9902,289210000
2018-09-06,25973.0195,26073.6797,25880.8398,25995.8691,25995.8691,262380000
2018-09-07,25951.0195,26002.9902,25818.3906,25916.5391,25916.5391,281350000
2018-09-10,25991.9102,26039.9609,25854.1309,25857.0703,25857.0703,252170000
2018-09-11,25841.1406,26019.9199,25754.3203,25971.0605,25971.0605,265960000
2018-09-12,25989.0703,26145.7207,25929.4297,25998.9199,25998.9199,282770000
2018-09-13,26083.9395,26191.6406,26067.0801,26145.9902,26145.9902,260800000
2018-09-14,26169.5605,26211.1094,26068.2891,26154.6699,26154.6699,228640000
2018-09-17,26151.6602,26184.4707,26030.3496,26062.1191,26062.1191,230230000
2018-09-18,26076.2109,26317.3398,26076.2109,26246.9609,26246.9609,243000000
2018-09-19,26287.8398,26464.4102,26280.7598,26405.7598,26405.7598,251330000
2018-09-20,26519.3906,26697.4902,26519.3906,26656.9805,26656.9805,260480000
2018-09-21,26726.2500,26769.1602,26680.3691,26743.5000,26743.5000,657620000
2018-09-24,26705.2500,26709.9395,26548.6797,26562.0508,26562.0508,254850000
2018-09-25,26601.5801,26634.8496,26475.5801,26492.2109,26492.2109,234110000
2018-09-26,26536.8594,26606.0898,26349.3398,26385.2793,26385.2793,262620000
2018-09-27,26418.2695,26557.0098,26379.9492,26439.9297,26439.9297,226350000
2018-09-28,26407.6602,26515.7598,26383.5703,26458.3105,26458.3105,264030000
2018-10-01,26598.3594,26737.9805,26596.0508,26651.2109,26651.2109,238320000
2018-10-02,26648.9102,26824.7793,26627.6602,26773.9395,26773.9395,258290000
2018-10-03,26833.4707,26951.8105,26789.0801,26828.3906,26828.3906,280130000
2018-10-04,26784.0801,26793.8203,26471.6094,26627.4805,26627.4805,289600000
2018-10-05,26632.7695,26676.1602,26301.8105,26447.0508,26447.0508,267100000
2018-10-08,26399.4492,26529.3496,26223.0898,26486.7793,26486.7793,273020000
2018-10-09,26469.1895,26539.9395,26324.1602,26430.5703,26430.5703,282560000
2018-10-10,26441.7305,26487.8691,25567.0996,25598.7402,25598.7402,438200000
2018-10-11,25518.3906,25683.6406,24899.7695,25052.8301,25052.8301,522880000
2018-10-12,25407.6309,25467.5508,25000.8301,25339.9902,25339.9902,397510000
2018-10-15,25332.4609,25482.4199,25243.8809,25250.5508,25250.5508,287320000
2018-10-16,25351.5293,25817.6797,25351.5293,25798.4199,25798.4199,305800000
2018-10-17,25705.8691,25810.0898,25479.1602,25706.6797,25706.6797,298210000
2018-10-18,25645.5605,25691.4609,25236.0098,25379.4492,25379.4492,328020000
2018-10-19,25421.0898,25608.7109,25350.0195,25444.3398,25444.3398,350810000
2018-10-22,25492.1406,25561.3398,25236.0508,25317.4102,25317.4102,314940000
2018-10-23,25038.4609,25307.6992,24768.7891,25191.4297,25191.4297,436430000
2018-10-24,25172.8809,25306.2305,24533.1895,24583.4199,24583.4199,496400000
2018-10-25,24736.5391,25104.2891,24645.5605,24984.5508,24984.5508,439670000
2018-10-26,24770.2500,24916.1602,24445.1895,24688.3105,24688.3105,505310000
2018-10-29,24818.9805,25040.5801,24122.2305,24442.9199,24442.9199,443850000
2018-10-30,24482.0391,24906.6797,24415.6895,24874.6406,24874.6406,470050000
2018-10-31,25008.8203,25336.5508,25008.8203,25115.7598,25115.7598,448930000
2018-11-01,25142.0801,25396.4707,25108.1094,25380.7402,25380.7402,383970000
2018-11-02,25443.5996,25578.9805,25078.7207,25270.8301,25270.8301,429480000
2018-11-05,25261.4707,25507.3496,25261.4707,25461.6992,25461.6992,334740000
2018-11-06,25452.8301,25651.8594,25444.9004,25635.0098,25635.0098,265450000
2018-11-07,25788.4609,26200.1406,25765.8809,26180.3008,26180.3008,361780000
2018-11-08,26139.5898,26277.8203,26081.9004,26191.2207,26191.2207,295650000
2018-11-09,26149.1094,26161.4902,25882.9102,25989.3008,25989.3008,324450000
2018-11-12,25959.3301,25966.7109,25340.5098,25387.1797,25387.1797,346910000
2018-11-13,25321.2109,25511.0293,25193.7793,25286.4902,25286.4902,339690000
2018-11-14,25388.0801,25501.2891,24935.8203,25080.5000,25080.5000,384240000
2018-11-15,25061.4805,25354.5605,24787.7891,25289.2695,25289.2695,392750000
2018-11-16,25242.3496,25510.2305,25147.8008,25413.2207,25413.2207,354460000
2018-11-19,25392.6094,25392.6094,24900.9805,25017.4395,25017.4395,358090000
2018-11-20,24618.6797,24707.2598,24368.9805,24465.6406,24465.6406,445920000
2018-11-21,24541.6504,24669.7891,24463.2793,24464.6895,24464.6895,289370000
2018-11-23,24336.4004,24408.8008,24268.7402,24285.9492,24285.9492,155940000
2018-11-26,24364.1309,24673.2891,24364.1309,24640.2402,24640.2402,306280000
2018-11-27,24557.0195,24750.7305,24416.0293,24748.7305,24748.7305,308250000
2018-11-28,24832.8398,25368.9297,24832.8398,25366.4297,25366.4297,362160000
2018-11-29,25343.6504,25479.0391,25202.7891,25338.8398,25338.8398,305110000
2018-11-30,25307.1406,25549.7109,25250.9707,25538.4609,25538.4609,482250000
2018-12-03,25779.5703,25980.2109,25670.5098,25826.4297,25826.4297,388480000
2018-12-04,25752.5605,25773.1191,25008.1094,25027.0703,25027.0703,418900000
2018-12-06,24737.4199,24951.0098,24242.2207,24947.6699,24947.6699,471690000
2018-12-07,24918.8203,25095.6191,24284.7793,24388.9492,24388.9492,398230000
2018-12-10,24360.9492,24500.8105,23881.3691,24423.2598,24423.2598,389690000
2018-12-11,24719.9102,24791.2598,24221.0605,24370.2402,24370.2402,342960000
2018-12-12,24509.0898,24828.2891,24509.0898,24527.2695,24527.2695,344330000
2018-12-13,24575.8594,24740.9609,24473.2891,24597.3809,24597.3809,299970000
2018-12-14,24408.0391,24431.1406,24033.7891,24100.5098,24100.5098,416940000
2018-12-17,23986.8301,24088.0801,23456.8809,23592.9805,23592.9805,466740000
2018-12-18,23769.1309,23927.7695,23516.0195,23675.6406,23675.6406,408070000
2018-12-19,23693.3301,24057.3398,23162.6406,23323.6602,23323.6602,503550000
2018-12-20,23224.1191,23282.1992,22644.3105,22859.5996,22859.5996,576700000
2018-12-21,22871.7402,23254.5898,22396.3398,22445.3691,22445.3691,900510000
2018-12-24,22317.2793,22339.8691,21792.1992,21792.1992,21792.1992,308420000
2018-12-26,21857.7305,22878.9199,21712.5293,22878.4492,22878.4492,433080000
2018-12-27,22629.0605,23138.8906,22267.4199,23138.8203,23138.8203,407940000
2018-12-28,23213.6094,23381.8809,22981.3301,23062.4004,23062.4004,336510000
2018-12-31,23153.9395,23333.1797,23118.3008,23327.4609,23327.4609,288830000
2019-01-02,23058.6094,23413.4707,22928.5898,23346.2402,23346.2402,321570000
2019-01-03,23176.3906,23176.3906,22638.4102,22686.2207,22686.2207,424240000
2019-01-04,22894.9199,23518.6406,22894.9199,23433.1602,23433.1602,396020000
2019-01-07,23474.2598,23687.7402,23301.5898,23531.3496,23531.3496,334200000
2019-01-08,23680.3203,23864.6504,23581.4492,23787.4492,23787.4492,317420000
2019-01-09,23844.2695,24084.7109,23703.1602,23879.1191,23879.1191,324570000
2019-01-10,23811.1094,24014.7793,23703.2500,24001.9199,24001.9199,338150000
2019-01-11,23940.0098,23996.3203,23798.1602,23995.9492,23995.9492,262650000
2019-01-14,23880.5293,23964.9004,23765.2402,23909.8398,23909.8398,277560000
2019-01-15,23914.1094,24099.1406,23887.9297,24065.5898,24065.5898,291570000
2019-01-16,24139.9102,24288.6094,24119.7207,24207.1602,24207.1602,302830000
2019-01-17,24147.0898,24474.4609,24088.9004,24370.0996,24370.0996,288590000
2019-01-18,24534.1895,24750.2207,24459.0293,24706.3496,24706.3496,372970000
2019-01-22,24607.7598,24607.7598,24244.3105,24404.4805,24404.4805,338480000
2019-01-23,24577.2500,24700.9805,24307.1699,24575.6191,24575.6191,318600000
2019-01-24,24579.9609,24626.3008,24422.7305,24553.2402,24553.2402,320170000
2019-01-25,24687.2109,24860.1504,24676.7500,24737.1992,24737.1992,376890000
2019-01-28,24596.9805,24596.9805,24323.9395,24528.2207,24528.2207,347170000
2019-01-29,24519.6191,24674.8691,24504.0391,24579.9609,24579.9609,330870000
2019-01-30,24826.5195,25109.6191,24790.9004,25014.8594,25014.8594,397330000
2019-01-31,24954.4805,25049.6191,24842.0898,24999.6699,24999.6699,507350000
2019-02-01,25025.3105,25193.1504,24982.4902,25063.8906,25063.8906,372090000
2019-02-04,25062.1191,25239.9102,24977.6699,25239.3691,25239.3691,298540000
2019-02-05,25287.9297,25427.3203,25287.6504,25411.5195,25411.5195,310650000
2019-02-06,25371.5703,25439.0391,25312.0605,25390.3008,25390.3008,247590000
2019-02-07,25265.8105,25314.2598,25000.5195,25169.5293,25169.5293,295460000
2019-02-08,25042.3594,25106.3906,24883.0391,25106.3301,25106.3301,248210000
2019-02-11,25142.8105,25196.7500,25009.0996,25053.1094,25053.1094,241700000
2019-02-12,25152.0293,25458.9805,25152.0293,25425.7598,25425.7598,278110000
2019-02-13,25480.8594,25625.9492,25480.8594,25543.2695,25543.2695,263330000
2019-02-14,25460.6504,25558.9004,25308.0898,25439.3906,25439.3906,313010000
2019-02-15,25564.6309,25883.7207,25564.6309,25883.2500,25883.2500,328530000
2019-02-19,25849.8496,25961.4395,25820.0098,25891.3203,25891.3203,280620000
2019-02-20,25872.2598,25986.1992,25846.4805,25954.4395,25954.4395,287880000
2019-02-21,25922.4102,25938.8809,25762.2109,25850.6309,25850.6309,255710000
2019-02-22,25906.2695,26052.9004,25906.2695,26031.8105,26031.8105,279760000
2019-02-25,26126.1504,26241.4199,26080.6602,26091.9492,26091.9492,281600000
2019-02-26,26051.6094,26155.2891,25966.0098,26057.9805,26057.9805,257850000
2019-02-27,25995.5996,26039.6797,25877.2402,25985.1602,25985.1602,255380000
2019-02-28,25984.2793,26029.2109,25896.5605,25916.0000,25916.0000,338520000
2019-03-01,26019.6699,26143.9199,25914.3691,26026.3203,26026.3203,289890000
2019-03-04,26122.1895,26155.9805,25611.5508,25819.6504,25819.6504,295510000
2019-03-05,25829.0703,25877.1504,25725.6309,25806.6309,25806.6309,252260000
2019-03-06,25818.7598,25837.6094,25633.7109,25673.4609,25673.4609,256250000
2019-03-07,25645.4492,25645.4492,25352.5508,25473.2305,25473.2305,289140000
2019-03-08,25347.3809,25466.1406,25252.4609,25450.2402,25450.2402,270500000
2019-03-11,25208.0000,25661.6309,25208.0000,25650.8809,25650.8809,309790000
2019-03-12,25600.3008,25675.4395,25522.1699,25554.6602,25554.6602,317730000
2019-03-13,25637.2305,25776.4902,25571.3105,25702.8906,25702.8906,331410000
2019-03-14,25692.3105,25752.8398,25621.3105,25709.9395,25709.9395,302790000
2019-03-15,25720.9609,25927.9102,25649.6992,25848.8691,25848.8691,616910000
2019-03-18,25801.8809,25924.7695,25785.6602,25914.0996,25914.0996,303170000
2019-03-19,25987.8691,26109.6797,25814.9199,25887.3809,25887.3809,342250000
2019-03-20,25867.7891,25929.5195,25670.6309,25745.6699,25745.6699,321980000
2019-03-21,25688.4395,26009.9004,25657.7793,25962.5098,25962.5098,335250000
2019-03-22,25844.6504,25877.0098,25501.4492,25502.3203,25502.3203,386510000
2019-03-25,25490.7207,25603.2695,25372.2598,25516.8301,25516.8301,303120000
2019-03-26,25649.5605,25796.2891,25544.7793,25657.7305,25657.7305,305110000
2019-03-27,25676.3398,25758.1699,25425.2695,25625.5898,25625.5898,270340000
2019-03-28,25693.3203,25743.4102,25576.6895,25717.4609,25717.4609,237170000
2019-03-29,25827.3105,25949.3203,25771.6699,25928.6797,25928.6797,300620000
2019-04-01,26075.0996,26280.9004,26071.6895,26258.4199,26258.4199,295570000
2019-04-02,26213.5508,26221.2402,26122.3105,26179.1309,26179.1309,250940000
2019-04-03,26238.0293,26282.1699,26138.4707,26218.1309,26218.1309,271980000
2019-04-04,26213.4199,26398.9004,26212.7793,26384.6309,26384.6309,233040000
2019-04-05,26427.5605,26487.5703,26370.8203,26424.9902,26424.9902,229550000
2019-04-08,26312.6699,26344.6504,26246.0293,26341.0195,26341.0195,229380000
2019-04-09,26243.5391,26246.3398,26103.1406,26150.5801,26150.5801,244410000
2019-04-10,26173.7109,26209.4902,26101.2402,26157.1602,26157.1602,203130000
2019-04-11,26188.2109,26229.8809,26062.5898,26143.0508,26143.0508,211680000
2019-04-12,26357.7891,26436.6797,26309.7207,26412.3008,26412.3008,369910000
2019-04-15,26407.7598,26424.8496,26316.4199,26384.7695,26384.7695,250620000
2019-04-16,26482.1895,26530.7109,26397.1895,26452.6602,26452.6602,302340000
2019-04-17,26468.5293,26501.0195,26391.8594,26449.5391,26449.5391,367780000
2019-04-18,26463.3691,26602.4199,26444.5293,26559.5391,26559.5391,332850000
2019-04-22,26510.7695,26553.0508,26458.6094,26511.0508,26511.0508,232570000
2019-04-23,26513.8301,26695.9609,26503.5605,26656.3906,26656.3906,311690000
2019-04-24,26652.5605,26680.5801,26582.8594,26597.0508,26597.0508,283370000
2019-04-25,26426.3691,26536.4805,26310.2793,26462.0801,26462.0801,296730000
2019-04-26,26454.6191,26543.5605,26392.5508,26543.3301,26543.3301,317290000
2019-04-29,26559.8691,26602.5391,26520.7500,26554.3906,26554.3906,279450000
2019-04-30,26594.5605,26614.0391,26419.4707,26592.9102,26592.9102,340320000
2019-05-01,26639.0605,26689.3906,26426.3809,26430.1406,26430.1406,303850000
2019-05-02,26407.1504,26454.6895,26180.3594,26307.7891,26307.7891,287610000
2019-05-03,26379.1406,26534.9609,26370.0898,26504.9492,26504.9492,248900000
2019-05-06,26160.6191,26476.2695,26033.9492,26438.4805,26438.4805,283020000
2019-05-07,26276.9004,26276.9004,25789.7109,25965.0898,25965.0898,334960000
2019-05-08,25933.7891,26118.0996,25889.4102,25967.3301,25967.3301,276420000
2019-05-09,25878.8496,25884.8906,25517.3906,25828.3594,25828.3594,334760000
2019-05-10,25763.7207,26019.3203,25469.8594,25942.3691,25942.3691,294580000
2019-05-13,25568.0605,25568.0605,25222.5098,25324.9902,25324.9902,361240000
2019-05-14,25384.0293,25688.9609,25384.0293,25532.0508,25532.0508,291570000
2019-05-15,25400.1309,25724.8906,25341.9395,25648.0195,25648.0195,270720000
2019-05-16,25692.1406,25957.6309,25692.1406,25862.6797,25862.6797,320960000
2019-05-17,25719.9492,25948.7402,25657.7793,25764.0000,25764.0000,283760000
2019-05-20,25655.3105,25751.7109,25560.5508,25679.9004,25679.9004,279560000
2019-05-21,25782.3398,25898.2695,25779.6094,25877.3301,25877.3301,260870000
2019-05-22,25818.4609,25878.2109,25755.1094,25776.6094,25776.6094,241760000
2019-05-23,25657.9902,25657.9902,25328.0898,25490.4707,25490.4707,316940000
2019-05-24,25551.0703,25670.8105,25496.1992,25585.6895,25585.6895,201370000
2019-05-28,25616.5508,25717.6309,25342.2793,25347.7695,25347.7695,358980000
2019-05-29,25231.4609,25231.4609,24938.2402,25126.4102,25126.4102,298930000
2019-05-30,25139.9395,25218.5391,25066.7500,25169.8809,25169.8809,215240000
2019-05-31,25046.3105,25046.3105,24809.5098,24815.0391,24815.0391,292230000
2019-06-03,24830.1602,24935.2109,24680.5703,24819.7793,24819.7793,328240000
2019-06-04,24962.8203,25343.7695,24962.8203,25332.1797,25332.1797,281690000
2019-06-05,25451.0000,25544.6602,25373.5801,25539.5703,25539.5703,262660000
2019-06-06,25567.4492,25800.3008,25518.0508,25720.6602,25720.6602,248070000
2019-06-07,25768.7207,26072.7500,25768.7207,25983.9395,25983.9395,263010000
2019-06-10,26090.2207,26210.6094,26054.3105,26062.6797,26062.6797,249280000
2019-06-11,26180.5898,26248.6699,25998.8691,26048.5098,26048.5098,253490000
2019-06-12,26040.3008,26082.0996,25958.6602,26004.8301,26004.8301,223690000
2019-06-13,26036.9395,26146.9102,25995.7109,26106.7695,26106.7695,213400000
2019-06-14,26076.3594,26162.2793,25988.0898,26089.6094,26089.6094,208020000
2019-06-17,26108.5293,26165.7793,26049.8008,26112.5293,26112.5293,199500000
2019-06-18,26228.9004,26527.1895,26227.8008,26465.5391,26465.5391,273490000
2019-06-19,26490.1602,26569.7500,26415.0508,26504.0000,26504.0000,240950000
2019-06-20,26665.3809,26798.6309,26539.6895,26753.1699,26753.1699,278170000
2019-06-21,26749.1191,26907.3691,26705.8691,26719.1309,26719.1309,485560000
2019-06-24,26727.6094,26806.5195,26723.3691,26727.5391,26727.5391,232390000
2019-06-25,26731.6094,26752.3105,26527.6602,26548.2207,26548.2207,282160000
2019-06-26,26599.4199,26660.0391,26536.3301,26536.8203,26536.8203,274340000
2019-06-27,26523.7207,26607.2402,26465.3203,26526.5801,26526.5801,246930000
2019-06-28,26605.9297,26638.3496,26522.2695,26599.9609,26599.9609,499350000
2019-07-01,26805.8594,26890.6406,26616.2109,26717.4297,26717.4297,267670000
2019-07-02,26719.5293,26787.5605,26632.6504,26786.6797,26786.6797,219270000
2019-07-03,26832.3203,26966.0000,26831.4395,26966.0000,26966.0000,149840000
2019-07-05,26867.7500,26950.8105,26733.3301,26922.1191,26922.1191,192170000
2019-07-08,26835.6406,26839.1406,26744.8691,26806.1406,26806.1406,214290000
2019-07-09,26725.1191,26807.6992,26665.5703,26783.4902,26783.4902,218330000
2019-07-10,26851.9609,26983.4492,26813.1094,26860.1992,26860.1992,207990000
2019-07-11,26950.1602,27088.4492,26916.3203,27088.0801,27088.0801,252300000
2019-07-12,27139.4902,27333.7891,27135.4492,27332.0293,27332.0293,248390000
2019-07-15,27364.6895,27364.6895,27294.1699,27359.1602,27359.1602,199730000
2019-07-16,27349.3203,27398.6797,27290.2402,27335.6309,27335.6309,226000000
2019-07-17,27320.9102,27343.0605,27218.3809,27219.8496,27219.8496,193930000
2019-07-18,27191.9805,27266.8105,27068.7891,27222.9707,27222.9707,216070000
2019-07-19,27246.3809,27342.9609,27145.7793,27154.1992,27154.1992,287690000
2019-07-22,27174.1797,27227.7695,27088.9004,27171.9004,27171.9004,216310000
2019-07-23,27231.8594,27368.8105,27204.5801,27349.1895,27349.1895,248850000
2019-07-24,27262.2402,27291.0391,27191.1191,27269.9707,27269.9707,244320000
2019-07-25,27247.3906,27298.4297,27062.4805,27140.9805,27140.9805,241420000
2019-07-26,27166.0000,27213.6992,27123.2500,27192.4492,27192.4492,233650000
2019-07-29,27192.2402,27275.8496,27178.0605,27221.3496,27221.3496,250850000
2019-07-30,27145.3906,27224.3594,27069.8594,27198.0195,27198.0195,293250000
2019-07-31,27244.6699,27281.6504,26719.5996,26864.2695,26864.2695,385150000
2019-08-01,26879.8594,27175.5898,26548.7109,26583.4199,26583.4199,386320000
2019-08-02,26528.6602,26570.0195,26249.2207,26485.0098,26485.0098,327640000
2019-08-05,26259.2305,26259.2305,25523.3809,25717.7402,25717.7402,422240000
2019-08-06,25810.6191,26038.6797,25710.8691,26029.5195,26029.5195,318160000
2019-08-07,25814.2207,26073.2109,25440.3906,26007.0703,26007.0703,344790000
2019-08-08,26086.5195,26383.6094,26038.0996,26378.1895,26378.1895,282530000
2019-08-09,26337.0898,26413.3594,26097.6406,26287.4395,26287.4395,240260000
2019-08-12,26169.9102,26178.9492,25824.9395,25896.4395,25896.4395,199390000
2019-08-13,25888.8809,26426.9707,25833.2500,26279.9102,26279.9102,308900000
2019-08-14,26035.0801,26035.0801,25471.5898,25479.4199,25479.4199,352250000
2019-08-15,25514.2500,25639.6895,25339.5996,25579.3906,25579.3906,332600000
2019-08-16,25678.1699,25929.6504,25678.1699,25886.0098,25886.0098,276210000
2019-08-19,26020.0605,26222.3203,26020.0605,26135.7891,26135.7891,252640000
2019-08-20,26086.8594,26160.1191,25952.0000,25962.4395,25962.4395,238100000
2019-08-21,26145.3594,26268.3203,26141.7695,26202.7305,26202.7305,208790000
2019-08-22,26271.6406,26388.7793,26099.0098,26252.2402,26252.2402,222810000
2019-08-23,26134.2109,26320.2891,25507.1797,25628.9004,25628.9004,364260000
2019-08-26,25826.0508,25941.2500,25716.3906,25898.8301,25898.8301,222780000
2019-08-27,26014.4609,26054.0195,25721.8496,25777.9004,25777.9004,263530000
2019-08-28,25712.9902,26041.5703,25637.4297,26036.0996,26036.0996,207070000
2019-08-29,26249.0898,26408.8398,26185.7109,26362.2500,26362.2500,208650000
2019-08-30,26476.3906,26514.6191,26295.5898,26403.2793,26403.2793,216160000
2019-09-03,26198.2598,26198.2598,25978.2207,26118.0195,26118.0195,223210000
2019-09-04,26301.9902,26362.3496,26244.4395,26355.4707,26355.4707,202710000
2019-09-05,26603.1504,26836.3008,26603.1504,26728.1504,26728.1504,256670000
2019-09-06,26790.2500,26860.8691,26708.3906,26797.4609,26797.4609,209700000
2019-09-09,26866.2305,26900.8301,26762.1797,26835.5098,26835.5098,273120000
2019-09-10,26805.8301,26909.4297,26717.0508,26909.4297,26909.4297,322340000
2019-09-11,26928.0508,27137.0391,26885.4805,27137.0391,27137.0391,272590000
2019-09-12,27197.3203,27306.7305,27105.0098,27182.4492,27182.4492,250010000
2019-09-13,27216.6699,27277.5508,27193.9492,27219.5195,27219.5195,255260000
2019-09-16,27146.0605,27172.8691,27032.5605,27076.8203,27076.8203,220620000
2019-09-17,27010.1191,27110.8008,26984.1406,27110.8008,27110.8008,223580000
2019-09-18,27075.3906,27161.9297,26899.1504,27147.0801,27147.0801,212860000
2019-09-19,27186.0508,27272.1699,27064.2109,27094.7891,27094.7891,212360000
2019-09-20,27102.1797,27194.7500,26926.6797,26935.0703,26935.0703,497640000
2019-09-23,26851.4492,27011.0703,26831.3398,26949.9902,26949.9902,204240000
2019-09-24,27034.0703,27079.6797,26704.9609,26807.7695,26807.7695,301750000
2019-09-25,26866.7109,27016.5605,26755.8594,26970.7109,26970.7109,237220000
2019-09-26,27004.1094,27015.0703,26803.8398,26891.1191,26891.1191,229180000
2019-09-27,26987.2598,27012.5391,26715.8203,26820.2500,26820.2500,217780000
2019-09-30,26852.3301,26998.8594,26852.3301,26916.8301,26916.8301,222680000
2019-10-01,26962.5391,27046.2109,26562.2207,26573.0391,26573.0391,260110000
2019-10-02,26425.8594,26438.0391,25974.1191,26078.6191,26078.6191,309640000
2019-10-03,26039.0195,26205.1992,25743.4609,26201.0391,26201.0391,241610000
2019-10-04,26271.6992,26590.7402,26271.6992,26573.7207,26573.7207,221310000
2019-10-07,26502.3301,26655.8398,26424.5391,26478.0195,26478.0195,195200000
2019-10-08,26276.5898,26421.8105,26139.8008,26164.0391,26164.0391,244590000
2019-10-09,26308.2305,26424.3105,26249.7500,26346.0098,26346.0098,190060000
2019-10-10,26317.3496,26603.3105,26314.5098,26496.6699,26496.6699,217680000
2019-10-11,26694.1992,27013.9707,26694.1992,26816.5898,26816.5898,282080000
2019-10-14,26766.4297,26874.3301,26749.1797,26787.3594,26787.3594,178620000
2019-10-15,26811.1992,27120.1094,26811.1992,27024.8008,27024.8008,245510000
2019-10-16,26972.3105,27058.3398,26943.2891,27001.9805,27001.9805,214660000
2019-10-17,27032.3809,27112.1602,26970.2891,27025.8809,27025.8809,222540000
2019-10-18,27004.4902,27018.2500,26770.1309,26770.1992,26770.1992,288970000
2019-10-21,26852.6699,26852.6699,26747.6191,26827.6406,26827.6406,241030000
2019-10-22,26850.4297,26946.6406,26782.6094,26788.0996,26788.0996,265510000
2019-10-23,26835.2402,26896.8906,26745.0000,26833.9492,26833.9492,247680000
2019-10-24,26893.9297,26931.7793,26714.3398,26805.5293,26805.5293,253590000
2019-10-25,26789.6094,27015.3691,26765.6797,26958.0605,26958.0605,274610000
2019-10-28,27040.3301,27167.8809,27028.7109,27090.7207,27090.7207,290770000
2019-10-29,27061.0703,27165.9395,27039.7598,27071.4609,27071.4609,269610000
2019-10-30,27110.7109,27204.3594,26999.6406,27186.6895,27186.6895,231750000
2019-10-31,27188.3691,27188.3691,26918.2891,27046.2305,27046.2305,273830000
2019-11-01,27142.9492,27347.4297,27142.9492,27347.3594,27347.3594,270870000
2019-11-04,27402.0605,27517.5801,27402.0605,27462.1094,27462.1094,273030000
2019-11-05,27500.2305,27560.3594,27453.5508,27492.6309,27492.6309,286350000
2019-11-06,27502.7402,27526.0508,27407.8105,27492.5605,27492.5605,237910000
2019-11-07,27590.1602,27774.6699,27590.1602,27674.8008,27674.8008,259020000
2019-11-08,27686.1992,27694.9492,27578.9707,27681.2402,27681.2402,221440000
2019-11-11,27580.6602,27714.3906,27517.6699,27691.4902,27691.4902,202350000
2019-11-12,27701.5898,27770.8594,27635.3203,27691.4902,27691.4902,213670000
2019-11-13,27622.0391,27806.4004,27587.1992,27783.5898,27783.5898,278390000
2019-11-14,27757.1992,27800.7109,27676.9707,27781.9609,27781.9609,303970000
2019-11-15,27843.5391,28004.8906,27843.5391,28004.8906,28004.8906,283720000
2019-11-18,27993.2207,28040.9707,27969.2402,28036.2207,28036.2207,252320000
2019-11-19,28079.7598,28090.2109,27894.5195,27934.0195,27934.0195,245890000
2019-11-20,27879.5508,27897.2793,27675.2793,27821.0898,27821.0898,258140000
2019-11-21,27820.2793,27828.3301,27708.3398,27766.2891,27766.2891,232020000
2019-11-22,27831.2305,27898.4609,27773.9805,27875.6191,27875.6191,214780000
2019-11-25,27917.7695,28068.6895,27917.7695,28066.4707,28066.4707,248420000
2019-11-26,28080.7500,28146.0195,28042.2109,28121.6797,28121.6797,324050000
2019-11-27,28156.4707,28174.9707,28075.2305,28164.0000,28164.0000,198210000
2019-11-29,28103.1602,28119.5098,28042.5293,28051.4102,28051.4102,120630000
2019-12-02,28109.7402,28109.8398,27782.3496,27783.0391,27783.0391,236610000
2019-12-03,27501.9805,27524.7402,27325.1309,27502.8105,27502.8105,275350000
2019-12-04,27634.6309,27727.4492,27612.0801,27649.7793,27649.7793,218200000
2019-12-05,27736.0508,27745.1992,27562.8008,27677.7891,27677.7891,208600000
2019-12-06,27839.6797,28035.8496,27839.6797,28015.0605,28015.0605,223310000
2019-12-09,27987.0508,28010.4199,27906.1406,27909.5996,27909.5996,217000000
2019-12-10,27900.6504,27949.0195,27804.0000,27881.7207,27881.7207,213250000
2019-12-11,27867.3105,27925.5000,27801.8008,27911.3008,27911.3008,213510000
2019-12-12,27898.3398,28224.9492,27859.8691,28132.0508,28132.0508,277740000
2019-12-13,28123.6406,28290.7305,28028.3203,28135.3809,28135.3809,250660000
2019-12-16,28191.6699,28337.4902,28191.6699,28235.8906,28235.8906,286770000
2019-12-17,28221.7500,28328.6309,28220.5605,28267.1602,28267.1602,286770000
2019-12-18,28291.4395,28323.2500,28239.2793,28239.2793,28239.2793,289890000
2019-12-19,28278.3105,28381.4805,28278.2402,28376.9609,28376.9609,262570000
2019-12-20,28608.6406,28608.6406,28445.5996,28455.0898,28455.0898,603780000
2019-12-23,28491.7793,28582.4902,28491.7793,28551.5293,28551.5293,223530000
2019-12-24,28572.5703,28576.8008,28503.2109,28515.4492,28515.4492,86150000
2019-12-26,28539.4609,28624.0996,28535.1504,28621.3906,28621.3906,155970000
2019-12-27,28675.3398,28701.6602,28608.9805,28645.2598,28645.2598,182280000
2019-12-30,28654.7598,28664.6895,28428.9805,28462.1406,28462.1406,181600000
2019-12-31,28414.6406,28547.3496,28376.4902,28538.4395,28538.4395,193340000
2020-01-02,28638.9707,28872.8008,28627.7695,28868.8008,28868.8008,251820000
2020-01-03,28553.3301,28716.3105,28500.3594,28634.8809,28634.8809,239590000
2020-01-06,28465.5000,28708.0195,28418.6309,28703.3809,28703.3809,252760000
2020-01-07,28639.1797,28685.5000,28565.2793,28583.6797,28583.6797,258900000
2020-01-08,28556.1406,28866.1797,28522.5098,28745.0898,28745.0898,291750000
2020-01-09,28851.9707,28988.0098,28844.3105,28956.9004,28956.9004,275060000
2020-01-10,28977.5195,29009.0703,28789.0996,28823.7695,28823.7695,237830000
2020-01-13,28869.0098,28909.9102,28819.4297,28907.0508,28907.0508,249830000
2020-01-14,28895.5000,29054.1602,28872.2695,28939.6699,28939.6699,287440000
2020-01-15,28901.8008,29127.5898,28897.3496,29030.2207,29030.2207,260270000
2020-01-16,29131.9492,29300.3203,29131.9492,29297.6406,29297.6406,252110000
2020-01-17,29313.3105,29373.6191,29289.9102,29348.0996,29348.0996,321820000
2020-01-21,29269.0508,29341.2109,29146.4707,29196.0391,29196.0391,320640000
2020-01-22,29263.6309,29320.1992,29172.2598,29186.2695,29186.2695,283440000
2020-01-23,29111.0195,29190.4707,28966.9805,29160.0898,29160.0898,307060000
2020-01-24,29230.3906,29288.7891,28843.3105,28989.7305,28989.7305,380010000
2020-01-27,28542.4902,28671.7891,28440.4707,28535.8008,28535.8008,337270000
2020-01-28,28594.2793,28823.2305,28575.7500,28722.8496,28722.8496,330140000
2020-01-29,28820.5293,28944.2402,28728.1895,28734.4492,28734.4492,302290000
2020-01-30,28640.1602,28879.7109,28489.7598,28859.4395,28859.4395,326850000
2020-01-31,28813.0391,28813.0391,28169.5293,28256.0293,28256.0293,403890000
2020-02-03,28319.6504,28630.3906,28319.6504,28399.8105,28399.8105,307910000
2020-02-04,28696.7402,28904.8809,28696.7402,28807.6309,28807.6309,332750000
2020-02-05,29048.7305,29308.8906,29000.8496,29290.8496,29290.8496,357540000
2020-02-06,29388.5801,29408.0508,29246.9297,29379.7695,29379.7695,263700000
2020-02-07,29286.9199,29286.9199,29056.9805,29102.5098,29102.5098,252860000
2020-02-10,28995.6602,29278.0703,28995.6602,29276.8203,29276.8203,250510000
2020-02-11,29390.7109,29415.3906,29210.4707,29276.3398,29276.3398,279540000
2020-02-12,29406.7500,29568.5703,29406.7500,29551.4199,29551.4199,309530000
2020-02-13,29436.0293,29535.4004,29345.9297,29423.3105,29423.3105,291150000
2020-02-14,29440.4707,29463.0391,29283.1797,29398.0801,29398.0801,231000000
2020-02-18,29282.7793,29330.1602,29116.8105,29232.1895,29232.1895,256600000
2020-02-19,29312.6992,29409.0898,29274.3809,29348.0293,29348.0293,240640000
2020-02-20,29296.2500,29368.4492,28959.6504,29219.9805,29219.9805,287780000
2020-02-21,29146.5293,29146.5293,28892.6992,28992.4102,28992.4102,311210000
2020-02-24,28402.9297,28402.9297,27912.4395,27960.8008,27960.8008,452580000
2020-02-25,28037.6504,28149.1992,26997.6191,27081.3594,27081.3594,513270000
2020-02-26,27159.4609,27542.7793,26890.9707,26957.5898,26957.5898,472450000
2020-02-27,26526.0000,26775.3105,25752.8203,25766.6406,25766.6406,664980000
2020-02-28,25270.8301,25494.2402,24681.0098,25409.3594,25409.3594,915990000
2020-03-02,25590.5098,26706.1699,25391.9609,26703.3203,26703.3203,637200000
2020-03-03,26762.4707,27084.5898,25706.2793,25917.4102,25917.4102,647080000
2020-03-04,26383.6797,27102.3398,26286.3105,27090.8594,27090.8594,457590000
2020-03-05,26671.9199,26671.9199,25943.3301,26121.2793,26121.2793,477370000
2020-03-06,25457.2109,25994.3809,25226.6191,25864.7793,25864.7793,599780000
2020-03-09,24992.3594,24992.3594,23706.0703,23851.0195,23851.0195,750430000
2020-03-10,24453.0000,25020.9902,23690.3398,25018.1602,25018.1602,654860000
2020-03-11,24604.6309,24604.6309,23328.3203,23553.2207,23553.2207,663960000
2020-03-12,22184.7109,22837.9492,21154.4609,21200.6191,21200.6191,908260000
2020-03-13,21973.8203,23189.7598,21285.3691,23185.6191,23185.6191,843080000
2020-03-16,20917.5293,21768.2793,20116.4609,20188.5195,20188.5195,770130000
2020-03-17,20487.0508,21379.3496,19882.2598,21237.3809,21237.3809,793060000
2020-03-18,20188.6895,20489.3301,18917.4609,19898.9199,19898.9199,871360000
2020-03-19,19830.0098,20442.6309,19177.1309,20087.1895,20087.1895,780300000
2020-03-20,20253.1504,20531.2598,19094.2695,19173.9805,19173.9805,872290000
2020-03-23,19028.3594,19121.0098,18213.6504,18591.9297,18591.9297,787970000
2020-03-24,19722.1895,20737.6992,19649.2500,20704.9102,20704.9102,799340000
2020-03-25,21050.3398,22019.9297,20538.3398,21200.5508,21200.5508,796320000
2020-03-26,21468.3809,22595.0605,21427.0996,22552.1699,22552.1699,705180000
2020-03-27,21898.4707,22327.5703,21469.2695,21636.7793,21636.7793,588830000
2020-03-30,21678.2207,22378.0898,21522.0801,22327.4805,22327.4805,545540000
2020-03-31,22208.4199,22480.3691,21852.0801,21917.1602,21917.1602,571210000
2020-04-01,21227.3809,21487.2402,20784.4297,20943.5098,20943.5098,506680000
2020-04-02,20819.4609,21477.7695,20735.0195,21413.4395,21413.4395,529540000
2020-04-03,21285.9297,21447.8105,20863.0898,21052.5293,21052.5293,450010000
2020-04-06,21693.6309,22783.4492,21693.6309,22679.9902,22679.9902,610760000
2020-04-07,23537.4395,23617.2402,22634.4492,22653.8594,22653.8594,594660000
2020-04-08,22893.4707,23513.4004,22682.9902,23433.5703,23433.5703,472740000
2020-04-09,23690.6602,24008.9902,23504.0898,23719.3691,23719.3691,566400000
2020-04-13,23698.9297,23698.9297,23095.3496,23390.7695,23390.7695,394320000
2020-04-14,23690.5703,24040.5801,23683.4395,23949.7598,23949.7598,485910000
2020-04-15,23600.7207,23649.7207,23233.3203,23504.3496,23504.3496,437630000
2020-04-16,23543.6602,23598.0801,23211.3809,23537.6797,23537.6797,471050000
2020-04-17,23817.1504,24264.2109,23817.1504,24242.4902,24242.4902,525950000
2020-04-20,24095.0996,24108.6895,23627.1895,23650.4395,23650.4395,423410000
2020-04-21,23365.2500,23365.2500,22941.8809,23018.8809,23018.8809,485140000
2020-04-22,23437.3398,23613.0996,23339.5996,23475.8203,23475.8203,352880000
2020-04-23,23543.0898,23885.3594,23483.3496,23515.2598,23515.2598,389290000
2020-04-24,23628.2402,23826.0000,23417.6797,23775.2695,23775.2695,376020000
2020-04-27,23866.1504,24207.6504,23840.6094,24133.7793,24133.7793,389390000
2020-04-28,24357.1699,24512.2402,24031.1992,24101.5508,24101.5508,400250000
2020-04-29,24490.3691,24764.7695,24453.9902,24633.8594,24633.8594,455290000
2020-04-30,24585.5703,24585.5703,24186.9004,24345.7207,24345.7207,487840000
2020-05-01,24120.7793,24120.7793,23645.3008,23723.6895,23723.6895,418160000
2020-05-04,23581.5508,23769.5605,23361.1602,23749.7598,23749.7598,355360000
2020-05-05,23958.8809,24169.7207,23868.9102,23883.0898,23883.0898,369710000
2020-05-06,23978.8809,24054.5898,23661.1406,23664.6406,23664.6406,377450000
2020-05-07,23837.2109,24094.6191,23834.3906,23875.8906,23875.8906,369890000
2020-05-08,24107.8203,24349.9004,24107.0508,24331.3203,24331.3203,335760000
2020-05-11,24256.4492,24366.2109,24070.2207,24221.9902,24221.9902,352400000
2020-05-12,24292.8398,24382.0898,23761.5801,23764.7793,23764.7793,359480000
2020-05-13,23702.1602,23708.9004,23067.6406,23247.9707,23247.9707,469950000
2020-05-14,23049.0605,23630.8594,22789.6191,23625.3398,23625.3398,472700000
2020-05-15,23454.8301,23730.0801,23354.1504,23685.4199,23685.4199,491510000
2020-05-18,24059.9805,24708.5391,24059.9805,24597.3691,24597.3691,484190000
2020-05-19,24577.4805,24599.5000,24202.9609,24206.8594,24206.8594,374100000
2020-05-20,24455.9395,24649.4805,24455.9395,24575.9004,24575.9004,366510000
2020-05-21,24564.2695,24718.4609,24370.8809,24474.1191,24474.1191,346770000
2020-05-22,24461.9805,24481.6406,24294.0703,24465.1602,24465.1602,255660000
2020-05-26,24781.8398,25176.4199,24781.8398,24995.1094,24995.1094,424380000
2020-05-27,25298.6309,25551.5605,25009.8691,25548.2695,25548.2695,411230000
2020-05-28,25697.3594,25758.7891,25358.7305,25400.6406,25400.6406,377800000
2020-05-29,25324.1504,25482.8008,25031.6699,25383.1094,25383.1094,527620000
2020-06-01,25342.9902,25508.8301,25220.6602,25475.0195,25475.0195,338310000
2020-06-02,25582.5195,25743.1309,25523.7402,25742.6504,25742.6504,352610000
2020-06-03,25906.8809,26337.7500,25906.8809,26269.8906,26269.8906,398790000
2020-06-04,26226.4902,26384.0996,26082.3105,26281.8203,26281.8203,372190000
2020-06-05,26836.8008,27338.3008,26836.8008,27110.9805,27110.9805,542310000
2020-06-08,27232.9297,27580.2109,27232.4805,27572.4395,27572.4395,430200000
2020-06-09,27447.3691,27447.3691,27151.0605,27272.3008,27272.3008,381430000
2020-06-10,27251.8906,27355.2207,26938.0508,26989.9902,26989.9902,448930000
2020-06-11,26282.5098,26294.0801,25082.7207,25128.1699,25128.1699,647780000
2020-06-12,25659.4199,25965.5508,25078.4102,25605.5391,25605.5391,514440000
2020-06-15,25270.3906,25891.5801,24843.1797,25763.1602,25763.1602,461230000
2020-06-16,26326.6797,26611.0293,25811.6992,26289.9805,26289.9805,489500000
2020-06-17,26330.5195,26400.0703,26068.4102,26119.6094,26119.6094,328830000
2020-06-18,26016.4492,26154.1992,25848.5293,26080.0996,26080.0996,328390000
2020-06-19,26213.0996,26451.4395,25759.6602,25871.4609,25871.4609,669390000
2020-06-22,25865.0801,26059.8105,25667.6797,26024.9609,26024.9609,351780000
2020-06-23,26159.3906,26314.9707,26105.9707,26156.0996,26156.0996,389980000
2020-06-24,25992.9609,25992.9609,25296.7305,25445.9395,25445.9395,450120000
2020-06-25,25365.2207,25769.6094,25209.7891,25745.5996,25745.5996,384560000
2020-06-26,25641.6895,25641.6895,24971.0293,25015.5508,25015.5508,640860000
2020-06-29,25152.4492,25601.1504,25096.1602,25595.8008,25595.8008,378070000
2020-06-30,25512.4297,25905.3809,25475.1406,25812.8809,25812.8809,410780000
2020-07-01,25879.3809,26019.3105,25713.6094,25734.9707,25734.9707,373180000
2020-07-02,25936.4492,26204.4102,25778.1191,25827.3594,25827.3594,349130000
2020-07-06,25996.0801,26297.5293,25996.0801,26287.0293,26287.0293,340690000
2020-07-07,26172.0098,26174.9297,25866.5801,25890.1797,25890.1797,346820000
2020-07-08,25950.0605,26109.4902,25816.2500,26067.2793,26067.2793,337300000
2020-07-09,26094.9199,26103.2793,25523.5098,25706.0898,25706.0898,387610000
2020-07-10,25690.3496,26101.3203,25637.5000,26075.3008,26075.3008,338170000
2020-07-13,26225.0703,26639.0898,26044.2305,26085.8008,26085.8008,425320000
2020-07-14,26044.1699,26690.5195,25994.9805,26642.5898,26642.5898,401640000
2020-07-15,27009.8105,27071.3301,26692.4805,26870.0996,26870.0996,384900000
2020-07-16,26746.5703,26879.1602,26590.0098,26734.7109,26734.7109,287330000
2020-07-17,26774.6191,26808.4297,26619.8809,26671.9492,26671.9492,296460000
2020-07-20,26660.2891,26765.0195,26504.1992,26680.8691,26680.8691,309390000
2020-07-21,26833.1406,27025.3809,26766.2207,26840.4004,26840.4004,364930000
2020-07-22,26824.5605,27035.2402,26794.1895,27005.8398,27005.8398,404340000
2020-07-23,26955.9707,26973.8496,26560.0391,26652.3301,26652.3301,419800000
2020-07-24,26533.4102,26625.6992,26402.8594,26469.8906,26469.8906,494170000
2020-07-27,26447.6699,26625.4609,26426.9199,26584.7695,26584.7695,400930000
2020-07-28,26529.4492,26556.8398,26361.7109,26379.2793,26379.2793,361090000
2020-07-29,26388.4395,26602.4492,26375.3906,26539.5703,26539.5703,347580000
2020-07-30,26367.4199,26374.9297,25992.2793,26313.6504,26313.6504,351540000
2020-07-31,26409.3301,26440.0195,26013.5898,26428.3203,26428.3203,488050000
2020-08-03,26542.3203,26707.2598,26534.3809,26664.4004,26664.4004,439380000
2020-08-04,26664.6094,26832.7207,26597.8203,26828.4707,26828.4707,346350000
2020-08-05,26924.7793,27221.6699,26924.7793,27201.5195,27201.5195,366000000
2020-08-06,27170.8203,27394.0996,27145.2500,27386.9805,27386.9805,322460000
2020-08-07,27321.6797,27456.2402,27223.5508,27433.4805,27433.4805,321170000
2020-08-10,27488.2109,27803.8594,27488.2109,27791.4395,27791.4395,360340000
2020-08-11,27961.6406,28154.8809,27624.5098,27686.9102,27686.9102,428220000
2020-08-12,27860.2402,28043.8906,27843.3203,27976.8398,27976.8398,340210000
2020-08-13,27922.5098,27986.0996,27789.7793,27896.7207,27896.7207,360160000
2020-08-14,27828.9297,27977.8105,27759.3906,27931.0195,27931.0195,275540000
2020-08-17,27970.0508,27999.8105,27816.4004,27844.9102,27844.9102,286860000
2020-08-18,27853.4805,27891.1191,27668.7891,27778.0703,27778.0703,276170000
2020-08-19,27811.2598,27920.4199,27647.6699,27692.8809,27692.8809,311460000
2020-08-20,27622.6797,27781.4609,27526.2500,27739.7305,27739.7305,304550000
2020-08-21,27758.1309,27959.4805,27686.7793,27930.3301,27930.3301,372720000
2020-08-24,28077.5801,28314.9395,28041.7500,28308.4609,28308.4609,383880000
2020-08-25,28347.4199,28400.7402,28094.5703,28248.4395,28248.4395,338420000
2020-08-26,28257.8809,28353.8008,28153.9102,28331.9199,28331.9199,327070000
2020-08-27,28384.0703,28634.2207,28363.9297,28492.2695,28492.2695,404340000
2020-08-28,28601.2891,28733.3496,28487.9805,28653.8691,28653.8691,369740000
2020-08-31,28643.6602,28643.6602,28363.5508,28430.0508,28430.0508,517320000
2020-09-01,28439.6094,28659.2598,28290.7207,28645.6602,28645.6602,423410000
2020-09-02,28736.7891,29162.8809,28713.5293,29100.5000,29100.5000,539510000
2020-09-03,29090.6992,29199.3496,28074.7598,28292.7305,28292.7305,650080000
2020-09-04,28341.0508,28539.7500,27664.6797,28133.3105,28133.3105,694640000
2020-09-08,27925.2305,27925.2305,27464.9004,27500.8906,27500.8906,580860000
2020-09-09,27711.7109,28206.2109,27704.5391,27940.4707,27940.4707,460590000
2020-09-10,28022.5098,28174.7793,27447.0801,27534.5801,27534.5801,442850000
2020-09-11,27613.8594,27828.8203,27448.1504,27665.6406,27665.6406,435330000
2020-09-14,27718.7402,28086.0605,27718.7402,27993.3301,27993.3301,380750000
2020-09-15,28139.7598,28231.0605,27931.4492,27995.5996,27995.5996,414520000
2020-09-16,28031.6895,28364.7695,28021.6699,28032.3809,28032.3809,416650000
2020-09-17,27834.1797,28056.7891,27647.9297,27901.9805,27901.9805,437230000
2020-09-18,27864.8691,27946.6895,27487.9707,27657.4199,27657.4199,698710000
2020-09-21,27484.7109,27484.7109,26715.1504,27147.6992,27147.6992,523660000
2020-09-22,27170.3398,27333.0898,26989.9297,27288.1797,27288.1797,420720000
2020-09-23,27413.5996,27464.4609,26716.1191,26763.1309,26763.1309,459470000
2020-09-24,26716.0898,27094.8496,26537.0098,26815.4395,26815.4395,447810000
2020-09-25,26694.5098,27239.2891,26635.3809,27173.9609,27173.9609,388900000
2020-09-28,27362.1406,27722.5996,27362.1406,27584.0605,27584.0605,401860000
2020-09-29,27560.2402,27605.5996,27338.0898,27452.6602,27452.6602,303820000
2020-09-30,27514.6406,28026.3301,27511.0605,27781.6992,27781.6992,452550000
2020-10-01,27940.6309,28041.4609,27669.2598,27816.9004,27816.9004,373450000
2020-10-02,27536.3906,27861.4297,27382.9395,27682.8105,27682.8105,392770000
2020-10-05,27825.4199,28162.6406,27825.4199,28148.6406,28148.6406,318210000
2020-10-06,28214.2402,28354.4805,27728.0293,27772.7598,27772.7598,435030000
2020-10-07,27971.3594,28369.6602,27971.3594,28303.4609,28303.4609,328750000
2020-10-08,28348.8594,28459.1309,28265.5605,28425.5098,28425.5098,314750000
2020-10-09,28533.6094,28676.2891,28440.6309,28586.9004,28586.9004,324050000
2020-10-12,28671.1191,28957.9004,28659.6699,28837.5195,28837.5195,493680000
2020-10-13,28764.9492,28808.8398,28604.3496,28679.8105,28679.8105,526110000
2020-10-14,28731.3008,28792.5605,28461.7305,28514.0000,28514.0000,370800000
2020-10-15,28323.4004,28535.8496,28181.5391,28494.1992,28494.1992,328940000
2020-10-16,28570.7207,28842.9004,28570.7207,28606.3105,28606.3105,356140000
2020-10-19,28633.5508,28711.9297,28139.4004,28195.4199,28195.4199,358700000
2020-10-20,28245.8496,28575.0293,28243.0391,28308.7891,28308.7891,350220000
2020-10-21,28270.6602,28450.6406,28196.3906,28210.8203,28210.8203,299420000
2020-10-22,28197.4199,28421.3105,28040.1797,28363.6602,28363.6602,330320000
2020-10-23,28409.6504,28436.5195,28149.8203,28335.5703,28335.5703,347300000
2020-10-26,28185.8203,28185.8203,27370.1602,27685.3809,27685.3809,404150000
2020-10-27,27651.1797,27707.6895,27457.9609,27463.1895,27463.1895,366400000
2020-10-28,27102.1406,27102.1406,26497.3906,26519.9492,26519.9492,496150000
2020-10-29,26480.9805,26891.8906,26290.7793,26659.1094,26659.1094,419770000
2020-10-30,26572.2695,26639.1797,26143.7695,26501.5996,26501.5996,504820000
2020-11-02,26691.2793,27043.4805,26691.2793,26925.0508,26925.0508,379990000
2020-11-03,27138.6895,27640.2109,27138.6895,27480.0293,27480.0293,350980000
2020-11-04,27512.8301,28301.5000,27512.8301,27847.6602,27847.6602,447860000
2020-11-05,28083.3691,28495.0508,28083.3691,28390.1797,28390.1797,390140000
2020-11-06,28399.1309,28431.9609,28189.5000,28323.4004,28323.4004,326710000
2020-11-09,29467.9004,29933.8301,29130.6602,29157.9707,29157.9707,673310000
2020-11-10,29254.1699,29478.8594,29126.9902,29420.9199,29420.9199,526980000
2020-11-11,29524.3496,29593.1094,29281.2207,29397.6309,29397.6309,376700000
2020-11-12,29231.9102,29311.8301,28902.1309,29080.1699,29080.1699,369320000
2020-11-13,29203.9004,29559.2500,29203.9004,29479.8105,29479.8105,348810000
2020-11-16,29672.3594,29964.2891,29672.3594,29950.4395,29950.4395,418290000
2020-11-17,29800.1504,29872.4199,29520.2891,29783.3496,29783.3496,372380000
2020-11-18,29875.4004,29930.8496,29432.8398,29438.4199,29438.4199,382850000
2020-11-19,29370.9199,29524.9004,29228.3809,29483.2305,29483.2305,331330000
2020-11-20,29437.5703,29469.8906,29231.1992,29263.4805,29263.4805,305350000
2020-11-23,29332.8203,29667.7500,29332.8203,29591.2695,29591.2695,387200000
2020-11-24,29746.1094,30116.5098,29746.1094,30046.2402,30046.2402,432760000
2020-11-25,30058.8691,30058.8691,29806.2500,29872.4707,29872.4707,323030000
2020-11-27,29911.3301,30015.1309,29819.9805,29910.3691,29910.3691,177040000
2020-11-30,29854.5098,29854.5098,29463.6406,29638.6406,29638.6406,551350000
2020-12-01,29797.5000,30083.3105,29797.5000,29823.9199,29823.9199,429510000
2020-12-02,29695.0898,29902.5098,29599.2891,29883.7891,29883.7891,385280000
2020-12-03,29920.8301,30110.8809,29877.2695,29969.5195,29969.5195,405680000
2020-12-04,29989.5605,30218.2598,29989.5605,30218.2598,30218.2598,356590000
2020-12-07,30233.0293,30233.0293,29967.2207,30069.7891,30069.7891,365810000
2020-12-08,29997.9492,30246.2207,29972.0703,30173.8809,30173.8809,311190000
2020-12-09,30229.8105,30319.6992,29951.8496,30068.8105,30068.8105,380520000
2020-12-10,30032.5508,30063.8691,29876.8203,29999.2598,29999.2598,325550000
2020-12-11,29988.2109,30071.1309,29820.8398,30046.3691,30046.3691,393870000
2020-12-14,30123.9102,30325.7891,29849.1504,29861.5508,29861.5508,371980000
2020-12-15,29919.0898,30243.2598,29894.9492,30199.3105,30199.3105,417770000
2020-12-16,30191.3809,30236.0293,30080.1094,30154.5391,30154.5391,344590000
2020-12-17,30216.0000,30323.7793,30216.0000,30303.3691,30303.3691,345530000
2020-12-18,30314.2598,30343.5898,30029.4395,30179.0508,30179.0508,782070000
2020-12-21,30159.0000,30304.1406,29755.5293,30216.4492,30216.4492,437480000
2020-12-22,30200.1992,30200.1992,29992.8906,30015.5098,30015.5098,388810000
2020-12-23,30046.7305,30292.5293,30046.7305,30129.8301,30129.8301,274050000
2020-12-24,30155.9199,30209.6699,30099.3008,30199.8691,30199.8691,145570000
2020-12-28,30283.2305,30525.5605,30283.2305,30403.9707,30403.9707,302490000
2020-12-29,30492.0703,30588.7891,30274.2402,30335.6699,30335.6699,357610000
2020-12-30,30415.0898,30525.3496,30393.0391,30409.5605,30409.5605,291890000
2020-12-31,30417.6406,30637.4707,30344.5000,30606.4805,30606.4805,284470000
2021-01-04,30627.4707,30674.2793,29881.8203,30223.8906,30223.8906,475080000
2021-01-05,30204.2500,30504.8906,30141.7793,30391.5996,30391.5996,350910000
2021-01-06,30362.7793,31022.6504,30313.0703,30829.4004,30829.4004,500430000
2021-01-07,30901.1797,31193.4004,30897.8594,31041.1309,31041.1309,427810000
2021-01-08,31069.5801,31140.6699,30793.2695,31097.9707,31097.9707,381150000
2021-01-11,31015.3691,31096.9805,30832.0605,31008.6895,31008.6895,356540000
2021-01-12,31015.0098,31114.5605,30888.7598,31068.6895,31068.6895,362620000
2021-01-13,31084.8809,31153.3691,30992.0508,31060.4707,31060.4707,413250000
2021-01-14,31085.6699,31223.7793,30982.2402,30991.5195,30991.5195,427810000
2021-01-15,30926.7695,30941.9805,30612.6699,30814.2598,30814.2598,433000000
2021-01-19,30887.4199,31086.6191,30865.0293,30930.5195,30930.5195,386400000
2021-01-20,31017.5391,31235.9805,30997.7891,31188.3809,31188.3809,384980000
2021-01-21,31198.0098,31272.2207,31120.9199,31176.0098,31176.0098,418780000
2021-01-22,31141.5605,31141.5605,30908.4707,30996.9805,30996.9805,436040000
2021-01-25,30989.8496,30989.8496,30564.0605,30960.0000,30960.0000,472890000
2021-01-26,30968.5508,31121.4199,30921.7109,30937.0391,30937.0391,373150000
2021-01-27,30893.7793,30893.7793,30206.9102,30303.1699,30303.1699,566470000
2021-01-28,30377.1895,30951.4102,30377.1895,30603.3594,30603.3594,465140000
2021-01-29,30553.9102,30553.9102,29856.3008,29982.6191,29982.6191,536320000
2021-02-01,30054.7305,30335.9102,30014.9707,30211.9102,30211.9102,347060000
2021-02-02,30276.8809,30840.5391,30276.8809,30687.4805,30687.4805,333160000
2021-02-03,30689.6504,30793.4102,30521.3105,30723.5996,30723.5996,305590000
2021-02-04,30737.7793,31065.9609,30737.7793,31055.8594,31055.8594,338330000
2021-02-05,31093.8105,31252.1797,31083.2207,31148.2402,31148.2402,293550000
2021-02-08,31191.1992,31386.0996,31191.1992,31385.7598,31385.7598,322250000
2021-02-09,31359.8809,31439.4707,31245.8594,31375.8301,31375.8301,308210000
2021-02-10,31428.0195,31511.4395,31221.3203,31437.8008,31437.8008,326450000
2021-02-11,31466.4902,31543.8203,31244.3594,31430.6992,31430.6992,280320000
2021-02-12,31420.8008,31475.3105,31347.8008,31458.4004,31458.4004,263090000
2021-02-16,31472.0801,31608.6309,31443.4805,31522.7500,31522.7500,329210000
2021-02-17,31485.6094,31643.6992,31338.7598,31613.0195,31613.0195,343510000
2021-02-18,31558.5996,31558.5996,31285.3203,31493.3398,31493.3398,325990000
2021-02-19,31504.1309,31647.5293,31469.3398,31494.3203,31494.3203,353070000
2021-02-22,31381.1191,31653.4805,31286.5703,31521.6895,31521.6895,387210000
2021-02-23,31501.8906,31653.3809,31158.7598,31537.3496,31537.3496,460410000
2021-02-24,31499.7500,32009.6406,31421.2891,31961.8594,31961.8594,410150000
2021-02-25,31955.9395,31984.7695,31293.3203,31402.0098,31402.0098,454110000
2021-02-26,31401.2891,31450.8906,30911.3691,30932.3691,30932.3691,532250000
2021-03-01,31065.9004,31668.3398,31065.9004,31535.5098,31535.5098,385670000
2021-03-02,31535.3691,31623.2695,31377.1602,31391.5195,31391.5195,337270000
2021-03-03,31352.9609,31563.3105,31260.1406,31270.0898,31270.0898,409660000
2021-03-04,31289.0098,31461.9707,30547.5293,30924.1406,30924.1406,537850000
2021-03-05,31029.1797,31580.3301,30766.8105,31496.3008,31496.3008,501810000
2021-03-08,31512.1504,32148.0391,31512.1504,31802.4395,31802.4395,496980000
2021-03-09,31892.3496,32150.3203,31822.6406,31832.7402,31832.7402,458690000
2021-03-10,31906.9609,32389.5000,31906.9609,32297.0195,32297.0195,409110000
2021-03-11,32354.5000,32661.5898,32345.6992,32485.5898,32485.5898,400020000
2021-03-12,32462.4004,32793.3203,32462.4004,32778.6406,32778.6406,346400000
2021-03-15,32798.8398,32973.3984,32629.7500,32953.4609,32953.4609,360080000
2021-03-16,32966.7500,32966.7500,32778.2305,32825.9492,32825.9492,386370000
2021-03-17,32825.5195,33047.5781,32782.1797,33015.3711,33015.3711,391200000
2021-03-18,32928.1602,33227.7812,32831.2500,32862.3008,32862.3008,418480000
2021-03-19,32858.3594,32858.3594,32505.0703,32627.9707,32627.9707,811890000
2021-03-22,32601.8203,32810.3516,32512.5293,32731.1992,32731.1992,383500000
2021-03-23,32691.5000,32753.7695,32356.2793,32423.1504,32423.1504,385840000
2021-03-24,32470.8809,32787.9883,32418.1504,32420.0605,32420.0605,399390000
2021-03-25,32346.8105,32672.6895,32071.4102,32619.4805,32619.4805,411990000
2021-03-26,32681.0703,33098.8281,32681.0703,33072.8789,33072.8789,382170000
2021-03-29,33087.5508,33259.0000,32905.1289,33171.3711,33171.3711,351610000
2021-03-30,33127.8789,33170.9297,32988.9219,33066.9609,33066.9609,307510000
2021-03-31,33116.0391,33173.7695,32980.5703,32981.5508,32981.5508,414140000
2021-04-01,33054.5781,33167.1719,32985.3516,33153.2109,33153.2109,311880000
2021-04-05,33222.3789,33617.9492,33222.3789,33527.1914,33527.1914,344270000
2021-04-06,33500.0195,33544.7891,33380.4297,33430.2383,33430.2383,297940000
2021-04-07,33444.9805,33521.7617,33347.9609,33446.2617,33446.2617,273440000
2021-04-08,33469.8906,33506.8008,33342.6406,33503.5703,33503.5703,304040000
2021-04-09,33526.1914,33810.8711,33526.1914,33800.6016,33800.6016,316410000
2021-04-12,33775.0586,33786.1914,33665.5391,33745.3984,33745.3984,327370000
2021-04-13,33721.1602,33741.6406,33545.8398,33677.2695,33677.2695,324480000
2021-04-14,33668.9492,33911.2500,33668.9492,33730.8906,33730.8906,315330000
2021-04-15,33788.5312,34068.7305,33788.5312,34035.9883,34035.9883,319680000
2021-04-16,34058.1602,34256.7500,34058.1602,34200.6719,34200.6719,343760000
2021-04-19,34182.3789,34182.3789,33980.5586,34077.6289,34077.6289,312540000
2021-04-20,34034.1797,34034.1797,33687.0117,33821.3008,33821.3008,350960000
2021-04-21,33808.3008,34160.3398,33773.8008,34137.3086,34137.3086,290300000
2021-04-22,34109.8789,34126.5703,33717.1914,33815.8984,33815.8984,344470000
2021-04-23,33804.5195,34157.5703,33713.2891,34043.4883,34043.4883,346380000
2021-04-26,34044.2305,34148.9414,33941.3711,33981.5703,33981.5703,279300000
2021-04-27,33932.1289,34043.9805,33870.4609,33984.9297,33984.9297,289030000
2021-04-28,33860.4609,33946.6016,33805.5586,33820.3789,33820.3789,335820000
2021-04-29,33855.6406,34087.2109,33744.2812,34060.3594,34060.3594,408450000
2021-04-30,33988.7500,33988.7500,33784.9609,33874.8516,33874.8516,374890000
2021-05-03,33904.8906,34221.0586,33904.8906,34113.2305,34113.2305,289770000
2021-05-04,34080.1992,34147.7812,33765.6797,34133.0312,34133.0312,407860000
2021-05-05,34163.9883,34331.1992,34039.6602,34230.3398,34230.3398,253180000
2021-05-06,34245.1094,34561.2891,34185.0586,34548.5312,34548.5312,315430000
2021-05-07,34578.2695,34811.3906,34464.3086,34777.7617,34777.7617,303400000
2021-05-10,34785.2695,35091.5586,34741.5703,34742.8203,34742.8203,361620000
2021-05-11,34572.7383,34572.7383,34075.3086,34269.1602,34269.1602,413180000
2021-05-12,34206.3984,34207.8711,33555.2188,33587.6602,33587.6602,381350000
2021-05-13,33624.7383,34181.7695,33623.4883,34021.4492,34021.4492,350820000
2021-05-14,34050.8594,34454.0508,34050.8594,34382.1289,34382.1289,303230000
2021-05-17,34375.2891,34383.8398,34176.6484,34327.7891,34327.7891,291910000
2021-05-18,34351.1797,34408.9883,34044.1016,34060.6602,34060.6602,289590000
2021-05-19,33945.8086,33945.8086,33473.8008,33896.0391,33896.0391,348480000
2021-05-20,33906.3008,34233.3984,33872.4102,34084.1484,34084.1484,320150000
2021-05-21,34121.9102,34415.4805,34121.9102,34207.8398,34207.8398,306360000
2021-05-24,34253.8711,34472.5117,34253.8711,34393.9805,34393.9805,251010000
2021-05-25,34428.6602,34511.3516,34266.0312,34312.4609,34312.4609,285760000
2021-05-26,34336.3398,34409.5898,34271.4414,34323.0508,34323.0508,258780000
2021-05-27,34432.4688,34608.8203,34389.2383,34464.6406,34464.6406,520630000
2021-05-28,34558.5000,34631.1094,34520.0898,34529.4492,34529.4492,290850000
2021-06-01,34584.1914,34849.3203,34542.8711,34575.3086,34575.3086,287700000
2021-06-02,34614.6211,34706.6484,34545.9609,34600.3789,34600.3789,263810000
2021-06-03,34550.3086,34667.4102,34334.4102,34577.0391,34577.0391,297380000
2021-06-04,34618.6914,34772.1211,34618.6914,34756.3906,34756.3906,270050000
2021-06-07,34766.1992,34820.9102,34574.5117,34630.2383,34630.2383,259120000
2021-06-08,34645.8398,34665.3789,34452.9414,34599.8203,34599.8203,289440000
2021-06-09,34626.1602,34654.6719,34439.3711,34447.1406,34447.1406,245100000
2021-06-10,34502.5117,34737.7891,34447.2500,34466.2383,34466.2383,309310000
2021-06-11,34499.8086,34618.0898,34328.6484,34479.6016,34479.6016,260840000
2021-06-14,34472.5195,34472.5195,34211.5391,34393.7500,34393.7500,295530000
2021-06-15,34397.1016,34420.3789,34199.1602,34299.3281,34299.3281,272430000
2021-06-16,34308.4805,34333.2500,33917.1094,34033.6719,34033.6719,347150000
2021-06-17,34014.3789,34091.7891,33626.6094,33823.4492,33823.4492,354690000
2021-06-18,33622.6992,33622.6992,33271.9297,33290.0781,33290.0781,563920000
2021-06-21,33312.0703,33908.0898,33312.0703,33876.9688,33876.9688,317260000
2021-06-22,33872.5586,34040.6992,33751.0586,33945.5781,33945.5781,284130000
2021-06-23,33948.5391,34009.3984,33869.8281,33874.2383,33874.2383,255280000
2021-06-24,33933.9102,34233.0195,33933.9102,34196.8203,34196.8203,275870000
2021-06-25,34328.1016,34501.0195,34314.8008,34433.8398,34433.8398,432550000
2021-06-28,34428.1016,34449.6484,34186.1289,34283.2695,34283.2695,280280000
2021-06-29,34338.8906,34469.8281,34266.8281,34292.2891,34292.2891,282360000
2021-06-30,34290.7383,34553.1602,34245.4805,34502.5117,34502.5117,295560000
2021-07-01,34507.3203,34640.2812,34498.8516,34633.5312,34633.5312,268280000
2021-07-02,34642.4219,34821.9297,34613.4883,34786.3516,34786.3516,301860000
2021-07-06,34790.1602,34814.1992,34358.4219,34577.3711,34577.3711,348430000
2021-07-07,34604.1719,34708.7812,34435.5898,34681.7891,34681.7891,302700000
2021-07-08,34569.0117,34569.0117,34145.5898,34421.9297,34421.9297,335690000
2021-07-09,34457.5117,34893.7188,34457.5117,34870.1602,34870.1602,301750000
2021-07-12,34836.7500,35014.8984,34730.1484,34996.1797,34996.1797,294800000
2021-07-13,34959.9609,35018.7891,34876.8906,34888.7891,34888.7891,322430000
2021-07-14,34920.8281,35069.1797,34826.8711,34933.2305,34933.2305,344340000
2021-07-15,34924.8086,34990.4102,34762.8711,34987.0195,34987.0195,320450000
2021-07-16,35007.9414,35090.0117,34647.8203,34687.8516,34687.8516,322980000
2021-07-19,34528.4805,34528.4805,33741.7617,33962.0391,33962.0391,440440000
2021-07-20,33981.7891,34621.7891,33981.7891,34511.9883,34511.9883,387020000
2021-07-21,34556.9609,34820.2383,34556.9609,34798.0000,34798.0000,317090000
2021-07-22,34799.6797,34879.2812,34673.0312,34823.3516,34823.3516,291610000
2021-07-23,34855.1094,35095.3281,34855.1094,35061.5508,35061.5508,314040000
2021-07-26,35055.8594,35150.3711,34950.1914,35144.3086,35144.3086,259790000
2021-07-27,35078.8984,35078.8984,34878.0703,35058.5195,35058.5195,326610000
2021-07-28,35109.9492,35116.3711,34876.8398,34930.9297,34930.9297,347170000
2021-07-29,34985.9883,35171.5195,34985.9883,35084.5312,35084.5312,222680000
2021-07-30,35013.2617,35106.3008,34871.1289,34935.4688,34935.4688,276410000
2021-08-02,34968.5586,35192.1094,34808.1992,34838.1602,34838.1602,238620000
2021-08-03,34864.1016,35120.9414,34714.3281,35116.3984,35116.3984,259820000
2021-08-04,35047.4414,35047.4414,34790.6211,34792.6719,34792.6719,245300000
2021-08-05,34815.6094,35067.5391,34815.6094,35064.2500,35064.2500,216580000
2021-08-06,35077.4414,35246.7891,35077.4414,35208.5117,35208.5117,231570000
2021-08-09,35229.6719,35229.6719,35041.2383,35101.8516,35101.8516,207850000
2021-08-10,35135.1719,35285.1602,35091.9102,35264.6719,35264.6719,255040000
2021-08-11,35300.8906,35501.1602,35300.8906,35484.9688,35484.9688,232800000
2021-08-12,35481.9414,35510.7695,35352.5312,35499.8516,35499.8516,231600000
2021-08-13,35551.5586,35610.5703,35474.7812,35515.3789,35515.3789,236790000
2021-08-16,35490.8281,35631.1914,35231.8711,35625.3984,35625.3984,292590000
2021-08-17,35500.0117,35500.0117,35120.3086,35343.2812,35343.2812,309410000
2021-08-18,35310.1992,35356.8008,34943.4102,34960.6914,34960.6914,289800000
2021-08-19,34874.6719,34997.8086,34690.2500,34894.1211,34894.1211,333550000
2021-08-20,34917.9609,35177.2617,34867.0703,35120.0781,35120.0781,269320000
2021-08-23,35160.9688,35428.9102,35160.9688,35335.7109,35335.7109,245760000
2021-08-24,35382.7188,35445.4688,35356.1797,35366.2617,35366.2617,228710000
2021-08-25,35388.7695,35501.1406,35287.6289,35405.5000,35405.5000,237230000
2021-08-26,35449.6797,35498.4492,35205.1016,35213.1211,35213.1211,239740000
2021-08-27,35231.1094,35479.1797,35231.1094,35455.8008,35455.8008,240990000
2021-08-30,35471.8008,35510.7109,35374.4609,35399.8398,35399.8398,245390000
2021-08-31,35391.3789,35449.7891,35289.8594,35360.7305,35360.7305,337240000
2021-09-01,35387.5508,35407.3711,35287.0508,35312.5312,35312.5312,265520000
2021-09-02,35353.0586,35475.3984,35348.4805,35443.8203,35443.8203,263370000
2021-09-03,35401.7305,35422.7109,35269.3984,35369.0898,35369.0898,221370000
2021-09-07,35373.2383,35373.2383,35060.8984,35100.0000,35100.0000,289830000
2021-09-08,35087.4492,35175.1484,34925.6094,35031.0703,35031.0703,261880000
2021-09-09,35013.0781,35199.8906,34847.3008,34879.3789,34879.3789,261330000
2021-09-10,34949.5898,35104.2500,34599.6094,34607.7188,34607.7188,333230000
2021-09-13,34665.5000,34939.1016,34665.5000,34869.6289,34869.6289,334190000
2021-09-14,34906.8984,34990.3594,34510.3008,34577.5703,34577.5703,325140000
2021-09-15,34580.9492,34880.7695,34522.0312,34814.3906,34814.3906,317490000
2021-09-16,34810.2695,34943.5508,34540.1094,34751.3203,34751.3203,278270000
2021-09-17,34737.8594,34779.8594,34519.6289,34584.8789,34584.8789,560630000
2021-09-20,34459.7188,34459.7188,33613.0312,33970.4688,33970.4688,435780000
2021-09-21,34025.6094,34313.8789,33914.0195,33919.8398,33919.8398,306970000
2021-09-22,34006.8711,34440.4219,34006.8711,34258.3203,34258.3203,296590000
2021-09-23,34296.3008,34879.7812,34296.3008,34764.8203,34764.8203,283890000
2021-09-24,34762.3086,34857.0586,34648.0781,34798.0000,34798.0000,254310000
2021-09-27,34739.2695,35061.1211,34739.2695,34869.3711,34869.3711,289480000
2021-09-28,34747.6992,34798.2109,34254.6484,34299.9883,34299.9883,379020000
2021-09-29,34360.0781,34580.4219,34305.9609,34390.7188,34390.7188,290350000
2021-09-30,34467.9805,34557.3711,33833.3203,33843.9219,33843.9219,354830000
2021-10-01,33930.6992,34490.5586,33785.5391,34326.4609,34326.4609,427580000
2021-10-04,34312.9609,34410.2812,33821.5781,34002.9219,34002.9219,396860000
2021-10-05,34035.2500,34490.9492,34035.2500,34314.6719,34314.6719,311520000
2021-10-06,34198.9609,34432.6797,33854.6914,34416.9883,34416.9883,322170000
2021-10-07,34509.7188,34975.1914,34509.7188,34754.9414,34754.9414,273290000
2021-10-08,34757.5703,34842.6211,34661.9492,34746.2500,34746.2500,238080000
2021-10-11,34723.7891,34951.3516,34486.5117,34496.0586,34496.0586,256820000
2021-10-12,34507.1484,34611.2383,34318.9414,34378.3398,34378.3398,319010000
2021-10-13,34372.7109,34449.8281,34115.1016,34377.8086,34377.8086,316220000
2021-10-14,34443.2188,34923.8281,34443.2188,34912.5586,34912.5586,338540000
2021-10-15,35023.6289,35320.9688,35023.6289,35294.7617,35294.7617,327870000
2021-10-18,35221.0195,35327.5703,35035.9414,35258.6094,35258.6094,312640000
2021-10-19,35325.3711,35462.6797,35290.1211,35457.3086,35457.3086,278510000
2021-10-20,35475.1602,35669.6914,35465.7109,35609.3398,35609.3398,265750000
2021-10-21,35520.3203,35612.3594,35442.5312,35603.0781,35603.0781,298390000
2021-10-22,35607.7188,35765.0195,35533.9492,35677.0195,35677.0195,346290000
2021-10-25,35692.6211,35787.0391,35629.3711,35741.1484,35741.1484,267220000
2021-10-26,35791.0508,35892.9219,35734.7305,35756.8789,35756.8789,321910000
2021-10-27,35835.4297,35835.4297,35490.4297,35490.6914,35490.6914,354180000
2021-10-28,35545.4102,35742.2500,35545.4102,35730.4805,35730.4805,337400000
2021-10-29,35712.2812,35852.5312,35633.1992,35819.5586,35819.5586,399400000
2021-11-01,35833.6484,36009.7383,35797.9688,35913.8398,35913.8398,292880000
2021-11-02,35935.1094,36088.8086,35884.1289,36052.6289,36052.6289,304510000
2021-11-03,36059.0898,36178.5117,35891.7305,36157.5781,36157.5781,262540000
2021-11-04,36107.4609,36168.0312,35986.4805,36124.2305,36124.2305,307640000
2021-11-05,36268.7500,36484.7500,36190.1992,36327.9492,36327.9492,344600000
2021-11-08,36416.4609,36565.7305,36334.4219,36432.2188,36432.2188,284400000
2021-11-09,36404.5312,36416.9805,36173.0703,36319.9805,36319.9805,258020000
2021-11-10,36299.2500,36346.6094,36009.5000,36079.9414,36079.9414,278390000
2021-11-11,36038.7812,36108.1719,35915.2695,35921.2305,35921.2305,270320000
2021-11-12,35963.7812,36147.6289,35934.5898,36100.3086,36100.3086,293180000
2021-11-15,36128.8281,36236.0703,36031.7812,36087.4492,36087.4492,280660000
2021-11-16,36076.1797,36316.6094,36076.1797,36142.2188,36142.2188,308290000
2021-11-17,36159.6992,36159.6992,35909.4805,35931.0508,35931.0508,358310000
2021-11-18,35901.6914,35952.6289,35654.3906,35870.9492,35870.9492,435080000
2021-11-19,35879.0898,35879.0898,35555.3711,35601.9805,35601.9805,408840000
2021-11-22,35631.4102,35929.6602,35615.5508,35619.2500,35619.2500,420810000
2021-11-23,35619.9219,35841.5195,35542.8711,35813.8008,35813.8008,392520000
2021-11-24,35752.3086,35825.4688,35591.0312,35804.3789,35804.3789,280960000
2021-11-26,35366.6914,35366.6914,34749.8008,34899.3398,34899.3398,324580000
2021-11-29,35017.7109,35287.9102,34895.8906,35135.9414,35135.9414,416040000
2021-11-30,35056.9883,35056.9883,34424.4414,34483.7188,34483.7188,678800000
2021-12-01,34678.9414,35004.6406,34006.9805,34022.0391,34022.0391,496000000
2021-12-02,34076.2500,34759.6484,34076.2500,34639.7891,34639.7891,466900000
2021-12-03,34692.7812,34801.3086,34264.5703,34580.0781,34580.0781,439550000
2021-12-06,34633.4297,35356.7500,34633.4297,35227.0312,35227.0312,416720000
2021-12-07,35423.9883,35819.4688,35423.9883,35719.4297,35719.4297,474940000
2021-12-08,35716.8516,35840.5195,35602.6484,35754.7500,35754.7500,387650000
2021-12-09,35722.2617,35864.2383,35577.1406,35754.6914,35754.6914,353020000
2021-12-10,35830.5508,35982.6914,35710.4297,35970.9883,35970.9883,361200000
2021-12-13,35958.9297,35958.9297,35609.5312,35650.9492,35650.9492,441110000
2021-12-14,35605.7305,35779.4688,35441.7383,35544.1797,35544.1797,440900000
2021-12-15,35549.3516,35943.8398,35389.3008,35927.4297,35927.4297,424720000
2021-12-16,36036.2812,36189.8281,35778.2109,35897.6406,35897.6406,473620000
2021-12-17,35800.1094,35800.1094,35284.2617,35365.4414,35365.4414,750480000
2021-12-20,35222.1211,35222.1211,34665.5000,34932.1602,34932.1602,386590000
2021-12-21,35069.5000,35508.9609,35069.5000,35492.6992,35492.6992,346080000
2021-12-22,35491.7109,35764.6719,35433.1289,35753.8906,35753.8906,281930000
2021-12-23,35782.4219,36060.9883,35782.4219,35950.5586,35950.5586,247420000
2021-12-27,35954.4805,36306.6094,35954.4805,36302.3789,36302.3789,244350000
2021-12-28,36302.9883,36527.2617,36302.9883,36398.2109,36398.2109,239090000
2021-12-29,36421.1406,36571.5508,36396.1914,36488.6289,36488.6289,213480000
2021-12-30,36522.4805,36679.4414,36372.1289,36398.0781,36398.0781,205620000
2021-12-31,36385.8516,36484.9414,36303.9688,36338.3008,36338.3008,213200000
2022-01-03,36321.5898,36595.8203,36246.4492,36585.0586,36585.0586,347930000
2022-01-04,36636.0000,36934.8398,36636.0000,36799.6484,36799.6484,435080000
2022-01-05,36722.6016,36952.6484,36400.3906,36407.1094,36407.1094,462040000
2022-01-06,36409.0508,36464.1914,36200.6797,36236.4688,36236.4688,385890000
2022-01-07,36249.5898,36382.8398,36111.5312,36231.6602,36231.6602,356110000
2022-01-10,36175.2109,36175.2109,35639.9102,36068.8711,36068.8711,430680000
2022-01-11,36058.8516,36271.4688,35769.3789,36252.0195,36252.0195,356850000
2022-01-12,36336.1602,36453.4883,36168.1484,36290.3203,36290.3203,310180000
2022-01-13,36312.4883,36513.8789,36044.2188,36113.6211,36113.6211,343640000
2022-01-14,35996.4297,35996.4297,35641.4883,35911.8086,35911.8086,389200000
2022-01-18,35661.7617,35661.7617,35262.0195,35368.4688,35368.4688,427260000
2022-01-19,35412.3008,35547.8281,35015.4883,35028.6484,35028.6484,393080000
2022-01-20,35102.6602,35490.1992,34670.1211,34715.3906,34715.3906,369070000
2022-01-21,34701.6914,34896.6719,34229.5508,34265.3711,34265.3711,523880000
2022-01-24,34070.6094,34420.9883,33150.3281,34364.5000,34364.5000,664010000
2022-01-25,34186.6406,34591.0391,33545.5195,34297.7305,34297.7305,506430000
2022-01-26,34520.8203,34815.6719,33876.4805,34168.0898,34168.0898,546330000
2022-01-27,34261.7500,34773.3203,34007.7812,34160.7812,34160.7812,527780000
2022-01-28,34135.2383,34731.7695,33807.5117,34725.4688,34725.4688,568440000
2022-01-31,34691.1719,35148.1406,34496.1016,35131.8594,35131.8594,468070000
2022-02-01,35151.4688,35441.0898,34977.9492,35405.2383,35405.2383,386080000
2022-02-02,35378.1914,35679.1992,35290.1211,35629.3281,35629.3281,359540000
2022-02-03,35520.0781,35535.9414,35071.0586,35111.1602,35111.1602,381020000
2022-02-04,35095.7383,35333.5508,34799.0781,35089.7383,35089.7383,349880000
2022-02-07,35108.3789,35325.0117,34993.9805,35091.1289,35091.1289,328910000
2022-02-08,35160.6797,35544.8906,35090.4219,35462.7812,35462.7812,319190000
2022-02-09,35614.8984,35824.2812,35614.8984,35768.0586,35768.0586,333610000
2022-02-10,35630.8086,35800.2383,35100.7188,35241.5898,35241.5898,411620000
2022-02-11,35267.8906,35431.1484,34620.5195,34738.0586,34738.0586,398860000
2022-02-14,34694.5000,34744.5586,34304.2812,34566.1719,34566.1719,370320000
2022-02-15,34686.1914,35047.7891,34686.1914,34988.8398,34988.8398,305670000
2022-02-16,34951.8281,35042.0898,34642.6406,34934.2695,34934.2695,294410000
2022-02-17,34858.4688,34858.4688,34246.2305,34312.0312,34312.0312,348720000
2022-02-18,34310.4492,34423.5781,33976.1797,34079.1797,34079.1797,414080000
2022-02-22,33974.0898,34024.7383,33364.2891,33596.6094,33596.6094,432090000
2022-02-23,33680.9688,33832.5898,33084.8984,33131.7617,33131.7617,370600000
2022-02-24,32830.3281,33269.3398,32272.6406,33223.8281,33223.8281,590850000
2022-02-25,33277.2188,34095.7383,33277.2188,34058.7500,34058.7500,417630000
2022-02-28,33870.6211,33963.6289,33469.3086,33892.6016,33892.6016,443460000
2022-03-01,33813.4805,33870.1406,33107.6719,33294.9492,33294.9492,438730000
2022-03-02,33379.5117,34013.6719,33379.5117,33891.3516,33891.3516,400920000
2022-03-03,33972.8711,34179.0703,33641.5312,33794.6602,33794.6602,369740000
2022-03-04,33655.4297,33655.4297,33254.1211,33614.8008,33614.8008,408390000
2022-03-07,33579.7500,33579.7500,32806.1484,32817.3789,32817.3789,488400000
2022-03-08,32885.1719,33402.9805,32578.7305,32632.6406,32632.6406,553750000
2022-03-09,32860.4219,33457.2812,32860.4219,33286.2500,33286.2500,418670000
2022-03-10,33106.7695,33236.5898,32819.7617,33174.0703,33174.0703,399480000
2022-03-11,33279.7188,33515.6094,32911.8906,32944.1914,32944.1914,369480000
2022-03-14,33000.3711,33395.5898,32818.1602,32945.2383,32945.2383,394940000
2022-03-15,32989.2695,33620.8398,32989.2695,33544.3398,33544.3398,388810000
2022-03-16,33653.9297,34075.9414,33391.2383,34063.1016,34063.1016,427400000
2022-03-17,33995.3906,34483.9219,33896.0586,34480.7617,34480.7617,339470000
2022-03-18,34466.7188,34755.1992,34279.8281,34754.9297,34754.9297,615420000
2022-03-21,34669.8516,34808.2812,34341.8086,34552.9883,34552.9883,408490000
2022-03-22,34583.2383,34882.0312,34583.2383,34807.4609,34807.4609,368550000
2022-03-23,34748.8398,34748.8398,34352.9609,34358.5000,34358.5000,347880000
2022-03-24,34406.8086,34713.5586,34355.4219,34707.9414,34707.9414,324870000
2022-03-25,34702.3906,34942.6992,34631.5195,34861.2383,34861.2383,285440000
2022-03-28,34833.0312,34957.9297,34552.2305,34955.8906,34955.8906,299790000
2022-03-29,35114.3516,35372.2617,35030.0703,35294.1914,35294.1914,355050000
2022-03-30,35273.6289,35361.3594,35058.5781,35228.8086,35228.8086,317320000
2022-03-31,35201.5195,35201.5195,34677.9883,34678.3516,34678.3516,433400000
2022-04-01,34740.8906,34847.9102,34538.2500,34818.2695,34818.2695,340400000
2022-04-04,34799.9805,34940.7812,34615.3789,34921.8789,34921.8789,316570000
2022-04-05,34876.3281,35112.2109,34566.0391,34641.1797,34641.1797,304010000
2022-04-06,34520.3398,34609.8398,34277.1719,34496.5117,34496.5117,386250000
2022-04-07,34439.2383,34705.8281,34190.9492,34583.5703,34583.5703,319870000
2022-04-08,34569.2383,34908.4609,34470.1914,34721.1211,34721.1211,301750000
2022-04-11,34630.2695,34701.3398,34272.2891,34308.0781,34308.0781,333290000
2022-04-12,34412.5117,34669.9688,34102.8086,34220.3594,34220.3594,333510000
2022-04-13,34166.6406,34598.3594,34140.6406,34564.5898,34564.5898,313630000
2022-04-14,34628.4609,34889.1719,34437.5000,34451.2305,34451.2305,353680000
2022-04-18,34411.4883,34618.2891,34279.0781,34411.6914,34411.6914,264110000
2022-04-19,34394.6211,34983.1094,34394.6211,34911.1992,34911.1992,296350000
2022-04-20,34962.6719,35315.3984,34962.6719,35160.7891,35160.7891,337620000
2022-04-21,35258.8008,35492.2188,34723.8203,34792.7617,34792.7617,366390000
2022-04-22,34727.3789,34727.3789,33773.3906,33811.3984,33811.3984,373280000
2022-04-25,33731.6484,34106.0117,33323.3711,34049.4609,34049.4609,416900000
2022-04-26,33907.4883,33909.5117,33230.9492,33240.1797,33240.1797,400020000
2022-04-27,33450.9219,33697.1797,33108.8906,33301.9297,33301.9297,447230000
2022-04-28,33425.9609,34054.7891,33248.4609,33916.3906,33916.3906,440380000
2022-04-29,33787.0117,33919.5898,32913.1484,32977.2109,32977.2109,501560000
2022-05-02,32978.4883,33224.9492,32449.8691,33061.5000,33061.5000,453390000
2022-05-03,33086.0898,33341.5781,32914.7500,33128.7891,33128.7891,364420000
2022-05-04,33171.8008,34117.7383,33021.8398,34061.0586,34061.0586,411060000
2022-05-05,33854.1719,33854.1719,32685.0996,32997.9688,32997.9688,448420000
2022-05-06,32773.8789,33055.8398,32474.6895,32899.3711,32899.3711,416520000
2022-05-09,32685.1699,32685.1699,32121.9805,32245.6992,32245.6992,470770000
2022-05-10,32504.0898,32752.1699,31887.8906,32160.7402,32160.7402,439290000
2022-05-11,32123.2402,32584.0195,31798.8594,31834.1094,31834.1094,458460000
2022-05-12,31699.0391,31914.4609,31228.2207,31730.3008,31730.3008,544240000
2022-05-13,31963.8594,32276.0508,31862.7891,32196.6602,32196.6602,388520000
2022-05-16,32152.1504,32514.0195,31928.1797,32223.4199,32223.4199,330030000
2022-05-17,32427.0000,32689.1406,32308.1504,32654.5898,32654.5898,389310000
2022-05-18,32468.6699,32468.6699,31393.9492,31490.0703,31490.0703,465060000
2022-05-19,31262.6191,31569.1309,31016.4102,31253.1309,31253.1309,517190000
2022-05-20,31426.9395,31515.7793,30635.7598,31261.9004,31261.9004,495510000
2022-05-23,31395.8906,31968.4199,31395.8906,31880.2402,31880.2402,402010000
2022-05-24,31717.6094,32014.8594,31365.5898,31928.6191,31928.6191,382950000
2022-05-25,31816.3105,32254.4395,31754.3301,32120.2793,32120.2793,343460000
2022-05-26,32248.1699,32774.1406,32248.1699,32637.1895,32637.1895,351220000
2022-05-27,32735.0898,33213.6211,32682.0098,33212.9609,33212.9609,328770000
2022-05-31,33160.5898,33240.2188,32752.3398,32990.1211,32990.1211,533560000
2022-06-01,33156.3086,33272.3398,32584.7598,32813.2305,32813.2305,338210000
2022-06-02,32809.0117,33248.6094,32509.4297,33248.2812,33248.2812,333210000
2022-06-03,32986.3203,33135.6094,32839.2109,32899.6992,32899.6992,298570000
2022-06-06,33032.0391,33235.3711,32819.5000,32915.7812,32915.7812,253010000
2022-06-07,32783.0312,33207.4492,32641.8496,33180.1406,33180.1406,270750000
2022-06-08,33087.0703,33156.5000,32824.3711,32910.8984,32910.8984,270470000
2022-06-09,32828.6211,32956.7305,32267.7793,32272.7891,32272.7891,289710000
2022-06-10,32053.5195,32053.5195,31387.8398,31392.7891,31392.7891,362300000
2022-06-13,31144.9102,31144.9102,30373.7207,30516.7402,30516.7402,472290000
2022-06-14,30592.3398,30690.8008,30144.2305,30364.8301,30364.8301,366800000
2022-06-15,30570.5000,31011.9707,30185.0801,30668.5293,30668.5293,392670000
2022-06-16,30305.7402,30305.7402,29740.3496,29927.0703,29927.0703,442910000
2022-06-17,29912.6992,30167.5195,29653.2891,29888.7793,29888.7793,692830000
2022-06-21,30074.6895,30653.9805,30074.6895,30530.2500,30530.2500,376900000
2022-06-22,30352.5703,30777.9199,30166.0098,30483.1309,30483.1309,343490000
2022-06-23,30570.3301,30715.6309,30293.4004,30677.3594,30677.3594,361420000
2022-06-24,30846.9395,31517.2891,30846.9395,31500.6797,31500.6797,465480000
2022-06-27,31533.5996,31598.5898,31351.3691,31438.2598,31438.2598,309910000
2022-06-28,31549.0508,31885.0898,30934.3301,30946.9902,30946.9902,350780000
2022-06-29,31067.4102,31152.9609,30894.5293,31029.3105,31029.3105,269390000
2022-06-30,30790.0000,30979.8496,30431.8691,30775.4297,30775.4297,394070000
2022-07-01,30737.7695,31139.3496,30487.7891,31097.2598,31097.2598,310440000
2022-07-05,30903.1191,30971.7402,30355.1191,30967.8203,30967.8203,323080000
2022-07-06,30957.3008,31224.6895,30794.8398,31037.6797,31037.6797,289800000
2022-07-07,31190.6504,31421.8398,31154.6406,31384.5508,31384.5508,296620000
2022-07-08,31348.4297,31511.4609,31212.4492,31338.1504,31338.1504,238120000
2022-07-11,31277.9805,31367.5508,31114.4004,31173.8398,31173.8398,245020000
2022-07-12,31113.3105,31346.0996,30860.5098,30981.3301,30981.3301,324190000
2022-07-13,30743.6309,30979.1699,30514.6094,30772.7891,30772.7891,291830000
2022-07-14,30451.8008,30680.1191,30143.9297,30630.1699,30630.1699,325130000
2022-07-15,30775.3691,31288.2598,30775.3691,31288.2598,31288.2598,321570000
2022-07-18,31475.9805,31644.6797,30982.9707,31072.6094,31072.6094,309960000
2022-07-19,31165.9102,31842.2500,31165.9102,31827.0508,31827.0508,378720000
2022-07-20,31829.9902,31944.4492,31646.9492,31874.8398,31874.8398,313520000
2022-07-21,31826.4902,32040.6309,31534.0801,32036.9004,32036.9004,302320000
2022-07-22,32167.9199,32219.2500,31731.4707,31899.2891,31899.2891,319880000
2022-07-25,31950.9297,32029.0293,31821.6699,31990.0391,31990.0391,255450000
2022-07-26,31950.0391,31950.0391,31705.3594,31761.5391,31761.5391,324930000
2022-07-27,31865.0508,32336.2305,31799.4297,32197.5898,32197.5898,365480000
2022-07-28,32197.6191,32609.5391,31982.6094,32529.6309,32529.6309,331110000
2022-07-29,32515.6191,32910.1797,32493.0195,32845.1289,32845.1289,487360000
2022-08-01,32755.7109,32972.0312,32640.7891,32798.3984,32798.3984,321180000
2022-08-02,32691.2891,32772.9297,32387.1191,32396.1699,32396.1699,316740000
2022-08-03,32514.2109,32912.7383,32514.2109,32812.5000,32812.5000,342160000
2022-08-04,32805.6914,32829.2188,32652.6309,32726.8203,32726.8203,315590000
2022-08-05,32593.9004,32814.6094,32489.6191,32803.4688,32803.4688,273010000
2022-08-08,32877.3594,33109.9609,32769.1016,32832.5391,32832.5391,275350000
2022-08-09,32807.3594,32877.5312,32702.6602,32774.4102,32774.4102,281080000
2022-08-10,33130.6289,33364.4102,33130.6289,33309.5117,33309.5117,311740000
2022-08-11,33451.5117,33651.8008,33289.8281,33336.6719,33336.6719,308030000
2022-08-12,33430.7188,33767.0898,33398.3203,33761.0508,33761.0508,299140000
2022-08-15,33710.6992,33954.7109,33582.9609,33912.4414,33912.4414,262670000
2022-08-16,33924.3516,34281.3594,33852.5703,34152.0117,34152.0117,288670000
2022-08-17,34029.5508,34161.0117,33828.4102,33980.3203,33980.3203,281390000
2022-08-18,33981.8594,34043.8281,33844.4609,33999.0391,33999.0391,282550000
2022-08-19,33904.6914,33904.6914,33627.0898,33706.7383,33706.7383,293990000
2022-08-22,33586.5898,33586.5898,33007.6289,33063.6094,33063.6094,308900000
2022-08-23,33033.5195,33138.2617,32858.8906,32909.5898,32909.5898,251870000
2022-08-24,32899.0117,33095.5000,32828.5586,32969.2305,32969.2305,256900000
2022-08-25,33029.2695,33306.0898,32889.8516,33291.7812,33291.7812,308530000
2022-08-26,33293.4297,33364.6992,32278.2207,32283.4004,32283.4004,352850000
2022-08-29,32188.0000,32325.1602,31972.7891,32098.9902,32098.9902,317820000
2022-08-30,32163.8398,32205.6602,31647.2207,31790.8691,31790.8691,317150000
2022-08-31,31827.1504,31966.0391,31509.5898,31510.4297,31510.4297,392780000
2022-09-01,31454.5801,31677.5098,31219.7500,31656.4199,31656.4199,339360000
2022-09-02,31848.5000,32026.9004,31182.0898,31318.4395,31318.4395,306180000
2022-09-06,31343.7891,31463.8906,31048.4609,31145.3008,31145.3008,347320000
2022-09-07,31145.6309,31644.3398,31095.2109,31581.2793,31581.2793,345080000
2022-09-08,31481.9492,31783.3691,31321.5000,31774.5195,31774.5195,344340000
2022-09-09,31876.2207,32227.7402,31876.2207,32151.7109,32151.7109,310980000
2022-09-12,32159.4902,32504.0391,32159.4902,32381.3398,32381.3398,339250000
2022-09-13,32006.5000,32006.5000,31018.5391,31104.9707,31104.9707,428930000
2022-09-14,31141.0195,31276.8203,30885.0195,31135.0898,31135.0898,348670000
2022-09-15,31124.6797,31277.6895,30882.0801,30961.8203,30961.8203,345500000
2022-09-16,30866.6094,30866.6094,30550.0801,30822.4199,30822.4199,627920000
2022-09-19,30722.8594,31026.8906,30559.3691,31019.6797,31019.6797,291200000
2022-09-20,30888.5293,30888.5293,30465.9102,30706.2305,30706.2305,317970000
2022-09-21,30819.3906,31020.7891,30181.9902,30183.7793,30183.7793,354960000
2022-09-22,30204.5195,30302.2793,29994.5293,30076.6797,30076.6797,335270000
2022-09-23,29955.6504,29955.6504,29250.4707,29590.4102,29590.4102,388200000
2022-09-26,29536.8398,29630.7695,29161.1191,29260.8105,29260.8105,369450000
2022-09-27,29419.8809,29659.1191,28958.2207,29134.9902,29134.9902,355460000
2022-09-28,29198.9199,29811.7793,29114.9707,29683.7402,29683.7402,436040000
2022-09-29,29513.7305,29513.7305,28997.3398,29225.6094,29225.6094,388820000
2022-09-30,29123.0293,29355.7793,28715.8496,28725.5098,28725.5098,464260000
2022-10-03,28855.2500,29647.7891,28855.2500,29490.8906,29490.8906,397830000
2022-10-04,29826.6699,30325.0508,29826.6699,30316.3203,30316.3203,375640000
2022-10-05,30078.3594,30454.4609,29886.4395,30273.8691,30273.8691,290610000
2022-10-06,30206.1309,30329.6094,29859.3398,29926.9395,29926.9395,306840000
2022-10-07,29685.2695,29685.2695,29142.6602,29296.7891,29296.7891,367950000
2022-10-10,29419.0898,29485.8203,29010.4102,29202.8809,29202.8809,315410000
2022-10-11,29085.1992,29608.4199,29074.2305,29239.1895,29239.1895,352920000
2022-10-12,29233.0605,29455.1191,29136.0293,29210.8496,29210.8496,304420000
2022-10-13,28755.8301,30168.5391,28660.9395,30038.7207,30038.7207,470260000
2022-10-14,30192.2109,30428.8203,29614.3008,29634.8301,29634.8301,379090000
2022-10-17,30059.5801,30311.9492,29997.6191,30185.8203,30185.8203,369820000
2022-10-18,30697.5195,30837.9004,30301.8301,30523.8008,30523.8008,387130000
2022-10-19,30439.0391,30662.1094,30226.9004,30423.8105,30423.8105,314030000
2022-10-20,30411.9199,30822.9609,30265.1992,30333.5898,30333.5898,333190000
2022-10-21,30291.1797,31119.2695,30206.2793,31082.5605,31082.5605,418190000
2022-10-24,31187.3203,31603.6309,31161.4102,31499.6191,31499.6191,345040000
2022-10-25,31463.6504,31876.1504,31423.5293,31836.7402,31836.7402,336930000
2022-10-26,31738.4395,32172.4199,31738.4395,31839.1094,31839.1094,430400000
2022-10-27,32062.1406,32388.4199,31993.2109,32033.2793,32033.2793,375720000
2022-10-28,32204.3105,32889.8086,32158.3809,32861.8008,32861.8008,495830000
2022-10-31,32754.2695,32883.8594,32586.9297,32732.9492,32732.9492,390890000
2022-11-01,32862.7891,32975.4805,32485.2305,32653.1992,32653.1992,323210000
2022-11-02,32576.2793,33071.9297,32139.7695,32147.7598,32147.7598,398430000
2022-11-03,31985.0508,32185.7109,31727.0508,32001.2500,32001.2500,354440000
2022-11-04,32265.0098,32611.5195,31938.9199,32403.2207,32403.2207,422370000
2022-11-07,32454.0996,32895.5898,32424.9902,32827.0000,32827.0000,336300000
2022-11-08,32934.5586,33355.3906,32831.4609,33160.8281,33160.8281,335340000
2022-11-09,33004.4688,33065.1094,32478.8691,32513.9395,32513.9395,355200000
2022-11-10,33263.9102,33727.7305,33167.8203,33715.3711,33715.3711,480130000
2022-11-11,33797.7500,33817.9609,33394.4297,33747.8594,33747.8594,427790000
2022-11-14,33662.0508,33964.3008,33533.9609,33536.6992,33536.6992,354340000
2022-11-15,33755.9414,33987.0586,33320.1992,33592.9219,33592.9219,390610000
2022-11-16,33554.9297,33682.8281,33516.9883,33553.8281,33553.8281,301560000
2022-11-17,33329.2695,33616.0195,33239.7500,33546.3203,33546.3203,319210000
2022-11-18,33606.5898,33827.9414,33540.6406,33745.6914,33745.6914,312950000
2022-11-21,33760.3008,33864.5898,33559.1797,33700.2812,33700.2812,352960000
2022-11-22,33810.0508,34115.6992,33810.0508,34098.1016,34098.1016,277070000
2022-11-23,34091.5703,34262.0703,34004.6406,34194.0586,34194.0586,236820000
2022-11-25,34213.0391,34386.5117,34199.5703,34347.0312,34347.0312,131660000
2022-11-28,34275.9102,34303.8789,33799.3516,33849.4609,33849.4609,300330000
2022-11-29,33847.8008,33933.9102,33662.4492,33852.5312,33852.5312,279750000
2022-11-30,33795.4297,34589.7695,33583.7695,34589.7695,34589.7695,524440000
2022-12-01,34533.5898,34595.5117,34129.3516,34395.0117,34395.0117,348720000
2022-12-02,34265.4492,34483.2109,34039.7305,34429.8789,34429.8789,290580000
2022-12-05,34335.7305,34335.7305,33846.8086,33947.1016,33947.1016,312960000
2022-12-06,33936.8711,34006.6289,33418.5898,33596.3398,33596.3398,306220000
2022-12-07,33556.3984,33774.2695,33503.6719,33597.9219,33597.9219,359980000
2022-12-08,33695.9688,33899.1719,33642.4609,33781.4805,33781.4805,271830000
2022-12-09,33746.7109,33844.6289,33462.6484,33476.4609,33476.4609,287630000
2022-12-12,33519.5000,34005.0391,33519.5000,34005.0391,34005.0391,313440000
2022-12-13,34268.4414,34712.2812,33890.8789,34108.6406,34108.6406,442650000
2022-12-14,34086.0703,34395.6484,33704.1719,33966.3516,33966.3516,339090000
2022-12-15,33773.0000,33773.0000,33016.1602,33202.2188,33202.2188,394290000
2022-12-16,33166.4609,33166.4609,32654.5898,32920.4609,32920.4609,756310000
2022-12-19,32921.4492,33038.9414,32581.9707,32757.5391,32757.5391,326430000
2022-12-20,32735.2402,32992.2305,32649.4492,32849.7383,32849.7383,303970000
2022-12-21,33028.0898,33437.8398,33028.0898,33376.4805,33376.4805,328020000
2022-12-22,33233.3516,33233.3516,32573.4297,33027.4883,33027.4883,340640000
2022-12-23,32961.0586,33226.1406,32814.0195,33203.9297,33203.9297,221050000
2022-12-27,33224.2305,33387.7188,33069.5781,33241.5586,33241.5586,246010000
2022-12-28,33264.7617,33379.5508,32869.1484,32875.7109,32875.7109,252260000
2022-12-29,33021.4297,33293.4219,33020.3516,33220.8008,33220.8008,243060000
2022-12-30,33121.6094,33152.5508,32847.8203,33147.2500,33147.2500,295500000
2023-01-03,33148.8984,33387.5195,32850.5703,33136.3711,33136.3711,355930000
2023-01-04,33165.1406,33409.1016,33033.4805,33269.7695,33269.7695,379400000
2023-01-05,33191.7188,33191.7188,32812.3281,32930.0781,32930.0781,337920000
2023-01-06,33055.3008,33710.6602,32997.3906,33630.6094,33630.6094,360740000
2023-01-09,33664.3906,33935.1094,33487.6602,33517.6484,33517.6484,327840000
2023-01-10,33516.4297,33726.5391,33421.8008,33704.1016,33704.1016,268260000
2023-01-11,33754.0312,33974.6914,33711.0391,33973.0117,33973.0117,301650000
2023-01-12,34047.8594,34292.6719,33792.1016,34189.9688,34189.9688,308190000
2023-01-13,34075.3086,34342.3203,33915.4883,34302.6094,34302.6094,274110000
2023-01-17,34222.3203,34269.9688,33860.6719,33910.8516,33910.8516,353050000
2023-01-18,33948.4883,34016.5312,33269.8984,33296.9609,33296.9609,351670000
2023-01-19,33171.3516,33227.4883,32982.0508,33044.5586,33044.5586,319770000
2023-01-20,33073.4609,33381.9492,32948.9297,33375.4883,33375.4883,367330000
2023-01-23,33439.5586,33782.8789,33316.2500,33629.5586,33629.5586,355220000
2023-01-24,33444.7188,33782.9219,33310.5586,33733.9609,33733.9609,299310000
2023-01-25,33538.3594,33773.0898,33273.2109,33743.8398,33743.8398,341720000
2023-01-26,33771.6602,33953.7891,33635.6016,33949.4102,33949.4102,327000000
2023-01-27,33952.9297,34164.3281,33830.8516,33978.0781,33978.0781,441260000
2023-01-30,33909.2109,34055.2891,33695.1797,33717.0898,33717.0898,343920000
2023-01-31,33803.5586,34095.2305,33664.9102,34086.0391,34086.0391,360240000
2023-02-01,34039.6016,34334.6992,33581.4219,34092.9609,34092.9609,370120000
2023-02-02,34129.3008,34145.1406,33814.7812,34053.9414,34053.9414,429910000
2023-02-03,33926.3008,34179.5781,33813.8594,33926.0117,33926.0117,425150000
2023-02-06,33874.4414,33962.8398,33683.5781,33891.0195,33891.0195,296400000
2023-02-07,33769.7812,34240.0000,33634.1016,34156.6914,34156.6914,361620000
2023-02-08,34132.8984,34161.6484,33899.7891,33949.0117,33949.0117,324090000
2023-02-09,34105.6094,34252.5703,33607.1289,33699.8789,33699.8789,347520000
2023-02-10,33671.5391,33897.3086,33591.9883,33869.2695,33869.2695,288150000
2023-02-13,33887.3906,34249.6016,33887.3906,34245.9297,34245.9297,302600000
2023-02-14,34194.0898,34331.4688,33827.4492,34089.2695,34089.2695,288820000
2023-02-15,34008.6289,34130.4883,33833.1016,34128.0508,34128.0508,267530000
2023-02-16,33992.0898,34041.1602,33686.5898,33696.8516,33696.8516,317530000
2023-02-17,33677.0117,33846.6406,33517.7305,33826.6914,33826.6914,302900000
2023-02-21,33699.6914,33699.6914,33115.7383,33129.5898,33129.5898,348320000
2023-02-22,33169.3281,33245.9688,32948.2695,33045.0898,33045.0898,321910000
2023-02-23,33175.3906,33272.3984,32795.6719,33153.9102,33153.9102,288120000
2023-02-24,32999.1914,32999.1914,32643.4805,32816.9219,32816.9219,277120000
2023-02-27,32906.1602,33189.2812,32814.1797,32889.0898,32889.0898,243660000
2023-02-28,32873.4688,32873.4688,32636.4297,32656.6992,32656.6992,303760000
2023-03-01,32656.3691,32746.1504,32500.7109,32661.8398,32661.8398,292810000
2023-03-02,32780.9688,33083.4492,32665.8496,33003.5703,33003.5703,317450000
2023-03-03,33076.3281,33405.8203,33008.4102,33390.9688,33390.9688,300050000
2023-03-06,33425.3203,33572.2188,33383.4688,33431.4414,33431.4414,329190000
2023-03-07,33428.3086,33453.2500,32838.2109,32856.4609,32856.4609,299400000
2023-03-08,32872.0781,32903.4414,32612.6992,32798.3984,32798.3984,242750000
2023-03-09,32876.8281,32990.4609,32190.5996,32254.8594,32254.8594,315860000
2023-03-10,32185.1406,32422.0996,31783.4102,31909.6406,31909.6406,397790000
2023-03-13,31819.9297,32240.3496,31624.8691,31819.1406,31819.1406,429090000
2023-03-14,32055.2891,32306.5898,31805.4004,32155.4004,32155.4004,391760000
2023-03-15,31759.8691,31906.4707,31429.8203,31874.5703,31874.5703,420910000
2023-03-16,31827.6504,32281.6094,31571.4609,32246.5508,32246.5508,440940000
2023-03-17,32217.3203,32217.3203,31728.6992,31861.9805,31861.9805,712100000
2023-03-20,31872.3301,32280.0703,31872.3301,32244.5801,32244.5801,357210000
2023-03-21,32420.7109,32593.6797,32346.1191,32560.5996,32560.5996,363190000
2023-03-22,32570.1895,32761.8906,32020.4609,32030.1094,32030.1094,325990000
2023-03-23,32101.4902,32511.4902,31864.7402,32105.2500,32105.2500,335430000
2023-03-24,32038.2207,32257.2402,31805.1797,32237.5293,32237.5293,317070000
2023-03-27,32276.7207,32564.0000,32276.7207,32432.0801,32432.0801,291560000
2023-03-28,32434.8496,32551.0098,32295.5000,32394.2500,32394.2500,248560000
2023-03-29,32566.5391,32728.0391,32539.9395,32717.5996,32717.5996,314110000
2023-03-30,32807.4297,32905.8008,32682.8691,32859.0312,32859.0312,283380000
2023-03-31,32901.9609,33291.0000,32901.9609,33274.1484,33274.1484,353740000
2023-04-03,33245.7812,33632.8984,33245.7812,33601.1484,33601.1484,311890000
2023-04-04,33594.7891,33634.7188,33275.6211,33402.3789,33402.3789,283360000
2023-04-05,33394.6016,33543.8398,33376.2695,33482.7188,33482.7188,286660000
2023-04-06,33420.9609,33525.9609,33325.3711,33485.2891,33485.2891,258680000
2023-04-10,33425.2500,33590.2383,33343.4297,33586.5195,33586.5195,232920000
2023-04-11,33586.7500,33781.2891,33586.7500,33684.7891,33684.7891,241430000
2023-04-12,33764.2109,33895.4297,33593.3203,33646.5000,33646.5000,260300000
2023-04-13,33668.9688,34054.9883,33605.1719,34029.6914,34029.6914,277230000
2023-04-14,33981.7109,34082.9414,33730.8516,33886.4688,33886.4688,276720000
2023-04-17,33930.4609,33991.2305,33796.9102,33987.1797,33987.1797,234530000
2023-04-18,33965.1602,34018.6211,33791.8906,33976.6289,33976.6289,253570000
2023-04-19,33889.8281,33957.9805,33814.6484,33897.0117,33897.0117,251490000
2023-04-20,33740.6016,33875.3906,33677.7383,33786.6211,33786.6211,307910000
2023-04-21,33793.6016,33858.8281,33688.5703,33808.9609,33808.9609,291080000
2023-04-24,33805.0391,33891.1484,33726.0898,33875.3984,33875.3984,252020000
2023-04-25,33828.3398,33875.4883,33525.3906,33530.8281,33530.8281,297880000
2023-04-26,33596.3398,33645.8281,33235.8516,33301.8711,33301.8711,321170000
2023-04-27,33381.6602,33859.7500,33374.6484,33826.1602,33826.1602,343240000
2023-04-28,33797.4297,34104.5586,33728.3984,34098.1602,34098.1602,354310000
2023-05-01,34116.8086,34257.8281,34030.1406,34051.6992,34051.6992,244190000
2023-05-02,34017.6211,34017.7500,33436.6602,33684.5312,33684.5312,274460000
2023-05-03,33726.6406,33811.8398,33396.0508,33414.2383,33414.2383,286900000
2023-05-04,33347.7812,33354.8594,32937.5000,33127.7383,33127.7383,305160000
2023-05-05,33248.5508,33748.4297,33248.5508,33674.3789,33674.3789,316350000
2023-05-08,33715.1484,33747.4883,33509.2305,33618.6914,33618.6914,225680000
2023-05-09,33589.8516,33656.3984,33509.7188,33561.8086,33561.8086,232940000
2023-05-10,33707.1992,33772.0898,33239.4492,33531.3281,33531.3281,271180000
2023-05-11,33383.8906,33389.8789,33127.6992,33309.5117,33309.5117,298000000
2023-05-12,33370.5781,33406.3984,33110.6094,33300.6211,33300.6211,227570000
2023-05-15,33321.2109,33400.3008,33161.9297,33348.6016,33348.6016,224020000
2023-05-16,33275.3711,33290.8516,33006.1914,33012.1406,33012.1406,246680000
2023-05-17,33092.4805,33472.3789,33050.4102,33420.7695,33420.7695,307130000
2023-05-18,33374.5586,33579.9102,33212.0898,33535.9102,33535.9102,333070000
2023-05-19,33582.9492,33652.8984,33336.6602,33426.6289,33426.6289,315210000
2023-05-22,33408.5391,33512.3008,33207.8516,33286.5781,33286.5781,268900000
2023-05-23,33190.6016,33310.1719,33013.2891,33055.5117,33055.5117,291550000
2023-05-24,33021.7617,33031.7500,32752.4395,32799.9219,32799.9219,246180000
2023-05-25,32854.2617,32870.4297,32586.5605,32764.6504,32764.6504,364670000
2023-05-26,32795.5000,33162.0586,32795.5000,33093.3398,33093.3398,330290000
2023-05-30,33103.6484,33132.6992,32893.9688,33042.7812,33042.7812,322700000
2023-05-31,32948.7109,32984.8281,32739.7305,32908.2695,32908.2695,689990000
2023-06-01,32929.8516,33167.7500,32704.5098,33061.5703,33061.5703,349460000
2023-06-02,33187.5781,33805.0000,33187.5781,33762.7617,33762.7617,383590000
2023-06-05,33771.1289,33804.2188,33552.7891,33562.8594,33562.8594,367170000
2023-06-06,33547.6719,33631.2500,33399.6914,33573.2812,33573.2812,294070000
2023-06-07,33562.4688,33708.7812,33546.1094,33665.0195,33665.0195,347400000
2023-06-08,33656.9805,33873.8086,33630.0391,33833.6094,33833.6094,269160000
2023-06-09,33852.4414,33975.3203,33787.1602,33876.7812,33876.7812,262310000
2023-06-12,33906.8008,34077.8398,33878.4609,34066.3281,34066.3281,308130000
2023-06-13,34111.0781,34310.2812,34107.9805,34212.1211,34212.1211,308790000
2023-06-14,34044.6992,34151.4219,33783.5508,33979.3281,33979.3281,354910000
2023-06-15,33945.9805,34488.9805,33945.9805,34408.0586,34408.0586,361400000
2023-06-16,34464.0195,34588.6797,34285.6914,34299.1211,34299.1211,595230000
2023-06-20,34206.6602,34206.6602,33915.9297,34053.8711,34053.8711,334810000
2023-06-21,33990.5586,34097.9297,33876.1719,33951.5195,33951.5195,323690000
2023-06-22,33900.4688,34003.5586,33835.3906,33946.7109,33946.7109,275600000
2023-06-23,33835.6602,33835.6602,33646.4883,33727.4297,33727.4297,379800000
2023-06-26,33730.7891,33819.4883,33610.3203,33714.7109,33714.7109,265330000
2023-06-27,33739.0312,33975.6484,33730.3906,33926.7383,33926.7383,293210000
2023-06-28,33881.3789,33903.7617,33755.9219,33852.6602,33852.6602,268050000
2023-06-29,33854.5703,34147.6797,33828.6289,34122.4219,34122.4219,279940000
2023-06-30,34269.9219,34467.3516,34269.9219,34407.6016,34407.6016,351060000
2023-07-03,34369.7812,34465.6016,34286.5391,34418.4688,34418.4688,157590000
2023-07-05,34344.7188,34376.1094,34226.9805,34288.6406,34288.6406,274570000
2023-07-06,34171.3906,34171.3906,33771.4688,33922.2617,33922.2617,293840000
2023-07-07,33837.0703,34036.3789,33716.7500,33734.8789,33734.8789,272730000
2023-07-10,33705.6797,33958.3594,33705.6797,33944.3984,33944.3984,299200000
2023-07-11,34056.9414,34288.8711,33993.0117,34261.4219,34261.4219,278940000
2023-07-12,34395.2812,34586.9414,34308.7812,34347.4297,34347.4297,331410000
2023-07-13,34412.3086,34482.2617,34365.3281,34395.1406,34395.1406,267180000
2023-07-14,34425.3281,34592.2617,34425.3281,34509.0312,34509.0312,293540000
2023-07-17,34499.7383,34665.1484,34418.7188,34585.3516,34585.3516,359780000
2023-07-18,34597.0781,34986.3594,34530.6094,34951.9297,34951.9297,385940000
2023-07-19,34991.2109,35234.0508,34991.2109,35061.2109,35061.2109,365130000
2023-07-20,35091.9805,35372.7695,35091.9805,35225.1797,35225.1797,340880000
2023-07-21,35274.3203,35340.6602,35186.0508,35227.6914,35227.6914,465270000
2023-07-24,35230.7891,35463.9688,35230.7891,35411.2383,35411.2383,284460000
2023-07-25,35421.4883,35527.5703,35365.2617,35438.0703,35438.0703,299530000
2023-07-26,35345.9883,35633.6094,35306.2695,35520.1211,35520.1211,346240000
2023-07-27,35558.7891,35645.3516,35216.5781,35282.7188,35282.7188,352230000
2023-07-28,35443.4883,35565.5117,35355.1484,35459.2891,35459.2891,369000000
2023-07-31,35465.9688,35566.9492,35430.2188,35559.5312,35559.5312,327410000
2023-08-01,35585.9883,35679.1289,35526.6094,35630.6797,35630.6797,259490000
2023-08-02,35551.9219,35551.9219,35226.2617,35282.5195,35282.5195,298570000
2023-08-03,35194.5586,35348.1992,35122.3203,35215.8906,35215.8906,254960000
2023-08-04,35230.1289,35506.8789,35033.7617,35065.6211,35065.6211,338290000
2023-08-07,35125.6016,35497.3789,35125.6016,35473.1289,35473.1289,300150000
2023-08-08,35345.3984,35346.6406,35007.4102,35314.4883,35314.4883,303840000
2023-08-09,35324.2812,35370.8906,35058.7305,35123.3594,35123.3594,306680000
2023-08-10,35231.5391,35578.5781,35107.6016,35176.1484,35176.1484,337110000
2023-08-11,35111.3594,35354.6016,35059.9883,35281.3984,35281.3984,277840000
2023-08-14,35273.8906,35335.4492,35169.9688,35307.6289,35307.6289,300250000
2023-08-15,35219.3711,35219.3711,34908.5000,34946.3906,34946.3906,323920000
2023-08-16,34914.9609,35133.5586,34757.3711,34765.7383,34765.7383,332310000
2023-08-17,34829.6094,34888.4805,34440.7305,34474.8281,34474.8281,392850000
2023-08-18,34368.3594,34587.0703,34263.1914,34500.6602,34500.6602,320680000
2023-08-21,34531.2812,34570.9609,34248.4609,34463.6914,34463.6914,396490000
2023-08-22,34494.1719,34514.0391,34256.8398,34288.8281,34288.8281,279200000
2023-08-23,34338.5898,34534.7188,34321.0000,34472.9805,34472.9805,360610000
2023-08-24,34439.8281,34694.6797,34093.6484,34099.4219,34099.4219,342520000
2023-08-25,34217.0586,34441.9102,34029.2188,34346.8984,34346.8984,257440000
2023-08-28,34441.6406,34652.9102,34441.6406,34559.9805,34559.9805,224640000
2023-08-29,34531.1211,34864.4219,34531.1211,34852.6719,34852.6719,262550000
2023-08-30,34847.8008,35025.5703,34811.7383,34890.2383,34890.2383,236070000
2023-08-31,34909.0898,35070.2109,34719.7695,34721.9102,34721.9102,341900000
2023-09-01,34876.2383,34979.1797,34720.6992,34837.7109,34837.7109,286370000
2023-09-05,34843.2188,34871.2617,34635.6289,34641.9688,34641.9688,283540000
2023-09-06,34611.6797,34611.6797,34291.5586,34443.1914,34443.1914,308900000
2023-09-07,34351.1797,34560.8594,34351.1797,34500.7305,34500.7305,386980000
2023-09-08,34487.4102,34627.8516,34473.5703,34576.5898,34576.5898,293990000
2023-09-11,34650.0117,34784.5195,34578.5898,34663.7188,34663.7188,291720000
2023-09-12,34620.0195,34852.6094,34560.5508,34645.9883,34645.9883,318670000
2023-09-13,34667.2812,34767.1094,34509.9492,34575.5312,34575.5312,295480000
2023-09-14,34687.5000,34977.9688,34687.5000,34907.1094,34907.1094,305180000
2023-09-15,34902.0391,34902.0391,34572.2695,34618.2383,34618.2383,582160000
2023-09-18,34612.2891,34725.0586,34545.3516,34624.3008,34624.3008,252700000
2023-09-19,34571.8398,34597.5586,34311.6914,34517.7305,34517.7305,282830000
2023-09-20,34575.5000,34776.2812,34434.2891,34440.8789,34440.8789,291650000
2023-09-21,34332.2305,34378.3008,34058.7188,34070.4219,34070.4219,331930000
2023-09-22,34077.0781,34156.1484,33947.2383,33963.8398,33963.8398,268760000
2023-09-25,33907.5898,34017.5312,33780.6719,34006.8789,34006.8789,229450000
2023-09-26,33862.6797,33879.9297,33569.6016,33618.8789,33618.8789,280100000
2023-09-27,33682.8086,33731.6484,33306.3008,33550.2695,33550.2695,300330000
2023-09-28,33519.4414,33777.8984,33473.5000,33666.3398,33666.3398,275610000
2023-09-29,33882.6094,33893.6797,33407.4492,33507.5000,33507.5000,319830000
2023-10-02,33455.5000,33511.9102,33219.5586,33433.3516,33433.3516,275630000
2023-10-03,33318.8398,33398.5391,32916.1992,33002.3789,33002.3789,293450000
2023-10-04,33034.1797,33156.4492,32873.2305,33129.5508,33129.5508,287030000
2023-10-05,33099.2305,33174.3789,32941.5586,33119.5703,33119.5703,277250000
2023-10-06,33040.6992,33557.6914,32846.9414,33407.5781,33407.5781,332990000
2023-10-09,33259.8398,33631.8086,33253.6914,33604.6484,33604.6484,228760000
2023-10-10,33683.4102,33898.2188,33604.3203,33739.3008,33739.3008,255640000
2023-10-11,33822.1992,33882.5508,33612.2500,33804.8711,33804.8711,256560000
2023-10-12,33845.6484,33863.8008,33455.6016,33631.1406,33631.1406,289160000
2023-10-13,33733.3398,33957.7188,33551.5781,33670.2891,33670.2891,306340000
2023-10-16,33832.4219,34088.9805,33832.4219,33984.5391,33984.5391,270060000
2023-10-17,33869.8398,34147.6289,33854.6992,33997.6484,33997.6484,281010000
2023-10-18,33960.2500,33991.5117,33598.6406,33665.0781,33665.0781,285410000
2023-10-19,33669.5195,33852.3906,33368.5781,33414.1719,33414.1719,304320000
2023-10-20,33365.2695,33425.7695,33118.1211,33127.2812,33127.2812,325530000
2023-10-23,32993.0195,33234.8516,32892.1914,32936.4102,32936.4102,342500000
2023-10-24,33089.6406,33272.1914,32988.4297,33141.3789,33141.3789,359230000
2023-10-25,33203.5312,33267.9102,32989.7188,33035.9297,33035.9297,355690000
2023-10-26,33017.1719,33105.0312,32743.9902,32784.3008,32784.3008,379880000
2023-10-27,32782.3984,32787.5586,32327.1992,32417.5898,32417.5898,376970000
2023-10-30,32537.5391,33002.9688,32537.5391,32928.9609,32928.9609,298640000
2023-10-31,33029.1094,33070.2812,32787.1211,33052.8711,33052.8711,306950000
2023-11-01,33081.8711,33337.1484,33010.8516,33274.5781,33274.5781,307570000
2023-11-02,33457.8203,33852.9609,33450.0312,33839.0781,33839.0781,304350000
2023-11-03,33988.8281,34163.6289,33946.6016,34061.3203,34061.3203,311000000
2023-11-06,34092.6094,34167.2617,33989.7188,34095.8594,34095.8594,265570000
2023-11-07,34075.6484,34206.9805,34026.7188,34152.6016,34152.6016,281790000
2023-11-08,34185.9219,34252.7500,33996.1992,34112.2695,34112.2695,280330000
2023-11-09,34163.7109,34167.5391,33859.7695,33891.9414,33891.9414,325400000
2023-11-10,34020.8203,34310.3594,33905.6211,34283.1016,34283.1016,302460000
2023-11-13,34259.2500,34405.8398,34205.8086,34337.8711,34337.8711,245090000
2023-11-14,34581.1992,34931.0117,34581.1992,34827.6992,34827.6992,328050000
2023-11-15,34906.7188,35051.1016,34868.4805,34991.2109,34991.2109,347790000
2023-11-16,34868.0312,35022.4609,34818.0312,34945.4688,34945.4688,435540000
2023-11-17,34964.8203,35028.2188,34882.8203,34947.2812,34947.2812,334820000
2023-11-20,34932.4883,35227.4805,34907.9805,35151.0391,35151.0391,331050000
2023-11-21,35104.8398,35118.0391,35038.4414,35088.2891,35088.2891,271120000
2023-11-22,35189.3281,35315.1992,35155.8008,35273.0312,35273.0312,237290000
2023-11-24,35299.8984,35399.4414,35299.8984,35390.1484,35390.1484,117040000
2023-11-27,35376.4414,35410.3711,35280.5703,35333.4688,35333.4688,258340000
2023-11-28,35332.1289,35518.6719,35307.7305,35416.9805,35416.9805,256210000
2023-11-29,35436.8008,35579.1289,35405.8906,35430.4219,35430.4219,299330000
2023-11-30,35596.5703,35970.6992,35592.2188,35950.8906,35950.8906,435540000
2023-12-01,35914.4492,36264.8516,35914.4492,36245.5000,36245.5000,321840000
2023-12-04,36089.3789,36238.1797,36029.6914,36204.4414,36204.4414,329450000
2023-12-05,36135.6484,36164.6797,36010.8516,36124.5586,36124.5586,309250000
2023-12-06,36183.7305,36292.5781,36024.2500,36054.4297,36054.4297,283240000
2023-12-07,36124.1719,36164.1719,36021.9492,36117.3789,36117.3789,287280000
2023-12-08,36084.8203,36296.1992,36061.6406,36247.8711,36247.8711,295180000
2023-12-11,36254.3281,36416.1797,36231.1914,36404.9297,36404.9297,342490000
2023-12-12,36442.1016,36596.1094,36373.2188,36577.9414,36577.9414,292770000
2023-12-13,36601.8008,37094.8516,36523.5898,37090.2383,37090.2383,354790000
2023-12-14,37115.6289,37287.5000,37051.5195,37248.3516,37248.3516,455820000
2023-12-15,37194.5000,37347.6016,37092.0195,37305.1602,37305.1602,788160000
2023-12-18,37330.1406,37393.4492,37284.8516,37306.0195,37306.0195,292120000
2023-12-19,37311.8203,37562.8281,37311.8203,37557.9219,37557.9219,272740000
2023-12-20,37520.1289,37641.3008,37073.0391,37082.0000,37082.0000,303450000
2023-12-21,37225.3203,37418.7617,37127.0508,37404.3516,37404.3516,253120000
2023-12-22,37349.2695,37534.5195,37268.8789,37385.9688,37385.9688,252970000
2023-12-26,37405.8984,37617.9883,37371.8281,37545.3281,37545.3281,212420000
2023-12-27,37518.6211,37683.6992,37488.6016,37656.5195,37656.5195,245530000
2023-12-28,37661.5195,37778.8516,37650.9805,37710.1016,37710.1016,199550000
2023-12-29,37701.6289,37759.4297,37538.8008,37689.5391,37689.5391,234570000
2024-01-02,37566.2188,37790.0781,37495.9102,37715.0391,37715.0391,350280000
2024-01-03,37629.2305,37629.2305,37401.8516,37430.1914,37430.1914,322010000
2024-01-04,37425.2812,37716.4102,37425.2812,37440.3398,37440.3398,380220000
2024-01-05,37455.4609,37623.6211,37323.8203,37466.1094,37466.1094,299480000
2024-01-08,37327.3711,37692.9219,37249.2383,37683.0117,37683.0117,362200000
2024-01-09,37523.5508,37552.3789,37373.3008,37525.1602,37525.1602,289860000
2024-01-10,37552.9102,37740.7695,37524.3984,37695.7305,37695.7305,279540000
2024-01-11,37747.1406,37801.8984,37424.2812,37711.0195,37711.0195,299540000
2024-01-12,37818.0508,37825.2695,37470.1914,37592.9805,37592.9805,279250000
2024-01-16,37493.5391,37543.1797,37201.3906,37361.1211,37361.1211,378280000
2024-01-17,37281.8594,37371.6602,37132.8906,37266.6719,37266.6719,290880000
2024-01-18,37300.8086,37522.2891,37122.9492,37468.6094,37468.6094,340620000
2024-01-19,37572.5000,37933.7305,37451.7109,37863.8008,37863.8008,377650000
2024-01-22,37919.5508,38109.1992,37911.6094,38001.8086,38001.8086,339560000
2024-01-23,37959.7891,37980.7305,37804.9883,37905.4492,37905.4492,334110000
2024-01-24,37975.3711,38064.2188,37795.7109,37806.3906,37806.3906,336090000
2024-01-25,37862.5703,38057.5312,37796.4688,38049.1289,38049.1289,402970000
2024-01-26,38006.6797,38215.3086,37997.7695,38109.4297,38109.4297,387000000
2024-01-29,38115.8281,38343.9297,38061.1719,38333.4492,38333.4492,312480000
2024-01-30,38298.2305,38497.3906,38257.8008,38467.3086,38467.3086,326640000
2024-01-31,38426.7812,38588.8594,38139.6602,38150.3008,38150.3008,453250000
2024-02-01,38175.3398,38522.5000,38106.8398,38519.8398,38519.8398,321830000
2024-02-02,38448.1016,38783.6211,38336.5703,38654.4219,38654.4219,379760000
2024-02-05,38546.7695,38633.8789,38220.3984,38380.1211,38380.1211,322290000
2024-02-06,38392.8984,38545.2812,38350.4609,38521.3594,38521.3594,276140000
2024-02-07,38613.8906,38748.1094,38571.0117,38677.3594,38677.3594,302210000
2024-02-08,38702.1094,38755.6797,38544.3594,38726.3281,38726.3281,315510000
2024-02-09,38731.9688,38734.2812,38567.8984,38671.6914,38671.6914,299970000
2024-02-12,38656.7617,38927.0781,38628.9219,38797.3789,38797.3789,273020000
2024-02-13,38699.1719,38699.1719,38039.8594,38272.7500,38272.7500,318390000
2024-02-14,38372.6719,38442.5586,38194.6211,38424.2695,38424.2695,274610000
2024-02-15,38397.9414,38781.8906,38397.9414,38773.1211,38773.1211,303840000
2024-02-16,38751.7109,38825.0312,38583.2383,38627.9883,38627.9883,282210000
2024-02-20,38576.2617,38663.0898,38460.1992,38563.8008,38563.8008,335990000
2024-02-21,38483.6602,38618.0312,38338.5781,38612.2383,38612.2383,279510000
2024-02-22,38845.1914,39149.6094,38802.0703,39069.1094,39069.1094,324630000
2024-02-23,39127.9688,39282.2812,39094.3594,39131.5312,39131.5312,286910000
2024-02-26,39144.7891,39245.8906,39025.8008,39069.2305,39069.2305,296930000
2024-02-27,39087.8984,39087.8984,38881.8984,38972.4102,38972.4102,272860000
2024-02-28,38938.0781,38956.4609,38741.6797,38949.0195,38949.0195,272560000
2024-02-29,39013.7500,39074.1289,38809.2812,38996.3906,38996.3906,519690000
2024-03-01,38989.5117,39120.3594,38850.5000,39087.3789,39087.3789,331030000
2024-03-04,38968.7695,39087.8594,38913.3008,38989.8281,38989.8281,386290000
2024-03-05,38906.9805,38906.9805,38457.8281,38585.1914,38585.1914,393750000
2024-03-06,38721.1484,38858.1289,38570.8008,38661.0508,38661.0508,347900000
2024-03-07,38784.3008,38910.3516,38730.1289,38791.3516,38791.3516,335580000
2024-03-08,38776.8008,38971.1484,38705.0312,38722.6914,38722.6914,342030000
2024-03-11,38667.2109,38794.7617,38483.2500,38769.6602,38769.6602,300190000
2024-03-12,38883.3203,39071.5586,38711.3906,39005.4883,39005.4883,329090000
2024-03-13,39054.5781,39201.9414,38937.9219,39043.3203,39043.3203,330930000
2024-03-14,39122.3906,39160.2500,38704.3594,38905.6602,38905.6602,375810000
2024-03-15,38809.6484,38928.1289,38618.1992,38714.7695,38714.7695,774360000
2024-03-18,38826.9297,38898.4102,38760.7891,38790.4297,38790.4297,327950000
2024-03-19,38819.6094,39122.7109,38761.2812,39110.7617,39110.7617,310610000
2024-03-20,39072.0508,39529.1289,38988.6484,39512.1289,39512.1289,350050000
2024-03-21,39661.0312,39889.0508,39589.2305,39781.3711,39781.3711,408990000
2024-03-22,39774.0586,39824.7617,39469.5312,39475.8984,39475.8984,332340000
2024-03-25,39410.5391,39430.1719,39296.0312,39313.6406,39313.6406,323670000
2024-03-26,39338.3203,39439.4414,39277.1914,39282.3281,39282.3281,306940000
2024-03-27,39461.9805,39769.4102,39461.9805,39760.0781,39760.0781,332190000
2024-03-28,39763.7383,39868.5898,39717.2500,39807.3711,39807.3711,360970000
2024-04-01,39807.9297,39815.0000,39491.2188,39566.8516,39566.8516,269470000
2024-04-02,39256.2695,39256.2695,39051.6992,39170.2383,39170.2383,319590000
2024-04-03,39139.5898,39305.7617,39017.1289,39127.1406,39127.1406,364180000
2024-04-04,39343.6016,39421.3516,38559.4219,38596.9805,38596.9805,356510000
2024-04-05,38664.9805,39040.1719,38602.1797,38904.0391,38904.0391,317110000
2024-04-08,38916.4219,39013.1992,38857.6992,38892.8008,38892.8008,291460000
2024-04-09,38983.6602,38992.8906,38572.0898,38883.6719,38883.6719,328700000
2024-04-10,38662.2812,38662.2812,38304.6602,38461.5117,38461.5117,317580000
2024-04-11,38523.2617,38598.9805,38197.2812,38459.0781,38459.0781,356640000
2024-04-12,38319.1406,38319.1406,37877.3008,37983.2383,37983.2383,440910000
2024-04-15,38075.3789,38386.8086,37657.7891,37735.1094,37735.1094,389170000
2024-04-16,37992.2188,37992.2188,37713.6992,37798.9688,37798.9688,339480000
2024-04-17,37949.6719,38036.6992,37611.5586,37753.3086,37753.3086,314650000
2024-04-18,37847.2109,38083.7617,37681.5195,37775.3789,37775.3789,300230000
2024-04-19,37801.9805,38102.5703,37781.6094,37986.3984,37986.3984,420460000
2024-04-22,38116.8906,38447.1602,37985.0703,38239.9805,38239.9805,351650000
2024-04-23,38356.0703,38561.5000,38297.7188,38503.6914,38503.6914,329420000
2024-04-24,38552.7891,38552.7891,38310.5508,38460.9219,38460.9219,337230000
2024-04-25,38052.0898,38157.2188,37754.3789,38085.8008,38085.8008,408170000
2024-04-26,38114.6992,38337.6406,38065.0508,38239.6602,38239.6602,398680000
2024-04-29,38282.1602,38406.1992,38215.4688,38386.0898,38386.0898,343630000
2024-04-30,38337.3984,38337.3984,37810.1211,37815.9219,37815.9219,448480000
2024-05-01,37845.5586,38349.1992,37780.5391,37903.2891,37903.2891,413540000
2024-05-02,38075.6484,38295.2891,37895.6602,38225.6602,38225.6602,355910000
2024-05-03,38709.3594,38808.5195,38518.2812,38675.6797,38675.6797,410530000
2024-05-06,38762.4297,38886.4688,38689.3789,38852.2695,38852.2695,315550000
2024-05-07,38858.9414,38977.6094,38840.3984,38884.2617,38884.2617,360930000
2024-05-08,38818.8984,39094.7383,38814.9883,39056.3906,39056.3906,292340000
2024-05-09,39064.2695,39413.6602,38988.8516,39387.7617,39387.7617,303270000
2024-05-10,39466.5195,39579.8789,39406.2617,39512.8398,39512.8398,289480000
2024-05-13,39591.2812,39647.3906,39403.0508,39431.5117,39431.5117,323370000
2024-05-14,39466.7617,39616.4102,39371.9219,39558.1094,39558.1094,320860000
2024-05-15,39615.1016,39935.0391,39615.1016,39908.0000,39908.0000,411190000
2024-05-16,39912.3398,40051.0508,39864.6797,39869.3789,39869.3789,400560000
2024-05-17,39911.7188,40010.8789,39858.8594,40003.5898,40003.5898,300260000
2024-05-20,39989.7617,40077.3984,39787.0898,39806.7695,39806.7695,272420000
2024-05-21,39804.3984,39905.8008,39778.7305,39872.9883,39872.9883,314120000
2024-05-22,39863.3281,39890.9102,39559.0898,39671.0391,39671.0391,258430000
2024-05-23,39694.9492,39694.9492,39025.5117,39065.2617,39065.2617,335640000
2024-05-24,39089.2305,39220.3086,39020.2891,39069.5898,39069.5898,249810000
2024-05-28,39028.9883,39028.9883,38706.1406,38852.8594,38852.8594,303340000
2024-05-29,38716.2812,38716.2812,38413.6719,38441.5391,38441.5391,292280000
2024-05-30,38368.3516,38493.6016,38000.9609,38111.4805,38111.4805,360090000
2024-05-31,38140.2617,38719.4297,38092.2695,38686.3203,38686.3203,618200000
2024-06-03,38709.9883,38735.6094,38247.2188,38571.0312,38571.0312,314010000
2024-06-04,38518.8594,38786.6211,38397.8203,38711.2891,38711.2891,304450000
2024-06-05,38774.8203,38844.3203,38548.7695,38807.3281,38807.3281,310970000
2024-06-06,38825.3984,39004.1602,38735.9883,38886.1719,38886.1719,269000000
2024-06-07,38861.2383,39105.2305,38751.8516,38798.9883,38798.9883,265850000
2024-06-10,38784.8984,38877.8594,38665.4492,38868.0391,38868.0391,330580000
2024-06-11,38795.7109,38795.7109,38446.2383,38747.4219,38747.4219,383090000
2024-06-12,38950.6484,39120.2617,38621.4492,38712.2109,38712.2109,472280000
2024-06-13,38677.1211,38712.2109,38407.6992,38647.1016,38647.1016,341330000
2024-06-14,38528.3906,38595.2383,38305.8516,38589.1602,38589.1602,272200000
2024-06-17,38565.1797,38839.8789,38431.9492,38778.1016,38778.1016,346190000
2024-06-18,38779.1211,38936.9297,38727.6719,38834.8594,38834.8594,324260000
2024-06-20,38804.7305,39232.5000,38778.4609,39134.7617,39134.7617,397010000
2024-06-21,39208.5117,39257.1797,39061.6719,39150.3281,39150.3281,818670000
2024-06-24,39184.4883,39571.2305,39184.4883,39411.2109,39411.2109,373940000
2024-06-25,39398.7891,39423.2617,38997.2305,39112.1602,39112.1602,339010000
2024-06-26,39063.1484,39183.7383,38908.9883,39127.8008,39127.8008,333100000
2024-06-27,39107.1016,39250.6914,39026.7500,39164.0586,39164.0586,338010000
2024-06-28,39092.3906,39443.6016,38937.1484,39118.8594,39118.8594,679630000
2024-07-01,39186.1992,39438.3594,39037.9414,39169.5195,39169.5195,346210000
2024-07-02,39108.2500,39340.4883,39085.6914,39331.8516,39331.8516,317380000
2024-07-03,39358.9492,39411.1719,39230.8594,39308.0000,39308.0000,202070000
2024-07-05,39313.3984,39399.6211,39168.6992,39375.8711,39375.8711,325230000
2024-07-08,39391.9805,39654.9609,39278.4297,39344.7891,39344.7891,358320000
2024-07-09,39357.3711,39492.2812,39146.6016,39291.9688,39291.9688,361410000
2024-07-10,39272.4492,39736.1992,39256.7188,39721.3594,39721.3594,334180000
2024-07-11,39695.1797,39875.6016,39623.1211,39753.7500,39753.7500,361530000
2024-07-12,39783.2812,40257.2383,39783.2812,40000.8984,40000.8984,325780000
2024-07-15,40138.3984,40351.1016,40136.1016,40211.7188,40211.7188,308880000
2024-07-16,40263.7812,40988.8086,40263.7812,40954.4805,40954.4805,306390000
2024-07-17,40862.5703,41221.9805,40849.7109,41198.0781,41198.0781,433450000
2024-07-18,41156.5586,41376.0000,40597.5000,40665.0195,40665.0195,393450000
2024-07-19,40592.3516,40626.1602,40203.2695,40287.5312,40287.5312,348530000
2024-07-22,40414.4883,40472.5312,40222.7695,40415.4414,40415.4414,351670000
2024-07-23,40443.7305,40527.8906,40319.6992,40358.0898,40358.0898,287390000
2024-07-24,40210.6289,40258.4414,39807.4492,39853.8711,39853.8711,394210000
2024-07-25,39828.6289,40438.8203,39817.5000,39935.0703,39935.0703,375790000
2024-07-26,40140.8594,40753.8281,40140.8594,40589.3398,40589.3398,332070000
2024-07-29,40665.7109,40682.4883,40388.8281,40539.9297,40539.9297,272200000
2024-07-30,40622.1289,40866.2500,40529.1016,40743.3281,40743.3281,350910000
2024-07-31,40768.8789,41198.6289,40655.8906,40842.7891,40842.7891,420090000
2024-08-01,40916.9609,41096.6602,40098.5703,40347.9688,40347.9688,472030000
2024-08-02,40075.3281,40075.3281,39358.6797,39737.2617,39737.2617,827820000
2024-08-05,39056.1914,39056.1914,38499.2695,38703.2695,38703.2695,661280000
2024-08-06,38736.2188,39449.5312,38638.3008,38997.6602,38997.6602,462650000
2024-08-07,39230.0898,39477.9609,38731.5117,38763.4492,38763.4492,428250000
2024-08-08,38940.3789,39508.3984,38922.7891,39446.4883,39446.4883,376440000
2024-08-09,39408.0586,39628.6602,39230.4297,39497.5391,39497.5391,316320000
2024-08-12,39556.0117,39587.0586,39251.7188,39357.0117,39357.0117,312380000
2024-08-13,39445.2695,39792.8008,39392.4102,39765.6406,39765.6406,365560000
2024-08-14,39800.5898,40068.7500,39737.1992,40008.3906,40008.3906,317800000
2024-08-15,40295.7383,40590.5117,40295.7383,40563.0586,40563.0586,446850000
2024-08-16,40528.8594,40726.0312,40453.5781,40659.7617,40659.7617,323210000
2024-08-19,40670.8281,40907.3203,40670.8281,40896.5312,40896.5312,283890000
2024-08-20,40874.5195,40909.3789,40756.6484,40834.9688,40834.9688,299380000
2024-08-21,40881.0312,40974.3984,40738.4297,40890.4883,40890.4883,281460000
2024-08-22,40932.2305,41026.6406,40584.4688,40712.7812,40712.7812,310470000
2024-08-23,40879.1211,41207.9219,40842.9609,41175.0781,41175.0781,300080000
2024-08-26,41200.8398,41420.0508,41140.2305,41240.5195,41240.5195,249300000
2024-08-27,41186.2812,41271.7500,41109.4219,41250.5000,41250.5000,256160000
2024-08-28,41250.1719,41351.1094,40842.2891,41091.4219,41091.4219,272170000
2024-08-29,41345.5000,41577.9688,41086.8086,41335.0508,41335.0508,309820000
2024-08-30,41366.1602,41585.2109,41145.8516,41563.0781,41563.0781,494900000
2024-09-03,41489.6719,41489.6719,40778.0898,40936.9297,40936.9297,420530000
2024-09-04,40872.0586,41172.5898,40840.8906,40974.9688,40974.9688,359380000
2024-09-05,41056.3281,41084.7812,40519.0781,40755.7500,40755.7500,331250000
2024-09-06,40756.8086,41009.3906,40297.3281,40345.4102,40345.4102,370440000
2024-09-09,40555.1094,41000.2383,40518.0586,40829.5898,40829.5898,376720000
2024-09-10,40916.5000,40916.5000,40417.4805,40736.9609,40736.9609,360950000
2024-09-11,40638.7617,40903.6797,39993.0703,40861.7109,40861.7109,356040000
2024-09-12,40862.1094,41107.3516,40665.5312,41096.7695,41096.7695,289300000
2024-09-13,41153.6992,41533.8398,41128.6992,41393.7812,41393.7812,276800000
2024-09-16,41435.1719,41733.9688,41435.1719,41622.0781,41622.0781,408670000
2024-09-17,41723.7812,41835.2812,41470.6914,41606.1797,41606.1797,448610000
2024-09-18,41628.9102,41981.9688,41449.0000,41503.1016,41503.1016,383600000
2024-09-19,41972.5586,42160.9102,41832.0898,42025.1914,42025.1914,429760000
2024-09-20,41959.4297,42138.4102,41865.9492,42063.3594,42063.3594,1207660000
2024-09-23,42060.3984,42190.0508,42012.2188,42124.6484,42124.6484,455200000
2024-09-24,42234.9883,42281.0586,42056.8203,42208.2188,42208.2188,401020000
2024-09-25,42236.0898,42299.6406,41859.7305,41914.7500,41914.7500,374960000
2024-09-26,42113.4219,42224.1484,42036.2812,42175.1094,42175.1094,353600000
2024-09-27,42227.9492,42628.3203,42227.9492,42313.0000,42313.0000,329840000
2024-09-30,42289.7500,42347.6602,41929.0703,42330.1484,42330.1484,354430000
2024-10-01,42262.9688,42322.3594,41945.6289,42156.9688,42156.9688,380240000
2024-10-02,42125.1406,42259.5195,41968.7891,42196.5195,42196.5195,301760000
2024-10-03,42099.5312,42125.8398,41847.8086,42011.5898,42011.5898,267260000
2024-10-04,42248.2617,42361.3789,41972.1094,42352.7500,42352.7500,296550000
2024-10-07,42289.5117,42293.6406,41831.7383,41954.2383,41954.2383,307230000
2024-10-08,42022.6484,42128.5586,41874.7188,42080.3711,42080.3711,284500000
2024-10-09,42070.3203,42562.0117,41993.3516,42512.0000,42512.0000,267400000
2024-10-10,42511.3711,42511.3711,42308.0391,42454.1211,42454.1211,245570000
2024-10-11,42507.5312,42899.7500,42507.5312,42863.8594,42863.8594,265330000
2024-10-14,42800.8906,43139.0000,42707.1406,43065.2188,43065.2188,240050000
2024-10-15,43240.1719,43277.7812,42703.1719,42740.4219,42740.4219,360880000
2024-10-16,42706.4883,43100.8398,42692.3711,43077.6992,43077.6992,297510000
2024-10-17,43119.8086,43289.7617,43119.8086,43239.0508,43239.0508,267370000
2024-10-18,43187.1211,43325.0898,43036.3516,43275.9102,43275.9102,295500000
2024-10-21,43222.2109,43310.8711,42877.5703,42931.6016,42931.6016,273590000
2024-10-22,42876.8398,43041.0508,42718.2617,42924.8906,42924.8906,335200000
2024-10-23,42834.3984,42834.3984,42293.1719,42514.9492,42514.9492,356610000
2024-10-24,42522.5508,42522.5508,42191.8281,42374.3594,42374.3594,282680000
2024-10-25,42477.5117,42594.6406,42051.3906,42114.3984,42114.3984,314000000
2024-10-28,42264.5391,42476.4609,42264.5391,42387.5703,42387.5703,284770000
2024-10-29,42323.4805,42491.8594,42171.6484,42233.0508,42233.0508,373550000
2024-10-30,42249.8086,42457.9219,42141.5391,42141.5391,42141.5391,377420000
2024-10-31,41956.3398,41991.9102,41704.6289,41763.4609,41763.4609,497370000
2024-11-01,41869.8203,42326.3086,41869.8203,42052.1914,42052.1914,531350000
2024-11-04,42004.6602,42035.8711,41647.3008,41794.6016,41794.6016,341500000
2024-11-05,41835.4883,42258.8398,41766.9609,42221.8789,42221.8789,283990000
2024-11-06,42850.3984,43778.7812,42850.3984,43729.9297,43729.9297,550400000
2024-11-07,43718.9219,43823.1016,43641.9219,43729.3398,43729.3398,437510000
2024-11-08,43768.5312,44157.2891,43733.8594,43988.9883,43988.9883,454570000
2024-11-11,44057.6484,44486.6992,44057.6484,44293.1289,44293.1289,451940000
2024-11-12,44359.2109,44405.7305,43887.2695,43910.9805,43910.9805,482720000
2024-11-13,43880.4609,44141.3281,43829.9805,43958.1914,43958.1914,500190000
2024-11-14,44032.3789,44080.7812,43704.8203,43750.8594,43750.8594,545090000
2024-11-15,43587.9297,43647.5312,43350.4297,43444.9883,43444.9883,664320000
2024-11-18,43431.8906,43505.6602,43297.5703,43389.6016,43389.6016,527180000
2024-11-19,43243.2695,43380.9688,42938.8711,43268.9414,43268.9414,497970000
2024-11-20,43296.0508,43465.7695,43074.8594,43408.4688,43408.4688,559010000
2024-11-21,43538.6992,44020.3086,43345.5781,43870.3516,43870.3516,712120000
2024-11-22,43871.6289,44323.9492,43871.6289,44296.5117,44296.5117,533010000
2024-11-25,44385.4883,44815.6719,44385.4883,44736.5703,44736.5703,826660000
2024-11-26,44614.8906,44903.0117,44426.6602,44860.3086,44860.3086,476170000
2024-11-27,44837.7500,45003.0586,44690.2305,44722.0586,44722.0586,451360000
2024-11-29,44760.0508,45071.2891,44760.0508,44910.6484,44910.6484,319210000
2024-12-02,44925.8594,45001.6602,44710.1602,44782.0000,44782.0000,439740000
2024-12-03,44769.5781,44914.6797,44574.7812,44705.5312,44705.5312,429130000
2024-12-04,44941.0508,45073.6289,44799.7383,45014.0391,45014.0391,554420000
2024-12-05,45038.4414,45059.9414,44747.1406,44765.7109,44765.7109,457340000
2024-12-06,44824.2891,44923.7383,44596.4609,44642.5195,44642.5195,466910000
2024-12-09,44637.9688,44728.5117,44382.8281,44401.9297,44401.9297,503920000
2024-12-10,44291.5703,44470.8398,44186.6602,44247.8281,44247.8281,482660000
2024-12-11,44300.4102,44376.1797,44135.7383,44148.5586,44148.5586,512650000
2024-12-12,44168.6602,44208.6016,43903.2695,43914.1211,43914.1211,396050000
2024-12-13,43929.1484,44054.2305,43790.4805,43828.0586,43828.0586,455380000
2024-12-16,43825.7617,43951.5781,43686.8516,43717.4805,43717.4805,579350000
2024-12-17,43656.4688,43656.4688,43336.2188,43449.8984,43449.8984,593670000
2024-12-18,43459.7188,43688.9688,42300.0391,42326.8711,42326.8711,627570000
2024-12-19,42464.1289,42787.8516,42334.1289,42342.2383,42342.2383,560200000
2024-12-20,42296.2617,43216.0312,42146.3281,42840.2617,42840.2617,1121300000
2024-12-23,42800.4883,42957.7891,42516.8711,42906.9492,42906.9492,449390000
2024-12-24,42916.4805,43297.6484,42871.7617,43297.0312,43297.0312,230410000
2024-12-26,43201.8516,43373.9805,43115.0898,43325.8008,43325.8008,270350000
2024-12-27,43142.3711,43238.8516,42761.5586,42992.2109,42992.2109,376960000
2024-12-30,42863.8594,42863.8594,42263.5117,42573.7305,42573.7305,383300000
2024-12-31,42636.6992,42779.6914,42421.2891,42544.2188,42544.2188,359210000
2025-01-02,42660.0898,42905.0898,42174.8008,42392.2695,42392.2695,459850000
2025-01-03,42495.7617,42782.7617,42436.9219,42732.1289,42732.1289,455810000
2025-01-06,42835.5195,43115.3086,42611.1602,42706.5586,42706.5586,557040000
2025-01-07,42809.7109,42931.5391,42380.7500,42528.3594,42528.3594,621630000
2025-01-08,42542.1016,42656.2188,42327.7891,42635.1992,42635.1992,463430000
2025-01-10,42540.2891,42540.2891,41877.3008,41938.4492,41938.4492,543810000
2025-01-13,41924.6797,42319.6016,41844.8906,42297.1211,42297.1211,500190000
2025-01-14,42366.4219,42544.5703,42157.0312,42518.2812,42518.2812,454650000
2025-01-15,42927.7617,43323.4883,42927.7617,43221.5508,43221.5508,479110000
2025-01-16,43290.2500,43294.8086,43081.7500,43153.1289,43153.1289,504270000
2025-01-17,43312.5508,43653.2500,43312.5508,43487.8281,43487.8281,554870000
2025-01-21,43528.6484,44050.1289,43528.6484,44025.8086,44025.8086,592210000
2025-01-22,44178.0586,44208.3398,44042.1094,44156.7305,44156.7305,588430000
2025-01-23,44113.5508,44565.2617,44113.5508,44565.0703,44565.0703,444180000
2025-01-24,44533.7500,44545.5195,44332.2188,44424.2500,44424.2500,532230000
2025-01-27,44148.8398,44727.8516,44026.2695,44713.5781,44713.5781,1230150000
2025-01-28,44756.3594,44976.3516,44621.9609,44850.3516,44850.3516,915110000
2025-01-29,44819.5508,44962.5781,44579.1016,44713.5195,44713.5195,695190000
2025-01-30,44548.6914,45008.7500,44548.6914,44882.1289,44882.1289,714080000
2025-01-31,45054.3594,45054.3594,44507.2188,44544.6602,44544.6602,768530000
2025-02-03,44268.1484,44594.5391,43879.0586,44421.9102,44421.9102,712890000
2025-02-04,44469.4609,44597.7109,44328.5195,44556.0391,44556.0391,561360000
2025-02-05,44563.6289,44886.8789,44352.9883,44873.2812,44873.2812,552040000
2025-02-06,44949.1914,44966.6289,44545.2695,44747.6289,44747.6289,542250000
2025-02-07,44762.5703,44857.1094,44279.7812,44303.3984,44303.3984,552510000
2025-02-10,44396.9219,44622.1914,44301.4219,44470.4102,44470.4102,494600000
2025-02-11,44401.3789,44640.6016,44319.5117,44593.6484,44593.6484,453440000
2025-02-12,44357.6992,44467.2109,44104.4805,44368.5586,44368.5586,444470000
2025-02-13,44425.9414,44768.2617,44366.6211,44711.4297,44711.4297,513960000
2025-02-14,44720.9883,44769.0508,44498.9609,44546.0781,44546.0781,474570000
2025-02-18,44583.9102,44602.0195,44319.3203,44556.3398,44556.3398,551790000
2025-02-19,44478.1211,44636.1914,44312.6484,44627.5898,44627.5898,438880000
2025-02-20,44561.1094,44561.1094,43950.1602,44176.6484,44176.6484,448500000
2025-02-21,43820.1289,43959.7305,43349.3281,43428.0195,43428.0195,622550000
2025-02-24,43493.1211,43699.1484,43343.6719,43461.2109,43461.2109,615500000
2025-02-25,43509.7383,43767.7383,43282.9805,43621.1602,43621.1602,641310000
2025-02-26,43635.4219,43866.5000,43318.9297,43433.1211,43433.1211,590270000
2025-02-27,43516.4414,43884.1914,43224.5312,43239.5000,43239.5000,739620000
2025-02-28,43259.8398,43873.5508,43100.8711,43840.9102,43840.9102,782170000
2025-03-03,43900.4883,44033.7812,42919.3086,43191.2383,43191.2383,731560000
2025-03-04,43040.3008,43084.0000,42347.7500,42520.9883,42520.9883,815780000
2025-03-05,42518.3711,43135.9219,42418.7305,43006.5898,43006.5898,582350000
2025-03-06,42848.4883,42970.4883,42381.5586,42579.0781,42579.0781,643880000
2025-03-07,42503.0703,42898.6797,42175.6211,42801.7188,42801.7188,763440000
2025-03-10,42507.6484,42541.3594,41612.9219,41911.7109,41911.7109,840180000
2025-03-11,41837.9492,41868.2695,41175.3711,41433.4805,41433.4805,828160000
2025-03-12,41577.5000,41721.3594,41010.2383,41350.9297,41350.9297,712360000
2025-03-13,41280.0508,41360.1211,40661.7695,40813.5703,40813.5703,646770000
2025-03-14,41057.5703,41528.1094,40929.5391,41488.1914,41488.1914,600240000
2025-03-17,41460.2188,42013.1016,41412.7500,41841.6289,41841.6289,564190000
2025-03-18,41772.9102,41787.2500,41415.4297,41581.3086,41581.3086,569810000
2025-03-19,41613.1914,42178.4102,41613.1914,41964.6289,41964.6289,577530000
2025-03-20,41795.2617,42250.2891,41695.6094,41953.3203,41953.3203,545240000
2025-03-21,41763.3984,42011.3984,41433.8594,41985.3516,41985.3516,1026600000
2025-03-24,42180.1406,42638.8516,42180.1406,42583.3203,42583.3203,548840000
2025-03-25,42635.5391,42696.6094,42441.8281,42587.5000,42587.5000,452200000
2025-03-26,42655.8516,42821.8281,42326.6719,42454.7891,42454.7891,592650000
2025-03-27,42432.9609,42523.8398,42142.1914,42299.6992,42299.6992,484540000
2025-03-28,42245.8203,42258.1484,41530.0000,41583.8984,41583.8984,532360000
2025-03-31,41382.5195,42147.3789,41148.1289,42001.7617,42001.7617,732220000
2025-04-01,41879.7500,42140.6602,41519.8984,41989.9609,41989.9609,514610000
2025-04-02,41736.0781,42382.2695,41629.6992,42225.3203,42225.3203,492050000
2025-04-03,40986.5195,41173.6211,40513.1094,40545.9297,40545.9297,941940000
2025-04-04,40097.8984,40097.8984,38264.8711,38314.8594,38314.8594,1290100000
2025-04-07,37879.6484,39207.0195,36611.7812,37965.6016,37965.6016,1363960000
2025-04-08,38827.1016,39426.6016,37103.8594,37645.5898,37645.5898,1051220000
2025-04-09,37387.9102,40778.6992,37275.6914,40608.4492,40608.4492,1412960000
2025-04-10,39996.9297,39996.9297,38427.6992,39593.6602,39593.6602,1023490000
2025-04-11,39493.4219,40404.2695,39255.2109,40212.7109,40212.7109,742800000
2025-04-14,40546.1484,40778.2891,40159.0195,40524.7891,40524.7891,667010000
2025-04-15,40527.8203,40791.1797,40346.9414,40368.9609,40368.9609,529800000
2025-04-16,40179.4883,40416.8008,39394.7500,39669.3906,39669.3906,737550000
2025-04-17,39745.5781,39745.5781,38950.3086,39142.2305,39142.2305,657400000
2025-04-21,38906.0391,38906.0391,37830.6602,38170.4102,38170.4102,604790000
2025-04-22,38516.2305,39272.0312,38516.2305,39186.9805,39186.9805,582330000
2025-04-23,39815.0117,40376.1094,39487.1406,39606.5703,39606.5703,642550000
2025-04-24,39531.0508,40157.9102,39371.8711,40093.3984,40093.3984,558120000
2025-04-25,40045.7305,40137.3086,39718.6797,40113.5000,40113.5000,559040000
2025-04-28,40171.7383,40414.1797,39869.1016,40227.5898,40227.5898,475930000
2025-04-29,40233.9805,40630.4883,40222.1797,40527.6211,40527.6211,434830000
2025-04-30,40290.4102,40777.1602,39745.6289,40669.3594,40669.3594,599760000
2025-05-01,40918.0391,41099.5195,40705.6289,40752.9609,40752.9609,597270000
2025-05-02,40960.4219,41386.1914,40960.4219,41317.4297,41317.4297,589870000
2025-05-05,41173.3789,41445.9102,41063.4414,41218.8281,41218.8281,413440000
2025-05-06,41000.1914,41164.3281,40759.4102,40829.0000,40829.0000,416110000
2025-05-07,40956.0781,41266.9102,40829.2891,41113.9688,41113.9688,533870000
2025-05-08,41312.5703,41773.2188,41167.7617,41368.4492,41368.4492,514850000
2025-05-09,41405.4805,41512.4297,41150.7305,41249.3789,41249.3789,373930000
2025-05-12,41899.0508,42418.0508,41899.0508,42410.1016,42410.1016,653810000
2025-05-13,42507.3281,42507.3281,42132.0391,42140.4297,42140.4297,729860000
2025-05-14,42150.0898,42254.7500,41952.8594,42051.0586,42051.0586,660230000
2025-05-15,41777.9805,42351.4219,41777.9805,42322.7500,42322.7500,736430000
2025-05-16,42356.1992,42663.6797,42232.5586,42654.7383,42654.7383,621250000
2025-05-19,42542.8086,42842.0391,42337.7109,42792.0703,42792.0703,536830000
2025-05-20,42735.1094,42800.0391,42485.3711,42677.2383,42677.2383,441530000
2025-05-21,42354.4609,42439.2695,41785.2188,41860.4414,41860.4414,607900000
2025-05-22,41763.6797,42090.4219,41714.4297,41859.0898,41859.0898,476080000
2025-05-23,41525.6992,41788.6094,41354.0898,41603.0703,41603.0703,497060000
2025-05-27,41849.0391,42350.6602,41849.0391,42343.6484,42343.6484,501340000
2025-05-28,42361.6289,42448.7188,42042.2617,42098.6992,42098.6992,518840000
2025-05-29,42190.0195,42266.0000,41828.3516,42215.7305,42215.7305,665310000
2025-05-30,42192.3516,42376.0781,41906.1602,42270.0703,42270.0703,796200000
2025-06-02,42199.9414,42317.0000,41853.6211,42305.4805,42305.4805,454680000
2025-06-03,42304.5000,42568.3789,42186.4414,42519.6406,42519.6406,504410000
2025-06-04,42574.1289,42645.0000,42427.7383,42427.7383,42427.7383,409600000
2025-06-05,42487.8906,42601.4492,42211.6914,42319.7383,42319.7383,532850000
2025-06-06,42631.8203,42924.5586,42582.5508,42762.8711,42762.8711,414540000
2025-06-09,42786.1914,42893.0898,42567.5508,42761.7617,42761.7617,485780000
2025-06-10,42738.2695,42925.9414,42710.0898,42866.8711,42866.8711,446850000
2025-06-11,42882.8594,43115.6914,42738.6211,42865.7695,42865.7695,467260000
2025-06-12,42737.3594,42970.3984,42606.4219,42967.6211,42967.6211,455760000
2025-06-13,42579.4805,42602.4805,42081.0898,42197.7891,42197.7891,485930000
2025-06-16,42300.1289,42707.7305,42300.1289,42515.0898,42515.0898,467040000
2025-06-17,42358.6211,42530.8281,42132.6484,42215.8008,42215.8008,423070000
2025-06-18,42236.0312,42510.0703,42118.2305,42171.6602,42171.6602,485440000
2025-06-20,42291.0898,42432.1914,42089.9883,42206.8203,42206.8203,859840000
2025-06-23,42178.5508,42609.4688,41981.1406,42581.7812,42581.7812,496750000
2025-06-24,42807.1289,43183.4805,42794.0781,43089.0195,43089.0195,516060000
2025-06-25,43130.3281,43130.3281,42871.5000,42982.4297,42982.4297,527460000
2025-06-26,43084.0703,43430.9883,43084.0703,43386.8398,43386.8398,536710000
2025-06-27,43505.6016,43966.3711,43505.6016,43819.2695,43819.2695,921330000
2025-06-30,44020.6602,44138.6914,43889.1602,44094.7695,44094.7695,623630000
2025-07-01,44061.4883,44604.1484,44013.5391,44494.9414,44494.9414,593600000
2025-07-02,44455.6602,44557.8203,44354.0117,44484.4219,44484.4219,499870000
2025-07-03,44565.7500,44885.8281,44550.4219,44828.5312,44828.5312,346620000
2025-07-07,44803.3594,44803.3594,44160.3203,44406.3594,44406.3594,442350000
2025-07-08,44378.5781,44436.9609,44201.3711,44240.7617,44240.7617,445670000
2025-07-09,44327.1289,44556.6797,44225.8789,44458.3008,44458.3008,531790000
2025-07-10,44427.7500,44775.4688,44372.9219,44650.6406,44650.6406,452340000
2025-07-11,44480.7695,44480.7695,44275.2500,44371.5117,44371.5117,474090000
2025-07-14,44346.1484,44472.1289,44237.2812,44459.6484,44459.6484,410250000
2025-07-15,44459.8398,44504.2695,44002.3906,44023.2891,44023.2891,496270000
2025-07-16,44152.7383,44260.1914,43758.9805,44254.7812,44254.7812,450190000
2025-07-17,44229.8789,44558.0508,44200.0391,44484.4883,44484.4883,455310000
2025-07-18,44571.6797,44571.6797,44224.5898,44342.1914,44342.1914,497800000
2025-07-21,44368.3984,44601.8516,44311.4219,44323.0703,44323.0703,446590000
2025-07-22,44338.6211,44542.5312,44272.6016,44502.4414,44502.4414,483560000
2025-07-23,44661.1211,45016.7109,44638.4414,45010.2891,45010.2891,446630000
2025-07-24,44776.4102,44912.2695,44674.5703,44693.9102,44693.9102,453000000
2025-07-25,44757.2812,44944.4609,44650.5898,44901.9219,44901.9219,369500000
2025-07-28,44946.9805,44946.9805,44739.9609,44837.5586,44837.5586,416510000
2025-07-29,44833.7383,44883.6602,44568.8281,44632.9883,44632.9883,488780000
2025-07-30,44677.8984,44739.5312,44261.7109,44461.2812,44461.2812,456840000
2025-07-31,44665.8203,44665.8203,44049.0117,44130.9805,44130.9805,689040000
2025-08-01,43781.7695,43781.7695,43340.6797,43588.5781,43588.5781,705150000
2025-08-04,43724.0195,44188.3594,43724.0195,44173.6406,44173.6406,514180000
2025-08-05,44200.0703,44308.5000,43923.8086,44111.7383,44111.7383,455690000
2025-08-06,44196.6094,44290.0898,44017.7109,44193.1211,44193.1211,518970000
2025-08-07,44430.0898,44498.4297,43799.1992,43968.6406,43968.6406,492480000
2025-08-08,44044.9492,44272.7500,44028.9414,44175.6094,44175.6094,452500000
2025-08-11,44184.3594,44273.0312,43911.3086,43975.0898,43975.0898,431510000
2025-08-12,44050.5312,44497.5898,44050.5312,44458.6094,44458.6094,442850000
2025-08-13,44571.5312,44949.1211,44571.5312,44922.2695,44922.2695,521430000
2025-08-14,44890.8398,44948.6992,44690.5000,44911.2617,44911.2617,453530000
2025-08-15,45159.9102,45203.5195,44897.9805,44946.1211,44946.1211,547270000
2025-08-18,44963.1719,44998.8281,44868.3203,44911.8203,44911.8203,416460000
2025-08-19,44952.3594,45207.3906,44816.5000,44922.2695,44922.2695,466010000
2025-08-20,44922.6992,45033.7500,44767.9688,44938.3086,44938.3086,512550000
2025-08-21,44808.2109,44892.6094,44579.0312,44785.5000,44785.5000,407540000
2025-08-22,44952.8789,45757.8398,44952.8789,45631.7383,45631.7383,484720000
2025-08-25,45605.2500,45605.2500,45273.0898,45282.4688,45282.4688,393960000
2025-08-26,45236.8281,45437.6211,45192.2891,45418.0703,45418.0703,490980000
2025-08-27,45417.4609,45621.0781,45372.7812,45565.2305,45565.2305,430980000
2025-08-28,45581.0312,45682.8281,45442.6797,45636.8984,45636.8984,540880000
2025-08-29,45590.9609,45616.1602,45377.2109,45544.8789,45544.8789,494870000
2025-09-02,45287.7305,45295.8086,44948.1602,45295.8086,45295.8086,533180000
2025-09-03,45309.4297,45309.4297,44980.3594,45271.2305,45271.2305,479210000
2025-09-04,45204.8711,45632.3906,45160.7383,45621.2891,45621.2891,457490000
2025-09-05,45656.4883,45770.1992,45211.7812,45400.8594,45400.8594,558920000
2025-09-08,45430.6094,45542.5586,45277.7305,45514.9492,45514.9492,472240000
2025-09-09,45547.6211,45764.1992,45433.5117,45711.3398,45711.3398,449650000
2025-09-10,45731.5000,45731.5000,45380.0586,45490.9219,45490.9219,579920000
2025-09-11,45577.0898,46137.1992,45577.0898,46108.0000,46108.0000,448340000
2025-09-12,46077.1406,46077.1406,45813.9297,45834.2188,45834.2188,421730000
2025-09-15,45848.3906,45978.4297,45771.8789,45883.4492,45883.4492,401500000
2025-09-16,45919.5391,45967.1094,45667.4219,45757.8984,45757.8984,443400000
2025-09-17,45778.3984,46261.9492,45687.5898,46018.3203,46018.3203,509830000
2025-09-18,46056.5508,46317.5195,45954.7305,46142.4219,46142.4219,489090000
2025-09-19,46211.1602,46396.4688,46105.0195,46315.2695,46315.2695,972580000
2025-09-22,46206.6914,46447.1289,46035.8281,46381.5391,46381.5391,627450000
2025-09-23,46364.1094,46714.2695,46217.5781,46292.7812,46292.7812,541530000
2025-09-24,46368.9414,46453.0703,46096.3906,46121.2812,46121.2812,421040000
2025-09-25,46097.4297,46122.4219,45785.1719,45947.3203,45947.3203,509180000
2025-09-26,46101.4492,46353.0312,46051.9219,46247.2891,46247.2891,434270000
2025-09-29,46306.3398,46387.0586,46149.0508,46316.0703,46316.0703,479740000
2025-09-30,46282.6289,46425.3008,46103.3906,46397.8906,46397.8906,584780000
2025-10-01,46366.7812,46528.7812,46276.3906,46441.1016,46441.1016,552790000
2025-10-02,46461.1094,46589.3086,46283.5703,46519.7188,46519.7188,442010000
2025-10-03,46583.9492,47049.6406,46566.8711,46758.2812,46758.2812,425050000
2025-10-06,46776.0391,46846.4492,46426.9609,46694.9688,46694.9688,500000000
2025-10-07,46700.8984,46868.4883,46448.0195,46602.9805,46602.9805,411280000
2025-10-08,46649.3203,46816.2812,46498.3906,46601.7812,46601.7812,423510000
2025-10-09,46622.3086,46684.4102,46271.3984,46358.4219,46358.4219,493080000
2025-10-10,46394.8789,46641.7383,45470.7188,45479.6016,45479.6016,658100000
2025-10-13,45698.4609,46153.4883,45698.4609,46067.5781,46067.5781,414070000
2025-10-14,45871.8906,46522.6719,45452.0312,46270.4609,46270.4609,515330000
2025-10-15,46375.1719,46693.3398,46027.2305,46253.3086,46253.3086,488700000
2025-10-16,46289.0898,46422.3398,45781.1797,45952.2383,45952.2383,481610000
2025-10-17,45862.3984,46327.0703,45862.3711,46190.6094,46190.6094,492870000
2025-10-20,46312.8789,46759.2695,46312.8789,46706.5781,46706.5781,444010000
2025-10-21,46707.0781,47125.6602,46688.2500,46924.7383,46924.7383,430490000
2025-10-22,46941.5586,46941.5586,46461.5195,46590.4102,46590.4102,458450000
2025-10-23,46519.1289,46802.1484,46490.0586,46734.6094,46734.6094,407570000
2025-10-24,46811.5117,47326.7305,46811.5117,47207.1211,47207.1211,403500000
2025-10-27,47412.8008,47564.5195,47375.9609,47544.5898,47544.5898,426790000
2025-10-28,47752.3516,47943.1602,47675.6992,47706.3711,47706.3711,603670000
2025-10-29,47746.7891,48040.6406,47448.5898,47632.0000,47632.0000,683470000
2025-10-30,47446.8789,48014.9219,47381.9102,47522.1211,47522.1211,593890000
2025-10-31,47659.9609,47718.3789,47347.2812,47562.8711,47562.8711,704620000
2025-11-03,47697.3281,47697.3281,47135.9609,47336.6797,47336.6797,571740000
2025-11-04,47148.0391,47274.8984,46877.0586,47085.2383,47085.2383,514650000
2025-11-05,47097.3086,47460.3594,47041.3086,47311.0000,47311.0000,469010000
2025-11-06,47255.1211,47359.2891,46787.4414,46912.3008,46912.3008,552150000
2025-11-07,46797.0312,46996.7109,46495.6211,46987.1016,46987.1016,591090000
2025-11-10,47095.0586,47412.8906,46934.3516,47368.6289,47368.6289,490070000
2025-11-11,47384.5117,47974.3711,47384.5117,47927.9609,47927.9609,454970000
2025-11-12,48015.7891,48431.5703,48015.7891,48254.8203,48254.8203,497550000
2025-11-13,48173.9219,48233.2500,47411.1016,47457.2188,47457.2188,608110000
2025-11-14,47222.3789,47380.0703,46863.0508,47147.4805,47147.4805,552330000
2025-11-17,47068.0586,47202.5586,46430.2695,46590.2383,46590.2383,503830000
2025-11-18,46382.9219,46382.9219,45913.6016,46091.7383,46091.7383,596360000
2025-11-19,46138.6797,46299.1289,45905.1914,46138.7695,46138.7695,555370000
2025-11-20,46567.5117,46856.7500,45728.9297,45752.2617,45752.2617,721440000
2025-11-21,45808.6484,46577.5000,45781.5781,46245.4102,46245.4102,790560000
2025-11-24,46351.9297,46587.7109,46108.0117,46448.2695,46448.2695,743580000
2025-11-25,46482.3594,47182.8984,46341.3516,47112.4492,47112.4492,648860000
2025-11-26,47196.1484,47571.3984,47196.1484,47427.1211,47427.1211,454980000
2025-11-28,47482.2500,47750.7695,47475.6094,47716.4219,47716.4219,272500000
2025-12-01,47580.8516,47676.0312,47271.1094,47289.3281,47289.3281,482190000
2025-12-02,47416.9102,47597.1094,47263.9219,47474.4609,47474.4609,510900000
2025-12-03,47371.6211,47969.6406,47371.6211,47882.8984,47882.8984,490380000
2025-12-04,47888.1602,48049.7188,47692.9609,47850.9414,47850.9414,498740000
2025-12-05,47879.6016,48133.5391,47871.5117,47954.9883,47954.9883,456100000
2025-12-08,47971.5117,47971.5117,47611.9297,47739.3203,47739.3203,505490000
2025-12-09,47724.5195,47957.7891,47533.6016,47560.2891,47560.2891,425470000
2025-12-10,47573.9609,48197.3008,47462.9414,48057.7500,48057.7500,545610000
2025-12-11,48082.8984,48756.3398,48082.8984,48704.0117,48704.0117,493950000
2025-12-12,48714.7500,48886.8594,48334.1016,48458.0508,48458.0508,495830000
2025-12-15,48594.3594,48679.1406,48283.2695,48416.5586,48416.5586,516630000
2025-12-16,48380.1719,48452.1719,47946.2500,48114.2617,48114.2617,457400000
2025-12-17,48128.0508,48387.3281,47856.7891,47885.9688,47885.9688,534260000
2025-12-18,48101.1797,48365.9297,47849.4805,47951.8516,47951.8516,521430000
2025-12-19,47974.8203,48289.6289,47974.8203,48134.8906,48134.8906,1227520000
2025-12-22,48211.8789,48457.4688,48199.1289,48362.6797,48362.6797,427050000
2025-12-23,48320.5898,48527.5000,48254.3086,48442.4102,48442.4102,418920000
2025-12-24,48424.7109,48771.3203,48386.5898,48731.1602,48731.1602,206740000
2025-12-26,48712.4688,48782.0000,48589.0703,48710.9688,48710.9688,288770000
2025-12-29,48636.6289,48704.8281,48390.9102,48461.9297,48461.9297,321850000
2025-12-30,48434.8789,48471.6992,48297.2617,48367.0586,48367.0586,282570000
2025-12-31,48371.5195,48394.5117,48050.8789,48063.2891,48063.2891,336060000
2026-01-02,48105.9805,48404.0586,47853.0391,48382.3906,48382.3906,465060000
2026-01-05,48475.8086,49209.9492,48449.6211,48977.1797,48977.1797,578580000
2026-01-06,48987.3594,49509.9219,48923.8281,49462.0781,49462.0781,541220000
2026-01-07,49512.7188,49621.4297,48951.9883,48996.0781,48996.0781,506140000
2026-01-08,48850.1719,49357.7383,48792.3398,49266.1094,49266.1094,515070000
2026-01-09,49234.8086,49571.4102,49197.0586,49504.0703,49504.0703,444480000
2026-01-12,49499.6719,49633.3516,49011.3086,49590.1992,49590.1992,516430000
2026-01-13,49616.9492,49616.9492,49056.3086,49191.9883,49191.9883,549950000
2026-01-14,49088.2500,49195.1016,48851.9805,49149.6289,49149.6289,530670000
2026-01-15,49201.1016,49581.1797,49201.1016,49442.4414,49442.4414,541520000
2026-01-16,49466.6992,49616.6992,49246.2383,49359.3281,49359.3281,992970000
2026-01-20,49005.0117,49005.0117,48428.1289,48488.5898,48488.5898,676030000
2026-01-21,48546.0312,49295.0312,48546.0312,49077.2305,49077.2305,600840000
2026-01-22,49201.8086,49607.2891,49201.8086,49384.0117,49384.0117,455130000
2026-01-23,49264.5391,49265.4609,48963.0508,49098.7109,49098.7109,461030000
2026-01-26,49137.6484,49488.8086,49137.6484,49412.3984,49412.3984,454370000
2026-01-27,49103.5781,49157.8008,48862.5195,49003.4102,49003.4102,533780000
2026-01-28,49024.6797,49150.3398,48901.4883,49015.6016,49015.6016,470990000
2026-01-29,48938.2695,49292.8086,48597.2188,49071.5586,49071.5586,693040000
2026-01-30,48991.6211,49047.6797,48459.8789,48892.4688,48892.4688,761990000
2026-02-02,48777.7695,49484.9492,48673.5781,49407.6602,49407.6602,632100000
2026-02-03,49358.5898,49653.1289,48832.7812,49240.9883,49240.9883,741310000
2026-02-04,49323.5898,49649.8594,49112.4297,49501.3008,49501.3008,742920000
2026-02-05,49313.0391,49340.8984,48829.1016,48908.7188,48908.7188,710270000
2026-02-06,49032.1914,50169.6484,49032.1914,50115.6719,50115.6719,775490000
2026-02-09,50047.7891,50219.3984,49837.4492,50135.8711,50135.8711,623640000
2026-02-10,50193.4883,50512.7891,50115.0312,50188.1406,50188.1406,532700000
2026-02-11,50243.1484,50499.0391,49901.6094,50121.3984,50121.3984,569380000
2026-02-12,50170.2695,50447.0117,49420.2812,49451.9805,49451.9805,765340000
2026-02-13,49439.5781,49743.9805,49084.3516,49500.9297,49500.9297,597100000
2026-02-17,49525.3711,49732.3711,49169.8398,49533.1914,49533.1914,558570000
2026-02-18,49571.9219,49897.3086,49469.0586,49662.6602,49662.6602,493390000
2026-02-19,49576.2188,49606.1719,49197.5312,49395.1602,49395.1602,439980000
2026-02-20,49323.0000,49712.5586,49158.2812,49625.9688,49625.9688,574810000
2026-02-23,49536.5391,49695.6094,48731.4609,48804.0586,48804.0586,574610000
2026-02-24,48827.8008,49295.2109,48752.7383,49174.5000,49174.5000,524270000
2026-02-25,49357.6289,49517.3594,49206.8711,49482.1484,49482.1484,541620000
2026-02-26,49544.5781,49815.2188,49237.3789,49499.1992,49499.1992,684630000
2026-02-27,49253.5703,49253.5703,48678.7812,48977.9219,48977.9219,811800000
2026-03-02,48794.4219,49064.6719,48377.9609,48904.7812,48904.7812,552340000
2026-03-03,48493.1094,48695.3594,47626.8516,48501.2695,48501.2695,533540000
2026-03-04,48589.7695,48854.0508,48354.3711,48739.4102,48739.4102,511380000
2026-03-05,48526.7305,48526.7305,47577.1094,47954.7383,47954.7383,625110000
2026-03-06,47634.5508,47634.5508,47009.0117,47501.5508,47501.5508,541850000
2026-03-09,47371.2812,47876.0586,46615.5195,47740.8008,47740.8008,560020000
2026-03-10,47771.4297,48220.5391,47444.2305,47706.5117,47706.5117,490360000
2026-03-11,47690.7617,47711.2617,47185.8906,47417.2695,47417.2695,419500000
2026-03-12,47242.5195,47242.5195,46662.2305,46677.8516,46677.8516,535900000
2026-03-13,46689.2383,47123.9883,46494.6289,46558.4688,46558.4688,453250000
2026-03-16,46707.3984,47176.1406,46707.3984,46946.4102,46946.4102,514980000
2026-03-17,47085.5312,47428.1211,46975.5195,46993.2617,46993.2617,479900000
2026-03-18,46913.9297,46913.9297,46193.0586,46225.1484,46225.1484,472020000
2026-03-19,46134.8711,46247.2188,45733.6992,46021.4297,46021.4297,482890000
2026-03-20,45975.6484,46068.3086,45369.3906,45577.4688,45577.4688,1044540000
2026-03-23,45803.8203,46712.3281,45803.8203,46208.4688,46208.4688,530140000
2026-03-24,46099.8594,46400.8203,45769.6914,46124.0586,46124.0586,474450000
2026-03-25,46314.2383,46718.4219,46196.9102,46429.4883,46429.4883,462990000
2026-03-26,46344.6406,46547.5898,45910.7500,45960.1094,45960.1094,505010000
2026-03-27,45904.2500,45904.2500,45063.3281,45166.6406,45166.6406,555090000
2026-03-30,45283.0586,45625.7617,45057.2812,45216.1406,45216.1406,540680000
2026-03-31,45541.7617,46383.3984,45480.3008,46341.5117,46341.5117,639410000
2026-04-01,46396.1211,46803.3594,46396.1211,46565.7383,46565.7383,604140000
2026-04-02,46469.3594,46754.7188,45897.2383,46504.6719,46504.6719,446710000
2026-04-06,46472.1992,46701.1016,46354.9492,46669.8789,46669.8789,339870000
2026-04-07,46744.7617,46744.7617,46214.7695,46584.4609,46584.4609,450740000
2026-04-08,46978.1719,48017.0898,46978.1719,47909.9219,47909.9219,523710000
2026-04-09,47840.6289,48323.9492,47690.2695,48185.8008,48185.8008,445240000
2026-04-10,48199.3906,48235.0586,47856.1797,47916.5703,47916.5703,477060000
2026-04-13,47718.2109,48221.3711,47505.9688,48218.2500,48218.2500,455850000
2026-04-14,48272.0312,48592.2891,48192.3008,48535.9883,48535.9883,527910000
2026-04-15,48549.1406,48709.0117,48281.6211,48463.7188,48463.7188,529870000
2026-04-16,48557.8203,48683.4492,48337.3789,48578.7188,48578.7188,456610000
2026-04-17,48788.8086,49717.9805,48788.8086,49447.4297,49447.4297,585650000
2026-04-20,49422.3711,49489.6289,49245.6016,49442.5586,49442.5586,411270000
2026-04-21,49688.3711,49848.6914,49046.5391,49149.3789,49149.3789,476630000
2026-04-22,49271.5000,49624.4805,49271.5000,49490.0312,49490.0312,426410000
2026-04-23,49284.8516,49522.9414,48861.3086,49310.3203,49310.3203,455470000
2026-04-24,49320.2891,49393.3398,49085.7500,49230.7109,49230.7109,536950000
2026-04-27,49112.1992,49353.6914,49029.4688,49167.7891,49167.7891,514570000
2026-04-28,49276.8008,49381.3281,49077.7500,49141.9297,49141.9297,508210000
2026-04-29,49163.7812,49163.7812,48708.5703,48861.8086,48861.8086,453280000
2026-04-30,48762.9297,49753.2617,48762.9297,49652.1406,49652.1406,733120000
2026-05-01,49832.5703,49988.5586,49496.4688,49499.2695,49499.2695,465300000
2026-05-04,49416.6602,49441.4297,48913.0586,48941.8984,48941.8984,439460000
2026-05-05,49037.1211,49365.2188,49009.1094,49298.2500,49298.2500,395600000
2026-05-06,49442.1914,50011.5312,49442.1914,49910.5898,49910.5898,552640000
2026-05-07,50002.3906,50130.1992,49487.9688,49596.9688,49596.9688,482010000
2026-05-08,49581.0898,49830.6992,49486.9609,49609.1602,49609.1602,456510000
2026-05-11,49549.0703,49771.2383,49475.7812,49704.4688,49704.4688,493230000
2026-05-12,49739.6211,49823.9414,49307.6602,49760.5586,49760.5586,498360000
2026-05-13,49674.5781,49747.6094,49451.0000,49693.1992,49693.1992,485990000
2026-05-14,49843.5781,50200.5391,49843.5781,50063.4609,50063.4609,504090000
2026-05-15,49930.2617,49930.2617,49503.5703,49526.1719,49526.1719,587920000
2026-05-18,49481.0391,49761.1602,49352.5586,49686.1211,49686.1211,461520000
2026-05-19,49696.5312,49696.5312,49245.1094,49363.8789,49363.8789,494840000
2026-05-20,49348.8281,50067.2188,49235.7383,50009.3516,50009.3516,513230000
2026-05-21,49983.8008,50381.4102,49697.4688,50285.6602,50285.6602,560940000
2026-05-22,50434.6484,50830.2383,50434.6484,50579.6992,50579.6992,463470000
2026-05-26,50686.1484,50785.6797,50356.6406,50461.6797,50461.6797,530360000
2026-05-27,50487.1602,50830.4102,50487.1602,50644.2812,50644.2812,503580000
2026-05-28,50660.9805,50764.0391,50314.3398,50668.9688,50668.9688,505090000
2026-05-29,50773.9102,51094.1797,50698.2695,51032.4609,51032.4609,894700000
2026-06-01,51161.1016,51161.1016,50767.3203,51078.8789,51078.8789,625190000
2026-06-02,50912.8398,51369.6094,50829.5508,51307.7891,51307.7891,548760000
2026-06-03,51220.9219,51220.9219,50687.0703,50687.0703,50687.0703,546850000
2026-06-04,50986.1016,51657.8906,50986.1016,51561.9297,51561.9297,520670000
2026-06-05,51610.0195,51660.3984,50781.4492,50866.7812,50866.7812,638680000
2026-06-08,50997.2305,51277.1484,50732.3516,50786.0117,50786.0117,477180000
2026-06-09,50814.4219,51260.9219,50211.1211,50872.1094,50872.1094,566610000
2026-06-10,50760.1211,50769.2617,49909.0703,49918.7812,49918.7812,503790000
2026-06-11,49972.0703,50968.9492,49972.0703,50848.7500,50848.7500,516860000
2026-06-12,51148.7305,51409.6992,50827.8398,51202.2617,51202.2617,427710000
2026-06-15,51364.5508,51945.8906,51364.5508,51671.0312,51671.0312,509660000
2026-06-16,51712.6289,52190.2891,51712.6289,51999.6719,51999.6719,447100000
2026-06-17,51937.5586,52281.1914,51392.5781,51492.5508,51492.5508,496040000
2026-06-18,51571.8516,51949.2617,51554.5312,51564.6992,51564.6992,985370000
2026-06-22,51555.1914,51887.8516,51555.1914,51712.7109,51712.7109,529120000
2026-06-23,51735.6406,51872.5586,51301.7695,51666.8398,51666.8398,548870000
2026-06-24,51660.7500,52248.6914,51617.7305,51848.8984,51848.8984,560270000
2026-06-25,52009.0195,52655.6602,51857.7812,51920.6211,51920.6211,639230000
2026-06-26,51803.7695,52130.0703,51614.7383,51876.1094,51876.1094,1297680000
2026-06-29,51995.1406,52311.6289,51949.5391,52182.7383,52182.7383,580440000
2026-06-30,52168.1797,52387.4492,52033.1289,52319.1992,52319.1992,622980000
2026-07-01,52231.1797,52742.6602,52026.6406,52305.2383,52305.2383,622970000
2026-07-02,52395.2188,52903.8516,52395.2188,52900.0703,52900.0703,548820000
2026-07-06,52828.4492,53060.1016,52648.6914,53055.9102,53055.9102,467390000
2026-07-07,53104.0586,53289.3008,52774.1719,52925.1484,52925.1484,442010000
2026-07-08,52758.4688,52758.4688,52069.8711,52348.3906,52348.3906,454130000
2026-07-09,52249.4414,52574.8906,52249.4414,52487.4102,52487.4102,456760000
2026-07-10,52622.9219,52709.7500,52266.8086,52637.0117,52637.0117,408090000
2026-07-13,52676.5312,52846.5117,52351.1211,52498.6406,52498.6406,399240000
2026-07-14,52046.3594,52695.0586,52046.3594,52508.2695,52508.2695,464870000
2026-07-15,52604.1992,52823.9492,52428.5391,52658.6406,52658.6406,506020000
2026-07-16,52924.8594,52924.8594,52367.4219,52552.9688,52552.9688,528320000
2026-07-17,52426.4609,52610.9688,51986.7383,52146.4219,52146.4219,549690000
2026-07-20,52154.5703,52411.8984,51781.8984,51839.2617,51839.2617,397690000
2026-07-21,51916.7891,52370.6484,51890.1016,52224.6406,52224.6406,404610000
2026-07-22,52287.1406,52511.2109,52148.8711,52218.5781,52218.5781,449100000
2026-07-23,51755.5391,51885.1406,51542.0586,51711.6484,51711.6484,496570000
2026-07-24,51791.3711,52118.1914,51682.3594,51947.2500,51947.2500,437530000
2026-07-27,52173.4219,52607.7812,51985.3789,52210.0781,52210.0781,487490000
2026-07-28,52492.8789,52901.8711,52443.5195,52747.3203,52747.3203,544740000
2026-07-29,52674.2109,52674.2109,51551.1797,51594.1406,51594.1406,531850000
2026-07-30,52114.2695,52266.4492,51655.5195,52208.0586,52208.0586,631410000
2026-07-31,52235.0312,52623.1406,51996.3203,52485.0312,52485.0312,697510000
2026-08-03,52759.0586,53230.0781,52759.0586,53178.4102,53178.4102,598420000
2026-08-04,53641.2109,54272.6016,53641.2109,54085.8789,54085.8789,580350000
2026-08-05,54266.1211,54744.3281,54266.1211,54349.1211,54349.1211,519020000
2026-08-06,54426.8516,54502.8711,53835.0195,53885.1016,53885.1016,416810000
2026-08-07,53849.2617,54094.6484,53807.9414,54036.9297,54036.9297,378680000
2026-08-10,54072.6602,54072.6602,53850.1914,53975.9805,53975.9805,413890000
2026-08-11,53961.6016,54222.8516,53746.4297,53791.8516,53791.8516,379390000
2026-08-12,53797.4688,53969.3594,53731.9609,53770.2695,53770.2695,410990000
2026-08-13,53828.5508,54049.1406,53622.4609,53839.9883,53839.9883,417340000
2026-08-14,53842.8008,53890.8398,53673.4688,53732.4102,53732.4102,319610000
2026-08-17,53663.1094,53663.1094,53395.2305,53459.7812,53459.7812,436700000
2026-08-18,53354.4297,53478.7617,53256.3398,53343.3984,53343.3984,427990000
2026-08-19,53463.4688,53710.0586,53399.5312,53463.0508,53463.0508,451460000
2026-08-20,53381.2188,53381.2188,52754.8984,52759.2109,52759.2109,434340000
2026-08-21,52768.8711,53355.9219,52768.8711,53277.0117,53277.0117,424060000
2026-08-24,53261.9492,53508.1797,53261.9492,53417.1602,53417.1602,416030000
2026-08-25,53594.9219,53675.3203,53386.3711,53577.3984,53577.3984,392910000
2026-08-26,53547.6797,53639.7500,53379.3984,53463.8789,53463.8789,426130000
2026-08-27,53613.6602,53707.6211,53345.6211,53569.4414,53569.4414,640810000
2026-08-28,53611.9414,53819.6484,53489.4102,53559.9883,53559.9883,507510000
2026-08-31,53462.6016,53462.6016,53123.6211,53185.8984,53185.8984,489140000
2026-09-01,53083.5781,53176.6016,52691.3086,52766.8789,52766.8789,403940000
2026-09-02,52829.5781,53227.5000,52829.5781,53061.9492,53061.9492,414520000
2026-09-03,53309.1719,53746.5000,53286.1484,53686.1094,53686.1094,410260000
2026-09-04,53584.8906,53635.3516,53289.8789,53414.2500,53414.2500,381130000
