date,open,high,low,close,adj_close,volume
2000-01-03,26.3500,26.6000,24.8000,25.6000,8.1038,3137354
2000-01-04,24.9000,24.9000,23.8600,24.8750,7.8743,4489508
2000-01-05,23.4700,23.7500,22.9600,23.9250,7.5736,4809958
2000-01-06,23.3900,24.1750,23.1400,24.0150,7.6021,3306128
2000-01-07,24.2750,25.1750,23.9000,25.0000,7.9139,4621272
2000-01-10,25.5500,25.6200,24.8000,25.1100,7.9487,2576028
2000-01-11,25.0250,25.0250,23.8750,23.9950,7.5958,4773052
2000-01-12,23.8750,24.2000,23.6300,24.0000,7.5973,2351408
2000-01-13,23.9250,24.3000,23.4500,23.7500,7.5182,2482930
2000-01-14,23.9450,24.2400,23.7000,23.7500,7.5182,2784548
2000-01-17,23.8000,24.3150,23.8000,23.9350,7.5768,2656820
2000-01-18,23.9650,24.2400,23.7000,23.9750,7.5894,2739182
2000-01-19,23.8250,24.9850,23.8100,24.9200,7.8886,4004404
2000-01-20,24.9500,25.0000,24.4150,24.7000,7.8189,2205138
2000-01-21,24.4000,24.5750,23.7500,24.0250,7.6053,3534942
2000-01-24,24.0500,24.1750,23.4050,23.5900,7.4675,1889060
2000-01-25,23.3750,23.4000,22.6250,22.6250,7.1621,3323216
2000-01-26,22.9000,23.0850,21.7500,22.0100,6.9674,4562228
2000-01-27,22.0100,22.4950,21.6600,22.2750,7.0513,4552184
2000-01-28,22.4250,22.9850,21.9750,22.6250,7.1621,2828366
2000-01-31,22.4500,22.4500,21.7550,22.0250,6.9721,3176436
2000-02-01,22.3850,22.3850,20.9050,21.0100,6.6508,5474216
2000-02-02,21.4950,22.5000,21.1300,22.5000,7.1225,4979456
2000-02-03,22.4950,23.0950,21.7050,21.8250,6.9088,5097152
2000-02-04,21.9350,22.2350,21.1550,21.5350,6.8170,3334640
2000-02-07,21.4000,21.4500,20.6100,20.8750,6.6081,3709496
2000-02-08,21.0750,21.6400,20.8750,21.5250,6.8139,4316328
2000-02-09,21.7500,22.7000,21.4600,21.5500,6.8218,4573714
2000-02-10,21.4000,22.0000,21.0500,22.0000,6.9642,3617828
2000-02-11,22.0000,22.7250,21.5250,22.0650,6.9848,5987866
2000-02-14,21.8750,22.4750,21.3000,21.6000,6.8376,2983316
2000-02-15,21.7250,21.8250,20.4950,20.4950,6.4878,3644370
2000-02-16,21.0000,21.9950,20.9100,21.9950,6.9626,4771744
2000-02-17,22.1950,23.4450,22.0500,23.2500,7.3599,5374480
2000-02-18,23.4950,24.0450,23.3550,23.7000,7.5024,5644034
2000-02-21,23.3000,23.5500,22.9000,23.5000,7.4391,2155528
2000-02-22,23.1050,23.4000,22.7800,23.2500,7.3599,3450000
2000-02-23,23.2750,24.1000,23.2750,23.5700,7.4612,3523542
2000-02-24,23.8250,23.8250,22.5500,22.9500,7.2650,2818076
2000-02-25,23.0000,23.0000,22.3000,22.5800,7.1478,2533538
2000-02-28,22.3000,23.7750,21.9750,23.4500,7.4232,3393016
2000-02-29,23.7500,24.2250,22.9750,23.7000,7.5024,3165144
2000-03-01,23.6000,24.1950,22.3750,23.1000,7.3124,5935130
2000-03-02,23.1250,23.4500,22.3900,23.4500,7.4232,3471236
2000-03-03,23.3000,23.4000,22.4900,22.7050,7.1874,2600134
2000-03-06,22.9000,23.2300,22.4500,23.1250,7.3203,3349786
2000-03-07,23.0000,23.1200,22.2500,22.4000,7.0908,3693850
2000-03-08,22.9750,23.0400,22.5050,22.8250,7.2254,3783566
2000-03-09,22.9250,23.2250,22.6500,22.8950,7.2475,3569482
2000-03-10,22.7000,23.2500,22.6300,23.1000,7.3124,2546618
2000-03-13,23.0000,23.7000,22.8100,23.3250,7.3837,3576296
2000-03-14,23.3500,24.2150,23.2500,23.9250,7.5736,5693460
2000-03-15,23.5100,24.4100,23.3250,23.8500,7.5499,3916454
2000-03-16,24.1000,24.4500,23.9500,24.4450,7.7382,4706974
2000-03-17,24.7500,25.0000,24.1450,25.0000,7.9139,50860560
2000-03-20,24.9550,25.1800,24.4250,24.7000,7.8189,5332800
2000-03-21,24.5000,24.7500,23.9250,24.3500,7.7081,5705978
2000-03-22,24.5000,25.2750,24.5000,24.5750,7.7794,6519602
2000-03-23,24.6000,24.8500,24.1500,24.5500,7.7714,4485032
2000-03-24,24.9400,25.1000,24.6100,24.9000,7.8822,4569272
2000-03-27,24.9950,25.0450,24.4500,24.6250,7.7952,3680956
2000-03-28,24.5250,24.9050,24.4900,24.5000,7.7556,4383012
2000-03-29,24.3000,24.8500,24.0500,24.8500,7.8664,4214434
2000-03-30,24.7500,24.8750,24.3900,24.6600,7.8063,2380518
2000-03-31,24.7000,24.9450,24.5500,24.7750,7.8427,2586822
2000-04-03,24.7500,24.8250,24.2500,24.4000,7.7240,3454496
2000-04-04,24.5000,25.3950,24.4750,25.3500,8.0247,2935622
2000-04-05,25.0000,25.3400,23.9500,24.7250,7.8268,5299600
2000-04-06,24.6250,24.8450,23.8550,24.0000,7.5973,3292982
2000-04-07,24.0000,24.0200,23.5400,23.7500,7.5182,3147864
2000-04-10,23.7500,23.9800,23.5000,23.5750,7.4628,2418582
2000-04-11,23.6450,24.1150,23.6150,23.8300,7.5435,3144280
2000-04-12,24.0500,24.7500,24.0000,24.6450,7.8015,2976542
2000-04-13,24.4550,24.8950,24.4000,24.8500,7.8664,2870928
2000-04-14,24.4750,24.9750,23.8900,24.3200,7.6986,2972732
2000-04-17,23.5000,24.2950,23.2000,24.1100,7.6322,4182086
2000-04-18,24.0800,24.3250,23.2000,23.6550,7.4881,3483522
2000-04-19,23.8000,23.8300,22.6500,22.7500,7.2016,3176436
2000-04-20,22.7550,23.3750,22.7500,23.0050,7.2824,4574714
2000-04-21,23.0050,23.0050,23.0050,23.0050,7.2824,0
2000-04-24,23.0050,23.0050,23.0050,23.0050,7.2824,0
2000-04-25,23.0500,24.0750,23.0500,23.8750,7.5578,4449568
2000-04-26,24.2250,24.7000,24.0000,24.4000,7.7240,3547366
2000-04-27,24.4500,24.8000,23.7500,24.5000,7.7556,6787722
2000-04-28,24.0000,24.1250,23.3500,24.0450,7.7913,3866916
2000-05-01,24.0450,24.0450,24.0450,24.0450,7.7913,0
2000-05-02,24.5000,24.5000,23.6500,23.8250,7.7200,2208682
2000-05-03,23.7500,24.1550,23.5250,23.7750,7.7038,2065828
2000-05-04,23.5600,24.3850,23.4450,24.2500,7.8577,2737716
2000-05-05,24.6750,24.8750,23.4500,24.4250,7.9144,3895664
2000-05-08,24.4300,24.7000,23.9500,24.5000,7.9387,2717260
2000-05-09,24.5000,24.5000,24.5000,24.5000,7.9387,0
2000-05-10,24.7500,25.0400,24.2550,24.4500,7.9225,2054014
2000-05-11,24.1250,24.7700,23.8100,24.5050,7.9403,1944176
2000-05-12,24.5000,24.7950,24.1500,24.5150,7.9436,1373290
2000-05-15,24.3800,24.7400,23.9000,23.9650,7.7653,1785182
2000-05-16,24.3000,24.6900,23.9350,24.5150,7.9436,2630960
2000-05-17,24.6950,24.6950,24.0250,24.1000,7.8091,1622188
2000-05-18,24.0250,24.3650,23.9750,24.2250,7.8496,1585882
2000-05-19,24.0000,24.3000,23.6550,23.7500,7.6957,4170180
2000-05-22,23.6050,23.7500,23.1350,23.5900,7.6438,2773968
2000-05-23,23.8750,23.8800,23.2750,23.7250,7.6876,1929282
2000-05-24,23.4500,23.9450,23.4500,23.5600,7.6341,2216712
2000-05-25,23.8000,23.8000,22.8500,23.0000,7.4526,2159984
2000-05-26,22.7550,23.1250,22.5000,22.5000,7.2906,2747986
2000-05-29,22.7000,22.9950,22.5500,22.7250,7.3635,814720
2000-05-30,22.7500,22.8750,22.4050,22.6300,7.3328,1612020
2000-05-31,22.6250,22.6500,21.1050,21.9250,7.1043,5661290
2000-06-01,21.9250,22.2750,21.2500,22.1000,7.1610,1952880
2000-06-02,22.3400,23.5000,21.7550,23.0000,7.4526,4036382
2000-06-05,23.3950,23.5950,23.1550,23.3350,7.5612,2048864
2000-06-06,23.5800,23.5800,22.0100,22.1700,7.1837,5167938
2000-06-07,22.4350,22.9750,22.0650,22.8500,7.4040,3912054
2000-06-08,22.9500,22.9500,22.0750,22.4600,7.2777,2979362
2000-06-09,22.5000,22.7250,21.8550,22.5000,7.2906,2481370
2000-06-12,22.7000,22.7500,22.3100,22.4300,7.2680,359236
2000-06-13,22.3500,22.4450,21.7800,22.0050,7.1302,2971384
2000-06-14,22.1250,22.1500,21.0450,21.4600,6.9536,5089152
2000-06-15,21.4000,21.5000,20.4050,20.8900,6.7689,6106854
2000-06-16,20.9000,21.0300,19.7000,19.7000,6.3834,27774476
2000-06-19,20.1450,21.0000,20.0750,20.8500,6.7560,4092128
2000-06-20,21.0000,21.0000,20.3000,20.5650,6.6636,2661944
2000-06-21,20.6000,20.8250,20.0000,20.0000,6.4806,2872588
2000-06-22,20.1500,20.1500,19.7000,19.9600,6.4676,2028262
2000-06-23,19.7500,20.1300,19.7150,19.7150,6.3882,2894792
2000-06-26,20.0000,20.5500,19.9050,20.2250,6.5535,3523934
2000-06-27,20.3350,20.8100,20.3000,20.5050,6.6442,3423682
2000-06-28,20.6500,21.0950,20.4550,21.0650,6.8257,3269624
2000-06-29,20.9750,21.0900,20.6300,20.7800,6.7333,2675166
2000-06-30,21.0000,21.3250,20.7650,21.0500,6.8208,3435520
2000-07-03,21.2200,21.6500,20.9000,21.4800,6.9601,2591954
2000-07-04,21.5750,21.9100,21.5750,21.7050,7.0330,1774744
2000-07-05,21.9050,21.9750,21.2800,21.5750,6.9909,2886362
2000-07-06,21.6000,21.6000,21.1500,21.1500,6.8532,3016444
2000-07-07,21.1500,21.1500,21.1500,21.1500,6.8532,0
2000-07-10,21.2500,21.5650,21.0400,21.0750,6.8289,2010608
2000-07-11,21.4750,21.5450,21.0000,21.0000,6.8046,2981174
2000-07-12,21.3000,22.3100,21.2000,21.7500,7.0476,6119832
2000-07-13,21.7500,21.7500,21.7500,21.7500,7.0476,0
2000-07-14,22.3000,22.3750,21.7850,21.9500,7.1124,3477172
2000-07-17,22.0200,22.2000,21.7150,21.9500,7.1124,2346972
2000-07-18,21.9000,22.1250,21.7050,22.1250,7.1691,1379428
2000-07-19,22.1000,22.1000,21.4100,21.7500,7.0476,3228586
2000-07-20,21.7000,22.0750,21.7000,22.0000,7.1286,2174850
2000-07-21,21.7000,22.3100,21.8550,21.9400,7.1092,2644852
2000-07-24,22.0250,22.4650,22.0000,22.3150,7.2307,1896424
2000-07-25,22.3150,22.5000,22.0600,22.3800,7.2517,1571734
2000-07-26,22.5250,22.7500,22.1100,22.3800,7.2517,1863576
2000-07-27,22.3500,22.4750,22.0650,22.1600,7.1805,1888326
2000-07-28,22.0250,22.4000,21.9100,22.2300,7.2031,1464562
2000-07-31,22.3450,22.6250,21.9000,22.3100,7.2291,2182176
2000-08-01,22.5000,22.5500,22.0500,22.3000,7.2258,2100474
2000-08-02,22.3950,22.5500,21.8750,22.0500,7.1448,1505024
2000-08-03,22.2100,22.4850,22.0000,22.3750,7.2501,2422628
2000-08-04,22.4250,22.6400,22.0300,22.4000,7.2582,2369982
2000-08-07,22.5550,22.8750,22.2750,22.6050,7.3247,2367566
2000-08-08,22.0550,22.2250,20.9500,21.2250,6.8775,13964178
2000-08-09,21.3250,21.4450,20.4750,20.9750,6.7965,11006698
2000-08-10,20.8250,21.1450,20.7850,21.0300,6.8143,3718720
2000-08-11,21.1500,21.2700,20.8200,20.9550,6.7900,3175620
2000-08-14,21.1500,21.2500,20.9500,21.0850,6.8321,2249126
2000-08-15,21.2350,21.2550,20.8550,21.1250,6.8451,2294934
2000-08-16,21.0500,21.4000,20.8950,20.9750,6.7965,3232368
2000-08-17,21.0000,21.0950,20.4900,20.6900,6.7041,4092964
2000-08-18,20.7650,20.9500,20.6150,20.8300,6.7495,2902550
2000-08-21,20.8500,21.0000,20.7000,20.9100,6.7754,2428012
2000-08-22,21.0750,21.4500,20.9500,21.2850,6.8969,3974936
2000-08-23,21.3750,21.3750,20.8750,21.0100,6.8078,2881252
2000-08-24,21.1250,21.2100,20.9700,21.0050,6.8062,2680262
2000-08-25,21.0950,21.2500,20.8500,21.0950,6.8354,3096982
2000-08-28,21.1250,21.5700,21.1000,21.4000,6.9342,3040436
2000-08-29,21.5000,21.5000,21.1100,21.2750,6.8937,2660268
2000-08-30,21.3500,21.4800,21.0550,21.1400,6.8500,2431466
2000-08-31,21.2400,21.4000,20.8750,20.8850,6.7673,3252400
2000-09-01,21.1450,21.2000,20.9250,21.0550,6.8224,3043270
2000-09-04,21.1500,21.4750,21.0950,21.3750,6.9261,2621554
2000-09-05,21.3500,21.9500,21.2750,21.8850,7.0914,4090620
2000-09-06,21.9000,22.1450,21.5500,21.8900,7.0930,3181246
2000-09-07,21.9500,21.9500,21.0800,21.3300,6.9115,3729292
2000-09-08,21.4200,21.4200,20.5850,20.9500,6.7884,5688168
2000-09-11,21.0450,21.1750,20.8000,21.0250,6.8127,1945658
2000-09-12,21.0000,21.1000,20.4900,20.6800,6.7009,4597672
2000-09-13,20.6800,20.6800,20.6800,20.6800,6.7009,0
2000-09-14,20.6450,21.0750,20.6000,20.7750,6.7317,3805540
2000-09-15,20.8500,20.8500,20.4650,20.8450,6.7544,11956332
2000-09-18,20.7450,20.7450,20.2600,20.4000,6.6102,2850930
2000-09-19,20.2500,20.6750,20.2500,20.6400,6.6879,5177316
2000-09-20,20.6950,20.6950,20.0300,20.1000,6.5130,2744798
2000-09-21,20.1750,20.1750,19.2500,19.7900,6.4125,5271126
2000-09-22,19.5000,20.5000,19.3750,20.3200,6.5843,4874432
2000-09-25,20.5400,20.5750,19.9500,20.2850,6.5729,2694190
2000-09-26,20.2250,20.4750,20.0250,20.2450,6.5599,2065790
2000-09-27,20.1550,20.2500,19.9700,20.1500,6.5292,2218780
2000-09-28,20.2700,20.2700,19.7750,20.2450,6.5599,2224774
2000-09-29,20.2500,20.3000,19.8750,20.1350,6.5243,2184494
2000-10-02,19.9350,20.5000,19.9350,20.2550,6.5632,2532058
2000-10-03,20.2550,20.2550,20.2550,20.2550,6.5632,0
2000-10-04,20.3500,21.2000,20.3500,20.8500,6.7560,4841654
2000-10-05,20.8500,21.3550,20.7250,21.3450,6.9164,3629808
2000-10-06,21.3950,21.9950,21.2000,21.4750,6.9585,4348488
2000-10-09,21.3350,21.5000,20.7500,20.8500,6.7560,2620010
2000-10-10,21.0700,21.1000,20.6700,21.0800,6.8305,2563100
2000-10-11,21.0100,21.1850,20.5050,20.8450,6.7544,3527116
2000-10-12,20.5850,20.9100,20.0050,20.2500,6.5616,2912146
2000-10-13,20.2500,20.2500,20.2500,20.2500,6.5616,0
2000-10-16,20.2500,20.2500,20.2500,20.2500,6.5616,0
2000-10-17,20.2500,20.2500,20.2500,20.2500,6.5616,0
2000-10-18,20.2500,20.2500,20.2500,20.2500,6.5616,0
2000-10-19,20.2500,20.2500,20.2500,20.2500,6.5616,0
2000-10-20,20.2500,20.2500,20.2500,20.2500,6.5616,0
2000-10-23,20.0500,20.4950,20.0500,20.3300,6.5875,2597056
2000-10-24,20.3300,20.3300,20.3300,20.3300,6.5875,0
2000-10-25,20.8000,21.3950,20.7050,21.1100,6.8402,3833852
2000-10-26,21.1050,21.7000,21.0250,21.1000,6.8370,2371432
2000-10-27,21.1000,21.9700,21.1000,21.7500,7.0476,4622162
2000-10-30,21.5500,22.5950,21.5500,22.5000,7.2906,3616488
2000-10-31,22.5000,22.5000,22.5000,22.5000,7.2906,0
2000-11-01,23.3050,23.3050,22.7500,22.9250,7.4283,2160904
2000-11-02,23.0050,23.1750,22.6200,22.8700,7.4105,3020200
2000-11-03,22.7000,23.0450,22.5250,22.9600,7.4397,2314372
2000-11-06,23.0500,23.0500,22.3400,22.7500,7.3716,3281426
2000-11-07,22.5500,22.6550,22.2200,22.3500,7.2420,3896054
2000-11-08,22.5000,22.6750,21.9500,22.1500,7.1772,3984476
2000-11-09,21.5000,21.7900,21.3250,21.7300,7.0411,4660602
2000-11-10,21.6550,22.2200,21.6250,21.8450,7.0784,3826144
2000-11-13,21.7250,21.7250,21.3050,21.5000,6.9666,3227806
2000-11-14,21.5000,21.5000,21.5000,21.5000,6.9666,0
2000-11-15,21.9950,22.0500,21.6300,22.0500,7.1448,1811528
2000-11-16,21.9450,21.9450,21.5550,21.8050,7.0654,2312712
2000-11-17,21.8000,21.9000,21.3750,21.6500,7.0152,2342314
2000-11-20,21.4000,22.0000,21.2750,21.2750,6.8937,2346438
2000-11-21,21.2750,21.8100,21.2750,21.6800,7.0249,2406572
2000-11-22,21.6750,21.9000,21.2200,21.5300,6.9763,2237068
2000-11-23,21.4300,21.8100,21.3750,21.5000,6.9666,1831216
2000-11-24,21.5000,21.9950,21.5000,21.8250,7.0719,2401494
2000-11-27,21.7500,22.2000,21.7500,21.8800,7.0897,1951916
2000-11-28,21.7550,22.5000,21.7550,22.1250,7.1691,3035030
2000-11-29,22.1000,22.4500,21.8250,22.1600,7.1805,1846788
2000-11-30,21.7850,22.2650,21.6750,21.6750,7.0233,1804642
2000-12-01,22.0000,22.2350,21.6000,22.0750,7.1529,2990956
2000-12-04,22.1350,22.1350,21.7000,21.9650,7.1173,1511046
2000-12-05,22.1000,23.2150,22.1000,23.0950,7.4834,6302236
2000-12-06,23.1250,23.9100,22.5050,23.4150,7.5871,8039312
2000-12-07,23.3750,23.8750,23.2200,23.6000,7.6471,3707684
2000-12-08,23.8000,24.3000,23.6600,23.9750,7.7686,5028002
2000-12-11,23.8250,24.2000,23.2250,23.4950,7.6130,3921596
2000-12-12,23.6400,23.7500,22.5250,22.9000,7.4202,4614850
2000-12-13,22.7750,23.2500,22.7750,22.9500,7.4364,4143530
2000-12-14,23.0000,23.2700,22.9250,23.0500,7.4688,3610272
2000-12-15,23.2500,23.7250,23.0050,23.0500,7.4688,11583540
2000-12-18,23.3750,23.8100,23.2550,23.7250,7.6876,3968324
2000-12-19,23.9500,24.0750,23.4000,23.5000,7.6147,3915546
2000-12-20,23.1500,24.1000,23.1500,23.6000,7.6471,4803590
2000-12-21,23.3250,23.7750,23.2550,23.2550,7.5353,3992052
2000-12-22,23.5000,23.5000,23.0250,23.3000,7.5499,1491582
2000-12-25,23.3000,23.3000,23.3000,23.3000,7.5499,0
2000-12-26,23.3000,23.3000,23.3000,23.3000,7.5499,0
2000-12-27,23.3000,23.9000,23.2500,23.7900,7.7086,1971218
2000-12-28,23.8000,24.1650,23.8000,23.9200,7.7508,1940726
2000-12-29,24.1250,24.3200,23.8550,24.0850,7.8042,1151748
2001-01-01,24.0850,24.0850,24.0850,24.0850,7.8042,0
2001-01-02,24.4500,24.5950,23.7050,24.3500,7.8901,2536044
2001-01-03,24.1500,24.2000,23.3100,23.9950,7.7751,4569466
2001-01-04,24.1250,24.6150,23.5300,24.5300,7.9484,5861932
2001-01-05,24.5300,24.5300,24.5300,24.5300,7.9484,0
2001-01-08,24.6450,24.6450,24.1100,24.3850,7.9014,3215196
2001-01-09,24.2500,24.3500,23.6750,23.9950,7.7751,3121630
2001-01-10,23.9450,23.9450,22.6600,23.0500,7.4688,5232100
2001-01-11,23.0500,23.2950,22.7250,23.1750,7.5094,2713722
2001-01-12,23.2500,23.4000,22.9250,23.0850,7.4802,4048908
2001-01-15,23.2550,23.5000,23.1250,23.3400,7.5628,2975896
2001-01-16,23.3000,23.8600,23.2250,23.6750,7.6714,4735908
2001-01-17,23.8950,23.8950,23.0100,23.3950,7.5806,4287820
2001-01-18,23.1500,23.1550,22.7050,23.1000,7.4851,4045354
2001-01-19,23.2000,23.2000,21.9500,22.1250,7.1691,6795164
2001-01-22,22.2500,22.8750,22.1850,22.8050,7.3895,3555714
2001-01-23,22.9000,23.0350,22.7750,22.9750,7.4445,2356696
2001-01-24,23.1250,23.1250,22.3250,22.5550,7.3085,4494748
2001-01-25,22.3650,22.7750,22.2250,22.5400,7.3036,3969520
2001-01-26,22.4500,23.0100,22.4500,22.8600,7.4073,2699392
2001-01-29,22.9950,23.1150,22.7250,22.9750,7.4445,1919374
2001-01-30,23.0500,23.1700,22.7500,23.1450,7.4996,2911408
2001-01-31,23.1500,23.6900,23.0650,23.6450,7.6616,4811362
2001-02-01,23.4550,24.1100,23.4550,23.9250,7.7524,4895514
2001-02-02,24.0500,24.1200,23.8250,24.0000,7.7767,2757124
2001-02-05,23.7550,24.1250,23.7500,24.1150,7.8139,2056910
2001-02-06,24.1450,24.1950,23.6500,23.9000,7.7443,3079340
2001-02-07,23.7750,23.9000,23.5900,23.7750,7.7038,2459358
2001-02-08,23.7900,23.9200,23.5750,23.7500,7.6957,1829982
2001-02-09,23.6350,23.6950,23.2750,23.4050,7.5839,2541378
2001-02-12,23.4700,23.4700,23.1150,23.3500,7.5661,1861948
2001-02-13,23.3700,23.3700,23.0350,23.2750,7.5418,2547728
2001-02-14,23.2250,23.8000,23.2000,23.5250,7.6228,4274232
2001-02-15,23.5250,23.5250,23.5250,23.5250,7.6228,0
2001-02-16,23.9500,24.1950,23.4650,23.5000,7.6147,6444658
2001-02-19,23.5000,24.3100,23.5000,24.0950,7.8075,3781050
2001-02-20,24.1200,24.2000,23.7750,23.9700,7.7670,3469180
2001-02-21,23.8750,24.0650,23.5600,23.8250,7.7200,2534240
2001-02-22,23.8500,23.9750,23.5000,23.5800,7.6406,3633710
2001-02-23,23.5750,23.9600,23.2250,23.2900,7.5466,3191676
2001-02-26,23.5750,24.1000,23.5000,24.0450,7.7913,3919918
2001-02-27,24.0950,24.4500,23.9050,24.2400,7.8544,4218360
2001-02-28,24.3000,24.5500,24.0500,24.4750,7.9306,4719396
2001-03-01,24.5000,24.5500,24.2500,24.4300,7.9160,2951024
2001-03-02,24.4450,24.4450,24.0550,24.2700,7.8642,2471734
2001-03-05,24.2500,24.7950,24.2500,24.6700,7.9938,3641888
2001-03-06,24.7250,24.9750,24.6750,24.7400,8.0165,5055456
2001-03-07,24.6900,25.5000,24.6650,25.2250,8.1736,8130234
2001-03-08,25.2450,25.2900,24.8500,25.0900,8.1299,4901890
2001-03-09,25.0250,25.0400,24.5900,24.8650,8.0570,4615620
2001-03-12,24.7000,24.9000,24.5250,24.7000,8.0035,2435182
2001-03-13,24.5000,24.5600,24.1000,24.1000,7.8091,5124854
2001-03-14,23.9000,24.1000,23.0500,23.4250,7.5904,7399576
2001-03-15,23.5000,23.9150,23.1550,23.6700,7.6697,5186914
2001-03-16,23.5000,23.9000,22.9750,22.9750,7.4445,42553724
2001-03-19,23.1500,23.3950,23.0550,23.2000,7.5175,4801582
2001-03-20,23.2550,23.4200,22.9800,23.4000,7.5823,4374364
2001-03-21,23.1750,23.4250,22.3600,22.5300,7.3004,4063468
2001-03-22,22.2600,22.4600,20.8500,21.4000,6.9342,7243196
2001-03-23,21.5000,21.6950,21.1500,21.5500,6.9828,6175968
2001-03-26,21.6500,22.1650,21.5000,21.9850,7.1238,3855572
2001-03-27,22.2500,23.0350,21.9000,23.0350,7.4640,4306050
2001-03-28,23.0500,23.0500,22.4050,22.7750,7.3797,7456446
2001-03-29,22.7750,23.0250,22.3550,23.0250,7.4607,3735736
2001-03-30,22.9450,22.9550,22.3300,22.6300,7.3328,3299250
2001-04-02,22.4150,22.6500,21.6750,22.3750,7.2501,5397118
2001-04-03,22.2000,22.2100,21.6100,21.8100,7.0671,4691942
2001-04-04,21.7250,22.2200,21.3750,22.0600,7.1481,3964976
2001-04-05,22.1000,22.3750,21.7050,22.0350,7.1400,4216270
2001-04-06,22.2500,22.5000,21.9000,22.2300,7.2031,2712358
2001-04-09,22.3950,23.2100,22.2200,22.8950,7.4186,3311828
2001-04-10,23.2200,23.3450,22.8000,23.0150,7.4575,2868000
2001-04-11,22.8750,23.5000,22.7600,23.3250,7.5580,3617310
2001-04-12,23.2000,23.9500,23.2000,23.7500,7.6957,4383108
2001-04-13,23.7500,23.7500,23.7500,23.7500,7.6957,0
2001-04-16,23.7500,23.7500,23.7500,23.7500,7.6957,0
2001-04-17,23.9250,24.1000,23.4750,23.7800,7.7054,3573130
2001-04-18,24.0250,24.3250,23.8000,24.1050,7.8107,3258470
2001-04-19,24.2950,24.7750,23.9450,24.7300,8.0132,5826640
2001-04-20,24.6500,24.8500,24.3400,24.5200,7.9452,3901846
2001-04-23,24.3500,24.5000,24.0250,24.2500,7.8577,3443984
2001-04-24,24.0500,24.8600,24.0500,24.6500,7.9873,4920458
2001-04-25,24.5250,24.5250,23.8450,24.1750,7.8334,5318720
2001-04-26,24.1750,24.9500,24.0050,24.6500,7.9873,7688874
2001-04-27,23.4550,24.4000,23.4550,24.4000,8.2406,7821260
2001-04-30,24.2550,24.3000,24.0000,24.2400,8.1866,3794186
2001-05-01,24.2400,24.2400,24.2400,24.2400,8.1866,0
2001-05-02,24.0750,24.2000,23.3150,23.6250,7.9789,5033806
2001-05-03,23.3800,23.5550,22.6800,22.7500,7.6833,4921640
2001-05-04,22.7500,23.8500,22.5500,23.5750,7.9620,5258062
2001-05-07,23.5750,23.5750,23.5750,23.5750,7.9620,0
2001-05-08,23.6500,24.1950,23.5000,23.9000,8.0717,3475332
2001-05-09,23.8000,24.3800,23.8000,24.1150,8.1443,3393092
2001-05-10,24.1150,24.1150,24.1150,24.1150,8.1443,0
2001-05-11,24.1500,24.4900,24.1500,24.2850,8.2018,2538492
2001-05-14,24.2750,24.2750,23.8400,23.9500,8.0886,2608418
2001-05-15,23.8600,23.9750,23.6250,23.9150,8.0768,2134378
2001-05-16,23.8100,24.6000,23.5100,24.4000,8.2406,3942734
2001-05-17,24.6500,24.8250,24.4850,24.6050,8.3098,4831416
2001-05-18,24.6500,24.9500,24.5350,24.8750,8.4010,4827108
2001-05-21,24.9250,25.0000,24.6550,24.9150,8.4145,2643280
2001-05-22,24.9500,25.0500,24.7500,24.8750,8.4010,3377290
2001-05-23,24.7500,24.8350,24.5800,24.6750,8.3335,2355048
2001-05-24,24.5550,24.8400,24.2500,24.4000,8.2406,3017530
2001-05-25,24.4000,24.4450,23.9250,24.1500,8.1562,3077776
2001-05-28,24.1000,24.2950,24.0150,24.1500,8.1562,1398512
2001-05-29,24.2450,24.2450,23.5000,23.5750,7.9620,3760252
2001-05-30,23.7000,23.7950,23.3400,23.4500,7.9197,2642938
2001-05-31,23.4250,24.0000,23.3000,23.7500,8.0211,3528992
2001-06-01,23.9500,23.9900,23.5700,23.6000,7.9704,2889634
2001-06-04,23.6250,23.9050,23.5750,23.8050,8.0396,794332
2001-06-05,23.6800,23.9400,23.5500,23.5500,7.9535,2820652
2001-06-06,23.7500,23.8350,23.3550,23.3550,7.8877,3331654
2001-06-07,23.4000,23.8700,23.4000,23.4650,7.9248,3324636
2001-06-08,23.5600,23.8000,23.2250,23.2250,7.8438,2496990
2001-06-11,23.3000,23.5150,23.0500,23.3050,7.8708,2142060
2001-06-12,23.4550,23.4650,23.1400,23.2750,7.8606,3050346
2001-06-13,23.4150,23.4200,23.0000,23.1750,7.8269,2663464
2001-06-14,23.0500,23.0500,22.5400,22.7500,7.6833,2588746
2001-06-15,22.7500,22.7500,22.7500,22.7500,7.6833,0
2001-06-18,22.3250,22.7200,22.3000,22.3550,7.5499,2972198
2001-06-19,22.2800,22.6800,22.2200,22.2650,7.5195,3019000
2001-06-20,22.2500,22.3650,21.7850,22.3650,7.5533,3923876
2001-06-21,21.3750,22.0000,21.1400,22.0000,7.4300,14100226
2001-06-22,21.8600,21.9000,21.4350,21.8700,7.3861,5924768
2001-06-25,21.7000,21.8150,21.3900,21.8000,7.3625,3500694
2001-06-26,21.7250,21.9950,21.4400,21.9050,7.3980,3440950
2001-06-27,21.8450,22.1600,21.6400,21.8900,7.3929,3491086
2001-06-28,21.8600,22.6750,21.7500,22.6750,7.6580,7076392
2001-06-29,22.6750,23.4400,22.5500,23.3000,7.8691,7069002
2001-07-02,23.3000,23.6000,23.0800,23.4000,7.9029,5351722
2001-07-03,23.4500,23.4750,23.1100,23.3250,7.8775,4845476
2001-07-04,23.4150,23.7200,23.3800,23.5450,7.9518,4120610
2001-07-05,23.4900,23.6850,23.4000,23.6400,7.9839,4479828
2001-07-06,23.5450,23.5450,22.9150,23.2500,7.8522,5910010
2001-07-09,23.1000,23.5800,23.0900,23.4600,7.9231,4058236
2001-07-10,23.4000,23.6300,23.1500,23.3800,7.8961,2956078
2001-07-11,23.2500,23.3500,22.7500,23.3500,7.8860,5282986
2001-07-12,23.4950,23.6500,23.2500,23.5250,7.9451,4144944
2001-07-13,23.5250,23.5250,23.5250,23.5250,7.9451,0
2001-07-16,23.9000,23.9500,23.6050,23.7000,8.0042,3648066
2001-07-17,23.6800,23.8050,23.4550,23.6350,7.9822,3388026
2001-07-18,23.5550,23.6200,23.2000,23.4400,7.9164,2938042
2001-07-19,23.4250,23.7300,23.1100,23.7300,8.0143,3621390
2001-07-20,23.4050,23.7400,23.1750,23.6450,7.9856,4959720
2001-07-23,23.6500,23.8100,23.3400,23.5150,7.9417,3055988
2001-07-24,23.4200,23.4650,23.1250,23.2050,7.8370,3361592
2001-07-25,23.1750,23.2850,22.2500,22.4750,7.5905,6689296
2001-07-26,22.6000,22.6150,22.3300,22.5500,7.6158,4983884
2001-07-27,22.7000,22.8700,22.4650,22.6700,7.6563,3702650
2001-07-30,22.7450,23.1850,22.5800,23.0750,7.7931,2682752
2001-07-31,22.9500,23.4000,22.9000,23.2500,7.8522,2377054
2001-08-01,23.1850,23.3650,23.1400,23.3300,7.8792,2820014
2001-08-02,23.2250,23.4050,22.7700,22.9700,7.7576,3352010
2001-08-03,22.8050,23.0550,22.5950,22.7250,7.6749,2325616
2001-08-06,22.7500,23.1950,22.7150,23.0500,7.7847,2963662
2001-08-07,22.2300,22.9750,22.2300,22.8400,7.7137,7746498
2001-08-08,22.3850,22.4350,21.4900,22.1950,7.4959,13943482
2001-08-09,21.8850,22.4050,21.7750,22.2050,7.4993,6649990
2001-08-10,22.2500,22.5750,22.2500,22.4500,7.5820,6708110
2001-08-13,22.6700,22.6700,22.3600,22.4600,7.5854,3701040
2001-08-14,22.4800,22.6600,22.2950,22.5000,7.5989,3595764
2001-08-15,22.4000,22.4950,22.1950,22.3850,7.5601,2539508
2001-08-16,22.2500,22.3600,22.0400,22.2250,7.5060,3386918
2001-08-17,22.2500,22.5750,21.9000,21.9950,7.4284,6500306
2001-08-20,22.0950,22.4100,22.0250,22.2250,7.5060,3908448
2001-08-21,22.2800,22.5750,22.1650,22.4150,7.5702,3659928
2001-08-22,22.3500,23.0250,22.2000,22.8500,7.7171,5136770
2001-08-23,22.8700,22.9200,22.5300,22.7000,7.6665,3901700
2001-08-24,22.7500,23.2000,22.6250,23.0500,7.7847,3725764
2001-08-27,23.2300,23.2500,22.9250,23.1750,7.8269,2443002
2001-08-28,23.0650,23.5000,23.0050,23.2500,7.8522,4644194
2001-08-29,23.1500,23.2750,22.9150,23.1450,7.8167,4404528
2001-08-30,23.0100,23.1450,22.5350,22.6750,7.6580,4675942
2001-08-31,22.5250,22.7300,22.2350,22.5000,7.5989,4014462
2001-09-03,22.7250,22.8250,22.3350,22.7000,7.6665,3190320
2001-09-04,22.8650,23.6250,22.7050,23.4450,7.9181,5803850
2001-09-05,23.3100,23.6000,23.0950,23.1450,7.8167,4387874
2001-09-06,23.2600,23.3500,22.5750,22.8000,7.7002,7739974
2001-09-07,22.6550,23.0100,22.1500,22.4600,7.5854,7473568
2001-09-10,22.2000,22.4250,21.5250,21.7500,7.3456,8123338
2001-09-11,21.8300,22.0900,20.1500,20.7000,6.9910,9140750
2001-09-12,20.6250,20.9900,20.0350,20.3500,6.8728,8231114
2001-09-13,20.2750,20.3750,19.5000,20.2000,6.8221,8039534
2001-09-14,20.0400,20.1750,18.6600,18.8250,6.3577,8734068
2001-09-17,18.5250,19.3000,17.3100,18.9500,6.4000,9150160
2001-09-18,18.7750,19.1300,17.7350,18.1000,6.1129,7340672
2001-09-19,18.1050,18.5950,16.8850,17.1550,5.7937,7451664
2001-09-20,17.3750,17.4500,15.6250,15.9000,5.3699,10112776
2001-09-21,15.6000,16.0500,14.1800,15.5000,5.2348,17706658
2001-09-24,15.5000,15.5000,15.5000,15.5000,5.2348,0
2001-09-25,17.8250,18.3150,17.3250,17.6000,5.9440,8647088
2001-09-26,17.8900,18.7500,17.6250,18.3000,6.1804,7996028
2001-09-27,18.2000,18.5400,17.6550,18.5400,6.2615,6470704
2001-09-28,18.6250,19.4750,18.5500,19.4350,6.5638,5480432
2001-10-01,19.1250,19.2750,18.7500,18.9850,6.4118,5468666
2001-10-02,18.9750,19.1700,18.4250,18.6050,6.2834,6084386
2001-10-03,18.6050,18.6050,18.6050,18.6050,6.2834,0
2001-10-04,18.5900,18.9000,18.1850,18.7700,6.3392,8123434
2001-10-05,18.6500,19.2650,18.3550,19.2000,6.4844,5923904
2001-10-08,18.8250,19.3850,18.6800,19.1050,6.4523,5373352
2001-10-09,18.9750,19.6150,18.8600,19.2550,6.5030,4202126
2001-10-10,19.2050,19.9450,19.0250,19.7550,6.6718,4893124
2001-10-11,19.8000,20.0650,19.5600,20.0500,6.7715,5496692
2001-10-12,19.9000,20.5700,19.8400,20.5350,6.9353,6247300
2001-10-15,20.4000,20.4500,19.5500,19.8600,6.7073,4262534
2001-10-16,19.8600,19.8600,19.8600,19.8600,6.7073,0
2001-10-17,19.8000,19.8950,19.3150,19.6850,6.6482,4533524
2001-10-18,19.4350,19.5750,19.0850,19.2450,6.4996,4599170
2001-10-19,19.1050,19.2500,18.6550,19.0050,6.4185,4951834
2001-10-22,19.0000,19.0800,17.9000,18.9500,6.4000,10170768
2001-10-23,18.8750,19.7400,18.7000,19.6250,6.6279,5716450
2001-10-24,19.4150,20.0250,19.3400,19.7050,6.6550,5996302
2001-10-25,19.7050,19.8000,18.8900,19.2500,6.5013,6521998
2001-10-26,19.2000,19.6500,18.7250,19.6500,6.6364,4088290
2001-10-29,19.4650,19.6750,19.1000,19.3200,6.5249,2635186
2001-10-30,18.9400,19.1500,18.4650,18.8000,6.3493,4158782
2001-10-31,18.7300,19.0500,18.3050,18.8000,6.3493,4067656
2001-11-01,18.7750,19.2650,18.4500,19.1250,6.4591,2757304
2001-11-02,19.3000,19.3750,18.5050,18.8500,6.3662,4374060
2001-11-05,19.0450,19.5500,18.8500,19.5250,6.5942,3994760
2001-11-06,19.6700,19.9000,19.3200,19.5000,6.5857,5117392
2001-11-07,19.6550,20.4600,19.3050,20.3000,6.8559,6026568
2001-11-08,20.2000,21.0600,20.2000,20.8500,7.0417,7127108
2001-11-09,20.5750,20.8300,20.1250,20.5500,6.9403,5037306
2001-11-12,20.5500,20.5500,19.3500,20.0850,6.7833,4523932
2001-11-13,19.7250,20.8600,19.7250,20.6500,6.9741,5169304
2001-11-14,20.6500,21.0600,20.3900,20.5250,6.9319,6782366
2001-11-15,20.5400,20.6700,20.1150,20.1500,6.8052,6709670
2001-11-16,20.1550,21.1500,19.8000,21.0050,7.0940,7923010
2001-11-19,21.0300,21.6700,20.9350,21.5250,7.2696,4394116
2001-11-20,21.7000,21.9500,21.0100,21.6500,7.3118,5666760
2001-11-21,21.4000,21.9500,21.2050,21.6300,7.3051,5870432
2001-11-22,21.6000,21.7050,21.2150,21.5000,7.2612,3047492
2001-11-23,21.5500,21.6050,21.1000,21.4700,7.2510,3126794
2001-11-26,21.4550,21.9250,21.4000,21.6650,7.3169,3874594
2001-11-27,21.7150,21.9000,21.2800,21.6050,7.2966,5152304
2001-11-28,21.3000,21.5000,21.0150,21.2750,7.1852,4977952
2001-11-29,21.1250,21.6950,21.1250,21.5500,7.2781,4720642
2001-11-30,21.5100,21.5900,21.1500,21.4500,7.2443,4867110
2001-12-03,21.4500,21.4500,20.8000,21.4200,7.2342,4166420
2001-12-04,21.2100,21.4600,20.7700,21.3000,7.1936,4964366
2001-12-05,21.4500,22.0500,21.3000,22.0500,7.4469,6635454
2001-12-06,21.9250,22.4900,21.4500,21.9000,7.3963,6807092
2001-12-07,22.0000,22.0000,21.3700,21.5250,7.2696,5192070
2001-12-10,21.5450,21.6700,21.3250,21.4750,7.2527,3309326
2001-12-11,21.5000,21.5000,21.0600,21.4950,7.2595,4553696
2001-12-12,21.4000,21.4550,20.6800,21.0500,7.1092,5435082
2001-12-13,20.8000,21.0000,20.3750,20.4500,6.9066,5263170
2001-12-14,20.4900,20.6650,20.3350,20.4200,6.8964,3169348
2001-12-17,20.3500,20.7850,20.2000,20.6300,6.9674,4725940
2001-12-18,20.7000,20.9500,20.5800,20.8400,7.0383,4913688
2001-12-19,20.8350,20.9850,20.3750,20.5100,6.9268,5009924
2001-12-20,20.4100,20.7100,20.2800,20.2800,6.8491,3407676
2001-12-21,20.2500,20.6200,20.0800,20.3000,6.8559,7615840
2001-12-24,20.3000,20.3000,20.3000,20.3000,6.8559,0
2001-12-25,20.3000,20.3000,20.3000,20.3000,6.8559,0
2001-12-26,20.3000,20.3000,20.3000,20.3000,6.8559,0
2001-12-27,20.3750,20.9700,20.2750,20.8750,7.0501,2083130
2001-12-28,20.9500,21.2400,20.8600,20.8750,7.0501,1340462
2001-12-31,20.8750,20.8750,20.8750,20.8750,7.0501,0
2002-01-01,20.8750,20.8750,20.8750,20.8750,7.0501,0
2002-01-02,20.5500,21.1650,20.5000,21.1250,7.1345,3798724
2002-01-03,21.1750,21.7050,21.0000,21.5350,7.2730,6343752
2002-01-04,21.7500,21.8450,21.3150,21.5500,7.2781,5431018
2002-01-07,21.7400,22.0450,21.4000,21.7500,7.3456,6999774
2002-01-08,21.7250,21.9500,21.2100,21.3950,7.2257,6404012
2002-01-09,21.4000,21.9100,21.1300,21.5250,7.2696,5957228
2002-01-10,21.4500,21.7100,21.3250,21.5700,7.2848,3500384
2002-01-11,21.4000,21.7500,21.3450,21.5000,7.2612,3802952
2002-01-14,21.3350,21.5500,20.9250,20.9250,7.0670,3436368
2002-01-15,20.9250,20.9250,20.9250,20.9250,7.0670,0
2002-01-16,20.9500,21.2250,20.8050,21.0500,7.1092,5384244
2002-01-17,21.0850,21.6000,21.0850,21.5250,7.2696,5401652
2002-01-18,21.4950,21.7400,21.4200,21.6650,7.3169,5742322
2002-01-21,21.6450,21.7100,21.3600,21.6750,7.3203,2707436
2002-01-22,21.6050,21.7800,21.4400,21.6000,7.2949,3879154
2002-01-23,21.5850,22.2200,21.4500,22.1800,7.4908,5111478
2002-01-24,22.1250,22.7750,22.1000,22.4350,7.5770,9022454
2002-01-25,22.4750,22.7150,22.3300,22.6500,7.6496,4123036
2002-01-28,22.6150,22.7100,22.3000,22.3550,7.5499,4244646
2002-01-29,22.3500,22.4450,21.9300,22.0600,7.4503,4185144
2002-01-30,21.9900,22.2950,21.9000,22.2500,7.5145,5502848
2002-01-31,22.4150,22.6450,22.2650,22.4950,7.5972,4188324
2002-02-01,22.6500,22.6700,21.9950,22.4750,7.5905,6994162
2002-02-04,22.4750,23.0000,22.2500,22.4500,7.5820,6428974
2002-02-05,22.1000,22.5250,22.0750,22.5000,7.5989,5906482
2002-02-06,22.4500,22.4850,21.5750,21.7500,7.3456,7660030
2002-02-07,21.6000,21.8000,21.2500,21.4550,7.2460,6875340
2002-02-08,21.3000,21.5800,21.1750,21.4300,7.2375,3923976
2002-02-11,21.5050,21.9100,21.3900,21.9000,7.3963,3916884
2002-02-12,21.9000,22.0600,21.6450,21.8500,7.3794,4859118
2002-02-13,21.9350,21.9900,21.4000,21.6250,7.3034,4471638
2002-02-14,21.5250,21.7500,20.7500,20.8550,7.0433,9320482
2002-02-15,20.9300,21.0450,20.5250,20.5800,6.9505,6504186
2002-02-18,20.5500,20.7300,20.4000,20.7250,6.9994,2476942
2002-02-19,20.5750,20.7050,20.1700,20.3750,6.8812,3756426
2002-02-20,20.2600,20.5700,19.9550,20.4750,6.9150,4750606
2002-02-21,20.7250,21.2000,20.6250,21.0400,7.1058,5354324
2002-02-22,20.9050,21.3950,20.9050,21.3550,7.2122,4665326
2002-02-25,21.3550,21.3950,20.9150,21.3250,7.2021,4251982
2002-02-26,21.4650,21.8200,21.2000,21.6050,7.2966,5628740
2002-02-27,21.7200,22.2450,21.6250,22.0400,7.4436,5409378
2002-02-28,21.9950,22.4000,21.8700,22.2100,7.5010,5738730
2002-03-01,22.0600,22.4950,22.0200,22.3600,7.5516,4620718
2002-03-04,22.7000,23.1850,22.5000,22.9750,7.7593,6737198
2002-03-05,22.8750,23.4750,22.8050,22.9350,7.7458,6148986
2002-03-06,22.8500,23.2250,22.7500,23.1750,7.8269,4920010
2002-03-07,23.2750,23.7250,23.1100,23.3000,7.8691,6824910
2002-03-08,23.4000,23.8000,23.2300,23.7800,8.0312,5642910
2002-03-11,23.6500,23.7400,23.1400,23.3000,7.8691,5619484
2002-03-12,23.3500,23.3850,22.9750,23.1900,7.8319,4858916
2002-03-13,23.1500,23.4000,22.7900,22.9000,7.7340,7112516
2002-03-14,22.8750,23.2900,22.7800,23.1100,7.8049,5689094
2002-03-15,23.0200,23.6750,22.9500,23.4100,7.9062,14328794
2002-03-18,23.5000,23.6250,23.2900,23.5150,7.9417,4442398
2002-03-19,23.5000,23.6850,23.1100,23.4750,7.9282,5661668
2002-03-20,23.5000,23.5450,23.1750,23.4350,7.9147,5020480
2002-03-21,23.4000,23.6950,23.3000,23.3750,7.8944,3739424
2002-03-22,23.3950,23.6500,23.3950,23.6000,7.9704,2890382
2002-03-25,23.6250,23.8750,23.3750,23.5000,7.9366,3413538
2002-03-26,23.5250,23.6100,23.2750,23.4000,7.9029,4582634
2002-03-27,23.3000,23.4100,22.8100,23.0000,7.7678,4825640
2002-03-28,23.0400,23.3750,22.9300,23.2950,7.8674,3994598
2002-03-29,23.2950,23.2950,23.2950,23.2950,7.8674,0
2002-04-01,23.2950,23.2950,23.2950,23.2950,7.8674,0
2002-04-02,23.2200,23.6250,23.0200,23.6250,7.9789,4410776
2002-04-03,23.5600,24.2100,23.4500,24.0000,8.1055,9096282
2002-04-04,23.9900,24.0400,23.2900,23.3950,7.9012,6516164
2002-04-05,23.3800,23.6450,23.3500,23.5200,7.9434,3090460
2002-04-08,23.4300,23.4450,23.0100,23.3900,7.8995,4188078
2002-04-09,23.3500,23.6750,23.3000,23.3500,7.8860,4301930
2002-04-10,23.3700,23.7250,23.3700,23.6750,7.9957,3862870
2002-04-11,23.7750,23.7750,23.1250,23.2150,7.8404,5394968
2002-04-12,23.3250,23.6050,23.2150,23.5000,7.9366,3574670
2002-04-15,23.4200,23.7000,23.3050,23.7000,8.0042,2433330
2002-04-16,23.6500,23.7950,23.3500,23.7350,8.0160,4234382
2002-04-17,23.7500,23.8950,23.5850,23.7400,8.0177,3831154
2002-04-18,23.6100,23.9450,23.3000,23.6200,7.9772,4932422
2002-04-19,23.6250,23.8900,23.4800,23.8900,8.0683,2888942
2002-04-22,23.8950,24.0000,23.6650,23.9500,8.0886,3555596
2002-04-23,24.1150,24.1150,23.2000,23.4700,7.9265,6567122
2002-04-24,23.4700,23.6750,23.2550,23.4550,7.9214,3602972
2002-04-25,23.3250,23.4150,22.2600,22.4050,7.5668,8076994
2002-04-26,22.4450,22.8050,22.3750,22.6200,7.6394,5736340
2002-04-29,22.6200,22.7100,22.2850,22.5200,7.6057,3829614
2002-04-30,22.8750,23.7750,22.8750,23.7750,8.0295,11852862
2002-05-01,23.7750,23.7750,23.7750,23.7750,8.0295,0
2002-05-02,23.3000,23.5150,23.1500,23.4250,8.1337,7850242
2002-05-03,23.2800,23.5150,22.8500,23.0700,8.0104,6430218
2002-05-06,23.0000,23.1450,22.6900,22.7550,7.9010,2140826
2002-05-07,22.5050,22.7200,22.2400,22.6300,7.8576,5564104
2002-05-08,22.7500,23.1700,22.5850,23.1700,8.0451,5078438
2002-05-09,23.1050,23.2400,22.9500,23.0850,8.0156,2356578
2002-05-10,23.1500,23.6500,23.0750,23.3750,8.1163,7226160
2002-05-13,23.1500,23.8250,23.0750,23.7450,8.2448,4795994
2002-05-14,23.7350,24.0000,23.6150,23.8250,8.2726,6503470
2002-05-15,23.9750,24.0250,23.6550,24.0000,8.3333,5044738
2002-05-16,24.0050,24.1000,23.6750,23.8300,8.2743,4626508
2002-05-17,24.0250,24.6550,23.8750,24.3550,8.4566,9256808
2002-05-20,24.3750,24.6400,24.1500,24.1650,8.3906,2744380
2002-05-21,24.3250,24.7200,23.7600,24.3650,8.4601,6113166
2002-05-22,24.2000,24.3700,23.9300,24.1250,8.3767,6362812
2002-05-23,24.2500,24.4000,23.9450,24.1250,8.3767,4691858
2002-05-24,24.2000,24.3750,24.1850,24.2900,8.4340,4419308
2002-05-27,24.2050,24.5950,24.2050,24.5000,8.5069,3124154
2002-05-28,24.5000,24.5000,24.5000,24.5000,8.5069,0
2002-05-29,24.3000,24.5750,24.1100,24.4500,8.4896,5707904
2002-05-30,24.5000,24.6250,24.1950,24.3500,8.4549,5609324
2002-05-31,24.5250,24.9150,24.3250,24.9000,8.6458,6185642
2002-06-03,24.7500,24.7750,24.2050,24.3400,8.4514,4214010
2002-06-04,24.0800,24.0850,23.3500,23.4000,8.1250,7848072
2002-06-05,23.4850,23.6800,23.1250,23.2350,8.0677,4754968
2002-06-06,23.3150,23.8800,23.3050,23.5350,8.1719,7167058
2002-06-07,23.2500,23.3650,22.8750,23.2500,8.0729,5917244
2002-06-10,23.4950,23.5850,23.1550,23.4200,8.1319,3874224
2002-06-11,23.4000,23.5200,23.0750,23.0750,8.0121,5802292
2002-06-12,22.9500,22.9500,22.6250,22.6250,7.8559,6080848
2002-06-13,22.9800,23.1000,22.4200,22.8750,7.9427,5278944
2002-06-14,22.8750,22.8750,22.0000,22.0250,7.6476,7793990
2002-06-17,22.3750,23.0000,22.1150,22.9950,7.9844,5698128
2002-06-18,22.9950,23.0400,22.5500,23.0000,7.9861,4887996
2002-06-19,22.8250,22.8250,22.4050,22.5000,7.8125,6102132
2002-06-20,22.5650,22.6800,22.0550,22.5000,7.8125,6505962
2002-06-21,22.3350,23.0500,22.3300,23.0500,8.0035,26456236
2002-06-24,22.9750,23.1750,22.1500,22.7500,7.8993,8506518
2002-06-25,22.9000,23.4750,22.8000,23.0700,8.0104,6801638
2002-06-26,22.4000,23.0750,22.1000,22.7500,7.8993,10192512
2002-06-27,22.9500,22.9500,22.4550,22.8550,7.9358,6995802
2002-06-28,22.9500,23.7000,22.7350,23.5750,8.1858,6895906
2002-07-01,23.4000,23.6000,23.0300,23.2000,8.0556,6843096
2002-07-02,22.9000,23.5650,22.7000,22.8250,7.9253,6793056
2002-07-03,22.9450,23.3200,22.6900,22.9750,7.9774,6761770
2002-07-04,23.2000,23.3000,22.6800,23.2000,8.0556,4237712
2002-07-05,23.1300,23.8750,23.0800,23.8500,8.2812,6018100
2002-07-08,23.5550,23.8250,23.4900,23.8250,8.2726,5136148
2002-07-09,23.8700,23.9650,22.9600,23.0000,7.9861,7252120
2002-07-10,22.7750,22.9900,22.2500,22.2500,7.7257,5043112
2002-07-11,22.1000,22.3250,21.3400,21.7250,7.5434,8775718
2002-07-12,22.0850,22.4000,21.2900,21.6750,7.5260,5450906
2002-07-15,21.4750,21.7400,20.2750,20.6150,7.1580,5922194
2002-07-16,21.1250,21.2650,20.1000,20.7150,7.1927,9498362
2002-07-17,20.3000,21.0800,20.2250,21.0800,7.3194,7852360
2002-07-18,21.0800,21.5750,20.6850,21.1950,7.3594,7804690
2002-07-19,20.9950,21.0050,19.8800,19.9050,6.9115,6811388
2002-07-22,19.7000,20.0550,18.5150,19.2450,6.6823,7709904
2002-07-23,19.3950,20.0650,18.1100,18.6250,6.4670,8079148
2002-07-24,18.6800,19.2000,16.6750,18.9500,6.5799,13015590
2002-07-25,19.4500,19.5850,17.5550,18.0000,6.2500,11369396
2002-07-26,18.1250,19.5650,18.1250,19.1750,6.6580,10233626
2002-07-29,19.4000,20.4500,19.0550,20.4500,7.1007,8574868
2002-07-30,20.2550,20.6250,19.6850,20.5550,7.1371,6351840
2002-07-31,20.6000,20.8000,19.5000,19.5000,6.7708,9375026
2002-08-01,19.6150,20.2700,19.0550,19.3850,6.7309,8800360
2002-08-02,19.4500,19.9900,19.1600,19.5750,6.7969,7119888
2002-08-05,19.5100,19.5450,18.2650,18.7000,6.4931,7470512
2002-08-06,18.6500,20.1450,18.0600,19.9350,6.9219,9470484
2002-08-07,20.1200,20.1250,19.2850,19.5750,6.7969,6427490
2002-08-08,20.5150,20.9800,19.9000,20.9800,7.2847,9817726
2002-08-09,21.0500,21.4750,20.7750,21.4750,7.4566,7652148
2002-08-12,21.1700,21.4450,20.7250,20.8300,7.2326,3812562
2002-08-13,21.0000,21.2950,20.1850,20.9000,7.2569,4216110
2002-08-14,20.2000,20.7000,20.0250,20.2500,7.0312,4707210
2002-08-15,20.5550,20.9900,20.3150,20.7000,7.1875,4748726
2002-08-16,20.9000,20.9750,20.1500,20.5650,7.1406,5239522
2002-08-19,20.5000,20.9700,20.1250,20.8800,7.2500,5070662
2002-08-20,20.9450,20.9450,20.2550,20.2750,7.0399,4932058
2002-08-21,20.3500,20.9000,20.1550,20.5750,7.1441,6081178
2002-08-22,20.5750,21.2300,20.4900,20.9800,7.2847,4818412
2002-08-23,20.9800,20.9800,20.9800,20.9800,7.2847,0
2002-08-26,20.9800,20.9800,20.9800,20.9800,7.2847,0
2002-08-27,20.9800,20.9800,20.9800,20.9800,7.2847,0
2002-08-28,20.9800,20.9800,20.9800,20.9800,7.2847,0
2002-08-29,20.2600,20.4500,19.8150,20.3450,7.0642,5616474
2002-08-30,20.4500,21.1250,20.1500,21.0200,7.2986,6692478
2002-09-02,20.9600,20.9950,20.5800,20.7500,7.2049,2587974
2002-09-03,20.5550,20.8500,19.5900,19.6250,6.8142,7453810
2002-09-04,19.5250,20.2500,19.3250,20.0000,6.9444,6709650
2002-09-05,20.1050,20.2100,19.6600,19.9900,6.9410,7078878
2002-09-06,19.9600,20.4800,19.8600,20.4250,7.0920,6302022
2002-09-09,20.4650,20.4650,19.9000,20.3300,7.0590,4486474
2002-09-10,20.4500,20.6950,20.2850,20.4500,7.1007,4826694
2002-09-11,20.5500,20.9700,20.3900,20.8500,7.2396,5313376
2002-09-12,20.7900,20.7950,20.2900,20.2900,7.0451,5264772
2002-09-13,20.1200,20.3900,19.8050,20.2300,7.0243,7034166
2002-09-16,20.4200,20.4500,20.0600,20.3400,7.0625,4427366
2002-09-17,20.6250,20.7750,19.6900,19.9950,6.9427,8398938
2002-09-18,19.7500,19.7500,19.1350,19.3350,6.7135,11062012
2002-09-19,19.3500,19.4750,18.8250,19.2500,6.6840,10261072
2002-09-20,18.8750,19.6750,18.7750,19.5000,6.7708,22178318
2002-09-23,19.2250,19.6850,18.8350,18.9000,6.5625,9058164
2002-09-24,18.8600,19.1500,17.7000,18.0050,6.2517,11049356
2002-09-25,17.7000,18.5950,17.2750,18.3550,6.3733,12522368
2002-09-26,18.4500,19.0850,17.7450,18.7000,6.4931,12370896
2002-09-27,18.9500,19.1900,18.0250,18.3500,6.3715,6465876
2002-09-30,18.0750,18.1000,17.3050,17.9500,6.2326,7580660
2002-10-01,17.9450,18.4500,17.0250,18.2500,6.3368,8151958
2002-10-02,18.5000,18.9750,17.3500,17.9500,6.2326,15774200
2002-10-03,17.7500,18.5000,17.4500,17.8150,6.1858,7669866
2002-10-04,17.8250,17.9850,16.5500,16.9400,5.8819,8101438
2002-10-07,16.7950,17.2000,16.4000,16.9500,5.8854,6486792
2002-10-08,17.0500,17.4750,16.2150,16.4500,5.7118,7120184
2002-10-09,16.5500,16.8000,16.2950,16.7000,5.7986,7790040
2002-10-10,16.4450,17.3550,16.2500,17.3550,6.0260,8065794
2002-10-11,17.3550,18.4850,17.1100,18.4850,6.4184,8105996
2002-10-14,18.2100,18.3650,17.7050,17.8950,6.2135,4555334
2002-10-15,18.2500,18.9400,18.1450,18.9400,6.5764,7153598
2002-10-16,18.6250,19.3250,18.5000,18.9200,6.5694,7453516
2002-10-17,19.1800,19.4500,18.4950,19.3150,6.7066,7344624
2002-10-18,19.2600,19.3900,18.5600,19.2000,6.6667,6672490
2002-10-21,19.0750,19.5150,18.6850,19.5150,6.7760,4217582
2002-10-22,19.2600,19.5250,18.7400,18.8750,6.5538,5507120
2002-10-23,18.9900,19.0900,17.8900,18.2250,6.3281,5831114
2002-10-24,18.2500,18.8300,17.9650,18.3750,6.3802,5700546
2002-10-25,18.0100,18.4500,17.8250,18.1250,6.2934,3905036
2002-10-28,18.4850,19.0750,18.1750,18.8850,6.5573,4289796
2002-10-29,18.6600,19.1900,17.9150,18.1000,6.2847,7236116
2002-10-30,18.1500,18.8350,17.9800,18.6650,6.4809,4841932
2002-10-31,18.6700,19.0400,18.4650,18.7200,6.5000,4549504
2002-11-01,18.6750,18.8750,17.9500,18.5000,6.4236,4389340
2002-11-04,18.9900,19.3700,18.7150,19.2750,6.6927,4497120
2002-11-05,19.1450,19.5000,19.0700,19.3000,6.7014,5034294
2002-11-06,19.6900,19.7000,18.9250,19.0300,6.6076,6531064
2002-11-07,19.0000,19.1400,18.1500,18.3200,6.3611,7719592
2002-11-08,18.2150,18.8300,18.2150,18.2600,6.3403,6661266
2002-11-11,18.1400,18.7400,18.1100,18.7400,6.5069,4488396
2002-11-12,18.7250,19.1250,18.6100,19.0000,6.5972,5838214
2002-11-13,18.7750,19.0750,18.2900,18.7000,6.4931,5004124
2002-11-14,19.0500,19.1500,18.7800,19.0500,6.6146,7460972
2002-11-15,19.1000,19.1250,18.7650,19.0200,6.6042,6491274
2002-11-18,19.1400,19.1950,18.8250,19.0000,6.5972,3919714
2002-11-19,18.6050,18.7950,18.3000,18.5750,6.4496,4755454
2002-11-20,18.4500,18.7000,18.3000,18.6500,6.4757,4074770
2002-11-21,18.6650,19.1000,18.6150,18.9000,6.5625,4263804
2002-11-22,18.9850,19.1300,18.5050,19.0400,6.6111,4292284
2002-11-25,19.0000,19.1950,18.8700,18.9850,6.5920,3542644
2002-11-26,18.9600,19.1000,18.2950,18.3950,6.3871,4437958
2002-11-27,18.3500,19.3000,18.2750,19.2000,6.6667,6793674
2002-11-28,19.2200,19.6300,18.9850,19.3750,6.7274,5118488
2002-11-29,19.6100,20.0500,19.3500,19.3500,6.7187,7550334
2002-12-02,19.5200,20.6000,19.5200,20.3950,7.0816,10124926
2002-12-03,20.5000,20.5700,20.1150,20.1250,6.9878,6916538
2002-12-04,20.1750,20.3300,19.8650,20.2150,7.0191,6590514
2002-12-05,20.1600,20.3500,19.7050,19.8850,6.9045,6456312
2002-12-06,19.9150,19.9300,19.4500,19.6900,6.8368,7361556
2002-12-09,19.5650,19.9000,19.1950,19.2000,6.6667,4766764
2002-12-10,19.1450,19.7500,19.1450,19.7050,6.8420,5759106
2002-12-11,19.6000,19.9500,19.4500,19.8250,6.8837,4648842
2002-12-12,19.7950,19.8950,19.2800,19.3000,6.7014,5706218
2002-12-13,19.3000,19.4500,18.4050,18.8100,6.5312,7487746
2002-12-16,18.6500,19.2250,18.5500,19.2250,6.6753,5685900
2002-12-17,19.3000,19.3950,19.0300,19.2750,6.6927,4764304
2002-12-18,19.2800,19.3750,18.4750,18.5350,6.4358,6675570
2002-12-19,18.7500,19.0250,17.5250,17.9600,6.2361,9017590
2002-12-20,18.2500,18.9700,17.8550,18.7250,6.5017,14021716
2002-12-23,18.9950,19.0550,18.4750,18.7050,6.4948,3962450
2002-12-24,18.7050,18.7050,18.7050,18.7050,6.4948,0
2002-12-25,18.7050,18.7050,18.7050,18.7050,6.4948,0
2002-12-26,18.7050,18.7050,18.7050,18.7050,6.4948,0
2002-12-27,18.4900,18.8350,17.8000,17.8500,6.1979,2518438
2002-12-30,17.9000,18.2200,17.7750,18.0400,6.2639,2210000
2002-12-31,18.0400,18.0400,18.0400,18.0400,6.2639,0
2003-01-01,18.0400,18.0400,18.0400,18.0400,6.2639,0
2003-01-02,17.9250,19.3250,17.9250,19.3250,6.7101,5274588
2003-01-03,19.2450,19.4950,19.0050,19.0400,6.6111,4779144
2003-01-06,19.2500,19.6250,18.5500,19.6250,6.8142,4712994
2003-01-07,19.5150,19.8700,19.1300,19.1700,6.6562,6226788
2003-01-08,19.1700,19.4400,18.6900,18.6900,6.4896,5830690
2003-01-09,18.7500,18.9600,18.0400,18.4500,6.4062,7082956
2003-01-10,18.6450,18.8050,18.1550,18.3150,6.3594,5766380
2003-01-13,18.4500,18.7950,18.3300,18.4000,6.3889,5295216
2003-01-14,18.4950,18.8950,18.4000,18.6650,6.4809,5502296
2003-01-15,18.7750,18.9300,18.2650,18.3450,6.3698,4682034
2003-01-16,18.3500,18.8400,18.2050,18.6750,6.4844,4924260
2003-01-17,18.5950,18.5950,18.0000,18.0000,6.2500,6192224
2003-01-20,17.9950,18.3500,17.7600,17.8850,6.2101,4305390
2003-01-21,17.9750,18.2600,17.4200,17.5400,6.0903,7263024
2003-01-22,17.4550,17.7300,16.8500,17.1400,5.9514,9828042
2003-01-23,17.1050,17.6250,17.1000,17.4050,6.0434,8810586
2003-01-24,17.4750,17.4850,16.7000,16.7700,5.8229,6645462
2003-01-27,16.7500,16.8800,15.8000,15.9300,5.5312,9364266
2003-01-28,16.1050,16.7200,16.0250,16.2500,5.6424,9160526
2003-01-29,16.2400,17.0900,15.6250,16.8000,5.8333,10264732
2003-01-30,16.9200,17.1650,16.3000,16.6000,5.7639,8966106
2003-01-31,16.4250,17.3000,16.0650,17.2600,5.9931,7781922
2003-02-03,17.3500,17.5950,17.0400,17.3000,6.0069,5120974
2003-02-04,17.2950,17.2950,16.6050,16.7250,5.8073,4985048
2003-02-05,16.7500,17.4200,16.3750,17.3350,6.0191,5386974
2003-02-06,17.1250,17.3100,16.4950,16.7000,5.7986,6387676
2003-02-07,16.7050,17.1750,16.4650,16.5000,5.7292,6836898
2003-02-10,16.5800,16.8400,16.3500,16.7700,5.8229,4948878
2003-02-11,16.7800,17.3100,16.7300,16.9900,5.8993,5519896
2003-02-12,16.7750,16.9350,16.4300,16.4500,5.7118,4967488
2003-02-13,16.3500,16.5850,16.1650,16.3900,5.6910,5741528
2003-02-14,16.4950,17.3250,16.3900,17.2000,5.9722,6471516
2003-02-17,17.4150,17.4950,17.1400,17.3900,6.0382,3113758
2003-02-18,17.3700,17.5950,17.1750,17.4250,6.0503,4659978
2003-02-19,17.3900,17.4500,16.8300,16.9350,5.8802,5286162
2003-02-20,17.0050,17.3150,16.7500,16.7850,5.8281,4856310
2003-02-21,16.6950,17.0250,16.3300,17.0000,5.9028,6267528
2003-02-24,16.8750,17.0150,16.4200,16.4200,5.7014,4398900
2003-02-25,16.3350,16.7200,16.1650,16.6050,5.7656,8474802
2003-02-26,16.7850,16.9000,16.2900,16.4000,5.6944,7605226
2003-02-27,16.5750,16.8250,16.2800,16.7300,5.8090,6169576
2003-02-28,16.7650,17.1650,16.3600,16.9100,5.8715,5633322
2003-03-03,17.0800,17.4000,16.8400,17.0000,5.9028,3259040
2003-03-04,16.9450,17.2800,16.7500,16.8400,5.8472,4709438
2003-03-05,16.7300,16.9500,16.4450,16.6100,5.7674,5056914
2003-03-06,16.6550,16.7450,16.3200,16.3200,5.6667,4681678
2003-03-07,16.1500,16.4250,15.9750,16.1300,5.6007,7737154
2003-03-10,16.1600,16.2000,15.8000,15.8050,5.4878,6587944
2003-03-11,15.7950,16.0050,14.6550,15.0950,5.2413,10883642
2003-03-12,15.1500,15.1700,14.1250,14.2050,4.9323,14338844
2003-03-13,14.4000,15.5300,14.3150,15.5300,5.3924,9651256
2003-03-14,15.5950,16.4350,15.3750,15.8250,5.4948,10917402
2003-03-17,15.6650,16.1300,15.0600,15.5950,5.4149,9611348
2003-03-18,17.0000,17.8000,16.6650,17.6250,6.1198,20571886
2003-03-19,17.5050,18.9000,17.2750,18.4400,6.4028,15124828
2003-03-20,18.2500,18.9600,17.8850,18.1250,6.2934,10271956
2003-03-21,18.0000,19.1000,18.0000,19.0050,6.5990,24665276
2003-03-24,18.7250,19.0950,17.5000,17.5000,6.0764,12553998
2003-03-25,17.2500,18.1850,16.8850,18.1850,6.3142,9591062
2003-03-26,18.1000,18.6650,17.6250,18.1100,6.2882,7393902
2003-03-27,18.1100,18.3000,17.5050,18.1500,6.3021,6624684
2003-03-28,18.1000,18.2700,17.4350,17.6850,6.1406,4901994
2003-03-31,17.4500,17.4850,16.9000,17.0550,5.9219,6819134
2003-04-01,17.0200,17.2900,16.5250,16.9050,5.8698,6401186
2003-04-02,16.9500,18.1500,16.9300,18.0700,6.2743,9253002
2003-04-03,17.8750,18.5850,17.7150,18.3000,6.3542,7273202
2003-04-04,18.3450,19.1600,18.3000,19.1600,6.6528,8148778
2003-04-07,19.5000,20.1200,19.3750,19.9000,6.9097,10003176
2003-04-08,19.6400,19.7500,19.0350,19.3600,6.7222,7588512
2003-04-09,19.1450,19.8900,18.5500,19.1250,6.6406,8791238
2003-04-10,18.9100,19.8400,18.8500,19.1250,6.6406,11307938
2003-04-11,19.2200,19.7100,19.1350,19.3450,6.7170,5767188
2003-04-14,19.4950,19.5400,18.7650,19.4000,6.7361,6762256
2003-04-15,19.6000,19.7350,18.9200,19.1150,6.6371,8866012
2003-04-16,19.4350,19.6850,18.9800,18.9800,6.5903,7354396
2003-04-17,18.9700,19.7700,18.9000,19.7500,6.8576,7081758
2003-04-18,19.7500,19.7500,19.7500,19.7500,6.8576,0
2003-04-21,19.7500,19.7500,19.7500,19.7500,6.8576,0
2003-04-22,19.7250,20.4400,19.2550,20.2600,7.0347,4996060
2003-04-23,20.4600,20.6100,19.6900,20.0250,6.9531,7991778
2003-04-24,19.8000,20.3650,19.5850,19.6500,6.8229,7473332
2003-04-25,19.6000,19.9150,19.0750,19.0800,6.6250,6991752
2003-04-28,19.1000,19.7500,19.0500,19.7500,6.8576,5382238
2003-04-29,20.1500,20.2350,19.6100,19.7100,6.8437,7350962
2003-04-30,19.8950,20.2350,19.6500,19.9850,6.9392,5767250
2003-05-01,19.9850,19.9850,19.9850,19.9850,6.9392,0
2003-05-02,19.8000,20.2650,19.4550,20.2650,7.0365,6361280
2003-05-05,20.4400,20.5800,19.8250,20.1250,6.9878,6929700
2003-05-06,19.9850,20.3750,19.9100,20.1450,6.9948,8679766
2003-05-07,19.6100,19.7100,19.0850,19.1950,6.9049,8091888
2003-05-08,19.0750,19.2900,18.3200,18.3200,6.5901,7320632
2003-05-09,18.4900,18.7600,18.0700,18.7600,6.7484,6356872
2003-05-12,18.8400,18.8600,18.1400,18.6250,6.6998,5104782
2003-05-13,18.6450,18.6900,18.0300,18.1500,6.5289,6008860
2003-05-14,18.1250,18.8250,18.1100,18.6500,6.7088,8707720
2003-05-15,18.7000,18.9450,18.3500,18.9100,6.8023,6687648
2003-05-16,18.8500,19.3900,18.6600,18.9250,6.8077,7376300
2003-05-19,18.6450,18.8200,17.8250,17.8500,6.4210,6766266
2003-05-20,17.9500,18.2550,17.6550,17.7200,6.3743,6665152
2003-05-21,17.8900,17.9200,17.1350,17.6200,6.3383,7541418
2003-05-22,17.6200,17.7200,17.1600,17.4750,6.2861,7186750
2003-05-23,17.6900,17.7750,17.2350,17.3750,6.2502,4615966
2003-05-26,17.2500,17.5100,16.9000,17.0450,6.1315,4142436
2003-05-27,17.1200,17.5850,16.7250,17.4950,6.2933,8530730
2003-05-28,17.5550,18.2250,17.5550,17.9500,6.4570,8367488
2003-05-29,18.0750,18.2350,17.5300,17.6350,6.3437,2968808
2003-05-30,17.8250,18.4750,17.5750,18.4250,6.6279,5598562
2003-06-02,18.5500,18.6500,18.1300,18.4250,6.6279,5447622
2003-06-03,18.1800,18.4650,17.9400,18.1700,6.5361,5511930
2003-06-04,18.3750,18.7500,18.2000,18.5500,6.6728,8571490
2003-06-05,18.6500,18.7100,17.9000,18.0700,6.5002,6114212
2003-06-06,18.1750,18.6700,18.1250,18.4250,6.6279,5775780
2003-06-09,18.2400,18.5350,18.1750,18.4000,6.6189,2130830
2003-06-10,18.2650,18.7250,18.2100,18.5000,6.6549,4471076
2003-06-11,18.5250,18.9000,18.3150,18.8000,6.7628,6940086
2003-06-12,18.9600,19.4000,18.9100,19.1050,6.8725,8757316
2003-06-13,19.1250,19.5750,19.0750,19.1400,6.8851,7857832
2003-06-16,19.0800,19.5650,18.9500,19.5500,7.0326,5686934
2003-06-17,19.7500,19.9000,19.4300,19.7200,7.0937,6555608
2003-06-18,19.7200,19.9950,19.4550,19.8700,7.1477,6343448
2003-06-19,19.9750,19.9750,19.3700,19.6500,7.0685,4038742
2003-06-20,19.6250,19.9250,19.5400,19.6000,7.0505,16532554
2003-06-23,19.6000,19.6350,19.0850,19.2000,6.9067,5457294
2003-06-24,19.1250,19.2500,18.7800,19.0850,6.8653,6279844
2003-06-25,19.1500,19.2650,18.6300,18.9000,6.7987,6642598
2003-06-26,18.6300,19.0700,18.6300,19.0700,6.8599,5320030
2003-06-27,19.0750,19.1300,18.7250,19.0050,6.8365,3717524
2003-06-30,18.9000,18.9000,18.3250,18.6000,6.6908,8615548
2003-07-01,18.5500,18.6750,18.1000,18.2600,6.5685,6639028
2003-07-02,18.5000,18.6750,18.3000,18.6100,6.6944,6632024
2003-07-03,18.5050,18.8450,18.3650,18.4450,6.6351,6860402
2003-07-04,18.3750,18.9250,18.3750,18.8300,6.7736,3976146
2003-07-07,18.9000,19.9600,18.6850,19.6650,7.0739,11902270
2003-07-08,19.7000,19.9950,19.7000,19.8250,7.1315,8112984
2003-07-09,19.7500,19.8500,19.4100,19.5250,7.0236,4904658
2003-07-10,19.5900,19.6200,19.3150,19.4550,6.9984,5092102
2003-07-11,19.4050,19.8650,19.3750,19.7900,7.1189,4241192
2003-07-14,19.8450,20.3250,19.7150,20.2000,7.2664,6113176
2003-07-15,20.0950,20.3000,19.9200,19.9650,7.1818,6961940
2003-07-16,20.1050,20.3500,19.8500,19.9700,7.1836,6482886
2003-07-17,19.9900,20.3400,19.9750,20.2900,7.2988,7195638
2003-07-18,20.2500,20.4750,20.1750,20.3600,7.3239,6887094
2003-07-21,20.4000,20.5400,19.9550,20.0450,7.2106,5499892
2003-07-22,20.1000,20.2450,19.7800,20.1700,7.2556,5427782
2003-07-23,20.2750,20.2850,19.8050,20.0400,7.2088,4550004
2003-07-24,19.9500,20.4700,19.6500,20.3700,7.3275,8111464
2003-07-25,20.2400,20.3500,19.8300,20.1950,7.2646,5264678
2003-07-28,20.3750,20.4750,20.2050,20.3500,7.3203,4867866
2003-07-29,20.3500,20.8250,20.2500,20.6000,7.4103,7894130
2003-07-30,20.4300,20.7900,20.3300,20.6250,7.4193,4631354
2003-07-31,20.7250,21.2800,20.4800,21.2250,7.6351,8520258
2003-08-01,21.1000,21.3050,20.8700,21.1400,7.6045,5621314
2003-08-04,21.0000,21.3400,20.6100,20.8950,7.5164,4535488
2003-08-05,21.0300,21.1200,20.7600,21.0750,7.5811,4736368
2003-08-06,20.8500,21.0050,20.3150,20.7000,7.4462,6657702
2003-08-07,20.0250,20.0250,19.5300,19.9150,7.1639,14090482
2003-08-08,19.9400,20.0450,19.7950,19.9650,7.1818,5860346
2003-08-11,19.9650,20.0900,19.7550,19.9250,7.1675,3567274
2003-08-12,19.9950,20.2150,19.8500,20.0650,7.2178,3605964
2003-08-13,20.2250,20.4000,20.0000,20.1750,7.2574,5164290
2003-08-14,20.1750,20.7400,20.0950,20.5950,7.4085,7173526
2003-08-15,20.6150,21.0600,20.5000,20.8950,7.5164,5897088
2003-08-18,21.0200,21.2100,20.9200,21.1800,7.6189,4051616
2003-08-19,21.2500,21.4100,20.9250,21.0750,7.5811,5179180
2003-08-20,21.1700,21.2950,20.9800,21.1100,7.5937,3791018
2003-08-21,21.1250,21.4000,21.0100,21.2050,7.6279,4667358
2003-08-22,21.0750,21.6800,21.0750,21.4000,7.6980,5191672
2003-08-25,21.3400,21.3400,21.0450,21.1650,7.6135,2402642
2003-08-26,21.2750,21.5950,21.0750,21.1800,7.6189,6757412
2003-08-27,21.2100,21.3750,21.0200,21.2900,7.6585,3267688
2003-08-28,21.3850,21.6700,21.1600,21.2550,7.6459,4415820
2003-08-29,21.4000,21.4750,20.9700,20.9700,7.5434,4134162
2003-09-01,21.2050,21.6950,21.1750,21.5250,7.7430,3153908
2003-09-02,21.5250,21.5500,21.1550,21.4350,7.7106,4469470
2003-09-03,21.5000,21.7200,21.3500,21.5000,7.7340,6493272
2003-09-04,21.4500,21.6850,21.3300,21.4000,7.6980,6066880
2003-09-05,21.4450,21.5450,20.9800,21.0750,7.5811,5409570
2003-09-08,21.1500,21.3500,21.0750,21.2050,7.6279,3488658
2003-09-09,21.2500,21.3450,20.6450,20.9250,7.5272,5702260
2003-09-10,20.9200,21.0000,20.6500,20.8250,7.4912,5840512
2003-09-11,20.7400,20.9750,20.6850,20.9150,7.5236,4557642
2003-09-12,20.8050,20.8500,20.3600,20.6150,7.4157,4676884
2003-09-15,20.6000,20.7250,20.5800,20.6600,7.4318,2878794
2003-09-16,20.7000,20.8900,20.6150,20.8150,7.4876,4253458
2003-09-17,20.8750,20.9500,20.4700,20.6000,7.4103,4508212
2003-09-18,20.5400,20.7500,20.2350,20.6400,7.4247,6504710
2003-09-19,20.7500,20.7500,20.3500,20.7350,7.4588,20498728
2003-09-22,20.5300,20.5550,19.7900,19.9800,7.1872,7456022
2003-09-23,19.8550,19.9800,19.3250,19.5000,7.0146,9424602
2003-09-24,19.5750,19.6950,18.7600,18.8950,6.7969,7919140
2003-09-25,18.8500,19.5000,18.8000,19.1450,6.8869,10136834
2003-09-26,19.0000,19.5500,18.8750,19.2800,6.9354,7441636
2003-09-29,19.3000,19.5000,18.9000,19.1000,6.8707,4764390
2003-09-30,19.1500,19.1850,18.5250,18.8500,6.7808,7077894
2003-10-01,18.7000,19.1450,18.5050,19.1450,6.8869,7248496
2003-10-02,19.2850,19.4750,18.7600,18.7750,6.7538,8267796
2003-10-03,19.0000,19.9950,18.8600,19.8900,7.1549,7168126
2003-10-06,19.7550,19.8000,19.3350,19.6700,7.0757,5715822
2003-10-07,19.5000,19.5000,18.9650,19.1650,6.8941,6924356
2003-10-08,19.2500,19.3950,18.9850,19.1850,6.9013,6566178
2003-10-09,19.1900,19.7000,19.0550,19.6850,7.0811,7401236
2003-10-10,19.5650,19.6950,19.3600,19.4500,6.9966,5459004
2003-10-13,19.7050,19.8750,19.4950,19.7000,7.0865,4337720
2003-10-14,19.7500,19.8650,19.6000,19.8400,7.1369,3786140
2003-10-15,19.9200,20.1500,19.7550,19.9400,7.1729,5403280
2003-10-16,19.8750,20.2650,19.7750,20.1400,7.2448,5575004
2003-10-17,20.0300,20.3150,19.7550,19.7550,7.1063,5804014
2003-10-20,19.7600,20.1350,19.6050,19.9800,7.1872,4518902
2003-10-21,20.1250,20.2250,19.8050,20.1300,7.2412,4509806
2003-10-22,20.0450,20.1600,19.4500,19.4500,6.9966,5130512
2003-10-23,19.2450,19.8000,19.1700,19.7000,7.0865,5879726
2003-10-24,19.6600,19.7950,19.3250,19.4650,7.0020,3000716
2003-10-27,19.7000,20.0000,19.6350,19.8250,7.1315,3374384
2003-10-28,19.9700,20.1500,19.7550,20.0550,7.2142,4871526
2003-10-29,20.1000,20.1450,19.8000,20.0200,7.2016,5195520
2003-10-30,20.0750,20.3000,19.7750,19.9300,7.1693,7372340
2003-10-31,19.8950,19.9900,19.6100,19.7300,7.0973,7115618
2003-11-03,19.7750,20.0750,19.7500,19.9900,7.1908,9421198
2003-11-04,20.0450,20.7000,19.9800,20.6350,7.4229,10863738
2003-11-05,20.5000,21.0050,20.4500,20.8600,7.5038,9712532
2003-11-06,20.9150,20.9950,20.5900,20.7750,7.4732,6343000
2003-11-07,20.9000,21.4400,20.8400,21.3150,7.6675,8717864
2003-11-10,21.3250,21.3250,20.8800,20.8850,7.5128,6931346
2003-11-11,20.7100,20.8500,20.6500,20.8200,7.4894,5022972
2003-11-12,20.9250,21.0000,20.6600,20.7550,7.4660,4861524
2003-11-13,20.8750,21.2500,20.8500,21.0000,7.5542,9554766
2003-11-14,20.9500,21.3900,20.9000,21.1500,7.6081,7321084
2003-11-17,20.7700,20.8900,20.5000,20.6000,7.4103,5919822
2003-11-18,20.6600,20.9650,20.5550,20.6150,7.4157,4961872
2003-11-19,20.3400,20.6050,20.1400,20.5200,7.3815,6898102
2003-11-20,20.5900,20.6600,20.0650,20.6600,7.4318,6631594
2003-11-21,20.6900,20.7400,20.3700,20.6300,7.4211,5926176
2003-11-24,20.6000,21.0000,20.5450,20.8700,7.5074,5859172
2003-11-25,21.0250,21.1050,20.6650,20.7300,7.4570,7228958
2003-11-26,20.6300,20.9350,20.3500,20.4800,7.3671,9015716
2003-11-27,20.6500,20.7400,20.5050,20.6700,7.4354,2949632
2003-11-28,20.7000,20.8500,20.4900,20.6300,7.4211,8744734
2003-12-01,20.8750,21.3250,20.8250,21.2000,7.6261,9962522
2003-12-02,21.2500,21.6850,21.1300,21.1400,7.6045,10865888
2003-12-03,21.1950,21.7000,21.0600,21.6750,7.7970,7709574
2003-12-04,21.5100,21.7050,21.0300,21.5000,7.7340,9075724
2003-12-05,21.3850,21.5550,21.0550,21.3700,7.6873,5415726
2003-12-08,21.1000,21.3000,20.9500,21.2050,7.6279,4555438
2003-12-09,21.5250,21.8000,21.4200,21.6550,7.7898,7503696
2003-12-10,21.6350,21.7300,20.9700,21.2500,7.6441,7664320
2003-12-11,21.3250,21.3500,20.9150,21.2000,7.6261,6350286
2003-12-12,21.3200,21.3650,20.8000,21.0000,7.5542,7855072
2003-12-15,21.2050,21.3500,21.0850,21.2000,7.6261,7670916
2003-12-16,21.0500,21.2850,20.8300,21.1300,7.6009,4851048
2003-12-17,21.1200,21.2550,20.9200,21.0800,7.5829,5323086
2003-12-18,20.9350,21.3750,20.8150,21.2700,7.6513,5450562
2003-12-19,21.3200,21.8050,21.2500,21.5800,7.7628,12776864
2003-12-22,21.4500,21.6900,21.3600,21.4500,7.7160,3626586
2003-12-23,21.5500,21.7500,21.4600,21.6450,7.7862,2587846
2003-12-24,21.6450,21.6450,21.6450,21.6450,7.7862,0
2003-12-25,21.6450,21.6450,21.6450,21.6450,7.7862,0
2003-12-26,21.6450,21.6450,21.6450,21.6450,7.7862,0
2003-12-29,21.7550,21.9850,21.6750,21.9550,7.8977,2697946
2003-12-30,22.0850,22.4250,22.0250,22.2900,8.0182,3170442
2003-12-31,22.2900,22.2900,22.2900,22.2900,8.0182,0
2004-01-01,22.2900,22.2900,22.2900,22.2900,8.0182,0
2004-01-02,22.2600,22.6150,22.2000,22.3700,8.0470,3190610
2004-01-05,22.3500,22.4750,22.1400,22.4100,8.0614,4468908
2004-01-06,22.4000,22.5600,22.2650,22.5400,8.1081,4679810
2004-01-07,22.6050,22.6250,22.2150,22.5000,8.0937,5812920
2004-01-08,22.6700,22.9500,22.4250,22.5000,8.0937,6507288
2004-01-09,22.7350,22.7400,22.2550,22.3500,8.0398,5374448
2004-01-12,22.2450,22.5100,22.1750,22.3300,8.0326,5526396
2004-01-13,22.3600,22.5950,22.3050,22.4850,8.0883,5098370
2004-01-14,22.5000,22.9350,22.3600,22.8150,8.2070,6544156
2004-01-15,22.6750,22.7700,22.2700,22.6000,8.1297,6356808
2004-01-16,22.7000,22.7900,22.2250,22.6100,8.1333,7840232
2004-01-19,22.6100,22.8750,22.5300,22.7500,8.1837,4043848
2004-01-20,22.7000,23.0800,22.4150,22.5100,8.0973,5702960
2004-01-21,22.4500,22.8450,22.4500,22.6250,8.1387,4925680
2004-01-22,22.6250,22.6500,22.3750,22.4800,8.0865,6008524
2004-01-23,22.3450,22.4550,22.2600,22.4100,8.0614,4404716
2004-01-26,22.4500,22.5500,22.1800,22.2700,8.0110,4504028
2004-01-27,22.0900,22.7100,22.0500,22.4700,8.0829,6355902
2004-01-28,22.2450,22.4900,22.2200,22.4550,8.0775,5790654
2004-01-29,22.3150,22.7500,22.2500,22.4250,8.0668,7736244
2004-01-30,22.4450,22.5500,22.1750,22.1950,7.9840,5600614
2004-02-02,22.2500,22.3700,22.0600,22.2400,8.0002,4326360
2004-02-03,22.3600,22.4500,21.4850,21.8800,7.8707,9103558
2004-02-04,21.7950,21.8500,21.3600,21.7400,7.8204,9111870
2004-02-05,21.6400,21.7450,21.4500,21.5200,7.7412,4170552
2004-02-06,21.4300,21.6050,21.1500,21.5000,7.7340,6651504
2004-02-09,21.5500,21.8450,21.5500,21.8050,7.8437,4809630
2004-02-10,21.8750,21.9400,21.6700,21.8650,7.8653,3786598
2004-02-11,21.7250,21.9100,21.3850,21.5900,7.7664,8032866
2004-02-12,21.7050,21.7050,21.3300,21.5600,7.7556,5898076
2004-02-13,21.4500,21.5350,20.8650,20.9800,7.5470,8415998
2004-02-16,21.0450,21.4700,20.9350,21.3600,7.6837,5256212
2004-02-17,21.3100,21.6300,21.1900,21.2000,7.6261,6669264
2004-02-18,21.2000,21.2350,20.8900,21.0700,7.5793,7165252
2004-02-19,21.1650,21.4100,21.0000,21.3250,7.6711,6665778
2004-02-20,21.1800,21.3600,20.8150,20.9600,7.5398,8877918
2004-02-23,20.9100,21.1200,20.9100,21.0000,7.5542,4117048
2004-02-24,21.0000,21.1750,20.7750,20.8050,7.4840,8317766
2004-02-25,20.8000,20.9500,20.7300,20.8650,7.5056,5300716
2004-02-26,20.8300,21.3400,20.8050,21.1750,7.6171,8192092
2004-02-27,21.3400,21.7700,21.1900,21.4000,7.6980,11186222
2004-03-01,21.7700,22.1200,21.6750,21.9300,7.8887,10501346
2004-03-02,22.1150,22.2050,21.8050,22.0000,7.9139,6804216
2004-03-03,21.8550,21.9950,21.5750,21.6850,7.8006,6371136
2004-03-04,21.7250,21.8600,21.6000,21.8050,7.8437,3325696
2004-03-05,21.8950,21.9500,21.3600,21.7000,7.8060,6778766
2004-03-08,21.7850,21.9850,21.7250,21.8900,7.8743,3492856
2004-03-09,21.8500,21.9100,21.5250,21.5800,7.7628,5676636
2004-03-10,21.4750,21.6850,21.3250,21.5850,7.7646,4284890
2004-03-11,21.2000,21.3300,20.5350,20.8250,7.4912,10057048
2004-03-12,20.6000,21.1200,20.2100,21.0100,7.5578,8843564
2004-03-15,20.8250,20.9500,20.4000,20.4000,7.3383,7673020
2004-03-16,20.5750,21.0050,20.2050,20.8250,7.4912,8941254
2004-03-17,21.5050,21.5400,21.0500,21.2500,7.6441,10869384
2004-03-18,21.2500,21.3200,20.7400,20.8500,7.5002,7391912
2004-03-19,20.9150,20.9600,20.3750,20.5050,7.3761,19160506
2004-03-22,20.3000,20.3900,20.0550,20.2450,7.2826,7617296
2004-03-23,20.1450,20.5150,20.1350,20.3350,7.3149,6690272
2004-03-24,20.2650,20.4900,20.1050,20.2850,7.2970,7495164
2004-03-25,20.5000,20.7100,20.3400,20.7100,7.4498,8591358
2004-03-26,20.8350,20.8600,20.3550,20.5750,7.4013,6372396
2004-03-29,20.6050,20.8850,20.4850,20.8350,7.4948,4414538
2004-03-30,20.8900,20.8900,20.6000,20.7050,7.4480,4035616
2004-03-31,20.7400,20.9450,20.5650,20.6650,7.4336,4335014
2004-04-01,20.7750,21.0600,20.5650,20.9950,7.5524,5858502
2004-04-02,21.0250,21.6600,20.9050,21.6600,7.7916,8853012
2004-04-05,21.6600,22.0050,21.4200,21.9350,7.8905,5963896
2004-04-06,22.0250,22.0250,21.5750,21.6000,7.7700,5898082
2004-04-07,21.6750,21.8550,21.5650,21.7700,7.8311,4559582
2004-04-08,22.0000,22.0000,21.5850,21.6100,7.7736,4379556
2004-04-09,21.6100,21.6100,21.6100,21.6100,7.7736,0
2004-04-12,21.6100,21.6100,21.6100,21.6100,7.7736,0
2004-04-13,21.9100,22.1950,21.8100,21.9500,7.8959,5546192
2004-04-14,21.7750,21.8800,21.4650,21.7600,7.8275,8640064
2004-04-15,21.7450,21.9700,21.7050,21.8250,7.8509,4513740
2004-04-16,21.6750,22.0350,21.6750,22.0050,7.9157,6049782
2004-04-19,21.9000,22.1000,21.8700,22.0550,7.9337,4150952
2004-04-20,22.1600,22.3250,22.1300,22.2900,8.0182,5062464
2004-04-21,22.0250,22.1000,21.8350,21.8750,7.8689,6193460
2004-04-22,21.8750,22.1250,21.6900,22.1250,7.9588,4710504
2004-04-23,22.2050,22.4500,22.2050,22.2750,8.0128,6025808
2004-04-26,22.3100,22.6000,22.2600,22.4450,8.0740,4524816
2004-04-27,22.5000,22.6150,22.3750,22.4050,8.0596,4815724
2004-04-28,22.4650,22.7300,22.0000,22.0000,7.9139,9259706
2004-04-29,22.3500,22.3500,21.8300,21.9250,7.8869,13592298
2004-04-30,21.0550,21.7000,20.9550,21.5200,7.9590,12176344
2004-05-03,21.2900,21.4950,21.1950,21.4500,7.9331,4394526
2004-05-04,21.3350,21.4050,20.9350,21.0600,7.7889,8227196
2004-05-05,20.8800,21.3050,20.8350,21.1900,7.8370,6173656
2004-05-06,21.0200,21.1250,20.7050,20.7150,7.6613,6983562
2004-05-07,20.7000,20.9050,20.4250,20.6800,7.6483,6215024
2004-05-10,20.2800,20.5350,20.1050,20.3000,7.5078,7809756
2004-05-11,20.4250,20.6450,20.4050,20.5900,7.6151,5751150
2004-05-12,20.5550,20.8000,20.3700,20.3700,7.5337,6908870
2004-05-13,20.5250,20.7550,20.4000,20.7500,7.6742,5989248
2004-05-14,20.6150,20.9400,20.5150,20.6950,7.6539,6305872
2004-05-17,20.4050,20.5450,20.1350,20.4750,7.5725,5724920
2004-05-18,20.5500,20.7600,20.4050,20.7050,7.6576,5788438
2004-05-19,20.8400,21.0100,20.6750,20.9700,7.7556,7218072
2004-05-20,20.6250,20.8150,20.5900,20.8150,7.6983,3831316
2004-05-21,20.9700,20.9700,20.4350,20.6900,7.6520,5066548
2004-05-24,20.7100,21.0650,20.7050,20.8700,7.7186,4690870
2004-05-25,20.6250,20.6750,20.4650,20.5150,7.5873,5812106
2004-05-26,20.9250,21.0650,20.8250,20.8250,7.7020,6657108
2004-05-27,20.8500,21.3250,20.8500,21.1850,7.8351,6796324
2004-05-28,21.2500,21.3600,20.9200,20.9300,7.7408,5085808
2004-05-31,21.0000,21.1700,20.9450,21.0650,7.7907,900664
2004-06-01,21.1700,21.1700,20.8250,20.9450,7.7464,4189610
2004-06-02,21.0950,21.3450,21.0550,21.1800,7.8333,4248138
2004-06-03,21.1300,21.2900,20.9500,21.1850,7.8351,4812922
2004-06-04,21.1800,21.4200,21.0250,21.3400,7.8924,4514724
2004-06-07,21.6250,21.6250,21.4700,21.5650,7.9757,3695708
2004-06-08,21.6850,21.6850,21.3750,21.4500,7.9331,5330082
2004-06-09,21.5100,21.5200,21.2100,21.2850,7.8721,4658924
2004-06-10,21.2300,21.3900,21.1950,21.3900,7.9109,1952782
2004-06-11,21.2900,21.3300,21.1250,21.2450,7.8573,2544866
2004-06-14,21.2300,21.2550,20.9000,20.9050,7.7316,4269016
2004-06-15,20.9500,21.1750,20.8450,21.0550,7.7870,4552060
2004-06-16,21.1900,21.4200,21.1150,21.3000,7.8777,4998972
2004-06-17,21.2250,21.4400,21.1750,21.3150,7.8832,3037574
2004-06-18,21.2800,21.4400,21.1800,21.3450,7.8943,9821426
2004-06-21,21.5000,21.5250,21.1900,21.4300,7.9257,4228840
2004-06-22,21.3650,21.4700,21.0900,21.1700,7.8296,5009744
2004-06-23,21.2650,21.5400,21.2650,21.4000,7.9146,5206258
2004-06-24,21.5750,21.8600,21.5300,21.8200,8.0700,7151660
2004-06-25,21.7500,21.9250,21.7500,21.7800,8.0552,4860662
2004-06-28,21.8100,22.2450,21.6850,22.1550,8.1939,5877104
2004-06-29,22.2000,22.3900,22.0900,22.2250,8.2198,6665322
2004-06-30,22.2500,22.3750,21.9750,21.9950,8.1347,5337016
2004-07-01,22.1350,22.3050,21.8900,21.9900,8.1328,5549436
2004-07-02,21.8550,22.1250,21.8450,21.9200,8.1070,4582234
2004-07-05,21.9350,22.0200,21.8750,21.9600,8.1217,1505932
2004-07-06,22.0500,22.0750,21.6600,21.7050,8.0274,5394422
2004-07-07,21.7100,22.0300,21.7000,21.8700,8.0885,5589150
2004-07-08,21.8250,22.0950,21.6900,22.0600,8.1587,5249432
2004-07-09,22.1900,22.1900,21.8300,22.0100,8.1402,4242552
2004-07-12,21.8600,22.1250,21.8600,21.9250,8.1088,3847576
2004-07-13,21.9350,22.0650,21.8800,22.0000,8.1365,3148504
2004-07-14,21.9000,22.1000,21.7950,22.0650,8.1606,4251054
2004-07-15,22.0500,22.1300,21.8550,21.9900,8.1328,4589278
2004-07-16,22.0000,22.1000,21.8900,22.0050,8.1384,9458660
2004-07-19,21.9000,21.9300,21.7550,21.8000,8.0626,4241422
2004-07-20,21.7500,21.8650,21.5600,21.8550,8.0829,3826034
2004-07-21,21.9700,22.0350,21.8500,21.9500,8.1180,4297574
2004-07-22,21.6650,21.7250,21.4050,21.4150,7.9202,6027354
2004-07-23,21.4950,21.6300,21.4950,21.5600,7.9738,3948734
2004-07-26,21.5600,21.5600,21.2650,21.2700,7.8666,4045428
2004-07-27,21.3300,21.5850,21.3000,21.5850,7.9831,3364270
2004-07-28,21.6750,21.8000,21.5300,21.6050,7.9905,4323554
2004-07-29,21.7350,22.1000,21.6400,22.0150,8.1421,5782874
2004-07-30,22.1150,22.3450,22.0250,22.1400,8.1883,4581484
2004-08-02,21.9500,22.1200,21.8050,22.0100,8.1402,4147994
2004-08-03,22.0150,22.3400,22.0000,22.3350,8.2604,6020364
2004-08-04,22.5000,22.5750,22.1300,22.2500,8.2290,10415142
2004-08-05,22.3700,22.6850,22.3700,22.5750,8.3492,10225986
2004-08-06,22.3100,22.4350,21.9000,21.9900,8.1328,8676646
2004-08-09,21.9900,22.0750,21.7000,21.8300,8.0737,4216522
2004-08-10,21.9050,21.9450,21.6850,21.8250,8.0718,4008080
2004-08-11,21.8000,21.8300,21.3150,21.5900,7.9849,5494328
2004-08-12,21.6000,21.6600,21.3750,21.6550,8.0089,5251590
2004-08-13,21.5750,21.7150,21.1100,21.3250,7.8869,6762988
2004-08-16,21.1850,21.6050,21.0250,21.5000,7.9516,5336598
2004-08-17,21.3650,21.6450,21.3000,21.5700,7.9775,5078940
2004-08-18,21.5000,21.8300,21.4350,21.7350,8.0385,5014670
2004-08-19,21.8300,21.8750,21.6300,21.7200,8.0330,4067174
2004-08-20,21.6650,21.8000,21.5950,21.7750,8.0533,3679236
2004-08-23,21.9750,22.0950,21.9050,22.0100,8.1402,3874796
2004-08-24,22.0000,22.0750,21.8500,21.9000,8.0996,4081156
2004-08-25,22.0900,22.1750,21.9300,22.1750,8.2013,4630014
2004-08-26,22.3750,22.3750,22.2600,22.3350,8.2604,3510130
2004-08-27,22.3950,22.6000,22.3100,22.5200,8.3289,4686110
2004-08-30,22.5300,22.5450,22.2550,22.4400,8.2993,3493148
2004-08-31,22.4050,22.5300,22.2000,22.2050,8.2124,4954426
2004-09-01,22.4850,22.5250,22.2700,22.3700,8.2734,4035536
2004-09-02,22.3500,22.5600,22.2350,22.4450,8.3011,3356492
2004-09-03,22.4750,22.9450,22.3600,22.7750,8.4232,7891368
2004-09-06,22.7850,22.8900,22.7400,22.8150,8.4380,2546156
2004-09-07,22.8500,22.8750,22.6750,22.8250,8.4417,4360146
2004-09-08,22.9000,22.9000,22.6650,22.7850,8.4269,3816860
2004-09-09,22.7350,22.7350,22.5400,22.6150,8.3640,4035920
2004-09-10,22.6750,22.8950,22.6000,22.6800,8.3880,3364744
2004-09-13,22.7450,23.0000,22.7450,23.0000,8.5064,4609784
2004-09-14,22.9150,23.0750,22.8750,23.0300,8.5175,4706712
2004-09-15,23.0550,23.1700,22.9550,23.0600,8.5286,5148580
2004-09-16,23.1250,23.1750,22.9850,23.0750,8.5341,3567252
2004-09-17,23.0150,23.4850,23.0050,23.3600,8.6395,11286292
2004-09-20,23.2850,23.4150,23.2350,23.3150,8.6229,3648370
2004-09-21,23.3150,23.4900,23.2850,23.3300,8.6284,4187514
2004-09-22,23.3250,23.4700,23.0350,23.0950,8.5415,6256700
2004-09-23,23.0800,23.0800,22.7850,22.8650,8.4565,6725268
2004-09-24,22.7900,23.0050,22.7550,22.9100,8.4731,3657566
2004-09-27,22.8400,22.9350,22.6500,22.8400,8.4472,3818188
2004-09-28,22.7750,23.1200,22.7150,23.0150,8.5119,4589142
2004-09-29,23.1350,23.9500,23.1150,23.8250,8.8115,12789658
2004-09-30,23.9050,24.1450,23.6600,23.7250,8.7745,7812296
2004-10-01,23.7550,24.3800,23.7550,24.3800,9.0168,6584514
2004-10-04,24.7300,24.8800,24.1100,24.2800,8.9798,8764552
2004-10-05,24.4000,24.5650,24.1700,24.3150,8.9927,5601872
2004-10-06,24.3000,24.4600,24.1200,24.3800,9.0168,4848846
2004-10-07,24.3800,24.6150,24.2650,24.4500,9.0427,5263348
2004-10-08,24.3850,24.5750,23.9850,24.0750,8.9040,5644220
2004-10-11,24.1000,24.2200,23.9350,24.0250,8.8855,4186700
2004-10-12,24.0250,24.0400,23.5200,23.6500,8.7468,6826366
2004-10-13,23.7000,23.9850,23.5250,23.5850,8.7227,7058750
2004-10-14,23.4350,23.4900,23.1100,23.4350,8.6673,8335376
2004-10-15,23.3200,23.7600,23.2500,23.6400,8.7431,6683774
2004-10-18,23.6850,23.8650,23.5650,23.8100,8.8060,4778654
2004-10-19,24.0000,24.4150,23.9750,24.3000,8.9872,7597552
2004-10-20,24.0000,24.0350,23.7750,23.9650,8.8633,6017398
2004-10-21,24.1450,24.3250,23.9050,24.2400,8.9650,5292658
2004-10-22,24.3500,24.6600,24.2600,24.5800,9.0907,6546972
2004-10-25,23.9750,24.0500,23.7900,23.8850,8.8337,6214462
2004-10-26,23.9850,24.0350,23.7500,23.9850,8.8707,4128282
2004-10-27,24.1000,24.4350,23.8050,24.4250,9.0334,6498330
2004-10-28,24.6300,24.6850,24.0950,24.3750,9.0149,7251762
2004-10-29,24.4250,24.7350,24.3700,24.4500,9.0427,5059496
2004-11-01,24.5000,24.9500,24.4350,24.8750,9.1998,3847560
2004-11-02,24.9950,24.9950,24.7600,24.9000,9.2091,4300488
2004-11-03,25.0000,25.1000,24.6600,24.7250,9.1444,7580140
2004-11-04,24.7400,24.8900,24.5250,24.8500,9.1906,5026660
2004-11-05,25.0950,25.3950,24.8500,25.0500,9.2646,7509372
2004-11-08,25.0800,25.1700,24.8850,24.9700,9.2350,4385790
2004-11-09,25.0750,25.3000,24.9500,25.1400,9.2978,4100926
2004-11-10,25.2800,25.5900,25.2500,25.5800,9.4606,6054052
2004-11-11,25.5750,25.5750,24.8150,25.1150,9.2886,11192576
2004-11-12,25.1950,25.2900,24.9500,25.0050,9.2479,5727170
2004-11-15,25.1150,25.2200,24.9000,24.9000,9.2091,5719282
2004-11-16,24.9700,25.0500,24.7700,24.7900,9.1684,5509268
2004-11-17,24.8450,25.3000,24.8450,25.3000,9.3570,7768954
2004-11-18,25.2500,25.5700,25.2500,25.5250,9.4402,5041794
2004-11-19,25.4900,25.6350,25.3200,25.4400,9.4088,7175814
2004-11-22,25.4050,25.4700,25.1400,25.3550,9.3774,5083612
2004-11-23,25.4700,25.4700,25.1500,25.2650,9.3441,4536858
2004-11-24,25.4750,25.4750,25.1600,25.2450,9.3367,2729776
2004-11-25,25.4000,25.6500,25.3350,25.6150,9.4735,3129866
2004-11-26,25.4500,25.6400,25.4350,25.5750,9.4587,2224948
2004-11-29,25.5050,26.0500,25.4950,25.5200,9.4384,6274592
2004-11-30,25.7200,25.7200,25.2300,25.3200,9.3644,5952036
2004-12-01,25.2350,26.0600,25.2050,26.0000,9.6159,7422554
2004-12-02,25.9900,26.1550,25.7300,25.9650,9.6030,5717154
2004-12-03,25.9100,26.0450,25.7700,25.9050,9.5808,5027904
2004-12-06,25.8250,26.1500,25.8000,26.1500,9.6714,4466440
2004-12-07,26.1750,26.3400,26.1050,26.1700,9.6788,5500356
2004-12-08,26.0000,26.0000,25.4500,25.5850,9.4624,7881292
2004-12-09,25.7000,25.7500,25.2350,25.4850,9.4254,6894030
2004-12-10,25.6700,25.7950,25.5650,25.7400,9.5198,5632134
2004-12-13,25.8950,26.0400,25.7250,25.9350,9.5919,4423410
2004-12-14,26.0000,26.1000,25.8100,25.8250,9.5512,4127458
2004-12-15,25.8500,25.9050,25.6150,25.6900,9.5013,5553994
2004-12-16,25.7100,25.9100,25.5850,25.8950,9.5771,5928008
2004-12-17,25.9750,26.0300,25.4400,25.4850,9.4254,17977420
2004-12-20,25.5500,26.0000,25.5050,25.8900,9.5752,4481382
2004-12-21,25.8650,26.0400,25.8050,25.9250,9.5882,3204166
2004-12-22,26.1000,26.1800,25.7700,25.8250,9.5512,4763076
2004-12-23,25.7800,26.1650,25.7800,26.1500,9.6714,2093534
2004-12-24,26.1500,26.1500,26.1500,26.1500,9.6714,0
2004-12-27,26.0050,26.3750,26.0050,26.2200,9.6973,2245896
2004-12-28,26.4000,26.4500,26.2550,26.3900,9.7602,1770468
2004-12-29,26.4750,26.4750,26.3150,26.3850,9.7583,1918258
2004-12-30,26.4700,26.5250,26.3500,26.5000,9.8008,1299928
2004-12-31,26.5000,26.5000,26.5000,26.5000,9.8008,0
2005-01-03,26.4200,26.9950,26.3750,26.6800,9.8674,4503892
2005-01-04,26.6300,26.7200,26.4050,26.5850,9.8323,3952826
2005-01-05,26.5000,26.5000,26.1300,26.3400,9.7417,5924620
2005-01-06,26.3850,26.5000,26.1150,26.3300,9.7380,3853576
2005-01-07,26.2750,26.5800,26.1800,26.4450,9.7805,5073256
2005-01-10,26.3800,26.4850,26.1250,26.2600,9.7121,3684644
2005-01-11,26.3250,26.3350,25.7300,25.9150,9.5845,6894604
2005-01-12,25.8750,26.0850,25.5600,25.6700,9.4939,6211268
2005-01-13,25.8450,25.9550,25.7800,25.8650,9.5660,4625116
2005-01-14,25.7250,26.1950,25.7000,26.0300,9.6270,4878686
2005-01-17,26.0300,26.4050,26.0300,26.1250,9.6621,3542478
2005-01-18,26.0750,26.2200,25.8750,26.2050,9.6917,4396674
2005-01-19,26.2900,26.4900,26.1800,26.4750,9.7916,5886010
2005-01-20,26.4150,26.4350,26.0650,26.2900,9.7232,5147880
2005-01-21,26.1250,26.2000,25.9750,26.0150,9.6215,6490682
2005-01-24,25.8750,25.9450,25.5950,25.9350,9.5919,7316858
2005-01-25,25.9000,25.9500,25.6850,25.8600,9.5641,5768160
2005-01-26,25.9000,25.9800,25.7500,25.8000,9.5419,3960354
2005-01-27,25.8200,26.0750,25.6000,26.0750,9.6437,8999060
2005-01-28,26.1500,26.2100,25.8000,25.9150,9.5845,4472432
2005-01-31,26.0950,26.3250,26.0350,26.1950,9.6880,4557266
2005-02-01,26.2950,26.5150,26.1500,26.4750,9.7916,4682540
2005-02-02,26.4450,26.5650,26.3000,26.5650,9.8249,3556850
2005-02-03,26.6200,26.6200,26.4050,26.5000,9.8008,3792662
2005-02-04,26.6150,26.8500,26.4650,26.8500,9.9303,5977586
2005-02-07,26.8000,27.1150,26.8000,27.0100,9.9895,5228946
2005-02-08,27.0000,27.2750,26.9900,27.2500,10.0782,4435488
2005-02-09,27.4400,27.6350,27.2550,27.4800,10.1633,7105040
2005-02-10,27.5500,27.7250,27.4000,27.4150,10.1392,5947998
2005-02-11,27.4550,27.8800,27.4400,27.8000,10.2816,4962610
2005-02-14,27.8700,27.9150,27.7250,27.9150,10.3242,3767934
2005-02-15,27.9150,28.2000,27.8400,28.2000,10.4296,5037924
2005-02-16,28.1050,28.1500,27.7700,28.0200,10.3630,5249104
2005-02-17,28.0500,28.3050,28.0500,28.1500,10.4111,4984312
2005-02-18,28.1550,28.5500,28.1500,28.3850,10.4980,5686126
2005-02-21,28.3600,28.5100,28.2550,28.3700,10.4924,3251680
2005-02-22,28.3950,28.3950,27.9350,28.0650,10.3796,5979400
2005-02-23,27.9000,27.9600,27.6400,27.9500,10.3371,6264268
2005-02-24,27.9900,28.0700,27.7850,28.0000,10.3556,5066394
2005-02-25,28.1400,28.2100,27.8250,28.1800,10.4222,6298092
2005-02-28,28.2900,28.4450,28.1500,28.2700,10.4555,5245970
2005-03-01,28.2750,28.4200,28.1500,28.3850,10.4980,4484396
2005-03-02,28.2500,28.3450,27.9000,28.2450,10.4462,5516476
2005-03-03,28.0500,28.3950,28.0400,28.1600,10.4148,3903122
2005-03-04,28.3250,28.8200,28.0900,28.7500,10.6330,5461340
2005-03-07,28.8850,29.2500,28.7200,29.1500,10.7809,6777236
2005-03-08,29.1000,29.1000,28.5250,28.6250,10.5867,8164078
2005-03-09,28.4500,28.9000,28.2650,28.4200,10.5109,7987282
2005-03-10,28.2000,28.3750,27.9900,28.0650,10.3796,6006290
2005-03-11,28.0750,28.2150,27.9100,28.0500,10.3741,9297818
2005-03-14,27.8250,28.0350,27.7550,28.0000,10.3556,5617806
2005-03-15,28.0800,28.2900,27.8850,28.2250,10.4388,5784674
2005-03-16,28.2000,28.4100,27.6350,27.6500,10.2262,7998284
2005-03-17,27.6250,27.6950,27.3650,27.4400,10.1485,7413402
2005-03-18,27.5000,27.5500,27.1400,27.3500,10.1152,12719238
2005-03-21,27.2450,27.6300,27.2150,27.2250,10.0690,3967050
2005-03-22,27.2150,27.5700,27.2150,27.5000,10.1707,5670248
2005-03-23,27.2350,27.6700,27.1750,27.6700,10.2336,5698184
2005-03-24,27.6900,27.7250,27.3050,27.3700,10.1226,5273050
2005-03-25,27.3700,27.3700,27.3700,27.3700,10.1226,0
2005-03-28,27.3700,27.3700,27.3700,27.3700,10.1226,0
2005-03-29,27.1950,27.4850,27.1250,27.4650,10.1577,4511202
2005-03-30,27.3200,27.3400,26.8350,27.1100,10.0264,6850440
2005-03-31,27.2350,27.5200,27.1300,27.3450,10.1134,5288912
2005-04-01,27.2750,27.9050,27.2750,27.6700,10.2336,4772998
2005-04-04,27.4100,27.6200,27.2500,27.5050,10.1725,3557492
2005-04-05,27.6750,27.8200,27.5800,27.7650,10.2687,3638048
2005-04-06,27.8100,28.1400,27.5950,28.1400,10.4074,5221540
2005-04-07,28.1950,28.3000,27.8250,28.1100,10.3963,5006422
2005-04-08,28.2750,28.2750,27.8550,28.0550,10.3759,3337182
2005-04-11,27.9500,28.0000,27.7600,27.8600,10.3038,3632104
2005-04-12,27.9250,28.0400,27.5500,27.5550,10.1910,3855656
2005-04-13,27.5000,27.5500,27.0700,27.2600,10.0819,8724966
2005-04-14,26.9650,27.0000,26.5300,26.7500,9.8933,11053236
2005-04-15,26.3000,26.3900,26.0250,26.0900,9.6492,12301926
2005-04-18,25.4400,25.5950,25.2100,25.5150,9.4365,12493018
2005-04-19,25.8750,26.1400,25.8000,26.0450,9.6326,11148848
2005-04-20,26.1900,26.3250,25.7700,25.9000,9.5789,9134334
2005-04-21,25.6750,25.8550,25.6300,25.7600,9.5272,7268252
2005-04-22,25.9350,26.1250,25.9050,26.0150,9.6215,7495660
2005-04-25,25.9400,26.4850,25.9250,26.2800,9.7195,8209280
2005-04-26,26.3900,26.3900,25.9650,26.2450,9.7065,6115224
2005-04-27,26.1250,26.1950,25.5950,25.7500,9.5235,8563984
2005-04-28,26.2100,26.2200,25.4000,25.7200,9.5124,11936814
2005-04-29,24.9250,25.2050,24.8000,25.0550,9.5831,8931468
2005-05-02,25.2500,25.6200,25.1500,25.4050,9.7170,6023780
2005-05-03,25.5100,25.8800,25.5100,25.7350,9.8432,6997614
2005-05-04,25.7750,25.8800,25.4900,25.8300,9.8795,5227040
2005-05-05,25.7950,25.9800,25.5950,25.9550,9.9274,4015776
2005-05-06,25.8950,26.3650,25.8050,26.2500,10.0402,6220452
2005-05-09,26.3250,26.3700,26.0450,26.1450,10.0000,3500742
2005-05-10,26.3250,26.3850,25.9950,26.0600,9.9675,4852960
2005-05-11,26.0000,26.2850,25.8950,25.8950,9.9044,5459216
2005-05-12,26.1250,26.1950,25.9750,26.1000,9.9828,3929272
2005-05-13,25.8750,25.8850,25.4900,25.6650,9.8164,6890944
2005-05-16,25.4600,25.7350,25.4600,25.5500,9.7724,3284530
2005-05-17,25.6900,25.6900,25.2700,25.3700,9.7036,5761946
2005-05-18,25.7650,26.1500,25.6500,26.0550,9.9656,10702472
2005-05-19,26.1800,26.4250,25.9450,26.3350,10.0727,6206036
2005-05-20,26.3000,26.4650,26.2050,26.3200,10.0670,6570918
2005-05-23,26.5700,26.5750,26.3500,26.4550,10.1186,3882802
2005-05-24,26.5000,26.7650,26.4700,26.7400,10.2276,5189656
2005-05-25,26.7500,27.0450,26.6200,26.8050,10.2525,5091260
2005-05-26,26.8800,26.9700,26.6600,26.8050,10.2525,3043720
2005-05-27,26.9150,26.9400,26.7100,26.8400,10.2658,3385988
2005-05-30,26.8750,27.0900,26.7800,27.0900,10.3615,2080968
2005-05-31,27.1700,27.1700,26.8800,26.9550,10.3098,4232598
2005-06-01,27.0950,27.5300,27.0000,27.5250,10.5279,5914770
2005-06-02,27.5000,27.8700,27.4200,27.7300,10.6063,5476304
2005-06-03,27.9000,27.9200,27.4300,27.5750,10.5470,4648168
2005-06-06,27.8500,27.8500,27.5100,27.5850,10.5508,3416142
2005-06-07,27.6150,27.9850,27.5100,27.9000,10.6713,5137882
2005-06-08,27.6600,27.9500,27.6500,27.9250,10.6808,4101804
2005-06-09,27.7750,27.9250,27.6300,27.8800,10.6636,4763626
2005-06-10,27.9500,28.1900,27.9100,28.1100,10.7516,4806260
2005-06-13,28.1500,28.2950,27.8400,28.2200,10.7937,3502574
2005-06-14,28.1750,28.2250,27.9950,28.1950,10.7841,3666150
2005-06-15,28.2500,28.4400,27.9350,28.0050,10.7114,7278262
2005-06-16,28.2250,28.3250,28.0250,28.1950,10.7841,4858338
2005-06-17,28.2750,28.5450,28.1800,28.4100,10.8663,15382226
2005-06-20,28.3400,28.3400,27.9100,28.1100,10.7516,4516666
2005-06-21,28.2500,28.3100,27.8850,28.1350,10.7612,4487816
2005-06-22,28.1000,28.1400,27.8250,28.0400,10.7248,4830764
2005-06-23,28.1400,28.3450,27.9850,28.1250,10.7573,3734030
2005-06-24,27.8750,27.9950,27.4050,27.4450,10.4972,5438370
2005-06-27,27.3900,27.6900,27.1600,27.3700,10.4686,5134500
2005-06-28,27.4000,27.9000,27.3050,27.8000,10.6330,4240680
2005-06-29,27.8250,27.8700,27.3750,27.5100,10.5221,7546212
2005-06-30,27.5100,27.6750,27.3900,27.5000,10.5183,5338990
2005-07-01,27.5250,27.9050,27.5050,27.8500,10.6522,5178844
2005-07-04,27.8250,27.8850,27.6100,27.7900,10.6292,2171222
2005-07-05,27.7450,27.7450,27.3500,27.4350,10.4934,5018036
2005-07-06,27.4900,27.6200,27.3000,27.3800,10.4724,4849028
2005-07-07,27.1750,27.3650,26.3500,26.9000,10.2888,11769298
2005-07-08,27.2450,27.2500,27.0450,27.2500,10.4227,4930740
2005-07-11,27.3350,27.6900,27.3350,27.6700,10.5833,4738870
2005-07-12,27.7400,27.7400,27.4600,27.5550,10.5393,4547114
2005-07-13,27.4800,27.8500,27.4800,27.8500,10.6522,3836804
2005-07-14,27.8850,28.1600,27.7500,28.1300,10.7593,6715128
2005-07-15,28.0150,28.1300,27.8450,28.0250,10.7191,6044998
2005-07-18,28.1050,28.1950,28.0100,28.0550,10.7306,3138684
2005-07-19,28.1000,28.7100,28.0950,28.7100,10.9811,8088702
2005-07-20,28.6000,28.9200,28.6000,28.7700,11.0040,5972970
2005-07-21,28.9000,29.0900,28.6600,28.9800,11.0844,8782304
2005-07-22,28.7750,28.9350,28.7000,28.8250,11.0251,6557088
2005-07-25,28.7250,28.8750,28.6100,28.8250,11.0251,3871188
2005-07-26,28.7750,29.1050,28.5600,28.7000,10.9773,4525078
2005-07-27,28.7450,28.7750,28.4800,28.5000,10.9008,4189510
2005-07-28,28.8000,29.3900,28.6300,29.3650,11.2316,7182048
2005-07-29,29.3000,29.5500,29.1650,29.3000,11.2068,5954830
2005-08-01,29.3000,29.5000,29.2550,29.4200,11.2527,3351940
2005-08-02,29.4750,29.9600,29.4500,29.9600,11.4592,5275248
2005-08-03,30.3500,30.5450,29.5750,29.7250,11.3693,8790340
2005-08-04,29.7000,29.8150,29.1650,29.2050,11.1704,6073242
2005-08-05,29.0050,29.2800,28.7950,28.8350,11.0289,4635528
2005-08-08,28.7950,29.1000,28.7950,28.9800,11.0844,2867684
2005-08-09,28.8500,29.3750,28.8500,29.3750,11.2354,4685750
2005-08-10,29.3950,29.7100,29.3200,29.4500,11.2641,6081660
2005-08-11,29.4150,29.6800,29.3100,29.5050,11.2852,4573540
2005-08-12,29.5500,29.6400,29.0850,29.1250,11.1398,3758310
2005-08-15,29.1500,29.2900,29.0250,29.1000,11.1303,1971186
2005-08-16,29.2750,29.3550,28.5100,28.5800,10.9314,5885232
2005-08-17,28.5500,28.8950,28.5050,28.8000,11.0155,5721056
2005-08-18,28.8050,28.8050,28.3850,28.5000,10.9008,5398342
2005-08-19,28.5000,28.9750,28.4500,28.9350,11.0672,5823454
2005-08-22,28.7900,29.2700,28.7900,29.1450,11.1475,2589124
2005-08-23,29.0700,29.2000,28.9200,29.0200,11.0997,2915248
2005-08-24,28.9000,29.0400,28.6200,28.9950,11.0901,3654738
2005-08-25,28.9050,28.9050,28.3900,28.5750,10.9295,4938088
2005-08-26,28.7000,28.8150,28.0750,28.0800,10.7401,6213052
2005-08-29,27.8050,28.3750,26.9950,28.3350,10.8377,5700922
2005-08-30,28.3400,28.6050,28.1600,28.2600,10.8090,4244748
2005-08-31,28.3400,28.6150,28.2750,28.3950,10.8606,6250808
2005-09-01,28.5500,28.9700,28.5500,28.8000,11.0155,6746974
2005-09-02,28.8550,29.0850,28.7200,28.9950,11.0901,5383274
2005-09-05,29.0500,29.3350,29.0100,29.3350,11.2201,3297364
2005-09-06,29.2800,29.7250,29.1600,29.7250,11.3693,5287420
2005-09-07,29.6950,29.9600,29.6050,29.9200,11.4439,5043590
2005-09-08,29.8700,30.0750,29.8000,29.9950,11.4726,5225380
2005-09-09,30.0000,30.2700,29.9050,30.0500,11.4936,5364860
2005-09-12,30.2000,30.4450,30.1800,30.3750,11.6179,6775602
2005-09-13,30.4250,30.4250,29.6300,29.7600,11.3827,7069304
2005-09-14,29.8400,30.0250,29.6500,29.8250,11.4076,4841476
2005-09-15,29.7100,29.9300,29.5600,29.7300,11.3712,5114238
2005-09-16,29.7100,30.3650,29.7100,30.2000,11.5510,14915458
2005-09-19,29.5500,30.1000,29.5300,29.9250,11.4458,6737428
2005-09-20,30.1150,30.3250,29.9400,30.1850,11.5453,5096326
2005-09-21,29.9000,29.9150,29.4700,29.5000,11.2833,7628754
2005-09-22,29.3000,29.6750,29.1750,29.1950,11.1666,5827442
2005-09-23,29.4300,29.6900,29.3150,29.5450,11.3005,3685680
2005-09-26,29.8750,30.6250,29.8450,30.5900,11.7002,7913622
2005-09-27,30.4500,30.5750,30.1800,30.2700,11.5778,5624914
2005-09-28,30.5250,30.9000,30.4750,30.8550,11.8015,7488342
2005-09-29,30.8600,30.9750,30.6150,30.7000,11.7422,4822076
2005-09-30,31.0000,31.2500,30.8200,31.2500,11.9526,6433502
2005-10-03,31.4050,32.1250,31.3250,31.9700,12.2280,7879284
2005-10-04,31.9950,32.3000,31.7750,32.3000,12.3542,7875560
2005-10-05,32.0600,32.0950,31.7750,31.8000,12.1630,6308218
2005-10-06,31.4550,31.5250,31.0500,31.3500,11.9909,6931096
2005-10-07,31.3850,31.5250,31.0050,31.4400,12.0253,5952836
2005-10-10,31.5100,31.9150,31.5100,31.7000,12.1247,5177310
2005-10-11,31.7000,32.0350,31.4000,31.4400,12.0253,4963878
2005-10-12,31.0850,31.2750,30.7500,30.9150,11.8245,6375774
2005-10-13,30.6750,30.9850,30.6350,30.7650,11.7671,6431636
2005-10-14,30.7550,30.9850,30.4800,30.7200,11.7499,5611928
2005-10-17,30.7000,30.7900,30.2100,30.2900,11.5854,6344774
2005-10-18,30.4100,30.5550,30.1300,30.1900,11.5472,5281480
2005-10-19,29.8750,29.9950,29.4900,29.6500,11.3406,8786750
2005-10-20,30.0950,30.1400,29.6550,29.7750,11.3884,7006466
2005-10-21,29.7600,29.9150,29.3600,29.3900,11.2412,6943382
2005-10-24,29.3600,30.2050,29.3600,30.1250,11.5223,6315726
2005-10-25,30.1800,30.2700,29.6600,29.6600,11.3445,6517782
2005-10-26,29.6500,30.0850,29.5750,29.9400,11.4515,7104970
2005-10-27,29.6350,29.7450,29.0600,29.1850,11.1628,8145672
2005-10-28,29.0100,29.4700,29.0100,29.3950,11.2431,8379896
2005-10-31,29.6500,30.1650,29.6100,30.0750,11.5032,8494206
2005-11-01,30.0750,30.1450,29.8500,30.0000,11.4745,4723182
2005-11-02,29.5100,29.8000,29.0750,29.5950,11.3196,12005196
2005-11-03,29.7050,29.9050,29.5300,29.7500,11.3789,5338678
2005-11-04,29.6450,29.8850,29.3950,29.5100,11.2871,6243492
2005-11-07,29.4000,29.9900,29.4000,29.8650,11.4229,4534186
2005-11-08,29.8650,29.9900,29.4650,29.6400,11.3368,4423086
2005-11-09,29.7100,30.1100,29.6350,30.0000,11.4745,4876286
2005-11-10,30.2500,30.2500,29.6400,29.7500,11.3789,5070980
2005-11-11,30.2000,30.4900,30.0900,30.4650,11.6523,5607360
2005-11-14,30.4200,30.7750,30.2550,30.5850,11.6982,3992388
2005-11-15,30.5900,30.8600,30.5300,30.8250,11.7900,4238840
2005-11-16,30.8250,30.9550,30.3900,30.4900,11.6619,5465754
2005-11-17,30.7350,30.9200,30.4500,30.5650,11.6906,4210712
2005-11-18,30.9550,30.9750,30.5900,30.6600,11.7269,5311734
2005-11-21,30.8900,31.1200,30.8150,31.0400,11.8723,5007800
2005-11-22,31.1000,31.1700,30.8700,31.0850,11.8895,3778996
2005-11-23,31.2450,31.3500,30.9250,31.2300,11.9450,3650744
2005-11-24,31.2500,31.4500,31.0550,31.3400,11.9870,3844642
2005-11-25,31.3750,31.4500,31.2200,31.4000,12.0100,2232858
2005-11-28,31.6400,31.7400,31.1000,31.2500,11.9526,4108610
2005-11-29,31.3300,31.6750,31.1100,31.3500,11.9909,4718848
2005-11-30,31.2800,31.5300,31.1850,31.3250,11.9813,3565668
2005-12-01,31.4350,31.9600,31.4350,31.8850,12.1955,5625528
2005-12-02,32.0000,32.0950,31.6050,31.9350,12.2146,5387346
2005-12-05,31.7500,31.9700,31.4400,31.6450,12.1037,3986810
2005-12-06,31.5450,31.8050,31.5050,31.7500,12.1438,3458104
2005-12-07,31.7100,31.8850,31.2800,31.4300,12.0214,4048038
2005-12-08,31.2300,31.5500,31.1150,31.5500,12.0673,3931968
2005-12-09,31.3400,31.6950,31.2500,31.5500,12.0673,3448820
2005-12-12,31.7250,31.7900,31.2700,31.4150,12.0157,3446642
2005-12-13,31.4150,31.4500,31.1500,31.3650,11.9966,3838336
2005-12-14,31.3500,31.6500,31.2050,31.4750,12.0387,4197546
2005-12-15,31.5750,31.7900,31.5500,31.6300,12.0979,4429090
2005-12-16,31.7300,32.2200,31.6250,32.2200,12.3236,10207764
2005-12-19,32.0550,32.1950,31.8650,31.9600,12.2242,3787236
2005-12-20,31.8350,32.2000,31.8350,32.0950,12.2758,3358368
2005-12-21,32.2450,32.4750,32.1000,32.4600,12.4154,3591152
2005-12-22,32.3250,32.4700,32.1200,32.4000,12.3925,2242986
2005-12-23,32.4400,32.4900,32.3100,32.4650,12.4173,1600300
2005-12-26,32.4650,32.4650,32.4650,32.4650,12.4173,0
2005-12-27,32.4450,32.6000,32.2150,32.5600,12.4537,1528944
2005-12-28,32.5750,32.6000,32.3550,32.5500,12.4498,1498918
2005-12-29,32.6750,32.7400,32.5500,32.6650,12.4938,1698572
2005-12-30,32.5000,32.5950,32.0450,32.3550,12.3752,1776320
2006-01-02,32.3500,32.5700,32.2650,32.4150,12.3982,1385062
2006-01-03,32.4050,32.5600,31.7800,31.9500,12.2203,7559540
2006-01-04,32.1000,32.1150,31.3100,31.5250,12.0578,13136464
2006-01-05,31.4250,31.8350,31.3950,31.7750,12.1534,6408648
2006-01-06,31.7750,31.8650,31.5000,31.6450,12.1037,3988620
2006-01-09,31.7000,31.9250,31.4350,31.4450,12.0272,5324134
2006-01-10,31.4150,31.4150,31.0500,31.1650,11.9201,6530334
2006-01-11,31.1800,31.5600,31.1150,31.5500,12.0673,6978320
2006-01-12,31.5900,31.7750,31.4200,31.6600,12.1094,5439788
2006-01-13,31.6950,31.8250,31.2500,31.3150,11.9775,4762906
2006-01-16,31.3150,31.8000,31.2750,31.7450,12.1419,3456290
2006-01-17,31.6500,31.9500,31.4550,31.8200,12.1706,5481340
2006-01-18,31.5000,31.8800,31.4250,31.6950,12.1228,6916272
2006-01-19,31.5250,31.9200,31.2500,31.4450,12.0272,6208464
2006-01-20,31.4750,31.5300,30.7500,30.9650,11.8436,6979824
2006-01-23,30.7500,31.0600,30.6000,31.0600,11.8799,5704048
2006-01-24,30.9700,31.1600,30.8500,30.9750,11.8474,5704408
2006-01-25,31.0500,31.4850,30.7750,31.4250,12.0195,8021562
2006-01-26,31.3850,31.7500,31.1150,31.3700,11.9985,8100918
2006-01-27,31.7000,32.2750,31.5500,32.0950,12.2758,9400602
2006-01-30,32.0000,32.1150,31.6650,31.7900,12.1591,4633346
2006-01-31,31.8900,32.4500,31.8050,32.4300,12.4039,7096550
2006-02-01,32.4750,32.7900,32.3050,32.7750,12.5359,6278580
2006-02-02,32.8500,32.9150,32.1800,32.2300,12.3274,5814286
2006-02-03,32.4000,32.5500,32.0850,32.2750,12.3446,5536434
2006-02-06,32.4900,32.5950,32.1900,32.2350,12.3293,4061900
2006-02-07,32.2500,32.4850,32.0350,32.2400,12.3313,4637808
2006-02-08,32.0100,32.1850,31.7750,31.9300,12.2127,4778712
2006-02-09,32.2050,32.3100,31.9500,32.2550,12.3370,4708200
2006-02-10,32.2300,32.2950,31.8300,31.8600,12.1859,5068352
2006-02-13,31.8000,31.9700,31.5500,31.9050,12.2031,5205542
2006-02-14,31.9000,32.2200,31.8250,32.1000,12.2777,5772956
2006-02-15,32.1250,32.2000,31.6400,31.7200,12.1324,6940572
2006-02-16,31.7050,31.8500,31.3050,31.7350,12.1381,7520988
2006-02-17,31.5250,31.6700,31.2850,31.4500,12.0291,8554920
2006-02-20,31.3900,31.5500,31.2800,31.4500,12.0291,3098128
2006-02-21,31.5000,31.8450,31.3250,31.5000,12.0482,6760800
2006-02-22,31.8000,31.8000,31.1900,31.5750,12.0769,8384426
2006-02-23,31.7000,31.8100,31.2800,31.4950,12.0463,6510122
2006-02-24,31.5900,31.8600,31.4300,31.7800,12.1553,5315980
2006-02-27,31.9000,32.0950,31.8400,32.0900,12.2739,4834162
2006-02-28,32.0900,32.3050,31.6300,31.6300,12.0979,7234264
2006-03-01,31.7450,31.9500,31.6500,31.9350,12.2146,5340952
2006-03-02,32.0000,32.1500,31.4250,31.6950,12.1228,6681778
2006-03-03,31.5300,31.8500,31.0900,31.1500,11.9144,6241990
2006-03-06,31.4250,31.5750,30.5300,30.8250,11.7900,7967148
2006-03-07,30.7150,31.4300,30.5750,31.1550,11.9163,6491926
2006-03-08,31.1750,31.5500,30.9800,31.0750,11.8857,6202120
2006-03-09,31.4750,31.5000,31.0500,31.2600,11.9564,4717148
2006-03-10,31.2250,31.4100,30.8550,31.4100,12.0138,4696818
2006-03-13,31.2500,31.4250,31.0550,31.2000,11.9335,4661956
2006-03-14,31.1250,31.2800,31.0250,31.2800,11.9641,4035744
2006-03-15,31.3100,31.5450,31.0650,31.4000,12.0100,6214636
2006-03-16,31.5750,31.8500,31.3600,31.7100,12.1285,7134062
2006-03-17,31.7250,32.0900,31.2250,31.3900,12.0061,14012294
2006-03-20,31.6400,31.9750,31.5050,31.7400,12.1400,5626832
2006-03-21,31.8000,31.8000,31.3500,31.6600,12.1094,5469656
2006-03-22,31.4000,32.1900,31.3900,32.0200,12.2471,7167734
2006-03-23,32.0750,32.2500,31.8800,32.1500,12.2968,5557328
2006-03-24,32.1500,33.0200,32.0400,32.9750,12.6124,8668524
2006-03-27,33.0000,33.0500,32.3500,32.3600,12.3772,5521854
2006-03-28,32.4250,32.5500,31.8900,32.1550,12.2987,5198396
2006-03-29,32.1550,32.3400,32.0000,32.2000,12.3160,3578282
2006-03-30,32.4250,32.7500,32.3050,32.6700,12.4957,4622754
2006-03-31,32.5400,32.6250,32.3150,32.3500,12.3733,4129870
2006-04-03,32.2850,32.6000,32.1950,32.5650,12.4556,4130384
2006-04-04,32.5300,32.6150,32.2250,32.3750,12.3829,4864518
2006-04-05,32.3750,32.4650,32.0650,32.1500,12.2968,5334068
2006-04-06,32.1800,32.3600,31.9550,32.2400,12.3313,5082356
2006-04-07,32.1750,32.2400,31.7250,31.8150,12.1687,5391086
2006-04-10,31.7800,32.1000,31.7250,32.0450,12.2567,3346458
2006-04-11,31.7750,32.0850,31.5600,31.8000,12.1630,7216488
2006-04-12,31.7250,31.8000,31.5100,31.7200,12.1324,5107794
2006-04-13,31.6250,32.2150,31.5000,32.0750,12.2681,5836314
2006-04-18,32.1000,32.1450,31.7800,32.1450,12.2949,4920412
2006-04-19,32.3750,32.7350,32.2900,32.6850,12.5015,7219490
2006-04-20,32.6350,34.1750,32.6350,33.7750,12.9184,13707318
2006-04-21,34.0000,34.9500,33.9800,34.7450,13.2894,14041484
2006-04-24,34.5000,34.8000,34.3650,34.7350,13.2856,4965516
2006-04-25,34.6450,34.7000,33.9350,34.2800,13.1115,6408604
2006-04-26,34.3700,34.7750,34.0350,34.5250,13.2052,6368194
2006-04-27,34.4100,34.5000,33.6400,34.1300,13.0542,8191274
2006-04-28,34.0950,34.3550,33.7500,33.9800,12.9968,5490632
2006-05-02,33.5700,34.4400,33.5600,34.3750,13.1479,7356974
2006-05-03,34.3750,34.4950,33.6800,33.7050,12.8916,7346618
2006-05-04,34.1400,34.7450,34.0500,34.5050,13.1976,8072684
2006-05-05,33.7600,34.4500,33.6600,34.3700,13.5383,6898246
2006-05-08,34.4050,34.5550,33.9650,34.0000,13.3926,4945542
2006-05-09,34.0300,34.4750,34.0150,34.4200,13.5580,4350762
2006-05-10,34.1250,34.3100,33.7000,33.8900,13.3492,5352964
2006-05-11,34.0700,34.5250,33.9000,33.9750,13.3827,6332870
2006-05-12,33.7750,33.9500,33.0950,33.1250,13.0479,6950282
2006-05-15,33.0000,33.0750,32.3500,32.8050,12.9219,8321096
2006-05-16,32.6000,32.9200,32.3800,32.7150,12.8864,6278594
2006-05-17,32.7950,32.9700,31.3550,31.6850,12.4807,8363348
2006-05-18,31.9650,32.2700,31.4800,31.7750,12.5161,9774870
2006-05-19,31.8000,32.2000,31.5750,31.8950,12.5634,7457984
2006-05-22,31.7500,31.9350,30.8400,31.1100,12.2542,9719908
2006-05-23,31.1900,32.0700,31.1900,31.8400,12.5417,9539332
2006-05-24,31.8900,31.8900,31.1250,31.4800,12.3999,7256106
2006-05-25,31.7500,32.2850,31.5050,32.2500,12.7032,4958226
2006-05-26,32.2650,32.6100,32.0550,32.4950,12.7997,5740534
2006-05-29,32.4400,32.6250,32.1700,32.2750,12.7131,1738890
2006-05-30,32.3500,32.3750,31.3500,31.5050,12.4098,8576322
2006-05-31,31.1650,32.0050,30.9100,31.7500,12.5063,9483296
2006-06-01,31.7500,32.0150,31.1750,31.6100,12.4511,6731882
2006-06-02,32.0850,32.1150,31.5000,31.5750,12.4374,6608376
2006-06-05,31.5750,31.8550,30.9250,31.3450,12.3468,3760862
2006-06-06,31.0150,31.6100,30.9150,31.0800,12.2424,7046606
2006-06-07,31.0600,31.5450,30.8300,31.3050,12.3310,5896206
2006-06-08,30.7700,31.0700,30.4250,30.4300,11.9863,10375884
2006-06-09,30.7250,30.8150,30.3100,30.5550,12.0356,6954246
2006-06-12,30.4550,30.5800,29.7600,29.9600,11.8012,8096178
2006-06-13,29.5750,29.7350,29.0500,29.4850,11.6141,10077860
2006-06-14,29.5500,29.8250,29.3250,29.5800,11.6515,7911232
2006-06-15,29.5800,29.5800,29.5800,29.5800,11.6515,0
2006-06-16,29.5800,29.5800,29.5800,29.5800,11.6515,0
2006-06-19,29.8850,30.0550,29.6700,29.7300,11.7106,5761396
2006-06-20,29.6250,30.1100,29.3500,30.0500,11.8367,6262860
2006-06-21,30.1250,30.2500,29.8000,30.2300,11.9076,5067188
2006-06-22,30.5250,30.7350,30.1950,30.3600,11.9588,4898258
2006-06-23,30.5000,30.7000,30.3450,30.4550,11.9962,4701710
2006-06-26,30.6400,30.6850,30.2950,30.3800,11.9667,2667946
2006-06-27,30.6000,30.7450,29.9250,30.0600,11.8406,5166374
2006-06-28,30.0000,30.1850,29.8700,29.9450,11.7953,4924220
2006-06-29,30.0500,30.9300,30.0500,30.8400,12.1478,6591450
2006-06-30,31.1450,31.4750,31.0300,31.3900,12.3645,6023426
2006-07-03,31.4400,31.7450,31.3500,31.6800,12.4787,3208530
2006-07-04,31.6000,31.9400,31.5300,31.8600,12.5496,2738652
2006-07-05,31.5850,31.8700,30.9500,31.1650,12.2759,6621152
2006-07-06,31.3000,31.3400,30.8400,31.2850,12.3231,5154458
2006-07-07,31.1750,31.6000,30.9200,31.2750,12.3192,4352508
2006-07-10,31.1550,31.5900,30.9500,31.4900,12.4039,2699856
2006-07-11,31.1850,31.5350,31.0100,31.1700,12.2778,4070458
2006-07-12,31.4500,31.7100,31.1450,31.3950,12.3665,3581590
2006-07-13,31.1000,31.2150,30.7000,30.9400,12.1872,5124612
2006-07-14,30.6000,30.6950,30.3450,30.3450,11.9529,4995510
2006-07-17,30.5800,30.5900,30.0550,30.3850,11.9686,4952108
2006-07-18,30.3200,30.6700,30.1900,30.3750,11.9647,5940464
2006-07-19,30.6000,31.0100,30.2100,30.9300,12.1833,7281224
2006-07-20,30.9300,31.2000,30.7000,30.9350,12.1853,4351878
2006-07-21,30.8600,31.0500,30.3550,30.6350,12.0671,6947200
2006-07-24,30.8500,31.3100,30.6500,31.1850,12.2837,4233298
2006-07-25,31.2650,31.4550,31.0200,31.1750,12.2798,3764984
2006-07-26,31.2800,31.5600,31.2150,31.4450,12.3862,3133774
2006-07-27,31.7000,31.9250,31.1350,31.5350,12.4216,5863974
2006-07-28,31.2500,31.3300,30.9250,31.3300,12.3409,6336602
2006-07-31,31.1850,31.6500,31.1800,31.5050,12.4098,4595948
2006-08-01,31.1500,31.7300,31.1250,31.2000,12.2896,5559244
2006-08-02,31.4500,31.4900,30.6750,31.1900,12.2857,7605730
2006-08-03,31.2500,31.2500,30.7500,31.0550,12.2325,5695178
2006-08-04,31.3500,31.4450,30.8600,31.2750,12.3192,5537316
2006-08-07,30.8500,30.9750,30.5300,30.7450,12.1104,4894720
2006-08-08,30.9700,31.0150,30.6500,30.7500,12.1124,3478958
2006-08-09,30.9000,31.2950,30.6250,31.1950,12.2877,6567704
2006-08-10,30.9250,31.0200,30.5900,30.7550,12.1144,6856710
2006-08-11,30.8150,30.9450,30.5450,30.7950,12.1301,4621850
2006-08-14,30.9000,31.2250,30.8150,30.9500,12.1912,5068908
2006-08-15,30.8300,31.3600,30.7050,31.3250,12.3389,4765548
2006-08-16,31.2600,31.5250,31.0900,31.4000,12.3684,4514496
2006-08-17,31.5000,31.7450,31.4200,31.6950,12.4846,4582524
2006-08-18,31.6750,31.9000,31.4700,31.7350,12.5004,5260596
2006-08-21,31.7000,31.8050,31.4150,31.5500,12.4275,3313268
2006-08-22,31.7950,31.8200,31.4250,31.5650,12.4334,4682924
2006-08-23,31.6650,31.6750,31.2000,31.3450,12.3468,4049076
2006-08-24,31.2950,31.8500,31.1650,31.6700,12.4748,5509070
2006-08-25,31.6200,32.0750,31.6200,31.8350,12.5398,4931854
2006-08-28,31.6500,32.1650,31.6000,32.0600,12.6284,3366654
2006-08-29,32.1000,32.3000,31.9000,31.9700,12.5929,5308098
2006-08-30,32.2250,32.5600,32.0500,32.3900,12.7584,5800818
2006-08-31,32.5000,32.6500,32.0800,32.1650,12.6698,5395566
2006-09-01,32.0750,32.5450,32.0200,32.3250,12.7328,3383938
2006-09-04,32.4750,32.5750,32.3300,32.4650,12.7879,2736640
2006-09-05,32.3750,32.5100,32.1300,32.3200,12.7308,3272292
2006-09-06,32.3450,32.3650,31.5300,31.7050,12.4886,7123402
2006-09-07,31.5850,31.7500,31.2500,31.4400,12.3842,5121024
2006-09-08,31.6500,31.8250,31.5350,31.6700,12.4748,4640518
2006-09-11,31.5000,31.6850,31.2450,31.5400,12.4236,4909704
2006-09-12,31.6000,31.7000,31.3000,31.6500,12.4669,5963590
2006-09-13,31.7150,31.8100,31.4700,31.6450,12.4649,5747000
2006-09-14,31.7000,31.7000,31.0700,31.2150,12.2956,8923666
2006-09-15,31.3200,31.4500,31.1500,31.2350,12.3034,15272788
2006-09-18,31.3500,31.3700,30.9950,31.0500,12.2306,5943788
2006-09-19,31.0500,31.0500,30.6400,30.6800,12.0848,7863164
2006-09-20,30.7000,31.1450,30.6950,31.1100,12.2542,6572550
2006-09-21,31.1650,31.5950,31.0250,31.5200,12.4157,5902252
2006-09-22,31.2250,31.4000,31.0250,31.1700,12.2778,5779868
2006-09-25,31.1700,31.3350,31.0200,31.1800,12.2818,4321366
2006-09-26,31.3750,31.6800,31.3150,31.5450,12.4255,5787942
2006-09-27,31.7000,31.7450,31.3600,31.6700,12.4748,7078730
2006-09-28,31.5100,31.6250,31.3800,31.4550,12.3901,5623476
2006-09-29,31.3750,31.7950,31.3750,31.5750,12.4374,5096910
2006-10-02,31.8000,31.9500,31.6200,31.8700,12.5536,5052436
2006-10-03,31.8500,31.8700,31.5400,31.8100,12.5299,4078832
2006-10-04,31.6500,32.4150,31.6500,32.2050,12.6855,7088748
2006-10-05,32.5100,32.5100,32.2750,32.3800,12.7544,6101118
2006-10-06,32.3700,32.5350,32.1300,32.3400,12.7387,4196022
2006-10-09,32.3000,32.6000,32.1500,32.5700,12.8293,3558346
2006-10-10,32.6000,32.7250,32.5000,32.5650,12.8273,5061084
2006-10-11,32.5600,32.7250,32.2200,32.6650,12.8667,4704464
2006-10-12,32.7450,32.9600,32.5350,32.8850,12.9534,5440576
2006-10-13,32.9750,32.9900,32.7000,32.8400,12.9356,3542218
2006-10-16,32.8500,33.0250,32.7300,32.9100,12.9632,3995098
2006-10-17,32.7000,32.8250,32.4600,32.5600,12.8253,4998568
2006-10-18,32.7450,33.1900,32.5850,33.1050,13.0400,6797388
2006-10-19,32.9850,33.4050,32.9150,33.1800,13.0696,4492280
2006-10-20,33.3500,33.5850,33.2600,33.4250,13.1661,6626198
2006-10-23,33.6250,33.8000,33.4400,33.7200,13.2823,5660732
2006-10-24,33.5000,33.7700,33.5000,33.7100,13.2783,4585546
2006-10-25,33.5700,33.8850,33.5500,33.7650,13.3000,5420534
2006-10-26,33.9250,34.3650,33.8150,34.2550,13.4930,7665778
2006-10-27,34.3000,34.6000,34.1000,34.4600,13.5738,9457152
2006-10-30,34.1000,34.5450,33.9250,34.4750,13.5797,8727530
2006-10-31,34.3900,34.6100,34.2550,34.5300,13.6013,6367660
2006-11-01,34.3850,34.6250,34.2700,34.2850,13.5048,6006930
2006-11-02,33.9600,34.2250,33.6500,33.9250,13.3630,10595294
2006-11-03,33.7350,33.8500,33.5550,33.6500,13.2547,7202116
2006-11-06,33.5500,33.9900,33.5500,33.9900,13.3886,6012486
2006-11-07,34.0000,34.4000,33.7750,34.1300,13.4438,6659168
2006-11-08,34.0000,34.4000,33.9200,34.3000,13.5107,5131162
2006-11-09,34.4350,34.5950,33.8850,34.3600,13.5344,8137900
2006-11-10,34.3500,35.0150,34.1700,35.0000,13.7865,12432634
2006-11-13,34.8500,35.2050,34.6800,34.9250,13.7569,6813154
2006-11-14,34.9800,35.2700,34.9050,35.2400,13.8810,8279546
2006-11-15,35.3500,35.4400,35.2400,35.3400,13.9204,6285728
2006-11-16,35.3900,35.4450,35.0350,35.1950,13.8633,6086402
2006-11-17,35.0850,35.3150,35.0000,35.2400,13.8810,7464590
2006-11-20,35.0100,35.1600,34.9100,35.0000,13.7865,5706232
2006-11-21,35.0750,35.2150,34.9050,35.1550,13.8475,4473276
2006-11-22,35.1400,35.2800,35.0000,35.1000,13.8259,5906420
2006-11-23,35.1250,35.9700,35.1250,35.8000,14.1016,7892016
2006-11-24,35.6550,35.7350,34.9550,35.3550,13.9263,8425320
2006-11-27,35.3500,35.3500,34.6300,34.6750,13.6584,7825076
2006-11-28,34.7500,35.0700,34.5250,34.8250,13.7175,8361998
2006-11-29,34.9100,35.2150,34.7750,35.1250,13.8357,7197644
2006-11-30,34.9900,35.2450,34.7750,34.8400,13.7234,8333492
2006-12-01,34.8850,35.1450,34.3750,34.5000,13.5895,8998900
2006-12-04,34.6050,34.9500,34.5000,34.7500,13.6880,8277522
2006-12-05,34.6000,35.2700,34.6000,35.1750,13.8554,7817796
2006-12-06,35.1450,35.3500,34.9500,35.2350,13.8790,4789866
2006-12-07,35.1850,35.5900,35.0550,35.3700,13.9322,6766114
2006-12-08,35.2650,35.6000,35.1250,35.5050,13.9854,6148346
2006-12-11,35.6800,35.6800,35.3350,35.5050,13.9854,5304528
2006-12-12,35.5050,35.7500,35.4600,35.6600,14.0464,5818778
2006-12-13,35.6750,35.9400,35.6250,35.8150,14.1075,6498184
2006-12-14,35.9750,35.9800,35.7500,35.8150,14.1075,5626442
2006-12-15,35.9500,36.4950,35.9100,36.2850,14.2926,15358256
2006-12-18,36.4000,36.4700,36.1650,36.2800,14.2907,5031622
2006-12-19,36.0450,36.2150,35.9400,36.0300,14.1922,5050074
2006-12-20,36.1100,37.1050,36.0900,36.7300,14.4679,7343050
2006-12-21,36.6600,36.9700,36.5400,36.7650,14.4817,5682982
2006-12-22,36.7700,36.9850,36.4250,36.4700,14.3655,4002492
2006-12-27,36.6400,37.1000,36.5500,37.0900,14.6097,3328582
2006-12-28,37.2100,37.2400,37.0050,37.1200,14.6215,2734484
2006-12-29,37.1700,37.2500,36.8550,36.9250,14.5447,2120408
2007-01-02,37.2000,37.4100,37.0500,37.4100,14.7358,2930512
2007-01-03,37.4300,37.4300,37.2150,37.2350,14.6668,5449020
2007-01-04,36.9950,37.1350,36.6700,36.8300,14.5073,6970632
2007-01-05,36.9050,37.1350,36.5000,36.5750,14.4069,6233238
2007-01-08,36.6350,36.6800,36.3050,36.4750,14.3675,5094028
2007-01-09,36.7300,37.3650,36.6150,36.7100,14.4600,8011124
2007-01-10,36.3450,36.4850,35.6400,36.0050,14.1823,10868898
2007-01-11,36.2350,36.5000,35.7850,36.3900,14.3340,7565648
2007-01-12,36.3900,36.9950,36.3000,36.7800,14.4876,6702586
2007-01-15,36.9300,37.3250,36.8650,36.9450,14.5526,3807926
2007-01-16,37.0000,37.1250,36.8150,36.9500,14.5546,5211946
2007-01-17,37.0000,37.4400,36.8000,36.9650,14.5605,7433586
2007-01-18,37.1750,37.2350,36.4550,36.5900,14.4128,7183750
2007-01-19,36.6000,36.8150,36.1900,36.7300,14.4679,7370430
2007-01-22,36.6900,36.8800,36.2150,36.3250,14.3084,6995764
2007-01-23,36.2300,36.4700,35.7850,36.1100,14.2237,8024348
2007-01-24,36.4000,36.6700,36.0900,36.4100,14.3419,7065364
2007-01-25,36.3500,36.3600,35.8250,35.9800,14.1725,7758600
2007-01-26,35.8900,36.1250,35.6550,35.9750,14.1705,8467056
2007-01-29,36.2250,36.5800,36.1550,36.3900,14.3340,6638200
2007-01-30,36.2550,36.6500,36.0050,36.5200,14.3852,6637682
2007-01-31,36.6750,37.2200,36.3800,36.9650,14.5605,10220010
2007-02-01,37.0950,38.0850,37.0250,37.8400,14.9051,12370834
2007-02-02,37.7850,37.9500,37.5250,37.8200,14.8973,7357566
2007-02-05,37.6350,37.9350,37.4750,37.7500,14.8697,4991832
2007-02-06,37.9250,38.5650,37.8400,38.4000,15.1257,9460142
2007-02-07,38.3550,38.6600,38.0200,38.3700,15.1139,6640578
2007-02-08,38.3050,38.4300,37.7850,38.1300,15.0194,5110678
2007-02-09,38.2100,38.8050,38.2100,38.5000,15.1651,6072222
2007-02-12,38.2500,38.3300,37.9700,38.2500,15.0666,4105226
2007-02-13,38.4200,38.4750,38.1750,38.4050,15.1277,3657756
2007-02-14,38.4050,38.5350,38.0500,38.5000,15.1651,4191612
2007-02-15,38.3800,38.4700,37.9500,38.3550,15.1080,4923086
2007-02-16,38.3000,38.5450,38.0650,38.1100,15.0115,5792182
2007-02-19,38.1050,38.3700,37.8800,37.9950,14.9662,3846982
2007-02-20,37.9650,38.0550,37.6100,38.0550,14.9898,5024516
2007-02-21,37.8900,38.4250,37.8250,37.9250,14.9386,5652116
2007-02-22,39.4500,40.2700,39.2250,39.9700,15.7441,16581848
2007-02-23,39.8850,40.1500,39.5300,39.5850,15.5925,5803774
2007-02-26,39.7250,40.2900,39.2950,40.0700,15.7835,6225622
2007-02-27,39.7450,39.9750,38.8350,38.9350,15.3365,11262952
2007-02-28,39.1000,39.5000,37.8450,38.4250,15.1356,14560348
2007-03-01,38.2600,39.5400,37.8750,38.3300,15.0981,14780036
2007-03-02,38.5000,39.0850,38.1200,38.4100,15.1297,9625806
2007-03-05,37.6400,38.3500,37.2100,38.0350,14.9819,10673302
2007-03-06,38.3550,38.9400,37.9100,38.5550,15.1868,9370032
2007-03-07,38.5550,39.2750,38.3800,39.0000,15.3621,7237960
2007-03-08,39.1750,39.2950,38.9100,39.2300,15.4527,6509628
2007-03-09,39.0050,39.4200,38.8750,39.3550,15.5019,6699034
2007-03-12,39.3500,39.8250,39.0200,39.4700,15.5472,6530774
2007-03-13,39.6500,39.6500,38.7050,38.7700,15.2715,6739244
2007-03-14,38.2500,38.3200,37.6500,37.7100,14.8539,10793856
2007-03-15,38.3200,38.5650,38.0400,38.5200,15.1730,8322454
2007-03-16,38.1500,38.4250,37.9600,38.1600,15.0312,19320220
2007-03-19,38.5000,38.8150,38.2100,38.6800,15.2360,5637856
2007-03-20,38.5400,38.9950,38.5400,38.9800,15.3542,5204858
2007-03-21,38.7550,39.1150,38.6950,39.0150,15.3680,5646548
2007-03-22,39.7500,39.8750,39.4350,39.6850,15.6319,7147316
2007-03-23,39.9500,40.0200,39.4400,39.5000,15.5590,7566730
2007-03-26,39.2600,40.0950,39.2600,39.8750,15.7067,9115600
2007-03-27,40.0000,40.8400,39.8850,40.7350,16.0455,10133202
2007-03-28,40.5600,41.3950,40.5250,41.2350,16.2424,10541172
2007-03-29,41.2750,42.1400,41.2750,41.8750,16.4945,7356002
2007-03-30,41.7900,42.4450,41.3400,42.1400,16.5989,6248240
2007-04-02,42.1000,42.2900,41.8900,42.0850,16.5772,4614868
2007-04-03,42.3000,42.7050,41.8200,42.4950,16.7387,7962418
2007-04-04,42.4800,43.1800,42.3800,42.9200,16.9061,6147740
2007-04-05,42.7000,43.4800,42.6500,43.3850,17.0893,4475190
2007-04-10,43.5000,43.9450,43.3100,43.8850,17.2863,4983560
2007-04-11,43.9900,44.2200,43.2700,43.4500,17.1149,6358962
2007-04-12,43.2750,43.5050,42.8900,43.2200,17.0243,5641860
2007-04-13,43.2500,44.6350,43.1800,44.6100,17.5718,8947980
2007-04-16,44.6500,45.5950,44.3050,45.4500,17.9027,8004506
2007-04-17,45.2550,45.3500,44.5750,45.0750,17.7550,6674758
2007-04-18,45.0750,45.1000,44.0950,44.6600,17.5915,6506316
2007-04-19,44.0050,44.7400,43.7250,44.4500,17.5088,6764296
2007-04-20,44.4250,45.0300,44.0950,44.8050,17.6486,9237082
2007-04-23,44.8050,44.9600,44.3700,44.5750,17.5580,4326638
2007-04-24,44.5000,45.0850,44.0400,44.3850,17.4832,7587436
2007-04-25,44.7500,45.3000,44.2950,45.1050,17.7668,5995328
2007-04-26,46.0000,46.3500,44.1200,44.2350,17.4241,12300172
2007-04-27,42.9500,43.9500,42.7050,43.8700,17.8869,12513126
2007-04-30,43.8500,43.9200,43.3200,43.7150,17.8237,5094722
2007-05-02,43.6250,43.7050,42.9500,43.5750,17.7666,7282728
2007-05-03,43.8200,43.9250,43.1400,43.8350,17.8726,7182628
2007-05-04,43.8350,44.3000,43.4450,44.1100,17.9847,5744076
2007-05-07,44.2500,44.4400,43.9200,44.2300,18.0337,3121598
2007-05-08,44.1950,44.2250,43.4850,43.8600,17.8828,4756260
2007-05-09,44.2300,44.2300,43.8150,43.9650,17.9256,3807730
2007-05-10,44.1650,44.2850,43.5650,43.7300,17.8298,4994484
2007-05-11,43.3150,43.9450,43.0300,43.8400,17.8747,6649958
2007-05-14,43.9500,44.2000,43.7350,43.8850,17.8930,4051494
2007-05-15,43.6500,44.4500,43.5050,44.1750,18.0112,5506048
2007-05-16,44.1300,44.6750,43.9800,44.2200,18.0296,5464592
2007-05-17,44.5500,44.7450,44.0300,44.2050,18.0235,3017446
2007-05-18,44.0550,45.1400,43.9600,45.0400,18.3639,8669890
2007-05-21,45.0400,45.9050,44.7500,45.6600,18.6167,6193388
2007-05-22,45.7900,45.7900,45.3350,45.6800,18.6249,3823522
2007-05-23,45.5850,45.7900,45.1500,45.3250,18.4801,5010774
2007-05-24,45.0500,45.6950,45.0300,45.2850,18.4638,5218900
2007-05-25,45.0000,45.9600,44.9000,45.4450,18.5291,6475066
2007-05-29,45.7500,45.8250,45.0000,45.2500,18.4495,4491994
2007-05-30,45.0300,45.1350,44.5050,44.9950,18.3456,5442908
2007-05-31,45.1100,46.5100,44.9700,46.0200,18.7635,8378862
2007-06-01,46.2250,46.6000,46.0550,46.2250,18.8471,5819160
2007-06-04,46.1000,46.4900,45.7000,46.1150,18.8022,5212248
2007-06-05,46.1300,46.5500,45.9050,46.1300,18.8083,6429290
2007-06-06,46.1900,46.2500,43.8250,44.2200,18.0296,10832696
2007-06-07,44.5000,44.7350,43.2100,43.4250,17.7055,8969012
2007-06-08,43.2500,43.7200,42.7150,43.3100,17.6586,9006880
2007-06-11,43.3650,44.1800,43.2500,44.0600,17.9644,6056076
2007-06-12,43.7750,44.3900,43.6050,44.1150,17.9868,6029560
2007-06-13,43.9250,44.1250,43.5050,43.8600,17.8828,6215686
2007-06-14,44.2500,44.7500,43.8600,44.6400,18.2008,6658898
2007-06-15,44.9000,46.0500,44.7750,46.0200,18.7635,30656440
2007-06-18,46.4100,47.4800,46.0700,47.0150,19.1692,10540394
2007-06-19,46.9700,47.5750,46.8550,47.3300,19.2976,5603304
2007-06-20,47.6500,48.9250,47.5550,48.1800,19.6442,8865000
2007-06-21,47.8000,47.9700,46.9550,47.3050,19.2874,7309700
2007-06-22,47.3050,47.7750,46.9800,47.3300,19.2976,4589556
2007-06-25,46.8250,47.5000,46.2650,46.8650,19.1080,6762282
2007-06-26,46.3950,46.8650,45.8100,46.4100,18.9225,6963988
2007-06-27,46.2700,46.5450,45.8150,46.3350,18.8919,5247296
2007-06-28,46.7250,47.4700,46.5500,47.4000,19.3262,4506462
2007-06-29,47.7150,48.6850,47.5600,48.6200,19.8236,7796576
2007-07-02,48.2500,48.4250,47.9300,48.0450,19.5891,5069330
2007-07-03,48.5000,48.8800,48.4750,48.7600,19.8807,5288496
2007-07-04,48.8000,48.9500,48.5250,48.6700,19.8440,2727818
2007-07-05,48.8850,49.1700,48.1300,48.3000,19.6931,5661614
2007-07-06,48.3750,49.3200,48.0550,49.3200,20.1090,4700650
2007-07-09,49.6500,50.0200,49.3600,49.5800,20.2150,5345484
2007-07-10,49.4400,49.7400,48.0000,48.4500,19.7543,6411758
2007-07-11,48.0050,48.1200,47.5000,47.9200,19.5382,6704076
2007-07-12,48.1600,48.6050,47.6700,48.5550,19.7971,5293378
2007-07-13,49.5000,49.8100,49.0100,49.4650,20.1681,6959020
2007-07-16,49.4700,50.3750,49.3700,49.6100,20.2272,5978554
2007-07-17,49.2900,49.9050,49.1150,49.7250,20.2741,5844480
2007-07-18,49.2750,49.5750,48.7000,48.8650,19.9235,6794946
2007-07-19,49.2000,49.4950,48.6800,49.3000,20.1008,5840388
2007-07-20,49.2800,49.6900,48.4900,48.7650,19.8827,8027776
2007-07-23,48.9500,49.0000,48.4350,48.9400,19.9541,4563928
2007-07-24,48.8700,49.1400,48.0150,48.0500,19.5912,5721330
2007-07-25,47.5000,48.1700,47.2500,47.4200,19.3343,8390736
2007-07-26,47.6000,48.0850,47.0000,47.0000,19.1631,10913716
2007-07-27,46.0500,46.5000,45.1250,45.8650,18.7003,15376670
2007-07-30,45.7550,47.2500,45.5450,46.9100,19.1264,8055126
2007-07-31,47.4450,47.6750,46.9100,47.6500,19.4281,8289508
2007-08-01,46.4850,47.3000,46.3050,46.5750,18.9898,7291680
2007-08-02,46.4550,47.0850,46.2500,46.9500,19.1427,5861666
2007-08-03,46.9500,46.9950,45.7850,45.9250,18.7248,5921926
2007-08-06,45.8750,46.9750,45.8450,46.8350,19.0958,6973528
2007-08-07,46.9500,47.1450,46.5500,47.0800,19.1957,5414922
2007-08-08,47.2300,47.4500,46.8050,47.2150,19.2507,6477004
2007-08-09,46.6700,47.0850,45.6900,45.8300,18.6860,8822028
2007-08-10,45.0500,46.3450,44.1950,45.7500,18.6534,12761244
2007-08-13,46.0500,46.7500,45.8800,46.7500,19.0611,5543548
2007-08-14,46.2350,46.5000,45.7600,45.9350,18.7288,5373126
2007-08-15,45.7000,46.2500,45.1650,46.0300,18.7676,6781884
2007-08-16,45.0100,45.5800,44.4100,45.0400,18.3639,14904208
2007-08-17,44.4000,46.4650,43.5000,45.0400,18.3639,19562558
2007-08-20,45.1350,45.6100,44.8350,45.3150,18.4760,4844358
2007-08-21,45.6100,46.2450,45.0800,46.0850,18.7900,6152862
2007-08-22,46.1750,46.9350,45.7900,46.1700,18.8247,6617338
2007-08-23,46.6700,46.9150,46.3150,46.3400,18.8940,4191900
2007-08-24,45.9200,46.5000,45.8900,46.3500,18.8980,2836420
2007-08-27,46.4100,47.0000,46.3500,46.5700,18.9877,2752518
2007-08-28,46.3900,46.9150,46.2200,46.4250,18.9286,3832798
2007-08-29,46.0050,47.2150,45.8500,47.0400,19.1794,5684594
2007-08-30,47.1800,47.9250,46.8000,47.7550,19.4709,4843444
2007-08-31,47.9750,48.6200,47.6500,48.5650,19.8012,7114050
2007-09-03,48.5500,48.6950,48.1050,48.2950,19.6911,3303152
2007-09-04,47.9150,48.8700,47.7000,48.8050,19.8990,5199308
2007-09-05,48.4700,48.6450,47.5700,47.6350,19.4220,5474218
2007-09-06,47.9450,48.1450,47.2000,47.6250,19.4179,5757958
2007-09-07,47.4250,48.0700,46.5050,46.7500,19.0611,6953344
2007-09-10,46.7500,46.9650,45.8550,46.0050,18.7574,5897678
2007-09-11,46.3500,46.9300,46.1450,46.3750,18.9082,5036196
2007-09-12,46.3750,46.5000,45.9800,46.3750,18.9082,5093116
2007-09-13,45.9500,46.7150,45.8750,46.6700,19.0285,3978936
2007-09-14,46.5650,46.8250,46.1650,46.5050,18.9612,4498724
2007-09-17,46.4950,47.1450,46.2000,46.7450,19.0591,5870668
2007-09-18,46.6000,47.5550,46.3950,47.4200,19.3343,5919088
2007-09-19,48.0500,48.3200,47.8000,48.1950,19.6503,7779426
2007-09-20,48.1400,48.4550,48.0150,48.0950,19.6095,4596484
2007-09-21,48.0550,48.5000,47.7000,48.0200,19.5789,17331260
2007-09-24,47.9250,48.7000,47.8550,48.6100,19.8195,5744570
2007-09-25,48.2250,48.9400,48.1250,48.8400,19.9133,6766866
2007-09-26,48.6950,48.9650,48.2150,48.3250,19.7033,4540692
2007-09-27,48.5250,48.7500,48.3000,48.5600,19.7991,4533848
2007-09-28,48.5000,48.7000,47.8750,48.5000,19.7746,5487234
2007-10-01,48.4500,48.7950,48.2500,48.5750,19.8052,4257478
2007-10-02,48.5750,48.8250,47.6600,47.8350,19.5035,5970672
2007-10-03,48.0950,48.1250,47.4800,47.7500,19.4689,2987970
2007-10-04,47.5000,47.8050,47.3000,47.5600,19.3914,4303962
2007-10-05,47.6000,48.0400,47.5000,47.9850,19.5647,3695958
2007-10-08,48.1700,48.9400,48.0150,48.5400,19.7910,4416322
2007-10-09,48.6050,48.7200,47.9550,48.0400,19.5871,4933026
2007-10-10,48.1750,48.1800,47.4950,47.6300,19.4199,4290216
2007-10-11,47.5050,47.9500,47.5000,47.5800,19.3995,4263742
2007-10-12,47.5000,47.8050,47.2750,47.8050,19.4913,3893210
2007-10-15,47.6250,47.9250,47.4000,47.5050,19.3690,3457576
2007-10-16,47.5000,47.6900,47.4200,47.6700,19.4362,4023720
2007-10-17,48.2250,48.4700,47.7150,47.9900,19.5667,4966242
2007-10-18,48.1950,48.2500,47.6850,47.8150,19.4954,3662280
2007-10-19,47.7300,48.5950,47.6350,48.2850,19.6870,6747774
2007-10-22,47.6600,48.2150,47.5000,47.7150,19.4546,5800590
2007-10-23,47.8250,48.3400,47.5300,48.3200,19.7013,5263246
2007-10-24,48.4950,48.5000,47.8150,47.9000,19.5300,4155438
2007-10-25,48.0000,48.8950,47.7500,48.7750,19.8868,6859330
2007-10-26,48.7850,49.2250,48.6900,48.9250,19.9479,5332702
2007-10-29,49.2000,49.2500,48.7050,49.1700,20.0478,4969264
2007-10-30,49.2450,49.2450,47.8850,47.9550,19.5524,8983786
2007-10-31,47.9550,48.1950,47.4500,47.7500,19.4689,6215134
2007-11-01,47.9750,48.2000,46.2600,46.5500,18.9796,8581948
2007-11-02,46.0000,46.7150,45.7800,46.4450,18.9368,7916332
2007-11-05,46.0500,46.7850,46.0000,46.4250,18.9286,4019206
2007-11-06,46.5100,47.2450,46.3850,46.8500,19.1019,4396872
2007-11-07,46.9000,47.1650,46.4000,47.0450,19.1814,4621402
2007-11-08,46.4650,47.4200,46.4000,46.6850,19.0346,5995994
2007-11-09,46.7500,46.9250,46.1200,46.4000,18.9184,6199282
2007-11-12,46.1650,46.4800,45.5150,45.7350,18.6473,5652914
2007-11-13,45.7000,46.2550,45.5950,46.1400,18.8124,5142676
2007-11-14,46.7100,46.7550,46.4000,46.4500,18.9388,4496108
2007-11-15,46.5000,46.7550,45.3700,45.5300,18.5637,6955402
2007-11-16,45.0850,45.3850,44.8050,45.0800,18.3802,9965816
2007-11-19,44.8750,45.1200,43.3100,43.7200,17.8257,10272032
2007-11-20,44.1650,45.6100,43.8000,45.3550,18.4924,9323386
2007-11-21,45.1200,45.7450,44.7800,45.7050,18.6351,9224764
2007-11-22,45.6800,46.5900,45.6800,46.3100,18.8817,6479306
2007-11-23,46.5000,46.5650,45.9850,46.3050,18.8797,3972976
2007-11-26,46.3050,46.6500,45.7650,45.9250,18.7248,4128584
2007-11-27,45.7200,45.7400,44.7750,45.3600,18.4944,6396530
2007-11-28,45.5750,46.8950,45.3300,46.7050,19.0428,6178260
2007-11-29,46.9050,47.4300,46.5300,47.0800,19.1957,5085392
2007-11-30,47.0000,47.7250,46.8250,47.3800,19.3180,5779608
2007-12-03,47.5000,47.9250,47.1200,47.2800,19.2772,3827608
2007-12-04,47.1250,47.8350,47.0500,47.2250,19.2548,4858802
2007-12-05,47.6350,48.2500,47.5000,48.1750,19.6421,4702248
2007-12-06,48.4500,49.1450,47.9150,48.3750,19.7237,6561534
2007-12-07,48.5550,48.9700,48.3450,48.6000,19.8154,4646358
2007-12-10,48.5000,48.6800,47.9050,48.2450,19.6707,4742568
2007-12-11,48.3150,48.5000,48.0550,48.3700,19.7216,4165132
2007-12-12,48.1700,49.4500,48.1700,49.0600,20.0030,7703730
2007-12-13,48.8050,49.9400,48.6850,49.2500,20.0804,8305564
2007-12-14,49.4400,49.8250,48.5950,49.1150,20.0254,5984158
2007-12-17,48.7700,48.9000,48.1100,48.5850,19.8093,5945828
2007-12-18,48.4250,49.3400,48.3400,48.6900,19.8521,5288218
2007-12-19,48.9100,49.2750,48.1250,48.9300,19.9500,4606790
2007-12-20,49.1350,49.6400,48.8750,49.3400,20.1171,4900030
2007-12-21,49.7500,50.7950,49.5100,50.5400,20.6064,18094468
2007-12-27,50.9000,51.0000,50.3500,50.8050,20.7145,3709808
2007-12-28,50.6450,50.8150,50.2500,50.7050,20.6737,1857260
2008-01-02,50.2950,51.2250,50.2300,50.4700,20.5779,4884954
2008-01-03,50.4500,51.1550,50.4050,50.8000,20.7124,5039774
2008-01-04,51.0000,51.7100,50.5300,51.0850,20.8286,7035580
2008-01-07,50.9750,52.2250,50.7600,52.1000,21.2425,7214856
2008-01-08,52.2900,52.7500,51.8050,51.9850,21.1956,6252358
2008-01-09,52.0000,52.8700,51.3600,52.4100,21.3689,7190748
2008-01-10,52.5000,52.5000,49.8900,49.8900,20.3414,12792128
2008-01-11,49.8750,50.2500,49.2200,49.9200,20.3536,7868584
2008-01-14,49.9200,50.1100,49.5050,49.7350,20.2782,4287568
2008-01-15,49.5500,50.5100,49.1500,49.4200,20.1498,8995454
2008-01-16,49.0000,49.4250,47.6250,47.7750,19.4791,14060350
2008-01-17,47.9950,48.1700,47.1050,47.4350,19.3404,9678576
2008-01-18,47.2450,47.2500,45.7650,45.9750,18.7451,15427738
2008-01-21,45.2250,45.2300,42.1700,42.5000,17.3283,21586364
2008-01-22,40.1250,43.7650,39.5700,42.7500,17.4302,21774232
2008-01-23,43.3900,43.3900,39.5500,40.2550,16.4130,20026768
2008-01-24,41.9450,42.5000,41.4350,42.2300,17.2182,14699052
2008-01-25,42.6400,43.3100,41.7550,42.1300,17.1774,9035560
2008-01-28,41.3250,41.9100,40.7750,41.5800,16.9532,8550664
2008-01-29,41.9750,43.4800,41.3000,42.9950,17.5301,10005276
2008-01-30,42.9400,43.2950,42.4100,42.7800,17.4425,5944824
2008-01-31,43.0300,43.9550,42.1050,43.6050,17.7788,8144022
2008-02-01,43.9700,44.5100,43.7350,43.9650,17.9256,7569232
2008-02-04,44.4200,44.5850,43.5050,43.7750,17.8482,5718704
2008-02-05,43.8450,43.9500,42.1650,42.5300,17.3405,8052840
2008-02-06,41.9450,43.1350,41.9300,42.9150,17.4975,4802896
2008-02-07,42.9000,42.9000,41.6150,42.0750,17.1550,6626668
2008-02-08,42.2550,42.8650,41.5950,41.9750,17.1143,5110162
2008-02-11,41.5500,42.5000,41.3050,42.0400,17.1407,5484086
2008-02-12,42.2200,43.3900,41.9200,43.2350,17.6280,7641604
2008-02-13,42.9100,43.6000,42.6900,43.3700,17.6830,4096244
2008-02-14,43.8450,44.1950,43.4950,43.6150,17.7829,5389236
2008-02-15,43.5400,44.0950,42.4300,42.7700,17.4384,7095080
2008-02-18,43.2500,43.9150,43.0050,43.5000,17.7360,3140912
2008-02-19,43.5200,44.3500,43.1300,44.1300,17.9929,5369404
2008-02-20,43.6750,43.6850,42.9150,43.4350,17.7095,6846924
2008-02-21,43.4500,44.0500,42.3850,42.6650,17.3956,10914644
2008-02-22,42.3400,43.0000,41.9750,42.2650,17.2325,6711612
2008-02-25,42.6800,42.9250,42.2750,42.5100,17.3324,4005806
2008-02-26,42.5500,43.4350,42.4500,43.2750,17.6443,6016918
2008-02-27,43.3950,43.4250,42.4550,43.2500,17.6341,4901192
2008-02-28,43.1400,43.3050,42.4650,42.6000,17.3691,5411574
2008-02-29,42.2800,42.5950,41.5300,41.9900,17.1204,7198544
2008-03-03,41.4000,41.8150,41.1200,41.8150,17.0490,5482822
2008-03-04,41.8450,42.3250,40.8500,41.0350,16.7310,6730022
2008-03-05,41.4750,42.5600,41.0600,42.4250,17.2977,7415190
2008-03-06,43.0000,43.0000,41.8800,42.1750,17.1958,5629478
2008-03-07,41.6500,41.9750,41.0500,41.6400,16.9777,6874058
2008-03-10,41.2300,41.8500,41.0050,41.2900,16.8350,6565748
2008-03-11,41.2900,42.6000,41.1200,42.1900,17.2019,7156898
2008-03-12,42.7900,43.2850,42.0000,42.2400,17.2223,6302074
2008-03-13,41.6050,42.1500,41.2900,42.0050,17.1265,5929382
2008-03-14,42.1850,43.0000,41.5750,41.8500,17.0633,6076050
2008-03-17,40.8500,42.3500,40.8500,41.5700,16.9491,9557524
2008-03-18,42.2200,42.8450,41.9200,42.8400,17.4669,7321010
2008-03-19,43.2000,43.4050,42.3600,42.5800,17.3609,7312454
2008-03-20,42.0500,42.9950,41.8250,41.8650,17.0694,18901610
2008-03-25,42.8750,43.0950,42.3700,42.7850,17.4445,6562700
2008-03-26,42.3550,42.8600,41.9300,42.0150,17.1306,6425982
2008-03-27,42.1950,43.1500,42.0550,42.9650,17.5179,4987090
2008-03-28,42.8750,42.9500,42.2150,42.4450,17.3059,4545244
2008-03-31,42.8250,43.1100,42.0250,42.6550,17.3915,4962402
2008-04-01,42.3550,43.7600,42.3550,43.5750,17.7666,7884814
2008-04-02,43.8750,44.5900,43.5300,44.2900,18.0581,6693304
2008-04-03,44.7350,44.8700,44.0300,44.4050,18.1050,5293168
2008-04-04,44.5000,44.9900,44.0200,44.4300,18.1152,5286546
2008-04-07,44.5950,44.9800,44.5450,44.6200,18.1927,3900996
2008-04-08,44.5050,44.7150,44.2500,44.6750,18.2151,3768622
2008-04-09,44.5000,45.1700,44.2250,44.5450,18.1621,3655210
2008-04-10,44.4000,45.0150,43.8850,44.9950,18.3456,6277382
2008-04-11,45.3250,45.4800,44.1750,44.5150,18.1499,5817246
2008-04-14,43.8450,44.4300,43.8450,44.2800,18.0541,3940342
2008-04-15,44.9000,45.3000,44.5100,45.0500,18.3680,5557164
2008-04-16,45.3450,45.9400,45.0350,45.7500,18.6534,5015768
2008-04-17,45.8250,46.1750,45.4500,45.8250,18.6840,3986576
2008-04-18,45.7550,46.7650,45.7550,46.7250,19.0509,8477424
2008-04-21,46.8800,46.8850,46.2900,46.5100,18.9633,4723002
2008-04-22,46.5000,46.8650,45.4750,45.9350,18.7288,5648354
2008-04-23,46.0050,46.7950,45.8000,46.4900,18.9551,6595536
2008-04-24,46.5000,47.1350,45.6250,46.9150,19.1284,11178196
2008-04-25,45.2550,45.5250,44.8750,45.0250,19.1539,7476766
2008-04-28,45.1400,45.4300,44.9400,45.2050,19.2305,4419688
2008-04-29,45.0850,45.5600,44.9500,45.3650,19.2986,4462748
2008-04-30,45.1300,46.0500,45.1250,45.8250,19.4943,5239786
2008-05-02,46.0600,46.0600,45.3500,45.4600,19.3390,5290864
2008-05-05,45.3450,46.0500,45.2000,45.8000,19.4836,2500578
2008-05-06,45.7900,46.0500,45.0600,45.5850,19.3922,4200590
2008-05-07,45.4200,45.7700,45.2150,45.3900,19.3092,3349302
2008-05-08,45.0200,45.3950,44.9350,45.2250,19.2390,3842378
2008-05-09,44.9700,45.0400,44.4150,44.5450,18.9497,4609924
2008-05-12,44.7450,45.1900,44.5400,44.8900,19.0965,2175576
2008-05-13,44.8850,45.6800,44.8850,45.6450,19.4177,4908872
2008-05-14,45.8400,45.9850,45.3000,45.6200,19.4070,3491790
2008-05-15,45.4000,45.8200,45.1800,45.8200,19.4921,3687882
2008-05-16,46.1400,46.7800,45.7550,46.4150,19.7452,6478126
2008-05-19,46.5550,46.7300,46.1400,46.6800,19.8580,2869114
2008-05-20,46.3000,46.6350,46.2250,46.5350,19.7963,4548590
2008-05-21,46.7500,47.5000,46.5550,47.0800,20.0281,6209572
2008-05-22,46.7500,47.2500,46.6000,47.1100,20.0409,4261778
2008-05-23,47.7500,47.8950,46.6000,46.6750,19.8559,6616598
2008-05-26,46.5750,47.2500,46.5400,47.0350,20.0090,2107186
2008-05-27,47.0900,47.3500,46.6450,46.9000,19.9516,4779660
2008-05-28,46.8200,47.7900,46.7500,47.5900,20.2451,5186192
2008-05-29,47.6100,47.8700,47.3300,47.6850,20.2855,3453274
2008-05-30,48.4000,48.4000,47.8700,48.1850,20.4982,5487416
2008-06-02,48.3500,48.4450,47.6050,47.6050,20.2515,3919692
2008-06-03,47.5100,48.4000,47.5100,48.3500,20.5684,4713016
2008-06-04,47.9000,48.5550,47.7500,48.3450,20.5663,4558552
2008-06-05,48.2650,48.5550,48.0200,48.1250,20.4727,4865308
2008-06-06,48.1150,48.5400,47.0700,47.2100,20.0834,7223734
2008-06-09,47.2500,48.1250,46.9600,48.0600,20.4450,5149990
2008-06-10,47.9650,47.9650,46.9950,46.9950,19.9920,5557984
2008-06-11,46.9600,47.4000,46.4750,46.4750,19.7708,6424944
2008-06-12,46.9000,47.4400,46.8250,47.1050,20.0388,5664270
2008-06-13,47.1850,47.5500,46.6250,47.4300,20.1770,4535740
2008-06-16,47.6200,47.7500,46.4300,46.7350,19.8814,4682660
2008-06-17,46.7150,47.3900,46.7150,47.1950,20.0771,3867960
2008-06-18,47.1700,47.1750,46.3000,46.3250,19.7070,5172282
2008-06-19,46.4950,46.8500,45.8750,46.1900,19.6495,6206576
2008-06-20,46.0600,46.3350,44.8750,44.9050,19.1029,13682472
2008-06-23,44.9950,45.5850,44.9600,45.3000,19.2709,5203088
2008-06-24,45.7500,45.7500,44.5050,45.0350,19.1582,5546786
2008-06-25,45.4350,45.4700,44.4400,44.8400,19.0752,4943458
2008-06-26,44.9750,45.1700,44.0900,44.2900,18.8413,4636884
2008-06-27,44.6000,44.6900,43.7900,44.1200,18.7689,5095629
2008-06-30,43.8000,44.2900,43.2500,43.8200,18.6413,5961482
2008-07-01,43.5000,43.7200,42.8900,43.3200,18.4286,5826363
2008-07-02,43.5000,43.6900,42.7000,42.7700,18.1946,5128284
2008-07-03,42.3000,43.0300,41.8100,42.6100,18.1266,5787676
2008-07-04,43.4000,43.4000,42.0700,42.2000,17.9522,3233584
2008-07-07,42.7500,42.9500,42.0200,42.7300,18.1776,3792289
2008-07-08,41.9400,42.2800,41.6000,41.8600,17.8075,5825379
2008-07-09,42.0000,42.0700,41.2400,41.4900,17.6501,5881496
2008-07-10,41.0500,42.0000,40.8400,41.2300,17.5395,7546337
2008-07-11,41.5000,41.6300,40.2200,40.5600,17.2545,5533964
2008-07-14,40.8100,41.1300,40.5000,40.6900,17.3098,3485124
2008-07-15,40.4700,40.6800,40.1200,40.3600,17.1694,6321488
2008-07-16,40.7000,40.7800,40.0700,40.5000,17.2290,6190925
2008-07-17,40.2800,41.1100,40.2700,40.9300,17.4119,6015562
2008-07-18,41.1100,41.6700,40.6900,41.2500,17.5480,6363737
2008-07-21,40.9200,42.0900,40.9200,41.4400,17.6289,4310011
2008-07-22,41.3400,42.2800,41.2100,42.1000,17.9096,6378700
2008-07-23,42.6000,42.6000,42.0000,42.1300,17.9224,4422707
2008-07-24,41.9000,42.1900,41.1700,41.3500,17.5906,5415703
2008-07-25,40.7500,42.2400,40.7300,41.8100,17.7863,5306530
2008-07-28,41.9900,42.0500,41.2600,41.2600,17.5523,4692298
2008-07-29,41.0000,41.7400,40.9000,41.4200,17.6203,5626640
2008-07-30,41.7000,41.7500,41.0900,41.1500,17.5055,5047967
2008-07-31,41.5000,41.5000,40.2600,40.6900,17.3098,9610354
2008-08-01,40.0500,40.7800,39.9100,40.1600,17.0843,5685565
2008-08-04,39.9000,40.1100,39.4600,39.6900,16.8844,5032361
2008-08-05,39.3600,40.3100,38.8100,39.9300,16.9865,6779386
2008-08-06,40.0000,40.0500,39.3700,39.9700,17.0035,6141886
2008-08-07,40.0000,40.3300,39.7800,39.9100,16.9780,3834829
2008-08-08,39.8900,40.2900,39.4000,39.9300,16.9865,3494539
2008-08-11,40.0700,40.3100,39.8800,40.0800,17.0503,2669975
2008-08-12,40.1000,40.5700,39.7300,40.3400,17.1609,3786881
2008-08-13,40.4400,40.8000,39.8000,39.9500,16.9950,4408771
2008-08-14,40.3000,40.6500,39.6900,39.9200,16.9822,3316941
2008-08-15,39.8900,40.2500,39.4300,39.8200,16.9397,4234630
2008-08-18,39.6000,40.3500,39.5500,39.9900,17.0120,2974478
2008-08-19,39.8500,40.0000,39.4400,39.8500,16.9525,5489793
2008-08-20,39.9300,40.2300,39.5700,39.7200,16.8972,3163082
2008-08-21,39.4100,39.6400,39.1500,39.2800,16.7100,3351478
2008-08-22,39.3700,39.5800,38.9600,39.5000,16.8036,3987988
2008-08-25,39.3900,39.6900,39.1400,39.2600,16.7015,1711618
2008-08-26,39.2700,39.7600,38.9000,39.4600,16.7865,3451532
2008-08-27,39.3300,39.4900,39.0100,39.3500,16.7398,2822949
2008-08-28,39.1800,39.5000,38.5400,39.2500,16.6972,6901161
2008-08-29,39.1700,39.6000,39.1300,39.3800,16.7525,4289248
2008-09-01,39.1600,39.7000,39.0000,39.4200,16.7695,2657414
2008-09-02,39.2600,40.1900,39.0500,39.9000,16.9737,4574931
2008-09-03,39.6100,40.0900,39.5200,39.7100,16.8929,3272509
2008-09-04,39.8200,39.9700,38.8700,39.0300,16.6036,5179513
2008-09-05,38.7700,39.0000,37.9500,38.1700,16.2378,8100265
2008-09-08,38.9200,39.0000,38.3200,38.5000,16.3782,5978347
2008-09-09,38.5000,38.5400,37.3000,37.7500,16.0591,7173408
2008-09-10,37.5500,37.8200,37.0000,37.4400,15.9272,7711885
2008-09-11,37.2100,37.4600,36.9600,37.4100,15.9145,4737570
2008-09-12,37.5200,38.0200,37.4100,37.8100,16.0846,5189609
2008-09-15,36.9000,36.9800,35.8900,36.2400,15.4167,15408082
2008-09-16,35.9200,35.9400,34.6900,35.1600,14.9573,13709708
2008-09-17,35.1600,35.4200,33.2500,33.8300,14.3915,15819410
2008-09-18,33.8300,34.2500,32.6300,32.8100,13.9576,12168023
2008-09-19,33.6100,34.9800,33.1200,34.9800,14.8807,18660655
2008-09-22,35.0000,35.1900,34.2000,34.2000,14.5489,7014766
2008-09-23,34.0800,34.5200,34.0000,34.4000,14.6340,6074667
2008-09-24,34.4000,34.8600,34.0700,34.5700,14.7063,4538339
2008-09-25,34.7500,35.4800,34.6600,35.2900,15.0126,5938485
2008-09-26,34.9200,35.2000,34.6500,34.9700,14.8765,4591656
2008-09-29,34.7800,34.7800,33.3700,33.6400,14.3107,9698985
2008-09-30,33.0500,33.9600,32.9100,33.7500,14.3575,8611107
2008-10-01,34.3400,34.3400,33.0800,33.6900,14.3319,7061082
2008-10-02,33.9200,34.4200,31.3900,32.5000,13.8257,9896974
2008-10-03,32.4500,33.5700,32.1400,33.2600,14.1490,7447485
2008-10-06,32.3000,32.7500,31.0200,31.7000,13.4854,12437046
2008-10-07,32.0000,32.2100,30.2000,31.2400,13.2897,11702067
2008-10-08,30.2400,30.4900,26.4100,28.3000,12.0390,23937404
2008-10-09,28.8500,29.9700,27.9000,28.4300,12.0943,11943898
2008-10-10,26.2000,26.4300,23.4300,25.5500,10.8691,22146392
2008-10-13,27.5200,28.4900,26.5500,28.4500,12.1028,15530210
2008-10-14,30.1100,30.7500,28.7200,29.1000,12.3793,14170176
2008-10-15,29.3000,29.3000,25.9200,26.3400,11.2052,12673381
2008-10-16,25.0000,25.3400,23.5200,23.9600,10.1927,16778807
2008-10-17,25.4500,25.4700,23.8200,24.5200,10.4310,15863855
2008-10-20,25.2500,25.3000,24.2100,24.7900,10.5458,9650146
2008-10-21,25.4400,25.9600,24.7300,25.0000,10.6352,9103646
2008-10-22,24.4000,24.7000,23.5400,23.8000,10.1247,9085081
2008-10-23,24.0300,24.2100,22.9100,23.4400,9.9715,9000129
2008-10-24,22.5500,22.7700,20.5100,22.3800,9.5206,15705958
2008-10-27,21.0000,21.3300,19.7700,19.9500,8.4869,15819046
2008-10-28,21.4500,21.9500,17.8500,20.6300,8.7761,29119035
2008-10-29,23.7500,25.3600,22.6900,24.6100,10.4693,24230687
2008-10-30,25.4600,26.1200,22.5200,24.0600,10.2353,14925066
2008-10-31,24.5000,26.7200,23.8800,26.0700,11.0904,13151278
2008-11-03,27.0500,27.9900,26.5400,27.5400,11.7157,9657730
2008-11-04,26.9200,29.4400,26.9000,29.2300,12.4346,9228580
2008-11-05,28.9800,29.1800,27.0700,27.9500,11.8901,8520947
2008-11-06,26.8000,27.4300,25.2700,25.4100,10.8096,10680346
2008-11-07,25.5400,26.6000,25.0000,26.0800,11.0946,7918251
2008-11-10,26.9100,28.3100,26.8800,27.4900,11.6944,6734374
2008-11-11,26.6000,27.1600,25.8000,26.1800,11.1371,6785762
2008-11-12,26.5100,26.8200,25.0000,25.4000,10.8053,6256867
2008-11-13,25.2800,25.9900,24.9000,25.7200,10.9415,5863214
2008-11-14,26.7000,27.2700,25.8300,25.8800,11.0095,7046302
2008-11-17,25.8800,26.4700,25.1600,25.5500,10.8691,5706219
2008-11-18,25.8500,25.8900,24.5800,25.4300,10.8181,6013425
2008-11-19,25.4000,25.6500,20.5400,21.9600,9.3419,26719857
2008-11-20,21.2900,23.0300,20.8800,22.4600,9.5546,13498938
2008-11-21,22.7600,23.2800,21.3900,21.6800,9.2228,10234648
2008-11-24,22.1000,24.5000,21.4100,24.2300,10.3076,9614391
2008-11-25,24.1000,25.5000,23.2600,25.1900,10.7160,9332746
2008-11-26,25.0000,25.1200,23.7400,24.5000,10.4225,7410965
2008-11-27,24.8600,25.2800,24.5200,25.1500,10.6990,4701240
2008-11-28,25.1500,25.2500,24.2500,25.1000,10.6777,4175708
2008-12-01,24.8600,24.9500,23.0400,23.2800,9.9035,6870883
2008-12-02,22.7500,24.2200,22.1000,23.8400,10.1417,6963852
2008-12-03,23.2600,23.4600,22.1400,23.1400,9.8439,8086769
2008-12-04,23.2000,24.6200,22.6600,23.6200,10.0481,7663865
2008-12-05,23.2100,23.3000,22.0700,22.6100,9.6184,7442580
2008-12-08,24.2400,25.5800,23.6900,24.6600,10.4905,8756536
2008-12-09,24.5000,25.8100,24.2100,25.4400,10.8223,6779149
2008-12-10,25.9400,26.4900,25.4300,26.3000,11.1882,5761014
2008-12-11,25.9600,26.2900,25.0300,25.6600,10.9159,6668282
2008-12-12,24.5000,25.4500,24.0100,25.0700,10.6649,6511962
2008-12-15,25.7800,25.9200,24.7100,25.3000,10.7628,4981307
2008-12-16,25.5000,26.4200,25.3200,26.3800,11.2222,6957739
2008-12-17,26.5000,26.6900,25.8000,26.4200,11.2392,7391894
2008-12-18,26.6700,26.8400,26.2000,26.6600,11.3413,5193121
2008-12-19,26.4000,26.9900,25.7400,26.4300,11.2435,13825805
2008-12-22,26.4200,26.5800,25.5800,26.2500,11.1669,6084425
2008-12-23,26.3500,26.5200,25.7400,26.0000,11.0606,4981200
2008-12-29,26.7700,27.0000,25.9300,26.8500,11.4222,5984592
2008-12-30,27.3000,27.8500,26.9800,27.7300,11.7965,4674418
2009-01-02,27.9000,28.1000,27.3700,27.9000,11.8688,3752004
2009-01-05,28.0500,28.3800,27.4300,27.5900,11.7370,4686556
2009-01-06,27.7700,28.1000,27.2400,27.4900,11.6944,3772495
2009-01-07,27.5300,27.5300,26.3600,26.4900,11.2690,5183473
2009-01-08,26.0100,26.9400,25.9500,26.6500,11.3371,4983372
2009-01-09,26.7900,26.7900,25.3500,25.7200,10.9415,5076014
2009-01-12,25.7600,25.9100,25.3700,25.5700,10.8776,3292685
2009-01-13,25.3000,25.5000,24.7700,25.4400,10.8223,4519473
2009-01-14,25.8400,25.8400,23.8300,24.0600,10.2353,6464429
2009-01-15,24.2500,24.3500,22.6100,23.1800,9.8609,7764135
2009-01-16,23.6500,24.2900,23.3300,23.7600,10.1077,6434717
2009-01-19,24.1000,24.2400,22.1800,22.6800,9.6482,7874561
2009-01-20,22.5700,23.5700,22.4900,22.8500,9.7205,6041533
2009-01-21,22.4600,23.3700,22.3000,23.0100,9.7886,6467868
2009-01-22,23.5300,23.8500,22.7000,22.7800,9.6908,4655050
2009-01-23,22.5700,22.7500,21.1500,21.8600,9.2994,8452501
2009-01-26,21.8000,22.8300,21.7000,22.4100,9.5334,6007746
2009-01-27,22.3700,22.6100,21.7900,22.1600,9.4270,4930300
2009-01-28,22.3600,22.9300,22.2600,22.8600,9.7248,5692816
2009-01-29,22.7500,23.9000,22.6400,23.6300,10.0524,7137198
2009-01-30,23.5800,23.9000,22.5500,22.7200,9.6652,6059099
2009-02-02,22.3300,22.6200,21.6300,22.2600,9.4696,4253742
2009-02-03,22.3000,22.6500,21.5500,22.5700,9.6014,5037145
2009-02-04,22.6800,24.5500,22.5300,24.3000,10.3374,7963477
2009-02-05,23.7000,24.1800,23.2500,24.0900,10.2480,5205624
2009-02-06,24.0300,26.1800,23.8800,26.1000,11.1031,8503477
2009-02-09,25.5600,26.3300,25.5200,26.2900,11.1839,5334100
2009-02-10,25.7000,25.9700,25.0200,25.0200,10.6437,5115986
2009-02-11,24.7700,24.9900,24.3500,24.9600,10.6181,4247423
2009-02-12,24.7500,24.7900,23.6500,24.0500,10.2310,5499378
2009-02-13,24.3200,25.1100,24.3100,24.5800,10.4565,4149826
2009-02-16,24.2500,24.8000,24.0500,24.4000,10.3799,2354718
2009-02-17,24.2600,24.2700,22.9300,23.2300,9.8822,4988119
2009-02-18,23.3200,23.6300,22.6600,23.2000,9.8694,3731119
2009-02-19,23.2500,23.3200,22.6300,22.9300,9.7546,4124424
2009-02-20,22.5000,22.6800,21.7400,21.7400,9.2483,8351433
2009-02-23,22.1900,22.4900,21.2400,21.4500,9.1250,6068845
2009-02-24,21.1500,21.9600,20.8000,21.7200,9.2398,6571706
2009-02-25,22.0500,22.2900,20.5300,21.0700,8.9633,6434880
2009-02-26,21.9400,23.2200,21.3200,22.6200,9.6227,11891274
2009-02-27,22.4000,22.4800,21.2900,21.9600,9.3419,9277721
2009-03-02,21.5200,21.6600,20.8200,20.9900,8.9293,6716907
2009-03-03,21.0500,21.3000,20.6200,20.7100,8.8102,4772401
2009-03-04,21.0000,22.3600,20.9300,22.2500,9.4653,7995020
2009-03-05,21.9000,21.9500,20.7500,20.8000,8.8485,6259736
2009-03-06,20.7000,21.3700,20.1700,20.7400,8.8229,7492144
2009-03-09,20.8400,20.8700,20.0700,20.7700,8.8357,5094148
2009-03-10,20.6900,23.0800,20.6300,22.7200,9.6652,9782911
2009-03-11,22.6600,23.9800,22.4100,23.7400,10.0992,8974052
2009-03-12,23.1500,24.4900,23.0500,24.3300,10.3501,8854661
2009-03-13,24.7700,25.2600,24.1300,24.2600,10.3204,7155492
2009-03-16,24.6500,24.7800,23.9400,24.3100,10.3416,4456561
2009-03-17,23.9300,24.2900,23.6000,23.9600,10.1927,3807892
2009-03-18,24.1000,24.4000,23.2900,23.5500,10.0183,3778893
2009-03-19,23.4600,24.2700,23.4600,23.6500,10.0609,5137038
2009-03-20,23.2200,24.1600,23.1100,23.9500,10.1885,10169777
2009-03-23,24.6400,24.7000,23.8000,24.5600,10.4480,4839671
2009-03-24,24.8700,24.9300,24.3600,24.7900,10.5458,4517031
2009-03-25,24.8500,24.9300,23.7200,24.3300,10.3501,5519955
2009-03-26,24.1300,24.3900,23.7000,24.2600,10.3204,3882992
2009-03-27,24.2100,24.2100,23.4400,23.7900,10.1204,3361986
2009-03-30,23.3000,23.3500,22.2400,22.2400,9.4610,5684790
2009-03-31,22.3900,22.9000,22.3400,22.7900,9.6950,4086677
2009-04-01,22.6900,23.3400,22.1700,23.0800,9.8184,4510428
2009-04-02,23.7700,25.2200,23.7100,24.8300,10.5628,7495713
2009-04-03,24.9000,26.9800,24.5200,25.9600,11.0436,8554565
2009-04-06,26.1900,26.9000,25.3500,25.6900,10.9287,5716377
2009-04-07,25.8000,26.0000,24.7600,25.2100,10.7245,3975297
2009-04-08,24.6300,25.3500,24.5100,25.2400,10.7373,3779876
2009-04-09,25.6200,27.1800,25.3700,26.8900,11.4392,6391782
2009-04-14,26.7500,27.9900,26.5600,27.7200,11.7923,5520687
2009-04-15,27.1700,27.5400,26.8700,27.2300,11.5838,4599016
2009-04-16,26.9600,27.5100,26.7200,27.0700,11.5158,5149654
2009-04-17,27.0700,27.3900,26.7700,27.1400,11.5455,6598984
2009-04-20,26.7200,27.1300,25.8300,26.0600,11.0861,5073730
2009-04-21,26.0100,26.3300,25.1500,25.8600,11.0010,6319853
2009-04-22,25.6700,26.6200,25.3500,26.5000,11.2733,8175462
2009-04-23,26.0000,26.3000,25.3700,25.7900,10.9712,6457245
2009-04-24,26.0300,27.2000,25.8600,27.1300,11.5413,6206837
2009-04-27,26.6700,27.4700,26.3000,27.3100,11.6179,3890641
2009-04-28,27.0000,27.0400,26.2700,26.8200,11.4094,6194179
2009-04-29,26.5000,26.8900,26.1000,26.6100,11.3201,9811245
2009-04-30,28.2000,29.1500,28.1300,28.5700,12.1539,22489923
2009-05-04,27.7900,29.0500,27.1200,29.0500,13.2633,10732852
2009-05-05,28.9000,29.9200,28.7400,29.0000,13.2405,7747838
2009-05-06,28.6700,29.6800,28.6400,29.2200,13.3409,6380045
2009-05-07,29.0600,29.4800,28.6400,28.8300,13.1629,6267728
2009-05-08,29.1400,30.0500,29.0400,29.5200,13.4779,5961863
2009-05-11,29.4500,29.6400,28.7600,29.2000,13.3318,4478923
2009-05-12,29.3500,29.8900,29.0900,29.4100,13.4277,4597516
2009-05-13,29.5000,29.6300,27.2900,28.1300,12.8433,6832679
2009-05-14,28.0100,28.1200,27.0800,27.4000,12.5100,6707805
2009-05-15,27.6000,28.1500,27.2100,27.9000,12.7383,6454709
2009-05-18,27.5000,28.8500,27.2700,28.7300,13.1172,4267430
2009-05-19,29.2000,29.5000,28.7200,29.1000,13.2862,4028841
2009-05-20,28.9500,30.9600,28.9400,30.6900,14.0121,6609061
2009-05-21,30.2500,30.3500,29.5500,29.6900,13.5555,3400425
2009-05-22,29.6500,30.3900,29.3700,29.9300,13.6651,2793249
2009-05-25,30.0400,30.1300,29.1400,29.9700,13.6834,2232784
2009-05-26,29.7100,30.6300,28.8800,30.4800,13.9162,4377200
2009-05-27,30.7700,30.7700,30.0200,30.4300,13.8934,3632144
2009-05-28,30.0900,30.7000,29.4200,29.9400,13.6697,4503580
2009-05-29,30.4800,30.4900,29.5900,29.7500,13.5829,4945705
2009-06-01,30.5300,32.1200,30.3700,31.8900,14.5600,5717020
2009-06-02,31.7500,32.1400,31.3200,31.9000,14.5646,4279574
2009-06-03,31.8300,31.9900,31.5300,31.7800,14.5098,3801867
2009-06-04,31.6800,32.2400,31.1000,31.3000,14.2906,4408340
2009-06-05,31.7400,32.2500,31.3200,31.3400,14.3089,5029335
2009-06-08,31.1800,31.3400,30.4300,30.9000,14.1080,3523065
2009-06-09,30.9800,31.1500,30.6000,30.7900,14.0578,3272537
2009-06-10,31.2500,31.6400,30.8600,31.0400,14.1719,3529064
2009-06-11,30.9200,31.6000,30.9000,31.4500,14.3591,2513481
2009-06-12,32.0300,32.1000,31.2300,31.5900,14.4230,3493071
2009-06-15,31.2200,31.3800,30.6600,30.8200,14.0715,4346277
2009-06-16,30.8000,30.9000,30.3100,30.4400,13.8980,4545041
2009-06-17,30.2900,30.4200,28.9200,29.2800,13.3683,6626506
2009-06-18,29.1500,29.4000,28.3300,28.9800,13.2314,6400314
2009-06-19,28.8800,29.3600,28.7000,29.0300,13.2542,12004118
2009-06-22,29.0300,29.1100,28.0500,28.0800,12.8205,4779193
2009-06-23,27.8000,28.6600,27.4000,28.0000,12.7839,6511875
2009-06-24,28.2500,29.0800,27.8600,28.8800,13.1857,3764029
2009-06-25,28.8000,28.8500,27.5500,28.1700,12.8615,4288542
2009-06-26,28.2900,28.6600,27.7500,28.0200,12.7931,3721356
2009-06-29,28.0200,29.2700,28.0200,29.1200,13.2953,3504982
2009-06-30,29.1700,29.6200,28.2800,28.3300,12.9346,4219828
2009-07-01,28.4100,29.2600,28.4100,29.1100,13.2907,2764604
2009-07-02,28.8100,28.8600,27.6100,27.6100,12.6059,4432329
2009-07-03,27.7000,28.0000,27.3300,27.6600,12.6287,2685264
2009-07-06,27.9500,28.1800,27.4600,27.6000,12.6013,4240109
2009-07-07,27.9900,28.2300,27.5100,27.5500,12.5785,4057988
2009-07-08,27.4600,28.0400,27.4000,27.5000,12.5556,4147897
2009-07-09,27.9000,28.2000,27.5700,27.7500,12.6698,3209508
2009-07-10,27.7000,28.3900,27.5800,27.6600,12.6287,3403889
2009-07-13,27.6600,29.1500,27.4500,29.0400,13.2588,4533317
2009-07-14,29.0500,29.8100,28.7100,29.6900,13.5555,4949748
2009-07-15,29.9000,31.0600,29.7900,31.0600,14.1810,5895878
2009-07-16,31.1700,31.8500,30.6700,31.5000,14.3819,5067354
2009-07-17,32.0000,32.0800,31.3000,31.7100,14.4778,4122257
2009-07-20,31.8000,32.4600,31.7200,31.9900,14.6056,3501686
2009-07-21,31.9000,33.4000,31.8000,32.7300,14.9435,5639157
2009-07-22,32.8000,33.4900,32.3800,33.2500,15.1809,3874420
2009-07-23,33.3000,34.5800,32.9700,34.4000,15.7060,5023248
2009-07-24,34.1800,34.8500,33.5100,34.2900,15.6558,5081447
2009-07-27,34.7000,34.9000,33.7000,33.9600,15.5051,4796798
2009-07-28,34.1800,34.8100,33.2200,33.8300,15.4457,5645623
2009-07-29,34.0000,34.9000,33.8500,34.8100,15.8932,4536058
2009-07-30,33.3500,34.2000,32.5500,34.2000,15.6147,10140200
2009-07-31,34.2000,35.4500,33.7700,35.1600,16.0530,7281948
2009-08-03,35.0000,36.4900,34.8000,36.1500,16.5050,4890506
2009-08-04,35.9700,36.0000,35.0000,35.6800,16.2904,3348537
2009-08-05,35.5200,36.0800,35.1800,35.6300,16.2675,3408500
2009-08-06,35.0000,35.8400,34.7900,35.0900,16.0210,4025236
2009-08-07,34.9500,35.4000,34.4100,35.2500,16.0941,3859566
2009-08-10,35.0700,35.3400,34.7000,35.2700,16.1032,2192378
2009-08-11,35.1900,35.5900,34.1100,34.5700,15.7836,3354407
2009-08-12,34.3600,34.7900,33.7300,34.5700,15.7836,3689742
2009-08-13,34.7900,36.1300,34.6500,36.0100,16.4410,5133794
2009-08-14,35.9500,36.3900,34.5500,34.7700,15.8749,4009402
2009-08-17,34.1700,34.6500,33.6100,33.9600,15.5051,4134435
2009-08-18,33.9900,34.4600,33.9400,34.4600,15.7334,2504055
2009-08-19,34.0000,34.6800,33.7200,34.4900,15.7471,2487614
2009-08-20,34.9700,35.5500,34.8100,35.4100,16.1671,3333065
2009-08-21,35.1000,36.3000,34.7800,36.2000,16.5278,5634128
2009-08-24,36.7000,37.2200,36.6000,36.7800,16.7926,3805850
2009-08-25,36.6200,38.4100,36.4400,38.1300,17.4090,5621335
2009-08-26,37.7500,37.8600,36.6200,36.8600,16.8291,4963098
2009-08-27,36.7600,36.8800,35.9400,36.3100,16.5780,3179909
2009-08-28,36.6300,37.5800,36.6100,36.9600,16.8748,3476674
2009-08-31,36.6500,36.7700,35.8900,36.3900,16.6145,2916595
2009-09-01,37.0000,37.4700,36.1300,36.1300,16.4958,5252359
2009-09-02,36.0700,36.2900,34.9600,35.9000,16.3908,4966777
2009-09-03,35.1200,35.3200,34.2800,34.5800,15.7882,6052487
2009-09-04,34.6600,35.2100,34.4600,34.9600,15.9616,3903894
2009-09-07,35.2700,36.2700,35.2000,35.9700,16.4228,3320633
2009-09-08,36.3900,36.6700,35.8700,36.4700,16.6511,2936451
2009-09-09,36.1200,36.5500,35.7200,36.4900,16.6602,3363612
2009-09-10,36.4900,36.7700,35.4900,35.9100,16.3954,3995726
2009-09-11,36.0500,36.4900,35.5600,36.1800,16.5187,3035445
2009-09-14,35.5500,35.8800,35.3200,35.8100,16.3497,3069959
2009-09-15,35.9500,36.4300,35.5200,35.9400,16.4091,2996944
2009-09-16,35.9000,36.8600,35.8900,36.5700,16.6967,3636853
2009-09-17,37.0100,37.0500,36.2300,36.5500,16.6876,3623306
2009-09-18,36.5900,37.9900,36.2700,36.9800,16.8839,10360403
2009-09-21,36.9600,37.0000,36.0800,36.4100,16.6237,3458381
2009-09-22,36.5900,37.2300,36.5800,36.8000,16.8017,3198686
2009-09-23,36.8000,37.3100,36.0200,36.4500,16.6419,3111148
2009-09-24,36.3200,36.7400,35.5100,35.7500,16.3223,3762392
2009-09-25,35.9300,35.9500,34.9500,35.2600,16.0986,3277704
2009-09-28,35.3900,36.3600,34.3800,36.3500,16.5963,4005075
2009-09-29,36.1400,36.5000,35.7400,36.0700,16.4684,3068056
2009-09-30,35.8500,36.5900,35.3800,36.2100,16.5324,4942254
2009-10-01,36.2500,36.5900,34.6600,34.7300,15.8566,4568153
2009-10-02,34.3000,34.8900,33.7600,34.1500,15.5918,5348938
2009-10-05,34.3200,34.9400,33.9400,34.6900,15.8384,3493942
2009-10-06,34.7000,36.1800,34.7000,36.1200,16.4913,5233913
2009-10-07,36.1300,36.6500,35.9000,36.2400,16.5461,3747196
2009-10-08,36.7300,37.6100,36.7300,37.4700,17.1076,5799076
2009-10-09,37.1900,37.7600,36.8300,37.4900,17.1168,4419178
2009-10-12,37.7100,38.6800,37.6100,38.3500,17.5094,3999418
2009-10-13,38.1400,38.5700,37.6200,37.8200,17.2674,3518135
2009-10-14,38.7700,40.6100,38.6200,40.6100,18.5413,11082390
2009-10-15,40.2800,40.4400,39.8000,40.1100,18.3130,4856457
2009-10-16,40.1500,40.5900,39.0700,39.4000,17.9888,5890794
2009-10-19,39.4500,40.8800,39.4500,40.8200,18.6371,3883169
2009-10-20,40.9200,40.9800,40.0200,40.0200,18.2719,3688650
2009-10-21,40.0400,40.4600,38.8900,40.4000,18.4454,4386138
2009-10-22,39.3000,39.6600,39.0000,39.5000,18.0345,4865538
2009-10-23,39.9900,40.1700,38.9600,39.1600,17.8792,3454267
2009-10-26,38.7500,39.6800,38.0500,38.2900,17.4820,4248579
2009-10-27,38.3000,38.6400,37.5200,38.2400,17.4592,3405975
2009-10-28,38.3200,38.5000,36.8600,37.0000,16.8931,6045471
2009-10-29,35.8000,37.5400,35.0000,37.4200,17.0848,5661282
2009-10-30,37.6000,37.8000,36.2000,36.5000,16.6648,6025457
2009-11-02,36.4000,36.8800,35.9200,36.4400,16.6374,4962493
2009-11-03,36.2000,36.7100,35.7600,36.2400,16.5461,4686945
2009-11-04,36.4700,37.2600,36.3700,36.9600,16.8748,3830668
2009-11-05,36.5100,38.0100,36.1100,37.8700,17.2903,4948411
2009-11-06,37.6200,37.9000,36.6700,37.5500,17.1442,4481641
2009-11-09,38.0500,38.5300,37.7000,38.5000,17.5779,3627564
2009-11-10,38.6000,39.0800,38.4700,38.7200,17.6784,2912371
2009-11-11,39.0700,39.8300,38.7800,39.3600,17.9706,3571094
2009-11-12,39.2900,39.9800,38.8000,39.4700,18.0208,3606185
2009-11-13,39.4100,39.9300,39.0200,39.7600,18.1532,2986300
2009-11-16,40.0100,41.2000,40.0100,41.0200,18.7285,5060902
2009-11-17,40.7700,40.9200,40.4300,40.5500,18.5139,3027981
2009-11-18,40.6500,41.2000,40.2500,40.2900,18.3952,4039660
2009-11-19,40.2000,40.4400,39.6900,39.8900,18.2125,2925959
2009-11-20,40.2300,40.5500,39.5000,39.8700,18.2034,4483298
2009-11-23,40.2600,41.7500,40.2300,41.4800,18.9385,3673682
2009-11-24,40.9100,41.9500,40.7400,41.2600,18.8380,3978201
2009-11-25,41.4800,41.9400,41.2000,41.9000,19.1302,2990180
2009-11-26,41.5000,41.6000,40.0300,40.2500,18.3769,4187135
2009-11-27,39.3500,41.0800,39.1100,40.5900,18.5321,4787197
2009-11-30,41.0600,41.0600,39.8000,40.1600,18.3358,3381669
2009-12-01,40.4200,41.0400,40.4000,40.9700,18.7056,4144369
2009-12-02,40.8000,41.8000,40.8000,41.6000,18.9933,4608280
2009-12-03,41.9600,42.5000,41.3200,41.4000,18.9020,4578051
2009-12-04,41.1800,42.3700,41.1800,41.8900,19.1257,3994099
2009-12-07,42.0000,42.8300,41.5900,42.5300,19.4179,3916753
2009-12-08,42.3000,42.5900,41.0100,41.2200,18.8198,4981905
2009-12-09,41.0700,42.1300,41.0500,41.6300,19.0070,4227619
2009-12-10,41.4600,42.6900,41.4600,42.2500,19.2900,3809143
2009-12-11,42.2500,43.4300,42.2300,43.0400,19.6507,5374859
2009-12-14,43.6000,43.8500,42.7600,42.9700,19.6188,3593127
2009-12-15,42.9500,43.1900,42.2900,43.0700,19.6644,3038247
2009-12-16,42.7900,43.8000,42.7100,43.7500,19.9749,3900906
2009-12-17,43.2000,43.6100,43.0800,43.1800,19.7146,3406154
2009-12-18,43.4000,43.8800,42.9000,42.9900,19.6279,11617157
2009-12-21,43.5700,43.6900,42.9800,43.5000,19.8608,2765941
2009-12-22,43.6000,44.0600,43.5000,43.5000,19.8608,2761050
2009-12-23,43.7000,44.0000,43.6400,43.8700,20.0297,1836143
2009-12-28,44.0700,44.1400,43.7200,43.9500,20.0662,1673127
2009-12-29,43.9400,44.0400,43.6700,43.8200,20.0069,1792555
2009-12-30,43.7400,43.8700,43.3700,43.4600,19.8425,1392063
2010-01-04,43.4600,44.8500,43.3500,44.8500,20.4771,3245626
2010-01-05,44.7650,44.8000,43.8850,44.1700,20.1667,3292371
2010-01-06,44.2200,44.6850,44.0350,44.4500,20.2945,2345128
2010-01-07,44.1700,44.3800,43.7550,44.1550,20.1598,2505352
2010-01-08,44.2500,44.4350,43.5950,44.0200,20.0982,3307737
2010-01-11,44.2850,44.4350,43.4200,43.5300,19.8745,3056004
2010-01-12,43.3800,43.4000,41.7600,41.9800,19.1668,6466876
2010-01-13,41.9000,42.4800,41.8000,42.3750,19.3471,3616959
2010-01-14,42.5350,42.7700,42.3500,42.4600,19.3859,3116127
2010-01-15,42.4100,42.9900,41.3750,41.5650,18.9773,5741081
2010-01-18,41.7500,42.4800,41.6400,42.3200,19.3220,4901157
2010-01-19,42.1200,42.9300,41.5650,42.8600,19.5685,2946624
2010-01-20,42.7000,42.7000,41.4050,41.4550,18.9271,3961520
2010-01-21,41.8350,42.2500,40.8350,40.9050,18.6760,4418912
2010-01-22,40.9050,41.1100,40.1300,40.4650,18.4751,5473362
2010-01-25,39.9650,40.3700,39.5100,40.0200,18.2719,3896364
2010-01-26,39.5550,39.9350,39.1150,39.9150,18.2240,6111070
2010-01-27,39.5000,40.7700,39.2200,40.3450,18.4203,5868149
2010-01-28,40.7700,41.3450,40.0250,40.0250,18.2742,5987430
2010-01-29,40.3000,41.5700,40.3000,41.2250,18.8221,4642233
2010-02-01,40.8100,41.8750,40.6000,41.7300,19.0526,4102769
2010-02-02,41.7350,42.0900,41.0200,42.0000,19.1759,3890993
2010-02-03,42.1400,42.7000,41.8050,42.1300,19.2353,4439295
2010-02-04,42.2400,42.2550,40.0900,40.2550,18.3792,6275027
2010-02-05,40.0000,40.1300,39.4100,39.4300,18.0025,7615068
2010-02-08,39.6250,40.2850,39.4000,40.0200,18.2719,4097113
2010-02-09,39.9400,40.4200,39.4600,40.0150,18.2696,4602107
2010-02-10,40.3700,40.9950,40.1800,40.4300,18.4591,3487089
2010-02-11,40.5200,40.8800,39.7200,40.2650,18.3837,3812138
2010-02-12,40.3250,40.7100,39.7500,40.2000,18.3541,2832632
2010-02-15,40.3800,40.8000,39.9950,40.2050,18.3564,1547491
2010-02-16,40.5200,40.8400,39.9250,40.8400,18.6463,2776808
2010-02-17,41.1200,41.9950,41.1200,41.5500,18.9704,4511905
2010-02-18,41.3400,42.1900,41.1000,42.0050,19.1782,3152656
2010-02-19,41.7950,42.1700,41.3500,42.0600,19.2033,4409343
2010-02-22,42.3400,42.3650,41.7850,41.8000,19.0846,2388307
2010-02-23,41.8000,42.2300,40.9650,41.2650,18.8403,3088964
2010-02-24,41.4500,41.4700,40.2100,40.6550,18.5618,5082353
2010-02-25,41.6800,42.7700,41.0000,41.1150,18.7718,9469167
2010-02-26,41.7500,42.1500,40.7750,41.2400,18.8289,4880666
2010-03-01,41.9500,42.3650,41.6900,42.1050,19.2238,4294797
2010-03-02,42.0100,42.2600,41.9000,42.1400,19.2398,4018387
2010-03-03,42.1000,42.3200,41.8000,42.2750,19.3015,4456819
2010-03-04,41.9500,42.2000,41.6000,41.7500,19.0618,3325805
2010-03-05,42.0100,43.1000,41.8650,43.1000,19.6781,4583765
2010-03-08,43.1200,43.4250,42.9550,43.2300,19.7375,3872531
2010-03-09,43.2300,43.4950,43.0100,43.2800,19.7603,2947073
2010-03-10,43.2000,44.3700,43.1600,44.0350,20.1050,4230054
2010-03-11,44.0400,44.4850,43.8500,44.2400,20.1986,4015373
2010-03-12,44.4400,44.7400,44.0800,44.2550,20.2055,3044030
2010-03-15,44.2000,44.3500,43.5550,43.7200,19.9612,2231274
2010-03-16,43.8900,44.4450,43.7700,44.1500,20.1575,2230930
2010-03-17,44.4000,44.6450,44.2800,44.5500,20.3401,2973704
2010-03-18,44.4400,45.0900,44.3500,44.7550,20.4338,3667089
2010-03-19,44.7750,45.0450,44.0800,44.3000,20.2260,9460686
2010-03-22,44.0000,44.7100,43.8500,44.7100,20.4132,2973216
2010-03-23,44.7500,45.1500,44.6600,44.9350,20.5159,3344323
2010-03-24,44.8350,44.9050,43.9500,44.8650,20.4840,3604753
2010-03-25,44.7500,45.4700,44.6650,45.3400,20.7008,3366876
2010-03-26,45.4400,45.4500,45.0200,45.2500,20.6597,3099878
2010-03-29,45.4300,45.8600,45.2700,45.5200,20.7830,2278269
2010-03-30,45.7000,46.2500,45.7000,45.7250,20.8766,3439919
2010-03-31,45.5450,46.1000,45.5450,45.9200,20.9656,3439514
2010-04-01,46.1500,47.0600,46.1500,47.0000,21.4587,4219381
2010-04-06,47.2450,47.2750,46.8900,47.0550,21.4839,2931539
2010-04-07,47.1000,47.1850,46.4000,46.6250,21.2875,2501895
2010-04-08,46.4800,46.4800,45.7400,46.2500,21.1163,2942254
2010-04-09,46.5200,46.9900,46.5100,46.9700,21.4450,2459048
2010-04-12,47.0700,47.1200,46.3700,46.9200,21.4222,2450176
2010-04-13,46.8400,46.9900,46.1500,46.6400,21.2944,3532677
2010-04-14,46.8700,46.9250,46.4400,46.6850,21.3149,2597979
2010-04-15,46.8500,47.0350,46.2500,46.5300,21.2442,3072287
2010-04-16,46.2200,46.8700,45.6750,45.9500,20.9793,7929150
2010-04-19,45.6450,46.0100,45.3150,45.6500,20.8424,3032199
2010-04-20,45.5100,46.2150,45.2200,46.1000,21.0478,4067925
2010-04-21,46.6000,47.2100,46.3100,46.4150,21.1916,5425982
2010-04-22,46.4900,47.2450,45.8750,46.1650,21.0775,4146123
2010-04-23,46.2700,47.7850,46.2600,47.7500,21.8012,5215181
2010-04-26,48.0000,48.7050,47.8500,48.5450,22.1641,5141208
2010-04-27,48.4100,48.8350,47.1050,47.1050,21.5067,6550482
2010-04-28,46.8400,47.1850,45.1500,46.4000,21.1848,16027895
2010-04-29,46.8000,46.9500,44.6550,45.9250,20.9679,47076283
2010-04-30,44.3200,45.1150,43.7700,43.9800,20.8518,10496791
2010-05-03,43.9900,44.7500,43.5200,44.5950,21.1434,4687401
2010-05-04,44.7750,45.0800,42.9900,43.0650,20.4180,6584036
2010-05-05,42.9700,43.4500,42.2750,42.4950,20.1477,7560845
2010-05-06,42.2950,43.4100,42.0100,42.5500,20.1738,6682981
2010-05-07,41.2300,42.6700,40.2600,41.0000,19.4389,11909221
2010-05-10,42.0000,43.7950,41.7700,43.7400,20.7380,10671557
2010-05-11,43.4300,43.5900,42.4900,43.5650,20.6550,5336487
2010-05-12,43.5600,45.1900,43.0500,45.0000,21.3354,6984682
2010-05-13,45.6000,46.2000,45.5300,45.6750,21.6554,4167050
2010-05-14,46.0250,46.3050,43.9450,44.3800,21.0414,7108733
2010-05-17,43.8950,45.4900,43.8200,44.6800,21.1837,4593404
2010-05-18,45.5600,45.8700,44.9800,45.5000,21.5724,4653109
2010-05-19,45.0900,45.1400,43.3300,43.7900,20.7617,7239614
2010-05-20,44.0100,44.2200,41.6000,42.3700,20.0884,8615544
2010-05-21,42.2200,42.3500,40.9950,42.0000,19.9130,33610868
2010-05-24,42.1400,42.4050,41.4000,41.8750,19.8538,3688161
2010-05-25,40.4300,40.9550,39.9400,40.7050,19.2990,7107155
2010-05-26,41.2200,42.4000,40.9200,41.5600,19.7044,6047819
2010-05-27,42.0000,43.5200,41.7500,43.3050,20.5317,6701906
2010-05-28,43.6000,43.6600,42.7350,42.8500,20.3160,4256592
2010-05-31,42.7250,43.4400,42.5400,43.0600,20.4156,1766857
2010-06-01,42.6000,43.4100,41.7500,43.0350,20.4037,4227430
2010-06-02,42.5500,43.1800,42.2650,42.8100,20.2971,3699805
2010-06-03,43.8800,44.1250,43.5400,43.5400,20.6432,3435215
2010-06-04,43.9900,44.6200,42.6400,42.7400,20.2639,5203919
2010-06-07,42.2400,43.2850,42.0000,42.8050,20.2947,3689066
2010-06-08,43.3400,43.3400,42.3100,43.1000,20.4345,4724078
2010-06-09,43.3200,44.4000,42.9000,44.2000,20.9561,4449760
2010-06-10,43.9800,45.4150,43.8900,44.7900,21.2358,4436476
2010-06-11,44.9950,45.2200,44.0700,44.8900,21.2832,3562112
2010-06-14,45.2550,45.9100,45.1100,45.7500,21.6910,3641535
2010-06-15,45.4400,46.1850,45.3000,45.9000,21.7621,3238542
2010-06-16,46.2500,46.6900,46.0350,46.4550,22.0252,4094392
2010-06-17,46.2500,46.8350,46.1100,46.5600,22.0750,3410293
2010-06-18,46.5600,46.7400,46.0100,46.2150,21.9114,9018111
2010-06-21,47.0900,47.3100,46.6200,46.8950,22.2338,3284256
2010-06-22,46.5000,47.0400,46.3100,46.7400,22.1603,3007692
2010-06-23,46.5450,47.5200,46.4000,46.8300,22.2030,4030011
2010-06-24,47.3100,47.5350,46.1400,46.2600,21.9328,3918792
2010-06-25,46.3350,46.7900,45.7000,46.1600,21.8854,3352578
2010-06-28,46.2000,47.5450,46.1000,47.5450,22.5420,3665365
2010-06-29,46.8500,46.9000,45.0300,45.2900,21.4729,5856174
2010-06-30,45.4200,45.7050,44.8150,45.1100,21.3875,4472614
2010-07-01,44.4400,45.1550,43.8300,43.9000,20.8138,5339799
2010-07-02,44.0600,44.8850,43.8000,43.8400,20.7854,3620255
2010-07-05,43.6700,43.7950,43.1750,43.3450,20.5507,2236531
2010-07-06,43.7000,45.2600,43.5250,44.5800,21.1362,3768102
2010-07-07,44.1600,44.5650,43.3550,44.5000,21.0983,3907229
2010-07-08,44.6800,45.3000,44.5700,45.0100,21.3401,4300449
2010-07-09,45.6000,45.9200,45.2400,45.7450,21.6886,2627438
2010-07-12,45.8450,46.3900,45.7750,46.0300,21.8237,2224946
2010-07-13,45.6400,46.8400,45.5150,46.5000,22.0465,3719881
2010-07-14,46.5600,46.9500,46.0150,46.3600,21.9802,2894480
2010-07-15,46.2700,46.8000,45.7650,45.8700,21.7479,3295419
2010-07-16,46.0900,46.8200,44.9000,44.9600,21.3164,5028767
2010-07-19,44.9500,45.3550,44.2150,44.4950,21.0959,3606020
2010-07-20,44.7200,44.9350,43.4100,44.2000,20.9561,3178115
2010-07-21,44.6000,45.2200,44.3850,44.4400,21.0699,2754056
2010-07-22,44.2800,46.0750,44.0000,45.9900,21.8048,3780823
2010-07-23,46.0900,46.9950,45.7500,46.7100,22.1461,3411527
2010-07-26,46.9200,46.9550,46.2300,46.7400,22.1603,1881637
2010-07-27,47.0000,47.0650,45.7900,46.1100,21.8616,4053778
2010-07-28,46.3400,46.3950,45.0400,45.3300,21.4918,3541471
2010-07-29,46.2500,46.4100,44.1900,44.3800,21.0414,5064941
2010-07-30,44.3900,44.9900,43.6400,44.8100,21.2453,4259240
2010-08-02,45.4650,46.5200,45.3350,46.3150,21.9588,3213094
2010-08-03,45.9000,46.1950,45.4400,45.9000,21.7621,2976759
2010-08-04,45.7500,46.7300,45.4950,46.4500,22.0228,2474624
2010-08-05,46.5400,46.5400,45.3550,45.5650,21.6033,4506274
2010-08-06,45.6700,46.2950,44.5050,44.7450,21.2145,5272398
2010-08-09,45.5000,45.8500,45.4300,45.7550,21.6933,3229132
2010-08-10,45.4800,45.7500,45.0000,45.3450,21.4989,2579671
2010-08-11,44.9200,44.9500,43.9800,44.3100,21.0082,3695459
2010-08-12,44.1500,44.9800,44.1350,44.5650,21.1291,2964229
2010-08-13,44.9350,45.0000,43.5900,43.8000,20.7664,3884069
2010-08-16,43.8500,44.1350,43.1100,43.6600,20.7001,2562641
2010-08-17,43.6950,44.7500,43.6300,44.7000,21.1931,3254952
2010-08-18,44.5000,44.8750,44.1200,44.4750,21.0865,2497212
2010-08-19,44.8800,44.8950,43.3500,43.4700,20.6100,3965534
2010-08-20,43.5000,43.7350,42.4450,42.5500,20.1738,4704778
2010-08-23,42.5600,43.0750,42.3700,42.7350,20.2615,2741004
2010-08-24,42.3650,42.4750,41.5000,41.9000,19.8656,3544440
2010-08-25,41.8750,42.1150,40.7400,41.3450,19.6025,4455190
2010-08-26,41.8000,42.3700,41.6550,41.9450,19.8869,3330454
2010-08-27,41.7400,42.1600,41.1500,42.0250,19.9249,2529994
2010-08-30,42.2150,42.2150,41.4200,41.6250,19.7352,1524577
2010-08-31,41.0200,41.6350,40.9200,41.6350,19.7400,3528488
2010-09-01,41.7100,43.1350,41.2650,43.0000,20.3871,4344895
2010-09-02,42.9400,43.2400,42.8000,43.0250,20.3990,2708548
2010-09-03,43.0500,43.7950,42.9900,43.3400,20.5483,2751691
2010-09-06,43.3700,43.4600,43.2500,43.3850,20.5697,1482119
2010-09-07,43.1600,43.3400,42.5400,43.0000,20.3871,2329679
2010-09-08,42.8900,43.1500,42.0900,43.0900,20.4298,3146244
2010-09-09,42.8550,43.7900,42.7250,43.5050,20.6266,2637358
2010-09-10,43.4900,43.7850,43.3700,43.6950,20.7167,1966012
2010-09-13,44.1000,44.8750,43.9650,44.6900,21.1884,3187610
2010-09-14,44.8700,45.3600,44.7250,45.1650,21.4136,3208594
2010-09-15,45.0200,45.2700,44.6200,45.0200,21.3449,2852872
2010-09-16,44.8100,45.2200,44.7100,45.2000,21.4302,2840716
2010-09-17,45.6400,45.8800,44.6600,44.7700,21.2263,7995024
2010-09-20,45.0450,45.5450,44.8700,45.4550,21.5511,2603067
2010-09-21,45.4200,45.9900,45.2750,45.2750,21.4658,2580521
2010-09-22,45.7000,46.2200,44.6600,45.5750,21.6080,6491813
2010-09-23,46.1600,46.5250,45.1700,45.6250,21.6317,4923656
2010-09-24,45.6000,46.9850,45.4650,46.9150,22.2433,4015976
2010-09-27,47.0000,47.1000,46.4900,46.5950,22.0916,2448127
2010-09-28,46.6350,47.0500,45.8000,46.8700,22.2220,3381164
2010-09-29,47.0000,47.3000,46.1850,46.4600,22.0276,2891358
2010-09-30,46.2300,47.2800,45.9200,46.2550,21.9304,3576911
2010-10-01,46.7000,47.4950,46.5500,46.8700,22.2220,5102070
2010-10-04,46.8700,47.0300,45.8800,46.4600,22.0276,3619101
2010-10-05,46.5000,47.3300,46.0500,47.2450,22.3998,3846373
2010-10-06,47.5000,48.5050,47.3350,48.5050,22.9972,6105739
2010-10-07,48.2600,48.3350,47.5850,47.7700,22.6487,4117238
2010-10-08,47.6100,48.8100,47.5950,48.7300,23.1038,3714189
2010-10-11,48.5950,48.8000,48.3850,48.6000,23.0422,2310006
2010-10-12,48.3900,48.5750,47.6400,48.4800,22.9853,2974297
2010-10-13,48.9500,50.1900,48.7350,49.7050,23.5661,5284355
2010-10-14,49.7100,50.2500,49.6400,50.1400,23.7724,3306332
2010-10-15,50.3000,50.9700,50.1200,50.9700,24.1659,7649748
2010-10-18,50.6900,51.1900,50.5700,51.0300,24.1943,2719131
2010-10-19,51.0000,51.3400,50.2300,50.6400,24.0094,3155107
2010-10-20,51.6500,51.9300,50.6400,51.9300,24.6210,4973223
2010-10-21,51.9300,52.8000,51.8500,52.8000,25.0335,4225551
2010-10-22,52.5000,53.3500,52.3000,52.7700,25.0193,3297527
2010-10-25,53.0000,53.3900,52.8600,53.1100,25.1805,1992847
2010-10-26,52.9700,53.2600,52.3700,52.6900,24.9813,3490799
2010-10-27,52.6600,52.8700,52.0100,52.2200,24.7585,2968603
2010-10-28,52.3500,52.6600,51.2500,52.3700,24.8296,3696527
2010-10-29,52.2900,52.7000,52.0800,52.2800,24.7870,3182209
2010-11-01,52.5000,53.0200,52.2000,52.5700,24.9245,2466032
2010-11-02,52.4500,54.2700,52.3900,54.2300,25.7115,3505615
2010-11-03,54.3200,54.4500,53.9100,54.0900,25.6451,2707255
2010-11-04,54.5000,56.7200,54.4200,56.1500,26.6218,5913109
2010-11-05,56.0800,57.7000,56.0000,57.1700,27.1054,4782114
2010-11-08,57.0000,57.0500,56.5700,56.7500,26.9063,2173953
2010-11-09,56.5000,57.6700,56.3500,57.4100,27.2192,2976544
2010-11-10,57.3000,57.3400,55.8600,56.0900,26.5934,4005842
2010-11-11,56.4000,56.9800,56.1700,56.6300,26.8494,2760439
2010-11-12,55.5800,56.3700,55.0200,56.1200,26.6076,3618228
2010-11-15,55.7700,57.3900,55.6700,57.1800,27.1101,2807978
2010-11-16,56.7000,56.8600,54.9800,54.9800,26.0671,3331704
2010-11-17,54.5500,55.5200,54.4300,55.4900,26.3089,2445877
2010-11-18,55.8000,57.2600,55.7400,57.2600,27.1481,2986462
2010-11-19,57.2000,57.5400,56.6000,57.4000,27.2145,3795153
2010-11-22,57.8500,58.2000,57.5200,57.8200,27.4136,2872319
2010-11-23,57.4000,57.9300,56.6800,56.6800,26.8731,3064974
2010-11-24,56.9500,58.6900,56.8100,58.6700,27.8166,3407033
2010-11-25,58.5000,59.2900,58.2300,59.1800,28.0584,1871326
2010-11-26,58.8000,58.8200,57.6400,58.3600,27.6696,2884827
2010-11-29,58.4000,59.1300,56.2900,56.2900,26.6882,4159196
2010-11-30,56.4000,57.6300,56.3400,57.5000,27.2619,4562132
2010-12-01,57.6100,59.2600,57.6100,59.2600,28.0963,3828962
2010-12-02,59.2600,59.9500,58.3500,59.9500,28.4235,3603945
2010-12-03,59.6500,60.0000,59.0500,59.1900,28.0631,2735496
2010-12-06,59.5100,60.2500,59.5000,60.0200,28.4566,2334961
2010-12-07,60.1000,61.8500,60.1000,61.1500,28.9924,3318705
2010-12-08,60.9000,61.4800,60.5500,60.9800,28.9118,3001827
2010-12-09,61.2200,61.7400,59.9500,60.3900,28.6321,4044391
2010-12-10,60.7500,61.0300,60.3200,60.5000,28.6842,1887683
2010-12-13,60.9800,61.0000,60.5300,60.6900,28.7743,2252803
2010-12-14,60.5800,60.9700,60.5600,60.9500,28.8976,1739542
2010-12-15,60.8800,61.5800,60.1400,61.5100,29.1631,3076783
2010-12-16,61.7200,61.7500,61.0300,61.7300,29.2674,1819678
2010-12-17,61.6800,61.8800,60.8300,60.8300,28.8407,6779716
2010-12-20,60.7600,61.8700,60.7300,61.0500,28.9450,2097282
2010-12-21,61.1400,61.8300,61.1400,61.7100,29.2579,1999588
2010-12-22,61.6000,61.8000,61.2600,61.6100,29.2105,1672279
2010-12-23,61.4000,61.7200,61.0200,61.4200,29.1204,1035243
2010-12-27,61.5000,61.5000,60.1400,60.6600,28.7601,1202579
2010-12-28,60.8100,60.9700,60.4500,60.6000,28.7316,741857
2010-12-29,60.8500,61.3900,60.7300,61.3500,29.0872,1347123
2010-12-30,61.3500,61.4100,59.5800,59.7000,28.3049,1579351
2011-01-03,60.4400,60.9500,60.2300,60.4200,28.6463,1831574
2011-01-04,60.4000,60.4900,58.5200,58.8000,27.8782,3651993
2011-01-05,58.6000,58.7800,56.2100,57.8900,27.4468,7682592
2011-01-06,58.1800,58.9700,57.6200,57.9400,27.4705,2545263
2011-01-07,57.8500,58.1000,56.8900,57.1000,27.0722,2999454
2011-01-10,56.9900,58.1400,56.6800,56.7800,26.9205,3420695
2011-01-11,57.1300,57.2800,56.5000,57.0700,27.0580,3318516
2011-01-12,57.3200,58.6000,57.2500,58.5700,27.7692,3334959
2011-01-13,58.7500,59.2100,57.0900,58.4200,27.6981,3815497
2011-01-14,58.1300,58.2400,56.9100,57.5700,27.2951,3551711
2011-01-17,57.3000,57.8300,56.9100,57.1500,27.0959,2139542
2011-01-18,57.3300,57.6500,57.1700,57.4100,27.2192,2421069
2011-01-19,57.2400,57.7200,55.6800,55.9500,26.5270,4221033
2011-01-20,56.0400,56.7700,55.1500,55.6500,26.3847,4111893
2011-01-21,55.9300,56.6800,55.1600,56.6400,26.8541,5684905
2011-01-24,56.6800,56.8200,54.2700,55.9300,26.5175,4157841
2011-01-25,55.9300,57.3800,55.2000,56.1200,26.6076,4382972
2011-01-26,56.3900,57.5500,56.1700,57.2200,27.1291,2985694
2011-01-27,57.4000,58.2200,57.2100,57.4100,27.2192,3643482
2011-01-28,57.1800,57.3900,56.0900,56.2900,26.6882,2900603
2011-01-31,56.3000,56.7200,55.7500,56.1800,26.6360,2474427
2011-02-01,56.5000,58.0600,56.3400,58.0000,27.4989,3919829
2011-02-02,57.7100,58.5500,57.3900,58.0400,27.5179,3706112
2011-02-03,57.9300,58.1300,57.1900,57.7700,27.3899,2719742
2011-02-04,58.0900,58.2400,57.1200,57.3500,27.1907,2634155
2011-02-07,57.4300,58.6200,57.0100,58.4500,27.7123,2965134
2011-02-08,58.1800,58.3800,57.5200,57.6900,27.3520,2867691
2011-02-09,57.8500,58.2400,57.6000,57.8200,27.4136,2057746
2011-02-10,57.6200,58.5900,57.5000,58.5300,27.7502,2489901
2011-02-11,58.3800,58.5800,57.5900,58.0400,27.5179,2594184
2011-02-14,58.3000,59.4900,58.2300,59.4900,28.2054,2736067
2011-02-15,59.6700,60.7300,59.6000,60.5600,28.7127,3698618
2011-02-16,61.3000,61.4800,60.3000,60.3000,28.5894,3293943
2011-02-17,60.6200,61.1000,60.1900,60.9700,28.9071,2789979
2011-02-18,61.3500,61.5400,60.7700,61.5400,29.1773,3463230
2011-02-21,61.3100,61.4200,59.6900,59.9000,28.3998,3227543
2011-02-22,59.0000,60.0200,58.3200,59.4900,28.2054,3908801
2011-02-23,59.0900,59.9000,58.6900,58.7500,27.8545,3444665
2011-02-24,58.2500,59.6200,58.0800,59.0000,27.9730,4070904
2011-02-25,59.3500,59.4900,58.8800,59.1800,28.0584,2478183
2011-02-28,59.1500,60.5900,58.9600,60.2600,28.5704,3086972
2011-03-01,61.0000,61.5500,59.5600,59.8200,28.3618,3050371
2011-03-02,59.2900,60.6200,59.1000,60.3300,28.6036,2822308
2011-03-03,60.8000,61.4900,60.4600,60.9600,28.9023,2621267
2011-03-04,61.0700,61.6800,60.1800,60.6000,28.7316,2574172
2011-03-07,60.4700,62.0000,60.2800,61.2600,29.0446,3057347
2011-03-08,61.5200,61.5600,59.3000,59.9600,28.4282,3712915
2011-03-09,60.2700,60.5600,59.2100,59.3900,28.1579,3118685
2011-03-10,59.0000,59.1800,57.8700,58.7300,27.8450,3300815
2011-03-11,58.0500,58.8000,57.6100,58.3900,27.6838,3435108
2011-03-14,57.8000,58.3800,57.2700,57.7800,27.3946,3186537
2011-03-15,56.2500,56.2900,53.3000,55.4600,26.2947,11642525
2011-03-16,56.0000,56.1400,53.6300,53.9600,25.5835,5601836
2011-03-17,54.4800,55.8700,53.4200,55.3100,26.2235,5195545
2011-03-18,56.3000,56.8100,55.9500,56.2500,26.6692,10957997
2011-03-21,56.8500,57.6100,56.5500,56.9300,26.9916,4487840
2011-03-22,57.1700,57.2900,56.2100,56.4600,26.7688,2586647
2011-03-23,56.1400,56.4800,55.4100,56.4700,26.7735,2971564
2011-03-24,56.9500,58.5800,56.8000,58.3700,27.6743,4118244
2011-03-25,59.0700,59.2000,58.3500,59.0300,27.9873,3242120
2011-03-28,59.0000,59.5000,58.6900,59.0900,28.0157,1897663
2011-03-29,59.0000,59.4000,58.1000,59.2700,28.1011,2713335
2011-03-30,59.8100,60.8100,59.8100,60.4600,28.6653,3635818
2011-03-31,60.6800,61.5000,60.5500,61.0300,28.9355,3952076
2011-04-01,61.2800,62.0800,61.2800,61.8900,29.3432,3076090
2011-04-04,61.9500,62.2900,61.7600,61.9500,29.3717,1905494
2011-04-05,61.9500,62.5000,61.3200,62.2800,29.5281,2804422
2011-04-06,62.6900,63.6300,62.1900,63.4300,30.0734,3240352
2011-04-07,63.6000,63.6400,62.9100,63.1100,29.9217,2639465
2011-04-08,63.4300,64.1000,63.3100,63.8300,30.2630,3088785
2011-04-11,63.9500,64.4500,63.1800,64.4100,30.5380,3032814
2011-04-12,63.4000,63.6500,62.3900,62.5900,29.6751,4371726
2011-04-13,62.7000,63.4100,62.5900,63.0500,29.8932,2963497
2011-04-14,62.8600,63.3900,62.4000,62.9700,29.8553,2744483
2011-04-15,63.2000,64.1700,63.0500,64.0500,30.3674,5133683
2011-04-18,64.1500,64.2100,61.9600,62.2600,29.5187,3506273
2011-04-19,62.5800,62.8800,62.1900,62.3300,29.5519,2137861
2011-04-20,63.7000,65.3000,63.5000,65.3000,30.9600,4505346
2011-04-21,65.9900,66.5000,65.6000,65.8600,31.2255,3434472
2011-04-26,66.0000,66.6000,65.4100,66.6000,31.5764,2980747
2011-04-27,66.8500,67.9300,66.5700,67.8300,32.1595,3958523
2011-04-28,68.6200,69.3900,67.9200,68.5600,32.5056,4357935
2011-04-29,68.7500,69.4900,68.2800,69.4000,32.9039,2447989
2011-05-02,69.7000,70.2200,68.6200,68.6200,32.5341,2581386
2011-05-03,68.4200,68.9200,67.8000,68.6200,32.5341,3222011
2011-05-04,67.6600,69.2700,66.3300,66.5900,31.5716,5339447
2011-05-05,67.0000,67.5200,65.2200,66.0000,31.2919,24301717
2011-05-06,66.6100,68.4100,65.3400,68.4100,32.4345,29200156
2011-05-09,66.4100,66.7200,65.4000,65.6400,32.1553,6632252
2011-05-10,65.9000,66.9900,65.7000,66.3000,32.4786,3496604
2011-05-11,66.7000,66.7000,64.7200,64.8700,31.7781,4039995
2011-05-12,64.0500,64.2200,62.7500,64.1400,31.4205,4711897
2011-05-13,64.7200,65.4800,63.9600,64.0600,31.3813,3283288
2011-05-16,63.7000,64.4800,63.2000,64.3900,31.5429,2930229
2011-05-17,63.9700,64.2800,62.3600,62.4000,30.5681,4198689
2011-05-18,62.9600,63.4500,62.6700,63.0800,30.9012,3243902
2011-05-19,63.5900,64.6600,63.4200,63.5800,31.1461,3663148
2011-05-20,63.8600,64.5000,62.0100,62.6600,30.6955,13407826
2011-05-23,61.5000,61.9800,60.5600,61.2300,29.9949,4552334
2011-05-24,61.3600,62.5700,61.2000,61.6900,30.2203,3002403
2011-05-25,60.8000,61.5200,60.3200,61.1700,29.9655,4014507
2011-05-26,61.8400,62.3400,60.5000,60.8300,29.7990,3740474
2011-05-27,61.5500,61.9700,60.7600,61.3000,30.0292,2783020
2011-05-30,61.6000,62.5000,61.5000,61.9200,30.3329,1705427
2011-05-31,63.0000,64.6300,63.0000,64.2600,31.4793,5749166
2011-06-01,64.7000,64.7000,63.0000,63.4100,31.0629,3318160
2011-06-02,62.6200,62.7200,61.4600,61.4600,30.1076,2244029
2011-06-03,61.7800,62.4900,61.0200,62.4200,30.5779,3445591
2011-06-06,62.4200,63.4200,62.1600,62.8600,30.7934,2590477
2011-06-07,63.1200,63.4400,62.4300,62.6000,30.6661,2684785
2011-06-08,62.2900,62.5000,61.1500,62.2400,30.4897,3079360
2011-06-09,62.3000,64.4300,62.0400,64.0000,31.3519,3624012
2011-06-10,63.8100,64.5200,62.9900,63.1500,30.9355,3692231
2011-06-13,63.3300,63.6700,62.5000,63.1900,30.9551,1254374
2011-06-14,63.7800,64.7200,63.7800,64.5300,31.6115,2928840
2011-06-15,64.4200,64.8300,63.0400,63.1000,30.9110,3328638
2011-06-16,62.2500,62.8500,61.9000,62.8500,30.7885,4199147
2011-06-17,62.6300,64.3200,61.7500,63.2900,31.0041,8911349
2011-06-20,62.4400,62.9400,61.9700,62.8000,30.7640,3041172
2011-06-21,63.4300,65.2000,63.3200,65.2000,31.9397,3865519
2011-06-22,65.3000,65.7000,64.8600,65.2700,31.9740,3065439
2011-06-23,65.0000,65.3000,63.8200,64.4400,31.5674,3383147
2011-06-24,65.1900,66.0000,64.1100,64.2900,31.4939,3685427
2011-06-27,63.8200,63.9300,63.1500,63.6800,31.1951,3290599
2011-06-28,64.2500,64.8900,63.7700,64.7200,31.7046,2771945
2011-06-29,65.3500,66.6400,65.1800,66.3100,32.4835,3849372
2011-06-30,66.2900,67.5700,66.2900,67.5700,33.1007,3454836
2011-07-01,67.8800,68.1000,67.0000,67.8400,33.2330,3037494
2011-07-04,67.8500,68.2800,67.5600,67.7000,33.1644,1654319
2011-07-05,67.5100,68.6100,67.3600,67.8000,33.2134,3130310
2011-07-06,67.9400,68.4500,67.2900,68.4500,33.5318,3318280
2011-07-07,68.7500,69.0900,68.5000,68.7500,33.6788,2903141
2011-07-08,69.0000,69.8000,68.1700,68.3700,33.4926,3635523
2011-07-11,67.8900,68.3300,66.5700,66.9500,32.7970,4006465
2011-07-12,65.3000,67.0900,64.7300,67.0000,32.8215,5482013
2011-07-13,67.0000,68.4000,66.8200,68.2300,33.4241,3343257
2011-07-14,67.6200,68.8700,67.6000,68.5000,33.5563,3347376
2011-07-15,68.1600,68.4000,67.4300,67.9100,33.2673,5169439
2011-07-18,67.5500,68.1000,67.0400,67.4300,33.0322,3268018
2011-07-19,67.6100,68.4400,66.9700,67.0000,32.8215,3660837
2011-07-20,67.3700,68.1000,65.7300,66.2000,32.4296,5173542
2011-07-21,66.3000,67.1700,65.4800,66.7600,32.7039,4126530
2011-07-22,67.2100,67.3700,65.8500,66.5700,32.6109,2849831
2011-07-25,65.9800,67.5900,65.8400,67.3400,32.9881,2800821
2011-07-26,67.6000,67.8600,66.6100,66.7500,32.6990,2358518
2011-07-27,66.2500,66.9300,65.7500,65.8600,32.2631,4357074
2011-07-28,62.3500,63.0900,61.8500,63.0900,30.9061,9132404
2011-07-29,62.5000,63.7500,62.2200,63.2200,30.9698,4776285
2011-08-01,64.5000,64.9000,61.2100,61.2100,29.9851,6005572
2011-08-02,60.5500,61.3000,59.7100,60.1500,29.4659,5683186
2011-08-03,58.8400,60.0900,57.5600,58.5100,28.6625,7181814
2011-08-04,59.4500,59.8600,56.1300,56.6300,27.7415,8479631
2011-08-05,53.6500,56.4600,52.6200,53.9900,26.4483,14846442
2011-08-08,52.8400,53.5400,50.5300,50.9900,24.9786,11890210
2011-08-09,50.7600,52.7400,46.9250,52.1100,25.5273,14928292
2011-08-10,54.5900,54.6500,49.2000,49.5300,24.2634,12889172
2011-08-11,51.3000,52.7100,48.9200,52.2300,25.5861,11515134
2011-08-12,52.2500,54.5400,50.9300,54.1500,26.5266,7542741
2011-08-15,55.1500,55.4100,54.1800,54.3200,26.6099,4568160
2011-08-16,53.7900,54.0000,52.4700,53.9800,26.4434,4365468
2011-08-17,53.2400,54.0500,52.3800,53.5000,26.2082,4138760
2011-08-18,52.6500,52.7000,49.7300,50.5200,24.7484,8795215
2011-08-19,50.1300,50.3300,47.7500,48.6000,23.8078,10009378
2011-08-22,47.9150,48.9900,47.3100,47.8400,23.4355,5635564
2011-08-23,48.4400,49.6000,47.5250,48.2800,23.6511,5109854
2011-08-24,48.3000,50.7700,47.9000,49.8950,24.4422,6051328
2011-08-25,50.5000,51.0200,46.8200,48.2500,23.6364,7619010
2011-08-26,48.2500,48.3400,46.1000,47.6250,23.3302,7029617
2011-08-29,48.5700,49.3000,47.9050,48.3600,23.6903,3182868
2011-08-30,48.5450,48.6800,47.1150,48.0250,23.5262,4821569
2011-08-31,48.1500,50.3700,47.9000,49.6700,24.3320,7048357
2011-09-01,49.6050,49.7000,47.9900,48.8250,23.9181,6017203
2011-09-02,47.7800,47.9400,46.3000,47.0650,23.0559,6103952
2011-09-05,45.6600,45.9200,43.8900,44.4550,21.7773,7306412
2011-09-06,44.4450,45.6200,43.9500,44.4000,21.7504,6734391
2011-09-07,45.7300,46.4400,45.1600,46.2500,22.6566,5423198
2011-09-08,46.0000,47.1650,45.4550,46.6150,22.8354,5400397
2011-09-09,45.8100,46.2800,43.9150,44.2000,21.6524,6479348
2011-09-12,42.6900,43.8250,42.1900,43.6600,21.3879,7313135
2011-09-13,44.2250,45.2200,42.3800,44.6750,21.8851,6720929
2011-09-14,44.0000,46.4550,44.0000,46.3800,22.7203,7481028
2011-09-15,47.0800,48.4500,46.4600,47.8100,23.4208,6736434
2011-09-16,48.4250,48.6550,47.0550,47.4300,23.2347,11621504
2011-09-19,46.4850,46.9350,45.6800,46.4750,22.7669,4436573
2011-09-20,46.1850,48.1850,46.0550,47.8300,23.4306,4257516
2011-09-21,47.5850,47.9550,46.1200,46.4200,22.7399,4274641
2011-09-22,45.0550,45.3000,44.0100,44.3500,21.7259,6871955
2011-09-23,44.8250,45.0450,42.4700,44.2700,21.6867,6975473
2011-09-26,43.2250,46.3400,43.1800,45.4000,22.2402,5850435
2011-09-27,46.7500,47.3000,46.0000,47.0100,23.0289,7548163
2011-09-28,46.5900,47.5600,45.6700,46.5150,22.7865,4562690
2011-09-29,46.2100,47.5350,46.0300,47.2400,23.1416,4023759
2011-09-30,47.0000,47.1400,45.4750,46.0850,22.5758,4738044
2011-10-04,44.3150,44.3550,43.0300,44.0000,21.5544,5616118
2011-10-05,45.0650,47.1500,44.6550,46.8150,22.9334,6082483
2011-10-06,47.1150,49.0200,46.8000,49.0050,24.0062,6926019
2011-10-07,49.1700,50.4100,48.2750,49.4900,24.2438,5309341
2011-10-10,49.9200,51.6800,49.0450,51.0600,25.0129,4184308
2011-10-11,50.9600,51.1000,49.6450,50.3000,24.6406,5008677
2011-10-12,50.1800,51.6700,49.6300,51.0400,25.0031,4389482
2011-10-13,50.6600,51.2800,49.8700,50.5500,24.7631,4249661
2011-10-14,50.8600,51.8800,50.4400,51.3100,25.1354,4234350
2011-10-17,52.0000,52.7500,50.0500,50.5000,24.7386,4875499
2011-10-18,49.7550,51.4900,49.4850,50.8700,24.9198,3462610
2011-10-19,51.2600,51.5800,49.7000,50.1000,24.5427,3990366
2011-10-20,49.3850,49.9950,48.8250,49.1050,24.0552,5943682
2011-10-21,49.3800,51.0400,48.4350,50.7900,24.8807,6056825
2011-10-24,51.3500,51.9700,50.3800,51.6300,25.2922,3392624
2011-10-25,51.3700,52.6600,50.7700,51.8500,25.3999,4661413
2011-10-26,51.8500,52.2000,50.0500,50.6000,24.7876,4465581
2011-10-27,52.5500,54.4500,51.9800,54.3700,26.6344,8739245
2011-10-28,54.9400,55.5000,54.7200,54.9900,26.9381,5744533
2011-10-31,54.3000,54.5600,53.1900,53.1900,26.0564,4152434
2011-11-01,51.3800,51.7000,50.2000,50.8500,24.9101,6957831
2011-11-02,51.5200,51.8600,50.4500,51.5000,25.2285,4208330
2011-11-03,50.3200,53.8500,49.9400,53.3300,26.1249,6325632
2011-11-04,53.7700,53.7900,50.8500,51.3200,25.1403,5101166
2011-11-07,50.4200,51.2300,49.5100,50.4100,24.6945,4501392
2011-11-08,50.5000,52.3700,50.3500,50.7900,24.8807,4033002
2011-11-09,51.3500,51.8600,49.2500,49.9700,24.4790,5113383
2011-11-10,48.9000,51.0900,48.6350,50.2000,24.5916,4516646
2011-11-11,50.0200,52.1600,49.9250,51.6000,25.2775,3335540
2011-11-14,51.9700,52.2800,50.6000,51.1900,25.0766,2870557
2011-11-15,50.5300,51.5600,49.6100,50.8900,24.9297,4091298
2011-11-16,50.4700,51.2000,49.6900,50.5800,24.7778,3717931
2011-11-17,50.2500,51.1500,49.5050,50.2600,24.6210,4320842
2011-11-18,49.7000,50.4100,49.4700,49.7250,24.3589,4632649
2011-11-21,49.4800,49.5100,47.8000,48.1450,23.5849,4843265
2011-11-22,48.7300,49.0300,47.3650,47.3650,23.2029,3859176
2011-11-23,46.8450,48.5200,46.5200,47.0800,23.0632,4816893
2011-11-24,47.4800,47.9200,46.3000,46.4400,22.7497,3875323
2011-11-25,46.3650,47.6800,46.0550,47.2400,23.1416,3753481
2011-11-28,47.9000,49.6250,47.7600,49.5300,24.2634,4416490
2011-11-29,49.5200,50.9900,49.1750,50.5600,24.7680,5173236
2011-11-30,49.8550,54.5800,49.8050,54.0400,26.4728,9102585
2011-12-01,53.8800,54.4600,52.8300,53.0600,25.9927,5875789
2011-12-02,54.1000,55.5000,53.8200,53.9800,26.4434,5066535
2011-12-05,54.6300,55.3500,53.9700,54.5600,26.7275,4187596
2011-12-06,53.9900,55.2900,53.9000,54.1100,26.5070,3852283
2011-12-07,55.1200,55.2300,53.1300,53.8800,26.3944,3785246
2011-12-08,54.5000,55.0600,53.0500,53.1400,26.0319,5754288
2011-12-09,52.6000,54.6600,52.4000,53.9000,26.4042,5827434
2011-12-12,53.4400,53.6200,51.6100,51.6100,25.2824,5260928
2011-12-13,51.8700,52.3700,50.7100,51.1000,25.0325,4143860
2011-12-14,50.9500,51.6700,50.4200,50.5800,24.7778,4850079
2011-12-15,50.9500,52.0800,50.6100,51.1300,25.0472,4778658
2011-12-16,51.8900,52.3400,51.1800,51.7100,25.3313,10576748
2011-12-19,51.1000,52.0200,50.7800,51.1500,25.0570,2929543
2011-12-20,51.0000,53.0900,50.5800,52.9000,25.9143,3524142
2011-12-21,53.4800,54.0400,52.0500,52.4000,25.6694,3368740
2011-12-22,52.7400,53.4700,52.4300,52.6300,25.7820,2917400
2011-12-23,53.2000,53.2800,52.4600,52.8300,25.8800,1431230
2011-12-27,53.0300,53.5500,52.9600,53.1700,26.0466,1032956
2011-12-28,53.0900,53.8400,52.3900,52.3900,25.6645,2359992
2011-12-29,52.7600,53.1700,52.3800,53.1700,26.0466,1861009
2011-12-30,53.2400,53.8900,52.8900,53.8900,26.3993,1515506
2012-01-02,53.6200,55.3000,53.6200,55.1400,27.0116,3446259
2012-01-03,55.7900,56.7900,55.5800,56.3500,27.6044,4003763
2012-01-04,55.9300,56.5700,55.8100,56.1600,27.5113,2712957
2012-01-05,56.4400,57.1400,55.8900,56.7500,27.8003,3367306
2012-01-06,56.7800,57.3800,55.3100,55.9200,27.3937,3592027
2012-01-09,55.8100,56.0000,55.1400,55.6700,27.2712,2890908
2012-01-10,56.5000,57.9900,56.3600,57.4900,28.1628,4654476
2012-01-11,57.6000,58.0000,57.0400,57.5000,28.1677,2945370
2012-01-12,57.5500,58.9500,57.3800,58.2000,28.5106,3797287
2012-01-13,58.8000,58.9100,56.7500,57.6200,28.2265,4359505
2012-01-16,57.1100,58.2300,56.8000,57.9200,28.3735,2709209
2012-01-17,58.8800,59.2700,57.9800,58.7900,28.7996,4247977
2012-01-18,58.5700,59.5800,58.1500,59.0300,28.9172,3987257
2012-01-19,59.1800,59.4300,58.4800,59.0100,28.9074,4199483
2012-01-20,59.0900,59.0900,58.2400,58.3900,28.6037,4839683
2012-01-23,58.1600,59.1900,57.5100,58.9500,28.8780,3080335
2012-01-24,58.6100,59.0800,58.2800,58.7200,28.7654,2907797
2012-01-25,59.1400,59.3000,58.7600,59.2500,29.0250,2728320
2012-01-26,59.7000,60.0600,59.2700,60.0000,29.3924,4371681
2012-01-27,59.6300,61.1000,59.6000,60.4800,29.6275,4231806
2012-01-30,59.9300,60.5900,59.7800,59.8100,29.2993,2815687
2012-01-31,60.2300,60.3900,58.6600,58.7800,28.7948,4872453
2012-02-01,59.0700,60.6600,58.9700,59.8900,29.3385,4970394
2012-02-02,60.1500,60.7800,59.5400,60.4800,29.6275,4077581
2012-02-03,60.4000,61.5800,60.2000,61.3200,30.0390,3144047
2012-02-06,61.3000,61.6300,60.6100,61.3500,30.0537,2013448
2012-02-07,61.4200,61.6000,60.1100,60.8700,29.8186,3103161
2012-02-08,61.1100,61.7300,60.3200,60.5600,29.6667,2551830
2012-02-09,60.5600,61.8500,60.4200,61.4200,30.0880,3870495
2012-02-10,60.5000,61.0800,59.6600,60.3800,29.5785,3139658
2012-02-13,60.5600,60.9300,60.0000,60.7300,29.7500,1864579
2012-02-14,60.7000,61.4600,60.5400,61.2300,29.9949,2782387
2012-02-15,61.8900,62.7200,61.7100,61.9800,30.3623,3449605
2012-02-16,61.5000,62.0000,61.0400,62.0000,30.3721,3628297
2012-02-17,62.6200,63.1100,62.2100,62.9800,30.8522,3970320
2012-02-20,63.5000,64.8000,63.3400,64.6600,31.6752,3037929
2012-02-21,64.5300,65.2100,64.2300,65.0000,31.8418,2919702
2012-02-22,64.8200,65.1000,63.3200,64.1500,31.4254,3578858
2012-02-23,64.0500,65.4600,63.7000,64.5800,31.6360,4291299
2012-02-24,65.7500,66.4800,64.3300,64.7000,31.6948,6017091
2012-02-27,64.8200,66.1400,64.3800,65.8100,32.2386,3543775
2012-02-28,66.3000,66.7000,65.5100,66.5200,32.5864,3948234
2012-02-29,67.0000,67.4800,65.7800,65.9000,32.2826,4194763
2012-03-01,65.6600,67.2400,65.6100,67.2400,32.9391,4172368
2012-03-02,67.0800,67.2500,66.2200,66.6400,32.6452,2247086
2012-03-05,65.7500,66.3200,65.0800,65.6500,32.1602,3070853
2012-03-06,65.2500,65.4000,62.4000,62.4200,30.5779,5663619
2012-03-07,62.5000,63.2100,62.2400,63.0100,30.8669,3470118
2012-03-08,63.5200,65.2000,63.3900,64.8800,31.7830,4825897
2012-03-09,65.0700,65.7300,64.8200,65.2200,31.9495,2656369
2012-03-12,65.1000,65.6300,64.8800,65.5200,32.0965,1876634
2012-03-13,66.0000,66.7600,65.7800,66.6200,32.6354,2933954
2012-03-14,66.9100,67.1400,66.0600,66.6900,32.6697,2974774
2012-03-15,66.6000,67.5000,66.4300,67.4400,33.0371,3165496
2012-03-16,67.3900,68.3800,67.1700,67.9800,33.3016,9944820
2012-03-19,67.6200,67.9700,66.7800,67.4200,33.0273,2028206
2012-03-20,67.8800,68.6300,66.9200,67.2300,32.9342,3219346
2012-03-21,67.6000,68.0300,66.7000,67.2500,32.9440,2472937
2012-03-22,66.9400,67.2100,65.2900,65.9200,32.2924,4835579
2012-03-23,65.9800,66.7000,64.5800,65.8500,32.2581,2945959
2012-03-26,66.0100,67.3800,65.7300,67.0700,32.8558,2311392
2012-03-27,67.4700,68.2400,67.0000,67.2000,32.9195,2572178
2012-03-28,67.0500,67.5300,65.8300,65.9800,32.3218,2518966
2012-03-29,65.8000,66.0500,64.1700,64.9600,31.8222,3808931
2012-03-30,65.2800,65.7600,64.9200,65.5900,32.1308,2761249
2012-04-02,65.5900,66.6200,65.1300,66.6100,32.6305,2854765
2012-04-03,66.9000,66.9500,65.6100,65.6900,32.1798,2245401
2012-04-04,65.2000,65.4600,63.4300,63.5500,31.1314,3902421
2012-04-05,63.8000,64.1300,62.5100,63.4800,31.0972,3924525
2012-04-10,62.7500,63.8600,62.0100,62.0100,30.3770,3845649
2012-04-11,61.8400,63.2900,61.3100,62.6900,30.7102,3402378
2012-04-12,62.8100,64.0000,62.3100,63.5500,31.1314,4241763
2012-04-13,63.5500,63.6700,61.1600,61.6300,30.1909,4298211
2012-04-16,61.7000,63.5000,61.5000,62.8600,30.7934,3476801
2012-04-17,63.2500,65.6300,63.1400,65.5700,32.1210,4624348
2012-04-18,65.3400,65.4200,64.3200,64.7200,31.7046,2674877
2012-04-19,65.1500,66.6000,64.8500,65.0100,31.8467,5311143
2012-04-20,65.3700,66.2600,65.2400,66.2000,32.4296,4653575
2012-04-23,65.6200,65.7700,63.2300,63.6700,31.1902,3982404
2012-04-24,64.2600,64.3400,63.0100,63.9300,31.3176,2953697
2012-04-25,64.3800,65.6600,63.9600,65.1900,31.9348,3926905
2012-04-26,65.5200,65.6900,64.4300,65.0000,31.8418,3728059
2012-04-27,63.5900,65.2500,62.9300,65.2500,31.9642,7224633
2012-04-30,63.4600,63.7300,62.1400,62.1900,31.6790,4592997
2012-05-02,62.7900,63.1500,60.7100,61.3100,31.2307,4581214
2012-05-03,61.7200,62.2300,60.3900,60.9200,31.0320,3638762
2012-05-04,60.7300,60.8200,59.1400,59.4900,30.3036,3573842
2012-05-07,58.0000,59.1500,57.6200,58.9800,30.0438,4294599
2012-05-08,58.9700,58.9700,56.8600,57.4600,29.2696,3970056
2012-05-09,57.7600,58.2400,56.4500,57.5700,29.3256,3999919
2012-05-10,58.0800,58.5000,57.0100,58.2100,29.6516,4550344
2012-05-11,57.9200,58.9700,57.3500,58.7600,29.9318,2771532
2012-05-14,58.0000,58.3300,57.0200,57.6900,29.3867,3003165
2012-05-15,58.0000,58.2500,56.6200,57.2900,29.1830,2913013
2012-05-16,56.8700,57.9900,56.3300,57.3400,29.2084,3623565
2012-05-17,57.5500,57.8000,56.5200,56.8200,28.9435,1978665
2012-05-18,56.2100,57.5600,56.0100,56.9400,29.0047,5064915
2012-05-21,56.9500,57.8600,56.5100,57.4700,29.2746,2666112
2012-05-22,58.0000,58.3800,57.5600,58.3200,29.7076,2865789
2012-05-23,57.7600,57.8300,56.3700,56.7800,28.9232,4043858
2012-05-24,57.4200,57.5700,56.3000,57.0800,29.0760,3768970
2012-05-25,57.1700,57.7200,56.2200,57.0500,29.0607,3208931
2012-05-28,57.7500,58.1800,56.9400,57.0100,29.0403,1942165
2012-05-29,57.7500,58.5900,57.3200,57.9500,29.5192,2701119
2012-05-30,57.5100,57.6700,56.3400,56.7900,28.9283,4171425
2012-05-31,56.7500,56.8300,55.7000,56.3800,28.7194,4694945
2012-06-01,56.3500,56.5000,53.6100,54.0600,27.5376,6719457
2012-06-04,53.2800,54.0500,52.8100,53.4800,27.2422,3377439
2012-06-05,53.7200,53.7400,52.6700,53.4500,27.2269,2663597
2012-06-06,54.0000,55.0500,53.6800,54.6600,27.8433,4018580
2012-06-07,54.9600,56.3600,54.7400,55.7500,28.3985,3978275
2012-06-08,55.2600,55.7400,54.9700,55.4700,28.2559,2750089
2012-06-11,56.7000,56.9100,54.9700,55.8300,28.4393,4145510
2012-06-12,55.6000,56.5200,54.9700,55.8300,28.4393,3266662
2012-06-13,56.1900,56.3800,54.9700,55.7900,28.4189,3370210
2012-06-14,55.7500,55.9300,54.7200,55.1000,28.0674,3887430
2012-06-15,55.6200,56.1900,55.4100,55.9100,28.4800,10158377
2012-06-18,56.7700,56.7700,55.6800,56.1000,28.5768,3484362
2012-06-19,56.2000,57.3800,56.0000,57.1900,29.1320,2689532
2012-06-20,57.0000,57.1300,56.5800,56.8700,28.9690,2349019
2012-06-21,56.5300,57.4300,56.3300,56.3500,28.7041,3710254
2012-06-22,55.4700,55.4900,53.9200,54.0900,27.5529,5414532
2012-06-25,53.8200,54.0000,52.3800,52.7400,26.8652,4281414
2012-06-26,52.9000,53.3100,52.6800,53.0500,27.0231,2644250
2012-06-27,53.1500,53.3500,51.9200,53.0900,27.0435,3673929
2012-06-28,53.2200,53.3400,51.1300,51.8900,26.4323,5054205
2012-06-29,53.6000,54.8700,53.0900,54.7000,27.8636,5544930
2012-07-02,54.7000,56.1700,54.4200,55.2500,28.1438,3717246
2012-07-03,55.4000,56.5000,55.3300,56.5000,28.7805,3066108
2012-07-04,56.4500,57.4400,56.3000,57.1000,29.0862,3014667
2012-07-05,57.0500,57.9000,56.3600,56.8900,28.9792,4169786
2012-07-06,56.8300,57.1200,56.0800,56.1000,28.5768,2856327
2012-07-09,55.9500,55.9900,55.2000,55.4600,28.2508,3128498
2012-07-10,55.6500,56.1000,54.6400,55.3800,28.2100,2857822
2012-07-11,55.2700,55.6700,54.6500,54.9700,28.0012,3045275
2012-07-12,54.6600,55.2500,54.1700,54.6600,27.8433,3153543
2012-07-13,55.0900,56.2200,54.6900,55.9600,28.5055,3000681
2012-07-16,56.1200,56.4900,55.7500,56.2500,28.6532,2213976
2012-07-17,56.5000,57.1500,56.3600,56.9100,28.9894,2767891
2012-07-18,57.0800,57.6700,56.4400,57.4600,29.2696,2618005
2012-07-19,57.8000,58.8400,57.7200,58.6100,29.8554,4370233
2012-07-20,58.5100,59.0500,57.8200,58.0100,29.5497,4805626
2012-07-23,57.2600,57.8400,55.7200,56.2400,28.6481,4230151
2012-07-24,56.3000,57.1400,55.8900,55.9900,28.5208,3128714
2012-07-25,55.7100,56.8700,55.5800,56.1600,28.6073,2043965
2012-07-26,55.8600,58.1400,55.2300,57.7600,29.4224,5579529
2012-07-27,57.9800,59.0600,57.5200,58.9400,30.0235,3871124
2012-07-30,59.4700,60.5000,58.7500,60.2400,30.6857,3665204
2012-07-31,60.0700,60.4800,59.4000,59.4800,30.2985,3241280
2012-08-01,59.2600,59.9800,58.6300,59.0800,30.0948,3799430
2012-08-02,59.1900,60.0000,57.4800,57.7500,29.4173,5793129
2012-08-03,57.6900,59.7500,57.5300,59.7100,30.4157,4685138
2012-08-06,59.9100,60.8500,59.7700,60.3800,30.7570,3833847
2012-08-07,60.4100,61.4300,60.1500,61.2100,31.1798,3161953
2012-08-08,60.6000,61.0200,60.3200,60.9400,31.0422,2428367
2012-08-09,61.1700,61.3500,60.1200,60.9900,31.0677,2938188
2012-08-10,60.7200,61.0000,60.3900,60.9300,31.0371,1743950
2012-08-13,60.7600,61.3000,60.1900,60.5100,30.8232,1682137
2012-08-14,60.9200,61.4300,60.9100,61.2600,31.2052,1467820
2012-08-15,61.0900,61.7600,60.7700,61.2100,31.1798,1930385
2012-08-16,61.4500,61.7400,60.9800,61.5200,31.3377,2733919
2012-08-17,61.8000,62.1700,61.3700,62.0500,31.6077,3853766
2012-08-20,62.0500,62.5200,61.9800,62.3000,31.7350,2029222
2012-08-21,62.5700,63.2800,62.4000,63.0400,32.1120,2271832
2012-08-22,62.5200,62.6500,62.1700,62.3200,31.7452,2578378
2012-08-23,62.7800,63.1900,61.4600,61.6800,31.4192,3214006
2012-08-24,61.6000,62.4000,61.2400,62.1300,31.6484,2227577
2012-08-27,61.9600,62.8300,61.6700,62.8200,31.9999,1348875
2012-08-28,62.4100,62.6900,62.0900,62.4500,31.8114,1687322
2012-08-29,62.5200,62.6000,61.7700,62.5200,31.8471,1677339
2012-08-30,62.2000,62.2000,60.9100,61.2200,31.1849,3151278
2012-08-31,61.0800,62.3400,61.0300,61.8100,31.4854,3084550
2012-09-03,61.6600,62.6400,61.5100,62.4400,31.8063,2359994
2012-09-04,62.5700,62.5900,61.3200,61.5100,31.3326,2015350
2012-09-05,61.5700,62.0000,60.3400,61.4300,31.2918,3215968
2012-09-06,61.5500,63.9000,61.4500,63.7700,32.4838,5553650
2012-09-07,63.9000,64.7400,63.6400,64.2000,32.7028,3716078
2012-09-10,63.9500,64.5000,63.8600,64.1300,32.6672,2687145
2012-09-11,63.9200,65.7200,63.8500,65.7200,33.4771,3484557
2012-09-12,65.9500,66.8000,65.2800,65.6600,33.4466,3767317
2012-09-13,65.6800,66.0000,64.7500,65.0000,33.1104,3344705
2012-09-14,66.4900,66.9800,66.1100,66.6300,33.9407,4385773
2012-09-17,66.3700,67.0800,66.1500,66.6500,33.9509,2537592
2012-09-18,66.3300,67.2400,65.6700,66.7800,34.0171,3224217
2012-09-19,67.1900,67.6200,66.6100,66.9500,34.1037,2846893
2012-09-20,66.3100,67.4600,66.0600,67.4400,34.3533,3425733
2012-09-21,67.6000,68.2900,67.1800,67.9000,34.5876,8029307
2012-09-24,67.5000,67.8900,67.2000,67.4800,34.3736,2352911
2012-09-25,67.5100,68.2500,66.9200,67.9000,34.5876,2413528
2012-09-26,67.1100,67.3700,66.4400,66.7200,33.9865,3469231
2012-09-27,67.0100,67.4000,66.3900,66.5500,33.8999,3119365
2012-09-28,66.7100,67.1600,65.6500,65.6500,33.4415,3307486
2012-10-01,65.6500,67.5000,65.6500,67.4600,34.3635,3346215
2012-10-02,67.0000,67.6100,66.5100,66.6100,33.9305,2299840
2012-10-04,67.2000,67.3500,65.3500,65.6000,33.4160,3580282
2012-10-05,65.9100,66.7500,65.3800,66.7400,33.9967,2886350
2012-10-08,66.3700,66.3900,65.4500,65.4700,33.3498,2277270
2012-10-09,65.6000,65.7000,64.1400,64.3800,32.7945,2941418
2012-10-10,64.0900,64.4300,63.7800,64.0800,32.6417,2380746
2012-10-11,64.1900,65.2000,63.9800,64.9500,33.0849,3148627
2012-10-12,64.9500,65.1200,64.3800,64.3800,32.7945,1951683
2012-10-15,64.4500,65.6300,64.3800,64.9000,33.0594,1974298
2012-10-16,65.2300,66.0900,65.1500,65.5800,33.4058,2558627
2012-10-17,65.5400,65.7100,65.0700,65.5000,33.3651,2418085
2012-10-18,65.6000,66.3400,65.4400,66.1700,33.7063,2597426
2012-10-19,65.9400,66.2300,65.6000,65.8700,33.5535,4229718
2012-10-22,65.9400,66.0000,64.9200,65.1500,33.1868,1922273
2012-10-23,65.4200,65.4200,62.1300,62.5000,31.8369,5216588
2012-10-24,63.0300,63.3700,62.0500,62.6600,31.9184,3768520
2012-10-25,63.8500,64.3900,63.1000,63.1800,32.1833,3902517
2012-10-26,62.8000,63.9600,62.4900,63.6800,32.4380,2079580
2012-10-29,63.4000,63.7700,63.0100,63.5700,32.3819,1472418
2012-10-30,63.6100,64.5700,63.6100,64.1000,32.6519,1490878
2012-10-31,64.1000,64.6900,63.9000,63.9300,32.5653,2833246
2012-11-01,63.8600,64.9200,63.6700,64.7000,32.9575,1697076
2012-11-02,64.6200,65.5500,64.5000,65.0900,33.1562,2174247
2012-11-05,64.5000,64.5500,64.0800,64.3600,32.7843,1863502
2012-11-06,64.3600,65.0600,64.2100,64.8700,33.0441,1569205
2012-11-07,65.3500,65.5300,63.3200,63.4700,32.3310,3264281
2012-11-08,63.7700,64.1900,63.0300,63.4200,32.3055,2599097
2012-11-09,63.6200,63.7900,62.1700,63.1700,32.1782,2744544
2012-11-12,63.1900,63.4600,62.5700,63.0600,32.1221,1598847
2012-11-13,62.7700,64.3200,62.7400,64.0900,32.6468,2792425
2012-11-14,63.9300,64.3300,63.4300,63.6300,32.4125,2179432
2012-11-15,63.0700,63.4400,62.6500,63.2000,32.1935,2601844
2012-11-16,63.2000,63.4300,62.3000,62.5000,31.8369,3467718
2012-11-19,63.2000,64.5100,62.8700,64.3500,32.7793,2430659
2012-11-20,64.3600,65.9300,64.1700,65.8000,33.5179,2582406
2012-11-21,65.6700,65.9900,65.2900,65.7800,33.5077,1813863
2012-11-22,66.0000,66.7700,65.8600,66.5800,33.9152,2542314
2012-11-23,66.7800,67.6700,66.4600,67.5400,34.4042,2171654
2012-11-26,67.1600,67.6900,67.0500,67.3900,34.3278,1587533
2012-11-27,67.6000,67.9900,67.3800,67.9000,34.5876,1905208
2012-11-28,67.6800,68.2700,67.2700,68.1100,34.6946,2128563
2012-11-29,68.5000,68.9800,68.4100,68.7600,35.0257,3039252
2012-11-30,68.2900,69.2200,68.2600,68.9000,35.0970,2408636
2012-12-03,69.0000,69.9900,68.9300,69.4700,35.3873,2814869
2012-12-04,69.3500,69.5800,68.7400,68.9500,35.1224,2287693
2012-12-05,69.4000,69.6900,68.9000,69.3000,35.3007,2398842
2012-12-06,69.7000,70.5500,69.5200,70.3300,35.8254,4181095
2012-12-07,70.4700,70.9300,69.5800,70.0100,35.6624,3279688
2012-12-10,69.6100,70.6700,69.5100,70.6100,35.9680,2268604
2012-12-11,70.7500,71.4800,70.4700,71.3000,36.3195,2622927
2012-12-12,71.4700,71.6500,70.8600,71.5500,36.4469,2580126
2012-12-13,71.8100,71.9300,70.9200,71.8100,36.5793,3181585
2012-12-14,72.0000,72.3300,71.8200,72.0400,36.6965,2202394
2012-12-17,72.0500,72.7600,71.7000,72.1400,36.7474,1924207
2012-12-18,72.4900,72.8500,72.2100,72.7700,37.0683,2365084
2012-12-19,72.9200,73.4100,72.6600,73.0900,37.2313,2861254
2012-12-20,72.8000,73.0000,72.1600,72.3000,36.8289,2739719
2012-12-21,71.7600,72.1500,71.0400,71.1700,36.2533,7610021
2012-12-27,71.1700,72.1300,71.0200,71.8000,36.5742,1773695
2012-12-28,71.7700,71.8900,71.0900,71.1500,36.2431,1148556
2013-01-02,72.6200,73.2200,72.2200,73.1800,37.2772,3250775
2013-01-03,72.9400,72.9400,72.1900,72.3500,36.8544,1913819
2013-01-04,72.1000,72.7600,71.8600,72.4700,36.9155,1871591
2013-01-07,72.1100,72.2500,71.5200,71.6400,36.4927,1921566
2013-01-08,71.3200,71.6800,70.9300,71.1400,36.2380,1845561
2013-01-09,71.4200,71.5000,70.3400,71.4100,36.3756,2034111
2013-01-10,71.4900,71.7500,70.7200,70.9200,36.1259,1787290
2013-01-11,70.8700,71.4000,70.5500,71.0000,36.1667,1695456
2013-01-14,71.2400,72.3000,71.1200,71.7600,36.5538,2308523
2013-01-15,71.3400,72.2900,71.2400,71.8600,36.6048,2471952
2013-01-16,71.8000,72.4200,71.3500,72.3500,36.8544,2620597
2013-01-17,72.1600,73.5100,72.0900,73.2000,37.2874,2646791
2013-01-18,73.5000,73.5200,72.9600,73.1700,37.2721,3065627
2013-01-21,73.3100,74.1100,73.3100,73.8100,37.5981,1530780
2013-01-22,73.7400,73.9000,72.3200,73.1100,37.2415,2444675
2013-01-23,73.3100,73.5400,72.7300,72.8600,37.1142,1815960
2013-01-24,72.6100,73.9100,72.2300,73.7900,37.5879,1722372
2013-01-25,73.6300,75.6900,73.6300,75.6000,38.5099,3231964
2013-01-28,75.1500,75.7400,74.8200,75.5800,38.4997,1966381
2013-01-29,75.5700,75.8700,75.0900,75.8100,38.6169,1703339
2013-01-30,75.9500,75.9500,74.5300,75.1000,38.2552,2138074
2013-01-31,74.9200,75.4900,74.6600,74.6600,38.0311,2658301
2013-02-01,74.9700,76.1700,74.8100,75.8500,38.6372,2374861
2013-02-04,75.5000,75.7200,73.1400,73.1400,37.2568,3589108
2013-02-05,73.3000,73.8700,73.1300,73.4600,37.4198,2581337
2013-02-06,73.7100,73.7100,71.4800,72.0900,36.7219,3175300
2013-02-07,72.1000,72.8500,71.3600,71.9400,36.6455,2816180
2013-02-08,71.9300,72.4400,71.7000,72.0800,36.7168,1843009
2013-02-11,72.1900,72.6500,71.3700,71.8500,36.5997,1418884
2013-02-12,71.5500,72.0800,71.2500,71.5100,36.4265,1885649
2013-02-13,71.7800,72.9000,71.4500,72.5300,36.9461,2152850
2013-02-14,72.2000,72.8400,71.3200,71.3200,36.3297,2243067
2013-02-15,71.4600,71.5100,70.7500,70.7500,36.0394,3014793
2013-02-18,70.9900,71.8500,70.5100,71.4500,36.3959,1846374
2013-02-19,71.1700,73.7900,71.1600,73.7900,37.5879,3520828
2013-02-20,73.7500,74.7900,73.6600,74.1200,37.7560,2788580
2013-02-21,73.4100,73.5200,72.1200,72.8000,37.0836,3384646
2013-02-22,73.0600,74.4500,72.8900,74.3200,37.8579,3054531
2013-02-25,74.7200,76.2000,74.3500,75.0100,38.2094,3888167
2013-02-26,72.4000,73.3400,71.4100,71.6600,36.5029,5564967
2013-02-27,72.2500,72.4100,71.1600,72.0900,36.7219,3554494
2013-02-28,72.5500,72.7200,71.6600,72.1800,36.7678,2983878
2013-03-01,72.0600,72.3700,70.8100,71.8300,36.5895,2492935
2013-03-04,71.2500,71.6800,70.6100,71.5700,36.4571,2500345
2013-03-05,72.0000,73.1000,72.0000,73.0500,37.2109,3022591
2013-03-06,73.2500,74.5300,73.2500,73.4800,37.4300,3192813
2013-03-07,73.3800,73.8000,72.7600,73.4000,37.3892,2125648
2013-03-08,73.5800,73.9200,72.9000,73.2800,37.3281,2256079
2013-03-11,73.3400,73.5800,72.9700,73.4800,37.4300,1498246
2013-03-12,73.1100,73.5700,72.8000,73.3600,37.3689,2096965
2013-03-13,73.3600,74.2300,73.1100,74.0200,37.7051,2094600
2013-03-14,74.3200,75.4300,74.2100,75.3200,38.3673,2918266
2013-03-15,75.4500,75.4800,73.9300,75.0900,38.2501,7026175
2013-03-18,73.4900,74.4000,73.1800,74.3200,37.8579,2739742
2013-03-19,73.9700,74.1000,72.8600,73.3500,37.3638,2803426
2013-03-20,73.4500,73.9300,72.9800,73.5400,37.4605,2448579
2013-03-21,73.0000,73.1400,70.7600,71.3000,36.3195,5478865
2013-03-22,71.0600,71.1600,70.3500,70.8000,36.0648,3772962
2013-03-25,71.7600,71.9000,69.3800,69.5700,35.4383,4041582
2013-03-26,69.7800,70.2400,69.2500,69.6200,35.4637,3039608
2013-03-27,69.8100,69.9800,67.3200,67.9800,34.6283,4331007
2013-03-28,67.9900,68.8900,67.7800,68.3200,34.8015,3367360
2013-04-02,68.3700,69.5200,68.2700,69.5200,35.4128,2629509
2013-04-03,70.4000,70.5700,69.1700,69.3000,35.3007,2782336
2013-04-04,69.5900,70.1400,68.6600,69.0000,35.1479,3017148
2013-04-05,69.1000,69.2800,66.5000,66.8700,34.0629,4720065
2013-04-08,67.3700,67.8500,66.5000,66.7000,33.9763,2773438
2013-04-09,67.4200,67.4400,66.6700,66.9100,34.0833,3305710
2013-04-10,67.1400,68.6400,66.8300,68.5000,34.8932,3487525
2013-04-11,68.4500,69.5800,68.2700,69.3100,35.3058,2661577
2013-04-12,69.5300,70.0100,68.2500,68.4000,34.8423,3296411
2013-04-15,68.6700,68.6700,67.3500,68.6300,34.9594,2944041
2013-04-16,67.8900,68.7000,67.6000,68.1200,34.6997,2911129
2013-04-17,68.3000,68.3700,65.1800,65.5500,33.3905,6290082
2013-04-18,65.8800,66.9700,65.4800,65.6300,33.4313,3877300
2013-04-19,66.2000,66.7100,65.3100,65.6300,33.4313,4887328
2013-04-22,66.4300,66.7600,65.4700,66.0400,33.6401,3136050
2013-04-23,65.9200,68.0100,65.2600,67.6600,34.4653,4717785
2013-04-24,67.8000,68.6400,67.6700,68.3500,34.8168,3396060
2013-04-25,68.6800,70.0000,68.3900,70.0000,35.6573,3694001
2013-04-26,71.0300,72.9900,70.6500,72.5900,36.9766,8523700
2013-04-29,70.0000,70.7300,69.4100,70.7300,37.3676,5349689
2013-04-30,71.5000,71.5800,70.4200,70.9200,37.4680,2623544
2013-05-02,70.8000,72.5000,70.3400,71.8000,37.9329,3666711
2013-05-03,71.6000,73.8600,71.0900,73.3400,38.7465,3353663
2013-05-06,73.1200,73.5100,72.3800,73.0000,38.5669,1774837
2013-05-07,72.9100,73.9700,72.7100,73.7600,38.9684,2342669
2013-05-08,73.3300,73.9800,73.0900,73.6300,38.8997,2319226
2013-05-09,73.2500,74.0700,72.9600,74.0600,39.1269,1293448
2013-05-10,74.0000,74.9700,73.4900,73.8100,38.9948,2552104
2013-05-13,73.5500,74.0000,72.6100,73.9900,39.0899,2209004
2013-05-14,74.1500,74.3900,73.1400,74.3000,39.2537,1992035
2013-05-15,74.0000,74.2500,72.8600,73.5800,38.8733,2606689
2013-05-16,73.5200,74.3800,73.4100,73.9800,39.0846,1950601
2013-05-17,73.9700,74.7000,73.5000,74.4200,39.3171,4919943
2013-05-20,74.7700,74.8200,73.6500,73.9400,39.0635,1371204
2013-05-21,74.3500,75.3600,73.7900,75.3500,39.8084,2977978
2013-05-22,75.0300,75.8600,74.5500,75.4100,39.8401,2753805
2013-05-23,73.9000,74.4500,73.1200,74.2600,39.2325,3134603
2013-05-24,74.5300,74.7900,72.6400,73.4500,38.8046,2800654
2013-05-27,73.4000,74.2400,73.4000,74.2200,39.2114,1022643
2013-05-28,74.5000,75.9300,74.4500,75.3000,39.7820,2702696
2013-05-29,74.5000,75.2300,73.8300,74.7000,39.4650,2492941
2013-05-30,74.2800,75.2700,73.8100,74.9900,39.6182,1745316
2013-05-31,75.5400,75.8200,74.1200,75.2300,39.7450,3279925
2013-06-03,74.7100,76.2500,74.1600,75.7900,40.0408,3375668
2013-06-04,76.2500,76.3900,74.7900,75.1000,39.6763,2664321
2013-06-05,74.4000,74.8000,72.7900,73.1200,38.6303,3414398
2013-06-06,73.0800,73.5300,71.3600,71.5800,37.8166,3447844
2013-06-07,71.9200,72.9800,70.3100,72.8300,38.4770,4257495
2013-06-10,72.8000,74.3600,72.4900,73.9000,39.0423,2518355
2013-06-11,73.4000,73.4700,72.1600,73.3600,38.7570,2804128
2013-06-12,73.3300,74.2700,72.6700,72.8700,38.4982,2957375
2013-06-13,71.8000,72.3400,71.0900,72.3400,38.2182,3393612
2013-06-14,73.0000,73.3900,72.6100,72.8100,38.4665,2386887
2013-06-17,73.0900,74.4100,73.0300,73.7200,38.9472,2444269
2013-06-18,73.3200,74.7500,73.1000,74.3600,39.2854,2053451
2013-06-19,74.7400,75.0600,73.7100,73.9000,39.0423,2561859
2013-06-20,72.3500,72.6100,70.7000,70.9300,37.4732,5588003
2013-06-21,71.4700,71.7000,69.5000,69.5000,36.7178,8932246
2013-06-24,69.3900,69.9200,67.8300,68.4200,36.1472,4481722
2013-06-25,69.1700,69.8000,68.6400,69.3200,36.6227,3230124
2013-06-26,69.5000,70.5000,68.9800,69.7200,36.8340,3432940
2013-06-27,67.9300,68.4500,67.3700,68.3300,36.0996,5657610
2013-06-28,68.5000,69.1800,68.1000,68.6300,36.2581,3978488
2013-07-01,68.8500,69.2200,67.1600,68.5900,36.2370,3491907
2013-07-02,68.8900,68.8900,67.8900,68.2500,36.0574,2142683
2013-07-03,67.8000,67.8200,67.0300,67.7700,35.8038,2803196
2013-07-04,68.3000,69.2100,67.5400,69.0400,36.4747,2895643
2013-07-05,69.4100,69.7900,66.9600,66.9600,35.3758,3943644
2013-07-08,67.4900,69.4000,67.3400,69.1000,36.5064,2774698
2013-07-09,69.3600,69.8700,68.8400,69.7200,36.8340,2084128
2013-07-10,69.4000,69.9600,68.7500,69.9500,36.9555,2234721
2013-07-11,70.9800,71.6900,70.8700,71.2000,37.6159,2688939
2013-07-12,71.3500,71.5000,70.1400,70.4600,37.2249,2495083
2013-07-15,70.5100,71.0400,70.3400,70.8000,37.4046,1477809
2013-07-16,70.8500,71.1300,69.9600,70.0900,37.0295,1505640
2013-07-17,70.0900,71.2300,69.4400,70.8300,37.4204,2289829
2013-07-18,70.3700,70.8000,69.8000,70.6800,37.3412,2632684
2013-07-19,70.3900,70.4000,69.6100,70.0000,36.9819,4338342
2013-07-22,70.2000,70.4800,69.8000,70.1700,37.0717,1834956
2013-07-23,70.2100,70.5400,69.5700,69.8000,36.8763,2126017
2013-07-24,70.0000,70.5600,69.1200,69.8600,36.9080,3028128
2013-07-25,67.8500,68.0000,66.3700,66.7400,35.2596,7057312
2013-07-26,67.2800,67.4500,65.5900,65.8700,34.8000,3940039
2013-07-29,66.0900,66.8500,66.0700,66.5200,35.1434,2425468
2013-07-30,67.0900,67.8900,67.0800,67.4400,35.6294,3020487
2013-07-31,67.1800,67.4900,66.2400,66.6600,35.2173,2716992
2013-08-01,67.1900,67.7800,67.1000,67.5900,35.7087,2147454
2013-08-02,67.8700,68.2100,67.4700,67.8800,35.8619,1853104
2013-08-05,68.1500,68.3000,65.9800,66.6600,35.2173,3587572
2013-08-06,66.3200,67.2000,65.6000,65.8100,34.7683,3730610
2013-08-07,65.6100,65.7500,64.6700,65.0200,34.3509,3106430
2013-08-08,64.7100,65.5900,64.6900,65.2000,34.4460,2471131
2013-08-09,65.2800,65.3200,64.0900,64.7900,34.2294,2990752
2013-08-12,64.9500,66.9000,64.5500,66.1100,34.9268,3723431
2013-08-13,66.8600,68.3300,66.8000,67.9300,35.8883,3707851
2013-08-14,68.1000,68.5700,67.7400,67.9000,35.8725,2323870
2013-08-15,67.9400,67.9900,66.9300,67.7900,35.8143,2136311
2013-08-16,67.7000,68.0800,67.3500,68.0100,35.9306,2678296
2013-08-19,68.3500,68.5200,67.5700,67.9800,35.9147,1877902
2013-08-20,67.5000,67.7700,67.0600,67.6200,35.7245,2057243
2013-08-21,67.6300,67.7000,66.5500,67.0400,35.4181,1880753
2013-08-22,66.9700,68.6600,66.9000,68.3100,36.0891,2838575
2013-08-23,68.3100,69.3500,67.8300,69.0300,36.4694,2276134
2013-08-26,69.1400,69.3200,68.4800,69.2400,36.5804,1125992
2013-08-27,68.7200,69.1500,67.8900,68.1000,35.9781,3098520
2013-08-28,67.8700,68.0800,66.3200,66.8400,35.3124,3437504
2013-08-29,66.8700,67.0500,66.0700,66.7500,35.2649,1939134
2013-08-30,66.5800,66.9800,66.0300,66.1300,34.9373,2629426
2013-09-02,67.0000,68.0400,66.9800,67.6000,35.7140,2024356
2013-09-03,67.6100,68.0100,66.7900,67.2300,35.5185,2103699
2013-09-04,67.6800,68.1100,66.7500,67.8700,35.8566,2000657
2013-09-05,67.9700,68.0500,66.7400,67.1100,35.4551,2924685
2013-09-06,66.7200,67.3100,65.8600,66.8500,35.3177,3205068
2013-09-09,67.0200,67.5800,66.8500,67.2600,35.5343,1686813
2013-09-10,67.9000,69.9200,67.7300,69.3900,36.6596,4590350
2013-09-11,69.4000,69.8500,69.1500,69.6200,36.7812,2072456
2013-09-12,69.7000,69.9900,69.2600,69.8200,36.8868,1812546
2013-09-13,69.7400,69.7900,69.3200,69.7900,36.8710,1899112
2013-09-16,70.6300,72.7600,70.5100,72.3400,38.2182,5503297
2013-09-17,72.3600,72.4900,71.8500,72.0800,38.0808,2187493
2013-09-18,72.0800,72.5000,71.7500,72.1600,38.1231,2012516
2013-09-19,73.3500,73.5800,71.9000,72.2500,38.1706,4085627
2013-09-20,72.3600,72.7800,71.9200,71.9900,38.0332,6257639
2013-09-23,72.0200,72.7400,71.3800,72.3000,38.1970,2608881
2013-09-24,72.3200,72.4800,71.8300,72.3500,38.2234,1561859
2013-09-25,72.1300,72.3700,71.5500,72.1900,38.1389,1908826
2013-09-26,72.3100,72.4300,71.5600,72.0900,38.0861,1919873
2013-09-27,72.0500,72.3400,70.8300,71.5300,37.7902,1995413
2013-09-30,70.5100,70.9200,69.8700,70.9000,37.4574,2633047
2013-10-01,71.3100,71.7800,70.7500,71.6300,37.8431,2366598
2013-10-02,71.4700,71.7300,70.9500,71.5400,37.7955,2185103
2013-10-04,71.0000,71.0100,70.2600,70.7600,37.3834,1575452
2013-10-07,70.4000,70.4200,69.1300,70.3700,37.1774,2314100
2013-10-08,69.9900,70.2900,69.7300,70.0500,37.0083,1782492
2013-10-09,70.2800,70.4300,69.5600,69.9000,36.9291,1955249
2013-10-10,70.3200,71.8500,70.0500,71.5700,37.8114,2796781
2013-10-11,71.3500,71.9300,71.2700,71.6900,37.8748,1703300
2013-10-14,71.4600,71.5500,71.0100,71.4500,37.7480,1359561
2013-10-15,71.7200,72.5600,71.7100,72.1700,38.1283,2399357
2013-10-16,72.1200,73.3900,71.8800,73.1100,38.6250,2803573
2013-10-17,73.0100,73.1500,72.5800,72.9500,38.5404,1922188
2013-10-18,73.3400,73.6000,72.7000,73.5100,38.8363,5816467
2013-10-21,73.2100,73.4800,72.7900,73.4800,38.8204,1846532
2013-10-22,73.2800,74.4900,73.2600,73.9700,39.0793,2833482
2013-10-23,73.7600,74.3600,73.5200,74.0500,39.1216,1946640
2013-10-24,74.5000,74.5400,73.5400,74.1900,39.1955,2186337
2013-10-25,74.6000,75.5700,74.4000,75.1700,39.7133,3611600
2013-10-28,75.5900,75.9200,75.2000,75.6900,39.9880,2107947
2013-10-29,75.8100,76.1400,75.3700,76.0400,40.1729,2055144
2013-10-30,76.0200,76.1500,75.5500,75.8300,40.0620,1887408
2013-10-31,75.8300,76.6300,75.3800,76.6300,40.4846,2994403
2013-11-01,76.6600,77.0000,75.9100,76.5800,40.4582,1776260
2013-11-04,76.6400,76.9700,75.9100,76.1000,40.2046,1864145
2013-11-05,76.2600,76.5800,75.3600,75.8300,40.0620,2454773
2013-11-06,75.9000,76.2300,75.5500,75.8500,40.0725,1758236
2013-11-07,75.5800,76.9400,75.1600,76.1700,40.2416,3067964
2013-11-08,75.6200,75.8000,75.1500,75.6800,39.9827,2699779
2013-11-11,75.7200,75.9500,75.3700,75.8700,40.0831,1596824
2013-11-12,75.8300,76.3600,75.5800,76.0900,40.1993,2135783
2013-11-13,75.9000,76.4700,75.5000,76.2600,40.2892,1913677
2013-11-14,77.0000,77.9400,76.8300,77.8200,41.1133,3205026
2013-11-15,77.6800,78.3500,77.5600,78.0000,41.2084,2929076
2013-11-18,77.7600,78.2000,77.2000,77.9600,41.1873,2150922
2013-11-19,77.8000,78.1500,77.0400,77.5300,40.9601,1982145
2013-11-20,77.2600,77.4700,76.8300,77.2000,40.7858,1974284
2013-11-21,76.7000,76.8500,76.1000,76.7500,40.5480,1869700
2013-11-22,76.7800,77.1700,76.0600,76.6400,40.4899,1649786
2013-11-25,76.8700,77.7600,76.8200,77.6900,41.0446,2252948
2013-11-26,77.8600,77.9200,77.3600,77.5100,40.9495,2122639
2013-11-27,77.6800,78.0900,77.3700,78.0000,41.2084,1393877
2013-11-28,77.8600,78.3700,77.8200,78.1800,41.3035,1219294
2013-11-29,78.1000,78.9100,77.9000,78.6000,41.5254,1760422
2013-12-02,78.8000,79.1800,78.7300,78.9700,41.7209,1949038
2013-12-03,78.9700,79.1200,77.0800,77.2600,40.8175,3322054
2013-12-04,77.4500,77.6600,74.2000,75.7200,40.0039,4870172
2013-12-05,75.2700,75.9700,74.9300,74.9600,39.6023,2410496
2013-12-06,75.1400,75.9800,74.7400,75.6400,39.9616,2178807
2013-12-09,76.2500,76.2500,75.2800,75.6200,39.9510,1941240
2013-12-10,75.3700,75.9200,74.6500,75.0900,39.6710,2147017
2013-12-11,74.8900,75.2600,74.2000,74.3600,39.2854,2202725
2013-12-12,73.7500,74.2600,71.5400,73.9400,39.0635,3513307
2013-12-13,73.9300,74.1700,73.4600,73.6500,38.9103,2082162
2013-12-16,73.4300,75.3300,73.3700,75.1700,39.7133,2977290
2013-12-17,74.9300,75.1500,74.2500,74.2500,39.2272,2282494
2013-12-18,74.9900,75.0400,74.2800,74.5100,39.3646,2691924
2013-12-19,75.3800,75.7200,74.8300,75.2500,39.7556,3829128
2013-12-20,75.5800,76.2400,75.3900,76.0100,40.1571,6577145
2013-12-23,76.6600,77.1800,76.5100,76.9000,40.6273,1863709
2013-12-27,77.7200,77.9900,77.4100,77.9500,41.1820,1712856
2013-12-30,77.9500,78.0300,77.4900,77.4900,40.9390,1312900
2014-01-02,78.4000,78.7200,76.2600,76.3800,40.3525,2960768
2014-01-03,76.3900,76.8500,76.0300,76.5700,40.4529,1707214
2014-01-06,76.2100,76.9900,76.0600,76.4200,40.3737,1749064
2014-01-07,78.4300,78.8600,78.2100,78.5200,41.4831,3974187
2014-01-08,77.9900,78.4200,77.4000,78.0000,41.2084,2642750
2014-01-09,77.7200,78.0600,76.5500,76.7200,40.5322,3067307
2014-01-10,77.3200,77.9800,77.0700,77.4000,40.8914,2154328
2014-01-13,77.9000,77.9100,76.9900,77.4900,40.9390,1784242
2014-01-14,76.6700,77.5700,76.2900,77.5700,40.9812,2302664
2014-01-15,77.7000,78.5100,77.0800,78.1800,41.3035,3309532
2014-01-16,78.6200,79.0700,78.0700,78.9900,41.7314,2794082
2014-01-17,79.1700,80.6000,79.0200,79.4900,41.9956,4689497
2014-01-20,79.2700,80.0900,78.9200,79.8600,42.1911,1616046
2014-01-21,80.3000,81.2700,79.7400,80.6100,42.5873,2743568
2014-01-22,80.9400,81.2200,79.9400,80.2200,42.3813,2077603
2014-01-23,79.9600,80.4600,79.2300,79.7400,42.1277,2646623
2014-01-24,80.0000,80.1500,77.5500,77.8100,41.1080,3847359
2014-01-27,77.8000,78.7200,77.1900,77.6100,41.0024,3239268
2014-01-28,78.2600,79.6400,77.6700,79.1300,41.8054,3385701
2014-01-29,79.9500,80.4200,77.9000,79.0000,41.7367,4363017
2014-01-30,79.1200,79.9900,78.6700,79.7300,42.1224,2748000
2014-01-31,79.4600,79.7500,78.1000,79.5300,42.0167,3952135
2014-02-03,79.8000,79.9200,77.6500,77.9900,41.2031,2844626
2014-02-04,77.6100,77.8500,75.8700,76.5900,40.4635,4193373
2014-02-05,76.4600,76.9300,75.7300,76.6500,40.4952,3059055
2014-02-06,76.9100,78.3100,76.3200,78.1700,41.2982,3876623
2014-02-07,78.2600,78.9500,77.6500,78.8200,41.6416,3114506
2014-02-10,78.8600,79.2500,78.1700,78.3200,41.3775,1795281
2014-02-11,78.5600,80.0500,78.5500,80.0400,42.2862,2602500
2014-02-12,80.0300,81.0800,79.8900,80.5700,42.5662,2392846
2014-02-13,80.0900,81.2600,79.8600,81.2600,42.9307,2243291
2014-02-14,81.3700,82.7400,81.2700,82.5100,43.5911,2861683
2014-02-17,82.4300,82.7400,82.2000,82.2000,43.4273,1224393
2014-02-18,82.2000,82.9200,81.9100,82.6300,43.6545,1897799
2014-02-19,82.4900,83.0700,81.7600,82.7500,43.7179,2071794
2014-02-20,81.4000,82.2400,81.0700,82.2400,43.4485,2880584
2014-02-21,82.4000,82.6200,81.8800,82.1700,43.4115,2385640
2014-02-24,82.0500,83.3700,81.6700,83.2600,43.9873,2151875
2014-02-25,83.8000,83.8000,81.7200,83.0800,43.8923,3579138
2014-02-26,82.9200,84.0300,82.4300,83.8100,44.2779,2623682
2014-02-27,84.0600,84.6300,81.6300,82.0000,43.3217,3676852
2014-02-28,82.4000,83.4200,82.1700,83.4200,44.0719,2853290
2014-03-03,80.3500,81.3100,79.9100,79.9700,42.2492,5004184
2014-03-04,81.0100,82.3200,80.5300,82.1900,43.4221,3307923
2014-03-05,81.8300,81.9400,81.1500,81.1700,42.8832,2051859
2014-03-06,81.7300,81.9500,80.5400,81.1500,42.8726,1902473
2014-03-07,81.0200,81.3000,79.6900,79.6900,42.1013,3436437
2014-03-10,79.2300,80.0100,78.8200,79.3400,41.9164,2317822
2014-03-11,79.5600,80.6200,78.7700,79.7300,42.1224,2209345
2014-03-12,79.1500,79.2300,77.7200,78.2000,41.3141,2915056
2014-03-13,78.3300,78.4800,75.6600,75.8600,40.0778,3908772
2014-03-14,75.2000,77.3400,74.6500,76.9200,40.6378,5260594
2014-03-17,77.0000,78.1100,76.4200,77.8200,41.1133,2460689
2014-03-18,77.5300,78.7500,76.7500,77.8300,41.1186,2943123
2014-03-19,78.0000,78.5200,77.6300,78.1900,41.3088,2612173
2014-03-20,77.4900,78.4200,76.2200,77.4900,40.9390,3646009
2014-03-21,77.5000,78.5600,77.4000,78.0000,41.2084,6642348
2014-03-24,78.0000,78.1700,76.0600,76.5000,40.4159,2985953
2014-03-25,76.5600,78.2500,76.5500,77.8500,41.1292,2390754
2014-03-26,78.3900,79.5400,78.1500,78.7900,41.6258,2149215
2014-03-27,78.5000,79.6000,78.2000,79.2000,41.8424,2133426
2014-03-28,79.7000,80.5300,79.6200,80.4100,42.4817,2418346
2014-03-31,80.9500,81.4400,80.5200,80.6800,42.6243,2539539
2014-04-01,81.2200,81.4700,80.4600,80.7200,42.6454,1700303
2014-04-02,80.6500,80.8800,79.9200,80.3700,42.4605,2037448
2014-04-03,80.3200,80.5200,79.7500,80.0300,42.2809,2069616
2014-04-04,80.2400,81.3400,80.1900,80.7700,42.6718,2504289
2014-04-07,79.7700,80.1700,78.6800,78.8900,41.6786,2607921
2014-04-08,78.9600,79.3300,78.4200,79.2500,41.8688,2321102
2014-04-09,79.0700,79.4800,78.6000,78.8400,41.6522,1789185
2014-04-10,79.3200,80.1700,78.9100,79.3100,41.9005,2876828
2014-04-11,78.5100,78.7000,77.3300,77.6200,41.0077,2940443
2014-04-14,77.0200,78.2500,76.9700,78.2100,41.3194,2260766
2014-04-15,77.9100,78.4700,76.7700,76.9800,40.6695,2501408
2014-04-16,77.7200,78.4200,77.4600,78.0700,41.2454,2326077
2014-04-17,78.5900,79.6100,78.1700,79.3600,41.9269,2537136
2014-04-22,80.1400,81.8500,79.7700,81.6100,43.1156,2607322
2014-04-23,82.0000,82.1600,81.3500,81.4700,43.0417,2085356
2014-04-24,81.9800,82.8000,80.4500,82.0700,43.3587,3410755
2014-04-25,81.2900,82.3600,80.6600,81.2000,42.8990,3463448
2014-04-28,81.4500,82.3200,80.7500,81.4400,43.0258,2413988
2014-04-29,81.8200,82.9400,81.6900,82.8100,43.7496,3053338
2014-04-30,82.8000,83.7800,82.7100,83.4300,44.0772,3462045
2014-05-02,83.7300,84.5600,82.9800,84.0100,44.3836,5203514
2014-05-05,81.3000,81.7100,80.1000,81.2800,44.3672,3637548
2014-05-06,81.5700,81.7100,79.9000,80.2100,43.7831,2956813
2014-05-07,79.5000,81.4200,79.2500,81.2400,44.3454,2799868
2014-05-08,81.3300,82.5600,81.0400,82.3900,44.9731,2862219
2014-05-09,82.0900,82.5100,81.7500,82.4300,44.9949,1928151
2014-05-12,82.4600,83.6700,82.2300,83.5000,45.5790,2133113
2014-05-13,83.8700,84.3000,83.2900,83.4900,45.5735,2436105
2014-05-14,83.5100,84.0100,83.0200,83.6900,45.6827,1977198
2014-05-15,83.8000,84.4300,82.7400,83.1700,45.3989,2809960
2014-05-16,82.8700,83.0300,81.8800,82.3300,44.9403,3008691
2014-05-19,82.4100,82.8200,81.6000,82.7800,45.1860,2242674
2014-05-20,81.7500,82.5100,81.7500,82.4300,44.9949,1833821
2014-05-21,82.1500,83.0900,81.6000,82.9700,45.2897,1762672
2014-05-22,83.0500,83.2600,82.6100,83.0000,45.3061,1382189
2014-05-23,83.2000,83.2300,82.4900,83.0800,45.3497,1596906
2014-05-26,83.6500,83.9500,83.3100,83.7700,45.7264,1320071
2014-05-27,83.6000,84.4500,83.3600,84.4400,46.0921,2097067
2014-05-28,84.4400,84.8100,84.0800,84.8100,46.2941,1837084
2014-05-29,84.6600,84.8800,84.2500,84.7300,46.2504,994191
2014-05-30,84.9000,84.9500,84.1300,84.4700,46.1085,1815878
2014-06-02,84.8900,85.0000,84.2600,84.5000,46.1249,1425829
2014-06-03,84.6800,84.8600,84.1000,84.8600,46.3214,1629883
2014-06-04,84.8900,85.3500,84.6700,85.0900,46.4469,2180182
2014-06-05,85.0100,85.9500,84.5600,85.4300,46.6325,2921844
2014-06-06,85.4300,85.9400,84.8800,85.8600,46.8672,2142796
2014-06-09,86.0000,86.2400,85.6500,86.1000,46.9982,1076569
2014-06-10,86.1200,86.1500,85.5600,85.8700,46.8727,2062571
2014-06-11,85.6900,86.2300,85.3800,85.7100,46.7853,1837100
2014-06-12,85.7100,86.3500,85.5500,86.2000,47.0528,2643833
2014-06-13,85.9000,85.9600,84.9300,85.5000,46.6707,1855179
2014-06-16,85.1700,85.7200,85.0200,85.1700,46.4906,1692428
2014-06-17,85.3900,86.1900,85.3000,86.1100,47.0037,1731739
2014-06-18,86.1600,86.6600,86.0000,86.0200,46.9546,1702793
2014-06-19,86.9000,87.5700,86.6700,87.0300,47.5059,2349813
2014-06-20,87.2000,88.2800,86.8500,87.3600,47.6860,8315314
2014-06-23,87.5000,87.5900,86.5400,86.7800,47.3694,1906759
2014-06-24,87.1200,87.2100,86.1700,86.5200,47.2275,2162788
2014-06-25,86.2200,86.7400,85.9600,86.0200,46.9546,2359588
2014-06-26,86.5000,86.5000,84.7300,85.0000,46.3978,2161281
2014-06-27,84.7600,85.3100,84.3200,84.6400,46.2013,2156637
2014-06-30,84.9300,85.7600,84.7000,85.0300,46.4142,2713276
2014-07-01,85.2800,85.4300,84.7300,85.3600,46.5943,1507431
2014-07-02,85.6800,85.9100,85.3700,85.8400,46.8563,1490070
2014-07-03,86.0200,87.4200,85.8800,87.1400,47.5659,1985801
2014-07-04,87.2200,87.5400,87.0500,87.0500,47.5168,1392653
2014-07-07,86.9700,87.1300,85.8200,86.0700,46.9819,1644645
2014-07-08,86.2900,86.5700,84.6900,84.6900,46.2286,2164022
2014-07-09,84.8300,85.7900,84.7600,85.5000,46.6707,1540751
2014-07-10,85.2000,85.5700,83.3600,83.4200,45.5353,2713376
2014-07-11,83.5500,83.9800,82.8500,83.3500,45.4971,2001402
2014-07-14,83.6600,84.6400,83.1100,84.4000,46.0703,1432175
2014-07-15,84.3000,84.3800,83.2000,83.5800,45.6227,1874713
2014-07-16,83.7700,84.9100,83.6600,84.9100,46.3487,1755687
2014-07-17,84.3500,84.6300,83.3300,83.6300,45.6500,1974047
2014-07-18,83.3000,83.4000,82.5200,83.3500,45.4971,4020849
2014-07-21,83.4600,83.5300,81.8100,81.9300,44.7220,2359334
2014-07-22,82.8400,83.1500,82.3800,83.0800,45.3497,2027216
2014-07-23,83.2700,83.6700,82.9700,83.5700,45.6172,1985026
2014-07-24,81.8000,82.6900,80.6000,82.3500,44.9513,4487390
2014-07-25,82.1500,82.3100,80.1400,80.3700,43.8705,2983889
2014-07-28,80.4600,80.6500,79.5900,80.2700,43.8159,2418569
2014-07-29,80.4000,81.7100,80.2800,81.0600,44.2471,2112164
2014-07-30,81.3400,81.3600,79.6000,79.8300,43.5757,2228282
2014-07-31,80.0000,80.0300,77.4700,77.6400,42.3803,4498731
2014-08-01,76.8900,76.9000,75.1400,76.0400,41.5069,4685087
2014-08-04,76.4700,76.4700,74.4100,74.7400,40.7973,3388841
2014-08-05,75.0000,75.5700,74.3800,74.9900,40.9338,2619423
2014-08-06,74.1400,75.4700,73.5900,74.9600,40.9174,2984490
2014-08-07,74.8500,75.8600,74.4000,74.5000,40.6663,2942381
2014-08-08,73.5600,74.6100,73.1900,73.9500,40.3661,2878003
2014-08-11,75.1200,75.8600,75.0200,75.7100,41.3268,2624736
2014-08-12,75.8800,75.8800,74.0300,74.3400,40.5790,2310257
2014-08-13,74.9400,76.2300,74.6800,76.0400,41.5069,2365844
2014-08-14,75.7200,76.5500,75.1500,75.9200,41.4414,2009557
2014-08-15,76.3900,77.2500,74.3600,74.6800,40.7645,3446665
2014-08-18,75.9100,76.4600,75.7300,76.2000,41.5942,2104159
2014-08-19,76.4200,76.9200,76.0800,76.4600,41.7362,1817067
2014-08-20,76.1100,76.4000,75.4400,76.2100,41.5997,1688396
2014-08-21,76.4700,77.4000,75.6300,77.4000,42.2493,2183267
2014-08-22,77.3000,77.5900,76.3600,76.7700,41.9054,2156704
2014-08-25,78.0000,78.6800,77.5600,78.6800,42.9480,1934268
2014-08-26,78.6300,79.7100,78.0400,79.5000,43.3956,2313759
2014-08-27,79.6800,79.8700,78.9100,79.2700,43.2700,1706882
2014-08-28,78.9100,78.9800,77.5100,78.0800,42.6205,2279330
2014-08-29,78.2100,78.6400,77.1600,78.2900,42.7351,2559657
2014-09-01,78.4500,78.5100,77.5200,77.9100,42.5277,1309669
2014-09-02,78.4000,78.9400,77.8500,78.2100,42.6914,1421372
2014-09-03,78.7200,80.0000,78.2700,79.2400,43.2537,2959406
2014-09-04,78.4500,78.8900,77.6400,78.8900,43.0626,4508588
2014-09-05,78.4400,78.6200,77.5900,78.5600,42.8825,2877774
2014-09-08,78.5500,78.5800,77.6500,77.9500,42.5495,2240754
2014-09-09,77.6500,77.9900,77.4600,77.4900,42.2984,1944360
2014-09-10,77.2500,77.9800,76.9000,77.4600,42.2820,1961899
2014-09-11,77.9000,77.9000,76.7300,77.1700,42.1237,2142692
2014-09-12,77.4300,77.5600,76.7600,77.0000,42.0309,1445795
2014-09-15,76.7200,77.1100,76.4900,77.0500,42.0582,1969235
2014-09-16,76.4000,76.5200,75.6300,75.9700,41.4687,2749432
2014-09-17,76.5000,76.8100,76.1800,76.3000,41.6488,2172534
2014-09-18,76.4000,76.7500,76.2500,76.7100,41.8726,2587667
2014-09-19,77.3000,78.0000,77.1400,77.1400,42.1074,5990979
2014-09-22,76.8400,77.4300,76.5500,76.7800,41.9109,1725706
2014-09-23,76.4300,76.6000,75.3100,75.4600,41.1903,2578248
2014-09-24,75.6500,75.8100,74.9400,75.6600,41.2995,2598400
2014-09-25,75.5000,75.7800,72.1500,72.8900,39.7875,5382875
2014-09-26,72.9000,73.4800,72.0300,73.1600,39.9349,3190956
2014-09-29,73.1500,73.1800,72.0100,72.4100,39.5255,2435930
2014-09-30,72.7000,72.9100,72.0500,72.6300,39.6455,3015043
2014-10-01,72.1500,72.7100,70.5700,70.9500,38.7285,3885621
2014-10-02,70.8400,72.0300,69.5300,69.5800,37.9807,5134060
2014-10-06,71.3500,71.4100,69.8500,70.0200,38.2209,3683360
2014-10-07,69.8900,70.1100,68.7700,68.7800,37.5440,3848542
2014-10-08,68.4000,68.8100,67.6800,68.0700,37.1564,3909368
2014-10-09,68.8000,69.4400,68.0800,68.3500,37.3093,3814862
2014-10-10,67.7000,67.9300,66.3800,66.5800,36.3431,5037286
2014-10-13,66.0300,68.5300,66.0000,67.7000,36.9545,4286050
2014-10-14,67.2900,68.0400,66.4300,67.4500,36.8180,3863155
2014-10-15,67.9000,67.9000,65.3400,65.6100,35.8136,4896424
2014-10-16,66.3400,67.4200,64.2700,67.0000,36.5724,7945497
2014-10-17,67.6600,69.3300,66.7300,69.3100,37.8333,7518927
2014-10-20,69.3500,69.4700,67.5000,67.9200,37.0746,3620485
2014-10-21,67.5400,69.7100,67.2700,69.5800,37.9807,3939966
2014-10-22,69.9900,70.4600,69.6600,70.0600,38.2427,3764726
2014-10-23,69.5800,71.1500,68.7000,71.0300,38.7722,3800412
2014-10-24,70.5000,70.5000,67.9800,68.7800,37.5440,5838042
2014-10-27,69.4000,69.4000,66.0900,66.6200,36.3649,5189305
2014-10-28,67.1100,68.8700,66.8900,68.3400,37.3038,3362015
2014-10-29,68.6800,69.2300,68.2700,68.5600,37.4239,2442946
2014-10-30,68.6900,68.9500,66.3600,68.5700,37.4294,3547852
2014-10-31,70.1000,70.5400,69.5500,70.2400,38.3409,3851933
2014-11-03,70.1400,70.3800,69.0200,69.0800,37.7078,2471045
2014-11-04,69.1200,69.9000,68.0100,68.2800,37.2711,3315355
2014-11-05,68.8100,70.1300,68.5600,69.8600,38.1335,3186197
2014-11-06,69.8400,71.8200,69.5600,70.8700,38.6848,3969302
2014-11-07,70.9100,71.1900,69.4100,69.9600,38.1881,2934804
2014-11-10,69.9000,70.5600,69.2500,70.2700,38.3573,1853713
2014-11-11,70.6400,70.6600,69.7800,70.2500,38.3464,2125737
2014-11-12,69.9500,70.1500,69.0400,69.3000,37.8278,2785894
2014-11-13,69.8800,70.1600,68.4200,68.9700,37.6477,2694718
2014-11-14,69.0500,69.3200,68.0300,69.1300,37.7351,2533952
2014-11-17,68.4400,69.6600,68.3800,69.5500,37.9643,2387085
2014-11-18,69.8000,71.8200,69.6300,71.3300,38.9359,3445646
2014-11-19,71.4900,71.9500,70.5800,71.4800,39.0178,2423991
2014-11-20,70.8500,71.1000,70.0200,71.1000,38.8104,3246968
2014-11-21,71.3800,74.1600,71.3600,73.7500,40.2569,6941180
2014-11-24,73.9400,75.0600,73.5000,74.4200,40.6226,3538203
2014-11-25,74.6000,75.3800,74.1200,74.7200,40.7864,2857877
2014-11-26,74.7000,75.4700,74.6600,75.2100,41.0539,2303096
2014-11-27,75.4600,76.5300,74.0800,74.5000,40.6663,3645544
2014-11-28,74.0000,74.0000,71.5200,73.0100,39.8530,5823651
2014-12-01,71.8000,72.5600,71.2400,72.5500,39.6019,3249024
2014-12-02,72.6300,74.1200,72.6100,73.1100,39.9076,3356322
2014-12-03,73.5000,74.0100,73.1500,73.6500,40.2023,2268062
2014-12-04,74.1600,74.5800,72.5900,72.8800,39.7820,3439108
2014-12-05,73.6000,74.3900,73.1000,74.3000,40.5571,3131822
2014-12-08,73.8000,74.4100,73.4300,73.5700,40.1586,2068648
2014-12-09,72.7300,73.4900,72.0200,72.4200,39.5309,3173223
2014-12-10,72.8800,73.5300,71.9100,72.1700,39.3944,2579667
2014-12-11,71.8700,72.9800,71.5700,72.4000,39.5200,2883073
2014-12-12,69.8000,70.6700,68.9000,69.1600,37.7514,5720508
2014-12-15,69.3300,69.8800,66.9100,67.0800,36.6160,4991328
2014-12-16,67.2300,68.9000,65.4900,68.9000,37.6095,7212504
2014-12-17,67.8900,69.5700,67.5800,69.1000,37.7187,4403341
2014-12-18,70.5000,70.9700,70.1000,70.6300,38.5538,5242868
2014-12-19,70.9500,70.9500,68.3400,69.5200,37.9479,8103487
2014-12-22,70.0000,70.9000,69.7600,70.2700,38.3573,2767319
2014-12-23,70.4200,71.0100,69.9600,71.0100,38.7613,1754831
2014-12-29,71.1000,71.1000,69.7400,70.9000,38.7012,1515022
2014-12-30,70.6000,70.7300,69.8800,69.8800,38.1444,1320390
2015-01-02,70.3000,70.6900,68.8000,69.6900,38.0407,2260387
2015-01-05,69.4300,69.8600,66.5800,66.7100,36.4141,4836613
2015-01-06,67.0000,67.9400,66.1800,66.6900,36.4032,3794757
2015-01-07,67.0600,67.9400,66.5400,67.1300,36.6433,2930654
2015-01-08,68.2800,70.1400,68.1900,69.8700,38.1390,4482009
2015-01-09,69.8300,70.1900,67.5200,68.1200,37.1837,3770310
2015-01-12,69.4000,69.5800,67.6900,68.8100,37.5604,3351324
2015-01-13,68.8000,71.5100,68.4000,71.0300,38.7722,4604716
2015-01-14,70.0400,71.6300,69.6500,70.3200,38.3846,4002596
2015-01-15,71.5000,72.6000,69.1300,71.9500,39.2744,5448252
2015-01-16,71.7400,73.0800,70.6800,72.6700,39.6674,4731326
2015-01-19,73.3800,73.9700,72.5900,73.3600,40.0440,2685142
2015-01-20,73.9500,74.3600,73.5100,74.0800,40.4370,3573916
2015-01-21,74.1900,74.7800,72.9200,74.5200,40.6772,4248649
2015-01-22,74.6000,76.2400,73.9000,75.6800,41.3104,5676272
2015-01-23,76.4900,77.2600,75.6800,76.8300,41.9381,6478688
2015-01-26,75.5500,77.9200,74.3700,77.6700,42.3967,4563300
2015-01-27,77.7500,78.8500,76.6200,77.2000,42.1401,4385876
2015-01-28,77.9800,78.8400,77.0900,78.5700,42.8879,3997097
2015-01-29,77.8700,79.3700,77.8600,79.1600,43.2100,3227937
2015-01-30,79.8800,79.9800,78.7000,79.5000,43.3956,4009049
2015-02-02,79.7000,81.1500,79.5200,81.1500,44.2962,3935388
2015-02-03,81.3000,82.1700,80.3500,80.7900,44.0997,4302959
2015-02-04,81.1000,81.6200,80.3500,80.9800,44.2034,3539430
2015-02-05,80.5800,81.6000,79.5200,81.4300,44.4491,3034678
2015-02-06,81.4300,81.7200,80.6200,80.9000,44.1598,2387439
2015-02-09,80.1800,80.5000,78.2500,80.2700,43.8159,3679687
2015-02-10,80.1100,81.6500,79.7700,80.6700,44.0342,3106298
2015-02-11,80.7200,81.3700,80.3200,80.9400,44.1816,2560991
2015-02-12,80.9800,83.1900,80.9300,82.7000,45.1423,3425439
2015-02-13,83.3400,84.1300,82.9500,83.2500,45.4425,3489820
2015-02-16,83.2500,83.8500,82.6100,82.8100,45.2024,2309228
2015-02-17,82.0100,82.8200,81.2100,82.2400,44.8912,2879715
2015-02-18,82.6700,83.1900,82.2600,82.9300,45.2679,1730949
2015-02-19,82.6700,83.0800,82.0100,82.7100,45.1478,2486405
2015-02-20,82.5100,83.5800,82.0700,83.4900,45.5735,5231037
2015-02-23,84.4800,84.6800,83.0900,83.5600,45.6118,2633971
2015-02-24,83.5600,84.9700,83.3900,84.6100,46.1849,2368072
2015-02-25,84.6200,85.2400,84.4700,85.1200,46.4633,3240352
2015-02-26,85.4000,87.0200,85.2200,87.0200,47.5004,4310677
2015-02-27,86.7300,87.0000,83.6400,85.6500,46.7526,6092086
2015-03-02,85.7000,86.3000,85.2700,85.7800,46.8236,2915093
2015-03-03,85.7000,86.7800,85.2500,85.2500,46.5342,3019762
2015-03-04,85.5000,85.8500,84.3000,85.8500,46.8618,2538696
2015-03-05,86.1000,87.5700,85.5500,87.3600,47.6860,3413495
2015-03-06,87.7700,88.5000,87.2500,88.1700,48.1281,2828441
2015-03-09,87.8200,88.6200,87.7500,88.4700,48.2919,2265601
2015-03-10,88.1100,88.1200,86.6400,87.4000,47.7078,2687755
2015-03-11,87.8600,90.6200,87.7000,90.4800,49.3891,3497434
2015-03-12,90.5000,90.7100,89.7900,90.0000,49.1271,2356634
2015-03-13,90.2000,90.6500,89.3800,90.5300,49.4164,2491402
2015-03-16,90.8700,93.3100,90.6900,92.7500,50.6282,3234026
2015-03-17,92.7400,92.9700,90.7100,91.1500,49.7548,3252302
2015-03-18,91.1000,91.4800,88.4300,90.6100,49.4600,4184814
2015-03-19,90.4300,92.1800,89.1900,89.9300,49.0889,3714568
2015-03-20,90.3000,92.5500,90.1200,92.3300,50.3989,6945820
2015-03-23,92.0500,92.1000,90.5700,91.4500,49.9186,2306218
2015-03-24,91.0000,92.8000,90.6300,92.6800,50.5900,2211532
2015-03-25,92.9000,92.9000,90.9100,90.9200,49.6293,2576570
2015-03-26,90.0000,91.5000,89.6600,91.5000,49.9458,3525351
2015-03-27,92.1300,92.5800,91.1700,92.0700,50.2570,2985544
2015-03-30,92.4500,94.3900,92.3600,94.3000,51.4742,2910062
2015-03-31,94.0000,94.7100,92.5500,92.5500,50.5190,3411753
2015-04-01,91.8200,94.4000,91.2900,93.2500,50.9011,2991121
2015-04-02,93.1800,93.2900,92.1100,92.6400,50.5681,1959827
2015-04-07,93.9900,95.5000,93.7300,95.0700,51.8946,2845643
2015-04-08,95.0700,95.4500,93.8300,94.0000,51.3105,2109184
2015-04-09,94.1800,95.0200,94.0700,95.0200,51.8673,1688735
2015-04-10,95.3900,97.2200,95.2000,96.7200,52.7952,2760089
2015-04-13,96.8000,96.8600,95.8900,95.8900,52.3422,1951417
2015-04-14,95.5100,95.9100,94.3500,94.8400,51.7690,2551035
2015-04-15,95.0200,95.8700,94.0600,94.8600,51.7799,2081958
2015-04-16,94.6000,94.6500,90.6300,91.3500,49.8640,4960699
2015-04-17,90.1000,91.9900,89.1700,89.1800,48.6795,5487119
2015-04-20,90.0300,92.1300,89.8500,92.0300,50.2351,2924135
2015-04-21,92.6900,94.1000,92.2500,92.5300,50.5081,2954693
2015-04-22,92.8500,93.0500,90.6200,91.3200,49.8476,3114155
2015-04-23,91.1900,91.8100,89.0100,90.4700,49.3836,3848688
2015-04-24,90.9000,91.9100,90.0400,91.3900,49.8858,2922435
2015-04-27,92.0100,94.2900,90.9000,93.7000,51.1467,3377538
2015-04-28,93.9300,93.9300,91.8100,92.3400,50.4044,2925899
2015-04-29,92.5900,92.9200,88.7600,89.0700,48.6194,4992747
2015-04-30,91.0000,91.1200,86.0700,89.4800,48.8432,7228251
2015-05-04,87.8700,89.9400,87.3700,89.2400,50.2857,4693372
2015-05-05,88.7200,89.7000,85.9000,85.9300,48.4206,5174564
2015-05-06,85.5000,87.2200,85.0300,86.3500,48.6573,3607282
2015-05-07,85.7800,86.4500,84.0400,86.1300,48.5333,3738257
2015-05-08,86.7100,88.7000,86.0700,88.3500,49.7843,4599310
2015-05-11,88.4000,88.8300,87.0500,87.5400,49.3278,2522215
2015-05-12,86.4000,86.6600,85.1500,85.9100,48.4093,3021926
2015-05-13,86.3400,87.1700,84.3400,84.7700,47.7670,3189503
2015-05-14,84.1000,87.0600,83.8700,86.8900,48.9615,2486372
2015-05-15,86.9900,87.6600,85.3600,85.9800,48.4488,3418367
2015-05-18,86.4000,87.4100,85.4100,86.8600,48.9446,2334694
2015-05-19,87.5000,88.8600,87.3700,88.3800,49.8012,3064262
2015-05-20,88.5000,88.6700,87.3900,87.9500,49.5588,1843534
2015-05-21,87.4800,88.1600,87.0400,87.9800,49.5758,1578422
2015-05-22,88.4000,88.4200,87.7100,87.9000,49.5307,1700747
2015-05-26,88.3800,88.8200,85.7600,86.0300,48.4770,2932623
2015-05-27,86.0500,87.2400,85.1100,86.8500,48.9390,3449163
2015-05-28,86.0600,86.9600,85.4800,86.2400,48.5953,2240044
2015-05-29,86.4000,86.5500,84.1300,84.2000,47.4458,3792896
2015-06-01,84.9000,85.2500,83.5600,84.1600,47.4232,2578399
2015-06-02,84.5100,84.6800,82.6200,83.2100,46.8879,3102121
2015-06-03,83.4900,85.0300,83.0100,84.3800,47.5472,3543299
2015-06-04,83.5000,84.3300,82.1400,83.2500,46.9104,2981979
2015-06-05,82.3100,83.0800,81.2200,82.1600,46.2963,3188163
2015-06-08,81.5000,82.0900,80.6500,80.8700,45.5694,2786573
2015-06-09,80.5000,81.3100,79.4900,80.8500,45.5581,3529903
2015-06-10,80.5500,83.3000,80.4700,83.0100,46.7752,3838940
2015-06-11,83.0000,84.7900,82.6200,83.7800,47.2091,3278736
2015-06-12,83.1800,83.6200,81.0700,82.2000,46.3188,3140562
2015-06-15,81.0000,81.7800,80.6900,81.1000,45.6990,2622510
2015-06-16,80.2000,81.2000,79.3900,80.9400,45.6088,3562189
2015-06-17,81.4000,81.7400,80.6100,80.7400,45.4961,2440393
2015-06-18,80.4000,81.9500,79.6200,81.8400,46.1159,3164460
2015-06-19,81.9500,82.9500,80.7400,80.9200,45.5975,6261505
2015-06-22,83.2000,84.8100,82.7300,84.6100,47.6768,4600406
2015-06-23,85.6000,85.9700,84.9000,85.2500,48.0374,3163411
2015-06-24,85.3700,85.6400,83.2900,83.8500,47.2486,4038777
2015-06-25,83.4500,84.8800,82.4300,83.4500,47.0232,2510238
2015-06-26,82.6400,83.8400,82.4400,83.1500,46.8541,2674897
2015-06-29,79.2000,81.5900,78.7000,79.9500,45.0509,5315419
2015-06-30,79.8000,80.3100,78.2300,78.8200,44.4142,4970375
2015-07-01,79.6200,81.4300,78.9100,80.6800,45.4623,4294195
2015-07-02,80.6000,80.7100,79.6500,79.7200,44.9213,1957637
2015-07-03,79.7000,79.8900,79.0600,79.6700,44.8932,1952121
2015-07-06,78.0000,78.9500,77.7400,78.0000,43.9521,3478980
2015-07-07,78.1000,78.2800,75.7900,76.0600,42.8590,3555758
2015-07-08,75.8300,77.3200,75.2800,76.7700,43.2590,3379945
2015-07-09,77.2100,78.9300,76.8200,78.6200,44.3015,2763180
2015-07-10,80.9000,81.9900,79.8000,81.6900,46.0314,3991919
2015-07-13,83.5000,83.5000,82.4000,83.1000,46.8259,3444174
2015-07-14,83.0100,83.6800,82.8000,83.5600,47.0851,2324654
2015-07-15,83.2500,84.0300,82.9900,83.9000,47.2767,2364415
2015-07-16,84.2200,85.6500,84.0800,84.8500,47.8120,3067513
2015-07-17,85.1900,85.2000,84.0200,84.4300,47.5754,2476603
2015-07-20,85.1200,85.8700,84.5800,85.2500,48.0374,2050039
2015-07-21,85.6100,85.6700,84.1900,84.3700,47.5416,1862080
2015-07-22,83.8000,84.0000,82.2800,82.7300,46.6174,2173588
2015-07-23,83.2200,83.4700,82.3900,82.8700,46.6963,1796778
2015-07-24,80.1000,80.5000,78.4900,79.1000,44.5720,6605240
2015-07-27,78.8800,78.9500,76.3500,76.9000,43.3323,4418247
2015-07-28,77.3500,78.2100,76.8900,77.3000,43.5577,3553042
2015-07-29,77.5300,77.7700,76.5900,77.3100,43.5633,2762619
2015-07-30,77.7000,77.9500,76.6300,77.6000,43.7267,2025397
2015-07-31,77.5800,78.7300,77.4300,78.5500,44.2621,3240633
2015-08-03,78.4100,79.4300,77.9100,79.1800,44.6171,2544895
2015-08-04,78.8800,79.4800,78.6200,79.2600,44.6621,1431407
2015-08-05,79.7000,81.6700,79.5000,81.1800,45.7440,2995755
2015-08-06,81.1900,81.7900,80.9600,81.4700,45.9074,1977400
2015-08-07,81.3100,81.6800,81.0800,81.2700,45.7947,2042516
2015-08-10,81.4800,82.5100,80.6000,82.2600,46.3526,1909613
2015-08-11,82.0400,82.1000,79.1500,79.5800,44.8424,3312132
2015-08-12,78.0500,78.0600,76.1000,76.6400,43.1858,4956834
2015-08-13,78.0000,78.1400,76.4800,76.6900,43.2140,2616258
2015-08-14,76.8000,77.3500,75.5500,76.2900,42.9886,2291875
2015-08-17,76.6700,77.2300,74.9100,75.7400,42.6786,2603033
2015-08-18,75.2300,75.7200,74.7600,75.3100,42.4364,2094665
2015-08-19,74.6000,74.7500,73.0300,73.2600,41.2812,3523574
2015-08-20,72.6000,73.0600,71.0100,71.4200,40.2444,4989794
2015-08-21,70.0000,71.7400,69.2600,69.2600,39.0272,6686732
2015-08-24,66.5000,68.2100,63.0000,66.4200,37.4269,11106053
2015-08-25,68.0700,70.1500,67.1500,69.5300,39.1794,8091402
2015-08-26,69.0000,70.0000,67.7300,68.8200,38.7793,4632117
2015-08-27,71.0000,72.4600,70.1400,71.6400,40.3683,5598933
2015-08-28,71.9100,72.1500,70.9000,71.8800,40.5036,2636157
2015-08-31,71.3600,71.8200,70.4500,71.8200,40.4698,2031131
2015-09-01,70.0500,70.5600,69.2400,69.9600,39.4217,3298640
2015-09-02,70.0300,71.1200,69.5100,70.4300,39.6865,2356304
2015-09-03,70.8000,71.9000,70.3900,71.3400,40.1993,3700836
2015-09-04,70.8000,70.8000,69.0000,69.5900,39.2132,4061400
2015-09-07,70.1500,70.6300,69.6500,69.9100,39.3935,1451529
2015-09-08,70.6700,71.7300,70.4800,70.6700,39.8218,2593397
2015-09-09,72.2500,72.4000,70.8800,70.9600,39.9852,2887144
2015-09-10,70.3700,71.0100,69.5900,70.2100,39.5626,2694423
2015-09-11,70.4900,70.5400,69.4300,69.7000,39.2752,1825717
2015-09-14,69.5000,70.5000,69.2800,69.6800,39.2639,2210356
2015-09-15,69.7700,70.5000,69.0900,70.0800,39.4893,2585720
2015-09-16,70.7800,71.0900,70.2300,70.6700,39.8218,2296596
2015-09-17,70.9800,71.0000,69.7200,69.8000,39.3315,3049887
2015-09-18,69.3500,69.3800,66.7800,67.3200,37.9341,9872815
2015-09-21,67.1900,68.5700,67.1000,68.3100,38.4919,2649881
2015-09-22,68.7900,68.8000,66.2300,66.4500,37.4438,4455226
2015-09-23,66.5000,67.5600,66.2800,66.6200,37.5396,3250694
2015-09-24,66.6700,67.1400,65.0900,65.7400,37.0438,4522521
2015-09-25,66.8300,67.9800,66.7300,67.6400,38.1144,3599758
2015-09-28,67.5300,67.9100,65.9600,66.0900,37.2410,4474160
2015-09-29,65.3000,67.3200,65.1300,66.6600,37.5622,3659600
2015-09-30,68.6000,68.6900,67.8200,68.3200,38.4976,3816783
2015-10-01,69.0000,69.1700,66.0800,66.4600,37.4495,4490916
2015-10-02,67.1900,68.0800,65.6700,66.7100,37.5903,4226170
2015-10-05,68.1200,69.2400,67.6100,68.7300,38.7286,3636050
2015-10-06,68.7500,69.9000,68.1200,69.5400,39.1850,4400306
2015-10-07,70.2900,72.0900,70.1400,71.1100,40.0697,5001060
2015-10-08,70.9700,72.0300,70.3900,71.7700,40.4416,2996405
2015-10-09,72.9100,73.4500,72.3900,73.0400,41.1572,3210945
2015-10-12,73.5000,73.9000,72.2700,72.6700,40.9487,2484421
2015-10-13,71.9700,72.1500,70.9300,71.6400,40.3683,2784711
2015-10-14,70.7500,70.8600,69.9500,70.0400,39.4668,3193590
2015-10-15,70.6500,71.9900,70.3000,71.3200,40.1880,4155047
2015-10-16,71.8800,72.0900,70.5300,71.0200,40.0190,3321625
2015-10-19,70.7500,71.7800,70.7500,71.3300,40.1937,1431926
2015-10-20,71.0500,71.5000,70.3400,71.2100,40.1260,1889978
2015-10-21,71.3900,71.9300,70.6200,71.5800,40.3345,2061467
2015-10-22,71.5000,74.6600,71.2500,74.2900,41.8616,4684253
2015-10-23,75.4300,77.2300,74.6500,76.6400,43.1858,5218742
2015-10-26,76.3000,77.5900,76.1200,76.5900,43.1576,2730741
2015-10-27,73.3000,74.3800,72.0100,72.9800,41.1234,6808790
2015-10-28,72.8700,73.7000,72.5000,73.3600,41.3376,3148880
2015-10-29,73.8800,73.9400,72.7500,73.8800,41.6306,2460640
2015-10-30,74.0900,74.5700,73.3300,74.5300,41.9968,2698620
2015-11-02,73.8500,75.5300,73.7100,75.1600,42.3518,2354968
2015-11-03,75.4200,76.1900,74.9500,76.0200,42.8364,2208935
2015-11-04,76.5400,77.4200,75.9700,76.0400,42.8477,3018503
2015-11-05,75.8800,76.5500,74.9900,75.8100,42.7181,2694347
2015-11-06,75.9200,77.7300,75.5200,77.1300,43.4619,3422893
2015-11-09,77.3400,77.8900,76.3000,76.4600,43.0844,1849558
2015-11-10,76.5100,76.6500,75.1300,75.9300,42.7857,2556993
2015-11-11,76.1000,77.2200,75.7200,76.1400,42.9041,2239547
2015-11-12,75.8800,76.5100,74.0600,74.6300,42.0532,2870522
2015-11-13,74.4500,74.7800,73.2300,74.0200,41.7095,2960354
2015-11-16,73.1000,74.9300,73.0500,74.2100,41.8165,1987978
2015-11-17,74.9800,76.6700,74.6800,76.3500,43.0224,3356674
2015-11-18,75.7100,76.7800,75.3700,76.3500,43.0224,1917572
2015-11-19,77.2000,78.1000,76.9600,77.3200,43.5690,2378333
2015-11-20,77.9100,78.3800,77.0800,77.6700,43.7662,2475296
2015-11-23,77.6700,78.0800,76.9900,77.7500,43.8113,1565924
2015-11-24,77.2100,77.5000,76.0400,76.5200,43.1182,2848996
2015-11-25,76.6000,78.4800,76.1300,78.0000,43.9521,2757741
2015-11-26,77.9500,79.2000,77.9200,78.6200,44.3015,1797405
2015-11-27,78.4900,78.5400,77.5100,77.8800,43.8845,2224335
2015-11-30,77.4500,79.1100,77.1600,78.3400,44.1437,2898548
2015-12-01,78.1800,78.3000,76.3700,76.7700,43.2590,3399052
2015-12-02,76.6400,76.9400,75.7700,76.1700,42.9210,2417685
2015-12-03,75.9700,76.5000,72.1500,72.8700,41.0614,6862439
2015-12-04,72.8700,73.2300,71.4300,72.3600,40.7741,4040042
2015-12-07,72.9600,73.7200,72.2100,72.6900,40.9600,2518013
2015-12-08,72.3800,72.4000,70.6200,71.2000,40.1204,4023523
2015-12-09,72.0000,72.6800,70.2400,70.7200,39.8499,3485431
2015-12-10,70.6500,71.1400,70.0600,70.5000,39.7260,2535480
2015-12-11,70.4500,70.5700,68.2000,68.8600,38.8019,4655593
2015-12-14,69.2500,69.7400,67.7400,68.0100,38.3229,3736573
2015-12-15,68.8400,70.4600,68.8400,70.0500,39.4724,3749878
2015-12-16,70.0500,71.0600,69.5700,70.2200,39.5682,2414433
2015-12-17,71.5000,72.4800,70.9600,71.3800,40.2218,3777674
2015-12-18,69.9100,71.0600,69.6800,70.2200,39.5682,7346584
2015-12-21,70.1100,71.4600,68.9500,68.9500,38.8526,3173396
2015-12-22,69.5000,69.6500,67.8100,68.9900,38.8751,2426983
2015-12-23,69.7400,71.1600,69.6900,70.9500,39.9795,2703934
2015-12-25,70.9500,70.9500,70.9500,70.9500,39.9795,0
2015-12-28,71.0000,71.3000,69.9900,70.3100,39.6189,1133077
2015-12-29,71.2700,71.9900,70.9100,71.5200,40.3007,1813076
2015-12-30,71.6500,71.6800,70.6100,70.7200,39.8499,1269490
2016-01-04,69.3100,69.3100,67.0900,67.5800,38.0806,4949927
2016-01-05,67.3200,67.9700,66.1300,67.2000,37.8665,3310320
2016-01-06,66.8300,66.9000,65.0500,66.0800,37.2353,3764782
2016-01-07,64.9800,65.2400,63.4500,64.4700,36.3281,5364709
2016-01-08,64.4500,65.5300,63.6400,63.6800,35.8830,3828473
2016-01-11,63.5000,64.7300,63.2200,63.2500,35.6407,3456405
2016-01-12,63.2500,65.1600,62.8300,64.3100,36.2380,3687729
2016-01-13,65.2700,65.9500,63.9800,64.2800,36.2211,3118637
2016-01-14,63.5300,64.3500,62.0600,63.9200,36.0182,5892683
2016-01-15,63.6300,64.1600,61.3300,61.8100,34.8293,6628912
2016-01-18,61.5100,62.3400,60.6100,60.7900,34.2545,3812796
2016-01-19,62.3600,62.7900,60.9200,61.1700,34.4686,3552608
2016-01-20,59.8700,60.7800,59.0000,60.1200,33.8770,5644857
2016-01-21,59.8500,61.8200,59.6300,61.5100,34.6602,5535182
2016-01-22,63.4000,63.7000,62.7400,62.9400,35.4660,3917629
2016-01-25,63.4000,63.4000,61.0700,61.6800,34.7560,3931828
2016-01-26,60.1900,62.3100,59.9300,62.0800,34.9814,3023258
2016-01-27,59.2000,61.4200,59.0100,60.9500,34.3447,5607004
2016-01-28,60.5000,61.9500,60.2200,60.6500,34.1756,4688270
2016-01-29,61.8300,62.0000,60.1000,61.1000,34.4292,4240432
2016-02-01,61.6500,61.6500,59.6000,60.4400,34.0573,3104448
2016-02-02,60.0500,60.2300,58.2300,58.9100,33.1951,4115188
2016-02-03,58.6300,59.6600,58.2100,58.8200,33.1444,4175904
2016-02-04,60.0900,60.2100,58.1900,59.3300,33.4318,4030808
2016-02-05,59.2900,60.3700,58.5500,59.4000,33.4712,3411088
2016-02-08,59.8000,60.1100,57.0500,57.8400,32.5922,4707896
2016-02-09,57.8500,58.5500,57.0300,57.4000,32.3443,5118282
2016-02-10,57.9000,58.5000,56.9600,57.8600,32.6035,3629570
2016-02-11,57.2000,57.5700,56.0100,56.7000,31.9498,4637484
2016-02-12,57.2600,57.8500,56.8700,57.8500,32.5978,3667565
2016-02-15,58.9700,59.4100,58.5500,59.1300,33.3191,3369506
2016-02-16,59.5800,59.9400,57.9700,58.3600,32.8852,3039763
2016-02-17,58.5600,60.1500,58.3600,59.8900,33.7474,3467956
2016-02-18,60.2000,60.9500,59.3700,60.3700,34.0178,3209469
2016-02-19,60.6000,60.9700,59.6500,60.0400,33.8319,3158680
2016-02-22,60.6000,61.4900,60.5500,61.2700,34.5250,2995925
2016-02-23,60.7500,60.9000,59.6400,59.8700,33.7361,2739306
2016-02-24,59.9000,59.9000,57.7800,58.0700,32.7218,3609839
2016-02-25,58.9000,59.7600,58.2600,59.1900,33.3529,2615742
2016-02-26,59.7000,61.6000,59.2900,60.9600,34.3503,4631075
2016-02-29,60.2500,60.2700,58.4400,60.1800,33.9108,4776664
2016-03-01,60.3000,62.1300,60.1300,62.0700,34.9758,3786092
2016-03-02,62.7000,62.9900,61.6800,62.2500,35.0772,3177775
2016-03-03,62.5300,63.2600,62.3100,62.9100,35.4491,2992366
2016-03-04,63.2700,63.4800,62.3300,63.2800,35.6576,2868766
2016-03-07,62.3000,63.6000,61.6300,63.5600,35.8154,3765598
2016-03-08,63.1800,64.7000,62.7800,63.6900,35.8886,3808242
2016-03-09,63.8500,64.8500,63.6100,64.3500,36.2605,2989878
2016-03-10,64.2500,66.3100,62.1600,62.1600,35.0265,5634192
2016-03-11,63.3000,64.4100,63.0500,64.4100,36.2943,2960012
2016-03-14,65.2200,65.8200,64.9500,65.5000,36.9085,2523367
2016-03-15,65.0000,65.1700,64.4100,64.9700,36.6099,2564140
2016-03-16,64.9400,65.8200,64.9400,65.3000,36.7958,2771316
2016-03-17,66.1000,66.3100,64.4600,65.0000,36.6268,3573584
2016-03-18,64.9800,66.4800,64.2700,66.4800,37.4607,9611284
2016-03-21,65.9900,67.7000,65.7600,66.9400,37.7200,3056696
2016-03-22,66.4000,67.3100,65.8500,67.3100,37.9284,2563742
2016-03-23,67.5300,68.3500,66.7800,67.3400,37.9454,2918708
2016-03-24,66.8500,67.0100,65.8000,66.0400,37.2128,3009952
2016-03-29,66.6700,66.8700,65.6200,65.9300,37.1508,2004259
2016-03-30,66.4000,67.6100,66.3700,67.1200,37.8214,2337101
2016-03-31,66.8100,66.8100,65.9600,66.3000,37.3593,2594924
2016-04-01,65.4500,65.7600,64.3400,65.1200,36.6944,3568533
2016-04-04,64.8900,65.7000,64.6400,64.9800,36.6155,2016341
2016-04-05,63.9000,63.9100,62.8000,63.0400,35.5223,3781976
2016-04-06,63.1500,63.3500,62.1700,63.0200,35.5111,2828802
2016-04-07,63.2000,63.6000,61.5800,62.0100,34.9419,3048641
2016-04-08,62.0700,63.5400,62.0700,63.0900,35.5505,2864003
2016-04-11,63.0900,64.5900,62.5500,64.1100,36.1253,2742899
2016-04-12,64.4700,64.9400,63.7700,64.8300,36.5310,2163643
2016-04-13,65.6200,66.9300,65.6200,66.9200,37.7087,3581517
2016-04-14,67.0900,68.5800,66.9400,68.1700,38.4130,4276301
2016-04-15,68.0900,68.6000,67.9100,68.2600,38.4638,2672741
2016-04-18,67.0000,68.6500,66.5600,68.4700,38.5821,3173385
2016-04-19,68.9200,70.5400,68.7600,69.9900,39.4386,3957742
2016-04-20,69.9200,71.3300,69.6200,71.1000,40.0641,2806527
2016-04-21,71.2000,71.4400,70.5000,71.0600,40.0415,3577936
2016-04-22,71.0000,71.3500,70.6400,70.9300,39.9683,2105556
2016-04-25,71.4500,71.5000,69.8700,70.3300,39.6302,2680415
2016-04-26,71.2900,71.7000,70.1000,70.5700,39.7654,2670131
2016-04-27,70.6000,72.0700,70.4600,71.9300,40.5318,3641968
2016-04-28,71.6100,73.0600,70.6600,72.7400,40.9882,3833246
2016-04-29,74.5000,74.5400,71.7400,72.1500,40.6557,6853046
2016-05-02,69.6300,70.9000,69.4300,69.7700,40.9610,3989879
2016-05-03,69.7400,69.7400,67.8400,68.1100,39.9864,3396628
2016-05-04,67.6700,68.4700,67.1700,67.2900,39.5050,2633418
2016-05-05,67.5300,68.4700,67.2400,67.9200,39.8749,2006366
2016-05-06,67.7000,68.8900,67.1700,68.4000,40.1567,3099137
2016-05-09,68.8000,69.9200,68.1300,68.7800,40.3798,2811940
2016-05-10,69.2900,69.5700,68.5500,69.0000,40.5090,2434164
2016-05-11,69.0000,69.1900,68.1500,68.4100,40.1626,2340710
2016-05-12,67.8800,68.5600,66.4200,66.9700,39.3172,4583297
2016-05-13,66.2100,68.3900,65.8400,67.7300,39.7634,2879792
2016-05-17,68.8500,69.1000,67.2100,67.6900,39.7399,2831515
2016-05-18,66.9900,67.6800,66.9200,67.6500,39.7164,2411717
2016-05-19,66.7500,67.0400,65.8500,66.5500,39.0706,2850832
2016-05-20,67.2600,67.9200,66.9500,67.2900,39.5050,2512107
2016-05-23,67.4300,67.9800,66.4600,67.2300,39.4698,2255746
2016-05-24,66.8300,69.3000,66.4500,69.1100,40.5735,2671479
2016-05-25,69.9300,70.0000,69.3800,69.7600,40.9551,2357870
2016-05-26,69.8000,70.6200,69.7500,70.0500,41.1254,2062760
2016-05-27,69.7300,70.1700,69.6500,69.9200,41.0491,1893234
2016-05-30,69.9900,70.1300,69.7100,70.0800,41.1430,907164
2016-05-31,69.9700,70.3600,69.3300,69.4300,40.7614,2371231
2016-06-01,69.5000,70.0000,68.9200,69.5500,40.8319,2153899
2016-06-02,69.7900,70.0100,69.3500,69.5400,40.8260,1868041
2016-06-03,69.6000,69.9700,67.6000,68.3500,40.1274,2771988
2016-06-06,68.5100,69.1500,68.5000,68.8300,40.4091,1488756
2016-06-07,69.3200,70.9600,69.2800,70.6900,41.5011,2794688
2016-06-08,70.3900,70.5800,69.9300,70.2200,41.2252,1678327
2016-06-09,69.9300,69.9900,68.9500,69.5500,40.8319,1758289
2016-06-10,69.1400,69.1400,67.3100,67.7700,39.7868,3720856
2016-06-13,66.4700,67.4400,66.2600,66.8700,39.2585,2517037
2016-06-14,66.0100,67.2300,65.7600,66.4600,39.0178,3423593
2016-06-15,66.8000,68.4000,66.8000,67.9800,39.9101,3235596
2016-06-16,66.7100,68.1200,66.5600,67.8400,39.8279,3261797
2016-06-17,68.3100,68.7500,67.4200,67.5100,39.6342,5276022
2016-06-20,69.1700,70.2300,68.7700,69.7100,40.9258,3016047
2016-06-21,69.4300,70.2500,69.3600,69.8100,40.9845,2064563
2016-06-22,70.5000,71.1200,69.9800,70.5200,41.4013,2488390
2016-06-23,70.6400,72.5900,70.5400,71.8700,42.1939,3291478
2016-06-24,64.1500,68.6900,63.0000,67.0700,39.3759,10390257
2016-06-27,66.4300,66.9400,64.6200,65.1900,38.2722,5188509
2016-06-28,66.1300,66.9800,65.6000,65.8100,38.6361,3600146
2016-06-29,67.4000,67.7500,66.7400,67.5300,39.6459,2749406
2016-06-30,67.3500,69.0100,66.8200,68.6400,40.2976,3506172
2016-07-01,69.2900,69.7300,68.4500,69.4600,40.7790,2523647
2016-07-04,69.5200,69.7900,68.7900,68.8700,40.4326,1337163
2016-07-05,68.4000,68.6600,67.2000,67.6200,39.6988,3013127
2016-07-06,66.8600,67.4600,65.4700,66.0500,38.7771,3003890
2016-07-07,66.5500,66.6200,65.7000,66.0200,38.7594,1947316
2016-07-08,65.7700,67.1700,65.7700,67.0100,39.3407,2569866
2016-07-11,68.1900,69.0800,67.9500,68.8100,40.3974,2832454
2016-07-12,68.6000,69.8500,68.4700,69.4900,40.7966,2252336
2016-07-13,69.3200,70.0400,69.2600,69.4400,40.7673,1939136
2016-07-14,70.2900,72.4100,70.2700,71.9400,42.2350,4632997
2016-07-15,71.4900,72.2400,71.0700,71.7700,42.1352,2584205
2016-07-18,71.8900,72.4100,71.2100,71.6800,42.0823,1585693
2016-07-19,71.6700,71.7000,70.4700,71.3500,41.8886,1624770
2016-07-20,71.7200,72.0000,71.1100,71.7200,42.1058,1516043
2016-07-21,71.7700,72.1800,71.0000,71.9200,42.2232,1624269
2016-07-22,71.6400,71.8800,71.0500,71.5100,41.9825,1593199
2016-07-25,71.6000,72.5500,71.4700,71.7800,42.1411,1871468
2016-07-26,71.9700,72.2600,71.3400,71.9800,42.2585,1580672
2016-07-27,70.1000,70.5800,69.3800,70.5800,41.4366,4159142
2016-07-28,70.1600,71.0800,70.0500,70.6200,41.4600,2876216
2016-07-29,70.7300,70.8000,69.4600,70.2600,41.2487,2873135
2016-08-01,70.5000,71.2000,69.9400,70.3500,41.3015,1928204
2016-08-02,70.3200,70.5100,68.6000,68.9700,40.4913,2579052
2016-08-03,69.1300,69.2900,68.4200,69.0000,40.5090,1667527
2016-08-04,69.4400,69.5100,68.5100,68.9300,40.4679,1522239
2016-08-05,69.2500,69.6600,68.9500,69.5900,40.8553,1896489
2016-08-08,70.0800,70.5300,69.8400,70.2600,41.2487,1674193
2016-08-09,70.1400,72.4500,70.1200,72.2500,42.4170,2369117
2016-08-10,72.2800,72.6100,71.8800,72.4200,42.5168,2346910
2016-08-11,72.8000,73.4800,72.3600,72.7600,42.7164,2066378
2016-08-12,72.7200,73.0900,72.6400,72.9700,42.8397,1373934
2016-08-15,73.0100,73.5800,72.8000,73.0700,42.8984,893169
2016-08-16,72.6100,73.1300,72.2200,72.8500,42.7692,1723288
2016-08-17,73.0200,73.3500,71.7500,72.0800,42.3172,1668804
2016-08-18,72.6800,72.8900,72.2200,72.7500,42.7105,1641250
2016-08-19,72.7200,72.8100,71.9200,72.1400,42.3524,2389515
2016-08-22,72.0200,72.6100,71.0600,71.5100,41.9825,2212653
2016-08-23,71.9100,73.0000,71.7900,72.5000,42.5638,2402152
2016-08-24,72.0300,73.2400,71.8200,73.0200,42.8690,1553246
2016-08-25,72.7000,72.7500,71.9800,72.4500,42.5344,1540627
2016-08-26,72.3200,72.8900,71.9000,72.6400,42.6460,1319224
2016-08-29,72.0200,72.4800,71.3400,72.3700,42.4874,953626
2016-08-30,72.6800,73.5900,72.5300,73.3000,43.0334,1904374
2016-08-31,73.0000,73.3900,72.7000,72.9000,42.7986,1935078
2016-09-01,73.0900,73.5400,72.1800,72.4900,42.5579,1604653
2016-09-02,72.7000,73.3400,71.8600,73.1000,42.9160,1866175
2016-09-05,73.3800,73.6300,73.1600,73.2200,42.9865,994819
2016-09-06,73.4900,73.7800,72.9400,73.0500,42.8867,1453952
2016-09-07,73.3800,74.4700,73.0700,74.2900,43.6146,2293666
2016-09-08,74.3600,74.4800,73.0900,73.7400,43.2917,2537452
2016-09-09,73.5600,73.5900,72.2800,72.5800,42.6107,1922263
2016-09-12,71.0800,71.5600,70.7100,71.4200,41.9297,2784087
2016-09-13,71.7400,72.0000,71.1600,71.1900,41.7947,2254382
2016-09-14,71.5000,71.6700,70.9300,71.2900,41.8534,2019095
2016-09-15,71.0700,71.6900,70.8200,71.6000,42.0354,2081375
2016-09-16,71.3200,71.4300,70.0900,70.3000,41.2722,5478324
2016-09-19,70.8800,71.1100,70.5700,70.6900,41.5011,1892943
2016-09-20,70.9100,71.4300,70.9000,71.0900,41.7360,1683988
2016-09-21,71.7600,72.0700,71.4800,71.5600,42.0119,1866065
2016-09-22,72.3200,73.9400,72.3000,73.5500,43.1802,3249181
2016-09-23,73.3100,73.8000,72.8600,73.3100,43.0393,2533394
2016-09-26,73.1100,73.1900,72.3000,72.4800,42.5520,2891560
2016-09-27,72.5100,72.9700,71.8200,72.3600,42.4816,1739603
2016-09-28,72.5000,73.7200,72.4400,73.0600,42.8925,1645921
2016-09-29,74.1000,75.9100,74.0000,74.3600,43.6557,3870048
2016-09-30,73.6000,76.3400,73.4000,76.1100,44.6831,4420558
2016-10-04,75.5500,78.0000,75.4700,77.5800,45.5462,3558376
2016-10-05,76.7500,77.4700,76.5600,77.4400,45.4640,1883372
2016-10-06,78.4900,78.7400,77.5300,78.2400,45.9336,3172356
2016-10-07,78.1600,78.4500,77.3900,78.1500,45.8808,3004547
2016-10-10,78.0000,78.7900,77.4300,78.5200,46.0980,1799865
2016-10-11,78.3300,79.4000,78.2300,78.3300,45.9865,2376726
2016-10-12,79.9900,79.9900,78.1600,78.3300,45.9865,3495271
2016-10-13,77.5100,77.8800,77.2200,77.8300,45.6929,2393160
2016-10-14,78.0800,79.6000,78.0500,79.2600,46.5325,2590272
2016-10-17,78.9900,79.1000,78.2600,78.2800,45.9571,2591674
2016-10-18,78.8600,79.6300,78.4600,78.9300,46.3387,2671434
2016-10-19,78.6300,79.4300,78.4400,79.1100,46.4444,1996986
2016-10-20,79.1600,79.9400,78.7500,79.6400,46.7556,2125007
2016-10-21,79.7800,79.9900,79.2600,79.8100,46.8554,1934564
2016-10-24,79.9800,80.6600,79.9400,80.0000,46.9669,1919974
2016-10-25,79.7600,80.8900,79.7100,80.4400,47.2252,1659436
2016-10-26,80.0400,80.2100,79.0700,79.5800,46.7203,1747959
2016-10-27,79.0400,80.2700,78.7000,80.1600,47.0608,1977208
2016-10-28,79.7600,80.8300,79.2100,80.5200,47.2722,1912637
2016-10-31,80.0400,80.7400,80.0100,80.3000,47.1430,2051225
2016-11-01,80.7900,80.8800,78.7500,78.9500,46.3505,2205235
2016-11-02,78.4000,78.6700,77.5900,78.1000,45.8514,2292813
2016-11-03,77.7200,78.0600,77.0600,77.2100,45.3289,2394482
2016-11-04,76.8900,77.4100,76.5700,77.0500,45.2350,2338973
2016-11-07,78.1100,78.6900,77.9700,78.3800,46.0158,1732278
2016-11-08,78.3000,79.4500,78.2700,79.2500,46.5266,2004629
2016-11-09,76.8400,80.2200,76.5000,80.1300,47.0432,4195185
2016-11-10,80.3900,81.7400,80.3400,81.3500,47.7595,4213856
2016-11-11,81.1700,81.4200,80.3300,80.8800,47.4835,2174151
2016-11-14,81.1600,82.1200,81.1000,81.5700,47.8886,2906291
2016-11-15,81.6700,81.9300,81.0700,81.5700,47.8886,1725653
2016-11-16,81.9100,82.1400,80.9900,81.0600,47.5892,2003072
2016-11-17,80.8900,81.3300,80.5900,81.2000,47.6714,1722390
2016-11-18,81.3300,81.4900,79.9700,80.4000,47.2017,2722820
2016-11-21,80.9300,81.1500,79.7200,80.1900,47.0785,1487544
2016-11-22,80.8800,81.1700,80.6100,80.6300,47.3368,1692001
2016-11-23,80.7200,80.9800,79.7400,80.1500,47.0550,2022579
2016-11-24,80.4500,81.0700,80.2900,80.6100,47.3250,1275418
2016-11-25,80.6800,80.7300,79.8500,80.5000,47.2604,1361964
2016-11-28,80.3700,80.4600,78.5700,78.8100,46.2683,2143473
2016-11-29,78.7600,78.8400,77.8400,78.6800,46.1920,1689270
2016-11-30,78.9000,81.7800,78.8500,80.9900,47.5481,4255410
2016-12-01,81.1100,81.2800,80.1800,81.0600,47.5892,2931146
2016-12-02,80.6900,81.3900,79.9800,81.0100,47.5599,2297406
2016-12-05,81.9400,83.9200,81.9100,82.9800,48.7164,3824472
2016-12-06,82.8600,83.3000,82.4800,83.1400,48.8104,2160963
2016-12-07,83.9700,84.8800,83.8400,84.8200,49.7967,2950232
2016-12-08,84.9100,85.9000,84.3000,85.7200,50.3250,3283973
2016-12-09,85.5800,86.0000,85.3800,85.3800,50.1254,2057146
2016-12-12,85.5000,86.0300,85.3300,85.8800,50.4190,2003901
2016-12-13,85.9600,86.1500,85.4200,86.0400,50.5129,2497035
2016-12-14,85.6700,86.0000,85.4100,85.8200,50.3837,2044747
2016-12-15,85.9500,86.5000,85.7200,86.3600,50.7008,3393788
2016-12-16,86.2500,87.7200,86.1300,87.7200,51.4992,9616058
2016-12-19,87.5600,87.9200,87.2400,87.6800,51.4757,2108468
2016-12-20,87.6300,87.9400,86.9200,87.5600,51.4053,2086196
2016-12-21,87.4600,87.8300,87.2600,87.6100,51.4346,1496832
2016-12-22,87.3700,87.8100,87.2900,87.8100,51.5521,1322382
2016-12-23,87.8000,87.8700,87.0300,87.4500,51.3407,997702
2016-12-27,87.4000,87.9200,87.4000,87.7400,51.5110,709626
2016-12-28,87.7100,88.1900,87.7100,88.0000,51.6636,1132814
2016-12-29,87.6400,88.1000,87.3400,87.9600,51.6401,953534
2016-12-30,88.0000,88.3100,87.3500,88.3100,51.8456,1410168
2017-01-02,87.5000,88.8100,87.1000,88.7000,52.0746,1245318
2017-01-03,88.8800,88.8800,87.4200,87.7000,51.4875,2806564
2017-01-04,87.8900,88.1500,87.2700,88.1500,51.7517,1955701
2017-01-05,87.5400,88.2500,87.3900,87.7900,51.5403,1753933
2017-01-06,87.5000,87.7300,87.2700,87.5200,51.3818,1518979
2017-01-09,87.7800,87.7900,86.9100,87.6600,51.4640,1398151
2017-01-10,87.8000,88.4600,87.7600,88.1000,51.7223,1656378
2017-01-11,87.9800,89.4700,87.7000,89.0500,52.2800,1863541
2017-01-12,88.7100,89.1800,88.1100,88.1800,51.7693,1487913
2017-01-13,88.4800,89.3400,88.2900,89.0600,52.2859,1566144
2017-01-16,88.5600,88.8200,88.0800,88.2900,51.8339,1215592
2017-01-17,88.1100,88.8900,87.2800,88.6300,52.0335,1953765
2017-01-18,89.0100,89.2400,88.6000,89.0500,52.2800,1657978
2017-01-19,89.8600,90.3900,89.4000,89.5000,52.5442,2619702
2017-01-20,89.4200,89.9200,89.0400,89.9200,52.7908,2949945
2017-01-23,89.1100,89.8000,88.6200,89.0100,52.2565,1711761
2017-01-24,88.9500,89.5000,88.5700,89.2900,52.4209,1797797
2017-01-25,89.9400,90.7100,89.7600,90.3000,53.0139,2364192
2017-01-26,90.5500,90.8000,89.8400,90.8000,53.3074,2084688
2017-01-27,90.6400,91.5500,90.3600,91.1800,53.5305,2077175
2017-01-30,90.8200,91.1600,90.2800,90.3700,53.0550,1624805
2017-01-31,90.2000,90.7300,89.1200,89.1200,52.3211,2483410
2017-02-01,89.3000,90.8500,89.1900,89.7700,52.7027,2483034
2017-02-02,89.7900,90.6100,89.5400,89.5400,52.5677,1632446
2017-02-03,89.3800,89.5000,88.0000,89.0700,52.2918,2108247
2017-02-06,88.7100,89.5400,87.6100,87.6100,51.4346,2383760
2017-02-07,87.1900,89.3100,86.1600,89.0000,52.2507,2242727
2017-02-08,88.8600,88.9600,87.4000,87.5500,51.3994,2387166
2017-02-09,88.2000,88.5900,87.4400,88.2300,51.7986,2010088
2017-02-10,88.6600,89.2200,88.4200,88.5500,51.9865,1481949
2017-02-13,89.1100,90.7500,88.9200,89.7900,52.7145,1992778
2017-02-14,90.1400,90.5600,89.7000,89.8000,52.7204,1220713
2017-02-15,90.1500,90.2300,89.5000,90.0400,52.8612,1819991
2017-02-16,89.9300,90.2200,89.1900,89.3900,52.4796,1668655
2017-02-17,89.1600,89.4900,88.5800,89.1000,52.3094,1997092
2017-02-20,89.4600,89.8900,89.2400,89.6400,52.6264,1226412
2017-02-21,89.4200,90.5200,89.2700,90.2600,52.9904,1715267
2017-02-22,90.3900,90.7700,89.6300,90.0300,52.8554,1963390
2017-02-23,90.1000,90.4800,89.6100,89.9500,52.8084,1686238
2017-02-24,88.0000,88.0000,86.4100,87.3600,51.2879,5211660
2017-02-27,87.6500,87.9700,87.1700,87.7000,51.4875,1940104
2017-02-28,87.8000,88.1900,87.2800,87.9000,51.6049,2199495
2017-03-01,88.4900,90.1100,88.2100,89.8100,52.7262,2446735
2017-03-02,90.0000,91.5900,90.0000,90.3600,53.0491,2881313
2017-03-03,89.9500,90.7100,89.8300,90.2700,52.9963,2274339
2017-03-06,90.0100,90.7100,89.6500,90.0800,52.8847,1623964
2017-03-07,90.3000,90.6700,90.1000,90.4800,53.1196,1858203
2017-03-08,90.0900,90.8700,90.0000,90.2000,52.9552,1421783
2017-03-09,89.8100,90.9700,89.5200,90.2300,52.9728,2035708
2017-03-10,90.4500,90.9700,89.2200,89.3000,52.4268,2565178
2017-03-13,89.1400,89.6200,88.9200,89.0400,52.2742,1626037
2017-03-14,89.0000,89.2500,88.6100,88.9500,52.2213,1869226
2017-03-15,88.8700,89.6600,88.8700,89.2800,52.4151,1757622
2017-03-16,90.5000,90.9500,89.6000,89.7300,52.6793,3295927
2017-03-17,89.4400,90.2700,89.1800,89.3100,52.4327,4603731
2017-03-20,88.8600,89.3200,88.5700,89.0000,52.2507,1524049
2017-03-21,89.2500,89.6500,88.3500,88.5800,52.0041,1950094
2017-03-22,87.8400,88.7000,87.4400,88.7000,52.0746,2212207
2017-03-23,88.5400,89.7600,88.4200,89.6500,52.6323,1757609
2017-03-24,89.6800,90.4200,89.4500,90.2600,52.9904,2026974
2017-03-27,89.5300,90.5100,89.3100,90.0300,52.8554,1788573
2017-03-28,90.3000,91.5400,89.9800,91.5400,53.7419,1594134
2017-03-29,91.6900,92.3700,91.5700,92.1000,54.0706,1720123
2017-03-30,92.1100,93.2600,92.1100,93.0000,54.5990,1879131
2017-03-31,92.9800,93.2500,92.4700,92.9200,54.5521,3005235
2017-04-03,93.2500,93.7800,93.0500,93.0500,54.6284,1883310
2017-04-04,93.0500,93.9400,92.8300,93.8200,55.0804,1600319
2017-04-05,94.0000,94.3200,93.1200,93.1300,54.6753,1617801
2017-04-06,92.8100,93.6200,92.4100,93.5100,54.8984,1503967
2017-04-07,93.1000,93.3300,92.7600,93.2700,54.7575,1628814
2017-04-10,93.6400,93.7700,92.6500,92.7900,54.4757,1385941
2017-04-11,92.2100,93.0100,90.8900,91.8100,53.9004,2450404
2017-04-12,91.8200,92.4900,91.1600,91.4500,53.6890,1712789
2017-04-13,91.2700,91.4800,90.5200,90.7700,53.2898,1902921
2017-04-18,91.0000,91.2800,89.5400,89.5400,52.5677,2040608
2017-04-19,89.4500,89.7700,88.7600,88.7600,52.1098,1933494
2017-04-20,88.4700,88.9900,88.0200,88.5000,51.9571,2330043
2017-04-21,88.7200,89.1600,88.5200,88.7700,52.1157,3303999
2017-04-24,90.8500,93.0300,90.5500,92.5300,54.3231,3769964
2017-04-25,92.9000,93.0500,91.6900,92.1600,54.1059,2079206
2017-04-26,92.3300,92.4500,90.9900,91.1900,53.5364,2289769
2017-04-27,89.5000,90.3000,88.6600,89.9800,52.8260,3386940
2017-04-28,89.6100,90.2200,89.2000,89.4600,52.5207,2632064
2017-05-02,89.8500,90.0000,88.8100,89.5400,52.5677,2615196
2017-05-03,89.5400,89.6800,88.9700,89.5300,52.5618,2110103
2017-05-04,89.8400,90.6800,89.7000,90.0600,52.8730,2476782
2017-05-05,89.7800,90.1400,88.8000,90.1400,52.9200,2927832
2017-05-08,90.5300,90.5300,89.0300,89.2400,52.3916,2568102
2017-05-09,89.6800,90.6000,89.4800,89.9300,52.7967,2307444
2017-05-10,89.9100,90.5300,89.7300,90.0800,52.8847,2198506
2017-05-11,90.4500,91.0500,89.5800,90.1100,52.9024,2380862
2017-05-12,90.2900,90.6000,88.9600,89.5600,52.5794,3874954
2017-05-15,87.5400,88.4700,87.0100,88.3500,53.6668,3844064
2017-05-16,88.1100,88.4800,87.2600,87.3300,53.0472,2282718
2017-05-17,86.9500,87.3400,85.0500,85.4900,51.9295,2844320
2017-05-18,85.5000,86.2000,84.5400,85.6000,51.9963,3321997
2017-05-19,85.8000,86.2800,85.2200,85.7400,52.0814,2784821
2017-05-22,86.0900,86.2700,85.1800,85.1800,51.7412,1929269
2017-05-23,85.0000,85.8100,84.8400,85.4900,51.9295,1601059
2017-05-24,85.2300,85.7900,84.5300,84.6000,51.3889,2020730
2017-05-25,84.9100,85.2400,83.7700,84.2800,51.1945,1468390
2017-05-26,84.0000,84.2300,83.1700,83.8600,50.9394,1929195
2017-05-29,83.7500,84.7300,83.7000,84.7000,51.4496,1070063
2017-05-30,84.5300,84.9200,84.1700,84.1700,51.1277,1748666
2017-05-31,84.1500,85.1700,83.8300,83.8400,50.9272,2968691
2017-06-01,83.9100,84.5900,83.4200,83.8300,50.9212,1830702
2017-06-02,84.2000,85.5400,84.1100,85.3100,51.8202,2485532
2017-06-05,85.3100,85.3100,85.3100,85.3100,51.8202,0
2017-06-06,84.7800,85.0400,84.2200,84.3900,51.2613,2161210
2017-06-07,84.0800,84.7500,83.7100,83.9000,50.9637,1948560
2017-06-08,83.9200,84.4200,83.5800,84.2600,51.1824,1563565
2017-06-09,84.3900,86.5900,84.2000,86.5900,52.5977,2949451
2017-06-12,86.5400,86.7300,85.4300,86.0200,52.2514,1836218
2017-06-13,86.4200,86.6700,86.0400,86.3400,52.4458,1744153
2017-06-14,86.6200,87.4000,86.1800,86.1800,52.3486,2352408
2017-06-15,86.1100,86.4200,84.4400,84.9300,51.5893,2914578
2017-06-16,85.1600,85.6200,84.8600,85.0300,51.6501,8527036
2017-06-19,85.7200,87.4300,85.7200,87.1200,52.9196,2177583
2017-06-20,87.5500,87.9800,86.4700,86.5500,52.5734,1705665
2017-06-21,86.3000,86.4700,85.6600,85.8900,52.1725,1519583
2017-06-22,85.7500,85.9900,85.1500,85.5600,51.9720,1499142
2017-06-23,84.8200,85.0300,84.1600,84.9800,51.6197,1922696
2017-06-26,85.1100,85.8000,84.6700,84.8900,51.5650,1401576
2017-06-27,84.8800,85.3900,84.1700,84.3900,51.2613,1890418
2017-06-28,84.0500,84.1600,83.3500,83.9200,50.9758,2408685
2017-06-29,84.2800,84.5900,82.0400,82.2600,49.9675,2940053
2017-06-30,82.2000,82.3500,81.0300,81.0900,49.2568,4041956
2017-07-03,82.0600,83.0000,81.6000,82.5700,50.1558,1859664
2017-07-04,82.0700,82.7600,82.0200,82.3600,50.0282,1370744
2017-07-05,82.2700,82.6700,81.9000,82.1300,49.8885,1799044
2017-07-06,82.0000,82.2800,80.8900,81.3400,49.4086,2534890
2017-07-07,81.2000,81.4000,80.6400,81.1200,49.2750,1557598
2017-07-10,81.5800,81.7400,81.1500,81.4700,49.4876,1237153
2017-07-11,81.5000,82.2700,81.3000,81.8200,49.7002,1737434
2017-07-12,82.1000,82.4700,81.6100,82.1200,49.8824,2222823
2017-07-13,82.1500,83.1400,82.1100,82.7000,50.2348,1897808
2017-07-14,82.9300,83.7200,82.5700,83.7200,50.8543,2427354
2017-07-17,83.7700,84.1800,82.9400,83.6100,50.7875,1415372
2017-07-18,83.2500,83.5600,81.3700,81.7800,49.6759,2586339
2017-07-19,81.7800,81.9900,81.2400,81.7200,49.6395,1933905
2017-07-20,82.2900,83.3300,81.3600,81.7900,49.6820,2761024
2017-07-21,81.7000,82.5500,80.1100,80.8800,49.1292,4111544
2017-07-24,80.9800,81.3900,80.6400,80.9200,49.1535,2243673
2017-07-25,80.8300,81.4800,80.7400,81.0000,49.2021,1794812
2017-07-26,80.8100,81.4200,80.3700,81.3300,49.4026,2090337
2017-07-27,80.2500,81.3000,79.3200,79.7400,48.4367,4175133
2017-07-28,79.3600,79.7800,78.9700,79.6400,48.3760,2790366
2017-07-31,80.0300,81.5800,79.9100,80.5900,48.9531,3750807
2017-08-01,80.7100,81.8700,79.9100,81.2500,49.3540,2360676
2017-08-02,81.5300,81.8500,80.2400,80.7100,49.0260,2080973
2017-08-03,80.4000,80.8300,79.9400,80.6000,48.9591,1589396
2017-08-04,80.5000,82.4000,80.4600,82.1100,49.8764,2497001
2017-08-07,82.2300,82.4700,81.4700,81.7100,49.6334,1841001
2017-08-08,81.5000,82.1200,80.9100,81.7000,49.6273,1473764
2017-08-09,81.0000,81.1400,80.3900,80.6400,48.9834,2080577
2017-08-10,80.7000,80.8100,79.4300,79.8000,48.4732,2255808
2017-08-11,79.4200,80.5100,79.2400,79.8700,48.5157,2292171
2017-08-14,80.6000,81.2900,80.4900,80.9500,49.1717,2039348
2017-08-15,81.1200,81.2700,80.6600,80.9300,49.1596,1001699
2017-08-16,81.3000,82.0200,81.3000,81.8300,49.7063,1715405
2017-08-17,81.7300,81.9900,81.1700,81.4800,49.4937,1525508
2017-08-18,80.7100,81.4500,80.4700,81.4000,49.4451,1974400
2017-08-21,80.9900,81.2300,80.2100,80.4400,48.8620,1381482
2017-08-22,81.0500,82.3800,81.0100,82.2200,49.9432,2182242
2017-08-23,82.2800,82.6600,82.0900,82.3700,50.0343,1581131
2017-08-24,82.6000,82.8300,82.2100,82.5800,50.1619,1728797
2017-08-25,82.7700,83.0400,82.2500,82.3000,49.9918,1377522
2017-08-28,82.0000,82.1400,81.2700,81.7600,49.6638,1213141
2017-08-29,81.2400,81.3200,80.0100,80.6700,49.0017,2602539
2017-08-30,81.3100,81.9200,81.2000,81.4800,49.4937,1797888
2017-08-31,82.0700,82.3300,81.3700,81.3700,49.4269,1943147
2017-09-01,81.8000,83.0300,81.4600,82.4400,50.0768,2297306
2017-09-04,81.6200,82.6000,81.5800,82.2400,49.9553,992501
2017-09-05,82.4400,83.1100,82.2600,82.6700,50.2165,1808749
2017-09-06,82.1600,83.4800,81.9900,83.1700,50.5202,2174468
2017-09-07,83.5800,84.5500,83.5400,83.9000,50.9637,2972667
2017-09-08,83.4700,84.4000,83.4000,84.4000,51.2674,1698540
2017-09-11,84.9000,85.9800,84.6500,85.6000,51.9963,2194093
2017-09-12,86.2100,86.4600,85.8600,86.0400,52.2636,1819646
2017-09-13,85.7500,86.2300,85.4400,86.1300,52.3183,1879947
2017-09-14,85.8200,86.3600,85.8200,86.1000,52.3000,2235363
2017-09-15,86.1900,86.9500,86.0100,86.2000,52.3608,6686146
2017-09-18,86.9100,87.4600,86.5800,87.4600,53.1261,1713387
2017-09-19,87.5000,87.6500,87.1100,87.3300,53.0472,1298562
2017-09-20,87.1600,87.8500,86.8900,87.8500,53.3630,1322166
2017-09-21,88.0300,88.6800,88.0200,88.4300,53.7153,1380965
2017-09-22,88.1500,88.9900,88.1000,88.3400,53.6607,1679703
2017-09-25,88.1000,88.8700,87.6500,88.6300,53.8368,1361532
2017-09-26,88.2500,88.9300,88.0500,88.8900,53.9948,1333980
2017-09-27,88.8500,89.3500,88.6100,88.6100,53.8247,1682044
2017-09-28,88.6500,89.2900,88.6400,89.1200,54.1345,1447373
2017-09-29,89.4800,90.0400,89.2500,90.0400,54.6933,2726464
2017-10-02,90.2000,90.5000,89.2600,89.8700,54.5901,1959604
2017-10-03,89.8700,89.8700,89.8700,89.8700,54.5901,0
2017-10-04,90.1000,90.3000,89.1900,89.5700,54.4078,2290978
2017-10-05,89.3800,90.3300,89.2200,90.3300,54.8695,1526329
2017-10-06,90.5000,90.9600,89.8700,89.9700,54.6508,1482790
2017-10-09,90.0000,90.3900,89.7900,90.2100,54.7966,1058744
2017-10-10,90.0500,90.3700,89.5400,90.0000,54.6690,1159041
2017-10-11,89.9600,90.0000,88.6300,89.2400,54.2074,1908710
2017-10-12,89.0500,89.3800,88.7300,89.3100,54.2499,1145312
2017-10-13,88.5000,89.6600,88.1100,88.9000,54.0008,2137781
2017-10-16,89.0000,89.4500,88.8500,89.0300,54.0798,1299925
2017-10-17,88.9000,89.8200,88.9000,89.3100,54.2499,1486780
2017-10-18,89.5900,90.4700,89.2000,90.2700,54.8330,1573149
2017-10-19,90.4300,90.4800,89.5100,90.0500,54.6994,1755231
2017-10-20,90.5000,90.8700,90.3600,90.4500,54.9424,2135630
2017-10-23,90.6400,91.0500,90.1300,91.0000,55.2765,1532566
2017-10-24,91.0000,91.0000,89.4200,90.1100,54.7358,2883262
2017-10-25,90.1000,92.1300,90.0500,91.0500,55.3068,3073321
2017-10-26,91.3500,92.7500,91.1700,92.6200,56.2605,2698266
2017-10-27,92.8000,94.3800,92.7300,93.8300,56.9955,3670545
2017-10-30,93.8700,94.0600,93.1200,93.6200,56.8679,1847535
2017-10-31,93.6200,93.6200,93.6200,93.6200,56.8679,0
2017-11-01,94.5900,96.2900,94.4800,96.0100,58.3197,3401739
2017-11-02,95.6300,96.1700,95.4100,95.9900,58.3075,1454812
2017-11-03,96.1700,97.1000,96.0600,97.0100,58.9271,2049949
2017-11-06,96.9200,97.4800,96.3300,97.4600,59.2005,1624704
2017-11-07,97.7500,97.9000,96.3300,96.6000,58.6781,2093906
2017-11-08,95.8500,96.7600,95.3000,96.6700,58.7206,1988734
2017-11-09,96.7000,96.9900,94.6400,95.1400,57.7912,2453843
2017-11-10,94.9600,95.5800,94.3000,94.4300,57.3600,1730883
2017-11-13,94.5800,94.9000,93.1600,93.8200,56.9894,1834087
2017-11-14,94.1400,94.5200,92.7000,93.0400,56.5156,1741623
2017-11-15,92.6000,92.8800,91.3000,92.5300,56.2058,2272071
2017-11-16,93.1500,93.1800,92.2100,92.5700,56.2301,1654452
2017-11-17,92.5800,93.0100,91.8600,92.0100,55.8900,2011114
2017-11-20,91.5000,92.9500,91.4000,92.5600,56.2240,1559422
2017-11-21,92.2500,93.8400,91.8400,93.5700,56.8376,2169314
2017-11-22,94.3500,95.0400,92.6400,92.6800,56.2969,1893403
2017-11-23,91.9600,92.8400,91.8300,92.4100,56.1329,1386153
2017-11-24,92.3000,95.9800,91.8700,95.1000,57.7669,3582399
2017-11-27,94.7600,95.3900,93.3500,93.3500,56.7039,2046293
2017-11-28,93.4600,94.2600,93.0700,94.1000,57.1595,1579188
2017-11-29,94.8400,95.1000,93.5100,93.6300,56.8740,1599620
2017-11-30,94.1000,95.1100,93.7300,94.0000,57.0988,2919701
2017-12-01,94.1300,94.5100,91.8700,92.6400,56.2726,2992673
2017-12-04,94.3600,94.4600,93.1900,94.3000,57.2810,1724642
2017-12-05,94.3600,94.7500,93.0800,94.1000,57.1595,1750715
2017-12-06,93.0100,94.3300,92.5200,93.8900,57.0319,1588991
2017-12-07,93.0900,93.6300,92.5300,93.0700,56.5338,1749891
2017-12-08,93.5000,94.6700,93.5000,94.0800,57.1473,2218670
2017-12-11,93.9400,94.3500,93.3700,93.8600,57.0137,1438683
2017-12-12,93.8900,94.2200,93.3900,94.2100,57.2263,1557310
2017-12-13,94.1500,94.6600,93.5200,94.1500,57.1899,1699305
2017-12-14,94.0300,94.6700,93.5600,93.7500,56.9469,2187898
2017-12-15,93.5500,94.1200,93.0200,93.6700,56.8983,6116152
2017-12-18,94.2500,95.6600,94.2400,95.4600,57.9856,2095664
2017-12-19,95.0000,95.3800,94.2800,94.2800,57.2688,1452493
2017-12-20,94.5000,94.6900,92.4400,93.1300,56.5703,2028451
2017-12-21,93.0900,94.2500,92.6500,93.6900,56.9105,1593495
2017-12-22,93.2500,93.7200,92.9100,93.5100,56.8011,1178342
2017-12-27,93.5200,94.2000,92.9300,93.5900,56.8497,899321
2017-12-28,93.4500,93.7800,92.6900,92.7800,56.3577,1067955
2017-12-29,92.9100,92.9900,91.6500,91.7400,55.7260,1458660
2018-01-02,91.5600,91.6400,90.5700,91.3100,55.4648,2418347
2018-01-03,91.4100,92.2300,91.3200,91.5800,55.6288,2014077
2018-01-04,92.2200,93.8100,92.0900,93.5500,56.8254,2424483
2018-01-05,93.4100,94.8500,93.3700,94.8500,57.6151,2147921
2018-01-08,94.6400,95.1800,94.3800,95.0100,57.7123,1743044
2018-01-09,94.8700,95.4100,94.6300,94.7000,57.5240,1552643
2018-01-10,94.3800,94.5400,92.9000,93.2800,56.6614,2358809
2018-01-11,93.3800,94.1100,92.9400,93.9800,57.0866,3049311
2018-01-12,94.4700,95.1000,93.8000,94.8700,57.6272,2057586
2018-01-15,94.7400,94.7500,93.6200,94.1100,57.1656,1517805
2018-01-16,94.0900,95.0000,93.3900,93.9000,57.0380,2003713
2018-01-17,93.4300,94.7300,93.2000,93.5800,56.8436,2379163
2018-01-18,93.8500,96.8600,93.6700,96.1500,58.4047,3849495
2018-01-19,96.9800,98.8000,96.6800,97.6700,59.3280,5752102
2018-01-22,97.7700,98.0700,96.4800,97.1600,59.0182,2041674
2018-01-23,98.1500,98.4300,96.7600,97.2700,59.0851,2154363
2018-01-24,97.2700,97.7700,96.2200,96.2200,58.4473,2430027
2018-01-25,96.0400,96.6100,94.9100,95.3500,57.9188,2951628
2018-01-26,95.3200,95.5500,94.8700,95.2900,57.8824,1904554
2018-01-29,95.0900,95.4200,94.3400,95.1700,57.8095,1852352
2018-01-30,94.0500,95.2800,94.0000,94.7000,57.5240,2656528
2018-01-31,94.8900,95.3200,93.9100,94.3200,57.2931,2603476
2018-02-01,94.8300,95.2700,92.1700,92.6000,56.2483,3374767
2018-02-02,92.3000,92.3700,90.1900,90.3900,54.9059,3319599
2018-02-05,89.7600,90.6500,89.0500,89.9400,54.6326,2832460
2018-02-06,86.1000,89.6000,84.1800,88.4800,53.7457,6216382
2018-02-07,88.8100,90.0000,88.0400,89.2900,54.2377,3750195
2018-02-08,88.6400,88.8500,85.6000,86.3400,52.4458,3732881
2018-02-09,86.4000,86.9300,84.0800,84.8300,51.5286,4197137
2018-02-12,86.2000,87.1300,85.7700,86.0900,52.2940,3113686
2018-02-13,86.1200,86.5700,85.4400,85.6200,52.0085,2226801
2018-02-14,86.2000,86.8100,83.7600,86.3000,52.4215,3113274
2018-02-15,87.0300,87.7400,85.8700,86.4400,52.5066,2321280
2018-02-16,86.9400,87.3900,86.1000,86.7400,52.6888,2867326
2018-02-19,87.2900,87.3100,85.9700,86.2500,52.3911,1545847
2018-02-20,86.5900,87.6800,86.2200,87.4800,53.1383,2562926
2018-02-21,87.1000,87.6600,86.6000,87.4900,53.1444,1900503
2018-02-22,86.7600,88.6200,86.2800,88.1100,53.5210,2502378
2018-02-23,88.4600,88.5000,87.7800,88.0700,53.4967,2014611
2018-02-26,88.7000,89.2700,88.4800,88.8600,53.9765,2199082
2018-02-27,88.2000,88.5000,86.4900,86.9800,52.8346,3331896
2018-02-28,86.3500,87.1700,86.1800,86.4100,52.4883,2493950
2018-03-01,86.4000,86.5200,84.3500,84.9700,51.6136,3934490
2018-03-02,83.9000,84.1500,82.5000,82.8200,50.3076,3686532
2018-03-05,82.1800,84.2600,82.0000,84.1600,51.1216,3142585
2018-03-06,85.1900,85.4400,83.4800,83.4800,50.7086,2408844
2018-03-07,83.1000,85.0200,82.7500,84.6500,51.4193,2585546
2018-03-08,84.4400,85.5000,83.7300,85.3200,51.8262,2541612
2018-03-09,84.8000,85.3000,83.9800,84.9900,51.6258,2846611
2018-03-12,85.7900,85.8200,85.0500,85.4600,51.9113,1651316
2018-03-13,85.2200,85.8900,83.3400,83.8900,50.9576,2869515
2018-03-14,83.7600,84.0600,83.0300,83.3000,50.5992,2767451
2018-03-15,83.6400,84.3000,83.1700,84.0300,51.0426,2853654
2018-03-16,84.8000,84.8000,83.7800,84.7400,51.4739,7132536
2018-03-19,84.3100,84.4300,83.2600,83.6000,50.7814,2445243
2018-03-20,83.6900,84.4800,83.4800,84.4300,51.2856,1825617
2018-03-21,84.6800,85.1400,83.9900,84.7800,51.4982,1970661
2018-03-22,83.9600,84.4400,81.7000,82.5100,50.1193,3760357
2018-03-23,81.9100,82.1500,80.5600,81.0700,49.2446,3819396
2018-03-26,81.4800,82.2200,80.1600,80.8300,49.0989,2905603
2018-03-27,82.1500,82.8800,81.7500,82.5000,50.1133,2918069
2018-03-28,81.7900,81.9200,80.4100,81.2200,49.3358,3289246
2018-03-29,81.6800,82.8600,81.5100,82.4700,50.0950,3297454
2018-04-03,81.8200,82.3900,81.0500,81.8900,49.7427,2537547
2018-04-04,81.8700,82.0800,80.3600,82.0100,49.8156,3088886
2018-04-05,83.6800,84.6000,83.4300,84.4000,51.2674,3410957
2018-04-06,83.9100,84.2800,83.4500,83.9900,51.0183,2421543
2018-04-09,84.5500,84.8500,83.0100,83.5300,50.7389,2028826
2018-04-10,83.9000,84.4800,83.5500,84.0400,51.0487,1884678
2018-04-11,83.6800,83.9500,82.5300,82.9800,50.4048,2224445
2018-04-12,83.1200,84.4100,82.7400,83.9500,50.9940,2128218
2018-04-13,84.4800,84.9100,83.8800,84.1200,51.0973,1838018
2018-04-16,84.3900,84.6600,83.9500,84.1900,51.1398,1515741
2018-04-17,84.5000,85.7300,84.3000,85.3200,51.8262,2264874
2018-04-18,85.4500,86.2600,85.2900,86.0100,52.2454,2046284
2018-04-19,86.3600,86.3900,85.7500,86.0700,52.2818,1823285
2018-04-20,86.2200,86.8800,85.7700,86.6900,52.6584,3353880
2018-04-23,86.6500,87.0800,86.0900,87.0500,52.8771,1753764
2018-04-24,86.7600,87.5000,85.7800,86.4000,52.4823,2478654
2018-04-25,85.9000,86.0500,83.6100,84.4200,51.2795,3805851
2018-04-26,84.5000,84.8300,83.9600,84.6000,51.3889,2448651
2018-04-27,85.5000,86.6000,85.4000,86.0700,52.2818,2577380
2018-04-30,86.1200,86.4300,85.7800,86.3200,52.4337,2257728
2018-05-02,86.2500,87.8000,85.7700,87.2800,53.0168,3450053
2018-05-03,87.2100,87.2200,85.4200,85.7900,52.1117,3001222
2018-05-04,87.2000,87.2000,85.4500,86.8800,52.7738,4824097
2018-05-07,84.6200,85.9100,84.3800,85.6500,53.9518,3521614
2018-05-08,85.5800,85.8900,85.0200,85.8900,54.1029,2400291
2018-05-09,85.6300,86.2200,85.2600,86.1400,54.2604,2264597
2018-05-10,86.5400,87.3900,86.4500,87.3800,55.0415,2547886
2018-05-11,87.3600,87.7900,86.6400,86.8700,54.7203,2215290
2018-05-14,86.8600,86.9000,86.2300,86.7600,54.6510,1629328
2018-05-15,86.5100,87.7200,86.4200,87.6300,55.1990,2631972
2018-05-16,87.7000,88.7100,87.6500,88.5800,55.7974,2267261
2018-05-17,88.5000,88.9800,88.1900,88.9000,55.9990,1957603
2018-05-18,89.0000,89.3100,88.4600,88.9700,56.0431,3642891
2018-05-21,88.9700,88.9700,88.9700,88.9700,56.0431,0
2018-05-22,89.5300,90.0200,88.8100,89.8000,56.5659,2896995
2018-05-23,89.3700,89.4500,87.2000,87.7500,55.2746,3294233
2018-05-24,88.5500,89.0600,86.5900,87.1100,54.8714,3162486
2018-05-25,87.4000,88.3600,86.8900,87.6400,55.2053,2446596
2018-05-28,87.9800,88.2600,86.5300,86.6300,54.5691,1670341
2018-05-29,86.3900,86.6700,85.0500,85.2800,53.7187,3889925
2018-05-30,85.2900,86.0900,85.0200,85.9400,54.1344,2986291
2018-05-31,86.0600,86.2300,83.9900,84.2500,53.0699,4318449
2018-06-01,84.8900,85.3800,84.4600,84.9300,53.4982,2462031
2018-06-04,85.6600,85.7200,84.6900,85.0200,53.5549,1761990
2018-06-05,84.4600,86.4900,84.4300,85.3500,53.7628,2608159
2018-06-06,85.1600,85.7700,84.6400,85.6400,53.9455,2436527
2018-06-07,85.8300,86.3700,84.7400,85.2900,53.7250,1990726
2018-06-08,84.2700,86.1800,83.9000,85.8800,54.0966,2715162
2018-06-11,86.5000,87.9000,86.3100,87.7900,55.2998,3227009
2018-06-12,88.5400,88.9000,87.2300,87.4500,55.0856,2583747
2018-06-13,87.4400,87.5000,86.6300,86.6300,54.5691,2440802
2018-06-14,86.0000,88.6100,85.7100,88.0700,55.4761,3865008
2018-06-15,88.1800,88.8700,87.5000,87.5000,55.1171,6619292
2018-06-18,87.4900,87.7100,85.6700,86.2500,54.3297,2196376
2018-06-19,84.8000,85.3700,84.3100,84.9600,53.5171,2786184
2018-06-20,85.5300,86.0100,85.0000,85.0900,53.5990,2091417
2018-06-21,85.2800,85.4700,82.9400,83.4000,52.5345,2916533
2018-06-22,83.5200,83.7300,82.8900,83.5500,52.6290,2195601
2018-06-25,82.8400,83.3800,81.0900,81.1600,51.1235,3001793
2018-06-26,81.4900,81.8000,80.2500,80.4600,50.6825,2714210
2018-06-27,80.7000,82.3900,79.7900,81.7700,51.5077,3344988
2018-06-28,81.5900,82.4400,80.2200,80.9200,50.9723,2825998
2018-06-29,81.9100,82.6400,81.6400,81.9100,51.5959,2954482
2018-07-02,80.8000,81.9400,80.5200,81.2700,51.1928,2118721
2018-07-03,81.7200,82.2100,81.1300,81.5800,51.3880,1768688
2018-07-04,81.5700,81.6000,80.5000,80.9800,51.0101,1437427
2018-07-05,81.0100,82.6000,80.7800,82.0800,51.7030,2228749
2018-07-06,82.6200,82.6200,81.6500,82.3100,51.8479,1898768
2018-07-09,82.8000,82.8500,81.9000,82.4300,51.9234,1363258
2018-07-10,82.5600,83.1900,82.0300,82.8700,52.2006,1575972
2018-07-11,82.0500,82.0600,80.7600,80.9900,51.0164,2294608
2018-07-12,81.3700,81.8800,81.0800,81.4500,51.3061,1490443
2018-07-13,81.9500,82.5300,81.7800,81.9000,51.5896,1524710
2018-07-16,81.9900,82.3900,81.5900,81.5900,51.3943,1131474
2018-07-17,81.4000,83.4600,81.1900,83.0800,52.3329,2519959
2018-07-18,83.4100,84.4500,83.3100,84.3200,53.1140,2011053
2018-07-19,84.3800,84.4600,83.4600,83.9000,52.8494,1666756
2018-07-20,83.6100,83.9000,81.9500,82.7900,52.1502,3074755
2018-07-23,82.3500,82.6600,81.9900,82.4400,51.9298,1152647
2018-07-24,82.7500,84.5000,82.7300,84.2100,53.0447,2246075
2018-07-25,83.9300,84.1200,82.6300,83.1000,52.3455,2516936
2018-07-26,83.5700,84.9100,83.5400,84.6200,53.3030,2792154
2018-07-27,81.8900,82.7800,81.5000,82.3400,51.8668,4810309
2018-07-30,82.0300,82.6500,81.9400,82.0600,51.6904,1806099
2018-07-31,81.8800,82.4700,81.4400,82.1600,51.7534,2840356
2018-08-01,82.0000,82.9900,81.9300,82.5400,51.9927,2321335
2018-08-02,82.1100,82.3300,80.1000,80.2500,50.5502,3848067
2018-08-03,80.5300,80.6300,79.9200,80.0300,50.4117,2092014
2018-08-06,80.4500,81.6000,80.1100,80.4900,50.7014,1918199
2018-08-07,81.0000,81.1700,80.4000,80.4000,50.6447,2237531
2018-08-08,80.4100,80.9800,80.1700,80.3500,50.6132,1984904
2018-08-09,80.2700,80.8200,80.0300,80.5600,50.7455,1525854
2018-08-10,80.0100,80.0900,78.5000,78.7300,49.5928,3533583
2018-08-13,78.6100,79.5400,78.5100,78.8400,49.6621,2231758
2018-08-14,79.3900,79.8900,78.5400,78.9300,49.7188,1947878
2018-08-15,79.2300,79.8400,77.0500,77.5000,48.8180,3234573
2018-08-16,78.0500,78.0500,76.2500,77.4600,48.7928,2834898
2018-08-17,77.6200,77.7800,76.9600,77.5700,48.8621,2305713
2018-08-20,78.5000,79.7600,78.4600,78.8600,49.6747,2520845
2018-08-21,78.8500,79.6000,78.6000,79.0900,49.8196,2322995
2018-08-22,78.9100,79.7100,78.7700,79.4900,50.0715,1820079
2018-08-23,79.1900,79.6900,79.1100,79.3200,49.9644,1462595
2018-08-24,79.3500,79.9700,79.2000,79.8000,50.2668,1836974
2018-08-27,80.3700,81.1400,79.8200,80.7300,50.8526,1714988
2018-08-28,80.9700,81.1600,80.5500,80.5500,50.7392,1684454
2018-08-29,80.7500,81.1800,80.5000,80.9300,50.9786,1429475
2018-08-30,80.7200,81.1100,80.0500,80.8200,50.9093,1844654
2018-08-31,80.8400,80.8500,79.5700,79.6900,50.1975,2395194
2018-09-03,79.4100,79.7000,79.1400,79.6000,50.1408,1209602
2018-09-04,79.8200,79.9700,77.9700,78.2700,49.3030,2313396
2018-09-05,78.2700,78.3100,77.1400,77.2500,48.6605,2828592
2018-09-06,77.2000,77.5100,76.5700,76.8300,48.3960,2290851
2018-09-07,76.8500,77.0600,76.2200,76.9400,48.4652,2070898
2018-09-10,77.0000,77.0300,76.1600,76.3500,48.0936,2207651
2018-09-11,76.7600,76.7600,75.5200,76.3000,48.0621,2222839
2018-09-12,76.5000,77.4200,76.4000,77.1600,48.6038,2361991
2018-09-13,77.5500,78.4800,77.2800,77.9800,49.1204,2717880
2018-09-14,78.2000,78.2500,77.6000,77.8800,49.0574,1751857
2018-09-17,77.5000,78.0800,77.4000,77.8700,49.0511,1627717
2018-09-18,78.0100,78.7100,77.6800,78.3400,49.3471,2226132
2018-09-19,78.5500,79.3600,78.4900,79.2400,49.9140,2102712
2018-09-20,79.2400,80.7600,79.1800,80.3200,50.5943,3155171
2018-09-21,80.9000,81.6300,80.7900,81.6300,51.4195,6834496
2018-09-24,81.1500,81.7700,80.6500,80.9300,50.9786,2515036
2018-09-25,80.8100,81.0500,79.3700,79.8300,50.2857,2641012
2018-09-26,80.0600,80.2900,77.6600,78.7200,49.5865,3764361
2018-09-27,78.4700,78.5400,77.2900,78.3600,49.3597,2500447
2018-09-28,77.3000,77.7600,75.5600,76.5500,48.2196,5321403
2018-10-01,76.6400,77.3100,76.4200,76.6300,48.2700,1971067
2018-10-02,76.3100,76.7500,75.9400,76.2600,48.0369,2071029
2018-10-04,75.6500,76.1700,75.0600,75.3400,47.4574,3182641
2018-10-05,75.4200,75.6000,74.5300,74.6900,47.0480,2309926
2018-10-08,74.3900,74.4800,73.8700,74.2200,46.7519,1966511
2018-10-09,74.0000,74.1900,72.3000,73.2900,46.1661,2904337
2018-10-10,73.1400,73.2300,71.0800,71.6900,45.1582,4580857
2018-10-11,70.1000,71.1300,69.7100,70.0000,44.0937,5055690
2018-10-12,70.7000,70.9400,68.8100,69.0200,43.4764,4127213
2018-10-15,68.9900,69.4200,68.4000,69.1700,43.5709,2389946
2018-10-16,69.1100,69.5300,68.6500,69.2300,43.6086,2709621
2018-10-17,69.9000,69.9700,68.6300,69.0200,43.4764,3040559
2018-10-18,68.7500,69.5600,68.0400,68.1800,42.9472,2939178
2018-10-19,67.8800,68.1200,67.2100,67.6500,42.6134,3862099
2018-10-22,68.5600,68.7300,67.2300,67.4900,42.5126,2374015
2018-10-23,66.8200,67.1700,66.0200,66.6800,42.0024,3876981
2018-10-24,66.8000,67.5100,65.7100,65.8000,41.4481,3898793
2018-10-25,65.2000,66.9400,65.0000,66.6600,41.9898,4031611
2018-10-26,65.6100,66.7500,64.3300,66.4500,41.8575,4838026
2018-10-29,66.0000,67.5400,64.9600,66.6600,41.9898,4530575
2018-10-30,66.6300,66.9000,65.7400,66.1800,41.6874,3904007
2018-10-31,67.3200,68.2300,66.8200,68.0300,42.8528,5149774
2018-11-01,68.0000,68.8600,67.3700,67.7800,42.6953,3193164
2018-11-02,69.0000,70.9100,68.9500,69.5100,43.7850,5361217
2018-11-05,69.9800,69.9800,69.0400,69.4600,43.7535,2323613
2018-11-06,69.6000,69.6300,68.4700,68.8200,43.3504,2211127
2018-11-07,69.3900,70.2600,69.0000,69.3300,43.6716,2275380
2018-11-08,69.6500,69.6900,68.9600,69.0600,43.5016,2344354
2018-11-09,68.5200,69.1800,68.1100,68.8500,43.3693,2972713
2018-11-12,69.4600,69.7900,67.6300,67.8200,42.7205,2836987
2018-11-13,68.0500,69.8100,68.0500,69.5800,43.8291,3901015
2018-11-14,69.0000,70.1600,67.7600,69.1700,43.5709,2377306
2018-11-15,69.7400,70.1300,69.1000,69.6500,43.8732,2800238
2018-11-16,69.8800,70.4700,68.7400,69.3700,43.6968,3495545
2018-11-19,69.7300,70.3300,68.9500,69.0200,43.4764,2238570
2018-11-20,68.4500,68.6700,65.8100,66.1600,41.6748,5504804
2018-11-21,66.6600,67.1800,66.1300,66.9500,42.1724,2814739
2018-11-22,66.7000,66.8000,65.4300,65.7300,41.4040,2599403
2018-11-23,65.9200,66.1000,65.1500,65.7000,41.3851,2043406
2018-11-26,66.3400,66.8300,66.1000,66.1500,41.6685,2587093
2018-11-27,66.3300,66.3700,64.5100,65.2000,41.0701,3233111
2018-11-28,65.2100,65.6800,64.7000,65.1900,41.0638,3117183
2018-11-29,65.1900,65.4400,64.7800,64.8600,40.8559,3488893
2018-11-30,65.1000,65.1000,63.6700,64.3700,40.5473,5212594
2018-12-03,66.7000,67.1800,65.2900,65.3400,41.1583,4395684
2018-12-04,65.0100,65.2300,63.8600,64.0000,40.3142,3821575
2018-12-05,63.5000,63.7000,62.8500,63.0100,39.6906,3299183
2018-12-06,62.2100,62.2500,60.7000,60.9500,38.3930,5760098
2018-12-07,61.5200,61.8900,60.6900,60.6900,38.2292,3890478
2018-12-10,57.4000,58.8600,57.3500,58.4000,36.7867,8988722
2018-12-11,59.0800,59.8400,58.4900,58.8800,37.0891,5272151
2018-12-12,59.1200,59.9800,58.6400,59.6800,37.5930,3867246
2018-12-13,59.9600,60.7100,59.7100,60.3800,38.0339,3832749
2018-12-14,59.9800,60.3700,59.1700,60.1000,37.8576,3294350
2018-12-17,60.4000,60.5000,58.6500,59.2400,37.3158,2762443
2018-12-18,58.8500,60.3900,58.8500,59.4600,37.4544,3408311
2018-12-19,59.6900,60.7700,59.4800,60.3400,38.0087,4504619
2018-12-20,59.4800,60.0500,59.1500,59.7500,37.6371,3855756
2018-12-21,59.5800,60.9500,59.5300,60.7200,38.2481,8841494
2018-12-27,60.6000,61.0500,59.0100,59.6700,37.5867,3574121
2018-12-28,60.1900,60.8900,60.0000,60.4000,38.0465,1772062
2019-01-02,60.5000,60.9100,59.4800,60.7200,38.2481,2564044
2019-01-03,60.1000,60.7000,59.9000,60.0200,37.8072,2213589
2019-01-04,60.7800,63.3000,60.6500,63.1900,39.8040,4197991
2019-01-07,63.9000,63.9000,62.5000,62.9000,39.6213,2437345
2019-01-08,62.9200,64.2500,62.6200,63.2200,39.8229,3301634
2019-01-09,63.7200,64.2600,63.2700,63.3300,39.8922,2952133
2019-01-10,63.4200,63.5600,62.8600,63.5000,39.9993,2147673
2019-01-11,63.8100,63.9400,62.5700,63.0300,39.7032,2613377
2019-01-14,62.7800,62.9700,62.3300,62.6100,39.4386,1852450
2019-01-15,63.3600,63.6900,62.5900,63.0000,39.6843,2358276
2019-01-16,63.5500,63.6700,62.3800,62.8700,39.6024,2109667
2019-01-17,62.5300,63.0000,62.1200,63.0000,39.6843,2077335
2019-01-18,63.7000,66.1200,63.6400,65.6000,41.3221,5316270
2019-01-21,65.7700,65.8400,64.8000,65.1500,41.0386,1961612
2019-01-22,64.3400,64.8500,63.8700,64.3400,40.5284,2922918
2019-01-23,63.9900,64.0900,62.9100,63.1600,39.7851,3070689
2019-01-24,63.1000,63.6900,62.6400,63.4900,39.9930,2549763
2019-01-25,63.7000,65.3700,63.6500,65.0900,41.0008,3228771
2019-01-28,64.8200,65.1400,64.3500,64.5400,40.6544,2126665
2019-01-29,64.6600,65.5200,64.3600,65.2400,41.0953,2084492
2019-01-30,65.2400,66.1700,65.1100,65.5100,41.2654,2388851
2019-01-31,65.7900,66.6200,63.2100,63.8200,40.2008,5087775
2019-02-01,63.9500,64.5500,63.5000,64.4900,40.6229,2792547
2019-02-04,64.5400,64.8400,64.0800,64.7500,40.7866,1713516
2019-02-05,64.9600,66.4500,64.7300,66.1600,41.6748,3222164
2019-02-06,66.0000,66.0200,65.4900,65.8500,41.4795,1642120
2019-02-07,65.4000,65.6700,63.1600,63.1600,39.7851,3992665
2019-02-08,63.0500,63.5900,62.2800,62.5600,39.4071,3063612
2019-02-11,63.0000,63.7000,62.7300,63.3100,39.8796,2050086
2019-02-12,64.0000,65.1800,63.8900,65.0000,40.9441,3211508
2019-02-13,65.4600,66.2100,64.8500,64.8500,40.8496,2386030
2019-02-14,65.4000,65.6300,64.1400,64.5200,40.6418,2291600
2019-02-15,64.0200,66.4500,64.0000,66.3200,41.7756,3546342
2019-02-18,66.6600,66.9700,65.8800,66.1400,41.6622,1384580
2019-02-19,65.8800,66.4400,65.3900,65.8600,41.4858,1975850
2019-02-20,66.1500,66.6900,65.1200,66.3200,41.7756,2392505
2019-02-21,66.5100,66.7500,65.5500,65.7400,41.4103,2533119
2019-02-22,65.8600,66.0600,65.0700,65.2500,41.1016,2578023
2019-02-25,65.5400,65.7800,64.7300,64.7900,40.8118,2788685
2019-02-26,66.5000,67.9800,66.1500,67.5600,42.5567,5578909
2019-02-27,67.4700,67.6300,66.3800,67.2800,42.3803,2894996
2019-02-28,66.6400,67.4200,66.5500,66.9900,42.1976,2954002
2019-03-01,67.4700,68.6500,67.4000,68.0600,42.8717,3259009
2019-03-04,68.7100,68.8400,68.2500,68.3100,43.0291,1995723
2019-03-05,68.2900,68.5400,67.8600,68.1300,42.9157,1979510
2019-03-06,68.0500,68.5400,67.6600,68.0800,42.8842,1472619
2019-03-07,67.9800,67.9800,66.6500,67.0600,42.2417,2883680
2019-03-08,66.7300,66.8000,65.7900,66.4000,41.8260,2945233
2019-03-11,66.7500,66.9800,66.2500,66.8600,42.1158,1583996
2019-03-12,67.5900,67.6900,66.7900,66.8000,42.0780,2493415
2019-03-13,66.6300,67.2000,66.3100,67.0800,42.2543,2158529
2019-03-14,67.0900,67.4500,66.0700,66.1900,41.6937,2612329
2019-03-15,66.6400,67.5500,66.2900,67.5100,42.5252,7249905
2019-03-18,67.4800,67.8100,66.8100,66.9500,42.1724,2249716
2019-03-19,67.0600,68.4800,66.7900,67.8000,42.7079,2364004
2019-03-20,67.7000,68.0300,67.2100,67.5000,42.5189,2344792
2019-03-21,67.3500,67.4400,66.5300,67.0800,42.2543,2025815
2019-03-22,67.3000,67.5400,65.3100,65.5100,41.2654,3953918
2019-03-25,65.1900,65.7100,64.9600,65.3200,41.1457,2538885
2019-03-26,65.4000,65.6200,64.6500,65.2700,41.1142,2249007
2019-03-27,65.3900,65.8500,64.5800,65.1200,41.0197,2903194
2019-03-28,65.1900,66.1100,65.1800,65.5400,41.2843,2115910
2019-03-29,66.0000,66.1400,65.1400,65.5300,41.2780,3134996
2019-04-01,66.6000,67.2700,66.2100,66.6600,41.9898,3073623
2019-04-02,66.8200,67.4700,66.6200,67.1800,42.3173,2119412
2019-04-03,67.8000,69.3700,67.7600,69.3700,43.6968,4185426
2019-04-04,69.0100,69.6300,68.6300,69.1200,43.5394,2624021
2019-04-05,68.6900,69.7400,68.6100,69.4600,43.7535,2529117
2019-04-08,69.5600,69.6900,68.9600,69.2200,43.6023,1964874
2019-04-09,69.3000,69.8700,68.7100,68.7100,43.2811,2550948
2019-04-10,69.0100,69.3900,68.6800,68.8300,43.3567,1954509
2019-04-11,69.0100,69.8000,68.5100,69.6100,43.8480,2244655
2019-04-12,69.4500,72.3200,69.0100,71.7900,45.2212,5330004
2019-04-15,72.2400,72.6300,72.0100,72.1500,45.4480,2675847
2019-04-16,72.3800,73.8000,72.2500,72.9300,45.9393,3081269
2019-04-17,73.2000,74.6100,73.1600,73.9300,46.5692,3553945
2019-04-18,74.1300,74.4300,73.2500,74.1600,46.7141,3641930
2019-04-23,74.5000,74.6000,73.6300,74.4900,46.9220,2493368
2019-04-24,74.1400,74.3100,72.4200,73.1700,46.0905,3518218
2019-04-25,72.9800,73.0900,72.2000,72.7600,45.8322,2932073
2019-04-26,72.6000,72.9600,72.2400,72.8200,45.8700,1975429
2019-04-29,73.4000,73.4800,72.3500,72.4800,45.6558,2163291
2019-04-30,72.5200,72.7600,72.0300,72.4900,45.6621,2999069
2019-05-02,72.7200,72.8000,71.7400,72.3300,45.5614,3893571
2019-05-03,72.4400,73.2700,71.8600,72.8700,45.9015,4297680
2019-05-06,67.9900,69.0200,67.1900,69.0000,45.4601,5372462
2019-05-07,68.9900,69.0200,66.0900,66.4500,43.7800,4776580
2019-05-08,66.1500,67.6100,66.1300,66.7300,43.9645,3758625
2019-05-09,66.5300,66.5300,65.1700,65.5200,43.1673,3211061
2019-05-10,66.3900,66.6200,64.8600,65.2300,42.9763,3441834
2019-05-13,65.3800,65.3900,63.1000,63.1500,41.6059,4202148
2019-05-14,63.5800,64.0500,62.9600,63.1400,41.5993,3109612
2019-05-15,63.5000,64.0900,62.2700,63.5700,41.8826,3609118
2019-05-16,63.3200,64.7500,62.9600,64.6000,42.5612,3301997
2019-05-17,64.2000,64.2800,62.9700,63.5600,41.8760,5504695
2019-05-20,63.6100,63.6400,61.6100,61.9300,40.8021,4039262
2019-05-21,62.4800,62.8100,61.8700,62.2200,40.9931,2578149
2019-05-22,62.0200,62.4100,61.3000,62.0400,40.8746,2489306
2019-05-23,61.4200,61.5000,60.1400,60.5600,39.8995,3982009
2019-05-24,61.0800,61.3700,60.5900,60.7300,40.0115,2267281
2019-05-27,61.2500,61.5700,60.8300,60.9900,40.1828,1201864
2019-05-28,61.3000,61.5000,59.8900,59.8900,39.4580,4551667
2019-05-29,59.1500,59.7100,58.7500,59.5700,39.2472,4394918
2019-05-30,59.8800,60.1500,59.6200,59.8200,39.4119,1371178
2019-05-31,59.0000,59.2200,58.4100,59.0600,38.9112,3639236
2019-06-03,58.8300,59.2900,58.5000,59.1500,38.9705,2832153
2019-06-04,59.0200,61.6600,58.7500,61.3200,40.4002,4581537
2019-06-05,61.3200,61.9700,60.7100,61.0600,40.2289,2962065
2019-06-06,61.0600,61.9200,60.3700,60.8800,40.1103,2750179
2019-06-07,61.4000,61.7800,60.9800,61.2800,40.3738,2426526
2019-06-11,62.2400,63.3200,62.0500,62.7800,41.3621,3390121
2019-06-12,62.3000,62.6800,61.5600,61.9500,40.8153,2551170
2019-06-13,61.5000,61.8100,61.0400,61.6400,40.6110,2874424
2019-06-14,61.5900,61.6400,60.0700,60.4800,39.8468,3856149
2019-06-17,60.5600,60.7000,59.8000,59.9800,39.5173,2303947
2019-06-18,60.0000,61.9700,59.5100,61.5900,40.5781,3763827
2019-06-19,61.8000,62.7000,61.6600,62.2000,40.9800,3110409
2019-06-20,62.8100,63.1000,61.9300,62.5400,41.2040,2802066
2019-06-21,62.6000,63.3200,62.2400,62.6900,41.3028,8161447
2019-06-24,62.5200,62.8500,61.8700,62.0500,40.8811,1919539
2019-06-25,61.7200,62.5900,61.6000,61.7400,40.6769,2299732
2019-06-26,61.6000,62.6500,61.3800,62.1200,40.9273,2156543
2019-06-27,62.5500,63.5400,62.4900,63.0800,41.5597,3495773
2019-06-28,63.3600,64.1500,63.0100,63.9200,42.1132,3667760
2019-07-01,65.0000,65.3600,63.9600,63.9600,42.1395,2608038
2019-07-02,63.6700,63.8100,62.5700,62.7300,41.3292,3028865
2019-07-03,62.6000,63.0000,62.2600,62.5800,41.2303,2079075
2019-07-04,62.6400,63.1300,62.4200,62.6800,41.2962,1661051
2019-07-05,62.6000,62.7300,61.9800,62.5600,41.2172,2377733
2019-07-08,62.0100,63.1000,62.0100,62.5900,41.2369,1856960
2019-07-09,59.0000,60.8800,58.5500,60.5100,39.8665,8896331
2019-07-10,59.9100,60.4300,59.7500,60.1200,39.6096,3257291
2019-07-11,60.1100,60.2700,59.3500,59.5000,39.2011,2806825
2019-07-12,59.5600,60.8000,59.5600,60.2200,39.6755,2667102
2019-07-15,60.4000,61.1400,60.3400,61.0300,40.2091,2487748
2019-07-16,61.0900,61.9900,61.0000,61.7100,40.6571,2400609
2019-07-17,61.7100,61.8700,60.6400,60.8400,40.0839,2361309
2019-07-18,60.5900,60.8400,60.1300,60.4300,39.8138,2067697
2019-07-19,60.7900,61.4300,60.5100,60.8000,40.0576,2588639
2019-07-22,60.9100,61.6600,60.7900,61.2600,40.3607,1945846
2019-07-23,61.8500,64.1900,61.7400,63.6700,41.9485,4854762
2019-07-24,63.6100,64.1900,63.2600,63.8600,42.0736,2956366
2019-07-25,64.0000,64.1400,61.3700,62.7600,41.3489,4251511
2019-07-26,61.8800,62.0900,61.4800,61.9400,40.8087,2926531
2019-07-29,61.7000,62.2900,61.5400,62.2100,40.9866,1916241
2019-07-30,62.0100,62.1900,60.2300,60.4400,39.8204,3196779
2019-07-31,60.4100,61.3300,60.3700,60.5300,39.8797,2317745
2019-08-01,60.2000,60.9100,60.0200,60.7000,39.9917,2634549
2019-08-02,59.3000,59.3000,57.5900,58.2100,38.3512,6368821
2019-08-05,57.0000,57.1800,56.2700,56.6100,37.2970,4679929
2019-08-06,56.9300,57.5900,56.3900,56.5300,37.2443,3575530
2019-08-07,56.9400,57.3600,56.1600,56.7800,37.4090,3278518
2019-08-08,57.5900,58.6600,56.8800,58.4900,38.5357,4494426
2019-08-09,58.2000,58.6700,57.8700,58.1300,38.2985,2843298
2019-08-12,58.5200,58.9800,57.7000,58.0000,38.2128,1903955
2019-08-13,57.7500,59.4000,57.0500,58.6700,38.6543,3581840
2019-08-14,58.7100,58.8200,57.1000,57.3200,37.7648,3283316
2019-08-15,57.5500,57.7000,55.6400,56.2000,37.0269,4391184
2019-08-16,56.4700,57.1000,56.2500,56.8500,37.4552,2818232
2019-08-19,57.8000,58.2700,57.3300,57.9700,38.1931,2408168
2019-08-20,58.1000,58.5800,57.5100,57.8500,38.1140,2396361
2019-08-21,58.0600,59.2500,57.9900,58.9900,38.8651,2161995
2019-08-22,58.8200,60.1000,58.5300,59.0600,38.9112,2463620
2019-08-23,59.5600,59.8100,58.0300,58.0700,38.2589,2908593
2019-08-26,57.8500,58.3500,57.6000,58.0000,38.2128,2032593
2019-08-27,57.8500,58.9400,57.5900,58.2400,38.3710,2022682
2019-08-28,58.1100,58.5600,57.6500,58.4800,38.5291,2197066
2019-08-29,58.4000,59.7500,58.0500,59.6700,39.3131,2665213
2019-08-30,59.8900,60.5400,59.7300,60.1800,39.6491,2438433
2019-09-02,60.1000,60.3900,59.8700,60.0100,39.5371,1203293
2019-09-03,59.8300,59.8400,59.0100,59.3600,39.1089,2108579
2019-09-04,60.1000,60.5400,59.9200,60.2100,39.6689,1896708
2019-09-05,60.5000,61.2400,60.3500,61.0100,40.1959,2026181
2019-09-06,61.1500,61.5400,60.6100,61.4600,40.4924,2155002
2019-09-09,61.6000,62.4200,61.5300,62.2800,41.0327,1990837
2019-09-10,62.0300,63.9500,61.9900,63.8700,42.0802,3842761
2019-09-11,64.1000,64.9400,64.0500,64.6600,42.6007,3414862
2019-09-12,64.9900,65.2200,63.6600,64.4100,42.4360,3452195
2019-09-13,64.5000,65.9600,64.3700,65.7500,43.3189,3040730
2019-09-16,65.3000,67.2400,65.2200,65.6700,43.2661,3190395
2019-09-17,65.4400,65.6900,64.0300,64.2800,42.3504,3644039
2019-09-18,64.3000,64.4700,63.8600,64.0200,42.1791,2149888
2019-09-19,63.7400,64.3100,63.4100,63.9200,42.1132,2578658
2019-09-20,64.0000,64.0000,63.1800,63.8900,42.0934,6376144
2019-09-23,63.6300,63.8800,62.2600,63.4200,41.7838,2572247
2019-09-24,63.7000,63.7100,62.0000,62.0000,40.8482,2220577
2019-09-25,61.1300,61.8700,60.9500,61.8300,40.7362,2606665
2019-09-26,61.7800,62.4800,61.6600,61.9900,40.8416,2045015
2019-09-27,62.8000,64.0400,62.5700,63.5400,41.8628,3125084
2019-09-30,63.7000,64.1900,63.4800,64.1200,42.2449,2429494
2019-10-01,64.4800,64.6200,63.2300,63.2500,41.6718,2725729
2019-10-02,63.1100,63.1400,61.7700,61.7700,40.6967,3241588
2019-10-04,61.7700,62.0100,60.7800,61.6100,40.5913,2879680
2019-10-07,61.2900,62.4500,60.9000,62.4000,41.1117,1999732
2019-10-08,62.4800,62.4800,61.3000,61.6000,40.5847,1884367
2019-10-09,61.4900,62.5900,61.3500,62.0500,40.8811,1752317
2019-10-10,61.9500,63.3400,61.8400,62.9800,41.4939,2980110
2019-10-11,63.0400,64.9000,62.9500,64.8600,42.7325,3323681
2019-10-14,64.7900,64.8000,63.8700,64.5900,42.5546,1884359
2019-10-15,64.9100,66.0200,64.9100,65.4600,43.1278,3023952
2019-10-16,65.2600,66.3300,65.0100,66.2100,43.6219,3419021
2019-10-17,66.0700,67.2100,65.9000,66.1300,43.5692,3696680
2019-10-18,66.0000,66.5700,65.6500,66.3100,43.6878,2819712
2019-10-21,66.6000,68.1600,66.5000,67.6100,44.5443,3792488
2019-10-22,67.7000,68.0000,66.9100,67.2400,44.3005,2642202
2019-10-23,66.9200,68.1600,66.8100,67.7900,44.6629,3039500
2019-10-24,68.1000,70.1700,67.3400,70.0800,46.1716,5298785
2019-10-25,69.7700,70.6400,69.4200,70.6200,46.5274,2662879
2019-10-28,70.9000,71.1600,69.8800,69.9900,46.1123,3099570
2019-10-29,69.9200,70.2300,69.2500,70.0000,46.1189,2181498
2019-10-30,69.8500,70.1300,68.4600,68.8100,45.3349,3091222
2019-10-31,68.9800,68.9800,67.1500,68.2300,44.9528,3701715
2019-11-01,68.5600,69.3000,67.8400,69.0000,45.4601,2481884
2019-11-04,69.4400,70.4200,69.3000,70.2900,46.3100,2915507
2019-11-05,70.6500,71.3100,70.4200,71.0300,46.7975,2977680
2019-11-06,70.8900,71.3900,70.7500,71.3700,47.0216,2294288
2019-11-07,71.8100,72.1700,71.4600,71.4800,47.0940,2707986
2019-11-08,70.9800,71.4100,70.6000,70.9800,46.7646,2793488
2019-11-11,70.3100,70.7700,69.7400,70.3700,46.3627,2997426
2019-11-12,70.4300,71.2500,70.3000,71.0700,46.8239,1901023
2019-11-13,70.6900,70.8600,69.7400,70.0500,46.1519,2396666
2019-11-14,69.9000,70.2400,69.4700,70.2100,46.2573,2032013
2019-11-15,70.5000,70.7300,70.0800,70.4900,46.4418,2551647
2019-11-18,70.5000,70.7900,69.5300,69.8600,46.0267,1700706
2019-11-19,70.2700,70.8900,69.4900,69.7800,45.9740,2645786
2019-11-20,69.5000,69.7800,68.8100,69.5800,45.8422,2726729
2019-11-21,69.0000,69.6000,68.4500,69.4500,45.7566,2684034
2019-11-22,69.6300,70.4500,69.4400,69.6800,45.9081,2386929
2019-11-25,70.3500,70.4800,69.5800,69.9500,46.0860,1353460
2019-11-26,69.8000,69.9500,69.0100,69.1900,45.5853,2531474
2019-11-27,69.4700,69.8100,68.6400,68.8300,45.3481,2120921
2019-11-28,68.7000,68.9800,68.3600,68.7500,45.2954,1353756
2019-11-29,68.4500,68.7000,68.1400,68.2200,44.9462,2515796
2019-12-02,68.2500,69.4400,67.3800,67.5800,44.5245,3140734
2019-12-03,67.7300,68.4600,67.1000,67.3800,44.3928,3233413
2019-12-04,67.4500,68.4700,67.3300,68.3500,45.0318,2044221
2019-12-05,68.4000,68.6100,67.6300,67.8700,44.7156,2231688
2019-12-06,68.1400,68.4900,67.6300,68.2900,44.9923,2124549
2019-12-09,68.2800,68.4400,67.7200,67.7900,44.6629,1430249
2019-12-10,67.5700,67.6900,66.0800,67.3500,44.3730,3071433
2019-12-11,67.2900,67.8700,66.8900,67.5500,44.5048,1986249
2019-12-12,67.3200,68.5500,67.1600,68.0900,44.8605,2351807
2019-12-13,69.4000,69.8000,68.2600,68.3800,45.0516,3512425
2019-12-16,68.7600,69.0800,68.7100,68.8500,45.3613,1809984
2019-12-17,68.8800,68.9000,67.1600,67.2500,44.3071,3714544
2019-12-18,67.0000,67.6200,66.7600,67.0200,44.1556,2763132
2019-12-19,67.0000,67.2900,66.5000,67.2900,44.3335,3415313
2019-12-20,67.3000,68.1800,67.1600,67.9400,44.7617,6814933
2019-12-23,67.9700,68.1500,67.4400,67.5400,44.4982,1990353
2019-12-27,67.7800,67.9900,67.4500,67.9000,44.7354,1640149
2019-12-30,67.6000,67.8100,67.1900,67.3500,44.3730,936462
2020-01-02,67.2400,68.4900,67.2000,68.2900,44.9923,2025939
2020-01-03,67.7100,67.8300,66.9600,67.2700,44.3203,2579508
2020-01-06,66.2500,66.4000,65.1300,66.2700,43.6615,3487724
2020-01-07,66.3900,66.8000,66.1100,66.3000,43.6812,2090539
2020-01-08,65.0500,66.0400,65.0500,65.7300,43.3057,3255451
2020-01-09,66.3100,66.7800,66.2200,66.3100,43.6878,2462547
2020-01-10,66.3900,66.5700,65.8300,65.8300,43.3716,2208935
2020-01-13,66.0000,66.0800,65.5200,65.7900,43.3452,2040685
2020-01-14,65.6000,65.7900,64.7000,64.7600,42.6666,3688288
2020-01-15,64.7000,64.9900,64.0700,64.3500,42.3965,2744952
2020-01-16,64.2600,64.8300,64.1100,64.3900,42.4228,2069301
2020-01-17,64.6500,64.9200,64.3200,64.5200,42.5085,2847535
2020-01-20,64.5000,65.1500,64.3400,64.9100,42.7654,1759143
2020-01-21,64.6300,64.9300,64.3300,64.7000,42.6271,1879424
2020-01-22,64.9000,65.0000,64.0800,64.1600,42.2713,2224051
2020-01-23,63.9700,63.9700,62.9600,63.0900,41.5663,2925864
2020-01-24,63.6000,64.0700,63.4700,63.6900,41.9616,2597486
2020-01-27,62.5200,62.8800,61.8500,62.1300,40.9338,3837023
2020-01-28,62.5000,63.0400,61.8400,62.8400,41.4016,2592323
2020-01-29,62.8700,63.4200,62.6800,63.0600,41.5466,1827442
2020-01-30,62.5000,63.0200,61.8300,62.0000,40.8482,3644853
2020-01-31,62.3300,62.4700,60.8400,61.0700,40.2355,3754056
2020-02-03,61.2200,61.4800,60.5600,60.7000,39.9917,3027807
2020-02-04,61.1000,62.2700,60.8700,61.9900,40.8416,3205911
2020-02-05,61.6000,63.1400,61.6000,62.8900,41.4346,3217545
2020-02-06,63.5400,64.3100,62.8100,62.9400,41.4675,3005582
2020-02-07,62.5700,62.7100,61.9600,62.4400,41.1381,2651134
2020-02-10,62.3900,62.7900,62.2200,62.6900,41.3028,1896644
2020-02-11,63.0900,63.4800,62.7500,63.1700,41.6190,2549049
2020-02-12,63.3100,64.4200,63.1600,63.8600,42.0736,2611126
2020-02-13,63.5600,63.7400,62.2900,62.6800,41.2962,3526875
2020-02-14,62.6200,63.2000,62.5100,62.5100,41.1842,2282381
2020-02-17,61.9400,62.2800,61.4300,61.8700,40.7626,2971307
2020-02-18,61.1100,61.5000,60.8100,61.0000,40.1894,3411602
2020-02-19,61.2000,61.4500,60.8800,61.1000,40.2552,2302668
2020-02-20,61.0800,61.8200,60.9400,61.4000,40.4529,2561445
2020-02-21,61.2200,61.3100,60.2500,60.7400,40.0181,3912123
2020-02-24,59.5600,59.7400,58.0300,58.7300,38.6938,6569425
2020-02-25,59.1300,59.1900,57.4300,57.5900,37.9427,4988903
2020-02-26,57.3500,57.6300,55.8200,57.4200,37.8307,7274610
2020-02-27,56.4000,56.9100,55.2700,55.8400,36.7897,7550780
2020-02-28,53.8000,54.5900,52.3600,53.0800,34.9713,11346505
2020-03-02,54.0000,54.0100,51.8400,53.0600,34.9582,8279100
2020-03-03,54.0400,55.5000,53.0100,53.5300,35.2678,8429778
2020-03-04,53.7000,54.8900,53.3700,54.1800,35.6961,6604319
2020-03-05,54.6300,54.7400,52.9200,53.3200,35.1295,5341584
2020-03-06,52.1300,53.3400,51.4900,52.6700,34.7012,7790801
2020-03-09,47.8750,49.2550,46.9050,47.1050,31.0347,16383615
2020-03-10,47.9050,49.3450,45.7050,46.2100,30.4451,12474295
2020-03-11,46.7500,48.3000,46.1900,46.3800,30.5571,9582218
2020-03-12,44.3800,44.8000,40.9000,40.9100,26.9532,13648642
2020-03-13,42.1950,45.1800,40.4700,41.2500,27.1772,11753464
2020-03-16,39.4000,40.8150,37.3550,39.0350,25.7179,11734663
2020-03-17,41.0000,41.6450,37.7150,41.0600,27.0521,7421592
2020-03-18,39.2200,39.7400,37.6400,39.2900,25.8859,7583758
2020-03-19,39.1600,41.0300,38.5200,40.2050,26.4887,7293491
2020-03-20,42.1150,43.2850,40.2350,40.7950,26.8775,11328464
2020-03-23,39.0000,41.7150,38.5000,39.6350,26.1132,8654225
2020-03-24,41.6250,43.7150,40.6000,43.7150,28.8013,9439100
2020-03-25,45.0100,45.0200,40.8300,42.8400,28.2248,10314622
2020-03-26,41.5150,43.0750,40.3600,43.0750,28.3796,7521090
2020-03-27,42.0000,42.1050,40.8050,41.0850,27.0685,7021093
2020-03-30,41.5100,42.4550,40.4800,42.4550,27.9711,4975979
2020-03-31,43.1200,43.7200,41.8250,43.1450,28.4257,6171601
2020-04-01,41.7000,42.0000,40.8750,40.9900,27.0059,5542822
2020-04-02,41.6000,41.8900,40.4150,41.5800,27.3946,5797128
2020-04-03,41.4200,41.4350,40.5300,40.7550,26.8511,5819944
2020-04-06,42.2600,44.2250,42.2450,44.2250,29.1373,5463842
2020-04-07,46.0000,47.0500,45.1300,46.0650,30.3496,7213639
2020-04-08,45.8250,46.2650,45.1150,45.6650,30.0860,3287545
2020-04-09,46.8350,47.3400,45.5150,46.8950,30.8964,5847205
2020-04-14,47.8000,47.8950,46.4550,46.5500,30.6691,4103268
2020-04-15,46.6500,46.8050,43.8050,43.9800,28.9759,5684649
2020-04-16,44.6050,44.8200,43.3600,43.5850,28.7156,4584339
2020-04-17,45.0000,45.8700,44.7550,45.5750,30.0267,6155766
2020-04-20,45.7800,45.9500,44.5050,45.5100,29.9839,3946071
2020-04-21,44.9850,45.0000,43.0000,43.0000,28.3302,6273416
2020-04-22,43.6000,44.0900,43.4100,44.0700,29.0352,4117078
2020-04-23,44.2200,45.3000,43.8800,44.9500,29.6149,3207984
2020-04-24,44.0000,44.8150,43.6900,43.6950,28.7881,3953867
2020-04-27,44.9100,45.4200,44.3550,45.4200,29.9246,3391672
2020-04-28,45.3200,47.4800,45.3000,47.2700,31.1435,5227605
2020-04-29,47.4000,49.5300,47.0650,49.2450,32.4447,5490459
2020-04-30,50.0000,50.0000,46.2000,46.6850,30.7580,9198520
2020-05-04,45.3100,45.9250,44.7000,45.4300,29.9312,7532468
2020-05-05,46.3400,46.3950,45.0100,46.2450,30.4681,5028878
2020-05-06,46.0750,46.1400,44.8150,44.8150,29.5260,4986026
2020-05-07,45.0000,45.6700,44.8550,45.5800,30.0300,3547575
2020-05-08,46.0000,46.2500,45.6400,46.2400,30.4649,3017750
2020-05-11,46.4950,46.5000,45.0500,45.2400,29.8060,3647888
2020-05-12,45.1200,45.7100,44.8700,45.0700,29.6940,3156406
2020-05-13,44.6000,44.6750,42.8950,42.9200,28.2775,5339028
2020-05-14,42.5000,42.7000,41.1400,42.2100,27.8097,6029631
2020-05-15,42.7000,43.5300,42.1550,42.7750,28.1820,4860911
2020-05-18,43.7700,45.9950,43.7250,45.8100,30.1816,5619950
2020-05-19,46.6000,46.9000,44.6650,45.7700,30.1552,4778194
2020-05-20,45.4350,46.2750,44.7600,46.1600,30.4121,3574657
2020-05-21,45.9000,46.2800,45.3850,45.5550,30.0135,2324840
2020-05-22,44.8850,46.1050,44.4950,45.3600,29.8851,2813779
2020-05-25,46.1000,46.7100,45.3950,46.7100,30.7745,2308944
2020-05-26,47.2500,47.9000,46.8800,47.5900,31.3543,4085947
2020-05-27,47.8850,49.9950,47.8150,49.7500,32.7774,6213472
2020-05-28,50.5500,50.8000,49.6250,50.5400,33.2979,4542098
2020-05-29,49.7900,49.8000,48.5600,48.6450,32.0494,7017249
2020-06-02,50.1200,52.2500,49.9000,51.9200,34.2071,6778215
2020-06-03,53.3200,55.2000,52.9500,55.1900,36.3615,6982366
2020-06-04,54.4100,56.4300,54.0600,55.4000,36.4998,5667481
2020-06-05,56.0000,58.0400,55.9000,57.4300,37.8373,8162350
2020-06-08,57.0900,58.4000,57.0000,57.6600,37.9888,5452619
2020-06-09,57.6000,57.7700,55.0200,56.2300,37.0467,5557667
2020-06-10,56.5400,57.2400,55.0300,55.2000,36.3681,3921283
2020-06-11,54.0000,54.0000,51.5100,51.5100,33.9370,6384666
2020-06-12,51.2200,52.4300,50.6700,51.1200,33.6800,6017473
2020-06-15,49.8000,51.2200,49.4200,51.0100,33.6075,4971569
2020-06-16,52.8100,53.5600,51.8300,52.8900,34.8461,5389741
2020-06-17,53.0600,53.5900,52.6300,53.0100,34.9252,4234057
2020-06-18,53.0200,54.3300,52.8800,54.0100,35.5841,7440889
2020-06-19,51.3900,51.7700,50.9000,50.9400,35.7454,9493740
2020-06-22,50.3300,51.3000,50.0300,50.4100,35.3735,3286377
2020-06-23,51.0100,51.9100,50.5000,51.5000,36.1384,4204105
2020-06-24,51.5100,51.7300,49.6450,49.6450,34.8367,3640171
2020-06-25,49.6450,50.0400,48.9250,49.6950,34.8718,4086157
2020-06-26,50.3000,50.4800,48.6200,48.6950,34.1701,3924983
2020-06-29,48.5050,50.5700,48.4900,50.1300,35.1771,4269522
2020-06-30,50.4300,50.7000,49.3900,49.8800,35.0016,3356648
2020-07-01,49.7500,49.7600,48.5550,49.3250,34.6122,3681425
2020-07-02,50.0000,51.4500,49.7250,50.9700,35.7665,4374866
2020-07-03,51.1800,51.3700,50.1500,50.4700,35.4156,1983648
2020-07-06,51.5200,52.0000,50.6300,50.8100,35.6542,3167157
2020-07-07,50.6000,51.0100,50.1200,51.0000,35.7876,2173454
2020-07-08,50.5100,50.6900,49.8850,50.0100,35.0929,2617805
2020-07-09,50.0200,50.9300,49.5000,49.6150,34.8157,3183187
2020-07-10,49.3000,50.3500,49.0350,50.0800,35.1420,3903774
2020-07-13,51.0300,51.4200,50.6600,51.0500,35.8226,3021077
2020-07-14,50.6000,51.1100,50.2400,51.1100,35.8647,2656994
2020-07-15,51.4000,52.2300,51.1400,51.8200,36.3630,3014062
2020-07-16,51.4100,52.1800,51.3200,51.9900,36.4822,2218513
2020-07-17,51.9800,52.2700,51.5300,52.0500,36.5244,2303655
2020-07-20,51.8800,52.7400,51.3500,52.5600,36.8822,2469448
2020-07-21,53.1000,53.6200,52.8800,53.0300,37.2120,3073174
2020-07-22,53.3500,53.9800,53.2600,53.6100,37.6190,5143187
2020-07-23,53.8600,54.2400,53.3000,53.3900,37.4647,2642040
2020-07-24,52.6400,52.8200,52.1100,52.4400,36.7980,2248261
2020-07-27,52.0700,52.5200,51.6600,51.8600,36.3910,2624212
2020-07-28,51.9600,52.5700,51.7600,52.0800,36.5454,2167194
2020-07-29,50.4500,50.5000,49.1450,49.5300,34.7560,5861165
2020-07-30,49.6800,49.8000,47.0200,47.6400,33.4298,4901970
2020-07-31,47.5150,47.7550,46.7900,46.8100,32.8474,3509638
2020-08-03,46.9850,48.5300,46.5900,48.3400,33.9210,3149781
2020-08-04,48.6650,48.9650,47.7450,47.9800,33.6684,3065019
2020-08-05,48.3750,49.1550,48.3750,48.9900,34.3771,2569448
2020-08-06,48.9150,49.6000,48.1550,48.6050,34.1069,2910562
2020-08-07,48.5500,48.6500,47.7400,48.3550,33.9315,2078634
2020-08-10,48.8050,49.1650,48.2750,49.1550,34.4929,1863971
2020-08-11,49.6800,51.0600,49.6000,50.6100,35.5139,3187655
2020-08-12,50.5500,51.8000,50.4700,51.4700,36.1174,2324507
2020-08-13,51.3400,51.4700,50.9300,50.9800,35.7735,1634725
2020-08-14,50.7800,50.7900,49.6850,50.3000,35.2963,1872189
2020-08-17,50.3200,50.6200,50.0000,50.3100,35.3034,1383090
2020-08-18,50.0800,51.2100,49.8650,50.4400,35.3946,2177744
2020-08-19,50.2400,50.7700,50.0600,50.7400,35.6051,1527466
2020-08-20,50.1600,50.2100,49.4200,49.7650,34.9209,2359478
2020-08-21,50.0500,50.5800,49.1150,49.5650,34.7806,2734803
2020-08-24,50.0200,51.8600,50.0200,51.7000,36.2787,3656509
2020-08-25,52.0300,52.6500,51.7800,51.7800,36.3349,3130131
2020-08-26,51.7200,52.2400,51.3300,52.1400,36.5875,1827649
2020-08-27,52.2800,52.3100,51.6800,51.7900,36.3419,1468549
2020-08-28,52.0000,52.0200,51.0400,51.3200,36.0121,1623748
2020-08-31,51.6800,51.9200,51.0100,51.0600,35.8297,2066046
2020-09-01,51.4500,51.7600,49.9700,50.6300,35.5279,2718460
2020-09-02,51.0100,51.7800,50.8900,51.3800,36.0542,2722722
2020-09-03,51.6500,53.0000,51.4800,51.8300,36.3700,3512406
2020-09-04,51.6600,53.0200,51.3700,52.1200,36.5735,3420690
2020-09-07,52.4700,53.3000,52.3700,53.1700,37.3103,1917835
2020-09-08,53.5900,54.0600,53.0900,53.9700,37.8716,4375393
2020-09-09,54.0200,54.9500,53.9200,54.7300,38.4049,2828484
2020-09-10,55.0000,55.3000,54.2500,54.5100,38.2506,2365715
2020-09-11,54.3900,55.0400,54.0300,54.8700,38.5032,2011690
2020-09-14,55.6000,55.6900,54.8700,55.2300,38.7558,2124585
2020-09-15,55.2400,55.5000,54.7200,54.9100,38.5313,1858894
2020-09-16,54.8000,55.3400,54.4100,55.0600,38.6365,2667705
2020-09-17,54.2000,55.4200,53.9700,55.1500,38.6997,2181594
2020-09-18,55.4800,55.8400,54.1900,54.1900,38.0260,6716399
2020-09-21,53.5000,53.5900,50.3100,50.6200,35.5209,5017770
2020-09-22,50.7000,51.0500,50.2400,50.4700,35.4156,3051328
2020-09-23,51.1100,51.5900,50.2300,50.2800,35.2823,2478745
2020-09-24,49.5000,50.3500,49.4000,49.9850,35.0753,2636376
2020-09-25,50.2400,50.3900,49.0450,49.5300,34.7560,2993242
2020-09-28,50.5800,51.8200,49.9700,51.8200,36.3630,4102661
2020-09-29,51.5500,52.6600,51.3000,52.3400,36.7278,2412240
2020-09-30,51.8300,52.6300,51.6100,51.9800,36.4752,2628790
2020-10-01,52.1500,52.4200,51.0600,51.3700,36.0472,2472006
2020-10-02,50.8100,52.0400,50.4600,52.0300,36.5103,2780474
2020-10-05,52.6000,53.3800,52.5500,53.3400,37.4296,2467170
2020-10-06,53.7000,54.3900,53.2400,53.9500,37.8576,2131500
2020-10-07,53.8400,55.6800,53.7700,55.6800,39.0716,3700246
2020-10-08,56.3000,57.9200,56.1300,57.2000,40.1382,5003613
2020-10-09,57.0800,57.7600,54.6200,55.0400,38.6225,5656107
2020-10-12,54.9500,55.7300,54.4900,54.7200,38.3979,2774781
2020-10-13,54.8800,55.0000,54.2900,54.3300,38.1243,2037987
2020-10-14,54.3500,54.5900,53.6700,54.4700,38.2225,2211303
2020-10-15,53.5800,53.6100,51.6000,52.4500,36.8050,4614442
2020-10-16,52.7500,53.9400,52.2000,53.6000,37.6120,3024408
2020-10-19,53.9000,54.2300,52.7100,53.2100,37.3383,2034624
2020-10-20,52.9800,53.5300,52.5600,52.9300,37.1419,1945739
2020-10-21,53.1900,53.1900,51.8800,52.1000,36.5594,2319254
2020-10-22,51.6000,51.9200,50.8900,51.7900,36.3419,1977219
2020-10-23,51.6800,52.9000,51.5900,52.2700,36.6787,1857761
2020-10-26,51.6000,52.4000,51.0900,51.2000,35.9279,2395720
2020-10-27,51.2600,51.3000,50.2700,50.3300,35.3174,2882560
2020-10-28,48.8700,49.2050,46.1300,46.9450,32.9421,6617611
2020-10-29,46.5550,47.5450,45.9150,46.6250,32.7175,4073192
2020-10-30,46.0000,47.1950,45.9550,47.0700,33.0298,3628932
2020-11-02,47.5800,48.3450,46.8200,48.3400,33.9210,2463880
2020-11-03,48.7000,49.9250,48.5750,49.7250,34.8929,3140708
2020-11-04,48.5950,50.0700,48.1150,50.0700,35.1349,4251925
2020-11-05,50.5000,50.7300,49.5700,50.5400,35.4648,3108578
2020-11-06,50.3600,50.9500,49.5850,50.3300,35.3174,2751793
2020-11-09,51.5500,56.1400,51.0900,55.7300,39.1067,10048645
2020-11-10,56.1000,58.5300,56.0400,57.5200,40.3627,7790609
2020-11-11,57.5000,57.7800,55.8300,56.4300,39.5979,5178599
2020-11-12,55.6700,56.5000,55.3100,55.6100,39.0225,2682920
2020-11-13,55.1200,56.3000,54.8300,56.0000,39.2961,3037076
2020-11-16,56.6800,58.3400,56.3600,57.2800,40.1943,3607158
2020-11-17,57.2200,58.0500,57.0300,57.9600,40.6715,2211728
2020-11-18,57.7500,58.9900,57.3800,58.7100,41.1978,2925691
2020-11-19,58.1000,58.2900,57.5000,57.7800,40.5452,2385840
2020-11-20,57.5200,58.0300,57.2800,57.6500,40.4540,2819492
2020-11-23,58.0100,59.2500,58.0100,58.3800,40.9662,2778391
2020-11-24,59.0800,61.1500,59.0400,61.1500,42.9100,4133780
2020-11-25,61.2800,61.3000,59.4500,60.2100,42.2504,3679308
2020-11-26,60.1400,60.4500,59.5900,60.0700,42.1521,1722062
2020-11-27,59.8900,61.2900,59.7900,60.9200,42.7486,3448051
2020-11-30,60.5400,62.6700,60.1500,61.3300,43.0363,5433895
2020-12-01,61.7000,61.9800,60.7700,61.1100,42.8819,2781855
2020-12-02,61.0400,61.0400,60.1000,60.9700,42.7837,2689407
2020-12-03,60.8700,60.9200,59.9100,60.6600,42.5661,2673588
2020-12-04,60.6000,61.1700,60.3600,61.0400,42.8328,2058165
2020-12-07,60.9000,60.9000,59.8800,60.7500,42.6293,1837374
2020-12-08,60.8600,61.9500,60.6900,61.6200,43.2398,2850469
2020-12-09,62.3900,64.2300,62.2600,63.4400,44.5169,6583366
2020-12-10,63.4800,65.0900,63.3200,64.0400,44.9379,5290522
2020-12-11,63.9700,63.9700,62.3200,63.1100,44.2853,3423455
2020-12-14,63.8800,64.8400,63.7600,63.9000,44.8397,3180765
2020-12-15,63.7700,65.1200,63.6400,64.7600,45.4432,3542581
2020-12-16,64.9700,65.6100,63.9700,64.2000,45.0502,3232740
2020-12-17,64.7800,65.2300,64.5400,64.9000,45.5414,3177817
2020-12-18,65.0200,65.5800,64.5200,64.5200,45.2748,7045920
2020-12-21,63.2000,63.5300,61.6300,63.5300,44.5801,4515567
2020-12-22,63.8400,64.5400,63.6400,63.8500,44.8046,2923353
2020-12-23,63.9700,64.9800,63.9600,64.6900,45.3941,1802073
2020-12-28,65.2000,65.7500,65.1700,65.2200,45.7660,2008445
2020-12-29,65.7400,65.9300,64.8600,65.0700,45.6607,2112445
2020-12-30,65.4000,65.4000,64.5700,64.7200,45.4151,1144797
2021-01-04,65.4800,66.0700,64.4300,64.8900,45.5344,2741508
2021-01-05,64.3000,65.4700,63.2600,64.4000,45.1906,2770337
2021-01-06,65.2400,67.5500,65.1400,67.3700,47.2747,5187251
2021-01-07,67.9300,68.5300,67.1300,68.4100,48.0044,3655366
2021-01-08,69.0000,69.2400,68.0100,68.5800,48.1237,3035733
2021-01-11,67.5100,68.1700,66.6100,67.5500,47.4010,2918312
2021-01-12,68.5000,68.8300,67.3000,67.9000,47.6466,3245940
2021-01-13,68.1000,68.7500,67.6100,68.0300,47.7378,3096228
2021-01-14,68.1200,68.4100,67.7200,68.1000,47.7869,2127852
2021-01-15,67.6400,68.0200,66.1100,67.2900,47.2185,3887322
2021-01-18,66.5000,67.6000,66.5000,67.4800,47.3518,1416376
2021-01-19,67.9600,68.1600,66.4600,66.5900,46.7273,2469283
2021-01-20,67.3000,68.1700,66.9900,67.3600,47.2676,2915428
2021-01-21,67.7500,68.0800,66.9900,67.3300,47.2466,2344062
2021-01-22,66.7000,66.7200,65.8200,66.2800,46.5098,2743203
2021-01-25,66.6700,67.0400,64.0500,64.5300,45.2818,3433739
2021-01-26,64.6500,65.8900,64.3600,65.2400,45.7800,2553918
2021-01-27,64.9000,65.3200,62.6000,63.8800,44.8257,4620843
2021-01-28,63.1900,64.8300,62.5600,64.5300,45.2818,3052869
2021-01-29,63.2600,64.7700,62.9700,63.8300,44.7906,4117710
2021-02-01,64.5600,65.1600,64.1400,64.8100,45.4783,2261944
2021-02-02,65.4000,65.9300,65.0600,65.4300,45.9133,2387910
2021-02-03,66.0300,66.4000,65.5800,66.1600,46.4256,2151723
2021-02-04,66.1600,66.6900,65.9400,66.6600,46.7764,1923366
2021-02-05,66.5500,67.0300,66.0900,66.8100,46.8817,1925658
2021-02-08,67.1300,67.9500,67.0600,67.3600,47.2676,1831771
2021-02-09,67.2300,67.3800,66.5900,67.2700,47.2045,1759355
2021-02-10,67.4400,67.8600,66.5200,67.1500,47.1203,2030589
2021-02-11,67.0700,67.5100,66.7400,67.0700,47.0641,1685691
2021-02-12,66.7600,67.1200,65.8800,66.8200,46.8887,1907928
2021-02-15,67.2400,67.6500,67.0000,67.4000,47.2957,1420021
2021-02-16,67.4100,67.9900,67.1000,67.6700,47.4852,1650603
2021-02-17,67.5300,68.0000,67.0100,67.1600,47.1273,1870842
2021-02-18,66.8500,67.8000,66.7500,67.0300,47.0361,1935256
2021-02-19,67.2500,68.3000,66.9500,68.0000,47.7167,2716801
2021-02-22,67.8900,69.1000,67.1700,68.9900,48.4114,2379945
2021-02-23,69.3100,69.6300,67.3700,68.3200,47.9413,2823287
2021-02-24,68.2800,69.4500,67.9500,69.4000,48.6991,2390063
2021-02-25,69.5700,69.6700,68.1200,68.1600,47.8290,2449919
2021-02-26,66.4000,68.4000,65.8000,67.7300,47.5273,4092028
2021-03-01,68.5000,69.3100,68.3200,69.0900,48.4816,2436474
2021-03-02,68.3900,70.2700,68.3000,70.2700,49.3096,2896907
2021-03-03,70.5400,71.6500,70.5000,71.1400,49.9201,2683854
2021-03-04,70.6200,71.3300,70.3500,71.0800,49.8780,2050789
2021-03-05,70.9200,71.7500,70.5000,70.6800,49.5973,2849252
2021-03-08,71.1100,72.8400,70.8300,72.6100,50.9516,3954915
2021-03-09,72.5100,72.7600,71.6000,71.7800,50.3692,3926631
2021-03-10,71.7400,72.5000,71.5000,72.5000,50.8745,2337554
2021-03-11,72.8400,72.8400,71.7600,72.1900,50.6569,2127475
2021-03-12,72.1900,72.7000,71.8400,72.6000,50.9446,1698564
2021-03-15,72.6500,72.8200,70.0600,70.5600,49.5131,2796301
2021-03-16,70.7300,71.0700,70.0500,70.0900,49.1833,2508692
2021-03-17,70.0400,71.0800,69.8800,70.7600,49.6535,2271045
2021-03-18,70.6900,72.6000,70.6200,72.6000,50.9446,3299421
2021-03-19,72.0300,72.1000,69.8100,69.9700,49.0991,10841459
2021-03-22,69.7700,70.3700,69.0100,69.5800,48.8254,2354167
2021-03-23,69.4500,69.5800,68.6900,69.0100,48.4255,2514031
2021-03-24,68.5000,70.0700,68.2200,69.9800,49.1061,2145959
2021-03-25,69.7300,70.4600,68.7700,70.4600,49.4430,2053009
2021-03-26,70.7400,71.1500,69.5800,69.8200,48.9939,2502328
2021-03-29,69.9400,70.5500,69.4500,70.0300,49.1412,1838146
2021-03-30,70.1800,72.1700,70.0000,71.8800,50.4394,2717233
2021-03-31,71.8200,72.3600,70.7200,70.8400,49.7096,2746094
2021-04-01,71.1400,72.0000,70.5500,71.0500,49.8570,1949783
2021-04-06,72.0000,72.7800,71.9100,72.2400,50.6920,2798324
2021-04-07,72.3400,72.8800,72.0500,72.3500,50.7692,2121302
2021-04-08,72.6000,72.7000,71.0800,71.4500,50.1377,2382104
2021-04-09,71.3400,71.7800,70.9600,71.4900,50.1657,2132963
2021-04-12,71.4500,71.5400,70.7300,71.0800,49.8780,2317818
2021-04-13,71.2400,71.9500,71.0500,71.1400,49.9201,2382118
2021-04-14,71.5600,71.8000,70.1600,70.9600,49.7938,2569122
2021-04-15,71.1300,71.7800,70.9800,71.0300,49.8429,2230495
2021-04-16,71.1600,72.7500,71.1200,72.4500,50.8394,3715978
2021-04-19,72.7600,72.8400,71.6500,71.7600,50.3552,2274169
2021-04-20,71.8100,72.0100,70.7200,70.9700,49.8008,3143901
2021-04-21,71.2500,71.4400,70.4700,71.1200,49.9061,2332073
2021-04-22,71.3500,71.4300,70.1400,70.1800,49.2465,2828598
2021-04-23,70.0000,70.5100,69.3600,70.4200,49.4149,2935653
2021-04-26,70.7300,71.6700,70.5700,71.3500,50.0675,2681368
2021-04-27,71.5000,71.8300,70.5800,71.0700,49.8710,2129934
2021-04-28,71.4100,71.7400,70.8900,70.8900,49.7447,2644806
2021-04-29,71.3700,71.9900,69.4400,70.5200,49.4851,5943738
2021-04-30,67.8600,69.0100,67.0800,67.0800,49.3820,4998659
2021-05-03,67.5700,67.6800,66.3700,67.0600,49.3673,2149415
2021-05-04,67.2400,68.7600,66.6600,66.8300,49.1980,3719890
2021-05-05,67.4800,69.3600,67.4600,69.3600,51.0605,3142265
2021-05-06,69.4400,70.4000,69.2300,70.2200,51.6936,2742399
2021-05-07,70.4000,70.8100,69.8500,70.3800,51.8113,2075253
2021-05-10,70.5800,71.0500,70.3000,70.7600,52.0911,1692668
2021-05-11,69.9900,70.1900,68.6000,69.2500,50.9795,2887043
2021-05-12,69.2200,69.6800,68.1500,69.1300,50.8911,2275025
2021-05-13,68.4000,69.1500,67.2300,68.9100,50.7292,2155802
2021-05-14,69.3800,69.4400,68.8000,69.1300,50.8911,1911095
2021-05-17,69.3400,69.5700,68.7100,69.1600,50.9132,1924817
2021-05-18,69.4000,69.8300,68.6900,68.9700,50.7733,1745554
2021-05-19,68.4900,68.6000,66.4900,67.2400,49.4998,3701760
2021-05-20,67.5000,67.6400,66.3800,67.6400,49.7943,2228094
2021-05-21,67.5000,68.0700,67.2000,67.8400,49.9415,2399997
2021-05-25,68.3600,68.3600,67.0700,67.1100,49.4041,2432344
2021-05-26,67.2800,67.2800,66.2700,66.7500,49.1391,1824138
2021-05-27,66.6000,67.3800,66.3700,66.3700,48.8593,4454352
2021-05-28,66.7400,67.5800,66.7200,67.1500,49.4335,1865685
2021-05-31,67.1700,67.1800,66.5100,66.6600,49.0728,1377815
2021-06-01,66.9900,68.3500,66.9900,67.9500,50.0225,1830039
2021-06-02,68.1800,68.4900,67.7700,68.1300,50.1550,1306769
2021-06-03,68.1100,68.4800,67.2900,68.3500,50.3169,1488623
2021-06-04,68.4000,68.7300,68.2700,68.5500,50.4642,1611244
2021-06-07,68.5100,69.2500,68.2700,68.5100,50.4347,1597468
2021-06-08,68.3000,68.4600,67.6800,68.2500,50.2433,2307921
2021-06-09,68.1300,68.5000,67.1500,67.4500,49.6544,2341816
2021-06-10,67.6500,67.8400,66.4700,67.1800,49.4556,2060574
2021-06-11,67.1600,67.7900,66.8000,67.5100,49.6986,1869005
2021-06-14,67.6800,68.0200,67.1600,67.2400,49.4998,1927774
2021-06-15,67.6000,67.6500,66.8000,67.0500,49.3599,2394217
2021-06-16,67.1900,67.2600,66.1700,66.4700,48.9329,3014567
2021-06-17,66.0100,66.7200,65.6500,66.1100,48.6679,2481877
2021-06-18,66.0900,66.0900,64.3100,64.5600,47.5269,5421947
2021-06-21,64.4400,65.8500,63.8300,65.6900,48.3587,3434171
2021-06-22,65.7000,66.3900,65.3300,66.1500,48.6974,2013006
2021-06-23,66.2200,66.3900,65.3000,65.3000,48.0716,1885264
2021-06-24,65.6400,66.0100,65.4400,65.6100,48.2998,1655578
2021-06-25,65.6400,66.3400,65.5200,66.0500,48.6237,1570475
2021-06-28,66.0400,66.1800,65.1000,65.3000,48.0716,1807851
2021-06-29,65.3400,67.2500,65.3200,66.8300,49.1980,2788324
2021-06-30,66.8200,67.0800,65.7300,66.4400,48.9109,3069566
2021-07-01,66.8300,67.6800,66.6400,67.1900,49.4630,2595816
2021-07-02,67.5200,68.2100,67.0100,67.1800,49.4556,2089857
2021-07-05,67.2500,67.7500,66.9700,67.5000,49.6912,1334081
2021-07-06,67.5300,67.5500,65.7200,66.0400,48.6164,2451873
2021-07-07,66.1800,66.7900,66.0400,66.4000,48.8814,1620221
2021-07-08,66.0000,66.0000,64.9400,65.7400,48.3955,3163295
2021-07-09,65.9400,69.0000,65.5600,68.0100,50.0666,3940116
2021-07-12,68.3600,68.7800,67.1700,68.1000,50.1329,3041209
2021-07-13,68.0400,68.6000,67.7400,67.9000,49.9857,2333015
2021-07-14,67.6500,68.4800,67.4200,67.9200,50.0004,1624218
2021-07-15,67.8200,68.1200,67.2300,67.4000,49.6176,1852286
2021-07-16,67.5900,67.8900,66.5500,67.0100,49.3305,2378716
2021-07-19,66.5100,66.5400,64.1100,64.5400,47.5121,4385855
2021-07-20,65.0000,65.8500,64.6000,65.4000,48.1452,2839162
2021-07-21,65.6800,66.9600,65.4900,66.4900,48.9477,2875831
2021-07-22,66.7900,67.4300,66.4600,66.5300,48.9771,1271208
2021-07-23,66.9000,67.3000,66.8700,67.0200,49.3378,1486785
2021-07-26,66.8700,67.5500,66.6100,67.4600,49.6617,1324409
2021-07-27,67.1500,67.3400,66.7300,67.0800,49.3820,1513181
2021-07-28,67.3100,67.4400,65.7800,66.4100,48.8888,3490729
2021-07-29,66.9400,67.3600,66.5800,66.7600,49.1464,1871530
2021-07-30,66.5000,66.7000,65.9700,66.2200,48.7489,2677146
2021-08-02,66.9000,67.5200,66.0800,66.0800,48.6458,2023831
2021-08-03,66.2200,66.7500,65.8300,66.6800,49.0875,2177323
2021-08-04,66.7400,67.0000,66.3000,66.5700,49.0066,1647430
2021-08-05,66.2700,67.0900,66.1900,67.0800,49.3820,1937663
2021-08-06,66.8300,67.4500,66.7600,67.0800,49.3820,1293297
2021-08-09,67.1000,67.5400,66.9200,67.2400,49.4998,1096326
2021-08-10,67.2200,67.5800,66.9600,67.4800,49.6765,1300082
2021-08-11,67.6000,68.1500,67.5100,68.0100,50.0666,1807566
2021-08-12,68.2500,69.1400,68.1000,68.7500,50.6114,2088412
2021-08-13,68.7600,69.5200,68.6000,69.1600,50.9132,1699808
2021-08-16,68.7500,68.9200,67.9900,68.2600,50.2507,1851874
2021-08-17,67.9900,68.1000,67.6400,67.7600,49.8826,1464551
2021-08-18,67.7500,68.1100,67.5100,68.0200,50.0740,1375275
2021-08-19,67.2000,67.3000,65.1600,65.5200,48.2336,4719089
2021-08-20,65.5000,65.7100,64.1400,64.7700,47.6814,4242856
2021-08-23,65.5000,65.6000,64.8200,65.2100,48.0054,1914354
2021-08-24,65.6000,66.7800,65.3400,66.5800,49.0139,2512069
2021-08-25,66.7600,66.8000,66.0700,66.4200,48.8961,1254464
2021-08-26,66.0300,66.3000,65.6500,65.9700,48.5648,1404408
2021-08-27,65.8900,66.6600,65.6300,66.5000,48.9550,1215087
2021-08-30,66.8600,67.3000,66.7500,66.7600,49.1464,1263113
2021-08-31,66.8900,67.2200,65.3200,65.5200,48.2336,3787461
2021-09-01,65.9600,66.1600,64.4400,64.6000,47.5563,3732846
2021-09-02,64.6900,65.2300,64.6200,64.9300,47.7992,1693540
2021-09-03,65.0500,65.3300,64.5100,64.8100,47.7109,1880540
2021-09-06,64.8600,65.5400,64.6900,65.3000,48.0716,1531291
2021-09-07,65.2000,65.7600,64.9000,65.2500,48.0348,1450674
2021-09-08,64.9500,65.6500,64.6000,64.9100,47.7845,2737824
2021-09-09,64.6100,64.9200,63.7600,64.6300,47.5784,2620023
2021-09-10,64.8200,65.0600,64.4500,64.5600,47.5269,1493458
2021-09-13,64.7700,65.8300,64.6700,65.6100,48.2998,2131987
2021-09-14,65.7200,66.2800,65.4000,65.5700,48.2704,1944671
2021-09-15,65.4700,65.7500,64.7200,64.8100,47.7109,2460130
2021-09-16,65.0900,66.0100,65.0100,65.0900,47.9170,2427116
2021-09-17,65.4500,65.4500,63.0700,63.0900,46.4447,7740627
2021-09-20,62.0000,62.0000,60.1400,61.7700,45.4730,6134904
2021-09-21,62.6400,63.3100,62.2500,62.3900,45.9294,3044255
2021-09-22,63.1800,63.6500,62.5000,63.5100,46.7539,2127372
2021-09-23,64.5000,64.5000,63.4500,63.9400,47.0704,2281284
2021-09-24,63.5800,64.0000,63.1700,63.7900,46.9600,1686863
2021-09-27,64.4600,65.1400,64.3900,64.7200,47.6446,2587916
2021-09-28,64.5600,65.9400,64.5600,64.8100,47.7109,3525382
2021-09-29,65.3500,66.0900,64.8100,65.8300,48.4618,2520325
2021-09-30,66.3200,66.4800,65.3900,65.8500,48.4765,3206486
2021-10-01,64.5300,65.3400,64.1000,64.6000,47.5563,3023397
2021-10-04,64.3000,65.3300,64.0700,64.5300,47.5048,1764367
2021-10-05,64.3500,64.7300,63.7800,64.6100,47.5637,2398835
2021-10-06,63.9900,64.1800,61.8600,61.9100,45.5760,4037481
2021-10-07,63.1200,63.6700,62.2500,63.3400,46.6287,2862561
2021-10-08,63.1900,63.7800,63.1100,63.6800,46.8790,1942204
2021-10-11,63.5000,64.3300,63.3600,64.1900,47.2545,1576288
2021-10-12,63.5800,64.5500,63.2700,64.5500,47.5195,2431901
2021-10-13,64.5000,65.1300,63.9200,64.9000,47.7772,2169185
2021-10-14,65.2600,65.4000,64.5600,65.0900,47.9170,2216800
2021-10-15,64.9000,65.2700,64.4600,65.0000,47.8508,2476482
2021-10-18,65.0400,65.1700,63.8400,64.0600,47.1588,2210466
2021-10-19,64.2200,64.2600,63.6100,63.7400,46.9232,2017089
2021-10-20,63.5300,63.7800,62.8800,63.4800,46.7318,1951333
2021-10-21,62.8400,63.1800,62.6100,62.8000,46.2312,1900695
2021-10-22,62.8100,63.3000,62.6500,62.8000,46.2312,1820061
2021-10-25,63.0200,63.4900,62.4800,63.2000,46.5257,2000692
2021-10-26,63.3200,63.9600,62.9700,63.5400,46.7760,2402234
2021-10-27,63.8000,63.8000,62.7100,63.4500,46.7097,4044880
2021-10-28,63.3000,63.5800,62.3000,62.5500,46.0472,3299884
2021-10-29,62.2300,62.4900,61.8100,62.2800,45.8484,3567852
2021-11-01,62.6000,63.5000,62.4800,62.7900,46.2238,1879961
2021-11-02,62.5000,62.6200,61.5000,62.2100,45.7969,3963943
2021-11-03,62.4900,62.9300,61.8800,62.5700,46.0619,2088993
2021-11-04,63.0000,63.3200,61.5100,61.5100,45.2816,3313692
2021-11-05,61.6800,62.3000,61.3200,62.0800,45.7012,2840841
2021-11-08,62.2000,62.3100,61.6400,62.0400,45.6717,1965865
2021-11-09,61.9000,62.2700,61.6400,61.7100,45.4288,1894943
2021-11-10,61.8500,62.2000,61.5400,61.9500,45.6055,2092611
2021-11-11,61.9000,62.4700,61.7200,62.2900,45.8558,1830414
2021-11-12,62.3400,62.7700,62.1200,62.6500,46.1208,1985327
2021-11-15,62.7700,62.8500,62.0200,62.3700,45.9147,1743352
2021-11-16,62.3500,63.3400,62.0400,62.8400,46.2607,2274925
2021-11-17,62.8400,62.9300,62.3000,62.6800,46.1429,1658952
2021-11-18,62.8100,63.1000,62.5200,62.6300,46.1061,1950914
2021-11-19,63.0700,63.3000,60.8400,61.6100,45.3552,4794843
2021-11-22,61.7100,62.1500,61.2300,61.9300,45.5907,2072836
2021-11-23,61.5600,63.6500,61.5300,62.9500,46.3416,3728209
2021-11-24,62.9500,62.9600,61.6100,61.8900,45.5613,2891475
2021-11-25,61.8800,61.8800,61.1500,61.6100,45.3552,1940143
2021-11-26,60.0700,60.1200,57.7600,57.9100,42.6314,9351929
2021-11-29,58.7900,58.9300,57.6300,57.9800,42.6829,4154583
2021-11-30,57.3800,58.3000,57.0600,57.8800,42.6093,6405668
2021-12-01,58.2700,59.5900,58.1300,59.2600,43.6252,3233389
2021-12-02,58.7100,59.4500,58.4300,59.0800,43.4927,3130377
2021-12-03,59.5600,59.6200,58.1900,58.4000,42.9921,3381666
2021-12-06,58.9900,59.8500,58.6300,59.5900,43.8681,2675906
2021-12-07,60.6500,61.5800,60.4500,61.2100,45.0607,4321721
2021-12-08,60.5500,60.8000,59.6600,60.2900,44.3834,3660057
2021-12-09,60.7600,60.8600,59.5000,59.8900,44.0890,2379735
2021-12-10,59.6100,60.3500,59.4500,59.8300,44.0448,1881597
2021-12-13,60.2000,60.4700,59.5300,59.5700,43.8534,2027187
2021-12-14,59.7800,59.9800,59.3100,59.5700,43.8534,2088712
2021-12-15,59.6200,59.7100,59.0600,59.2700,43.6325,1980556
2021-12-16,60.1800,60.8700,60.0600,60.3400,44.4202,3249545
2021-12-17,60.6100,60.8700,59.8300,60.1900,44.3098,4583909
2021-12-20,59.0600,59.2600,58.0100,59.0600,43.4779,3099267
2021-12-21,59.6800,59.9400,59.2000,59.7100,43.9565,1922185
2021-12-22,59.7100,59.9500,59.2300,59.9500,44.1331,1833033
2021-12-23,60.1800,60.9400,60.1800,60.8300,44.7810,1889040
2021-12-27,60.6500,61.5000,60.5000,61.2900,45.1196,1405892
2021-12-28,61.3000,61.9300,61.2600,61.7000,45.4214,1576927
2021-12-29,61.7100,61.8400,61.3700,61.4700,45.2521,1345086
2021-12-30,61.4800,61.7800,61.3300,61.7800,45.4803,1398905
2022-01-03,61.9000,63.1000,61.9000,62.5800,46.0693,2705145
2022-01-04,62.8300,65.5900,62.7900,65.3100,48.0790,6329398
2022-01-05,65.8700,67.1400,65.4000,65.8300,48.4618,4965945
2022-01-06,65.2100,66.3800,65.0300,65.8100,48.4471,3288522
2022-01-07,65.6800,66.2800,65.4400,66.1100,48.6679,3055239
2022-01-10,66.4800,66.5400,65.8700,66.0900,48.6532,3143968
2022-01-11,66.6200,67.2500,66.4700,66.6900,49.0949,3244059
2022-01-12,67.0000,67.3400,66.5900,66.8600,49.2200,3255778
2022-01-13,66.9000,67.7500,66.6300,67.7500,49.8752,3461319
2022-01-14,67.2800,68.1300,67.2600,68.1100,50.1402,3896462
2022-01-17,68.2400,68.4700,67.9800,68.1400,50.1623,2538420
2022-01-18,67.9400,68.2300,67.3900,67.6600,49.8090,3056423
2022-01-19,67.1800,68.3200,67.0400,67.8000,49.9120,3122687
2022-01-20,67.8000,68.1400,67.0700,67.4400,49.6470,2711527
2022-01-21,66.5400,66.7100,65.4200,66.1800,48.7194,3653870
2022-01-24,65.7400,66.2400,63.4600,64.2600,47.3060,5069201
2022-01-25,65.0400,65.9100,64.3400,65.3300,48.0937,3988007
2022-01-26,65.9400,67.9800,65.9400,67.3100,49.5513,3956379
2022-01-27,66.5100,68.9800,66.4300,68.4500,50.3905,4080180
2022-01-28,68.1000,68.5100,67.3800,68.5100,50.4347,3886558
2022-01-31,68.9000,69.0200,67.1800,67.5200,49.7059,4198483
2022-02-01,67.8900,68.4800,67.5200,67.9600,50.0298,2549282
2022-02-02,68.2500,68.6800,67.7900,67.9500,50.0225,2299153
2022-02-03,67.8700,68.2100,67.2800,67.4800,49.6765,2723810
2022-02-04,67.6600,67.8600,66.3200,66.7100,49.1096,3398709
2022-02-07,67.0200,67.0700,66.3500,66.9700,49.3010,2281258
2022-02-08,67.1400,68.5600,67.0600,68.2000,50.2065,2862652
2022-02-09,68.3300,69.0600,67.9200,68.6200,50.5157,2336737
2022-02-10,68.6700,69.1500,68.3400,68.5600,50.4715,2198045
2022-02-11,68.3200,68.9300,68.0000,68.6900,50.5672,2304933
2022-02-14,67.0000,67.2000,65.6600,66.4500,48.9182,4584255
2022-02-15,66.1600,68.4100,66.0500,68.1900,50.1991,4100339
2022-02-16,68.3000,68.9500,68.1700,68.5200,50.4421,2203827
2022-02-17,68.2800,68.6400,67.4200,67.8500,49.9488,2396894
2022-02-18,67.8000,68.4300,66.7000,67.2600,49.5145,3060736
2022-02-21,67.7800,68.0200,65.4100,66.0900,48.6532,3912650
2022-02-22,63.5600,65.7100,63.0100,65.2700,48.0495,5948832
2022-02-23,65.5600,66.1500,64.7800,64.8600,47.7477,4250962
2022-02-24,61.9600,63.0500,60.4000,61.0600,44.9503,12186717
2022-02-25,60.2500,60.6500,58.0600,60.4300,44.4865,13027342
2022-02-28,58.4300,59.6500,56.6800,59.2500,43.6178,10452524
2022-03-01,57.3800,58.9900,55.5200,55.5200,40.8719,12416043
2022-03-02,55.0100,57.6900,54.5700,57.2900,42.1749,10549846
2022-03-03,57.3400,57.4800,54.8300,54.9500,40.4523,8214532
2022-03-04,54.3600,54.3600,51.2000,51.2000,37.6917,9592903
2022-03-07,49.2000,50.0100,47.2300,48.7700,35.9028,11367862
2022-03-08,47.8800,50.6200,47.5150,49.7800,36.6463,8766179
2022-03-09,51.6800,55.0700,51.0400,54.7900,40.3345,9119642
2022-03-10,55.0700,55.1200,52.5000,53.2100,39.1714,6646877
2022-03-11,53.1300,55.5400,52.7700,53.8800,39.6646,5302560
2022-03-14,55.2000,56.0600,54.3400,54.6600,40.2388,5387169
2022-03-15,54.2000,54.4100,52.8400,53.8200,39.6204,5126540
2022-03-16,55.6200,55.8600,54.0000,55.3100,40.7173,5673362
2022-03-17,55.5500,55.6400,53.4700,54.5600,40.1652,5053487
2022-03-18,54.2300,54.8200,53.4800,54.0200,39.7677,7779427
2022-03-21,54.1200,55.0100,54.0000,54.4000,40.0474,3028435
2022-03-22,54.4700,55.2200,54.3300,54.5600,40.1652,3048727
2022-03-23,54.9000,55.1000,53.2500,53.2500,39.2008,4179730
2022-03-24,53.1200,53.6000,52.0800,52.3000,38.5015,6074928
2022-03-25,52.6400,52.6400,51.6100,51.8100,38.1407,4778939
2022-03-28,52.9400,53.9300,52.2500,52.6500,38.7591,4578757
2022-03-29,53.5000,55.5200,53.4200,55.0400,40.5186,5458456
2022-03-30,54.5300,54.6100,52.9100,53.2900,39.2303,4724905
2022-03-31,53.6300,54.2400,51.3000,51.7600,38.1039,6170393
2022-04-01,52.0800,52.8200,51.9100,52.1300,38.3763,3182865
2022-04-04,52.1300,52.1500,51.1300,51.8700,38.1849,3298726
2022-04-05,51.8200,52.3500,50.7600,51.1300,37.6402,4348680
2022-04-06,51.0600,51.2600,49.7250,50.3100,37.0365,5447516
2022-04-07,50.6000,51.6500,50.3400,50.3500,37.0659,3733694
2022-04-08,50.9700,51.6300,50.6600,51.3600,37.8095,2888090
2022-04-11,51.2400,52.8400,50.6700,51.4000,37.8389,4388030
2022-04-12,50.8300,52.3500,50.5500,51.9600,38.2512,4425634
2022-04-13,51.3700,51.5300,50.7900,51.3400,37.7947,3757594
2022-04-14,51.5700,52.1500,51.1700,51.6600,38.0303,3868028
2022-04-19,51.8000,52.6000,51.4600,52.1900,38.4205,4037912
2022-04-20,52.7000,53.1300,52.3200,52.9200,38.9579,3526602
2022-04-21,53.2800,54.1800,53.1400,53.6200,39.4732,3948498
2022-04-22,53.5000,53.8000,52.3200,52.3200,38.5162,4151107
2022-04-25,52.0000,52.3800,51.4100,51.7300,38.0819,5533934
2022-04-26,52.5100,52.5800,50.5500,50.5500,37.2132,5507512
2022-04-27,50.5600,50.9600,48.9900,50.3600,37.0733,6383078
2022-04-28,51.0000,51.9800,50.2100,50.8100,37.4046,4735610
2022-04-29,51.5100,51.5100,50.1300,50.4100,37.1101,5672719
2022-05-02,47.5000,48.2450,47.1200,47.4350,37.4456,6898413
2022-05-03,47.5500,47.9300,46.6100,47.5100,37.5048,5765056
2022-05-04,48.0000,49.6550,47.8250,49.0450,38.7166,5724504
2022-05-05,49.9400,50.0700,47.3850,47.5750,37.5561,4267155
2022-05-06,47.2700,48.2200,46.8450,47.4350,37.4456,4702871
2022-05-09,47.3000,47.6950,46.4650,47.0800,37.1654,3505484
2022-05-10,48.0400,49.3150,48.0050,48.5100,38.2942,4569481
2022-05-11,48.7950,49.7650,48.3200,49.6000,39.1547,4006353
2022-05-12,48.6300,49.2700,47.8800,49.0600,38.7284,4343684
2022-05-13,49.5000,49.5950,48.4550,49.3800,38.9810,3455211
2022-05-16,49.2800,49.4300,48.7650,49.2950,38.9139,2439604
2022-05-17,49.8600,51.0300,49.7850,50.6900,40.0151,3691977
2022-05-18,50.8500,50.9400,49.8050,49.8550,39.3560,2876575
2022-05-19,49.3100,49.3350,48.1300,48.8600,38.5705,3904935
2022-05-20,49.3200,49.8000,48.6700,48.8500,38.5626,3392951
2022-05-23,49.7650,49.8600,48.9650,49.7350,39.2613,2494084
2022-05-24,49.2250,49.3650,48.5000,48.7550,38.4876,2581881
2022-05-25,49.2950,49.7700,48.6200,49.4650,39.0481,2143252
2022-05-26,49.5550,50.9500,49.4900,50.7900,40.0941,2285283
2022-05-27,50.7300,51.1700,50.6600,51.1100,40.3467,2958399
2022-05-30,51.3300,51.8200,51.1500,51.4400,40.6072,2392696
2022-05-31,51.3000,51.8900,50.9800,51.2900,40.4888,7137618
2022-06-01,51.7200,52.1100,51.2200,51.7300,40.8361,3246759
2022-06-02,51.8200,52.6600,51.8200,52.6000,41.5229,2209910
2022-06-03,52.9900,53.0800,51.9700,52.0200,41.0651,1534397
2022-06-06,52.6200,52.7300,52.1800,52.5200,41.4598,1405360
2022-06-07,52.3300,52.4500,51.8200,52.1800,41.1914,1871738
2022-06-08,52.3000,52.9500,52.3000,52.6800,41.5861,2737353
2022-06-09,52.6000,52.8500,51.7500,51.8700,40.9466,2487406
2022-06-10,51.6100,51.6100,49.6300,49.6300,39.1784,3729744
2022-06-13,49.1000,49.7900,48.8050,49.0750,38.7402,3596154
2022-06-14,49.4750,49.8500,48.3300,48.3900,38.1995,3756926
2022-06-15,48.9450,49.8600,48.8050,49.0300,38.7047,3809267
2022-06-16,48.4700,48.4700,45.3700,45.6650,36.0484,7410335
2022-06-17,45.8200,46.3650,45.0950,45.3000,35.7602,7527258
2022-06-20,45.5000,45.7500,44.9500,45.7500,36.1155,2206746
2022-06-21,46.2000,47.1350,45.9100,46.0750,36.3720,3139952
2022-06-22,44.2350,44.3700,43.2050,43.4000,34.2603,6065374
2022-06-23,43.0200,43.2150,41.4300,41.4300,32.7052,6135605
2022-06-24,41.6200,42.3500,41.0800,42.2150,33.3249,4060324
2022-06-27,42.6000,43.6200,42.4550,42.8100,33.7946,3108517
2022-06-28,43.1000,43.7150,42.9750,43.0250,33.9643,3014948
2022-06-29,42.6200,42.7100,41.5800,41.5800,32.8236,3776480
2022-06-30,41.0300,41.7300,39.7050,41.5250,32.7802,7394956
2022-07-01,40.9400,41.8050,40.8000,41.2700,32.5789,3225657
2022-07-04,41.6650,42.0950,40.9600,41.8850,33.0644,2720036
2022-07-05,41.9900,42.3500,39.3250,39.3250,31.0435,5554871
2022-07-06,40.1400,40.5000,39.4700,39.7500,31.3790,3460029
2022-07-07,40.1850,41.5550,40.0300,41.3000,32.6026,3505882
2022-07-08,41.1250,43.2500,40.8200,42.9150,33.8775,5139891
2022-07-11,41.8050,42.2000,41.1000,41.2650,32.5750,3447930
2022-07-12,41.0150,42.5300,40.2350,42.5300,33.5736,5813909
2022-07-13,42.0450,42.5800,40.8550,41.4500,32.7210,3944250
2022-07-14,40.2600,41.3000,40.1400,40.4000,31.8921,4371252
2022-07-15,40.8000,41.5600,40.6350,41.4550,32.7249,4081379
2022-07-18,42.9800,43.1900,42.4500,42.7200,33.7236,3498960
2022-07-19,42.3000,45.9650,41.8250,44.6850,35.2747,4642688
2022-07-20,45.0100,45.3050,43.5150,44.6650,35.2590,4895949
2022-07-21,44.4850,45.1750,43.2700,43.6700,34.4735,3837275
2022-07-22,43.3950,43.8750,42.8500,43.1400,34.0551,2737231
2022-07-25,43.0200,43.9850,42.4900,43.1400,34.0551,3343016
2022-07-26,43.1000,43.1750,41.8500,42.1850,33.3012,3152851
2022-07-27,42.4250,42.4700,41.4250,41.6200,32.8552,4230247
2022-07-28,42.0550,42.8550,41.9100,42.5500,33.5894,3003476
2022-07-29,42.7150,43.6500,42.2900,43.4150,34.2722,3394141
2022-08-01,43.3350,44.0200,43.0250,43.3350,34.2090,2654685
2022-08-02,42.9000,44.0250,42.7550,43.7400,34.5287,2640176
2022-08-03,43.8250,44.0550,43.5000,43.8700,34.6314,1687512
2022-08-04,43.8700,44.7550,43.8500,44.2250,34.9116,2186010
2022-08-05,43.5950,44.2000,43.5200,44.0200,34.7498,2225354
2022-08-08,44.4900,45.0300,44.0400,44.8000,35.3655,1887595
2022-08-09,44.6400,44.7800,43.7650,43.9950,34.7300,1718058
2022-08-10,43.5900,44.6100,43.1300,44.4450,35.0853,2174922
2022-08-11,44.5000,44.6900,43.2450,43.4250,34.2801,3063478
2022-08-12,43.4350,44.4850,43.3050,44.1550,34.8563,2529555
2022-08-15,44.5450,44.7600,43.4650,44.0600,34.7814,1935247
2022-08-16,44.1000,44.8600,44.0200,44.7500,35.3260,2024200
2022-08-17,44.8300,44.8650,42.6850,42.6850,33.6959,3325862
2022-08-18,42.9000,44.1750,42.7600,43.4400,34.2919,2369236
2022-08-19,43.0000,43.5750,42.8150,43.0350,33.9722,2794272
2022-08-22,42.6000,42.8400,41.0750,41.1800,32.5079,4407077
2022-08-23,41.1350,42.2650,40.9300,41.8050,33.0012,2591664
2022-08-24,41.7650,42.1250,41.2350,41.6050,32.8434,1704974
2022-08-25,42.0800,42.2750,41.5700,42.0250,33.1749,1672804
2022-08-26,42.4150,42.8000,40.8850,40.9400,32.3184,2928714
2022-08-29,40.6800,42.5600,40.2050,42.2400,33.3446,3065116
2022-08-30,42.6600,43.2500,41.5850,42.1850,33.3012,2637160
2022-08-31,42.3600,42.4350,41.3700,42.0700,33.2104,2959389
2022-09-01,41.8600,41.8700,41.0150,41.3050,32.6065,2569270
2022-09-02,41.8700,43.1650,41.4700,42.9950,33.9406,3227662
2022-09-05,41.0000,41.6600,40.5900,41.2700,32.5789,3884015
2022-09-06,41.3200,42.4000,41.2850,42.0500,33.1946,2469505
2022-09-07,41.6500,43.0700,41.6100,42.9400,33.8972,2721625
2022-09-08,43.1100,43.2350,42.0050,42.4950,33.5459,2402485
2022-09-09,42.5500,43.5200,42.4850,43.4850,34.3274,2353026
2022-09-12,44.2000,45.1950,44.0400,44.9200,35.4602,3804363
2022-09-13,45.3800,45.4900,43.9450,44.2100,34.8998,2807249
2022-09-14,43.8450,43.9850,42.2650,42.7700,33.7630,3083464
2022-09-15,42.7150,43.1600,41.8200,42.2550,33.3565,3420523
2022-09-16,41.8000,41.9000,41.0100,41.3850,32.6697,5497824
2022-09-19,41.3100,42.6900,41.0400,42.3950,33.4670,2451615
2022-09-20,42.4900,42.6800,41.4700,41.6000,32.8394,2719784
2022-09-21,41.2000,41.7000,40.8900,41.7000,32.9184,1747654
2022-09-22,40.7050,41.8550,40.6150,41.0000,32.3658,2487342
2022-09-23,40.9950,41.0050,39.1150,39.7900,31.4106,5401195
2022-09-26,39.5000,40.5200,39.5000,39.8100,31.4264,2280095
2022-09-27,40.3450,40.4800,39.4200,39.4950,31.1777,3000536
2022-09-28,39.0000,39.5800,37.9000,39.4150,31.1146,4627324
2022-09-29,39.4050,39.5350,38.2300,38.8500,30.6685,3629948
2022-09-30,39.1250,39.8250,39.0050,39.6000,31.2606,2634013
2022-10-03,39.1700,40.9550,38.9000,40.9400,32.3184,2257882
2022-10-04,41.5000,42.3300,41.4250,42.3000,33.3920,2815387
2022-10-05,41.8100,42.2250,41.3800,41.9150,33.0881,2384098
2022-10-06,42.2050,42.4350,41.2000,41.2700,32.5789,1693445
2022-10-07,41.1750,41.8050,40.6500,40.6950,32.1250,1811165
2022-10-10,40.3500,43.9750,40.3200,43.1900,34.0946,4969378
2022-10-11,42.9250,42.9300,41.0000,41.4650,32.7328,5247994
2022-10-12,41.5600,42.7450,41.2650,42.1350,33.2617,3324529
2022-10-13,41.8850,43.3200,41.5000,42.9650,33.9170,3126131
2022-10-14,43.9750,44.3650,43.0600,43.3200,34.1972,2665717
2022-10-17,43.3600,44.2250,43.0000,44.0800,34.7971,1987259
2022-10-18,44.5700,45.5950,44.2500,44.9300,35.4681,2490901
2022-10-19,45.1200,45.5000,44.7500,45.0500,35.5629,1781458
2022-10-20,44.6350,45.7800,44.5900,45.4500,35.8786,2030400
2022-10-21,45.0050,46.1400,44.9500,46.0800,36.3760,3170028
2022-10-24,46.4650,47.1000,45.6050,46.5950,36.7825,2586843
2022-10-25,46.6000,46.9750,45.3250,45.9450,36.2694,3308342
2022-10-26,45.8500,47.0300,44.6100,45.5000,35.9181,3944074
2022-10-27,45.6900,46.3150,44.7500,46.0100,36.3207,2698211
2022-10-28,45.4650,45.7500,44.8850,45.3000,35.7602,2133275
2022-10-31,46.1050,46.1700,45.1700,45.4350,35.8668,1991798
2022-11-01,45.7000,46.3300,45.3150,45.4950,35.9142,2022800
2022-11-02,45.7000,45.7300,44.7550,45.0550,35.5668,1656138
2022-11-03,44.6100,44.8850,44.1900,44.5350,35.1563,1785945
2022-11-04,44.9200,47.3050,44.9200,46.8150,36.9562,3477866
2022-11-07,46.5100,47.7000,46.3000,47.6050,37.5798,2409048
2022-11-08,47.6000,48.3550,47.1050,48.3000,38.1284,2286638
2022-11-09,48.2000,48.2050,46.9500,47.5450,37.5324,2399984
2022-11-10,47.1500,49.0250,47.1350,48.9050,38.6060,3636163
2022-11-11,49.1900,50.7800,48.9200,50.6800,40.0072,4347291
2022-11-14,50.7300,51.8000,50.3200,51.2800,40.4809,3171903
2022-11-15,51.4000,51.6600,49.8000,50.3000,39.7073,3333244
2022-11-16,50.1700,50.2500,49.0300,49.5700,39.1310,2741384
2022-11-17,49.6850,49.9800,48.5250,48.9550,38.6455,2469408
2022-11-18,49.3650,49.8800,49.1500,49.6250,39.1744,3735973
2022-11-21,49.5000,49.5650,48.3900,48.6700,38.4205,2029774
2022-11-22,48.6250,49.7700,48.3150,49.5200,39.0915,2869362
2022-11-23,49.5400,49.7400,48.7400,49.2700,38.8942,2000156
2022-11-24,49.4800,50.0400,49.3050,49.8850,39.3797,1928731
2022-11-25,49.9100,49.9550,49.3250,49.6050,39.1586,1913545
2022-11-28,49.3350,49.6100,48.8300,48.9100,38.6100,2239466
2022-11-29,49.0400,49.2750,48.6700,49.0600,38.7284,2147838
2022-11-30,49.4500,49.4800,48.2450,48.5150,38.2982,3429311
2022-12-01,49.0350,49.1450,47.6550,47.8600,37.7811,2872543
2022-12-02,47.8000,48.7400,47.5550,48.7300,38.4679,2509795
2022-12-05,48.7600,48.8100,47.5800,47.9700,37.8679,2111883
2022-12-06,47.7500,48.1600,47.5050,47.9250,37.8324,1944656
2022-12-07,47.6000,47.8600,47.2300,47.4250,37.4377,2396424
2022-12-08,47.1400,47.4500,46.9600,47.1000,37.1812,1802377
2022-12-09,47.2700,47.8100,47.0000,47.7200,37.6706,1683741
2022-12-12,47.4000,47.4350,46.6450,46.7000,36.8654,2078818
2022-12-13,47.0000,48.0000,46.7050,47.5350,37.5246,3193409
2022-12-14,47.4500,48.0900,47.1500,47.2300,37.2838,2543304
2022-12-15,46.9000,46.9600,45.7050,45.8150,36.1668,3877945
2022-12-16,45.8150,46.0800,45.3350,45.7900,36.1470,6157075
2022-12-19,46.0000,46.2600,45.5200,45.5200,35.9339,1894993
2022-12-20,45.2250,45.8650,45.0100,45.8000,36.1549,2031572
2022-12-21,45.9950,46.6000,45.8400,46.5000,36.7075,1501316
2022-12-22,46.6700,46.8500,45.5100,45.6850,36.0642,1370649
2022-12-23,45.8950,46.3800,45.6500,46.2350,36.4983,1321140
2022-12-27,46.6900,47.0650,46.5700,46.6750,36.8457,1181785
2022-12-28,46.8000,47.1100,46.4800,46.5450,36.7430,1048904
2022-12-29,46.5650,46.9200,46.3500,46.7600,36.9128,1039546
2022-12-30,46.6550,46.7700,46.3900,46.3900,36.6207,797598
2023-01-02,46.6800,48.2700,46.5750,47.9850,37.8798,1967041
2023-01-03,48.2100,49.3450,48.2100,48.8900,38.5942,3344995
2023-01-04,49.3500,50.9600,49.2900,50.9600,40.2283,4240717
2023-01-05,50.9400,52.1700,50.8200,51.6200,40.7493,3592362
2023-01-06,51.7800,52.8100,51.5200,52.8100,41.6887,2592280
2023-01-09,52.9600,53.1800,52.2900,52.8400,41.7124,2790442
2023-01-10,52.6200,52.7300,51.2500,51.7000,40.8124,3082636
2023-01-11,51.8400,52.4700,51.4100,52.1700,41.1835,2839224
2023-01-12,52.6000,53.3400,52.5300,53.0900,41.9097,3007680
2023-01-13,53.2000,53.2400,52.6700,52.7600,41.6492,2501604
2023-01-16,52.7800,53.2200,51.8200,53.0000,41.8387,2923417
2023-01-17,53.0900,53.3800,52.7200,52.8400,41.7124,2438711
2023-01-18,51.7600,53.3200,51.6500,53.1300,41.9413,4019550
2023-01-19,52.6500,52.9800,52.0300,52.1800,41.1914,3023788
2023-01-20,52.1200,52.6400,51.9400,52.4600,41.4124,3496093
2023-01-23,52.5900,52.8000,52.2500,52.5700,41.4992,1208110
2023-01-24,52.7700,53.0400,52.5700,53.0400,41.8703,1823231
2023-01-25,53.0500,53.1600,52.4400,52.8700,41.7360,1259946
2023-01-26,53.1400,53.2000,52.0200,52.6200,41.5387,2412368
2023-01-27,52.9100,52.9200,52.4300,52.7900,41.6729,1488667
2023-01-30,52.6100,52.7900,52.1800,52.7800,41.6650,1739897
2023-01-31,52.7400,52.7400,52.1700,52.4000,41.3650,2101716
2023-02-01,52.4900,52.7900,52.2200,52.7400,41.6334,1938360
2023-02-02,52.9700,53.9300,52.8300,53.8400,42.5018,3629090
2023-02-03,53.6000,54.0400,53.1600,54.0400,42.6597,2471023
2023-02-06,53.7200,53.7700,52.8200,52.9500,41.7992,1736226
2023-02-07,53.1200,53.1800,52.6200,52.9500,41.7992,1605203
2023-02-08,53.4400,53.6200,52.7700,52.8600,41.7282,1719398
2023-02-09,52.8600,53.4400,52.7500,52.8500,41.7203,1727351
2023-02-10,52.6100,52.7800,51.2400,51.2900,40.4888,3290765
2023-02-13,51.5100,51.7500,51.1600,51.6700,40.7888,1455638
2023-02-14,51.7500,51.8200,51.0400,51.0600,40.3072,2205821
2023-02-15,51.1500,51.8100,51.1000,51.7000,40.8124,1813500
2023-02-16,51.9900,52.4800,51.6900,52.4000,41.3650,2214033
2023-02-17,52.0000,52.3700,51.3600,52.2400,41.2387,2164661
2023-02-20,52.4500,53.3900,52.4000,53.1100,41.9255,2271284
2023-02-21,53.1100,53.2800,52.0300,52.4900,41.4361,2003891
2023-02-22,52.1600,52.4100,51.4000,52.3600,41.3335,2447350
2023-02-23,52.6800,52.7800,51.9800,52.1700,41.1835,2039899
2023-02-24,50.8000,50.9500,48.0700,48.0700,37.9469,15255950
2023-02-27,48.1050,48.9900,47.8150,47.8900,37.8048,4646830
2023-02-28,47.6750,48.6550,47.5300,48.4750,38.2666,4673550
2023-03-01,48.9100,49.3250,48.2900,48.3750,38.1877,3534679
2023-03-02,47.3700,48.4350,47.2150,48.3250,38.1482,2886750
2023-03-03,48.5400,49.2850,48.5350,49.1650,38.8113,2411864
2023-03-06,49.3000,49.3200,48.1500,48.2550,38.0929,3025485
2023-03-07,48.2200,48.2700,47.8500,48.0150,37.9035,2279063
2023-03-08,47.6700,48.5100,47.4300,48.2850,38.1166,2605483
2023-03-09,48.3800,48.4650,47.8200,47.9900,37.8837,1659878
2023-03-10,47.2800,47.8900,47.1000,47.5450,37.5324,2745125
2023-03-13,47.5400,47.5400,45.5900,45.7000,36.0760,5650106
2023-03-14,45.8900,46.5450,45.5650,46.4050,36.6325,3057144
2023-03-15,46.3500,46.3900,44.4850,44.5350,35.1563,5292272
2023-03-16,45.5200,45.6750,44.2850,45.0850,35.5905,3649612
2023-03-17,45.4200,45.9950,44.4700,44.9150,35.4563,7187730
2023-03-20,44.9600,45.6100,44.0450,45.4000,35.8392,2617632
2023-03-21,45.9000,46.5200,45.8550,46.1700,36.4470,2125911
2023-03-22,46.1700,47.0100,46.1250,46.5600,36.7549,2583035
2023-03-23,46.4050,46.6550,46.0200,46.3750,36.6088,1969936
2023-03-24,46.2400,46.2450,44.9850,45.9150,36.2457,3399315
2023-03-27,46.4150,46.5400,45.3000,45.9300,36.2576,1869193
2023-03-28,46.4850,46.5350,45.9000,46.3850,36.6167,2075893
2023-03-29,46.6950,47.2500,46.3500,47.1800,37.2443,2738089
2023-03-30,47.4150,48.2600,47.3550,47.9000,37.8127,2023444
2023-03-31,48.0000,48.4950,47.8900,48.3600,38.1758,2672648
2023-04-03,48.3600,49.0950,48.1950,48.7900,38.5153,2135125
2023-04-04,48.9200,49.9900,48.9200,49.0100,38.6889,3071438
2023-04-05,49.1050,49.2250,48.1600,48.3600,38.1758,2460655
2023-04-06,48.6350,48.8800,48.2950,48.4100,38.2153,1631329
2023-04-11,48.9250,49.3100,48.7000,49.1100,38.7679,2743389
2023-04-12,48.7700,49.7050,47.8100,49.4250,39.0165,4617068
2023-04-13,49.6150,50.3000,48.5250,48.8050,38.5271,2775176
2023-04-14,48.9600,49.8300,48.8350,49.7050,39.2376,2174461
2023-04-17,49.9250,50.3400,49.7000,50.0600,39.5178,2043348
2023-04-18,50.2000,50.7500,50.1000,50.5200,39.8809,1994182
2023-04-19,50.5200,50.9200,50.2600,50.8300,40.1257,1653060
2023-04-20,50.8000,50.9000,50.2700,50.6100,39.9520,2293513
2023-04-21,50.6200,50.7500,49.2250,49.6050,39.1586,3692139
2023-04-24,49.6200,50.3400,49.3250,50.2400,39.6599,1686317
2023-04-25,50.2000,50.3400,49.6700,50.1600,39.5967,2101418
2023-04-26,50.0000,50.3000,49.3650,50.1500,39.5889,2759381
2023-04-27,49.9000,50.0000,47.8600,47.9950,37.8877,6330055
2023-04-28,44.9150,47.0350,44.8200,46.8500,39.8035,5055709
2023-05-02,47.0000,47.4700,45.1750,45.1850,38.3889,3430852
2023-05-03,45.4450,46.4400,45.2750,46.3600,39.3872,2474592
2023-05-04,46.4000,46.4350,45.4700,45.8950,38.9922,1889133
2023-05-05,46.1000,48.5000,46.0000,47.5250,40.3770,4802955
2023-05-08,47.4850,47.4850,46.6600,46.9800,39.9140,1566925
2023-05-09,46.8000,46.8800,46.4400,46.8450,39.7993,1365104
2023-05-10,46.9750,47.7850,46.6450,47.1250,40.0372,2024943
2023-05-11,47.3000,47.6000,46.7900,47.1100,40.0244,1320574
2023-05-12,47.1000,47.2400,46.7650,47.1000,40.0159,1457453
2023-05-15,47.5000,47.8800,47.2850,47.7250,40.5469,1682621
2023-05-16,47.5000,47.6600,46.9300,47.1050,40.0202,1644767
2023-05-17,46.8000,47.2800,46.6800,46.9250,39.8672,1455103
2023-05-18,47.1350,47.7900,47.1200,47.4550,40.3175,1333337
2023-05-19,47.7100,48.1050,47.5450,47.6050,40.4450,2942357
2023-05-22,47.7950,47.7950,47.1650,47.2850,40.1731,1596784
2023-05-23,47.1800,47.6200,47.0650,47.4650,40.3260,1162457
2023-05-24,47.1800,47.1800,46.1350,46.4250,39.4424,2540971
2023-05-25,46.4200,46.4450,45.4550,45.9150,39.0091,2520277
2023-05-26,46.1000,46.9250,45.8400,46.9100,39.8545,2081577
2023-05-29,47.0550,47.2250,46.5350,46.7050,39.6803,830499
2023-05-30,46.7400,46.8950,45.8850,45.9800,39.0644,1721728
2023-05-31,45.2000,45.5950,44.4150,44.4150,37.7348,7824643
2023-06-01,44.7200,45.1750,44.4150,44.8500,38.1043,1575872
2023-06-02,45.3000,47.1250,45.2150,46.7900,39.7525,3599448
2023-06-05,47.0000,47.1500,46.3350,46.5350,39.5359,1380535
2023-06-06,46.5700,46.7950,46.3000,46.7600,39.7271,986209
2023-06-07,46.6250,46.8000,46.2700,46.4500,39.4637,1402235
2023-06-08,46.5500,47.4750,46.5000,46.8700,39.8205,1792735
2023-06-09,46.6500,46.6600,45.6450,46.0250,39.1026,2415411
2023-06-12,46.3350,46.5800,45.9050,46.2950,39.3320,2019330
2023-06-13,46.5750,46.8650,46.0200,46.7700,39.7355,2065842
2023-06-14,46.7100,47.2400,46.4150,46.8350,39.7908,1823197
2023-06-15,46.7900,46.7900,45.8050,46.3550,39.3830,2223693
2023-06-16,46.5000,46.5000,45.2150,45.7000,38.8265,10602631
2023-06-19,45.2750,45.3900,43.9750,44.0650,37.4374,4149201
2023-06-20,42.7500,43.9100,42.3500,42.6550,36.2395,6292711
2023-06-21,42.5250,42.6650,41.9400,42.6150,36.2055,3299931
2023-06-22,42.2850,43.2100,42.1200,42.3750,36.0016,3150024
2023-06-23,42.0250,42.5250,41.9300,42.2350,35.8826,2469257
2023-06-26,42.5000,42.8300,42.1950,42.7850,36.3499,1596422
2023-06-27,43.2000,43.5800,42.7400,43.1100,36.6260,1748476
2023-06-28,43.0700,44.2650,43.0300,44.0750,37.4459,3194091
2023-06-29,44.0000,44.3250,43.7100,44.0400,37.4162,1778200
2023-06-30,44.2350,44.6350,43.9700,44.4700,37.7815,2776594
2023-07-03,44.7500,45.2400,44.5850,44.7350,38.0066,1638099
2023-07-04,44.7000,44.8300,44.3950,44.6850,37.9641,1282756
2023-07-05,44.2700,44.3950,43.8550,44.0900,37.4586,2395469
2023-07-06,43.7800,44.0600,42.8650,43.0700,36.5920,2622145
2023-07-07,43.0550,45.3300,43.0350,45.2500,38.4442,5475678
2023-07-10,45.1400,45.8300,44.8900,44.9650,38.2020,2579261
2023-07-11,45.2100,45.7100,44.8400,45.5750,38.7203,1815976
2023-07-12,45.8050,47.0900,45.6450,46.7350,39.7058,4213286
2023-07-13,45.8000,47.1350,45.6650,46.4300,39.4467,3545634
2023-07-14,46.1900,46.3450,45.2950,45.3600,38.5376,2471954
2023-07-17,45.1000,45.3800,44.8600,45.2100,38.4102,1452690
2023-07-18,45.2900,46.8100,45.0400,46.6400,39.6251,2570111
2023-07-19,46.7700,47.2100,46.7550,47.0700,39.9904,2035118
2023-07-20,47.0850,47.8150,47.0150,47.6750,40.5044,2220243
2023-07-21,47.8200,47.9300,47.2700,47.4700,40.3303,1989814
2023-07-24,47.2300,47.4150,46.9350,47.3300,40.2113,1101497
2023-07-25,47.4300,47.7800,47.1600,47.6150,40.4535,1349869
2023-07-26,47.9500,47.9500,47.0250,47.3000,40.1858,1730165
2023-07-27,47.5400,47.9400,47.3450,47.9000,40.6956,2342304
2023-07-28,47.7250,49.5850,47.5200,49.3850,41.9572,5795212
2023-07-31,48.9200,49.4600,48.7050,48.7700,41.4347,2647177
2023-08-01,48.7000,49.0350,48.4100,48.6600,41.3413,1818204
2023-08-02,47.9500,48.2850,47.6050,47.7500,40.5682,1989606
2023-08-03,47.3100,47.5500,46.7650,47.1900,40.0924,2466362
2023-08-04,47.1800,47.2700,46.4600,47.1300,40.0414,1686745
2023-08-07,46.9400,47.2200,46.6950,47.1650,40.0711,1114441
2023-08-08,46.7950,47.0400,46.1450,46.4250,39.4424,1999143
2023-08-09,46.8700,47.2550,46.5200,46.5600,39.5571,1549370
2023-08-10,46.8800,47.5550,46.7400,47.3750,40.2496,1548437
2023-08-11,47.2000,47.3550,46.7000,46.7600,39.7271,1504723
2023-08-14,46.7150,46.9200,46.1200,46.3600,39.3872,2023059
2023-08-15,46.3050,46.3700,45.5250,45.6450,38.7798,1780475
2023-08-16,45.5500,45.9100,45.4250,45.7100,38.8350,1059789
2023-08-17,45.5350,45.8900,45.4100,45.7400,38.8605,1144456
2023-08-18,45.5050,45.6700,45.1150,45.5550,38.7033,1785253
2023-08-21,45.5100,45.9550,45.4800,45.6250,38.7628,1295311
2023-08-22,45.9350,46.7550,45.7450,45.8600,38.9624,1901096
2023-08-23,45.9800,46.0650,45.3550,45.5150,38.6693,1527219
2023-08-24,45.8350,45.8950,45.0000,45.1350,38.3465,1610118
2023-08-25,45.1450,45.4200,44.9400,45.0250,38.2530,1438136
2023-08-28,45.3300,45.4500,45.0600,45.4000,38.5716,1233708
2023-08-29,45.6500,46.0150,45.4650,45.9800,39.0644,1597410
2023-08-30,46.2650,46.4000,45.6250,46.2500,39.2938,1921958
2023-08-31,46.3300,46.9750,46.2850,46.7900,39.7525,2687245
2023-09-01,47.0000,47.4500,46.8850,46.8850,39.8333,1687756
2023-09-04,47.1750,47.2000,46.5250,46.6150,39.6039,901800
2023-09-05,46.4300,46.4600,45.8750,45.8850,38.9837,1621356
2023-09-06,45.6350,46.4150,45.2250,45.8050,38.9157,2029855
2023-09-07,45.5600,45.6350,44.8800,45.1150,38.3295,2076832
2023-09-08,45.2550,45.2650,43.7350,44.4800,37.7900,3284207
2023-09-11,44.8900,45.0700,44.6400,44.9950,38.2275,2382235
2023-09-12,45.0000,45.1500,44.1700,44.2800,37.6201,2156009
2023-09-13,44.1700,44.9400,44.1400,44.3250,37.6583,1865246
2023-09-14,44.2550,45.2450,43.9700,45.1200,38.3337,2543428
2023-09-15,45.6500,46.2650,45.5550,46.2500,39.2938,7345054
2023-09-18,46.1150,46.1750,45.1950,45.3100,38.4951,1383695
2023-09-19,45.2000,45.5250,45.1500,45.2000,38.4017,1302138
2023-09-20,45.2700,45.6850,45.0550,45.6850,38.8137,1523672
2023-09-21,45.1600,45.2700,42.8800,43.4650,36.9276,5549559
2023-09-22,42.9000,43.4800,42.7650,43.0850,36.6048,2528189
2023-09-25,42.8650,43.2250,42.3500,42.7800,36.3457,2459960
2023-09-26,42.5000,42.5950,42.0700,42.1100,35.7764,2155228
2023-09-27,42.0050,42.3150,41.9450,42.2800,35.9209,1754601
2023-09-28,42.1750,42.6500,41.5750,42.6450,36.2310,1822917
2023-09-29,42.9600,43.4150,42.6850,42.9500,36.4901,1995399
2023-10-02,43.1850,43.3850,41.7750,41.8900,35.5895,2531880
2023-10-03,41.5550,42.0300,41.4150,41.7600,35.4791,1451608
2023-10-04,41.4750,42.4600,41.4250,41.8500,35.5555,2028974
2023-10-05,41.7200,41.8000,41.2000,41.3450,35.1265,1645567
2023-10-06,41.4500,42.0200,41.3150,41.8200,35.5301,1916315
2023-10-09,40.9550,41.3300,40.4800,40.9400,34.7824,2508339
2023-10-10,41.2850,42.4100,41.2450,42.2950,35.9336,3030121
2023-10-11,42.2500,42.6100,41.9000,42.5000,36.1078,2757318
2023-10-12,42.9000,42.9950,42.0500,42.1400,35.8019,1944224
2023-10-13,42.1950,42.5000,41.9050,42.0400,35.7170,2030992
2023-10-16,42.2000,42.7600,42.1400,42.5200,36.1248,1970902
2023-10-17,42.4450,42.6000,41.7700,42.4550,36.0695,1769259
2023-10-18,42.5900,42.6450,41.8000,41.8400,35.5470,1690570
2023-10-19,41.6150,41.9150,41.2000,41.4300,35.1987,1925491
2023-10-20,41.2000,41.3150,40.8600,40.9950,34.8291,2802177
2023-10-23,41.0050,41.2250,40.3750,40.9200,34.7654,1846678
2023-10-24,40.9200,41.0750,40.5750,40.9500,34.7909,1685567
2023-10-25,40.9100,41.0000,40.2500,40.5850,34.4808,1762477
2023-10-26,40.4200,41.4150,40.2800,41.1850,34.9906,2512689
2023-10-27,41.4800,41.8650,41.1750,41.4600,35.2242,1843868
2023-10-30,41.7750,42.0000,41.4950,41.6800,35.4111,1919279
2023-10-31,42.2000,43.8400,41.9600,43.5350,36.9871,4732471
2023-11-01,43.4650,43.7150,42.0650,42.2850,35.9251,3002868
2023-11-02,42.4800,43.9400,42.4650,43.5200,36.9744,2510476
2023-11-03,43.7000,44.3400,43.6250,43.8700,37.2717,2219155
2023-11-06,43.9100,43.9450,42.7800,43.1600,36.6685,2280985
2023-11-07,43.0850,43.6600,43.0850,43.4750,36.9361,1689444
2023-11-08,43.1250,43.6500,42.7200,43.5750,37.0211,2746354
2023-11-09,43.5850,45.3650,43.5050,44.4800,37.7900,3578940
2023-11-10,44.1900,44.4000,43.1300,43.7150,37.1400,2808933
2023-11-13,43.8200,44.1650,43.7150,44.0850,37.4544,1507609
2023-11-14,44.2350,44.9100,43.5400,44.7500,38.0194,2723579
2023-11-15,44.8700,45.3000,44.7350,45.0450,38.2700,1630595
2023-11-16,44.0000,44.5000,43.8700,43.9300,37.3227,2622731
2023-11-17,43.9850,44.5900,43.9300,44.2850,37.6243,2231584
2023-11-20,44.5900,44.5900,44.0700,44.2050,37.5563,1803183
2023-11-21,44.1800,44.4200,43.5400,43.8100,37.2208,2173985
2023-11-22,43.9450,44.1500,43.5050,43.7200,37.1443,1635008
2023-11-23,43.7900,43.8900,43.7250,43.8100,37.2208,899500
2023-11-24,44.7400,44.8250,44.2450,44.5800,37.8749,2484761
2023-11-27,43.5050,43.7400,43.0200,43.1950,36.6982,3288239
2023-11-28,43.0150,43.1550,42.4600,42.7050,36.2819,2110117
2023-11-29,42.7600,43.2000,42.6750,42.9750,36.5113,2221343
2023-11-30,43.0000,43.1200,42.2950,42.6850,36.2650,2962998
2023-12-01,43.0000,43.2550,42.6050,43.2400,36.7365,1989728
2023-12-04,43.2250,43.7350,43.2000,43.4100,36.8809,2158538
2023-12-05,43.3150,43.6800,43.0800,43.6000,37.0423,1938156
2023-12-06,43.7500,44.4700,43.5450,44.4400,37.7560,2541393
2023-12-07,44.5250,45.6550,44.2400,45.0950,38.3125,3768742
2023-12-08,45.1800,45.4950,44.8300,45.1900,38.3932,2091390
2023-12-11,44.9500,45.4900,44.6050,45.4300,38.5971,2303142
2023-12-12,45.5000,46.0500,45.4000,45.5850,38.7288,2301655
2023-12-13,46.4200,47.8000,46.3350,47.6050,40.4450,5039859
2023-12-14,48.4550,49.1750,47.8750,48.1400,40.8995,4332838
2023-12-15,48.1750,48.8450,47.9600,48.1750,40.9292,6103000
2023-12-18,48.0050,48.9950,47.9350,48.2700,41.0099,2218892
2023-12-19,48.0500,48.7250,48.0500,48.5650,41.2606,1945158
2023-12-20,48.6000,48.9100,48.3600,48.4500,41.1629,1685775
2023-12-21,48.3000,49.8500,48.1850,48.4700,41.1799,2897195
2023-12-22,48.3000,48.6000,48.1550,48.5400,41.2393,1468342
2023-12-27,48.5500,48.7900,48.4600,48.6500,41.3328,1154368
2023-12-28,48.8000,48.9500,48.5350,48.5800,41.2733,1183626
2023-12-29,48.6850,48.8450,48.6150,48.7800,41.4432,657424
2024-01-02,49.0000,49.4750,48.4050,49.0700,41.6896,1778922
2024-01-03,49.2000,49.2700,47.5100,47.7600,40.5766,2249768
2024-01-04,47.7050,48.0100,47.4300,47.6950,40.5214,1654947
2024-01-05,47.6000,47.8300,46.2900,46.8000,39.7610,3305990
2024-01-08,46.7600,47.0450,46.3200,46.7550,39.7228,1586061
2024-01-09,46.3050,46.4450,45.4050,45.5100,38.6651,2824333
2024-01-10,45.5200,45.7050,45.0200,45.0200,38.2488,2119047
2024-01-11,45.1800,45.5950,44.8300,44.8300,38.0873,2133431
2024-01-12,45.0600,45.2500,44.6900,44.7800,38.0449,1817478
2024-01-15,44.7300,44.9000,44.4250,44.5250,37.8282,1331091
2024-01-16,44.1200,44.4250,44.0300,44.2550,37.5988,1567729
2024-01-17,43.6500,43.7650,43.0350,43.1600,36.6685,2195846
2024-01-18,43.3800,43.7550,42.9700,43.6600,37.0933,2119243
2024-01-19,43.7000,44.5400,42.9950,43.0500,36.5751,2758892
2024-01-22,43.3150,43.6250,42.5900,42.8150,36.3754,1981814
2024-01-23,42.9000,43.8050,42.8900,43.6200,37.0593,2057979
2024-01-24,44.0600,44.1500,43.3400,43.7800,37.1953,2398628
2024-01-25,43.7650,45.0500,43.6000,44.9550,38.1935,2681645
2024-01-26,44.8200,46.2050,44.8000,45.6550,38.7882,2619512
2024-01-29,45.3450,45.4500,44.9500,45.0600,38.2827,1873459
2024-01-30,44.9750,45.1600,44.3400,44.4700,37.7815,1757912
2024-01-31,44.5000,44.7600,44.3400,44.4600,37.7730,2033121
2024-02-01,44.1500,44.3050,43.8850,44.1350,37.4969,1524372
2024-02-02,44.4450,45.0050,44.4200,44.6800,37.9599,1919704
2024-02-05,44.6000,44.9500,44.5100,44.6050,37.8962,1954473
2024-02-06,44.8800,45.3950,44.2800,45.3500,38.5291,1859209
2024-02-07,45.3800,45.4450,44.5900,44.5900,37.8834,1367170
2024-02-08,44.8100,45.0100,44.4000,44.7050,37.9811,1283790
2024-02-09,44.7100,44.8300,44.0150,44.0200,37.3992,1673704
2024-02-12,44.2050,44.9750,44.0650,44.8200,38.0788,1391879
2024-02-13,44.9700,45.8850,44.8900,45.0600,38.2827,2403707
2024-02-14,45.2550,45.9200,45.1050,45.5700,38.7160,1701498
2024-02-15,45.6400,46.4350,45.5550,46.0850,39.1536,2104384
2024-02-16,46.4800,47.0200,46.2600,46.5900,39.5826,2532352
2024-02-19,46.3200,46.4200,45.6150,45.7750,38.8902,1323167
2024-02-20,45.7150,46.0650,45.4300,46.0450,39.1196,1488167
2024-02-21,46.0600,46.5900,45.7350,46.4050,39.4254,1462693
2024-02-22,46.7500,47.3000,46.2300,46.8450,39.7993,2973647
2024-02-23,47.5700,48.7000,45.1900,46.6000,39.5911,5605687
2024-02-26,47.0250,47.6000,46.1950,46.3300,39.3617,2282454
2024-02-27,46.1700,47.8250,46.1700,47.4550,40.3175,3316899
2024-02-28,47.4450,47.4600,46.7750,46.9700,39.9055,1864710
2024-02-29,46.9350,47.3600,46.6750,47.0750,39.9947,3080914
2024-03-01,47.3800,48.0400,47.0550,47.9850,40.7678,2974126
2024-03-04,47.9500,47.9950,46.7500,47.1000,40.0159,1746904
2024-03-05,46.8500,47.2850,46.4900,47.2500,40.1434,1913185
2024-03-06,47.3500,48.7900,47.3300,48.5300,41.2308,4010278
2024-03-07,48.4150,49.4450,47.9500,49.0600,41.6811,2609946
2024-03-08,49.0850,49.2250,48.6650,48.8050,41.4645,1683802
2024-03-11,48.5050,49.0600,48.4200,49.0600,41.6811,1629130
2024-03-12,49.3000,49.6150,49.0600,49.5000,42.0549,1880708
2024-03-13,49.3950,49.8150,49.2450,49.5900,42.1314,1585051
2024-03-14,49.6500,49.8000,48.7000,48.8050,41.4645,2412007
2024-03-15,49.0050,49.6000,48.7950,49.3100,41.8935,5689217
2024-03-18,49.5900,49.5900,48.7850,49.0050,41.6344,1302269
2024-03-19,48.9800,50.6000,48.8650,50.6000,42.9895,3781991
2024-03-20,50.6500,52.0900,50.6100,51.8800,44.0770,4141824
2024-03-21,52.4200,52.8900,52.3100,52.6500,44.7312,2998619
2024-03-22,52.4200,52.9000,52.2000,52.7200,44.7906,2335875
2024-03-25,52.8000,53.0500,52.4100,52.9300,44.9691,2469011
2024-03-26,52.9000,52.9400,52.4800,52.6300,44.7142,2278963
2024-03-27,52.7800,53.2600,52.1500,53.2500,45.2409,2540595
2024-03-28,53.3400,53.5300,52.7100,52.9300,44.9691,2646566
2024-04-02,53.4500,54.2300,53.2100,53.8200,45.7252,2903536
2024-04-03,53.5800,54.7500,53.5700,54.5100,46.3114,2314791
2024-04-04,54.4300,54.9300,54.2700,54.9200,46.6597,1855813
2024-04-05,54.2100,54.7000,53.3500,53.8300,45.7337,2537273
2024-04-08,54.0400,54.2700,53.5300,53.8800,45.7762,1596462
2024-04-09,54.0400,54.1100,53.4200,53.6000,45.5383,2123880
2024-04-10,53.6400,54.1100,52.8300,54.0000,45.8781,5288570
2024-04-11,53.8400,54.0700,51.7600,52.0900,44.2554,4051574
2024-04-12,52.6000,52.7700,51.4300,51.6500,43.8816,2698989
2024-04-15,51.6800,52.1500,51.4600,51.7500,43.9665,2132399
2024-04-16,51.0000,51.0600,50.2900,50.5300,42.9300,3371948
2024-04-17,50.6000,51.4000,50.5900,50.9700,43.3039,2407373
2024-04-18,51.2500,51.2500,50.5900,51.0700,43.3888,2083755
2024-04-19,50.5000,50.7300,50.1600,50.4400,42.8536,3487886
2024-04-22,51.0800,51.2600,50.5800,51.1100,43.4228,2457655
2024-04-23,51.5100,51.5500,50.6900,51.0800,43.3973,3111817
2024-04-24,51.1200,51.5000,51.0200,51.3200,43.6012,3858949
2024-04-25,51.8900,51.9500,50.3100,50.9900,43.3208,4440625
2024-04-26,48.2800,48.8800,47.9850,48.8250,44.4451,5253527
2024-04-29,48.9900,49.2000,48.6000,49.0550,44.6544,3076225
2024-04-30,49.4750,49.6950,49.0350,49.1550,44.7454,3715748
2024-05-02,48.8150,49.0750,48.5950,48.6450,44.2812,2935787
2024-05-03,48.8500,49.4800,48.4800,49.0700,44.6681,2243383
2024-05-06,49.1000,49.7050,48.9200,49.4800,45.0413,1827034
2024-05-07,49.5950,50.0800,49.3800,50.0800,45.5875,3392286
2024-05-08,50.0800,50.2600,49.3500,49.5100,45.0686,2129964
2024-05-09,49.4200,49.8500,49.4000,49.8400,45.3690,1288317
2024-05-10,49.9950,50.0600,48.6900,48.8050,44.4268,3296127
2024-05-13,48.8800,49.0400,48.6400,49.0400,44.6408,3026731
2024-05-14,48.9500,49.4150,48.6250,49.3600,44.9321,1779574
2024-05-15,49.5000,50.0700,49.3750,49.6400,45.1869,1911647
2024-05-16,49.5600,49.6150,48.9400,49.0750,44.6726,2030853
2024-05-17,48.9150,49.0950,48.6400,48.8750,44.4906,2985467
2024-05-20,49.2050,49.3800,49.0300,49.2550,44.8365,1177236
2024-05-21,49.1850,49.5400,48.8450,49.1550,44.7454,2132840
2024-05-22,49.0300,49.0550,48.2000,48.4000,44.0582,2037959
2024-05-23,48.3000,48.8400,48.2600,48.4400,44.0946,1971457
2024-05-24,48.0150,48.3800,47.6950,48.2200,43.8943,2226321
2024-05-27,48.3450,48.7600,48.2500,48.7600,44.3859,1081805
2024-05-28,48.6600,48.8000,47.9700,48.2150,43.8898,2255720
2024-05-29,48.0200,48.1250,47.1650,47.2400,43.0022,2198036
2024-05-30,47.2350,48.0850,47.1750,48.0800,43.7669,1877818
2024-05-31,48.2000,48.4100,48.0350,48.4100,44.0673,4055815
2024-06-03,48.8350,48.9250,47.8850,47.9350,43.6349,1344058
2024-06-04,47.8150,47.8900,46.9550,47.3550,43.1069,1910642
2024-06-05,47.5000,47.5750,47.0600,47.1800,42.9476,1445629
2024-06-06,47.2300,47.3350,46.7200,46.9800,42.7656,1878615
2024-06-07,47.0950,47.0950,46.4050,46.8000,42.6017,1754696
2024-06-10,46.6900,46.6900,46.0850,46.1500,42.0100,2406897
2024-06-11,46.2500,46.5100,46.1600,46.4400,42.2740,1995419
2024-06-12,46.6650,46.8200,46.4150,46.4800,42.3104,1490382
2024-06-13,46.2250,46.2500,45.4100,45.6200,41.5276,2427558
2024-06-14,45.7000,45.7700,44.5050,44.5850,40.5854,2832491
2024-06-17,44.7200,44.9600,44.5450,44.8400,40.8175,1362195
2024-06-18,45.1200,45.2350,44.7900,45.0400,40.9996,1386650
2024-06-19,44.9350,45.2100,44.8200,44.9450,40.9131,1108280
2024-06-20,44.9500,45.5550,44.8800,45.5400,41.4547,1987824
2024-06-21,45.4700,45.6150,44.9950,45.1500,41.0997,5439408
2024-06-24,45.1550,46.3200,45.1400,46.1600,42.0191,2647221
2024-06-25,46.1700,46.4100,46.0250,46.4100,42.2467,2596920
2024-06-26,46.5500,46.6000,45.1350,45.2050,41.1498,2105747
2024-06-27,45.2900,45.8450,45.2250,45.3450,41.2772,1341204
2024-06-28,45.5750,45.8600,45.1350,45.1850,41.1316,1920031
2024-07-01,45.6750,45.8000,44.3400,44.3900,40.4079,2056544
2024-07-02,44.3150,44.8550,44.1350,44.7200,40.7083,1772814
2024-07-03,44.9000,45.4000,44.6600,45.2550,41.1953,1527871
2024-07-04,45.2400,45.5500,45.0800,45.4500,41.3728,1042141
2024-07-05,45.4400,45.9300,44.9850,45.1200,41.0724,1431802
2024-07-08,44.9800,45.5550,44.7600,44.9450,40.9131,1452290
2024-07-09,44.8800,45.3250,44.0950,44.2050,40.2395,1908931
2024-07-10,44.0600,44.1500,43.4450,43.6750,39.7570,2083894
2024-07-11,43.8750,44.3600,43.7850,44.1150,40.1576,1856281
2024-07-12,44.2850,44.7950,44.1600,44.6550,40.6491,1748703
2024-07-15,44.6550,44.7500,43.6400,43.6400,39.7252,2531989
2024-07-16,43.5300,43.8850,43.3450,43.8150,39.8845,1284261
2024-07-17,43.8200,45.1800,43.7750,45.1100,41.0633,2722737
2024-07-18,45.4000,45.4300,44.9850,45.2300,41.1726,1697586
2024-07-19,44.8500,44.9350,43.9950,44.0950,40.1394,2876610
2024-07-22,44.3200,44.9800,44.1650,44.8200,40.7993,1354952
2024-07-23,44.7000,44.8750,44.3450,44.7550,40.7402,1306074
2024-07-24,44.4300,44.8000,44.2550,44.8000,40.7811,1379380
2024-07-25,44.4750,44.8500,43.6650,44.7700,40.7538,2757070
2024-07-26,43.7000,44.0150,43.0800,43.7350,39.8117,3167496
2024-07-29,43.8200,44.0900,42.5100,43.0000,39.1426,2966542
2024-07-30,42.9300,43.2900,42.7400,42.7700,38.9332,2259862
2024-07-31,42.7600,43.2300,42.6100,43.1000,39.2336,1586635
2024-08-01,42.8350,42.9150,42.0700,42.3200,38.5236,2301541
2024-08-02,42.1050,42.2600,41.6200,41.7700,38.0229,2592574
2024-08-05,41.0000,41.1900,40.1750,40.8400,37.1764,3637304
2024-08-06,41.1000,41.2050,40.4050,40.8700,37.2037,2464106
2024-08-07,41.0350,41.9500,40.9600,41.6050,37.8727,2088824
2024-08-08,41.2500,41.6100,40.8850,41.5850,37.8545,1408462
2024-08-09,41.5850,41.8000,41.2200,41.3700,37.6588,1381772
2024-08-12,41.4550,41.7050,41.2550,41.2800,37.5769,1574088
2024-08-13,41.4200,41.5850,41.1600,41.4600,37.7407,1279727
2024-08-14,41.6000,41.6950,41.1350,41.2050,37.5086,1405077
2024-08-15,41.4550,42.2050,41.3150,42.1250,38.3461,1813403
2024-08-16,42.2700,42.6800,42.1850,42.5500,38.7330,2334131
2024-08-19,42.5000,43.2750,42.5000,43.0800,39.2154,1523788
2024-08-20,43.1200,43.5300,43.0900,43.3500,39.4612,1567488
2024-08-21,43.3950,44.3600,43.3800,44.1600,40.1985,2048983
2024-08-22,44.1000,44.5750,43.9950,44.4450,40.4580,1767293
2024-08-23,44.6800,45.0450,44.5200,44.9500,40.9177,1600265
2024-08-26,44.8450,45.1100,44.6100,44.9650,40.9313,844295
2024-08-27,45.1500,45.6900,45.0450,45.2000,41.1452,1308448
2024-08-28,45.2100,45.5350,45.1500,45.1850,41.1316,1196245
2024-08-29,45.2700,45.9300,45.2000,45.7250,41.6231,1758795
2024-08-30,45.7850,46.1350,45.7050,45.8500,41.7369,2091012
2024-09-02,45.9200,45.9250,45.0550,45.5800,41.4911,1683479
2024-09-03,45.3600,45.4450,44.4650,44.4900,40.4989,2076150
2024-09-04,44.0500,44.6900,44.0300,44.5200,40.5262,1213249
2024-09-05,44.3000,45.2650,44.2500,44.7050,40.6946,1668849
2024-09-06,44.6000,44.7000,43.4150,43.4150,39.5204,2188020
2024-09-09,43.7950,43.8950,43.3650,43.5800,39.6706,1640424
2024-09-10,43.4000,43.5750,42.3700,42.4900,38.6783,2745321
2024-09-11,42.6850,43.0000,42.4050,42.7700,38.9332,1603116
2024-09-12,43.0550,43.3850,42.3800,42.7000,38.8695,1929404
2024-09-13,42.9950,43.8800,42.8350,43.6000,39.6888,2023882
2024-09-16,43.4800,43.6500,43.2350,43.5550,39.6478,1145981
2024-09-17,43.7700,44.6650,43.5300,44.3850,40.4034,2219200
2024-09-18,44.3000,46.9500,44.0000,45.4350,41.3592,4100814
2024-09-19,46.1850,46.8550,45.8850,46.8000,42.6017,3367722
2024-09-20,46.6400,46.6950,46.0200,46.0200,41.8917,4952548
2024-09-23,46.1000,46.1600,44.8300,45.1500,41.0997,2298730
2024-09-24,45.6900,46.0300,45.4750,45.7000,41.6004,1799998
2024-09-25,45.8100,45.9800,45.1350,45.3300,41.2636,2225710
2024-09-26,44.4300,45.2950,43.8750,45.2950,41.2317,4888080
2024-09-27,45.4500,48.4550,45.4450,48.2800,43.9489,7285664
2024-09-30,47.8250,48.0100,47.1250,47.5550,43.2890,2712562
2024-10-01,47.8000,47.8100,46.6200,46.9100,42.7018,2988974
2024-10-02,46.9100,47.2750,46.6950,47.2400,43.0022,2036464
2024-10-03,47.2100,47.5400,46.9600,47.4750,43.2162,1889288
2024-10-04,47.4350,48.6000,47.3950,48.2350,43.9080,3062830
2024-10-07,48.2900,48.4350,47.7250,48.3250,43.9899,1654271
2024-10-08,47.0050,47.4000,46.4600,46.5850,42.4060,3405552
2024-10-09,46.5400,47.4550,46.5250,47.3850,43.1342,1970205
2024-10-10,47.4900,47.7250,47.1400,47.3350,43.0887,1435777
2024-10-11,47.0600,47.2900,46.9550,47.2400,43.0022,1456599
2024-10-14,46.8750,47.1700,45.9650,46.5500,42.3741,2745729
2024-10-15,46.5350,46.5700,45.3000,45.9200,41.8007,3193553
2024-10-16,45.7200,46.3650,45.4450,46.3200,42.1648,1679825
2024-10-17,46.2000,46.5300,45.8600,46.2050,42.0601,1742935
2024-10-18,46.2750,47.1100,46.1800,46.9900,42.7747,2914931
2024-10-21,46.7500,46.9750,46.3900,46.5300,42.3559,1632857
2024-10-22,46.2650,46.4850,46.0700,46.3950,42.2330,1283091
2024-10-23,46.2150,46.5300,45.9900,46.0400,41.9099,1261046
2024-10-24,46.1100,46.9200,45.9450,46.0350,41.9053,1520695
2024-10-25,46.0300,46.3150,45.8500,46.1700,42.0282,1460333
2024-10-28,46.6050,46.6200,45.6500,45.8450,41.7324,2381806
2024-10-29,45.9000,46.1050,45.0900,45.2750,41.2135,2052531
2024-10-30,45.0050,45.8650,44.2550,44.5200,40.5262,2891506
2024-10-31,44.3100,44.9350,43.9150,44.6450,40.6400,2321070
2024-11-01,44.4600,45.5550,44.3750,45.5550,41.4684,2181080
2024-11-04,45.4700,45.5500,45.0100,45.0100,40.9723,1422198
2024-11-05,45.2050,45.2800,43.8850,44.0500,40.0984,2026361
2024-11-06,44.1000,45.7600,43.7350,44.0200,40.0711,2542374
2024-11-07,44.2150,46.0750,44.0750,45.7600,41.6550,3216249
2024-11-08,45.8350,45.8350,43.3850,43.3850,39.4931,4414216
2024-11-11,44.2500,44.9100,44.1000,44.2750,40.3032,2519759
2024-11-12,43.7150,43.7150,42.3200,42.3800,38.5782,3703794
2024-11-13,42.4700,43.0050,41.9200,42.2150,38.4280,2515262
2024-11-14,42.0150,42.6100,41.8800,42.4800,38.6692,1945227
2024-11-15,42.1200,43.4750,42.1150,43.1450,39.2746,2576143
2024-11-18,43.1150,43.4750,42.9100,43.1150,39.2473,1411625
2024-11-19,42.9950,43.2450,42.0750,42.8100,38.9696,2055345
2024-11-20,43.0450,43.2350,42.3000,42.3700,38.5691,1426377
2024-11-21,42.3750,42.4450,41.6900,42.1100,38.3324,1788242
2024-11-22,42.2850,42.6800,41.7150,42.5800,38.7603,2257284
2024-11-25,42.7400,43.2350,42.6350,43.0100,39.1517,2742996
2024-11-26,42.5700,42.6850,42.1000,42.3000,38.5054,2122259
2024-11-27,42.3000,42.3050,41.6700,42.1350,38.3552,1675378
2024-11-28,42.2950,42.5050,41.8050,42.0600,38.2869,1476452
2024-11-29,42.0950,42.4700,41.9150,42.4200,38.6146,2317330
2024-12-02,42.7200,43.4400,42.5000,43.2500,39.3702,2773090
2024-12-03,43.7950,44.1050,43.6300,43.9450,40.0028,2270091
2024-12-04,43.9400,44.2100,43.2500,43.6550,39.7388,2249230
2024-12-05,43.4200,43.7850,43.1450,43.6150,39.7024,1641294
2024-12-06,43.6900,44.2250,43.6750,43.9650,40.0210,1784342
2024-12-09,44.7550,45.5950,44.5750,45.1350,41.0861,3876191
2024-12-10,44.7000,45.1250,44.4200,44.9300,40.8995,2451578
2024-12-11,44.7450,45.1100,44.5950,44.8850,40.8585,1796572
2024-12-12,45.2400,45.7200,45.0100,45.0650,41.0223,1915285
2024-12-13,45.0500,45.0850,44.4150,44.6050,40.6036,1903643
2024-12-16,44.4000,44.5700,43.5100,43.7800,39.8526,2386633
2024-12-17,43.3850,43.9150,43.2650,43.6300,39.7161,1546638
2024-12-18,43.3650,43.5950,43.1150,43.3900,39.4976,1889581
2024-12-19,42.9200,43.0400,42.6250,42.6850,38.8559,2608049
2024-12-20,42.4200,42.6650,41.8550,42.5400,38.7239,5921046
2024-12-23,42.4150,42.5050,42.1950,42.3400,38.5418,1527440
2024-12-27,42.2400,42.7850,42.1400,42.7150,38.8832,2133242
2024-12-30,42.4850,42.7150,42.2900,42.4600,38.6510,843264
2025-01-02,42.6950,43.3100,42.3450,42.6000,38.7785,1575359
2025-01-03,42.5950,42.6700,41.4650,41.5300,37.8045,2787885
2025-01-06,41.7350,42.7800,41.5500,42.2650,38.4735,3036570
2025-01-07,42.1300,42.7050,41.8300,42.4450,38.6374,1855226
2025-01-08,42.2850,42.5900,41.7300,41.9600,38.1959,1989767
2025-01-09,41.8000,42.0500,41.5350,41.9100,38.1504,1339140
2025-01-10,41.7600,42.2550,41.3200,41.5250,37.7999,2235716
2025-01-13,41.4900,42.0300,41.3250,41.8300,38.0776,1662033
2025-01-14,42.5300,42.8900,42.4000,42.5050,38.6920,2265276
2025-01-15,42.8100,44.4400,42.6450,44.2750,40.3032,4091917
2025-01-16,44.4350,44.6700,43.8700,44.1400,40.1803,2000576
2025-01-17,44.5050,44.9850,44.2200,44.4400,40.4534,3888660
2025-01-20,44.5000,45.6500,44.3100,45.4850,41.4047,2943087
2025-01-21,45.0550,45.6300,44.9400,45.6100,41.5185,1463912
2025-01-22,45.6100,45.7350,44.9350,45.2800,41.2181,1666712
2025-01-23,45.5050,45.7950,45.3050,45.7050,41.6049,1528893
2025-01-24,45.9950,47.4500,45.9450,47.0000,42.7838,4346734
2025-01-27,46.0000,47.2450,45.8050,46.9050,42.6973,2583611
2025-01-28,46.6950,47.6950,46.6600,47.2200,42.9840,1811466
2025-01-29,47.2300,47.3800,46.5350,46.8450,42.6427,2354348
2025-01-30,46.9850,48.0650,46.9700,47.2550,43.0159,3130448
2025-01-31,47.1700,47.1850,46.4100,46.6100,42.4288,2696621
2025-02-03,45.0100,45.4500,44.4350,44.8350,40.8130,4075180
2025-02-04,44.8400,45.2600,44.3300,45.1300,41.0815,1896799
2025-02-05,44.8000,45.0850,44.3550,45.0850,41.0406,2342115
2025-02-06,45.2700,48.3750,45.2200,48.3500,44.0127,6437678
2025-02-07,48.7500,48.9000,47.3900,47.5200,43.2571,3399525
2025-02-10,47.5000,47.7800,47.2450,47.3150,43.0705,2003567
2025-02-11,47.2400,47.3750,46.6400,46.9600,42.7474,2132345
2025-02-12,46.7450,48.4100,46.7000,48.2900,43.9580,3907846
2025-02-13,50.2000,51.0100,49.4250,50.8500,46.2884,7474300
2025-02-14,50.3000,51.5300,50.3000,50.9200,46.3521,3848592
2025-02-17,50.5700,51.4800,50.4600,50.8700,46.3066,2043886
2025-02-18,50.3500,50.5800,49.7700,50.2600,45.7513,2515547
2025-02-19,50.0200,50.0400,47.6400,48.0900,43.7760,4077390
2025-02-20,48.3500,48.9900,47.7950,47.9500,43.6485,2441828
2025-02-21,48.2650,49.1250,48.1750,48.9100,44.5224,3737922
2025-02-24,49.9000,50.0200,48.5050,49.0000,44.6044,2346264
2025-02-25,48.5750,49.0100,48.3100,48.7500,44.3768,1690628
2025-02-26,48.9800,49.8600,48.8900,49.7050,45.2461,2720400
2025-02-27,49.0750,49.4550,48.2350,48.7650,44.3904,3285095
2025-02-28,48.0000,49.9950,47.4450,49.2100,44.7955,5382418
2025-03-03,48.6350,51.2100,48.3150,50.0100,45.5238,4902465
2025-03-04,49.3800,49.4500,48.1100,48.4700,44.1219,3331407
2025-03-05,50.1000,53.6800,50.0500,53.6600,48.8463,9216640
2025-03-06,54.0000,55.0600,52.7800,54.5500,49.6565,6967398
2025-03-07,54.0500,54.2600,52.4700,53.6300,48.8190,4094457
2025-03-10,54.2200,54.7600,52.1500,52.9300,48.1818,3563748
2025-03-11,52.8400,53.5300,50.2000,50.8100,46.2520,4540580
2025-03-12,51.6200,51.8300,50.4800,51.0100,46.4340,2436254
2025-03-13,50.6700,51.7400,50.3900,51.4300,46.8164,2345460
2025-03-14,51.5500,53.9500,51.3400,52.5700,47.8541,4426298
2025-03-17,52.9300,53.0400,52.1100,52.4700,47.7631,1672953
2025-03-18,53.0800,53.7300,52.9400,53.1600,48.3912,2425013
2025-03-19,52.6300,52.7600,51.6800,52.1800,47.4991,2701102
2025-03-20,52.1000,52.1600,50.2000,50.7200,46.1701,3717803
2025-03-21,50.2600,50.5000,49.5800,50.5000,45.9698,5831436
2025-03-24,51.3000,51.3000,50.0200,50.0200,45.5329,1764134
2025-03-25,50.3200,50.4500,49.6600,50.2600,45.7513,2908848
2025-03-26,50.6400,50.6400,49.5200,49.7000,45.2416,1929166
2025-03-27,48.5000,49.0650,47.7700,47.9750,43.6713,3931775
2025-03-28,47.7150,48.4050,47.3800,47.4400,43.1843,2259031
2025-03-31,46.5500,46.5750,45.0400,45.8950,41.7779,4393076
2025-04-01,46.1000,46.6450,45.8950,46.6450,42.4606,2617007
2025-04-02,45.8850,46.4900,45.6550,46.1350,41.9964,2138816
2025-04-03,44.6100,45.4050,43.3750,43.3750,39.4840,5493083
2025-04-04,42.9450,43.1550,40.5250,41.5050,37.7817,7519624
2025-04-07,38.0000,42.5900,37.4000,40.6900,37.0398,11323536
2025-04-08,41.9700,41.9700,40.4300,40.8900,37.2219,4763901
2025-04-09,39.6900,40.1700,39.0500,39.7200,36.1568,5274392
2025-04-10,44.0000,44.1100,40.8900,40.8900,37.2219,6523391
2025-04-11,41.5700,41.5800,39.7200,40.7400,37.0853,3917502
2025-04-14,41.9200,42.1200,41.3600,42.0100,38.2414,2599796
2025-04-15,42.1100,42.5400,41.7600,41.9500,38.1868,2244147
2025-04-16,41.4500,42.0000,41.0800,42.0000,38.2323,2519441
2025-04-17,42.0100,42.4500,41.5500,41.9500,38.1868,2296498
2025-04-22,42.2700,43.2700,41.9000,43.1400,39.2700,2969784
2025-04-23,43.9400,44.7100,43.8000,44.1900,40.2258,3926977
2025-04-24,43.9000,44.5400,43.3700,44.5400,40.5444,2318485
2025-04-25,44.9900,45.4500,44.6500,44.9200,40.8904,3662188
2025-04-28,45.3500,45.8800,45.0400,45.4800,41.4001,2453285
2025-04-29,45.6900,45.7500,45.0800,45.2400,41.1817,2033744
2025-04-30,45.3100,45.5700,44.1000,44.6300,40.6264,4126086
2025-05-02,44.3000,44.7200,43.4500,44.3900,40.4079,5518533
2025-05-05,42.3500,42.6800,42.1600,42.4800,40.7339,3714877
2025-05-06,42.6000,42.7100,40.8800,42.3800,40.6380,4828086
2025-05-07,42.0500,42.8900,41.9700,42.2400,40.5038,2568258
2025-05-08,42.3500,42.9200,41.5900,42.8600,41.0983,2737378
2025-05-09,43.3000,43.6800,43.0200,43.2500,41.4723,2950424
2025-05-12,44.1200,45.9700,44.1000,44.6300,42.7956,5899888
2025-05-13,44.5500,45.3800,44.4200,45.2900,43.4284,2432621
2025-05-14,45.1700,45.3000,44.2200,44.5300,42.6997,3048259
2025-05-15,44.0000,44.6900,43.9000,44.4000,42.5750,1983937
2025-05-16,44.6000,44.6500,43.0200,43.4000,41.6161,3270937
2025-05-19,43.3100,43.8600,43.2600,43.6200,41.8271,1480568
2025-05-20,43.1100,43.4100,42.6400,43.3600,41.5778,3231469
2025-05-21,43.2300,43.2500,42.4800,42.9400,41.1750,2431593
2025-05-22,42.7900,43.0900,42.1200,42.4200,40.6764,2248214
2025-05-23,42.5200,42.5400,40.7500,41.4100,39.7079,4607914
2025-05-26,42.2700,42.4900,42.0300,42.3600,40.6189,1745754
2025-05-27,42.3900,42.9000,42.2900,42.8700,41.1079,1965150
2025-05-28,42.9700,43.2300,42.5200,42.5200,40.7723,2029585
2025-05-29,43.0800,43.3800,42.3900,42.6200,40.8682,1645837
2025-05-30,42.6600,43.1900,42.3000,42.4000,40.6572,3352010
2025-06-02,42.0800,42.2600,41.5100,42.0700,40.3408,2302756
2025-06-03,42.1000,42.2500,41.4500,41.9800,40.2545,1880499
2025-06-04,42.3300,42.6900,41.8600,42.0900,40.3600,2972697
2025-06-05,42.1900,42.4100,41.6300,42.0000,40.2737,1488794
2025-06-06,41.9900,42.0700,41.6700,41.8500,40.1298,1876792
2025-06-09,41.8700,42.3000,41.7400,42.3000,40.5613,1661357
2025-06-10,42.4800,43.5100,42.2800,43.4900,41.7024,2886224
2025-06-11,43.5000,43.9000,43.0300,43.0400,41.2709,2671457
2025-06-12,42.5500,43.0400,42.2600,42.6900,40.9353,2012306
2025-06-13,41.4800,42.1700,41.3300,42.1200,40.3887,3282089
2025-06-16,42.0700,42.5100,41.8000,42.4200,40.6764,1783857
2025-06-17,42.1200,43.0500,42.0500,42.5700,40.8202,2101040
2025-06-18,42.5500,42.5900,41.7300,42.0800,40.3504,1917932
2025-06-19,41.7800,41.9500,41.4500,41.4500,39.7463,1566735
2025-06-20,41.7900,42.0500,41.4800,41.4800,39.7750,5859065
2025-06-23,41.3000,41.7300,40.9700,41.2800,39.5832,1950979
2025-06-24,42.3700,42.7200,42.1900,42.5400,40.7915,2774602
2025-06-25,42.7900,42.7900,41.4500,41.5500,39.8422,2663046
2025-06-26,41.5000,41.9500,41.0900,41.8500,40.1298,2177932
2025-06-27,42.1500,42.9900,42.1300,42.8800,41.1175,2183034
2025-06-30,42.9500,42.9900,41.8100,41.8600,40.1394,2864216
2025-07-01,41.9500,42.1500,41.3200,42.0800,40.3504,2842130
2025-07-02,42.3900,43.1700,42.1600,43.1400,41.3668,3467714
2025-07-03,43.4000,43.5200,42.0600,42.2000,40.4654,2954026
2025-07-04,41.9000,41.9400,41.5000,41.6800,39.9668,2145754
2025-07-07,41.7600,41.8200,41.3000,41.3400,39.6408,2058043
2025-07-08,41.4800,42.7400,41.2100,42.4100,40.6668,3460879
2025-07-09,42.6700,44.2900,42.4800,43.5200,41.7312,4518704
2025-07-10,43.8800,44.6200,43.6200,44.1200,42.3065,3514707
2025-07-11,43.8800,44.0000,43.0200,43.3300,41.5490,2708692
2025-07-14,42.6100,44.2100,42.5000,42.7700,41.0120,3440441
2025-07-15,42.8800,43.7500,42.8400,43.3500,41.5682,2120111
2025-07-16,42.9700,43.0800,41.9100,42.0200,40.2928,2689576
2025-07-17,42.4500,42.9100,42.2000,42.5300,40.7819,1998724
2025-07-18,42.8400,43.1500,42.4200,42.5000,40.7531,2837878
2025-07-21,42.6700,43.6800,42.5200,43.4900,41.7024,2397929
2025-07-22,43.3300,43.7100,42.9500,43.5100,41.7216,1967952
2025-07-23,44.4600,45.1700,44.1900,45.0000,43.1503,3969946
2025-07-24,46.0000,46.4200,45.6400,45.7400,43.8599,4133779
2025-07-25,45.4500,46.0600,44.9300,45.6500,43.7736,2755010
2025-07-28,46.4400,46.5200,44.4400,44.8700,43.0257,3467609
2025-07-29,44.7000,44.8000,43.7600,43.9000,42.0956,2828485
2025-07-30,44.0700,44.8200,43.5500,43.9500,42.1435,2259644
2025-07-31,43.7100,44.0900,43.0200,43.1600,41.3860,3124735
2025-08-01,42.8500,42.9000,41.6300,41.7700,40.0531,3867549
2025-08-04,42.0100,42.1300,41.6800,41.6800,39.9668,2261151
2025-08-05,41.8000,42.5000,41.7300,42.5000,40.7531,1662087
2025-08-06,42.5700,43.2300,42.4800,42.7400,40.9832,1635416
2025-08-07,43.0000,45.4200,42.9100,44.7600,42.9202,5089520
2025-08-08,45.1000,45.6800,44.5700,45.4800,43.6106,2142146
2025-08-11,45.7300,45.8200,44.5800,44.7500,42.9106,1899705
2025-08-12,44.9000,44.9900,44.2500,44.8200,42.9777,1735912
2025-08-13,44.8400,45.6900,44.5600,45.6900,43.8120,2049039
2025-08-14,45.4900,46.1100,45.3500,45.8700,43.9846,2225025
2025-08-15,46.3800,46.8900,46.1600,46.1600,44.2627,2934263
2025-08-18,45.8300,46.4400,45.7600,46.3500,44.4449,1646185
2025-08-19,46.2900,47.7900,46.2600,47.5700,45.6147,2308492
2025-08-20,47.8300,48.4000,47.3700,48.1300,46.1517,2578826
2025-08-21,48.1700,48.3000,47.1400,47.4800,45.5284,2168328
2025-08-22,47.3400,48.3000,47.3400,48.0600,46.0846,1775025
2025-08-25,47.9600,48.1100,47.2200,47.3200,45.3750,1728447
2025-08-26,46.9200,47.9200,46.7100,47.3700,45.4229,1775552
2025-08-27,47.3300,47.4800,45.9700,46.1600,44.2627,1924851
2025-08-28,46.4300,46.7200,45.7800,45.8900,44.0038,1340341
2025-08-29,45.7200,45.9300,44.9900,45.3600,43.4955,2083578
2025-09-01,45.5000,45.5800,45.1800,45.3200,43.4572,971948
2025-09-02,45.0900,45.4500,44.7700,44.9100,43.0640,1805657
2025-09-03,45.1200,45.2800,44.6300,44.6300,42.7956,1540369
2025-09-04,44.4200,44.7600,43.7500,44.0000,42.1914,2367257
2025-09-05,44.3600,44.4700,43.6600,43.8100,42.0093,1928583
2025-09-08,44.0300,44.2500,43.7400,44.1800,42.3641,1070176
2025-09-09,44.2000,44.4700,43.4100,43.5100,41.7216,1774967
2025-09-10,44.1500,44.4100,43.5600,43.6800,41.8846,1829712
2025-09-11,43.6300,44.4000,43.2600,43.9500,42.1435,1551849
2025-09-12,43.9500,44.2200,43.5800,43.8600,42.0572,1176968
2025-09-15,44.1400,44.3900,43.6300,44.0000,42.1914,1312374
2025-09-16,43.8300,44.0200,43.4600,43.6600,41.8654,1456992
2025-09-17,43.5900,43.7600,42.9900,43.4900,41.7024,2020254
2025-09-18,43.0000,43.4100,42.7800,42.9600,41.1942,2317065
2025-09-19,43.0100,43.5300,42.6900,42.8200,41.0600,5232554
2025-09-22,42.5500,42.6000,42.0700,42.1900,40.4558,2198433
2025-09-23,42.2700,43.0000,42.1400,42.8500,41.0887,1825203
2025-09-24,42.6500,42.7100,42.1200,42.4400,40.6956,3074489
2025-09-25,42.3500,42.4800,41.6100,42.0900,40.3600,2587874
2025-09-26,42.0200,42.4900,41.8200,42.4900,40.7435,1888056
2025-09-29,42.5000,42.7100,42.2000,42.5900,40.8394,1636091
2025-09-30,42.3600,42.4600,42.0200,42.3900,40.6476,1541749
2025-10-01,42.0600,42.9300,42.0600,42.8100,41.0504,1862496
2025-10-02,43.1200,43.9000,43.0000,43.6600,41.8654,2973446
2025-10-03,43.8000,44.3800,43.6100,44.2700,42.4504,2289976
2025-10-06,44.2100,45.0300,43.3800,43.9300,42.1243,3770759
2025-10-07,44.0600,44.3000,43.6700,44.0000,42.1914,1432003
2025-10-08,43.5800,43.7500,43.1500,43.1500,41.3764,2113811
2025-10-09,43.2500,43.7800,42.9700,42.9700,41.2038,1718326
2025-10-10,42.9000,43.8800,42.2000,42.2000,40.4654,4786308
2025-10-13,42.6900,43.0100,42.4700,42.6800,40.9257,1653400
2025-10-14,41.8700,42.2500,41.5400,41.5900,39.8805,2842189
2025-10-15,42.0000,42.7400,42.0000,42.5400,40.7915,2134788
2025-10-16,42.8000,43.1900,42.3300,43.1900,41.4147,1720327
2025-10-17,42.7600,43.8000,42.6800,43.5000,41.7120,2500603
2025-10-20,43.5400,43.8800,43.3200,43.7800,41.9805,1716281
2025-10-21,43.8500,43.8500,42.9900,43.1800,41.4052,1681956
2025-10-22,43.2900,43.4500,42.8500,43.1100,41.3380,2141677
2025-10-23,43.0300,44.0000,42.9200,43.7100,41.9134,3159595
2025-10-24,43.7400,44.1400,43.2500,43.7200,41.9230,2038068
2025-10-27,43.8000,43.9200,43.3100,43.4000,41.6161,1215621
2025-10-28,43.1400,43.2600,42.8900,43.0100,41.2421,1597782
2025-10-29,43.8300,44.7200,43.5200,43.7200,41.9230,3510380
2025-10-30,43.7100,43.7800,42.9800,43.0200,41.2517,2102565
2025-10-31,43.0000,43.1100,42.6200,42.7900,41.0312,1775118
2025-11-03,42.6300,43.7800,42.4700,42.9300,41.1654,1936943
2025-11-04,42.5700,42.6400,41.7300,41.8500,40.1298,3186319
2025-11-05,41.7000,43.2200,41.4800,43.0200,41.2517,2758041
2025-11-06,43.1100,43.3500,42.7900,42.9000,41.1367,1680080
2025-11-07,43.1300,43.2000,42.2000,42.5200,40.7723,1786497
2025-11-10,42.9900,43.5200,42.9000,43.0200,41.2517,1909674
2025-11-11,43.0900,43.6100,42.9800,43.5700,41.7791,1806836
2025-11-12,43.5500,44.1000,43.4300,43.7400,41.9421,1704371
2025-11-13,43.9000,44.3000,43.7700,44.1100,42.2969,1768287
2025-11-14,43.9100,44.0800,42.9200,43.4700,41.6832,2171069
2025-11-17,43.3500,43.5000,42.3500,42.5700,40.8202,1761278
2025-11-18,42.1300,42.4900,41.6900,41.9000,40.1778,2367253
2025-11-19,41.7500,43.8200,41.6200,43.1000,41.3284,4092983
2025-11-20,43.2700,43.2800,42.2400,42.7700,41.0120,2065488
2025-11-21,42.3700,43.9700,42.3700,43.7900,41.9901,3590055
2025-11-24,43.5000,44.5600,43.4900,44.3300,42.5079,2950027
2025-11-25,44.1800,45.1500,43.7600,44.7100,42.8723,3055037
2025-11-26,44.7700,44.9100,44.0300,44.6200,42.7860,1891712
2025-11-27,44.6200,45.0200,44.2100,44.6200,42.7860,1432303
2025-11-28,44.6900,44.9300,44.5600,44.9000,43.0545,1596845
2025-12-01,44.6800,44.9200,44.5300,44.7400,42.9010,1973085
2025-12-02,44.6900,46.1900,44.5400,45.1600,43.3038,3108656
2025-12-03,45.1000,45.3000,44.2000,44.2200,42.4024,2486219
2025-12-04,43.9900,44.0000,42.6800,42.7700,41.0120,3402908
2025-12-05,43.0000,43.9200,43.0000,43.7300,41.9325,2060275
2025-12-08,43.7000,43.7000,43.1000,43.3100,41.5298,1325726
2025-12-09,43.0900,43.6000,42.7700,43.2500,41.4723,1611326
2025-12-10,43.1300,43.4800,42.8700,43.1400,41.3668,1537382
2025-12-11,43.3900,44.6500,43.0400,44.5600,42.7284,2878632
2025-12-12,44.6600,45.1900,44.5300,44.8400,42.9969,2166899
2025-12-15,45.0200,45.1300,43.8700,44.2500,42.4312,2381916
2025-12-16,44.4600,45.3400,44.4000,44.5200,42.6901,2223522
2025-12-17,44.3400,44.4800,43.9200,44.3200,42.4983,1814511
2025-12-18,44.3400,44.3900,43.8300,44.0400,42.2298,1794639
2025-12-19,43.8000,44.0700,43.7100,43.7600,41.9613,4392462
2025-12-22,43.9900,44.1900,43.5100,43.7300,41.9325,1101695
2025-12-23,43.6800,43.9800,43.4900,43.6400,41.8462,991908
2025-12-29,43.7300,44.5200,43.7300,44.2100,42.3928,1684114
2025-12-30,44.2300,44.5800,44.0600,44.4300,42.6038,1030640
2026-01-02,44.4800,44.7900,44.2100,44.7800,42.9394,1385008
2026-01-05,44.8500,44.9900,43.5700,43.8900,42.0860,2578885
2026-01-06,44.0900,45.1200,43.7500,44.8400,42.9969,2507313
2026-01-07,45.0000,45.0500,44.1300,44.1600,42.3449,1882797
2026-01-08,44.2600,44.8200,43.6300,44.3200,42.4983,2407622
2026-01-09,44.3600,45.2500,44.3600,44.9400,43.0928,2929133
2026-01-12,45.1000,45.2100,44.4600,44.7700,42.9298,1624812
2026-01-13,45.2000,45.2200,44.4600,44.5800,42.7476,2030956
2026-01-14,44.6800,45.8200,44.5000,45.8200,43.9366,2789026
2026-01-15,45.8200,46.4400,45.6600,46.2900,44.3873,2671419
2026-01-16,46.1400,46.1400,44.5900,44.5900,42.7572,4195904
2026-01-19,43.6000,44.4600,43.3600,44.0700,42.2586,2920793
2026-01-20,43.9000,43.9800,43.3300,43.6200,41.8271,2268299
2026-01-21,43.8500,45.5100,43.8000,45.3500,43.4860,3259897
2026-01-22,45.8000,46.7100,45.6000,46.5200,44.6079,3156857
2026-01-23,45.7000,46.1800,45.4100,46.1000,44.2051,2215814
2026-01-26,45.9600,46.6100,45.7400,46.3400,44.4353,2018515
2026-01-27,46.1600,46.2600,45.1700,46.1000,44.2051,2196771
2026-01-28,45.6800,46.2700,45.5800,45.9400,44.0517,1655404
2026-01-29,46.7000,46.7000,45.7300,45.9600,44.0709,1914989
2026-01-30,46.1000,46.1600,45.6800,45.9600,44.0709,2150871
2026-02-02,45.8100,46.9300,45.6400,46.6300,44.7133,2470515
2026-02-03,46.9600,47.4300,46.3700,47.4000,45.4517,2408849
2026-02-04,48.1200,49.8900,47.9100,49.7600,47.7147,5854803
2026-02-05,49.8000,49.9900,48.2200,49.1000,47.0818,4043332
2026-02-06,48.6100,48.8000,47.9100,48.1800,46.1996,2663312
2026-02-09,48.3400,48.9000,48.2200,48.6600,46.6599,1574235
2026-02-10,49.1800,51.0600,49.1800,50.9200,48.8270,4716171
2026-02-11,51.0600,51.8000,50.4400,51.6200,49.4982,3312291
2026-02-12,51.5800,52.6800,51.2400,51.3600,49.2489,3993859
2026-02-13,51.4000,51.4200,50.3200,51.0800,48.9804,2604911
2026-02-16,50.7800,51.1000,50.4000,50.7600,48.6736,1491683
2026-02-17,51.2000,51.2600,50.4600,50.6200,48.5393,1659289
2026-02-18,50.3800,50.4800,49.1900,49.9100,47.8585,3246711
2026-02-19,49.2000,49.4200,48.5500,48.6900,46.6887,3294038
2026-02-20,48.9400,49.4100,48.6300,48.8900,46.8805,2943813
2026-02-23,48.9000,49.1200,48.5000,48.8700,46.8613,1655783
2026-02-24,49.2300,49.7900,48.7500,48.8700,46.8613,1650134
2026-02-25,48.9000,49.2300,48.6300,48.9300,46.9188,1640359
2026-02-26,48.8900,50.2200,48.5500,49.6600,47.6188,3191933
2026-02-27,48.0000,49.4400,46.9700,48.7000,46.6983,5423469
2026-03-02,47.4000,47.9700,46.5300,47.3300,45.3846,5007455
2026-03-03,46.3000,46.6200,44.5200,45.4300,43.5627,6236071
2026-03-04,45.5200,46.7000,45.1400,46.1500,44.2531,4053930
2026-03-05,46.1100,46.9500,45.8100,46.4300,44.5216,3436866
2026-03-06,46.7000,46.7000,44.7000,45.2700,43.4092,5069732
2026-03-09,44.2800,45.1000,43.9000,44.7900,42.9490,3441331
2026-03-10,46.0000,46.3400,45.4800,45.8500,43.9654,2565962
2026-03-11,45.3700,46.7800,45.3700,46.3100,44.4065,2464592
2026-03-12,46.3000,48.7000,45.9600,48.4500,46.4585,4630064
2026-03-13,48.1200,49.2800,48.0000,48.3500,46.3626,3507142
2026-03-16,48.1000,48.5100,47.5000,48.3000,46.3147,2471950
2026-03-17,48.0600,48.9200,47.9400,48.8600,46.8517,2065096
2026-03-18,49.2300,49.6100,47.9400,48.2900,46.3051,2848719
2026-03-19,47.5000,47.5200,45.8600,46.1300,44.2339,4610249
2026-03-20,46.3000,46.9000,45.5300,46.0000,44.1092,5729497
2026-03-23,45.0000,47.8400,44.8800,46.8900,44.9627,4434389
2026-03-24,47.9500,48.8600,47.3600,48.8500,46.8421,3195192
2026-03-25,49.5000,50.0800,49.4800,50.0200,47.9640,2894730
2026-03-26,49.9400,51.1000,49.7300,50.7400,48.6544,3623424
2026-03-27,51.0000,52.2000,50.7200,52.1000,49.9585,4472262
2026-03-30,52.0000,53.0000,51.6200,53.0000,50.8215,4023275
2026-03-31,52.8800,53.0600,52.1400,52.4000,50.2462,3489535
2026-04-01,52.7800,52.8600,50.8400,50.9400,48.8462,4435647
2026-04-02,50.8200,51.4000,50.4800,50.9400,48.8462,2650817
2026-04-07,50.8500,52.4800,50.8000,51.9300,49.7955,3842159
2026-04-08,52.4800,52.4800,50.7700,52.2100,50.0640,4314708
2026-04-09,52.8000,53.5800,52.4500,53.5800,51.3777,3870026
2026-04-10,53.5200,55.0000,53.3600,54.7000,52.4516,4584003
2026-04-13,54.4200,54.9500,54.3400,54.6500,52.4037,2592395
2026-04-14,54.8000,55.0500,53.7300,53.7300,51.5215,3338736
2026-04-15,53.5600,54.1300,52.5900,52.9000,50.7256,3927180
2026-04-16,53.0800,53.6700,52.9300,53.4100,51.2147,1831232
2026-04-17,53.2400,53.6800,52.3100,52.7700,50.6010,4595988
2026-04-20,52.8400,53.1100,52.4800,52.9000,50.7256,2606431
2026-04-21,52.9000,53.6500,52.9000,53.4900,51.2914,1639704
2026-04-22,53.5500,54.4800,53.4500,53.5100,51.3106,2305985
2026-04-23,53.4300,54.6000,53.2000,54.2400,52.0106,2583223
2026-04-24,54.0100,54.6600,53.9900,54.3200,52.0873,2611980
2026-04-27,53.8700,54.7500,53.8000,54.2800,52.0489,1745232
2026-04-28,54.6900,54.9300,54.2000,54.4400,52.2023,2150031
2026-04-29,54.3000,54.9300,54.0500,54.0500,51.8284,2539938
2026-04-30,53.9900,54.8100,53.2800,54.7400,52.4900,3638309
2026-05-04,52.6100,54.2700,52.4000,52.8500,52.8500,3934224
2026-05-05,52.8900,53.7900,52.7900,53.4500,53.4500,3277006
2026-05-06,53.5000,53.9900,51.3700,52.5200,52.5200,5851551
2026-05-07,52.3200,52.4100,50.6700,50.9100,50.9100,4676227
2026-05-08,50.7700,51.8300,50.7600,51.6500,51.6500,3133935
2026-05-11,51.8400,54.0000,51.7100,53.4600,53.4600,3993584
2026-05-12,53.4300,53.9500,52.9700,53.2000,53.2000,2655837
2026-05-13,53.6800,54.3200,53.5500,54.0000,54.0000,2318515
2026-05-14,53.7900,54.2600,53.0800,53.3900,53.3900,1898591
2026-05-15,52.8300,53.4500,52.4600,52.6300,52.6300,2124969
2026-05-18,52.4700,53.1700,52.3300,52.9600,52.9600,1944111
2026-05-19,52.7700,53.1500,52.0600,52.3000,52.3000,2157828
2026-05-20,52.3900,52.6000,51.0200,51.1000,51.1000,3294663
2026-05-21,50.8100,52.0600,50.6500,51.8900,51.8900,2326714
2026-05-22,51.5200,52.1300,51.1400,51.6700,51.6700,3001941
2026-05-25,51.6300,51.7100,50.7000,51.3500,51.3500,1942578
2026-05-26,51.5000,51.6400,51.1300,51.3200,51.3200,1681218
2026-05-27,51.6000,51.6200,50.0800,51.0900,51.0900,2725164
2026-05-28,50.7600,51.2800,50.4500,50.7200,50.7200,1831778
2026-05-29,50.9300,51.4400,50.6000,50.8200,50.8200,4186353
2026-06-01,50.6000,51.4200,50.3400,50.8400,50.8400,2090514
2026-06-02,50.9500,51.4400,50.3300,51.0700,51.0700,1585006
2026-06-03,50.4100,50.8000,50.0200,50.7800,50.7800,2286575
2026-06-04,51.2600,51.3700,50.5000,50.6500,50.6500,1898160
2026-06-05,50.8800,51.4800,50.7800,50.9800,50.9800,1992221
2026-06-08,50.7000,50.7400,48.4450,48.8500,48.8500,3061366
2026-06-09,48.7700,48.8150,48.0000,48.5250,48.5250,2972218
2026-06-10,48.4550,48.8400,47.8550,47.9800,47.9800,1764704
2026-06-11,49.0000,49.1650,48.3150,48.8750,48.8750,1899126
2026-06-12,48.9250,49.5000,48.4350,49.5000,49.5000,2251052
2026-06-15,49.5400,49.9650,48.7400,49.2250,49.2250,2249683
2026-06-16,49.3400,49.6500,48.8100,49.1100,49.1100,1786506
2026-06-17,49.1300,49.9800,48.6200,49.8850,49.8850,2092120
2026-06-18,49.5100,49.5350,47.9600,48.5350,48.5350,3252106
2026-06-19,48.4900,49.2350,48.3450,49.0050,49.0050,6432545
2026-06-22,49.2350,49.2350,48.4350,49.1700,49.1700,1809135
2026-06-23,48.4850,48.9050,48.0450,48.9050,48.9050,2043113
2026-06-24,48.8350,49.6650,48.6950,48.8900,48.8900,1739106
2026-06-25,48.5300,48.5950,47.9100,48.2750,48.2750,2962204
2026-06-26,48.3300,48.5600,47.5950,47.7600,47.7600,1922357
2026-06-29,47.6150,47.7900,46.8350,46.9300,46.9300,1701551
2026-06-30,47.1400,47.1750,46.6100,46.7800,46.7800,2486493
2026-07-01,47.2500,47.2900,46.0400,46.7950,46.7950,1859627
2026-07-02,46.7500,47.8200,46.7000,47.6400,47.6400,1839043
2026-07-03,47.9450,48.0800,47.4300,47.7800,47.7800,1280677
2026-07-06,47.7000,48.0050,47.3300,47.3300,47.3300,1355316
2026-07-07,47.4100,47.8100,47.2750,47.3550,47.3550,1302035
2026-07-08,47.2350,48.2250,47.2200,47.6200,47.6200,2314622
2026-07-09,47.4700,47.7500,47.0450,47.4400,47.4400,1993729
2026-07-10,47.7100,48.0850,47.2850,47.5500,47.5500,1214647
2026-07-13,47.4950,49.0700,47.4650,48.8500,48.8500,1835612
2026-07-14,49.0250,50.2100,49.0000,49.4200,49.4200,1939530
2026-07-15,48.7800,49.6650,47.0400,47.9400,47.9400,3986019
2026-07-16,48.0000,48.6000,47.8450,48.4150,48.4150,1407791
2026-07-17,48.6250,48.9250,48.0900,48.5450,48.5450,2365252
2026-07-20,48.3850,48.6000,47.5600,48.0700,48.0700,1658269
2026-07-21,48.0000,48.2900,47.6750,48.2450,48.2450,2060154
2026-07-22,48.0500,49.3300,48.0000,48.9700,48.9700,1813554
2026-07-23,49.1450,49.9500,48.7050,48.8700,48.8700,2121477
2026-07-24,48.7000,48.7700,48.1450,48.5700,48.5700,1830102
2026-07-27,48.8950,48.8950,48.0100,48.2100,48.2100,1953944
2026-07-28,48.7300,48.9800,48.3500,48.9650,48.9650,2025489
2026-07-29,49.0000,51.2600,48.9800,50.8600,50.8600,3220937
2026-07-30,51.1400,51.7400,50.8900,51.2400,51.2400,2000086
2026-07-31,50.8400,51.5000,50.1600,50.4000,50.4000,2199108
2026-08-03,50.2000,51.5200,49.8400,51.0600,51.0600,2004089
2026-08-04,51.2300,51.5500,50.2500,50.4400,50.4400,1495642
2026-08-05,50.7000,51.2600,50.3900,50.7000,50.7000,1510561
2026-08-06,50.9900,51.6600,50.8500,51.3200,51.3200,1543729
2026-08-07,51.6000,51.9800,51.2300,51.5000,51.5000,1327819
2026-08-10,51.6400,51.8300,51.0300,51.6300,51.6300,1316674
2026-08-11,51.6000,51.7100,50.9200,51.2600,51.2600,1386785
2026-08-12,51.1000,51.5600,50.8200,51.2700,51.2700,1164510
2026-08-13,51.0100,51.0400,49.8600,50.1700,50.1700,1865009
2026-08-14,50.3000,51.1500,50.1700,51.1500,51.1500,1465410
2026-08-17,51.0000,51.1000,50.3000,50.5100,50.5100,1557473
2026-08-18,50.7500,51.2400,50.4800,50.9900,50.9900,1512207
2026-08-19,51.2200,52.0500,51.1400,51.7900,51.7900,1654501
2026-08-20,51.7000,51.7000,50.7200,51.5000,51.5000,1300812
2026-08-21,51.7200,52.0800,51.6700,51.6700,51.6700,1926515
2026-08-24,51.9300,52.7600,51.8500,52.4300,52.4300,1368134
2026-08-25,52.2500,52.3400,51.1600,51.6800,51.6800,1685752
2026-08-26,51.7800,52.1800,51.5500,51.7800,51.7800,1171457
2026-08-27,51.5000,51.7500,51.0400,51.5100,51.5100,1057446
2026-08-28,51.7000,52.6000,51.6500,52.5200,52.5200,1587981
2026-08-31,52.8300,53.5300,52.8200,52.9800,52.9800,3567842
2026-09-01,53.5000,53.8000,52.6200,53.0300,53.0300,1776634
2026-09-02,53.0000,53.8500,52.8600,53.3800,53.3800,1508106
2026-09-03,53.7000,53.9800,53.2700,53.5100,53.5100,1621501
2026-09-04,53.0100,53.6300,52.6900,53.3600,53.3600,1234062
