date,open,high,low,close,adj_close,volume
2000-01-03,622.5000,622.5000,622.5000,622.5000,614.5208,0
2000-01-04,607.0000,607.0000,590.0000,596.0000,588.3604,40348880
2000-01-05,597.5000,608.0000,583.0000,596.0000,588.3604,28571116
2000-01-06,598.0000,607.0000,587.0000,602.0000,594.2836,22156052
2000-01-07,605.0000,613.8000,586.5000,597.0000,589.3478,41984936
2000-01-10,588.5000,606.0000,574.5000,579.5000,572.0721,37794644
2000-01-11,579.5000,585.0000,561.0000,569.5000,562.2005,34813720
2000-01-12,573.5000,584.0000,566.0000,570.0000,562.6940,30594150
2000-01-13,574.5000,581.0000,555.0000,570.5000,563.1876,43095676
2000-01-14,577.0000,578.5000,550.0000,553.0000,545.9116,65143312
2000-01-17,553.0000,562.0000,546.5000,550.5000,543.4437,32402000
2000-01-18,552.5000,574.5000,549.0000,556.0000,548.8730,40240612
2000-01-19,565.0000,572.8000,554.0000,562.5000,555.2901,44246508
2000-01-20,566.9000,569.0000,536.5000,543.0000,536.0394,32954232
2000-01-21,552.5000,579.0000,545.5000,562.5000,555.2901,44939468
2000-01-24,563.7000,592.5000,555.0000,576.0000,568.6169,24470320
2000-01-25,568.5000,572.0000,550.0000,561.0000,553.8093,20941718
2000-01-26,561.0000,564.5000,540.5000,555.0000,547.8862,32838588
2000-01-27,548.8000,568.0000,548.8000,556.0000,548.8730,21384432
2000-01-28,557.0000,564.5000,543.0000,555.5000,548.3795,23182232
2000-01-31,554.5000,561.0000,539.0000,544.0000,537.0272,22623496
2000-02-01,550.8000,563.5000,536.5000,546.0000,539.0013,25129392
2000-02-02,548.0000,548.0000,548.0000,548.0000,540.9756,39929784
2000-02-03,545.0000,528.0000,504.0000,525.5000,518.7644,166635504
2000-02-04,503.5000,503.5000,503.5000,503.5000,497.0461,64999616
2000-02-07,510.0000,510.0000,493.0000,498.0000,491.6167,96758456
2000-02-08,498.0000,508.0000,488.0000,495.5000,489.1489,79210392
2000-02-09,466.0000,466.0000,466.0000,466.0000,460.0267,57681280
2000-02-10,487.5000,487.5000,487.5000,487.5000,481.2515,68482176
2000-02-11,487.5000,495.0000,460.0000,479.5000,473.3537,75311928
2000-02-14,489.0000,489.0000,464.0000,481.5000,475.3283,35680052
2000-02-15,474.0000,474.0000,474.0000,474.0000,467.9243,62915520
2000-02-16,510.5000,510.5000,510.5000,510.5000,503.9564,56586520
2000-02-17,493.7000,528.0000,498.0000,506.5000,500.0078,44068156
2000-02-18,486.0000,486.0000,486.0000,486.0000,479.7703,22898008
2000-02-21,468.5000,468.5000,468.5000,468.5000,462.4948,24859272
2000-02-22,446.0000,446.0000,446.0000,446.0000,440.2831,38664624
2000-02-23,454.0000,464.0000,446.8000,458.5000,452.6545,59050376
2000-02-24,444.5000,444.5000,444.5000,444.5000,438.8329,33911156
2000-02-25,447.0000,464.0000,445.0000,462.0000,456.1098,33820636
2000-02-28,463.0000,474.5000,445.0000,461.5000,455.6161,26872200
2000-02-29,465.5000,497.0000,465.5000,487.5000,481.2849,48501060
2000-03-01,487.0000,487.0000,487.0000,487.0000,480.7912,38985456
2000-03-02,495.8000,507.0000,483.5000,501.5000,495.1063,29665120
2000-03-03,506.0000,507.0000,492.0000,494.0000,487.7019,26516540
2000-03-06,495.5000,501.0000,483.0000,493.5000,487.2083,20838890
2000-03-07,493.5000,509.0000,489.0000,505.5000,499.0554,40686592
2000-03-08,554.5000,554.5000,554.5000,554.5000,547.4305,136769312
2000-03-09,551.0000,557.0000,535.0000,550.5000,543.4814,33271990
2000-03-10,544.2000,562.0000,544.0000,552.0000,544.9625,52899732
2000-03-13,550.0000,556.0000,538.0000,549.0000,542.0008,33347864
2000-03-14,549.7000,553.0000,534.0000,536.5000,529.6600,27400940
2000-03-15,537.0000,571.5000,537.0000,554.0000,546.9372,84941584
2000-03-16,577.0000,585.0000,564.0000,568.0000,560.7584,68601312
2000-03-17,567.0000,575.0000,547.0000,554.0000,546.9372,44108876
2000-03-20,554.0000,564.0000,540.0000,542.5000,535.5835,23784692
2000-03-21,541.8000,558.0000,531.0000,548.5000,541.5067,39475624
2000-03-22,547.4000,555.0000,540.5000,550.0000,542.9875,37719152
2000-03-23,553.4000,553.4000,533.0000,535.0000,528.1793,24090596
2000-03-24,544.3000,548.0000,532.5000,541.5000,534.5965,50410252
2000-03-27,536.0000,536.0000,510.0000,512.5000,505.9661,22240386
2000-03-28,515.9000,531.0000,512.0000,514.5000,507.9404,16508125
2000-03-29,510.0000,525.0000,505.8000,522.5000,515.8387,35920492
2000-03-30,538.0000,549.5000,532.0000,542.0000,535.0900,48098072
2000-03-31,548.5000,587.0000,548.5000,573.5000,566.1882,70493504
2000-04-03,567.5000,573.5000,545.0000,557.0000,549.8990,40131136
2000-04-04,557.0000,575.0000,551.0000,554.0000,546.9372,60556400
2000-04-05,547.5000,547.5000,547.5000,547.5000,540.5199,24000
2000-04-06,549.0000,556.5000,532.0000,551.0000,543.9751,36392000
2000-04-07,551.0000,558.0000,540.0000,545.0000,538.0516,28012618
2000-04-10,545.0000,550.0000,535.0000,542.5000,535.5835,30504552
2000-04-11,542.5000,561.1000,541.0000,552.0000,544.9625,42643776
2000-04-12,553.0000,558.0000,519.5000,538.5000,531.6346,29298926
2000-04-13,547.5000,556.5000,538.5000,543.0000,536.0765,46372080
2000-04-14,547.8000,553.5000,528.0000,531.5000,524.7239,60662968
2000-04-17,525.0000,534.5000,516.0000,527.0000,520.2806,249653376
2000-04-18,505.0000,526.4000,497.5000,506.0000,499.5489,147930272
2000-04-19,508.0000,525.0000,508.0000,520.5000,513.8639,115338992
2000-04-20,517.0000,535.0000,515.0000,533.5000,526.6983,92213352
2000-04-21,533.5000,533.5000,533.5000,533.5000,526.6983,0
2000-04-24,533.5000,533.5000,533.5000,533.5000,526.6983,0
2000-04-25,533.1000,566.0000,528.5000,555.0000,547.9243,112674336
2000-04-26,556.0000,573.5000,551.0000,555.5000,548.4177,167081664
2000-04-27,542.3000,571.0000,562.2000,557.5000,550.3924,73823168
2000-04-28,562.0000,572.0000,552.5000,554.5000,547.4305,61149752
2000-05-01,554.5000,554.5000,554.5000,554.5000,547.4305,0
2000-05-02,558.0000,558.0000,541.0000,550.5000,543.4814,50617784
2000-05-03,555.0000,570.0000,548.5000,551.5000,544.4686,82665216
2000-05-04,558.5000,564.0000,557.0000,559.0000,551.8734,19465744
2000-05-05,566.0000,591.0000,564.0000,588.0000,580.5033,72062200
2000-05-08,600.0000,605.0000,588.0000,597.0000,589.3889,48834108
2000-05-09,577.5000,577.5000,577.5000,577.5000,570.1375,75273432
2000-05-10,575.0000,592.8000,572.0000,589.0000,581.4907,55461328
2000-05-11,581.0000,617.0000,580.0000,610.0000,602.2227,68001672
2000-05-12,610.0000,613.0000,580.5000,598.5000,590.8694,52334436
2000-05-15,603.0000,604.5000,589.5000,600.5000,592.8756,44450808
2000-05-16,610.0000,610.0000,594.3000,600.5000,592.8756,31523804
2000-05-17,600.0000,600.0000,588.0000,592.5000,584.9776,25780774
2000-05-18,591.0000,619.0000,590.0000,613.0000,605.2170,40412772
2000-05-19,612.0000,624.0000,606.0000,609.0000,601.2682,32173036
2000-05-22,613.5000,619.0000,597.0000,614.5000,606.6983,53774696
2000-05-23,611.5000,613.0000,600.0000,608.0000,600.2806,49310212
2000-05-24,609.8000,616.3000,589.0000,598.5000,590.9013,48125780
2000-05-25,605.0000,605.0000,589.0000,599.5000,591.8887,47122104
2000-05-26,597.0000,610.0000,587.5000,600.5000,592.8756,33480940
2000-05-29,600.5000,600.5000,600.5000,600.5000,592.8756,0
2000-05-30,591.0000,608.0000,585.0000,591.0000,583.4965,34444816
2000-05-31,608.5000,609.1000,605.3000,608.5000,600.7745,35644984
2000-06-01,608.5000,612.8000,608.5000,608.5000,600.7745,23899624
2000-06-02,625.5000,631.0000,625.5000,625.5000,617.5585,51801724
2000-06-05,622.0000,623.8000,617.8000,622.0000,614.1030,31586980
2000-06-06,611.0000,632.0000,611.0000,624.0000,616.0775,52428996
2000-06-07,622.3000,633.5000,605.0000,607.0000,599.2933,66162544
2000-06-08,623.0000,622.0000,595.5000,621.0000,613.1155,39816768
2000-06-09,603.5000,630.5000,603.5000,622.0000,614.1030,30642004
2000-06-12,622.3000,624.0000,605.0000,620.0000,612.1281,51017540
2000-06-13,627.0000,639.0000,625.5000,631.0000,622.9888,32055116
2000-06-14,633.5000,633.5000,633.5000,633.5000,625.4569,29241728
2000-06-15,635.8000,639.0000,617.0000,618.5000,610.6473,38240368
2000-06-16,615.5000,637.0000,612.0000,626.0000,618.0522,38665664
2000-06-19,623.6000,643.0000,620.7000,632.0000,623.9759,40339316
2000-06-20,628.0000,633.0000,624.2000,624.5000,616.5711,35326032
2000-06-21,630.0000,630.0000,630.0000,630.0000,622.0015,34917120
2000-06-22,638.0000,638.0000,638.0000,638.0000,629.8998,88388080
2000-06-23,642.5000,642.5000,642.5000,642.5000,634.3430,27978936
2000-06-26,649.0000,649.0000,649.0000,649.0000,640.7602,24048080
2000-06-27,632.5000,632.5000,632.5000,632.5000,624.4696,41469648
2000-06-28,619.0000,619.0000,619.0000,619.0000,611.1412,44230876
2000-06-29,623.5000,623.5000,623.5000,623.5000,615.5839,46909976
2000-06-30,634.0000,634.0000,634.0000,634.0000,625.9505,49324112
2000-07-03,648.0000,648.0000,648.0000,648.0000,639.7728,51444448
2000-07-04,630.0000,630.0000,630.0000,630.0000,622.0015,34858828
2000-07-05,600.5000,600.5000,600.5000,600.5000,592.8756,104181424
2000-07-06,604.5000,604.5000,604.5000,604.5000,596.8253,38554848
2000-07-07,617.0000,617.0000,617.0000,617.0000,609.1664,51173060
2000-07-10,615.0000,615.0000,615.0000,615.0000,607.1920,31400384
2000-07-11,625.0000,625.0000,625.0000,625.0000,617.0649,52075916
2000-07-12,618.0000,618.0000,618.0000,618.0000,610.1539,40561356
2000-07-13,609.5000,609.5000,609.5000,609.5000,601.7616,41732612
2000-07-14,600.5000,600.5000,600.5000,600.5000,592.8756,22872604
2000-07-17,580.0000,580.0000,580.0000,580.0000,572.6361,51957140
2000-07-18,582.5000,582.5000,582.5000,582.5000,575.1046,55141072
2000-07-19,599.0000,599.0000,599.0000,599.0000,591.3948,59834096
2000-07-20,586.0000,586.0000,586.0000,586.0000,578.5602,41102304
2000-07-21,570.0000,570.0000,570.0000,570.0000,562.7634,45446024
2000-07-24,564.5000,564.5000,564.5000,564.5000,557.3335,31091538
2000-07-25,568.0000,568.0000,568.0000,568.0000,560.7887,41233532
2000-07-26,576.0000,576.0000,576.0000,576.0000,568.6870,36573888
2000-07-27,582.0000,582.0000,582.0000,582.0000,574.6108,49681488
2000-07-28,593.5000,593.5000,593.5000,593.5000,585.9651,49112792
2000-07-31,584.0000,584.0000,584.0000,584.0000,576.5852,34245220
2000-08-01,573.0000,573.0000,573.0000,573.0000,565.7250,25780952
2000-08-02,582.0000,599.5000,582.0000,597.0000,589.4205,38920188
2000-08-03,601.0000,617.0000,600.0000,603.7000,596.0357,56087312
2000-08-04,605.5000,605.5000,592.0000,597.8000,590.2102,31242800
2000-08-07,599.0000,613.0000,599.0000,608.7000,600.9717,38862888
2000-08-08,605.0000,618.0000,593.0000,608.8000,601.0706,54080264
2000-08-09,589.0000,599.0000,584.0000,587.8000,580.3372,46573344
2000-08-10,591.0000,593.0000,576.0000,584.2000,576.7831,47696312
2000-08-11,597.5000,601.0000,591.0000,596.0000,588.4329,24862828
2000-08-14,600.0000,600.0000,586.1000,589.0000,581.5546,25925388
2000-08-15,596.0000,608.0000,595.0000,603.0000,595.3776,43422476
2000-08-16,598.0000,616.0000,593.0000,614.0000,606.2386,44418588
2000-08-17,617.5000,633.0000,613.5000,625.0000,617.0997,33977664
2000-08-18,629.0000,639.5000,625.0000,627.5000,619.5682,41861564
2000-08-21,632.0000,636.0000,622.0000,629.0000,621.0491,20266632
2000-08-22,630.0000,650.0000,630.0000,639.0000,630.9225,38653248
2000-08-23,640.5000,651.0000,639.0000,646.0000,637.8341,32927764
2000-08-24,646.0000,650.3000,634.0000,640.0000,631.9100,46732096
2000-08-25,633.5000,640.0000,630.5000,634.5000,626.4794,30358286
2000-08-28,634.5000,634.5000,634.5000,634.5000,626.4794,0
2000-08-29,643.0000,645.0000,636.0000,640.5000,632.4037,28236464
2000-08-30,647.5000,649.3000,639.0000,642.5000,634.3784,34388644
2000-08-31,643.8000,645.0000,630.3000,637.0000,628.9482,48545040
2000-09-01,635.5000,646.5000,625.0000,646.5000,638.3278,37532092
2000-09-04,645.0000,663.0000,638.0000,649.0000,640.7963,33600212
2000-09-05,660.5000,669.5000,651.0000,654.5000,646.2266,45034448
2000-09-06,656.0000,663.1000,654.0000,656.2000,647.9055,43007388
2000-09-07,666.5000,682.0000,658.0000,666.5000,658.0748,68052888
2000-09-08,660.0000,667.0000,650.0000,651.5000,643.2646,32419658
2000-09-11,652.5000,675.0000,639.0000,668.3000,659.8522,51252168
2000-09-12,672.0000,678.0000,664.0000,672.6000,664.0979,51260828
2000-09-13,665.0000,667.0000,650.0000,658.6000,650.2748,48451420
2000-09-14,654.5000,654.5000,631.0000,633.8000,625.7881,62262736
2000-09-15,637.0000,651.5000,629.5000,648.0000,639.8088,72032864
2000-09-18,645.0000,663.0000,645.0000,653.7000,645.4368,47279140
2000-09-19,664.0000,668.8000,646.0000,663.0000,654.6196,32403824
2000-09-20,647.0000,647.0000,632.0000,642.1000,633.9834,58003280
2000-09-21,640.0000,644.5000,618.0000,624.0000,616.1121,58782364
2000-09-22,622.0000,624.0000,602.5000,609.0000,601.3018,36985884
2000-09-25,605.0000,605.8000,588.5000,595.0000,587.4787,47799568
2000-09-26,600.0000,607.0000,594.5000,596.6000,589.0588,29117220
2000-09-27,601.0000,609.5000,598.0000,604.9000,597.2537,38067628
2000-09-28,610.0000,610.0000,591.0000,594.6000,587.0839,65242220
2000-09-29,597.0000,599.0000,588.0000,593.0000,585.5038,38045560
2000-10-02,602.0000,617.0000,597.0000,612.0000,604.2640,37310696
2000-10-03,609.0000,622.0000,608.0000,610.5000,602.7831,38503372
2000-10-04,609.5000,618.0000,600.0000,603.0000,595.3776,30202096
2000-10-05,600.0000,604.0000,595.0000,597.7000,590.1447,32463152
2000-10-06,604.5000,616.5000,599.8000,608.8000,601.1042,65823340
2000-10-09,610.0000,619.3000,605.0000,611.0000,603.2766,17975756
2000-10-10,614.5000,628.0000,614.5000,623.8000,615.9146,67218616
2000-10-11,618.5000,647.0000,617.5000,638.8000,630.7250,66592048
2000-10-12,640.0000,653.0000,630.0000,646.5000,638.3278,52474432
2000-10-13,646.0000,655.0000,628.0000,632.8000,624.8010,24675964
2000-10-16,626.5000,636.0000,624.0000,630.5000,622.5298,39515600
2000-10-17,632.0000,634.8000,613.0000,628.0000,620.0615,55761776
2000-10-18,627.0000,632.5000,614.0000,620.9000,613.0511,37031680
2000-10-19,613.8000,626.8000,605.1000,614.0000,606.2386,38037516
2000-10-20,618.3000,624.5000,614.0000,619.3000,611.4715,35522792
2000-10-23,625.0000,630.0000,614.0000,621.5000,613.6441,23006470
2000-10-24,620.5000,626.0000,613.0000,620.0000,612.1624,30964084
2000-10-25,620.0000,624.8000,608.0000,609.6000,601.8943,38250440
2000-10-26,613.0000,616.8000,602.0000,608.0000,600.3143,40896840
2000-10-27,604.0000,608.0000,588.0000,595.5000,587.9726,51133548
2000-10-30,588.0000,588.0000,569.0000,585.0000,577.6055,33774664
2000-10-31,584.0000,596.0000,583.0000,590.1000,582.6407,44978432
2000-11-01,589.0000,597.5000,578.5000,586.4000,578.9875,40962396
2000-11-02,599.0000,604.0000,574.5000,579.0000,571.6810,49502824
2000-11-03,580.0000,580.0000,560.0000,573.0000,565.7568,53243252
2000-11-06,565.5000,577.0000,565.0000,569.3000,562.1038,64895716
2000-11-07,577.0000,580.0000,564.0000,576.0000,568.7191,56163048
2000-11-08,582.0000,587.5000,567.5000,577.9000,570.5953,49429952
2000-11-09,581.0000,594.5000,575.0000,589.5000,582.0483,47539144
2000-11-10,583.0000,598.0000,583.0000,591.0000,583.5293,33190196
2000-11-13,598.0000,598.8000,579.0000,580.0000,572.7033,17278070
2000-11-14,581.5000,593.0000,576.5000,591.1000,583.6637,27943660
2000-11-15,596.5000,606.0000,589.0000,603.0000,595.4139,49713604
2000-11-16,605.0000,612.0000,600.0000,606.2000,598.5734,57410768
2000-11-17,604.5000,605.0000,594.0000,599.0000,591.4641,24664988
2000-11-20,600.0000,605.0000,593.0000,594.8000,587.3172,19910432
2000-11-21,596.0000,607.0000,589.0000,605.0000,597.3890,21712360
2000-11-22,606.0000,610.0000,598.0000,603.5000,595.9075,26583566
2000-11-23,605.0000,607.8000,595.0000,605.5000,597.8828,14520075
2000-11-24,600.5000,609.5000,593.0000,598.0000,590.4766,23147368
2000-11-27,597.0000,603.0000,590.5000,596.0000,588.5019,16182091
2000-11-28,598.5000,598.5000,583.0000,590.3000,582.8738,21461830
2000-11-29,583.0000,588.8000,573.0000,573.0000,565.7911,46522520
2000-11-30,572.3000,572.3000,548.5000,564.8000,557.6943,35412264
2000-12-01,565.0000,565.0000,537.3000,549.0000,542.0934,68173000
2000-12-04,545.0000,550.0000,531.0000,538.0000,531.2319,40136596
2000-12-05,541.0000,557.0000,541.0000,554.0000,547.0306,30477414
2000-12-06,553.5000,553.5000,526.0000,538.0000,531.2319,50475656
2000-12-07,530.0000,547.0000,526.5000,546.0000,539.1307,31738572
2000-12-08,550.0000,564.0000,545.0000,552.5000,545.5492,38855624
2000-12-11,557.3000,566.5000,545.0000,551.2000,544.2655,45215760
2000-12-12,554.5000,563.5000,544.5000,558.7000,551.6712,32619776
2000-12-13,561.5000,569.5000,558.0000,559.4000,552.3627,38360216
2000-12-14,570.0000,570.0000,542.0000,544.0000,537.1564,82103880
2000-12-15,546.5000,547.0000,531.0000,533.0000,526.2945,72317624
2000-12-18,537.3000,543.0000,532.8000,540.0000,533.2066,20456708
2000-12-19,541.5000,551.8000,540.0000,541.5000,534.6878,51746664
2000-12-20,540.0000,542.5000,520.0000,525.0000,518.3953,45413904
2000-12-21,520.0000,529.0000,510.0000,526.0000,519.3826,27776000
2000-12-22,527.5000,530.0000,515.0000,524.3000,517.7043,13193725
2000-12-25,524.0000,524.0000,524.0000,524.0000,517.4077,0
2000-12-26,524.0000,524.0000,524.0000,524.0000,517.4077,0
2000-12-27,536.0000,547.0000,535.0000,542.0000,535.1816,7995657
2000-12-28,534.0000,546.5000,534.0000,542.0000,535.1816,12873004
2000-12-29,547.5000,550.5000,535.0000,539.0000,532.2192,16672710
2001-01-01,540.0000,540.0000,540.0000,540.0000,533.2066,0
2001-01-02,544.0000,555.0000,536.0000,536.0000,529.2571,20558948
2001-01-03,545.0000,551.0000,537.0000,544.0000,537.1564,44661432
2001-01-04,538.5000,538.5000,525.0000,534.6000,527.8743,33570052
2001-01-05,539.5000,544.5000,537.5000,544.5000,537.6499,15968426
2001-01-08,542.0000,552.5000,540.0000,544.2000,537.3538,25647024
2001-01-09,543.5000,545.0000,524.5000,526.5000,519.8765,34032644
2001-01-10,529.0000,537.0000,515.5000,531.5000,524.8138,67863872
2001-01-11,528.0000,550.5000,528.0000,547.0000,540.1183,60151776
2001-01-12,547.4000,561.5000,540.5000,554.0000,547.0306,45075784
2001-01-15,559.5000,573.0000,558.0000,569.2000,562.0393,29219100
2001-01-16,570.0000,572.0000,557.0000,557.8000,550.7825,35021396
2001-01-17,561.5000,580.0000,557.0000,568.7000,561.5455,95227960
2001-01-18,568.0000,580.5000,564.0000,573.4000,566.1865,59845404
2001-01-19,580.0000,581.8000,573.0000,581.0000,573.6908,62368480
2001-01-22,582.0000,594.0000,581.0000,587.0000,579.6152,55673260
2001-01-23,580.5000,585.0000,576.0000,584.0000,576.6530,38480736
2001-01-24,591.0000,593.5000,580.0000,583.0000,575.6653,54811872
2001-01-25,581.5000,590.0000,577.0000,584.3000,576.9490,37357180
2001-01-26,597.0000,602.3000,591.5000,595.0000,587.5144,47126592
2001-01-29,593.0000,599.2000,589.0000,595.0000,587.5144,28251210
2001-01-30,583.5000,587.0000,577.0000,579.8000,572.5060,32891516
2001-01-31,584.0000,588.5000,577.5000,588.5000,581.0963,46888680
2001-02-01,590.0000,590.0000,578.1000,581.2000,573.8882,43931432
2001-02-02,582.5000,589.0000,580.0000,584.5000,577.1466,26249604
2001-02-05,585.0000,603.0000,585.0000,598.7000,591.1681,49439204
2001-02-06,599.0000,604.5000,593.0000,597.5000,589.9833,44228264
2001-02-07,603.0000,603.0000,594.0000,597.5000,589.9833,39729100
2001-02-08,601.0000,604.5000,594.5000,597.2000,589.6871,28187008
2001-02-09,603.0000,613.5000,595.0000,607.0000,599.3633,180741728
2001-02-12,610.0000,617.0000,601.8000,611.2000,603.5109,38054380
2001-02-13,610.0000,614.0000,586.1000,588.4000,580.9977,93997952
2001-02-14,587.0000,589.5000,571.0000,585.6000,578.2329,91483744
2001-02-15,588.0000,590.0000,568.5000,576.5000,569.2475,68759016
2001-02-16,577.0000,581.3000,567.0000,571.0000,563.8163,40140296
2001-02-19,569.0000,581.0000,566.0000,577.5000,570.2347,34390192
2001-02-20,583.0000,589.0000,567.0000,570.0000,562.8294,34444836
2001-02-21,574.5000,578.0000,563.0000,569.0000,561.8773,29594508
2001-02-22,565.0000,573.0000,560.0000,566.4000,559.3098,75903344
2001-02-23,567.0000,567.0000,554.3000,562.1000,555.0635,19224976
2001-02-26,564.0000,573.0000,558.0000,565.0000,557.9276,28421522
2001-02-27,573.0000,581.0000,565.0000,574.0000,566.8148,40784244
2001-02-28,579.0000,582.0000,571.0000,574.8000,567.6047,34691108
2001-03-01,576.0000,579.5000,565.0000,579.5000,572.2458,43860384
2001-03-02,577.0000,579.5000,570.0000,575.0000,567.8023,21698224
2001-03-05,576.5000,583.5000,573.5000,580.0000,572.7397,43045680
2001-03-06,569.0000,593.0000,569.0000,589.4000,582.0223,44593944
2001-03-07,591.5000,602.5000,588.5000,597.3000,589.8229,41416784
2001-03-08,603.0000,608.5000,595.0000,601.7000,594.1680,58001236
2001-03-09,600.0000,601.0000,585.5000,595.2000,587.7494,29681216
2001-03-12,590.0000,590.5000,583.5000,587.8000,580.4422,28881896
2001-03-13,582.0000,585.0000,569.0000,574.0000,566.8148,47416696
2001-03-14,572.0000,578.0000,564.0000,571.5000,564.3459,55207168
2001-03-15,570.0000,578.0000,557.9000,575.0000,567.8023,54857648
2001-03-16,570.5000,576.5000,563.0000,567.1000,560.0011,63585792
2001-03-19,563.5000,577.3000,563.0000,572.3000,565.1362,43721164
2001-03-20,575.0000,578.5000,564.0000,577.0000,569.7772,40628716
2001-03-21,568.5000,581.5000,564.3000,575.5000,568.2961,48694816
2001-03-22,570.0000,578.0000,561.5000,571.8000,564.6423,48171632
2001-03-23,564.5000,565.0000,537.0000,551.5000,544.5964,54800960
2001-03-26,554.0000,560.0000,542.0000,551.9000,544.9916,37533396
2001-03-27,554.0000,587.0000,550.0000,574.0000,566.8148,48112560
2001-03-28,578.0000,581.0000,569.0000,575.0000,567.8023,35546740
2001-03-29,578.0000,578.5000,565.0000,568.0000,560.8901,43035768
2001-03-30,568.0000,591.5000,567.0000,582.0000,574.7148,35895580
2001-04-02,585.0000,585.0000,571.5000,576.0000,568.7900,24231320
2001-04-03,576.0000,576.0000,562.0000,562.0000,554.9651,46121880
2001-04-04,562.0000,575.5000,544.5000,563.5000,556.4463,44193684
2001-04-05,563.5000,586.0000,550.0000,575.5000,568.2961,30222032
2001-04-06,582.5000,587.0000,572.0000,580.0000,572.7397,49520984
2001-04-09,581.5000,599.0000,574.0000,598.5000,591.0081,47694688
2001-04-10,598.5000,614.0000,590.5000,610.0000,602.3642,46686716
2001-04-11,608.0000,611.5000,598.0000,604.0000,596.4392,49236656
2001-04-12,603.5000,609.5000,596.0000,600.5000,592.9827,29089444
2001-04-13,600.5000,600.5000,600.5000,600.5000,592.9827,0
2001-04-16,600.5000,600.5000,600.5000,600.5000,592.9827,0
2001-04-17,607.0000,615.0000,601.4000,607.0000,599.4014,38087920
2001-04-18,607.5000,610.8000,582.0000,592.5000,585.0832,56773504
2001-04-19,587.0000,610.0000,583.0000,597.0000,589.5271,51769376
2001-04-20,596.0000,619.5000,590.0000,607.0000,599.4014,36046336
2001-04-23,605.0000,632.0000,596.5000,608.5000,600.8826,49104168
2001-04-24,618.0000,625.0000,611.1000,620.1000,612.3377,46763196
2001-04-25,617.5000,623.5000,608.3000,616.5000,608.7827,55428216
2001-04-26,622.0000,639.0000,616.0000,638.5000,630.5072,57293628
2001-04-27,638.0000,641.5000,626.0000,635.0000,627.0511,59832088
2001-04-30,632.5000,638.0000,617.5000,627.0000,619.1514,26019684
2001-05-01,629.5000,633.5000,625.0000,625.0000,617.1768,26121780
2001-05-02,626.0000,632.0000,613.5000,615.5000,607.7953,73430456
2001-05-03,608.0000,612.0000,589.5000,591.0000,583.6022,72798936
2001-05-04,597.0000,625.5000,592.0000,611.0000,603.3514,54029080
2001-05-07,611.0000,611.0000,611.0000,611.0000,603.3514,0
2001-05-08,602.5000,615.0000,594.5000,600.0000,592.4893,79164944
2001-05-09,603.0000,619.2000,601.0000,616.0000,608.2892,38036936
2001-05-10,616.0000,628.0000,614.0000,621.0000,613.2264,37283360
2001-05-11,620.0000,622.0000,607.5000,609.3000,601.6732,43266088
2001-05-14,613.5000,613.5000,587.1000,605.4000,597.8219,31395592
2001-05-15,605.5000,617.5000,605.5000,616.5000,608.7827,27224940
2001-05-16,615.0000,619.5000,607.0000,618.0000,610.3005,45619548
2001-05-17,616.5000,626.0000,609.0000,614.5000,606.8439,43230168
2001-05-18,617.0000,641.5000,616.0000,625.0000,617.2133,41059000
2001-05-21,630.0000,637.5000,626.0000,629.0000,621.1633,27721656
2001-05-22,629.0000,632.0000,619.0000,628.8000,620.9658,34716908
2001-05-23,633.0000,633.0000,621.5000,623.5000,615.7318,28398072
2001-05-24,625.0000,643.5000,620.5000,629.0000,621.1633,20910864
2001-05-25,634.0000,634.0000,614.5000,628.0000,620.1757,23658060
2001-05-28,628.0000,628.0000,628.0000,628.0000,620.1757,0
2001-05-29,629.0000,648.0000,626.0000,632.5000,624.6197,40227336
2001-05-30,632.0000,636.5000,622.0000,628.5000,620.6697,33630624
2001-05-31,628.5000,634.5000,615.0000,627.3000,619.4847,27241702
2001-06-01,624.0000,641.0000,621.5000,631.5000,623.6321,32501270
2001-06-04,634.0000,640.5000,623.5000,636.5000,628.5699,21838844
2001-06-05,641.0000,650.0000,638.0000,647.0000,638.9393,37726564
2001-06-06,643.0000,643.0000,631.5000,638.0000,630.0510,43889920
2001-06-07,634.0000,641.5000,628.1000,632.0000,624.1258,46580560
2001-06-08,635.0000,645.5000,631.5000,635.6000,627.6810,29855848
2001-06-11,640.5000,649.0000,638.0000,644.6000,636.5687,45616816
2001-06-12,636.0000,649.5000,616.5000,645.0000,636.9641,44213032
2001-06-13,650.0000,654.0000,635.5000,650.0000,641.9019,43986588
2001-06-14,637.5000,640.0000,625.0000,632.3000,624.4224,35543216
2001-06-15,626.5000,638.5000,620.0000,637.5000,629.5574,48672724
2001-06-18,630.5000,637.5000,628.0000,628.0000,620.1757,36015544
2001-06-19,630.0000,632.0000,621.0000,626.5000,618.6942,32141752
2001-06-20,625.0000,636.8000,619.0000,631.0000,623.1387,57508760
2001-06-21,625.0000,626.5000,612.0000,624.5000,616.7195,44735384
2001-06-22,615.0000,623.0000,603.5000,614.0000,606.3503,46165312
2001-06-25,616.5000,625.0000,610.5000,620.0000,612.2753,33048884
2001-06-26,622.8000,628.5000,614.0000,617.5000,609.8069,49337032
2001-06-27,620.0000,621.5000,611.0000,613.0000,605.3627,40722188
2001-06-28,605.0000,608.5000,582.0000,585.0000,577.7113,106170000
2001-06-29,583.0000,590.0000,575.5000,584.5000,577.2178,79674440
2001-07-02,592.5000,592.5000,572.0000,573.0000,565.8607,59778752
2001-07-03,574.0000,580.0000,569.0000,574.0000,566.8484,67197560
2001-07-04,576.5000,590.5000,575.5000,584.0000,576.7239,39110256
2001-07-05,584.5000,590.5000,566.0000,587.5000,580.1802,44928708
2001-07-06,585.0000,588.0000,569.8000,583.5000,576.2303,37755608
2001-07-09,577.0000,588.5000,567.0000,576.5000,569.3175,48704776
2001-07-10,574.5000,577.5000,566.0000,571.7000,564.5770,27780554
2001-07-11,563.0000,566.8000,546.7000,562.0000,554.9980,28300080
2001-07-12,563.0000,573.0000,560.0000,567.0000,559.9357,53765728
2001-07-13,565.0000,579.0000,565.0000,572.0000,564.8734,36039300
2001-07-16,573.0000,576.0000,569.5000,571.5000,564.3798,30950504
2001-07-17,570.0000,577.0000,554.0000,567.0000,559.9357,26299496
2001-07-18,561.0000,566.0000,545.0000,547.0000,540.1852,77128432
2001-07-19,551.0000,558.0000,536.0000,550.0000,543.1475,56174488
2001-07-20,553.0000,560.5000,543.5000,555.7000,548.7766,39135284
2001-07-23,557.0000,570.5000,557.0000,566.6000,559.5410,35034000
2001-07-24,565.5000,566.0000,542.0000,546.5000,539.6915,37352956
2001-07-25,545.0000,564.5000,541.8000,557.0000,550.0605,37461652
2001-07-26,562.0000,577.1000,562.0000,564.7000,557.6642,44490420
2001-07-27,571.0000,577.1000,562.0000,571.5000,564.3798,32473256
2001-07-30,570.0000,579.5000,564.5000,572.0000,564.8734,21328632
2001-07-31,572.0000,585.0000,565.5000,583.5000,576.2303,60150624
2001-08-01,576.0000,586.5000,576.0000,586.0000,578.6989,37273368
2001-08-02,580.0000,587.0000,564.0000,575.5000,568.3301,56649536
2001-08-03,577.0000,587.5000,563.5000,571.0000,563.8857,39530928
2001-08-06,574.5000,582.0000,555.0000,576.0000,568.8240,31577070
2001-08-07,573.0000,593.8000,558.0000,591.0000,583.6369,72304112
2001-08-08,594.0000,605.0000,588.0000,601.0000,593.5123,89529784
2001-08-09,591.0000,597.5000,589.0000,591.5000,584.1305,61089364
2001-08-10,591.5000,600.5000,584.5000,590.0000,582.6493,54176092
2001-08-13,591.5000,607.5000,590.5000,601.0000,593.5123,43829644
2001-08-14,601.0000,613.0000,601.0000,607.0000,599.4373,62242928
2001-08-15,605.0000,617.0000,602.7000,615.4000,607.7720,59891764
2001-08-16,608.5000,613.0000,591.5000,607.1000,599.5750,34629416
2001-08-17,609.0000,611.0000,594.0000,599.0000,591.5752,35288716
2001-08-20,598.0000,598.5000,589.0000,596.0000,588.6124,8319336
2001-08-21,597.0000,606.0000,590.0000,593.0000,585.6494,23469344
2001-08-22,597.5000,608.0000,595.5000,605.3000,597.7972,55428048
2001-08-23,602.5000,616.0000,595.0000,601.5000,594.0444,47946304
2001-08-24,599.8000,611.5000,597.9000,606.0000,598.4881,70319424
2001-08-27,606.0000,606.0000,606.0000,606.0000,598.4881,0
2001-08-28,606.0000,606.0000,590.0000,593.0000,585.6494,55219160
2001-08-29,593.0000,602.4000,586.0000,591.5000,584.1683,50801656
2001-08-30,589.9000,596.0000,583.0000,583.5000,576.2675,57398964
2001-08-31,589.3000,592.5000,580.5000,584.5000,577.2548,51768624
2001-09-03,584.5000,586.0000,574.0000,583.0000,575.7729,34570192
2001-09-04,585.0000,592.5000,578.0000,591.5000,584.1683,31473696
2001-09-05,585.3000,596.0000,584.0000,587.5000,580.2177,35352488
2001-09-06,589.3000,589.3000,578.0000,584.0000,576.7612,41423820
2001-09-07,582.0000,586.0000,569.5000,573.0000,565.8973,43354500
2001-09-10,576.9000,580.5000,553.0000,561.0000,554.0462,56196524
2001-09-11,567.0000,605.0000,563.0000,588.5000,581.2054,124998040
2001-09-12,575.0000,575.0000,550.5000,560.0000,553.0583,93487944
2001-09-13,560.0000,565.0000,545.3000,550.0000,543.1826,49936408
2001-09-14,552.0000,568.0000,531.0000,535.5000,528.8625,62803280
2001-09-17,540.0000,565.0000,525.0000,565.0000,557.9966,70259944
2001-09-18,561.0000,570.0000,553.0000,566.5000,559.4781,63160376
2001-09-19,552.0000,557.0000,540.5000,544.0000,537.2570,84051664
2001-09-20,538.0000,543.0000,513.5000,525.0000,518.4926,119531184
2001-09-21,518.0000,530.5000,478.0000,504.0000,497.7527,92513008
2001-09-24,506.0000,520.0000,503.0000,512.5000,506.1475,70333952
2001-09-25,509.3000,514.0000,493.5000,509.5000,503.1844,71901104
2001-09-26,502.6000,530.0000,502.6000,518.0000,511.5790,77357808
2001-09-27,513.0000,538.0000,513.0000,538.0000,531.3312,56867320
2001-09-28,538.0000,563.0000,538.0000,562.0000,555.0336,62000096
2001-10-01,552.0000,558.0000,522.5000,528.5000,521.9493,66226396
2001-10-02,535.0000,547.0000,521.0000,546.0000,539.2322,48374968
2001-10-03,547.0000,551.0000,533.5000,545.0000,538.2445,42021524
2001-10-04,552.0000,569.0000,550.5000,564.0000,557.0088,44120648
2001-10-05,559.3000,570.5000,554.4000,561.0000,554.0462,48567128
2001-10-08,565.1000,569.5000,545.0000,567.0000,559.9716,27064320
2001-10-09,563.0000,574.0000,562.5000,568.5000,561.4534,39869800
2001-10-10,570.8000,594.0000,567.5000,590.0000,582.6870,47796008
2001-10-11,589.7000,601.0000,575.0000,586.5000,579.2301,72335608
2001-10-12,586.5000,594.5000,577.7000,594.5000,587.1312,45125756
2001-10-15,588.0000,594.5000,575.0000,584.0000,576.7612,33031024
2001-10-16,590.0000,590.0000,576.0000,581.0000,573.7983,37260408
2001-10-17,583.5000,599.5000,580.0000,593.0000,585.6494,42580700
2001-10-18,584.0000,587.0000,567.5000,569.0000,561.9473,47361272
2001-10-19,566.0000,566.0000,538.0000,544.5000,537.7507,81472224
2001-10-22,545.3000,561.0000,545.3000,561.0000,554.0462,35215224
2001-10-23,557.0000,576.0000,554.1000,575.0000,567.8726,55281172
2001-10-24,562.0000,575.0000,554.5000,557.0000,550.0959,40312888
2001-10-25,562.4000,568.9000,537.0000,549.0000,542.1950,53404864
2001-10-26,553.0000,575.5000,553.0000,575.5000,568.3666,30087428
2001-10-29,575.0000,581.5000,560.0000,561.5000,554.5399,63848728
2001-10-30,557.0000,560.0000,547.5000,553.5000,546.6387,48482128
2001-10-31,552.5000,566.5000,541.0000,555.0000,548.1205,54110856
2001-11-01,547.0000,558.0000,544.0000,558.0000,551.0836,28247812
2001-11-02,550.7000,565.0000,544.5000,553.5000,546.6387,32565252
2001-11-05,552.0000,567.0000,548.0000,560.5000,553.5525,48827320
2001-11-06,560.0000,560.0000,540.5000,541.5000,534.7880,65596880
2001-11-07,537.5000,553.8000,537.0000,549.5000,542.6887,67331744
2001-11-08,544.0000,562.3000,544.0000,556.0000,549.1080,57449696
2001-11-09,556.0000,566.5000,550.0000,565.0000,557.9966,53692328
2001-11-12,564.0000,569.0000,549.7000,550.5000,543.6766,37990192
2001-11-13,561.5000,568.6000,555.0000,566.0000,558.9841,48996020
2001-11-14,568.0000,573.0000,525.0000,530.0000,523.4658,102909240
2001-11-15,520.0000,522.0000,487.0000,491.5000,485.4404,198817984
2001-11-16,503.0000,524.0000,495.0000,503.0000,496.7986,129061456
2001-11-19,507.0000,521.5000,503.0000,509.0000,502.7245,54008192
2001-11-20,509.0000,532.0000,508.0000,514.3000,507.9592,85523312
2001-11-21,524.9000,543.0000,521.5000,524.5000,518.0336,81773416
2001-11-22,524.5000,538.0000,521.5000,535.5000,528.8979,49360088
2001-11-23,528.0000,541.5000,509.0000,530.0000,523.4658,65130160
2001-11-26,528.0000,532.5000,508.5000,512.5000,506.1815,51639480
2001-11-27,516.1000,524.5000,507.5000,521.5000,515.0704,50577168
2001-11-28,514.3000,522.0000,507.1000,514.0000,507.6631,36416488
2001-11-29,511.0000,518.9000,505.5000,518.5000,512.1077,34258952
2001-11-30,518.5000,518.5000,507.0000,518.5000,512.1077,30860868
2001-12-03,517.2000,523.0000,508.0000,516.5000,510.1320,57729080
2001-12-04,516.7000,527.5000,512.0000,517.5000,511.1199,81333600
2001-12-05,520.0000,534.5000,512.3000,532.0000,525.4413,103501240
2001-12-06,528.6000,536.0000,517.0000,528.5000,521.9843,64708840
2001-12-07,528.2000,531.5000,511.5000,514.0000,507.6631,48926080
2001-12-10,512.5000,522.0000,505.0000,509.0000,502.7245,46601040
2001-12-11,506.0000,514.5000,505.0000,508.0000,501.7370,47568328
2001-12-12,511.0000,515.0000,502.0000,507.0000,500.7492,57964696
2001-12-13,507.5000,517.5000,505.5000,508.0000,501.7370,39325984
2001-12-14,506.5000,508.0000,499.0000,504.0000,497.7864,45987664
2001-12-17,504.8000,516.5000,500.0000,513.5000,507.1690,39896016
2001-12-18,507.7000,525.5000,505.5000,514.5000,508.1570,51721672
2001-12-19,516.9000,520.0000,505.0000,513.0000,506.6754,30397748
2001-12-20,511.0000,521.2000,507.0000,512.5000,506.1815,29042636
2001-12-21,515.8000,530.0000,507.0000,528.0000,521.4903,33613864
2001-12-24,528.5000,530.9000,513.1000,530.5000,523.9595,3169891
2001-12-25,530.5000,530.5000,530.5000,530.5000,523.9595,0
2001-12-26,530.5000,530.5000,530.5000,530.5000,523.9595,0
2001-12-27,529.0000,536.5000,528.5000,529.5000,522.9719,13781356
2001-12-28,530.0000,539.0000,527.5000,537.0000,530.3794,19761496
2001-12-31,538.5000,538.5000,530.5000,533.0000,526.4288,4271517
2002-01-01,534.0000,534.0000,534.0000,534.0000,527.4163,0
2002-01-02,533.8000,539.0000,528.0000,531.0000,524.4532,29424072
2002-01-03,535.0000,536.0000,526.0000,532.5000,525.9349,34624568
2002-01-04,529.0000,537.1000,527.0000,533.5000,526.9224,42013096
2002-01-07,533.0000,539.5000,523.0000,531.5000,524.9471,27579820
2002-01-08,533.8000,535.5000,521.0000,522.5000,516.0583,59875728
2002-01-09,528.9000,529.0000,515.0000,524.0000,517.5396,36414528
2002-01-10,519.9000,528.0000,516.5000,522.0000,515.5646,59275688
2002-01-11,522.0000,523.5000,512.0000,519.5000,513.0950,60316904
2002-01-14,517.0000,518.0000,512.0000,515.5000,509.1445,49309716
2002-01-15,515.0000,526.5000,509.5000,522.5000,516.0583,56673168
2002-01-16,516.5000,523.5000,513.5000,521.5000,515.0704,64629760
2002-01-17,519.0000,528.0000,516.3000,519.0000,512.6011,56080080
2002-01-18,520.0000,523.5000,511.2000,512.0000,505.6876,57593924
2002-01-21,511.0000,515.6000,503.5000,514.0000,507.6631,40800316
2002-01-22,511.0000,524.0000,511.0000,514.0000,507.6631,61262316
2002-01-23,517.7000,534.0000,511.0000,531.5000,524.9471,63515532
2002-01-24,532.0000,543.0000,529.1000,535.0000,528.4040,67353400
2002-01-25,535.0000,542.9000,532.0000,539.0000,532.3547,51792780
2002-01-28,533.0000,553.5000,533.0000,550.5000,543.7129,79248128
2002-01-29,548.0000,549.5000,536.5000,537.5000,530.8734,83484312
2002-01-30,549.0000,549.0000,530.0000,538.0000,531.3668,53743208
2002-01-31,534.8000,550.1000,532.0000,547.5000,540.7497,48855404
2002-02-01,538.5000,560.0000,538.5000,554.0000,547.1699,63257092
2002-02-04,555.2000,558.0000,546.0000,553.5000,546.6756,27133212
2002-02-05,547.5000,554.0000,536.0000,538.0000,531.3668,58905580
2002-02-06,547.0000,551.0000,537.5000,549.5000,542.7254,42690604
2002-02-07,544.8000,552.4000,534.5000,545.0000,538.2806,61572324
2002-02-08,545.0000,545.2500,538.0000,543.0000,536.3054,24570788
2002-02-11,543.2000,545.0000,536.4000,541.5000,534.8237,35156860
2002-02-12,541.0000,552.1000,538.8000,545.5000,538.7744,49966400
2002-02-13,545.0000,553.0000,537.5000,552.5000,545.6884,69333944
2002-02-14,571.5000,571.6000,567.5000,569.5000,562.4786,11764003
2002-02-15,569.5000,574.0000,558.0000,571.5000,564.4543,43130268
2002-02-18,571.1000,578.0000,565.5000,573.0000,565.9355,29770682
2002-02-19,575.7000,575.7000,566.5000,569.5000,562.4786,41863260
2002-02-20,570.6000,570.6000,552.0000,553.0000,546.2211,61182604
2002-02-21,563.0000,563.5000,551.0000,561.0000,554.1230,34803040
2002-02-22,553.5000,566.0000,553.5000,562.5000,555.6047,41480668
2002-02-25,558.3000,576.2000,557.0000,574.0000,566.9638,34229872
2002-02-26,572.6000,585.5000,564.5000,584.5000,577.3347,55332052
2002-02-27,579.2000,596.0000,575.0000,592.5000,585.2368,51208740
2002-02-28,590.4000,594.2000,582.0000,583.0000,575.8530,50279392
2002-03-01,582.5000,590.5000,577.0000,589.0000,581.7797,30921504
2002-03-04,582.0000,601.0000,579.7970,596.5000,589.1879,43692724
2002-03-05,598.4000,604.0000,594.4000,599.5000,592.1509,58150408
2002-03-06,597.1000,601.5000,593.0000,599.0000,591.6570,39270192
2002-03-07,595.5000,615.0000,595.5000,611.5000,604.0038,43923788
2002-03-08,609.5000,616.0000,599.5000,603.0000,595.6083,48522304
2002-03-11,609.4000,615.0000,601.1000,608.5000,601.0407,30964092
2002-03-12,610.2000,612.0000,596.5000,611.5000,604.0038,35754572
2002-03-13,611.2000,619.0000,600.4000,617.0000,609.4366,29287532
2002-03-14,611.2000,618.5000,604.0000,606.5000,599.0652,40851316
2002-03-15,607.2000,613.5000,604.0000,609.5000,602.0286,33411872
2002-03-18,607.9000,618.0000,603.5000,604.5000,597.0898,42474664
2002-03-19,604.7000,615.0000,604.2880,614.5000,606.9671,34633300
2002-03-20,613.0000,619.5000,608.9000,616.0000,608.4490,41994784
2002-03-21,612.3000,616.7150,607.5000,614.0000,606.4733,61937712
2002-03-22,616.0000,616.0000,609.3000,613.0000,605.4855,45129256
2002-03-25,615.0000,618.0000,604.5000,606.5000,599.0652,59594376
2002-03-26,606.5000,611.8000,601.0000,609.0000,601.5349,76383216
2002-03-27,609.0000,618.0000,606.5000,613.0000,605.4855,51786896
2002-03-28,615.7000,626.7000,615.0000,625.0000,617.3384,38144472
2002-03-29,625.0000,625.0000,625.0000,625.0000,617.3384,0
2002-04-01,625.0000,625.0000,625.0000,625.0000,617.3384,0
2002-04-02,626.3000,630.0000,619.2000,624.0000,616.3508,51375600
2002-04-03,629.0000,629.0000,620.5000,625.0000,617.3384,56192300
2002-04-04,625.0000,625.7000,605.0000,610.0000,602.5224,78410000
2002-04-05,609.5000,618.8000,602.5000,608.5000,601.0407,82791424
2002-04-08,607.1000,613.0000,600.5000,608.5000,601.0407,45615708
2002-04-09,605.4000,609.7000,596.5000,599.5000,592.1509,40683024
2002-04-10,599.7000,602.5000,589.0000,600.5000,593.1389,52536008
2002-04-11,595.0000,604.0000,594.0000,596.5000,589.1879,19043632
2002-04-12,590.0000,592.7000,579.5000,584.0000,576.8411,53970648
2002-04-15,584.0000,596.2000,581.3000,595.0000,587.7063,44812132
2002-04-16,596.0000,606.5000,585.5000,605.0000,597.5834,64355116
2002-04-17,597.0000,616.5000,596.0000,598.0000,590.6694,41475900
2002-04-18,602.7000,604.5000,595.4000,595.5000,588.2000,33576632
2002-04-19,598.3000,601.0000,592.0000,596.0000,588.6940,25614348
2002-04-22,594.7000,601.1000,594.0000,597.0000,589.6818,29798190
2002-04-23,596.9000,600.6000,579.0000,588.5000,581.2859,51449192
2002-04-24,587.5000,589.8000,574.0000,578.0000,570.9146,52134208
2002-04-25,577.5000,584.2000,561.1000,573.5000,566.4697,44965712
2002-04-26,573.5000,576.0000,558.9000,565.0000,558.0739,52151136
2002-04-29,562.3000,574.0000,560.0000,569.0000,562.0250,37997372
2002-04-30,568.2000,591.5000,563.8000,585.5000,578.3226,75725128
2002-05-01,576.0000,587.2000,576.0000,578.0000,570.9146,27020932
2002-05-02,581.0000,587.0000,577.5000,577.5000,570.4206,54200988
2002-05-03,577.5000,597.0000,577.5000,593.5000,586.2244,44847168
2002-05-06,594.0000,594.0000,594.0000,594.0000,586.7183,0
2002-05-07,594.2000,594.2000,570.5000,576.0000,568.9392,41065472
2002-05-08,575.6000,584.0000,570.4000,583.0000,575.8530,26355168
2002-05-09,583.1000,589.5000,579.3000,587.0000,579.8040,30634626
2002-05-10,586.2000,591.0000,582.0000,585.0000,577.8289,27387172
2002-05-13,584.0000,591.5000,580.0000,590.0000,582.7677,19039660
2002-05-14,598.5000,611.0000,598.5000,606.0000,598.5710,56754196
2002-05-15,605.9000,606.8950,594.5000,596.0000,588.7335,33480772
2002-05-16,603.0000,604.5000,589.0000,596.0000,588.7335,45322832
2002-05-17,592.0000,604.0000,588.5000,592.0000,584.7821,33281991
2002-05-20,596.5000,598.5000,588.6000,590.5000,583.3001,16660225
2002-05-21,589.4000,599.5000,586.0000,596.0000,588.7335,27027880
2002-05-22,596.0000,596.3910,580.5000,584.0000,576.8796,50974684
2002-05-23,584.9000,590.0000,575.0000,584.0000,576.8796,48261196
2002-05-24,583.6000,593.0000,583.0000,591.5000,584.2886,36014480
2002-05-27,591.1000,596.1000,584.5000,588.0000,580.8307,38732152
2002-05-28,587.5000,591.0000,570.5000,573.5000,566.5076,48531192
2002-05-29,581.5000,584.0000,569.0000,581.0000,573.9164,52645668
2002-05-30,580.1000,583.5000,571.5000,576.5000,569.4709,48039128
2002-05-31,573.9000,589.5000,573.9000,584.0000,576.8796,38472776
2002-06-03,585.0000,585.0000,585.0000,585.0000,577.8675,0
2002-06-04,585.0000,585.0000,585.0000,585.0000,577.8675,0
2002-06-05,585.6000,585.6000,561.0000,564.5000,557.6174,63992672
2002-06-06,566.0000,571.5000,563.5000,564.0000,557.1233,59009024
2002-06-07,568.8000,570.5000,545.5000,558.0000,551.1969,41333912
2002-06-10,556.7000,566.0000,547.5000,555.5000,548.7271,56074332
2002-06-11,555.6000,562.6000,548.7000,560.0000,553.1724,41601112
2002-06-12,560.1000,560.3870,547.5000,551.5000,544.7758,66149504
2002-06-13,550.6000,554.0000,536.5000,542.5000,535.8857,63791816
2002-06-14,540.0000,548.0000,521.5000,523.5000,517.1170,112372872
2002-06-17,529.6000,540.1000,523.3950,540.0000,533.4161,66194100
2002-06-18,533.5000,553.9000,532.7000,541.0000,534.4039,85198464
2002-06-19,549.4000,549.7000,528.1000,538.0000,531.4401,87061024
2002-06-20,535.2000,544.2000,533.0000,538.5000,531.9341,78293456
2002-06-21,538.5000,543.0000,527.0000,532.0000,525.5139,54046572
2002-06-24,535.9000,541.0000,528.5000,531.0000,524.5255,74134136
2002-06-25,534.2000,548.5000,531.0000,545.5000,538.8491,81961360
2002-06-26,543.5000,546.0000,523.5000,535.5000,528.9710,68514688
2002-06-27,537.1000,541.5000,529.0000,535.0000,528.4769,80429368
2002-06-28,536.5000,551.5000,531.9000,550.5000,543.7880,53688564
2002-07-01,551.1000,564.0000,541.5000,557.0000,550.2086,55732168
2002-07-02,551.5000,564.5000,543.0000,543.5000,536.8734,66083760
2002-07-03,543.5000,548.5000,532.5000,532.5000,526.0074,71574872
2002-07-04,545.1000,545.1000,526.0000,536.5000,529.9587,40627872
2002-07-05,537.1000,558.0000,537.0000,555.0000,548.2332,30495992
2002-07-08,545.8000,555.7000,545.8000,554.0000,547.2456,40843920
2002-07-09,554.0000,556.5000,541.0000,546.0000,539.3428,56066144
2002-07-10,546.1000,553.1000,532.5000,537.0000,530.4527,97400080
2002-07-11,530.0000,534.5000,512.0000,513.0000,506.7455,71336296
2002-07-12,513.0000,516.5000,493.0000,500.0000,493.9038,78293248
2002-07-15,501.5000,501.5000,456.0000,462.5000,456.8611,113457592
2002-07-16,473.0000,479.0000,442.0000,470.0000,464.2696,107120720
2002-07-17,469.0000,492.5000,465.0000,489.0000,483.0378,105261920
2002-07-18,489.0000,501.0000,482.0000,495.0000,488.9646,43285024
2002-07-19,480.0000,483.5000,458.5000,464.5000,458.8366,75147352
2002-07-22,452.0000,459.0000,428.0000,428.0000,422.7817,61624460
2002-07-23,425.0000,437.5000,416.5000,428.5000,423.2755,84545504
2002-07-24,422.0000,428.0000,404.0000,425.0000,419.8180,103122576
2002-07-25,444.0000,449.5000,433.5000,449.5000,444.0194,90695440
2002-07-26,442.0000,458.0000,433.5000,454.0000,448.4646,59923400
2002-07-29,458.0000,480.0000,455.0000,479.5000,473.6539,65824440
2002-07-30,474.6000,491.5000,474.5000,482.0000,476.1231,69373952
2002-07-31,482.0000,498.0000,472.0000,497.0000,490.9402,91167848
2002-08-01,493.0000,510.0000,472.0000,473.0000,467.2330,59779424
2002-08-02,478.0000,489.0000,472.5000,475.0000,469.2087,42455760
2002-08-05,478.7000,481.0000,459.0000,474.5000,468.7147,35091496
2002-08-06,463.2000,498.5000,461.0000,494.0000,487.9770,49729808
2002-08-07,481.8000,508.9000,481.8000,494.5000,488.4707,47856976
2002-08-08,496.7000,512.0000,494.0000,512.0000,505.7575,41819996
2002-08-09,517.0000,525.0000,498.0000,524.5000,518.1053,43202572
2002-08-12,519.0000,519.0000,502.5000,503.0000,496.8671,27096388
2002-08-13,517.9000,517.9000,499.9000,515.0000,508.7209,103650464
2002-08-14,504.8000,515.6000,501.0000,501.5000,495.4228,68874496
2002-08-15,510.0000,529.0000,510.0000,524.0000,517.6501,51787296
2002-08-16,524.1000,533.0000,513.5000,519.5000,513.2046,35879224
2002-08-19,519.0000,532.0000,512.0000,529.5000,523.0833,37093496
2002-08-20,530.0000,542.5000,523.5000,526.0000,519.6260,43735904
2002-08-21,521.0000,538.0000,519.0000,522.5000,516.1684,63772912
2002-08-22,521.5000,537.5000,521.5000,537.0000,530.4927,54242436
2002-08-23,537.1000,542.0000,528.0000,529.0000,522.5897,27992764
2002-08-26,528.0000,528.0000,528.0000,528.0000,521.6014,0
2002-08-27,534.5000,547.0000,525.0000,543.0000,536.4201,45728312
2002-08-28,535.5000,536.5000,510.5000,512.0000,505.7956,43822504
2002-08-29,509.0000,512.0000,498.0000,498.0000,491.9652,44590612
2002-08-30,498.0000,506.5000,493.0000,500.5000,494.4350,44822048
2002-09-02,502.6000,504.0000,491.5000,499.0000,492.9531,18521048
2002-09-03,494.0000,494.0000,466.0000,468.0000,462.3288,60962640
2002-09-04,468.0000,475.5000,440.5000,451.5000,446.0288,121950256
2002-09-05,464.0000,466.0000,443.0000,456.0000,450.4741,62121220
2002-09-06,460.0000,477.5000,455.0000,473.0000,467.2682,55242616
2002-09-09,465.0000,481.0000,458.6000,467.0000,461.3409,38645904
2002-09-10,483.3000,483.5000,470.0000,477.0000,471.2197,29737464
2002-09-11,478.1000,489.5000,470.0000,482.5000,476.6531,45596832
2002-09-12,476.0000,478.0000,462.0000,466.0000,460.3531,45451356
2002-09-13,463.0000,466.5000,450.0000,456.0000,450.4741,53372340
2002-09-16,459.8000,472.5000,456.0000,467.0000,461.3409,28644368
2002-09-17,467.3000,472.5000,455.9000,459.0000,453.4379,54239332
2002-09-18,453.5000,453.5000,435.5000,435.5000,430.2225,65812608
2002-09-19,444.3000,448.8000,423.0000,433.0000,427.7530,82954272
2002-09-20,427.7000,453.5000,423.5000,437.0000,431.7045,172022624
2002-09-23,446.0000,446.5000,431.7000,434.0000,428.7409,47783972
2002-09-24,441.2000,441.2000,420.2000,424.5000,419.3558,85705416
2002-09-25,422.5000,437.0000,412.0000,418.0000,412.9347,83075960
2002-09-26,424.5000,442.0000,421.0000,441.5000,436.1500,75841984
2002-09-27,435.7000,457.5000,435.7000,452.5000,447.0165,53958388
2002-09-30,445.0000,445.0000,414.5000,425.0000,419.8497,75498008
2002-10-01,421.0000,441.0000,421.0000,435.5000,430.2225,71855520
2002-10-02,431.9000,454.5000,423.0000,442.5000,437.1379,117426968
2002-10-03,430.0000,455.0000,430.0000,431.5000,426.2710,68788016
2002-10-04,437.0000,442.1000,421.0000,425.5000,420.3437,58167888
2002-10-07,427.5000,432.0000,415.5000,424.0000,418.8618,55776640
2002-10-08,425.0000,432.0000,409.0000,412.0000,407.0075,59804520
2002-10-09,412.0000,415.5000,400.5000,407.0000,402.0681,65665640
2002-10-10,406.4000,416.2500,397.7500,412.0000,407.0075,60822512
2002-10-11,414.5000,429.5000,414.5000,427.5000,422.3195,46968416
2002-10-14,424.0000,433.4000,422.5000,423.0000,417.8741,27626632
2002-10-15,427.0000,449.0000,427.0000,448.0000,442.5711,63709264
2002-10-16,448.0000,462.5000,440.0000,445.0000,439.6075,51772608
2002-10-17,448.9000,464.5000,444.9000,456.0000,450.4741,66191424
2002-10-18,456.5000,462.7500,448.5000,458.5000,452.9440,46179820
2002-10-21,455.6000,460.0000,449.0000,452.0000,446.5228,40445608
2002-10-22,450.0000,450.0000,426.5000,427.5000,422.3195,87450880
2002-10-23,436.7000,436.7000,412.5000,420.0000,414.9105,69605056
2002-10-24,423.1000,435.2000,421.0000,434.0000,428.7409,52326384
2002-10-25,434.0000,434.0000,423.0000,426.5000,421.3316,44687228
2002-10-28,432.5000,439.0000,418.0000,423.0000,417.8741,43618088
2002-10-29,425.0000,425.0000,387.0000,392.5000,387.7438,198011712
2002-10-30,392.4000,408.0000,392.4000,404.0000,399.1043,103788032
2002-10-31,402.3000,418.5000,402.0000,410.0000,405.0317,75688064
2002-11-01,410.0000,420.5000,402.0000,418.0000,412.9347,112433776
2002-11-04,418.0000,428.5000,403.5000,411.5000,406.5136,74446192
2002-11-05,417.0000,417.0000,396.5000,406.5000,401.5739,182937264
2002-11-06,410.5000,414.5000,392.0000,399.5000,394.6588,167666416
2002-11-07,397.2000,403.5000,391.0000,396.5000,391.6953,76286832
2002-11-08,396.6000,407.0000,391.0000,403.0000,398.1163,74119096
2002-11-11,403.0000,408.5000,397.0000,405.5000,400.5862,63140052
2002-11-12,405.5000,412.2500,403.0000,408.5000,403.5498,70929368
2002-11-13,411.4000,411.4000,399.0000,403.0000,398.1543,75877608
2002-11-14,404.0000,405.1000,393.0000,402.5000,397.6606,88390256
2002-11-15,402.5000,413.0000,399.8000,410.0000,405.0703,47067916
2002-11-18,410.0000,424.0000,405.1000,413.5000,408.5282,36340272
2002-11-19,411.0000,423.0000,409.0000,418.5000,413.4682,65941952
2002-11-20,419.1000,419.5000,405.0000,407.0000,402.1065,52495352
2002-11-21,407.1000,418.6000,407.1000,412.0000,407.0464,83087392
2002-11-22,411.5000,413.7000,400.9000,404.0000,399.1424,73456720
2002-11-25,404.0000,409.0000,396.8000,402.5000,397.6606,66848196
2002-11-26,402.3000,408.5000,398.4000,400.0000,395.1906,73493536
2002-11-27,400.0000,419.0000,399.0000,417.0000,411.9861,89223304
2002-11-28,418.0000,426.0000,418.0000,423.0000,417.9139,39765732
2002-11-29,420.0000,430.5000,414.5000,418.5000,413.4682,36270348
2002-12-02,426.0000,426.0000,411.5000,412.5000,407.5403,71322168
2002-12-03,416.5000,422.0000,411.9000,415.5000,410.5042,67416192
2002-12-04,418.0000,418.0000,408.5000,415.5000,410.5042,17000812
2002-12-05,415.0000,424.5000,414.9000,418.0000,412.9742,73583488
2002-12-06,419.5000,421.0000,403.0000,414.0000,409.0222,54965456
2002-12-09,410.1000,420.9000,408.9000,412.0000,407.0464,52062012
2002-12-10,416.6000,417.5000,408.0000,414.0000,409.0222,63480164
2002-12-11,414.0000,426.8000,414.0000,419.0000,413.9621,82904240
2002-12-12,423.6000,423.6000,412.5000,414.0000,409.0222,58564736
2002-12-13,415.1000,420.5000,405.0000,410.5000,405.5642,45564916
2002-12-16,410.0000,429.5000,409.0000,426.0000,420.8778,45725552
2002-12-17,421.6000,432.1000,415.7510,421.0000,415.9380,62171168
2002-12-18,419.5000,424.0000,412.0000,413.0000,408.0342,58666364
2002-12-19,414.5000,420.5000,408.5000,413.0000,408.0342,51129608
2002-12-20,414.0000,421.0000,412.0000,416.5000,411.4922,48465912
2002-12-23,418.0000,428.0000,418.0000,426.0000,420.8778,25730808
2002-12-24,426.0000,437.0000,425.5000,429.0000,423.8417,6995472
2002-12-25,429.0000,429.0000,429.0000,429.0000,423.8417,0
2002-12-26,429.0000,429.0000,429.0000,429.0000,423.8417,0
2002-12-27,422.0000,423.5000,412.0000,415.0000,410.0103,19958904
2002-12-30,413.0000,430.0000,412.0000,424.0000,418.9018,20970166
2002-12-31,427.0000,433.0000,417.0000,427.0000,421.8658,23249782
2003-01-01,427.0000,427.0000,427.0000,427.0000,421.8658,0
2003-01-02,423.5000,431.0000,420.5000,428.0000,422.8539,44828176
2003-01-03,430.0000,430.7500,423.0000,427.0000,421.8658,25364000
2003-01-06,428.3000,431.0000,418.5000,429.0000,423.8417,60821420
2003-01-07,431.5000,432.0000,426.3000,429.0000,423.8417,16082964
2003-01-08,421.5000,421.5000,416.5000,418.5000,413.4682,56014256
2003-01-09,416.0000,420.2500,410.1000,420.2500,415.1970,38453872
2003-01-10,420.0000,427.0000,416.3000,424.0000,418.9018,54676448
2003-01-13,422.5000,428.2500,413.5000,416.0000,410.9981,46949400
2003-01-14,417.0000,422.8000,401.5000,410.5000,405.5642,115784544
2003-01-15,411.0000,412.5000,405.2500,405.7500,400.8714,79953104
2003-01-16,405.3000,411.8000,405.0000,408.7500,403.8354,60944688
2003-01-17,408.5000,410.5000,403.2500,403.5000,398.6484,0
2003-01-20,403.5000,405.0000,395.0000,395.0000,390.2507,61110968
2003-01-21,397.5000,399.0000,387.0000,388.7500,384.0759,52665180
2003-01-22,389.0000,394.0000,373.0000,379.7500,375.1841,86297664
2003-01-23,383.5000,386.0000,370.3000,374.0000,369.5031,76069112
2003-01-24,375.8000,378.2500,364.5000,369.0000,364.5633,92162968
2003-01-27,368.8000,368.7500,348.6000,356.5000,352.2137,125338240
2003-01-28,360.5000,365.5000,353.0000,362.5000,358.1414,103858528
2003-01-29,364.5000,383.5000,360.3000,383.0000,378.3949,148900880
2003-01-30,386.2500,388.5500,373.0000,382.5000,377.9008,105070560
2003-01-31,374.0000,382.6000,373.1000,382.0000,377.4070,76609392
2003-02-03,389.0000,393.5000,387.2500,393.5000,388.7688,0
2003-02-04,390.0000,395.5000,386.5000,386.5000,381.8528,81418296
2003-02-05,389.8000,397.5000,384.0000,397.5000,392.7206,67151400
2003-02-06,394.5000,398.5000,377.5000,382.5000,377.9008,106029616
2003-02-07,381.3000,387.8000,376.7500,379.0000,374.4429,48343972
2003-02-10,379.0000,385.7500,375.0000,379.5000,374.9370,57996312
2003-02-11,388.0000,396.0000,384.0000,393.5000,388.7688,100591664
2003-02-12,392.0000,392.5000,382.0000,385.0000,380.3706,0
2003-02-13,384.0000,387.0000,375.0000,381.0000,376.4191,93381024
2003-02-14,387.0000,397.5000,385.3000,388.0000,383.3349,63955652
2003-02-17,396.8000,398.0000,388.0000,395.5000,390.7445,46539808
2003-02-18,395.8000,406.2500,392.5000,404.0000,399.1424,65972708
2003-02-19,404.0000,408.6000,392.4000,393.2500,388.5217,69435008
2003-02-20,393.7500,406.7500,392.0000,400.5000,395.6845,74828048
2003-02-21,398.3000,414.5000,398.3000,413.5000,408.5282,55632500
2003-02-24,415.5000,418.2500,408.5000,416.5000,411.4922,61061972
2003-02-25,414.5000,419.3000,407.5000,414.0000,409.0222,86344688
2003-02-26,411.0000,413.0000,396.6000,402.0000,397.2032,85977232
2003-02-27,402.8000,408.2500,397.0000,400.0000,395.2270,125839536
2003-02-28,399.0000,402.0000,389.2500,400.0000,395.2270,0
2003-03-03,402.0000,411.6000,400.2500,408.0000,403.1316,66200968
2003-03-04,408.0000,413.7000,406.3000,408.0000,403.1316,80314768
2003-03-05,406.2500,409.7500,403.3000,405.5000,400.6615,72898768
2003-03-06,406.0000,409.8000,402.2500,404.5000,399.6733,61378216
2003-03-07,403.0000,403.0000,391.7500,395.2500,390.5336,54388656
2003-03-10,398.0000,400.0000,391.5000,392.0000,387.3226,57309448
2003-03-11,390.0000,396.7500,389.3000,395.2500,390.5336,92913872
2003-03-12,395.3000,398.5000,370.0000,371.0000,366.5730,119675600
2003-03-13,377.0000,392.0000,370.8000,391.5000,386.8282,65705564
2003-03-14,394.8000,400.7500,386.8000,400.2500,395.4740,72429696
2003-03-17,395.0000,422.0000,388.3000,415.0000,410.0480,59065992
2003-03-18,414.5000,422.0000,404.3000,412.5000,407.5779,92415728
2003-03-19,412.2500,425.1000,409.0000,414.2500,409.3067,88328144
2003-03-20,413.0000,420.3000,408.0000,417.2500,412.2711,91187744
2003-03-21,418.5000,432.7500,418.3000,428.0000,422.8930,69602392
2003-03-24,425.0000,425.0000,415.5000,416.5000,411.5300,58028216
2003-03-25,414.8000,428.0000,411.5000,422.2500,417.2113,71594176
2003-03-26,425.0000,432.0000,418.5000,429.2500,424.1280,0
2003-03-27,426.0000,426.7500,410.2500,416.0000,411.0362,59672204
2003-03-28,419.0000,421.7500,411.0000,413.7500,408.8129,47606352
2003-03-31,411.3000,411.3000,398.0000,401.2500,396.4622,62457184
2003-04-01,404.0000,415.7500,402.1000,415.5000,410.5421,52134176
2003-04-02,416.5000,426.5000,404.2500,406.2500,401.4024,95041880
2003-04-03,405.0000,413.5000,403.5000,407.0000,402.1436,65047656
2003-04-04,406.5000,423.0000,404.5000,416.5000,411.5300,0
2003-04-07,420.0000,432.2000,420.0000,421.0000,415.9765,62715528
2003-04-08,418.0000,419.3000,408.5000,411.2500,406.3427,70462584
2003-04-09,411.0000,416.2500,408.2500,411.7500,406.8368,52779540
2003-04-10,409.7500,412.7000,403.7500,405.7500,400.9084,57621616
2003-04-11,405.5000,411.7500,404.7500,404.7500,399.9202,43412992
2003-04-14,403.5000,411.0000,403.5000,408.5000,403.6256,36391908
2003-04-15,410.5000,420.7500,410.0000,414.5000,409.5540,0
2003-04-16,418.0000,420.5000,404.4000,407.0000,402.1436,54351156
2003-04-17,405.0000,414.7500,401.7500,407.5000,402.6375,49375832
2003-04-18,407.5000,414.7500,401.7500,407.5000,402.6375,0
2003-04-21,407.5000,414.7500,401.7500,407.5000,402.6375,0
2003-04-22,412.7500,414.3000,407.5000,413.7500,408.8129,32227930
2003-04-23,422.5000,423.0000,410.0000,412.5000,407.5779,46824492
2003-04-24,410.0000,414.5000,403.2500,406.0000,401.1555,53894680
2003-04-25,408.0000,410.0000,392.0000,395.0000,390.2868,84431384
2003-04-28,395.5000,403.5000,393.5000,403.0000,398.1911,67491456
2003-04-29,406.0000,408.0000,397.0000,399.7500,394.9799,60885416
2003-04-30,398.5000,401.5000,392.7000,396.5000,391.7687,85516256
2003-05-01,397.0000,403.0000,393.8000,395.0000,390.2868,21546616
2003-05-02,397.8000,405.2500,395.5000,405.2500,400.4144,47203380
2003-05-05,405.2500,405.2500,405.2500,405.2500,400.4144,0
2003-05-06,407.8000,417.7500,405.0000,410.7500,405.8487,64961472
2003-05-07,410.5000,420.3000,408.5000,413.5000,408.5659,67133312
2003-05-08,413.0000,414.5000,405.5000,408.0000,403.1316,65043000
2003-05-09,410.0000,412.6000,402.7500,410.0000,405.1077,50073076
2003-05-12,413.0000,417.5000,409.0000,416.5000,411.5300,44653744
2003-05-13,417.2500,419.7500,411.6000,415.7500,410.7890,56142064
2003-05-14,415.5000,420.2500,406.2500,407.2500,402.4288,0
2003-05-15,410.0000,416.3000,406.2500,413.5000,408.6046,38455028
2003-05-16,415.5000,420.0000,412.5000,414.5000,409.5930,49653020
2003-05-19,412.0000,414.3000,405.0000,407.5000,402.6758,40156940
2003-05-20,406.3000,416.0000,406.2500,414.2500,409.3458,70020576
2003-05-21,412.0000,413.0000,406.0000,410.2500,405.3932,44030792
2003-05-22,416.5000,420.8000,413.0000,418.5000,413.5454,63802564
2003-05-23,414.5000,417.7000,409.5000,415.2500,410.3340,33135188
2003-05-26,415.2500,415.2500,415.2500,415.2500,410.3340,0
2003-05-27,416.5000,425.3000,408.2500,423.5000,418.4864,50812384
2003-05-28,425.5000,430.2500,423.8000,428.0000,422.9331,46902340
2003-05-29,426.0000,429.0000,421.3000,424.0000,418.9804,31823296
2003-05-30,420.3000,426.2500,418.0000,418.0000,413.0515,74430112
2003-06-02,424.0000,429.4000,420.5000,428.7500,423.6742,49556496
2003-06-03,425.5000,432.7500,423.2500,430.7500,425.6505,0
2003-06-04,430.7500,439.9000,430.7500,436.5000,431.3324,49497044
2003-06-05,438.0000,438.0000,426.5000,429.2500,424.1683,54512516
2003-06-06,431.0000,439.0000,428.0000,429.5000,424.4153,68310704
2003-06-09,428.8000,431.0000,424.0000,429.0000,423.9212,36172236
2003-06-10,428.0000,436.2500,427.5000,432.2500,427.1326,0
2003-06-11,434.0000,442.2500,433.8000,439.0000,433.8029,72062752
2003-06-12,440.5000,451.5000,440.5000,446.0000,440.7200,58456768
2003-06-13,444.0000,446.2500,437.8000,439.0000,433.8029,41676448
2003-06-16,435.0000,442.0000,433.5000,438.0000,432.8148,43000600
2003-06-17,441.0000,441.0000,428.7500,433.2500,428.1209,81805128
2003-06-18,432.0000,441.2500,428.2500,438.0000,432.8148,54974592
2003-06-19,437.5000,438.6000,427.5000,429.2500,424.1683,66402788
2003-06-20,430.0000,437.5000,429.5000,434.0000,428.8621,51181048
2003-06-23,439.3000,439.3000,430.0000,431.2500,426.1446,45951900
2003-06-24,430.0000,433.4000,426.2500,427.5000,422.4390,45289928
2003-06-25,429.0000,429.5000,420.7500,424.5000,419.4745,59649028
2003-06-26,424.0000,427.5000,420.2500,420.5000,415.5218,41626196
2003-06-27,423.5000,423.5000,414.7000,423.5000,418.4864,50618992
2003-06-30,421.5000,428.5000,419.0000,420.2500,415.2748,54801360
2003-07-01,421.0000,422.0000,411.2500,411.7500,406.8755,50469944
2003-07-02,416.5000,419.2500,409.5000,412.5000,407.6166,75650216
2003-07-03,414.0000,414.0000,403.4000,410.2500,405.3932,90329072
2003-07-04,409.0000,413.7500,407.0000,411.7500,406.8755,32497804
2003-07-07,412.0000,418.7500,412.0000,417.5000,412.5575,41487040
2003-07-08,418.0000,418.0000,408.2000,413.5000,408.6046,48166032
2003-07-09,414.2500,414.6000,406.5000,410.0000,405.1461,60178788
2003-07-10,410.0000,410.0000,403.3000,404.2500,399.4643,62310872
2003-07-11,403.2500,409.7000,403.0000,406.7500,401.9347,67533328
2003-07-14,408.5000,412.0000,405.3000,410.5000,405.6403,63824120
2003-07-15,409.0000,411.0000,403.0000,404.2500,399.4643,75402960
2003-07-16,406.0000,409.3000,403.2500,405.2500,400.4525,88352656
2003-07-17,405.0000,414.5000,405.0000,411.2500,406.3813,81090560
2003-07-18,413.7500,415.6000,411.0000,414.2500,409.3458,79813160
2003-07-21,417.5000,422.2500,414.7500,415.0000,410.0871,0
2003-07-22,415.8000,419.0000,413.5000,419.0000,414.0397,46158808
2003-07-23,420.3000,422.5000,417.5000,419.0000,414.0397,39861864
2003-07-24,419.0000,425.3000,417.0000,423.0000,417.9923,36443136
2003-07-25,420.0000,420.3000,412.7500,416.0000,411.0753,56059840
2003-07-28,419.7500,424.0000,418.2500,422.7500,417.7451,0
2003-07-29,423.5000,428.5000,414.5000,419.5000,414.5337,0
2003-07-30,420.5000,424.0000,419.5000,422.7500,417.7451,56784168
2003-07-31,425.0000,427.7000,419.5000,426.0000,420.9568,53192980
2003-08-01,424.0000,424.7500,416.6000,417.5000,412.5575,37978028
2003-08-04,418.3000,424.0000,417.7500,420.5000,415.5218,35951992
2003-08-05,422.5000,430.5000,420.5000,427.2500,422.1919,0
2003-08-06,425.0000,425.0000,418.4000,421.0000,416.0158,41175236
2003-08-07,423.0000,425.2500,419.0000,425.2500,420.2155,43378584
2003-08-08,429.0000,436.9000,425.1000,435.7500,430.5912,57348976
2003-08-11,435.0000,444.5000,435.0000,441.5000,436.2733,52507484
2003-08-12,443.5000,449.5000,438.5000,438.7500,433.5559,51890416
2003-08-13,436.7500,438.7500,430.5000,434.0000,428.9015,45218081
2003-08-14,433.8000,441.2500,432.0000,440.5000,435.3251,41385248
2003-08-15,440.5000,444.2500,433.3000,436.2500,431.1251,27350740
2003-08-18,435.3000,442.5000,434.0000,442.5000,437.3016,30761896
2003-08-19,442.0000,444.5000,435.7500,436.7500,431.6192,0
2003-08-20,435.0000,438.2500,432.5000,435.0000,429.8899,30313228
2003-08-21,437.0000,439.5000,434.2500,436.0000,430.8780,48957256
2003-08-22,436.0000,438.7500,432.7500,437.0000,431.8662,34445476
2003-08-25,437.0000,437.0000,437.0000,437.0000,431.8662,0
2003-08-26,437.0000,439.0000,431.0000,432.0000,426.9251,30949664
2003-08-27,434.7500,437.4000,432.0000,436.5000,431.3721,42355144
2003-08-28,437.5000,438.7500,433.5000,437.0000,431.8662,0
2003-08-29,438.2500,440.0000,428.9000,429.0000,423.9603,46867896
2003-09-01,433.5000,438.2500,429.1000,433.2500,428.1603,31361212
2003-09-02,434.5000,440.0000,434.0000,437.0000,431.8662,51187344
2003-09-03,442.2500,453.5000,441.0000,448.5000,443.2312,0
2003-09-04,448.3000,451.0000,446.5000,447.5000,442.2430,43711960
2003-09-05,446.5000,447.7500,438.7500,441.5000,436.3135,0
2003-09-08,439.5000,450.6000,439.5000,449.5000,444.2195,33507844
2003-09-09,449.5000,449.7500,441.0000,442.5000,437.3016,30803824
2003-09-10,442.5000,443.5000,437.5000,441.0000,435.8192,38246192
2003-09-11,439.5000,443.7500,435.7500,443.0000,437.7958,42418640
2003-09-12,444.3000,447.5000,438.7500,438.7500,433.5957,37167320
2003-09-15,440.5000,442.5000,434.7500,436.0000,430.8780,38283060
2003-09-16,439.0000,440.7500,433.0000,440.0000,434.8310,39074316
2003-09-17,444.0000,444.5000,436.9000,437.7500,432.6075,44090656
2003-09-18,436.5000,438.6000,427.1000,429.2500,424.2075,76317128
2003-09-19,431.0000,432.0000,421.5000,422.0000,417.0424,0
2003-09-22,421.0000,427.9000,417.2500,422.7500,417.7836,46723756
2003-09-23,424.0000,425.0000,418.2000,419.0000,414.0777,54741928
2003-09-24,421.7500,429.0000,417.7500,422.7500,417.7836,0
2003-09-25,420.5000,429.5000,420.3000,426.2500,421.2426,77236448
2003-09-26,424.8000,427.0000,414.0000,415.5000,410.6188,55132272
2003-09-29,417.5000,420.7500,412.5000,415.0000,410.1248,36960020
2003-09-30,415.0000,415.5000,406.2500,413.0000,408.1481,65703516
2003-10-01,414.7500,422.0000,410.9000,422.0000,417.0424,92049512
2003-10-02,425.0000,425.2500,415.0000,420.5000,415.5602,95948104
2003-10-03,420.0000,429.7500,420.0000,428.7500,423.7131,69196360
2003-10-06,429.0000,435.0000,427.8000,432.2500,427.1721,42813240
2003-10-07,431.2500,444.0000,427.2500,432.2500,427.1721,41542360
2003-10-08,432.5000,436.6000,428.1000,430.5000,425.4426,58088528
2003-10-09,431.5000,435.0000,429.0000,435.0000,429.8899,36487096
2003-10-10,433.5000,437.7500,429.5000,433.7500,428.6544,0
2003-10-13,433.5000,443.2500,433.5000,441.7500,436.5605,0
2003-10-14,442.5000,443.3000,433.7500,435.2500,430.1369,54290916
2003-10-15,435.0000,441.0000,431.2500,432.7500,427.6663,0
2003-10-16,431.2500,437.2500,425.2000,426.5000,421.4896,65916576
2003-10-17,428.2500,434.9000,422.7500,426.2500,421.2426,56578816
2003-10-20,423.0000,429.0000,423.0000,426.5000,421.4896,60831064
2003-10-21,428.2500,430.0000,420.7100,421.2500,416.3013,43172508
2003-10-22,422.5000,426.3000,415.5000,417.7500,412.8425,58384988
2003-10-23,415.0000,415.5000,408.3000,412.5000,407.6541,50851188
2003-10-24,410.5000,414.0000,408.2500,413.5000,408.6423,50658442
2003-10-27,411.0000,414.7500,407.1500,412.5000,407.6541,97741291
2003-10-28,412.0000,416.1000,403.6900,408.5000,403.7010,82840720
2003-10-29,408.7500,412.0000,403.4900,407.2500,402.4659,78043832
2003-10-30,406.0000,415.7500,401.9500,404.7500,399.9950,109143424
2003-10-31,404.5000,412.0000,403.7500,409.0000,404.1953,63362412
2003-11-03,409.0000,419.5000,409.0000,416.2500,411.3600,48689920
2003-11-04,417.5000,421.0000,414.4000,418.5000,413.5836,43117624
2003-11-05,416.0000,418.0000,415.2500,417.5000,412.5955,56267660
2003-11-06,417.0000,420.0000,413.2500,418.0000,413.0895,55924200
2003-11-07,420.0000,425.8000,419.4200,422.2500,417.2895,61381920
2003-11-10,420.2500,425.2500,417.5000,419.0000,414.0777,36016007
2003-11-11,418.2500,421.5000,415.2500,420.5000,415.5602,40313666
2003-11-12,418.0000,419.0000,413.0000,414.7500,409.9153,37675438
2003-11-13,418.0000,419.5000,410.2500,413.2500,408.4327,54316345
2003-11-14,412.0000,423.0000,412.0000,419.2500,414.3629,62703719
2003-11-17,417.3000,420.0900,413.1700,414.0000,409.1740,45512480
2003-11-18,414.0000,415.7000,407.7500,410.5000,405.7148,52598464
2003-11-19,406.0000,416.0800,405.5000,411.7500,406.9503,60015976
2003-11-20,413.7500,413.7500,401.0000,411.7500,406.9503,44350364
2003-11-21,413.0000,414.0000,410.2500,411.2500,406.4560,43300896
2003-11-24,411.5000,418.7500,411.2500,416.0000,411.1506,144698892
2003-11-25,417.0000,418.0000,408.0000,411.7500,406.9503,58466752
2003-11-26,412.2500,417.0000,409.5000,411.0000,406.2091,41876214
2003-11-27,413.5000,414.2500,407.5000,408.2500,403.4911,31311287
2003-11-28,408.7500,410.8000,404.0000,405.7500,401.0202,56373696
2003-12-01,406.2500,413.1400,405.6500,412.5000,407.6916,48406813
2003-12-02,411.2500,415.5000,406.7500,410.0000,405.2206,79084792
2003-12-03,409.2500,413.6000,408.2400,412.0000,407.1976,79682327
2003-12-04,412.0000,414.0000,409.7500,412.7500,407.9387,43769082
2003-12-05,415.0000,418.0800,413.2500,416.0000,411.1506,47661796
2003-12-08,414.7500,419.0000,411.7500,419.0000,414.1157,46320544
2003-12-09,423.0000,429.2500,422.5000,427.0000,422.0225,86521016
2003-12-10,425.5000,430.3000,420.7500,430.0000,424.9876,67964280
2003-12-11,429.0000,429.0000,425.0000,428.5000,423.5050,56236872
2003-12-12,428.5000,435.0000,428.5000,434.0000,428.9409,42571424
2003-12-15,437.0000,437.2600,430.8600,432.5000,427.4585,41080860
2003-12-16,431.2500,435.4000,427.7500,429.5000,424.4932,46129868
2003-12-17,432.0000,439.8800,428.5000,436.7500,431.6588,73135387
2003-12-18,437.0000,449.2500,436.1000,446.7500,441.5424,99806240
2003-12-19,447.0000,454.2500,446.6000,451.7500,446.4840,73169464
2003-12-22,448.5000,455.5000,448.3000,454.2500,448.9548,35462112
2003-12-23,454.0000,454.1000,445.3600,448.5000,443.2719,48313804
2003-12-24,448.0000,453.8500,448.0000,451.0000,445.7428,6485771
2003-12-25,451.0000,451.0000,451.0000,451.0000,445.7428,0
2003-12-26,451.0000,451.0000,451.0000,451.0000,445.7428,0
2003-12-29,450.5000,454.5000,450.5000,453.7500,448.4609,14679704
2003-12-30,454.0000,456.0000,449.5000,454.5000,449.2019,14565338
2003-12-31,452.7500,458.0000,452.5000,453.0000,447.7196,5826671
2004-01-01,453.0000,453.0000,453.0000,453.0000,447.7196,0
2004-01-02,455.5000,460.5000,453.2500,454.7500,449.4490,20692624
2004-01-05,455.0000,455.0000,447.1040,454.7500,449.4490,56258848
2004-01-06,456.0000,458.0000,450.5000,452.7500,447.4725,40922064
2004-01-07,452.2500,454.0000,440.1000,441.2500,436.1065,78512912
2004-01-08,443.5000,446.9700,439.0500,442.5000,437.3418,50984290
2004-01-09,439.0000,439.3000,431.2500,434.2500,429.1880,130230400
2004-01-12,434.5000,445.7500,434.5000,441.2500,436.1065,92336174
2004-01-13,445.0000,447.5000,442.2500,443.5000,438.3301,59890461
2004-01-14,443.0000,443.0000,433.2500,435.0000,429.9294,69308320
2004-01-15,435.0000,438.1000,431.5000,436.5000,431.4117,66637128
2004-01-16,434.5000,436.5000,428.5000,433.0000,427.9525,0
2004-01-19,437.5000,445.9400,436.3000,442.5000,437.3418,42710344
2004-01-20,442.0000,446.0000,434.8000,438.2500,433.1414,81447568
2004-01-21,440.0000,450.7000,440.0000,448.2500,443.0248,76505472
2004-01-22,450.0000,451.0000,441.0000,442.5000,437.3418,54146704
2004-01-23,443.3000,443.2500,434.0000,438.5000,433.3885,65924192
2004-01-26,440.8000,440.7500,432.2500,434.5000,429.4351,55893712
2004-01-27,438.0000,441.7500,435.0000,436.7500,431.6588,74999488
2004-01-28,434.0000,441.5000,433.3000,439.5000,434.3767,95967568
2004-01-29,435.2500,437.7500,430.7500,434.2500,429.1880,67171833
2004-01-30,435.0000,436.1500,428.2500,428.2500,423.2580,80230081
2004-02-02,432.0000,432.2500,423.5000,426.5000,421.5284,51856152
2004-02-03,429.0000,429.0000,420.2500,425.2500,420.2928,56627690
2004-02-04,427.0000,430.0000,421.8270,428.7500,423.7520,87393935
2004-02-05,428.0000,429.5000,420.8000,423.0000,418.0692,45889680
2004-02-06,424.0000,424.0000,416.1500,421.0000,416.0924,52957551
2004-02-09,424.0000,426.7500,420.7500,426.7500,421.7755,63679852
2004-02-10,413.5000,417.0000,407.7500,416.0000,411.1506,202375456
2004-02-11,417.0000,422.8000,410.4000,414.5000,409.6682,89776472
2004-02-12,416.5000,416.5000,406.5000,413.5000,408.6799,69523747
2004-02-13,413.5000,419.2500,412.0000,415.5000,410.6567,43028844
2004-02-16,416.5000,421.0000,414.9000,418.5000,413.6216,23224540
2004-02-17,418.7500,422.3500,417.7000,420.7500,415.8452,96959728
2004-02-18,418.2500,420.0000,415.0000,415.5000,410.6924,66267408
2004-02-19,417.0000,420.7600,413.0000,418.5000,413.6577,69480488
2004-02-20,418.0000,427.3700,417.2500,424.5000,419.5882,90554976
2004-02-23,428.0000,432.5000,423.5000,424.5000,419.5882,57533700
2004-02-24,425.0000,428.3100,418.5000,421.2500,416.3758,83792646
2004-02-25,422.5000,425.8000,421.0000,424.7500,419.8354,43941404
2004-02-26,426.5000,433.8000,426.5000,433.0000,427.9899,75765840
2004-02-27,434.0000,438.5900,432.0000,432.7500,427.7429,72286713
2004-03-01,435.0000,440.5000,432.5000,440.0000,434.9089,44605378
2004-03-02,443.7500,445.0000,441.0000,444.5000,439.3567,105920688
2004-03-03,445.0000,450.6000,433.2500,445.0000,439.8510,104856208
2004-03-04,445.7500,449.3000,442.0000,449.0000,443.8047,69045632
2004-03-05,448.5000,450.6000,442.7500,445.0000,439.8510,79628480
2004-03-08,445.2500,447.7500,445.0000,446.5000,441.3337,37854888
2004-03-09,443.5000,447.2500,441.0000,444.5000,439.3567,60673405
2004-03-10,445.0000,456.0000,443.3000,454.5000,449.2412,90668760
2004-03-11,451.0000,453.0000,445.7500,448.5000,443.3104,129068299
2004-03-12,445.0000,447.0000,436.5000,445.7500,440.5923,76479244
2004-03-15,447.0000,452.7500,444.0000,448.0000,442.8163,66637712
2004-03-16,449.0000,453.0000,446.5000,449.0000,443.8047,65195522
2004-03-17,450.0000,452.8000,444.2500,452.5000,447.2643,58008864
2004-03-18,452.0000,457.6600,446.2500,446.7500,441.5809,100634514
2004-03-19,450.0000,457.0000,448.0000,452.5000,447.2643,87102640
2004-03-22,449.2500,449.7000,438.7000,440.0000,434.9089,58569892
2004-03-23,437.5000,440.2500,435.0000,435.0000,429.9667,49705916
2004-03-24,437.0000,441.7500,436.0000,437.5000,432.4378,45889396
2004-03-25,439.0000,444.2200,433.7500,435.5000,430.4610,45500668
2004-03-26,437.7500,437.8000,431.5000,435.5000,430.4610,46303768
2004-03-29,442.0000,446.5000,435.5000,445.0000,439.8510,45359036
2004-03-30,447.5000,458.0000,447.0000,457.0000,451.7122,113965780
2004-03-31,459.0000,465.7500,455.8000,456.0000,450.7238,82112400
2004-04-01,457.0000,458.5610,451.1900,455.5000,450.2295,60760139
2004-04-02,453.0000,465.0000,451.3500,463.2500,457.8899,65350715
2004-04-05,465.0000,478.8000,465.0000,478.0000,472.4690,72547704
2004-04-06,478.0000,486.5000,475.8000,478.5000,472.9634,79100536
2004-04-07,476.0000,483.2000,472.6000,481.0000,475.4346,70904440
2004-04-08,481.0000,486.0000,479.2500,482.2500,476.6702,58242151
2004-04-09,482.2500,482.2500,482.2500,482.2500,476.6702,0
2004-04-12,482.2500,482.2500,482.2500,482.2500,476.6702,0
2004-04-13,483.0000,494.3980,483.0000,490.2500,484.5775,66681708
2004-04-14,488.5000,491.0000,484.3000,488.0000,482.3535,46102396
2004-04-15,488.0000,500.5000,487.0000,499.0000,493.2261,71915326
2004-04-16,498.0000,499.9980,491.0160,497.0000,491.2493,52775652
2004-04-19,494.0000,494.5000,486.5000,492.0000,486.3071,31111956
2004-04-20,493.7500,494.0000,487.2500,489.0000,483.3419,42190101
2004-04-21,484.0000,497.1000,480.5000,484.7500,479.1410,57552704
2004-04-22,485.0000,491.7000,480.0200,489.5000,483.8362,36019052
2004-04-23,493.0000,495.0000,488.5000,491.0000,485.3188,42565928
2004-04-26,490.5000,495.0000,487.0000,488.0000,482.3535,22666920
2004-04-27,495.0000,495.8000,482.5000,491.5000,485.8131,78400512
2004-04-28,496.0000,502.8000,493.3000,494.2500,488.5313,77291864
2004-04-29,493.7500,496.2870,489.0000,489.5000,483.8362,64202360
2004-04-30,485.5000,490.5000,483.7500,487.5000,481.8592,55338320
2004-05-03,487.5000,487.5000,487.5000,487.5000,481.8592,0
2004-05-04,492.0000,496.0000,488.5000,492.2500,486.5544,61387188
2004-05-05,492.0000,499.5000,407.5000,498.0000,492.2379,75888377
2004-05-06,499.0000,508.2500,499.0000,499.7500,493.9676,87274133
2004-05-07,501.0000,502.1500,495.8000,500.5000,494.7087,58026720
2004-05-10,495.0000,499.6300,487.0000,487.2500,481.6123,76654224
2004-05-11,487.0000,491.5000,480.0000,490.5000,484.8245,63897812
2004-05-12,490.5000,491.7560,483.5000,485.5000,479.9197,51814473
2004-05-13,486.5000,495.7500,486.0000,494.2500,488.5691,51834247
2004-05-14,492.0000,496.8000,491.0000,495.7500,490.0520,47883516
2004-05-17,490.0000,496.2000,489.0000,493.5000,487.8277,44528208
2004-05-18,493.0000,493.0000,481.0360,483.2500,477.6957,72811080
2004-05-19,482.7500,485.5000,477.5000,485.5000,479.9197,74163984
2004-05-20,484.0000,485.6000,480.0000,483.5000,477.9430,28924937
2004-05-21,482.7500,482.8000,477.5220,478.7500,473.2471,31612540
2004-05-24,475.2500,483.7000,475.2500,482.2500,476.7070,43745488
2004-05-25,482.5000,495.0000,482.5000,492.5000,486.8393,70660652
2004-05-26,495.0000,498.8890,491.3000,494.0000,488.3221,67652680
2004-05-27,489.0000,493.8000,483.5000,484.0000,478.4370,76514848
2004-05-28,484.5000,486.0000,475.5000,477.7500,472.2588,63298988
2004-05-31,477.7500,477.7500,477.7500,477.7500,472.2588,0
2004-06-01,483.0000,485.8000,480.2500,482.0000,476.4599,61665120
2004-06-02,483.7500,493.1000,483.0000,487.5000,481.8967,76449760
2004-06-03,487.5000,492.3030,486.5300,489.0000,483.3795,69138665
2004-06-04,488.5000,488.5000,483.3800,484.5000,478.9311,54680962
2004-06-07,488.0000,490.0000,485.7500,488.7500,483.1323,40626346
2004-06-08,488.7500,495.8000,487.5200,492.2500,486.5922,55357772
2004-06-09,487.0000,492.2500,479.2500,480.7500,475.2242,83849872
2004-06-10,480.7500,484.0000,479.7500,481.5000,475.9655,56800856
2004-06-11,482.2500,486.2000,475.7500,482.5000,476.9541,28610950
2004-06-14,482.5000,484.0000,476.2500,478.0000,472.5058,33858816
2004-06-15,478.2500,488.6000,476.5000,483.2500,477.6957,35934508
2004-06-16,482.5000,492.5000,481.2860,490.5000,484.8621,35213921
2004-06-17,491.0000,496.8000,488.8500,490.5000,484.8621,45692744
2004-06-18,489.5000,498.2000,486.4000,496.0000,490.2990,59389604
2004-06-21,494.0000,495.0000,488.5560,490.2500,484.6151,29531088
2004-06-22,489.2500,490.5000,485.5000,486.7500,481.1553,44653025
2004-06-23,489.0000,493.2500,487.0000,492.5000,486.8393,41643032
2004-06-24,496.7500,499.5000,492.0000,496.2500,490.5459,0
2004-06-25,495.0000,497.9100,490.2500,491.0000,485.3564,41155954
2004-06-28,490.0000,498.5900,485.0000,490.5000,484.8621,48367000
2004-06-29,492.7500,498.2500,490.3000,494.0000,488.3221,64423713
2004-06-30,492.5000,493.2000,487.0000,487.0000,481.4025,59794236
2004-07-01,488.7500,492.7500,484.0000,485.0000,479.4254,55735000
2004-07-02,486.0000,489.8750,480.7500,481.0000,475.4714,38809820
2004-07-05,481.5000,484.1000,479.2500,482.5000,476.9541,15793586
2004-07-06,483.2500,490.6790,482.5000,486.0000,480.4140,57821097
2004-07-07,486.0000,489.0000,480.7500,481.0000,475.4714,55825490
2004-07-08,480.0000,487.5000,475.8950,487.0000,481.4025,61356444
2004-07-09,487.5000,497.7500,486.3000,497.0000,491.2875,70621568
2004-07-12,494.5000,496.3200,489.5000,490.5000,484.8621,34030297
2004-07-13,491.0000,492.0000,485.3000,486.2500,480.6610,26987268
2004-07-14,486.0000,489.2500,482.0000,488.0000,482.3909,30019932
2004-07-15,488.7500,494.0000,488.0000,492.0000,486.3450,42481585
2004-07-16,492.0000,496.5000,491.5000,495.0000,489.3105,47736346
2004-07-19,495.2500,497.7500,492.2500,494.5000,488.8161,34138267
2004-07-20,493.7500,495.0000,489.2500,494.5000,488.8161,17607200
2004-07-21,498.0000,498.0700,484.0000,496.0000,490.2990,59380608
2004-07-22,492.0000,493.0000,488.0000,488.0000,482.3909,38836343
2004-07-23,489.5000,493.7100,488.5000,491.0000,485.3564,38908961
2004-07-26,490.5000,493.0000,488.2500,489.7500,484.1209,24780359
2004-07-27,486.0000,489.5000,482.5000,488.7500,483.1323,54127264
2004-07-28,491.0000,497.7500,490.3000,497.7500,492.0289,89688241
2004-07-29,499.0000,516.5500,497.7000,513.7500,507.8448,83722472
2004-07-30,514.2500,522.6750,506.0000,516.0000,510.0692,111494256
2004-08-02,515.5000,516.4110,510.4770,512.2500,506.3622,93859936
2004-08-03,514.5000,523.0000,513.9000,521.0000,515.0118,80830864
2004-08-04,519.0000,522.0000,512.8000,514.0000,508.0923,51175419
2004-08-05,512.5000,517.0000,510.2500,511.7500,505.8680,114366796
2004-08-06,510.0000,514.9850,499.0000,499.5000,493.7588,154119764
2004-08-09,498.5000,502.5000,495.5000,501.2500,495.4886,113851592
2004-08-10,501.2500,508.0000,500.0000,507.0000,501.1724,52494368
2004-08-11,505.5000,505.5000,493.0000,494.5000,488.8534,45846208
2004-08-12,495.0000,499.2500,494.5000,497.5000,491.8192,55832258
2004-08-13,494.7500,498.5000,487.0000,487.2500,481.6862,40684612
2004-08-16,492.0000,494.2500,487.1000,493.5000,487.8648,31734440
2004-08-17,492.2500,495.0000,487.9100,490.5000,484.8991,36038550
2004-08-18,488.0000,492.2500,484.2500,490.5000,484.8991,37281789
2004-08-19,492.0000,494.0000,484.0000,487.0000,481.4393,61596879
2004-08-20,486.0000,492.0000,484.7700,489.5000,483.9106,49410162
2004-08-23,488.5000,495.0000,485.0210,488.7500,483.1691,37544332
2004-08-24,489.0000,489.0000,481.5000,484.5000,478.9675,60687384
2004-08-25,484.0000,486.3100,480.3900,483.0000,477.4848,49788672
2004-08-26,485.5000,486.7500,482.5000,485.0000,479.4620,43334082
2004-08-27,486.0000,497.9800,486.0000,497.0000,491.3248,47064370
2004-08-30,497.0000,497.0000,497.0000,497.0000,491.3248,0
2004-08-31,493.0000,499.1000,492.7500,492.7500,487.1235,43276127
2004-09-01,497.0000,504.0000,496.3000,503.5000,497.7507,46411564
2004-09-02,508.7500,508.8000,502.4900,505.7500,499.9749,48793846
2004-09-03,506.7500,507.8200,502.7500,506.2500,500.4695,47940941
2004-09-06,507.2500,509.2500,502.5000,504.5000,498.7393,26350874
2004-09-07,503.0000,505.7500,498.2500,504.2500,498.4920,50695001
2004-09-08,505.7500,508.7500,500.0000,505.0000,499.2336,59993802
2004-09-09,504.7500,508.7500,502.9000,506.0000,500.2221,54429164
2004-09-10,509.0000,514.0600,507.2500,509.2500,503.4351,64446814
2004-09-13,508.2500,512.1900,505.0000,507.5000,501.7049,40809534
2004-09-14,508.0000,509.0000,505.2500,507.0000,501.2107,40422370
2004-09-15,507.0000,519.2400,502.0000,511.5000,505.6595,52473922
2004-09-16,513.2500,516.0700,509.5000,511.0000,505.1651,58326874
2004-09-17,511.0000,522.2500,511.0000,519.5000,513.5682,78418784
2004-09-20,522.0000,531.5610,520.5000,528.5000,522.4653,117255966
2004-09-21,528.0000,539.0000,527.6000,538.0000,531.8568,93716672
2004-09-22,538.5000,540.5000,532.5000,534.0000,527.9023,70835793
2004-09-23,533.0000,538.5000,529.5000,531.5000,525.4307,75146531
2004-09-24,529.0000,537.5000,528.5000,536.0000,529.8795,43950264
2004-09-27,532.0000,534.3000,529.5000,532.0000,525.9257,38854424
2004-09-28,535.0000,545.0000,532.5000,539.0000,532.8454,142159936
2004-09-29,537.5000,543.0000,529.4000,532.0000,525.9257,110806527
2004-09-30,532.5000,533.0000,526.0000,527.5000,521.4769,115834934
2004-10-01,530.0000,541.0000,527.5000,540.0000,533.8342,53139719
2004-10-04,540.0000,546.5000,534.5000,534.5000,528.3965,67543133
2004-10-05,536.5000,551.1000,535.5000,549.0000,542.7310,113623824
2004-10-06,549.5000,558.5000,549.5000,556.5000,550.1454,124177135
2004-10-07,559.0000,561.0000,552.0000,554.5000,548.1683,109098898
2004-10-08,552.0000,559.7900,550.4000,551.5000,545.2025,103667728
2004-10-11,553.0000,556.0000,548.8980,549.5000,543.2256,59576604
2004-10-12,554.0000,554.0000,544.7500,547.5000,541.2481,42074000
2004-10-13,548.0000,549.5000,536.4000,538.0000,531.8568,61525592
2004-10-14,537.0000,546.5000,536.5400,546.0000,539.7654,63020812
2004-10-15,545.0000,547.5000,542.5000,543.5000,537.2941,50082798
2004-10-18,545.5000,549.2400,542.0000,546.0000,539.7654,35868216
2004-10-19,543.0000,548.0000,539.6500,541.5000,535.3168,42448255
2004-10-20,538.0000,542.2000,533.0000,540.0000,533.8342,80328648
2004-10-21,544.0000,549.7380,536.5000,539.0000,532.8454,35094375
2004-10-22,540.0000,552.5230,523.5000,542.0000,535.8112,36484340
2004-10-25,535.5000,540.0400,533.5000,537.5000,531.3627,64036068
2004-10-26,536.0000,537.5000,529.0000,531.0000,524.9365,64612792
2004-10-27,535.0000,540.5000,532.5000,535.5000,529.3853,123550007
2004-10-28,535.0000,539.5000,521.0000,529.5000,523.4538,138697872
2004-10-29,525.5000,531.5600,523.4300,527.5000,521.4769,106141543
2004-11-01,528.5000,538.6300,527.0000,532.0000,525.9257,45704565
2004-11-02,534.0000,535.4000,526.7400,532.5000,526.4194,111533232
2004-11-03,534.0000,538.0000,529.3500,533.0000,526.9137,85037488
2004-11-04,536.0000,542.0000,534.0000,542.0000,535.8112,64960120
2004-11-05,542.5000,544.0000,531.6000,537.5000,531.3627,60358692
2004-11-08,534.0000,550.5000,519.9000,537.0000,530.8682,32442072
2004-11-09,536.5000,543.3600,535.7200,537.5000,531.3627,44372516
2004-11-10,532.0000,540.0000,527.3500,532.0000,525.9638,74362493
2004-11-11,535.5000,536.0000,527.5000,531.0000,524.9748,62364393
2004-11-12,535.0000,535.5000,523.7500,535.5000,529.4237,72141122
2004-11-15,536.0000,541.0000,534.0000,535.5000,529.4237,60627650
2004-11-16,536.5000,540.0000,531.5000,533.5000,527.4466,71348064
2004-11-17,530.5000,536.0000,530.5000,534.5000,528.4349,56672654
2004-11-18,535.5000,539.0000,532.0000,533.5000,527.4466,52907061
2004-11-19,535.0000,542.7500,535.0000,538.0000,531.8954,54300206
2004-11-22,538.0000,538.0000,533.8500,534.5000,528.4349,26613744
2004-11-23,537.0000,538.5920,535.0000,537.5000,531.4012,34856891
2004-11-24,537.5000,541.9000,535.7000,536.0000,529.9177,35710704
2004-11-25,538.0000,550.0000,538.0000,547.5000,541.2875,26625652
2004-11-26,546.5000,547.5000,540.5000,542.0000,535.8502,24997289
2004-11-29,542.0000,549.5000,540.1000,541.0000,534.8613,42442940
2004-11-30,542.0000,544.5000,532.7000,534.0000,527.9407,46264504
2004-12-01,535.0000,537.0000,532.0000,532.0000,525.9638,38148064
2004-12-02,526.0000,544.1730,514.5000,515.5000,509.6508,97722437
2004-12-03,514.5000,516.0000,508.5000,513.0000,507.1792,99617762
2004-12-06,509.5000,518.5800,509.5000,513.0000,507.1792,58992964
2004-12-07,513.0000,519.5000,512.5000,514.0000,508.1680,54823876
2004-12-08,509.0000,512.0000,501.0000,507.0000,501.2472,80691976
2004-12-09,509.5000,515.0000,508.0000,508.5000,502.7303,49452792
2004-12-10,513.0000,514.0260,510.0000,512.5000,506.6847,41174736
2004-12-13,509.0000,512.0000,503.0000,511.0000,505.2018,60062314
2004-12-14,514.0000,514.0000,505.5000,508.5000,502.7303,36462920
2004-12-15,509.5000,513.5000,503.5000,509.0000,503.2245,122506708
2004-12-16,509.0000,511.5000,502.0000,502.0000,496.3040,55470824
2004-12-17,502.0000,508.8000,497.0000,500.5000,494.8210,62459952
2004-12-20,500.5000,507.5000,500.5000,502.5000,496.7983,36310352
2004-12-21,504.5000,509.2700,502.8600,506.0000,500.2585,56453888
2004-12-22,508.5000,517.0000,508.0000,508.5000,502.7303,57194936
2004-12-23,510.0000,514.9850,504.0000,509.5000,503.7188,102372289
2004-12-24,509.0000,514.5000,507.1000,512.5000,506.6847,69289368
2004-12-27,512.5000,512.5000,512.5000,512.5000,506.6847,0
2004-12-28,512.5000,512.5000,512.5000,512.5000,506.6847,0
2004-12-29,508.0000,512.5000,500.0000,512.0000,506.1904,154408176
2004-12-30,512.0000,513.5000,508.5000,510.5000,504.7074,145643696
2004-12-31,507.5000,512.0000,505.3500,508.0000,502.2358,3551222
2005-01-03,508.0000,508.0000,508.0000,508.0000,502.2358,0
2005-01-04,501.0000,506.5000,498.2000,505.0000,499.2697,89110096
2005-01-05,502.0000,508.0000,502.0000,504.0000,498.2812,64891042
2005-01-06,502.5000,509.5000,498.2000,509.0000,503.2245,42952368
2005-01-07,510.0000,516.3000,507.0000,509.0000,503.2245,50432160
2005-01-10,509.0000,511.5000,505.6000,510.0000,504.2132,31554992
2005-01-11,509.0000,510.0000,505.4900,508.0000,502.2358,45956456
2005-01-12,506.5000,511.0000,503.0000,506.5000,500.7528,67412503
2005-01-13,509.0000,513.5000,505.5000,513.5000,507.6734,57181016
2005-01-14,513.0000,521.0400,512.5000,516.5000,510.6394,56130508
2005-01-17,518.0000,519.0000,513.0000,516.0000,510.1451,31706584
2005-01-18,517.5000,520.0600,514.5000,518.0000,512.1226,56008285
2005-01-19,518.5000,523.0000,515.4700,517.5000,511.6282,73830097
2005-01-20,514.5000,515.0000,509.5000,512.5000,506.6847,49726208
2005-01-21,514.0000,514.5000,508.8500,512.0000,506.1904,97061664
2005-01-24,511.5000,521.7500,511.0000,519.0000,513.1109,54312148
2005-01-25,517.0000,523.9000,516.8500,523.0000,517.0660,52493540
2005-01-26,525.0000,532.7000,522.5000,532.5000,526.4577,108204080
2005-01-27,531.0000,535.5000,527.5000,533.0000,526.9520,71774496
2005-01-28,534.5000,534.5000,512.4800,525.0000,519.0430,109319664
2005-01-31,526.0000,530.5000,521.5000,523.0000,517.0660,49629803
2005-02-01,527.0000,537.0000,525.4000,537.0000,530.9069,70769404
2005-02-02,537.5000,539.5000,530.0000,537.5000,531.4012,48490648
2005-02-03,537.5000,538.8000,531.0000,534.0000,527.9407,131362256
2005-02-04,534.5000,540.0000,532.0000,538.0000,531.8954,47661323
2005-02-07,540.5000,546.0000,538.0000,544.0000,537.8274,56475008
2005-02-08,547.0000,550.5000,541.0000,547.0000,540.7929,163717393
2005-02-09,545.0000,552.2400,542.3600,549.0000,542.7706,137303568
2005-02-10,548.0000,556.0000,546.0000,555.0000,548.7024,60715530
2005-02-11,554.0000,558.9520,547.9020,555.0000,548.7024,128262896
2005-02-14,554.5000,556.0000,546.8000,550.5000,544.2537,42511476
2005-02-15,551.0000,552.0000,547.0000,551.0000,544.7479,55211995
2005-02-16,547.5000,558.0000,545.0000,555.0000,548.7474,66719300
2005-02-17,559.0000,566.5000,557.5000,557.5000,551.2194,62100752
2005-02-18,554.5000,558.0000,551.5000,555.0000,548.7474,73039903
2005-02-21,555.5000,559.0000,553.5000,558.5000,552.2079,16703986
2005-02-22,556.0000,560.5000,551.0000,560.5000,554.1853,53272012
2005-02-23,555.5000,558.7370,550.5000,556.5000,550.2307,0
2005-02-24,557.0000,562.0000,555.0000,555.5000,549.2416,112249898
2005-02-25,559.0000,573.7360,557.4000,568.0000,561.6007,76002056
2005-02-28,567.0000,576.4400,562.0000,562.0000,555.6685,77160444
2005-03-01,563.0000,566.5000,556.0000,559.0000,552.7025,117717312
2005-03-02,557.5000,571.8570,554.0000,562.0000,555.6685,105687664
2005-03-03,564.0000,573.5000,555.2000,569.0000,562.5898,76455312
2005-03-04,573.0000,576.0000,567.5000,576.0000,569.5107,61333822
2005-03-07,576.5000,579.6000,568.2500,570.0000,563.5785,42539064
2005-03-08,571.5000,571.5000,567.0000,570.0000,563.5785,53916156
2005-03-09,573.0000,574.5000,568.2500,569.5000,563.0840,54854425
2005-03-10,557.5000,560.5000,552.9000,557.0000,550.7249,82421888
2005-03-11,556.0000,564.0000,555.0000,560.0000,553.6912,50357568
2005-03-14,559.5000,565.0000,556.7500,561.5000,555.1744,47663356
2005-03-15,563.0000,569.3000,561.5000,567.0000,560.6124,33147076
2005-03-16,560.0000,562.5000,556.0000,560.5000,554.1853,53081316
2005-03-17,560.0000,565.5000,558.0000,558.5000,552.2079,49175882
2005-03-18,561.5000,568.5000,561.0000,565.0000,558.6348,56071326
2005-03-21,567.0000,570.0000,565.5000,567.0000,560.6124,52081339
2005-03-22,567.0000,570.0000,560.0000,566.5000,560.1177,90517882
2005-03-23,559.0000,563.5000,554.5000,555.5000,549.2416,89634974
2005-03-24,550.0000,553.1040,546.7880,551.0000,544.7925,69305920
2005-03-25,551.0000,551.0000,551.0000,551.0000,544.7925,0
2005-03-28,551.0000,551.0000,551.0000,551.0000,544.7925,0
2005-03-29,555.9000,556.3000,545.1300,556.0000,549.7363,2787573
2005-03-30,549.0000,554.5000,546.8000,547.0000,540.8373,93752416
2005-03-31,553.5000,553.5000,546.5000,548.5000,542.3207,51891225
2005-04-01,550.0000,558.0000,548.5000,552.0000,545.7812,118343672
2005-04-04,559.5000,563.1100,554.2000,559.5000,553.1968,42593164
2005-04-05,558.5000,564.0000,556.7000,563.0000,556.6573,72135792
2005-04-06,561.0000,563.5460,556.5000,560.0000,553.6912,108317592
2005-04-07,563.0000,570.0000,560.0000,570.0000,563.5785,63814319
2005-04-08,567.5000,570.0000,562.5000,564.5000,558.1407,55108364
2005-04-11,560.0000,568.3610,557.5000,560.0000,553.6912,110607352
2005-04-12,560.0000,562.5000,554.3000,555.5000,549.2416,109716176
2005-04-13,554.0000,555.5000,546.0000,547.0000,540.8373,154565328
2005-04-14,541.0000,545.0000,535.7000,540.0000,533.9164,141507472
2005-04-15,536.5000,539.5000,530.0000,530.0000,524.0292,66914471
2005-04-18,522.5000,524.5000,516.0000,523.0000,517.1084,85340376
2005-04-19,524.0000,530.0000,519.5000,528.5000,522.5460,75371928
2005-04-20,531.5000,535.5700,523.9800,527.5000,521.5574,55183732
2005-04-21,523.0000,529.3600,521.5000,524.5000,518.5914,50238760
2005-04-22,530.0000,534.0000,527.5000,532.0000,526.0070,41688200
2005-04-25,532.5000,542.0000,532.5000,539.0000,532.9277,37997396
2005-04-26,548.0000,550.0000,539.0000,543.0000,536.8828,77677104
2005-04-27,539.5000,542.7000,531.0000,532.0000,526.0070,70521520
2005-04-28,531.5000,539.0000,529.3600,532.5000,526.5009,86634904
2005-04-29,532.0000,539.1000,524.3000,534.0000,527.9840,50670280
2005-05-02,534.0000,534.0000,534.0000,534.0000,527.9840,0
2005-05-03,539.0000,544.5000,536.5000,538.5000,532.4333,73369731
2005-05-04,536.0000,540.7000,533.2000,539.0000,532.9277,50027184
2005-05-05,541.5000,547.5000,540.0000,545.0000,538.8600,34763478
2005-05-06,547.0000,550.0000,544.0000,548.5000,542.3207,36403144
2005-05-09,545.5000,548.5000,543.0000,545.5000,539.3547,35160060
2005-05-10,548.5000,549.1200,539.0000,546.5000,540.3430,47509304
2005-05-11,542.5000,545.0000,535.5000,537.0000,530.9935,50933800
2005-05-12,537.5000,541.0000,533.5000,535.0000,529.0161,49152104
2005-05-13,530.0000,533.0000,526.0000,533.0000,527.0383,70293744
2005-05-16,528.5000,533.0000,527.0000,528.0000,522.0943,47744203
2005-05-17,530.0000,535.0680,528.5000,533.5000,527.5328,48497770
2005-05-18,537.0000,547.0000,536.5000,542.0000,535.9379,70432704
2005-05-19,541.0000,547.6700,539.5000,544.5000,538.4097,66065776
2005-05-20,546.5000,548.3300,543.0000,543.0000,536.9266,46725489
2005-05-23,546.5000,546.5000,541.5000,544.0000,537.9154,32742444
2005-05-24,544.5000,548.0500,543.9100,547.0000,540.8814,42058520
2005-05-25,547.0000,553.0000,545.5000,552.0000,545.8256,49619350
2005-05-26,554.5000,563.9000,552.0000,560.5000,554.2305,48727100
2005-05-27,558.5000,560.5000,552.0000,557.0000,550.7697,35824015
2005-05-30,557.0000,557.0000,557.0000,557.0000,550.7697,0
2005-05-31,560.0000,561.5000,551.0000,551.0000,544.8370,53975975
2005-06-01,553.5000,562.5000,551.6000,562.0000,555.7137,46245344
2005-06-02,561.5000,567.5000,558.8000,563.0000,556.7025,52629852
2005-06-03,562.0000,564.0000,558.5000,561.0000,554.7250,37379957
2005-06-06,562.5000,566.5000,558.0000,558.0000,551.7585,52945964
2005-06-07,558.0000,563.0000,556.0000,562.5000,556.2081,40272541
2005-06-08,559.0000,563.1000,558.5000,562.0000,555.7137,36062888
2005-06-09,558.5000,564.5000,555.0000,563.5000,557.1971,42348801
2005-06-10,568.0000,576.0000,567.6500,573.0000,566.5911,70232224
2005-06-13,571.0000,580.8900,570.5000,578.0000,571.5349,42127056
2005-06-14,577.0000,582.1700,556.0000,577.0000,570.5461,51232368
2005-06-15,578.0000,579.1000,572.0000,574.0000,567.5796,50436773
2005-06-16,574.0000,578.5000,570.6000,577.5000,571.0406,42996372
2005-06-17,577.5000,600.0000,577.5000,586.5000,579.9397,93048816
2005-06-20,587.5000,594.5000,587.5000,590.5000,583.8952,44843632
2005-06-21,591.5000,593.0000,585.5000,586.5000,579.9397,38011884
2005-06-22,582.0000,588.0000,581.0000,584.5000,577.9622,38959812
2005-06-23,582.0000,589.0000,580.2500,587.5000,580.9287,51924684
2005-06-24,585.0000,590.8100,583.5000,585.0000,578.4567,44875204
2005-06-27,581.0000,586.5000,580.0000,584.0000,577.4678,56125035
2005-06-28,587.0000,595.0000,581.9200,595.0000,588.3450,77229383
2005-06-29,591.5000,592.6000,580.5000,587.0000,580.4340,46756740
2005-06-30,586.0000,587.5000,581.0000,581.0000,574.5016,70127134
2005-07-01,581.0000,594.0000,580.1600,594.0000,587.3560,47153324
2005-07-04,595.5000,618.0000,595.5000,617.0000,610.0988,65909224
2005-07-05,614.5000,623.1500,612.5800,622.5000,615.5372,87580588
2005-07-06,627.0000,637.2000,626.5000,630.0000,622.9535,103310632
2005-07-07,626.0000,628.0000,600.0000,621.5000,614.5485,120983616
2005-07-08,628.0000,642.0000,622.5000,641.5000,634.3248,69595744
2005-07-11,637.0000,641.0000,630.8000,634.0000,626.9090,82785496
2005-07-12,627.0000,634.0000,619.5000,619.5000,612.5707,130305160
2005-07-13,621.0000,628.0000,616.9160,621.5000,614.5485,71115592
2005-07-14,624.5000,629.5000,622.0000,625.5000,618.5036,59881656
2005-07-15,618.5000,622.5520,613.0000,618.5000,611.5821,121990088
2005-07-18,620.0000,625.5000,618.1600,623.0000,616.0317,65281864
2005-07-19,625.5000,638.1380,623.6000,629.0000,621.9646,115200496
2005-07-20,630.5000,636.5000,619.8000,625.0000,618.0094,120445108
2005-07-21,628.5000,628.7600,612.5000,618.5000,611.5821,86587566
2005-07-22,616.5000,629.4000,615.5000,626.0000,618.9982,50972704
2005-07-25,633.0000,645.7100,631.5000,642.5000,635.3135,70198488
2005-07-26,643.0000,643.0000,628.5000,629.5000,622.4589,71622376
2005-07-27,628.0000,633.0000,626.5000,630.0000,622.9535,77134591
2005-07-28,634.0000,637.0000,624.8800,630.5000,623.4477,96515344
2005-07-29,633.5000,638.0000,628.2000,629.5000,622.4589,60377692
2005-08-01,627.0000,632.5000,625.0000,625.0000,618.0094,55770993
2005-08-02,628.0000,635.0000,626.5000,634.0000,626.9090,60530128
2005-08-03,636.0000,645.0000,631.5000,643.0000,635.8078,72457104
2005-08-04,641.0000,643.0000,637.0000,642.0000,634.8191,58706534
2005-08-05,638.5000,644.0000,636.9000,637.5000,630.3698,38344224
2005-08-08,641.5000,649.8000,637.5000,649.5000,642.2352,34546980
2005-08-09,649.5000,664.0000,648.0000,659.0000,651.6290,69274280
2005-08-10,654.0000,662.0000,651.0000,653.5000,646.2407,51742148
2005-08-11,656.5000,662.1000,651.0000,654.5000,647.2298,46668968
2005-08-12,653.0000,654.8000,647.1600,647.5000,640.3072,38608460
2005-08-15,647.5000,655.0000,643.0000,646.0000,638.8241,33740991
2005-08-16,645.5000,645.5000,637.5000,638.0000,630.9127,40398485
2005-08-17,635.0000,642.0000,632.5000,636.5000,629.4293,75721384
2005-08-18,627.5000,636.0000,624.0000,624.0000,617.0687,53154596
2005-08-19,627.0000,634.5000,624.0000,633.0000,625.9684,39858316
2005-08-22,634.0000,636.7000,628.0000,629.5000,622.5072,38652438
2005-08-23,627.0000,630.8300,623.0000,623.0000,616.0794,50066267
2005-08-24,623.0000,625.5000,619.7900,623.5000,616.5739,37932556
2005-08-25,624.5000,630.1400,618.0000,618.0000,611.1351,50125131
2005-08-26,620.5000,625.0000,610.0000,610.0000,603.2236,42126349
2005-08-29,610.0000,610.0000,610.0000,610.0000,603.2236,0
2005-08-30,615.0000,623.5000,610.0000,622.0000,615.0906,58608366
2005-08-31,625.0000,636.6700,623.0000,632.0000,624.9794,90343536
2005-09-01,634.0000,642.0000,632.0000,637.5000,630.4186,69192437
2005-09-02,638.0000,642.2200,632.0000,634.5000,627.4515,52498732
2005-09-05,632.5000,634.5000,626.5000,629.5000,622.5072,31466928
2005-09-06,628.5000,636.0000,627.0580,633.5000,626.4630,41886251
2005-09-07,634.0000,637.0000,630.0000,634.5000,627.4515,48559192
2005-09-08,630.5000,635.5000,626.5000,628.0000,621.0239,46526563
2005-09-09,628.0000,638.5000,628.0000,638.5000,631.4073,48099790
2005-09-12,641.0000,646.9690,638.2220,639.0000,631.9019,55621571
2005-09-13,638.0000,640.0000,626.2450,632.5000,625.4742,62891872
2005-09-14,630.0000,633.5000,628.5000,632.0000,624.9794,35716505
2005-09-15,637.0000,651.0000,631.0000,646.5000,639.3184,76914904
2005-09-16,645.0000,658.5000,645.0000,653.5000,646.2407,127627560
2005-09-19,651.0000,665.5000,648.0000,665.0000,657.6129,51021688
2005-09-20,666.5000,676.6760,660.1000,661.0000,653.6572,104887904
2005-09-21,658.5000,669.5000,658.5000,663.0000,655.6353,77685327
2005-09-22,664.0000,669.0000,653.8500,668.0000,660.5797,61537294
2005-09-23,664.0000,664.2000,655.5000,662.0000,654.6466,37270772
2005-09-26,655.5000,663.5000,654.5000,663.0000,655.6353,56520088
2005-09-27,671.0000,675.5120,660.8000,669.5000,662.0630,72467632
2005-09-28,674.5000,680.5000,672.5000,679.0000,671.4575,73241359
2005-09-29,683.0000,686.2900,675.1000,683.5000,675.9075,48587588
2005-09-30,685.0000,687.8750,672.5000,673.5000,666.0185,63967533
2005-10-03,674.0000,679.0000,665.3000,673.5000,666.0185,35224780
2005-10-04,663.5000,669.3300,654.0000,655.5000,648.2185,125749376
2005-10-05,648.0000,649.5000,634.5000,634.5000,627.4515,105560755
2005-10-06,624.0000,641.9000,616.5000,620.5000,613.6071,133639232
2005-10-07,615.5000,633.6500,615.4000,622.0000,615.0906,90676056
2005-10-10,625.5000,638.5900,624.9060,631.0000,623.9908,60368944
2005-10-11,630.5000,640.0000,630.5000,637.5000,630.4186,48672824
2005-10-12,640.0000,641.1800,630.5300,634.0000,626.9574,78829847
2005-10-13,635.0000,636.0000,617.0000,622.0000,615.0906,92029453
2005-10-14,620.5000,625.5000,611.9000,613.5000,606.6849,0
2005-10-17,627.5000,635.5000,626.5000,629.5000,622.5072,59383664
2005-10-18,633.0000,633.0000,619.5000,620.0000,613.1129,47155408
2005-10-19,608.0000,621.6000,607.5000,608.0000,601.2458,75091328
2005-10-20,615.0000,624.0000,607.0000,609.5000,602.7295,79373764
2005-10-21,602.0000,611.0000,599.0000,606.5000,599.7626,69463649
2005-10-24,605.0000,618.3500,603.5310,616.5000,609.6515,43059864
2005-10-25,608.0000,618.7100,603.8000,609.0000,602.2354,79797040
2005-10-26,621.0000,628.5000,618.0000,626.5000,619.5406,97429648
2005-10-27,622.0000,626.5000,611.5000,613.5000,606.6849,98599219
2005-10-28,609.0000,624.0710,608.5000,617.5000,610.6407,0
2005-10-31,624.5000,635.5000,622.4000,624.0000,617.0687,86614168
2005-11-01,626.5000,629.6300,618.5000,629.0000,622.0130,72599483
2005-11-02,626.0000,633.5000,623.0000,628.0000,621.0239,56146160
2005-11-03,633.5000,643.0000,628.0000,640.5000,633.3853,61404276
2005-11-04,646.5000,651.0000,636.2100,638.0000,630.9127,71497898
2005-11-07,634.5000,641.0000,630.5000,635.5000,628.4406,48852440
2005-11-08,635.5000,640.0000,632.0000,640.0000,632.8908,49754536
2005-11-09,637.5000,642.5000,626.5000,627.0000,620.0839,70095752
2005-11-10,628.0000,632.5000,614.0000,614.0000,607.2274,87283620
2005-11-11,619.5000,621.3000,612.5000,618.5000,611.6777,54279668
2005-11-14,621.5000,630.2580,616.4230,628.0000,621.0729,62519152
2005-11-15,628.0000,636.0000,626.0000,634.0000,627.0070,50492175
2005-11-16,627.5000,632.1970,620.5000,630.5000,623.5455,57921588
2005-11-17,631.5000,644.4700,631.5000,637.0000,629.9740,52100912
2005-11-18,637.0000,650.4200,637.0000,644.0000,636.8964,62876616
2005-11-21,647.0000,657.0000,644.0000,653.5000,646.2917,102168314
2005-11-22,656.5000,665.5000,655.3800,663.5000,656.1815,43813595
2005-11-23,663.5000,666.0000,655.0000,657.5000,650.2477,47977604
2005-11-24,658.5000,663.5000,650.5000,657.0000,649.7532,26046120
2005-11-25,659.0000,661.5000,650.9000,661.0000,653.7089,24532768
2005-11-28,663.0000,664.0000,643.2000,644.5000,637.3912,41093844
2005-11-29,639.0000,645.0000,632.5000,641.5000,634.4242,77131528
2005-11-30,637.5000,641.5000,634.0000,634.0000,627.0070,79519660
2005-12-01,637.0000,650.5000,637.0000,649.5000,642.3358,67604240
2005-12-02,652.5000,658.0000,650.5000,656.5000,649.2585,63720840
2005-12-05,659.0000,661.5000,655.0000,659.0000,651.7312,43869402
2005-12-06,658.5000,662.0000,653.0000,660.0000,652.7199,56263584
2005-12-07,661.0000,667.0000,646.5000,646.5000,639.3689,66923075
2005-12-08,644.0000,652.0000,641.0000,651.0000,643.8194,61932468
2005-12-09,646.5000,647.5000,639.5000,640.0000,632.9407,359712224
2005-12-12,637.0000,641.0000,628.5000,630.5000,623.5455,87918880
2005-12-13,633.0000,638.0000,633.0000,634.0000,627.0070,73648448
2005-12-14,630.5000,633.0000,628.0000,630.0000,623.0510,76957184
2005-12-15,632.0000,633.0000,623.0000,624.0000,617.1174,93414363
2005-12-16,626.0000,632.5000,623.0000,624.0000,617.1174,103374328
2005-12-19,616.0000,623.5000,616.0000,621.0000,614.1503,49165372
2005-12-20,618.5000,622.5000,616.5000,620.0000,613.1612,84067552
2005-12-21,619.0000,630.0000,619.0000,625.0000,618.1063,69348676
2005-12-22,625.0000,626.5000,621.0000,622.5000,615.6337,32512868
2005-12-23,624.5000,625.0000,619.5000,621.5000,614.6448,10423831
2005-12-26,621.5000,621.5000,621.5000,621.5000,614.6448,0
2005-12-27,621.5000,621.5000,621.5000,621.5000,614.6448,0
2005-12-28,612.0000,621.0000,610.5000,621.0000,614.1503,42888544
2005-12-29,621.0000,627.0000,619.5000,623.0000,616.1281,22146401
2005-12-30,618.0000,622.0000,616.0000,619.0000,612.1722,22941812
2006-01-03,624.5000,638.0000,623.0000,637.0000,629.9740,147311759
2006-01-04,635.0000,641.0000,633.0000,634.0000,627.0070,85632848
2006-01-05,636.0000,643.0000,632.0000,634.5000,627.5012,107974520
2006-01-06,633.0000,644.5000,633.0000,642.5000,635.4131,92378713
2006-01-09,644.0000,652.5000,642.5000,643.0000,635.9077,83282328
2006-01-10,643.0000,648.0000,642.0000,643.5000,636.4019,61816083
2006-01-11,640.5000,644.5000,635.0000,640.5000,633.4352,81947232
2006-01-12,645.0000,654.5000,644.0000,652.5000,645.3026,68370184
2006-01-13,645.5000,655.5000,645.0000,654.5000,647.2808,82197928
2006-01-16,655.0000,666.5000,655.0000,666.0000,658.6537,69645920
2006-01-17,664.5000,671.0000,660.5000,662.0000,654.6982,124636992
2006-01-18,661.0000,664.5000,657.5000,659.0000,651.7312,82701784
2006-01-19,662.5000,665.0000,654.0000,663.0000,655.6871,74095065
2006-01-20,667.5000,677.0000,661.5000,661.5000,654.2039,86423385
2006-01-23,660.0000,664.5000,654.0000,660.5000,653.2147,53333336
2006-01-24,662.5000,668.0000,658.0000,661.5000,654.2039,82178138
2006-01-25,661.0000,666.0000,658.0000,660.5000,653.2147,60982685
2006-01-26,652.0000,661.5000,650.0000,654.5000,647.2808,86718000
2006-01-27,660.0000,669.0000,658.0000,665.5000,658.1592,60914104
2006-01-30,668.5000,685.0000,667.5000,682.0000,674.4773,111013000
2006-01-31,683.0000,693.0000,676.0000,676.0000,668.5435,135646896
2006-02-01,677.0000,677.5000,670.5000,675.5000,668.0491,80350744
2006-02-02,668.0000,671.5000,654.5000,655.0000,647.7753,121201312
2006-02-03,654.5000,661.0000,650.0000,658.5000,651.2366,122772560
2006-02-06,658.5000,671.5000,658.0000,665.5000,658.1592,60749324
2006-02-07,652.0000,657.5000,641.5000,647.5000,640.3576,204645776
2006-02-08,637.0000,651.0000,633.0000,641.0000,633.9299,123389232
2006-02-09,644.0000,652.0000,644.0000,648.0000,640.8520,92194920
2006-02-10,644.0000,648.0000,639.5000,640.0000,632.9407,131211208
2006-02-13,644.5000,647.5000,641.5000,646.5000,639.3689,43574536
2006-02-14,647.0000,651.5000,640.0000,643.0000,635.9077,69839680
2006-02-15,642.0000,653.0000,638.0000,646.5000,639.3689,75113973
2006-02-16,646.0000,655.0000,644.0000,653.5000,646.2917,71086448
2006-02-17,655.5000,662.5000,652.0000,655.5000,648.2698,71334944
2006-02-20,660.5000,671.0000,660.0000,668.0000,660.6320,47285072
2006-02-21,671.5000,671.5000,663.0000,663.0000,655.6871,63932220
2006-02-22,659.0000,659.0000,648.0000,651.0000,643.8708,78235344
2006-02-23,651.0000,651.0000,641.0000,644.0000,636.9473,88719576
2006-02-24,646.5000,652.0000,642.5000,647.5000,640.4088,56890600
2006-02-27,646.5000,653.0000,643.0000,644.5000,637.4420,55481996
2006-02-28,641.5000,643.5000,630.0000,630.0000,623.1009,118842176
2006-03-01,633.5000,641.0000,632.0000,637.5000,630.5188,73939144
2006-03-02,641.5000,645.0000,631.5000,635.0000,628.0458,106554072
2006-03-03,638.5000,648.5000,636.0000,637.5000,630.5188,72507136
2006-03-06,640.5000,644.0000,633.5000,637.0000,630.0242,76797424
2006-03-07,631.0000,634.5000,628.5000,633.5000,626.5626,70727536
2006-03-08,635.0000,637.5000,627.0000,634.0000,627.0570,68184560
2006-03-09,639.0000,640.5000,633.0000,636.5000,629.5294,63609784
2006-03-10,633.5000,640.5000,633.0000,639.5000,632.4966,68354220
2006-03-13,642.0000,651.0000,641.0000,649.5000,642.3870,101546928
2006-03-14,653.0000,656.0000,648.5000,651.0000,643.8708,83721919
2006-03-15,656.0000,670.5000,655.0000,665.0000,657.7172,180395696
2006-03-16,666.5000,669.0000,656.5000,659.0000,651.7832,104588230
2006-03-17,666.5000,670.0000,660.5000,661.5000,654.2561,110961752
2006-03-20,660.0000,665.0000,657.0000,657.5000,650.2996,80401096
2006-03-21,653.0000,654.5000,645.5000,654.0000,646.8378,69002986
2006-03-22,649.5000,661.5000,649.0000,657.0000,649.8051,76233119
2006-03-23,658.0000,658.0000,649.5000,655.5000,648.3215,88300072
2006-03-24,660.0000,670.5000,660.0000,668.5000,661.1791,78721408
2006-03-27,669.5000,670.0000,659.0000,659.0000,651.7832,68868400
2006-03-28,663.0000,668.0000,659.5000,663.0000,655.7395,104665008
2006-03-29,662.0000,673.5000,660.0000,668.5000,661.1791,68250400
2006-03-30,670.5000,675.5000,669.5000,670.0000,662.6624,52966368
2006-03-31,668.0000,676.5000,660.5000,661.0000,653.7611,72938736
2006-04-03,664.0000,677.5000,663.5000,674.5000,667.1133,60824582
2006-04-04,668.5000,672.0000,662.0000,664.5000,657.2227,70449224
2006-04-05,672.0000,675.0000,663.5000,675.0000,667.6078,81742922
2006-04-06,678.0000,681.0000,672.0000,672.5000,665.1353,52966440
2006-04-07,672.5000,691.0000,672.5000,681.5000,674.0369,161671488
2006-04-10,680.5000,694.5000,680.0000,693.5000,685.9052,94721776
2006-04-11,700.5000,706.5000,693.5000,695.0000,687.3888,122725104
2006-04-12,692.5000,697.0000,690.0000,691.0000,683.4324,51170516
2006-04-13,688.5000,690.0000,684.0000,688.0000,680.4654,60279316
2006-04-18,690.5000,704.5000,689.5000,696.5000,688.8725,83169184
2006-04-19,703.5000,706.0000,696.5000,704.0000,696.2903,73065344
2006-04-20,707.0000,715.0000,699.0000,700.5000,692.8287,86552390
2006-04-21,703.0000,712.0000,702.0000,712.0000,704.2028,85733576
2006-04-24,713.5000,723.0000,710.5000,711.5000,703.7083,74211480
2006-04-25,707.0000,712.0000,701.5000,701.5000,693.8173,92152416
2006-04-26,700.5000,705.5000,695.0000,698.0000,690.3555,70576888
2006-04-27,691.5000,694.5000,678.5000,683.5000,676.0148,114724832
2006-04-28,682.0000,686.0000,676.5000,676.5000,669.0914,69288368
2006-05-02,678.5000,689.5000,678.0000,688.0000,680.4654,63745592
2006-05-03,690.5000,693.5000,676.5000,677.0000,669.5858,86218544
2006-05-04,681.0000,686.0000,677.5000,681.0000,673.5422,72947704
2006-05-05,678.0000,685.5000,673.5000,684.5000,677.0042,118229776
2006-05-08,686.0000,692.5000,674.5000,675.0000,667.6078,66805834
2006-05-09,679.0000,684.0000,675.5000,683.0000,675.5204,69513167
2006-05-10,678.5000,683.0000,674.0000,674.5000,667.1646,93540312
2006-05-11,681.0000,684.0000,673.5000,673.5000,666.1757,64060964
2006-05-12,670.0000,672.0000,659.5000,659.5000,652.3275,91408904
2006-05-15,657.5000,661.0000,642.5000,646.0000,638.9748,121779568
2006-05-16,648.0000,648.5000,638.0000,642.0000,635.0181,115628152
2006-05-17,643.0000,645.0000,620.0000,620.0000,613.2572,127928168
2006-05-18,620.0000,628.5000,613.0000,618.0000,611.2789,130411936
2006-05-19,617.5000,630.0000,614.5000,623.0000,616.2245,138605248
2006-05-22,621.0000,624.5000,606.5000,609.5000,602.8719,108614080
2006-05-23,616.0000,637.5000,613.5000,635.0000,628.0940,105438840
2006-05-24,625.5000,628.5000,616.5000,620.0000,613.2572,92366008
2006-05-25,619.5000,634.0000,608.5000,634.0000,627.1052,86257464
2006-05-26,639.0000,642.0000,632.5000,642.0000,635.0181,94006280
2006-05-30,639.5000,642.0000,622.5000,624.5000,617.7085,72885054
2006-05-31,620.0000,629.5000,616.5000,625.0000,618.2030,103828176
2006-06-01,627.0000,634.5000,620.5000,633.0000,626.1161,0
2006-06-02,637.0000,640.0000,627.5000,633.5000,626.6108,62654936
2006-06-05,639.5000,643.5000,634.5000,636.0000,629.0831,66645592
2006-06-06,629.0000,634.0000,625.0000,628.0000,621.1703,78538144
2006-06-07,627.0000,631.5000,622.0000,624.0000,617.2141,72547672
2006-06-08,605.0000,612.0000,601.5000,603.0000,596.4421,141673712
2006-06-09,615.0000,618.5000,609.0000,612.0000,605.3441,93590656
2006-06-12,612.5000,615.5000,605.5000,607.5000,600.8932,56866724
2006-06-13,599.0000,602.5000,588.0000,594.0000,587.5401,106104720
2006-06-14,591.0000,598.5000,581.0000,586.0000,579.6271,87392825
2006-06-15,592.5000,604.5000,590.0000,600.0000,593.4747,114888240
2006-06-16,610.0000,612.5000,596.0000,599.0000,592.4854,127021888
2006-06-19,601.0000,606.0000,595.5000,595.5000,589.0241,66107415
2006-06-20,591.0000,603.0000,584.0000,602.5000,595.9476,124644048
2006-06-21,598.5000,605.0000,591.5000,603.5000,596.9371,71260288
2006-06-22,609.0000,613.5000,601.0000,605.0000,598.4206,90326832
2006-06-23,606.5000,620.5000,606.0000,617.0000,610.2900,70091056
2006-06-26,618.0000,618.5000,608.5000,609.5000,602.8719,108419648
2006-06-27,618.0000,619.0000,611.0000,613.0000,606.3336,63852916
2006-06-28,613.5000,624.0000,611.5000,618.5000,611.7736,49971468
2006-06-29,621.5000,629.0000,619.0000,627.0000,620.1811,51380729
2006-06-30,631.0000,637.0000,628.0000,630.5000,623.6432,73844784
2006-07-03,629.5000,641.0000,627.5000,638.0000,631.0617,41904384
2006-07-04,637.0000,637.0000,628.0000,633.0000,626.1161,43414052
2006-07-05,631.0000,633.5000,627.0000,631.0000,624.1378,36724809
2006-07-06,635.0000,642.0000,634.5000,638.0000,631.0617,52677640
2006-07-07,638.0000,649.0000,636.0000,647.5000,640.4581,75339464
2006-07-10,643.5000,646.0000,637.0000,645.0000,637.9855,32269499
2006-07-11,643.0000,648.0000,640.0000,642.0000,635.0181,34732815
2006-07-12,640.0000,642.0000,637.5000,640.0000,633.0400,74011376
2006-07-13,641.0000,643.5000,634.5000,641.0000,634.0294,55440753
2006-07-14,644.0000,649.0000,639.5000,643.0000,636.0072,61457655
2006-07-17,646.5000,649.0000,638.0000,640.0000,633.0400,76309298
2006-07-18,635.5000,637.5000,629.5000,634.5000,627.5995,61825536
2006-07-19,635.0000,635.0000,626.0000,631.0000,624.1378,83668400
2006-07-20,630.5000,633.0000,623.0000,625.0000,618.2030,54486664
2006-07-21,619.0000,622.5000,616.5000,619.5000,612.7629,57423975
2006-07-24,614.5000,634.0000,614.0000,633.5000,626.6108,68905008
2006-07-25,632.0000,635.0000,627.5000,630.0000,623.1487,70715248
2006-07-26,629.0000,635.0000,629.0000,634.5000,627.5995,70982385
2006-07-27,639.5000,651.5000,637.5000,648.5000,641.4471,78943136
2006-07-28,642.5000,653.0000,642.5000,651.0000,643.9202,47765592
2006-07-31,649.5000,652.0000,644.0000,645.0000,637.9855,48742268
2006-08-01,648.5000,651.5000,639.0000,642.0000,635.0181,62952284
2006-08-02,645.0000,651.0000,644.5000,651.0000,643.9202,51961376
2006-08-03,649.5000,649.5000,636.0000,637.0000,630.0728,68340928
2006-08-04,638.5000,639.0000,630.5000,636.0000,629.0831,57837520
2006-08-07,625.0000,627.0000,619.5000,622.5000,615.7302,94523408
2006-08-08,620.0000,623.0000,608.0000,614.0000,607.3225,190174896
2006-08-09,612.5000,621.0000,607.5000,619.5000,612.8160,100379504
2006-08-10,615.0000,617.0000,608.5000,615.0000,608.3643,92289480
2006-08-11,617.0000,621.5000,607.0000,611.0000,604.4079,49628736
2006-08-14,613.0000,621.0000,611.0000,616.0000,609.3538,50235560
2006-08-15,614.5000,618.5000,611.0000,614.5000,607.8701,55341168
2006-08-16,616.0000,616.5000,604.5000,608.0000,601.4401,106023520
2006-08-17,603.5000,609.5000,600.0000,609.0000,602.4293,99361424
2006-08-18,609.0000,619.0000,609.0000,614.0000,607.3750,111011307
2006-08-21,617.0000,624.0000,615.5000,619.0000,612.3214,81518632
2006-08-22,620.0000,622.0000,614.0000,616.0000,609.3538,63512439
2006-08-23,617.5000,619.5000,609.0000,610.0000,603.4182,47201581
2006-08-24,609.0000,609.0000,602.0000,607.5000,600.9453,46853424
2006-08-25,607.5000,610.0000,602.5000,605.5000,598.9667,45136516
2006-08-29,601.0000,606.0000,593.0000,593.0000,586.6017,104885048
2006-08-30,592.0000,598.5000,589.0000,592.0000,585.6127,127064000
2006-08-31,593.5000,601.0000,590.0000,597.0000,590.5587,164339152
2006-09-01,598.0000,600.0000,593.0000,596.0000,589.5696,62654404
2006-09-04,596.0000,597.0000,587.5000,594.5000,588.0855,61417784
2006-09-05,595.5000,603.0000,592.5000,601.5000,595.0101,101858064
2006-09-06,603.0000,605.5000,594.5000,595.5000,589.0751,67613744
2006-09-07,592.5000,593.0000,583.5000,584.0000,577.6990,98112792
2006-09-08,585.0000,594.0000,584.5000,591.0000,584.6235,79818000
2006-09-11,587.0000,589.0000,580.0000,583.0000,576.7098,96684816
2006-09-12,581.5000,587.5000,577.5000,582.0000,575.7205,109964448
2006-09-13,583.5000,591.0000,581.5000,589.0000,582.6450,102034752
2006-09-14,594.5000,599.0000,584.0000,584.5000,578.1932,112814864
2006-09-15,580.0000,583.0000,573.0000,573.0000,566.8176,145678800
2006-09-18,575.5000,582.5000,573.0000,579.0000,572.7527,114874328
2006-09-19,582.5000,591.5000,579.0000,580.5000,574.2366,106039777
2006-09-20,577.0000,587.0000,577.0000,579.5000,573.2474,230419792
2006-09-21,575.0000,579.0000,572.0000,579.0000,572.7527,100951633
2006-09-22,581.0000,583.5000,574.0000,574.0000,567.8068,95724176
2006-09-25,573.5000,573.5000,560.0000,563.5000,557.4201,165573680
2006-09-26,569.0000,572.0000,562.0000,571.0000,564.8394,112358224
2006-09-27,574.5000,583.5000,573.0000,579.0000,572.7527,104392592
2006-09-28,584.0000,590.5000,584.0000,587.0000,580.6663,83962944
2006-09-29,587.5000,588.5000,579.5000,582.0000,575.7205,65403516
2006-10-02,586.0000,587.0000,582.0000,582.5000,576.2152,83962200
2006-10-03,579.5000,579.5000,566.0000,568.5000,562.3660,144558992
2006-10-04,560.0000,574.5000,558.5000,570.0000,563.8499,144750224
2006-10-05,577.5000,580.0000,573.0000,575.0000,568.7961,140445808
2006-10-06,576.0000,577.5000,570.0000,572.5000,566.3228,93472800
2006-10-09,574.5000,582.0000,574.5000,578.5000,572.2582,58482072
2006-10-10,576.0000,582.0000,573.0000,578.0000,571.7635,112230992
2006-10-11,579.5000,581.5000,574.0000,576.5000,570.2799,106417208
2006-10-12,575.0000,582.5000,572.0000,581.0000,574.7314,79893584
2006-10-13,583.0000,595.5000,583.0000,592.0000,585.6127,128548256
2006-10-16,594.5000,603.0000,594.5000,600.0000,593.5261,98615072
2006-10-17,603.0000,612.0000,602.0000,602.0000,595.5049,126847088
2006-10-18,604.0000,609.0000,596.5000,601.0000,594.5156,101670668
2006-10-19,594.0000,604.5000,593.5000,600.5000,594.0211,81191744
2006-10-20,606.5000,610.0000,601.0000,602.0000,595.5049,84886565
2006-10-23,603.0000,603.0000,593.0000,601.5000,595.0101,118149192
2006-10-24,600.0000,611.0000,600.0000,608.0000,601.4401,114646600
2006-10-25,607.0000,614.0000,605.5000,612.5000,605.8916,101205104
2006-10-26,616.5000,619.0000,604.5000,606.5000,599.9560,107600144
2006-10-27,602.5000,606.0000,598.5000,602.0000,595.5049,94266232
2006-10-30,599.0000,599.0000,591.5000,591.5000,585.1182,86182568
2006-10-31,589.0000,593.0000,582.5000,583.0000,576.7098,121823712
2006-11-01,585.5000,592.5000,583.5000,586.5000,580.1721,87669688
2006-11-02,587.5000,591.5000,583.5000,586.5000,580.1721,80569120
2006-11-03,587.5000,592.5000,584.0000,590.0000,583.6338,88132824
2006-11-06,590.5000,599.5000,590.0000,597.0000,590.5587,82021672
2006-11-07,600.0000,604.0000,597.0000,598.5000,592.0425,77367016
2006-11-08,593.5000,602.5000,591.5000,599.5000,593.0835,92214392
2006-11-09,603.5000,606.0000,597.0000,601.5000,595.0620,98586192
2006-11-10,600.5000,606.5000,595.0000,598.0000,591.5995,101930176
2006-11-13,596.5000,598.5000,586.0000,590.0000,583.6852,131012416
2006-11-14,591.0000,595.0000,585.5000,593.0000,586.6532,96769616
2006-11-15,596.5000,598.0000,591.0000,596.5000,590.1159,87877328
2006-11-16,596.0000,603.5000,593.0000,598.0000,591.5995,73004856
2006-11-17,589.5000,591.5000,580.5000,582.0000,575.7709,143955616
2006-11-20,580.0000,586.0000,575.0000,584.0000,577.7497,98922224
2006-11-21,582.5000,590.0000,582.5000,585.0000,578.7388,67302413
2006-11-22,587.5000,592.0000,577.0000,578.0000,571.8137,102501130
2006-11-23,581.5000,581.5000,570.5000,573.0000,566.8674,85963280
2006-11-24,573.0000,577.0000,566.0000,574.5000,568.3509,109307104
2006-11-27,576.5000,579.5000,570.5000,571.0000,564.8889,92875200
2006-11-28,571.5000,576.0000,569.0000,574.0000,567.8564,69469576
2006-11-29,578.0000,579.5000,570.5000,578.5000,572.3083,86728724
2006-11-30,583.0000,584.5000,573.5000,574.0000,567.8564,102215672
2006-12-01,577.5000,578.0000,564.5000,567.5000,561.4258,91024520
2006-12-04,572.0000,573.0000,566.5000,567.5000,561.4258,73950472
2006-12-05,571.0000,580.0000,569.5000,578.0000,571.8137,106390120
2006-12-06,578.5000,582.0000,575.0000,579.5000,573.2975,103585024
2006-12-07,577.5000,579.5000,574.5000,578.0000,571.8137,49731145
2006-12-08,580.0000,584.0000,576.5000,582.5000,576.2656,69756061
2006-12-11,583.5000,586.0000,577.5000,584.5000,578.2438,84470810
2006-12-12,582.0000,582.5000,575.5000,580.5000,574.2870,96435016
2006-12-13,577.0000,581.5000,575.5000,579.5000,573.2975,74947680
2006-12-14,580.5000,583.0000,570.5000,577.0000,570.8244,101461648
2006-12-15,577.0000,584.5000,574.0000,580.0000,573.7923,126454576
2006-12-18,579.5000,587.5000,573.0000,575.5000,569.3405,83754808
2006-12-19,572.0000,576.5000,570.0000,573.0000,566.8674,93332056
2006-12-20,577.0000,579.0000,568.0000,569.5000,563.4047,50744904
2006-12-21,567.5000,568.5000,563.0000,567.0000,560.9315,82408864
2006-12-22,565.0000,571.5000,563.0000,571.5000,565.3832,26742948
2006-12-27,570.5000,576.5000,568.0000,574.5000,568.3509,29670569
2006-12-28,575.0000,575.0000,568.0000,571.5000,565.3832,19042787
2006-12-29,570.0000,572.0000,564.0000,567.5000,561.4258,48438388
2007-01-02,570.0000,573.5000,569.5000,572.0000,565.8779,46251440
2007-01-03,573.5000,574.5000,568.5000,569.5000,563.4047,79551520
2007-01-04,564.5000,567.5000,558.5000,562.5000,556.4798,128645640
2007-01-05,559.0000,563.0000,555.0000,557.0000,551.0386,100401040
2007-01-08,560.0000,563.5000,552.5000,552.5000,546.5866,73765968
2007-01-09,545.0000,547.0000,531.5000,535.5000,529.7685,259059808
2007-01-10,534.0000,535.0000,528.0000,529.5000,523.8327,136224688
2007-01-11,529.0000,538.5000,527.5000,537.0000,531.2528,119379232
2007-01-12,531.0000,548.0000,529.5000,546.5000,540.6508,222011232
2007-01-15,550.5000,554.0000,546.0000,549.0000,543.1241,92981544
2007-01-16,553.0000,553.0000,538.5000,541.0000,535.2098,128774840
2007-01-17,540.0000,541.0000,530.0000,536.5000,530.7576,136554167
2007-01-18,536.5000,536.5000,536.5000,536.5000,530.7576,129811984
2007-01-19,537.0000,546.0000,533.5000,543.5000,537.6830,84500000
2007-01-22,546.0000,550.0000,540.5000,541.0000,535.2098,68641880
2007-01-23,540.5000,546.5000,539.5000,545.0000,539.1667,59735076
2007-01-24,550.5000,554.5000,547.5000,548.5000,542.6298,101846784
2007-01-25,551.0000,552.5000,541.5000,542.5000,536.6937,76221416
2007-01-26,538.5000,545.0000,537.0000,540.0000,534.2202,60804888
2007-01-29,541.0000,544.5000,536.5000,538.5000,532.7366,54643392
2007-01-30,536.0000,539.5000,534.5000,537.0000,531.2528,58912816
2007-01-31,541.5000,542.5000,533.5000,534.5000,528.7793,96470592
2007-02-01,541.0000,541.5000,537.0000,538.0000,532.2419,119344800
2007-02-02,541.0000,541.5000,533.5000,535.0000,529.2740,87774704
2007-02-05,540.5000,544.0000,538.5000,541.5000,535.7042,85183456
2007-02-06,536.0000,538.0000,529.5000,535.0000,529.2740,194998496
2007-02-07,534.0000,541.5000,534.0000,538.5000,532.7366,132869376
2007-02-08,539.0000,539.5000,531.0000,535.0000,529.2740,83117880
2007-02-09,540.0000,543.0000,536.5000,538.0000,532.2419,105213400
2007-02-12,537.5000,537.5000,531.5000,532.0000,526.3059,66037136
2007-02-13,533.0000,534.5000,528.5000,534.5000,528.7793,96957440
2007-02-14,537.0000,537.5000,532.5000,534.0000,528.2845,75797936
2007-02-15,534.0000,537.5000,532.0000,537.0000,531.2528,76006496
2007-02-16,537.0000,540.5000,533.0000,535.0000,529.2740,78520800
2007-02-19,536.5000,537.5000,531.0000,534.5000,528.7793,35504420
2007-02-20,533.5000,534.0000,527.5000,531.0000,525.3170,84568592
2007-02-21,528.0000,529.5000,520.0000,521.5000,515.9696,82683200
2007-02-22,523.5000,526.5000,520.5000,521.0000,515.4750,110108392
2007-02-23,525.5000,538.0000,524.5000,535.0000,529.3267,165196224
2007-02-26,537.0000,547.5000,537.0000,545.0000,539.2203,141824144
2007-02-27,542.0000,544.5000,532.5000,535.0000,529.3267,111079296
2007-02-28,529.0000,532.5000,522.0000,522.0000,516.4644,140409504
2007-03-01,523.5000,531.0000,511.0000,517.5000,512.0120,168168016
2007-03-02,520.0000,522.5000,515.5000,516.5000,511.0224,113131248
2007-03-05,510.5000,515.0000,504.5000,511.0000,505.5808,111556304
2007-03-06,514.0000,515.5000,509.0000,512.0000,506.5704,110259328
2007-03-07,512.0000,521.0000,510.0000,517.0000,511.5172,97461799
2007-03-08,524.5000,527.0000,521.5000,525.0000,519.4324,101781424
2007-03-09,525.0000,526.5000,519.5000,525.0000,519.4324,93579448
2007-03-12,527.5000,527.5000,521.5000,526.0000,520.4219,65016721
2007-03-13,526.5000,527.0000,519.5000,521.5000,515.9696,85961824
2007-03-14,517.0000,518.5000,507.5000,507.5000,502.1180,87524032
2007-03-15,514.0000,516.5000,509.0000,516.5000,511.0224,78406240
2007-03-16,515.0000,515.5000,509.0000,511.5000,506.0756,108796688
2007-03-19,514.0000,517.0000,509.5000,515.5000,510.0333,61543916
2007-03-20,514.0000,514.5000,508.0000,511.5000,506.0756,67940872
2007-03-21,512.5000,519.0000,511.5000,516.5000,511.0224,99178440
2007-03-22,522.0000,531.5000,518.0000,528.5000,522.8954,128205315
2007-03-23,528.0000,544.5000,528.0000,541.5000,535.7573,157869031
2007-03-26,543.5000,549.5000,540.5000,542.5000,536.7471,126836704
2007-03-27,545.0000,549.5000,542.0000,543.5000,537.7362,116200792
2007-03-28,545.0000,556.0000,544.5000,552.0000,546.1461,147618272
2007-03-29,552.5000,560.0000,552.0000,558.0000,552.0825,108395296
2007-03-30,559.5000,562.5000,550.0000,552.0000,546.1461,85965760
2007-04-02,551.5000,555.0000,546.0000,547.5000,541.6939,63480904
2007-04-03,551.5000,553.0000,546.5000,549.0000,543.1780,68175531
2007-04-04,550.5000,550.5000,542.5000,548.0000,542.1884,74792848
2007-04-05,551.5000,555.5000,550.5000,554.5000,548.6198,60572176
2007-04-10,552.0000,556.5000,550.0000,554.5000,548.6198,71157080
2007-04-11,556.0000,563.0000,555.5000,559.5000,553.5667,95274360
2007-04-12,558.0000,563.0000,557.0000,563.0000,557.0295,76924800
2007-04-13,568.0000,578.0000,567.5000,576.0000,569.8916,153716336
2007-04-16,577.0000,578.5000,572.0000,576.5000,570.3864,93109048
2007-04-17,576.5000,581.0000,573.5000,577.5000,571.3757,84482221
2007-04-18,574.0000,577.0000,572.0000,574.0000,567.9128,96948616
2007-04-19,567.5000,572.0000,564.0000,571.5000,565.4393,82838193
2007-04-20,574.0000,574.0000,567.5000,570.0000,563.9554,110657512
2007-04-23,571.0000,581.5000,569.0000,577.5000,571.3757,89967456
2007-04-24,576.5000,587.0000,566.0000,568.5000,562.4711,121058602
2007-04-25,566.5000,575.5000,564.0000,571.5000,565.4393,89474152
2007-04-26,576.0000,576.5000,567.5000,571.0000,564.9446,84127520
2007-04-27,567.0000,568.5000,560.5000,561.5000,555.5453,79191872
2007-04-30,562.5000,570.5000,562.0000,565.5000,559.5031,39976151
2007-05-01,566.0000,566.5000,560.0000,563.0000,557.0295,45626048
2007-05-02,565.0000,568.5000,555.5000,566.0000,559.9974,81194991
2007-05-03,569.0000,577.5000,569.0000,575.5000,569.3971,100101032
2007-05-04,575.0000,581.5000,570.5000,577.0000,570.8809,84472155
2007-05-08,574.0000,574.5000,566.5000,570.5000,564.4501,79625000
2007-05-09,570.0000,570.5000,559.5000,562.0000,556.0904,88409712
2007-05-10,563.5000,564.0000,557.5000,557.5000,551.6376,81413248
2007-05-11,556.0000,562.0000,549.0000,560.0000,554.1113,112886400
2007-05-14,563.0000,563.5000,557.0000,562.5000,556.5853,63010424
2007-05-15,560.0000,563.5000,557.0000,558.5000,552.6269,99976272
2007-05-16,556.5000,561.5000,555.5000,557.0000,551.1426,65368552
2007-05-17,559.0000,573.5000,558.5000,570.5000,564.5010,122070064
2007-05-18,569.0000,587.5000,569.0000,582.0000,575.8800,142494608
2007-05-21,584.5000,594.0000,578.0000,590.0000,583.7958,142678752
2007-05-22,589.0000,591.5000,578.0000,581.5000,575.3852,181901072
2007-05-23,577.0000,581.5000,574.5000,575.5000,569.4484,92332608
2007-05-24,573.0000,575.5000,568.0000,569.0000,563.0168,100434712
2007-05-25,564.5000,569.0000,563.5000,567.5000,561.5325,59086292
2007-05-29,565.5000,572.0000,564.5000,568.0000,562.0270,64965508
2007-05-30,563.0000,566.5000,559.5000,566.5000,560.5427,70691024
2007-05-31,569.5000,570.5000,562.5000,564.5000,558.5642,96603224
2007-06-01,564.0000,569.0000,559.0000,567.5000,561.5325,90288568
2007-06-04,567.0000,572.5000,565.5000,570.5000,564.5010,66065068
2007-06-05,572.0000,573.0000,563.5000,566.5000,560.5427,88346990
2007-06-06,565.5000,568.0000,556.0000,559.0000,553.1214,84885450
2007-06-07,561.0000,565.0000,557.0000,562.0000,556.0904,101495856
2007-06-08,559.0000,570.0000,558.5000,563.0000,557.0797,202410272
2007-06-11,565.0000,569.0000,562.0000,569.0000,563.0168,67925800
2007-06-12,569.0000,577.0000,567.0000,568.5000,562.5220,103011872
2007-06-13,566.0000,576.5000,566.0000,574.0000,567.9641,82043912
2007-06-14,578.5000,584.5000,577.0000,582.5000,576.3748,79353004
2007-06-15,582.5000,591.0000,582.0000,589.0000,582.8063,137075056
2007-06-18,587.0000,589.0000,583.0000,583.5000,577.3641,76654600
2007-06-19,585.0000,592.0000,583.5000,583.5000,577.3641,113560488
2007-06-20,585.0000,589.0000,580.5000,581.5000,575.3852,141674080
2007-06-21,577.5000,582.5000,577.0000,579.5000,573.4062,75887568
2007-06-22,579.5000,588.5000,576.0000,583.5000,577.3641,108000384
2007-06-25,580.5000,590.5000,580.0000,589.0000,582.8063,131996440
2007-06-26,585.5000,597.5000,585.5000,589.5000,583.3011,136455936
2007-06-27,587.5000,592.5000,585.5000,587.5000,581.3222,79752424
2007-06-28,592.5000,600.0000,591.0000,599.0000,592.7014,126743840
2007-06-29,601.0000,606.5000,597.5000,603.0000,596.6592,116975312
2007-07-02,600.0000,608.0000,600.0000,604.0000,597.6483,98105096
2007-07-03,607.0000,613.5000,604.5000,605.5000,599.1329,96084445
2007-07-04,607.5000,610.0000,606.5000,609.5000,603.0907,67217160
2007-07-05,610.0000,614.0000,601.5000,604.0000,597.6483,97080968
2007-07-06,607.5000,612.5000,606.0000,610.5000,604.0801,103713920
2007-07-09,609.5000,613.0000,609.0000,612.0000,605.5646,63060538
2007-07-10,613.5000,617.0000,609.0000,611.5000,605.0697,115103440
2007-07-11,605.5000,608.5000,602.5000,605.0000,598.6379,99757544
2007-07-12,606.0000,612.5000,601.0000,611.0000,604.5748,101759536
2007-07-13,614.5000,616.5000,609.5000,613.0000,606.5540,75949232
2007-07-16,614.5000,615.5000,606.0000,608.0000,601.6065,80628632
2007-07-17,605.5000,608.0000,601.5000,606.0000,599.6277,84035176
2007-07-18,601.5000,604.0000,598.0000,600.0000,593.6907,91199176
2007-07-19,604.0000,606.0000,602.0000,605.0000,598.6379,95614656
2007-07-20,605.0000,609.0000,598.5000,599.5000,593.1960,94868078
2007-07-23,598.5000,604.5000,597.0000,601.5000,595.1751,70103036
2007-07-24,603.0000,606.0000,589.0000,590.0000,583.7958,149263488
2007-07-25,586.5000,592.5000,581.5000,584.5000,578.3536,101708384
2007-07-26,587.0000,598.5000,575.5000,575.5000,569.4484,137074082
2007-07-27,568.0000,583.0000,568.0000,572.5000,566.4799,133807824
2007-07-30,573.5000,576.0000,567.0000,569.5000,563.5114,87656168
2007-07-31,573.0000,579.5000,565.5000,577.5000,571.4274,122236128
2007-08-01,568.0000,577.0000,564.5000,573.5000,567.4695,87401261
2007-08-02,573.0000,573.5000,559.0000,563.0000,557.0797,95502616
2007-08-03,565.0000,565.0000,551.5000,554.5000,548.6692,92813488
2007-08-06,545.5000,553.5000,544.0000,547.5000,541.7427,104881728
2007-08-07,550.0000,554.0000,545.5000,554.0000,548.1746,82992568
2007-08-08,557.0000,561.5000,548.0000,558.0000,552.1847,126023120
2007-08-09,556.0000,558.0000,540.0000,546.0000,540.3099,149691680
2007-08-10,537.0000,545.0000,530.5000,530.5000,524.9716,89502192
2007-08-13,538.0000,549.0000,533.5000,544.5000,538.8257,75672448
2007-08-14,542.5000,549.0000,538.0000,540.0000,534.3723,62813040
2007-08-15,535.5000,544.0000,533.0000,542.0000,536.3517,71302478
2007-08-16,531.0000,533.0000,520.0000,520.0000,514.5806,102235240
2007-08-17,524.5000,543.5000,516.0000,541.0000,535.3619,135788032
2007-08-20,541.0000,550.0000,538.0000,538.5000,532.8880,89571728
2007-08-21,541.0000,544.5000,535.0000,538.5000,532.8880,61191922
2007-08-22,540.0000,546.0000,538.5000,544.5000,538.8257,53244651
2007-08-23,547.5000,552.0000,546.5000,546.5000,540.8047,65741544
2007-08-24,546.0000,557.5000,545.5000,552.5000,546.7426,63500957
2007-08-28,554.5000,554.5000,538.5000,542.0000,536.3517,58357070
2007-08-29,539.5000,544.0000,537.5000,542.5000,536.8463,59327952
2007-08-30,546.0000,554.0000,544.0000,551.0000,545.2579,62312657
2007-08-31,555.0000,561.0000,554.0000,557.5000,551.6902,68977144
2007-09-03,558.0000,559.5000,548.0000,550.5000,544.7630,50812728
2007-09-04,550.0000,562.5000,548.0000,561.0000,555.1536,61425170
2007-09-05,564.0000,569.0000,556.0000,559.0000,553.1742,65584592
2007-09-06,562.5000,566.0000,557.5000,565.0000,559.1121,60525191
2007-09-07,563.5000,570.5000,557.0000,560.0000,554.1641,65947125
2007-09-10,559.5000,566.0000,556.0000,558.0000,552.1847,54120660
2007-09-11,563.5000,564.0000,559.0000,563.5000,557.6277,52310984
2007-09-12,565.5000,570.0000,561.0000,567.5000,561.5861,50922312
2007-09-13,569.0000,575.5000,568.0000,572.0000,566.0391,69487640
2007-09-14,570.0000,574.5000,563.5000,571.0000,565.0496,64450124
2007-09-17,570.5000,572.5000,565.5000,568.5000,562.5757,57260280
2007-09-18,569.5000,574.5000,564.5000,571.5000,565.5442,83590832
2007-09-19,578.0000,595.0000,577.0000,588.5000,582.3673,106511464
2007-09-20,588.5000,592.0000,586.5000,590.5000,584.3463,70701016
2007-09-21,591.0000,600.0000,589.5000,592.0000,585.8307,138708352
2007-09-24,592.5000,593.5000,585.0000,589.5000,583.3568,42664912
2007-09-25,575.0000,579.0000,568.0000,572.5000,566.5338,186245808
2007-09-26,574.0000,575.0000,565.0000,567.0000,561.0908,111755824
2007-09-27,567.0000,570.0000,561.5000,566.0000,560.1016,76468959
2007-09-28,567.5000,571.5000,561.0000,567.5000,561.5861,110207488
2007-10-01,564.0000,568.0000,562.0000,565.5000,559.6071,78422024
2007-10-02,566.5000,568.5000,556.0000,559.5000,553.6692,101932312
2007-10-03,560.5000,561.0000,548.0000,557.0000,551.1954,106452656
2007-10-04,557.5000,568.5000,556.0000,562.0000,556.1434,131929504
2007-10-05,565.5000,575.5000,565.0000,572.5000,566.5338,100518224
2007-10-08,571.0000,573.0000,568.0000,569.5000,563.5650,47901276
2007-10-09,569.0000,582.0000,568.0000,580.5000,574.4504,122614624
2007-10-10,580.5000,584.0000,577.0000,580.0000,573.9556,97155072
2007-10-11,583.0000,595.0000,581.5000,593.5000,587.3151,113290224
2007-10-12,592.0000,619.0000,590.0000,619.0000,612.5491,221946368
2007-10-15,617.5000,639.5000,616.5000,622.5000,616.0128,165033888
2007-10-16,620.0000,631.0000,619.0000,627.0000,620.4659,97281416
2007-10-17,625.0000,626.5000,616.0000,619.5000,613.0441,96548023
2007-10-18,620.5000,621.5000,612.0000,616.0000,609.5807,71415320
2007-10-19,618.5000,627.0000,611.0000,611.0000,604.6325,74610464
2007-10-22,605.0000,609.5000,601.5000,605.0000,598.6948,72073704
2007-10-23,613.0000,618.5000,601.5000,612.0000,605.6221,89102768
2007-10-24,610.5000,620.5000,607.0000,611.5000,605.1274,77404948
2007-10-25,616.0000,619.5000,611.0000,612.5000,606.1171,84997160
2007-10-26,615.0000,631.5000,615.0000,629.0000,622.4450,78041168
2007-10-29,634.5000,638.0000,630.5000,634.0000,627.3931,60143868
2007-10-30,634.0000,635.0000,621.5000,622.5000,616.0128,60363080
2007-10-31,616.5000,626.0000,615.0000,625.0000,618.4866,79326896
2007-11-01,627.0000,635.5000,616.0000,618.5000,612.0544,63723895
2007-11-02,613.5000,627.5000,613.5000,627.0000,620.4659,84272064
2007-11-05,625.0000,637.5000,624.5000,632.0000,625.4138,71108192
2007-11-06,633.0000,640.0000,630.0000,633.5000,626.8981,44032096
2007-11-07,632.5000,637.5000,624.0000,624.0000,617.5490,39740982
2007-11-08,616.5000,621.0000,609.0000,609.0000,602.7039,87649101
2007-11-09,609.0000,613.5000,593.5000,598.5000,592.3124,64478385
2007-11-12,596.0000,597.0000,582.5000,586.5000,580.4366,55362154
2007-11-13,584.5000,586.5000,579.5000,583.0000,576.9725,47049320
2007-11-14,590.5000,607.0000,588.0000,599.5000,593.3024,71698184
2007-11-15,596.0000,598.0000,584.0000,586.0000,579.9417,43800641
2007-11-16,583.0000,593.0000,582.0000,587.0000,580.9316,39240248
2007-11-19,585.5000,593.5000,572.5000,572.5000,566.5814,34604757
2007-11-20,574.0000,580.5000,566.5000,580.0000,574.0035,64951768
2007-11-21,579.0000,588.5000,575.0000,577.5000,571.5297,44582524
2007-11-22,578.0000,579.5000,570.0000,576.0000,570.0452,25519593
2007-11-23,574.0000,577.5000,568.5000,577.5000,571.5297,32133721
2007-11-26,577.0000,587.0000,573.5000,573.5000,567.5709,37719036
2007-11-27,570.5000,581.0000,564.0000,569.0000,563.1173,57655304
2007-11-28,573.0000,580.0000,565.5000,577.5000,571.5297,47608051
2007-11-29,583.0000,590.5000,576.0000,587.5000,581.4264,49627632
2007-11-30,584.5000,594.0000,584.5000,590.0000,583.9005,56410432
2007-12-03,590.5000,598.5000,586.0000,588.5000,582.4160,42411482
2007-12-04,587.5000,592.0000,585.0000,587.5000,581.4264,32211903
2007-12-05,589.5000,609.0000,587.5000,608.5000,602.2092,60561233
2007-12-06,609.0000,616.0000,602.5000,610.0000,603.6937,40787712
2007-12-07,615.0000,621.0000,610.5000,619.5000,613.0955,62334985
2007-12-10,618.0000,620.0000,611.0000,616.0000,609.6318,39826732
2007-12-11,616.0000,621.0000,611.5000,616.5000,610.1266,43526368
2007-12-12,610.0000,624.0000,609.0000,623.0000,616.5589,59355561
2007-12-13,618.5000,622.5000,608.0000,608.0000,601.7143,46759035
2007-12-14,610.0000,619.5000,610.0000,617.5000,611.1161,36548171
2007-12-17,613.5000,617.0000,607.0000,608.0000,601.7143,38035333
2007-12-18,606.0000,613.5000,604.5000,606.5000,600.2300,37687349
2007-12-19,605.0000,610.0000,600.5000,604.0000,597.7556,59069835
2007-12-20,603.5000,612.0000,603.5000,611.5000,605.1781,52509973
2007-12-21,616.0000,621.5000,613.0000,616.0000,609.6318,75650839
2007-12-24,614.0000,619.0000,609.5000,617.0000,610.6213,6592542
2007-12-27,618.0000,624.0000,612.5000,621.5000,615.0745,18150782
2007-12-28,619.0000,622.5000,614.0000,619.0000,612.6003,14528651
2007-12-31,615.5000,617.5000,610.5000,615.0000,608.6421,9068848
2008-01-02,611.5000,623.5000,611.5000,616.5000,610.1266,27785795
2008-01-03,620.5000,636.0000,617.0000,635.5000,628.9301,54215400
2008-01-04,634.5000,648.0000,624.0000,627.5000,621.0128,61610329
2008-01-07,628.5000,641.5000,628.0000,637.0000,630.4145,62906412
2008-01-08,634.5000,645.5000,633.0000,633.5000,626.9506,49286184
2008-01-09,622.0000,624.5000,601.5000,610.5000,604.1884,131611827
2008-01-10,610.5000,613.5000,598.0000,605.0000,598.7451,54072084
2008-01-11,605.0000,610.5000,597.5000,600.5000,594.2918,49865412
2008-01-14,600.0000,606.5000,596.5000,597.0000,590.8281,31960300
2008-01-15,590.0000,591.0000,573.0000,573.0000,567.0760,49765533
2008-01-16,574.0000,576.0000,557.0000,564.0000,558.1693,75592976
2008-01-17,563.0000,566.0000,551.5000,553.5000,547.7777,76311968
2008-01-18,552.0000,564.0000,548.5000,554.0000,548.2726,70088188
2008-01-21,547.5000,549.5000,518.5000,519.0000,513.6344,94802603
2008-01-22,506.0000,529.0000,498.5000,526.5000,521.0569,133362272
2008-01-23,534.0000,534.0000,498.0000,503.5000,498.2946,105018608
2008-01-24,517.0000,538.5000,513.0000,531.0000,525.5103,99574480
2008-01-25,543.0000,548.0000,536.0000,538.0000,532.4377,58987772
2008-01-28,535.0000,537.5000,517.5000,531.0000,525.5103,46808569
2008-01-29,535.0000,538.0000,525.0000,532.5000,526.9946,45093468
2008-01-30,531.0000,534.5000,521.5000,524.5000,519.0777,34058777
2008-01-31,523.0000,537.0000,516.5000,532.0000,526.4998,80782017
2008-02-01,533.5000,543.5000,529.5000,542.0000,536.3967,83164270
2008-02-04,542.0000,545.5000,539.0000,542.0000,536.3967,39583812
2008-02-05,542.5000,561.0000,539.0000,543.0000,537.3860,99754372
2008-02-06,543.0000,552.0000,540.5000,544.5000,538.8708,65432239
2008-02-07,542.0000,552.5000,535.0000,536.0000,530.4586,60420506
2008-02-08,541.0000,549.0000,536.0000,547.0000,541.3450,41781069
2008-02-11,545.5000,555.0000,544.0000,547.5000,541.8397,51162830
2008-02-12,554.0000,563.0000,548.0000,563.0000,557.1794,55573434
2008-02-13,558.0000,563.0000,551.5000,561.0000,555.2003,40458360
2008-02-14,563.5000,568.5000,561.0000,564.0000,558.1693,33622672
2008-02-15,564.5000,566.5000,550.5000,553.5000,547.7777,46965668
2008-02-18,557.5000,568.5000,556.0000,568.5000,562.6228,25222426
2008-02-19,566.0000,576.5000,562.0000,572.0000,566.0865,33779120
2008-02-20,564.0000,570.0000,556.5000,557.5000,551.8021,35824986
2008-02-21,561.0000,561.5000,549.5000,551.0000,545.3685,45791838
2008-02-22,547.0000,557.5000,543.0000,548.0000,542.3992,44262723
2008-02-25,555.5000,564.5000,554.0000,562.5000,556.7507,38632663
2008-02-26,564.5000,569.0000,556.5000,566.5000,560.7100,37703872
2008-02-27,570.0000,573.0000,554.5000,561.5000,555.7611,54865170
2008-02-28,559.0000,564.0000,546.0000,548.0000,542.3992,52691622
2008-02-29,549.5000,557.0000,542.5000,546.0000,540.4195,69672168
2008-03-03,543.5000,545.5000,533.0000,540.5000,534.9760,87030256
2008-03-04,539.5000,542.5000,528.5000,536.0000,530.5220,51617130
2008-03-05,538.0000,548.5000,534.0000,547.0000,541.4094,38841922
2008-03-06,550.5000,551.0000,533.5000,534.5000,529.0372,44361242
2008-03-07,529.0000,535.0000,526.0000,528.5000,523.0983,42935301
2008-03-10,529.5000,541.5000,526.0000,534.0000,528.5424,64338541
2008-03-11,536.0000,550.5000,534.5000,538.5000,532.9964,70391441
2008-03-12,543.5000,549.0000,541.0000,545.5000,539.9247,51065880
2008-03-13,537.0000,540.5000,531.0000,534.0000,528.5424,61101376
2008-03-14,535.5000,540.5000,526.5000,529.5000,524.0883,52985100
2008-03-17,522.0000,529.0000,510.0000,510.0000,504.7877,81809800
2008-03-18,516.0000,521.5000,515.5000,519.0000,513.6955,54925496
2008-03-19,523.5000,526.0000,510.5000,511.5000,506.2723,67934440
2008-03-20,507.0000,509.0000,495.0000,496.0000,490.9307,131580072
2008-03-25,510.0000,516.0000,506.5000,515.0000,509.7365,60777596
2008-03-26,513.0000,518.5000,503.5000,515.5000,510.2315,54625388
2008-03-27,513.5000,522.5000,507.5000,512.0000,506.7672,60044823
2008-03-28,507.0000,513.0000,500.5000,503.0000,497.8591,54930698
2008-03-31,498.7500,513.5000,495.0000,512.0000,506.7672,53141397
2008-04-01,507.0000,515.0000,501.5000,512.0000,506.7672,53532592
2008-04-02,514.5000,521.0000,505.5000,520.5000,515.1801,44306242
2008-04-03,525.0000,528.5000,521.5000,522.5000,517.1597,46945792
2008-04-04,524.5000,528.0000,520.5000,528.0000,522.6037,29896747
2008-04-07,530.0000,536.5000,525.5000,535.5000,530.0268,32064481
2008-04-08,531.5000,541.5000,531.5000,537.0000,531.5112,30128346
2008-04-09,538.5000,549.5000,533.5000,545.5000,539.9247,52567065
2008-04-10,548.0000,554.5000,543.0000,550.0000,544.3787,52324561
2008-04-11,555.5000,561.0000,544.0000,547.0000,541.4094,57916894
2008-04-14,544.5000,553.5000,543.0000,549.0000,543.3888,35757228
2008-04-15,560.0000,560.0000,549.0000,552.5000,546.8533,54468071
2008-04-16,554.5000,565.5000,550.5000,564.0000,558.2356,42287994
2008-04-17,565.0000,566.0000,555.0000,562.0000,556.2558,33875876
2008-04-18,564.5000,572.5000,564.0000,568.0000,562.1950,54482376
2008-04-21,568.0000,580.0000,568.0000,573.5000,567.6385,41353104
2008-04-22,573.5000,584.0000,572.5000,576.0000,570.1132,37995342
2008-04-23,578.5000,585.0000,574.0000,583.5000,577.5363,40779354
2008-04-24,583.0000,589.0000,567.5000,575.0000,569.1233,59617948
2008-04-25,577.5000,582.0000,573.5000,580.0000,574.0719,38018456
2008-04-28,582.5000,589.0000,578.5000,578.5000,572.5875,25989476
2008-04-29,596.0000,614.0000,594.5000,613.0000,606.7350,111983152
2008-04-30,617.0000,622.0000,608.0000,611.0000,604.7553,64830889
2008-05-01,610.0000,617.0000,604.5000,605.0000,598.8167,31733304
2008-05-02,608.5000,613.0000,603.5000,611.5000,605.2502,39632844
2008-05-06,612.0000,618.0000,604.0000,610.0000,603.7654,38439053
2008-05-07,615.5000,622.5000,610.5000,618.0000,611.6837,42010648
2008-05-08,616.0000,619.0000,614.0000,617.5000,611.1891,32922609
2008-05-09,619.0000,621.0000,611.5000,613.0000,606.7350,44556326
2008-05-12,615.0000,623.5000,614.5000,619.5000,613.1685,28944854
2008-05-13,622.0000,624.0000,607.5000,618.5000,612.1785,49598931
2008-05-14,615.0000,624.5000,614.0000,621.5000,615.2159,48218016
2008-05-15,623.5000,628.0000,617.5000,625.5000,619.1752,42852650
2008-05-16,628.0000,640.0000,626.0000,635.0000,628.5792,56944646
2008-05-19,635.2500,644.5000,634.5000,643.0000,636.4985,38425962
2008-05-20,640.5000,645.5000,628.0000,628.0000,621.6501,52028222
2008-05-21,634.2500,652.0000,634.2500,649.7500,643.1805,81343408
2008-05-22,647.7500,657.2500,644.0000,646.5000,639.9632,72030303
2008-05-23,643.2500,649.2500,630.0000,630.0000,623.6302,49993966
2008-05-27,634.0000,638.0000,616.5000,616.5000,610.2665,56023674
2008-05-28,616.5000,619.2500,601.7500,605.5000,599.3776,91450856
2008-05-29,611.0000,619.5000,608.7500,612.5000,606.3067,56139767
2008-05-30,606.7500,613.5000,598.2500,608.0000,601.8525,69477326
2008-06-02,607.5000,607.7500,596.5000,604.2500,598.1403,45686400
2008-06-03,603.0000,606.5000,598.0000,604.5000,598.3879,40065098
2008-06-04,597.0000,598.0000,580.2500,581.0000,575.1255,103408040
2008-06-05,578.5000,586.5000,575.5000,583.0000,577.1052,59633452
2008-06-06,590.2500,597.5000,578.7500,580.7500,574.8777,75965808
2008-06-09,582.7500,599.5000,581.7500,594.7500,588.7363,61951682
2008-06-10,593.2500,597.7500,583.0000,583.0000,577.1052,62025355
2008-06-11,587.0000,603.5000,584.5000,591.7500,585.7668,77182624
2008-06-12,596.5000,602.5000,590.0000,594.2500,588.2411,61213987
2008-06-13,584.8000,595.5000,581.2500,585.2500,579.3323,53745568
2008-06-16,581.5000,590.2500,579.5000,587.2500,581.3123,51158847
2008-06-17,583.0000,598.0000,583.0000,592.2500,586.2615,39327893
2008-06-18,587.7500,589.7500,578.3000,579.7500,573.8879,54834756
2008-06-19,587.8000,589.8000,578.3000,579.8000,573.9376,64057640
2008-06-20,570.7500,578.3000,563.2500,564.5000,558.7922,66690220
2008-06-23,567.0000,576.7500,565.0000,574.7500,568.9388,46574040
2008-06-24,575.0000,581.7500,568.0000,571.2500,565.4739,45627329
2008-06-25,576.0000,585.5000,572.0000,573.7500,567.9485,49289464
2008-06-26,577.5000,582.5000,570.0000,570.0000,564.2364,57450702
2008-06-27,570.2500,583.7500,562.0000,565.2500,559.5346,64590201
2008-06-30,567.5000,586.5000,566.5000,583.2500,577.3527,58836164
2008-07-01,579.0000,583.0000,569.5000,569.5000,563.7416,69973791
2008-07-02,568.0000,571.0000,558.5000,558.5000,552.8530,68435096
2008-07-03,553.7500,562.5000,550.0000,557.0000,551.3682,0
2008-07-04,555.5000,563.0000,551.0000,551.5000,545.9239,33451964
2008-07-07,559.7500,573.5000,555.0000,572.0000,566.2164,46572087
2008-07-08,560.5000,562.7500,549.2500,552.5000,546.9135,56267480
2008-07-09,555.2500,558.7500,545.0000,552.0000,546.4186,48253133
2008-07-10,544.7500,548.3000,538.7500,540.2500,534.7873,49569976
2008-07-11,548.0000,554.7500,538.2500,538.7500,533.3026,55516662
2008-07-14,541.5000,547.0000,534.0000,539.0000,533.5502,42063528
2008-07-15,535.0000,541.0000,522.0000,524.2500,518.9494,59161774
2008-07-16,524.2500,529.0000,507.0000,509.5000,504.3484,99294148
2008-07-17,510.0000,522.5000,503.2500,519.7500,514.4950,76919165
2008-07-18,513.0000,523.5000,509.2500,521.0000,515.7319,66808478
2008-07-21,517.0000,531.7500,512.7500,521.5000,516.2270,51253275
2008-07-22,524.0000,538.5000,520.0000,527.5000,522.1666,59707536
2008-07-23,533.0000,533.0000,519.5000,521.7500,516.4744,47827088
2008-07-24,518.7500,523.0000,508.5000,512.5000,507.3181,67112181
2008-07-25,516.0000,525.0000,512.5000,517.5000,512.2675,68064896
2008-07-28,516.0000,525.0000,513.2500,519.5000,514.2471,48251980
2008-07-29,529.0000,538.0000,504.7500,506.7500,501.6261,87859530
2008-07-30,509.5000,517.2500,507.0000,511.0000,505.8333,56881793
2008-07-31,521.0000,527.0000,514.5000,521.5000,516.2270,71847557
2008-08-01,518.5000,525.0000,511.8000,521.2500,515.9796,52714416
2008-08-04,519.5000,534.5000,516.0000,518.0000,512.7625,43227765
2008-08-05,514.0000,514.0000,502.5000,512.0000,506.8232,67997027
2008-08-06,511.5000,524.5000,507.5000,521.0000,515.7319,62289814
2008-08-07,525.0000,536.5000,524.7500,532.0000,526.6207,58265324
2008-08-08,528.5000,531.5000,515.7500,519.5000,514.2471,50784596
2008-08-11,521.0000,529.3000,516.5000,525.0000,519.6915,32915808
2008-08-12,523.7500,537.7500,523.0000,535.0000,529.5905,55273628
2008-08-13,529.7500,532.3000,521.0000,524.5000,519.2649,53503176
2008-08-14,532.0000,537.0000,522.8000,527.0000,521.7401,52306292
2008-08-15,524.2500,529.5000,514.5000,515.5000,510.3545,53491996
2008-08-18,513.2500,523.5000,511.3000,514.5000,509.3647,36295832
2008-08-19,510.5000,518.5000,506.5000,507.0000,501.9398,57363375
2008-08-20,511.5000,517.0000,510.5000,510.7500,505.6523,55682712
2008-08-21,511.0000,518.7500,507.2500,517.0000,511.8400,67229077
2008-08-22,519.5000,521.5000,511.0000,519.2500,514.0676,43642016
2008-08-26,509.5000,519.5000,504.7500,516.2500,511.0972,49548374
2008-08-27,518.5000,528.5000,516.0000,525.7500,520.5026,47292988
2008-08-28,526.0000,530.0000,520.5000,522.2500,517.0375,46588440
2008-08-29,521.7500,530.7500,520.7500,528.7500,523.4729,47074655
2008-09-01,523.7500,533.0000,518.3000,521.0000,515.7998,29945068
2008-09-02,515.2500,516.7500,507.2500,511.5000,506.3948,70895743
2008-09-03,508.2500,519.8000,506.0000,506.0000,500.9496,78340576
2008-09-04,518.5000,530.7500,505.5000,505.5000,500.4547,116381471
2008-09-05,508.0000,512.5000,498.5000,499.2500,494.2670,93955880
2008-09-08,512.5000,517.0000,510.0000,517.0000,511.8400,36192069
2008-09-09,520.0000,524.0000,504.0000,507.2500,502.1872,93115130
2008-09-10,504.0000,511.0000,500.5000,502.0000,496.9896,70962864
2008-09-11,507.2500,511.2500,497.5000,502.0000,496.9896,55752080
2008-09-12,506.5000,511.2500,502.0000,510.0000,504.9099,49139042
2008-09-15,498.2500,503.7500,484.0000,491.5000,486.5944,95215009
2008-09-16,488.0000,488.0000,471.0000,476.0000,471.2491,111734107
2008-09-17,481.7500,485.2500,471.7500,472.2500,467.5364,97402619
2008-09-18,474.0000,482.5000,464.0000,464.5000,459.8640,105896788
2008-09-19,470.0000,514.5000,468.5000,490.2500,485.3567,165076000
2008-09-22,495.0000,506.5000,489.0000,500.2500,495.2570,63993284
2008-09-23,498.0000,501.0000,488.2500,491.5000,486.5944,64889956
2008-09-24,494.5000,495.0000,481.7500,487.0000,482.1394,42495344
2008-09-25,484.7500,499.2500,481.7500,498.0000,493.0295,42544427
2008-09-26,494.7500,495.0000,484.5000,488.5000,483.6244,39408212
2008-09-29,487.0000,489.8000,467.0000,467.0000,462.3391,64460916
2008-09-30,455.5000,471.2500,446.0000,464.0000,459.3689,90692651
2008-10-01,471.7500,473.3000,457.5000,464.0000,459.3689,74862696
2008-10-02,470.5000,474.8000,449.5000,450.0000,445.5086,76363512
2008-10-03,448.2500,471.5000,441.5000,467.7500,463.0815,66530834
2008-10-06,441.7500,452.0000,422.5000,429.7500,425.4608,108863075
2008-10-07,439.7500,453.7500,427.0000,447.2500,442.7859,101386544
2008-10-08,428.0000,455.0000,400.7500,417.0000,412.8380,160884957
2008-10-09,428.0000,436.0000,405.5000,409.5000,405.4130,108908120
2008-10-10,379.5000,399.8000,370.0000,376.2500,372.4947,182987936
2008-10-13,401.7500,418.7500,392.2500,418.2500,414.0756,117710983
2008-10-14,449.0000,462.2500,432.0000,446.7500,442.2911,151114271
2008-10-15,446.5000,450.0000,410.0000,414.2500,410.1154,114513710
2008-10-16,401.0000,423.0000,389.5000,397.5000,393.5326,139132526
2008-10-17,424.0000,433.5000,405.3000,431.7500,427.4409,139656592
2008-10-20,444.7500,476.7500,442.0000,476.7500,471.9918,123917307
2008-10-21,489.7500,491.7500,463.2500,468.5000,463.8240,69560600
2008-10-22,466.5000,468.5000,439.2500,442.7500,438.3309,77773727
2008-10-23,452.0000,469.0000,430.0000,465.0000,460.3591,90047489
2008-10-24,450.0000,450.0000,411.8000,440.0000,435.6085,112628304
2008-10-27,429.0000,447.5000,411.5000,438.0000,433.6284,83081572
2008-10-28,472.0000,476.5000,444.5000,461.5000,456.8937,101975644
2008-10-29,485.0000,510.0000,474.5000,505.7500,500.7020,115568336
2008-10-30,517.0000,518.7500,482.0000,494.5000,489.5644,94283731
2008-10-31,500.0000,509.5000,482.5000,507.2500,502.1872,87926752
2008-11-03,513.0000,515.0000,498.0000,508.2500,503.1773,52542058
2008-11-04,513.0000,533.5000,504.0000,533.2500,527.9278,66132296
2008-11-05,530.0000,530.5000,512.0000,523.0000,517.7800,51164971
2008-11-06,505.0000,517.0000,491.0000,493.0000,488.0794,78460535
2008-11-07,504.0000,524.0000,501.3000,515.0000,509.8596,84906432
2008-11-10,534.5000,538.0000,517.0000,519.7500,514.5626,56537784
2008-11-11,511.0000,516.0000,497.7500,499.2500,494.2670,61814493
2008-11-12,504.7500,506.5000,474.2500,476.2500,471.5789,77094440
2008-11-13,468.0000,475.5000,450.3000,471.0000,466.3804,93961912
2008-11-14,496.0000,509.0000,484.2500,488.0000,483.2136,72977447
2008-11-17,491.0000,498.7500,481.0000,487.7500,482.9661,58268881
2008-11-18,490.5000,510.2500,481.0000,507.5000,502.5224,60913147
2008-11-19,508.0000,514.0000,485.2500,488.0000,483.2136,71352695
2008-11-20,484.0000,493.7500,458.0000,464.0000,459.4491,82365255
2008-11-21,463.0000,484.0000,452.0000,462.2500,457.7161,74025352
2008-11-24,480.0000,513.0000,467.0000,513.0000,507.9686,87801958
2008-11-25,511.0000,540.0000,504.5000,520.5000,515.3947,112468488
2008-11-26,510.0000,521.5000,493.5000,512.7500,507.7209,62937913
2008-11-27,523.0000,533.5000,519.5000,530.2500,525.0493,41127372
2008-11-28,532.5000,534.5000,518.0000,526.7500,521.5833,65737009
2008-12-01,524.5000,528.0000,495.5000,496.0000,491.1352,56810752
2008-12-02,486.0000,514.7500,485.2500,508.7500,503.7600,64712506
2008-12-03,507.5000,512.5000,490.0000,506.0000,501.0370,55634162
2008-12-04,507.7500,517.3000,496.2500,511.7500,506.7306,56905432
2008-12-05,498.2500,500.0000,476.0000,478.0000,473.3117,74199725
2008-12-08,504.2500,519.5000,495.7500,508.5000,503.5126,82174431
2008-12-09,509.0000,532.0000,502.5000,525.2500,520.0983,58121614
2008-12-10,529.2500,532.2500,510.5000,512.5000,507.4733,62149534
2008-12-11,515.0000,541.2500,510.8000,537.2500,531.9804,63933104
2008-12-12,511.0000,522.7500,500.0000,516.2500,511.1862,69111275
2008-12-15,525.5000,531.5000,517.0000,524.7500,519.6033,39316384
2008-12-16,514.5000,530.0000,513.2500,523.7500,518.6130,43660235
2008-12-17,528.8000,540.5000,520.5000,535.5000,530.2477,72153792
2008-12-18,534.0000,537.2500,520.5000,524.5000,519.3553,48683209
2008-12-19,512.2500,517.0000,490.0000,505.0000,500.0470,100374002
2008-12-22,500.0000,517.7500,497.0000,502.0000,497.0763,37323584
2008-12-23,501.0000,513.5000,501.0000,504.7500,499.7993,22550991
2008-12-24,490.2500,499.2500,490.2500,496.0000,491.1352,8884873
2008-12-29,510.7500,520.7500,505.0000,514.2500,509.2063,25582403
2008-12-30,521.5000,526.2500,517.5000,520.0000,514.8996,21224897
2008-12-31,525.7500,529.0000,523.0000,526.0000,520.8410,10421781
2009-01-02,532.7500,553.5000,524.5000,552.7500,547.3289,25346686
2009-01-05,560.0000,566.5000,546.0000,560.0000,554.5075,47203536
2009-01-06,560.0000,565.0000,550.0000,554.5000,549.0613,49070574
2009-01-07,545.7500,546.0000,520.2500,523.7500,518.6130,71650181
2009-01-08,518.0000,533.7500,515.0000,532.0000,526.7819,36049644
2009-01-09,537.5000,537.8000,516.0000,519.0000,513.9092,41167484
2009-01-12,517.2500,519.5000,508.0000,509.0000,504.0078,37781930
2009-01-13,509.5000,517.5000,501.0000,515.5000,510.4435,53867084
2009-01-14,523.0000,523.0000,480.7500,488.7500,483.9563,76897175
2009-01-15,488.7500,496.5000,480.0000,484.7500,479.9955,63031224
2009-01-16,495.0000,507.2500,488.0000,492.0000,487.1743,41635292
2009-01-19,502.0000,507.5000,479.7500,489.0000,484.2038,32430696
2009-01-20,487.5000,505.0000,482.0000,498.0000,493.1155,53336017
2009-01-21,493.0000,497.0000,473.0000,485.7500,480.9857,83331288
2009-01-22,498.0000,501.7500,487.2500,489.7500,484.9465,45595323
2009-01-23,490.7500,492.3000,470.5000,487.5000,482.7185,72152960
2009-01-26,497.3000,510.5000,486.2500,508.0000,503.0175,53736736
2009-01-27,510.5000,512.0000,495.7500,508.7500,503.7600,44584932
2009-01-28,513.0000,516.5000,503.5000,504.2500,499.3042,44211577
2009-01-29,505.7500,507.2500,491.5000,499.0000,494.1058,47455336
2009-01-30,498.2500,502.0000,489.2500,494.5000,489.6499,48817076
2009-02-02,491.0000,491.0000,479.0000,484.7500,479.9955,33101868
2009-02-03,473.0000,488.0000,461.5000,487.2500,482.4709,0
2009-02-04,491.0000,504.8000,484.8000,499.7500,494.8483,52484820
2009-02-05,490.5000,504.5000,487.5000,501.5000,496.5811,44774964
2009-02-06,507.0000,513.3000,502.5000,511.0000,505.9880,51199500
2009-02-09,508.0000,516.0000,502.0000,511.5000,506.4831,24098046
2009-02-10,503.7500,516.5000,501.5000,503.0000,498.0666,31011456
2009-02-11,501.0000,512.0000,499.5000,510.0000,504.9980,36300381
2009-02-12,504.7500,510.0000,496.8000,509.2500,504.2551,42148524
2009-02-13,515.2500,518.0000,505.0000,505.5000,500.5420,42948605
2009-02-16,504.0000,507.3000,494.0000,495.0000,490.1451,25078986
2009-02-17,492.2500,495.5000,485.0000,492.5000,487.6694,56341552
2009-02-18,485.0000,485.8000,467.5000,477.7500,473.1585,58184136
2009-02-19,483.0000,485.3000,471.0000,483.2500,478.6057,42572884
2009-02-20,472.5000,473.8000,460.2500,462.5000,458.0551,50446208
2009-02-23,468.0000,471.3000,452.3000,453.5000,449.1416,42854800
2009-02-24,449.5000,457.8000,445.0000,454.7500,450.3794,46478396
2009-02-25,459.2500,465.5000,450.2500,464.5000,460.0359,74031198
2009-02-26,467.2500,472.8000,452.5000,459.2500,454.8364,67631816
2009-02-27,452.2500,461.0000,441.7500,448.2500,443.9421,61760902
2009-03-02,438.2500,443.0000,422.7500,422.7500,418.6871,68956096
2009-03-03,421.5000,427.8000,400.0000,404.5000,400.6125,101529616
2009-03-04,410.0000,424.0000,409.0000,421.2500,417.2015,67318324
2009-03-05,420.0000,423.5000,412.0000,413.0000,409.0308,92732374
2009-03-06,410.7500,424.8000,407.5000,414.0000,410.0211,72847696
2009-03-09,417.5000,440.0000,416.2500,438.2500,434.0382,95355488
2009-03-10,434.0000,454.5000,422.2500,451.2500,446.9132,74548560
2009-03-11,451.2500,455.5000,444.5000,448.2500,443.9421,73506832
2009-03-12,447.0000,456.0000,445.0000,447.7500,443.4468,64362385
2009-03-13,458.0000,463.5000,447.7500,450.7500,446.4180,33235930
2009-03-16,454.5000,459.5000,447.0000,459.0000,454.5886,32333236
2009-03-17,455.7500,459.3000,447.5000,459.0000,454.5886,34174508
2009-03-18,466.2500,468.7500,453.7500,461.5000,457.0646,66664583
2009-03-19,463.7500,470.0000,452.7500,462.5000,458.0551,80382480
2009-03-20,459.5000,467.2500,456.0000,463.5000,459.0455,64796150
2009-03-23,473.0000,479.2500,461.5000,475.7500,471.1776,45958124
2009-03-24,480.0000,483.0000,463.5000,471.7500,467.2161,44779771
2009-03-25,469.0000,482.0000,468.0000,476.5000,471.9205,41709008
2009-03-26,480.7500,482.0000,474.0000,478.2500,473.6537,28597817
2009-03-27,480.0000,482.0000,473.2500,476.5000,471.9205,27895508
2009-03-30,471.5000,473.0000,458.5000,459.5000,455.0839,33687620
2009-03-31,460.0000,474.2500,459.0000,471.5000,466.9685,50176203
2009-04-01,465.2500,466.0000,453.5000,461.0000,456.5694,67550208
2009-04-02,469.2500,476.5000,461.0000,472.5000,467.9589,62329244
2009-04-03,477.2500,478.0000,454.0000,457.5000,453.1028,47548316
2009-04-06,461.0000,464.2500,446.7500,453.2500,448.8941,28449340
2009-04-07,460.2500,462.5000,442.0000,445.5000,441.2184,34403539
2009-04-08,441.5000,448.0000,433.0000,443.2500,438.9900,48241136
2009-04-09,449.0000,449.0000,439.2500,446.0000,441.7135,43819400
2009-04-14,451.0000,451.0000,429.2500,438.5000,434.2858,50925590
2009-04-15,438.5000,445.0000,426.5000,429.5000,425.3723,46014958
2009-04-16,437.0000,442.5000,430.5000,442.5000,438.2473,57281622
2009-04-17,449.0000,450.0000,442.5000,447.7500,443.4468,45201412
2009-04-20,449.5000,453.5000,444.0000,445.2500,440.9709,44276729
2009-04-21,448.0000,449.5000,436.0000,448.5000,444.1896,40889020
2009-04-22,445.7500,456.0000,442.5000,451.0000,446.6656,47605516
2009-04-23,453.2500,464.3000,446.7500,457.0000,452.6079,41937136
2009-04-24,462.0000,479.2500,459.2500,478.7500,474.1487,52959832
2009-04-27,468.7500,484.2500,466.8000,483.2500,478.6057,40017752
2009-04-28,480.0000,492.2500,475.0000,483.5000,478.8532,64410981
2009-04-29,485.2500,489.5000,476.0000,489.2500,484.5481,40153924
2009-04-30,490.0000,494.5000,481.7500,482.5000,477.8629,43689062
2009-05-01,480.2500,489.0000,479.5000,485.7500,481.0817,15434837
2009-05-05,500.0000,500.2500,488.8000,493.0000,488.2619,40793764
2009-05-06,496.5000,505.5000,487.0000,500.2500,495.4422,42713984
2009-05-07,508.0000,517.8000,500.2500,510.0000,505.0985,86730792
2009-05-08,515.0000,524.0000,510.5000,521.0000,515.9927,39087940
2009-05-11,526.0000,526.8000,511.5000,514.5000,509.5551,59886968
2009-05-12,513.2500,519.7500,507.0000,517.0000,512.0316,39845453
2009-05-13,512.0000,518.8000,507.2500,510.5000,505.6980,44574884
2009-05-14,507.2500,510.8000,499.0000,504.2500,499.5067,38441856
2009-05-15,502.0000,505.3000,496.5000,501.0000,496.2874,37045416
2009-05-18,497.0000,513.5000,491.2500,513.2500,508.4220,33240332
2009-05-19,513.2500,513.8000,505.0000,509.2500,504.4596,35843484
2009-05-20,508.5000,518.0000,506.7500,513.0000,508.1744,41044864
2009-05-21,504.0000,507.0000,493.7500,498.0000,493.3154,33252332
2009-05-22,503.5000,503.5000,495.0000,500.7500,496.0396,59935932
2009-05-26,502.5000,507.5000,491.2500,505.2500,500.4973,54363037
2009-05-27,504.2500,509.3000,501.7500,505.0000,500.2496,53017508
2009-05-28,500.0000,510.2500,498.5000,508.2500,503.4691,26671686
2009-05-29,510.0000,517.8000,509.5000,511.0000,506.1932,52503976
2009-06-01,515.0000,525.3000,511.5000,524.7500,519.8138,43330764
2009-06-02,521.7500,530.0000,520.5000,530.0000,525.0144,35809788
2009-06-03,530.0000,530.2500,517.0000,518.5000,513.6226,44728546
2009-06-04,520.0000,529.2500,520.0000,523.5000,518.5754,39285238
2009-06-05,527.7500,532.0000,522.0000,523.7500,518.8232,31817292
2009-06-08,523.7500,528.2500,519.7500,525.2500,520.3093,36184465
2009-06-09,534.0000,536.5000,528.2500,529.7500,524.7668,47020976
2009-06-10,536.5000,543.7500,531.8000,533.0000,527.9863,48165192
2009-06-11,530.0000,533.2500,524.2500,524.2500,519.3185,29664433
2009-06-12,524.0000,525.3000,513.2500,515.0000,510.1553,33215592
2009-06-15,512.5000,513.5000,501.5000,504.2500,499.5067,34663800
2009-06-16,506.5000,509.8000,502.2500,503.0000,498.2684,32112476
2009-06-17,502.7500,504.5000,487.7500,491.0000,486.3813,37165376
2009-06-18,492.0000,493.8000,480.7500,485.0000,480.4377,40289480
2009-06-19,487.0000,498.7500,483.7500,497.0000,492.3249,81473957
2009-06-22,495.2000,497.7500,475.8000,478.0000,473.5036,49862918
2009-06-23,475.2500,482.3500,473.2000,475.0500,470.5815,52768536
2009-06-24,480.2500,480.5000,470.0000,477.0000,472.5131,50152221
2009-06-25,475.5000,480.3000,469.7000,476.2500,471.7699,52259904
2009-06-26,480.9500,482.9500,469.5000,473.4500,468.9963,40044001
2009-06-29,472.5000,485.2500,471.4000,482.7500,478.2090,35268584
2009-06-30,485.4500,488.0000,474.4000,477.8000,473.3055,62852464
2009-07-01,479.5000,493.4000,479.5000,490.0000,485.3907,44244012
2009-07-02,485.8500,489.5500,478.5500,480.9500,476.4259,61343040
2009-07-03,480.8500,486.8000,478.7500,479.2500,474.7419,28519708
2009-07-06,475.1500,477.9000,465.2500,466.7000,462.3100,37272500
2009-07-07,467.5000,474.5000,461.0500,467.8000,463.3995,42238379
2009-07-08,465.1500,474.9500,463.3000,465.0000,460.6260,39367928
2009-07-09,469.9500,469.9500,461.1000,465.2500,460.8736,33119888
2009-07-10,464.7500,465.5000,459.2500,461.5000,457.1588,33827992
2009-07-13,461.2500,473.6000,459.3000,471.6000,467.1639,31132761
2009-07-14,475.0000,478.2000,469.6500,473.8000,469.3430,26648171
2009-07-15,476.2500,489.4000,475.0000,489.4000,484.7964,28064967
2009-07-16,489.0000,495.4500,484.5500,491.6000,486.9756,28361953
2009-07-17,495.0000,499.0000,493.1000,494.7000,490.0465,33158592
2009-07-20,498.0000,506.4500,492.4000,503.2000,498.4665,29945070
2009-07-21,502.0000,507.5000,500.0000,505.3000,500.5467,27320043
2009-07-22,504.3500,506.9500,499.6500,505.4500,500.6955,24301447
2009-07-23,506.0000,511.9000,502.7000,511.1500,506.3417,30453412
2009-07-24,509.9500,518.5000,507.7500,510.9000,506.0941,34334868
2009-07-27,512.5500,526.0000,510.1500,519.0000,514.1179,37008920
2009-07-28,519.7500,523.7000,500.6000,503.0000,498.2684,50145928
2009-07-29,500.8000,511.7000,500.8000,504.0000,499.2590,37985881
2009-07-30,510.8000,511.3000,504.4000,506.2000,501.4383,54355548
2009-07-31,500.0000,505.2500,497.0000,497.2000,492.5230,51329712
2009-08-03,501.3000,514.8000,495.2000,511.5000,506.6884,44359925
2009-08-04,513.5000,513.8000,503.6000,511.3000,506.4904,27315124
2009-08-05,509.6500,515.6000,501.0000,504.1000,499.3581,36076164
2009-08-06,507.0000,507.1000,498.4500,499.1000,494.4050,38251308
2009-08-07,499.0000,511.6000,498.2500,509.7500,504.9550,34602264
2009-08-10,508.7000,516.2000,502.9500,515.0000,510.1553,26017106
2009-08-11,514.5000,520.0000,510.8000,512.0000,507.1837,25585580
2009-08-12,505.3500,514.7000,503.3000,507.3000,502.6208,34432136
2009-08-13,509.9500,511.3000,503.6000,505.7000,501.0356,25418052
2009-08-14,508.2500,517.9000,505.0000,505.5000,500.8374,26978900
2009-08-17,504.4000,504.7500,493.5000,500.6000,495.9825,6561972
2009-08-18,503.9500,506.1500,499.0000,502.9000,498.2613,22897392
2009-08-19,501.6000,512.0000,499.0000,509.6500,504.9491,35115380
2009-08-20,517.0000,520.4500,514.3000,517.0000,512.2313,42079716
2009-08-21,515.3000,529.4000,514.6000,527.8000,522.9316,57746312
2009-08-24,529.0000,534.4000,522.1000,528.4500,523.5757,30759616
2009-08-25,525.5000,533.0500,521.1500,533.0000,528.0839,30263828
2009-08-26,529.1000,530.8500,525.3500,527.5500,522.6839,24122049
2009-08-27,526.0000,530.7000,524.4000,525.7000,520.8510,28382624
2009-08-28,532.2000,535.3500,526.5000,532.0000,527.0931,35984961
2009-09-01,527.7000,534.1000,519.5000,519.5000,514.7081,39957840
2009-09-02,519.6000,541.7000,514.8000,541.6500,536.6540,81398072
2009-09-03,544.0000,546.1000,532.8000,536.4500,531.5017,41149600
2009-09-04,541.0000,541.0000,531.7500,536.9000,531.9476,28912216
2009-09-07,539.8500,540.7000,533.3000,540.0000,535.0190,20682010
2009-09-08,540.0000,544.2000,538.4000,543.0000,537.9916,36004296
2009-09-09,545.3000,554.0500,541.9000,554.0500,548.9391,34721048
2009-09-10,559.3000,559.7500,542.7500,547.4000,542.3508,28084656
2009-09-11,551.1500,552.6000,543.4500,543.4500,538.4373,33076600
2009-09-14,538.7500,543.4000,533.1000,543.0000,537.9916,25145524
2009-09-15,541.6500,547.5000,536.9000,543.5000,538.4870,29349060
2009-09-16,547.5000,548.8500,540.1500,547.3500,542.3010,38729368
2009-09-17,550.6000,556.7500,549.0000,556.3000,551.1685,33265676
2009-09-18,554.7500,559.1500,552.0000,555.0000,549.8807,56406709
2009-09-21,560.0000,560.1000,552.7000,557.0000,551.8624,18874704
2009-09-22,560.0000,568.5000,558.0000,561.1000,555.9242,22757124
2009-09-23,561.9000,565.3000,551.0000,552.8000,547.7011,23177444
2009-09-24,551.2000,560.9000,546.0000,546.3000,541.2609,32255160
2009-09-25,550.0000,556.9000,548.1000,548.8000,543.7377,32223620
2009-09-28,551.2000,559.6000,546.1000,559.0000,553.8439,25445354
2009-09-29,562.7000,562.7000,553.8000,558.9000,553.7446,19204770
2009-09-30,560.5000,560.5000,548.1000,553.0000,547.8991,28339042
2009-10-01,551.0000,557.4000,540.7000,541.0000,536.0099,34506768
2009-10-02,539.5000,542.8000,530.0000,535.3000,530.3625,31203158
2009-10-05,531.8000,535.2000,528.0000,535.2000,530.2633,41726916
2009-10-06,537.1000,553.1000,535.0000,550.2000,545.1249,39511472
2009-10-07,548.6000,548.6000,539.2000,540.6000,535.6138,33142018
2009-10-08,547.1000,548.9000,537.6000,545.5000,540.4684,28813744
2009-10-09,543.5000,549.7000,538.4000,542.5000,537.4962,35571448
2009-10-12,549.0000,554.2000,546.3000,552.2000,547.1068,32390276
2009-10-13,553.2000,554.5660,546.8000,546.8000,541.7565,28562662
2009-10-14,552.2000,563.9000,551.0000,559.0000,553.8439,42431608
2009-10-15,555.2000,559.7000,554.9000,555.6000,550.4752,37739528
2009-10-16,559.9000,569.5000,558.4000,559.1000,553.9432,50173896
2009-10-19,559.0000,574.5000,559.0000,574.2000,568.9036,36971207
2009-10-20,579.0000,579.0000,565.8000,569.0000,563.7518,28641847
2009-10-21,571.0000,573.9000,560.4000,573.0000,567.7147,35563080
2009-10-22,565.0000,567.5000,558.0000,565.0000,559.7885,28938109
2009-10-23,572.5000,572.8000,562.5000,565.0000,559.7885,21369250
2009-10-26,564.4000,576.9000,564.4000,567.1000,561.8693,29785574
2009-10-27,590.9000,598.0000,584.7000,594.4000,588.9174,78829528
2009-10-28,589.0000,592.2000,577.7000,584.4000,579.0098,54072020
2009-10-29,580.1000,588.5000,577.0000,586.5000,581.0900,44584096
2009-10-30,582.1000,587.8000,568.9000,572.3000,567.0210,39913208
2009-11-02,571.9000,587.6000,567.9000,584.7000,579.3066,26171852
2009-11-03,579.0000,583.9000,573.3000,580.3000,574.9472,32742363
2009-11-04,582.4000,588.0000,576.0000,581.4000,576.0374,32478840
2009-11-05,578.0000,590.7000,576.7000,587.1000,581.6846,26688208
2009-11-06,586.1000,587.9000,575.0000,583.9000,578.5143,28412728
2009-11-09,586.0000,596.0000,584.0000,595.2000,589.7099,13221282
2009-11-10,596.0000,599.3000,592.6000,593.4000,587.9265,39951280
2009-11-11,590.3000,592.9000,582.6000,583.6000,578.3092,28821820
2009-11-12,583.0000,585.8000,576.7000,578.4000,573.1562,25946658
2009-11-13,580.8000,583.0000,575.5000,581.1000,575.8320,18440817
2009-11-16,582.3000,592.4000,579.3000,588.3000,582.9663,22336724
2009-11-17,583.7000,589.7000,582.0000,587.5000,582.1738,26296212
2009-11-18,592.5000,593.9000,586.7000,589.0000,583.6603,20660154
2009-11-19,590.6000,591.6000,578.0000,581.5000,576.2283,30228720
2009-11-20,581.2000,585.3000,575.0000,579.0000,573.7508,40754592
2009-11-23,582.2000,591.5000,582.0000,588.7000,583.3628,21788332
2009-11-24,586.9000,591.9000,583.0000,587.0000,581.6783,47663200
2009-11-25,592.0000,592.0000,584.5000,589.7000,584.3539,68195088
2009-11-26,588.3000,588.3000,570.8000,574.0000,568.7959,24824630
2009-11-27,562.5000,588.2000,562.5000,583.8000,578.5073,26200380
2009-11-30,589.9000,589.9000,574.4000,574.6000,569.3907,38977132
2009-12-01,580.6000,587.9000,578.5000,586.7000,581.3809,37418712
2009-12-02,588.0000,588.8000,580.3000,585.6000,580.2910,21487623
2009-12-03,590.3000,592.0000,579.8000,582.4000,577.1201,49543456
2009-12-04,581.9000,591.2000,578.1000,584.7000,579.3992,33889568
2009-12-07,581.1000,592.5000,577.5000,587.6000,582.2729,32338220
2009-12-08,588.6000,594.0000,580.2000,581.1000,575.8320,35295244
2009-12-09,579.3000,581.1000,572.0000,576.4000,571.1744,31368444
2009-12-10,575.1000,580.9000,572.4000,573.7000,568.4991,26286988
2009-12-11,577.1000,582.9000,574.3000,575.2000,569.9850,21055480
2009-12-14,577.6000,585.0000,577.6000,581.0000,575.7328,21442484
2009-12-15,581.6000,582.3000,572.2000,579.0000,573.7508,23761081
2009-12-16,577.8000,584.8000,573.3000,579.1000,573.8499,29807588
2009-12-17,577.3000,581.0000,574.3000,574.3000,569.0934,26863913
2009-12-18,578.8000,587.7000,575.2000,576.5000,571.2733,80562112
2009-12-21,576.8000,595.4000,576.4000,591.1000,585.7411,22584488
2009-12-22,592.2000,601.2000,592.2000,597.5000,592.0828,19338993
2009-12-23,602.9000,605.9000,600.7000,604.3000,598.8216,13900447
2009-12-24,603.0000,608.7000,603.0000,608.5000,602.9835,4780034
2009-12-29,613.3000,613.4000,604.7000,605.0000,599.5151,13430770
2009-12-30,602.4000,606.2000,598.6000,601.4000,595.9478,7301766
2009-12-31,605.4000,605.4000,600.0000,600.0000,594.5605,5403346
2010-01-04,602.0000,613.6000,601.8000,613.6000,608.0370,17956918
2010-01-05,614.8000,621.2000,609.7000,620.1000,614.4780,28352666
2010-01-06,619.0000,623.0000,614.5000,619.4000,613.7849,22054752
2010-01-07,617.3000,626.2000,617.1000,623.3000,617.6492,30630196
2010-01-08,622.1000,624.5000,615.9000,621.7000,616.0638,22458240
2010-01-11,627.3000,638.3000,624.9000,635.5000,629.7387,30868820
2010-01-12,635.1000,639.0000,624.1000,633.8000,628.0540,36551528
2010-01-13,629.0000,631.5000,623.1000,626.6000,620.9196,41391183
2010-01-14,632.0000,632.7000,621.0000,628.4000,622.7032,28992984
2010-01-15,629.0000,631.3000,623.6000,629.0000,623.2975,69339704
2010-01-18,628.9000,632.8000,625.0000,629.0000,623.2975,17346728
2010-01-19,629.0000,631.8000,623.1000,629.5000,623.7931,25909720
2010-01-20,627.1000,631.5000,618.4000,619.5000,613.8839,30682162
2010-01-21,622.7000,626.1000,609.9000,610.3000,604.7672,29138556
2010-01-22,608.5000,613.5000,602.1000,605.6000,600.1096,40308600
2010-01-25,600.5000,607.7000,596.9000,599.0000,593.5698,34852328
2010-01-26,597.0000,602.7000,594.4000,602.0000,596.5424,24091436
2010-01-27,596.6000,598.8000,590.7000,594.1000,588.7140,35433376
2010-01-28,598.8000,599.0000,587.0000,587.0000,581.6783,52799075
2010-01-29,593.2000,593.8000,585.1000,586.9000,581.5792,37352392
2010-02-01,585.0000,595.0000,581.3000,594.6000,589.2097,32470476
2010-02-02,579.9000,579.9000,563.6000,572.0000,566.8144,117504480
2010-02-03,576.9000,580.9000,572.0000,574.3000,569.0934,55692340
2010-02-04,574.1000,579.5000,562.9000,565.1000,559.9771,51729048
2010-02-05,562.0000,565.8000,555.1000,560.0000,554.9232,50686224
2010-02-08,563.9000,565.7000,555.0000,563.0000,557.8960,34640192
2010-02-09,560.5000,565.5000,559.4000,563.6000,558.4904,30359876
2010-02-10,567.8000,573.7000,565.5000,569.7000,564.5353,35633514
2010-02-11,572.0000,579.6000,569.4000,574.6000,569.3907,40893992
2010-02-12,578.8000,580.6000,572.8000,573.7000,568.4991,34004648
2010-02-15,578.0000,581.0000,573.7000,575.3000,570.0844,16381450
2010-02-16,579.3000,589.5000,575.8000,588.2000,582.8674,39597728
2010-02-17,584.7000,584.7000,572.0000,572.6000,567.5023,34618131
2010-02-18,573.6000,578.6000,571.9000,577.1000,571.9617,21473012
2010-02-19,572.9000,582.0000,572.9000,581.3000,576.1243,60138816
2010-02-22,584.8000,585.4000,579.8000,581.2000,576.0252,22636888
2010-02-23,584.0000,584.0000,570.3000,572.9000,567.7990,31804601
2010-02-24,574.0000,578.8000,572.4000,576.3000,571.1689,26434944
2010-02-25,573.8000,580.1000,566.3000,567.4000,562.3481,31129476
2010-02-26,575.1000,580.0000,570.2000,578.7000,573.5476,41591516
2010-03-01,590.0000,596.0000,582.8000,596.0000,590.6937,40624221
2010-03-02,598.0000,601.5000,591.0000,600.2000,594.8561,38195668
2010-03-03,598.0000,607.2000,594.8000,604.1000,598.7215,64539552
2010-03-04,598.5000,609.6000,598.3000,606.7000,601.2983,61804328
2010-03-05,609.0000,615.0000,603.5000,612.0000,606.5513,26358528
2010-03-08,613.9000,618.0000,610.4000,616.2000,610.7135,23426908
2010-03-09,618.0000,620.0000,614.0000,619.6000,614.0830,35711588
2010-03-10,618.7000,624.9000,616.9000,624.9000,619.3364,25881648
2010-03-11,623.5000,624.0000,618.4000,623.7000,618.1469,20796900
2010-03-12,626.0000,626.0000,618.3000,619.9000,614.3811,26265620
2010-03-15,620.8000,624.5000,618.7000,619.3000,613.7863,19405974
2010-03-16,622.8000,624.7000,620.0000,622.4000,616.8586,21826514
2010-03-17,622.9000,632.3000,621.6000,630.7000,625.0848,26783672
2010-03-18,628.5000,637.8000,626.5000,633.0000,627.3644,30068572
2010-03-19,633.5000,640.1000,631.7000,635.1000,629.4453,69847240
2010-03-22,634.5000,634.5000,624.5000,629.8000,624.1927,25596901
2010-03-23,631.7000,637.3000,629.3000,634.6000,628.9499,22903300
2010-03-24,637.6000,639.1000,630.4000,637.2000,631.5269,26382694
2010-03-25,637.2000,639.4000,633.2000,635.0000,629.3462,28204734
2010-03-26,632.8000,634.7000,629.7000,631.6000,625.9768,24089423
2010-03-29,630.5000,633.8000,623.8000,628.2000,622.6068,26441927
2010-03-30,628.8000,632.5000,623.1000,624.0000,618.4445,28399800
2010-03-31,625.1000,625.9000,619.2000,623.4000,617.8500,42113904
2010-04-01,625.1000,631.3000,623.4000,631.3000,625.6791,26355284
2010-04-06,633.9000,646.3000,632.1000,646.3000,640.5459,31943392
2010-04-07,643.9000,645.4000,639.6000,642.3000,636.5814,31705978
2010-04-08,637.1000,640.2000,635.0000,637.1000,631.4276,16748698
2010-04-09,641.0000,644.9000,638.3000,641.1000,635.3920,24460774
2010-04-12,641.9000,643.4000,636.1000,641.1000,635.3920,15417977
2010-04-13,638.1000,642.7000,636.2000,640.7000,634.9955,18213108
2010-04-14,640.8000,647.9000,640.8000,643.1000,637.3743,23784200
2010-04-15,647.0000,653.4000,642.2000,653.0000,647.1862,29181388
2010-04-16,650.9000,654.3000,640.2000,641.8000,636.0857,42403708
2010-04-19,638.0000,644.4000,637.0000,642.5000,636.7794,22460426
2010-04-20,645.0000,655.6000,644.0000,655.4000,649.5648,28449896
2010-04-21,656.0000,658.2000,647.2000,648.2000,642.4287,23183364
2010-04-22,648.0000,649.5000,635.6000,636.4000,630.7342,27405464
2010-04-23,643.0000,643.0000,635.7000,639.7000,634.0046,23361816
2010-04-26,646.0000,650.2000,626.7000,626.8000,621.2194,42117872
2010-04-27,637.9000,639.6000,610.0000,610.0000,604.5688,69843409
2010-04-28,613.5000,630.2000,612.2000,625.0000,619.4355,53323997
2010-04-29,621.0000,621.0000,578.0000,584.2000,578.9986,133392001
2010-04-30,574.9000,581.0000,559.6000,575.5000,570.3762,164484640
2010-05-04,546.0000,559.0000,545.0000,558.5000,553.5274,158689472
2010-05-05,561.3000,574.8000,552.5000,565.0000,559.9698,139601328
2010-05-06,558.0000,574.9000,557.0000,567.0000,561.9518,80320710
2010-05-07,552.8000,570.0000,546.0000,553.9000,548.9684,80382763
2010-05-10,546.0000,556.5000,540.7000,549.2000,544.3101,90241225
2010-05-11,543.5000,548.3000,536.3000,545.5000,540.6431,55833676
2010-05-12,552.0000,552.0000,536.1000,541.6000,536.7779,52986200
2010-05-13,547.9000,549.0000,541.2000,547.6000,542.7244,29049994
2010-05-14,545.2000,549.1000,530.0000,530.2000,525.4793,55687848
2010-05-17,537.0000,548.0000,527.5000,529.9000,525.1821,55205056
2010-05-18,536.0000,540.0000,528.6000,534.0000,529.2456,41515222
2010-05-19,527.7000,536.5000,522.9000,523.5000,518.8390,58246441
2010-05-20,528.2000,540.0000,514.0000,528.8000,524.0920,81939133
2010-05-21,520.0000,522.5000,505.2000,506.7000,502.1886,94303972
2010-05-24,505.0000,505.3000,486.5500,493.0000,488.6107,66166121
2010-05-25,475.3000,489.3500,469.7500,485.2000,480.8799,79991151
2010-05-26,490.0000,500.0000,477.6500,492.0000,487.6195,84258024
2010-05-27,500.0000,524.3000,498.5000,520.8000,516.1631,101160360
2010-05-28,517.0000,517.0000,494.8000,494.8000,490.3946,71927672
2010-06-01,440.0000,446.3500,411.5000,430.0000,426.1716,227283291
2010-06-02,418.0000,431.9000,415.1000,429.7500,425.9239,123311927
2010-06-03,440.0000,450.0500,431.1000,432.2500,428.4015,113817392
2010-06-04,450.0000,452.7500,432.5000,433.3500,429.4918,98458965
2010-06-07,430.0000,448.0000,427.5500,430.3000,426.4689,87928589
2010-06-08,430.0000,432.0000,396.8000,408.9000,405.2595,140900304
2010-06-09,402.3500,404.5000,380.5000,391.5500,388.0639,146895793
2010-06-10,348.0000,380.5000,345.1500,365.5000,362.2458,318357996
2010-06-11,374.0000,398.0000,367.5000,391.9000,388.4107,198519775
2010-06-14,388.0000,395.0000,351.0000,355.4500,352.2853,165138392
2010-06-15,352.0000,362.6000,336.7500,342.0000,338.9550,157637856
2010-06-16,340.0000,349.6000,333.5000,337.0000,333.9995,158440477
2010-06-17,360.0000,369.8000,352.0000,359.7000,356.4976,156023136
2010-06-18,362.0000,379.5000,354.4000,357.4500,354.2674,159122595
2010-06-21,357.0500,357.4500,338.2000,349.5000,346.3882,74837424
2010-06-22,340.2500,344.6500,328.4000,334.2000,331.2245,84677288
2010-06-23,336.0000,340.8000,332.3000,333.5000,330.5306,49805232
2010-06-24,336.2000,338.5000,324.1000,325.2500,322.3542,60456332
2010-06-25,324.0000,324.8000,296.0000,304.6000,301.8880,148020771
2010-06-28,308.0000,317.8000,303.0000,308.2500,305.5056,66787558
2010-06-29,298.5000,307.4000,298.0000,302.9000,300.2032,76436737
2010-06-30,312.0000,330.8500,309.5500,318.9000,316.0606,124637968
2010-07-01,320.0000,338.3000,312.6500,327.9500,325.0301,103306689
2010-07-02,326.0000,330.3500,320.4500,322.0000,319.1331,50124040
2010-07-05,324.5500,339.9000,323.0000,333.3000,330.3326,31036036
2010-07-06,342.0000,349.4500,338.0000,345.5000,342.4239,62190848
2010-07-07,347.4000,364.2500,346.6000,362.0500,358.8265,91138400
2010-07-08,366.0000,375.0000,363.0000,367.0000,363.7325,86251672
2010-07-09,369.0500,375.0000,358.2000,364.8000,361.5522,50038000
2010-07-12,381.5500,402.5500,378.0000,398.9500,395.3979,87478304
2010-07-13,409.9500,419.8500,402.2000,410.3500,406.6965,90788040
2010-07-14,410.0000,411.5000,391.0000,401.0000,397.4298,103318996
2010-07-15,395.9500,405.2000,392.9000,401.7500,398.1730,52938238
2010-07-16,424.9000,426.4500,403.7000,407.1500,403.5249,123608268
2010-07-19,399.0000,401.0000,376.8500,387.8500,384.3969,80607105
2010-07-20,396.0000,399.0500,381.4500,387.4500,384.0003,49163589
2010-07-21,390.0000,403.0000,390.0000,399.9000,396.3395,75345384
2010-07-22,396.0000,406.9500,390.1000,400.0000,396.4387,42001872
2010-07-23,397.0000,403.2000,393.1000,398.6000,395.0511,32564796
2010-07-26,409.9500,417.6500,403.1000,416.9500,413.2377,38774456
2010-07-27,418.8000,421.8000,401.5000,406.0000,402.3852,71455152
2010-07-28,410.0500,411.5000,396.1500,402.5000,398.9164,37538209
2010-07-29,407.0000,416.2500,399.4000,413.4500,409.7690,34819905
2010-07-30,408.0000,413.4000,404.3000,405.9500,402.3357,35120708
2010-08-02,410.0000,415.7500,405.3000,413.1000,409.4221,27643679
2010-08-03,412.9500,415.6500,407.0000,415.6500,411.9492,26096875
2010-08-04,418.0000,425.9000,408.6000,421.6500,417.8959,63286259
2010-08-05,418.0000,434.5000,418.0000,423.4000,419.6302,73604552
2010-08-06,429.7500,438.2500,423.7000,425.3500,421.5629,51590012
2010-08-09,434.2000,436.9000,430.0000,432.7500,428.8971,34109966
2010-08-10,428.2000,431.5000,417.9000,419.3500,415.6163,34319799
2010-08-11,415.2500,420.0000,410.1000,411.0000,407.3407,28041996
2010-08-12,410.0500,413.6500,401.1000,410.0500,406.3992,37516499
2010-08-13,414.8000,417.8500,401.8000,416.4000,412.6926,39011596
2010-08-16,416.3000,416.6500,406.1500,409.7500,406.1019,24275120
2010-08-17,406.2500,409.9000,403.6500,408.0000,404.3673,36499279
2010-08-18,404.9000,406.9500,396.1500,397.6000,394.0600,38057960
2010-08-19,399.6000,402.0000,386.4000,386.7000,383.2570,43775276
2010-08-20,386.0500,389.9000,371.5500,388.3500,384.8922,50435208
2010-08-23,382.0000,394.9000,382.0000,390.6000,387.1224,28722492
2010-08-24,385.0500,386.3500,373.2000,377.5000,374.1390,41315560
2010-08-25,375.0500,378.4500,365.5000,375.1500,371.8099,51479496
2010-08-26,381.0000,387.3000,380.0500,385.6000,382.1667,32836837
2010-08-27,379.6000,382.6000,374.2000,379.6500,376.2699,35384181
2010-08-31,377.0000,381.1500,372.0000,380.6000,377.2113,60372812
2010-09-01,383.5000,391.2000,375.7500,388.7500,385.2888,40378088
2010-09-02,391.0000,394.4500,385.5500,392.6000,389.1045,35409420
2010-09-03,394.0000,401.7000,392.7500,401.7000,398.1234,30554145
2010-09-06,405.0000,409.7500,404.0000,406.5000,402.8807,23239664
2010-09-07,407.0000,410.2500,403.7000,406.8000,403.1782,29854301
2010-09-08,404.0000,416.6500,404.0000,412.1500,408.4805,42034951
2010-09-09,410.0000,417.9500,408.7500,415.4500,411.7510,27029384
2010-09-10,412.0000,414.4000,408.5500,411.6500,407.9849,30158113
2010-09-13,414.2500,417.3500,412.3500,416.0500,412.3458,27401994
2010-09-14,416.8000,418.7000,414.2500,415.2000,411.5033,23432812
2010-09-15,415.0500,415.2000,404.1000,404.1000,400.5021,37259045
2010-09-16,408.0000,413.1500,405.9500,408.4500,404.8134,29740322
2010-09-17,412.0000,414.0000,403.0500,403.0500,399.4615,49089942
2010-09-20,407.6500,411.9500,407.0000,411.3500,407.6875,29267904
2010-09-21,410.8500,418.7500,409.0500,414.8000,411.1070,33817118
2010-09-22,413.5000,415.0000,405.8000,406.2500,402.6330,33805844
2010-09-23,409.0000,409.0000,401.3000,405.1000,401.4933,28312244
2010-09-24,403.8500,410.0000,400.7500,404.9000,401.2951,39337433
2010-09-27,408.0000,408.0000,402.7500,403.9000,400.3038,31686464
2010-09-28,405.0000,406.0000,397.0000,405.1500,401.5427,41353688
2010-09-29,410.6500,424.4500,410.3000,421.0000,417.2517,72050120
2010-09-30,422.2500,436.1500,419.8000,427.8000,423.9912,77089618
2010-10-01,436.0000,443.5000,432.0000,440.5000,436.5782,57641857
2010-10-04,441.0500,442.0000,430.1000,430.1000,426.2706,28560189
2010-10-05,428.1500,434.7000,428.1000,431.5000,427.6583,30166544
2010-10-06,432.2000,439.1000,429.4000,435.5500,431.6721,30207570
2010-10-07,434.0000,438.9500,432.8500,437.0500,433.1587,35636340
2010-10-08,436.0000,436.7000,431.3500,435.8500,431.9695,16826503
2010-10-11,433.0000,434.9000,430.2500,432.3500,428.5007,19645780
2010-10-12,432.0000,432.0000,425.0500,429.1500,425.3289,20626074
2010-10-13,436.7000,439.0000,433.7000,436.9500,433.0597,29230653
2010-10-14,436.7000,437.3000,428.5000,429.7000,425.8743,27609850
2010-10-15,430.0000,430.0000,420.2000,425.4500,421.6621,38004060
2010-10-18,425.9500,433.9000,423.1500,432.1500,428.3024,27337904
2010-10-19,432.3500,436.8000,427.0000,435.7000,431.8208,39034920
2010-10-20,435.4000,435.8500,428.4500,435.4000,431.5233,24669521
2010-10-21,430.2000,434.9500,426.9000,432.5000,428.6493,38257883
2010-10-22,430.0500,434.6000,427.2500,428.7000,424.8831,25308873
2010-10-25,434.2000,434.9500,428.0000,428.6500,424.8336,19924259
2010-10-26,428.0500,431.4000,422.1000,426.3500,422.5539,24878709
2010-10-27,426.3500,426.3500,418.2500,419.0500,415.3191,39769665
2010-10-28,423.3500,428.1000,420.5500,423.0000,419.2338,26311592
2010-10-29,422.7500,428.7500,420.9500,425.8000,422.0091,36890852
2010-11-01,426.0500,428.3000,420.7000,424.0000,420.2250,21893620
2010-11-02,425.5000,432.5500,424.5000,431.6500,427.8068,35408840
2010-11-03,434.9500,444.2500,433.6500,439.3000,435.3888,49097556
2010-11-04,441.0500,446.9500,439.0500,445.1000,441.1371,39724589
2010-11-05,447.9500,451.3500,441.7500,446.3500,442.3759,41947312
2010-11-08,447.9000,449.0000,442.1000,444.0000,440.0471,28103159
2010-11-09,445.2500,459.2000,443.0500,454.4500,450.4037,54265216
2010-11-10,449.0500,450.2000,444.0000,445.4500,441.4841,42858696
2010-11-11,449.1000,452.8000,445.0000,449.8000,445.7953,31886472
2010-11-12,443.7000,452.2000,441.3000,445.9500,441.9794,31960872
2010-11-15,444.0000,452.8500,442.0000,448.7000,444.7051,23832180
2010-11-16,444.7500,446.6000,435.5500,435.6500,431.7712,29280412
2010-11-17,434.0500,436.6000,432.7000,435.6000,431.7217,24645343
2010-11-18,437.5500,442.5500,434.3000,438.2500,434.3482,18193918
2010-11-19,440.2500,441.0000,431.5500,435.8500,431.9695,23692224
2010-11-22,439.5000,440.9500,429.7000,431.0000,427.1627,22630692
2010-11-23,430.0000,435.4500,428.3500,428.7500,424.9325,29930504
2010-11-24,432.2000,439.8500,428.1500,437.0000,433.1091,34456284
2010-11-25,436.5000,438.6000,433.0000,437.4000,433.5056,13310250
2010-11-26,434.0500,439.4500,430.0000,436.0000,432.1181,18157772
2010-11-29,438.0000,442.9000,428.2500,428.2500,424.4371,35406664
2010-11-30,431.3000,432.9000,425.0000,425.9500,422.1576,41282696
2010-12-01,427.3500,433.5500,426.1500,429.8500,426.0229,29597546
2010-12-02,435.5000,442.9000,433.1000,441.6000,437.6683,38756614
2010-12-03,443.4500,444.0000,435.2000,435.2000,431.3252,34823535
2010-12-06,439.5000,451.0000,436.7500,450.0000,445.9933,36016992
2010-12-07,452.0000,461.0000,452.0000,455.0000,450.9489,43869344
2010-12-08,454.0000,462.4000,452.3000,456.6000,452.5347,35534292
2010-12-09,456.1500,458.3000,452.0500,455.4000,451.3454,21956552
2010-12-10,452.0000,456.8000,449.1500,455.0000,450.9489,24701229
2010-12-13,453.3500,462.5000,452.0000,458.3500,454.2691,23466777
2010-12-14,458.3500,475.1000,457.2000,473.1000,468.8878,62475412
2010-12-15,469.5500,479.0000,467.3000,476.5500,472.3070,46026141
2010-12-16,470.0000,470.0000,470.0000,470.0000,465.8154,58391682
2010-12-17,468.8000,470.6000,464.2000,467.1500,462.9908,52272508
2010-12-20,466.2500,471.5000,465.2000,469.1000,464.9233,27599866
2010-12-21,470.0000,472.9500,470.0000,472.4500,468.2436,19398912
2010-12-22,471.6500,472.0500,467.9500,470.0000,465.8154,17503176
2010-12-23,472.9000,477.3000,472.5000,476.6500,472.4062,16880434
2010-12-24,475.7500,478.5000,471.8000,474.5500,470.3249,2045677
2010-12-29,473.3500,475.9500,469.7500,473.3500,469.1357,12585007
2010-12-30,471.8500,474.9000,468.0500,471.2000,467.0048,11015120
2010-12-31,475.0000,475.0000,465.5500,465.5500,461.4050,9444118
2011-01-04,486.4500,498.0500,483.5000,492.9000,488.5114,75345400
2011-01-05,492.0000,500.5000,490.7000,499.2500,494.8050,53944660
2011-01-06,499.2500,511.5000,495.4000,496.9000,492.4758,52215197
2011-01-07,496.0000,498.1500,486.8000,492.5000,488.1151,31794709
2011-01-10,485.2000,488.0000,479.0000,486.3500,482.0198,34115247
2011-01-11,490.0000,500.0000,490.0000,500.0000,495.5482,37790675
2011-01-12,498.5000,505.0000,498.5000,503.9000,499.4135,36696972
2011-01-13,506.0000,512.0000,503.0000,503.7000,499.2155,36817674
2011-01-14,501.9000,505.1000,495.0000,499.5000,495.0528,30740398
2011-01-17,510.0000,512.1000,500.2000,500.7000,496.2420,40769020
2011-01-18,503.8000,511.7000,502.8000,509.0000,504.4682,39555245
2011-01-19,514.0000,514.9000,504.7000,506.0000,501.4948,30571927
2011-01-20,504.0000,504.0000,492.1000,494.0500,489.6514,39313114
2011-01-21,497.3000,497.3000,497.3000,497.3000,492.8723,40541737
2011-01-24,497.0000,501.3000,491.2000,497.0000,492.5750,23156524
2011-01-25,500.0000,500.4000,493.8500,497.0000,492.5750,46615928
2011-01-26,497.0000,499.1500,486.0000,491.7000,487.3221,39408828
2011-01-27,489.0000,491.7500,484.6000,486.4000,482.0695,40001751
2011-01-28,486.1000,491.1500,481.2500,486.8000,482.4658,28892099
2011-01-31,484.5500,489.7500,482.0500,484.8500,480.5331,31969628
2011-02-01,480.5000,492.0000,475.0000,491.0000,486.6285,93142918
2011-02-02,495.0000,495.6000,485.5500,488.0000,483.6550,34542680
2011-02-03,485.9000,488.5000,476.4000,477.9500,473.6947,47647300
2011-02-04,481.6000,483.8500,475.4000,476.2500,472.0096,43857792
2011-02-07,478.0000,485.1000,475.7500,481.4500,477.1634,44143944
2011-02-08,480.0000,485.1000,479.1500,484.5000,480.1863,33213763
2011-02-09,480.1500,481.0000,476.4500,476.4500,472.2550,31444976
2011-02-10,475.0500,478.4500,471.7500,476.7000,472.5027,31130656
2011-02-11,475.0500,478.5000,471.6500,475.7500,471.5611,23730314
2011-02-14,480.0000,481.3880,473.1400,480.0000,475.7737,2995397
2011-02-15,484.0000,486.9000,482.3000,486.2000,481.9190,27267259
2011-02-16,485.6000,490.8000,484.5000,488.8500,484.5458,32918486
2011-02-17,489.5000,491.0000,485.7000,489.3500,485.0414,16958284
2011-02-18,493.7000,494.7000,490.9500,493.0000,488.6592,31118170
2011-02-21,491.0000,495.4000,489.7820,491.5500,487.2220,25272736
2011-02-22,487.8000,496.1500,485.2500,492.7500,488.4115,34391992
2011-02-23,486.0000,490.9000,485.0000,488.5000,484.1989,27646114
2011-02-24,484.3500,495.3000,484.3500,493.0000,488.6592,39959815
2011-02-25,490.0000,496.8500,490.0000,494.7500,490.3939,20898447
2011-02-28,495.5000,498.9500,492.2500,494.7000,490.3443,30761591
2011-03-01,498.4000,498.5900,488.8500,490.0000,485.6857,26442106
2011-03-02,487.0000,488.7890,482.8000,484.5000,480.2341,31118592
2011-03-03,489.2000,492.9000,485.1500,491.5000,487.1724,20795952
2011-03-04,492.9500,496.3500,487.4550,493.9000,489.5512,33617744
2011-03-07,494.1000,503.8000,491.2000,497.5000,493.1197,30251560
2011-03-08,495.3500,497.0000,488.5000,493.8000,489.4523,28956680
2011-03-09,494.8000,495.8000,485.0000,485.0500,480.7792,43060976
2011-03-10,481.9000,485.8480,475.3000,476.5000,472.3044,41878878
2011-03-11,472.9000,474.7110,465.9500,468.4000,464.2757,57594005
2011-03-14,470.3000,470.6000,457.9000,459.3000,455.2559,44803464
2011-03-15,450.0000,453.9000,431.0000,451.2500,447.2768,73448128
2011-03-16,454.3500,475.0000,447.5000,450.3000,446.3351,52322096
2011-03-17,455.0000,458.7800,449.0000,457.6000,453.5709,32653865
2011-03-18,460.0000,466.2500,459.0000,462.0000,457.9320,66420844
2011-03-21,465.0000,466.2500,461.2000,464.6000,460.5093,26278538
2011-03-22,463.4500,472.0300,462.0500,463.6000,459.5180,30910894
2011-03-23,460.0000,472.0000,460.0000,470.2500,466.1095,34665131
2011-03-24,469.9500,482.1500,466.5530,480.9000,476.6658,27354550
2011-03-25,478.0000,485.4500,474.5000,483.5500,479.2923,27795598
2011-03-28,482.0000,484.0500,476.6500,477.1000,472.8992,27422540
2011-03-29,478.0000,478.0000,461.9000,466.5500,462.4420,54254424
2011-03-30,465.0000,468.7500,458.2000,458.4500,454.4135,41275648
2011-03-31,457.0000,460.9500,452.0000,454.0000,450.0026,56113348
2011-04-01,461.0000,472.6290,460.0000,470.0000,465.8617,43929880
2011-04-04,470.9500,475.6000,469.2500,469.2500,465.1183,23572534
2011-04-05,471.0500,476.7500,470.2000,474.8500,470.6690,22256922
2011-04-06,475.5500,478.0400,471.4000,476.5000,472.3044,30330404
2011-04-07,472.6000,477.1500,472.6000,474.9000,470.7185,22759847
2011-04-08,476.1500,480.2270,475.0000,478.5000,474.2868,29462207
2011-04-11,479.8000,479.8000,472.5000,474.8000,470.6195,18632844
2011-04-12,470.0000,470.0000,460.6500,461.3500,457.2880,33167124
2011-04-13,462.5500,469.6000,460.8400,464.2000,460.1129,25137324
2011-04-14,462.5000,464.2500,458.0300,460.0500,455.9995,20518508
2011-04-15,460.5000,462.0500,453.1850,455.7500,451.7372,33756242
2011-04-18,456.0500,458.8390,448.4500,451.6500,447.6733,35204660
2011-04-19,455.5000,456.4200,450.9500,452.5000,448.5159,24814270
2011-04-20,457.9500,469.2500,457.0000,466.2500,462.1448,30967274
2011-04-21,469.9500,471.5000,460.4500,460.6000,456.5446,24100916
2011-04-26,460.0000,466.7400,460.0000,464.2000,460.1129,19502094
2011-04-27,465.0000,472.0600,463.0000,466.0000,461.8969,40133490
2011-04-28,463.6000,464.6000,459.0500,462.5500,458.4773,33223834
2011-04-29,462.5500,462.5500,462.5500,462.5500,458.4773,0
2011-05-03,460.3500,463.7000,454.4500,457.9500,453.9178,30049224
2011-05-04,455.4000,456.9500,446.7430,448.7000,444.7494,40123410
2011-05-05,447.6000,452.9000,440.6000,441.0500,437.1668,41907001
2011-05-06,442.0000,456.4100,431.2000,454.7000,450.6964,79672536
2011-05-09,452.0000,458.6000,450.5000,454.5000,450.4982,35064201
2011-05-10,452.9500,458.8500,452.5500,455.4500,451.4398,36411267
2011-05-11,454.0000,463.2000,447.1500,448.0000,444.1018,30360384
2011-05-12,444.9000,445.5000,438.5000,443.2500,439.3932,35077518
2011-05-13,444.5000,449.4500,441.8000,442.2000,438.3523,23667732
2011-05-16,438.6000,443.0000,435.5000,438.4500,434.6349,29617411
2011-05-17,435.0000,445.8000,434.1000,434.8000,431.0168,35210108
2011-05-18,438.7500,442.3000,437.4500,441.0500,437.2124,21395484
2011-05-19,446.0000,452.8000,445.0000,447.9000,444.0029,38812113
2011-05-20,455.3500,466.0000,453.0000,460.0000,455.9975,89018360
2011-05-23,455.0000,459.1000,451.8000,452.0000,448.0671,34574096
2011-05-24,454.1500,460.0500,452.5500,456.4000,452.4289,48775538
2011-05-25,451.8000,458.7000,450.8500,457.2000,453.2218,37071088
2011-05-26,459.0000,463.7500,456.2500,461.2000,457.1870,39708292
2011-05-27,463.5000,464.7500,459.6500,459.6500,455.6505,26659816
2011-05-31,462.0500,470.3500,462.0500,468.3500,464.2747,43772692
2011-06-01,468.4000,471.1500,463.2000,466.1500,462.0940,34991028
2011-06-02,462.5000,463.3000,455.6500,455.6500,451.6852,24506772
2011-06-03,456.0000,456.9500,448.2500,454.3500,450.3965,29910802
2011-06-06,452.0500,456.0500,448.8000,450.9000,446.9767,22597684
2011-06-07,449.2000,452.2500,447.7000,448.1500,444.2504,36124382
2011-06-08,447.8000,449.0000,439.7000,444.1500,440.2854,31172560
2011-06-09,444.1500,451.5720,442.7500,450.0500,446.1339,21292472
2011-06-10,449.9000,451.7400,442.0500,442.0500,438.2036,24477116
2011-06-13,441.3500,443.2500,436.0000,437.5500,433.7428,21610932
2011-06-14,439.0000,442.8500,438.5500,440.5000,436.6671,27396018
2011-06-15,440.0000,442.4870,435.5000,435.5000,431.7106,24564044
2011-06-16,428.0000,434.6500,425.0000,433.9000,430.1246,54457816
2011-06-17,431.0000,433.9000,428.0000,433.2000,429.4306,54271644
2011-06-20,429.0000,431.9330,427.4480,429.6500,425.9115,27066494
2011-06-21,435.5000,446.6000,433.1000,445.7000,441.8219,48246172
2011-06-22,444.6000,446.7500,441.2500,445.2500,441.3759,27253126
2011-06-23,444.7500,446.7500,434.6000,435.5000,431.7106,40514439
2011-06-24,442.5000,445.0000,434.8500,437.1500,433.3462,27260482
2011-06-27,434.0000,440.5500,434.0000,440.0000,436.1715,22256072
2011-06-28,442.8500,445.9000,440.3000,443.5000,439.6410,25351927
2011-06-29,446.1000,450.6500,444.0500,449.3500,445.4402,23589123
2011-06-30,451.9000,459.1500,449.9500,458.6500,454.6592,34621612
2011-07-01,460.0000,460.0500,455.0500,459.6500,455.6505,21524911
2011-07-04,460.1500,464.1500,459.0000,462.8500,458.8225,13287127
2011-07-05,462.8000,464.1000,458.7000,459.3500,455.3532,19066434
2011-07-06,456.0000,456.8500,449.4000,455.0000,451.0410,33217258
2011-07-07,459.0500,464.1920,455.3000,462.6000,458.5749,29473720
2011-07-08,463.9500,468.0120,458.1000,458.5000,454.5105,29415373
2011-07-11,460.2000,462.2500,453.5500,459.1000,455.1053,24796269
2011-07-12,453.0500,457.6000,449.5000,453.2500,449.3060,38470391
2011-07-13,453.5000,458.0000,452.5000,456.5000,452.5277,18598879
2011-07-14,452.9500,463.3000,448.8000,457.9500,453.9651,43707321
2011-07-15,456.0500,460.5000,452.9000,459.0000,455.0061,34159104
2011-07-18,453.8000,460.5000,453.1500,456.0000,452.0322,34771665
2011-07-19,459.2000,463.0000,457.0000,460.6000,456.5922,21929703
2011-07-20,463.9000,475.2500,460.4500,472.0000,467.8932,40594600
2011-07-21,473.5500,473.5500,465.9000,470.0000,465.9103,33617385
2011-07-22,471.3000,475.8760,467.1800,470.3500,466.2573,28888958
2011-07-25,467.4000,483.0360,467.0000,475.4000,471.2633,30098186
2011-07-26,464.0000,467.0000,461.3500,463.2500,459.2191,43472873
2011-07-27,466.9000,466.9000,458.8000,460.2000,456.1956,35029392
2011-07-28,456.7500,460.0890,452.4000,458.8000,454.8078,21192502
2011-07-29,455.9000,463.6000,450.6000,461.0000,456.9887,48577677
2011-08-01,465.8500,467.9500,455.7610,458.0000,454.0148,29563906
2011-08-02,455.3000,458.1000,446.2000,447.0500,443.1601,43692733
2011-08-03,435.1000,446.5000,429.0000,433.0000,429.2785,37927576
2011-08-04,439.0000,442.2700,420.3740,420.5000,416.8858,61902677
2011-08-05,410.0000,420.7000,400.0000,410.6500,407.1205,73242952
2011-08-08,402.0000,414.0000,400.6500,403.0500,399.5858,67761184
2011-08-09,400.6000,407.0000,379.6500,405.2500,401.7670,74520828
2011-08-10,411.0000,411.9000,395.5000,396.4000,392.9930,77810601
2011-08-11,409.0000,409.0000,389.8000,396.6000,393.1912,59656984
2011-08-12,398.0000,408.0520,392.4000,404.8500,401.3704,48654068
2011-08-15,411.7500,420.0000,409.7000,416.7000,413.1184,33610852
2011-08-16,415.3500,417.2460,407.5000,416.5500,412.9698,28617846
2011-08-17,414.2500,416.7500,410.0000,413.0000,409.4503,21376506
2011-08-18,409.1500,412.7000,394.7000,400.0000,396.5621,47446704
2011-08-19,396.6500,397.1500,384.1000,389.9000,386.5489,52913043
2011-08-22,386.8500,402.7710,386.0500,390.2000,386.8462,26566690
2011-08-23,394.0000,399.9500,391.2000,396.0500,392.6459,26385916
2011-08-24,399.4000,403.7000,392.1500,399.2500,395.8185,27007254
2011-08-25,401.8000,403.0000,384.6500,386.1000,382.7816,45612408
2011-08-26,385.5500,388.9170,375.4000,386.3000,382.9799,45235251
2011-08-30,398.0000,400.9890,391.3500,397.6000,394.1827,31849531
2011-08-31,398.5000,407.5900,395.0000,402.4500,398.9910,47765731
2011-09-01,404.8500,405.0000,386.1500,388.5000,385.1608,52988632
2011-09-02,385.4500,391.0000,367.8500,374.4000,371.1821,88819712
2011-09-05,369.9000,378.9240,363.2000,363.2000,360.0782,31756276
2011-09-06,362.7000,375.4550,361.2500,371.6500,368.4556,43439191
2011-09-07,382.5500,388.5000,379.2000,386.5000,383.1782,40711580
2011-09-08,387.0000,390.8000,381.5500,388.5000,385.1608,25374138
2011-09-09,386.1000,392.2020,378.0000,378.0000,374.7511,28371072
2011-09-12,371.1000,377.9400,366.7000,375.5000,372.2727,33309511
2011-09-13,382.0000,384.2500,371.6500,381.6000,378.3202,30806365
2011-09-14,382.0000,400.5500,382.0000,395.1000,391.7042,70115774
2011-09-15,400.9500,416.7140,400.4500,411.0000,407.4675,52649629
2011-09-16,415.0000,426.0350,410.2500,413.5500,409.9955,68102899
2011-09-19,408.8000,413.0000,404.7500,407.4000,403.8984,26418685
2011-09-20,402.6000,415.9000,402.6000,414.5000,410.9374,23210761
2011-09-21,412.7500,413.2500,401.3000,404.0500,400.5773,29392246
2011-09-22,391.7000,395.0680,376.9900,384.0000,380.6996,43782864
2011-09-23,387.2000,392.3500,374.3000,385.0500,381.7405,46596036
2011-09-26,381.2500,391.6640,381.0000,384.7000,381.3935,33743716
2011-09-27,398.2000,407.0600,393.1500,404.7500,401.2712,29962968
2011-09-28,403.3500,410.8500,396.7000,399.9000,396.4628,21741712
2011-09-29,395.0000,397.1210,387.2500,391.8000,388.4325,31236298
2011-09-30,394.0000,395.0000,382.3000,388.5000,385.1608,56879349
2011-10-03,382.2500,388.5000,379.3500,386.8500,383.5250,27682968
2011-10-04,381.0000,381.4500,363.9500,372.0000,368.8026,39313292
2011-10-05,382.9500,391.3000,378.0000,390.3000,386.9454,38370072
2011-10-06,385.7500,393.5860,383.3800,392.8000,389.4239,51315658
2011-10-07,395.7000,403.4500,392.0000,393.6000,390.2172,31433752
2011-10-10,398.0000,406.1040,394.5500,405.1500,401.6678,26320490
2011-10-11,405.6000,406.9000,399.2000,405.8500,402.3619,21827780
2011-10-12,407.6000,414.8330,404.5000,411.9500,408.4093,23198658
2011-10-13,407.9000,410.3450,402.0000,405.8000,402.3122,23428870
2011-10-14,408.8500,418.4520,407.5500,416.4000,412.8210,29955184
2011-10-17,430.5000,440.5440,421.3000,425.5500,421.8924,56980019
2011-10-18,421.5000,437.6300,421.2500,430.9000,427.1963,33520065
2011-10-19,437.4500,437.9390,432.6500,436.9500,433.1945,41167312
2011-10-20,428.5000,433.7500,427.1000,429.8000,426.1059,31227205
2011-10-21,434.1000,443.7000,427.6000,439.4000,435.6233,45003668
2011-10-24,443.5000,443.5000,431.4500,438.1000,434.3344,33726624
2011-10-25,444.0000,461.7590,444.0000,457.2000,453.2704,70392198
2011-10-26,455.2000,461.0000,452.3000,461.0000,457.0378,32208174
2011-10-27,472.0000,472.3500,463.1500,467.8500,463.8289,51236328
2011-10-28,469.0000,477.5380,460.5000,467.2000,463.1845,32106144
2011-10-31,465.0000,468.7940,460.9500,461.0000,457.0378,34518172
2011-11-01,450.9500,453.0000,436.2500,444.0000,440.1838,67162838
2011-11-02,444.8500,454.7790,441.0000,452.6000,448.7602,47642986
2011-11-03,447.0000,465.0000,447.0000,456.7000,452.8253,30590566
2011-11-04,456.1000,459.5500,448.7500,452.5500,448.7105,20810167
2011-11-07,444.9500,456.9500,442.7000,452.8000,448.9585,25674324
2011-11-08,454.0500,463.4690,453.0000,457.3000,453.4202,23176982
2011-11-09,461.4500,466.0500,444.1500,450.0000,446.1822,41095344
2011-11-10,441.2500,452.3000,440.1700,448.6500,444.8437,23173369
2011-11-11,450.0500,459.1500,447.2000,458.3000,454.4118,19878192
2011-11-14,461.8500,461.8890,456.2700,458.8000,454.9074,14212333
2011-11-15,454.1500,458.4600,450.3850,457.1500,453.2715,23059406
2011-11-16,455.4000,465.4710,452.3390,464.2500,460.3112,28970988
2011-11-17,461.4500,462.0000,448.6310,455.6000,451.7346,32754245
2011-11-18,450.4000,454.1180,447.5550,449.9500,446.1325,23759096
2011-11-21,447.8500,447.8500,439.5600,440.0000,436.2670,28486118
2011-11-22,443.0000,445.1600,434.7310,435.8000,432.1025,26810631
2011-11-23,431.8500,432.7300,424.8970,426.4000,422.7825,31714533
2011-11-24,426.0000,428.0850,418.0400,420.5500,416.9821,25289314
2011-11-25,419.2500,430.6200,416.9920,425.4000,421.7909,19057308
2011-11-28,431.7000,439.5800,427.5000,437.8000,434.0858,30698862
2011-11-29,437.0000,443.5500,433.4500,438.8000,435.0772,24164888
2011-11-30,436.7000,464.8900,435.0000,460.7500,456.8410,70930730
2011-12-01,459.5500,465.2900,453.7500,454.3500,450.4953,29459213
2011-12-02,459.9000,466.4000,458.5000,464.8000,460.8568,25187297
2011-12-05,468.3000,469.6000,461.0000,466.3000,462.3439,21112974
2011-12-06,460.8000,470.3500,460.7000,465.5500,461.6002,29731214
2011-12-07,469.9500,471.4500,455.3000,460.0500,456.1469,30265057
2011-12-08,457.0500,460.7250,448.0000,451.1000,447.2729,38712209
2011-12-09,446.3500,459.1500,446.3500,452.0500,448.2148,21449824
2011-12-12,451.6000,452.3500,444.5500,444.5500,440.7785,21116014
2011-12-13,445.4500,456.8000,443.8000,452.2500,448.4131,20873932
2011-12-14,448.8000,451.0550,440.2000,440.9500,437.2090,25181199
2011-12-15,443.0500,452.4000,442.0000,447.8500,444.0505,32951793
2011-12-16,448.0000,449.9500,443.6500,445.7500,441.9682,44121896
2011-12-19,440.6000,442.3000,434.3990,437.6500,433.9368,23695112
2011-12-20,436.5500,445.7000,433.0000,444.0000,440.2331,19921424
2011-12-21,448.7500,449.6450,435.6000,439.5500,435.8207,23711840
2011-12-22,443.4000,453.6000,442.4500,450.3000,446.4796,17563436
2011-12-23,458.9000,460.4200,455.0000,459.7000,455.7999,7037894
2011-12-28,460.0000,461.5750,451.1000,455.7500,451.8834,13611461
2011-12-29,457.5000,460.8500,454.0000,460.8500,456.9401,8684607
2011-12-30,460.0500,461.7500,456.1200,460.5000,456.5931,6063068
2012-01-03,470.0000,471.8700,460.6700,471.0500,467.0536,25202477
2012-01-04,471.5000,482.0780,469.2500,473.4500,469.4333,26286174
2012-01-05,478.1500,481.3400,471.1000,474.0500,470.0281,29053048
2012-01-06,478.2000,483.6000,474.3500,477.0500,473.0027,24790032
2012-01-09,478.9000,479.0000,472.0000,473.6000,469.5820,27271112
2012-01-10,478.8000,481.8010,474.5500,479.6000,475.5310,24693899
2012-01-11,479.7500,480.1500,468.4370,475.3000,471.2675,24498525
2012-01-12,475.2000,479.6500,470.2000,479.5000,475.4320,33763712
2012-01-13,479.0000,482.3000,471.5500,476.3000,472.2590,30482450
2012-01-16,472.9500,479.5000,472.3000,478.0000,473.9446,18884184
2012-01-17,482.9500,487.6000,477.6800,481.9500,477.8611,44964322
2012-01-18,481.2000,483.1620,477.3000,481.4000,477.3158,22143346
2012-01-19,481.5500,485.3000,477.8000,482.4500,478.3569,30630132
2012-01-20,481.6000,482.4500,466.3000,467.4500,463.4841,59342979
2012-01-23,469.6000,481.0500,465.8500,476.7000,472.6557,23817612
2012-01-24,474.0500,479.2100,471.9000,477.4000,473.3497,16912395
2012-01-25,480.0000,480.0000,472.1500,474.5500,470.5240,12636134
2012-01-26,474.4500,480.1620,470.8500,476.7500,472.7052,16790119
2012-01-27,470.9000,472.3260,463.6000,464.5500,460.6088,35186528
2012-01-30,460.9500,464.1310,455.0500,458.4500,454.5605,25828384
2012-01-31,467.0000,475.1000,465.8500,470.8500,466.8553,52617896
2012-02-01,482.0000,487.5880,479.7000,483.0000,478.9021,35127300
2012-02-02,482.6000,482.6000,473.0500,477.9000,473.8455,26670364
2012-02-03,477.6000,484.8000,474.3500,484.5000,480.3894,17908002
2012-02-06,487.2500,490.9770,483.2590,489.5500,485.3966,22533778
2012-02-07,491.0000,493.9200,479.1500,486.5000,482.3725,26743710
2012-02-08,488.0000,491.0200,483.9230,489.7500,485.5949,23848095
2012-02-09,494.2500,498.8760,490.3980,493.4000,489.2140,24689616
2012-02-10,488.2000,494.0510,485.1500,490.3000,486.1403,25001481
2012-02-13,492.4000,496.4960,490.3000,496.0000,491.7920,20219406
2012-02-14,494.3000,501.3700,494.3000,494.8000,490.6020,26913036
2012-02-15,491.1500,499.7130,483.1000,487.4000,483.3202,24792131
2012-02-16,485.0000,494.1000,483.9550,487.5500,483.4689,21817264
2012-02-17,491.2000,493.0400,484.7500,488.9500,484.8572,21528761
2012-02-20,497.9000,503.0000,496.2470,499.2500,495.0710,25496459
2012-02-21,497.0000,502.1000,494.1680,497.7000,493.5340,26958022
2012-02-22,498.8000,499.8500,493.8500,496.9500,492.7903,25258748
2012-02-23,494.7000,497.7700,492.6650,495.3500,491.2036,22371260
2012-02-24,499.0000,501.1750,495.3000,496.2000,492.0464,27207624
2012-02-27,500.0000,505.8100,497.0000,501.7000,497.5004,37937220
2012-02-28,502.0000,503.1330,497.0000,499.3000,495.1205,22501129
2012-02-29,500.5000,501.6000,490.4300,492.4000,488.2785,32172352
2012-03-01,492.3000,497.0500,491.2310,496.4000,492.2448,20454932
2012-03-02,496.3000,499.9870,492.5500,496.5000,492.3441,16697687
2012-03-05,510.0000,512.0000,500.8600,504.6000,500.3763,40612392
2012-03-06,500.0000,502.7910,489.3000,490.1000,485.9976,29886648
2012-03-07,487.3500,493.7900,485.7500,492.7500,488.6254,20504473
2012-03-08,492.5000,498.9650,490.4000,494.4500,490.3112,25853027
2012-03-09,493.0000,495.7400,487.8000,493.9000,489.7658,28989069
2012-03-12,493.7500,554.0000,491.1500,495.7000,491.5506,15687884
2012-03-13,497.6500,501.1900,495.7500,498.8500,494.6744,16623293
2012-03-14,500.0000,503.0230,497.1000,499.0500,494.8727,23816449
2012-03-15,495.0500,496.1630,490.5000,492.7500,488.6254,30360843
2012-03-16,494.9000,496.2800,487.4500,490.1500,486.0471,60495028
2012-03-19,491.0000,493.4210,487.7000,491.2500,487.1379,12333260
2012-03-20,490.0000,491.5500,483.1420,484.1000,480.0477,18249962
2012-03-21,485.8000,487.8000,481.0500,481.5500,477.5190,21883856
2012-03-22,481.6000,482.2500,474.5920,476.5500,472.5610,17050730
2012-03-23,477.0000,480.6200,473.3000,477.5500,473.5526,21991256
2012-03-26,481.5000,484.4900,477.3000,481.9000,477.8662,15522851
2012-03-27,483.0000,484.4500,471.3500,471.3500,467.4045,31754589
2012-03-28,471.0000,474.1300,468.1000,468.1000,464.1817,22879586
2012-03-29,467.9500,468.7500,456.5000,458.9000,455.0589,35724368
2012-03-30,461.2500,466.5800,457.7000,462.5500,458.6783,33503900
2012-04-02,466.8000,471.4500,462.3120,471.4500,467.5038,31429580
2012-04-03,472.8500,475.4710,464.2000,464.2500,460.3640,19329633
2012-04-04,463.5000,465.8500,450.5000,452.0500,448.2661,29053616
2012-04-05,452.5000,456.3500,445.9420,456.1000,452.2822,30717944
2012-04-10,455.0000,455.0000,445.3500,445.3500,441.6221,31165260
2012-04-11,444.1500,450.0720,442.7000,444.2500,440.5312,25796946
2012-04-12,442.9500,446.7190,433.5000,444.8500,441.1263,38023837
2012-04-13,445.5000,446.1000,439.7000,441.8500,438.1515,20836088
2012-04-16,441.9000,449.8680,441.9000,442.9500,439.2423,15572243
2012-04-17,441.2500,453.0500,441.2000,452.5000,448.7123,20925246
2012-04-18,451.0000,452.0000,445.1250,446.0000,442.2668,19891810
2012-04-19,448.4500,452.2000,440.0500,440.0500,436.3664,20384138
2012-04-20,440.0000,441.6500,428.6800,434.8500,431.2101,38914604
2012-04-23,431.5500,432.9200,423.7500,429.7000,426.1032,31332408
2012-04-24,432.0500,438.7700,430.5000,436.6000,432.9453,24528141
2012-04-25,438.0500,439.5850,431.1500,432.3000,428.6815,36016716
2012-04-26,434.0000,445.1160,433.7500,444.2500,440.5312,27638467
2012-04-27,441.9500,448.3400,440.1000,446.3500,442.6138,19636524
2012-04-30,447.1000,448.6750,441.4000,445.0000,441.2750,21347290
2012-05-01,437.0000,443.3700,429.0000,441.3000,437.6062,27733988
2012-05-02,441.1500,443.8500,431.9000,433.8000,430.1688,32773506
2012-05-03,436.9500,439.0100,431.9500,435.7000,432.0529,20452660
2012-05-04,432.2000,433.7720,421.0000,422.1500,418.6163,29373755
2012-05-08,420.0000,425.1900,413.2000,415.0000,411.5262,32970039
2012-05-09,412.1000,414.1200,401.3000,404.0000,400.6735,39290712
2012-05-10,407.9500,412.6780,401.4200,410.5000,407.1201,34153815
2012-05-11,409.8000,417.3040,405.0000,415.1000,411.6821,31031578
2012-05-14,411.0000,411.2500,402.1300,403.9000,400.5745,25917432
2012-05-15,404.9000,407.1500,398.4000,400.4000,397.1031,23120880
2012-05-16,395.7500,404.6500,395.0500,399.6500,396.3594,39746228
2012-05-17,401.0000,401.2000,391.7200,396.6500,393.3840,30507204
2012-05-18,392.0000,399.1490,389.5000,391.9500,388.7228,30341255
2012-05-21,393.4000,398.3870,359.9000,395.6000,392.3426,34795391
2012-05-22,398.5000,405.5700,395.9100,401.9500,398.6404,28380198
2012-05-23,399.0000,401.3040,393.9000,393.9000,390.6567,64927961
2012-05-24,397.9000,409.9480,393.9000,407.0000,403.6489,29862322
2012-05-25,405.6500,408.8000,401.7000,407.3500,403.9960,20139252
2012-05-29,396.0000,409.4340,396.0000,406.8500,403.4999,34341369
2012-05-30,403.7000,404.2250,396.2500,398.3000,395.0204,53082128
2012-05-31,398.4000,402.7500,391.5500,394.9000,391.6486,38022544
2012-06-01,407.7000,414.8000,397.5000,402.0000,398.6899,77207824
2012-06-06,399.7000,408.0550,399.0000,406.9500,403.5993,40489312
2012-06-07,409.0000,421.1000,408.0150,413.6000,410.1945,37780539
2012-06-08,412.0000,412.4500,406.6300,409.0500,405.6820,37460088
2012-06-11,417.8500,420.0110,413.9500,414.9000,411.4837,32905468
2012-06-12,412.8000,418.2500,408.8500,417.4500,414.0128,26782157
2012-06-13,417.0500,420.3820,413.6500,418.7000,415.2524,32451558
2012-06-14,418.0000,420.4350,413.3500,416.7000,413.2690,24744084
2012-06-15,421.3500,427.0000,416.7000,423.5000,420.0130,78340504
2012-06-18,428.3500,428.5500,417.6500,420.7000,417.2360,23005240
2012-06-19,423.0000,429.1500,422.0000,426.9000,423.3849,23115453
2012-06-20,425.1000,426.8730,423.2500,425.6500,422.1453,46973636
2012-06-21,422.2500,424.2300,412.1000,412.1000,408.7068,46926396
2012-06-22,407.3000,411.0870,403.0200,407.2500,403.8968,28610050
2012-06-25,407.0000,409.6170,401.0500,402.0500,398.7397,20390228
2012-06-26,404.9500,408.8080,401.2000,401.6000,398.2934,22970996
2012-06-27,403.0500,409.9380,400.3000,408.5000,405.1364,20119028
2012-06-28,410.8000,412.4000,405.2480,412.4000,409.0045,19584774
2012-06-29,419.0500,425.4500,415.6000,421.9500,418.4758,32006838
2012-07-02,427.3000,432.5000,421.9500,432.5000,428.9389,24679006
2012-07-03,430.0000,433.3500,427.2500,432.9000,429.3355,22874063
2012-07-04,432.5500,433.6780,422.4500,430.5500,427.0049,19252556
2012-07-05,430.1000,439.8500,429.5500,434.2000,430.6249,43752394
2012-07-06,432.1500,437.6000,426.9500,428.2000,424.6742,28437708
2012-07-09,426.0000,428.4200,420.1500,423.9500,420.4592,28392141
2012-07-10,425.2500,430.4000,422.6000,428.5000,424.9718,17512406
2012-07-11,425.9000,432.8000,423.8000,432.5500,428.9884,16536662
2012-07-12,431.3500,435.9000,428.6000,435.1000,431.5174,28408480
2012-07-13,436.5000,441.9980,435.6000,438.1000,434.4926,26861302
2012-07-16,436.5000,443.1720,436.1000,441.5000,437.8648,21280464
2012-07-17,442.0000,446.9810,439.8500,444.0000,440.3441,27113533
2012-07-18,443.0000,446.0500,440.1000,444.9000,441.2368,31489316
2012-07-19,444.3000,446.9000,440.5000,444.2000,440.5425,22677770
2012-07-20,443.9500,445.0000,438.7670,439.8500,436.2284,33187918
2012-07-23,437.0000,438.1700,427.5000,430.5500,427.0049,21839691
2012-07-24,434.0000,437.7100,426.9500,427.8500,424.3272,20019528
2012-07-25,424.3500,431.8000,423.0000,428.4500,424.9221,17440036
2012-07-26,428.1000,433.8750,422.5500,432.7000,429.1372,19788460
2012-07-27,436.7500,440.1340,431.6000,438.7000,435.0879,23756692
2012-07-30,438.9500,446.6000,436.8500,444.4500,440.7904,24425471
2012-07-31,430.0000,442.8000,423.5500,425.0500,421.5502,57887736
2012-08-01,422.5000,428.6000,421.1500,428.0500,424.5256,25330500
2012-08-02,429.4500,436.7500,426.3500,429.2500,425.7156,52216016
2012-08-03,430.0000,438.3090,429.5500,437.9500,434.3440,18871119
2012-08-06,437.3000,442.5500,435.4000,441.0000,437.3690,14633204
2012-08-07,443.9000,453.8000,443.9000,453.8000,450.0635,30005756
2012-08-08,447.4500,452.4000,445.0500,450.9500,447.2919,19989254
2012-08-09,451.5000,453.5500,446.3000,448.9000,445.2585,55420465
2012-08-10,448.2000,452.5000,445.7450,448.6000,444.9610,17395252
2012-08-13,448.2000,449.7000,446.2000,446.8500,443.2253,13836351
2012-08-14,448.5000,452.9650,448.0500,450.9000,447.2422,26653338
2012-08-15,449.9000,452.2170,447.6000,450.0000,446.3495,17237033
2012-08-16,451.8000,452.4800,448.0500,451.2500,447.5895,14920809
2012-08-17,453.0000,456.0000,451.5000,454.3500,450.6643,17452019
2012-08-20,453.5000,453.5000,449.7880,452.0000,448.3333,10274753
2012-08-21,452.5000,452.9000,448.4500,450.6500,446.9942,19605748
2012-08-22,448.4500,448.6500,446.0000,447.0000,443.3739,16844982
2012-08-23,447.3500,450.0000,444.7750,445.4500,441.8366,15774490
2012-08-24,444.1500,445.4000,440.8100,444.5500,440.9438,11828580
2012-08-28,446.1000,447.5000,442.0500,444.2500,440.6463,16303540
2012-08-29,443.0500,444.7500,441.6000,441.9500,438.3649,15284149
2012-08-30,440.6000,444.3110,438.1000,442.0500,438.4641,14042386
2012-08-31,441.3000,445.9000,440.0500,441.3500,437.7698,25537393
2012-09-03,442.8500,445.0000,440.5820,443.7000,440.1007,13346223
2012-09-04,444.6500,444.6500,435.9000,436.6000,433.0582,22063336
2012-09-05,425.0000,427.1380,417.0260,423.8500,420.4118,62116220
2012-09-06,424.7500,431.9350,422.2000,431.4500,427.9503,28625480
2012-09-07,431.4500,434.7500,426.0020,434.7000,431.1738,27007172
2012-09-10,434.7500,441.7500,431.0000,437.8000,434.2486,24765779
2012-09-11,439.0500,444.2500,438.0000,443.0000,439.4064,21169344
2012-09-12,442.9000,443.3500,437.9500,441.0000,437.4227,25924212
2012-09-13,440.6000,444.8950,439.1000,444.8500,441.2414,39153128
2012-09-14,448.8500,454.1690,447.9500,450.2000,446.5479,48779300
2012-09-17,449.0000,452.5000,448.0000,451.5000,447.8374,23430044
2012-09-18,444.2000,446.0000,436.8000,438.9500,435.3893,37320846
2012-09-19,440.5000,445.4000,439.3000,443.7500,440.1502,24278660
2012-09-20,442.8000,445.6930,438.7500,444.3000,440.6959,27044075
2012-09-21,445.0000,448.1000,440.3500,441.0000,437.4227,59350370
2012-09-24,438.8000,444.5250,438.0500,443.0000,439.4064,28914668
2012-09-25,443.3000,447.3000,443.3000,446.0000,442.3820,18198856
2012-09-26,442.3500,444.3060,437.8000,438.3500,434.7943,18499350
2012-09-27,439.0000,442.0540,438.5500,440.6000,437.0259,21256593
2012-09-28,441.1000,444.3500,436.5000,436.5000,432.9592,24263712
2012-10-01,434.8000,441.1500,434.0000,438.5500,434.9925,25569062
2012-10-02,436.4500,439.7620,433.6500,438.3500,434.7943,16094091
2012-10-03,438.0000,441.4000,437.0700,439.0500,435.4883,24945362
2012-10-04,439.0000,439.8500,430.2500,434.2000,430.6778,30006701
2012-10-05,440.0000,441.7500,433.5000,436.7500,433.2071,27577682
2012-10-08,433.8500,437.9970,433.1500,437.0000,433.4550,11464700
2012-10-09,438.0000,441.8880,433.7420,437.6000,434.0502,16547139
2012-10-10,435.7500,438.3000,432.0000,436.0500,432.5127,16483355
2012-10-11,435.5500,440.8500,434.4500,438.7500,435.1909,25951854
2012-10-12,437.3000,439.3500,431.3500,431.4500,427.9503,29911348
2012-10-15,431.9500,434.5080,427.8500,429.5500,426.0654,22600413
2012-10-16,431.5500,436.8020,429.8370,435.3500,431.8185,21280625
2012-10-17,435.4500,454.3930,431.6580,448.3500,444.7130,57833128
2012-10-18,449.3500,464.7100,448.2500,452.0500,448.3830,31540680
2012-10-19,451.4000,455.0650,450.0000,450.4000,446.7463,30161380
2012-10-22,450.0000,459.3500,440.6000,443.4500,439.8528,44069002
2012-10-23,445.2500,446.9500,431.9500,433.2500,429.7354,39440357
2012-10-24,434.9500,439.1000,431.7500,435.0000,431.4713,64632424
2012-10-25,434.5000,436.9500,430.6500,431.1000,427.6029,20265131
2012-10-26,429.2500,434.7030,427.1370,431.6000,428.0988,22010048
2012-10-29,429.4000,431.5500,423.7500,425.0000,421.5524,17831367
2012-10-30,439.5000,449.5730,437.0500,442.8500,439.2576,33352820
2012-10-31,444.4500,450.9280,442.2530,443.3000,439.7039,41985128
2012-11-01,442.1000,446.7840,437.7000,444.5000,440.8943,30175638
2012-11-02,446.3000,447.8750,442.1000,445.2000,441.5886,52323139
2012-11-05,443.0500,443.7000,437.7500,441.2000,437.6211,26450810
2012-11-06,440.9000,444.8900,439.8500,444.2000,440.5966,33153967
2012-11-07,443.9000,447.9940,432.8000,432.9000,429.4484,49165384
2012-11-08,436.7500,437.4000,429.9500,430.2500,426.8196,36890112
2012-11-09,426.7500,431.4500,422.8500,429.2000,425.7779,26439772
2012-11-12,430.7000,432.1000,426.3500,427.3000,423.8929,15216533
2012-11-13,427.2500,429.0000,423.0000,428.8000,425.3811,28216438
2012-11-14,427.2000,431.5000,425.1500,425.7500,422.3554,28814698
2012-11-15,422.0000,434.6500,421.1000,425.4000,422.0083,49650216
2012-11-16,423.9000,426.5500,416.3500,416.6000,413.2783,42108055
2012-11-19,422.5000,431.7000,422.0000,431.6000,428.1587,37898256
2012-11-20,430.9000,434.7500,428.6000,432.2500,428.8034,29860280
2012-11-21,430.7500,434.6740,429.0500,433.0000,429.5475,18152204
2012-11-22,434.8000,436.0310,432.4500,433.6000,430.1428,13223114
2012-11-23,435.2500,437.2570,432.0000,435.5000,432.0276,12136762
2012-11-26,434.0500,435.5300,430.4500,431.3500,427.9107,18910348
2012-11-27,434.4500,435.5130,429.6500,431.2500,427.8115,17611522
2012-11-28,429.6500,431.9500,418.7000,429.4000,425.9763,57634132
2012-11-29,430.0000,432.1000,428.3500,431.0500,427.6130,26570006
2012-11-30,430.1000,433.5800,427.7000,431.6000,428.1587,28903364
2012-12-03,433.5500,434.9500,428.3570,430.1500,426.7201,21808194
2012-12-04,427.8000,429.9150,422.7000,424.3000,420.9170,22537889
2012-12-05,426.7000,427.4100,420.5000,425.5000,422.1074,27747688
2012-12-06,427.0000,429.3130,424.1500,427.6000,424.1906,19904771
2012-12-07,427.8000,429.7000,423.5500,426.0500,422.6530,29226133
2012-12-10,425.9000,427.7200,424.9000,426.1000,422.7026,29288602
2012-12-11,425.1000,429.8860,424.3320,427.5000,424.0914,15381599
2012-12-12,427.5000,431.3190,425.2000,430.0500,426.6211,22733992
2012-12-13,430.0000,432.2800,427.2000,428.7500,425.3315,18978876
2012-12-14,427.5000,429.9500,423.8500,426.4500,423.0498,24235986
2012-12-17,427.6000,428.3610,423.0500,427.0000,423.5955,20060584
2012-12-18,428.6500,430.8170,426.8000,428.4500,425.0339,21649744
2012-12-19,429.7500,432.4000,427.0000,431.3000,427.8611,26853728
2012-12-20,433.4500,433.5000,427.6000,430.1000,426.6707,17216340
2012-12-21,428.6000,432.6800,423.8000,430.7500,427.3156,40613496
2012-12-24,433.0000,435.6900,429.2000,430.7000,427.2660,7460816
2012-12-27,430.0000,432.4000,425.5500,428.4500,425.0339,12329112
2012-12-28,430.0000,430.4660,421.6050,425.0500,421.6609,11197943
2012-12-31,423.9500,428.8120,421.8000,424.8000,421.4129,7114619
2013-01-02,429.2500,433.5800,426.5000,431.3000,427.8611,17136180
2013-01-03,435.0000,444.0000,431.9000,441.7000,438.1782,25383320
2013-01-04,448.5000,454.6000,444.1500,453.5000,449.8841,36090932
2013-01-07,452.6000,452.9500,447.4000,448.7500,445.1719,18736810
2013-01-08,446.2000,451.7800,445.8000,448.9500,445.3704,17980552
2013-01-09,449.0000,460.1220,445.1190,458.6500,454.9929,31166970
2013-01-10,458.7000,462.8500,456.9370,461.0500,457.3739,20823964
2013-01-11,461.9500,466.8500,459.0350,461.9500,458.2667,20984852
2013-01-14,461.8000,463.2110,458.7500,459.3000,455.6378,16276762
2013-01-15,459.1000,459.8000,455.2750,459.5000,455.8363,18530056
2013-01-16,459.0000,461.4000,455.1610,458.4000,454.7451,20137049
2013-01-17,458.4000,462.1000,455.3150,461.0000,457.3243,20045394
2013-01-18,461.3000,462.0500,457.2000,460.3500,456.6795,22892901
2013-01-21,459.6000,463.3500,458.5180,459.0000,455.3403,8768431
2013-01-22,455.0000,461.0290,454.7000,455.4500,451.8185,18411728
2013-01-23,457.0000,465.0500,455.1000,463.2500,459.5564,30114751
2013-01-24,461.7500,469.0000,460.5630,467.7000,463.9709,20012304
2013-01-25,463.1500,470.0110,461.2500,465.3000,461.5900,24873792
2013-01-28,463.5000,469.8500,462.1500,468.4500,464.7149,19861734
2013-01-29,470.0000,476.8000,468.7500,475.6500,471.8574,21964740
2013-01-30,475.5500,482.3300,473.7930,475.9000,472.1055,22939723
2013-01-31,474.8000,478.3500,466.7500,466.7500,463.0283,35931940
2013-02-01,467.0000,474.2300,467.0000,472.5000,468.7327,16725530
2013-02-04,472.5000,474.4500,460.7500,462.0500,458.3660,22920592
2013-02-05,462.4500,471.7500,461.5500,468.7000,464.9630,21520294
2013-02-06,466.4000,467.4000,461.7500,465.7500,462.0364,27754347
2013-02-07,466.0000,469.5640,455.9500,456.8000,453.1577,44361864
2013-02-08,455.8000,458.0840,450.8000,455.6000,451.9675,22465909
2013-02-11,453.0500,457.0000,451.6500,454.7500,451.1241,27769057
2013-02-12,456.1000,460.4790,453.2000,460.0500,456.3819,33773024
2013-02-13,454.5000,457.2500,450.7730,453.6000,450.0485,26716092
2013-02-14,452.5000,452.8450,446.5000,450.0500,446.5263,31943160
2013-02-15,451.4500,452.5000,446.7000,448.1000,444.5917,35088140
2013-02-18,448.5500,450.1500,444.2500,445.0000,441.5159,14537795
2013-02-19,444.1000,450.8000,443.6000,446.3500,442.8553,42251429
2013-02-20,448.5000,450.7850,442.4290,447.7500,444.2443,35139744
2013-02-21,445.6000,448.3000,438.3000,443.0000,439.5316,25417909
2013-02-22,443.1000,445.9100,441.4500,444.0500,440.5732,53206176
2013-02-25,453.0000,455.9000,448.8000,451.1500,447.6176,68741752
2013-02-26,442.9000,449.5000,441.6000,444.1000,440.6229,25335604
2013-02-27,444.9500,448.0380,442.5500,446.9500,443.4506,16048635
2013-02-28,447.9000,448.4720,443.5500,445.7000,442.2103,26237692
2013-03-01,443.2000,449.0000,441.5500,446.3500,442.8553,17320354
2013-03-04,446.4500,450.0050,443.2180,443.9000,440.4245,18530644
2013-03-05,443.9000,447.9400,441.6500,447.0000,443.5002,24932241
2013-03-06,447.0500,451.3000,445.1500,449.5000,445.9807,31003137
2013-03-07,450.0000,452.1300,448.4000,449.6000,446.0799,21459244
2013-03-08,448.9500,452.9090,448.2000,450.7000,447.1713,26419836
2013-03-11,449.9000,454.7500,449.4600,452.5500,449.0068,23332930
2013-03-12,452.3000,455.4000,451.7000,452.1000,448.5603,14902887
2013-03-13,452.6000,452.6000,445.1000,449.3000,445.7823,21888093
2013-03-14,449.0000,451.9800,446.3000,451.0500,447.5186,21116240
2013-03-15,451.4000,452.4500,444.8000,449.6500,446.1294,50098989
2013-03-18,446.1500,450.7330,442.1000,448.5000,444.9884,24322982
2013-03-19,446.6000,452.6300,446.3000,449.7000,446.1791,16347155
2013-03-20,452.1500,453.1940,446.8000,448.0000,444.4924,23660632
2013-03-21,448.5000,451.0000,444.2000,449.4000,445.8814,21170174
2013-03-22,461.0000,463.3000,456.1500,457.7000,454.1164,62938076
2013-03-25,460.0500,461.8500,457.7420,459.9500,456.3489,24469535
2013-03-26,460.5000,463.3000,458.2500,462.9500,459.3254,20952941
2013-03-27,463.1500,464.7500,458.1500,463.4500,459.8215,20733698
2013-03-28,463.0000,468.3000,458.3500,459.9000,456.2992,32870898
2013-04-02,460.6000,464.9500,459.6500,462.5000,458.8788,46347840
2013-04-03,463.7000,465.2830,461.4500,461.9000,458.2836,25131689
2013-04-04,462.0000,462.0000,451.1500,452.0000,448.4611,37082047
2013-04-05,451.8000,454.2500,445.5000,447.1000,443.5995,17202440
2013-04-08,449.1500,451.4500,444.7500,448.0500,444.5420,27683704
2013-04-09,450.1000,451.9870,447.8910,450.7500,447.2208,19527602
2013-04-10,452.6500,455.4500,449.7980,452.0000,448.4611,23166788
2013-04-11,451.5000,453.4000,449.2500,451.7000,448.1634,16517463
2013-04-12,450.3000,452.4470,445.8500,448.0000,444.4924,14330920
2013-04-15,448.4000,452.3000,441.5000,446.5000,443.0041,26148864
2013-04-16,445.9500,449.6440,443.5500,445.6000,442.1113,19078128
2013-04-17,447.3000,447.3000,438.8000,440.7000,437.2495,21225598
2013-04-18,440.1000,443.5000,437.2500,441.8000,438.3409,20921752
2013-04-19,448.5500,449.0000,444.2500,446.7000,443.2025,35620681
2013-04-22,449.3500,450.1000,444.5500,446.6500,443.1530,22450353
2013-04-23,447.5000,451.6500,445.0000,451.6500,448.1139,20630522
2013-04-24,452.8500,459.2500,451.8000,458.1500,454.5629,25478084
2013-04-25,455.6000,463.0720,454.8500,458.7000,455.1087,23367066
2013-04-26,455.9500,457.5580,450.1000,454.1000,450.5448,20983926
2013-04-29,453.9000,456.9500,451.4000,456.7500,453.1739,19629541
2013-04-30,475.0000,475.0000,465.0000,466.4000,462.7484,52676030
2013-05-01,468.9000,473.4730,463.3000,465.3500,461.7065,20644121
2013-05-02,465.7500,469.5000,464.1000,466.2500,462.5995,21565294
2013-05-03,467.4500,473.4000,465.8500,471.3000,467.6100,19237128
2013-05-07,473.1000,473.9000,467.0000,473.6500,469.9416,22084757
2013-05-08,468.8500,471.8000,464.3500,467.0500,463.4567,19058293
2013-05-09,466.0500,468.5000,463.0500,465.5000,461.9186,16960492
2013-05-10,466.1000,470.7500,464.6000,465.7000,462.1171,18550052
2013-05-13,466.2000,467.5000,464.3170,465.5500,461.9682,19255368
2013-05-14,467.7000,469.9700,465.0000,468.5500,464.9451,20249360
2013-05-15,469.9500,470.0000,466.8530,467.6000,464.0025,26382713
2013-05-16,468.1000,470.0000,464.5000,465.8000,462.2162,26275206
2013-05-17,465.7000,470.1500,462.7000,469.9500,466.3343,23200728
2013-05-20,470.4000,473.1560,468.2000,472.5500,468.9144,18011736
2013-05-21,472.5500,477.6500,470.3410,477.6500,473.9750,19522816
2013-05-22,479.9500,485.4320,478.2000,483.3000,479.5816,38875424
2013-05-23,475.0000,480.6000,473.9000,477.5000,473.8262,38448578
2013-05-24,480.4000,481.5500,475.2750,476.4000,472.7347,28304662
2013-05-28,479.1500,484.7000,477.4500,482.6500,478.9366,25761759
2013-05-29,482.5000,482.5000,477.4500,477.5000,473.8262,25601171
2013-05-30,477.7500,481.8000,476.2000,478.3000,474.6200,21122287
2013-05-31,476.5000,476.7770,473.0910,473.4500,469.8074,46982520
2013-06-03,470.9000,472.2000,460.9500,469.0000,465.3915,24634507
2013-06-04,471.4500,472.9440,468.4500,469.5000,465.8878,18577212
2013-06-05,467.5500,472.0000,462.4500,464.1000,460.5294,20148540
2013-06-06,465.0000,467.9500,458.0000,458.0000,454.4762,19349433
2013-06-07,459.2000,463.0730,456.8500,461.0000,457.4533,30329468
2013-06-10,459.6000,463.2500,458.1500,461.8500,458.2967,19287090
2013-06-11,461.8000,462.6500,455.7500,460.3000,456.7586,21493932
2013-06-12,459.8500,462.4500,453.6500,454.7500,451.2514,16098444
2013-06-13,450.0500,455.5000,449.8500,453.4500,449.9612,24428940
2013-06-14,455.5000,457.9000,451.8000,453.8000,450.3086,22662728
2013-06-17,455.9500,460.3000,452.1500,458.2000,454.6748,23797464
2013-06-18,458.6500,461.5000,456.7000,460.4000,456.8578,19306864
2013-06-19,461.8500,462.8000,454.6000,455.0000,451.4994,19841152
2013-06-20,453.7000,455.0000,447.7000,449.2000,445.7441,27950434
2013-06-21,448.5000,451.4300,445.1500,445.8500,442.4198,56107715
2013-06-24,447.0000,456.3200,443.3500,444.9500,441.5268,32001272
2013-06-25,448.5000,452.4500,445.6440,448.5500,445.0990,35539506
2013-06-26,448.8500,454.3500,446.0500,452.0000,448.5225,14342753
2013-06-27,453.1500,457.6500,450.3500,456.6000,453.0871,23264437
2013-06-28,456.0000,458.2960,451.8000,455.2500,451.7474,23433286
2013-07-01,459.5000,460.0400,455.0000,457.9500,454.4266,17602931
2013-07-02,458.1000,458.1000,452.4000,455.6500,452.1444,15922875
2013-07-03,452.2500,453.1500,446.3500,448.1000,444.6525,18427244
2013-07-04,451.2500,457.9000,449.7000,454.7500,451.2514,20784452
2013-07-05,457.1000,457.6500,453.2500,454.0000,450.5071,24418310
2013-07-08,458.2500,462.4500,457.8000,460.4500,456.9075,13554819
2013-07-09,462.4500,465.7500,460.9800,464.8000,461.2239,16194828
2013-07-10,465.2500,469.8810,462.9300,469.4500,465.8382,16233196
2013-07-11,471.9000,473.3500,464.3000,464.7500,461.1744,21558668
2013-07-12,465.3500,467.3500,462.4500,464.1500,460.5789,13607215
2013-07-15,464.2000,469.7260,463.3000,465.8500,462.2659,14984566
2013-07-16,466.9000,469.2500,464.7050,465.2000,461.6209,17247059
2013-07-17,466.2500,467.6000,463.2500,466.5000,462.9109,15835060
2013-07-18,465.5000,471.8500,464.8680,470.4000,466.7808,15010089
2013-07-19,468.9500,470.8490,465.0000,469.8000,466.1855,21460566
2013-07-22,469.8000,486.7500,467.5000,468.4500,464.8459,12411187
2013-07-23,471.0000,474.6120,469.6610,470.7500,467.1283,17187394
2013-07-24,472.0000,477.5330,470.1300,473.9000,470.2539,15071241
2013-07-25,473.3000,474.5000,468.6000,473.5500,469.9067,10737793
2013-07-26,474.9000,476.4500,469.5860,471.0000,467.3763,10490392
2013-07-29,470.1500,473.7000,466.4500,467.4000,463.8039,13418847
2013-07-30,460.0000,460.5800,443.3500,451.4500,447.9767,43964248
2013-07-31,454.7500,459.3000,452.3000,454.5500,451.0529,32184518
2013-08-01,457.9500,458.5000,451.8500,458.5000,454.9724,20268050
2013-08-02,459.4500,460.5310,454.7500,455.4000,451.8963,13258994
2013-08-05,457.2500,459.6870,451.2500,455.7500,452.2436,11292193
2013-08-06,454.5000,456.9000,451.6000,454.3500,450.8543,35482904
2013-08-07,448.0000,454.2000,443.5500,443.5500,440.1994,19418058
2013-08-08,445.1000,455.6570,440.2000,441.8000,438.4627,18325792
2013-08-09,443.1000,446.2820,441.5000,443.2500,439.9017,17081916
2013-08-12,444.5000,446.5360,442.5500,442.9000,439.5544,13442851
2013-08-13,443.9000,446.9300,434.5200,446.2500,442.8791,16480057
2013-08-14,446.3000,448.9500,443.4480,446.2500,442.8791,27160094
2013-08-15,444.0000,444.9820,440.0000,441.2000,437.8672,22491681
2013-08-16,440.9000,442.1250,439.5000,441.7000,438.3634,20087744
2013-08-19,441.9500,442.2500,438.2500,439.5000,436.1800,11928070
2013-08-20,437.0500,437.7000,434.6000,437.2000,433.8975,18064716
2013-08-21,436.5000,436.9000,430.3000,432.5500,429.2826,17718169
2013-08-22,432.0000,438.9000,432.0000,437.0000,433.6989,15043385
2013-08-23,437.1000,443.8890,434.2500,442.9500,439.6040,18568994
2013-08-27,441.5000,448.2250,439.6500,447.1000,443.7227,30354069
2013-08-28,447.0000,453.6000,445.2180,452.6500,449.2307,29972424
2013-08-29,454.0500,454.1500,448.2500,450.9000,447.4939,17873704
2013-08-30,449.0500,451.2600,444.6000,446.2000,442.8294,29731632
2013-09-02,446.5000,447.0500,443.7000,445.5500,442.1843,15239868
2013-09-03,445.6500,446.8000,440.6500,441.8500,438.5123,19464174
2013-09-04,442.7500,443.6500,439.2500,443.1500,439.8025,10241507
2013-09-05,442.0000,445.7500,438.7000,445.7500,442.3828,13415356
2013-09-06,444.8000,446.8500,442.2500,445.5500,442.1843,12245125
2013-09-09,445.6000,446.1970,442.0000,444.1000,440.7453,10366207
2013-09-10,447.0000,448.0000,442.8610,443.7500,440.3980,12798122
2013-09-11,445.0000,453.8650,443.5900,445.8000,442.4325,20099264
2013-09-12,447.1000,448.3300,444.5500,444.7000,441.3408,16669243
2013-09-13,441.3000,442.6880,440.4500,442.5000,439.1574,18622789
2013-09-16,444.9000,448.0620,441.7000,443.2500,439.9017,16644265
2013-09-17,442.7000,442.7000,439.8680,440.0000,436.6762,25235377
2013-09-18,438.8500,441.4500,436.2000,438.3000,434.9891,18866257
2013-09-19,440.7000,442.0790,438.1000,440.1000,436.7756,21844176
2013-09-20,438.6000,448.5000,438.1500,442.0500,438.7109,61781216
2013-09-23,442.5000,443.9500,438.7500,440.2000,436.8748,14883623
2013-09-24,439.0000,443.2880,438.9500,442.3000,438.9589,15394339
2013-09-25,441.3000,442.4000,438.3000,441.5000,438.1649,15007364
2013-09-26,441.1000,444.9240,440.1500,444.3500,440.9935,14411711
2013-09-27,445.0000,445.7500,440.0000,441.1000,437.7680,18449668
2013-09-30,438.0000,458.2820,430.8500,433.1000,429.8285,31548360
2013-10-01,434.1000,435.4000,430.0400,432.4500,429.1833,15547003
2013-10-02,430.7000,434.6300,426.5500,432.3000,429.0343,18129161
2013-10-03,439.0000,441.1640,435.1500,437.1500,433.8479,34067703
2013-10-04,437.2000,440.8000,435.1000,438.2500,434.9395,12924819
2013-10-07,437.2500,439.1500,433.9500,438.6000,435.2868,15222146
2013-10-08,437.4000,438.2500,432.6000,433.7000,430.4240,18275152
2013-10-09,434.0000,437.6360,431.2800,433.4500,430.1758,16501488
2013-10-10,435.1000,437.3720,432.9000,437.3000,433.9966,19186578
2013-10-11,438.5000,440.0000,435.7000,439.6500,436.3290,12752114
2013-10-14,438.8500,443.8910,437.5870,443.4000,440.0505,15528278
2013-10-15,445.0000,447.8900,442.6500,444.6500,441.2912,17686481
2013-10-16,444.5500,447.7500,444.4500,445.7500,442.3828,32736884
2013-10-17,443.9000,444.9000,440.1500,443.9000,440.5468,19460276
2013-10-18,445.3000,447.4750,443.4500,447.4500,444.0700,24020674
2013-10-21,448.9000,450.8720,446.3320,449.5500,446.1541,13109476
2013-10-22,449.8500,450.2100,447.3000,448.0000,444.6158,20813507
2013-10-23,447.8500,450.4800,445.8500,449.2500,445.8564,14718553
2013-10-24,452.7000,453.3780,448.8000,450.1500,446.7496,17643392
2013-10-25,449.5000,454.5500,449.5000,451.1500,447.7421,18693122
2013-10-28,450.8000,452.1000,448.1000,452.1000,448.6849,18620866
2013-10-29,467.0000,478.6500,455.0000,477.5000,473.8930,65063439
2013-10-30,478.0000,491.2660,477.4520,482.0000,478.3590,39044699
2013-10-31,482.3500,487.4470,480.1640,482.7000,479.0538,38860032
2013-11-01,484.7500,487.7000,483.5000,484.7500,481.0883,19292224
2013-11-04,487.7000,490.4500,485.8000,489.2000,485.5047,20515664
2013-11-05,490.0000,490.0000,485.1500,488.0500,484.3633,21068910
2013-11-06,483.0000,487.2000,482.0200,484.4500,480.8541,26392627
2013-11-07,484.6000,489.4500,479.2500,480.4500,476.8838,20609326
2013-11-08,477.8000,478.8000,474.1000,477.6500,474.1045,20365946
2013-11-11,479.5500,482.5610,477.7790,481.1500,477.5786,13951278
2013-11-12,479.8500,484.2500,479.0500,483.9000,480.3081,54362728
2013-11-13,480.3500,483.1870,479.1000,481.2500,477.6778,31468641
2013-11-14,483.9500,484.4000,480.5000,483.3000,479.7126,23265724
2013-11-15,483.5000,488.6000,481.2500,488.1000,484.4769,27339106
2013-11-18,486.7500,490.4790,486.1270,488.5500,484.9236,23194512
2013-11-19,487.8000,487.9500,484.3500,486.7500,483.1370,21046324
2013-11-20,486.0000,489.5500,484.9000,487.9500,484.3282,14525544
2013-11-21,487.8000,490.2000,485.1310,489.3500,485.7176,15251284
2013-11-22,489.7500,494.2000,487.9500,493.4500,489.7872,20243639
2013-11-25,493.0000,493.0000,489.0400,490.1000,486.4621,21262995
2013-11-26,490.0000,490.7500,486.1500,487.0000,483.3850,26248859
2013-11-27,485.8000,488.0130,481.6000,482.0500,478.4719,27200343
2013-11-28,482.0500,483.2130,481.0000,481.5000,477.9260,9489056
2013-11-29,481.2000,483.7500,481.0000,482.0000,478.4222,18942186
2013-12-02,481.3000,483.0000,475.2930,475.3000,471.7720,20756392
2013-12-03,477.0500,478.3500,471.7120,473.6000,470.0846,15616451
2013-12-04,473.6500,479.7280,469.9500,476.5000,472.9630,23016398
2013-12-05,475.6500,477.7500,474.0300,475.1500,471.6230,15063883
2013-12-06,477.8500,480.5500,475.0000,477.4500,473.9061,18133864
2013-12-09,479.3000,483.3540,476.2500,476.8000,473.2609,16628053
2013-12-10,475.7500,477.6500,473.1500,473.1500,469.6380,19553744
2013-12-11,473.4500,477.9000,471.9000,477.2000,473.6579,19308082
2013-12-12,477.7000,478.2040,469.8500,470.7500,467.2557,18160653
2013-12-13,468.2000,470.4100,465.4500,465.7000,462.2432,18753314
2013-12-16,467.1000,473.6500,466.0300,473.2000,469.6876,23330810
2013-12-17,470.1000,470.9560,465.0000,465.0000,461.5484,40822879
2013-12-18,467.4000,471.5210,464.1500,464.9000,461.4491,28053278
2013-12-19,471.0000,472.6940,468.2500,472.5500,469.0424,35715638
2013-12-20,475.0000,477.6000,472.0300,477.6000,474.0548,64749075
2013-12-23,479.0000,484.9000,477.4500,484.8500,481.2512,15944431
2013-12-24,487.8500,490.9670,485.1180,486.2000,482.5910,4925700
2013-12-27,485.6500,490.6500,482.3000,488.7000,485.0725,10626706
2013-12-30,489.1000,490.8500,484.5000,485.7500,482.1444,10394719
2013-12-31,489.1000,491.2640,488.0500,488.0500,484.4272,5945694
2014-01-02,490.9500,490.9500,484.6500,488.8500,485.2214,17484921
2014-01-03,488.8500,493.4000,486.2000,487.9000,484.2785,18104875
2014-01-06,488.3500,491.6000,485.1000,488.9500,485.3207,18270944
2014-01-07,488.0500,495.1090,484.1000,494.0000,490.3332,23078624
2014-01-08,494.5000,494.7210,491.2500,492.8500,489.1917,15469583
2014-01-09,495.1000,499.9000,494.1000,495.3000,491.6235,24620468
2014-01-10,489.0000,499.3500,487.0000,497.0000,493.3108,37147710
2014-01-13,496.3000,497.6500,490.5440,495.8000,492.1198,21919521
2014-01-14,490.9500,492.8080,487.0000,491.0500,487.4050,22855348
2014-01-15,493.4000,494.9000,491.0450,492.8500,489.1917,27630089
2014-01-16,490.9000,491.3500,487.4000,489.4500,485.8170,25223433
2014-01-17,482.0000,492.0000,473.7030,491.0500,487.4050,44813799
2014-01-20,490.4000,494.7000,487.3000,494.3000,490.6309,14172069
2014-01-21,494.1500,495.3000,490.7000,491.3000,487.6532,19202202
2014-01-22,491.3000,495.4000,490.7000,493.6000,489.9361,22671562
2014-01-23,491.8000,494.3000,487.7380,488.1500,484.5266,27972639
2014-01-24,489.7000,493.0500,485.4500,486.6500,483.0377,33117502
2014-01-27,485.1000,487.1000,474.4500,475.8000,472.2682,32012756
2014-01-28,477.6000,480.6500,474.6500,476.9000,473.3601,21128173
2014-01-29,479.7500,480.4500,472.5500,476.9000,473.3601,23156801
2014-01-30,477.9000,482.6000,476.6500,477.9000,474.3525,21378663
2014-01-31,478.0000,480.1000,470.1500,478.0000,474.4519,22350013
2014-02-03,475.9000,479.0550,472.7500,473.6000,470.0846,20847353
2014-02-04,472.5000,476.3500,463.8000,473.8000,470.2831,37356343
2014-02-05,473.5500,476.1000,468.8500,470.0500,466.5609,23359119
2014-02-06,472.2000,484.0000,469.6780,482.1500,478.5710,32477006
2014-02-07,483.7500,486.0500,476.7500,481.7000,478.1246,33843283
2014-02-10,483.9500,488.1700,478.7390,482.0500,478.4719,16493658
2014-02-11,484.4000,491.7500,484.3540,491.7500,488.0998,26182812
2014-02-12,487.3500,493.2000,486.0000,487.0500,483.4908,25415556
2014-02-13,487.1500,490.0000,482.2000,485.2000,481.6544,19055919
2014-02-14,484.5000,487.6500,482.4000,486.4000,482.8456,16429854
2014-02-17,486.4000,492.3500,483.9500,487.7000,484.1362,20055616
2014-02-18,488.4000,495.8500,488.0440,495.1000,491.4820,32133487
2014-02-19,495.6000,499.5500,492.3500,495.0000,491.3828,28184641
2014-02-20,493.8000,500.0000,493.7230,499.5500,495.8995,37333379
2014-02-21,500.8000,505.2000,499.4500,501.7000,498.0338,39490300
2014-02-24,498.4000,505.9500,498.4000,505.9000,502.2032,32337102
2014-02-25,506.0000,509.9490,503.5000,508.0000,504.2878,53548379
2014-02-26,507.0000,510.0000,504.7000,506.8000,503.0964,21231256
2014-02-27,504.9000,508.4000,500.8000,503.3000,499.6221,22887438
2014-02-28,504.8000,506.1000,501.1000,504.4000,500.7142,37273631
2014-03-03,499.7000,500.0000,491.8000,492.9000,489.2981,38155530
2014-03-04,492.8500,495.4500,481.0000,491.5000,487.9084,33571611
2014-03-05,491.0000,491.0000,485.2000,486.0000,482.4485,27282642
2014-03-06,488.1500,489.7000,485.1000,486.9000,483.3419,18090626
2014-03-07,487.8500,488.3000,480.0500,480.0500,476.5421,31978240
2014-03-10,480.0000,487.1500,479.2500,484.0000,480.4632,33760630
2014-03-11,484.1500,487.8500,483.2000,484.0000,480.4632,27941549
2014-03-12,483.1000,485.8000,482.1500,482.6000,479.0733,24078170
2014-03-13,484.1000,484.3000,477.8500,478.5000,475.0034,20068742
2014-03-14,478.8000,486.0710,476.3000,477.2500,473.7625,26241145
2014-03-17,479.2000,479.9560,475.0680,476.8500,473.3654,28048625
2014-03-18,476.0500,480.5000,475.0500,477.0000,473.5142,31950022
2014-03-19,477.1500,479.0520,473.5000,476.9500,473.4647,21131152
2014-03-20,477.0000,477.0000,467.6000,468.2500,464.8283,56121528
2014-03-21,468.5000,474.0000,462.6370,468.7500,465.3246,95672791
2014-03-24,470.4500,473.4000,468.1500,468.5000,465.0764,30041707
2014-03-25,470.1500,476.3500,466.0000,473.9500,470.4865,34229979
2014-03-26,473.2500,479.7500,472.0000,476.2000,472.7201,20619791
2014-03-27,474.1000,477.1500,471.5000,476.3500,472.8691,21691327
2014-03-28,477.9000,497.6910,476.9500,484.1500,480.6121,24941453
2014-03-31,485.3500,486.6000,478.8000,480.0000,476.4923,32543386
2014-04-01,480.7000,484.9500,480.5000,484.3000,480.7610,15140860
2014-04-02,484.1500,488.1500,482.0000,485.4000,481.8530,17401970
2014-04-03,484.8500,488.8000,482.8000,485.1500,481.6048,15099992
2014-04-04,486.6000,495.6800,483.4000,490.0500,486.4689,17303080
2014-04-07,486.0000,489.4650,482.8000,484.8500,481.3070,27091359
2014-04-08,482.9000,485.1500,476.9000,477.2000,473.7129,25438495
2014-04-09,478.2000,483.1500,477.8710,482.9000,479.3711,16198546
2014-04-10,484.5500,486.2940,481.0000,484.0000,480.4632,14130714
2014-04-11,480.9000,482.6500,475.1000,475.4500,471.9756,20172320
2014-04-14,471.5500,474.5500,467.1000,474.5500,471.0822,58616939
2014-04-15,474.8500,478.1500,472.8000,473.5000,470.0399,40336543
2014-04-16,476.5000,479.9000,476.0000,478.5000,475.0034,14978231
2014-04-17,480.2000,483.0000,477.5000,482.0500,478.5274,16169766
2014-04-22,483.2500,488.2000,482.2930,486.6000,483.0441,29349761
2014-04-23,486.7000,487.2500,482.3500,485.8500,482.2996,23684752
2014-04-24,487.5000,489.6500,486.0000,489.3500,485.7740,32968766
2014-04-25,490.0000,496.0000,489.1820,493.5000,489.8938,32281092
2014-04-28,490.8500,492.2500,483.9500,488.3500,484.7813,33475417
2014-04-29,491.0000,502.6500,491.0000,502.6000,498.9273,46833949
2014-04-30,496.7500,506.1000,495.5000,499.2000,495.5521,32946299
2014-05-01,503.9000,505.5000,496.1000,498.0500,494.4105,11872319
2014-05-02,498.6500,503.8000,497.7500,501.7000,498.0338,25918238
2014-05-06,503.9000,504.5930,499.6500,501.0000,497.3389,20305556
2014-05-07,495.7500,504.2000,494.0000,501.4000,497.7938,27716859
2014-05-08,501.6000,506.7830,499.7500,501.3000,497.6944,23748642
2014-05-09,501.6000,502.7740,499.0000,500.9000,497.2973,13421419
2014-05-12,501.3000,504.4280,498.9000,501.3000,497.6944,15642370
2014-05-13,502.0000,502.0000,497.3500,500.2000,496.6024,16501859
2014-05-14,500.3000,504.2000,499.2000,503.5000,499.8785,18438288
2014-05-15,504.4000,505.3000,500.0360,503.0000,499.3822,23200504
2014-05-16,504.9000,508.1000,502.9810,507.1000,503.4528,28256113
2014-05-19,508.4000,510.2620,505.8300,509.1000,505.4383,20881686
2014-05-20,504.8000,506.9000,501.0000,506.3000,502.6584,21047351
2014-05-21,505.1000,509.3000,505.1000,509.3000,505.6369,28272940
2014-05-22,511.1000,511.1000,501.0000,508.2000,504.5449,19289267
2014-05-23,507.6000,507.9200,504.7000,507.0000,503.3534,12188353
2014-05-27,508.9000,508.9000,503.5000,504.2000,500.5735,18387563
2014-05-28,503.7000,507.9500,502.6000,506.1000,502.4599,17777391
2014-05-29,505.8000,509.4000,504.7000,505.6000,501.9635,12034565
2014-05-30,503.9000,506.6000,501.0000,503.0000,499.3822,34703105
2014-06-02,504.5000,506.5000,503.3000,504.9000,501.2686,18274509
2014-06-03,503.5000,505.3000,501.5000,503.2000,499.5809,12548163
2014-06-04,502.4000,502.6000,496.6000,497.8500,494.2693,19707370
2014-06-05,498.7500,502.1000,494.3000,499.7000,496.1060,16408652
2014-06-06,499.4000,505.0000,498.1500,505.0000,501.3678,14918045
2014-06-09,504.1000,506.4000,502.8000,505.6000,501.9635,8316829
2014-06-10,504.4000,507.2000,502.6350,507.2000,503.5520,27922504
2014-06-11,508.9000,509.2000,503.5360,506.0000,502.3606,12553636
2014-06-12,505.2000,509.0000,503.8000,508.3000,504.6440,15110001
2014-06-13,509.1000,513.9560,505.2000,507.5000,503.8500,41582018
2014-06-16,507.5000,510.5000,505.6000,505.6000,501.9635,21881353
2014-06-17,507.4000,508.0000,503.7000,506.1000,502.4599,14439767
2014-06-18,508.0000,514.5530,504.9000,514.4000,510.7002,31450319
2014-06-19,515.9000,519.0440,515.2500,515.7000,511.9908,21077322
2014-06-20,515.7000,520.6000,513.8000,518.6000,514.8698,36497231
2014-06-23,517.4000,521.3000,515.0000,520.0000,516.2599,15358384
2014-06-24,521.0000,526.8000,520.6050,523.9000,520.1318,22225172
2014-06-25,519.1000,520.5000,515.9410,516.9000,513.1822,19999577
2014-06-26,516.8000,518.0000,511.7000,515.5000,511.7925,14491192
2014-06-27,516.0000,519.8000,514.6000,514.6000,510.8988,12082603
2014-06-30,516.3000,519.3000,513.1200,514.9000,511.1965,18424812
2014-07-01,516.5000,518.5000,513.7000,515.3000,511.5937,13194587
2014-07-02,515.8000,520.0000,514.6000,519.8000,516.0611,14398136
2014-07-03,520.7000,521.6550,515.6000,516.9000,513.1822,14035678
2014-07-04,516.5000,521.3490,516.1000,519.2000,515.4659,6617023
2014-07-07,519.0000,519.4000,512.1340,513.7000,510.0053,14470798
2014-07-08,514.3000,514.8000,509.9000,510.7000,507.0269,20284974
2014-07-09,509.6000,509.9000,503.5000,508.0000,504.3463,15635234
2014-07-10,507.9000,508.9000,502.5000,503.7000,500.0771,13941220
2014-07-11,504.9000,505.8640,501.9340,503.8000,500.1765,11849198
2014-07-14,503.4000,507.1550,501.2000,503.4000,499.7793,13806386
2014-07-15,502.4000,505.7000,499.8500,500.3000,496.7016,14329299
2014-07-16,501.5000,507.7000,500.8000,506.6000,502.9563,14849061
2014-07-17,504.9000,525.8000,495.9000,496.8000,493.2268,34406999
2014-07-18,495.7500,497.3050,492.4400,493.7000,490.1492,23742999
2014-07-21,492.4500,496.1500,491.8500,492.0500,488.5110,26333413
2014-07-22,495.2500,499.0000,494.0000,498.5000,494.9146,19391611
2014-07-23,496.9000,501.7050,495.0500,500.8000,497.1980,20260697
2014-07-24,500.0000,504.0000,498.7000,503.8000,500.1765,13304704
2014-07-25,501.9000,503.0000,498.3500,499.1000,495.5103,21310002
2014-07-28,499.4500,499.4500,494.0000,496.8500,493.2763,18728252
2014-07-29,499.5500,501.3000,483.2820,484.2500,480.7671,36876115
2014-07-30,482.0000,486.3290,479.5000,481.7500,478.2851,33202040
2014-07-31,485.0000,487.9000,482.7500,484.0000,480.5189,37728223
2014-08-01,483.9000,485.9500,476.6520,482.9500,479.4765,26500963
2014-08-04,482.5000,487.4000,480.1500,484.5500,481.0649,21748491
2014-08-05,487.7500,490.1500,482.3000,482.3000,478.8310,19567945
2014-08-06,475.0000,478.1000,473.0500,473.7000,470.3576,38584512
2014-08-07,474.0000,476.6500,468.4500,469.1000,465.7900,28960982
2014-08-08,466.3500,468.8000,463.6750,464.0500,460.7755,28088690
2014-08-11,469.8500,472.7000,467.3580,469.0000,465.6906,25234495
2014-08-12,470.4500,471.9000,466.7000,468.9000,465.5914,18308717
2014-08-13,469.6500,472.3000,466.8900,470.2500,466.9318,26640008
2014-08-14,470.7500,474.7400,469.0500,472.0000,468.6695,18013778
2014-08-15,473.5000,475.5000,469.3500,470.9500,467.6271,24316976
2014-08-18,472.8500,476.8900,472.8500,474.0000,470.6553,18663603
2014-08-19,477.2500,481.6000,475.6500,481.6000,478.2018,22851968
2014-08-20,483.9500,485.5000,475.0340,481.0000,477.6060,18554952
2014-08-21,483.1000,485.0500,481.5000,483.8500,480.4358,13855321
2014-08-22,483.4000,485.2000,480.0000,485.1000,481.6771,14780885
2014-08-26,487.7500,487.7500,482.7500,485.7500,482.3224,20628866
2014-08-27,485.2500,486.9300,483.6000,485.4000,481.9749,14193820
2014-08-28,483.1000,485.2000,480.8000,482.3500,478.9465,21660950
2014-08-29,481.9000,483.9500,477.4500,481.6500,478.2514,27674998
2014-09-01,481.9500,483.0000,480.0000,482.7000,479.2940,15753898
2014-09-02,484.5000,486.1400,475.8000,477.3000,473.9320,31220408
2014-09-03,478.0500,485.6000,476.5000,483.7500,480.3366,37636868
2014-09-04,484.7000,488.8000,453.8000,455.0000,451.7896,89162272
2014-09-05,457.0000,467.2500,450.3000,466.8000,463.5062,67696818
2014-09-08,468.2500,468.9700,458.2500,468.7000,465.3929,32296186
2014-09-09,467.8000,482.0030,462.7000,466.8500,463.5559,31743908
2014-09-10,467.4500,473.9500,466.9000,471.6000,468.2723,36036865
2014-09-11,476.3500,478.3700,462.0610,472.2000,468.8681,33553537
2014-09-12,472.6000,494.9000,458.6690,470.1500,466.8325,29882239
2014-09-15,467.0000,468.3000,462.5000,468.3000,464.9956,20628521
2014-09-16,469.1000,473.0020,465.6000,472.3500,469.0171,22333544
2014-09-17,472.6000,478.3300,469.8000,471.0500,467.7261,22949126
2014-09-18,470.7500,475.9000,469.9550,471.3000,467.9745,24535855
2014-09-19,475.1000,478.4000,473.3000,473.3000,469.9603,49019968
2014-09-22,473.0500,475.2100,468.5500,469.9500,466.6339,18766913
2014-09-23,470.0000,471.3000,464.8500,466.0500,462.7615,23290769
2014-09-24,466.0500,468.0000,455.1480,464.9500,461.6693,27417864
2014-09-25,462.8500,463.7500,450.1500,451.8000,448.6120,54816540
2014-09-26,450.8000,453.7100,440.7200,451.7000,448.5127,39203828
2014-09-29,454.2000,456.6500,444.0300,456.3500,453.1299,26906079
2014-09-30,457.0000,458.5120,450.5500,453.4500,450.2504,30956523
2014-10-01,454.8500,455.4500,449.5500,452.7500,449.5554,23032125
2014-10-02,452.4000,452.9000,439.8500,440.1000,436.9946,32611088
2014-10-03,446.9500,447.7000,441.7000,445.0000,441.8600,23157149
2014-10-06,445.4500,448.4500,442.3500,446.1000,442.9522,22079354
2014-10-07,444.9500,445.5000,440.4500,441.7500,438.6331,24376338
2014-10-08,442.4000,444.2000,438.6330,440.1500,437.0442,25775990
2014-10-09,442.7000,445.1680,434.6000,435.1500,432.0795,23910058
2014-10-10,433.9000,434.5000,428.0500,428.1500,425.1288,34686653
2014-10-13,427.9000,434.4500,425.5500,431.9500,428.9020,31123117
2014-10-14,429.0000,430.0740,423.2500,426.6500,423.6396,42723816
2014-10-15,427.1000,428.9500,416.7000,416.7000,413.7598,33743153
2014-10-16,419.8000,423.3000,405.3500,420.0000,417.0365,53984004
2014-10-17,422.6000,431.5400,419.5000,428.5000,425.4764,47852726
2014-10-20,428.8000,430.0500,419.6500,421.9000,418.9231,25041176
2014-10-21,420.4000,434.1430,419.6500,433.6500,430.5901,28861085
2014-10-22,433.5500,436.1500,431.1500,434.2500,431.1859,31238211
2014-10-23,431.4500,440.6370,426.7000,438.9500,435.8527,32500838
2014-10-24,435.8000,437.3000,431.9000,432.8500,429.7957,22040356
2014-10-27,438.2500,439.6000,428.1500,430.2500,427.2142,18065389
2014-10-28,436.0000,438.7500,429.6000,437.0000,433.9165,23179091
2014-10-29,438.1500,448.0180,434.9000,445.3000,442.1578,31662836
2014-10-30,447.3000,447.9790,436.1500,444.0000,440.8671,30746228
2014-10-31,449.9000,452.3600,444.3500,449.0000,445.8318,40266923
2014-11-03,447.6500,449.9500,442.3500,443.7000,440.5691,25457679
2014-11-04,440.0000,440.2000,429.8000,430.4000,427.3631,57000031
2014-11-05,432.2500,441.1000,428.2580,440.1500,437.0442,29968247
2014-11-06,434.1000,441.6000,433.4500,435.9000,432.8870,29360080
2014-11-07,437.4000,443.9000,435.1720,441.3000,438.2496,30465502
2014-11-10,438.9000,442.6500,436.9000,439.6000,436.5614,26362707
2014-11-11,439.6000,439.6000,432.8000,433.7500,430.7518,23621452
2014-11-12,434.5500,437.1000,430.9500,433.9000,430.9008,23668673
2014-11-13,435.1500,436.3500,428.2000,429.9500,426.9780,33405744
2014-11-14,428.9500,434.5500,418.7540,431.8000,428.8152,26617277
2014-11-17,431.0500,434.2020,429.3000,432.4500,429.4607,19093311
2014-11-18,434.0000,439.8850,433.8030,437.6000,434.5752,24154022
2014-11-19,438.0000,440.1500,433.5000,440.1500,437.1075,28971687
2014-11-20,441.1000,443.0700,436.8500,441.3500,438.2993,22571827
2014-11-21,443.3000,450.8000,442.7630,448.2000,445.1020,30718121
2014-11-24,450.0000,452.4540,445.2500,447.2000,444.1089,21824046
2014-11-25,445.7000,445.7000,440.3000,442.5000,439.4414,27740336
2014-11-26,441.4000,442.5610,436.2500,437.9000,434.8731,20470150
2014-11-27,437.1500,437.4000,424.6000,426.2000,423.2541,33365396
2014-11-28,422.9500,422.9500,408.8000,420.2000,417.2955,61059819
2014-12-01,414.0000,421.1000,408.8500,414.5000,411.6349,40014089
2014-12-02,419.7000,437.4500,419.7000,433.8500,430.8511,47305268
2014-12-03,437.7500,439.8000,429.7500,436.8500,433.8304,33720104
2014-12-04,437.4500,438.5320,424.7000,426.9000,423.9492,34525319
2014-12-05,428.7500,429.9450,422.5000,424.5000,421.5658,31672276
2014-12-08,423.3500,425.0000,415.6170,417.3000,414.4155,29844845
2014-12-09,414.0000,414.4000,405.1000,405.9500,403.1440,48288784
2014-12-10,408.0000,408.6500,398.1500,399.6000,396.8379,42767610
2014-12-11,400.4000,407.2500,398.0500,398.8000,396.0434,50310401
2014-12-12,396.1000,399.5500,385.6110,385.6500,382.9843,51830299
2014-12-15,384.9000,392.8100,373.0000,373.2500,370.6700,55316426
2014-12-16,372.2000,383.9500,364.4000,383.9500,381.2961,76073874
2014-12-17,380.3000,397.7000,377.7500,397.5500,394.8020,61511453
2014-12-18,405.0000,407.0500,396.9500,402.5500,399.7675,64513794
2014-12-19,407.6000,416.9000,402.0000,413.0000,410.1451,80946412
2014-12-22,420.0000,427.0860,410.5500,413.6500,410.7907,38437040
2014-12-23,415.4500,417.9540,413.4000,415.8500,412.9756,26306897
2014-12-24,419.3500,422.4000,415.0500,416.8500,413.9686,5998718
2014-12-29,418.9000,419.9500,414.2500,418.0000,415.1106,13923576
2014-12-30,414.5000,415.8250,408.0020,409.3000,406.4707,23000275
2014-12-31,409.9500,411.9000,406.2500,411.0000,408.1591,8194841
2015-01-02,413.9500,415.6500,404.1500,410.4500,407.6129,19207206
2015-01-05,408.0000,409.5360,387.8000,389.7000,387.0063,48914106
2015-01-06,391.0000,399.2000,382.7000,391.0500,388.3469,39403991
2015-01-07,393.0500,400.0000,386.2000,393.7500,391.0284,42160052
2015-01-08,400.3000,406.1500,395.7500,405.0000,402.2005,37480336
2015-01-09,404.9000,408.0000,395.8000,398.6500,395.8944,33007664
2015-01-12,399.2000,399.9950,390.5500,396.5500,393.8090,32326873
2015-01-13,392.4000,398.1760,384.8130,396.3000,393.5607,32208300
2015-01-14,391.1000,391.8000,379.3000,382.1500,379.5084,47314935
2015-01-15,391.6000,396.3000,376.7000,392.6000,389.8863,55518121
2015-01-16,392.2500,414.8580,385.3850,413.3500,410.4928,61106292
2015-01-19,413.7000,414.8000,407.2500,408.9000,406.0735,27652612
2015-01-20,410.5000,418.4000,408.2500,412.2000,409.3508,35119529
2015-01-21,413.8000,426.0000,404.0980,426.0000,423.0553,46821026
2015-01-22,431.5500,435.9500,425.2500,428.4000,425.4388,41172200
2015-01-23,432.7000,434.0000,423.0000,432.4000,429.4111,32130256
2015-01-26,428.0000,439.4000,417.5000,439.0000,435.9655,40094631
2015-01-27,439.0000,445.6800,430.3500,440.6000,437.5545,41562958
2015-01-28,443.0500,443.0500,428.6930,432.9500,429.9573,39868599
2015-01-29,424.6000,426.2000,418.0500,424.8500,421.9133,42822464
2015-01-30,425.8500,431.0500,420.0500,424.4500,421.5161,48713739
2015-02-02,430.4500,437.7000,426.3500,437.7000,434.6745,48135826
2015-02-03,459.4500,463.1000,428.8500,449.8500,446.7405,72458544
2015-02-04,450.0000,450.7000,437.6000,445.3500,442.2716,41632218
2015-02-05,441.2500,452.5010,434.8520,450.1000,446.9888,34601064
2015-02-06,451.2500,454.9000,446.7500,450.6000,447.4854,33548478
2015-02-09,449.3500,458.7500,447.1500,457.1000,453.9404,34913795
2015-02-10,455.8000,456.8500,442.7000,446.3500,443.2647,42714657
2015-02-11,448.0000,448.7500,440.4000,445.8000,442.7184,26417386
2015-02-12,439.3000,448.8500,439.1600,444.3000,441.3023,50451230
2015-02-13,444.7500,456.3300,444.0000,454.2000,451.1355,39397363
2015-02-16,454.2000,457.3500,449.9000,451.9000,448.8511,22031561
2015-02-17,449.0000,458.1500,447.5000,452.0000,448.9503,31877185
2015-02-18,456.2000,456.7500,447.4500,451.3000,448.2550,29386241
2015-02-19,448.1000,448.1000,440.2000,445.7000,442.6928,30864949
2015-02-20,446.0000,449.2500,442.1500,446.7000,443.6859,31763213
2015-02-23,450.0000,450.0000,440.8500,444.6000,441.6002,24771910
2015-02-24,444.9000,448.5000,442.2500,448.3500,445.3249,26724739
2015-02-25,447.3500,462.9780,445.5500,449.4000,446.3679,18737816
2015-02-26,449.2000,452.7000,446.0000,448.0000,444.9774,24948389
2015-02-27,447.1000,449.8000,445.4000,448.0500,445.0269,30312502
2015-03-02,447.7000,449.5000,442.8000,446.6500,443.6364,26288412
2015-03-03,448.1500,450.7500,446.2500,448.6000,445.5732,31708689
2015-03-04,453.0000,453.2500,446.6900,451.0500,448.0066,38273410
2015-03-05,452.2500,454.3000,445.1320,452.6000,449.5462,26614831
2015-03-06,451.0000,499.2500,441.9570,447.0000,443.9840,32460618
2015-03-09,445.1500,448.3500,432.2490,445.7000,442.6928,26524624
2015-03-10,444.9000,445.5000,428.1000,428.1000,425.2115,36729707
2015-03-11,430.8500,433.8640,423.3000,425.1500,422.2815,29376608
2015-03-12,426.4500,434.2080,424.7500,425.8500,422.9767,32319265
2015-03-13,426.2000,427.6000,415.9880,418.2500,415.4281,29671487
2015-03-16,421.6000,421.9500,413.7500,417.6000,414.7825,30319951
2015-03-17,419.4000,426.5000,404.0500,425.9000,423.0264,41975610
2015-03-18,425.1500,436.1000,423.4000,436.1000,433.1575,40014013
2015-03-19,438.0000,441.9000,434.4000,440.9000,437.9252,37206285
2015-03-20,442.0000,451.0000,436.9500,451.0000,447.9570,107732982
2015-03-23,449.0500,450.4000,431.7780,447.9000,444.8779,28839139
2015-03-24,447.1500,449.9000,444.1500,444.1500,441.1531,31647851
2015-03-25,442.5000,449.8000,440.0690,448.3500,445.3249,25051870
2015-03-26,449.0000,458.9500,444.3000,446.1000,443.0900,59179165
2015-03-27,445.6500,447.4500,438.2490,443.6000,440.6071,31456513
2015-03-30,446.3500,448.1000,443.1210,446.1000,443.0900,28630921
2015-03-31,447.4500,448.1000,418.7360,436.7000,433.7536,37357866
2015-04-01,437.8000,445.1500,437.2500,442.1000,439.1170,25009287
2015-04-02,443.7000,445.0240,438.0000,442.8500,439.8620,20899148
2015-04-07,450.0000,457.3000,446.2500,454.8500,451.7811,37525452
2015-04-08,468.3000,476.3500,456.7000,457.3000,454.2144,85533059
2015-04-09,457.9000,463.7000,450.3500,463.7000,460.5713,43840700
2015-04-10,465.9500,473.1000,462.4880,472.2500,469.0636,32900839
2015-04-13,470.2000,472.4490,465.0970,471.0000,467.8220,25583671
2015-04-14,468.0000,472.3500,466.8000,470.9500,467.7725,30898784
2015-04-15,470.5000,479.1730,469.5000,475.8000,472.5897,41544878
2015-04-16,479.1000,479.6000,470.8500,473.4500,470.2556,36986444
2015-04-17,474.4000,480.0000,473.5000,479.3500,476.1158,49267432
2015-04-20,479.7500,484.5500,479.1180,483.4000,480.1385,30145205
2015-04-21,482.4500,487.4000,479.6650,480.0000,476.7613,43279271
2015-04-22,480.4500,484.2000,475.0000,479.7500,476.5130,29213899
2015-04-23,481.3500,485.3500,480.2500,484.1500,480.8834,26140591
2015-04-24,484.1500,487.5000,477.1000,478.4000,475.1722,36573952
2015-04-27,477.3500,478.9000,471.2000,476.9000,473.6824,32689189
2015-04-28,480.0000,485.8500,471.0500,476.1000,472.8877,64846241
2015-04-29,473.4500,475.9500,465.2000,468.1500,464.9913,40355209
2015-04-30,470.1000,472.8500,466.1000,470.1000,466.9281,38341557
2015-05-01,469.5000,469.9500,466.3500,468.6000,465.4382,18680928
2015-05-05,475.7000,481.8500,471.0550,474.9500,471.7454,27802382
2015-05-06,473.6000,476.3500,469.0000,473.3000,470.1066,34456871
2015-05-07,466.4500,467.3500,454.4000,457.1000,454.0855,42674517
2015-05-08,461.4500,464.2500,458.1000,461.3000,458.2578,33876066
2015-05-11,460.5500,466.9000,457.3500,457.7000,454.6815,26390871
2015-05-12,454.1500,458.6500,451.2000,456.0500,453.0424,40564021
2015-05-13,456.0000,461.4000,453.8000,456.0000,452.9928,27419316
2015-05-14,454.3500,466.3370,451.1000,456.8000,453.7874,19548052
2015-05-15,456.2000,467.3130,449.9800,452.4000,449.4164,26021675
2015-05-18,450.6500,456.4000,449.2000,452.3000,449.3171,26639675
2015-05-19,454.5000,457.6000,448.0900,452.3500,449.3668,28684189
2015-05-20,451.2000,456.6030,445.5500,452.1000,449.1185,26462187
2015-05-21,450.9000,458.6000,450.6000,458.0000,454.9796,28951791
2015-05-22,458.9000,461.6500,456.7500,457.7500,454.7311,22676408
2015-05-26,457.7500,458.5000,449.2500,451.7000,448.7211,28740011
2015-05-27,452.0000,457.1500,450.4000,454.4000,451.4032,23281869
2015-05-28,453.0500,454.9500,449.4000,453.3000,450.3105,19784324
2015-05-29,453.0000,456.9000,449.6360,450.7500,447.7772,34072065
2015-06-01,452.2500,454.3000,446.6000,447.4000,444.4495,25069117
2015-06-02,450.0000,456.0230,442.2490,449.9500,446.9826,27661476
2015-06-03,450.0000,453.5500,447.2000,449.5500,446.5853,27032854
2015-06-04,447.6500,447.6500,439.8500,440.1500,437.2473,26387595
2015-06-05,438.5000,446.0000,435.4000,443.3500,440.4261,28788941
2015-06-08,444.2000,445.9660,437.7000,441.9000,438.9858,19899296
2015-06-09,443.5000,444.0000,438.1500,441.3500,438.4394,19248873
2015-06-10,440.0000,444.0080,439.7500,443.5500,440.6248,29431176
2015-06-11,443.6500,449.2000,442.5380,446.8000,443.8534,26769176
2015-06-12,443.7500,445.9000,436.4000,437.6000,434.7141,28390688
2015-06-15,436.0000,439.0500,430.9430,435.0500,432.1809,21333708
2015-06-16,435.5000,446.6000,429.3000,432.4000,429.5485,36440527
2015-06-17,433.5000,440.3500,432.0000,435.0000,432.1313,25693061
2015-06-18,435.1000,435.1040,430.6780,434.4500,431.5849,22906779
2015-06-19,432.6000,436.5500,429.6500,431.3500,428.5054,41744237
2015-06-22,436.0500,439.6500,434.5500,439.4000,436.5023,21651810
2015-06-23,439.6000,440.7500,436.2000,438.9500,436.0553,17454245
2015-06-24,438.8500,444.6500,436.5500,442.1000,439.1844,21193349
2015-06-25,443.2500,447.5000,440.1500,442.3000,439.3831,22125576
2015-06-26,442.4000,443.0500,437.0500,437.5500,434.6645,20290370
2015-06-29,428.8000,434.0500,427.1500,427.5500,424.7303,27762140
2015-06-30,427.6000,427.6000,420.1500,420.1500,417.3793,32718186
2015-07-01,425.0000,425.8000,417.9930,419.1500,416.3858,30738126
2015-07-02,420.7000,441.4500,419.3500,437.4000,434.5154,66373831
2015-07-03,439.0000,445.0500,432.5500,434.4000,431.5352,34957225
2015-07-06,429.6500,434.6500,428.3000,429.5000,426.6675,27122614
2015-07-07,427.7500,429.8500,416.8000,418.5500,415.7897,41700022
2015-07-08,420.0500,426.2500,419.2000,423.2000,420.4092,27717789
2015-07-09,426.1500,428.9500,421.9000,426.0500,423.2402,29587253
2015-07-10,431.2000,432.1500,423.2500,427.0000,424.1841,29506147
2015-07-13,433.2500,433.2500,425.0000,428.8000,425.9721,21029539
2015-07-14,427.3500,430.9500,424.1500,429.1500,426.3197,27453473
2015-07-15,429.3500,432.4700,425.8500,427.1000,424.2833,23381109
2015-07-16,428.0000,428.0000,421.1000,422.0000,419.2169,27706682
2015-07-17,422.3500,422.4340,415.4500,416.9500,414.2003,24825012
2015-07-20,418.0000,420.6500,415.5500,416.6000,413.8525,18523113
2015-07-21,417.1000,417.1500,412.3500,414.0000,411.2697,27275395
2015-07-22,412.8000,413.3500,406.5880,406.6000,403.9186,28926749
2015-07-23,405.4000,407.0500,400.1000,401.0000,398.3554,37226244
2015-07-24,401.7000,402.5950,394.1000,394.7000,392.0970,33652229
2015-07-27,393.6000,396.4000,384.1500,387.3000,384.7458,34841570
2015-07-28,385.0000,396.7850,383.0000,392.6500,390.0606,44690282
2015-07-29,396.0500,399.1000,391.6500,398.6000,395.9713,48660079
2015-07-30,399.0000,405.8500,397.6000,401.0000,398.3554,35395714
2015-07-31,402.9000,402.9000,392.4000,395.4500,392.8421,35454814
2015-08-03,392.7000,395.4000,387.2000,391.4500,388.8685,38979439
2015-08-04,389.9500,392.7000,385.7500,390.4000,387.8254,46565943
2015-08-05,390.0000,397.3500,388.9500,395.0500,392.4448,29017985
2015-08-06,386.0000,393.0020,380.1500,383.2000,380.7430,36164211
2015-08-07,384.4000,391.0100,383.8000,385.6000,383.1277,38213280
2015-08-10,386.4000,387.7000,379.5000,385.5000,383.0282,65915620
2015-08-11,385.5500,390.1000,380.4600,380.5000,378.0603,31211530
2015-08-12,378.0000,384.8000,376.2000,383.6000,381.1404,46452717
2015-08-13,389.3000,391.7500,382.2500,383.1500,380.6933,31285176
2015-08-14,380.2000,382.4500,377.1000,379.2500,376.8182,29732534
2015-08-17,380.0000,381.0000,374.1500,378.1500,375.7253,22658380
2015-08-18,378.3000,379.8000,373.0500,373.7500,371.3536,21498497
2015-08-19,373.5000,373.5000,366.4000,367.5000,365.1437,30153663
2015-08-20,365.1000,374.8500,362.5500,369.6000,367.2303,38485997
2015-08-21,363.8000,369.1770,357.2000,357.2000,354.9097,35801078
2015-08-24,345.1500,362.8500,326.2500,331.0500,328.9274,72815022
2015-08-25,335.7000,338.8000,332.6500,335.3500,333.1998,89785236
2015-08-26,330.9500,339.9000,327.4500,331.2000,329.0764,66939846
2015-08-27,337.7000,354.1450,333.7000,351.2000,348.9482,53787143
2015-08-28,355.0000,360.8000,348.8500,360.5000,358.1884,47119280
2015-09-01,358.4500,363.7460,347.3000,349.4000,347.1598,55287204
2015-09-02,349.0000,353.0000,341.9900,345.3000,343.0860,46152328
2015-09-03,351.0000,358.7500,252.5500,355.8500,353.5684,40384465
2015-09-04,350.0000,350.8000,334.8890,337.9000,335.7334,48708946
2015-09-07,339.8000,345.7000,335.5440,336.0000,333.8456,20930730
2015-09-08,339.1000,346.6000,338.1000,340.2000,338.0187,45803881
2015-09-09,345.3000,347.5510,341.9500,342.5000,340.3040,29531519
2015-09-10,339.8000,342.0500,333.0500,335.3000,333.1501,44684220
2015-09-11,337.1500,339.4500,333.0500,333.5000,331.3617,27504805
2015-09-14,335.9000,339.5000,329.7500,332.0000,329.8712,26567261
2015-09-15,333.6500,339.9500,328.4500,338.7000,336.5284,55440891
2015-09-16,339.6000,347.1500,337.2500,345.8500,343.6325,33785344
2015-09-17,345.4000,346.7800,342.9000,345.7000,343.4835,48618779
2015-09-18,343.8500,347.4000,329.5500,333.4500,331.3121,75436952
2015-09-21,331.0000,336.3970,330.1030,333.5500,331.4113,28372226
2015-09-22,334.6500,334.6500,321.8500,325.2000,323.1149,44325848
2015-09-23,326.5000,334.1050,325.9000,329.4500,327.3376,29369385
2015-09-24,327.3000,327.3500,321.7000,322.9000,320.8297,32789601
2015-09-25,329.1500,334.8000,328.2750,333.3000,331.1629,32227297
2015-09-28,333.6000,335.2000,322.9820,323.0500,320.9786,23460307
2015-09-29,319.9000,330.0000,319.9000,326.2000,324.1084,31380395
2015-09-30,329.9500,334.0000,328.0000,334.0000,331.8586,36272700
2015-10-01,339.0500,349.8500,339.0500,342.2500,340.0554,46504167
2015-10-02,342.7000,353.0000,341.8000,351.4500,349.1966,43168591
2015-10-05,359.8500,369.1500,356.0500,368.0000,365.6404,44442893
2015-10-06,370.6000,379.0000,362.3000,378.1000,375.6757,39379110
2015-10-07,377.5000,393.8500,376.9000,387.0000,384.5185,67363332
2015-10-08,384.7500,389.7000,380.4000,388.9500,386.4561,33194534
2015-10-09,393.0000,397.3000,390.3500,391.6000,389.0891,34631564
2015-10-12,390.7500,393.3000,383.5500,384.8000,382.3328,25522097
2015-10-13,383.1000,384.9000,376.2500,382.7500,380.2959,29372846
2015-10-14,379.3000,383.5500,375.3000,377.6500,375.2285,26910649
2015-10-15,381.4500,386.3500,379.6000,379.6500,377.2157,29203586
2015-10-16,383.0000,389.8500,382.1000,384.0000,381.5378,24500389
2015-10-19,383.6500,387.0000,375.5500,377.2500,374.8311,19028769
2015-10-20,376.8000,378.2000,370.9530,376.5500,374.1357,23317484
2015-10-21,378.6500,385.3960,375.2000,380.9500,378.5074,33070294
2015-10-22,381.0000,390.4500,380.5500,388.5500,386.0587,37359480
2015-10-23,391.9000,395.0500,385.9000,388.1000,385.6116,26356321
2015-10-26,386.7500,389.2500,382.5000,384.4000,381.9352,22654729
2015-10-27,390.0000,392.8700,376.7500,380.0000,377.5635,44460183
2015-10-28,382.6500,393.1500,377.4500,391.0000,388.4930,38910492
2015-10-29,390.8500,392.9000,382.2000,391.7000,389.1886,71056854
2015-10-30,393.0500,393.9500,383.6030,386.4000,383.9225,31703595
2015-11-02,386.4000,389.2000,380.8500,388.2500,385.7606,20452411
2015-11-03,389.7000,403.2500,386.5500,403.2500,400.6644,46089592
2015-11-04,402.9000,411.5000,401.7000,402.0500,399.4723,45564464
2015-11-05,393.1000,395.9000,387.2500,390.4500,388.0177,30484394
2015-11-06,389.2000,395.0500,384.8000,386.5000,384.0922,31363217
2015-11-09,386.2000,392.3000,382.6000,382.6000,380.2165,24678373
2015-11-10,385.1500,386.8500,381.0500,382.5000,380.1172,25364595
2015-11-11,383.8000,384.6760,376.9500,377.9000,375.5458,23116290
2015-11-12,376.4000,379.1500,367.1000,367.2500,364.9622,32428210
2015-11-13,365.9500,369.8000,360.3500,364.5000,362.2293,27349974
2015-11-16,362.3500,373.1000,362.3480,368.6500,366.3534,28733683
2015-11-17,377.9500,380.2000,374.5000,378.5500,376.1919,32865715
2015-11-18,375.0000,384.9000,373.1110,382.5000,380.1172,33870614
2015-11-19,384.1000,389.9500,381.9500,385.1500,382.7506,30063992
2015-11-20,384.7000,385.6500,379.6500,381.3000,378.9246,32153367
2015-11-23,375.0000,385.8500,372.7000,380.7500,378.3781,29628073
2015-11-24,380.7000,387.0000,377.8000,385.9000,383.4960,33094964
2015-11-25,386.7000,389.3500,382.1500,386.1000,383.6947,33263830
2015-11-26,386.1000,390.9000,385.3000,389.6000,387.1729,20478427
2015-11-27,387.4500,388.3500,385.1000,386.5500,384.1420,19857588
2015-11-30,384.8000,389.0000,383.2000,385.2500,382.8501,40098976
2015-12-01,386.3500,387.4810,382.2500,384.5500,382.1545,20884696
2015-12-02,382.7500,386.2000,380.3500,382.0000,379.6202,32004254
2015-12-03,380.6000,382.3000,368.3660,368.5500,366.2541,39156513
2015-12-04,369.1000,375.2500,356.8000,359.7000,357.4592,37017831
2015-12-07,356.2500,358.2000,346.6000,347.6000,345.4346,32311531
2015-12-08,344.8000,352.7500,340.0000,347.8000,345.6333,39928774
2015-12-09,348.7500,356.8500,343.9000,350.4500,348.2668,35093272
2015-12-10,351.8000,354.7000,348.5500,350.9500,348.7637,29934226
2015-12-11,349.5000,351.2500,337.1000,338.0000,335.8943,32322873
2015-12-14,338.4500,340.0000,328.8000,329.3000,327.2486,39295227
2015-12-15,330.5000,340.2500,330.5000,337.7000,335.5963,40856201
2015-12-16,340.0000,346.6500,339.4000,340.2000,338.0807,34985075
2015-12-17,345.2000,345.8000,339.7000,340.3500,338.2298,30541924
2015-12-18,338.0500,345.3000,336.3500,339.3000,337.1864,44715167
2015-12-21,339.5000,345.0000,335.2000,335.2000,333.1120,27116022
2015-12-22,342.0000,345.3000,338.4000,344.9500,342.8011,24472063
2015-12-23,348.1000,360.8500,347.9500,360.4000,358.1548,34897170
2015-12-24,363.9000,366.3000,362.9500,365.9500,363.6702,7161881
2015-12-29,357.1500,362.8500,356.8500,360.7500,358.5026,25250417
2015-12-30,358.0000,358.0000,353.9000,355.1500,352.9374,17521298
2015-12-31,355.0000,356.3500,352.6060,354.0000,351.7945,6942548
2016-01-04,351.2500,353.4500,343.8000,347.5500,345.3848,30115031
2016-01-05,349.0000,352.5000,343.5000,348.1500,345.9811,23383274
2016-01-06,350.4000,352.0190,339.1000,343.4500,341.3105,28972711
2016-01-07,337.0000,339.4000,324.6000,337.7000,335.5963,59009866
2016-01-08,339.7000,339.7130,328.7000,328.7000,326.6523,38890589
2016-01-11,329.0500,336.0000,327.3500,328.0500,326.0064,36482011
2016-01-12,328.0000,336.9000,322.4000,323.1000,321.0872,46002966
2016-01-13,327.1000,342.1000,325.0000,335.8500,333.7579,55594231
2016-01-14,332.2000,353.1000,330.3500,347.7000,345.5341,61223405
2016-01-15,349.3000,349.6500,335.5500,338.1500,336.0434,53838443
2016-01-18,336.6500,347.3500,333.1000,340.5000,338.3787,41699867
2016-01-19,346.3000,351.4500,339.6500,342.4500,340.3166,50643592
2016-01-20,333.7000,336.2000,325.1000,328.1500,326.1058,63283399
2016-01-21,328.6000,344.2000,326.0500,342.2500,340.1179,53447768
2016-01-22,350.8500,357.8000,347.4500,352.7000,350.5027,48161137
2016-01-25,352.8000,353.4280,343.0500,350.1500,347.9687,47281529
2016-01-26,342.2000,357.8000,338.0000,356.5000,354.2791,42093229
2016-01-27,356.0000,362.9000,349.9460,362.9000,360.6392,41412899
2016-01-28,362.5000,378.8000,360.8500,368.4500,366.1547,62408952
2016-01-29,376.0500,377.8000,366.9000,376.1000,373.7570,56502071
2016-02-01,379.4500,381.8000,359.7000,366.9500,364.6640,54869714
2016-02-02,348.1000,349.8000,330.1000,335.1000,333.0123,83735685
2016-02-03,332.3500,337.1000,324.5500,332.3500,330.2795,54849782
2016-02-04,341.0000,354.4000,338.2000,350.8500,348.6643,59332758
2016-02-05,350.0000,356.5500,345.4000,350.6500,348.4656,34045330
2016-02-08,352.9000,353.4000,337.8500,343.9000,341.7576,36702379
2016-02-09,344.5000,347.7000,334.4500,334.4500,332.3665,44362725
2016-02-10,335.2000,337.7000,326.4000,330.1000,328.0436,40080067
2016-02-11,319.7000,321.0870,309.1000,310.2500,308.3901,48991591
2016-02-12,317.0000,332.8330,316.1060,332.5000,330.5066,56260825
2016-02-15,339.6000,339.8500,331.7500,332.8000,330.8049,36500385
2016-02-16,341.2500,348.2500,334.2800,337.4000,335.3771,54103093
2016-02-17,336.0500,350.9500,335.1500,349.8500,347.7527,53916643
2016-02-18,351.0000,352.3000,310.0000,345.4000,343.3293,43395070
2016-02-19,345.2500,351.0000,341.0000,343.2500,341.1921,24990247
2016-02-22,347.6000,358.9000,347.6000,356.6500,354.5118,20966888
2016-02-23,354.0000,354.6000,344.1500,345.3500,343.2795,39008786
2016-02-24,343.1500,344.0500,332.5560,335.0000,332.9917,52554241
2016-02-25,339.5500,346.4860,336.2510,338.4500,336.4211,36265694
2016-02-26,343.3000,351.5000,341.6000,349.5500,347.4544,40426721
2016-02-29,347.0000,351.5500,344.6500,351.4500,349.3431,41325531
2016-03-01,351.0000,355.3500,347.9500,350.6500,348.5479,29134378
2016-03-02,353.0000,353.9000,346.1000,352.9000,350.7843,35522725
2016-03-03,355.0000,364.7000,352.3830,362.0000,359.8296,53825911
2016-03-04,365.0000,371.1550,360.9000,367.9000,365.6944,36800787
2016-03-07,365.0500,368.3500,355.7500,365.5500,363.3585,48195426
2016-03-08,363.9000,364.4500,351.1500,354.2000,352.0767,45587032
2016-03-09,350.8000,357.4500,350.4500,356.0000,353.8658,41266100
2016-03-10,354.9500,356.6500,343.1500,343.2000,341.1426,44584386
2016-03-11,349.0000,355.8000,344.8000,348.4000,346.3113,36637371
2016-03-14,349.4500,353.1000,335.6190,345.4500,343.3791,34796869
2016-03-15,342.0000,344.3500,339.9000,342.0000,339.9496,32097540
2016-03-16,346.0000,354.4500,344.3000,350.1000,348.0012,36317190
2016-03-17,355.2000,360.4000,342.1990,359.6000,357.4442,38711844
2016-03-18,359.4000,362.5500,356.9500,357.0000,354.8598,49403019
2016-03-21,354.9500,360.6500,352.5000,356.2000,354.0646,24875428
2016-03-22,357.0000,362.2000,354.8500,360.7500,358.5872,33346693
2016-03-23,360.2000,361.6000,353.9000,356.1000,353.9652,24272908
2016-03-24,353.3000,355.2500,347.5500,353.3500,351.2317,28192894
2016-03-29,354.4500,357.2750,343.9500,345.8000,343.7269,33700933
2016-03-30,348.3000,360.6000,348.3000,355.5500,353.4184,39361914
2016-03-31,354.0500,356.9220,350.0500,350.1500,348.0508,34229740
2016-04-01,346.4000,352.2100,338.1860,343.8000,341.7388,42251502
2016-04-04,342.9000,348.6000,341.9000,344.7000,342.6335,24796730
2016-04-05,340.5000,346.7000,335.0750,337.4500,335.4270,41790842
2016-04-06,340.5500,341.8500,335.5000,339.5500,337.5144,31487745
2016-04-07,341.1500,344.0000,337.8930,339.3000,337.2659,28450651
2016-04-08,342.8500,350.9000,342.7310,350.3500,348.2496,31757227
2016-04-11,351.3000,353.7000,348.5500,351.8500,349.7406,25610633
2016-04-12,352.0000,358.4000,349.8000,356.9500,354.8101,30229028
2016-04-13,362.0000,367.4000,361.3130,365.4500,363.2591,48865879
2016-04-14,365.4500,365.9000,357.6000,358.5500,356.4004,52638979
2016-04-15,360.0000,360.8500,351.8000,355.9500,353.8161,39306914
2016-04-18,348.9500,358.0500,249.4350,355.8000,353.6669,44648117
2016-04-19,358.7500,364.3000,355.9300,362.9500,360.7741,43078773
2016-04-20,361.0000,364.5000,357.8500,363.6500,361.4699,33218597
2016-04-21,366.1000,369.9640,365.5500,368.6000,366.3903,39745769
2016-04-22,366.3000,368.6000,353.2250,368.3000,366.0920,33896547
2016-04-25,368.5000,368.5000,358.0000,360.3500,358.1897,36308097
2016-04-26,370.0000,380.7710,365.0000,375.9000,373.6464,58643540
2016-04-27,380.0000,384.9500,376.6500,382.4500,380.1572,53069757
2016-04-28,381.1000,388.3960,375.7000,382.3000,380.0081,33233292
2016-04-29,379.0000,380.4500,373.7500,373.7500,371.5094,37805374
2016-05-03,375.7500,377.5000,366.6500,368.4000,366.1915,37091571
2016-05-04,366.2000,369.6500,361.7500,362.5500,360.3765,36826058
2016-05-05,357.9000,365.1830,356.9500,358.3500,356.2697,27373021
2016-05-06,357.0000,362.0000,350.7500,360.8000,358.7054,32566478
2016-05-09,359.6130,370.0000,351.3000,351.5000,349.4594,34145882
2016-05-10,354.4500,359.5000,352.3000,357.5500,355.4743,34589743
2016-05-11,357.0000,362.1000,354.3500,361.2000,359.1031,29343567
2016-05-12,359.3000,367.7500,357.1000,360.1000,358.0095,35253077
2016-05-13,358.2000,363.0500,356.4000,362.5000,360.3955,24476218
2016-05-16,362.5000,367.6500,360.0000,366.0000,363.8751,17121834
2016-05-17,367.2000,370.1500,363.6000,366.3000,364.1735,30223540
2016-05-18,364.7000,367.3500,361.8500,364.6000,362.4834,27195811
2016-05-19,362.2000,362.9500,355.0000,356.0000,353.9333,35801645
2016-05-20,360.9500,363.6000,358.3300,361.5000,359.4014,33847546
2016-05-23,360.5500,362.2000,356.4500,357.5000,355.4246,23353869
2016-05-24,356.1500,359.8500,355.5500,357.8000,355.7229,32425630
2016-05-25,361.9000,366.2500,359.7660,366.0000,363.8751,35938638
2016-05-26,366.9000,369.6000,362.5000,364.4500,362.3342,32779263
2016-05-27,364.6500,364.8980,359.4500,361.9500,359.8486,26723199
2016-05-31,362.1000,362.9000,353.7620,357.2500,355.1761,48291585
2016-06-01,355.1500,357.7620,349.3500,353.6000,351.5472,32082769
2016-06-02,355.4500,358.8500,351.8500,353.1000,351.0501,37693098
2016-06-03,356.8000,362.7000,356.0500,358.5500,356.4685,34736064
2016-06-06,362.7000,369.8500,362.5500,368.4000,366.2612,36138644
2016-06-07,370.2000,374.5000,369.5500,373.2500,371.0832,30310031
2016-06-08,372.7000,378.6500,371.3500,376.5500,374.3639,30819336
2016-06-09,375.5000,376.0500,369.5500,374.1500,371.9779,28616392
2016-06-10,372.6000,373.2090,367.6000,370.7500,368.5977,27089321
2016-06-13,366.3000,371.1000,365.8500,368.9000,366.7584,24572563
2016-06-14,367.0000,370.2530,357.7000,358.2000,356.1205,44816138
2016-06-15,359.5500,362.5000,356.8500,359.5000,357.4130,39966253
2016-06-16,364.0000,368.1200,359.9000,364.8500,362.7320,46714388
2016-06-17,368.9000,375.8200,364.8500,373.1500,370.9838,61271837
2016-06-20,377.5500,383.0500,376.2000,378.9500,376.7500,37551323
2016-06-21,376.7000,384.7500,374.7000,382.3000,380.0805,32139120
2016-06-22,384.7500,388.2000,382.2500,383.4000,381.1742,34605558
2016-06-23,385.0000,389.3500,381.6500,386.9500,384.7036,27238495
2016-06-24,363.0000,399.0000,355.0000,393.6500,391.3647,93027779
2016-06-27,393.7000,401.5500,391.8000,394.9500,392.6572,60909185
2016-06-28,401.1000,407.5500,385.0000,404.4500,402.1022,44795047
2016-06-29,410.0000,424.8000,409.2940,424.8000,422.3340,52670632
2016-06-30,425.0500,438.1500,421.8500,438.1500,435.6064,55619872
2016-07-01,441.0000,445.8500,437.0100,445.4000,442.8141,46240132
2016-07-04,447.2500,450.0000,443.8740,446.8000,444.2062,25432002
2016-07-05,446.0000,453.8000,440.1000,453.5500,450.9170,48388415
2016-07-06,452.8500,459.1500,442.0500,449.4000,446.7910,52539211
2016-07-07,451.5500,458.5500,451.4000,453.3000,450.6684,36150371
2016-07-08,454.3000,458.0500,445.8000,457.0000,454.3469,35208674
2016-07-11,459.8500,460.0000,453.8000,459.0000,456.3354,29926569
2016-07-12,456.8000,463.7840,453.0000,461.8000,459.1191,40366727
2016-07-13,459.2500,464.4000,455.7000,455.7000,453.0546,42243480
2016-07-14,460.0000,463.4000,454.6500,454.6500,452.0107,34110368
2016-07-15,452.0000,457.1500,450.6750,457.1500,454.4960,32141002
2016-07-18,455.8500,456.4000,449.3000,449.3000,446.6917,22564452
2016-07-19,447.4000,453.8500,445.6500,452.8000,450.1714,19879037
2016-07-20,455.0000,455.4500,447.3000,451.2000,448.5806,19764929
2016-07-21,451.0000,452.6000,448.0000,450.8000,448.1829,21672581
2016-07-22,448.7000,453.0000,446.8630,452.1000,449.4753,20125348
2016-07-25,451.4500,453.6000,439.1500,440.3500,437.7935,28603025
2016-07-26,430.0000,438.0000,426.2050,434.6000,432.0770,43562275
2016-07-27,435.5000,442.1500,429.2000,434.0500,431.5303,28561549
2016-07-28,437.2500,437.5000,426.6500,426.6500,424.1731,47034065
2016-07-29,426.5000,428.1000,421.6000,426.8500,424.3719,34486588
2016-08-01,431.8000,433.1000,418.3500,418.3500,415.9213,37884762
2016-08-02,417.5500,419.7500,412.9000,413.9000,411.4973,39775790
2016-08-03,414.8000,417.6000,410.6360,415.0000,412.5909,31092954
2016-08-04,414.7000,419.4000,408.6270,416.3500,414.0084,40215902
2016-08-05,416.5000,423.3800,416.3500,419.3500,416.9915,41256605
2016-08-08,421.2000,422.6500,417.2000,422.1500,419.7757,29715016
2016-08-09,421.8000,428.3500,419.2000,425.2000,422.8086,27053151
2016-08-10,423.2500,425.9500,421.1000,423.0000,420.6209,25954881
2016-08-11,423.7000,432.3000,419.2500,432.3000,429.8686,30001613
2016-08-12,435.4000,437.7500,428.1850,432.7000,430.2664,40814966
2016-08-15,431.9500,438.6840,431.0500,436.8500,434.3932,25466962
2016-08-16,436.0000,440.3000,434.3620,436.2500,433.7964,25991601
2016-08-17,438.0000,439.9500,430.8500,432.7500,430.3161,24710744
2016-08-18,436.0000,436.8500,431.7310,435.5500,433.1003,21285672
2016-08-19,436.4500,438.5420,433.8500,434.3500,431.9070,22107926
2016-08-22,433.8500,435.0860,426.1500,427.9000,425.4935,25599311
2016-08-23,428.3500,431.5000,427.3500,428.6000,426.1895,20594824
2016-08-24,426.0000,431.3000,425.1000,429.0000,426.5872,26901045
2016-08-25,429.4000,434.2130,424.9850,432.0000,429.5703,27212254
2016-08-26,431.0500,435.9000,430.2000,434.8500,432.4043,23911417
2016-08-30,433.6500,434.8500,430.2000,433.7000,431.2607,28754409
2016-08-31,432.9000,434.1000,426.9000,427.9000,425.4935,34197173
2016-09-01,427.6500,428.8000,416.5000,418.7500,416.3948,26415330
2016-09-02,419.7500,434.0000,418.4500,431.0000,428.5760,42654974
2016-09-05,432.2000,439.7000,430.4130,434.8000,432.3546,22830172
2016-09-06,435.6500,437.3000,425.7500,427.6500,425.2448,21039262
2016-09-07,428.9000,434.8000,428.9000,433.3500,430.9128,23820168
2016-09-08,434.0000,438.9500,432.4000,437.1500,434.6913,21774330
2016-09-09,435.8500,437.0500,429.7000,432.1500,429.7195,19454842
2016-09-12,427.0500,432.9850,423.0000,428.7000,426.2889,29002741
2016-09-13,430.0500,431.5000,420.1000,420.5500,418.1847,36183045
2016-09-14,421.7000,424.6500,417.4000,417.5000,415.1519,23679525
2016-09-15,416.3500,421.5640,413.4500,421.1500,418.7813,31750166
2016-09-16,421.4000,421.6500,411.6000,420.4000,418.0356,71293199
2016-09-19,424.1000,430.7000,424.1000,426.3000,423.9025,24824553
2016-09-20,425.0500,427.5000,422.5000,423.9500,421.5656,18238618
2016-09-21,426.4000,428.4500,422.7500,424.3000,421.9135,21744439
2016-09-22,428.3500,438.9500,428.3500,434.6000,432.1557,33417076
2016-09-23,432.5000,439.5500,431.5500,436.9000,434.4427,22336553
2016-09-26,430.9000,434.7500,429.0500,432.0000,429.5703,22050261
2016-09-27,434.6500,435.3500,426.3000,428.2000,425.7917,22582020
2016-09-28,430.0000,436.1000,430.0000,432.2500,429.8188,20352312
2016-09-29,451.4500,453.2500,447.7300,451.0000,448.4635,45738066
2016-09-30,447.0500,451.7500,443.4000,450.0000,447.4691,33867137
2016-10-03,450.8500,459.3000,449.4500,458.4000,455.8219,25346585
2016-10-04,460.0000,471.8500,458.4000,467.9500,465.3181,69658808
2016-10-05,466.9000,472.0000,465.3500,472.0000,469.3453,40270834
2016-10-06,472.0000,476.5000,469.9050,473.5000,470.8369,34380896
2016-10-07,476.3000,486.6500,474.0000,486.0000,483.2666,46703811
2016-10-10,484.4500,495.3000,483.9500,494.4500,491.6690,26689798
2016-10-11,493.5000,498.4500,483.7030,486.7500,484.0124,34033504
2016-10-12,486.9500,492.7500,483.0000,484.8000,482.0733,33465423
2016-10-13,482.9000,494.0000,480.8500,485.0000,482.2722,44194396
2016-10-14,484.6500,493.0500,484.6310,489.5000,486.7469,22209818
2016-10-17,489.4500,489.5000,482.2300,483.7500,481.0293,23280453
2016-10-18,489.0000,491.6500,485.2000,485.9000,483.1672,24843100
2016-10-19,485.9500,492.5380,485.7000,490.1500,487.3932,29801660
2016-10-20,486.6000,491.7000,486.5500,490.0500,487.2937,23613827
2016-10-21,489.6000,493.7000,488.0230,492.7500,489.9787,25700824
2016-10-24,494.0000,496.3500,486.9500,486.9500,484.2112,19706188
2016-10-25,487.0000,498.4500,487.0000,495.1500,492.3651,21433420
2016-10-26,492.0000,492.4500,483.0080,487.9500,485.2057,27442662
2016-10-27,486.5500,493.5000,484.0500,493.5000,490.7245,27583972
2016-10-28,491.2000,492.3500,483.4500,492.1500,489.3820,43351151
2016-10-31,486.4000,487.8000,482.3000,483.7000,480.9794,27420426
2016-11-01,479.0000,483.7000,460.4000,462.0500,459.4514,54167619
2016-11-02,463.5500,475.5260,456.7000,457.3000,454.7281,46834641
2016-11-03,459.3000,463.6040,450.8000,451.3500,448.8115,38129817
2016-11-04,450.0000,451.3500,443.1000,446.4500,443.9391,27844548
2016-11-07,454.9000,455.0000,450.0000,453.4500,450.8997,28389226
2016-11-08,453.9000,457.5000,452.0000,456.5500,453.9822,21488081
2016-11-09,443.0500,458.1000,441.0000,458.1000,455.5236,37557815
2016-11-10,453.7500,460.9500,448.2500,448.9000,446.4525,39144027
2016-11-11,450.3500,451.1500,434.1500,435.3500,432.9764,33696087
2016-11-14,438.4000,439.8500,432.1500,433.4500,431.0868,27955310
2016-11-15,439.4500,447.1000,433.4500,444.8000,442.3748,33636841
2016-11-16,448.2000,448.7000,433.4500,441.9000,439.4907,25446389
2016-11-17,441.8000,450.0000,441.1160,447.2000,444.7618,27538902
2016-11-18,447.2000,449.4000,441.8500,447.6500,445.2094,37364206
2016-11-21,451.9500,459.6500,448.3310,456.2500,453.7625,36067854
2016-11-22,460.4500,464.5500,455.1500,456.2500,453.7625,31371519
2016-11-23,459.9000,463.1500,455.0500,458.1500,455.6522,20556471
2016-11-24,458.0500,460.5500,456.4500,458.8500,456.3483,12091662
2016-11-25,458.2500,459.0000,454.2500,454.9500,452.4697,13993954
2016-11-28,453.8500,454.4000,447.0000,452.2500,449.7844,22170727
2016-11-29,449.8000,449.8000,439.6500,442.5500,440.1371,35322618
2016-11-30,443.8000,463.1000,443.4000,459.4500,456.9450,62566350
2016-12-01,473.0000,478.5000,463.1000,470.0500,467.4872,53680155
2016-12-02,466.4000,471.2090,459.8860,466.6500,464.1058,27480878
2016-12-05,461.0000,468.6000,460.7500,464.9500,462.4151,33668594
2016-12-06,463.0000,467.4000,458.9500,463.5500,461.0227,35309709
2016-12-07,469.0000,474.9500,464.0000,473.4500,470.8687,31261486
2016-12-08,472.0000,477.7000,470.1000,477.0000,474.3994,24162987
2016-12-09,478.5000,479.0150,474.3500,476.2000,473.6037,25046255
2016-12-12,481.5500,487.9000,479.5500,483.4000,480.7645,43889602
2016-12-13,480.0000,484.8000,477.5360,482.7000,480.0684,34172561
2016-12-14,482.0500,483.7000,479.0000,481.0000,478.3774,31189592
2016-12-15,479.0000,481.7000,470.0000,479.5000,476.8858,37885942
2016-12-16,481.7500,489.7980,479.5000,489.7000,487.0301,55713036
2016-12-19,490.0000,494.5000,489.2000,490.8000,488.1241,27542636
2016-12-20,490.3000,496.0000,487.5500,495.1000,492.4008,21470576
2016-12-21,495.3000,499.6500,489.3000,496.7500,494.0418,22392861
2016-12-22,498.0000,503.0000,497.2500,503.0000,500.2577,24932412
2016-12-23,502.7000,504.1150,502.0000,503.0000,500.2577,7576779
2016-12-28,505.0000,510.4000,500.7000,508.9000,506.1254,22661473
2016-12-29,507.8000,513.2400,506.8000,511.2000,508.4129,14268655
2016-12-30,507.9000,510.2000,504.9000,509.6000,506.8217,15875282
2017-01-03,511.0000,520.1000,510.2000,517.3000,514.4794,30062704
2017-01-04,517.8000,519.3000,515.2000,519.3000,516.4689,51985767
2017-01-05,516.5000,520.1650,512.7000,517.3000,514.4794,24830093
2017-01-06,517.4000,517.7000,513.2000,514.5000,511.6949,17355531
2017-01-09,514.5000,516.9000,505.1310,513.5000,510.7004,22575964
2017-01-10,510.5000,512.3000,508.5000,511.7000,508.9102,24385862
2017-01-11,508.3000,515.5000,506.6000,513.3000,510.5014,19913918
2017-01-12,512.0000,516.9000,508.0290,515.4000,512.5900,23620003
2017-01-13,515.8000,521.2000,515.0000,518.0000,515.1758,28300981
2017-01-16,517.3000,517.7000,512.1000,512.6000,509.8053,19326432
2017-01-17,511.1000,512.6000,502.0000,502.0000,499.2629,32334856
2017-01-18,503.1000,506.9000,501.1000,505.1000,502.3461,27657038
2017-01-19,504.6000,505.0750,480.0000,499.1500,496.4286,28425393
2017-01-20,499.7500,503.9000,497.1530,498.3500,495.6329,27490489
2017-01-23,494.0500,498.3500,485.0500,487.1500,484.4940,28404349
2017-01-24,488.6500,493.7180,484.8100,489.7000,487.0301,25028032
2017-01-25,490.7000,494.1000,487.8500,488.0500,485.3891,21598417
2017-01-26,489.6500,490.5000,485.2500,485.4000,482.7535,27240802
2017-01-27,487.8000,488.1500,481.3500,486.8000,484.1460,22529929
2017-01-30,482.7000,483.8500,474.7000,476.0500,473.4546,27283839
2017-01-31,476.0500,480.4500,472.8000,472.8500,470.2720,39307342
2017-02-01,477.5500,479.0000,471.4000,472.9000,470.3217,27816050
2017-02-02,472.1500,476.2000,470.5430,472.7000,470.1227,30916760
2017-02-03,474.8000,480.4500,473.1500,478.6000,475.9907,26158923
2017-02-06,479.0500,482.9500,475.6500,476.5500,473.9518,25355109
2017-02-07,464.0000,468.2500,456.2500,457.1000,454.6079,56714531
2017-02-08,458.4500,459.5000,450.9500,455.9500,453.4642,43741797
2017-02-09,460.0000,463.3500,455.1720,458.7000,456.1991,36555284
2017-02-10,460.0000,464.0000,456.2500,459.6000,457.0942,49022997
2017-02-13,461.6500,462.5000,454.7730,459.6000,457.0942,23024970
2017-02-14,460.3500,462.8500,458.4500,459.5000,456.9948,25636370
2017-02-15,463.6500,463.6500,457.5500,457.5500,455.0555,26671993
2017-02-16,451.8000,454.5500,448.3500,448.4000,446.0349,28226174
2017-02-17,449.0500,449.3500,440.8000,446.0000,443.6474,32799166
2017-02-20,447.3000,449.9500,444.7000,445.2000,442.8518,26702119
2017-02-21,447.2500,456.7000,445.2000,450.8000,448.4221,45845334
2017-02-22,452.0000,454.0000,445.5000,447.7000,445.3385,33452253
2017-02-23,448.8500,453.4000,447.8300,450.4000,448.0243,35098875
2017-02-24,449.9500,451.2750,443.4000,447.1000,444.7417,29570668
2017-02-27,450.0000,453.6500,447.8000,451.5000,449.1185,31786373
2017-02-28,454.0000,455.6450,450.0000,453.5500,451.1577,47559258
2017-03-01,458.9500,472.6000,455.5500,464.6000,462.1494,51245511
2017-03-02,464.9000,467.7500,463.0590,464.8500,462.3981,39339235
2017-03-03,463.6000,466.5000,461.7700,464.0500,461.6023,21062124
2017-03-06,462.6000,463.0000,457.5000,462.8000,460.3589,21837003
2017-03-07,462.3500,465.8500,461.3500,463.0000,460.5578,32538606
2017-03-08,464.1000,464.1000,460.1500,460.7000,458.2700,25813112
2017-03-09,455.9500,457.3120,448.0000,454.0000,451.6053,62197511
2017-03-10,456.8000,474.5500,455.8000,470.7000,468.2172,106615502
2017-03-13,466.0500,470.9350,461.9500,463.5000,461.0551,51641816
2017-03-14,462.7000,466.7000,455.8500,457.0000,454.5894,33322114
2017-03-15,460.0000,463.7500,456.1500,456.1500,453.7440,43320401
2017-03-16,460.3500,464.8000,456.1500,459.2500,456.8277,51146076
2017-03-17,457.2000,463.4500,456.7000,463.0000,460.5578,61210423
2017-03-20,461.2000,461.4500,456.8500,461.1000,458.6679,65641813
2017-03-21,462.1500,464.7000,456.2500,458.3500,455.9324,32227351
2017-03-22,458.1000,458.3130,452.7000,454.7500,452.3513,35002051
2017-03-23,455.3000,456.6460,450.5750,456.6000,454.1915,30776510
2017-03-24,453.1000,457.0500,449.9000,451.8500,449.4666,23814348
2017-03-27,448.4000,450.2500,444.5000,447.9000,445.5374,28846589
2017-03-28,448.8000,453.9080,446.8000,453.4500,451.0582,28458033
2017-03-29,455.1000,461.3500,452.9500,461.2000,458.7673,30722265
2017-03-30,462.7500,466.0000,453.8470,461.6500,459.2149,37466788
2017-03-31,460.5500,463.8000,457.5000,457.5500,455.1365,38296748
2017-04-03,460.3500,464.0000,456.1000,456.1000,453.6943,27590507
2017-04-04,462.5000,464.3000,457.9000,463.6500,461.2044,29089426
2017-04-05,466.2000,471.6600,465.1000,465.2000,462.7463,35248334
2017-04-06,461.3000,467.0600,457.7000,464.4500,462.0001,34333851
2017-04-07,466.2500,470.6100,464.4000,470.4000,467.9188,33210865
2017-04-10,470.4500,471.1500,459.0870,469.6500,467.1727,17056013
2017-04-11,468.0000,474.9000,466.4500,470.7000,468.2172,29058516
2017-04-12,474.0000,476.4000,470.9000,472.5000,470.0077,26774007
2017-04-13,472.1500,475.0000,464.8000,471.1000,468.6151,32372652
2017-04-18,465.5500,466.5500,452.6000,452.6000,450.2126,56252880
2017-04-19,448.0000,451.2450,445.6150,447.8000,445.4380,47662380
2017-04-20,445.8000,455.0000,443.4880,446.6500,444.2941,34904988
2017-04-21,445.2500,450.0300,440.9000,441.4000,439.0718,40137602
2017-04-24,447.9500,452.3500,445.2000,449.3000,446.9301,27472265
2017-04-25,450.7500,451.0000,448.1450,449.2500,446.8803,30660415
2017-04-26,449.8000,454.7350,446.4500,453.6500,451.2571,32183104
2017-04-27,450.1500,453.6500,441.1000,442.6500,440.3152,29001118
2017-04-28,446.4500,453.5750,442.4000,442.5000,440.1660,32770927
2017-05-02,451.0000,455.6500,448.1000,449.6000,447.2285,44147617
2017-05-03,449.3500,449.8000,445.4000,446.6500,444.2941,33244205
2017-05-04,449.0000,453.2000,441.6360,444.8000,442.4538,42779171
2017-05-05,440.0000,451.4000,437.6780,451.3500,448.9693,40751334
2017-05-08,453.0000,456.4000,450.6000,454.4500,452.0530,33763550
2017-05-09,457.0000,458.6500,454.8500,455.7500,453.3461,23046590
2017-05-10,456.7000,463.1550,455.7000,460.5500,458.1206,34584337
2017-05-11,454.8000,462.0000,453.3500,455.9500,453.6215,75351701
2017-05-12,455.5500,460.0000,454.9000,460.0000,457.6507,65810290
2017-05-15,463.0000,468.6250,458.1210,464.2000,461.8293,39886461
2017-05-16,463.9000,471.9500,457.6410,469.2500,466.8535,59379958
2017-05-17,466.9000,472.1000,466.0500,470.5000,468.0971,40748120
2017-05-18,468.6000,470.1500,461.0000,469.0000,466.6048,40513572
2017-05-19,471.0500,475.4500,469.2500,472.1500,469.7386,39719662
2017-05-22,473.4500,478.0000,472.3000,473.9500,471.5295,34686475
2017-05-23,474.4000,476.9000,473.1000,474.2500,471.8280,27894341
2017-05-24,475.2000,479.3900,474.2000,478.5000,476.0562,32102780
2017-05-25,477.2000,478.0000,471.3000,473.1000,470.6839,29507119
2017-05-26,470.2000,475.7000,469.0290,474.5500,472.1264,29908672
2017-05-30,473.4000,476.5000,471.0500,472.1000,469.6888,28652931
2017-05-31,472.0000,474.3000,466.4670,466.7000,464.3165,90237205
2017-06-01,470.5500,471.9000,466.7000,470.0000,467.5997,28436366
2017-06-02,469.5000,470.6500,462.1680,462.7500,460.3867,44097970
2017-06-05,465.0000,469.5000,463.3500,464.0500,461.6800,29041814
2017-06-06,463.0000,466.0000,458.6000,464.9000,462.5258,33077466
2017-06-07,468.8500,469.0000,456.5500,456.8000,454.4671,46155219
2017-06-08,455.4500,459.7500,453.7500,456.3500,454.0194,34929381
2017-06-09,460.0000,468.3000,459.2000,467.8000,465.4109,31239561
2017-06-12,471.6500,475.1500,464.2000,470.9000,468.4951,27923013
2017-06-13,474.0000,474.2000,468.3000,470.1500,467.7488,19478634
2017-06-14,470.1000,470.7500,461.4500,461.6000,459.2426,33181310
2017-06-15,460.5000,467.0000,455.9000,460.9500,458.5960,37046634
2017-06-16,463.1000,468.5500,462.0500,466.6500,464.2668,65404112
2017-06-19,469.7000,474.7000,468.3430,472.6500,470.2361,1420378
2017-06-20,472.3500,475.6300,459.4000,460.2500,457.8995,4126758
2017-06-21,460.4500,461.0500,454.1500,456.7000,454.3676,6899891
2017-06-22,455.5500,458.2500,450.0500,456.7500,454.4173,18779305
2017-06-23,453.5500,456.8800,450.4500,456.3500,454.0194,4773544
2017-06-26,457.6000,460.4000,456.6500,457.7050,455.3674,1948824
2017-06-27,457.5500,462.2000,456.0000,460.2110,457.8607,1780601
2017-06-28,457.8500,461.9700,452.9500,455.3000,452.9748,2019771
2017-06-29,455.8000,457.9900,449.9000,449.9000,447.6024,3249045
2017-06-30,446.0000,448.8500,440.4500,442.8000,440.5386,4739449
2017-07-03,444.0000,453.0500,443.1000,451.3000,448.9952,24306979
2017-07-04,450.1000,451.0500,447.8500,450.0000,447.7018,19876493
2017-07-05,450.8000,451.9000,442.9000,444.1500,441.8817,25368129
2017-07-06,445.9000,448.6000,441.2500,445.9000,443.6227,26490663
2017-07-07,443.4000,446.1000,440.6500,444.0000,441.7324,30707061
2017-07-10,447.0500,447.4500,441.5000,443.7500,441.4838,18331990
2017-07-11,444.2500,444.8500,438.1000,442.4500,440.1904,23678287
2017-07-12,445.1500,454.7000,445.0000,450.6500,448.3485,28320265
2017-07-13,450.1000,450.5500,445.6500,446.8500,444.5678,43157295
2017-07-14,447.7500,448.2500,443.2500,444.8000,442.5284,35068583
2017-07-17,446.0000,451.0000,446.0000,447.8500,445.5628,25593317
2017-07-18,445.8000,450.2480,442.7500,445.4500,443.1751,21329579
2017-07-19,448.0000,448.2000,442.9500,445.9500,443.6726,19738356
2017-07-20,448.5500,454.0500,447.3500,450.2500,447.9505,24557977
2017-07-21,449.8500,454.4000,444.9500,446.3000,444.0206,23457226
2017-07-24,443.7000,444.1340,436.9140,439.7500,437.5041,48459293
2017-07-25,442.0000,447.6500,441.2500,446.4500,444.1700,29056650
2017-07-26,447.0500,449.8500,444.6500,445.1500,442.8766,22508378
2017-07-27,444.0000,447.8000,442.6000,444.7000,442.4290,27443204
2017-07-28,442.3000,445.6000,439.7500,443.6500,441.3842,25997567
2017-07-31,445.5500,449.3500,444.1500,445.8000,443.5233,31199245
2017-08-01,455.0000,462.9000,452.4500,456.4500,454.1190,42301264
2017-08-02,456.8500,459.7000,439.3500,459.3000,456.9543,31899867
2017-08-03,457.4500,461.3700,453.5760,460.6000,458.2477,29931025
2017-08-04,457.8500,465.0000,457.6500,463.3000,460.9340,17606313
2017-08-07,464.0500,470.1200,460.6000,468.4500,466.0576,43696822
2017-08-08,468.2500,473.4000,468.2500,471.1500,468.7439,23637041
2017-08-09,469.1500,471.5500,467.8500,468.8500,466.4555,20578342
2017-08-10,462.9500,463.6000,456.9000,457.7500,455.4862,27170808
2017-08-11,452.8000,453.6500,447.7100,447.7500,445.5358,29095344
2017-08-14,448.5000,449.6000,444.6000,446.1000,443.8938,24937146
2017-08-15,446.0500,449.0000,443.2500,444.1000,441.9038,18929410
2017-08-16,446.6000,449.6500,445.2500,445.4500,443.2471,26651218
2017-08-17,443.3000,447.5000,442.3500,443.2000,441.0082,22126211
2017-08-18,441.7500,443.1000,438.2500,440.0000,437.8240,27041062
2017-08-21,440.7000,442.9500,437.9500,440.1500,437.9733,32830194
2017-08-22,441.6500,449.9900,441.3000,442.2000,440.0132,25608132
2017-08-23,442.6500,444.8500,440.4890,444.5000,442.3017,22983430
2017-08-24,445.4000,448.9590,442.3300,443.1500,440.9584,28044120
2017-08-25,445.6000,449.8180,444.3500,445.5000,443.2968,15271206
2017-08-29,446.0500,446.0500,437.1500,440.4000,438.2221,27701012
2017-08-30,442.1500,444.1500,440.0000,441.9000,439.7147,18506672
2017-08-31,442.8000,446.7000,440.7500,445.1500,442.9487,32564981
2017-09-01,447.1500,448.3000,442.8000,444.7500,442.5505,18437664
2017-09-04,443.1000,448.1700,442.4780,446.4500,444.2422,14753950
2017-09-05,447.0000,449.8500,445.3130,446.7000,444.4910,29220039
2017-09-06,445.0000,448.1500,441.0500,446.7500,444.5408,29796815
2017-09-07,448.3000,451.8800,447.2080,449.9000,447.6751,23675792
2017-09-08,449.9000,450.8500,445.3000,446.1000,443.8938,15832104
2017-09-11,448.4000,450.9000,445.6500,449.1000,446.8790,18167492
2017-09-12,450.0500,450.1500,446.2000,448.9000,446.6800,20484518
2017-09-13,447.3000,454.3500,446.6000,452.3500,450.1129,38628263
2017-09-14,453.0000,457.6500,450.1500,451.7000,449.4662,34447499
2017-09-15,450.4000,451.3500,445.1000,448.2500,446.0333,53873753
2017-09-18,450.5000,454.6500,449.4500,450.8000,448.5706,24849577
2017-09-19,450.9500,457.4000,450.6500,456.1000,453.8445,26666830
2017-09-20,456.2500,459.4000,454.0500,459.4000,457.1281,22835838
2017-09-21,461.1500,463.7000,460.0000,463.5000,461.2079,39778073
2017-09-22,463.3500,468.6500,461.1500,466.6000,464.2925,26839673
2017-09-25,464.1000,473.8500,463.3000,472.4000,470.0638,32226345
2017-09-26,473.8500,476.0970,470.1130,471.5500,469.2180,31447121
2017-09-27,472.0000,473.9500,468.7000,473.0500,470.7106,37164081
2017-09-28,472.9500,476.8500,471.0000,476.0500,473.6957,25615983
2017-09-29,477.3500,480.6000,475.1950,477.3000,474.9395,26810406
2017-10-02,480.0500,481.6500,477.1000,480.0000,477.6263,40405793
2017-10-03,480.7500,486.7000,480.7500,486.4000,483.9947,30604574
2017-10-04,485.6500,487.1000,483.1000,485.7500,483.3479,32018508
2017-10-05,485.0000,490.4040,484.8500,490.4000,487.9748,23165525
2017-10-06,490.0000,490.9500,486.6000,488.1500,485.7359,22257525
2017-10-09,487.1000,488.3150,482.9880,486.3000,483.8950,25059314
2017-10-10,487.1000,491.6420,485.7000,489.9500,487.5270,26032161
2017-10-11,490.0500,491.8000,487.8000,488.6500,486.2335,28770872
2017-10-12,489.8000,491.8000,488.1710,491.4500,489.0196,19318392
2017-10-13,490.6500,496.9180,489.9870,490.8000,488.3728,19288484
2017-10-16,491.8000,494.3000,491.1500,491.5000,489.0694,22812727
2017-10-17,491.9500,494.7000,489.3500,490.6000,488.1738,24299938
2017-10-18,490.6500,494.2420,487.2500,488.0000,485.5867,23446693
2017-10-19,488.7500,492.3470,486.9000,492.1500,489.7161,45844585
2017-10-20,492.5500,493.9500,489.7200,491.9000,489.4673,25563070
2017-10-23,490.6000,492.5000,487.0000,490.9500,488.5221,19505181
2017-10-24,489.1000,497.7000,489.1000,496.2500,493.7958,27825667
2017-10-25,494.4000,495.6000,486.6000,487.7500,485.3380,23396930
2017-10-26,488.1000,491.0000,486.9800,490.0000,487.5768,24942966
2017-10-27,488.1500,497.9000,488.1500,497.9000,495.4377,29230632
2017-10-30,497.9000,504.3500,496.7730,501.6000,499.1194,37583751
2017-10-31,522.0000,522.2150,501.5250,510.2000,507.6769,60142668
2017-11-01,519.9000,519.9000,512.1000,514.0000,511.4580,42364725
2017-11-02,512.6000,519.6000,509.6000,518.1000,515.5378,35127658
2017-11-03,518.5000,521.3000,514.4000,516.8000,514.2440,24993131
2017-11-06,516.5000,522.2000,515.2000,521.1000,518.5228,28250645
2017-11-07,524.9000,529.0000,522.6000,524.7000,522.1053,37769979
2017-11-08,525.0000,525.9000,521.5000,524.1000,521.5081,29735225
2017-11-09,518.6000,520.6000,514.2000,514.6000,512.1280,34898362
2017-11-10,516.0000,517.5000,506.9000,506.9000,504.4648,24431441
2017-11-13,508.6000,516.8500,506.7220,506.9000,504.4648,22127206
2017-11-14,506.0000,508.0000,502.0000,503.0000,500.5835,25618864
2017-11-15,499.7500,500.7000,493.1500,495.0000,492.6220,32667416
2017-11-16,497.6000,500.2000,490.4500,491.1500,488.7904,31845429
2017-11-17,490.1500,495.0500,488.0500,493.1000,490.7313,21826848
2017-11-20,490.8000,494.8000,490.0000,492.0000,489.6363,20892430
2017-11-21,492.1500,498.1500,491.4500,494.3000,491.9254,34930127
2017-11-22,497.0000,499.5500,495.3500,497.8500,495.4583,41355266
2017-11-23,497.2000,501.9000,495.3500,500.9000,498.4937,22042538
2017-11-24,501.4000,501.7000,497.4500,501.3000,498.8917,21135966
2017-11-27,500.0000,503.2000,496.2000,496.2000,493.8163,26928203
2017-11-28,495.3000,503.3000,495.3000,501.4000,498.9913,40038258
2017-11-29,497.5000,500.4000,492.7500,494.5000,492.1244,35546415
2017-11-30,493.0000,495.8000,489.1000,489.1000,486.7503,61065242
2017-12-01,492.9500,496.0000,490.3500,492.0000,489.6363,38094990
2017-12-04,495.3000,496.3500,490.3500,493.0000,490.6317,32669291
2017-12-05,493.0500,495.6500,491.2000,491.7500,489.3876,45666974
2017-12-06,490.3500,496.1500,490.3500,494.2500,491.8756,30207025
2017-12-07,493.2500,494.8500,487.9500,488.2000,485.8547,27191525
2017-12-08,488.0000,493.4000,482.6500,492.7500,490.3829,40251671
2017-12-11,492.3500,499.7500,492.2000,498.7000,496.3043,29547682
2017-12-12,499.8000,511.1000,499.8000,511.0000,508.5452,42704788
2017-12-13,509.7000,511.6000,505.3490,507.6980,505.2590,50358314
2017-12-14,505.0000,507.8000,503.7000,504.0000,501.5788,35838377
2017-12-15,505.1000,506.7000,501.9000,505.2000,502.7730,44893955
2017-12-18,506.6000,510.3000,502.7000,509.7000,507.2513,21916310
2017-12-19,508.6000,511.9000,507.3000,507.8000,505.3605,26921844
2017-12-20,508.0000,509.8000,504.9000,508.7000,506.2562,35234009
2017-12-21,508.5000,520.2000,508.5000,519.5000,517.0043,29203945
2017-12-22,518.9000,519.0000,514.9000,517.2000,514.7155,9431738
2017-12-27,518.2000,520.1000,517.3000,518.7000,516.2081,19759452
2017-12-28,519.2000,519.7000,516.9000,518.6000,516.1086,10981504
2017-12-29,517.5000,523.5000,517.4000,522.7000,520.1889,10752630
2018-01-02,524.2000,524.3000,514.3000,517.5000,515.0139,20152548
2018-01-03,519.2000,525.6000,518.8000,524.2000,521.6816,27207749
2018-01-04,529.1000,530.6000,527.2000,530.0000,527.4537,32592520
2018-01-05,530.0000,531.3000,526.7000,529.6000,527.0558,24779506
2018-01-08,529.4000,530.3000,526.9000,527.4000,524.8666,29326873
2018-01-09,527.6000,529.4000,524.6000,528.0000,525.4634,31258273
2018-01-10,528.4000,531.7000,528.1000,530.5000,527.9515,32398552
2018-01-11,529.8000,534.0000,528.6000,533.0000,530.4395,35293014
2018-01-12,532.2000,536.2000,528.8000,534.8000,532.2309,33811835
2018-01-15,533.6000,534.1000,531.0000,532.7000,530.1410,21042103
2018-01-16,525.0000,528.3000,516.1000,518.3000,515.8101,48639878
2018-01-17,516.0000,519.3000,512.5000,516.3000,513.8195,28884152
2018-01-18,516.8000,519.7000,513.2000,516.5000,514.0187,21972681
2018-01-19,515.2000,515.6000,507.7000,509.9000,507.4504,46542765
2018-01-22,511.1000,516.5000,510.3000,515.8000,513.3221,38310875
2018-01-23,518.1000,518.1000,514.7000,515.7000,513.2226,26614233
2018-01-24,516.1000,520.7000,514.1000,515.5000,513.0235,49666786
2018-01-25,515.5000,520.8000,515.3000,516.7000,514.2178,28605999
2018-01-26,517.8000,518.7000,514.8000,516.3000,513.8195,28245202
2018-01-29,515.1000,518.6000,513.0000,515.6000,513.1230,27223028
2018-01-30,510.4000,514.4000,506.2000,507.9000,505.4601,41680480
2018-01-31,507.7000,508.1000,500.4000,501.1000,498.6927,40800024
2018-02-01,506.6000,509.3000,500.8000,501.5000,499.0907,27436471
2018-02-02,504.3000,505.7000,489.0500,489.4500,487.0987,39293080
2018-02-05,484.5500,489.4500,475.0000,482.0500,479.7343,49010159
2018-02-06,457.9500,486.1000,452.5000,475.0000,472.7180,76141700
2018-02-07,485.5500,490.8500,476.8500,485.0000,482.6701,62374981
2018-02-08,482.7000,483.6500,477.0000,481.1000,478.7888,55597861
2018-02-09,477.9500,479.3500,466.8000,470.0500,467.7919,50496700
2018-02-12,476.9000,482.1500,474.2500,478.8000,476.4999,50653579
2018-02-13,477.2000,480.6000,474.8500,475.9500,473.6636,34674798
2018-02-14,477.0000,478.5000,472.2500,474.9000,472.6186,40742940
2018-02-15,472.6500,478.0500,467.1000,469.7500,467.5640,34939564
2018-02-16,473.3000,474.6500,470.3000,473.4000,471.1969,33389161
2018-02-19,474.6500,478.3500,473.1500,474.0500,471.8438,25607113
2018-02-20,476.4500,478.4000,473.4500,475.0000,472.7895,34940491
2018-02-21,473.7500,474.9500,470.0000,472.2000,470.0025,27369989
2018-02-22,468.9000,474.4000,466.4000,473.9000,471.6946,77378075
2018-02-23,472.0000,476.5000,468.8000,476.1000,473.8844,29338300
2018-02-26,482.0000,482.9000,477.9500,480.8500,478.6123,48339304
2018-02-27,480.8500,482.6000,476.8500,478.2000,475.9746,29042202
2018-02-28,475.1000,482.0500,475.1000,475.1500,472.9387,40396337
2018-03-01,473.2500,476.5500,467.8000,473.6000,471.3960,39335985
2018-03-02,470.7500,473.0000,464.1000,464.1000,461.9402,36154120
2018-03-05,464.7000,470.1500,463.9000,470.1500,467.9620,42900545
2018-03-06,473.0000,477.6500,473.0000,473.1500,470.9481,32839802
2018-03-07,470.2500,475.2000,470.0000,471.6000,469.4053,32853320
2018-03-08,471.1000,475.8500,471.1000,475.0000,472.7895,29090753
2018-03-09,475.7000,479.4000,474.5000,478.2000,475.9746,27291276
2018-03-12,479.1500,479.8000,475.2500,477.9500,475.7257,26988068
2018-03-13,479.6500,483.0000,473.2000,474.0000,471.7942,33537463
2018-03-14,473.4500,474.7500,463.9000,464.7500,462.5872,52230048
2018-03-15,466.4500,467.5500,463.3000,464.5500,462.3881,36118925
2018-03-16,463.8000,473.7500,463.8000,473.7500,471.5453,88703968
2018-03-19,472.3000,472.3000,459.5000,459.7500,457.6105,48161112
2018-03-20,463.0000,465.6500,456.4500,463.9000,461.7412,47342385
2018-03-21,465.6500,473.2000,460.3000,472.7000,470.5002,56848488
2018-03-22,469.7500,471.4500,460.1000,463.3000,461.1439,49719439
2018-03-23,460.6000,465.6000,457.3500,462.4500,460.2979,33219378
2018-03-26,464.9000,473.6500,463.9500,469.5500,467.3648,39528715
2018-03-27,475.9000,478.3000,473.0500,475.3500,473.1378,36505351
2018-03-28,470.1000,473.8000,465.8500,471.4000,469.2062,31262780
2018-03-29,472.9500,482.4000,471.1000,479.2500,477.0197,50711031
2018-04-03,478.0500,482.5500,475.8000,479.5000,477.2685,39240364
2018-04-04,481.4000,483.3000,478.5000,481.8000,479.5578,39049510
2018-04-05,492.5500,499.8000,486.9000,499.8000,497.4740,45789040
2018-04-06,499.2000,502.5000,496.0500,498.4000,496.0805,36307245
2018-04-09,498.5000,499.9000,488.2000,493.5500,491.2531,40800513
2018-04-10,495.5500,505.2000,493.2500,505.2000,502.8489,41637779
2018-04-11,503.3000,508.5000,502.0000,505.9000,503.5457,37931448
2018-04-12,506.4000,507.9000,501.6000,504.5000,502.1522,28929563
2018-04-13,506.0000,506.0000,498.9500,504.3000,501.9531,30689687
2018-04-16,500.8000,501.2000,493.8250,496.3500,494.0401,34483598
2018-04-17,501.0000,501.4000,495.6500,496.7000,494.3885,27446000
2018-04-18,498.0000,510.4000,497.4000,509.6000,507.2285,38283560
2018-04-19,512.5000,516.6000,509.5000,516.5000,514.0964,35471777
2018-04-20,518.5000,519.6000,513.2000,518.2000,515.7886,29127852
2018-04-23,517.4000,521.7000,516.2000,521.6000,519.1723,35629982
2018-04-24,528.3000,533.9000,526.2000,533.6000,531.1166,48237242
2018-04-25,526.7000,527.8000,519.2000,524.0000,521.5615,51115080
2018-04-26,526.6000,536.2000,525.8000,535.3000,532.8089,46617490
2018-04-27,534.4000,537.9000,531.7000,537.4000,534.8992,31551871
2018-04-30,536.5000,538.0000,530.2000,538.0000,535.4963,40074394
2018-05-01,545.1000,550.1000,541.1000,547.7000,545.1513,48361677
2018-05-02,547.0000,550.7000,545.5000,547.4000,544.8525,47606324
2018-05-03,549.6000,551.3000,542.2000,543.9000,541.3691,43300799
2018-05-04,547.8000,558.1000,547.0000,558.1000,555.5027,60880877
2018-05-08,558.1000,559.3000,549.0000,550.4000,547.8386,63634964
2018-05-09,559.9000,572.4000,558.5000,572.0000,569.3383,65130750
2018-05-10,571.3000,571.6000,559.4000,564.0000,561.4482,44846021
2018-05-11,566.0000,567.8000,561.3000,564.5000,561.9461,33603758
2018-05-14,564.6000,573.0000,560.4000,570.5000,567.9189,55245028
2018-05-15,569.0000,580.3000,566.7000,577.2000,574.5886,75053419
2018-05-16,577.5000,581.8000,574.1000,575.9000,573.2946,40930380
2018-05-17,576.2000,584.0000,576.1000,584.0000,581.3579,33618448
2018-05-18,582.5000,587.0000,581.0000,586.3000,583.6474,42264713
2018-05-21,588.0000,593.2000,585.8000,592.8000,590.1180,32533546
2018-05-22,592.0000,593.3000,584.8000,588.4000,585.7380,54619825
2018-05-23,582.6000,583.3000,572.2000,577.0000,574.3895,66499464
2018-05-24,577.3000,578.9000,564.5000,566.5000,563.9372,56155106
2018-05-25,567.4000,568.3000,551.0000,555.1000,552.5885,52379605
2018-05-29,547.6000,559.6000,541.5000,559.2000,556.6700,56020813
2018-05-30,559.6000,573.5000,559.6000,573.5000,570.9053,42119394
2018-05-31,573.5000,576.7000,570.2000,576.3000,573.6928,75523654
2018-06-01,576.8000,581.2000,575.2000,576.7000,574.0909,34707322
2018-06-04,578.8000,579.6000,576.4000,578.9000,576.2808,46152839
2018-06-05,576.2000,583.6000,569.2000,577.0000,574.3895,49637814
2018-06-06,579.3000,581.9000,572.6000,576.9000,574.2900,40957038
2018-06-07,581.9000,589.6000,575.0000,589.6000,586.9327,49018704
2018-06-08,586.0000,591.0000,581.0000,583.8000,581.1587,39569180
2018-06-11,586.9000,590.0000,583.4000,586.6000,583.9462,37748326
2018-06-12,588.5000,589.0000,578.5000,578.5000,575.8828,44792431
2018-06-13,575.3000,580.1000,571.5000,573.3000,570.7063,39364631
2018-06-14,570.6000,586.5000,568.9000,585.5000,582.8513,59081596
2018-06-15,582.8000,585.0000,565.0000,565.0000,562.4437,86838145
2018-06-18,564.2000,573.6000,559.4000,571.8000,569.2128,31181171
2018-06-19,567.1000,571.8000,565.2000,570.7000,568.1180,40681357
2018-06-20,574.8000,578.0000,562.7000,564.4000,561.8466,38623201
2018-06-21,566.1000,567.1000,558.2000,559.5000,556.9688,34319248
2018-06-22,560.7000,580.5000,555.7000,576.6000,573.9913,45735821
2018-06-25,572.0000,572.6000,556.0000,557.0000,554.4801,33395773
2018-06-26,559.7000,567.9000,557.1000,563.4000,560.8511,45234687
2018-06-27,569.0000,585.3000,567.4000,582.3000,579.6654,42139998
2018-06-28,580.8000,584.4000,576.4000,582.5000,579.8647,32802922
2018-06-29,585.0000,585.1000,576.8000,578.3000,575.6837,37745377
2018-07-02,573.3000,577.3000,569.2000,573.2000,570.6068,31472679
2018-07-03,577.4000,588.3000,574.5000,581.4000,578.7696,43902388
2018-07-04,581.9000,583.4000,576.8000,580.0000,577.3760,22333424
2018-07-05,580.1000,588.9000,579.1000,582.5000,579.8647,26182815
2018-07-06,581.7000,582.4000,571.1000,579.1000,576.4801,28887565
2018-07-09,582.3000,586.1000,572.6000,584.6000,581.9551,35186880
2018-07-10,586.9000,593.5000,584.6000,589.5000,586.8328,32253320
2018-07-11,584.4000,584.4000,569.7000,570.7000,568.1180,48176864
2018-07-12,570.0000,573.8000,567.2000,571.4000,568.8149,36722314
2018-07-13,571.2000,574.2000,566.6000,570.8000,568.2176,30987797
2018-07-16,571.3000,572.1000,555.4220,557.5000,554.9777,32106826
2018-07-17,559.7000,561.8000,553.9000,560.2000,557.6656,42574302
2018-07-18,562.8000,567.6000,558.1000,562.2000,559.6564,30553725
2018-07-19,564.9000,571.6000,560.8000,569.9000,567.3217,31067188
2018-07-20,566.1000,570.9000,562.9000,567.3000,564.7333,29760504
2018-07-23,565.1000,569.8000,563.0000,566.9000,564.3353,17220403
2018-07-24,564.0000,571.3000,560.4000,568.1000,565.5297,27193125
2018-07-25,569.1000,570.0000,560.7000,566.0000,563.4394,23645784
2018-07-26,568.1000,568.9000,558.9000,564.5000,561.9461,24300571
2018-07-27,563.0000,570.0000,550.9000,567.3000,564.7333,35955255
2018-07-30,563.5000,571.5000,562.4000,565.5000,562.9417,33297688
2018-07-31,560.3000,574.9000,560.3000,573.3000,570.7063,37588413
2018-08-01,577.2000,577.2000,561.8000,563.2000,560.6521,42795079
2018-08-02,561.0000,562.9000,551.3000,556.2000,553.6836,37225192
2018-08-03,559.8000,562.5000,556.9000,560.5000,557.9642,26443493
2018-08-06,561.1000,568.7000,561.1000,566.8000,564.2356,37294768
2018-08-07,569.3000,579.4000,569.1000,576.3000,573.6928,30243533
2018-08-08,578.0000,583.0000,574.3000,576.7000,574.0909,29589392
2018-08-09,570.8000,572.0000,564.4000,564.4000,561.9238,30530058
2018-08-10,562.0000,562.0000,555.5000,556.0000,553.5606,40006428
2018-08-13,557.7000,561.0000,556.0000,558.3000,555.8505,36059856
2018-08-14,559.5000,560.7000,555.3000,555.3000,552.8638,36388562
2018-08-15,555.8000,556.8000,542.0000,545.0000,542.6091,40941196
2018-08-16,548.9000,550.2000,544.9000,548.6000,546.1931,34292445
2018-08-17,548.0000,552.3000,545.6000,548.6000,546.1931,22117907
2018-08-20,550.1000,555.5000,549.4000,551.9000,549.4786,24527118
2018-08-21,552.0000,554.6000,548.2000,551.6000,549.1801,24365138
2018-08-22,547.8000,555.8000,547.3000,554.6000,552.1668,31904565
2018-08-23,554.4000,559.4000,553.8000,557.5000,555.0540,34587123
2018-08-24,557.5000,564.8000,557.5000,563.7000,561.2269,26297901
2018-08-28,566.2000,567.4000,559.3000,559.7000,557.2442,35278874
2018-08-29,559.0000,561.0000,552.2000,554.6000,552.1668,24884200
2018-08-30,553.0000,558.1000,550.9000,556.5000,554.0585,29010278
2018-08-31,555.7000,556.0000,547.3000,547.3000,544.8989,36054447
2018-09-03,549.6000,556.0000,549.6000,553.7000,551.2709,21153978
2018-09-04,555.2000,556.3000,552.9000,552.9000,550.4743,35306386
2018-09-05,555.5000,556.1000,543.7000,546.3000,543.9031,29780888
2018-09-06,547.8000,550.9000,540.6000,541.2000,538.8257,51518544
2018-09-07,542.3000,542.4000,531.0000,536.9000,534.5444,39576286
2018-09-10,539.2000,540.9000,535.2000,538.5000,536.1375,24249950
2018-09-11,541.7000,544.0000,534.2000,544.0000,541.6133,29038597
2018-09-12,545.1000,554.4000,544.9000,552.9000,550.4743,39910151
2018-09-13,551.3000,554.4000,547.5000,549.0000,546.5915,29324419
2018-09-14,550.3000,551.7000,548.0000,550.4000,547.9850,23354882
2018-09-17,550.3000,552.1000,546.8000,548.7000,546.2927,22864263
2018-09-18,547.8000,551.9000,544.6000,550.1000,547.6866,35170146
2018-09-19,551.3000,554.9000,547.4500,553.4000,550.9722,26153914
2018-09-20,554.6000,557.1000,551.4000,555.5000,553.0627,40851376
2018-09-21,558.2000,570.8000,557.3000,567.0000,564.5124,93253985
2018-09-24,569.0000,574.7000,568.7000,570.1000,567.5988,25875827
2018-09-25,571.7000,587.4000,571.6000,586.7000,584.1259,43568199
2018-09-26,585.6000,586.4000,581.5000,586.0000,583.4291,31642859
2018-09-27,589.4000,595.1000,588.4000,593.3000,590.6971,38718752
2018-09-28,591.0000,596.9000,585.9000,589.3000,586.7147,49947186
2018-10-01,591.0000,597.3000,586.5000,595.3000,592.6882,41217487
2018-10-02,595.2000,600.2000,594.2000,597.0000,594.3807,30040007
2018-10-03,602.0000,602.0000,594.5000,597.9000,595.2767,36800876
2018-10-04,598.5000,603.2000,595.4000,598.3000,595.6753,41224771
2018-10-05,595.7000,596.8000,587.3000,588.5000,585.9180,27611597
2018-10-08,584.5000,585.3000,575.7000,576.6000,574.0703,28936664
2018-10-09,580.0000,584.2000,575.5000,579.0000,576.4597,29010025
2018-10-10,581.1000,584.4000,566.6000,569.2000,566.7024,39624657
2018-10-11,560.1000,564.3000,550.9000,554.4000,551.9678,50493111
2018-10-12,561.2000,561.7000,556.5000,558.0000,555.5519,37029974
2018-10-15,560.1000,564.3000,555.2000,559.4000,556.9457,26180580
2018-10-16,557.7000,560.6000,549.8000,560.1000,557.6426,28181763
2018-10-17,566.3000,567.2000,554.0000,558.3000,555.8505,31002931
2018-10-18,556.4000,560.3000,549.7000,554.5000,552.0672,22864554
2018-10-19,556.0000,565.9000,554.3000,557.5000,555.0540,29346253
2018-10-22,559.8000,560.3000,550.3000,550.8000,548.3834,30048435
2018-10-23,543.2000,546.8000,530.9000,533.2000,530.8609,52236921
2018-10-24,535.4000,544.4000,531.3000,532.9000,530.5621,40777528
2018-10-25,526.0000,536.1000,523.5000,535.5000,533.1508,35053272
2018-10-26,534.0000,534.0000,514.6000,528.1000,525.7830,50956199
2018-10-29,529.2000,539.7000,529.1000,535.2000,532.8520,39294966
2018-10-30,553.0000,560.8000,539.0000,546.0000,543.6046,61733683
2018-10-31,554.4000,570.9000,553.1000,567.3000,564.8112,73320273
2018-11-01,560.4000,562.0000,536.9000,541.5000,539.1243,59792870
2018-11-02,547.0000,550.2000,533.1000,533.3000,530.9603,48953473
2018-11-05,534.3000,544.3000,526.6000,542.1000,539.7217,37138208
2018-11-06,543.3000,544.8000,538.0000,539.6000,537.2326,32098593
2018-11-07,542.0000,553.0000,537.1000,544.3000,541.9120,36201164
2018-11-08,542.3000,542.4000,527.3000,529.0000,526.7570,34877269
2018-11-09,523.0000,524.9000,516.6000,523.9000,521.6784,39685515
2018-11-12,534.9000,538.8000,528.1000,528.1000,525.8605,44727109
2018-11-13,525.0000,526.8000,506.1000,513.5000,511.3224,98793001
2018-11-14,505.1000,518.0000,501.8000,512.1000,509.9285,54248455
2018-11-15,513.3000,527.1000,513.3000,527.0000,524.7653,43656133
2018-11-16,530.4000,534.9000,523.2000,524.9000,522.6743,37761095
2018-11-19,527.2000,527.6000,522.4000,522.7000,520.4836,26010023
2018-11-20,522.9000,526.5000,514.5000,519.0000,516.7992,47781156
2018-11-21,519.1000,531.6000,518.1000,530.7000,528.4495,40949882
2018-11-22,534.0000,534.0000,523.1000,525.2000,522.9728,25191614
2018-11-23,524.3000,528.2000,507.0000,512.6000,510.4263,59239662
2018-11-26,522.0000,526.3000,518.8000,524.8000,522.5746,35236932
2018-11-27,522.6000,527.1000,519.1000,524.3000,522.0766,36826523
2018-11-28,527.5000,529.7000,520.2000,523.6000,521.3797,36338623
2018-11-29,521.7000,528.2000,517.4000,522.1000,519.8860,40488477
2018-11-30,523.6000,525.2000,518.0000,520.0000,517.7950,59350000
2018-12-03,543.7000,544.7000,529.2000,532.0000,529.7441,69912022
2018-12-04,534.4000,537.8000,530.0000,537.0000,534.7229,41481764
2018-12-05,533.7000,533.8000,525.6000,527.0000,524.7653,27734262
2018-12-06,525.1000,525.1000,500.1000,503.3000,501.1658,56124352
2018-12-07,507.0000,525.5000,505.6000,514.8000,512.6171,45373811
2018-12-10,509.3000,517.4000,508.9000,509.1000,506.9412,39009718
2018-12-11,514.1000,524.6000,511.0000,516.8000,514.6084,28514344
2018-12-12,519.3000,523.0000,514.7000,516.5000,514.3097,30607753
2018-12-13,511.3000,514.2000,503.9000,514.2000,512.0196,59272566
2018-12-14,510.0000,518.2000,505.0000,512.7000,510.5259,34427472
2018-12-17,512.1000,514.3000,504.3000,508.6000,506.4434,24555861
2018-12-18,504.0000,505.8000,496.7000,497.3000,495.1913,41073649
2018-12-19,493.8000,504.4000,490.0000,502.5000,500.3693,38521707
2018-12-20,493.4000,498.2500,489.8500,492.4000,490.3120,58177055
2018-12-21,489.0000,495.2000,485.8500,495.2000,493.1002,91835384
2018-12-24,491.7000,498.9000,491.7000,498.9000,496.7844,7120071
2018-12-27,503.9000,503.9000,481.3500,485.8500,483.7898,36112489
2018-12-28,492.9500,505.7000,491.8500,502.7000,500.5684,31438450
2018-12-31,504.3000,505.4000,495.9500,495.9500,493.8470,10947870
2019-01-02,491.5000,509.6000,485.9500,507.3000,505.1488,33397201
2019-01-03,501.1000,514.4000,500.5000,508.7000,506.5429,38347439
2019-01-04,517.1000,524.5000,514.9000,520.8000,518.5916,34897489
2019-01-07,524.4000,524.4000,514.1000,520.8000,518.5916,32659884
2019-01-08,521.7000,528.2000,519.8000,519.8000,517.5957,28449464
2019-01-09,527.8000,527.8000,520.8000,522.9000,520.6826,30401761
2019-01-10,522.1000,527.0000,518.7000,527.0000,524.7653,23546866
2019-01-11,528.9000,534.6000,519.6000,521.2000,518.9900,34958800
2019-01-14,516.7000,523.7000,514.2000,520.8000,518.5916,23629289
2019-01-15,524.7000,527.7000,518.9000,522.7000,520.4836,25047792
2019-01-16,520.9000,523.4000,511.3000,516.0000,513.8120,44623263
2019-01-17,513.3000,516.9000,508.3000,511.0000,508.8332,19342579
2019-01-18,515.0000,524.1000,511.7000,523.3000,521.0812,28149826
2019-01-21,525.3000,525.9000,519.9000,522.1000,519.8860,13598752
2019-01-22,520.3000,520.3000,509.6000,512.6000,510.4263,26637487
2019-01-23,511.5000,515.0000,506.3000,508.5000,506.3437,27587654
2019-01-24,510.0000,512.6000,504.2000,511.9000,509.7293,28603305
2019-01-25,511.9000,514.5000,505.9000,506.9000,504.7505,31490953
2019-01-28,503.0000,504.8000,494.1000,494.9000,492.8014,27379465
2019-01-29,499.0000,504.4000,496.0000,503.0000,500.8671,31233194
2019-01-30,507.5000,513.5000,506.6000,511.4000,509.2314,35260467
2019-01-31,519.9000,524.9000,515.0000,520.1000,517.8945,44628182
2019-02-01,517.8000,522.3000,515.2000,521.5000,519.2885,27436398
2019-02-04,522.1000,529.2000,516.3000,520.1000,517.8945,29975932
2019-02-05,539.0000,548.8000,536.5000,547.0000,544.6804,57162693
2019-02-06,550.0000,556.2000,542.0000,554.0000,551.6509,50140902
2019-02-07,554.5000,558.6000,547.1000,547.3000,544.9792,61241706
2019-02-08,545.0000,548.2000,541.7000,544.0000,541.6932,45635276
2019-02-11,547.6000,550.6000,542.8000,544.3000,541.9919,27297239
2019-02-12,548.5000,549.5000,544.2000,545.2000,542.8881,30110056
2019-02-13,548.3000,552.5000,544.7000,551.2000,548.8627,24958984
2019-02-14,545.9000,548.0000,540.1000,540.9000,538.6819,39068596
2019-02-15,540.8000,548.0000,539.0000,543.5000,541.2713,30288186
2019-02-18,544.4000,544.4000,536.9000,538.0000,535.7937,26304047
2019-02-19,538.1000,541.9000,535.4000,536.8000,534.5987,21942024
2019-02-20,538.3000,540.7000,535.6000,539.4000,537.1881,26642665
2019-02-21,537.9000,539.3000,532.8000,538.9000,536.6900,29371636
2019-02-22,536.7000,542.8000,535.1000,537.1000,534.8975,23537934
2019-02-25,540.7000,543.9000,536.7000,537.0000,534.7979,34412409
2019-02-26,534.1000,534.3000,527.0000,533.0000,530.8145,44467967
2019-02-27,530.0000,534.0000,528.8000,534.0000,531.8102,44561163
2019-02-28,532.0000,534.4000,529.1000,534.4000,532.2086,59566232
2019-03-01,535.9000,535.9000,532.2000,533.0000,530.8145,37842476
2019-03-04,535.0000,537.4000,532.5000,536.1000,533.9017,37188765
2019-03-05,537.5000,540.1000,534.7000,538.3000,536.0928,39432654
2019-03-06,536.9000,540.0000,536.1000,538.0000,535.7937,31872427
2019-03-07,536.7000,543.0000,535.1000,540.7000,538.4829,24023429
2019-03-08,535.6000,537.8000,529.9000,534.3000,532.1090,45478250
2019-03-11,537.6000,538.7000,534.5000,535.6000,533.4036,26128910
2019-03-12,535.1000,538.2000,528.1000,536.6000,534.3995,34602161
2019-03-13,536.6000,547.8000,534.2000,547.8000,545.5537,36444868
2019-03-14,547.4000,554.1000,546.6000,549.9000,547.6449,54062368
2019-03-15,552.0000,554.1000,544.5000,544.5000,542.2672,108893102
2019-03-18,546.9000,554.0000,543.9000,554.0000,551.7283,22357469
2019-03-19,552.8000,561.5000,552.3000,558.5000,556.2099,26982791
2019-03-20,556.1000,560.1000,552.5000,556.2000,553.9193,26424960
2019-03-21,557.9000,565.5000,557.9000,563.8000,561.4880,24519692
2019-03-22,563.1000,563.5000,549.1000,552.1000,549.8362,27569746
2019-03-25,549.1000,553.6000,546.1000,548.2000,545.9520,24352492
2019-03-26,549.4000,555.4000,546.2000,550.6000,548.3422,22084236
2019-03-27,551.5000,553.0000,542.5000,545.8000,543.5619,20680295
2019-03-28,546.0000,553.5000,544.2000,550.6000,548.3422,23509839
2019-03-29,553.1000,559.3000,553.1000,558.5000,556.2099,36272896
2019-04-01,558.4000,563.7000,557.4000,559.2000,556.9069,27892267
2019-04-02,559.1000,565.8000,559.1000,563.8000,561.4880,35094541
2019-04-03,562.2000,564.1000,559.3000,560.3000,558.0024,34023073
2019-04-04,556.6000,560.5000,552.2000,559.6000,557.3052,26338687
2019-04-05,560.8000,569.0000,560.8000,568.6000,566.2684,31824435
2019-04-08,568.5000,578.2000,566.9000,578.2000,575.8291,27003817
2019-04-09,576.1000,580.8000,572.3000,574.0000,571.6462,49629451
2019-04-10,575.0000,579.6000,573.1000,576.2000,573.8373,22178417
2019-04-11,574.9000,577.5000,570.8000,572.6000,570.2521,23789439
2019-04-12,576.9000,578.4000,567.7000,570.6000,568.2601,24267295
2019-04-15,571.6000,572.5000,567.4000,569.9000,567.5632,19886504
2019-04-16,566.0000,571.3000,564.9000,568.1000,565.7704,18704051
2019-04-17,570.5000,573.6000,566.5000,572.0000,569.6543,21400687
2019-04-18,568.7000,572.1000,566.4000,567.7000,565.3721,19062523
2019-04-23,575.0000,583.4000,571.6000,582.5000,580.1115,35394984
2019-04-24,580.5000,582.8000,568.2000,570.2000,567.8618,34062869
2019-04-25,567.4000,570.2000,562.6000,569.3000,566.9656,23156060
2019-04-26,567.3000,567.8000,554.1000,556.1000,553.8197,32374844
2019-04-29,556.6000,557.3000,549.9000,552.5000,550.2345,31058058
2019-04-30,555.7000,563.9000,552.0000,559.0000,556.7078,31780473
2019-05-01,560.7000,562.3000,549.8000,552.0000,549.7365,11056329
2019-05-02,552.3000,552.8000,545.3000,547.5000,545.2549,26389541
2019-05-03,545.5000,554.1000,544.5000,548.1000,545.8523,23509405
2019-05-07,542.4000,545.9000,532.4000,533.2000,531.0135,62918760
2019-05-08,533.3000,540.0000,532.7000,538.3000,536.0928,35629259
2019-05-09,530.0000,531.1000,525.2000,525.5000,523.4236,27664914
2019-05-10,531.0000,531.7000,523.9000,524.2000,522.1286,50240369
2019-05-13,525.0000,532.1000,524.6000,526.3000,524.2204,43253294
2019-05-14,529.0000,537.8000,526.5000,534.6000,532.4876,49188544
2019-05-15,535.9000,540.5000,531.4000,539.4000,537.2688,72935573
2019-05-16,540.0000,549.7000,538.1000,549.7000,547.5278,24983457
2019-05-17,549.7000,556.8000,548.2000,556.0000,553.8030,71760062
2019-05-20,557.9000,562.7000,554.0000,557.2000,554.9982,34042390
2019-05-21,561.8000,564.7000,558.4000,560.1000,557.8867,24203258
2019-05-22,563.0000,565.8000,559.4000,560.5000,558.2852,48368811
2019-05-23,554.0000,556.8000,541.8000,544.1000,541.9498,32589635
2019-05-24,543.5000,550.0000,542.6000,544.5000,542.3484,26907118
2019-05-28,545.9000,549.6000,544.7000,545.5000,543.3447,52602603
2019-05-29,544.0000,544.6000,537.0000,541.3000,539.1611,29026488
2019-05-30,542.9000,547.2000,541.0000,541.3000,539.1611,20523480
2019-05-31,537.0000,541.2000,534.5000,540.1000,537.9659,41026387
2019-06-03,536.8000,544.8000,532.1000,544.0000,541.8503,30467035
2019-06-04,540.9000,545.0000,536.8000,544.6000,542.4480,24311473
2019-06-05,543.4000,548.9000,537.1000,537.6000,535.4758,25626588
2019-06-06,541.5000,545.5000,540.0000,543.5000,541.3524,25090931
2019-06-07,547.4000,554.5000,545.5000,551.8000,549.6196,26995198
2019-06-10,554.6000,556.5000,552.2000,555.5000,553.3051,20317814
2019-06-11,555.3000,558.7000,555.0000,557.0000,554.7990,20068433
2019-06-12,550.1000,553.9000,539.6000,540.8000,538.6630,46147610
2019-06-13,540.1000,545.0000,538.1000,539.0000,536.8704,36815978
2019-06-14,540.5000,540.8000,535.7000,538.9000,536.7706,27468976
2019-06-17,540.1000,541.4000,532.7000,536.0000,533.8820,31593604
2019-06-18,534.5000,548.3000,534.0000,545.9000,543.7430,76716204
2019-06-19,549.0000,550.0000,541.4000,541.6000,539.4600,33485431
2019-06-20,544.5000,553.0000,541.8000,549.3000,547.1296,70278349
2019-06-21,548.1000,561.8000,547.6000,556.2000,554.0021,118958350
2019-06-24,556.2000,559.0000,549.8000,550.3000,548.1255,36866278
2019-06-25,550.5000,553.9000,548.0000,551.0000,548.8229,23249001
2019-06-26,553.3000,557.1000,551.1000,554.5000,552.3089,25623340
2019-06-27,552.7000,556.6000,548.7000,550.7000,548.5240,21844282
2019-06-28,548.8000,551.1000,546.3000,548.6000,546.4321,28219458
2019-07-01,557.7000,562.6000,555.3000,557.9000,555.6957,28629755
2019-07-02,561.8000,563.0000,555.9000,555.9000,553.7033,33099789
2019-07-03,554.1000,555.2000,545.0000,546.3000,544.1412,31253000
2019-07-04,547.9000,551.6000,545.0000,545.9000,543.7430,17641011
2019-07-05,545.2000,548.6000,541.4000,542.5000,540.3564,29516996
2019-07-08,543.9000,547.7000,542.2000,545.9000,543.7430,26483443
2019-07-09,548.5000,548.8000,543.8000,546.4000,544.2410,20445321
2019-07-10,546.3000,549.5000,543.4000,545.7000,543.5438,26548286
2019-07-11,549.0000,552.0000,545.5000,545.8000,543.6432,20751100
2019-07-12,547.4000,548.8000,544.8000,546.0000,543.8426,22762671
2019-07-15,546.1000,546.6000,542.0000,542.1000,539.9579,34692032
2019-07-16,539.5000,544.3000,537.0000,543.6000,541.4520,22082603
2019-07-17,536.0000,536.3000,527.9000,528.0000,525.9136,45803079
2019-07-18,525.0000,525.1000,515.3000,515.7000,513.6622,53884140
2019-07-19,518.0000,521.6000,516.1000,517.7000,515.6544,33374611
2019-07-22,521.0000,527.9000,520.5000,523.0000,520.9335,30037515
2019-07-23,528.5000,532.5000,523.6000,527.3000,525.2165,39797804
2019-07-24,529.3000,530.2000,521.5000,523.5000,521.4314,58606751
2019-07-25,522.6000,526.9000,520.3000,523.6000,521.5312,39652945
2019-07-26,524.6000,526.0000,521.0000,523.0000,520.9335,32247612
2019-07-29,522.1000,532.0000,521.2000,527.0000,524.9176,44285667
2019-07-30,546.0000,547.0000,532.4170,543.2000,541.0536,51013233
2019-07-31,556.2000,556.2000,543.1000,545.7000,543.5438,45348725
2019-08-01,542.5000,544.2000,535.4000,538.7000,536.5714,46333750
2019-08-02,533.1000,533.1000,523.5000,526.9000,524.8179,51258257
2019-08-05,519.3000,521.9000,508.6000,515.6000,513.5626,70962211
2019-08-06,515.1000,515.6000,507.0000,507.0000,504.9966,39759919
2019-08-07,509.5000,514.3000,502.7000,505.6000,503.6021,115449169
2019-08-08,505.2000,510.1000,500.0000,502.9000,500.9956,54586000
2019-08-09,507.8000,508.0000,501.3000,502.9000,500.9956,115995660
2019-08-12,502.8000,506.5000,500.6000,500.8000,498.9035,90693782
2019-08-13,502.1000,509.9000,498.5500,506.9000,504.9804,58212747
2019-08-14,509.9000,510.4000,494.5000,498.0000,496.1141,49854609
2019-08-15,498.5500,499.0980,485.3500,489.7000,487.8456,51297872
2019-08-16,494.6000,496.0500,452.3750,490.2000,488.3437,28282483
2019-08-19,496.0500,500.9440,493.1500,500.1000,498.2061,33660653
2019-08-20,501.7000,502.3470,493.3500,493.3500,491.4818,31272968
2019-08-21,496.8500,501.0000,493.3500,498.8500,496.9608,41796555
2019-08-22,498.0000,499.9060,491.5000,494.4500,492.5775,31605276
2019-08-23,494.3500,495.1500,486.4500,488.0000,486.1520,28283085
2019-08-27,489.9000,494.5000,488.0500,488.0500,486.2017,66149742
2019-08-28,494.6500,501.5000,491.4000,498.7500,496.8612,66995474
2019-08-29,497.2500,504.2000,496.3500,502.9000,500.9956,62760951
2019-08-30,499.5000,509.8390,498.0000,500.2000,498.3058,30782283
2019-09-02,500.0000,505.4000,499.2000,503.8000,501.8922,44088598
2019-09-03,506.0000,507.7000,501.5000,502.9000,500.9956,37263001
2019-09-04,504.5000,507.4000,501.1000,507.0000,505.0800,32579680
2019-09-05,505.1000,508.9990,502.9000,507.0000,505.0800,30179461
2019-09-06,503.0000,505.5000,497.1500,501.0000,499.1028,42824151
2019-09-09,504.7000,508.2000,500.5000,504.8000,502.8885,25989828
2019-09-10,502.6000,514.0000,501.8000,512.7000,510.7585,44299590
2019-09-11,510.1000,515.8000,507.0300,512.1000,510.1608,35130383
2019-09-12,509.1000,509.8000,499.6000,504.0000,502.0915,53113124
2019-09-13,502.1000,505.9000,501.2660,504.0070,502.0984,26242907
2019-09-16,527.9000,532.4000,520.8100,524.6000,522.6134,81977285
2019-09-17,527.2000,532.6000,513.9000,517.0000,515.0421,73699685
2019-09-18,513.1000,518.4700,512.3000,515.1000,513.1493,51308631
2019-09-19,512.1000,523.3000,509.9000,516.9000,514.9426,33784793
2019-09-20,514.9000,523.0000,512.7000,521.0000,519.0270,74608607
2019-09-23,521.7000,523.1000,515.8000,518.9000,516.9349,75738700
2019-09-24,518.9000,537.0000,508.1630,511.1000,509.1645,28729473
2019-09-25,505.3000,509.7000,504.4000,508.7000,506.7737,22882923
2019-09-26,513.9000,520.9280,509.9000,514.3000,512.3524,37673971
2019-09-27,516.2000,522.9000,513.1000,519.3000,517.3336,29744107
2019-09-30,518.1000,521.0000,513.9000,515.8000,513.8467,23644806
2019-10-01,516.5000,519.0000,513.6000,514.2000,512.2528,20820868
2019-10-02,512.0000,513.6000,492.0000,492.0000,490.1368,44750343
2019-10-03,491.7500,492.9000,479.5500,484.9000,483.0637,48193141
2019-10-04,491.1000,496.0500,486.1500,494.9000,493.0258,35069781
2019-10-07,494.6000,504.3000,491.5000,502.3000,500.3978,55253857
2019-10-08,502.0000,507.6000,500.9000,501.6000,499.7005,36287581
2019-10-09,502.1000,509.1400,500.4000,506.3000,504.3827,48375087
2019-10-10,505.2000,510.3000,502.0000,502.0000,500.0990,31538568
2019-10-11,500.4000,504.7000,486.2850,493.5500,491.6810,44176058
2019-10-14,494.0500,503.9000,486.2850,492.7500,490.8840,36504526
2019-10-15,495.3500,495.3500,486.3000,490.2000,488.3437,52371045
2019-10-16,488.6500,492.9000,485.3000,486.2000,484.3588,48125292
2019-10-17,486.1000,492.7000,485.3000,488.2500,486.4010,47921860
2019-10-18,488.3000,489.4500,483.9500,485.0500,483.2132,23364371
2019-10-21,482.9000,492.0000,481.4500,490.0000,488.1444,34014246
2019-10-22,491.6000,501.5000,490.4000,499.1500,497.2598,37589035
2019-10-23,497.3500,506.4100,497.3500,506.4000,504.4824,39214838
2019-10-24,506.8000,513.6000,505.2000,510.0000,508.0688,28795563
2019-10-25,510.1000,512.7000,508.1000,512.0000,510.0611,25212350
2019-10-28,513.0000,518.5000,508.2320,512.0000,510.0611,33735672
2019-10-29,513.0000,514.0000,487.6500,492.5500,490.6848,81757021
2019-10-30,494.0500,502.4240,492.1000,500.6000,498.7043,48698264
2019-10-31,493.3500,498.9250,487.4000,489.3000,487.4471,60850944
2019-11-01,489.7000,498.7500,489.5000,497.1000,495.2175,51201754
2019-11-04,500.2000,513.2000,498.5000,511.1000,509.1645,46156307
2019-11-05,511.8000,521.5000,510.7000,516.4000,514.4446,61901653
2019-11-06,514.3000,517.4000,511.3000,514.1000,512.1531,26819180
2019-11-07,508.7000,513.9000,505.3000,513.9000,512.0319,42438534
2019-11-08,510.8000,512.2000,506.3000,508.6000,506.7511,31133505
2019-11-11,507.3000,508.4000,499.9500,506.7000,504.8580,43699655
2019-11-12,508.0000,513.5000,506.4000,511.9000,510.0391,30516886
2019-11-13,506.8000,512.0410,505.8000,510.8000,508.9431,26285097
2019-11-14,511.0000,512.4000,505.8550,506.3000,504.4595,30371851
2019-11-15,507.2000,510.5000,502.5000,508.9000,507.0501,36110188
2019-11-18,507.9000,508.6000,501.8000,501.8000,499.9758,61457321
2019-11-19,503.0000,510.4000,500.8000,501.9000,500.0754,36117088
2019-11-20,499.6000,499.7500,491.2000,497.1000,495.2929,46305394
2019-11-21,493.0500,498.6500,490.3500,497.2500,495.4424,30253802
2019-11-22,500.0000,504.8000,499.0000,499.0000,497.1861,29659293
2019-11-25,500.1000,503.7000,497.5000,500.3000,498.4814,19557757
2019-11-26,501.0000,501.0000,493.1000,493.1000,491.3075,36647588
2019-11-27,495.9500,497.3500,489.3500,489.3500,487.5711,31277068
2019-11-28,487.0500,489.3500,485.3230,486.1000,484.3331,22037549
2019-11-29,485.0000,487.4500,480.2000,480.2000,478.4544,37574252
2019-12-02,482.5000,488.6000,481.0000,481.7500,479.9987,33821357
2019-12-03,480.0000,480.8960,468.8000,470.0500,468.3412,60453556
2019-12-04,470.0500,474.3000,468.8500,472.3500,470.6329,24945122
2019-12-05,473.3500,474.1000,464.8500,465.3500,463.6583,27847425
2019-12-06,465.0500,474.2740,464.5500,473.1000,471.3802,38883270
2019-12-09,471.5000,474.6000,468.2240,471.2500,469.5369,32876479
2019-12-10,471.2000,471.2000,463.7000,469.3000,467.5940,31212863
2019-12-11,469.4000,472.8000,463.0500,463.2500,461.5660,34609234
2019-12-12,463.0500,472.1500,462.3500,469.3500,467.6438,33685733
2019-12-13,462.8000,473.0000,4.6860,462.4500,460.7689,54113303
2019-12-16,462.0000,471.1000,461.9400,468.0000,466.2987,60110002
2019-12-17,468.5000,479.5500,468.0830,478.8500,477.1093,61826795
2019-12-18,475.3000,483.0000,474.6500,479.3000,477.5576,45668102
2019-12-19,482.0000,484.5500,479.0000,483.6500,481.8919,118973073
2019-12-20,482.9000,487.1500,481.3000,485.0500,483.2867,88659433
2019-12-23,485.7000,490.1500,483.3000,489.0500,487.2722,44590108
2019-12-24,490.1500,491.5800,487.7000,487.7000,485.9272,6020955
2019-12-27,491.5000,493.5500,483.9500,483.9500,482.1908,24712316
2019-12-30,481.6000,484.1700,478.5000,478.5000,476.7605,35078105
2019-12-31,475.1000,478.0700,471.6000,471.6000,469.8856,17969411
2020-01-02,475.1000,483.7700,475.1000,480.8500,479.1020,25049010
2020-01-03,486.2000,494.9500,485.1340,494.0500,492.2540,42354025
2020-01-06,500.0000,508.4300,494.1000,504.1000,502.2675,47220192
2020-01-07,505.0000,505.5000,498.6500,498.8000,496.9868,46243068
2020-01-08,501.5000,501.9190,492.4000,494.3000,492.5031,37974090
2020-01-09,493.3000,497.0500,489.7610,492.0500,490.2613,34183235
2020-01-10,498.0000,499.5000,493.8000,495.2500,493.4497,37061310
2020-01-13,496.2000,499.5000,493.2500,497.1000,495.2929,36032723
2020-01-14,495.8000,498.1550,493.2500,495.9000,494.0973,35181698
2020-01-15,496.8500,499.7060,494.2500,495.2000,493.3999,43772276
2020-01-16,496.5000,502.1000,495.1800,497.8500,496.0403,35327489
2020-01-17,497.2500,499.9000,494.4280,496.4000,494.5954,39732046
2020-01-20,499.6000,500.1000,492.1000,493.5000,491.7060,45101558
2020-01-21,492.0000,492.2000,487.0000,490.3500,488.5675,38216582
2020-01-22,491.0000,491.7000,480.2000,480.5000,478.7532,33169974
2020-01-23,480.0000,483.1500,475.7500,482.1500,480.3973,37661510
2020-01-24,487.0000,489.6000,483.5500,486.1000,484.3331,31085412
2020-01-27,480.9000,482.7000,474.7000,476.9500,475.2161,39427588
2020-01-28,479.3000,482.8500,477.4000,481.7500,479.9987,26093707
2020-01-29,482.2500,484.5150,477.8000,477.9000,476.1627,34009086
2020-01-30,472.0000,473.1500,463.9960,467.1000,465.4019,35934538
2020-01-31,470.6000,471.2500,453.9500,456.7000,455.0397,43566411
2020-02-03,459.0000,460.3500,452.7000,452.7000,451.0544,44600994
2020-02-04,469.0000,474.3000,464.2000,471.5500,469.8357,65869448
2020-02-05,467.6000,485.2000,466.1000,484.3000,482.5395,65155193
2020-02-06,488.5000,489.9500,475.0000,475.0000,473.2733,38847936
2020-02-07,474.0000,474.0000,465.8500,470.0000,468.2915,49500009
2020-02-10,469.0500,470.6000,463.9500,464.6000,462.9111,41008815
2020-02-11,469.4500,476.3500,468.8000,469.7000,467.9926,28570777
2020-02-12,472.6000,478.0500,465.9450,474.6000,472.8747,41400821
2020-02-13,466.2500,470.0000,456.3500,459.9500,458.3568,36758980
2020-02-14,462.6000,467.3500,456.8500,456.8500,455.2675,26586551
2020-02-17,461.4500,464.4000,458.8500,461.0000,459.4031,19270109
2020-02-18,458.8000,461.5000,450.0000,457.5000,455.9152,40009436
2020-02-19,463.0000,464.4500,457.9500,462.8000,461.1968,35014591
2020-02-20,467.0000,469.5690,462.2000,466.2000,464.5851,31502740
2020-02-21,459.8000,462.6000,452.1500,453.5500,451.9790,47553079
2020-02-24,443.0500,445.9500,435.3540,438.2500,436.7319,45302395
2020-02-25,441.4000,461.3000,426.7500,428.7000,427.2150,37704379
2020-02-26,425.5500,430.3000,421.7000,428.4000,426.9160,33684707
2020-02-27,418.3500,428.4000,406.5500,414.1500,412.7154,55665519
2020-02-28,398.6000,402.3500,385.2500,396.1500,394.7777,98822262
2020-03-02,414.6500,415.0000,396.2000,411.2500,409.8254,106087217
2020-03-03,419.0000,426.1000,409.9210,414.9500,413.5127,59586142
2020-03-04,418.3500,425.9500,414.3690,422.6500,421.1860,70620620
2020-03-05,423.4000,425.9340,415.0000,416.7000,415.2566,51140821
2020-03-06,412.3000,416.2000,394.9500,395.2000,393.8311,77589311
2020-03-09,282.0500,342.5500,282.0500,318.2000,317.0977,191281040
2020-03-10,333.8500,347.4700,318.9900,328.9000,327.7607,130002839
2020-03-11,336.3000,339.8750,315.9000,317.1500,316.0515,88601053
2020-03-12,305.0000,306.9500,275.0000,275.0000,274.0474,105806073
2020-03-13,286.6500,303.7890,270.2500,276.3000,275.3429,110398693
2020-03-16,267.1500,267.4000,249.6000,259.3500,258.4516,107047231
2020-03-17,267.2000,267.8500,232.0500,259.6500,258.7506,116194090
2020-03-18,250.7000,252.0000,232.9150,233.7000,232.8905,91609058
2020-03-19,226.9000,249.8000,222.9000,240.7500,239.9160,98803395
2020-03-20,255.3500,266.0500,240.7000,251.7000,250.8281,153885720
2020-03-23,239.4000,261.1000,233.2000,256.9000,256.0102,134318776
2020-03-24,269.0000,312.3500,266.4500,312.3500,311.2680,126295787
2020-03-25,325.0000,349.2500,315.0000,339.4000,338.2243,178690767
2020-03-26,325.6000,346.9500,320.1500,337.0000,335.8326,95566207
2020-03-27,318.4000,337.0000,296.5500,305.5000,304.4417,123141219
2020-03-30,295.0500,337.0000,294.3500,323.6000,322.4791,104068283
2020-03-31,326.9000,344.2000,295.7000,344.2000,343.0078,100648303
2020-04-01,327.0000,343.7000,323.7500,333.7000,332.5440,98816506
2020-04-02,341.6500,370.7000,338.1000,353.3500,352.1260,116974900
2020-04-03,344.9500,350.4500,333.3000,337.3000,336.1315,67864089
2020-04-06,341.1500,346.3900,328.7000,335.8500,334.6866,53379724
2020-04-07,347.0000,353.4000,334.2000,341.0000,339.8188,73849489
2020-04-08,330.5000,337.7000,325.8000,335.3500,334.1884,52426608
2020-04-09,343.2000,346.9500,328.4500,335.7500,334.5870,69119866
2020-04-14,340.0000,340.6500,318.3500,321.1000,319.9877,48510435
2020-04-15,323.4500,323.4500,298.3060,299.7000,298.6619,60341731
2020-04-16,303.5000,305.9000,286.4350,291.9500,290.9387,58831991
2020-04-17,297.0000,306.1210,289.8420,303.5500,302.4985,59875765
2020-04-20,302.1500,308.2000,290.5190,302.3000,301.2528,52881997
2020-04-21,290.1000,298.4470,284.0000,293.1500,292.1345,70002282
2020-04-22,291.3000,313.3000,287.5500,310.7500,309.6735,99410955
2020-04-23,314.6500,319.9960,310.8000,317.6000,316.4998,53804834
2020-04-24,313.4500,318.3500,305.9000,308.6000,307.5310,43291171
2020-04-27,315.0000,318.9500,302.8000,314.0000,312.9123,53181566
2020-04-28,320.0000,324.7000,305.1000,322.1000,320.9842,52945033
2020-04-29,324.0000,337.2500,322.1000,333.5000,332.3448,52522424
2020-04-30,334.2000,343.1940,312.3000,313.1000,312.0155,87428249
2020-05-01,307.0500,307.3500,298.0000,298.8500,297.8148,40986238
2020-05-04,299.5000,308.5500,293.1500,300.6000,299.5587,59716305
2020-05-05,315.2500,325.8000,311.5950,318.9000,317.7953,48917047
2020-05-06,317.2000,324.0500,312.6000,313.7000,312.6133,63840067
2020-05-07,310.2500,321.1500,307.8130,315.9000,314.8895,46496909
2020-05-11,317.3000,321.3660,307.8530,313.8500,312.8460,56458130
2020-05-12,312.3000,319.9000,310.5000,313.2500,312.2479,35352156
2020-05-13,310.9500,311.9000,301.6500,301.6500,300.6851,59171969
2020-05-14,299.0000,302.5500,286.1000,296.4500,295.5017,60945466
2020-05-15,302.2500,306.2480,291.1000,296.5000,295.5515,47468935
2020-05-18,305.4500,322.7500,296.5000,320.8000,319.7738,67572886
2020-05-19,322.0000,322.8000,309.3500,314.1500,313.1451,59902056
2020-05-20,310.1500,319.4440,306.2500,318.5500,317.5309,61404998
2020-05-21,316.3000,322.9000,311.9000,311.9000,310.9023,64059043
2020-05-22,307.0000,313.3680,303.2000,310.0000,309.0083,73861677
2020-05-26,319.2000,319.9500,308.4000,309.9500,308.9585,69474707
2020-05-27,313.3000,324.8500,310.4500,319.4500,318.4282,75607988
2020-05-28,320.0500,322.0250,312.4500,313.9500,312.9456,66114039
2020-05-29,308.9000,310.1500,302.8500,305.7500,304.7719,96047742
2020-06-01,314.5000,314.6500,304.9500,311.0000,310.0051,39914640
2020-06-02,314.6000,329.3000,313.6000,328.6000,327.5489,73028772
2020-06-03,332.7000,344.4700,330.7690,339.3000,338.2146,60652866
2020-06-04,340.0000,344.4500,333.2000,336.2000,335.1246,32301146
2020-06-05,341.0000,362.9000,341.0000,362.2500,361.0912,60922787
2020-06-08,364.0000,376.5440,362.2550,365.7500,364.5800,51565372
2020-06-09,366.8000,369.8800,351.3810,353.0500,351.9206,49034192
2020-06-10,355.1000,357.7000,340.3000,344.4500,343.3482,49532219
2020-06-11,333.3500,336.9500,320.9000,320.9000,319.8734,43293350
2020-06-12,315.7500,330.5500,312.0500,323.0500,322.0166,37997750
2020-06-15,311.6500,358.7500,305.9500,316.0000,314.9892,62503839
2020-06-16,322.1500,331.8000,318.6500,321.6500,320.6210,55470516
2020-06-17,322.8500,328.3500,315.1000,316.7500,315.7367,38005133
2020-06-18,313.9000,316.7000,308.9000,314.8500,313.8429,33988764
2020-06-19,316.8000,325.9500,315.7000,321.4500,320.4217,95409968
2020-06-22,318.1500,318.9000,311.1000,315.4500,314.4409,58369094
2020-06-23,317.5500,326.0550,314.6010,321.4500,320.4217,31617628
2020-06-24,319.8500,322.9500,307.3500,307.3500,306.3668,32548193
2020-06-25,305.1000,311.4500,301.6000,308.6000,307.6128,36205019
2020-06-26,313.9500,316.1000,304.6000,304.6000,303.6256,27630862
2020-06-29,303.4000,316.9060,302.1000,314.9000,313.8926,41781542
2020-06-30,312.7000,316.7500,304.0000,307.2000,306.2173,46277150
2020-07-01,310.4500,313.7210,304.2500,309.3500,308.3605,35617348
2020-07-02,310.1000,315.4000,307.9000,313.2500,312.2479,30872604
2020-07-03,310.1000,311.2000,304.9000,307.5500,306.5662,19427131
2020-07-06,312.2500,317.5000,311.7530,312.7500,311.7496,23014804
2020-07-07,309.5000,312.3000,306.5500,308.3500,307.3636,24938513
2020-07-08,304.4500,307.6000,302.3000,303.4500,302.4793,32382867
2020-07-09,305.0500,305.6000,289.1000,290.0000,289.0723,40580181
2020-07-10,286.3500,293.3000,285.0000,290.8000,289.8697,44892228
2020-07-13,296.2000,298.3000,293.2500,296.6500,295.7010,27328681
2020-07-14,294.4500,304.5000,293.9000,304.5000,303.5259,32231686
2020-07-15,308.1000,312.4500,305.6000,310.2500,309.2575,37269738
2020-07-16,310.7500,314.7500,309.4500,312.4500,311.4505,29932634
2020-07-17,310.0500,312.5000,306.7500,309.3000,308.3105,27433914
2020-07-20,305.2000,306.4000,301.3500,303.2000,302.2301,34167667
2020-07-21,304.1000,318.4500,302.3000,315.9500,314.9392,52275846
2020-07-22,313.5500,317.3500,303.8500,303.8500,302.8781,45087226
2020-07-23,304.4500,306.6500,299.4000,299.8000,298.8409,28467126
2020-07-24,299.3000,300.7000,295.2290,298.1000,297.1464,34922591
2020-07-27,296.0500,297.8500,293.2130,294.4000,293.4582,21778015
2020-07-28,296.8500,298.7500,293.3000,293.7500,292.8103,20751645
2020-07-29,292.1000,294.2500,289.1500,293.8000,292.8601,28938258
2020-07-30,294.6000,296.5470,281.2000,283.3500,282.4436,35688279
2020-07-31,282.8000,286.4470,274.4500,275.1500,274.2698,42840421
2020-08-03,278.2500,281.0500,272.0500,281.0500,280.1509,39719426
2020-08-04,287.0000,304.4000,287.0000,299.2500,298.2928,92008339
2020-08-05,304.0000,315.1550,302.6900,306.6500,305.6691,82338098
2020-08-06,302.0000,304.8390,291.7500,295.2500,294.3055,50541649
2020-08-07,293.9000,294.1500,286.1000,287.2500,286.3312,30761207
2020-08-10,290.7500,298.2500,290.7000,295.4000,294.4550,29323073
2020-08-11,299.1500,310.1000,298.3500,307.5500,306.5662,36759142
2020-08-12,305.2000,313.3500,301.7000,311.3000,310.3041,34756222
2020-08-13,303.9000,316.9500,300.4120,301.2000,300.2755,39143258
2020-08-14,299.4500,300.0000,290.9500,292.6500,291.7516,27730524
2020-08-17,292.4500,295.6500,288.5500,288.5500,287.6643,86894066
2020-08-18,288.0000,290.2500,282.3000,283.3500,282.4803,36153963
2020-08-19,281.2500,285.0000,279.1000,283.7000,282.8293,34162197
2020-08-20,279.3000,281.4640,276.7500,276.7500,275.9006,26482637
2020-08-21,277.3000,278.1990,272.7500,273.3500,272.5110,26242622
2020-08-24,274.8500,282.0000,272.7500,282.0000,281.1344,30320660
2020-08-25,281.0000,286.9500,274.1000,274.7000,273.8568,33447354
2020-08-26,271.6000,276.0000,269.1690,270.7500,269.9189,31337016
2020-08-27,270.8000,271.0000,266.7000,267.2500,266.4297,33083794
2020-08-28,269.0000,270.0000,264.1500,264.2000,263.3891,38264419
2020-09-01,263.8000,264.0000,256.5000,259.7000,258.9028,64089023
2020-09-02,261.3000,263.6500,257.2500,258.0000,257.2081,37615664
2020-09-03,258.2000,263.9000,257.5000,259.7500,258.9527,35094546
2020-09-04,257.7500,264.9500,255.6500,257.5000,256.7096,30201045
2020-09-07,257.3500,268.5500,256.8760,266.6500,265.8316,31881612
2020-09-08,268.0500,271.0500,255.0940,258.5000,257.7065,49095414
2020-09-09,258.7500,267.3200,257.7500,262.2500,261.4450,37054851
2020-09-10,261.1500,265.1500,256.8350,262.2500,261.4450,32944614
2020-09-11,260.9500,263.9000,258.5680,262.0500,261.2456,29623720
2020-09-14,265.8000,267.0500,255.9500,257.1000,256.3109,26845269
2020-09-15,257.2500,260.3000,254.7500,259.0000,258.2050,44118404
2020-09-16,255.8500,259.0000,251.1000,255.9000,255.1145,43183706
2020-09-17,254.0000,255.8000,251.5500,252.1500,251.3760,33460468
2020-09-18,251.7500,252.0500,244.2000,245.7500,244.9957,99350424
2020-09-21,242.1000,242.1000,232.5000,236.0500,235.3255,56722593
2020-09-22,238.9500,246.9500,237.0000,242.0000,241.2572,48393765
2020-09-23,243.2000,246.5440,238.8500,239.2000,238.4658,32659999
2020-09-24,235.0000,239.5500,232.3000,232.4000,231.6867,47910882
2020-09-25,234.8500,237.9500,231.9500,233.3000,232.5839,52545205
2020-09-28,235.2500,237.7000,233.9000,234.4500,233.7304,48901437
2020-09-29,235.4000,235.5850,229.2500,229.3000,228.5962,38854486
2020-09-30,228.2000,232.9500,225.0000,225.2000,224.5087,53874468
2020-10-01,226.6500,228.8500,216.0000,218.2000,217.5302,57409507
2020-10-02,216.0000,216.4000,210.8000,214.4000,213.7419,65953841
2020-10-05,219.4000,220.2000,214.6440,217.8000,217.1315,54140990
2020-10-06,219.6000,224.6500,216.6500,220.3500,219.6737,49368687
2020-10-07,218.6500,220.2680,215.6000,215.8500,215.1875,46553874
2020-10-08,218.8500,224.4720,215.5000,220.8500,220.1721,44225510
2020-10-09,223.0500,226.5000,221.0500,222.1000,221.4183,50724740
2020-10-12,219.1000,221.1000,216.9000,217.7500,217.0816,39682565
2020-10-13,218.8500,219.3760,213.1500,213.1500,212.4957,46105515
2020-10-14,214.0000,215.3500,210.0000,212.6500,211.9973,46358147
2020-10-15,209.7500,209.7500,202.8500,206.4500,205.8163,64591448
2020-10-16,209.6500,211.3500,205.3000,209.4000,208.7573,60344183
2020-10-19,208.3000,210.9640,204.4000,207.7500,207.1123,31972123
2020-10-20,205.4500,208.0290,203.1500,205.9500,205.3178,31957199
2020-10-21,207.0500,207.2000,199.9600,199.9600,199.3462,50672710
2020-10-22,199.0200,201.9500,194.7600,201.4000,200.7818,54999536
2020-10-23,203.4500,208.9500,203.0000,205.5000,204.8692,51659189
2020-10-26,201.4500,208.9500,200.0000,200.0000,199.3861,61497077
2020-10-27,206.1000,206.9500,195.7400,195.7400,195.1392,68783249
2020-10-28,194.2000,194.7000,188.5200,193.4400,192.8463,97992511
2020-10-29,191.5600,195.4600,188.8800,193.4600,192.8662,82395753
2020-10-30,192.2000,197.9020,191.6400,196.6000,195.9966,66721012
2020-11-02,196.0000,205.2000,192.0680,205.2000,204.5702,95424176
2020-11-03,211.4000,212.1500,207.9000,209.9500,209.3056,56171527
2020-11-04,204.9000,209.9000,202.3500,208.7500,208.1092,49848049
2020-11-05,207.5000,207.9000,200.5500,200.6500,200.0716,43075068
2020-11-06,200.0000,203.4000,198.4930,199.8600,199.2839,111763926
2020-11-09,202.2500,237.4500,200.2000,229.9500,229.2872,225938484
2020-11-10,230.7000,249.6000,228.1720,241.7000,241.0033,128133220
2020-11-11,245.0000,250.7730,241.5500,243.0500,242.3494,95377384
2020-11-12,237.3500,240.3900,233.2500,237.8000,237.1146,60646230
2020-11-13,232.5000,239.2000,231.6500,236.9000,236.2172,48379643
2020-11-16,239.8500,254.0000,237.4500,250.7500,250.0273,89582193
2020-11-17,249.6000,251.9000,243.5500,251.7000,250.9745,66182369
2020-11-18,251.5500,255.8500,246.8000,251.9500,251.2238,53695598
2020-11-19,245.6000,248.9500,239.6000,243.7500,243.0474,63930390
2020-11-20,244.0500,246.6500,243.1000,244.4000,243.6955,41835225
2020-11-23,248.9500,254.1000,248.1000,253.4500,252.7195,62528004
2020-11-24,258.4500,274.8000,258.0000,274.8000,274.0079,104760609
2020-11-25,274.0000,279.0500,264.5500,267.5500,266.7788,65828061
2020-11-26,267.3000,268.2000,262.0000,263.5000,262.7406,33441392
2020-11-27,258.9500,264.6000,256.7500,262.9000,262.1423,107589945
2020-11-30,258.8000,259.0000,247.6500,247.6500,246.9362,87215894
2020-12-01,245.0000,258.5000,244.0000,255.0500,254.3148,55726838
2020-12-02,251.9000,267.3500,251.4000,267.1500,266.3799,73261700
2020-12-03,265.3000,267.3500,259.7000,266.5000,265.7319,66539903
2020-12-04,269.0000,277.9000,247.7000,276.9500,276.1518,71997406
2020-12-07,276.9500,277.6000,270.0000,273.8000,273.0108,59901421
2020-12-08,269.3000,275.1080,268.9420,272.6000,271.8143,38366582
2020-12-09,273.1500,280.3000,272.1000,272.6000,271.8143,82871254
2020-12-10,273.7000,287.0500,272.9000,284.7500,283.9293,62569948
2020-12-11,282.8000,284.3000,273.6340,275.2500,274.4566,51656238
2020-12-14,278.0000,282.6000,268.5500,269.7500,268.9724,53222525
2020-12-15,268.5500,275.5000,266.0180,270.7500,269.9696,87112918
2020-12-16,271.9500,276.7500,267.8000,272.6000,271.8143,47336707
2020-12-17,273.6500,275.5000,267.8000,269.3500,268.5736,46308612
2020-12-18,269.0000,273.4500,268.2500,271.3500,270.5680,89654141
2020-12-21,261.8500,273.3500,250.9000,258.0500,257.3062,74037177
2020-12-22,255.0000,263.1000,253.3000,258.5500,257.8047,34301381
2020-12-23,258.2000,266.2000,256.5500,265.7500,264.9840,40242580
2020-12-24,266.0000,267.0720,262.6500,263.0000,262.2419,13991203
2020-12-29,263.1500,508.7000,260.9500,262.3500,261.5938,35554834
2020-12-30,262.2500,264.0000,259.0500,259.4000,258.6523,20800281
2020-12-31,256.0500,258.0100,253.0500,254.8000,254.0656,19037935
2021-01-04,257.3500,267.7700,252.8000,254.5000,253.7664,68541911
2021-01-05,255.7000,272.5000,255.5500,272.5000,271.7146,51679499
2021-01-06,280.0000,291.0000,275.7000,289.8000,288.9647,86834204
2021-01-07,293.2500,297.3500,249.7500,295.0000,294.1497,128597618
2021-01-08,296.7500,299.3000,293.0900,298.7000,297.8391,78224628
2021-01-11,297.2000,299.6500,292.5000,298.8000,297.9388,37867052
2021-01-12,301.9500,309.1000,299.2500,305.0000,304.1208,54675065
2021-01-13,307.9500,311.9500,302.5000,303.9000,303.0240,51923962
2021-01-14,303.2500,310.8000,302.6500,309.2500,308.3586,48245526
2021-01-15,309.9000,311.1500,296.6000,302.4500,301.5782,44676583
2021-01-18,298.2000,301.0000,295.5000,300.3500,299.4843,47700699
2021-01-19,302.1500,304.3000,299.3000,301.2500,300.3816,29146696
2021-01-20,300.6500,303.3500,299.1700,302.8500,301.9771,37313657
2021-01-21,302.5500,303.1500,292.5500,293.3500,292.5045,42797551
2021-01-22,288.8000,291.1500,283.6000,290.0000,289.1641,57008357
2021-01-25,291.0000,291.3000,278.3000,280.6500,279.8410,66487011
2021-01-26,279.8500,288.2500,278.7950,282.3500,281.5362,43495648
2021-01-27,279.2000,282.7000,273.9500,282.3500,281.5362,56403948
2021-01-28,275.5500,282.4000,271.8000,276.5000,275.7030,50159927
2021-01-29,272.8500,278.4000,271.5000,271.5000,270.7174,37482798
2021-02-01,274.2500,276.3000,266.4500,267.1000,266.3301,63605096
2021-02-02,260.5500,263.9000,250.3500,255.0000,254.2650,127749256
2021-02-03,255.0000,258.9000,251.0500,258.3000,257.5555,72784840
2021-02-04,259.1500,261.8000,253.6500,254.9500,254.2151,69690819
2021-02-05,255.5500,258.6830,250.5000,252.0500,251.3235,91285362
2021-02-08,253.3000,263.9000,252.1000,261.9500,261.1950,77358530
2021-02-09,265.5000,268.1000,257.2890,259.7000,258.9514,65410333
2021-02-10,262.5500,263.4500,254.0000,259.1000,258.3531,71473243
2021-02-11,259.4000,260.5000,255.2500,257.8000,257.0569,64183771
2021-02-12,256.8500,262.0500,254.7500,261.8000,261.0454,36714525
2021-02-15,266.0500,279.4500,261.8000,278.9000,278.0962,102213508
2021-02-16,281.0000,284.5500,275.3000,278.2000,277.3982,94624303
2021-02-17,280.5000,287.6000,275.9770,280.6000,279.7911,69601073
2021-02-18,280.3000,281.3910,268.5000,269.4000,268.6595,59756797
2021-02-19,265.4000,273.5500,263.9000,272.3500,271.6014,84957417
2021-02-22,273.1000,281.9500,268.7000,279.9500,279.1806,76247048
2021-02-23,287.2500,291.4500,276.8500,283.5000,282.7209,113795489
2021-02-24,284.0000,299.4000,282.3890,298.8000,297.9787,93109121
2021-02-25,300.1000,308.8000,300.1000,304.5500,303.7129,81321149
2021-02-26,300.0000,300.8500,289.0500,291.7500,290.9482,85542566
2021-03-01,298.1000,299.9500,294.0000,297.5500,296.7322,42542178
2021-03-02,291.8000,299.2500,289.7000,296.6000,295.7848,42466979
2021-03-03,299.7500,304.9000,296.3000,304.9000,304.0620,52751425
2021-03-04,305.0000,314.4500,300.0870,313.1000,312.2394,59360830
2021-03-05,313.1000,326.4500,311.6910,318.8000,317.9237,79113852
2021-03-08,323.0000,324.5610,312.5000,318.6500,317.7742,54714912
2021-03-09,319.4500,323.8500,311.1500,315.2500,314.3835,48901741
2021-03-10,311.0000,318.6500,309.9000,315.0000,314.1343,45089517
2021-03-11,319.1500,321.3500,313.0500,319.6500,318.7715,39594966
2021-03-12,318.0000,324.1000,317.6500,323.4500,322.5610,29485852
2021-03-15,323.4000,324.9500,314.3000,316.1500,315.2811,36594480
2021-03-16,316.3000,317.3980,307.7500,311.2500,310.3945,54169289
2021-03-17,309.9500,315.6000,309.1500,313.8000,312.9375,69755338
2021-03-18,316.3500,317.1000,309.9500,311.9500,311.0926,39066697
2021-03-19,304.5500,309.8000,300.6500,306.7000,305.8571,129349678
2021-03-22,303.0000,307.8000,301.4960,307.2500,306.4055,64448673
2021-03-23,302.4500,303.0500,294.1500,295.7500,294.9372,93977665
2021-03-24,292.7000,302.6500,291.6060,301.5500,300.7211,55064907
2021-03-25,300.2000,300.3500,289.7000,293.7000,292.8928,50280532
2021-03-26,299.3000,304.0000,297.1000,302.6500,301.8181,55768753
2021-03-29,301.6000,304.0000,297.1890,300.5000,299.6741,44177690
2021-03-30,301.7000,306.5500,299.2000,301.5000,300.6713,31140489
2021-03-31,300.0000,301.6000,294.6500,294.6500,293.8401,42616572
2021-04-01,296.8500,296.9500,289.8000,289.8000,289.0034,48976567
2021-04-06,295.0000,306.1000,293.4000,299.8500,299.0259,86433178
2021-04-07,303.3500,309.9000,299.8500,305.4500,304.6105,52343064
2021-04-08,307.0500,308.4230,295.5500,298.4500,297.6298,45881462
2021-04-09,298.4000,299.5500,293.9890,295.0000,294.1892,48119553
2021-04-12,294.8500,300.5000,291.5500,298.4000,297.5799,57939614
2021-04-13,299.2000,299.5000,295.4500,298.2500,297.4303,27915019
2021-04-14,298.4500,308.7000,296.5500,308.3500,307.5025,59314326
2021-04-15,309.4500,310.3000,302.1000,303.5000,302.6659,35133837
2021-04-16,305.3000,307.9000,300.7500,302.9500,302.1174,43216302
2021-04-19,300.7000,305.7410,299.3500,300.8500,300.0231,32154886
2021-04-20,300.9500,303.3000,290.1990,291.7500,290.9482,68849957
2021-04-21,295.3500,299.2000,292.3000,295.7000,294.8873,38325296
2021-04-22,296.0500,296.9500,292.6500,295.0000,294.1892,28044703
2021-04-23,291.1500,293.5000,289.8000,292.1000,291.2971,43951601
2021-04-26,292.9000,297.8000,290.2500,296.5500,295.7349,31857250
2021-04-27,307.0000,307.4480,294.4500,295.3000,294.4883,57745765
2021-04-28,299.7500,306.4500,298.0000,304.5000,303.6631,65529537
2021-04-29,308.0000,308.2500,302.0000,302.0000,301.1700,63107741
2021-04-30,303.0000,307.4500,301.7500,303.0000,302.1672,60595958
2021-05-04,305.9000,315.1330,305.7500,310.1500,309.2975,67583503
2021-05-05,312.8000,319.0000,311.5500,318.5000,317.6246,57920336
2021-05-06,316.2500,318.7500,310.4000,314.5000,313.6722,64006211
2021-05-07,318.0500,318.1000,309.2500,313.5500,312.7247,61513557
2021-05-10,317.3500,319.8500,314.1500,315.7000,314.8690,68548250
2021-05-11,311.8000,313.5500,304.6000,304.6000,303.7982,59601706
2021-05-12,305.1500,316.5500,303.8500,315.3000,314.4701,52081645
2021-05-13,309.0000,327.7500,301.4810,308.4000,307.5882,54553767
2021-05-14,308.1000,314.0000,308.0000,313.6500,312.8244,39477078
2021-05-17,313.9000,317.0000,308.4500,315.4000,314.5697,33293068
2021-05-18,319.5500,322.3000,315.4000,316.8000,315.9662,52448720
2021-05-19,310.4000,314.4000,305.6000,308.3500,307.5383,57021039
2021-05-20,312.0000,312.0000,305.6500,310.3000,309.4832,43136062
2021-05-21,311.0500,314.6000,307.5500,312.2000,311.3782,36899531
2021-05-24,314.0000,316.4000,311.2000,316.4000,315.5671,21611246
2021-05-25,317.2500,317.9500,310.0500,310.0500,309.2339,26412542
2021-05-26,310.9500,312.6500,308.2500,310.7000,309.8821,35538722
2021-05-27,309.0000,310.1000,304.6000,306.5500,305.7430,72964180
2021-05-28,308.1000,309.8000,304.7000,306.1500,305.3441,44691217
2021-06-01,308.6000,316.8000,308.2000,314.7500,313.9216,85199886
2021-06-02,316.9000,321.7500,315.3500,321.7500,320.9031,47207068
2021-06-03,324.0000,326.1000,317.7000,324.1000,323.2469,43079004
2021-06-04,325.1000,325.9500,319.4000,319.4500,318.6092,22659543
2021-06-07,319.4500,322.3000,315.8000,319.2000,318.3598,15193805
2021-06-08,319.3000,324.6000,316.1500,323.2000,322.3493,51039366
2021-06-09,323.7000,326.4500,320.7000,324.7500,323.8952,33239619
2021-06-10,323.6500,328.2620,320.7010,323.3500,322.4988,23746817
2021-06-11,325.2500,326.6500,322.0500,324.3000,323.4464,29358280
2021-06-14,325.1000,334.3000,324.7500,330.4000,329.5303,79496123
2021-06-15,331.1500,334.6000,326.5600,332.7000,331.8243,41382961
2021-06-16,334.4500,336.9500,328.4000,328.9500,328.0841,61740304
2021-06-17,327.4000,334.4500,323.7000,324.0500,323.1970,59260059
2021-06-18,322.8000,323.4000,313.1000,315.4000,314.5697,86947519
2021-06-21,312.6000,318.9000,308.7000,316.8500,316.0159,36399543
2021-06-22,320.8000,323.8500,320.0500,322.7000,321.8506,35455597
2021-06-23,323.5000,329.8000,323.3850,324.2000,323.3466,34230187
2021-06-24,322.0000,327.3500,321.0000,324.3000,323.4464,25287877
2021-06-25,326.9000,329.2500,325.5000,325.5000,324.6431,27770412
2021-06-28,325.5000,326.9500,314.8450,315.1500,314.3204,34241648
2021-06-29,315.0500,319.6000,313.7000,316.0000,315.1682,20719788
2021-06-30,315.1500,318.2500,311.2000,315.0000,314.1709,29392103
2021-07-01,318.1500,327.2000,316.0000,324.5000,323.6459,36468096
2021-07-02,325.0000,325.9000,321.0500,321.4000,320.5540,31187847
2021-07-05,321.8500,324.7500,320.2500,324.2500,323.3965,13395844
2021-07-06,327.4500,328.5000,310.2500,310.8000,309.9818,55173904
2021-07-07,312.6000,317.6920,305.9500,307.7000,306.8900,51089435
2021-07-08,307.7000,309.3500,301.2000,307.7000,306.8900,37798725
2021-07-09,307.6000,311.2500,304.3000,310.9000,310.0816,31130565
2021-07-12,310.4500,311.4500,305.1300,309.1500,308.3363,20909471
2021-07-13,310.0000,311.1000,305.1500,305.9000,305.0948,19229617
2021-07-14,305.1500,310.6000,304.1000,304.7500,303.9477,50621963
2021-07-15,300.7000,305.1500,293.9500,296.0500,295.2707,67202302
2021-07-16,295.9000,361.7100,290.2500,292.2500,291.4807,34118331
2021-07-19,286.0000,289.2000,276.3000,278.4500,277.7171,65451501
2021-07-20,280.9000,285.0000,275.8500,280.1500,279.4126,81703580
2021-07-21,281.2500,291.1000,279.6000,289.4500,288.6881,53660767
2021-07-22,290.8000,291.7500,282.6500,284.0000,283.2524,34370652
2021-07-23,286.0000,288.1000,282.0500,284.1000,283.3521,24361379
2021-07-26,281.7000,293.1500,281.0000,292.2500,291.4807,37157587
2021-07-27,295.7500,295.7500,288.9000,291.4000,290.6330,30263430
2021-07-28,289.3000,292.6500,288.3000,291.8000,291.0319,41006903
2021-07-29,295.2500,299.9000,293.1500,295.6500,294.8717,37771558
2021-07-30,292.1500,294.1150,287.8500,289.2000,288.4387,45682999
2021-08-02,292.2000,295.8000,289.7000,289.7500,288.9873,31427948
2021-08-03,296.0000,307.1000,295.6500,306.1000,305.2943,83908375
2021-08-04,307.2000,310.6500,299.2000,303.0000,302.2025,73708367
2021-08-05,298.4500,306.0500,297.6930,305.7500,304.9451,54836534
2021-08-06,305.8000,308.0000,303.0000,307.4500,306.6407,37607345
2021-08-09,305.6500,306.4000,300.0000,305.4500,304.6460,37437060
2021-08-10,305.2000,310.1170,302.3500,308.9000,308.0869,41907557
2021-08-11,310.5000,312.7000,308.0000,311.7000,310.8795,27870340
2021-08-12,309.3000,311.0500,305.8000,306.9500,306.1809,51710456
2021-08-13,306.3000,308.5000,303.8870,305.3500,304.5849,80590108
2021-08-16,300.8000,301.3000,295.3500,298.0000,297.2533,72501819
2021-08-17,294.6500,304.6000,292.5500,302.4500,301.6922,36927308
2021-08-18,300.9500,303.3500,299.1000,302.6500,301.8916,31215425
2021-08-19,290.5500,294.2500,286.7000,287.7500,287.0290,72940536
2021-08-20,287.6500,289.3500,286.1000,287.8500,287.1287,39110800
2021-08-23,292.0000,297.4000,291.0000,295.0000,294.2608,42383976
2021-08-24,297.0500,300.2500,295.8000,298.8500,298.1012,32580211
2021-08-25,299.0000,299.8000,296.6000,298.3500,297.6025,20469164
2021-08-26,296.6500,299.5500,295.5500,296.5500,295.8069,24901687
2021-08-27,296.5000,303.3000,296.2000,302.5000,301.7420,25936073
2021-08-31,299.1000,302.4000,296.8500,296.9500,296.2060,75469744
2021-09-01,298.1000,300.9500,294.2500,294.2500,293.5127,32877687
2021-09-02,293.7500,301.7000,292.5500,299.9000,299.1485,41292118
2021-09-03,299.6000,301.9500,296.6000,296.6000,295.8568,35754065
2021-09-06,298.7000,301.2000,296.9510,298.4500,297.7022,16758821
2021-09-07,298.0500,301.6500,296.8500,298.4000,297.6523,24785686
2021-09-08,297.4500,303.2500,294.7500,298.2500,297.5026,44406666
2021-09-09,293.4000,295.8000,291.3000,294.7000,293.9616,48860637
2021-09-10,296.4000,298.8000,294.5500,295.6500,294.9092,34101685
2021-09-13,297.1010,303.1500,296.9380,302.3000,301.5425,50617176
2021-09-14,301.9500,305.3000,299.3580,300.0000,299.2483,46189094
2021-09-15,299.9500,311.2500,299.3000,309.2500,308.4750,71019810
2021-09-16,310.4000,313.6000,305.7000,305.9500,305.1833,81654031
2021-09-17,308.5000,309.5500,302.7500,304.6500,303.8867,98600571
2021-09-20,301.0000,306.1500,299.7000,303.7000,302.9391,50856932
2021-09-21,305.3000,313.3000,305.2500,308.8000,308.0262,50626001
2021-09-22,313.2500,319.7000,312.4590,316.7500,315.9563,51097066
2021-09-23,318.4000,319.3000,312.3500,317.7500,316.9538,31378887
2021-09-24,318.0000,321.2000,315.3000,320.2000,319.3977,39785130
2021-09-27,324.4000,331.3500,323.8500,331.3000,330.4698,63674198
2021-09-28,332.2500,343.5000,332.0500,336.6000,335.7567,82346561
2021-09-29,334.2000,338.7500,328.9000,338.3000,337.4523,54608329
2021-09-30,337.8500,342.2930,334.8500,340.3000,339.4473,60020400
2021-10-01,335.6500,341.3000,334.1000,337.9500,337.1032,58623676
2021-10-04,338.9500,347.8000,337.3000,344.4500,343.5869,48266571
2021-10-05,344.8500,354.5200,343.3500,350.6500,349.7714,73082543
2021-10-06,350.1500,350.4000,340.6610,341.5500,340.6942,72011909
2021-10-07,344.4000,347.4000,338.3000,344.8000,343.9359,54104479
2021-10-08,348.1500,354.9500,346.6000,353.5500,352.6642,51878353
2021-10-11,355.4500,361.6500,354.0000,360.3000,359.3972,39709454
2021-10-12,356.6000,359.5500,353.1500,358.2000,357.3024,58381512
2021-10-13,355.3000,358.0000,349.6500,354.9500,354.0607,70908431
2021-10-14,360.0000,361.1000,355.9500,357.7000,356.8038,49581753
2021-10-15,361.9500,365.2000,360.6000,363.6000,362.6890,35439104
2021-10-18,365.0000,366.4000,361.0000,361.4500,360.5443,39953467
2021-10-19,361.4500,364.4400,359.5500,361.9500,361.0430,64669036
2021-10-20,360.3500,365.9160,359.2000,363.1000,362.1902,34756900
2021-10-21,361.2000,363.2880,355.7000,356.2000,355.3075,38745935
2021-10-22,354.9000,358.8000,352.0000,355.0000,354.1105,27345718
2021-10-25,358.5500,363.1000,357.5040,360.6500,359.7463,26259746
2021-10-26,360.6000,362.9500,356.5500,359.2000,358.2999,30731421
2021-10-27,358.8000,361.7500,354.3500,357.6000,356.7040,31054647
2021-10-28,353.5000,356.0500,349.2000,352.0500,351.1679,31937639
2021-10-29,352.2000,355.3000,349.2110,350.2000,349.3225,51773323
2021-11-01,351.1000,358.5000,349.2110,357.0000,356.1055,35798802
2021-11-02,357.0000,358.8500,341.9000,344.9500,344.0858,86162288
2021-11-03,339.5500,342.9500,334.0000,334.8500,334.0109,83459281
2021-11-04,334.8500,342.8500,333.8400,339.5000,338.6493,105959776
2021-11-05,337.5500,346.7000,336.2000,345.4000,344.5345,38450352
2021-11-08,345.6500,350.6500,344.2500,345.2500,344.3849,36700886
2021-11-09,344.6000,348.2500,341.8000,344.4500,343.5869,33226420
2021-11-10,346.0000,353.4210,345.3500,347.8000,346.9285,77184530
2021-11-11,342.6000,347.3000,339.8000,345.1500,344.3258,54009703
2021-11-12,342.6000,344.2000,340.2500,340.9000,340.0859,72994977
2021-11-15,339.5000,345.9000,336.7000,341.5500,340.7344,38450672
2021-11-16,343.3000,350.6000,342.5500,344.5500,343.7271,79506785
2021-11-17,343.2500,345.8500,340.9000,342.0000,341.1833,50057127
2021-11-18,335.2500,338.4470,333.5680,336.4500,335.6466,33627717
2021-11-19,341.8000,342.6500,323.4000,326.5500,325.7702,93905289
2021-11-22,327.0000,334.9000,324.2000,334.4000,333.6014,51379697
2021-11-23,330.1000,342.4000,330.0500,339.4000,338.5894,50332934
2021-11-24,342.0000,346.9000,340.5000,344.5000,343.6773,47066212
2021-11-25,344.7500,345.8500,342.5500,344.7500,343.9267,39639265
2021-11-26,319.0000,328.1000,310.5310,317.6500,316.8914,106509613
2021-11-29,326.0000,334.0000,318.8000,327.7000,326.9175,77994066
2021-11-30,320.3000,329.1000,317.6500,325.4500,324.6728,98727251
2021-12-01,331.2500,338.1000,330.2500,332.9000,332.1051,41342015
2021-12-02,327.1000,338.3030,326.2400,336.6000,335.7962,76610491
2021-12-03,345.0000,346.3680,340.8000,340.8500,340.0361,53379455
2021-12-06,344.0000,350.1500,343.2000,346.5000,345.6726,43105316
2021-12-07,349.0500,352.0300,347.7500,350.9000,350.0620,43238986
2021-12-08,348.6000,351.1000,344.1000,348.7000,347.8673,52399146
2021-12-09,347.3500,348.4000,340.2000,343.5500,342.7296,65304586
2021-12-10,342.0000,347.1500,341.1500,342.6000,341.7819,44281078
2021-12-13,345.2500,345.3000,335.0000,335.0000,334.2001,39065742
2021-12-14,337.3500,339.7000,333.0000,337.6500,336.8438,45420398
2021-12-15,334.0500,336.3000,329.1000,330.9000,330.1098,55703450
2021-12-16,335.7500,339.8000,335.1000,338.9500,338.1407,67205372
2021-12-17,335.1500,338.4000,330.9000,333.7500,332.9530,138032247
2021-12-20,321.6000,327.3000,319.9500,323.3000,322.5279,81696810
2021-12-21,326.0000,332.3500,324.4760,331.7500,330.9578,35667539
2021-12-22,331.9500,334.9500,329.2000,334.7000,333.9008,37755442
2021-12-23,337.4000,341.8500,336.3500,337.9500,337.1430,30092509
2021-12-24,336.7000,341.0500,336.1500,337.8500,337.0432,9597346
2021-12-29,337.0500,342.4500,333.8500,336.0000,335.1977,41545288
2021-12-30,334.9000,336.8080,332.2500,333.0000,332.2048,19793695
2021-12-31,330.0000,332.4500,329.9000,330.5000,329.7108,10633768
2022-01-04,339.8000,352.4000,339.1500,351.0000,350.1618,57430776
2022-01-05,353.0000,358.3000,351.2980,354.8000,353.9527,48899585
2022-01-06,348.7500,358.7500,345.8500,355.1500,354.3019,57860437
2022-01-07,359.9000,362.5500,356.4500,362.5500,361.6842,51426584
2022-01-10,364.5000,369.3000,361.7820,363.0500,362.1830,74320649
2022-01-11,364.5000,370.9500,363.0500,369.6000,368.7174,43912140
2022-01-12,373.2500,382.8500,369.6000,381.4500,380.5391,139200949
2022-01-13,379.3500,383.9000,378.6500,383.9000,382.9833,60031350
2022-01-14,384.0000,391.0860,383.4190,388.7000,387.7719,70163258
2022-01-17,391.9500,395.6280,389.4000,393.7500,392.8098,60591123
2022-01-18,395.5000,400.2000,393.6000,395.7500,394.8049,74852832
2022-01-19,397.1000,400.5500,388.7000,394.1000,393.1589,60553500
2022-01-20,392.0000,394.9000,384.0620,389.1500,388.2207,43887033
2022-01-21,384.8000,386.5500,376.4000,382.2500,381.3372,68009741
2022-01-24,382.1000,383.6500,360.0000,364.1000,363.2306,67979261
2022-01-25,370.4000,379.9500,366.3500,379.6500,378.7434,55892544
2022-01-26,385.0000,397.2000,384.8000,394.1000,393.1589,53943299
2022-01-27,388.3000,400.5600,385.3000,392.5000,391.5627,104731641
2022-01-28,397.9000,397.9000,383.3500,385.4500,384.5295,146985725
2022-01-31,388.6500,389.2670,382.1500,382.8000,381.8859,50951787
2022-02-01,383.1500,394.0000,383.0500,393.3000,392.3608,65719741
2022-02-02,395.0000,395.3490,389.0000,389.5500,388.6196,47610113
2022-02-03,393.2000,394.6000,389.0000,392.4000,391.4630,55250427
2022-02-04,397.1500,409.2500,397.0500,405.9000,404.9307,73990562
2022-02-07,406.0500,409.4500,398.0000,408.6500,407.6742,65339642
2022-02-08,410.0000,418.0000,398.3500,399.0000,398.0471,112333300
2022-02-09,401.8500,414.9500,395.4000,410.3000,409.3202,72690506
2022-02-10,406.4000,414.4000,405.5500,410.7000,409.7193,59632180
2022-02-11,406.7500,419.1500,405.4840,417.2000,416.2037,79062950
2022-02-14,414.0500,417.1500,398.1900,400.6500,399.6933,77689204
2022-02-15,400.3500,405.7000,389.2500,397.3500,396.4012,83837943
2022-02-16,398.0500,405.7500,395.7370,403.7500,402.7858,126156554
2022-02-17,400.6500,402.2000,392.4500,397.9000,396.9907,70519486
2022-02-18,396.4000,400.2880,390.8000,391.4000,390.5056,54052070
2022-02-21,389.0000,393.5000,383.5920,388.4000,387.5125,60707310
2022-02-22,389.1000,396.3000,382.5500,386.5000,385.6167,63257007
2022-02-23,383.8500,389.3000,380.2500,382.9000,382.0249,42269953
2022-02-24,372.6000,378.1500,360.9000,365.3500,364.5151,133425410
2022-02-25,365.0000,379.4000,364.5060,378.5000,377.6351,91620798
2022-02-28,352.2000,365.5500,349.8500,363.5500,362.7192,219782031
2022-03-01,368.0500,369.6000,354.4000,357.1000,356.2840,78717225
2022-03-02,362.8000,379.0500,360.8630,374.4000,373.5445,73748792
2022-03-03,377.7000,385.6000,358.4500,358.4500,357.6308,85445300
2022-03-04,355.0000,356.4000,341.6000,348.1500,347.3545,79610876
2022-03-07,353.0000,363.9000,350.9480,361.5000,360.6739,149892296
2022-03-08,361.6000,383.0770,359.2000,380.0000,379.1317,87217840
2022-03-09,383.4500,384.6000,365.0500,371.5500,370.7009,68459736
2022-03-10,369.0000,373.1000,361.9600,363.5000,362.6693,185905473
2022-03-11,367.7500,371.5500,358.3000,360.4000,359.5764,86039063
2022-03-14,364.3500,364.6500,349.4000,356.5000,355.6853,52431444
2022-03-15,349.0500,361.0000,344.6730,361.0000,360.1750,141706131
2022-03-16,365.0500,366.9000,356.9500,360.6500,359.8259,54161889
2022-03-17,364.3000,371.0500,361.5800,368.0500,367.2089,86427408
2022-03-18,364.6500,368.9500,359.0000,360.4000,359.5764,257457024
2022-03-21,363.5000,376.0000,363.5000,375.0000,374.1431,41146800
2022-03-22,380.0000,381.6220,368.5500,371.3000,370.4514,51647059
2022-03-23,377.4000,390.9000,375.4500,387.9000,387.0136,102246139
2022-03-24,389.5500,394.1040,386.2500,389.2000,388.3107,71889985
2022-03-25,385.6500,394.1000,381.3000,391.7000,390.8049,51967724
2022-03-28,385.8500,391.2500,379.4500,380.9000,380.0296,46068031
2022-03-29,381.0000,387.2500,367.1000,371.3500,370.5013,51529814
2022-03-30,375.0000,383.3500,373.8500,382.7500,381.8754,45830134
2022-03-31,376.7000,380.1500,374.2500,375.3500,374.4923,45119366
2022-04-01,372.7500,378.9500,368.9000,378.9500,378.0840,24976836
2022-04-04,378.8500,381.5500,373.9500,377.6000,376.7371,33237341
2022-04-05,380.2500,384.0220,377.3000,382.9000,382.0249,52462429
2022-04-06,380.0500,384.4000,378.2000,380.8500,379.9796,49193103
2022-04-07,376.9500,383.7000,371.4000,377.4000,376.5377,48300305
2022-04-08,382.6500,391.5000,382.1000,391.5000,390.6054,50221963
2022-04-11,390.0500,393.8500,385.4500,386.6500,385.7664,38512438
2022-04-12,389.2500,398.0000,387.5550,395.9500,395.0453,43879867
2022-04-13,393.3500,400.7000,392.5000,397.3500,396.4419,35639692
2022-04-14,395.6500,400.4000,393.9500,399.4500,398.5372,62698869
2022-04-19,403.0000,407.7000,401.0500,401.0500,400.1335,41992367
2022-04-20,402.8000,402.8000,398.0000,401.1500,400.2333,75442419
2022-04-21,404.8500,405.6000,400.2000,403.1500,402.2287,67003362
2022-04-22,395.2500,400.1500,393.1500,393.1500,392.2516,34518582
2022-04-25,379.1500,383.1500,368.8500,368.8500,368.0071,62955005
2022-04-26,377.3500,381.2000,367.9000,379.4500,378.5829,47728719
2022-04-27,378.7500,382.8000,375.0500,378.4000,377.5352,53157809
2022-04-28,381.8000,388.5000,378.4000,388.0500,387.1632,42181626
2022-04-29,392.2000,393.6500,388.0000,391.5500,390.6552,61462460
2022-05-03,405.0000,414.2500,395.0500,414.2500,413.3034,112955426
2022-05-04,419.6500,421.7500,410.9000,415.9000,414.9496,79063745
2022-05-05,425.0000,427.3500,416.6500,418.9000,417.9427,88308896
2022-05-06,419.2000,430.7500,419.2000,426.6500,425.6750,156245671
2022-05-09,426.2500,430.9500,404.8000,404.8000,403.8750,88818514
2022-05-10,405.5500,411.6500,400.1500,404.9500,404.0246,60263673
2022-05-11,407.6000,420.4500,402.6000,419.9000,418.9404,83263501
2022-05-12,403.4000,410.1000,398.1100,400.1500,399.2770,71800335
2022-05-13,410.0000,416.9000,402.4000,414.7000,413.7953,52225780
2022-05-16,409.1500,420.4500,407.0500,418.3500,417.4373,30922807
2022-05-17,422.8000,428.8500,418.3500,421.2500,420.3309,57290742
2022-05-18,421.5000,430.9000,421.0500,422.3500,421.4286,102756117
2022-05-19,420.7000,424.9000,409.2000,412.7000,411.7996,62607968
2022-05-20,417.5000,424.8500,412.7000,417.2000,416.2898,77194004
2022-05-23,423.7000,428.8000,422.6220,428.8000,427.8645,78874531
2022-05-24,419.9000,425.3190,418.9780,423.6000,422.6758,91363183
2022-05-25,427.1500,431.1000,424.0990,427.8500,426.9166,77303012
2022-05-26,428.0000,436.4000,427.7000,435.2500,434.3004,39717396
2022-05-27,432.1500,433.9000,425.9000,430.6500,429.7104,35604740
2022-05-30,430.9500,435.6460,429.5080,433.5000,432.5542,67097357
2022-05-31,434.7000,441.3850,431.3500,434.2500,433.3025,88970553
2022-06-01,433.3500,437.1450,431.3000,431.3000,430.3591,46327181
2022-06-06,436.2000,444.5000,436.2000,440.4500,439.4891,38340956
2022-06-07,439.4500,449.3360,439.2000,446.5000,445.5258,45203419
2022-06-08,450.0000,452.5250,448.7500,451.4000,450.4151,74146887
2022-06-09,451.8000,456.0000,448.3000,448.3000,447.3219,57899416
2022-06-10,446.6500,447.6000,435.3000,437.4500,436.4956,50515237
2022-06-13,429.1500,431.9500,419.3500,426.3000,425.3699,69576254
2022-06-14,432.7500,441.3000,425.6000,434.9500,434.0010,53900332
2022-06-15,433.3000,433.6000,422.6000,427.4000,426.4675,70081548
2022-06-16,421.3500,424.7250,401.9000,404.4000,403.5177,63534857
2022-06-17,401.8000,405.2000,379.4500,379.4500,378.6222,132698179
2022-06-20,378.8500,392.6000,377.5000,391.5000,390.6458,55876190
2022-06-21,395.9000,400.3000,392.5500,395.3500,394.4875,50454312
2022-06-22,384.0500,387.5800,378.8000,383.3000,382.4638,64956072
2022-06-23,382.2000,391.6500,375.6500,375.6500,374.8304,45686408
2022-06-24,372.0500,387.6000,371.5000,386.5000,385.6567,47387512
2022-06-27,382.9500,394.1000,382.3500,391.6000,390.7457,87244319
2022-06-28,396.0000,405.0000,395.1000,397.0500,396.1838,48021884
2022-06-29,395.9500,408.3000,395.9500,397.7000,396.8323,42314657
2022-06-30,389.9000,398.5000,384.3000,388.3000,387.4528,41015966
2022-07-01,380.2500,391.7000,377.4500,384.5000,383.6612,43140059
2022-07-04,392.7000,403.9920,392.0000,401.4500,400.5742,31108039
2022-07-05,402.5500,402.7000,372.2500,373.3000,372.4855,73064490
2022-07-06,381.8000,387.7500,365.3000,368.6500,367.8457,77499983
2022-07-07,378.6000,391.5500,377.9000,385.2500,384.4096,91144870
2022-07-08,382.9000,395.6500,382.1810,386.5500,385.7067,33547710
2022-07-11,380.7000,386.6500,377.7000,384.6000,383.7608,32272439
2022-07-12,385.2500,386.0000,373.5000,377.0500,376.2273,36790825
2022-07-13,376.2500,383.4000,372.3000,377.2000,376.3771,38576591
2022-07-14,377.9000,380.4000,359.2000,363.9500,363.1560,62414862
2022-07-15,367.3500,377.1500,365.0500,373.1000,372.2860,39243191
2022-07-18,380.0000,388.9600,380.0000,382.3500,381.5157,31223799
2022-07-19,380.5500,388.0500,379.5500,385.6000,384.7587,30143535
2022-07-20,392.0000,393.8250,386.7000,388.5000,387.6523,41561571
2022-07-21,389.7000,394.2500,379.1000,383.9000,383.0625,42121265
2022-07-22,387.0000,390.6000,380.1000,383.3000,382.4638,27371435
2022-07-25,380.5500,387.5500,374.2650,386.7000,385.8563,30813587
2022-07-26,390.7500,395.8500,388.5500,388.5500,387.7022,23914013
2022-07-27,390.2000,395.2500,388.1000,393.1500,392.2923,23684384
2022-07-28,396.2500,396.8000,385.1500,389.4000,388.5505,34532837
2022-07-29,388.5500,404.9000,386.0840,400.0000,399.1273,48528027
2022-08-01,401.5500,404.5000,390.9000,392.3500,391.4940,45462794
2022-08-02,404.1500,411.1000,401.6500,403.3500,402.4700,63754353
2022-08-03,406.4500,416.1000,402.3500,410.7000,409.8040,75060369
2022-08-04,408.3500,420.9000,406.8000,408.0000,407.1098,54555299
2022-08-05,405.5000,414.4000,398.9100,411.1500,410.2530,40008266
2022-08-08,412.0000,419.6000,411.2500,416.3000,415.3917,43982321
2022-08-09,417.4000,425.6500,415.7960,422.5500,421.6281,40670869
2022-08-10,420.9500,425.3500,417.0500,421.2500,420.3309,43226085
2022-08-11,418.1500,428.4500,417.1430,427.5500,426.6696,37130077
2022-08-12,428.1500,435.9440,427.7500,430.5500,429.6634,38848926
2022-08-15,433.0500,435.4500,417.4500,425.5000,424.6238,64380728
2022-08-16,424.0500,432.1000,424.0500,426.5000,425.6216,41081602
2022-08-17,428.7000,433.1500,425.4500,430.9000,430.0126,48669836
2022-08-18,432.6000,443.0700,429.2080,442.0000,441.0898,42248322
2022-08-19,442.0000,449.9000,441.5500,447.8000,446.8778,46023417
2022-08-22,440.1000,452.5000,439.9500,449.0000,448.0754,43508227
2022-08-23,449.0500,459.8500,445.9500,459.4000,458.4539,39377788
2022-08-24,460.0000,460.6000,452.5500,452.9500,452.0172,52844661
2022-08-25,460.1000,463.7970,458.6500,459.4500,458.5039,32948449
2022-08-26,461.5000,464.1000,457.3000,457.8000,456.8573,35420028
2022-08-30,463.1500,469.6000,447.0000,449.2500,448.3249,63076041
2022-08-31,451.1000,452.4000,428.2500,441.5000,440.5908,124438705
2022-09-01,442.0000,445.8000,436.5000,441.2000,440.2914,57245909
2022-09-02,447.0000,457.5500,443.9500,453.7000,452.7657,56820686
2022-09-05,452.7500,467.4930,450.2170,463.3500,462.3958,54294811
2022-09-06,461.6000,462.2500,449.8000,452.7000,451.7678,52588257
2022-09-07,447.5500,454.4000,440.5100,441.2500,440.3413,87143450
2022-09-08,444.1500,449.9500,439.7560,443.0500,442.1376,45650262
2022-09-09,447.3000,455.7500,445.0500,450.8000,449.8716,38650513
2022-09-12,458.7500,461.8500,454.7500,457.8500,456.9071,38435954
2022-09-13,460.8500,466.0000,456.3500,461.5500,460.5995,46399900
2022-09-14,457.4500,465.9500,454.2000,462.3000,461.3480,52690774
2022-09-15,462.5000,466.8000,453.9500,456.5500,455.6098,44965722
2022-09-16,454.3000,460.5430,450.9500,452.0500,451.1191,192087202
2022-09-20,451.9000,463.0000,451.4440,452.5000,451.5682,50205810
2022-09-21,455.8500,466.0000,453.2500,455.5500,454.6119,47779470
2022-09-22,453.2000,464.5500,451.2000,458.2500,457.3063,44199242
2022-09-23,453.2500,456.2000,428.3500,433.1000,432.2082,105384380
2022-09-26,423.5500,434.7000,422.3000,430.1010,429.2153,51536820
2022-09-27,425.1500,435.1000,423.0660,431.1000,430.2122,79653935
2022-09-28,425.4000,437.8500,421.1000,435.9000,435.0023,56269353
2022-09-29,434.3000,438.5000,426.2500,432.0500,431.1603,87126356
2022-09-30,432.0000,439.9500,428.1000,433.1000,432.2082,40927178
2022-10-03,432.0000,446.4000,432.0000,442.7000,441.7883,47579414
2022-10-04,447.5000,456.9000,442.7000,454.5000,453.5640,78836406
2022-10-05,454.3000,461.8000,446.5000,460.2000,459.2524,91652551
2022-10-06,460.4000,462.2000,450.5500,460.3500,459.4020,76525774
2022-10-07,462.3500,471.1850,460.5500,469.1000,468.1339,63452909
2022-10-10,463.5000,469.8500,460.7500,462.4500,461.4977,37919486
2022-10-11,456.0000,457.4500,446.9500,452.6000,451.6679,39754065
2022-10-12,453.5500,458.7500,446.4500,449.3500,448.4247,37645792
2022-10-13,451.0500,461.2500,446.2000,458.2500,457.3063,35183819
2022-10-14,460.8000,465.6140,452.9000,455.0500,454.1129,51560919
2022-10-17,455.6000,462.5000,447.3000,449.4500,448.5244,54483696
2022-10-18,453.1000,458.2000,445.2500,445.2500,444.3331,34616457
2022-10-19,452.8000,456.0000,445.5000,455.2500,454.3125,32242924
2022-10-20,460.3500,464.6500,457.3000,460.9500,460.0008,38979430
2022-10-21,457.2000,465.0000,456.5000,464.4500,463.4935,36037227
2022-10-24,466.8000,474.1470,458.2500,470.0000,469.0321,40237177
2022-10-25,469.9000,470.9500,464.7500,465.6000,464.6412,33789726
2022-10-26,464.6500,468.0500,460.3500,466.0000,465.0403,60655005
2022-10-27,466.8500,483.3000,466.2210,481.9000,480.9076,75447056
2022-10-28,472.0000,479.3000,471.0000,472.9500,471.9761,29398808
2022-10-31,474.0000,484.0000,467.1000,479.8000,478.8119,39528766
2022-11-01,479.5000,486.9000,474.2000,486.4500,485.4482,42001921
2022-11-02,483.4000,486.9000,476.8500,484.3500,483.3525,38110483
2022-11-03,482.1500,494.3000,477.9500,493.5000,492.4837,42181307
2022-11-04,495.9500,504.4000,493.0000,499.9500,498.9204,46266880
2022-11-07,497.1000,503.2970,494.4500,501.8000,500.7667,34010048
2022-11-08,497.6000,501.8000,485.6950,485.7000,484.6998,52833847
2022-11-09,485.8500,488.6000,481.3500,482.1000,481.1072,62100075
2022-11-10,473.5000,486.4000,470.7500,470.7500,469.8287,78155123
2022-11-11,475.3500,483.4000,471.9840,478.4000,477.4637,41500170
2022-11-14,477.4000,483.3000,472.3500,480.5000,479.5597,31077051
2022-11-15,477.8500,480.6000,472.5500,477.0500,476.1164,33369952
2022-11-16,479.4500,488.2500,478.9650,481.3500,480.4080,43262475
2022-11-17,476.7000,482.4500,476.6000,478.6500,477.7133,44122770
2022-11-18,483.0000,486.2000,469.5000,476.0500,475.1183,43306864
2022-11-21,475.3000,477.6000,456.5000,458.1500,457.2534,62668424
2022-11-22,471.0000,488.0000,470.5000,488.0000,487.0449,59516989
2022-11-23,490.0000,498.6000,482.7500,483.1000,482.1545,50190396
2022-11-24,485.1500,487.8500,479.9500,483.5500,482.6036,23740889
2022-11-25,482.3500,493.0500,482.1710,488.3500,487.3943,27943103
2022-11-28,479.8000,484.8500,475.0500,483.5500,482.6036,40608786
2022-11-29,486.0000,496.7500,486.0000,492.0500,491.0870,73104465
2022-11-30,492.5000,503.3000,492.0500,497.5000,496.5264,118086790
2022-12-01,493.5000,495.9000,486.9500,489.4500,488.4922,38905995
2022-12-02,485.0000,486.3000,474.5000,480.9000,479.9588,44398679
2022-12-05,479.2500,489.2720,477.3690,483.5000,482.5537,42774634
2022-12-06,480.7000,483.5000,470.9000,474.6500,473.7211,59104182
2022-12-07,470.4500,473.8000,463.0500,464.0000,463.0919,46500857
2022-12-08,467.3000,474.4500,463.9500,463.9500,463.0420,36084523
2022-12-09,462.3500,465.5860,455.0000,461.9500,461.0460,60905839
2022-12-12,459.7000,465.6500,456.7500,462.1000,461.1956,37882663
2022-12-13,465.8500,472.8500,463.5000,471.0500,470.1281,34093855
2022-12-14,470.3000,475.6300,467.5500,469.5500,468.6310,36570028
2022-12-15,468.4000,472.0500,464.7500,465.8500,464.9383,38854764
2022-12-16,466.7500,468.2500,455.4000,455.4000,454.5088,156646360
2022-12-19,458.9500,470.3000,457.4000,466.6000,465.6868,29797513
2022-12-20,462.1000,470.8000,461.0500,467.4500,466.5352,33262806
2022-12-21,466.9500,480.6500,466.1500,480.0000,479.0606,32751179
2022-12-22,482.1000,485.0660,476.5000,477.9000,476.9647,57397378
2022-12-23,475.0000,478.9000,473.7500,478.9000,477.9628,62024066
2022-12-28,487.7500,489.9500,477.2500,480.4000,479.4598,61058866
2022-12-29,474.2000,480.8500,472.8000,480.7500,479.8092,15838786
2022-12-30,478.4500,480.5000,474.9000,474.9000,473.9706,12498129
2023-01-03,481.4000,496.9000,481.2880,483.3500,482.4040,40781538
2023-01-04,474.0000,475.9000,465.0000,465.8500,464.9383,48319569
2023-01-05,468.0000,474.3000,465.4500,471.7500,470.8267,27641337
2023-01-06,474.2500,480.1500,474.2500,477.0500,476.1164,45580214
2023-01-09,478.0000,485.4500,477.2500,479.3000,478.3620,31000006
2023-01-10,475.5500,482.2500,474.0500,475.1000,474.1702,41713226
2023-01-11,476.9000,481.1500,474.2500,478.5500,477.6134,27187699
2023-01-12,481.3500,486.6500,478.6000,485.0000,484.0508,28669324
2023-01-13,483.0000,486.5500,482.5500,484.3500,483.4020,32218369
2023-01-16,485.5000,487.8500,480.0000,481.0000,480.0587,21938115
2023-01-17,480.1000,487.5500,478.0000,484.6500,483.7015,34124939
2023-01-18,480.0000,489.4500,479.6500,486.2000,485.2484,38676651
2023-01-19,478.5000,480.7500,471.6500,474.7000,473.7709,33902832
2023-01-20,479.8500,482.7500,474.7000,475.8500,474.9187,40442971
2023-01-23,475.5500,482.4500,475.0500,480.8000,479.8591,24811193
2023-01-24,483.4500,483.4500,472.7500,475.2500,474.3199,51300832
2023-01-25,475.3000,478.0000,468.6000,474.7000,473.7709,33017334
2023-01-26,476.1000,484.6500,475.3000,484.2000,483.2525,39708502
2023-01-27,487.6000,496.6000,484.2000,489.3000,488.3424,39339742
2023-01-30,487.7500,496.3500,486.3000,492.0500,491.0870,34439065
2023-01-31,489.5500,490.1000,482.2000,488.8500,487.8934,28682258
2023-02-01,491.0500,496.6500,486.8500,492.4500,491.4863,44890407
2023-02-02,491.5000,492.5500,478.5000,478.8000,477.8629,54054450
2023-02-03,477.8500,492.3500,477.5000,486.0500,485.0988,35547116
2023-02-06,488.5000,488.5000,475.5000,478.3500,477.4138,39657484
2023-02-07,494.1500,516.4000,488.0000,516.4000,515.3893,112423187
2023-02-08,528.0000,535.0000,516.4000,533.2000,532.1564,83266622
2023-02-09,532.9000,545.7000,531.9320,545.7000,544.6320,97964110
2023-02-10,547.5000,570.5670,541.6000,560.0000,558.9041,115397585
2023-02-13,559.9000,560.6460,551.7000,557.4000,556.3091,76344432
2023-02-14,558.0000,565.2000,555.9000,560.1000,559.0039,81010130
2023-02-15,561.8000,565.1000,557.4000,559.7000,558.6047,79287029
2023-02-16,560.2000,567.7000,551.3000,567.6000,566.5452,47259232
2023-02-17,564.0000,564.6000,556.3000,559.9000,558.8597,59214984
2023-02-20,558.0000,562.2000,556.0000,558.2000,557.1628,24159385
2023-02-21,556.6000,560.2000,549.6680,550.3000,549.2776,58925165
2023-02-22,547.0000,550.3000,536.4000,539.4000,538.3979,68447518
2023-02-23,536.7000,551.4000,534.8000,547.0000,545.9836,63107361
2023-02-24,551.3000,555.9000,547.7000,550.2000,549.1778,48017492
2023-02-27,554.0000,560.4000,553.5000,558.2000,557.1628,48174573
2023-02-28,557.9000,561.8000,550.5000,550.5000,549.4770,132842967
2023-03-01,553.7000,560.0000,550.1000,550.3000,549.2776,100023591
2023-03-02,552.0000,563.8000,550.3000,561.2000,560.1572,77874419
2023-03-03,561.0000,561.7000,542.8000,555.3000,554.2682,35685967
2023-03-06,550.8000,560.0000,550.8000,559.4000,558.3605,39342667
2023-03-07,560.5000,563.2800,555.1000,558.5000,557.4623,33730187
2023-03-08,558.4000,564.1560,557.5000,558.4000,557.3624,90878064
2023-03-09,558.4000,560.4490,552.4000,557.0000,555.9650,51064103
2023-03-10,546.8000,550.8000,542.6000,549.2000,548.1796,49786469
2023-03-13,544.3000,544.6000,514.9000,522.5000,521.5292,66961684
2023-03-14,522.0000,533.5000,512.8000,530.8000,529.8138,58061156
2023-03-15,527.0000,527.2380,485.9500,486.8000,485.8955,80860103
2023-03-16,500.0000,500.3730,470.8000,482.4500,481.5536,91002516
2023-03-17,489.3500,504.2000,476.7500,479.9500,479.0583,243758899
2023-03-20,471.8500,492.5000,467.0000,487.0000,486.0951,59602146
2023-03-21,492.0000,508.4000,489.9000,503.4000,502.4646,49719627
2023-03-22,500.0000,507.9000,497.4000,504.4000,503.4628,81495865
2023-03-23,504.7000,505.3000,496.7500,498.7000,497.7735,44282935
2023-03-24,495.9500,495.9500,473.7000,486.3000,485.3964,48133058
2023-03-27,497.2500,500.4000,485.2000,496.4000,495.4776,46212840
2023-03-28,508.6000,510.5080,503.1000,507.8000,506.8564,43547632
2023-03-29,510.4000,513.1200,507.2000,510.5000,509.5514,28038788
2023-03-30,509.3000,518.2000,506.6630,513.2000,512.2464,48557333
2023-03-31,510.9000,514.8000,508.0000,510.8000,509.8509,50242422
2023-04-03,530.0000,540.3000,529.8030,532.7000,531.7102,63834285
2023-04-04,536.8000,536.9000,526.8000,527.2000,526.2205,90212520
2023-04-05,527.6000,536.6000,527.0000,533.7000,532.7083,56824025
2023-04-06,533.2000,537.7430,531.1000,531.9000,530.9119,41038513
2023-04-11,536.4000,540.4000,532.3000,537.0000,536.0023,52431560
2023-04-12,537.8000,543.7000,535.7000,539.6000,538.5974,31617199
2023-04-13,536.5000,539.6000,534.1130,538.7000,537.6990,36713538
2023-04-14,538.8000,543.3540,534.4000,541.0000,539.9948,29093336
2023-04-17,545.0000,551.0000,543.5000,543.8000,542.7895,42722801
2023-04-18,544.5000,546.4000,538.3000,544.5000,543.4883,33195166
2023-04-19,542.1000,543.6000,530.8000,535.4000,534.4052,42764947
2023-04-20,533.6000,533.6000,528.0000,530.7000,529.7140,38107704
2023-04-21,533.2000,533.2000,527.0000,530.0000,529.0153,52359077
2023-04-24,523.9000,535.6000,521.2000,533.9000,532.9081,48007264
2023-04-25,535.5000,540.6000,526.5000,529.3000,528.3165,54938104
2023-04-26,529.6000,535.5000,527.3000,533.1000,532.1094,37826711
2023-04-27,527.0000,530.4000,521.0000,523.6000,522.6271,29337723
2023-04-28,525.9000,535.4000,517.0420,534.4000,533.4071,102346561
2023-05-02,517.0000,520.0000,485.7500,488.3500,487.4426,100298625
2023-05-03,490.8000,493.0000,479.5500,487.1000,486.1949,63327020
2023-05-04,489.3500,494.9000,473.5500,476.5000,475.6147,59405734
2023-05-05,480.0000,494.8280,480.0000,492.3000,491.3853,45939194
2023-05-09,489.2500,491.4500,484.6500,488.5500,487.6422,104449028
2023-05-10,490.5000,491.6000,482.7000,487.1000,486.1949,30772404
2023-05-11,482.4000,487.4000,472.2500,477.7000,476.8644,104416824
2023-05-12,475.4000,486.2840,475.3480,483.0000,482.1551,26990523
2023-05-15,480.9500,484.6500,476.9000,481.7000,480.8574,18786577
2023-05-16,479.4500,484.5330,475.7000,475.9500,475.1175,37094876
2023-05-17,475.0000,482.2500,475.0000,478.3500,477.5133,27699907
2023-05-18,483.5500,488.4000,478.1000,480.5500,479.7094,35282424
2023-05-19,483.5000,488.0420,481.4000,481.4000,480.5579,31851791
2023-05-22,481.0000,482.0500,477.8500,481.6500,480.8074,33987698
2023-05-23,481.7000,489.8500,479.2500,488.3000,487.4459,28870682
2023-05-24,487.3000,489.0000,480.4000,486.5000,485.6490,41234730
2023-05-25,486.6500,487.4700,473.1500,474.9500,474.1191,40900844
2023-05-26,478.0000,479.7000,472.7500,476.9000,476.0658,34146765
2023-05-30,477.3000,477.3500,464.8500,466.6000,465.7838,41562250
2023-05-31,466.2000,467.4500,447.2000,453.3000,452.5071,143080245
2023-06-01,456.3500,463.4500,454.3500,461.5000,460.6927,51707926
2023-06-02,464.0000,476.2000,464.0000,474.3500,473.5203,37489819
2023-06-05,479.1500,483.7000,472.9500,472.9500,472.1227,67794484
2023-06-06,471.8500,473.0000,463.6000,471.2500,470.4257,55937665
2023-06-07,471.5000,475.5500,467.0000,473.7500,472.9213,32380470
2023-06-08,479.8000,481.2000,472.1000,472.6500,471.8232,27698609
2023-06-09,472.4000,473.0000,467.0500,468.9000,468.0798,22650325
2023-06-12,469.0500,469.0500,459.7000,462.6000,461.7908,41930728
2023-06-13,464.7000,470.9500,462.1630,464.8500,464.0368,31504439
2023-06-14,462.8000,471.7500,460.8500,461.1500,460.3433,47486230
2023-06-15,461.2000,462.1500,453.7500,459.7000,458.8959,132663040
2023-06-16,460.3000,463.6500,456.7000,459.6000,458.7961,148346033
2023-06-19,456.6000,463.5500,456.2500,461.4000,460.5929,21983147
2023-06-20,460.1500,462.8000,453.9500,453.9500,453.1559,44022728
2023-06-21,454.4000,465.0810,454.3500,464.0000,463.1884,32776702
2023-06-22,461.8000,462.6000,456.6500,460.0000,459.1953,26326366
2023-06-23,458.9000,459.7500,452.4500,454.6500,453.8548,24377511
2023-06-26,458.6000,461.6500,447.5000,459.0000,458.1971,32437972
2023-06-27,464.2500,465.4500,449.7000,452.7000,451.9081,55047258
2023-06-28,452.7000,456.3000,450.1500,455.2000,454.4037,34607059
2023-06-29,456.5500,459.3500,453.6500,454.8000,454.0044,28849470
2023-06-30,458.8000,463.4000,457.2500,458.3500,457.5482,38590046
2023-07-03,462.6500,474.4500,462.0750,470.8000,469.9765,58834740
2023-07-04,470.2000,472.8000,467.9500,470.2500,469.4274,34711932
2023-07-05,468.5000,468.9000,458.8500,459.8000,458.9957,34390086
2023-07-06,458.3000,459.8500,449.4000,449.9500,449.1629,29972317
2023-07-07,451.5500,456.5000,447.9000,453.5500,452.7567,29769711
2023-07-10,454.5500,460.4990,454.1500,454.5500,453.7549,21957479
2023-07-11,456.1000,461.0000,453.6000,460.2500,459.4449,26070869
2023-07-12,461.7000,473.8500,460.9720,466.7500,465.9335,67993693
2023-07-13,466.0000,473.4500,465.5000,465.6500,464.8354,58290659
2023-07-14,463.4000,467.1500,453.8000,456.4500,455.6516,53684148
2023-07-17,450.0500,462.5000,449.1000,452.4000,451.6086,37740332
2023-07-18,449.3000,459.6500,449.1880,458.5500,457.7479,34338027
2023-07-19,459.6000,472.3000,459.1000,469.5500,468.7287,86547464
2023-07-20,470.0000,477.5500,468.9000,472.2500,471.4239,41939441
2023-07-21,476.4000,477.8500,472.9380,475.8000,474.9677,20833037
2023-07-24,475.0000,484.3500,471.7000,483.7000,482.8539,26569921
2023-07-25,485.4000,485.4500,479.3000,481.0000,480.1586,21473322
2023-07-26,482.8000,482.8000,475.0000,478.6000,477.7629,23917334
2023-07-27,478.6000,481.9000,475.5000,479.7000,478.8609,41621236
2023-07-28,476.4500,479.7000,472.0500,475.4000,474.5684,28998293
2023-07-31,480.0000,484.2500,474.3000,483.0000,482.1551,27480160
2023-08-01,481.0500,495.0000,479.7320,481.7500,480.9073,41593105
2023-08-02,480.5500,484.0890,471.8440,473.6000,472.7715,31237504
2023-08-03,471.4500,477.8500,465.1000,477.8500,477.0141,40240657
2023-08-04,481.7500,487.0500,478.1500,486.4500,485.5991,25148934
2023-08-07,485.6500,486.7500,481.1000,483.1000,482.2550,17649617
2023-08-08,480.1500,482.6000,472.0000,480.0000,479.1604,30528232
2023-08-09,485.0000,494.5630,485.0000,492.6500,491.7882,26026553
2023-08-10,488.6000,493.7500,488.3500,490.9000,490.0984,24406467
2023-08-11,485.8000,487.3000,480.6750,486.4000,485.6057,41378261
2023-08-14,484.2500,485.1500,478.6000,481.7500,480.9633,19971382
2023-08-15,483.2000,483.9650,472.2000,473.9500,473.1760,20487257
2023-08-16,471.4500,474.5000,468.9000,472.9500,472.1777,32815381
2023-08-17,470.8500,475.9500,470.2000,474.5000,473.7251,17517196
2023-08-18,472.0000,475.1000,466.7670,473.4500,472.6768,24016116
2023-08-21,475.1000,484.3000,474.8330,478.3000,477.5189,24233966
2023-08-22,477.5500,480.4500,474.8000,477.9000,477.1195,14469276
2023-08-23,475.9500,478.3500,467.3000,471.1500,470.3806,25396149
2023-08-24,471.0500,475.2500,469.6500,473.6000,472.8266,45301426
2023-08-25,476.5500,479.9500,474.0500,475.6000,474.8233,17348826
2023-08-29,480.2500,488.8500,480.2500,485.7000,484.9068,60002080
2023-08-30,489.5500,491.8000,487.5000,489.2000,488.4011,24266637
2023-08-31,490.9000,492.4000,487.5000,487.5000,486.7039,67483521
2023-09-01,494.2500,502.6000,493.3500,500.8000,499.9821,51611884
2023-09-04,505.0000,506.7000,501.7000,501.7000,500.8807,33755811
2023-09-05,498.7500,514.3000,497.2000,511.5000,510.6647,39236536
2023-09-06,509.8000,518.6500,507.9000,515.9000,515.0575,31596122
2023-09-07,514.0000,518.9000,513.1000,514.8000,513.9593,24270501
2023-09-08,513.4000,518.0000,512.5000,517.3000,516.4552,56410630
2023-09-11,518.6000,521.7000,515.3000,517.3000,516.4552,27042179
2023-09-12,516.5000,523.3000,513.0000,522.8000,521.9463,39010905
2023-09-13,515.0000,526.0000,506.9000,508.2000,507.3701,63569624
2023-09-14,512.1000,526.1160,510.0000,524.1000,523.2442,42108759
2023-09-15,527.3000,528.9000,520.7000,523.2000,522.3456,116246149
2023-09-18,525.3000,527.4000,518.0490,519.2000,518.3522,40471624
2023-09-19,522.7000,526.4000,520.5000,524.8000,523.9430,31257833
2023-09-20,521.2000,524.8000,514.0000,523.4000,522.5452,50633664
2023-09-21,519.4000,529.1000,514.6100,520.4000,519.5502,37642478
2023-09-22,517.0000,529.1000,515.6000,525.7000,524.8414,54784695
2023-09-25,525.9000,529.5000,521.9000,527.3000,526.4389,73361478
2023-09-26,525.4000,533.3000,521.2000,530.9000,530.0330,37341036
2023-09-27,532.1000,538.8000,530.6000,538.5000,537.6205,32127157
2023-09-28,542.6000,549.6000,537.2000,541.1000,540.2162,32567410
2023-09-29,538.0000,540.2990,531.3000,531.4000,530.5323,35035280
2023-10-02,531.7000,536.1000,518.2000,519.1000,518.2523,36107770
2023-10-03,518.8000,522.4000,514.4000,515.8000,514.9576,28338046
2023-10-04,515.8000,518.4000,495.4500,499.4500,498.6344,65919171
2023-10-05,497.1000,501.3000,489.5500,499.0500,498.2350,29909637
2023-10-06,500.2000,509.6000,496.4000,505.6000,504.7743,32751712
2023-10-09,516.5000,523.9000,514.0000,520.3000,519.4503,41660240
2023-10-10,522.2000,525.8000,513.2500,525.1000,524.2424,29229090
2023-10-11,527.7000,535.8000,519.4000,520.3000,519.4503,34467712
2023-10-12,529.0000,538.8000,517.7000,536.1000,535.2245,44740720
2023-10-13,541.3000,550.5000,540.9390,547.7000,546.8055,57809715
2023-10-16,549.6000,553.9000,544.1000,549.0000,548.1033,27537172
2023-10-17,549.0000,558.2000,546.5000,555.0000,554.0936,29268291
2023-10-18,558.6000,562.3000,553.2000,558.0000,557.0887,41580407
2023-10-19,558.8000,562.1000,547.0000,552.9000,551.9971,37415124
2023-10-20,554.2000,559.4000,544.2000,545.4000,544.5093,38451397
2023-10-23,540.0000,545.7000,528.8000,532.2000,531.3309,50972360
2023-10-24,528.5000,539.9000,526.1000,534.4000,533.5272,28977543
2023-10-25,531.9000,539.1190,528.6000,534.7000,533.8268,29861833
2023-10-26,535.4000,539.4000,528.2000,533.8000,532.9283,38413624
2023-10-27,538.9000,546.6000,527.8000,530.5000,529.6337,41695925
2023-10-30,529.0000,532.9000,522.4000,526.7000,525.8399,121755943
2023-10-31,505.1000,509.7000,494.3500,502.6000,501.7792,76877717
2023-11-01,495.0000,503.2860,488.4500,494.4000,493.5926,68277080
2023-11-02,496.8000,501.5000,489.0500,498.6000,497.7858,45955885
2023-11-03,503.1000,506.2000,483.6500,489.8500,489.0500,42349431
2023-11-06,487.0500,493.3500,484.7000,491.5000,490.6974,22437947
2023-11-07,486.4500,494.7500,480.0000,481.0500,480.2644,45496434
2023-11-08,479.5000,482.3500,477.1500,477.1500,476.3708,41605283
2023-11-09,470.3500,476.7500,467.9270,475.3500,474.6308,57804997
2023-11-10,475.8000,480.8000,472.5000,477.8500,477.1270,52311069
2023-11-13,478.0000,486.2500,474.7500,484.7000,483.9666,88202438
2023-11-14,485.5500,486.9000,477.2500,480.9500,480.2223,35677953
2023-11-15,482.2000,483.6900,477.3500,482.1000,481.3706,35501660
2023-11-16,484.6000,484.6000,466.9500,468.4000,467.6913,53854850
2023-11-17,470.8500,479.3000,465.3500,477.7000,476.9772,31396118
2023-11-20,477.0000,482.9500,475.0000,480.4500,479.7231,25351952
2023-11-21,476.5000,484.1000,472.6500,476.5500,475.8289,28546512
2023-11-22,477.5000,480.3500,460.5500,466.1500,465.4446,47631831
2023-11-23,470.1000,475.3000,469.8000,473.5000,472.7836,30356397
2023-11-24,472.0500,478.3500,469.2500,476.5000,475.7791,28715999
2023-11-27,472.5500,479.4000,468.8500,475.0500,474.3312,26852117
2023-11-28,473.4500,478.4000,471.0000,475.0000,474.2813,31685115
2023-11-29,471.1000,477.0000,469.5910,471.9500,471.2359,25614563
2023-11-30,476.1500,489.7000,473.0000,479.1000,478.3752,108153194
2023-12-01,479.0500,483.3500,475.3000,478.4000,477.6761,27229904
2023-12-04,467.9000,481.3000,465.7000,471.9500,471.2359,32172134
2023-12-05,467.6000,474.9500,464.7500,471.9000,471.1860,24907516
2023-12-06,469.7500,475.0500,465.8570,465.9500,465.2450,41030519
2023-12-07,464.1500,468.7500,459.7000,460.2500,459.5536,55747706
2023-12-08,463.0000,470.7500,457.4500,468.2500,467.5415,24167396
2023-12-11,469.2000,471.7500,463.6000,467.2500,466.5430,35796728
2023-12-12,467.1000,470.6000,460.7000,460.9500,460.2526,38314237
2023-12-13,459.0000,463.7500,456.6000,459.8500,459.1543,69403048
2023-12-14,462.0000,471.1500,457.0500,465.9000,465.1950,52321651
2023-12-15,470.1000,471.9500,456.8000,457.8500,457.1573,96522587
2023-12-18,458.1500,468.8000,455.1000,465.2000,464.4962,33098312
2023-12-19,462.2000,468.0000,459.6500,463.6500,462.9485,53598202
2023-12-20,469.2000,474.8000,460.8500,467.0000,466.2934,42991600
2023-12-21,466.5000,469.8500,460.9890,466.2500,465.5446,33563181
2023-12-22,467.7000,469.8000,466.2500,467.2000,466.4931,13038240
2023-12-27,468.9000,472.1000,464.3500,467.2000,466.4931,28098605
2023-12-28,466.1500,468.3500,464.0500,465.2000,464.4962,20417183
2023-12-29,464.8000,466.1500,460.1500,466.1500,465.4446,7867412
2024-01-02,468.8000,472.7000,468.2380,471.0000,470.2874,33328827
2024-01-03,470.2500,473.2000,465.0500,471.9500,471.2359,45614156
2024-01-04,478.0000,481.4000,473.4500,473.4500,472.7337,42735951
2024-01-05,469.2000,477.0000,467.3000,473.8500,473.1330,24320784
2024-01-08,468.8500,471.5500,459.2500,461.4500,460.7519,55325731
2024-01-09,465.1000,468.9000,459.3500,459.3500,458.6550,40706060
2024-01-10,457.8000,462.3000,455.0000,456.4500,455.7593,37881695
2024-01-11,457.0000,459.9500,453.6000,454.2000,453.5128,58744356
2024-01-12,457.7500,462.1500,454.1500,454.1500,453.4629,52003173
2024-01-15,455.5500,458.4000,451.2000,453.0000,452.3146,18140591
2024-01-16,450.8000,458.7000,448.2000,452.3000,451.6157,59228159
2024-01-17,449.0000,450.4500,442.2000,448.5000,447.8214,31448085
2024-01-18,446.8500,448.8000,442.9000,444.2500,443.5779,41131760
2024-01-19,447.6000,449.6500,445.6000,445.8000,445.1255,37796850
2024-01-22,444.9000,448.7000,441.0500,446.0500,445.3751,49223741
2024-01-23,451.0000,453.4000,448.2500,451.2000,450.5173,73316873
2024-01-24,448.9500,453.2000,447.9500,452.9500,452.2647,32364493
2024-01-25,454.0500,460.6000,454.0500,455.6500,454.9606,35277281
2024-01-26,461.0000,465.0500,461.0000,461.7000,461.0015,62851396
2024-01-29,469.9500,471.6500,464.8000,465.8000,465.0952,41911027
2024-01-30,466.0000,470.7000,465.3500,468.7000,467.9909,37940033
2024-01-31,471.2500,471.9000,462.4500,462.4500,461.7503,47790959
2024-02-01,466.0000,470.2000,463.9000,465.6500,464.9454,61323779
2024-02-02,462.2000,462.2000,454.7500,458.7000,458.0060,49932383
2024-02-05,457.0000,459.7500,450.9500,454.1500,453.4629,80116015
2024-02-06,475.0500,485.5500,474.5500,478.9500,478.2253,82162539
2024-02-07,478.4500,483.3000,474.3000,474.6000,473.8819,38147418
2024-02-08,474.6000,480.6500,468.3000,476.2500,475.5294,56004480
2024-02-09,477.2500,485.0000,476.9290,478.4500,477.7261,36801010
2024-02-12,476.2000,482.8500,474.7000,479.4500,478.7245,34478010
2024-02-13,480.0500,486.9500,477.7500,479.7500,479.0241,64524012
2024-02-14,480.7500,484.3500,474.7500,476.5000,475.7791,83053311
2024-02-15,468.9500,471.1000,461.7000,468.7500,468.0967,47956226
2024-02-16,472.0500,475.9000,469.0500,472.0000,471.3422,68994296
2024-02-19,469.5500,476.7000,468.7500,474.8000,474.1382,42919187
2024-02-20,475.2500,475.8000,465.8500,466.5500,465.8997,74569340
2024-02-21,466.4500,471.2000,464.7000,470.4000,469.7444,21160072
2024-02-22,470.9500,473.5000,465.4000,468.2000,467.5474,28685711
2024-02-23,467.7000,470.3500,460.6000,466.1000,465.4503,38609321
2024-02-26,462.1500,467.7840,461.6000,466.3000,465.6501,51036423
2024-02-27,464.7500,469.3000,464.6500,466.2500,465.6002,26874287
2024-02-28,465.4500,466.4500,461.6190,462.3000,461.6557,44063707
2024-02-29,461.0000,463.9500,459.0000,460.7000,460.0579,82613316
2024-03-01,465.5000,471.8500,463.8000,471.6500,470.9926,28020852
2024-03-04,475.0000,479.5500,469.3500,469.7500,469.0953,28926170
2024-03-05,468.5500,471.4500,466.8000,470.9000,470.2437,38759663
2024-03-06,470.9000,480.3500,470.5500,478.9000,478.2325,60267530
2024-03-07,478.0000,478.9000,474.4500,476.0500,475.3864,45702232
2024-03-08,476.9000,480.3000,471.9500,472.1000,471.4420,28931120
2024-03-11,470.2500,473.1500,467.6000,471.7000,471.0425,35867890
2024-03-12,474.0000,480.4500,474.0000,477.4500,476.7846,31190073
2024-03-13,478.9000,486.8000,476.8000,485.0000,484.3240,42579563
2024-03-14,485.0000,490.0500,483.8500,490.0000,489.3171,35567441
2024-03-15,491.6500,495.0000,490.4000,491.0000,490.3157,90759376
2024-03-18,493.3500,496.4500,491.1500,493.3000,492.6125,25477960
2024-03-19,495.0000,498.9500,492.6000,498.3000,497.6055,41509699
2024-03-20,496.1500,497.4000,491.6000,493.6500,492.9620,38050619
2024-03-21,497.4000,499.5000,494.9500,496.6500,495.9578,51406366
2024-03-22,496.5500,503.4090,495.8000,498.8500,498.1547,30594894
2024-03-25,500.3000,507.6000,499.9260,505.9000,505.1949,33098744
2024-03-26,505.2000,505.3470,497.9000,499.8000,499.1034,76471060
2024-03-27,495.6500,496.3000,489.3950,492.8000,492.1132,36217347
2024-03-28,495.4500,498.7500,493.3000,495.7000,495.0091,36119907
2024-04-02,504.1000,511.7000,502.8000,508.6000,507.8911,87644567
2024-04-03,510.7000,511.9000,505.3000,511.6000,510.8870,66997272
2024-04-04,512.0000,512.8000,505.4000,508.9000,508.1907,46518238
2024-04-05,509.0000,511.0000,504.9000,506.1000,505.3947,66027941
2024-04-08,505.3000,513.8000,503.9000,509.9000,509.1892,59384259
2024-04-09,514.0000,520.3000,513.4000,516.6000,515.8799,57845460
2024-04-10,519.7000,523.5000,516.1000,520.1000,519.3750,34307836
2024-04-11,523.0000,531.5000,518.4000,520.0000,519.2753,36072573
2024-04-12,530.0000,541.0000,528.1000,539.1000,538.3486,57022457
2024-04-15,528.5000,534.3000,522.5000,527.3000,526.5651,45839250
2024-04-16,521.7000,523.0000,511.9000,515.6000,514.8814,40501558
2024-04-17,513.3000,520.1000,512.0000,516.8000,516.0797,41516392
2024-04-18,511.8000,515.1000,508.2000,512.4000,511.6859,38651074
2024-04-19,510.8000,516.0150,504.5880,514.9000,514.1824,50577770
2024-04-22,516.1000,523.8000,514.9000,522.5000,521.7718,37823225
2024-04-23,524.2000,530.6000,521.0000,523.1000,522.3709,56993159
2024-04-24,529.2000,531.4000,525.3000,525.6000,524.8674,59957431
2024-04-25,523.3000,529.6000,520.0000,526.3000,525.5665,65563155
2024-04-26,529.3000,534.0200,522.3000,524.8000,524.0685,26337593
2024-04-29,524.8000,527.8000,523.0000,523.3000,522.5706,22279994
2024-04-30,526.0000,529.3000,520.4000,520.4000,519.6748,28971121
2024-05-01,520.0000,510.3000,508.8000,509.4000,508.6900,4659383
2024-05-02,508.5000,520.4000,503.4000,515.8000,515.0811,31294101
2024-05-03,516.3000,520.0000,506.1000,510.4000,509.6887,26147916
2024-05-07,506.4000,515.5000,499.6000,503.7000,502.9979,57493548
2024-05-08,498.0000,500.6000,490.6500,500.5000,499.8024,101765120
2024-05-09,502.1000,508.2000,497.4500,504.1000,503.3974,88510542
2024-05-10,506.1000,511.7000,501.0000,506.2000,505.4945,45039104
2024-05-13,505.2000,509.3000,502.1000,505.0000,504.2961,25990894
2024-05-14,507.6000,510.8000,501.3000,502.3000,501.5999,65513117
2024-05-15,504.0000,507.1000,492.6500,496.9500,496.2574,28251819
2024-05-16,491.7000,499.9500,485.5500,489.3000,488.6739,31637236
2024-05-17,491.0000,493.1000,487.1000,491.3000,490.6713,66722822
2024-05-20,492.2000,497.1000,491.1500,491.2500,490.6214,74139583
2024-05-21,488.8000,494.2000,485.5500,490.8000,490.1720,74516350
2024-05-22,481.7500,493.7500,477.1000,481.7000,481.0836,48069299
2024-05-23,479.8500,486.5000,476.7000,482.5500,481.9326,35339546
2024-05-24,479.3000,485.4500,476.7000,483.0000,482.3820,30736913
2024-05-28,488.2500,490.8000,480.1000,487.0000,486.3768,96467106
2024-05-29,489.2000,495.4000,487.4500,489.1000,488.4742,33714893
2024-05-30,485.0000,492.0500,482.0500,485.2500,484.6291,59508416
2024-05-31,485.2500,488.8500,482.0500,488.1500,487.5253,49747460
2024-06-03,491.6000,494.3500,480.4500,481.2000,480.5843,51535949
2024-06-04,472.3000,473.0000,460.9000,462.9000,462.3077,59374020
2024-06-05,463.9000,466.5500,460.1000,460.4000,459.8109,37366840
2024-06-06,462.9500,465.6000,457.6000,463.1500,462.5573,24191464
2024-06-07,463.3500,467.2000,460.3500,462.7000,462.1080,28556083
2024-06-10,463.6000,471.2000,459.9000,470.8500,470.2475,31405955
2024-06-11,471.0000,473.8000,465.9000,468.3500,467.7507,36666931
2024-06-12,470.5500,474.5500,463.6500,464.9000,464.3051,24703041
2024-06-13,464.4000,465.5500,457.7880,460.0000,459.4114,34613400
2024-06-14,460.3000,463.3500,458.3000,460.0000,459.4114,24629988
2024-06-17,459.9500,462.1500,457.5000,460.6500,460.0606,21606961
2024-06-18,461.9500,468.0000,461.5500,466.8500,466.2526,32364208
2024-06-19,466.0000,469.1500,465.4190,466.3500,465.7532,22876709
2024-06-20,466.5500,472.9000,463.5500,470.5000,469.8979,49565069
2024-06-21,468.4000,473.3500,464.5500,471.0000,470.3973,86474396
2024-06-24,466.6000,475.1000,463.4000,474.1500,473.5432,41705397
2024-06-25,475.7000,480.8500,472.9500,473.9000,473.2936,32854319
2024-06-26,474.5500,478.5000,470.5500,470.5500,469.9479,26737597
2024-06-27,472.0000,477.1500,467.7000,472.8000,472.1950,20914870
2024-06-28,476.3000,479.6000,474.2500,475.2000,474.5919,34507960
2024-07-01,479.3000,482.2000,472.3000,478.5000,477.8877,20833173
2024-07-02,482.8500,490.2490,475.6000,484.7000,484.0798,28157656
2024-07-03,485.0000,487.5000,481.7000,482.6500,482.0324,40487574
2024-07-04,483.5000,490.3000,479.7500,490.3000,489.6726,20860189
2024-07-05,489.4000,493.2500,482.0000,482.2000,481.5830,68684950
2024-07-08,479.7000,479.9500,474.6500,474.6500,474.0426,33327293
2024-07-09,460.0000,463.7660,451.2500,454.2500,453.6688,94514575
2024-07-10,451.5000,458.5000,448.4000,454.6500,454.0682,59103197
2024-07-11,452.8000,457.4000,448.3000,451.8000,451.2219,27230410
2024-07-12,455.0000,460.1000,449.0500,453.5000,452.9197,24153584
2024-07-15,447.4500,456.2500,444.3000,449.4000,448.8250,22978638
2024-07-16,448.3000,452.1000,443.0000,446.6000,446.0286,23748366
2024-07-17,446.8000,454.4640,445.8600,452.7000,452.1207,21130713
2024-07-18,458.0000,462.9000,449.9500,459.0000,458.4127,24358024
2024-07-19,457.8000,467.3000,449.9500,457.3000,456.7149,23647860
2024-07-22,458.0000,459.5500,424.6300,457.8000,457.2142,32925599
2024-07-23,456.1500,457.7500,450.2000,450.6500,450.0734,64027598
2024-07-24,450.0500,521.3400,418.0000,453.0500,452.4702,24766718
2024-07-25,448.7500,453.9500,444.8500,453.5000,452.9197,18153449
2024-07-26,457.3500,460.0000,404.7400,454.5000,453.9184,19286977
2024-07-29,462.0500,464.9000,453.0000,453.0000,452.4204,30170740
2024-07-30,467.9500,467.9500,450.6000,451.6500,451.0721,28709940
2024-07-31,458.9500,463.4100,455.7000,458.8500,458.2628,55453062
2024-08-01,459.0000,464.4000,432.9300,453.9000,453.3192,20946819
2024-08-02,450.4000,457.2000,444.3500,444.8000,444.2308,38462239
2024-08-05,433.4500,521.3400,424.6300,431.0000,430.4485,80556024
2024-08-06,434.4000,435.7000,426.1000,430.7000,430.1489,64260354
2024-08-07,430.3500,438.9000,418.0000,437.2500,436.6905,53311556
2024-08-08,430.2000,445.6800,427.8500,431.2500,430.7578,20697887
2024-08-09,432.4500,434.9000,430.7000,433.7500,433.2549,34523577
2024-08-12,436.0000,441.3500,435.0000,439.6000,439.0982,16891334
2024-08-13,440.9500,441.2500,435.5500,437.0000,436.5012,36515280
2024-08-14,440.3000,441.4500,389.7700,437.0000,436.5012,17216347
2024-08-15,438.9000,445.2000,432.9300,443.4500,442.9439,24187011
2024-08-16,442.0000,446.6000,437.6000,441.2500,440.7463,22988743
2024-08-19,439.3500,443.8070,424.6300,442.0500,441.5454,20318176
2024-08-20,436.0000,439.8500,429.4000,429.8500,429.3594,32364821
2024-08-21,428.9500,437.1200,418.0000,430.4000,429.9087,24742499
2024-08-22,426.9000,445.6800,424.5000,426.2000,425.7136,41043486
2024-08-23,428.7500,430.8500,427.8810,429.3000,428.8100,33227687
2024-08-27,433.3000,437.6000,432.1000,432.1500,431.6567,30872762
2024-08-28,431.8500,433.5000,427.9500,431.5500,431.0574,16085937
2024-08-29,429.8000,436.3500,428.3500,434.7500,434.2538,26449293
2024-08-30,435.9000,438.2000,427.6500,429.4000,428.9099,53814676
2024-09-02,429.0500,431.3500,427.8000,430.2500,429.7589,12103622
2024-09-03,429.1500,430.0500,415.7500,416.3500,415.8748,43111786
2024-09-04,413.5000,419.1000,411.0500,413.8500,413.3776,36693626
2024-09-05,411.5500,415.3000,410.5950,411.7000,411.2301,46140205
2024-09-06,409.2500,412.1500,404.9430,405.7000,405.2369,31827157
2024-09-09,407.0500,409.0500,404.8500,406.6500,406.1859,33085523
2024-09-10,404.8500,407.7000,395.7500,397.4500,396.9964,37034637
2024-09-11,399.3500,404.6000,397.5000,398.2500,397.7954,36821119
2024-09-12,404.3500,406.9500,398.9000,403.0000,402.5400,31903145
2024-09-13,403.0000,406.4500,402.4000,404.2000,403.7386,24362540
2024-09-16,402.6000,410.0000,402.1000,406.1500,405.6864,25543399
2024-09-17,408.7000,411.7500,407.0500,410.4500,409.9815,29084397
2024-09-18,411.0000,412.4500,409.4000,410.3500,409.8817,46564123
2024-09-19,414.9500,420.2000,414.6380,417.4500,416.9735,37958785
2024-09-20,411.5500,415.2800,406.7500,409.5500,409.0825,92290197
2024-09-23,411.9500,413.9000,408.8400,411.7500,411.2801,20031081
2024-09-24,412.8000,416.7370,410.1500,410.1500,409.6819,75926000
2024-09-25,407.6000,409.8000,398.6810,400.2500,399.7932,71570657
2024-09-26,383.0000,387.0500,379.7000,383.8500,383.4119,116231175
2024-09-27,385.2000,390.6000,384.4500,388.1500,387.7070,94870761
2024-09-30,393.0000,395.4500,388.8500,391.7000,391.2529,35750230
2024-10-01,391.0000,402.7500,387.4000,401.0000,400.5423,47005085
2024-10-02,406.5000,413.6000,405.8500,406.6000,406.1359,49730594
2024-10-03,410.0000,411.1500,405.2500,409.0000,408.5332,63566854
2024-10-04,412.4000,418.1500,411.5500,416.8500,416.3742,32703997
2024-10-07,419.7000,426.0000,417.1000,422.1000,421.6182,30854016
2024-10-08,418.8500,419.1000,405.9000,406.4500,405.9861,41006876
2024-10-09,402.3000,408.1500,402.3000,406.4000,405.9361,25396232
2024-10-10,407.0000,413.5500,406.2940,410.8500,410.3810,25972269
2024-10-11,408.0000,412.0500,404.1000,409.4500,408.9827,29864221
2024-10-14,405.8500,410.0500,405.1500,408.4000,407.9339,29113517
2024-10-15,392.3000,396.6000,388.0000,392.5000,392.0520,58233839
2024-10-16,393.5000,399.3320,393.5000,395.4500,394.9986,84889024
2024-10-17,395.6500,401.7120,395.3500,400.0000,399.5434,33733273
2024-10-18,401.5500,406.3000,397.6000,399.6000,399.1439,30968082
2024-10-21,401.3500,408.3500,401.3500,404.8500,404.3879,27816924
2024-10-22,404.2000,407.8500,402.3500,406.4500,405.9861,27637025
2024-10-23,404.9500,407.5000,402.3000,402.7000,402.2403,24362222
2024-10-24,404.4500,410.8000,401.8000,401.8000,401.3414,58531657
2024-10-25,401.9500,406.9500,401.1500,404.9000,404.4379,24028000
2024-10-28,398.7000,400.1000,392.7500,399.1000,398.6445,35303917
2024-10-29,395.0000,397.7000,377.6500,379.2500,378.8171,62007775
2024-10-30,375.9500,380.5000,371.1000,374.0500,373.6230,106193039
2024-10-31,373.1500,378.3500,372.0000,376.6500,376.2201,44848773
2024-11-01,378.4500,386.0500,378.2000,378.2000,377.7684,74742153
2024-11-04,380.2500,386.1000,380.0500,382.0000,381.5640,27542215
2024-11-05,380.8000,386.2500,380.8000,385.1000,384.6605,25926595
2024-11-06,385.2000,393.4500,382.6240,386.5000,386.0589,47116382
2024-11-07,385.2500,388.0000,381.2710,381.5000,381.1266,76438610
2024-11-08,381.8000,382.6500,372.3500,373.3000,372.9347,36605259
2024-11-11,374.7500,377.4500,372.4000,373.0000,372.6349,22710044
2024-11-12,373.3000,374.8500,366.3000,367.3000,366.9406,40772606
2024-11-13,367.7500,370.4500,365.2000,370.0500,369.6878,43776178
2024-11-14,373.4500,381.5500,372.4000,379.2500,378.8789,34226590
2024-11-15,377.3500,386.0000,377.3000,382.7000,382.3255,31313356
2024-11-18,382.2500,389.2500,381.1000,387.1000,386.7212,38396152
2024-11-19,387.2500,389.5000,380.8000,382.8000,382.4254,29990253
2024-11-20,381.6000,384.1000,380.8000,381.5500,381.1766,28987219
2024-11-21,383.8500,390.0650,383.0000,388.6000,388.2197,31243080
2024-11-22,393.1500,394.9000,388.7000,392.7000,392.3157,36507407
2024-11-25,392.4500,397.5000,387.8500,387.8500,387.4705,55878231
2024-11-26,386.8500,388.7090,383.4000,383.4500,383.0747,36191208
2024-11-27,383.6000,385.3500,381.5000,384.1500,383.7740,45565981
2024-11-28,381.8000,385.4500,381.5500,385.4500,385.0728,15369425
2024-11-29,383.7500,385.8000,382.6500,384.6500,384.2736,20089503
2024-12-02,383.8500,394.1000,376.8000,380.6000,380.2276,21721770
2024-12-03,383.0500,390.6000,382.1820,387.6000,387.2207,38341720
2024-12-04,388.3500,391.2000,384.2000,384.3500,383.9739,26302667
2024-12-05,382.7000,384.1550,378.2500,379.2000,378.8289,23462098
2024-12-06,380.8000,384.2500,375.1500,377.7500,377.3803,49269965
2024-12-09,378.9000,397.5000,378.6420,393.8500,393.4646,41255190
2024-12-10,392.3000,396.7000,391.7190,395.5000,395.1129,27056028
2024-12-11,393.2000,396.5500,392.0000,394.0500,393.6644,32162289
2024-12-12,397.6000,399.8000,395.7000,397.0500,396.6614,23371766
2024-12-13,398.6000,398.9000,392.6000,395.9500,395.5626,54185785
2024-12-16,394.3500,396.1000,383.9500,385.1000,384.7231,55594578
2024-12-17,379.3500,383.1500,378.0000,380.1000,379.7280,44072222
2024-12-18,380.8000,387.5500,380.8000,383.4000,383.0248,53111191
2024-12-19,380.7000,385.3740,378.4500,379.0500,378.6790,53166712
2024-12-20,377.0000,380.0000,373.7500,379.0500,378.6790,89845670
2024-12-23,379.0500,381.0000,377.6000,380.7000,380.3274,15893791
2024-12-24,382.7000,383.7000,381.2500,381.2500,380.8769,13684120
2024-12-27,382.9000,387.1000,381.8500,385.4500,385.0728,15838283
2024-12-30,383.9000,387.5500,383.3000,386.7500,386.3715,16079192
2024-12-31,386.8000,393.0000,386.8000,393.0000,392.6154,8893052
2025-01-02,395.0000,404.0500,393.5500,403.1500,402.7554,26179116
2025-01-03,403.9500,411.3500,403.1000,407.9500,407.5507,28423669
2025-01-06,409.5000,415.7000,406.7360,414.0500,413.6448,30143079
2025-01-07,414.5500,422.0000,411.9000,422.0000,421.5870,42143206
2025-01-08,424.8500,426.1500,416.8500,420.4000,419.9886,37979014
2025-01-09,419.0000,426.2000,418.0500,422.7000,422.2863,23103305
2025-01-10,422.8500,434.7000,421.8000,425.1000,424.6840,40095354
2025-01-13,432.0500,433.9000,426.0000,431.2000,430.7780,46834170
2025-01-14,419.2000,424.5500,416.7000,420.2500,419.8387,104427143
2025-01-15,425.4500,426.4500,420.7000,423.0000,422.5860,48695344
2025-01-16,428.1500,432.8500,426.9000,428.8000,428.3803,35060269
2025-01-17,434.5000,439.1000,433.7250,434.3000,433.8750,40947844
2025-01-20,432.6500,435.2500,428.9500,429.7000,429.2795,41151712
2025-01-21,429.7000,431.5500,425.1000,426.8500,426.4323,36304387
2025-01-22,424.4500,429.5000,423.4500,426.2500,425.8329,27891024
2025-01-23,422.5500,427.3000,422.3500,423.7500,423.3353,25528694
2025-01-24,424.0500,425.7500,418.7000,419.8500,419.4391,46315438
2025-01-27,419.4500,422.4500,416.2500,416.9500,416.5419,39404680
2025-01-28,420.9500,423.3500,416.2500,418.3500,417.9406,36882689
2025-01-29,416.6000,419.1000,412.1500,416.4000,415.9924,51549072
2025-01-30,417.3000,423.0500,415.3000,421.5000,421.0875,28815750
2025-01-31,423.5000,426.0000,419.5000,422.5000,422.0865,52394739
2025-02-03,417.0000,427.0000,410.2000,420.0000,419.5890,47210612
2025-02-04,414.5500,422.5550,411.4000,422.2000,421.7868,46640495
2025-02-05,422.5000,427.2500,421.4000,423.9500,423.5351,50277715
2025-02-06,424.4500,436.0500,424.3500,429.0000,428.5801,36040516
2025-02-07,429.1000,435.5000,428.4500,433.2500,432.8260,79059373
2025-02-10,461.4000,468.9500,455.0000,465.1500,464.6948,104471976
2025-02-11,468.7000,469.8500,456.0000,462.2500,461.7976,50335807
2025-02-12,460.0000,472.2500,454.0500,468.7500,468.2913,24815171
2025-02-13,465.0000,469.0000,460.9000,463.9000,463.4460,43959044
2025-02-14,463.1500,469.8500,460.3000,467.8000,467.3422,49636369
2025-02-17,465.7000,466.0000,462.5000,462.7500,462.2971,11120120
2025-02-18,462.4500,466.8000,460.4500,462.4000,461.9475,23265012
2025-02-19,467.0000,469.7500,461.6000,463.3000,462.8466,31834480
2025-02-20,452.6000,454.1500,448.1500,452.0000,451.6179,62815077
2025-02-21,450.4000,452.0000,445.8000,447.5000,447.1216,86698966
2025-02-24,448.4000,450.3500,444.7000,446.5000,446.1225,29505331
2025-02-25,444.8000,449.4000,436.9000,436.9000,436.5306,59017141
2025-02-26,436.8500,443.0000,425.1000,430.9000,430.5357,69134691
2025-02-28,436.5500,439.8500,431.7000,437.3500,436.9803,68589964
2025-03-03,437.9000,441.1000,432.7500,432.7500,432.3841,101741803
2025-03-04,416.8500,420.0000,406.1000,408.0000,407.6551,117915456
2025-03-05,413.0500,416.2000,405.6500,408.2000,407.8549,44752858
2025-03-06,413.2500,413.5000,406.5000,409.1000,408.7542,65366412
2025-03-07,411.0000,415.8500,409.9000,413.4500,413.1005,43666529
2025-03-10,415.4000,422.4230,414.1500,418.4500,418.0963,46811623
2025-03-11,419.3500,422.1500,410.4000,411.7000,411.3520,39596852
2025-03-12,414.1500,416.9500,407.9000,416.9500,416.5975,40079176
2025-03-13,413.5000,420.5000,412.6000,417.8500,417.4967,30381819
2025-03-14,419.1000,429.1000,417.3000,429.0000,428.6373,51564755
2025-03-17,429.2500,433.2000,427.9000,431.8500,431.4849,42880741
2025-03-18,434.0000,441.3680,433.8870,437.8000,437.4299,33049836
2025-03-19,435.6500,443.4000,435.6500,442.3500,441.9760,39490699
2025-03-20,444.3500,448.5000,442.2030,448.5000,448.1208,53475526
2025-03-21,447.0000,450.0180,443.6500,450.0000,449.6196,129841217
2025-03-24,447.6000,449.0000,440.4170,440.8000,440.4273,28081446
2025-03-25,441.5500,449.5000,439.7000,441.9000,441.5264,82148900
2025-03-26,444.8000,450.1000,442.8500,447.0000,446.6221,30169898
2025-03-27,442.7000,446.6500,441.1500,446.0000,445.6230,55300657
2025-03-28,439.6500,442.7500,433.9500,435.5000,435.1318,40556610
2025-03-31,434.2500,438.4000,431.9000,436.1000,435.7313,43785191
2025-04-01,435.8500,437.6500,430.3500,433.0000,432.6339,25402881
2025-04-02,433.1500,439.0040,432.5500,433.1000,432.7338,34314699
2025-04-03,422.2000,424.7500,397.3000,400.4500,400.1115,57403350
2025-04-04,400.0500,400.2500,365.1000,370.7000,370.3867,69140272
2025-04-07,347.8500,368.2000,342.5000,348.9500,348.6550,77746410
2025-04-08,358.8000,364.6000,352.3000,354.2500,353.9505,52382300
2025-04-09,342.2000,344.6500,329.2000,332.9500,332.6685,109096037
2025-04-10,365.5000,369.2500,341.6000,341.6000,341.3112,46714392
2025-04-11,338.6000,340.7500,329.8000,331.7000,331.4196,80521952
2025-04-14,339.9500,350.2500,338.0000,341.2000,340.9115,60724929
2025-04-15,342.4000,351.1000,342.0000,346.7500,346.4568,37146060
2025-04-16,340.4000,355.9000,339.4800,354.2500,353.9505,42450199
2025-04-17,353.1000,360.8000,351.3500,359.4000,359.0962,57541666
2025-04-22,356.9500,360.3000,355.6500,358.9500,358.6465,61004040
2025-04-23,366.8500,379.7500,356.8500,357.7500,357.4475,107716696
2025-04-24,361.3000,365.4500,360.0000,362.2000,361.8938,43690936
2025-04-25,365.2500,367.2500,360.3500,364.4500,364.1419,49611980
2025-04-28,366.0000,367.9000,361.8500,362.0000,361.6940,23412809
2025-04-29,350.0000,355.6500,344.9980,353.2000,352.9014,46069812
2025-04-30,348.7000,352.6000,344.6000,350.3000,350.0038,63167054
2025-05-01,343.8000,350.0000,337.6500,350.0000,349.7041,28353933
2025-05-02,354.0500,358.0500,344.5850,350.3000,350.0038,77010895
2025-05-06,359.0500,363.0500,351.1000,355.1500,354.8497,68516653
2025-05-07,354.6000,355.1500,349.8500,350.8500,350.5534,41413782
2025-05-08,353.8000,356.6000,349.9000,355.5000,355.1994,46424062
2025-05-09,362.2500,373.2000,360.2500,372.3000,371.9853,71754912
2025-05-12,374.1000,386.3500,374.1000,380.6000,380.2783,53156865
2025-05-13,378.9000,384.2000,376.1500,382.7500,382.4264,59136448
2025-05-14,384.7500,385.5000,378.9000,381.0000,380.6779,19978916
2025-05-15,369.6000,370.5500,361.3500,368.2500,367.9957,147397335
2025-05-16,371.7000,374.0500,367.3500,372.8000,372.5425,63199859
2025-05-19,366.0000,371.0500,364.8500,365.5000,365.2476,31004504
2025-05-20,365.6500,368.1000,362.9000,365.7000,365.4474,42706803
2025-05-21,365.5000,366.3000,361.0500,362.2500,361.9998,39693317
2025-05-22,358.0500,361.5000,353.4500,356.8000,356.5536,33567788
2025-05-23,358.2500,360.5000,351.2000,356.2000,355.9540,68761148
2025-05-27,356.5500,364.0500,356.3500,360.0500,359.8013,25792649
2025-05-28,360.0500,362.1210,357.2500,358.2500,358.0026,20800349
2025-05-29,361.1000,363.9500,356.5500,358.0000,357.7527,100124387
2025-05-30,360.0000,362.3000,357.1500,359.7500,359.5015,70816140
2025-06-02,360.3000,365.6500,359.7500,363.1000,362.8492,57424797
2025-06-03,363.0000,365.6500,358.4500,365.4000,365.1476,43808164
2025-06-04,365.1500,365.1500,357.9000,358.5500,358.3023,39426523
2025-06-05,356.0500,361.4000,355.5500,357.9000,357.6528,31743541
2025-06-06,358.0500,361.4500,357.5000,361.4500,361.2003,43475081
2025-06-09,360.8500,363.7000,359.1500,362.2000,361.9499,57331584
2025-06-10,364.9000,374.1000,364.8320,373.8000,373.5418,40145605
2025-06-11,372.3500,378.0500,370.3500,373.6000,373.3419,80967448
2025-06-12,377.8500,382.2500,376.5500,380.7000,380.4370,31667426
2025-06-13,390.2500,395.6880,383.8500,386.3500,386.0832,55383616
2025-06-16,392.4000,394.4500,379.0500,382.7000,382.4357,49134940
2025-06-17,384.5500,391.3990,383.0000,389.0500,388.7813,28624075
2025-06-18,390.5000,392.5000,384.4500,386.5000,386.2331,33191048
2025-06-19,390.2000,394.6000,389.7500,392.9500,392.6786,20510885
2025-06-20,388.0000,391.4500,383.9500,384.7000,384.4343,86764409
2025-06-23,391.0000,393.3610,386.0000,386.4000,386.1331,27073210
2025-06-24,364.5000,371.3500,362.0000,367.9500,367.6959,129366562
2025-06-25,366.4000,394.4000,362.2500,364.4000,364.1483,53717578
2025-06-26,367.1000,370.7500,362.2000,369.1500,368.8950,34892096
2025-06-27,368.8000,371.6500,367.4000,370.4000,370.1442,25884475
2025-06-30,369.7000,370.8000,364.5500,365.7000,365.4474,31200259
2025-07-01,364.3000,369.1500,363.0000,368.2500,367.9957,23390766
2025-07-02,371.2500,383.9000,370.6500,379.4000,379.1379,41820614
2025-07-03,383.7500,383.7500,378.1500,378.7500,378.4884,22330639
2025-07-04,376.0500,379.9470,376.0500,379.2500,378.9881,13796592
2025-07-07,377.7500,379.0000,370.8500,371.7500,371.4932,21738133
2025-07-08,371.7000,384.6000,371.5500,383.7000,383.4350,33963249
2025-07-09,385.0000,388.9500,383.9500,384.5000,384.2345,31344969
2025-07-10,385.4500,390.8000,381.9000,388.7500,388.4815,24807720
2025-07-11,392.4500,403.5000,390.0000,402.0500,401.7723,45905506
2025-07-14,402.2500,403.3500,396.0000,397.2000,396.9257,34437153
2025-07-15,396.4000,399.8000,395.7500,397.8000,397.5252,60586915
2025-07-16,397.1000,402.2000,395.3000,396.0000,395.7265,40480091
2025-07-17,396.8000,398.3500,394.1500,397.2500,396.9756,18616386
2025-07-18,401.7500,406.1000,399.6500,399.9000,399.6238,33574405
2025-07-21,402.1000,403.4500,397.6250,400.9500,400.6731,75777242
2025-07-22,398.7500,404.9500,398.7000,402.7000,402.4218,50772910
2025-07-23,404.3500,408.3500,403.6000,404.5500,404.2706,28920350
2025-07-24,405.0000,407.8000,397.3000,397.7500,397.4753,26851726
2025-07-25,397.8000,400.6000,393.3000,397.8000,397.5252,51000737
2025-07-28,401.3000,407.4000,400.7500,406.6000,406.3192,19955995
2025-07-29,407.3500,409.9500,404.3000,405.6500,405.3698,21342212
2025-07-30,409.9500,411.7000,403.8000,405.3000,405.0201,21332138
2025-07-31,403.5500,408.2000,401.8000,404.7500,404.4705,22493257
2025-08-01,405.0000,406.9000,397.1500,398.7000,398.4247,16472706
2025-08-04,403.0500,408.7500,401.0500,406.0500,405.7695,72572085
2025-08-05,411.3500,419.3500,407.9500,417.4500,417.1617,50131497
2025-08-06,420.0000,433.6500,418.4000,430.3500,430.0528,42527695
2025-08-07,425.0500,430.7000,423.5000,425.7500,425.4560,46680063
2025-08-08,423.7500,425.8500,420.7000,423.2000,422.9077,45055968
2025-08-11,422.9000,426.5000,419.5500,423.5000,423.2075,14438974
2025-08-12,422.9500,425.6000,419.9500,424.0500,423.7571,24965275
2025-08-13,421.2500,422.1000,416.7500,418.3500,418.0611,26121859
2025-08-14,414.5000,415.9500,409.5000,414.0500,413.8253,34587274
2025-08-15,418.3000,423.1000,416.4000,421.4000,421.1713,31568974
2025-08-18,421.7000,422.8500,415.5500,419.4500,419.2224,35449902
2025-08-19,418.9500,422.0000,416.9000,420.5000,420.2718,14057912
2025-08-20,418.0500,421.2000,414.1500,418.9000,418.6726,25269959
2025-08-21,420.7000,422.0500,417.8500,419.5000,419.2724,11443606
2025-08-22,421.5000,427.2500,420.4500,423.4500,423.2202,17464270
2025-08-26,429.2000,429.9000,423.0000,424.3500,424.1197,36811362
2025-08-27,426.5500,432.5000,425.7500,429.0500,428.8171,22284850
2025-08-28,429.7500,432.0000,426.1000,429.1000,428.8671,20812352
2025-08-29,434.8000,437.5000,429.5600,432.1000,431.8655,25391010
2025-09-01,432.7500,433.7000,430.4000,431.0500,430.8161,10711713
2025-09-02,432.5000,435.9000,430.4000,434.2000,433.9644,25817829
2025-09-03,438.1000,439.8500,426.5000,427.3500,427.1181,28435122
2025-09-04,425.0000,427.6000,422.9000,426.9000,426.6683,17266479
2025-09-05,424.1000,426.8000,414.1000,415.6500,415.4244,23606597
2025-09-08,420.3500,423.0500,413.9500,417.5500,417.3234,16152813
2025-09-09,418.2000,426.5500,417.6000,422.9000,422.6705,18521788
2025-09-10,419.9500,425.8500,419.1000,423.7500,423.5200,19543015
2025-09-11,427.1500,430.7000,422.6500,424.9500,424.7194,15131375
2025-09-12,420.3000,426.1000,419.0500,420.5500,420.3217,25498496
2025-09-15,421.1000,423.6000,416.7000,419.0500,418.8226,104013174
2025-09-16,420.9500,421.8000,415.7500,421.8000,421.5711,22498521
2025-09-17,421.8000,422.0750,416.3600,419.0500,418.8226,17359648
2025-09-18,419.7500,426.2500,418.3000,425.6000,425.3690,22085919
2025-09-19,426.8500,427.5000,420.5080,420.5500,420.3217,56987459
2025-09-22,421.1500,425.3000,419.5500,424.5000,424.2696,16640447
2025-09-23,425.8000,434.6000,424.4000,431.8000,431.5656,24821995
2025-09-24,431.0000,439.4000,427.6000,438.3500,438.1121,25832606
2025-09-25,436.6500,440.7000,435.7000,440.1500,439.9111,15982764
2025-09-26,440.1500,446.1500,439.4000,445.5000,445.2582,21759064
2025-09-29,437.2000,443.5500,432.6000,434.6000,434.3642,21452484
2025-09-30,430.1000,432.5500,423.7000,425.7500,425.5190,30090159
2025-10-01,426.2000,431.2000,426.2000,427.7500,427.5179,33344723
2025-10-02,426.5000,428.9500,422.5000,422.5000,422.2708,21743652
2025-10-03,420.7500,427.1000,420.7500,423.7500,423.5200,19667945
2025-10-06,427.7500,434.4500,426.6600,432.8000,432.5651,25329234
2025-10-07,434.4500,436.8500,428.8500,431.6000,431.3658,27008645
2025-10-08,435.0000,436.3000,430.3000,432.2500,432.0154,24008022
2025-10-09,432.8000,437.4000,430.7500,432.6000,432.3652,16298538
2025-10-10,430.0000,432.3000,420.0000,420.5000,420.2718,21816120
2025-10-13,423.9500,425.6000,421.0000,422.0000,421.7710,23009060
2025-10-14,415.7000,418.1500,410.5000,416.3500,416.1241,37492258
2025-10-15,416.1500,419.7000,413.8500,415.9000,415.6743,27199747
2025-10-16,417.1500,419.8500,413.0500,413.0500,412.8258,20595890
2025-10-17,404.0500,411.7500,399.3500,411.0500,410.8269,29561888
2025-10-20,410.1500,416.8500,408.8500,410.4500,410.2272,27937503
2025-10-21,412.6000,416.3080,411.3500,413.8000,413.5754,34307966
2025-10-22,417.9500,422.5500,417.7500,421.4000,421.1713,51539011
2025-10-23,434.4500,438.3000,430.8000,436.9500,436.7129,34979207
2025-10-24,435.9000,437.9500,433.7500,434.9500,434.7140,45733512
2025-10-27,435.6500,436.1500,431.2500,436.0000,435.7634,17203212
2025-10-28,432.5000,437.2000,430.9000,433.7000,433.4647,21589356
2025-10-29,433.8500,442.1020,433.5000,441.5500,441.3104,23179189
2025-10-30,443.0000,448.2500,439.1500,447.8500,447.6070,33507216
2025-10-31,443.8500,446.2000,439.3700,442.3000,442.0600,22344887
2025-11-03,449.0000,451.3500,443.0000,447.4000,447.1572,23160235
2025-11-04,449.7000,456.8500,441.2970,453.1500,452.9041,53948718
2025-11-05,451.1000,462.4500,447.4500,461.3000,461.0496,49135185
2025-11-06,459.4500,460.4500,453.5500,458.7000,458.4510,22057131
2025-11-07,459.7000,462.5500,455.6500,458.7000,458.4510,18278453
2025-11-10,464.5000,465.0000,459.8900,464.1500,463.8981,18582406
2025-11-11,467.1500,476.2500,467.1470,476.1500,475.8916,61361094
2025-11-12,475.3000,475.3000,467.7500,467.8500,467.5961,18659885
2025-11-13,464.6500,464.6500,458.8500,460.0500,459.8616,21663321
2025-11-14,458.5500,464.4310,454.9500,460.8000,460.6113,19434034
2025-11-17,461.3500,465.5000,459.0000,463.6000,463.4102,56747827
2025-11-18,457.8000,460.8500,454.4500,458.5500,458.3622,22735461
2025-11-19,462.8000,463.3500,451.2000,455.6000,455.4135,30402217
2025-11-20,459.2000,463.0000,456.3000,458.2500,458.0623,22955844
2025-11-21,453.0000,454.0000,448.6000,453.3500,453.1644,24952732
2025-11-24,454.9500,455.0500,450.0500,453.8500,453.6642,45344747
2025-11-25,454.3000,456.7500,448.4500,449.5000,449.3159,50397396
2025-11-26,450.1000,454.4000,450.0000,452.7000,452.5146,19997907
2025-11-27,450.9000,451.9000,446.1000,447.0000,446.8170,33507623
2025-11-28,448.3000,454.8000,448.2500,454.2000,454.0141,21303329
2025-12-01,453.3000,461.5000,452.5500,457.5500,457.3626,19943597
2025-12-02,460.8500,461.8000,456.0500,457.9500,457.7625,18393841
2025-12-03,457.0000,464.0000,455.9000,464.0000,463.8100,20162063
2025-12-04,465.0000,466.2000,459.8500,465.0000,464.8096,36118113
2025-12-05,450.0000,457.4500,449.4500,452.8500,452.6646,26597588
2025-12-08,447.9000,454.9500,446.3000,450.4000,450.2156,100912735
2025-12-09,450.3000,451.0000,445.2000,446.2000,446.0173,41328236
2025-12-10,444.7500,446.9500,442.2500,443.2500,443.0685,37599908
2025-12-11,444.0000,446.0220,441.4500,442.0500,441.8690,27542814
2025-12-12,441.6000,444.0920,435.6500,439.2500,439.0702,18527794
2025-12-15,441.9000,443.4500,437.2850,437.4500,437.2709,25242861
2025-12-16,434.3500,436.1000,418.4000,422.5000,422.3270,84961396
2025-12-17,426.1500,434.1000,425.2000,425.5500,425.3757,46016356
2025-12-18,429.7500,431.8000,418.1900,420.4500,420.2779,45041243
2025-12-19,419.2500,424.8500,417.2500,424.8500,424.6761,88936638
2025-12-22,426.4000,428.7000,423.6500,427.6500,427.4749,33370321
2025-12-23,424.3000,428.3000,423.6000,427.5000,427.3250,35920233
2025-12-24,430.5000,433.8500,425.8500,425.8500,425.6757,31464892
2025-12-29,425.8000,427.9500,423.5000,427.0500,426.8752,18729341
2025-12-30,427.5500,431.5000,427.0500,430.9500,430.7736,14472720
2025-12-31,430.5500,432.8000,429.2320,432.8000,432.6228,5408801
2026-01-02,432.0000,441.6500,432.0000,437.9000,437.7207,47347821
2026-01-05,444.0000,444.2000,428.6000,435.2500,435.0718,40882598
2026-01-06,444.3500,445.4500,431.8000,431.8500,431.6732,39042836
2026-01-07,421.4500,422.3500,414.3000,418.2000,418.0288,49873816
2026-01-08,417.0000,418.4000,413.3000,415.6500,415.4798,50522706
2026-01-09,421.6500,427.9160,421.0000,425.6000,425.4258,31223132
2026-01-12,426.0000,429.4000,421.8000,426.6000,426.4254,36238818
2026-01-13,428.1500,437.2000,426.9000,436.9000,436.7211,28684632
2026-01-14,432.5000,443.5000,429.3500,443.5000,443.3184,36852121
2026-01-15,439.0000,440.2500,431.4000,437.9000,437.7207,45477937
2026-01-16,436.4500,443.3000,433.6000,440.2500,440.0698,27938000
2026-01-19,437.7000,439.9000,435.4500,437.7000,437.5208,12322378
2026-01-20,434.2000,439.6000,432.5000,437.6500,437.4708,99113779
2026-01-21,437.6500,446.8000,436.9000,445.2000,445.0177,24872347
2026-01-22,448.5500,449.0550,434.9500,436.8000,436.6211,29761515
2026-01-23,439.7500,449.2500,438.4500,443.6500,443.4684,29881332
2026-01-26,446.6500,450.4000,444.0000,444.8500,444.6678,62015631
2026-01-27,446.3500,452.5950,443.9210,452.0500,451.8649,34470918
2026-01-28,454.0000,459.7500,454.0000,456.0500,455.8633,24321801
2026-01-29,460.0000,468.8000,459.7500,462.6500,462.4606,36933512
2026-01-30,457.5500,464.5000,455.2000,463.8000,463.6101,33750425
2026-02-02,453.0000,463.0000,449.9000,461.8500,461.6609,34353545
2026-02-03,460.5000,466.5280,455.9500,466.5000,466.3090,39485696
2026-02-04,471.2500,481.3500,470.8000,477.7500,477.5544,37881461
2026-02-05,476.8500,480.3500,468.0000,469.1000,468.9079,33106078
2026-02-06,471.0000,480.4500,468.0490,478.0500,477.8543,30209011
2026-02-09,474.7500,479.2000,473.2000,477.6500,477.4544,47365254
2026-02-10,468.0000,469.5000,441.0500,448.3500,448.1664,88084535
2026-02-11,450.0000,472.9500,449.7000,472.7500,472.5564,55908986
2026-02-12,468.0000,472.1000,456.2500,458.0000,457.8125,49295015
2026-02-13,455.7500,461.0000,451.9500,461.0000,460.8112,35504292
2026-02-16,458.7500,467.2500,458.1500,465.7500,465.5593,11664763
2026-02-17,466.1000,473.3000,456.6500,460.4500,460.2615,27672681
2026-02-18,462.2500,472.2500,461.6000,469.5000,469.3078,47326712
2026-02-19,473.0000,484.1000,467.6500,479.0000,478.8674,50995586
2026-02-20,476.8500,478.0490,466.9500,467.6000,467.4706,31063360
2026-02-23,468.9000,479.0500,467.2000,474.1000,473.9688,26986508
2026-02-24,477.9000,478.3000,470.3000,471.2000,471.0695,40245866
2026-02-25,473.5500,474.5500,466.3000,470.2500,470.1198,89104997
2026-02-26,469.4000,475.1500,458.8500,474.3000,474.1687,60962652
2026-02-27,469.7000,482.5020,467.1000,477.6500,477.5178,50408190
2026-03-02,496.6500,497.4810,482.8500,487.8500,487.7149,86658590
2026-03-03,493.2000,497.3000,485.6000,493.0000,492.8635,106061852
2026-03-04,490.1000,490.7000,478.4000,481.2500,481.1168,42277455
2026-03-05,491.4500,493.5500,478.8500,491.9500,491.8138,39889177
2026-03-06,492.6500,504.8000,490.7000,498.9000,498.7619,69075210
2026-03-09,510.0000,515.0000,498.1500,510.0000,509.8588,75018721
2026-03-10,498.8000,504.5000,492.6500,499.5500,499.4117,142385718
2026-03-11,502.3000,514.0000,496.5000,514.0000,513.8577,88833012
2026-03-12,515.0000,530.4000,509.9000,529.2000,529.0535,71791645
2026-03-13,533.0000,539.5000,528.0000,534.3000,534.1520,52099209
2026-03-16,539.0000,546.0000,533.1980,540.3000,540.1504,49136340
2026-03-17,539.9000,553.4100,538.9000,551.9000,551.7472,56725527
2026-03-18,550.0000,559.8000,546.2000,555.8000,555.6461,68924237
2026-03-19,560.0000,583.6000,559.0000,583.2000,583.0386,94347792
2026-03-20,573.0000,573.0000,561.3000,562.3000,562.1443,128817197
2026-03-23,561.1000,565.7000,531.6000,538.6000,538.4509,88626635
2026-03-24,541.2000,558.6000,540.6000,557.5000,557.3456,64297418
2026-03-25,550.0000,567.1000,548.9000,565.4000,565.2435,53132142
2026-03-26,570.0000,583.1000,569.9240,583.1000,582.9385,64924269
2026-03-27,580.7000,584.1000,573.7000,584.1000,583.9382,94712590
2026-03-30,585.0000,602.0000,584.6000,602.0000,601.8333,68877881
2026-03-31,594.5000,609.4000,594.4000,606.3000,606.1321,58582069
2026-04-01,593.6000,600.9000,571.7000,576.0000,575.8405,88508663
2026-04-02,594.8000,605.0000,587.5000,591.2000,591.0363,79116151
2026-04-07,590.1000,600.5000,590.1000,597.5000,597.3345,42446666
2026-04-08,539.4000,568.4000,536.2000,562.7000,562.5442,107998580
2026-04-09,575.8000,585.8000,570.7000,580.5000,580.3393,35147288
2026-04-10,571.0000,579.4000,566.8000,574.1000,573.9410,30578931
2026-04-13,587.6000,589.0000,575.2000,579.2000,579.0397,23437511
2026-04-14,572.0000,580.7000,561.8000,565.1000,564.9435,39219034
2026-04-15,562.6000,568.3000,561.2000,562.1000,561.9443,40575265
2026-04-16,563.0000,584.0000,561.4000,584.0000,583.8383,31218921
2026-04-17,586.3000,587.1000,531.7000,541.0000,540.8502,70382255
2026-04-20,559.7000,562.0000,552.4000,556.9000,556.7458,27550370
2026-04-21,554.2000,564.1000,554.0000,563.4000,563.2441,46158503
2026-04-22,565.0000,576.4000,561.4000,572.4000,572.2416,39914676
2026-04-23,578.0000,578.7000,569.2000,570.3000,570.1421,31346202
2026-04-24,577.0000,580.5000,566.8000,571.8000,571.6417,22417593
2026-04-27,572.3000,580.5000,569.7000,572.4000,572.2416,22372886
2026-04-28,581.0000,592.0000,570.3000,578.8000,578.6397,52666962
2026-04-29,577.3000,581.4000,573.6000,575.9000,575.7406,50848078
2026-04-30,584.9000,585.9000,574.3000,583.8000,583.6384,61313121
2026-05-01,583.9000,585.8000,562.3000,571.9000,571.7417,65451640
2026-05-05,578.0000,580.6000,565.8000,572.6000,572.4415,39310734
2026-05-06,568.1000,569.7000,538.2000,551.3000,551.1473,64284553
2026-05-07,546.0000,547.5000,531.4000,537.5000,537.3512,32657041
2026-05-08,541.1000,542.9000,533.2000,535.6000,535.4517,32078266
2026-05-11,539.9000,547.5000,536.6000,539.0000,538.8508,42037420
2026-05-12,544.5000,553.3000,542.4000,546.6000,546.4486,39547144
2026-05-13,544.9000,552.1000,542.1000,544.1000,543.9493,47554640
2026-05-14,539.4000,543.0000,536.3000,540.7000,540.6118,13451290
2026-05-15,547.2000,552.2000,544.7000,552.2000,552.1099,81382738
2026-05-18,558.8000,567.1000,552.4000,567.1000,567.0074,30147616
2026-05-19,570.0000,573.2000,564.8000,569.0000,568.9072,46654816
2026-05-20,570.2000,575.7000,560.0000,563.7000,563.6080,43388713
2026-05-21,562.1000,570.7000,558.4000,565.2000,565.1078,19246016
2026-05-22,559.0000,561.4000,549.1350,551.2000,551.1100,26367014
2026-05-26,543.1000,549.3000,500.0000,529.0000,528.9137,83591125
2026-05-27,531.5000,533.1090,510.2000,514.6000,514.5160,85092480
2026-05-28,521.0000,521.5000,509.8600,515.0000,514.9160,36689621
2026-05-29,512.4000,521.8000,510.6000,521.8000,521.7148,112817061
2026-06-01,523.7000,541.0000,520.5000,535.9000,535.8126,64591987
2026-06-02,531.4000,538.0410,524.2000,536.6000,536.5124,35766841
2026-06-03,542.0000,548.2050,490.0000,545.5000,545.4109,22157882
2026-06-04,542.1000,544.7000,536.2000,544.7000,544.6111,23813738
2026-06-05,546.7000,548.0000,540.3000,546.0000,545.9109,28505406
2026-06-08,550.0000,557.4000,544.3000,546.3000,546.2108,29529860
2026-06-09,542.9000,543.9000,528.0000,529.3000,529.2136,39080065
2026-06-10,529.3000,540.5000,526.2000,540.5000,540.4118,24535790
2026-06-11,541.8000,552.5000,540.1000,545.3000,545.2110,23239377
2026-06-12,525.5000,535.5000,516.6000,534.5000,534.4128,27705304
2026-06-15,516.9000,518.8000,508.1000,517.0000,516.9156,33787353
2026-06-16,516.5000,520.0000,511.0000,513.4000,513.3162,20650681
2026-06-17,510.6000,512.3000,504.2000,504.8000,504.7176,40407216
2026-06-18,498.6500,500.3000,487.6600,490.0500,489.9700,39521406
2026-06-19,496.9000,503.8000,493.5500,503.8000,503.7178,76525478
2026-06-22,507.7000,507.7000,494.0000,500.2000,500.1184,24704612
2026-06-23,502.7000,503.4000,494.6000,498.6500,498.5686,21717413
2026-06-24,498.6500,498.6500,480.0500,480.0500,479.9716,39791246
2026-06-25,476.0500,481.8500,470.9000,480.8500,480.7715,45487023
2026-06-26,477.1000,477.8000,469.3720,469.4000,469.3234,56743395
2026-06-29,471.6000,474.7500,468.8000,472.7000,472.6229,35358236
2026-06-30,470.0500,472.1000,465.9000,467.1000,467.0238,52408932
2026-07-01,464.6000,465.3500,454.3500,455.6000,455.5257,59060049
2026-07-02,453.0000,467.6500,450.6000,464.4000,464.3242,38444117
2026-07-03,466.4000,468.2000,463.0500,467.1500,467.0738,13062296
2026-07-06,467.2000,470.1500,462.6500,467.8000,467.7236,30387533
2026-07-07,467.8000,479.6000,467.8000,474.5500,474.4725,43140596
2026-07-08,486.6500,494.9500,481.4500,491.3000,491.2198,47851752
2026-07-09,484.7500,486.0400,481.2500,481.8000,481.7213,31931821
2026-07-10,477.9500,484.4500,476.8000,482.6500,482.5712,25271645
2026-07-13,494.5000,505.0000,491.9000,505.0000,504.9176,64290062
2026-07-14,515.1000,521.5000,509.9000,516.5000,516.4157,43429784
2026-07-15,516.1000,518.6000,507.7000,507.7000,507.6172,23689135
2026-07-16,508.4000,512.4000,502.8000,510.2000,510.1168,42132644
2026-07-17,510.0000,520.9000,508.8000,517.1000,517.0156,26093078
2026-07-20,525.4000,527.3000,512.1000,521.9000,521.8149,41248602
2026-07-21,523.2000,530.8000,518.0000,529.3000,529.2136,29166117
2026-07-22,533.9000,542.0000,530.1000,539.3000,539.2120,28971893
2026-07-23,545.9000,556.6000,541.1310,555.9000,555.8093,38022612
2026-07-24,550.0000,554.0000,543.1000,548.4000,548.3105,43536954
2026-07-27,532.0000,538.6000,525.5000,534.3000,534.2128,76600229
2026-07-28,531.9000,535.0000,525.7000,525.7000,525.6142,31560913
2026-07-29,532.4000,545.6000,530.9000,543.5000,543.4113,30979815
2026-07-30,543.0000,546.7000,536.5000,542.9000,542.8114,33670531
2026-07-31,541.2000,554.0000,538.6000,552.5000,552.4099,37026346
2026-08-03,540.8000,552.1000,532.6000,552.1000,552.0099,76013966
2026-08-04,542.9000,562.9000,523.4000,525.0000,524.9143,70448049
2026-08-05,524.8000,534.0000,514.9000,514.9000,514.8160,64637231
2026-08-06,515.0000,521.9000,513.5000,519.7000,519.6152,22740329
2026-08-07,524.2000,526.8000,513.0000,517.2000,517.1156,129847104
2026-08-10,516.0000,526.9000,515.3000,524.6000,524.5143,21522465
2026-08-11,531.1000,535.9000,527.7000,535.9000,535.8126,40368587
2026-08-12,533.2000,535.5000,523.4000,530.7000,530.6134,23606418
2026-08-13,526.8000,528.2000,515.0000,522.4000,522.4000,76057190
2026-08-14,522.9000,525.9000,519.9000,522.9000,522.9000,110177446
2026-08-17,523.2000,524.5000,516.7000,519.6000,519.6000,34926951
2026-08-18,529.9000,536.4000,527.1000,533.5000,533.5000,62327202
2026-08-19,536.0000,541.0000,533.0000,539.3000,539.3000,31357858
2026-08-20,537.9000,554.5000,535.0000,552.2000,552.2000,29492156
2026-08-21,550.8000,555.7000,546.1000,549.5000,549.5000,54092424
2026-08-24,546.3000,547.8000,533.2000,533.7000,533.7000,24659159
2026-08-25,534.1000,537.3000,526.2000,528.6000,528.6000,21586077
2026-08-26,523.1000,523.7830,513.3000,522.7000,522.7000,66290672
2026-08-27,517.8000,524.6000,513.4000,515.4000,515.4000,31099680
2026-08-28,520.7000,521.8000,512.7000,514.5000,514.5000,65231451
2026-09-01,525.5000,544.3000,525.5000,541.3000,541.3000,92515934
2026-09-02,545.5000,549.8000,535.6000,542.5000,542.5000,31416097
2026-09-03,540.4000,546.4000,532.5000,539.7000,539.7000,21470234
2026-09-04,538.4000,544.2000,528.5000,539.7000,539.7000,43920382
