date,open,high,low,close,adj_close,volume
2000-01-03,17057.6992,17426.1602,17057.6992,17369.6309,17369.6309,0
2000-01-04,17303.0000,17303.0000,16933.5195,17072.8203,17072.8203,0
2000-01-05,16608.5508,16608.5508,15688.4902,15846.7197,15846.7197,0
2000-01-06,15942.0703,15971.0303,14763.9697,15153.2305,15153.2305,0
2000-01-07,15329.3398,15513.8896,15108.7500,15405.6299,15405.6299,0
2000-01-10,15631.0000,16065.0898,15631.0000,15848.1504,15848.1504,0
2000-01-11,15981.1299,16196.0898,15736.1699,15862.0996,15862.0996,0
2000-01-12,15691.7305,15744.0400,15545.6699,15714.2002,15714.2002,0
2000-01-13,15763.2598,15861.1699,15458.6299,15633.9600,15633.9600,0
2000-01-14,15741.5400,15863.4805,15322.1904,15542.2305,15542.2305,0
2000-01-17,15666.0596,15827.5098,15474.3896,15574.5596,15574.5596,0
2000-01-18,15575.6797,15801.0703,15508.0801,15789.2002,15789.2002,0
2000-01-19,15719.0400,15719.0400,15192.2803,15275.3398,15275.3398,0
2000-01-20,15347.7002,15347.7002,15078.0303,15215.3096,15215.3096,0
2000-01-21,15094.9004,15120.3604,14903.7002,15108.4102,15108.4102,0
2000-01-24,15233.7900,15413.7500,15020.1699,15167.5498,15167.5498,0
2000-01-25,15093.5303,15150.2197,14910.2900,15103.0400,15103.0400,0
2000-01-26,15164.7998,15452.7197,15164.7998,15427.7197,15427.7197,0
2000-01-27,15460.2100,15925.1797,15460.2100,15917.8096,15917.8096,0
2000-01-28,16052.0703,16315.7402,16023.3701,16185.9404,16185.9404,0
2000-01-31,15889.0498,15889.0498,15444.8203,15532.3398,15532.3398,0
2000-02-01,15600.2598,15764.4004,15580.4600,15653.8604,15653.8604,0
2000-02-02,15747.5596,15957.9199,15747.5596,15789.8203,15789.8203,0
2000-02-03,15795.5898,16010.0303,15702.8496,15968.1201,15968.1201,0
2000-02-08,16079.8896,16285.9297,15940.3096,16228.7305,16228.7305,0
2000-02-09,16456.8691,16967.9004,16456.8691,16819.4609,16819.4609,0
2000-02-10,16679.7891,16874.0898,16525.5605,16845.1699,16845.1699,0
2000-02-11,17024.3691,17653.6504,17024.3691,17380.3008,17380.3008,0
2000-02-14,17546.4707,17939.2695,17107.9004,17188.9609,17188.9609,0
2000-02-15,17257.3691,17296.9707,16548.7500,16688.1602,16688.1602,0
2000-02-16,16771.0996,17144.9492,16732.8105,17043.3906,17043.3906,0
2000-02-17,17075.9004,17229.1504,16770.1406,16981.2305,16981.2305,0
2000-02-18,16985.3008,17027.9492,16468.9492,16599.1602,16599.1602,0
2000-02-21,16412.6309,16477.0996,16136.5000,16322.3701,16322.3701,0
2000-02-22,16294.9404,16442.5801,15776.3496,16255.1699,16255.1699,0
2000-02-23,16313.9600,16523.6504,16297.1299,16376.7900,16376.7900,0
2000-02-24,16512.5703,17083.3008,16512.5703,17058.6602,17058.6602,0
2000-02-25,17279.5098,17414.4609,16905.4004,17200.9805,17200.9805,0
2000-02-28,17434.7207,17746.7695,16638.4609,16984.4395,16984.4395,0
2000-02-29,17140.2109,17290.0703,17021.7207,17169.4395,17169.4395,0
2000-03-01,17267.2695,17275.4395,16617.9492,16843.5898,16843.5898,0
2000-03-02,16996.0605,17118.4004,16769.5703,16936.8105,16936.8105,0
2000-03-03,16903.5508,17361.9199,16795.8008,17285.2402,17285.2402,0
2000-03-06,17500.9707,17855.2109,17500.9707,17758.7598,17758.7598,0
2000-03-07,17656.4707,17876.7793,17471.7402,17865.3594,17865.3594,0
2000-03-08,17687.5801,18058.9707,17323.7598,17951.4297,17951.4297,0
2000-03-09,18031.7793,18249.8594,17613.8008,17637.0293,17637.0293,0
2000-03-10,17727.9609,18001.5391,17574.0605,17831.8594,17831.8594,0
2000-03-13,17650.6191,17786.2793,16892.6504,17096.6797,17096.6797,0
2000-03-14,17125.9004,17220.2598,16837.0195,16929.1602,16929.1602,0
2000-03-15,16847.3008,16901.3105,16553.1699,16747.1992,16747.1992,0
2000-03-16,16775.2305,16826.2500,16315.0400,16359.0000,16359.0000,0
2000-03-17,16688.0391,17096.0000,16617.1797,17082.9902,17082.9902,0
2000-03-20,16878.8105,17325.1504,16708.7207,17234.4609,17234.4609,0
2000-03-21,17253.0391,17345.7109,16896.6992,17199.9805,17199.9805,0
2000-03-22,17418.9102,17560.6895,17274.5605,17547.0391,17547.0391,0
2000-03-23,17705.2598,17856.3594,17391.9707,17715.5801,17715.5801,0
2000-03-24,17768.0605,17879.3691,17577.7109,17784.5703,17784.5703,0
2000-03-27,17827.7109,18350.6094,17815.6797,18292.8594,18292.8594,0
2000-03-28,18272.8008,18397.5703,18188.2695,18301.6895,18301.6895,0
2000-03-29,18203.1309,18249.2695,17950.1992,18096.3691,18096.3691,0
2000-03-30,18011.1406,18038.4707,17456.5605,17467.1504,17467.1504,0
2000-03-31,17383.6309,17537.1309,17107.4395,17406.5391,17406.5391,0
2000-04-03,17444.4805,17458.0605,16872.8203,16892.9297,16892.9297,0
2000-04-05,16599.0703,16736.2207,16246.5303,16318.4404,16318.4404,0
2000-04-06,16416.4805,16528.5801,16283.2002,16491.3906,16491.3906,0
2000-04-07,16657.8398,16992.5293,16657.8398,16941.6797,16941.6797,0
2000-04-10,17038.2207,17083.2695,16676.0703,16850.7402,16850.7402,0
2000-04-11,16683.4004,16683.4004,16422.2695,16487.6602,16487.6602,0
2000-04-12,16391.1191,16762.8594,16267.7197,16577.0898,16577.0898,0
2000-04-13,16345.2598,16470.3809,16043.8496,16352.5596,16352.5596,0
2000-04-14,16254.2598,16270.7695,15906.2900,16142.7598,16142.7598,0
2000-04-17,15306.0498,15306.0498,14624.3301,14762.3701,14762.3701,0
2000-04-18,15158.1504,15409.6699,15158.1504,15278.3203,15278.3203,0
2000-04-19,15558.5195,15667.1602,15338.0996,15427.2002,15427.2002,0
2000-04-20,15425.8203,15453.6504,15213.0195,15367.1396,15367.1396,0
2000-04-25,15335.8896,15531.2100,15212.9199,15380.0098,15380.0098,0
2000-04-26,15581.4502,15629.5195,15140.3496,15227.3896,15227.3896,0
2000-04-27,15225.1699,15253.5195,15068.6602,15192.8701,15192.8701,0
2000-04-28,15291.0596,15541.3701,15291.0596,15519.2998,15519.2998,0
2000-05-02,15751.0303,15912.2695,15654.4199,15817.7598,15817.7598,0
2000-05-03,15695.0898,15695.0898,15511.7402,15577.4697,15577.4697,0
2000-05-04,15438.9600,15438.9600,15171.1104,15314.0703,15314.0703,0
2000-05-05,15298.5703,15328.9805,15173.2002,15268.6396,15268.6396,0
2000-05-08,15337.6602,15443.3301,14827.3604,14901.0000,14901.0000,0
2000-05-09,14854.6396,14854.6396,14644.6104,14776.9004,14776.9004,0
2000-05-10,14652.6602,14681.0596,14380.7803,14492.9199,14492.9199,0
2000-05-12,14438.6699,15168.4805,14288.3301,15111.9404,15111.9404,0
2000-05-15,15117.7500,15165.6904,14835.7998,14881.2998,14881.2998,0
2000-05-16,14961.5195,15184.3301,14806.2598,15160.2900,15160.2900,0
2000-05-17,15293.2598,15293.2598,14721.4004,14827.8096,14827.8096,0
2000-05-18,14688.7402,14688.7402,14210.4902,14322.5996,14322.5996,0
2000-05-19,14338.7500,14699.4199,14166.3604,14478.2598,14478.2598,0
2000-05-22,14278.5098,14278.5098,13981.4404,14140.7305,14140.7305,0
2000-05-23,14117.1299,14311.7002,13980.9404,14257.1797,14257.1797,0
2000-05-24,14115.5400,14115.5400,13878.6299,13933.9805,13933.9805,0
2000-05-25,14082.0498,14250.7100,13852.8604,13921.0596,13921.0596,0
2000-05-26,13845.4404,13845.4404,13596.6299,13722.7002,13722.7002,0
2000-05-29,13735.0703,14024.1504,13606.1904,13975.0703,13975.0703,0
2000-05-30,14044.0400,14181.4902,13734.5996,13990.9004,13990.9004,0
2000-05-31,14438.3896,14913.2500,14438.3896,14713.8604,14713.8604,0
2000-06-01,14652.9004,15002.5303,14652.9004,14941.1904,14941.1904,0
2000-06-02,15165.5801,15344.1299,15142.9502,15284.0996,15284.0996,0
2000-06-05,15643.7900,15971.2402,15643.7900,15861.6797,15861.6797,0
2000-06-07,15782.8701,16033.8701,15668.1201,15900.0596,15900.0596,0
2000-06-08,15912.2100,15980.9404,15786.3604,15876.9297,15876.9297,0
2000-06-09,15841.1904,16154.7998,15723.3301,16120.2598,16120.2598,0
2000-06-12,16125.7500,16250.6396,16047.5195,16055.0498,16055.0498,0
2000-06-13,15947.8701,15947.8701,15657.8203,15692.9404,15692.9404,0
2000-06-14,15761.4297,15887.7803,15621.2998,15857.0703,15857.0703,0
2000-06-15,15941.8203,16222.5098,15894.7002,16080.3398,16080.3398,0
2000-06-16,16088.7402,16483.9102,16002.2803,16434.3809,16434.3809,0
2000-06-19,16332.6904,16364.2100,16168.7900,16267.4697,16267.4697,0
2000-06-20,16467.1406,16525.0195,15968.6602,16086.7402,16086.7402,0
2000-06-21,16071.1904,16338.9102,15935.5303,16238.1396,16238.1396,0
2000-06-22,16227.4697,16266.4600,15860.9697,15952.3604,15952.3604,0
2000-06-23,15827.2803,15904.3896,15667.3496,15738.0801,15738.0801,0
2000-06-26,15726.1201,16048.6904,15644.6104,15978.9102,15978.9102,0
2000-06-27,16147.1396,16274.2305,16031.5801,16155.7695,16155.7695,0
2000-06-28,16202.1602,16511.2402,16132.5303,16438.4199,16438.4199,0
2000-06-29,16474.4004,16534.4805,16226.5596,16286.7998,16286.7998,0
2000-06-30,16142.3496,16310.0498,16015.5195,16155.7803,16155.7803,0
2000-07-03,16177.0596,16179.9004,15928.9199,16124.9697,16124.9697,0
2000-07-04,16131.7695,16242.2998,16086.2598,16235.7598,16235.7598,0
2000-07-05,16275.3301,16540.6406,16275.3301,16474.2695,16474.2695,0
2000-07-06,16396.0801,16681.3398,16365.6602,16489.5898,16489.5898,0
2000-07-07,16631.8594,16861.5801,16565.3906,16829.9609,16829.9609,0
2000-07-10,17024.4609,17274.0195,17024.4609,17238.6699,17238.6699,0
2000-07-11,17259.9492,17380.5898,17126.4492,17359.6602,17359.6602,0
2000-07-12,17466.9805,17667.4902,17451.6191,17552.2598,17552.2598,0
2000-07-13,17808.6992,17834.9492,17413.2695,17449.5000,17449.5000,0
2000-07-14,17508.6191,17643.8105,17372.6309,17586.1602,17586.1602,0
2000-07-17,17736.6191,17913.4805,17729.9902,17834.7793,17834.7793,0
2000-07-18,17766.4609,17766.4609,17404.0508,17440.8301,17440.8301,0
2000-07-19,17462.1191,17730.5703,17388.6309,17710.0703,17710.0703,0
2000-07-20,17702.6895,17818.5605,17518.6895,17758.5098,17758.5098,0
2000-07-21,18022.8105,18125.5703,17765.4902,17920.8594,17920.8594,0
2000-07-24,17866.2793,18028.6504,17638.5508,17659.6895,17659.6895,0
2000-07-25,17574.3203,17574.3203,17306.8906,17375.3398,17375.3398,0
2000-07-26,17476.4199,17730.0898,17476.4199,17620.2305,17620.2305,0
2000-07-27,17442.1094,17463.2891,17285.8691,17450.0898,17450.0898,0
2000-07-28,17429.7305,17429.7305,16994.3691,17183.9297,17183.9297,0
2000-07-31,16977.6992,16981.8301,16729.9805,16840.9805,16840.9805,0
2000-08-01,17014.4395,17133.0898,16787.4609,16897.4492,16897.4492,0
2000-08-02,16899.2207,17322.1992,16866.1504,17277.3906,17277.3906,0
2000-08-03,17272.4395,17379.6602,17171.8398,17274.2793,17274.2793,0
2000-08-04,17330.5898,17555.1992,17330.5898,17425.6992,17425.6992,0
2000-08-07,17538.8105,17761.9492,17538.8105,17727.2500,17727.2500,0
2000-08-08,17728.4102,17759.5898,17179.7500,17211.8398,17211.8398,0
2000-08-09,17306.1895,17446.6699,16951.0391,17181.9902,17181.9902,0
2000-08-10,17234.5801,17417.8906,17149.6895,17333.2109,17333.2109,0
2000-08-11,17363.6094,17363.6094,17144.6602,17214.4199,17214.4199,0
2000-08-14,17245.3398,17296.1992,16945.4395,16998.0605,16998.0605,0
2000-08-15,17029.7207,17536.4199,17029.7207,17463.5293,17463.5293,0
2000-08-16,17440.4297,17794.3203,17408.1797,17734.1504,17734.1504,0
2000-08-17,17710.4297,17784.6504,17560.2402,17622.0098,17622.0098,0
2000-08-18,17698.3594,17717.7695,17359.0098,17440.0000,17440.0000,0
2000-08-21,17432.4199,17596.3105,17334.9297,17501.4805,17501.4805,0
2000-08-22,17568.1094,17724.8203,17481.6406,17668.2793,17668.2793,0
2000-08-23,17709.0801,17785.0801,17386.8691,17427.4004,17427.4004,0
2000-08-24,17463.3301,17548.5293,17331.6992,17439.6992,17439.6992,0
2000-08-25,17348.1191,17441.3008,17058.3398,17236.7402,17236.7402,0
2000-08-28,17220.7891,17265.7793,17015.0195,17019.7598,17019.7598,0
2000-08-29,17062.0098,17390.4805,17062.0098,17240.1094,17240.1094,0
2000-08-30,17211.3496,17302.6309,16929.6406,17095.8809,17095.8809,0
2000-08-31,17070.6309,17263.0098,16957.2305,17097.5098,17097.5098,0
2000-09-01,17210.3301,17391.0098,17210.3301,17333.6094,17333.6094,0
2000-09-04,17421.3398,17787.5996,17421.3398,17726.1699,17726.1699,0
2000-09-05,17753.5000,17803.1992,17556.0508,17595.2207,17595.2207,0
2000-09-06,17586.2305,17735.0996,17525.1094,17605.2305,17605.2305,0
2000-09-07,17557.0293,17609.3203,17418.0996,17431.9492,17431.9492,0
2000-09-08,17441.2598,17512.3105,17228.5195,17275.4492,17275.4492,0
2000-09-11,17199.2793,17199.2793,16924.7305,17007.9805,17007.9805,0
2000-09-12,16941.5293,16941.5293,16541.6895,16629.7793,16629.7793,0
2000-09-14,16542.9199,16623.0996,16322.5801,16395.4297,16395.4297,0
2000-09-15,16381.7002,16510.6797,16195.6904,16249.5303,16249.5303,0
2000-09-18,16010.6904,16010.6904,15525.4600,15560.1602,15560.1602,0
2000-09-19,15353.8203,15764.8398,15091.4102,15677.2002,15677.2002,0
2000-09-20,15757.6396,15874.6299,15572.5801,15665.6201,15665.6201,0
2000-09-21,15444.6797,15447.9199,15092.4902,15164.4502,15164.4502,0
2000-09-22,14966.7695,14966.7695,14538.8799,14612.8799,14612.8799,0
2000-09-25,14894.0898,15448.9902,14894.0898,15428.9502,15428.9502,0
2000-09-26,15304.6797,15426.3203,15152.8701,15290.8496,15290.8496,0
2000-09-27,15074.3096,15489.2998,14978.5898,15444.1299,15444.1299,0
2000-09-28,15464.5596,15660.4697,15328.0195,15415.7500,15415.7500,0
2000-09-29,15632.9902,15772.5596,15574.7900,15648.9805,15648.9805,0
2000-10-03,15586.0303,15728.4199,15469.3896,15725.9600,15725.9600,0
2000-10-04,15670.5303,15917.5703,15582.8398,15878.8896,15878.8896,0
2000-10-05,16054.5801,16245.6104,16014.9199,16184.6797,16184.6797,0
2000-10-09,16046.8799,16057.4004,15668.5000,15693.5000,15693.5000,0
2000-10-10,15739.3896,15739.3896,15434.7402,15554.1104,15554.1104,0
2000-10-11,15376.6201,15376.6201,15073.9502,15127.0000,15127.0000,0
2000-10-12,15071.9199,15244.6504,14883.3203,15074.7998,15074.7998,0
2000-10-13,14679.9902,14786.0400,14494.3799,14680.5000,14680.5000,0
2000-10-16,15185.6797,15284.6504,14956.8799,14973.4004,14973.4004,0
2000-10-17,15081.7598,15134.5303,14794.8096,14873.4297,14873.4297,0
2000-10-18,14751.9404,14751.9404,14356.0596,14458.5195,14458.5195,0
2000-10-19,14352.4199,14422.5195,14107.7402,14422.5195,14422.5195,0
2000-10-20,14822.4297,15105.4502,14822.4297,15044.5303,15044.5303,0
2000-10-23,15038.2500,15161.0303,14864.8301,15102.3604,15102.3604,0
2000-10-24,15125.8301,15209.3398,14885.6504,14925.9297,14925.9297,0
2000-10-25,14987.3604,15152.5801,14980.0400,15061.1396,15061.1396,0
2000-10-26,14904.2900,15166.2197,14764.5000,14996.2402,14996.2402,0
2000-10-27,15065.0898,15182.6299,14820.9902,14902.4600,14902.4600,0
2000-10-30,14936.1904,14958.9697,14763.6797,14799.9004,14799.9004,0
2000-10-31,14791.4199,15090.5996,14729.2100,14895.3398,14895.3398,0
2000-11-01,14943.4297,15387.0801,14942.6104,15349.0098,15349.0098,0
2000-11-02,15292.5898,15524.0303,15223.9902,15291.5400,15291.5400,0
2000-11-03,15486.4102,15693.0303,15449.1201,15594.1201,15594.1201,0
2000-11-06,15625.4297,15779.7305,15593.0400,15671.1504,15671.1504,0
2000-11-07,15691.7598,15837.6201,15531.2998,15820.7900,15820.7900,0
2000-11-08,15779.5703,16023.4102,15631.1396,15654.1299,15654.1299,0
2000-11-09,15473.5801,15623.7803,15404.5801,15504.7998,15504.7998,0
2000-11-10,15458.4199,15544.8301,15324.1299,15389.3896,15389.3896,0
2000-11-13,15078.7500,15078.7500,14802.4805,14815.6904,14815.6904,0
2000-11-14,14827.2002,15186.2598,14825.9902,15177.5195,15177.5195,0
2000-11-15,15368.8496,15473.7598,15084.6602,15127.4004,15127.4004,0
2000-11-16,15132.5703,15319.2100,15087.4805,15298.3496,15298.3496,0
2000-11-17,15192.6299,15218.0195,15057.4199,15180.8496,15180.8496,0
2000-11-20,15154.0400,15379.3896,15140.0098,15346.6602,15346.6602,0
2000-11-21,15185.9004,15212.7998,15013.8203,15188.2998,15188.2998,0
2000-11-22,15168.8096,15246.6104,14730.4297,14772.5098,14772.5098,0
2000-11-23,14416.6797,14579.9004,14257.5400,14563.5098,14563.5098,0
2000-11-24,14585.1904,14647.6104,14353.9805,14376.9004,14376.9004,0
2000-11-27,14491.3701,14669.2500,14354.6201,14602.7598,14602.7598,0
2000-11-28,14550.2803,14691.0703,14492.5898,14566.2197,14566.2197,0
2000-11-29,14336.8301,14353.9199,14133.8496,14169.0596,14169.0596,0
2000-11-30,14130.4805,14289.1201,13894.1904,13984.3896,13984.3896,0
2000-12-01,14026.2100,14522.3896,13920.1104,14441.4297,14441.4297,0
2000-12-04,14470.4902,14632.0703,14403.3799,14559.2402,14559.2402,0
2000-12-05,14602.2500,14701.9805,14507.5000,14573.2100,14573.2100,0
2000-12-06,14914.5400,15178.2695,14914.5400,15098.9502,15098.9502,0
2000-12-07,14982.9199,15032.2695,14839.3799,15011.5195,15011.5195,0
2000-12-08,15008.7998,15281.8096,14968.6396,15189.3301,15189.3301,0
2000-12-11,15274.0703,15438.8896,15193.4902,15408.5400,15408.5400,0
2000-12-12,15498.4502,15548.2598,15319.8398,15329.5996,15329.5996,0
2000-12-13,14986.0801,15637.7803,14986.0801,15621.7305,15621.7305,0
2000-12-14,15543.8496,15597.6299,15441.5801,15496.9902,15496.9902,0
2000-12-15,15290.5996,15290.5996,14914.0498,14975.5303,14975.5303,0
2000-12-18,14901.4297,15039.4600,14766.8496,15024.5303,15024.5303,0
2000-12-19,15074.3604,15192.2197,15014.7695,15188.0400,15188.0400,0
2000-12-20,15048.5098,15048.5098,14839.4902,14930.7197,14930.7197,0
2000-12-21,14775.9697,14775.9697,14476.7900,14659.3203,14659.3203,0
2000-12-22,14730.5098,14851.8604,14707.7500,14738.2100,14738.2100,0
2000-12-27,14811.9502,14941.2305,14727.4502,14748.3604,14748.3604,0
2000-12-28,14785.1504,14900.1396,14737.9502,14796.5498,14796.5498,0
2000-12-29,14864.0400,15154.9199,14785.0098,15095.5303,15095.5303,0
2001-01-02,15089.8496,15089.8496,14865.6602,14869.9404,14869.9404,0
2001-01-03,14751.3301,14751.3301,14512.7100,14589.5801,14589.5801,0
2001-01-04,15060.5996,15312.6104,15060.5996,15235.0303,15235.0303,0
2001-01-05,15354.1602,15494.5596,15275.9004,15447.6104,15447.6104,0
2001-01-08,15328.1201,15451.7197,15200.5195,15436.5303,15436.5303,0
2001-01-09,15438.2998,15555.9697,15336.6201,15500.5898,15500.5898,0
2001-01-10,15395.9697,15539.2998,15327.7002,15435.7900,15435.7900,0
2001-01-11,15441.2998,15481.7598,15060.8096,15090.7695,15090.7695,0
2001-01-12,15157.3701,15330.1504,15157.3701,15295.4199,15295.4199,0
2001-01-15,15288.8096,15388.0195,15146.6504,15293.7598,15293.7598,0
2001-01-16,15290.7002,15430.9502,15241.9004,15363.1504,15363.1504,0
2001-01-17,15409.3799,15451.3896,15154.0195,15261.4805,15261.4805,0
2001-01-18,15292.8398,15553.5098,15292.8398,15528.7500,15528.7500,0
2001-01-19,15682.3496,15964.9297,15682.3496,15933.5498,15933.5498,0
2001-01-22,15967.6602,16106.1602,15906.5801,16099.2695,16099.2695,0
2001-01-23,16053.2197,16099.0596,15940.2598,16044.2100,16044.2100,0
2001-01-29,16176.0996,16255.1104,15980.5098,16099.8203,16099.8203,0
2001-01-30,16145.2803,16167.9502,15877.2305,15893.0703,15893.0703,0
2001-01-31,15916.4199,16106.7100,15905.5098,16102.3496,16102.3496,0
2001-02-01,16055.6396,16193.1699,15913.0703,16163.9902,16163.9902,0
2001-02-02,16165.4297,16274.6699,16056.2002,16071.2900,16071.2900,0
2001-02-05,16013.4600,16013.4600,15753.9697,15830.8398,15830.8398,0
2001-02-06,15864.4697,15936.4805,15819.6396,15913.2402,15913.2402,0
2001-02-07,15909.0195,16060.3203,15871.3799,16049.4697,16049.4697,0
2001-02-08,15987.5703,15987.5703,15794.4404,15909.4004,15909.4004,0
2001-02-09,15882.9297,15899.2402,15782.8799,15873.2803,15873.2803,0
2001-02-12,15807.6396,15807.6396,15586.4600,15693.1104,15693.1104,0
2001-02-13,15801.6904,15915.0596,15792.7598,15842.7197,15842.7197,0
2001-02-14,15821.7900,16021.2197,15750.9600,15860.4199,15860.4199,0
2001-02-15,15865.4697,15870.9805,15714.7695,15756.3701,15756.3701,0
2001-02-16,15777.4004,15813.1504,15544.6201,15630.3096,15630.3096,0
2001-02-19,15552.9404,15573.7402,15458.4297,15490.9600,15490.9600,0
2001-02-20,15499.0195,15613.4404,15437.5098,15527.3604,15527.3604,0
2001-02-21,15484.3496,15484.3496,15298.7500,15351.5098,15351.5098,0
2001-02-22,15202.1602,15202.1602,15039.0801,15098.6396,15098.6396,0
2001-02-23,15135.2998,15302.7002,15042.8096,15280.5596,15280.5596,0
2001-02-26,15278.1504,15304.6602,15177.7998,15230.2197,15230.2197,0
2001-02-27,14933.5898,15059.1699,14771.0898,14834.7305,14834.7305,0
2001-02-28,14702.9600,14842.6904,14573.5400,14787.8701,14787.8701,0
2001-03-01,14696.4697,14696.4697,14330.5703,14360.5596,14360.5596,0
2001-03-02,14285.2998,14285.2998,13951.4297,13966.4297,13966.4297,0
2001-03-05,14011.2998,14200.9004,13908.0703,14135.2598,14135.2598,0
2001-03-06,14229.1699,14346.6904,14165.6602,14321.0498,14321.0498,0
2001-03-07,14369.5000,14432.2197,14141.4102,14177.3604,14177.3604,0
2001-03-08,14177.8604,14247.1699,13966.9697,14208.9502,14208.9502,0
2001-03-09,14216.9902,14288.5801,14148.7305,14194.3496,14194.3496,0
2001-03-12,13969.0498,13969.0498,13671.9902,13776.7197,13776.7197,0
2001-03-13,13419.9199,13517.0801,13277.5195,13493.0303,13493.0303,0
2001-03-14,13485.7500,13616.6797,13306.9404,13330.8398,13330.8398,0
2001-03-15,13056.9297,13553.2197,12947.5898,13504.1699,13504.1699,0
2001-03-16,13506.7305,13560.3096,13321.0801,13522.0400,13522.0400,0
2001-03-19,13383.8096,13537.7500,13308.4102,13457.6904,13457.6904,0
2001-03-20,13516.8496,13565.9697,13200.5498,13223.8604,13223.8604,0
2001-03-21,13160.3701,13243.6504,12866.4004,13154.4404,13154.4404,0
2001-03-22,12992.2900,12992.2900,12585.7695,12621.8496,12621.8496,0
2001-03-23,12570.4502,12705.1201,12396.9697,12583.3604,12583.3604,0
2001-03-26,12678.9004,12991.8799,12678.9004,12950.4902,12950.4902,0
2001-03-27,12959.5400,13056.3203,12662.5703,12707.9004,12707.9004,0
2001-03-28,12824.2197,13015.7305,12779.3398,12851.4102,12851.4102,0
2001-03-29,12729.7900,12768.6699,12523.6104,12677.8896,12677.8896,0
2001-03-30,12689.1104,12802.5195,12578.3604,12760.6396,12760.6396,0
2001-04-02,12750.3096,12843.9004,12634.2803,12727.2998,12727.2998,0
2001-04-03,12688.2197,12688.2197,12532.5303,12584.2197,12584.2197,0
2001-04-04,12427.7900,12427.7900,12062.8398,12063.7100,12063.7100,0
2001-04-06,12446.2402,12606.1504,12374.5303,12386.6104,12386.6104,0
2001-04-09,12355.6104,12355.6104,12061.5498,12202.0996,12202.0996,0
2001-04-10,12263.5898,12321.5098,12110.0000,12213.6699,12213.6699,0
2001-04-11,12429.8799,12728.5996,12429.8799,12706.4297,12706.4297,0
2001-04-12,12778.6602,13018.5703,12769.2500,12989.4697,12989.4697,0
2001-04-17,12881.5195,12881.5195,12597.3604,12606.4502,12606.4502,0
2001-04-18,12761.4102,12988.1504,12761.4102,12972.7998,12972.7998,0
2001-04-19,13446.0596,13621.7998,13425.5596,13548.9502,13548.9502,0
2001-04-20,13570.6904,13570.6904,13412.2900,13448.1299,13448.1299,0
2001-04-23,13444.4102,13444.4102,13282.9600,13311.5000,13311.5000,0
2001-04-24,13250.8896,13279.3301,13157.4004,13274.6104,13274.6104,0
2001-04-25,13275.5898,13346.2002,13139.0898,13249.5498,13249.5498,0
2001-04-26,13324.5498,13408.7002,13237.1797,13293.1104,13293.1104,0
2001-04-27,13282.3398,13391.4697,13125.3604,13386.0400,13386.0400,0
2001-05-02,13596.2695,13841.4102,13596.2695,13814.2402,13814.2402,0
2001-05-03,13768.5703,13844.3604,13646.2197,13718.1396,13718.1396,0
2001-05-04,13599.4697,13599.4697,13319.3896,13390.9902,13390.9902,0
2001-05-07,13464.3398,13652.1504,13437.0195,13600.7803,13600.7803,0
2001-05-08,13599.6299,13599.6299,13445.9805,13540.8096,13540.8096,0
2001-05-09,13527.0000,13643.4902,13408.9902,13585.1396,13585.1396,0
2001-05-10,13540.8701,13726.4502,13462.2402,13604.7998,13604.7998,0
2001-05-11,13602.1504,13689.6797,13579.2100,13636.6104,13636.6104,0
2001-05-14,13608.8398,13608.8398,13239.1504,13259.1699,13259.1699,0
2001-05-15,13232.7598,13350.5898,13209.5498,13250.0898,13250.0898,0
2001-05-16,13257.7695,13566.3799,13228.9199,13335.9502,13335.9502,0
2001-05-17,13550.7803,13713.0596,13550.7803,13637.8701,13637.8701,0
2001-05-18,13631.4004,13631.4004,13449.0400,13459.1797,13459.1797,0
2001-05-21,13465.7197,13732.4004,13465.7197,13721.2695,13721.2695,0
2001-05-22,13775.3496,13929.4697,13775.3496,13877.9502,13877.9502,0
2001-05-23,13873.2197,13989.1602,13798.3203,13839.0996,13839.0996,0
2001-05-24,13770.0098,13813.2598,13649.7100,13810.5996,13810.5996,0
2001-05-25,13853.5000,13956.6904,13732.8896,13753.9902,13753.9902,0
2001-05-28,13738.0703,13756.8096,13674.7305,13739.0703,13739.0703,0
2001-05-29,13739.0703,13767.4502,13506.4502,13629.6104,13629.6104,0
2001-05-30,13567.5400,13567.5400,13348.4004,13420.1299,13420.1299,0
2001-05-31,13310.4199,13310.4199,13091.5098,13174.4102,13174.4102,0
2001-06-01,13244.0996,13282.8604,13121.2100,13141.3799,13141.3799,0
2001-06-04,13167.0195,13272.0996,13167.0195,13207.4902,13207.4902,0
2001-06-05,13232.2197,13482.8896,13146.7197,13451.8701,13451.8701,0
2001-06-06,13490.8896,13670.8301,13490.8896,13576.0098,13576.0098,0
2001-06-07,13537.7002,13714.6504,13478.7402,13703.4297,13703.4297,0
2001-06-08,13716.9697,13900.6797,13716.9697,13808.8896,13808.8896,0
2001-06-11,13748.4297,13846.3301,13628.3096,13675.4902,13675.4902,0
2001-06-12,13628.2100,13628.2100,13443.6602,13526.6797,13526.6797,0
2001-06-13,13515.5400,13598.1797,13429.2305,13523.3096,13523.3096,0
2001-06-14,13511.8203,13519.2402,13223.0996,13248.8896,13248.8896,0
2001-06-15,13132.1396,13135.6904,12949.0703,13102.5000,13102.5000,0
2001-06-18,13092.7695,13092.7695,12891.2002,12948.7803,12948.7803,0
2001-06-19,12980.0596,13149.8896,12900.6602,13133.6602,13133.6602,0
2001-06-20,13127.8301,13127.8301,12895.8203,12918.7100,12918.7100,0
2001-06-21,13024.2803,13253.3398,12977.4004,13187.4502,13187.4502,0
2001-06-22,13193.1299,13243.3398,13126.9805,13174.0195,13174.0195,0
2001-06-26,13142.4297,13142.4297,12942.5596,12961.9697,12961.9697,0
2001-06-27,12956.1699,13019.9902,12890.6201,13004.2100,13004.2100,0
2001-06-28,12967.6797,12967.6797,12787.0098,12827.8203,12827.8203,0
2001-06-29,12966.6797,13088.7500,12966.6797,13042.5303,13042.5303,0
2001-07-03,13068.2998,13198.1904,13068.2998,13184.7500,13184.7500,0
2001-07-04,13201.7803,13208.7500,13090.4600,13207.5303,13207.5303,0
2001-07-05,13209.3604,13236.9805,12986.5898,12999.4805,12999.4805,0
2001-07-09,12768.6201,12768.6201,12583.3301,12690.6797,12690.6797,257000000
2001-07-10,12701.1396,12731.9697,12634.9902,12713.9004,12713.9004,134400000
2001-07-11,12625.4502,12625.4502,12457.5098,12527.9004,12527.9004,195100000
2001-07-12,12533.3896,12693.2998,12533.3896,12660.2002,12660.2002,174800000
2001-07-13,12779.7197,12820.8496,12518.1904,12612.7900,12612.7900,211200000
2001-07-16,12663.4600,12692.0898,12582.0098,12624.5303,12624.5303,113900000
2001-07-17,12591.2900,12591.2900,12433.1797,12495.2500,12495.2500,139900000
2001-07-18,12480.9102,12554.1904,12338.9404,12427.1904,12427.1904,134500000
2001-07-19,12376.4404,12381.4102,12191.5703,12279.8203,12279.8203,205000000
2001-07-20,12305.1201,12359.6201,12238.0195,12301.6797,12301.6797,147700000
2001-07-23,12232.7500,12257.5801,12171.9297,12236.4502,12236.4502,166100000
2001-07-24,12213.9297,12238.7100,12137.3203,12214.0996,12214.0996,139900000
2001-07-26,12195.9502,12229.5898,12003.1602,12039.8203,12039.8203,221000000
2001-07-27,12069.5303,12191.6699,12069.5303,12182.1699,12182.1699,124400000
2001-07-30,12103.5596,12110.7695,12007.6699,12086.6602,12086.6602,153100000
2001-07-31,12125.9600,12317.1201,12125.9600,12316.6904,12316.6904,227100000
2001-08-01,12376.3096,12481.8896,12277.8799,12478.7402,12478.7402,243100000
2001-08-02,12493.4297,12544.6396,12438.5000,12466.3701,12466.3701,194500000
2001-08-03,12487.9902,12515.5000,12256.7803,12269.0801,12269.0801,168700000
2001-08-06,12255.5303,12255.5303,12091.2100,12148.8096,12148.8096,141800000
2001-08-07,12260.2305,12260.2305,11924.9600,12007.1904,12007.1904,208400000
2001-08-08,12035.9805,12082.1797,11942.7803,11958.0098,11958.0098,178200000
2001-08-09,11822.2598,11822.2598,11605.0400,11716.7695,11716.7695,231900000
2001-08-10,11746.8496,11794.4805,11662.8203,11765.8096,11765.8096,148600000
2001-08-13,11779.4600,11779.8604,11624.9902,11694.2900,11694.2900,137200000
2001-08-14,11718.1904,12007.7598,11718.1904,11991.0098,11991.0098,172700000
2001-08-15,12031.0898,12156.8799,11897.4697,12141.6299,12141.6299,191100000
2001-08-16,12071.7100,12195.0801,11827.0195,11832.4404,11832.4404,422800000
2001-08-17,11713.4004,11809.7598,11643.8398,11754.8096,11754.8096,330700000
2001-08-20,11573.4600,11573.4600,11375.4600,11458.7002,11458.7002,257000000
2001-08-21,11495.2100,11512.2803,11363.8203,11440.3496,11440.3496,225200000
2001-08-22,11339.5195,11365.6104,11161.5098,11188.5703,11188.5703,272500000
2001-08-23,11259.0195,11370.0801,11220.1104,11345.3799,11345.3799,215500000
2001-08-24,11372.4004,11372.4004,11049.4502,11110.2998,11110.2998,241000000
2001-08-27,11307.1797,11342.9297,11212.8301,11234.7197,11234.7197,145000000
2001-08-28,11213.6602,11372.2900,11046.8203,11300.5303,11300.5303,179300000
2001-08-29,11228.8604,11258.2695,11173.7998,11242.4102,11242.4102,188300000
2001-08-30,11241.6299,11335.1602,11115.4404,11315.6299,11315.6299,246500000
2001-08-31,11204.4697,11229.7695,11003.9502,11090.4805,11090.4805,265700000
2001-09-03,11058.7998,11071.7305,10897.8398,10902.6396,10902.6396,185100000
2001-09-04,10941.9502,11180.7900,10772.0996,11136.8604,11136.8604,303700000
2001-09-05,11053.6504,11053.6504,10859.7500,10943.1396,10943.1396,206600000
2001-09-06,10929.2803,10932.2197,10652.0400,10664.3203,10664.3203,239100000
2001-09-07,10556.1797,10556.1797,10346.8799,10384.2002,10384.2002,399700000
2001-09-10,10227.4697,10413.5098,10177.5098,10366.3203,10366.3203,367200000
2001-09-11,10352.6299,10427.2900,10272.2500,10417.3604,10417.3604,0
2001-09-12,9687.3799,9704.1797,9170.2402,9493.6201,9493.6201,0
2001-09-13,9565.4697,9700.7998,9548.4199,9569.2100,9569.2100,0
2001-09-14,9622.8604,9696.4404,9478.6699,9655.4502,9655.4502,0
2001-09-17,9397.2402,9411.6504,9251.7100,9319.3496,9319.3496,0
2001-09-18,9509.0801,9608.5098,9224.0498,9307.9004,9307.9004,0
2001-09-19,9402.6504,9560.9404,9377.5596,9558.1504,9558.1504,333300000
2001-09-20,9415.0996,9415.0996,9249.1602,9317.9805,9317.9805,285000000
2001-09-21,9039.6504,9039.6504,8894.3604,8934.2002,8934.2002,519900000
2001-09-24,8971.4697,9292.2695,8971.4697,9284.5000,9284.5000,442200000
2001-09-25,9411.3496,9440.2695,9166.1201,9210.0596,9210.0596,367500000
2001-09-26,9307.7598,9416.9502,9251.3096,9371.7500,9371.7500,390900000
2001-09-27,9387.7998,9602.3496,9302.0000,9600.7900,9600.7900,296700000
2001-09-28,9682.3496,9959.3496,9663.0801,9950.7002,9950.7002,320800000
2001-10-03,9995.2197,10098.6904,9883.7598,9897.1396,9897.1396,333200000
2001-10-04,10082.7500,10293.6396,10082.7500,10286.3896,10286.3896,358800000
2001-10-05,10221.7598,10315.0098,10120.2803,10277.3799,10277.3799,576200000
2001-10-08,10153.5596,10153.5596,9904.9297,9967.8301,9967.8301,511500000
2001-10-09,10053.8799,10361.9697,10053.8799,10358.9297,10358.9297,409500000
2001-10-10,10335.5703,10425.3799,10184.5996,10298.2402,10298.2402,370700000
2001-10-11,10475.3604,10638.5801,10475.3604,10522.6104,10522.6104,398500000
2001-10-12,10614.6904,10614.6904,10243.6797,10274.1299,10274.1299,388500000
2001-10-15,10195.6396,10232.0703,10081.2803,10130.5898,10130.5898,275200000
2001-10-16,10164.6396,10229.1602,10056.8301,10148.4902,10148.4902,192800000
2001-10-17,10118.1396,10331.8203,10091.9404,10260.8096,10260.8096,414800000
2001-10-18,10101.9004,10101.9004,9817.9199,9880.6104,9880.6104,365700000
2001-10-19,9894.4199,9948.0000,9801.6299,9825.8398,9825.8398,297200000
2001-10-22,9832.1104,9874.3896,9758.9805,9797.5400,9797.5400,236600000
2001-10-23,9935.9004,10224.1201,9935.9004,10219.8398,10219.8398,344000000
2001-10-24,10231.3896,10280.0898,10158.7305,10243.4600,10243.4600,287400000
2001-10-26,10330.4404,10475.1904,10330.4404,10404.7402,10404.7402,346800000
2001-10-29,10406.9297,10406.9297,10079.0303,10178.0898,10178.0898,294600000
2001-10-30,10064.0703,10139.7100,9927.4102,10076.4297,10076.4297,250700000
2001-10-31,10025.8203,10091.6504,9945.5400,10073.9697,10073.9697,222900000
2001-11-01,10110.9199,10189.5596,10107.0898,10158.8496,10158.8496,203400000
2001-11-02,10238.0996,10333.8799,10097.6396,10186.0596,10186.0596,251100000
2001-11-05,10202.2998,10434.7803,10165.5098,10430.7197,10430.7197,244400000
2001-11-06,10528.1699,10556.7197,10303.0596,10356.0498,10356.0498,265700000
2001-11-07,10419.2402,10454.6904,10216.5098,10269.7900,10269.7900,257100000
2001-11-08,10295.9600,10594.5498,10280.8604,10538.6201,10538.6201,413400000
2001-11-09,10516.4600,10716.5498,10465.6699,10609.2500,10609.2500,403200000
2001-11-12,10618.0703,10699.5400,10541.0195,10592.4502,10592.4502,239100000
2001-11-13,10536.5898,10713.6104,10462.0195,10662.8398,10662.8398,215000000
2001-11-14,10781.7100,10954.7402,10781.7100,10950.0400,10950.0400,380500000
2001-11-15,10958.6602,11280.2695,10936.7100,11239.3896,11239.3896,755800000
2001-11-16,11220.1201,11393.4902,11170.2998,11287.3701,11287.3701,404900000
2001-11-19,11292.9805,11396.3604,11292.9805,11360.2598,11360.2598,288400000
2001-11-20,11347.3096,11501.0400,11148.2598,11225.7900,11225.7900,611300000
2001-11-21,11208.2803,11311.7998,11149.5098,11173.9199,11173.9199,363400000
2001-11-22,11162.8203,11261.7695,11114.5400,11253.2998,11253.2998,270400000
2001-11-23,11289.3398,11346.3301,11271.0303,11322.3604,11322.3604,234500000
2001-11-26,11380.0000,11525.2598,11316.7402,11391.9600,11391.9600,338000000
2001-11-27,11402.0303,11428.4902,11216.5303,11261.5400,11261.5400,269400000
2001-11-28,11225.4102,11225.4102,11012.4697,11066.1904,11066.1904,362400000
2001-11-29,10974.6602,11120.7402,10905.0400,11090.7402,11090.7402,350900000
2001-11-30,11116.3398,11359.1201,11116.3398,11279.2500,11279.2500,407000000
2001-12-03,11253.9805,11257.7100,11049.1504,11155.1504,11155.1504,357700000
2001-12-04,11169.2598,11429.6797,11076.3203,11427.2803,11427.2803,441400000
2001-12-05,11505.1104,11706.0898,11505.1104,11678.4404,11678.4404,544700000
2001-12-06,11818.9902,11957.8301,11672.5498,11745.8398,11745.8398,700300000
2001-12-07,11782.4697,11848.0898,11697.0898,11832.1797,11832.1797,309700000
2001-12-10,11786.9102,11836.2100,11709.3701,11784.9199,11784.9199,238000000
2001-12-11,11756.5303,11756.5303,11633.2197,11693.0498,11693.0498,226800000
2001-12-12,11698.7100,11865.1699,11592.4697,11847.0596,11847.0596,321000000
2001-12-13,11803.0195,11875.0303,11515.1299,11529.5400,11529.5400,349900000
2001-12-14,11497.5898,11521.0400,11349.5098,11466.1104,11466.1104,323400000
2001-12-17,11464.3799,11576.3096,11361.3496,11465.7803,11465.7803,175400000
2001-12-18,11521.6797,11599.5703,11391.3301,11486.9297,11486.9297,189500000
2001-12-19,11523.9199,11597.1299,11523.9199,11565.2305,11565.2305,147100000
2001-12-20,11547.9199,11639.2197,11447.7305,11601.1396,11601.1396,259900000
2001-12-21,11500.2900,11500.2900,11122.2002,11158.0996,11158.0996,277000000
2001-12-24,11189.5195,11249.9004,11182.4502,11209.7803,11209.7803,79400000
2001-12-27,11250.0498,11415.0400,11208.4697,11359.5000,11359.5000,130000000
2001-12-28,11359.5000,11432.2900,11309.0195,11431.5898,11431.5898,148900000
2001-12-31,11431.5898,11451.7900,11347.7900,11397.2100,11397.2100,64700000
2002-01-02,11368.1299,11368.1299,11241.6299,11350.8496,11350.8496,106100000
2002-01-03,11348.7998,11447.0000,11348.7998,11423.5195,11423.5195,274600000
2002-01-04,11547.0098,11727.8096,11547.0098,11702.1504,11702.1504,362600000
2002-01-07,11687.4297,11905.5498,11687.4297,11892.6396,11892.6396,442400000
2002-01-08,11781.1904,11806.2500,11678.0596,11713.7100,11713.7100,279500000
2002-01-09,11711.7695,11783.7002,11369.6299,11440.7197,11440.7197,428700000
2002-01-10,11361.0898,11361.0898,11168.8896,11256.0703,11256.0703,354800000
2002-01-11,11278.8604,11351.7500,11085.4697,11166.4600,11166.4600,316200000
2002-01-14,11081.3799,11213.8604,11029.2197,11209.4297,11209.4297,210100000
2002-01-15,11071.4902,11071.4902,10965.2402,11013.5898,11013.5898,230500000
2002-01-16,11035.4902,11080.5498,10910.7500,10964.0898,10964.0898,194600000
2002-01-17,10888.1104,11020.2100,10808.0000,11013.8398,11013.8398,221600000
2002-01-18,11023.7900,11065.5303,10934.0098,10972.9600,10972.9600,373800000
2002-01-21,10967.0898,11083.1699,10941.4697,11000.2500,11000.2500,213200000
2002-01-22,10991.4004,10997.9004,10778.7803,10797.6904,10797.6904,251500000
2002-01-23,10750.9805,10793.0703,10689.0596,10762.1396,10762.1396,225200000
2002-01-24,10796.8096,10847.5303,10690.6299,10741.4600,10741.4600,199500000
2002-01-25,10789.0000,10842.4697,10718.2695,10772.9600,10772.9600,290700000
2002-01-28,10749.0801,10891.5898,10748.0996,10767.4600,10767.4600,257600000
2002-01-29,10774.6104,11041.8203,10744.1396,11014.2402,11014.2402,378800000
2002-01-30,10895.7002,10895.7002,10699.9404,10756.9600,10756.9600,295200000
2002-01-31,10797.9902,10953.5703,10671.7695,10725.2998,10725.2998,267600000
2002-02-01,10764.0303,10827.3896,10673.6602,10691.2500,10691.2500,192200000
2002-02-04,10680.3203,10806.6797,10661.1299,10721.3203,10721.3203,267900000
2002-02-05,10627.8496,10636.2305,10541.2803,10609.1904,10609.1904,292100000
2002-02-06,10590.2598,10633.1201,10542.2900,10592.3896,10592.3896,238600000
2002-02-07,10556.2900,10601.2998,10393.8301,10409.6797,10409.6797,419400000
2002-02-08,10441.1904,10526.7500,10421.4805,10518.9902,10518.9902,259200000
2002-02-11,10596.0596,10843.2598,10596.0596,10832.7402,10832.7402,184700000
2002-02-15,11005.8496,11108.4805,10914.7100,10961.8799,10961.8799,292400000
2002-02-18,10905.4902,11007.0000,10867.8203,11002.8096,11002.8096,181000000
2002-02-19,10997.9004,10997.9004,10794.2002,10840.4902,10840.4902,167300000
2002-02-20,10777.3896,10777.3896,10685.3799,10749.0596,10749.0596,193500000
2002-02-21,10807.9297,10871.0996,10732.6299,10788.9004,10788.9004,186400000
2002-02-22,10730.2100,10730.2100,10579.8096,10664.9404,10664.9404,155800000
2002-02-25,10679.0000,10683.6396,10468.9502,10496.0195,10496.0195,192000000
2002-02-26,10581.7900,10667.5703,10536.7402,10547.1299,10547.1299,207600000
2002-02-27,10541.1904,10757.1104,10524.7695,10648.7100,10648.7100,268300000
2002-02-28,10660.7598,10677.1602,10415.6504,10482.5498,10482.5498,258700000
2002-03-01,10453.8799,10473.0195,10387.4902,10425.3096,10425.3096,186700000
2002-03-04,10593.7695,10720.1201,10561.3799,10704.1201,10704.1201,279600000
2002-03-05,10883.2900,11004.0400,10883.2900,10985.8398,10985.8398,350200000
2002-03-06,10954.7500,11040.7500,10933.4297,11003.0000,11003.0000,270700000
2002-03-07,11102.3604,11246.3096,11102.3604,11188.0703,11188.0703,483100000
2002-03-08,11201.2803,11331.1201,11201.2803,11233.2305,11233.2305,360900000
2002-03-11,11234.5303,11334.3096,11178.6797,11318.8701,11318.8701,264300000
2002-03-12,11304.9102,11381.8496,11242.2305,11273.8604,11273.8604,275700000
2002-03-13,11214.8496,11306.8896,11185.5098,11217.5000,11217.5000,239700000
2002-03-14,11202.8604,11333.5195,11163.1104,11303.7002,11303.7002,273100000
2002-03-15,11280.9902,11363.7100,11150.5000,11210.2500,11210.2500,230500000
2002-03-18,11224.3203,11317.7500,11168.3203,11230.6396,11230.6396,240800000
2002-03-19,11242.2500,11302.3896,11195.0703,11222.8301,11222.8301,305400000
2002-03-20,11136.2998,11176.5898,10996.3604,11036.5996,11036.5996,254300000
2002-03-21,10950.7803,10950.7803,10810.9004,10829.7305,10829.7305,345800000
2002-03-22,10839.8701,10919.4600,10811.8799,10863.0703,10863.0703,211500000
2002-03-25,10855.2305,10867.0195,10785.6201,10836.6396,10836.6396,201900000
2002-03-26,10781.1602,10792.8301,10715.0498,10786.9199,10786.9199,180500000
2002-03-27,10819.8496,11022.8301,10819.8496,10987.8799,10987.8799,250600000
2002-03-28,11025.0303,11075.4004,10972.1104,11032.9199,11032.9199,214900000
2002-04-02,11032.3604,11055.9805,10816.7305,10878.0400,10878.0400,274300000
2002-04-03,10831.2305,10853.8799,10783.0000,10833.9600,10833.9600,144400000
2002-04-04,10766.5596,10838.2197,10747.9902,10831.3701,10831.3701,170800000
2002-04-08,10833.1602,10856.6396,10702.4404,10723.6797,10723.6797,227900000
2002-04-09,10711.0801,10791.0898,10688.6904,10733.6904,10733.6904,144600000
2002-04-10,10692.9502,10692.9502,10610.7598,10643.1396,10643.1396,201400000
2002-04-11,10748.4502,10829.0400,10720.6602,10744.9102,10744.9102,167100000
2002-04-12,10653.8203,10717.5498,10630.4102,10710.4805,10710.4805,159100000
2002-04-15,10720.4102,10764.4805,10697.4697,10727.9805,10727.9805,139500000
2002-04-16,10745.2002,10797.1396,10690.4697,10788.5303,10788.5303,166400000
2002-04-17,10938.6904,11090.5801,10929.0703,11090.5801,11090.5801,352600000
2002-04-18,11102.6797,11222.3896,11070.7998,11217.1504,11217.1504,347400000
2002-04-19,11166.5000,11285.0498,11135.0400,11252.1797,11252.1797,322100000
2002-04-22,11259.0400,11301.6699,11134.1699,11139.4199,11139.4199,271800000
2002-04-23,11102.2305,11355.1104,11102.2305,11345.1797,11345.1797,361000000
2002-04-24,11362.6504,11417.4697,11305.6504,11396.5703,11396.5703,301600000
2002-04-25,11394.0400,11439.5898,11351.7900,11409.2900,11409.2900,297900000
2002-04-26,11449.4004,11461.5898,11348.8096,11385.0801,11385.0801,269900000
2002-04-29,11329.9102,11371.1201,11260.8799,11361.4902,11361.4902,205000000
2002-04-30,11337.8896,11497.5801,11317.6602,11497.5801,11497.5801,229600000
2002-05-02,11577.5703,11800.8301,11577.5703,11780.1104,11780.1104,433600000
2002-05-03,11855.9004,11863.6201,11729.8496,11797.2197,11797.2197,450400000
2002-05-06,11771.0801,11845.0996,11671.3799,11736.2002,11736.2002,247900000
2002-05-07,11639.5098,11813.9004,11591.2598,11795.9805,11795.9805,272500000
2002-05-08,11873.2500,11890.7197,11699.3301,11768.3096,11768.3096,278500000
2002-05-09,11957.1602,11962.0996,11677.5498,11700.7598,11700.7598,336800000
2002-05-10,11720.4600,11752.9600,11630.0400,11645.9004,11645.9004,201900000
2002-05-13,11653.5498,11772.9297,11650.6201,11733.4297,11733.4297,199700000
2002-05-14,11824.9297,11824.9297,11662.0098,11690.3096,11690.3096,163900000
2002-05-15,11791.5303,11902.7100,11738.0801,11838.3604,11838.3604,258900000
2002-05-16,11838.5303,11839.5703,11762.2500,11832.7695,11832.7695,184900000
2002-05-17,11924.6201,12021.7197,11867.3896,11974.6104,11974.6104,321200000
2002-05-21,11959.6504,12006.9199,11687.2695,11753.2900,11753.2900,308000000
2002-05-22,11745.7598,11797.8496,11698.1201,11795.2002,11795.2002,166900000
2002-05-23,11754.4600,11761.6797,11586.5195,11624.7500,11624.7500,313300000
2002-05-24,11636.8604,11672.9902,11595.5898,11626.7803,11626.7803,218800000
2002-05-27,11608.3799,11612.5303,11526.5898,11564.7305,11564.7305,188000000
2002-05-28,11568.7402,11610.9697,11544.0996,11581.5801,11581.5801,135400000
2002-05-29,11480.9502,11581.6699,11404.2998,11430.6602,11430.6602,248900000
2002-05-30,11413.8496,11413.8496,11268.5400,11380.6104,11380.6104,228200000
2002-05-31,11385.1904,11429.0596,11260.2002,11301.9404,11301.9404,302300000
2002-06-03,11339.2002,11397.3701,11282.7598,11359.7998,11359.7998,176400000
2002-06-04,11279.0498,11317.5596,11204.8604,11312.5498,11312.5498,149700000
2002-06-05,11328.5195,11407.5898,11297.9600,11402.3799,11402.3799,141800000
2002-06-06,11438.6104,11475.1904,11345.6104,11380.7695,11380.7695,167700000
2002-06-07,11274.5898,11325.5400,11236.1904,11284.7100,11284.7100,191800000
2002-06-10,11270.0996,11326.4297,11228.9902,11288.8398,11288.8398,148000000
2002-06-11,11304.7305,11306.4297,11176.0000,11215.0195,11215.0195,179700000
2002-06-12,11167.1797,11167.1797,11117.2998,11147.9697,11147.9697,183400000
2002-06-13,11173.7695,11191.4902,11105.4004,11119.3301,11119.3301,161200000
2002-06-14,11024.5898,11066.7500,10940.2305,10955.5195,10955.5195,196400000
2002-06-17,10871.5098,10900.4805,10811.6201,10832.2598,10832.2598,193000000
2002-06-18,10963.3701,10983.7197,10838.8604,10852.0400,10852.0400,216400000
2002-06-19,10843.0098,10865.0400,10612.0303,10673.1104,10673.1104,310900000
2002-06-20,10668.7695,10768.0303,10583.2803,10754.4102,10754.4102,225400000
2002-06-21,10608.9404,10639.4600,10574.0303,10591.8604,10591.8604,212600000
2002-06-24,10544.4502,10674.5195,10509.2305,10657.3398,10657.3398,190400000
2002-06-25,10633.5596,10687.0400,10553.5400,10608.9805,10608.9805,195100000
2002-06-26,10493.1299,10493.1299,10291.1602,10355.9199,10355.9199,371800000
2002-06-27,10472.8496,10531.5098,10411.1504,10518.0898,10518.0898,269400000
2002-06-28,10615.1396,10699.3203,10584.0303,10598.5498,10598.5498,221700000
2002-07-02,10511.1201,10511.1201,10436.4600,10491.7598,10491.7598,188700000
2002-07-03,10407.5801,10627.0703,10407.5801,10579.1904,10579.1904,198700000
2002-07-04,10578.2002,10769.5303,10566.5498,10765.5801,10765.5801,222400000
2002-07-05,10810.3896,10845.8799,10754.2803,10806.1602,10806.1602,160900000
2002-07-08,10923.5000,10939.5596,10766.9805,10803.4502,10803.4502,153700000
2002-07-09,10831.1201,10860.6396,10786.3701,10843.1504,10843.1504,124200000
2002-07-10,10774.3496,10829.5400,10747.9199,10787.5400,10787.5400,156600000
2002-07-11,10637.5996,10655.2305,10482.7305,10558.8096,10558.8096,269000000
2002-07-12,10582.5703,10655.2803,10529.9199,10648.2998,10648.2998,208000000
2002-07-15,10556.5000,10597.3496,10499.0996,10581.6602,10581.6602,126500000
2002-07-16,10516.6396,10573.0703,10399.6699,10421.4902,10421.4902,182100000
2002-07-17,10336.7803,10362.4600,10213.0195,10335.1201,10335.1201,258100000
2002-07-18,10414.5801,10461.3301,10350.2500,10452.5498,10452.5498,169200000
2002-07-19,10370.8203,10377.4004,10280.4600,10325.4600,10325.4600,186100000
2002-07-22,10166.2598,10182.2002,10080.1201,10110.2500,10110.2500,225000000
2002-07-23,9980.2900,10322.4902,9977.7695,10313.8896,10313.8896,256200000
2002-07-24,10133.6504,10133.6504,9912.9600,9971.9902,9971.9902,268200000
2002-07-25,10143.0195,10165.8301,9872.2900,9884.7803,9884.7803,251100000
2002-07-26,9801.5898,9894.6396,9687.5000,9773.1201,9773.1201,262100000
2002-07-29,9873.4404,9983.0400,9829.5498,9975.9902,9975.9902,170400000
2002-07-30,10240.4199,10285.4805,10151.6104,10155.2500,10155.2500,264100000
2002-07-31,10169.2803,10290.0703,10123.2002,10267.3604,10267.3604,161400000
2002-08-01,10244.5303,10329.0498,10175.0801,10180.0195,10180.0195,173700000
2002-08-02,10026.6504,10058.4805,9968.9199,9991.7197,9991.7197,180700000
2002-08-05,9913.0801,9976.6904,9823.9502,9862.3301,9862.3301,188000000
2002-08-06,9780.1797,9782.8896,9632.9805,9700.6904,9700.6904,228500000
2002-08-07,9883.6797,10007.9502,9851.2803,9977.7402,9977.7402,177200000
2002-08-08,9960.6797,9997.1797,9895.2803,9962.2402,9962.2402,160000000
2002-08-09,10128.7100,10149.9004,10007.4297,10014.0596,10014.0596,173100000
2002-08-12,10039.7695,10039.7695,9929.3799,9959.9199,9959.9199,135700000
2002-08-13,9962.5801,10132.4004,9958.0596,10100.0596,10100.0596,150900000
2002-08-14,10064.6299,10064.6299,9883.0898,9961.3496,9961.3496,195500000
2002-08-15,10123.0703,10264.6602,10123.0703,10219.7100,10219.7100,257100000
2002-08-16,10240.5996,10299.7197,10205.5195,10265.0400,10265.0400,211200000
2002-08-19,10250.4004,10279.2500,10166.5400,10246.9600,10246.9600,126500000
2002-08-20,10390.3096,10431.7695,10373.5098,10408.0098,10408.0098,187400000
2002-08-21,10317.7197,10409.3096,10293.7100,10402.2598,10402.2598,190600000
2002-08-22,10452.5000,10456.6104,10367.0000,10424.0000,10424.0000,155800000
2002-08-23,10472.7002,10478.6504,10241.1797,10245.6904,10245.6904,167800000
2002-08-26,10232.8799,10263.8301,10192.0098,10226.3301,10226.3301,106900000
2002-08-27,10233.7197,10266.7598,10125.2002,10185.5195,10185.5195,105900000
2002-08-28,10130.3799,10158.6904,10070.2803,10130.2500,10130.2500,174700000
2002-08-29,10034.1797,10075.2695,9988.8604,10061.1504,10061.1504,183800000
2002-08-30,10034.2197,10089.6904,10004.8701,10043.8701,10043.8701,164400000
2002-09-02,10039.6699,10044.5703,9861.8701,9896.9805,9896.9805,172500000
2002-09-03,9862.3896,9873.1104,9748.1797,9790.6797,9790.6797,203400000
2002-09-04,9643.1904,9830.4502,9629.2197,9820.3301,9820.3301,247500000
2002-09-05,9823.7402,9833.6797,9710.2900,9726.0303,9726.0303,191400000
2002-09-06,9650.9404,9750.9004,9631.7305,9720.8604,9720.8604,219300000
2002-09-09,9781.5400,9783.4404,9672.1904,9723.6699,9723.6699,165400000
2002-09-10,9762.8398,9906.8496,9761.0996,9885.7695,9885.7695,181800000
2002-09-11,9927.7305,9946.0098,9845.0000,9882.3496,9882.3496,63900000
2002-09-12,9871.3203,9954.8203,9807.5400,9896.3301,9896.3301,170800000
2002-09-13,9773.6201,9784.0000,9609.7695,9650.9697,9650.9697,283800000
2002-09-16,9624.8398,9639.4697,9454.9199,9505.1299,9505.1299,322800000
2002-09-17,9605.3203,9732.3301,9563.1904,9707.2500,9707.2500,296900000
2002-09-18,9517.4199,9517.4199,9401.4902,9474.0703,9474.0703,225000000
2002-09-19,9485.5498,9511.2900,9389.8701,9427.7900,9427.7900,186600000
2002-09-20,9260.4697,9337.8604,9210.9404,9328.2197,9328.2197,220900000
2002-09-23,9295.6904,9322.3604,9219.0801,9314.8701,9314.8701,141900000
2002-09-24,9167.7598,9213.2803,9141.1201,9197.6797,9197.6797,173100000
2002-09-25,9076.8301,9193.8096,9014.5801,9124.9102,9124.9102,205100000
2002-09-26,9251.2402,9286.2695,9206.9004,9270.7100,9270.7100,171300000
2002-09-27,9338.6602,9368.1396,9245.8799,9294.4600,9294.4600,207100000
2002-09-30,9098.9297,9125.9297,9046.9600,9072.2100,9072.2100,221700000
2002-10-02,9227.3799,9241.8604,9062.4902,9109.3496,9109.3496,282000000
2002-10-03,9054.5703,9106.9004,8915.0000,8984.3203,8984.3203,263400000
2002-10-04,8989.6504,9065.5195,8971.9199,9051.3701,9051.3701,236700000
2002-10-07,8844.6904,8936.3398,8844.1104,8931.4004,8931.4004,241000000
2002-10-08,8910.0801,8989.6797,8883.1602,8977.4102,8977.4102,247100000
2002-10-09,8945.9600,8986.0098,8876.6201,8977.3496,8977.3496,223000000
2002-10-10,8808.3496,8863.4600,8772.4805,8858.6904,8858.6904,244700000
2002-10-11,8956.3301,8990.7598,8863.4600,8965.7305,8965.7305,221100000
2002-10-15,9153.2500,9348.6797,9131.4102,9336.3896,9336.3896,403500000
2002-10-16,9515.0703,9515.0703,9416.8203,9459.1396,9459.1396,341500000
2002-10-17,9465.6104,9598.4902,9465.6104,9576.1504,9576.1504,268200000
2002-10-18,9741.0498,9744.6396,9603.7305,9613.0703,9613.0703,426700000
2002-10-21,9593.6504,9641.0801,9549.0898,9570.3604,9570.3604,186200000
2002-10-22,9633.5098,9656.9004,9507.9902,9548.9404,9548.9404,195700000
2002-10-23,9545.6602,9809.5098,9545.6602,9804.6504,9804.6504,398400000
2002-10-24,9774.7803,9803.2998,9712.9004,9787.4902,9787.4902,300300000
2002-10-25,9715.6699,9728.5596,9655.0000,9722.5400,9722.5400,201100000
2002-10-28,9732.5996,9860.8701,9730.0000,9853.7402,9853.7402,208800000
2002-10-29,9799.8701,9812.1504,9626.9902,9634.6699,9634.6699,198900000
2002-10-30,9605.6396,9652.1504,9546.5801,9560.4600,9560.4600,212700000
2002-10-31,9609.1602,9625.7197,9418.8799,9441.2500,9441.2500,174800000
2002-11-01,9467.8896,9495.1504,9388.3496,9407.6797,9407.6797,199100000
2002-11-04,9587.9697,9739.1299,9565.7900,9720.8301,9720.8301,213300000
2002-11-05,9751.9297,9751.9297,9606.6797,9655.3604,9655.3604,194000000
2002-11-06,9788.3096,9822.0703,9751.6797,9773.9805,9773.9805,254500000
2002-11-07,9758.6602,9880.1299,9719.6396,9844.3799,9844.3799,335500000
2002-11-08,9714.1904,9796.4697,9708.1904,9770.6797,9770.6797,313300000
2002-11-11,9699.7500,9699.7500,9527.8301,9580.8799,9580.8799,264700000
2002-11-12,9530.4600,9650.0898,9522.4502,9613.8398,9613.8398,228400000
2002-11-13,9645.8799,9645.8799,9533.5000,9616.6201,9616.6201,200900000
2002-11-14,9644.2100,9806.0801,9644.2100,9740.8398,9740.8398,345700000
2002-11-15,9721.8604,9885.9805,9721.8604,9865.6504,9865.6504,424900000
2002-11-18,9994.2900,10006.0703,9843.0898,9920.0898,9920.0898,250300000
2002-11-19,9882.3896,9996.8896,9856.9502,9965.0303,9965.0303,236900000
2002-11-20,9952.4502,10011.5303,9947.5400,9971.1504,9971.1504,189900000
2002-11-21,10081.0195,10081.0195,9989.7900,10003.5400,10003.5400,214200000
2002-11-22,10112.5098,10128.6904,10038.0098,10065.3203,10065.3203,205500000
2002-11-25,10031.3301,10118.8701,10028.9805,10100.7695,10100.7695,246000000
2002-11-26,10052.4404,10057.7598,9976.4502,9995.5195,9995.5195,225900000
2002-11-27,9912.8398,10013.6504,9912.0195,9944.5898,9944.5898,299000000
2002-11-28,10090.4297,10168.9102,10082.6904,10147.8398,10147.8398,417500000
2002-11-29,10170.2998,10170.2998,10061.8896,10069.8701,10069.8701,324400000
2002-12-02,10107.9600,10205.1602,10079.5098,10205.1602,10205.1602,320700000
2002-12-03,10187.8496,10246.8604,10179.6396,10227.0098,10227.0098,288800000
2002-12-04,10123.2598,10123.2598,9941.9297,9995.7305,9995.7305,400200000
2002-12-05,9997.6201,10036.5195,9940.2500,10009.8799,10009.8799,177300000
2002-12-06,9940.5996,9978.8496,9890.6201,9973.7500,9973.7500,201900000
2002-12-09,9988.6904,9999.3896,9821.5596,9868.4805,9868.4805,528100000
2002-12-10,9763.7900,9868.7402,9763.7900,9857.9902,9857.9902,398300000
2002-12-11,9874.9297,9884.1602,9742.0000,9784.5703,9784.5703,304200000
2002-12-12,9816.9902,9852.5703,9772.7998,9813.7803,9813.7803,167600000
2002-12-13,9743.1904,9754.8604,9695.7402,9728.4297,9728.4297,194700000
2002-12-16,9644.6396,9677.8496,9627.7100,9656.4600,9656.4600,150200000
2002-12-17,9787.2402,9787.6396,9682.0195,9715.7402,9715.7402,225200000
2002-12-18,9652.7695,9657.4502,9527.4902,9548.6504,9548.6504,232400000
2002-12-19,9544.9004,9590.2100,9477.8203,9557.8604,9557.8604,264000000
2002-12-20,9499.7695,9631.5303,9478.9199,9628.6904,9628.6904,225100000
2002-12-23,9640.9199,9640.9199,9552.0703,9570.9297,9570.9297,226100000
2002-12-24,9586.2598,9593.9297,9554.3096,9561.6299,9561.6299,103200000
2002-12-27,9542.4902,9550.5898,9426.0596,9445.2598,9445.2598,137700000
2002-12-30,9345.6699,9362.7002,9244.9004,9272.3301,9272.3301,220700000
2002-12-31,9298.7803,9332.0195,9291.7695,9321.2900,9321.2900,76200000
2003-01-02,9333.6396,9378.3496,9294.5303,9365.5195,9365.5195,126900000
2003-01-03,9523.2500,9585.6602,9520.8496,9583.8496,9583.8496,291500000
2003-01-06,9605.0898,9683.8604,9560.8203,9665.9600,9665.9600,234900000
2003-01-07,9710.7900,9710.7900,9592.2900,9652.4004,9652.4004,267000000
2003-01-08,9632.3604,9781.0801,9624.0400,9688.2100,9688.2100,202400000
2003-01-09,9626.1396,9677.5898,9599.2402,9675.4102,9675.4102,129600000
2003-01-10,9711.7598,9778.2803,9688.9902,9721.5000,9721.5000,172900000
2003-01-13,9752.2998,9834.0801,9752.2998,9834.0801,9834.0801,198000000
2003-01-14,9812.9102,9843.8096,9780.5400,9796.3096,9796.3096,168200000
2003-01-15,9807.4297,9892.7002,9807.4297,9873.4902,9873.4902,215200000
2003-01-16,9798.1602,9823.6299,9727.2998,9743.2305,9743.2305,190000000
2003-01-17,9730.5498,9733.4404,9597.2305,9614.5898,9614.5898,171700000
2003-01-20,9551.5596,9560.3896,9501.5195,9552.0195,9552.0195,176200000
2003-01-21,9558.2002,9595.2598,9548.1396,9568.4697,9568.4697,143000000
2003-01-22,9484.8896,9581.2402,9456.6602,9560.2900,9560.2900,177700000
2003-01-23,9513.5801,9606.8701,9513.5801,9584.7002,9584.7002,143700000
2003-01-24,9558.4805,9575.2695,9416.1201,9460.5996,9460.5996,220200000
2003-01-27,9326.7598,9326.7598,9253.3604,9298.6699,9298.6699,192100000
2003-01-28,9244.2998,9341.1104,9237.4502,9325.5996,9325.5996,132800000
2003-01-29,9272.2803,9281.9902,9203.6797,9240.7900,9240.7900,179600000
2003-01-30,9251.9404,9266.1504,9179.2402,9258.9502,9258.9502,151900000
2003-02-04,9327.3203,9331.9502,9208.2305,9252.7100,9252.7100,157100000
2003-02-05,9214.6396,9238.9199,9156.3096,9180.4697,9180.4697,156400000
2003-02-06,9178.2598,9184.7598,9094.8604,9126.1504,9126.1504,191500000
2003-02-07,9099.4102,9163.6699,9072.6699,9150.9502,9150.9502,153300000
2003-02-10,9135.0996,9232.1396,9131.6201,9232.1396,9232.1396,145600000
2003-02-11,9237.1904,9285.0596,9151.2197,9194.9102,9194.9102,201700000
2003-02-12,9169.8604,9334.9004,9162.5195,9314.9004,9314.9004,173400000
2003-02-13,9273.3799,9283.2305,9142.9404,9173.4297,9173.4297,182300000
2003-02-14,9201.1104,9253.8701,9191.0098,9201.7598,9201.7598,127100000
2003-02-17,9311.6504,9392.8604,9311.6504,9383.6797,9383.6797,193100000
2003-02-18,9367.9404,9417.7002,9342.0498,9397.0498,9397.0498,123400000
2003-02-19,9461.1299,9463.9902,9389.4004,9427.6299,9427.6299,171200000
2003-02-20,9415.2100,9460.8896,9381.1396,9390.4805,9390.4805,157100000
2003-02-21,9361.0498,9364.8301,9231.3701,9250.8604,9250.8604,175500000
2003-02-24,9302.7305,9313.8096,9231.0098,9239.4697,9239.4697,119600000
2003-02-25,9140.0596,9154.4199,9103.2900,9148.4805,9148.4805,188600000
2003-02-26,9156.7998,9163.3301,9097.4902,9116.2803,9116.2803,129900000
2003-02-27,9072.8701,9175.3203,9029.9502,9134.2402,9134.2402,189200000
2003-02-28,9146.6299,9185.8096,9111.1699,9122.6602,9122.6602,149300000
2003-03-03,9141.4600,9316.2695,9141.4600,9268.7695,9268.7695,213800000
2003-03-04,9218.3701,9247.8301,9164.0996,9181.8896,9181.8896,123200000
2003-03-05,9105.3701,9135.0098,9059.0703,9109.1797,9109.1797,177300000
2003-03-06,9097.4502,9103.5596,8952.0195,8962.2598,8962.2598,197000000
2003-03-07,8917.1201,8941.2305,8869.6104,8907.0996,8907.0996,177000000
2003-03-10,8894.0400,8901.6602,8821.6699,8861.8701,8861.8701,205200000
2003-03-11,8776.9902,8860.5098,8757.2197,8859.9297,8859.9297,216900000
2003-03-12,8825.4404,8914.5801,8825.4404,8874.9902,8874.9902,186300000
2003-03-13,8857.3096,8863.6396,8764.4004,8787.4502,8787.4502,202500000
2003-03-14,8976.7598,8996.0498,8933.2402,8956.1699,8956.1699,194100000
2003-03-17,8901.2197,8901.2197,8795.0801,8804.1602,8804.1602,143300000
2003-03-18,9003.9600,9045.1797,8976.5801,9041.5098,9041.5098,226400000
2003-03-19,8973.1904,9197.9297,8913.0498,9158.5898,9158.5898,358900000
2003-03-20,9243.9004,9281.5996,9127.5898,9194.5596,9194.5596,310900000
2003-03-21,9220.9502,9227.2002,9146.2900,9179.1904,9179.1904,239100000
2003-03-24,9214.6504,9262.7695,9087.6396,9108.4502,9108.4502,248300000
2003-03-25,9012.0400,9081.3896,9008.6201,9062.1504,9062.1504,165800000
2003-03-26,9096.0801,9096.0801,9027.6104,9047.0898,9047.0898,144600000
2003-03-27,9027.9902,9027.9902,8850.4297,8872.3203,8872.3203,249800000
2003-03-28,8864.1201,8893.5703,8812.3203,8863.3604,8863.3604,205900000
2003-03-31,8755.8096,8755.8096,8586.7002,8634.4502,8634.4502,324800000
2003-04-01,8608.7900,8612.4199,8465.7900,8596.8896,8596.8896,312600000
2003-04-02,8586.6904,8716.0996,8550.4600,8706.1904,8706.1904,256100000
2003-04-03,8769.4102,8774.5801,8639.0898,8648.1602,8648.1602,222000000
2003-04-04,8669.7305,8845.7998,8662.8096,8822.4502,8822.4502,235700000
2003-04-07,8838.8301,8973.8096,8754.5098,8962.2100,8962.2100,221600000
2003-04-08,8885.6201,8906.9902,8786.3604,8806.6602,8806.6602,206000000
2003-04-09,8755.1504,8755.1504,8588.4502,8636.8496,8636.8496,275300000
2003-04-10,8597.8604,8647.7500,8559.7695,8625.7197,8625.7197,240900000
2003-04-11,8627.5703,8660.8799,8552.6797,8645.6504,8645.6504,254700000
2003-04-14,8598.0801,8598.0801,8493.4600,8533.5498,8533.5498,190900000
2003-04-15,8600.5000,8639.3604,8549.8398,8632.0996,8632.0996,166000000
2003-04-16,8653.5898,8705.2695,8609.4600,8675.1396,8675.1396,172000000
2003-04-17,8600.0498,8603.2998,8558.7197,8579.1396,8579.1396,188200000
2003-04-22,8531.1104,8574.7900,8479.3799,8571.9102,8571.9102,193200000
2003-04-23,8641.4004,8654.6201,8493.9502,8519.5996,8519.5996,320200000
2003-04-24,8482.5996,8490.0801,8403.4902,8442.1104,8442.1104,332800000
2003-04-25,8351.5898,8430.6201,8331.8701,8409.0098,8409.0098,290400000
2003-04-28,8354.6602,8453.6904,8354.6602,8435.0400,8435.0400,237500000
2003-04-29,8577.7305,8757.5898,8577.7305,8744.2197,8744.2197,366800000
2003-04-30,8758.2402,8777.0801,8700.1201,8717.2197,8717.2197,329400000
2003-05-02,8707.4297,8817.7402,8707.4297,8808.1797,8808.1797,270800000
2003-05-05,8895.3896,8925.1904,8875.1504,8916.4902,8916.4902,203100000
2003-05-06,8906.6904,8949.0596,8863.2100,8889.2197,8889.2197,219900000
2003-05-07,8946.3398,8950.3398,8834.6904,8901.0498,8901.0498,218000000
2003-05-09,8903.6602,9084.1602,8878.5898,9084.1602,9084.1602,339100000
2003-05-12,9164.0996,9209.7598,9150.9404,9155.5703,9155.5703,286400000
2003-05-13,9165.5400,9175.6904,9101.3896,9119.0400,9119.0400,202500000
2003-05-14,9135.5098,9217.2598,9069.2402,9103.6904,9103.6904,234800000
2003-05-15,9068.2998,9166.5498,9055.7197,9126.0703,9126.0703,214700000
2003-05-16,9148.0996,9190.7305,9052.2500,9093.1797,9093.1797,176200000
2003-05-19,9074.3398,9106.9404,9029.7998,9087.3701,9087.3701,143200000
2003-05-20,8980.2695,9068.9805,8973.6602,9050.4004,9050.4004,150000000
2003-05-21,9069.3398,9086.3604,9020.7695,9059.7998,9059.7998,201100000
2003-05-22,9045.8398,9148.1396,9025.2998,9131.4902,9131.4902,210100000
2003-05-23,9217.2100,9313.9805,9208.7402,9303.7305,9303.7305,305200000
2003-05-26,9412.7305,9505.7900,9411.3203,9492.7100,9492.7100,327700000
2003-05-27,9490.5703,9490.5703,9417.0400,9420.8096,9420.8096,276200000
2003-05-28,9558.2197,9560.8604,9483.0898,9510.6201,9510.6201,321300000
2003-05-29,9520.8096,9587.1699,9483.6201,9508.5498,9508.5498,276400000
2003-05-30,9482.0996,9557.5400,9461.8398,9487.3799,9487.3799,250600000
2003-06-02,9582.0098,9647.3604,9580.0898,9637.5303,9637.5303,257600000
2003-06-03,9633.4297,9683.0098,9563.7197,9662.8203,9662.8203,294900000
2003-06-05,9779.1797,9780.8496,9634.9297,9639.0098,9639.0098,385900000
2003-06-06,9662.6904,9752.7695,9610.8496,9694.6299,9694.6299,518100000
2003-06-09,9698.2900,9734.3496,9660.6699,9733.5098,9733.5098,253500000
2003-06-10,9642.4600,9714.7305,9625.4697,9703.7197,9703.7197,236400000
2003-06-11,9756.5000,9773.5400,9645.2500,9662.0596,9662.0596,273700000
2003-06-12,9734.7695,9754.6299,9684.4102,9736.8398,9736.8398,213800000
2003-06-13,9728.2002,9866.6602,9692.8301,9855.6396,9855.6396,343500000
2003-06-16,9821.3896,9883.1904,9819.8799,9862.2803,9862.2803,225100000
2003-06-17,10026.8203,10041.9600,9975.4404,10030.3701,10030.3701,349200000
2003-06-18,10057.7500,10067.8604,9935.6299,9970.2998,9970.2998,399700000
2003-06-19,9981.7100,10015.4502,9935.6104,9980.1104,9980.1104,251200000
2003-06-20,9907.0801,9931.5801,9885.5303,9930.3096,9930.3096,164800000
2003-06-23,9918.7695,9935.8496,9727.7695,9734.2900,9734.2900,234100000
2003-06-24,9686.6699,9686.6699,9571.5498,9629.3496,9629.3496,256000000
2003-06-25,9637.2002,9670.4902,9605.9902,9628.9902,9628.9902,146100000
2003-06-26,9551.0400,9614.7305,9526.9199,9606.1104,9606.1104,175700000
2003-06-27,9626.8604,9711.2197,9613.6396,9657.2100,9657.2100,165700000
2003-06-30,9594.9404,9641.6201,9564.0703,9577.1201,9577.1201,189500000
2003-07-02,9613.5703,9650.3896,9512.2002,9602.6201,9602.6201,263500000
2003-07-03,9689.1396,9705.6299,9593.4199,9646.0996,9646.0996,278700000
2003-07-04,9628.3896,9670.4199,9569.8496,9636.8096,9636.8096,156400000
2003-07-07,9683.8096,9905.4697,9637.9004,9892.4004,9892.4004,268000000
2003-07-08,10010.4600,10086.4502,9983.7598,9992.8701,9992.8701,386300000
2003-07-09,10028.2305,10069.7100,9997.6699,10027.4102,10027.4102,283500000
2003-07-10,10035.9600,10051.7500,9946.4600,9983.3096,9983.3096,211600000
2003-07-11,9883.5195,9936.1797,9854.0303,9911.5000,9911.5000,203900000
2003-07-14,9990.8896,10122.5703,9980.2500,10122.4004,10122.4004,225200000
2003-07-15,10163.2695,10179.6104,10030.7598,10135.5498,10135.5498,262600000
2003-07-16,10116.0098,10236.8896,10093.7100,10207.1699,10207.1699,203000000
2003-07-17,10136.7100,10198.9502,10035.2002,10096.7197,10096.7197,207200000
2003-07-18,10022.4697,10145.5195,10012.3203,10140.8398,10140.8398,1086900000
2003-07-21,10189.1504,10203.3496,10081.1396,10102.8604,10102.8604,245600000
2003-07-22,10059.2500,10062.8701,9957.9805,10008.7100,10008.7100,192200000
2003-07-23,10018.0703,10031.1504,9897.6904,9900.5596,9900.5596,207400000
2003-07-24,9900.5596,10008.4102,9900.5596,9923.1396,9923.1396,145700000
2003-07-25,9885.4600,9952.1904,9864.4502,9939.2002,9939.2002,145600000
2003-07-28,10031.2402,10164.7900,10031.2402,10134.8799,10134.8799,242300000
2003-07-29,10133.7197,10222.8301,10125.8096,10198.5996,10198.5996,282400000
2003-07-30,10180.8701,10206.4404,10055.5098,10121.2197,10121.2197,287500000
2003-07-31,10103.1602,10171.2803,10065.3096,10134.8301,10134.8301,287600000
2003-08-01,10184.4297,10292.7695,10183.3701,10248.5996,10248.5996,313500000
2003-08-04,10208.1299,10291.0000,10153.3301,10183.1396,10183.1396,207500000
2003-08-05,10283.8701,10285.6797,10174.5996,10177.3799,10177.3799,177500000
2003-08-06,10084.4199,10084.4199,9966.7002,9987.5400,9987.5400,294300000
2003-08-07,9998.5996,10011.1602,9937.9697,9958.0498,9958.0498,227700000
2003-08-08,9997.9404,10026.6904,9924.1396,9945.2197,9945.2197,229200000
2003-08-11,9983.8799,10099.9600,9978.9902,10093.5400,10093.5400,154500000
2003-08-12,10125.8096,10187.0400,10104.5000,10184.1699,10184.1699,220300000
2003-08-13,10273.0303,10365.4199,10257.1797,10301.4697,10301.4697,368300000
2003-08-14,10352.0898,10374.2305,10283.9297,10374.0195,10374.0195,250000000
2003-08-15,10427.1504,10434.4902,10312.5195,10424.5596,10424.5596,224200000
2003-08-18,10457.3496,10527.3496,10424.3896,10525.0400,10525.0400,345800000
2003-08-19,10569.0498,10617.7197,10477.5801,10509.2900,10509.2900,335800000
2003-08-20,10462.2695,10576.1904,10447.7402,10475.3301,10475.3301,272300000
2003-08-21,10490.5703,10655.2100,10474.2803,10643.6299,10643.6299,407500000
2003-08-22,10665.5596,10768.6396,10623.6904,10760.7305,10760.7305,396000000
2003-08-25,10733.1201,10845.7598,10718.8799,10764.2197,10764.2197,364100000
2003-08-26,10709.5996,10753.9297,10629.8896,10753.9297,10753.9297,291600000
2003-08-27,10749.8799,10797.9600,10659.0000,10678.5498,10678.5498,264300000
2003-08-28,10693.5400,10770.4404,10675.9805,10760.1201,10760.1201,231100000
2003-08-29,10812.8701,10934.5195,10804.4600,10908.9902,10908.9902,406800000
2003-09-01,10937.7900,11039.4297,10899.9297,10903.4004,10903.4004,298900000
2003-09-02,10940.3398,10967.5195,10879.4404,10939.9404,10939.9404,143400000
2003-09-03,11027.5596,11114.5000,10989.7500,11102.3604,11102.3604,385800000
2003-09-04,11145.7305,11196.1797,11062.2305,11138.6201,11138.6201,467700000
2003-09-05,11164.6504,11198.9600,11104.3203,11170.6104,11170.6104,292800000
2003-09-08,11126.3096,11177.4004,11076.7100,11165.2803,11165.2803,331100000
2003-09-09,11219.7197,11242.1504,11029.4502,11046.8203,11046.8203,303200000
2003-09-10,10948.0303,10948.0303,10784.8604,10810.3096,10810.3096,325000000
2003-09-11,10762.0303,10889.0498,10762.0303,10883.5195,10883.5195,226800000
2003-09-15,10952.5801,11008.8799,10871.5898,10992.7305,10992.7305,259600000
2003-09-16,10908.7100,11074.9404,10873.3799,11071.3799,11071.3799,273400000
2003-09-17,11165.8096,11189.9102,11075.6396,11140.0498,11140.0498,423100000
2003-09-18,11104.3203,11129.9502,10984.7803,11069.2197,11069.2197,269300000
2003-09-19,11170.3496,11204.8701,10949.2305,10968.4199,10968.4199,422600000
2003-09-22,10920.0303,11010.1396,10822.5596,10873.2695,10873.2695,275200000
2003-09-23,10877.9502,10998.1904,10841.7100,10944.3604,10944.3604,247100000
2003-09-24,11008.4297,11298.9600,11008.4297,11295.8896,11295.8896,465200000
2003-09-25,11273.1201,11444.7197,11230.2402,11286.5195,11286.5195,627800000
2003-09-26,11302.1504,11345.0000,11215.7100,11290.1504,11290.1504,381100000
2003-09-29,11256.0596,11256.0596,11104.3398,11141.2803,11141.2803,398300000
2003-09-30,11227.0400,11325.9600,11196.9805,11229.8701,11229.8701,364100000
2003-10-02,11372.5303,11548.4404,11372.5303,11546.1201,11546.1201,510400000
2003-10-03,11581.5098,11652.4004,11541.6797,11608.7197,11608.7197,469500000
2003-10-06,11715.9102,11838.2402,11715.5996,11734.4805,11734.4805,455900000
2003-10-07,11709.2402,11737.0303,11624.3701,11723.9199,11723.9199,468200000
2003-10-08,11754.7100,11885.2402,11648.6104,11720.7998,11720.7998,464100000
2003-10-09,11762.2598,11821.1797,11710.0801,11800.3701,11800.3701,323000000
2003-10-10,11943.5098,11958.3896,11831.9600,11935.8301,11935.8301,326100000
2003-10-13,11957.3799,11992.9102,11831.5801,11961.9697,11961.9697,261800000
2003-10-14,12065.3496,12065.3496,11834.2100,11856.0195,11856.0195,318500000
2003-10-15,11900.0000,12056.7500,11884.7100,12056.1797,12056.1797,279700000
2003-10-16,12041.8301,12104.8896,11952.0195,12027.5703,12027.5703,349400000
2003-10-17,12070.7197,12088.6201,11915.4102,12044.4902,12044.4902,348700000
2003-10-20,11985.4004,12156.7500,11958.4697,12147.8896,12147.8896,405900000
2003-10-21,12190.0801,12297.4600,12161.2500,12250.6904,12250.6904,373100000
2003-10-22,12240.5400,12283.8799,12199.2305,12238.6299,12238.6299,411500000
2003-10-23,12027.9102,12051.1396,11712.1396,11737.1797,11737.1797,496900000
2003-10-24,11792.8701,11819.2002,11558.1104,11736.3701,11736.3701,381000000
2003-10-27,11749.8701,11803.1797,11678.2002,11749.7197,11749.7197,215700000
2003-10-28,11844.0195,12123.7305,11844.0195,12091.8799,12091.8799,352300000
2003-10-29,12294.9102,12304.5703,12117.0000,12130.5098,12130.5098,321300000
2003-10-30,12202.4600,12202.4600,11989.0098,12143.3496,12143.3496,395300000
2003-10-31,12139.9697,12205.8398,12065.6396,12190.0996,12190.0996,336000000
2003-11-03,12222.4404,12412.1797,12222.4404,12386.8096,12386.8096,309000000
2003-11-04,12503.5801,12537.1904,12406.6396,12440.7197,12440.7197,295200000
2003-11-05,12391.7402,12470.9102,12330.5703,12438.9199,12438.9199,253700000
2003-11-06,12341.0400,12381.2305,12059.9697,12150.0898,12150.0898,363900000
2003-11-07,12205.1904,12256.4199,12129.1602,12215.1699,12215.1699,185300000
2003-11-10,12224.7900,12281.3496,12070.0098,12156.6797,12156.6797,196600000
2003-11-11,12011.3604,12105.2695,11946.5303,12003.6201,12003.6201,227100000
2003-11-12,12021.3604,12060.1396,11872.4404,11971.4805,11971.4805,221400000
2003-11-13,12116.8604,12234.8496,12082.5195,12227.5703,12227.5703,235400000
2003-11-14,12219.5801,12267.0898,12164.2695,12203.5303,12203.5303,159500000
2003-11-17,11950.4805,12010.4199,11911.8496,11997.0195,11997.0195,238900000
2003-11-18,11966.9600,12049.5303,11828.6504,12027.2598,12027.2598,294200000
2003-11-19,11839.2998,11913.3496,11797.6699,11872.9902,11872.9902,286100000
2003-11-20,11926.0400,11949.2900,11807.2998,11845.4102,11845.4102,225200000
2003-11-21,11718.5098,11840.1904,11661.4697,11839.7998,11839.7998,248200000
2003-11-24,11854.9697,11889.4697,11793.8203,11848.5596,11848.5596,130600000
2003-11-25,12006.3096,12064.7500,11974.0098,12008.0703,12008.0703,199000000
2003-11-26,12010.7100,12099.1504,11943.9404,12086.6699,12086.6699,181100000
2003-11-27,12075.9697,12131.6904,12015.3896,12075.9902,12075.9902,157300000
2003-11-28,12108.7900,12339.9404,12091.5303,12317.4697,12317.4697,304800000
2003-12-01,12306.2598,12481.2803,12306.2598,12456.9902,12456.9902,304000000
2003-12-02,12526.2305,12539.0000,12403.6797,12412.2305,12412.2305,277400000
2003-12-03,12386.0098,12480.5996,12334.0498,12361.1797,12361.1797,211500000
2003-12-04,12379.9404,12400.5996,12286.6504,12342.6504,12342.6504,136300000
2003-12-05,12309.5703,12367.1504,12236.2402,12314.7305,12314.7305,156000000
2003-12-08,12214.1904,12214.6104,12124.0000,12177.4404,12177.4404,149200000
2003-12-09,12244.6602,12418.7803,12227.8398,12393.6396,12393.6396,192300000
2003-12-10,12321.5898,12428.4902,12310.0898,12398.3799,12398.3799,212700000
2003-12-11,12343.8896,12590.2305,12337.8203,12554.5801,12554.5801,286300000
2003-12-12,12631.6299,12674.0801,12566.2803,12594.4199,12594.4199,250000000
2003-12-15,12705.4199,12740.5000,12504.2900,12520.1699,12520.1699,258600000
2003-12-16,12400.8496,12456.0098,12166.9805,12260.3301,12260.3301,1664400000
2003-12-17,12315.2305,12337.5703,12111.2305,12193.1201,12193.1201,364600000
2003-12-18,12225.7803,12310.4404,12163.2002,12240.2500,12240.2500,238400000
2003-12-19,12385.1904,12443.9697,12299.7002,12371.7500,12371.7500,220700000
2003-12-22,12422.3203,12498.8799,12405.6396,12487.9902,12487.9902,202400000
2003-12-23,12515.5000,12545.0400,12416.0098,12420.5098,12420.5098,200900000
2003-12-24,12468.7305,12507.2803,12446.6104,12456.7002,12456.7002,120800000
2003-12-29,12443.5596,12466.4004,12336.7305,12464.2900,12464.2900,153200000
2003-12-30,12560.3398,12643.7998,12504.9697,12526.7402,12526.7402,266800000
2003-12-31,12529.8301,12631.6904,12529.4297,12575.9404,12575.9404,138300000
2004-01-02,12664.9902,12815.0801,12664.9902,12801.4805,12801.4805,305600000
2004-01-05,12844.5898,13009.4004,12763.0996,13005.3301,13005.3301,363000000
2004-01-06,13063.4502,13128.7305,12975.5000,13036.3203,13036.3203,440100000
2004-01-07,13122.9902,13216.3604,13095.5898,13157.6797,13157.6797,381700000
2004-01-08,13184.4404,13255.8096,13063.2695,13203.5898,13203.5898,486100000
2004-01-09,13326.0498,13405.3398,13233.2695,13385.7998,13385.7998,651700000
2004-01-12,13315.2900,13414.6504,13263.6104,13352.2197,13352.2197,391800000
2004-01-13,13384.2998,13446.7598,13162.4902,13396.6504,13396.6504,372300000
2004-01-14,13289.1104,13398.6299,13282.1104,13320.8799,13320.8799,312600000
2004-01-15,13336.1797,13385.2500,13198.9199,13249.8096,13249.8096,251500000
2004-01-16,13229.8896,13290.3896,13136.9199,13167.7598,13167.7598,307000000
2004-01-19,13187.0000,13253.3096,13098.2598,13253.3096,13253.3096,223100000
2004-01-20,13280.2695,13584.1201,13268.6299,13570.4297,13570.4297,406900000
2004-01-21,13631.4199,13776.8496,13631.4199,13750.5801,13750.5801,359300000
2004-01-26,13756.7598,13764.5400,13666.0898,13727.2695,13727.2695,349400000
2004-01-27,13737.5596,13780.7100,13550.7695,13761.8799,13761.8799,503600000
2004-01-28,13668.4297,13669.8799,13400.2900,13431.7803,13431.7803,463600000
2004-01-29,13226.8799,13340.9102,13168.4297,13334.0098,13334.0098,486000000
2004-01-30,13315.0195,13353.8496,13225.3301,13289.3701,13289.3701,365200000
2004-02-02,13158.2598,13158.2598,12985.7002,12999.9805,12999.9805,321600000
2004-02-03,12921.7803,13094.8799,12877.0898,13090.0098,13090.0098,344300000
2004-02-04,13058.0703,13168.5000,13036.1104,13086.7305,13086.7305,247100000
2004-02-05,13063.0000,13116.9805,12982.7500,13030.9404,13030.9404,196500000
2004-02-06,13070.2197,13320.8496,13070.2197,13309.5996,13309.5996,281000000
2004-02-09,13437.2100,13586.2598,13437.2100,13576.6797,13576.6797,356700000
2004-02-10,13558.2803,13623.2998,13490.3496,13515.6602,13515.6602,370000000
2004-02-11,13592.6904,13659.3604,13478.6904,13524.7598,13524.7598,259000000
2004-02-12,13680.5498,13680.5498,13585.4102,13625.1299,13625.1299,256100000
2004-02-13,13587.4102,13744.3799,13526.1602,13739.7998,13739.7998,422500000
2004-02-16,13727.9697,13857.9805,13712.5996,13831.5303,13831.5303,301100000
2004-02-17,13854.4902,13887.6602,13713.7100,13815.4404,13815.4404,278300000
2004-02-18,13948.7402,13984.3799,13879.5303,13928.3799,13928.3799,324400000
2004-02-19,13871.3301,13940.2197,13813.3701,13867.2197,13867.2197,359400000
2004-02-20,13889.6797,13925.5801,13810.3398,13868.3701,13868.3701,273600000
2004-02-23,13849.6797,13851.8203,13691.0898,13765.0703,13765.0703,249700000
2004-02-24,13743.0703,13889.8203,13692.8896,13756.4102,13756.4102,263200000
2004-02-25,13773.1201,13810.2197,13560.8496,13599.4697,13599.4697,270200000
2004-02-26,13618.0596,13714.7598,13601.9297,13674.6396,13674.6396,211200000
2004-02-27,13722.7100,13934.7500,13674.2900,13907.0303,13907.0303,352000000
2004-03-01,14021.3604,14058.2100,13896.5703,13918.6504,13918.6504,273000000
2004-03-02,13906.4404,13906.4404,13706.0996,13731.3496,13731.3496,265200000
2004-03-03,13553.0898,13567.2100,13418.3896,13454.0898,13454.0898,326800000
2004-03-04,13472.8896,13526.6797,13402.6699,13451.5596,13451.5596,266700000
2004-03-05,13434.4404,13499.9199,13402.8203,13454.7598,13454.7598,220600000
2004-03-08,13549.9404,13677.6797,13541.4697,13573.5400,13573.5400,372500000
2004-03-09,13544.6699,13544.6699,13360.1299,13397.2500,13397.2500,285900000
2004-03-10,13312.0000,13312.0000,13129.2002,13214.2002,13214.2002,383100000
2004-03-11,12996.7598,13079.7305,12979.7598,13024.0596,13024.0596,435800000
2004-03-12,12809.6699,12932.7500,12730.4902,12932.2305,12932.2305,424600000
2004-03-15,13002.3203,13075.9600,12912.5498,12919.4102,12919.4102,274400000
2004-03-16,12820.3701,12947.5000,12791.4102,12932.6201,12932.6201,203200000
2004-03-17,12948.4902,13033.7500,12889.3701,12975.7197,12975.7197,249000000
2004-03-18,12998.6904,13017.0596,12787.3203,12816.1904,12816.1904,259700000
2004-03-19,12792.6699,12851.1201,12715.9697,12790.5801,12790.5801,349100000
2004-03-22,12593.4199,12631.2695,12529.4805,12550.9102,12550.9102,300500000
2004-03-23,12437.1699,12665.9902,12424.3799,12588.3604,12588.3604,298800000
2004-03-24,12618.8701,12699.3398,12612.7803,12678.1299,12678.1299,295500000
2004-03-25,12579.9199,12611.5898,12480.5898,12520.2100,12520.2100,335200000
2004-03-26,12647.7197,12650.9199,12470.8701,12483.2402,12483.2402,393400000
2004-03-29,12493.3604,12505.8496,12400.3496,12427.3398,12427.3398,247500000
2004-03-30,12555.9297,12695.6299,12469.8496,12641.3896,12641.3896,322000000
2004-03-31,12706.7002,12740.2197,12580.5195,12681.6699,12681.6699,243900000
2004-04-01,12679.4297,12701.6104,12609.7900,12676.2500,12676.2500,217600000
2004-04-02,12727.1299,12763.0498,12680.1699,12731.7598,12731.7598,329000000
2004-04-06,12886.1104,12941.9102,12833.2803,12886.9697,12886.9697,384400000
2004-04-07,12909.7305,12946.8701,12869.6201,12920.0498,12920.0498,262000000
2004-04-08,12919.0400,12979.7402,12858.8799,12909.3701,12909.3701,223500000
2004-04-13,13015.2402,13126.1504,13014.5000,13031.8096,13031.8096,410200000
2004-04-14,12891.6797,12912.7500,12664.2402,12669.8604,12669.8604,342200000
2004-04-15,12648.6396,12657.0098,12358.4600,12479.2598,12479.2598,565100000
2004-04-16,12422.1699,12510.0996,12404.1602,12458.3799,12458.3799,361400000
2004-04-19,12452.0000,12458.2197,12324.8096,12450.0000,12450.0000,282100000
2004-04-20,12492.9902,12514.8496,12346.8604,12394.3701,12394.3701,315200000
2004-04-21,12290.9004,12303.1699,12182.8203,12227.2998,12227.2998,361900000
2004-04-22,12235.9902,12318.8604,12091.2598,12167.7002,12167.7002,335100000
2004-04-23,12296.7197,12386.1396,12243.5801,12383.9404,12383.9404,315100000
2004-04-26,12304.8701,12309.4600,12091.0195,12132.6797,12132.6797,346200000
2004-04-27,12141.8203,12245.7598,12064.5498,12154.9102,12154.9102,238400000
2004-04-28,12148.5000,12245.3701,12143.6699,12165.3096,12165.3096,223900000
2004-04-29,11969.4102,12042.0703,11898.1797,12005.5801,12005.5801,385500000
2004-04-30,11898.5303,11987.1504,11856.3398,11942.9600,11942.9600,424700000
2004-05-03,11876.2002,11970.0498,11871.2803,11950.6201,11950.6201,176600000
2004-05-04,11988.7402,12154.1797,11988.7402,12098.2998,12098.2998,343100000
2004-05-05,12115.2305,12115.2305,11860.2695,11950.4600,11950.4600,324800000
2004-05-06,11985.7197,12128.9004,11954.9697,12010.3096,12010.3096,289700000
2004-05-07,11902.8701,11955.3496,11835.2598,11910.7598,11910.7598,246300000
2004-05-10,11704.2500,11704.2500,11448.7500,11485.5000,11485.5000,454100000
2004-05-11,11420.7500,11530.4199,11331.6904,11508.0898,11508.0898,334600000
2004-05-12,11590.9102,11662.2100,11495.3799,11528.1797,11528.1797,412000000
2004-05-13,11498.0303,11535.9902,11354.3604,11396.9404,11396.9404,299200000
2004-05-14,11421.9199,11450.8896,11245.6602,11276.8604,11276.8604,279500000
2004-05-17,11207.2500,11265.2695,10917.6504,10967.6504,10967.6504,424600000
2004-05-18,11033.4199,11132.6904,10981.2900,11072.3896,11072.3896,364100000
2004-05-19,11227.4697,11478.0703,11227.4697,11469.4102,11469.4102,492300000
2004-05-20,11414.7500,11495.6104,11235.7900,11339.6201,11339.6201,368100000
2004-05-21,11350.2002,11602.2695,11334.0703,11576.0098,11576.0098,287200000
2004-05-24,11584.4297,11687.3799,11563.5400,11662.9697,11662.9697,221400000
2004-05-25,11616.5596,11700.5898,11512.6104,11692.5596,11692.5596,238800000
2004-05-27,11904.7500,11993.5801,11839.2900,11983.9004,11983.9004,377500000
2004-05-28,12089.5400,12222.2598,11999.6104,12116.8701,12116.8701,438700000
2004-05-31,12081.6797,12199.4004,11990.6299,12198.2402,12198.2402,231400000
2004-06-01,12172.2305,12253.2598,12076.9199,12105.5498,12105.5498,207000000
2004-06-02,12075.0303,12234.7100,12064.1396,12201.7500,12201.7500,227600000
2004-06-03,12200.5195,12236.2002,11844.7100,11929.9297,11929.9297,361600000
2004-06-04,11965.5996,12034.5098,11908.7305,12022.6396,12022.6396,213500000
2004-06-07,12258.7197,12360.8096,12233.8896,12326.8496,12326.8496,346200000
2004-06-08,12412.1299,12463.2598,12319.9199,12344.1602,12344.1602,292600000
2004-06-09,12356.3799,12426.6904,12283.5703,12339.9404,12339.9404,247000000
2004-06-10,12283.7002,12458.9600,12235.5400,12422.8701,12422.8701,350400000
2004-06-11,12439.1904,12440.8398,12336.5498,12396.3896,12396.3896,221700000
2004-06-14,12430.2002,12538.6504,12053.6504,12076.5703,12076.5703,349800000
2004-06-15,12039.2402,12165.9102,12001.9102,12050.6904,12050.6904,242400000
2004-06-16,12245.7100,12260.3799,12095.7002,12161.7803,12161.7803,198900000
2004-06-17,12135.5703,12201.8301,12036.7197,12082.8604,12082.8604,220800000
2004-06-18,11960.0498,11960.0498,11789.4502,11855.5498,11855.5498,346800000
2004-06-21,11997.3203,11999.4805,11781.8203,11845.5898,11845.5898,227300000
2004-06-23,11860.2305,11919.6797,11786.6396,11849.7695,11849.7695,245700000
2004-06-24,11923.9902,12177.3496,11904.4199,12163.6797,12163.6797,363400000
2004-06-25,12159.8701,12207.1201,12070.7598,12185.5195,12185.5195,226900000
2004-06-28,12142.3604,12229.7998,12092.8203,12194.5996,12194.5996,178200000
2004-06-29,12167.8203,12190.5703,12037.9600,12116.2998,12116.2998,200200000
2004-06-30,12199.1797,12328.4805,12199.1797,12285.7500,12285.7500,317100000
2004-07-02,12052.3604,12246.7500,12051.0498,12220.1299,12220.1299,256900000
2004-07-05,12160.2197,12258.0996,12130.0195,12252.1104,12252.1104,140200000
2004-07-06,12274.1104,12336.6201,12210.3799,12284.0801,12284.0801,224300000
2004-07-07,12174.5996,12343.6904,12166.0596,12320.2598,12320.2598,258500000
2004-07-08,12295.4697,12345.1797,12114.9102,12119.7500,12119.7500,222700000
2004-07-09,12157.2500,12213.9102,12117.4600,12202.2598,12202.2598,183300000
2004-07-12,12227.5498,12267.9102,12170.1699,12191.0098,12191.0098,175000000
2004-07-13,12191.7197,12191.7197,12012.7402,12078.3301,12078.3301,213600000
2004-07-14,12062.4102,12133.2197,11915.4697,11932.8301,11932.8301,259400000
2004-07-15,11931.8896,11957.0498,11883.9297,11939.4102,11939.4102,182500000
2004-07-16,11868.2002,12109.5898,11862.6797,12059.2002,12059.2002,189800000
2004-07-19,12079.4297,12172.9697,12033.2197,12166.9502,12166.9502,190200000
2004-07-20,12098.1104,12137.8799,12051.9697,12123.6299,12123.6299,199200000
2004-07-21,12248.0996,12399.3701,12248.0996,12395.1104,12395.1104,416100000
2004-07-22,12295.2002,12344.7803,12245.8203,12320.2100,12320.2100,211900000
2004-07-23,12286.0195,12387.9600,12286.0195,12352.9902,12352.9902,191700000
2004-07-26,12242.5996,12322.3398,12218.5898,12319.8301,12319.8301,149500000
2004-07-27,12273.6504,12358.6104,12250.1699,12301.3203,12301.3203,222400000
2004-07-28,12378.0898,12382.0303,12292.3398,12320.2695,12320.2695,156800000
2004-07-29,12265.5195,12284.3203,12084.6797,12183.0996,12183.0996,233000000
2004-07-30,12290.5703,12344.9600,12223.8701,12238.0303,12238.0303,277500000
2004-08-02,12233.6299,12236.8301,12131.7598,12201.3896,12201.3896,178900000
2004-08-03,12405.2998,12425.4297,12279.6396,12357.1201,12357.1201,254500000
2004-08-04,12269.9805,12322.3398,12174.0898,12280.2598,12280.2598,304800000
2004-08-05,12319.3301,12518.5498,12315.6396,12491.9199,12491.9199,311300000
2004-08-06,12403.0000,12503.2197,12391.8701,12478.6797,12478.6797,268400000
2004-08-09,12420.7305,12534.6396,12415.0996,12467.4102,12467.4102,161500000
2004-08-10,12455.4902,12503.4697,12367.6797,12408.0400,12408.0400,200400000
2004-08-11,12477.4102,12482.7900,12324.0195,12343.1299,12343.1299,231500000
2004-08-12,12342.3203,12431.0195,12271.8896,12413.4297,12413.4297,283300000
2004-08-13,12347.3604,12367.3398,12278.9297,12359.8301,12359.8301,273000000
2004-08-16,12320.7695,12338.8604,12150.7100,12219.7500,12219.7500,257900000
2004-08-17,12278.6904,12319.5703,12220.5703,12256.1201,12256.1201,166200000
2004-08-18,12209.5195,12269.3604,12194.4102,12228.5400,12228.5400,142500000
2004-08-19,12296.5801,12428.7695,12289.8799,12396.6699,12396.6699,308400000
2004-08-20,12358.5596,12418.3096,12320.4199,12376.9004,12376.9004,211600000
2004-08-23,12413.7695,12452.0703,12385.7500,12431.7695,12431.7695,220500000
2004-08-24,12424.3398,12657.4102,12409.3799,12646.4902,12646.4902,348600000
2004-08-25,12666.7598,12819.6396,12666.7598,12793.0303,12793.0303,459600000
2004-08-26,12793.0801,12843.8604,12720.7695,12784.3896,12784.3896,331200000
2004-08-27,12765.0801,12898.0195,12765.0801,12818.4199,12818.4199,325600000
2004-08-30,12806.6396,12901.0898,12802.1299,12877.7803,12877.7803,230500000
2004-08-31,12833.3496,12904.2402,12806.8496,12850.2803,12850.2803,203300000
2004-09-01,12924.1299,13042.5898,12924.1299,13023.8701,13023.8701,318800000
2004-09-02,13026.7100,13088.4199,12979.8701,12999.0703,12999.0703,271300000
2004-09-03,13060.5596,13074.8496,12934.9199,12948.0996,12948.0996,268500000
2004-09-06,12964.7002,13107.3701,12942.6699,13104.3398,13104.3398,335600000
2004-09-07,13102.9697,13146.4199,13058.0195,13136.0400,13136.0400,250700000
2004-09-08,13161.8096,13190.3896,13013.6504,13049.9600,13049.9600,367400000
2004-09-09,13019.9600,13080.7002,12905.8496,12942.2002,12942.2002,286500000
2004-09-10,12945.5000,13008.0000,12865.0596,13003.9902,13003.9902,337600000
2004-09-13,13079.3896,13143.4502,13059.1797,13139.5703,13139.5703,267800000
2004-09-14,13147.9502,13172.0703,13090.2305,13148.0596,13148.0596,232100000
2004-09-15,13127.3896,13127.9404,13007.6299,13084.4004,13084.4004,249000000
2004-09-16,13044.4199,13223.5098,13044.4199,13209.8398,13209.8398,329000000
2004-09-17,13243.1504,13254.2100,13184.3799,13224.9297,13224.9297,892800000
2004-09-20,13236.4805,13284.0098,13173.5195,13221.3301,13221.3301,464500000
2004-09-21,13212.3496,13311.3604,13154.9902,13304.4805,13304.4805,416900000
2004-09-22,13314.0801,13356.8799,13265.1699,13272.2305,13272.2305,569700000
2004-09-23,13198.7900,13282.8604,13179.1299,13280.4297,13280.4297,371500000
2004-09-24,13236.2500,13253.3301,13035.1602,13066.8398,13066.8398,404200000
2004-09-27,13053.5996,13067.7598,12908.0996,13021.9004,13021.9004,318900000
2004-09-28,12933.3203,12967.0703,12884.4004,12950.7998,12950.7998,299300000
2004-09-30,13056.7998,13154.9102,13052.3799,13120.0303,13120.0303,361000000
2004-10-04,13347.1699,13402.9600,13323.2900,13359.2500,13359.2500,546700000
2004-10-05,13366.8701,13366.8701,13304.1699,13331.0996,13331.0996,307400000
2004-10-06,13378.3701,13398.7695,13271.5498,13271.5703,13271.5703,269400000
2004-10-07,13333.3301,13334.6104,13268.7695,13321.7305,13321.7305,204200000
2004-10-08,13291.2803,13380.5195,13186.2100,13241.4600,13241.4600,391200000
2004-10-11,13240.8496,13321.5400,13158.5400,13305.1299,13305.1299,276800000
2004-10-12,13244.4004,13286.0801,13186.9697,13251.5898,13251.5898,271600000
2004-10-13,13242.0303,13301.3301,13093.9805,13171.5801,13171.5801,386300000
2004-10-14,13024.8398,13068.7100,12982.2900,13035.3799,13035.3799,281200000
2004-10-15,13021.5801,13094.5596,13012.8398,13059.4297,13059.4297,190300000
2004-10-18,13074.7305,13089.4404,12989.8301,13034.7402,13034.7402,158300000
2004-10-19,13108.2197,13155.3701,13042.6201,13154.5498,13154.5498,191000000
2004-10-20,13094.1504,13095.8799,12954.8701,12999.1299,12999.1299,266300000
2004-10-21,12997.4404,13037.7500,12945.2998,13015.2002,13015.2002,243000000
2004-10-25,12816.0801,12846.7500,12743.4199,12818.0996,12818.0996,435000000
2004-10-26,12841.0801,12867.5098,12810.7598,12852.3496,12852.3496,281100000
2004-10-27,12880.9902,12918.4502,12836.4902,12838.7100,12838.7100,240900000
2004-10-28,12973.6602,13141.2998,12973.3604,13113.1504,13113.1504,412800000
2004-10-29,13027.1201,13098.5400,13025.0703,13054.6602,13054.6602,409100000
2004-11-01,13039.4004,13105.0801,13001.3203,13094.2500,13094.2500,198400000
2004-11-02,13160.0801,13313.1699,13160.0801,13308.7402,13308.7402,386300000
2004-11-03,13316.1201,13427.3701,13270.2002,13397.6699,13397.6699,352700000
2004-11-04,13485.8896,13485.8896,13319.6904,13369.0898,13369.0898,308500000
2004-11-05,13497.9502,13536.8701,13461.1104,13494.9502,13494.9502,362400000
2004-11-08,13536.2100,13573.8701,13463.7197,13561.4902,13561.4902,258300000
2004-11-09,13542.0498,13579.4004,13486.2900,13516.6699,13516.6699,256300000
2004-11-10,13563.4697,13672.3701,13530.3301,13672.3701,13672.3701,388800000
2004-11-11,13657.0400,13684.8799,13587.2305,13624.5098,13624.5098,431500000
2004-11-12,13750.2305,13822.1104,13747.5596,13784.4600,13784.4600,433000000
2004-11-15,13906.9902,13950.9404,13887.9102,13932.2197,13932.2197,458200000
2004-11-16,13926.6201,13926.6201,13726.7900,13746.0801,13746.0801,559100000
2004-11-17,13787.3896,13858.6299,13770.2695,13824.9805,13824.9805,469000000
2004-11-18,13853.7305,13882.6904,13784.8604,13799.8203,13799.8203,346000000
2004-11-19,13853.3301,13870.7100,13751.2998,13787.6797,13787.6797,289200000
2004-11-22,13646.8096,13803.5000,13629.7803,13800.5996,13800.5996,296800000
2004-11-23,13809.3799,14048.6904,13784.0498,14023.2900,14023.2900,429600000
2004-11-24,14001.0303,14091.8896,13942.3496,13997.0195,13997.0195,435100000
2004-11-25,14009.0703,14054.7100,13867.9600,13926.6104,13926.6104,357200000
2004-11-26,13922.1699,14009.1299,13856.0996,13895.0303,13895.0303,396700000
2004-11-29,13979.3301,14111.3203,13975.1904,14066.9102,14066.9102,314600000
2004-11-30,14059.8496,14137.3203,14015.7100,14060.0498,14060.0498,764500000
2004-12-01,14005.9102,14162.7998,13936.5098,14162.7998,14162.7998,338000000
2004-12-02,14311.9502,14339.0596,14226.2002,14261.7900,14261.7900,456500000
2004-12-03,14264.4404,14282.1797,14149.6904,14211.8398,14211.8398,419000000
2004-12-06,14256.0098,14287.5498,14165.6504,14256.8604,14256.8604,308200000
2004-12-07,14196.5898,14317.3096,14184.0000,14235.7803,14235.7803,364400000
2004-12-08,14156.7100,14214.0098,13984.2100,14022.3203,14022.3203,400500000
2004-12-09,14009.2402,14063.6602,13910.1504,14008.8203,14008.8203,421000000
2004-12-10,13965.0596,14025.0703,13869.5303,13901.8096,13901.8096,317600000
2004-12-13,13875.3701,13906.6699,13760.1104,13886.1602,13886.1602,315200000
2004-12-14,13965.0703,14059.3301,13950.5098,14043.5195,14043.5195,421600000
2004-12-15,14054.0098,14133.2100,13997.0098,14078.5400,14078.5400,437600000
2004-12-16,14104.2500,14137.3799,13977.4199,14024.6299,14024.6299,290400000
2004-12-17,14013.4902,14032.4297,13905.4004,13992.4404,13992.4404,236600000
2004-12-20,14000.1797,14229.6699,13957.2500,14214.0400,14214.0400,318400000
2004-12-21,14235.3799,14259.9404,14135.7305,14180.7900,14180.7900,217400000
2004-12-22,14212.7002,14219.3301,14117.2998,14151.0801,14151.0801,200200000
2004-12-23,14165.6396,14254.8496,14134.1396,14235.2998,14235.2998,187800000
2004-12-24,14215.7500,14230.1602,14178.4004,14194.9004,14194.9004,102200000
2004-12-28,14147.9297,14234.5898,14096.8203,14196.9502,14196.9502,228500000
2004-12-29,14277.5303,14333.2402,14226.6104,14266.3799,14266.3799,201200000
2004-12-30,14262.3398,14304.5801,14158.7305,14163.5498,14163.5498,230200000
2004-12-31,14184.8301,14248.6396,14168.2402,14230.1396,14230.1396,149800000
2005-01-03,14216.0400,14267.2100,14150.0195,14237.4199,14237.4199,145600000
2005-01-04,14198.5098,14198.5098,13991.2002,14045.9004,14045.9004,397500000
2005-01-05,13939.0195,13941.1299,13709.5801,13764.3604,13764.3604,530200000
2005-01-06,13718.7900,13789.1504,13672.5596,13712.0400,13712.0400,418800000
2005-01-07,13698.1602,13771.4502,13403.0000,13574.8604,13574.8604,571200000
2005-01-10,13573.4199,13605.0195,13435.4297,13531.3896,13531.3896,317400000
2005-01-11,13609.3096,13649.4297,13455.3096,13509.2500,13509.2500,340800000
2005-01-12,13456.5400,13565.3096,13352.7100,13565.3096,13565.3096,337000000
2005-01-13,13570.2197,13631.4102,13533.0098,13573.2803,13573.2803,396300000
2005-01-14,13509.4600,13582.5400,13411.3096,13494.7803,13494.7803,473400000
2005-01-17,13529.0801,13636.7695,13528.1104,13621.6504,13621.6504,261000000
2005-01-18,13621.9600,13621.9600,13489.9902,13604.2197,13604.2197,289800000
2005-01-19,13634.0098,13700.9404,13586.3398,13678.6299,13678.6299,304000000
2005-01-20,13550.9805,13585.6699,13500.5801,13543.5898,13543.5898,460300000
2005-01-21,13495.9297,13518.6904,13432.4600,13481.0195,13481.0195,476200000
2005-01-24,13449.8799,13483.1299,13320.5303,13386.9902,13386.9902,450800000
2005-01-25,13378.8398,13594.8604,13356.2402,13584.0596,13584.0596,319800000
2005-01-26,13599.2002,13652.4502,13558.0303,13623.6797,13623.6797,365600000
2005-01-27,13636.7402,13750.4805,13596.4102,13628.9102,13628.9102,374400000
2005-01-28,13633.6797,13679.3096,13559.9805,13650.0596,13650.0596,268400000
2005-01-31,13625.2305,13762.8604,13581.1904,13721.6904,13721.6904,352600000
2005-02-01,13714.4199,13736.6396,13522.4297,13578.2598,13578.2598,407300000
2005-02-02,13573.6396,13607.8799,13454.4004,13555.7998,13555.7998,321800000
2005-02-03,13525.8896,13586.8496,13456.1396,13515.3301,13515.3301,404900000
2005-02-04,13495.7100,13623.5996,13470.4805,13585.1699,13585.1699,425700000
2005-02-07,13749.0801,13816.8604,13749.0801,13795.0000,13795.0000,383200000
2005-02-08,13806.5596,13863.9902,13788.3301,13845.6299,13845.6299,218200000
2005-02-14,14006.5400,14043.9404,13943.4600,14017.2305,14017.2305,426000000
2005-02-15,14042.3799,14065.6602,13978.2402,13995.8301,13995.8301,304100000
2005-02-16,14029.5000,14044.8301,13962.4805,14015.4902,14015.4902,302000000
2005-02-17,14024.1299,14037.6201,13936.6299,13967.8203,13967.8203,256400000
2005-02-18,13933.9199,14093.4297,13898.9199,14087.8701,14087.8701,323300000
2005-02-21,14072.4102,14113.9297,14045.7100,14111.6504,14111.6504,282800000
2005-02-22,14095.8896,14118.2305,14022.0596,14090.5195,14090.5195,296100000
2005-02-23,13933.7197,13964.7598,13907.5400,13957.9404,13957.9404,357000000
2005-02-24,13970.6396,14060.9102,13956.1396,14060.9102,14060.9102,301500000
2005-02-25,14103.1201,14207.5303,14103.1201,14157.0898,14157.0898,418000000
2005-02-28,14204.8604,14272.5400,14141.7803,14195.3496,14195.3496,398300000
2005-03-01,14031.2197,14085.8496,13954.5801,14061.1504,14061.1504,274500000
2005-03-02,14039.8496,14066.7598,13817.4600,13850.7803,13850.7803,375800000
2005-03-03,13816.8203,13909.1104,13785.3896,13892.3701,13892.3701,277100000
2005-03-04,13906.0098,13922.4297,13692.3896,13730.7803,13730.7803,395800000
2005-03-07,13829.8398,13872.6201,13749.2500,13771.9502,13771.9502,250700000
2005-03-08,13763.1396,13889.4297,13736.1797,13881.7100,13881.7100,303200000
2005-03-09,13915.3604,13996.4600,13871.2695,13941.4697,13941.4697,299300000
2005-03-10,13811.3604,13874.2100,13742.2402,13856.0195,13856.0195,482500000
2005-03-11,13859.8896,13909.2900,13781.4199,13890.9297,13890.9297,350900000
2005-03-14,13832.9404,13935.1104,13816.2500,13906.8496,13906.8496,286100000
2005-03-15,13886.8301,13886.8301,13763.5400,13816.7500,13816.7500,316200000
2005-03-16,13709.8496,13838.2305,13647.0596,13832.5195,13832.5195,344700000
2005-03-17,13723.2500,13858.4199,13699.7100,13817.9902,13817.9902,340100000
2005-03-18,13865.0498,13907.0596,13779.7695,13828.3701,13828.3701,281000000
2005-03-21,13822.9502,13865.1201,13786.7900,13834.3496,13834.3496,171000000
2005-03-22,13800.8301,13822.8799,13757.6504,13776.4697,13776.4697,264300000
2005-03-23,13602.9004,13643.9902,13564.6104,13603.6104,13603.6104,387000000
2005-03-24,13591.9404,13612.9805,13547.8398,13597.0996,13597.0996,300000000
2005-03-29,13552.0996,13552.0996,13380.9102,13411.8799,13411.8799,401300000
2005-03-30,13404.5996,13460.0098,13357.1699,13425.7500,13425.7500,312000000
2005-03-31,13515.3799,13556.1396,13482.4902,13516.8799,13516.8799,427800000
2005-04-01,13495.6602,13518.6299,13397.5996,13491.3496,13491.3496,323900000
2005-04-04,13474.3604,13545.3096,13436.9600,13513.4102,13513.4102,287600000
2005-04-06,13537.3799,13612.0400,13505.7803,13562.2598,13562.2598,355900000
2005-04-07,13605.4199,13619.8701,13538.4004,13602.3496,13602.3496,264300000
2005-04-08,13670.7900,13686.9902,13636.3496,13666.7197,13666.7197,245700000
2005-04-11,13614.0498,13668.0000,13606.3896,13659.9297,13659.9297,242400000
2005-04-12,13660.6504,13678.6396,13622.7100,13658.0498,13658.0498,165600000
2005-04-13,13695.6797,13808.5098,13665.4004,13799.6201,13799.6201,230200000
2005-04-14,13741.1699,13788.6797,13707.6699,13772.4004,13772.4004,323500000
2005-04-15,13672.7402,13672.7402,13579.1602,13638.7500,13638.7500,299400000
2005-04-18,13382.0195,13424.6602,13337.4404,13355.2305,13355.2305,502100000
2005-04-19,13430.1504,13503.2900,13428.3896,13444.0898,13444.0898,224700000
2005-04-20,13534.2402,13567.9404,13489.1299,13501.6299,13501.6299,187100000
2005-04-21,13407.5703,13639.8604,13401.8604,13597.3096,13597.3096,312400000
2005-04-22,13684.5898,13727.4404,13649.5000,13693.5498,13693.5498,300300000
2005-04-25,13744.4502,13802.4297,13711.3896,13750.2305,13750.2305,256000000
2005-04-26,13768.7305,13919.5195,13719.8096,13859.5801,13859.5801,389300000
2005-04-27,13832.8096,13847.3896,13799.6504,13839.6396,13839.6396,177700000
2005-04-28,13813.6797,13956.5195,13813.6797,13909.4199,13909.4199,339900000
2005-04-29,13829.4502,13913.0996,13801.1797,13908.9697,13908.9697,309000000
2005-05-03,13969.6396,13994.6602,13877.9199,13893.9805,13893.9805,231400000
2005-05-04,13958.1797,13981.7803,13917.7002,13945.0498,13945.0498,245300000
2005-05-05,14056.9297,14110.2900,14021.9297,14061.7002,14061.7002,313200000
2005-05-06,14041.2900,14095.8496,14004.0703,14033.9600,14033.9600,272600000
2005-05-09,14068.2598,14106.5303,14006.8496,14085.0898,14085.0898,283400000
2005-05-10,14097.1904,14112.6104,13991.1904,14018.3799,14018.3799,235400000
2005-05-11,13959.2900,13973.6201,13895.2695,13939.7998,13939.7998,207000000
2005-05-12,13968.9502,13984.3496,13928.0703,13968.2803,13968.2803,194100000
2005-05-13,13907.1602,13921.4199,13841.8604,13866.8096,13866.8096,223800000
2005-05-17,13861.5996,13863.1602,13626.6396,13667.0303,13667.0303,401400000
2005-05-18,13648.2598,13668.4297,13590.0498,13627.0098,13627.0098,271600000
2005-05-19,13676.8701,13747.9697,13645.0801,13698.9297,13698.9297,253500000
2005-05-20,13715.6504,13723.8203,13642.8398,13717.4199,13717.4199,201000000
2005-05-23,13730.0898,13730.0898,13632.2305,13699.1299,13699.1299,164000000
2005-05-24,13703.1396,13726.1504,13677.3398,13719.3203,13719.3203,158200000
2005-05-25,13715.0898,13717.0703,13542.4805,13562.0596,13562.0596,294300000
2005-05-26,13569.2598,13590.6104,13541.7695,13569.9902,13569.9902,182600000
2005-05-27,13671.6396,13739.2002,13669.2002,13714.7803,13714.7803,218400000
2005-05-30,13741.2803,13851.3301,13684.5195,13845.0996,13845.0996,255900000
2005-05-31,13815.7305,13932.9199,13779.7998,13867.0703,13867.0703,348600000
2005-06-01,13817.2695,13895.3301,13813.6904,13873.0703,13873.0703,302400000
2005-06-02,13942.9600,13946.0098,13779.7998,13814.5801,13814.5801,325200000
2005-06-03,13821.9502,13870.4902,13792.6504,13818.4502,13818.4502,297800000
2005-06-06,13768.0303,13862.6201,13745.6797,13860.5498,13860.5498,265800000
2005-06-07,13806.0000,13846.2998,13800.0898,13837.2900,13837.2900,258100000
2005-06-08,13868.1396,13938.7900,13842.0098,13898.5498,13898.5498,421800000
2005-06-09,13884.2197,13984.3398,13876.5801,13898.3096,13898.3096,419300000
2005-06-10,13927.0098,13972.7100,13916.8604,13934.7598,13934.7598,326600000
2005-06-13,13948.4199,13978.6396,13898.4600,13952.0195,13952.0195,209900000
2005-06-14,13954.7402,13999.0596,13901.4902,13904.8096,13904.8096,299700000
2005-06-15,13932.8496,13953.0303,13870.2305,13914.2998,13914.2998,285000000
2005-06-16,13909.7500,13909.7500,13801.4199,13833.5303,13833.5303,258600000
2005-06-17,13866.7900,13926.5898,13847.5000,13912.0303,13912.0303,412300000
2005-06-20,13928.7100,13966.9102,13908.7002,13945.7695,13945.7695,246100000
2005-06-21,13935.2900,13983.4805,13890.7803,13979.3496,13979.3496,276500000
2005-06-22,13995.6396,14183.3896,13995.6396,14161.0195,14161.0195,666200000
2005-06-23,14197.0098,14233.8096,14157.0098,14190.4404,14190.4404,543900000
2005-06-24,14141.6602,14230.2900,14108.3896,14230.2900,14230.2900,536800000
2005-06-27,14142.4902,14202.9805,14142.1396,14176.0400,14176.0400,319800000
2005-06-28,14206.8096,14287.4404,14174.7900,14287.4404,14287.4404,602400000
2005-06-29,14313.9902,14365.0498,14247.0400,14277.2803,14277.2803,543700000
2005-06-30,14281.4697,14310.7695,14154.7002,14201.0596,14201.0596,406400000
2005-07-04,14188.3496,14188.4697,14122.9697,14177.8701,14177.8701,362900000
2005-07-05,14146.4404,14161.0000,14101.5596,14124.7998,14124.7998,333200000
2005-07-06,14170.7100,14202.0898,14126.8604,14149.9297,14149.9297,427300000
2005-07-07,14146.2402,14156.9199,14006.7500,14030.8096,14030.8096,482300000
2005-07-08,14014.7998,14053.2100,13920.8701,13964.4697,13964.4697,340700000
2005-07-11,14065.3398,14157.2402,14047.0098,14157.2402,14157.2402,339000000
2005-07-12,14214.8799,14215.4805,14094.7002,14146.9502,14146.9502,332200000
2005-07-13,14170.3096,14308.3701,14140.4004,14307.2998,14307.2998,378500000
2005-07-14,14389.3701,14497.4297,14389.3701,14491.5400,14491.5400,616900000
2005-07-15,14489.8398,14550.1699,14444.5801,14504.2900,14504.2900,658500000
2005-07-18,14496.5498,14578.6904,14487.8701,14567.0000,14567.0000,325600000
2005-07-19,14493.2695,14625.0801,14493.2695,14567.7402,14567.7402,454200000
2005-07-20,14584.0596,14673.8301,14567.0195,14602.7002,14602.7002,428100000
2005-07-21,14660.7598,14691.7402,14560.4600,14620.1396,14620.1396,404300000
2005-07-22,14744.5195,14800.3096,14655.4404,14786.4600,14786.4600,593100000
2005-07-25,14794.9297,14841.5801,14768.7803,14794.0303,14794.0303,388300000
2005-07-26,14818.7900,14840.4404,14744.3896,14769.9297,14769.9297,289100000
2005-07-27,14786.9502,14828.0195,14743.6904,14801.8604,14801.8604,374500000
2005-07-28,14836.2998,14899.7100,14771.1602,14813.3203,14813.3203,352600000
2005-07-29,14863.5098,14892.2900,14838.1602,14880.9805,14880.9805,413000000
2005-08-01,14892.7305,14989.4697,14841.1201,14978.8799,14978.8799,331900000
2005-08-02,15068.2197,15167.7197,15046.8398,15137.0801,15137.0801,555000000
2005-08-03,15197.0596,15201.8203,15035.3701,15118.5000,15118.5000,537300000
2005-08-04,15101.5996,15186.1104,15076.4502,15111.5400,15111.5400,412100000
2005-08-05,15054.6299,15083.5098,14972.5195,15051.3203,15051.3203,342400000
2005-08-08,15033.9805,15117.9102,15024.5400,15108.9404,15108.9404,226900000
2005-08-09,15137.6396,15161.7900,15029.3896,15047.8398,15047.8398,339800000
2005-08-10,15113.8604,15346.4102,15095.9600,15346.4102,15346.4102,479400000
2005-08-11,15432.7402,15477.1396,15330.9502,15445.2002,15445.2002,615200000
2005-08-12,15459.1699,15480.7998,15398.2998,15450.9502,15450.9502,412000000
2005-08-15,15435.4902,15482.1504,15391.5703,15466.0596,15466.0596,282300000
2005-08-16,15455.7100,15508.5703,15394.7305,15443.6201,15443.6201,322900000
2005-08-17,15331.0898,15449.5801,15309.5000,15449.5801,15449.5801,398700000
2005-08-18,15442.5098,15455.1699,15101.7305,15148.0898,15148.0898,516700000
2005-08-19,15123.2598,15173.5000,15001.4404,15038.6104,15038.6104,391600000
2005-08-22,15093.1797,15225.5898,15049.9102,15218.6299,15218.6299,277300000
2005-08-23,15222.4902,15244.9004,14938.0498,14973.8896,14973.8896,364400000
2005-08-24,14934.9805,14969.5000,14861.4297,14873.8496,14873.8496,286600000
2005-08-25,14844.1797,14963.7305,14832.0000,14889.0996,14889.0996,289200000
2005-08-26,14942.8203,14991.6396,14863.0400,14982.8896,14982.8896,274600000
2005-08-29,14851.6797,14861.4805,14734.4297,14836.9697,14836.9697,317400000
2005-08-30,14870.1904,14976.4697,14831.9004,14922.2197,14922.2197,240300000
2005-08-31,14853.6396,14927.0498,14796.5098,14903.5498,14903.5498,382700000
2005-09-01,15031.5195,15149.6104,15014.7695,15143.7500,15143.7500,412200000
2005-09-02,15197.8701,15249.1504,15131.0400,15221.8896,15221.8896,285900000
2005-09-05,15231.7695,15244.0400,15179.7598,15227.8301,15227.8301,159700000
2005-09-06,15287.7002,15307.6504,15038.6504,15160.7803,15160.7803,248200000
2005-09-07,15247.9199,15271.2100,15205.9902,15224.5703,15224.5703,242800000
2005-09-08,15257.5303,15257.5303,15156.9102,15166.1699,15166.1699,286600000
2005-09-09,15168.5703,15188.4297,15081.2803,15165.7695,15165.7695,246400000
2005-09-12,15240.4004,15240.8896,15186.5703,15199.7900,15199.7900,183500000
2005-09-13,15159.0000,15192.9199,15052.5801,15070.5596,15070.5596,259700000
2005-09-14,15059.9102,15097.2998,14979.6504,15086.6201,15086.6201,272600000
2005-09-15,15092.4297,15129.5898,14990.0498,15041.0195,15041.0195,238100000
2005-09-16,15033.0801,15035.4502,14965.9805,14983.2002,14983.2002,281700000
2005-09-20,14994.7695,15252.8398,14943.6104,15241.8604,15241.8604,424600000
2005-09-21,15207.0801,15271.9102,15162.5996,15223.6201,15223.6201,338200000
2005-09-22,15144.5498,15194.0098,15119.9902,15179.9502,15179.9502,297800000
2005-09-23,15169.0400,15169.8799,15045.5400,15143.9697,15143.9697,269900000
2005-09-26,15166.1602,15279.0400,15127.9902,15274.3096,15274.3096,293100000
2005-09-27,15286.5195,15312.3604,15163.6699,15189.8799,15189.8799,253600000
2005-09-28,15186.1299,15269.0400,15164.8604,15221.4600,15221.4600,312600000
2005-09-29,15248.8701,15432.9502,15241.4902,15431.2500,15431.2500,378800000
2005-09-30,15449.2998,15470.5098,15394.6797,15428.5195,15428.5195,351300000
2005-10-03,15399.8701,15452.2803,15369.2305,15394.3896,15394.3896,270500000
2005-10-04,15397.3799,15493.0000,15382.2100,15382.2100,15382.2100,317200000
2005-10-05,15317.0801,15317.0801,15137.5195,15161.0303,15161.0303,427000000
2005-10-06,14943.2197,14945.9697,14823.0000,14839.2998,14839.2998,553000000
2005-10-07,14857.1904,14899.2305,14798.9102,14847.7900,14847.7900,453700000
2005-10-10,14898.8398,14933.9297,14852.3301,14898.7695,14898.7695,280200000
2005-10-12,14880.4600,14933.1201,14557.5195,14575.0195,14575.0195,547700000
2005-10-13,14527.0195,14644.6602,14508.5400,14621.8301,14621.8301,339500000
2005-10-14,14577.3701,14577.3701,14439.1299,14485.8799,14485.8799,433300000
2005-10-17,14551.7402,14572.6797,14449.3799,14541.3496,14541.3496,310200000
2005-10-18,14585.8496,14649.7100,14563.5195,14597.4004,14597.4004,281000000
2005-10-19,14434.7305,14463.0703,14345.8701,14372.7598,14372.7598,439400000
2005-10-20,14477.5400,14524.6602,14398.9697,14408.9404,14408.9404,357200000
2005-10-21,14364.6797,14491.9404,14308.6104,14487.8496,14487.8496,507700000
2005-10-24,14470.6699,14505.5596,14321.6104,14402.3496,14402.3496,290200000
2005-10-25,14566.0498,14566.0996,14422.4004,14424.8799,14424.8799,319800000
2005-10-26,14446.9697,14474.1602,14361.7598,14458.1396,14458.1396,394400000
2005-10-27,14475.6602,14484.3203,14376.8604,14381.0596,14381.0596,271000000
2005-10-28,14282.0898,14295.8896,14189.4697,14215.8301,14215.8301,382700000
2005-10-31,14313.4199,14393.2803,14255.9297,14386.3701,14386.3701,268500000
2005-11-01,14485.3496,14591.4199,14470.5801,14572.2598,14572.2598,395000000
2005-11-02,14583.0898,14604.5000,14544.6504,14597.4805,14597.4805,270300000
2005-11-03,14626.6104,14649.8604,14546.8799,14601.5898,14601.5898,264700000
2005-11-04,14660.3398,14668.5303,14536.2803,14585.7900,14585.7900,254600000
2005-11-07,14498.8398,14503.4697,14353.9004,14365.7900,14365.7900,310800000
2005-11-08,14420.5498,14435.2402,14317.5098,14403.2002,14403.2002,259500000
2005-11-09,14440.6104,14626.5996,14417.4697,14597.5498,14597.5498,329400000
2005-11-10,14586.0098,14642.8496,14567.5498,14633.3301,14633.3301,251800000
2005-11-11,14668.2305,14808.4697,14655.7305,14740.5996,14740.5996,322700000
2005-11-14,14760.4004,14772.9297,14541.9902,14629.4902,14629.4902,273000000
2005-11-15,14573.5195,14671.0195,14518.7500,14627.4102,14627.4102,254900000
2005-11-16,14632.4004,14683.9902,14603.7002,14650.5400,14650.5400,217700000
2005-11-17,14672.7998,14788.6201,14620.4199,14787.9805,14787.9805,331400000
2005-11-18,14915.0000,14924.6201,14865.8096,14883.3203,14883.3203,381000000
2005-11-21,14939.7002,14942.0703,14843.8701,14885.5703,14885.5703,242600000
2005-11-22,14881.9199,14897.7998,14806.9600,14885.6504,14885.6504,197100000
2005-11-23,14961.9297,15071.2305,14925.7197,15062.3496,15062.3496,393800000
2005-11-24,15111.0303,15117.8799,15042.2998,15084.3896,15084.3896,262100000
2005-11-25,15053.9199,15100.9404,15027.7598,15081.4697,15081.4697,231700000
2005-11-28,15099.6299,15133.8799,15073.5498,15100.0000,15100.0000,183600000
2005-11-29,15058.9902,15062.0195,14958.7803,15028.7598,15028.7598,226500000
2005-11-30,15028.7402,15072.8398,14936.9004,14937.1396,14937.1396,304300000
2005-12-01,14881.2197,15068.0303,14866.0996,15068.0303,15068.0303,412200000
2005-12-02,15178.0996,15232.3203,15129.2900,15200.3799,15200.3799,377900000
2005-12-05,15208.8604,15208.8604,15145.1504,15158.8203,15158.8203,222800000
2005-12-06,15156.8398,15161.8799,14967.7803,14990.6104,14990.6104,376200000
2005-12-07,15026.9199,15134.9502,14960.2197,15134.9502,15134.9502,335200000
2005-12-08,15095.1797,15095.1797,14860.5400,14879.1602,14879.1602,348500000
2005-12-09,14905.5703,14953.3398,14870.9600,14910.5098,14910.5098,232200000
2005-12-12,14991.6201,15079.9600,14972.0596,14984.4004,14984.4004,199300000
2005-12-13,14981.2305,14995.6299,14863.8398,14942.6201,14942.6201,330100000
2005-12-14,14981.4502,14981.4502,14867.7197,14976.2598,14976.2598,278900000
2005-12-15,15039.6299,15078.9199,15025.5400,15059.0195,15059.0195,318900000
2005-12-16,15077.9805,15078.3701,14967.7803,15029.8096,15029.8096,306400000
2005-12-19,15044.9004,15200.1104,15044.9004,15182.8896,15182.8896,310400000
2005-12-20,15172.1299,15200.7002,15128.5898,15169.1699,15169.1699,251000000
2005-12-21,15219.2695,15272.7197,15210.9297,15221.4199,15221.4199,243300000
2005-12-22,15251.0996,15252.4502,15170.9199,15182.5303,15182.5303,243700000
2005-12-23,15208.8398,15226.0303,15182.6396,15183.5801,15183.5801,164200000
2005-12-28,15076.9404,15173.4805,15049.4102,15101.5400,15101.5400,215900000
2005-12-29,15146.5498,15151.3203,15028.2803,15045.5898,15045.5898,266300000
2005-12-30,14959.4199,14972.2002,14811.6396,14876.4297,14876.4297,448900000
2006-01-03,14843.9697,14945.0498,14843.9697,14944.7695,14944.7695,250400000
2006-01-04,15112.7598,15208.8604,15085.4404,15200.0596,15200.0596,565200000
2006-01-05,15313.8496,15373.7900,15261.8203,15271.1299,15271.1299,514300000
2006-01-06,15327.2900,15347.0000,15252.4805,15344.4404,15344.4404,397700000
2006-01-09,15497.9697,15602.8799,15497.7197,15547.4297,15547.4297,581500000
2006-01-10,15638.4004,15658.9102,15500.1602,15569.9102,15569.9102,581700000
2006-01-11,15584.5400,15725.4697,15584.5400,15650.8799,15650.8799,576600000
2006-01-12,15767.9404,15791.2998,15651.9600,15719.3701,15719.3701,503100000
2006-01-13,15672.3896,15792.3604,15670.7695,15787.9697,15787.9697,380800000
2006-01-16,15787.2695,15816.5400,15745.0400,15777.7197,15777.7197,393700000
2006-01-17,15798.5195,15798.5195,15550.2305,15576.2002,15576.2002,506300000
2006-01-18,15426.9199,15525.5996,15376.4502,15481.2100,15481.2100,437300000
2006-01-19,15555.7803,15675.2695,15549.6797,15670.4199,15670.4199,418400000
2006-01-20,15700.7100,15788.0703,15565.5098,15662.0801,15662.0801,556300000
2006-01-23,15454.7998,15497.9297,15412.2598,15464.7695,15464.7695,512900000
2006-01-24,15540.9199,15551.6602,15463.1104,15530.5703,15530.5703,335000000
2006-01-25,15560.6602,15572.3799,15487.6797,15520.3896,15520.3896,376000000
2006-01-26,15550.3301,15563.4004,15469.2402,15520.0703,15520.0703,361600000
2006-01-27,15659.2100,15770.4502,15650.6904,15753.1396,15753.1396,900100000
2006-02-01,15798.4404,15808.1797,15653.9004,15742.2998,15742.2998,541000000
2006-02-02,15771.3398,15775.6504,15666.9404,15691.6904,15691.6904,510800000
2006-02-03,15472.0303,15486.7402,15420.6602,15429.7305,15429.7305,565000000
2006-02-06,15415.8799,15564.9600,15374.8896,15548.0596,15548.0596,473100000
2006-02-07,15558.5195,15560.4004,15466.4697,15517.0098,15517.0098,526500000
2006-02-08,15451.2100,15469.5098,15327.0703,15373.4404,15373.4404,612400000
2006-02-09,15443.4297,15467.6699,15371.7305,15413.4297,15413.4297,398000000
2006-02-10,15365.3896,15443.4502,15355.4404,15425.9502,15425.9502,411900000
2006-02-13,15303.0400,15355.3896,15267.9502,15312.0898,15312.0898,406300000
2006-02-14,15241.6602,15445.0703,15240.9502,15420.3203,15420.3203,417400000
2006-02-15,15449.1396,15514.9297,15316.6299,15423.2598,15423.2598,436300000
2006-02-16,15495.7998,15495.7998,15436.5303,15450.8799,15450.8799,373300000
2006-02-17,15517.9199,15520.5996,15437.5400,15475.6904,15475.6904,354200000
2006-02-20,15525.7402,15627.0498,15525.7402,15598.6699,15598.6699,326200000
2006-02-21,15651.7402,15661.2002,15567.6299,15627.2402,15627.2402,359700000
2006-02-22,15613.8604,15641.7803,15584.2695,15635.7197,15635.7197,285400000
2006-02-23,15651.7803,15849.8604,15611.5498,15812.5303,15812.5303,527700000
2006-02-24,15848.5000,15875.3301,15779.7900,15856.0498,15856.0498,350500000
2006-02-27,15943.6396,15999.3096,15890.7998,15949.8896,15949.8896,417500000
2006-02-28,15920.4902,15928.0801,15824.4502,15918.4805,15918.4805,357400000
2006-03-01,15768.2100,15887.6299,15768.2100,15818.0898,15818.0898,296400000
2006-03-02,15905.9404,15922.9502,15836.3604,15882.4502,15882.4502,294900000
2006-03-03,15887.6699,15896.5596,15802.0000,15802.0000,15802.0000,399000000
2006-03-06,15812.7197,15845.2002,15777.0000,15811.8301,15811.8301,280700000
2006-03-07,15835.4697,15835.4697,15560.6201,15602.3604,15602.3604,503900000
2006-03-08,15545.4199,15555.8203,15348.2197,15493.0898,15493.0898,496800000
2006-03-09,15526.0898,15555.6104,15458.7803,15510.1299,15510.1299,371000000
2006-03-10,15521.4004,15521.4004,15397.1797,15445.0498,15445.0498,227900000
2006-03-13,15542.7900,15545.8496,15469.7695,15542.0703,15542.0703,213700000
2006-03-14,15548.1299,15548.2695,15461.8096,15519.7598,15519.7598,285600000
2006-03-15,15647.4297,15762.1104,15647.0000,15720.3604,15720.3604,324200000
2006-03-16,15753.3604,15773.7305,15668.3398,15729.0400,15729.0400,237200000
2006-03-17,15778.4805,15845.9697,15715.4102,15801.6602,15801.6602,431000000
2006-03-20,15868.4902,15973.0098,15862.9004,15929.9502,15929.9502,428100000
2006-03-21,15911.4902,15936.1797,15870.7305,15922.7500,15922.7500,249800000
2006-03-22,15790.4502,15840.1396,15619.1396,15642.8096,15642.8096,383500000
2006-03-23,15689.6104,15772.9297,15669.4697,15771.1699,15771.1699,315600000
2006-03-24,15778.1797,15792.0400,15671.6299,15716.4600,15716.4600,290900000
2006-03-27,15743.6699,15847.7500,15694.1104,15815.8701,15815.8701,416000000
2006-03-28,15824.5303,15920.0703,15787.0000,15856.5801,15856.5801,563200000
2006-03-29,15790.4297,15843.0996,15729.2598,15745.1104,15745.1104,365500000
2006-03-30,15819.4199,15954.9102,15819.4199,15880.6904,15880.6904,422500000
2006-03-31,15942.7305,15964.3496,15739.1904,15805.0400,15805.0400,424500000
2006-04-03,15904.9697,16076.7402,15877.4404,16063.7500,16063.7500,340200000
2006-04-04,16107.2197,16121.2197,16039.5098,16100.0898,16100.0898,380700000
2006-04-06,16222.2900,16423.3105,16190.5498,16411.1309,16411.1309,575500000
2006-04-07,16415.5195,16534.8301,16328.6299,16471.7793,16471.7793,450400000
2006-04-10,16383.5801,16527.9395,16374.5898,16521.5898,16521.5898,335400000
2006-04-11,16480.8594,16505.7598,16381.0098,16475.8105,16475.8105,295600000
2006-04-12,16414.3691,16427.5605,16260.8799,16310.7598,16310.7598,448200000
2006-04-13,16360.1602,16446.6699,16308.7695,16429.4492,16429.4492,337600000
2006-04-18,16534.9004,16643.8008,16533.0703,16637.5293,16637.5293,422700000
2006-04-19,16858.0293,16897.8105,16780.5293,16830.4395,16830.4395,564100000
2006-04-20,16888.8809,16953.2500,16753.1895,16944.3398,16944.3398,436400000
2006-04-21,16893.5195,16991.5195,16808.6191,16912.1504,16912.1504,414200000
2006-04-24,16917.6094,16930.0098,16678.3105,16705.6699,16705.6699,479600000
2006-04-25,16734.8301,16746.3105,16547.3008,16577.7695,16577.7695,495600000
2006-04-26,16628.5996,16739.2695,16539.0703,16672.6602,16672.6602,397500000
2006-04-27,16749.4805,16856.9707,16728.8496,16742.8496,16742.8496,293000000
2006-04-28,16461.5996,16672.4102,16429.5000,16661.3008,16661.3008,362500000
2006-05-02,16764.5898,16896.8594,16744.1602,16868.0391,16868.0391,594200000
2006-05-03,17066.9805,17099.4805,16970.4004,17026.9805,17026.9805,530600000
2006-05-04,16966.2402,17076.9199,16966.2402,17013.9297,17013.9297,357900000
2006-05-08,17204.2500,17328.4297,17204.2500,17301.7891,17301.7891,552300000
2006-05-09,17278.8691,17278.8691,17118.2207,17133.9902,17133.9902,470000000
2006-05-10,17205.3496,17239.2109,17018.1699,17080.5898,17080.5898,388100000
2006-05-11,17065.9609,17185.7891,17010.4004,17140.7793,17140.7793,513900000
2006-05-12,16868.8594,16967.0391,16845.8496,16901.8496,16901.8496,405800000
2006-05-15,16623.3496,16673.5293,16455.4609,16494.8398,16494.8398,469500000
2006-05-16,16400.6602,16435.5508,16247.5801,16393.1094,16393.1094,582700000
2006-05-17,16497.9102,16626.7109,16421.0898,16615.5508,16615.5508,482800000
2006-05-18,16232.1602,16363.3398,16177.1797,16266.5195,16266.5195,503700000
2006-05-19,16169.7803,16361.9404,16155.7695,16313.3604,16313.3604,360000000
2006-05-22,16295.3701,16304.9502,15790.4404,15805.5195,15805.5195,472600000
2006-05-23,15747.4004,15888.4805,15691.1299,15864.5596,15864.5596,561400000
2006-05-24,15857.2100,15930.1699,15673.7500,15822.6396,15822.6396,468300000
2006-05-25,15741.8096,15764.7197,15626.9502,15696.8896,15696.8896,426500000
2006-05-26,15897.2803,15932.2598,15814.9297,15895.0996,15895.0996,438500000
2006-05-29,15976.2695,16006.0703,15919.1299,15963.7695,15963.7695,307300000
2006-05-30,15976.3701,15976.3701,15840.3398,15857.8896,15857.8896,393300000
2006-06-01,15817.8203,15923.7305,15605.9600,15645.2695,15645.2695,488700000
2006-06-02,15731.8203,15920.0596,15677.0400,15912.7100,15912.7100,473200000
2006-06-05,15964.3096,16062.2695,15943.4199,16016.2305,16016.2305,307800000
2006-06-06,15844.9199,15985.9902,15824.1904,15973.1104,15973.1104,318100000
2006-06-07,15916.7695,15944.4805,15776.3701,15816.5498,15816.5498,320000000
2006-06-08,15603.1104,15611.5195,15419.4199,15450.1104,15450.1104,560600000
2006-06-09,15468.8301,15640.3096,15405.7900,15628.6904,15628.6904,441300000
2006-06-12,15560.7100,15680.3203,15498.2695,15621.4404,15621.4404,282400000
2006-06-13,15417.2402,15437.2598,15204.8604,15234.4199,15234.4199,487700000
2006-06-14,15238.5801,15396.5000,15214.6904,15247.9199,15247.9199,411000000
2006-06-15,15419.6797,15455.5703,15355.4297,15435.0801,15435.0801,461500000
2006-06-16,15807.3701,15851.5098,15749.4600,15842.6504,15842.6504,562500000
2006-06-19,15759.9600,15781.5596,15723.3604,15768.8604,15768.8604,192500000
2006-06-20,15709.0000,15709.0000,15555.2402,15608.9697,15608.9697,450000000
2006-06-21,15599.8604,15667.7002,15520.4199,15659.3604,15659.3604,251900000
2006-06-22,15859.8496,15885.7100,15798.5996,15826.7002,15826.7002,330900000
2006-06-23,15729.5498,15828.4902,15682.8096,15808.8096,15808.8096,339200000
2006-06-26,15756.6797,15841.1396,15726.8096,15804.8096,15804.8096,306800000
2006-06-27,15827.8496,15892.9199,15770.9199,15774.7002,15774.7002,294400000
2006-06-28,15632.4404,15742.6602,15613.2002,15742.6602,15742.6602,303100000
2006-06-29,15890.2002,15916.0000,15844.1104,15865.2197,15865.2197,364700000
2006-06-30,16170.7900,16273.7402,16125.2598,16267.6201,16267.6201,555000000
2006-07-03,16288.5898,16364.2305,16234.8799,16326.6602,16326.6602,296000000
2006-07-04,16363.1504,16379.0303,16312.1699,16368.9805,16368.9805,271800000
2006-07-05,16364.0000,16377.6602,16254.6904,16267.1797,16267.1797,226100000
2006-07-06,16141.6699,16445.1797,16129.6504,16440.9902,16440.9902,256700000
2006-07-07,16497.9004,16497.9004,16399.4805,16459.7793,16459.7793,216800000
2006-07-10,16376.8203,16606.6191,16338.9004,16603.8105,16603.8105,223300000
2006-07-11,16512.2402,16568.6191,16477.4609,16490.1309,16490.1309,343600000
2006-07-12,16507.7207,16552.6406,16435.6094,16522.2109,16522.2109,197600000
2006-07-13,16490.4805,16557.9707,16288.4297,16305.4805,16305.4805,324500000
2006-07-14,16123.9600,16159.0898,16062.5996,16135.7100,16135.7100,296700000
2006-07-17,15980.5000,16104.1504,15948.7598,16064.8203,16064.8203,231700000
2006-07-18,16035.0000,16109.7002,15966.4404,16043.9404,16043.9404,240500000
2006-07-19,16069.7998,16171.1201,16062.5801,16097.5400,16097.5400,169500000
2006-07-20,16418.1406,16481.1699,16390.2793,16472.6191,16472.6191,316300000
2006-07-21,16406.7793,16483.2305,16376.0303,16464.1797,16464.1797,375700000
2006-07-24,16376.3799,16484.9707,16354.4404,16480.5898,16480.5898,251900000
2006-07-25,16668.6309,16671.3906,16580.6406,16583.8594,16583.8594,318900000
2006-07-26,16584.4902,16623.4609,16566.3906,16617.2402,16617.2402,235000000
2006-07-27,16713.0391,16924.2207,16713.0391,16916.7695,16916.7695,426100000
2006-07-28,16935.0000,17034.5508,16918.7891,16955.0391,16955.0391,325900000
2006-07-31,17103.4395,17114.1992,16965.1992,16971.3398,16971.3398,263500000
2006-08-01,16990.2207,16990.2207,16907.3809,16911.3691,16911.3691,211900000
2006-08-02,16887.6797,17085.6504,16872.7109,17032.7500,17032.7500,335400000
2006-08-03,17073.4395,17097.8398,17011.6094,17048.4199,17048.4199,314800000
2006-08-04,17049.9609,17096.4102,16867.9492,16887.8008,16887.8008,290800000
2006-08-07,16927.7402,16961.2598,16811.4199,16953.5508,16953.5508,216700000
2006-08-08,17056.5703,17066.4492,16994.5605,17048.1992,17048.1992,265400000
2006-08-09,16996.0000,17349.9902,16959.0098,17346.5801,17346.5801,354000000
2006-08-10,17322.5195,17349.8008,17211.9609,17222.1406,17222.1406,291500000
2006-08-11,17255.2305,17323.4902,17211.4707,17249.9492,17249.9492,240500000
2006-08-14,17280.0703,17303.1699,17215.0098,17290.0098,17290.0098,205400000
2006-08-15,17274.5098,17295.3008,17242.8398,17274.0703,17274.0703,190000000
2006-08-16,17406.6191,17473.7305,17349.8809,17451.0293,17451.0293,319300000
2006-08-17,17501.9492,17506.2109,17329.0508,17373.0508,17373.0508,358900000
2006-08-18,17381.4199,17413.9609,17316.1309,17330.6992,17330.6992,260800000
2006-08-21,17326.3809,17329.6797,16996.7598,17007.8809,17007.8809,317400000
2006-08-22,17096.5098,17155.5996,17037.2305,17149.7500,17149.7500,244700000
2006-08-23,17101.1191,17111.7500,17010.3105,17088.3906,17088.3906,194200000
2006-08-24,16970.9805,17040.2207,16870.6992,16883.0391,16883.0391,322900000
2006-08-25,16958.2793,17005.4395,16894.1191,16955.4492,16955.4492,261200000
2006-08-28,16955.8809,16998.7109,16911.5195,16922.2891,16922.2891,203500000
2006-08-29,17003.5605,17102.4492,16998.9902,17083.2793,17083.2793,250200000
2006-08-30,17147.7598,17289.2598,17134.9199,17284.7109,17284.7109,430800000
2006-08-31,17395.5391,17422.8301,17356.8301,17392.2695,17392.2695,487200000
2006-09-01,17373.1699,17514.3105,17311.4102,17423.7207,17423.7207,390000000
2006-09-04,17504.3301,17538.5898,17476.5996,17513.8809,17513.8809,307000000
2006-09-05,17523.8105,17523.8105,17404.6699,17438.8008,17438.8008,228700000
2006-09-06,17445.9805,17445.9805,17208.9297,17258.5098,17258.5098,318500000
2006-09-07,17099.9102,17133.5195,17044.9297,17096.4395,17096.4395,399300000
2006-09-08,17071.1797,17171.5391,17070.9102,17145.7598,17145.7598,396300000
2006-09-11,17141.6094,17158.2207,16929.7109,16948.5898,16948.5898,822600000
2006-09-12,16932.2891,17128.8691,16921.5293,17075.4004,17075.4004,428800000
2006-09-13,17221.0000,17235.4102,17173.8203,17210.0391,17210.0391,538800000
2006-09-14,17274.6699,17304.7402,17142.7109,17183.4492,17183.4492,748000000
2006-09-15,17179.0898,17246.8906,17143.2402,17237.6504,17237.6504,497800000
2006-09-18,17253.6992,17423.9004,17253.0195,17387.2109,17387.2109,527400000
2006-09-19,17411.9297,17426.4707,17314.6309,17346.6992,17346.6992,604400000
2006-09-20,17232.1992,17523.4805,17220.7793,17512.9609,17512.9609,921300000
2006-09-21,17546.5605,17663.4395,17539.5605,17619.9707,17619.9707,1161300000
2006-09-22,17526.3398,17639.1309,17511.9609,17600.6504,17600.6504,816900000
2006-09-25,17546.0391,17683.4492,17539.8105,17546.0391,17546.0391,554100000
2006-09-26,17614.2891,17614.2891,17277.7500,17308.0801,17308.0801,553700000
2006-09-27,17478.2500,17540.6699,17402.1309,17521.5098,17521.5098,563800000
2006-09-28,17565.9297,17604.9102,17506.2402,17530.5703,17530.5703,815700000
2006-09-29,17559.6699,17589.5703,17350.7891,17543.0508,17543.0508,585300000
2006-10-03,17490.5098,17648.7109,17428.0996,17606.5293,17606.5293,1356800000
2006-10-04,17637.1992,17687.1992,17535.8301,17629.2109,17629.2109,1023500000
2006-10-05,17897.9297,17940.4902,17810.0703,17907.6699,17907.6699,803500000
2006-10-06,17901.0605,17931.7305,17848.7207,17903.3906,17903.3906,578800000
2006-10-09,17876.0391,17876.0391,17589.1191,17675.2402,17675.2402,561400000
2006-10-10,17780.3008,17852.3594,17751.9492,17823.6992,17823.6992,503700000
2006-10-11,17856.5996,17875.6191,17740.7891,17862.7891,17862.7891,721700000
2006-10-12,17896.4297,17948.1309,17835.6504,17873.0898,17873.0898,1102500000
2006-10-13,18049.8301,18067.5801,17949.5898,17988.8594,17988.8594,1719400000
2006-10-16,18067.1992,18069.4902,17958.0996,18010.1992,18010.1992,760900000
2006-10-17,17965.3496,18074.2891,17823.3301,18014.8398,18014.8398,744400000
2006-10-18,17910.0098,18048.0898,17881.7793,18048.0898,18048.0898,452400000
2006-10-19,18053.9004,18070.7598,17938.0098,17986.9707,17986.9707,439100000
2006-10-20,18012.6094,18148.0391,18012.6094,18113.5508,18113.5508,815400000
2006-10-23,18170.2207,18170.3301,18066.1094,18089.8496,18089.8496,620700000
2006-10-24,18136.1797,18173.4297,18121.6992,18153.4102,18153.4102,508900000
2006-10-25,18150.8906,18168.9902,18106.1094,18157.9395,18157.9395,524800000
2006-10-26,18267.4199,18378.8398,18240.5996,18353.7402,18353.7402,771000000
2006-10-27,18400.8105,18465.5391,18232.6406,18297.5508,18297.5508,997600000
2006-10-31,18196.0391,18336.4492,18152.9102,18324.3496,18324.3496,576800000
2006-11-01,18376.3906,18494.9492,18376.3906,18453.6504,18453.6504,603400000
2006-11-02,18495.2891,18724.9102,18397.3301,18714.7793,18714.7793,619300000
2006-11-03,18696.5801,18771.0098,18646.1602,18749.6895,18749.6895,536200000
2006-11-06,18702.2500,18940.8008,18694.1309,18936.5508,18936.5508,502700000
2006-11-07,19102.8809,19161.3809,18855.8809,18939.3105,18939.3105,838400000
2006-11-08,18933.4707,18994.9805,18750.7793,18811.2402,18811.2402,1143000000
2006-11-09,18885.2207,18993.4004,18866.0098,18952.8594,18952.8594,1000800000
2006-11-10,18958.0605,18976.1504,18861.9395,18891.1406,18891.1406,1046600000
2006-11-13,18763.4395,18902.1992,18717.6094,18868.5391,18868.5391,1176700000
2006-11-14,18889.9199,18989.5098,18759.3398,18878.4199,18878.4199,1532400000
2006-11-15,18940.0195,19106.8301,18926.3105,19093.0000,19093.0000,1532400000
2006-11-16,19162.9004,19237.7305,19048.0391,19154.0703,19154.0703,1201300000
2006-11-17,19125.9199,19214.5996,19097.3203,19182.7109,19182.7109,918600000
2006-11-20,19030.3594,19133.5195,18928.5801,18954.6309,18954.6309,826200000
2006-11-21,19002.0703,19064.0703,18959.8105,19008.3008,19008.3008,586500000
2006-11-22,19102.2598,19256.9902,19075.3203,19250.7891,19250.7891,915500000
2006-11-23,19345.0293,19404.0098,19244.3203,19265.3203,19265.3203,970000000
2006-11-24,19206.4492,19315.7305,19195.9004,19260.3008,19260.3008,644900000
2006-11-27,19263.8594,19328.1191,19122.3906,19204.0098,19204.0098,806300000
2006-11-28,18996.8398,18998.0801,18618.6602,18639.5293,18639.5293,1284500000
2006-11-29,18730.4902,18843.4805,18687.2695,18780.9297,18780.9297,1154400000
2006-11-30,18944.5605,19033.4004,18923.6309,18960.4805,18960.4805,761600000
2006-12-01,18922.5293,18945.4004,18650.5000,18690.8203,18690.8203,815000000
2006-12-04,18654.0703,18768.6309,18587.7207,18702.7305,18702.7305,1166500000
2006-12-05,18880.8105,18949.9199,18794.1797,18944.1895,18944.1895,1097000000
2006-12-06,18988.1406,19131.2207,18937.6094,19026.3594,19026.3594,1335000000
2006-12-07,19023.7500,19048.4102,18783.3008,18842.9902,18842.9902,930200000
2006-12-08,18775.4707,18799.2500,18666.8906,18739.9902,18739.9902,915200000
2006-12-11,18811.8496,18965.7305,18811.8496,18924.6602,18924.6602,991800000
2006-12-12,19010.1602,19015.6992,18819.9902,18907.1699,18907.1699,796700000
2006-12-13,18867.6699,18870.4492,18623.6094,18718.1895,18718.1895,1071900000
2006-12-14,18806.7109,18954.9395,18774.4297,18919.4004,18919.4004,850300000
2006-12-15,19080.2891,19126.6992,19014.2695,19110.6504,19110.6504,1016400000
2006-12-18,19094.6309,19216.5391,19046.9199,19192.9102,19192.9102,1099100000
2006-12-19,19162.9805,19180.3008,18905.4395,18964.5508,18964.5508,1018200000
2006-12-20,19109.8496,19273.7695,19108.4492,19240.1191,19240.1191,1225300000
2006-12-21,19249.1895,19276.3203,19157.8496,19222.8398,19222.8398,1329800000
2006-12-22,19227.2402,19320.5195,19197.7305,19320.5195,19320.5195,821800000
2006-12-27,19620.5293,19728.0000,19512.4609,19725.7305,19725.7305,0
2006-12-28,19742.7891,20038.2305,19686.8105,20001.9102,20001.9102,1749900000
2006-12-29,20049.0293,20049.0293,19885.2500,19964.7207,19964.7207,1391000000
2007-01-02,20004.8398,20323.5898,19990.2793,20310.1797,20310.1797,1264600000
2007-01-03,20353.4199,20554.5801,20249.6094,20413.3906,20413.3906,1674000000
2007-01-04,20415.6699,20463.1797,19948.0195,20025.5801,20025.5801,2130500000
2007-01-05,19890.1504,20213.6406,19757.2402,20211.2793,20211.2793,1959100000
2007-01-08,19915.0000,20085.5801,19844.3105,20029.6602,20029.6602,1438600000
2007-01-09,20162.5391,20173.0605,19794.2891,19898.0801,19898.0801,1524400000
2007-01-10,19665.4004,19693.6992,19507.9707,19568.3398,19568.3398,1684200000
2007-01-11,19653.0195,19697.5801,19350.5000,19385.3691,19385.3691,1436300000
2007-01-12,19628.8203,19680.6309,19523.7598,19613.4102,19613.4102,1486000000
2007-01-15,19776.1309,20073.2891,19746.0703,20068.5605,20068.5605,1252400000
2007-01-16,20130.5508,20133.4902,19938.1992,20027.9492,20027.9492,1026800000
2007-01-17,19917.4902,20122.4297,19841.1602,20064.5703,20064.5703,1117700000
2007-01-18,20064.7500,20297.4102,20002.7695,20277.5098,20277.5098,1354200000
2007-01-19,20215.5508,20337.9297,20189.3594,20327.7207,20327.7207,1025900000
2007-01-22,20501.4492,20779.5195,20487.5996,20772.2207,20772.2207,1019000000
2007-01-23,20743.8496,20810.7891,20589.4199,20769.6992,20769.6992,1409600000
2007-01-24,20950.9395,20971.4609,20725.4805,20821.0508,20821.0508,1053400000
2007-01-25,20889.7402,20897.5508,20610.2207,20669.8301,20669.8301,918300000
2007-01-26,20457.4805,20457.4805,20204.6699,20281.1309,20281.1309,1539100000
2007-01-29,20317.3906,20366.7109,20197.5996,20236.6797,20236.6797,680500000
2007-01-30,20281.9297,20465.4609,20165.2207,20460.4609,20460.4609,626600000
2007-01-31,20463.8203,20507.6797,20008.5996,20106.4199,20106.4199,997400000
2007-02-01,20251.5703,20496.8105,20176.6191,20430.1602,20430.1602,1071600000
2007-02-02,20544.3301,20704.0996,20468.8398,20563.6797,20563.6797,945600000
2007-02-05,20514.8301,20645.8203,20409.1602,20455.6191,20455.6191,819100000
2007-02-06,20511.7793,20712.3203,20438.3594,20655.1992,20655.1992,848200000
2007-02-07,20716.5898,20739.0098,20598.0293,20679.6895,20679.6895,1088500000
2007-02-08,20475.8809,20763.5703,20318.9902,20735.0508,20735.0508,1525200000
2007-02-09,20746.9492,20771.0898,20593.7598,20677.6602,20677.6602,772400000
2007-02-12,20534.4297,20696.6504,20488.8203,20593.4102,20593.4102,813600000
2007-02-13,20523.9102,20523.9102,20127.1191,20132.2500,20132.2500,953700000
2007-02-14,20302.1992,20330.3691,20184.6895,20209.9102,20209.9102,686800000
2007-02-15,20466.6504,20570.1406,20398.4492,20538.4199,20538.4199,845100000
2007-02-16,20545.9297,20588.1797,20458.0098,20567.9102,20567.9102,709900000
2007-02-21,20649.7207,20677.2891,20540.3203,20651.4199,20651.4199,750000000
2007-02-22,20748.4609,20829.6602,20740.3301,20809.2305,20809.2305,795300000
2007-02-23,20844.2500,20844.2500,20547.4395,20711.6504,20711.6504,874100000
2007-02-26,20520.4492,20581.4199,20474.4102,20507.9492,20507.9492,782300000
2007-02-27,20500.8809,20500.8809,20042.3008,20147.8691,20147.8691,1412400000
2007-02-28,19426.9492,19749.5898,19381.8809,19651.5098,19651.5098,2038300000
2007-03-01,19581.8594,19643.4102,19346.5996,19346.5996,19346.5996,1474400000
2007-03-02,19386.5703,19560.5195,19355.6309,19442.0098,19442.0098,1132400000
2007-03-05,19137.3594,19164.3496,18659.2305,18664.8809,18664.8809,1986000000
2007-03-06,18899.2109,19080.3398,18876.6191,19058.5605,19058.5605,1606500000
2007-03-07,19188.2207,19239.9199,18910.2402,18918.6406,18918.6406,1453800000
2007-03-08,18924.2793,19191.0996,18909.0703,19175.1699,19175.1699,1240700000
2007-03-09,19259.0996,19259.0996,19065.0293,19134.8809,19134.8809,1765800000
2007-03-12,19252.3691,19470.3691,19220.5098,19442.4199,19442.4199,1720500000
2007-03-13,19397.0391,19442.5195,19251.1992,19333.1406,19333.1406,1336200000
2007-03-14,18803.0703,18888.4004,18738.5098,18836.9297,18836.9297,2054900000
2007-03-15,19029.2109,19054.9395,18932.4609,18969.4395,18969.4395,898700000
2007-03-16,18846.4902,19130.0996,18770.2793,18953.5000,18953.5000,0
2007-03-19,19006.1504,19267.8301,18967.4102,19266.7402,19266.7402,1292300000
2007-03-20,19430.6992,19463.9004,19332.5996,19356.9004,19356.9004,1021300000
2007-03-21,19380.9805,19537.0898,19270.7207,19516.4102,19516.4102,977800000
2007-03-22,19757.7305,19813.2109,19621.2598,19690.2500,19690.2500,1650400000
2007-03-23,19665.0508,19729.4902,19634.1094,19692.6406,19692.6406,1073200000
2007-03-26,19719.8809,19819.0391,19653.7305,19765.8496,19765.8496,780600000
2007-03-27,19749.8105,19768.3203,19661.8594,19706.7891,19706.7891,920300000
2007-03-28,19664.8809,19729.3105,19459.1895,19553.8691,19553.8691,1198500000
2007-03-29,19470.4199,19832.1406,19460.3594,19821.7793,19821.7793,1914500000
2007-03-30,19810.8594,19880.2598,19705.5605,19800.9297,19800.9297,938600000
2007-04-02,19900.0098,19976.8105,19672.9395,19809.6992,19809.6992,848500000
2007-04-03,19903.8906,20021.0293,19903.8906,20002.6992,20002.6992,837000000
2007-04-04,20187.6699,20210.8398,20099.8496,20209.7109,20209.7109,1526200000
2007-04-10,20416.5391,20416.5391,20248.0391,20347.8691,20347.8691,1327700000
2007-04-11,20427.9492,20502.1699,20278.8398,20449.4297,20449.4297,1485600000
2007-04-12,20360.3203,20428.5996,20293.3301,20380.2109,20380.2109,1723300000
2007-04-13,20413.4805,20432.0098,20264.9902,20340.9707,20340.9707,1643700000
2007-04-16,20493.2598,20765.4004,20489.9102,20757.5293,20757.5293,1761300000
2007-04-17,20804.9199,20816.1094,20635.6309,20788.6094,20788.6094,1813700000
2007-04-18,20868.0703,20868.0703,20718.7207,20777.0898,20777.0898,1990600000
2007-04-19,20615.4199,20634.9004,20232.8105,20299.7109,20299.7109,2153200000
2007-04-20,20495.8301,20567.3398,20474.3105,20566.5898,20566.5898,1825300000
2007-04-23,20710.3809,20757.4102,20529.0703,20556.5703,20556.5703,1269200000
2007-04-24,20455.3496,20618.0098,20396.3691,20572.8008,20572.8008,1220500000
2007-04-25,20484.1797,20621.6797,20417.5898,20536.7793,20536.7793,1111500000
2007-04-26,20672.4902,20778.4395,20651.2891,20667.2891,20667.2891,1328000000
2007-04-27,20557.0703,20619.1094,20425.5703,20526.5000,20526.5000,1115600000
2007-04-30,20525.9609,20525.9609,20130.1094,20318.9805,20318.9805,1232500000
2007-05-02,20384.0293,20483.2402,20351.2598,20388.4902,20388.4902,1118200000
2007-05-03,20582.4102,20739.0293,20555.5703,20681.5801,20681.5801,1119200000
2007-05-04,20865.0605,20883.2109,20714.8203,20841.0801,20841.0801,1261900000
2007-05-07,20933.9902,21070.2109,20891.0605,20896.6406,20896.6406,1355000000
2007-05-08,20850.0703,20880.6992,20662.5996,20706.3496,20706.3496,1137000000
2007-05-09,20704.3691,20844.7793,20677.8105,20844.7793,20844.7793,912600000
2007-05-10,20729.5195,20821.8594,20683.3008,20746.2695,20746.2695,1187400000
2007-05-11,20469.4902,20552.5605,20420.1191,20468.2109,20468.2109,1440600000
2007-05-14,21036.6191,21065.5898,20870.0098,20979.2402,20979.2402,2746200000
2007-05-15,20985.9297,21088.8594,20826.9297,20868.1504,20868.1504,1830100000
2007-05-16,20854.0898,20953.2402,20784.2500,20937.2598,20937.2598,1083000000
2007-05-17,21042.6699,21084.2305,20944.1504,20994.6094,20994.6094,1084700000
2007-05-18,20882.8691,20904.8398,20769.0996,20904.8398,20904.8398,1294100000
2007-05-21,20963.5195,21055.1094,20922.3496,20927.7500,20927.7500,1483100000
2007-05-22,20996.9902,21020.4199,20782.3809,20843.9199,20843.9199,1351400000
2007-05-23,20838.3594,20888.1406,20767.6797,20798.9707,20798.9707,920800000
2007-05-25,20553.7793,20566.2598,20474.0293,20520.6602,20520.6602,1601200000
2007-05-28,20594.1406,20619.1602,20503.8691,20529.7598,20529.7598,998500000
2007-05-29,20518.3496,20565.2500,20395.0996,20469.5898,20469.5898,0
2007-05-30,20342.9609,20403.3594,20184.4805,20293.7598,20293.7598,1831400000
2007-05-31,20405.9492,20673.4004,20354.6602,20634.4707,20634.4707,1885300000
2007-06-01,20717.2695,20793.3809,20598.8496,20602.8691,20602.8691,1668100000
2007-06-04,20698.9902,20821.9102,20638.6992,20729.5898,20729.5898,1385400000
2007-06-05,20820.4805,20878.0898,20615.9609,20842.1504,20842.1504,1628200000
2007-06-06,20850.2598,20943.9395,20803.2207,20818.6094,20818.6094,1225400000
2007-06-07,20637.9004,20838.4395,20600.3691,20800.1602,20800.1602,1456500000
2007-06-08,20531.8496,20536.1699,20433.5195,20509.1504,20509.1504,1947600000
2007-06-11,20649.0508,20673.9004,20591.4199,20615.4902,20615.4902,1034100000
2007-06-12,20654.4707,20664.8496,20511.0293,20636.3906,20636.3906,989100000
2007-06-13,20527.2695,20628.0605,20520.6699,20578.7500,20578.7500,1040500000
2007-06-14,20714.8594,20924.8105,20714.8594,20867.2598,20867.2598,2314400000
2007-06-15,21024.3203,21052.9492,20917.6406,21017.0508,21017.0508,2894000000
2007-06-18,21256.2891,21585.0293,21256.2891,21582.8906,21582.8906,3890400000
2007-06-20,21645.0605,21897.5801,21644.1191,21684.6699,21684.6699,3363800000
2007-06-21,21784.1191,21969.2598,21714.9492,21954.6699,21954.6699,2357800000
2007-06-22,21879.5000,22052.8496,21788.1504,21999.9102,21999.9102,2095700000
2007-06-25,21884.0996,22085.5898,21814.4609,21822.3496,21822.3496,1598800000
2007-06-26,21800.7695,21950.0195,21755.2891,21803.5703,21803.5703,1552700000
2007-06-27,21775.1797,21800.4902,21562.0000,21705.5605,21705.5605,2007400000
2007-06-28,21912.7891,22035.4199,21885.5293,21938.2207,21938.2207,2522400000
2007-06-29,21997.2500,22044.6797,21768.7598,21772.7305,21772.7305,1621400000
2007-07-03,22004.1406,22159.5195,21960.7598,22151.1406,22151.1406,1882500000
2007-07-04,22279.8301,22307.5996,22131.2402,22218.5508,22218.5508,1891000000
2007-07-05,22272.8105,22328.6094,22126.9707,22252.9902,22252.9902,2014900000
2007-07-06,22217.4609,22565.4297,22081.3496,22531.7402,22531.7402,2258600000
2007-07-09,22719.9902,22818.3203,22601.6504,22817.4297,22817.4297,2780800000
2007-07-10,22833.4707,22889.6094,22718.1309,22885.8398,22885.8398,3951100000
2007-07-11,22655.3809,22850.4004,22539.6992,22607.0195,22607.0195,3298300000
2007-07-12,22797.7500,22975.8105,22773.7109,22809.0195,22809.0195,2265800000
2007-07-13,23199.0605,23239.9199,23048.6895,23099.2891,23099.2891,1952500000
2007-07-16,23098.6602,23128.5605,22932.3008,22953.9395,22953.9395,1338800000
2007-07-17,22915.7891,23148.2598,22915.7891,23057.3008,23057.3008,1557900000
2007-07-18,22956.9707,23035.8008,22782.6309,22841.9199,22841.9199,2212000000
2007-07-19,22864.7500,23024.5000,22817.9199,23016.1992,23016.1992,1915800000
2007-07-20,23195.4102,23301.9297,23118.6699,23291.9004,23291.9004,1810900000
2007-07-23,23170.3496,23389.9395,23152.5391,23365.5605,23365.5605,1564600000
2007-07-24,23459.7402,23534.3809,23410.5391,23472.8809,23472.8809,1757500000
2007-07-25,23228.5605,23439.8301,23228.5605,23362.1797,23362.1797,1877600000
2007-07-26,23494.0391,23557.7402,23127.8008,23211.6895,23211.6895,1718400000
2007-07-27,22647.1094,22854.5391,22443.0996,22570.4102,22570.4102,2901400000
2007-07-30,22478.7695,22759.4902,22473.9199,22739.9004,22739.9004,1662300000
2007-07-31,23023.4297,23199.9004,22881.9707,23184.9395,23184.9395,1757700000
2007-08-01,23018.1992,23025.1406,22209.7891,22455.3594,22455.3594,2848100000
2007-08-02,22730.4004,22767.4707,22144.7305,22443.2500,22443.2500,2099200000
2007-08-03,22625.3809,22644.5801,22356.3008,22538.4395,22538.4395,1787600000
2007-08-06,22128.0605,22147.4199,21916.6992,21936.7305,21936.7305,2154500000
2007-08-07,22171.9004,22177.8008,21833.1406,21907.9902,21907.9902,1593400000
2007-08-08,22102.7598,22540.3008,22100.3398,22536.6699,22536.6699,1987100000
2007-08-09,22715.0801,22796.7305,22425.0703,22439.3594,22439.3594,1874300000
2007-08-10,21797.3906,21860.1309,21661.0508,21792.7109,21792.7109,1987800000
2007-08-13,21932.0000,21969.4492,21692.1602,21891.0996,21891.0996,1535600000
2007-08-14,21886.2598,22012.0391,21836.0996,22007.3203,22007.3203,1157000000
2007-08-15,21637.5000,21637.5000,21303.3496,21375.7207,21375.7207,2057800000
2007-08-16,20841.2305,20841.2305,20435.1504,20672.3906,20672.3906,3139800000
2007-08-17,20761.3105,20761.3105,19386.7207,20387.1309,20387.1309,4215400000
2007-08-20,21140.7305,21608.3398,20901.6406,21595.6309,21595.6309,3730000000
2007-08-21,22228.2402,22616.8496,21651.4004,21729.3496,21729.3496,4533200000
2007-08-22,21949.3906,22360.0293,21854.2207,22346.8809,22346.8809,2207500000
2007-08-23,23055.1191,23063.9297,22771.8496,22966.9707,22966.9707,3440600000
2007-08-24,22718.5391,22933.8008,22629.4902,22921.8906,22921.8906,3329000000
2007-08-27,23358.3809,23582.6602,23285.7109,23577.7305,23577.7305,3614900000
2007-08-28,23750.2500,23750.2500,23304.6406,23363.7598,23363.7598,2876800000
2007-08-29,22802.8301,23110.2598,22686.8398,23020.5996,23020.5996,2609900000
2007-08-30,23509.9805,23583.4902,23376.6797,23484.5391,23484.5391,2371600000
2007-08-31,23584.6602,24089.0000,23487.0703,23984.1406,23984.1406,3266700000
2007-09-03,23611.0195,23915.0508,23611.0195,23904.0898,23904.0898,1703300000
2007-09-04,23937.4609,24127.1602,23855.1094,23886.0703,23886.0703,1982800000
2007-09-05,24196.5898,24283.1504,23839.0000,24069.1699,24069.1699,1817500000
2007-09-06,23857.9707,24089.0605,23853.0508,24050.4004,24050.4004,1588700000
2007-09-07,24036.3594,24135.2402,23881.7207,23982.6094,23982.6094,2604900000
2007-09-10,23584.0703,24123.6602,23578.1094,23999.6992,23999.6992,2092800000
2007-09-11,24000.1797,24157.3594,23753.3496,23952.2402,23952.2402,1687600000
2007-09-12,24195.3809,24329.1992,24088.1094,24310.1406,24310.1406,1734000000
2007-09-13,24475.9707,24552.1797,24216.4102,24537.0195,24537.0195,1378300000
2007-09-14,24750.0391,24978.6094,24715.7402,24898.1094,24898.1094,2032500000
2007-09-17,24977.4199,24977.4199,24544.7402,24599.3398,24599.3398,1338800000
2007-09-18,24503.8301,24599.3105,24368.6504,24576.8496,24576.8496,1397500000
2007-09-19,25511.3594,25648.4395,25286.9199,25554.6406,25554.6406,3122500000
2007-09-20,25638.3105,25773.5996,25571.1504,25701.1309,25701.1309,3257500000
2007-09-21,25659.9609,25893.1992,25554.5391,25843.7793,25843.7793,2553600000
2007-09-24,26002.0996,26635.2695,25994.7793,26551.9395,26551.9395,3199800000
2007-09-25,26388.8594,26667.2402,26236.7305,26430.2891,26430.2891,2863200000
2007-09-27,26664.7891,27166.0098,26664.7891,27065.1504,27065.1504,3126900000
2007-09-28,27126.1309,27254.9707,26899.4805,27142.4707,27142.4707,3152600000
2007-10-02,27816.9199,28256.8008,27795.5508,28199.7500,28199.7500,4002000000
2007-10-03,28163.2695,28871.0391,27245.4805,27479.9395,27479.9395,4924100000
2007-10-04,27108.2695,27423.1094,26746.6309,26973.9805,26973.9805,2888200000
2007-10-05,27329.6504,27843.5898,27203.9102,27831.5195,27831.5195,2411400000
2007-10-08,28233.3008,28482.4199,27651.2109,27770.2891,27770.2891,3766200000
2007-10-09,27817.1094,28238.3105,27491.9297,28228.0391,28228.0391,2439200000
2007-10-10,28654.9492,28771.4707,28292.9004,28569.3301,28569.3301,4380300000
2007-10-11,28689.7305,29133.7598,28609.6797,29133.0195,29133.0195,3820200000
2007-10-12,28773.0605,28935.6699,28368.6895,28838.3691,28838.3691,3267000000
2007-10-15,29147.8398,29561.9805,28767.4102,29540.7793,29540.7793,2642600000
2007-10-16,29238.2891,29920.2500,28884.2305,28954.5508,28954.5508,3997700000
2007-10-17,28674.2695,29310.7793,28484.1992,29298.7109,29298.7109,2589900000
2007-10-18,30013.4805,30025.0703,29265.4707,29465.0508,29465.0508,2831300000
2007-10-22,28336.9707,28760.5508,28336.9707,28373.6309,28373.6309,3018800000
2007-10-23,28726.9609,29418.9902,28718.5508,29376.8594,29376.8594,2795800000
2007-10-24,29810.3809,29997.0098,29290.7207,29333.5293,29333.5293,3174400000
2007-10-25,29660.4707,29943.3906,29314.2207,29854.4902,29854.4902,3462800000
2007-10-26,30215.1992,30562.6309,29932.6406,30405.2207,30405.2207,3197400000
2007-10-29,30986.2207,31604.5000,30986.2207,31586.9004,31586.9004,3541600000
2007-10-30,31361.9102,31958.4102,31361.9102,31638.2207,31638.2207,4108600000
2007-10-31,31530.9609,31556.0508,31159.5391,31352.5801,31352.5801,3478800000
2007-11-01,31783.4707,31897.4902,31342.0508,31492.8809,31492.8809,3724600000
2007-11-02,30580.0703,30922.3105,30366.6895,30468.3398,30468.3398,3254900000
2007-11-05,30165.7793,30356.7891,28920.3008,28942.3203,28942.3203,3222300000
2007-11-06,29220.0391,29470.9707,28479.0293,29438.1309,29438.1309,3051500000
2007-11-07,30054.0801,30195.6406,29596.1797,29708.9297,29708.9297,2510200000
2007-11-08,28758.7207,29009.3691,28545.6992,28760.2207,28760.2207,2681600000
2007-11-09,28510.5293,29249.9492,28408.5293,28783.4102,28783.4102,2419000000
2007-11-12,28061.4492,28071.5293,27468.0000,27665.7305,27665.7305,2892800000
2007-11-13,27561.5703,28010.9707,26952.9395,27803.3496,27803.3496,3266000000
2007-11-14,28787.4004,29175.2598,28622.9707,29166.0098,29166.0098,2952900000
2007-11-15,29078.2109,29249.9902,28730.3008,28751.2109,28751.2109,1852800000
2007-11-16,28037.1797,28120.4199,27496.1504,27614.4297,27614.4297,2922800000
2007-11-19,27628.9707,27801.5293,27300.2891,27460.1699,27460.1699,1637300000
2007-11-20,26583.6406,27851.3105,26404.2793,27771.2109,27771.2109,2942600000
2007-11-21,27277.7207,27303.9102,26500.5391,26618.1895,26618.1895,2568000000
2007-11-22,26318.2109,27003.8691,25861.7305,26004.9199,26004.9199,2503400000
2007-11-23,26484.7402,26723.3398,26305.4492,26541.0898,26541.0898,1759700000
2007-11-26,27398.5293,27643.5605,27311.8809,27626.6191,27626.6191,2287900000
2007-11-27,26704.7598,27552.3398,26637.6094,27210.2109,27210.2109,3300500000
2007-11-28,27315.9297,27455.8105,27028.6699,27371.2402,27371.2402,1596700000
2007-11-29,28337.1094,28667.2695,28114.6797,28482.5391,28482.5391,3118200000
2007-11-30,28604.6797,28792.3008,28436.7109,28643.6094,28643.6094,1761200000
2007-12-03,28825.0293,29119.7305,28658.4199,28658.4199,28658.4199,1481700000
2007-12-04,28544.1797,29020.7891,28544.1797,28879.5898,28879.5898,1117800000
2007-12-05,28942.2305,29411.3906,28712.4707,29345.4492,29345.4492,2070400000
2007-12-06,29769.1504,29889.3496,29530.3203,29558.9199,29558.9199,2528800000
2007-12-07,29890.6406,29962.9297,28838.9395,28842.4707,28842.4707,2621600000
2007-12-10,29017.6992,29137.8906,28445.6699,28501.0996,28501.0996,2767000000
2007-12-11,28947.6992,29235.2109,28726.1309,29226.8398,29226.8398,1822500000
2007-12-12,28611.6406,28777.2793,28343.2109,28521.0605,28521.0605,2741100000
2007-12-13,28518.7793,28604.1699,27606.2305,27744.4492,27744.4492,2963000000
2007-12-14,27708.3105,27813.8203,27245.1699,27563.6406,27563.6406,2426900000
2007-12-17,27236.4492,27245.5098,26551.3691,26596.5801,26596.5801,2406700000
2007-12-18,26515.0898,26912.2891,26093.9609,26732.8691,26732.8691,2245700000
2007-12-19,26880.0898,27214.6504,26670.8496,27029.2598,27029.2598,1637100000
2007-12-20,27034.5996,27203.8906,26957.6504,27017.0898,27017.0898,1421500000
2007-12-21,27192.8008,27670.3105,27192.8008,27626.9199,27626.9199,1608500000
2007-12-24,27965.2500,28191.2598,27954.2793,28128.8008,28128.8008,1238100000
2007-12-27,28337.4707,28343.3906,27842.9297,27842.9297,27842.9297,1551900000
2007-12-28,27511.5391,27678.4004,27296.8594,27370.5996,27370.5996,1772100000
2007-12-31,27437.9395,27820.1406,27437.9395,27812.6504,27812.6504,853800000
2008-01-02,27632.1992,27853.5996,27299.4492,27560.5195,27560.5195,1232100000
2008-01-03,27050.0293,27223.7109,26864.1309,26887.2793,26887.2793,2442700000
2008-01-04,27004.3398,27596.8594,26994.8496,27519.6895,27519.6895,2375500000
2008-01-07,26962.5391,27186.0703,26698.5391,27179.4902,27179.4902,2452900000
2008-01-08,27466.9609,27637.5996,27088.6992,27112.9004,27112.9004,2492400000
2008-01-09,26847.4902,27625.8301,26757.0293,27615.8496,27615.8496,2714700000
2008-01-10,27426.4199,27596.5000,27115.8203,27230.8594,27230.8594,2704600000
2008-01-11,27435.5098,27593.6992,26725.9492,26867.0098,26867.0098,2950300000
2008-01-14,27019.1309,27142.8809,26464.6406,26468.1309,26468.1309,2050200000
2008-01-15,26728.9297,26800.5195,25823.5000,25837.7793,25837.7793,2333400000
2008-01-16,25131.1094,25131.1094,24320.0293,24450.8496,24450.8496,4294600000
2008-01-17,24705.0801,25381.9102,23957.6094,25114.9805,25114.9805,3535100000
2008-01-18,24247.1699,25378.2402,24134.2500,25201.8691,25201.8691,3155100000
2008-01-21,24459.0195,24650.2793,23770.1309,23818.8594,23818.8594,3252100000
2008-01-22,22624.2891,22713.6895,21709.6309,21757.6309,21757.6309,5979700000
2008-01-23,23359.1992,24239.9805,22647.2793,24090.1699,24090.1699,5350500000
2008-01-24,24396.8496,24966.1699,23478.8691,23539.2695,23539.2695,4254000000
2008-01-25,24801.4609,25243.5801,24483.9297,25122.3691,25122.3691,3929000000
2008-01-28,24342.3906,24384.2695,23586.5195,24053.6094,24053.6094,3088000000
2008-01-29,24640.0996,24736.8008,24229.1406,24291.8008,24291.8008,1953200000
2008-01-30,24605.1504,24631.5898,23586.3691,23653.6895,23653.6895,2550800000
2008-01-31,23789.7207,23887.1699,23052.9492,23455.7402,23455.7402,2460000000
2008-02-01,23791.9199,24238.3008,23322.0508,24123.5801,24123.5801,3429300000
2008-02-04,24885.0703,25101.4102,24728.5000,25032.0801,25032.0801,3259200000
2008-02-05,24710.0996,24961.9805,24504.5293,24808.6992,24808.6992,1704100000
2008-02-06,23458.1504,23592.3105,23283.9707,23469.4609,23469.4609,2714600000
2008-02-11,23404.7402,23404.7402,22569.5293,22616.1094,22616.1094,2369900000
2008-02-12,22953.7793,23146.4395,22891.2207,22921.6699,22921.6699,1584800000
2008-02-13,23330.0898,23534.4902,22938.0508,23169.5508,23169.5508,2066000000
2008-02-14,23893.5098,24140.2891,23756.4492,24021.6797,24021.6797,2799200000
2008-02-15,23511.4707,24208.5098,23446.3691,24148.4297,24148.4297,1920000000
2008-02-18,24344.2695,24413.8906,23735.8691,23759.2500,23759.2500,1666300000
2008-02-19,24040.6602,24402.6406,24025.0508,24123.1699,24123.1699,2524500000
2008-02-20,24265.3203,24265.3203,23481.0605,23590.5801,23590.5801,2652400000
2008-02-21,23957.6406,24003.5996,23500.9492,23623.0000,23623.0000,1680700000
2008-02-22,23233.9004,23420.3496,23077.5098,23305.0391,23305.0391,1760200000
2008-02-25,23546.0996,23552.9902,23164.9707,23269.1406,23269.1406,1323800000
2008-02-26,23564.7695,23762.4004,23395.2598,23714.7500,23714.7500,1621000000
2008-02-27,24161.1895,24610.4102,24111.5996,24483.8398,24483.8398,3009500000
2008-02-28,24373.9004,24841.2305,24205.0098,24591.6895,24591.6895,2194400000
2008-02-29,24226.8301,24370.6895,24010.4805,24331.6699,24331.6699,1997900000
2008-03-03,23491.5703,23738.6699,23458.9492,23584.9707,23584.9707,2409000000
2008-03-04,23858.0391,23923.1992,23060.9004,23119.8691,23119.8691,2208700000
2008-03-05,23066.6406,23268.4492,22873.3105,23114.3398,23114.3398,1977000000
2008-03-06,23360.6797,23615.1797,23254.3105,23342.7305,23342.7305,1691900000
2008-03-07,22694.2305,22836.7598,22447.8398,22501.3301,22501.3301,2764200000
2008-03-10,22387.2500,22725.2109,22034.7598,22705.0508,22705.0508,2510400000
2008-03-11,22634.7109,22995.3496,22263.3594,22995.3496,22995.3496,2261200000
2008-03-12,23737.6504,23737.6504,23139.4004,23422.7598,23422.7598,2637000000
2008-03-13,22925.4199,23007.6094,22251.2402,22301.6406,22301.6406,2546500000
2008-03-14,22536.1191,22747.1406,22151.5098,22237.1094,22237.1094,2340200000
2008-03-17,21318.0293,21473.4004,21041.2598,21084.6094,21084.6094,3369500000
2008-03-18,21444.6094,21467.1797,20572.9199,21384.6094,21384.6094,3676800000
2008-03-19,22191.8809,22191.8809,21779.8398,21866.9395,21866.9395,2951800000
2008-03-20,21173.3008,21471.6699,20896.1406,21108.2207,21108.2207,2784800000
2008-03-25,21841.7793,22529.8008,21691.5508,22464.5195,22464.5195,3281200000
2008-03-26,22581.7500,22811.3496,22428.4297,22617.0098,22617.0098,2754500000
2008-03-27,22312.5703,22758.9395,22205.1992,22664.2207,22664.2207,2271900000
2008-03-28,22750.3105,23313.8809,22721.2207,23285.9492,23285.9492,3177600000
2008-03-31,22997.0391,23077.8398,22700.8398,22849.1992,22849.1992,1817000000
2008-04-01,23084.9297,23305.7109,22700.5000,23137.4609,23137.4609,2122800000
2008-04-02,24133.7695,24195.3203,23858.8906,23872.4297,23872.4297,3980900000
2008-04-03,23947.5508,24334.1895,23937.3105,24264.6309,24264.6309,2489100000
2008-04-07,24484.8301,24642.0195,24269.5508,24578.7598,24578.7598,2084000000
2008-04-08,24507.0703,24557.4297,24212.5996,24311.6895,24311.6895,1980400000
2008-04-09,24293.4199,24492.0293,23921.1504,23984.5703,23984.5703,2280700000
2008-04-10,24101.4102,24214.5703,23905.5801,24187.0996,24187.0996,2034500000
2008-04-11,24442.2695,24681.4609,24322.1094,24667.7891,24667.7891,2777500000
2008-04-14,23968.0391,24070.2598,23753.0391,23811.1992,23811.1992,2289900000
2008-04-15,23950.4004,24043.8906,23613.4902,23901.3301,23901.3301,1951900000
2008-04-16,24075.6797,24194.1797,23749.6797,23878.3496,23878.3496,1510800000
2008-04-17,24369.8594,24442.0703,24150.5098,24258.9609,24258.9609,1972000000
2008-04-18,24234.5293,24400.8691,24107.2402,24197.7793,24197.7793,2314100000
2008-04-21,24821.0000,24887.1094,24668.2793,24721.6699,24721.6699,2069800000
2008-04-22,24460.6406,24965.7402,24413.2500,24939.1504,24939.1504,2474600000
2008-04-23,25000.4902,25361.2891,24919.7305,25289.2402,25289.2402,2661200000
2008-04-24,25776.2891,25861.6797,25603.5703,25680.7793,25680.7793,3261400000
2008-04-25,25852.9707,25852.9707,25437.8203,25516.7793,25516.7793,2047800000
2008-04-28,25613.1699,25717.4297,25567.5898,25666.2891,25666.2891,2082900000
2008-04-29,25661.9609,26038.5801,25633.4707,25914.1504,25914.1504,2901800000
2008-04-30,25998.2695,26066.5000,25731.6406,25755.3496,25755.3496,2282500000
2008-05-02,26324.9707,26374.0898,26173.8203,26241.0195,26241.0195,2749000000
2008-05-05,26321.6094,26387.3691,26118.6094,26183.9492,26183.9492,1900600000
2008-05-06,26084.6094,26314.9902,26072.6191,26262.1309,26262.1309,1696800000
2008-05-07,26377.9902,26377.9902,25471.1895,25610.2109,25610.2109,2539300000
2008-05-08,25442.5195,25616.9492,25353.5098,25449.7891,25449.7891,1846300000
2008-05-09,25401.9102,25483.7598,24911.3301,25063.1699,25063.1699,2068000000
2008-05-13,25190.1797,25601.5508,25032.1699,25552.7695,25552.7695,2460700000
2008-05-14,25461.3691,25546.7793,25108.0605,25533.4805,25533.4805,1855800000
2008-05-15,25719.0195,25736.5605,25208.2207,25513.7109,25513.7109,2137000000
2008-05-16,25665.6406,25748.3301,25533.5996,25618.8594,25618.8594,2457700000
2008-05-19,25592.2109,25822.0000,25592.2109,25742.2305,25742.2305,1587600000
2008-05-20,25692.2695,25702.8691,25042.0898,25169.4609,25169.4609,2068800000
2008-05-21,24828.0391,25498.0898,24820.1699,25460.2891,25460.2891,2106300000
2008-05-22,24984.2793,25057.5391,24700.4902,25043.1191,25043.1191,2061200000
2008-05-23,25085.3496,25128.4395,24693.5508,24714.0703,24714.0703,1574800000
2008-05-26,24234.3496,24331.6895,24100.3105,24127.3105,24127.3105,1780700000
2008-05-27,24239.0508,24441.0703,24221.2793,24282.0391,24282.0391,1144900000
2008-05-28,24209.0293,24338.6797,24178.7109,24249.5098,24249.5098,1445200000
2008-05-29,24542.0996,24542.0996,24222.0508,24383.9902,24383.9902,1779300000
2008-05-30,24448.3691,24585.7793,24289.8496,24533.1191,24533.1191,2117200000
2008-06-02,24542.2891,24923.2793,24453.7891,24831.3594,24831.3594,1827000000
2008-06-03,24556.1797,24590.5996,24254.9297,24375.7598,24375.7598,2556800000
2008-06-04,24327.7207,24462.5801,24123.2500,24123.2500,24123.2500,1965700000
2008-06-05,24150.5293,24321.6602,24003.9805,24255.2891,24255.2891,1718600000
2008-06-06,24505.5996,24524.5898,24392.8203,24402.1797,24402.1797,1723100000
2008-06-10,23689.1602,23741.0898,23343.1895,23375.5195,23375.5195,2721500000
2008-06-11,23288.9609,23486.1699,23178.0195,23327.5996,23327.5996,1655600000
2008-06-12,22820.8906,23023.8594,22695.0996,23023.8594,23023.8594,2122600000
2008-06-13,22920.7695,22984.0898,22592.3008,22592.3008,22592.3008,1499600000
2008-06-16,22814.1699,23232.9902,22814.1699,23029.6895,23029.6895,1493200000
2008-06-17,23008.0801,23128.5801,22872.3301,23057.9902,23057.9902,1172400000
2008-06-18,23114.4492,23492.2109,22946.9609,23325.8008,23325.8008,2194500000
2008-06-19,22849.3594,22999.6699,22733.7793,22797.6094,22797.6094,1847300000
2008-06-20,22817.9902,23411.6309,22745.5996,22745.5996,22745.5996,2389600000
2008-06-23,22407.0898,22830.4297,22384.5801,22714.9609,22714.9609,1772600000
2008-06-24,22697.2598,22731.4902,22456.0195,22456.0195,22456.0195,1738800000
2008-06-25,22745.1699,22827.5605,22567.9297,22635.1602,22635.1602,1404600000
2008-06-26,22742.5391,22885.3496,22441.4707,22455.6699,22455.6699,1858500000
2008-06-27,21901.2695,22201.4707,21773.6699,22042.3496,22042.3496,2215900000
2008-06-30,22237.9199,22237.9199,21997.6895,22102.0098,22102.0098,1489400000
2008-07-02,21785.3906,21938.1992,21555.5293,21704.4492,21704.4492,2548600000
2008-07-03,21389.4902,21742.0703,21163.5703,21242.7793,21242.7793,2725300000
2008-07-04,21402.1699,21534.0508,21344.8496,21423.8203,21423.8203,1796300000
2008-07-07,21402.6992,21916.2109,21402.6992,21913.0605,21913.0605,1964600000
2008-07-08,21632.6992,21684.2109,21098.8398,21220.8105,21220.8105,2015200000
2008-07-09,21740.8594,21954.1699,21531.9707,21805.8105,21805.8105,2691200000
2008-07-10,21562.0703,22020.6602,21498.8691,21821.7793,21821.7793,2512100000
2008-07-11,21834.6406,22225.3809,21761.0391,22184.5508,22184.5508,2163700000
2008-07-14,22205.0000,22360.2891,21871.5996,22014.4609,22014.4609,1494900000
2008-07-15,21644.0391,21644.0391,21077.2402,21174.7695,21174.7695,2140100000
2008-07-16,20988.7402,21334.3809,20988.7402,21223.5000,21223.5000,1784100000
2008-07-17,21825.2402,21892.5293,21672.2695,21734.7207,21734.7207,2289900000
2008-07-18,22010.9395,22010.9395,21677.1504,21874.1895,21874.1895,1842100000
2008-07-21,22523.2793,22645.5195,22455.0098,22532.9004,22532.9004,2571600000
2008-07-22,22430.5898,22690.7402,22393.1406,22527.4805,22527.4805,1505900000
2008-07-23,22900.7695,23134.5508,22871.0391,23134.5508,23134.5508,2586700000
2008-07-24,23330.8906,23369.0508,23062.6191,23087.7207,23087.7207,2589700000
2008-07-25,22751.5098,22843.1992,22542.0801,22740.7109,22740.7109,1917700000
2008-07-28,22801.8496,22862.0293,22619.2305,22687.2109,22687.2109,1081800000
2008-07-29,22265.9297,22265.9297,22089.0898,22258.0000,22258.0000,1403200000
2008-07-30,22637.3301,22751.0391,22573.1797,22690.5996,22690.5996,1968700000
2008-07-31,22878.7598,22878.7598,22695.7305,22731.0996,22731.0996,1572700000
2008-08-01,22497.9004,22881.2695,22207.3105,22862.5996,22862.5996,1800200000
2008-08-04,22630.5898,22713.5801,22425.1309,22514.9199,22514.9199,1293100000
2008-08-05,22225.0605,22225.0605,21739.2207,21949.7500,21949.7500,1946700000
2008-08-07,22403.2598,22424.5391,21915.2793,22104.1992,22104.1992,2172200000
2008-08-08,21997.6406,22230.5508,21690.5996,21885.2109,21885.2109,1737900000
2008-08-11,22020.5391,22235.5098,21859.3398,21859.3398,21859.3398,1549100000
2008-08-12,21992.1797,22309.3301,21640.8906,21640.8906,21640.8906,1868400000
2008-08-13,21270.8594,21665.7500,21223.3809,21293.3203,21293.3203,3083100000
2008-08-14,21302.6992,21453.4805,21109.0098,21392.7109,21392.7109,2250400000
2008-08-15,21383.7109,21383.7109,20994.5391,21160.5801,21160.5801,1450500000
2008-08-18,21163.0098,21206.5996,20751.1406,20930.6699,20930.6699,1318400000
2008-08-19,20675.7500,20902.5098,20484.3691,20484.3691,20484.3691,1387900000
2008-08-20,20388.7891,20971.1895,20388.7891,20931.2598,20931.2598,1839000000
2008-08-21,20762.6504,20762.6504,20350.4805,20392.0605,20392.0605,1711500000
2008-08-25,20739.4805,21108.2500,20739.4805,21104.7891,21104.7891,1915400000
2008-08-26,20849.0801,21173.5605,20785.8008,21056.6602,21056.6602,1382900000
2008-08-27,21104.5605,21464.7207,21104.5605,21464.7207,21464.7207,1945700000
2008-08-28,21546.9395,21546.9395,20857.0293,20972.2891,20972.2891,2187600000
2008-08-29,21289.6992,21474.3105,21223.9902,21261.8906,21261.8906,2047900000
2008-09-01,20999.3203,21031.0801,20844.1504,20906.3105,20906.3105,1213900000
2008-09-02,20956.9395,21066.5801,20595.5898,21042.4609,21042.4609,1618400000
2008-09-03,20964.7500,20964.7500,20526.7305,20585.0605,20585.0605,1666100000
2008-09-04,20545.3809,20621.4805,20356.5098,20389.4805,20389.4805,1561100000
2008-09-05,19833.8691,19987.1504,19708.3906,19933.2793,19933.2793,2582600000
2008-09-08,20840.6895,20840.6895,20637.9902,20794.2695,20794.2695,3035300000
2008-09-09,20439.4707,20543.1504,20299.9707,20491.1094,20491.1094,1942600000
2008-09-10,20114.8594,20283.9902,19951.3594,19999.7793,19999.7793,2697600000
2008-09-11,19854.8203,19854.8203,19220.2793,19388.7207,19388.7207,2913100000
2008-09-12,19432.7207,19525.5508,19157.7305,19352.9004,19352.9004,2445800000
2008-09-16,18325.6504,18538.5098,18019.1992,18300.6094,18300.6094,5213600000
2008-09-17,18691.3008,18699.1797,17637.1895,17637.1895,17637.1895,4390100000
2008-09-18,17120.2305,17849.9707,16283.7197,17632.4609,17632.4609,6237700000
2008-09-19,18878.2598,19327.7305,18588.1094,19327.7305,19327.7305,6690200000
2008-09-22,19869.0195,19869.0195,19137.6699,19632.1992,19632.1992,3731600000
2008-09-23,19178.4902,19302.7598,18872.8496,18872.8496,18872.8496,2546600000
2008-09-24,18954.3203,19291.0195,18862.9004,18961.9902,18961.9902,2084500000
2008-09-25,19003.2207,19248.7207,18870.1094,18934.4297,18934.4297,1682500000
2008-09-26,18909.5898,18936.9395,18500.1094,18682.0898,18682.0898,1895400000
2008-09-29,18742.2500,18742.2500,17796.3398,17880.6797,17880.6797,2578500000
2008-09-30,16898.3301,18029.7695,16799.2891,18016.2109,18016.2109,3226900000
2008-10-02,17870.4297,18285.6797,17631.6992,18211.1094,18211.1094,2476200000
2008-10-03,17788.9902,17926.1406,17682.4004,17682.4004,17682.4004,2074900000
2008-10-06,17156.2109,17241.7793,16790.8594,16803.7598,16803.7598,2234400000
2008-10-08,16107.9805,16422.5195,15431.7305,15431.7305,15431.7305,4925700000
2008-10-09,15550.8604,15990.2002,15550.8604,15943.2402,15943.2402,3388900000
2008-10-10,14717.5195,14910.5498,14398.5400,14796.8701,14796.8701,4705200000
2008-10-13,15156.1602,16376.4199,14754.6396,16312.1602,16312.1602,4305100000
2008-10-14,17141.0508,17141.0508,16615.0098,16832.8809,16832.8809,4018100000
2008-10-15,16609.0898,16609.0898,15961.9199,15998.2998,15998.2998,2561700000
2008-10-16,14902.3398,15230.5195,14578.5400,15230.5195,15230.5195,4412600000
2008-10-17,15081.4600,15300.0703,14554.2100,14554.2100,14554.2100,3950800000
2008-10-20,14691.9004,15472.6797,14691.7900,15323.0098,15323.0098,3013300000
2008-10-21,15616.9600,15616.9600,14884.0703,15041.1699,15041.1699,2354300000
2008-10-22,14878.2100,15161.6904,14038.4102,14266.5996,14266.5996,3102100000
2008-10-23,13596.3096,14032.2500,13403.3496,13760.4902,13760.4902,3545900000
2008-10-24,13478.6299,13478.6299,12618.3799,12618.3799,12618.3799,3538900000
2008-10-27,12372.7500,12736.8496,10676.2900,11015.8398,11015.8398,4834400000
2008-10-28,11154.5703,12596.2900,11133.9404,12596.2900,12596.2900,5810900000
2008-10-29,12807.3496,13307.4199,12333.9404,12702.0703,12702.0703,4183600000
2008-10-30,13280.4404,14329.8496,13280.4404,14329.8496,14329.8496,5338300000
2008-10-31,14037.3701,14122.7803,13517.4199,13968.6699,13968.6699,3531200000
2008-11-03,14436.0303,14889.1299,14272.1699,14344.3701,14344.3701,2971300000
2008-11-04,14337.6201,14539.5898,13853.1602,14384.3398,14384.3398,2387900000
2008-11-05,15045.5303,15317.8301,14750.0400,14840.1602,14840.1602,3458900000
2008-11-06,14081.7598,14081.7598,13674.0703,13790.0400,13790.0400,2739100000
2008-11-07,13273.0898,14254.2197,13273.0898,14243.4297,14243.4297,2750300000
2008-11-10,15033.1797,15147.9600,14453.6201,14744.6299,14744.6299,2801000000
2008-11-11,14322.9502,14853.8301,13926.7100,14040.9004,14040.9004,2453800000
2008-11-12,14155.2598,14256.0596,13626.3096,13939.0898,13939.0898,2071500000
2008-11-13,13068.9297,13373.1104,12943.1104,13221.3496,13221.3496,2813700000
2008-11-14,13749.5303,13749.5303,13493.8604,13542.6602,13542.6602,2182700000
2008-11-17,13584.3496,13738.1201,13277.6396,13529.5303,13529.5303,1604600000
2008-11-18,13298.8799,13363.5703,12676.2803,12915.8896,12915.8896,2489000000
2008-11-19,12827.3701,13179.3301,12738.5303,12815.7998,12815.7998,2060800000
2008-11-20,12170.9805,12298.5596,11976.8799,12298.5596,12298.5596,3096100000
2008-11-21,11814.8096,13048.5000,11814.8096,12659.2002,12659.2002,3106000000
2008-11-24,12239.4902,12707.2305,12239.4902,12457.9404,12457.9404,1769100000
2008-11-25,13012.0000,13090.8799,12767.4404,12878.5996,12878.5996,2466300000
2008-11-26,12990.3496,13369.4502,12990.3496,13369.4502,13369.4502,2394600000
2008-11-27,13901.4502,13930.9102,13332.9297,13552.0596,13552.0596,2776100000
2008-11-28,13550.2900,13896.4902,13550.2900,13888.2402,13888.2402,2150300000
2008-12-01,13775.2803,14253.6602,13659.4404,14108.8398,14108.8398,2041600000
2008-12-02,13373.0195,13513.5000,13344.5996,13405.8496,13405.8496,1961200000
2008-12-03,13598.5996,13778.0498,13573.4297,13588.6602,13588.6602,1811400000
2008-12-04,13857.2900,13883.8701,13459.6104,13509.7803,13509.7803,1862600000
2008-12-05,13718.9199,13875.1396,13656.9199,13846.0898,13846.0898,1750600000
2008-12-08,14303.2500,15044.8701,14303.2500,15044.8701,15044.8701,3219400000
2008-12-09,15032.3301,15205.3203,14717.4697,14753.2197,14753.2197,2440300000
2008-12-10,14946.0000,15578.9600,14946.0000,15577.7402,15577.7402,2684200000
2008-12-11,15533.6201,15781.0498,15337.7305,15613.9004,15613.9004,2477400000
2008-12-12,15287.7002,15393.0898,14479.2305,14758.3896,14758.3896,2916300000
2008-12-15,15363.4902,15386.9004,15007.4199,15046.9502,15046.9502,2021400000
2008-12-16,15018.4600,15217.2500,14819.7305,15130.2100,15130.2100,1661600000
2008-12-17,15544.9697,15557.4502,15179.3799,15460.5195,15460.5195,2180500000
2008-12-18,15335.2998,15548.2598,15301.1602,15497.8096,15497.8096,1883000000
2008-12-19,15235.2197,15444.2803,15014.9805,15127.5098,15127.5098,2420200000
2008-12-22,15177.1201,15227.4297,14622.3896,14622.3896,14622.3896,1413000000
2008-12-23,14472.0303,14491.7500,14084.8604,14220.7900,14220.7900,1494200000
2008-12-24,13855.8896,14300.7002,13855.8896,14184.1396,14184.1396,865500000
2008-12-29,14080.8604,14332.0195,13924.3203,14328.4805,14328.4805,1046600000
2008-12-30,14476.7402,14513.4805,14189.0801,14235.5000,14235.5000,1441700000
2008-12-31,14377.5098,14527.0996,14302.1504,14387.4805,14387.4805,1612200000
2009-01-02,14448.2197,15042.8096,14412.1201,15042.8096,15042.8096,1752400000
2009-01-05,15349.3301,15563.3096,15128.3203,15563.3096,15563.3096,2172600000
2009-01-06,15612.4697,15651.6104,15367.9297,15509.5098,15509.5098,2484500000
2009-01-07,15759.5303,15763.5498,14976.7402,14987.4600,14987.4600,9799100000
2009-01-08,14755.8096,14755.8096,14334.1504,14415.9102,14415.9102,4374400000
2009-01-09,14530.8301,14673.5996,14297.4102,14377.4404,14377.4404,3332500000
2009-01-12,14312.2598,14312.2598,13895.0400,13971.0000,13971.0000,4111600000
2009-01-13,13930.2695,14118.9297,13644.5400,13668.0498,13668.0498,3480900000
2009-01-14,13807.0303,14019.0303,13674.9600,13704.6104,13704.6104,1537700000
2009-01-15,13136.2305,13300.7500,12904.0498,13242.9600,13242.9600,4146200000
2009-01-16,13278.9697,13423.2402,13113.4502,13255.5098,13255.5098,3467100000
2009-01-19,13414.0898,13519.1797,13097.5000,13339.9902,13339.9902,2194400000
2009-01-20,12854.4004,13160.8701,12816.2500,12959.7695,12959.7695,2521600000
2009-01-21,12534.5996,12762.5400,12439.1299,12583.6299,12583.6299,3303900000
2009-01-22,12844.3701,12895.2500,12657.0996,12657.9902,12657.9902,1878300000
2009-01-23,12542.0098,12734.7998,12469.8398,12578.5996,12578.5996,2198200000
2009-01-29,13560.0703,13560.0703,13109.2695,13154.4297,13154.4297,2662300000
2009-01-30,12958.0801,13390.1201,12899.5703,13278.2100,13278.2100,3689300000
2009-02-02,13194.0000,13239.5000,12733.3496,12861.4902,12861.4902,2005500000
2009-02-03,12991.4902,13065.9697,12729.0400,12776.8896,12776.8896,1562200000
2009-02-04,13029.4199,13108.7402,12975.2998,13063.8896,13063.8896,2070900000
2009-02-05,13084.7900,13492.5303,13018.6396,13178.9004,13178.9004,3385000000
2009-02-06,13535.7598,13660.2402,13322.6201,13655.0400,13655.0400,2428200000
2009-02-09,13865.5898,13865.5898,13561.5400,13769.0596,13769.0596,2693000000
2009-02-10,13787.1201,13976.3096,13663.4102,13880.6396,13880.6396,1957900000
2009-02-11,13546.1396,13600.0195,13363.0596,13539.2100,13539.2100,1808300000
2009-02-12,13439.5801,13478.6602,13174.0098,13228.2998,13228.2998,1756000000
2009-02-13,13314.8096,13576.3203,13314.0195,13554.6699,13554.6699,1546700000
2009-02-16,13559.8203,13559.8203,13257.3496,13455.8799,13455.8799,1357600000
2009-02-17,13195.5098,13195.5098,12933.9102,12945.4004,12945.4004,2353200000
2009-02-18,12783.7900,13031.2803,12712.3301,13016.0000,13016.0000,2274500000
2009-02-19,12873.0996,13055.7197,12788.0801,13023.3604,13023.3604,1587100000
2009-02-20,12719.1396,12816.7900,12669.5703,12699.1699,12699.1699,2053300000
2009-02-23,12777.9600,13207.9805,12777.9600,13175.0996,13175.0996,1931100000
2009-02-24,12789.2900,12814.3701,12634.8398,12798.5195,12798.5195,2134800000
2009-02-25,12979.8604,13148.3096,12858.2803,13005.0801,13005.0801,1779100000
2009-02-26,13070.4102,13071.5801,12691.9600,12894.9404,12894.9404,1974600000
2009-02-27,12929.9902,13032.2998,12799.8096,12811.5703,12811.5703,2698400000
2009-03-02,12522.6104,12576.4502,12296.8604,12317.4600,12317.4600,2194800000
2009-03-03,11967.0703,12192.3496,11849.1699,12033.8799,12033.8799,2342800000
2009-03-04,11880.1699,12423.6904,11880.1699,12331.1504,12331.1504,2882800000
2009-03-05,12488.3301,12488.3301,12163.5498,12211.2402,12211.2402,2668000000
2009-03-06,12041.8203,12146.1602,11921.5195,11921.5195,11921.5195,4178100000
2009-03-09,11872.4600,11927.8896,11344.5801,11344.5801,11344.5801,2071500000
2009-03-10,11542.8799,11747.1104,11542.8799,11694.0498,11694.0498,1845700000
2009-03-11,12228.2197,12228.2197,11904.6104,11930.6602,11930.6602,2685800000
2009-03-12,11905.4697,12040.8398,11848.5000,12001.5303,12001.5303,1457500000
2009-03-13,12395.1797,12525.7998,12303.7002,12525.7998,12525.7998,2857800000
2009-03-16,12657.8701,12976.7100,12615.4502,12976.7100,12976.7100,2779300000
2009-03-17,12948.8496,13226.3096,12854.0498,12878.0898,12878.0898,2897000000
2009-03-18,13052.9502,13167.2002,13020.7998,13117.1699,13117.1699,1768500000
2009-03-19,13205.1699,13205.1699,12947.9004,13130.9199,13130.9199,2041000000
2009-03-20,13157.9004,13157.9004,12797.0996,12833.5098,12833.5098,2073300000
2009-03-23,13001.5498,13451.0195,13001.5498,13447.4199,13447.4199,2679900000
2009-03-24,13773.1699,13952.9805,13538.1602,13910.3398,13910.3398,2913000000
2009-03-25,13754.7695,13892.8799,13567.4502,13622.1104,13622.1104,3186100000
2009-03-26,13821.2803,14132.0898,13819.0996,14108.9805,14108.9805,4821700000
2009-03-27,14257.5596,14257.5596,13955.6602,14119.5000,14119.5000,3396900000
2009-03-30,13893.1504,13893.1504,13413.4805,13456.3301,13456.3301,2885500000
2009-03-31,13545.3604,13696.6904,13428.3096,13576.0195,13576.0195,2854900000
2009-04-01,13746.1797,13788.4102,13411.7900,13519.5400,13519.5400,2753400000
2009-04-02,13963.3398,14533.3398,13953.5596,14521.9697,14521.9697,3402800000
2009-04-03,14547.5195,14644.8203,14392.1904,14545.6904,14545.6904,3078700000
2009-04-06,14920.8398,15147.0596,14778.5098,14998.0400,14998.0400,2555300000
2009-04-07,14922.0898,14994.7598,14743.7100,14928.9697,14928.9697,2558900000
2009-04-08,14715.7002,14715.7002,14276.3496,14474.8604,14474.8604,2944800000
2009-04-09,14686.4805,14987.4102,14656.1602,14901.4102,14901.4102,2609300000
2009-04-14,15302.1396,15596.3398,15140.3896,15580.1602,15580.1602,3643000000
2009-04-15,15344.5898,15669.8496,15213.3896,15669.6201,15669.6201,2529500000
2009-04-16,15928.8203,15977.1299,15517.3896,15582.9902,15582.9902,2685000000
2009-04-17,15956.4600,15956.4600,15541.3096,15601.2695,15601.2695,3095800000
2009-04-20,15574.3203,15878.4004,15382.9600,15750.9102,15750.9102,2566000000
2009-04-21,15065.5898,15332.2695,15065.5898,15285.8896,15285.8896,2426800000
2009-04-22,15328.8301,15396.2803,14830.5898,14878.4502,14878.4502,3069800000
2009-04-23,14958.2402,15222.2002,14867.5898,15214.4600,15214.4600,2008300000
2009-04-24,15217.3701,15367.4805,15062.2900,15258.8496,15258.8496,1792000000
2009-04-27,15160.6904,15160.6904,14798.9004,14840.4199,14840.4199,2331700000
2009-04-28,15057.2500,15078.6299,14457.9902,14555.1104,14555.1104,2818500000
2009-04-29,14767.9199,14983.6602,14714.5098,14956.9502,14956.9502,2413700000
2009-04-30,15369.1104,15587.2900,15204.0996,15520.9902,15520.9902,2932900000
2009-05-04,15869.2803,16387.1191,15855.2402,16381.0498,16381.0498,3325000000
2009-05-05,16572.0000,16580.5391,16295.8604,16430.0801,16430.0801,2520500000
2009-05-06,16348.7598,16885.9199,16268.0303,16834.5703,16834.5703,3042100000
2009-05-07,17278.3105,17327.5195,16880.5996,17217.8906,17217.8906,4411500000
2009-05-08,17149.3105,17442.9609,16970.1992,17389.8691,17389.8691,3886300000
2009-05-11,17381.0000,17685.6406,17032.4395,17087.9492,17087.9492,3722400000
2009-05-12,16996.2109,17239.6504,16908.0605,17153.6406,17153.6406,4029500000
2009-05-13,17097.8203,17372.1504,17014.8594,17059.6191,17059.6191,2043300000
2009-05-14,16630.3301,16630.3301,16422.2793,16541.6895,16541.6895,2962200000
2009-05-15,16818.8105,16953.4102,16736.1797,16790.6992,16790.6992,1985000000
2009-05-18,16468.7109,17062.4902,16334.3604,17022.9102,17022.9102,2397300000
2009-05-19,17454.2305,17588.9297,17376.4297,17544.0293,17544.0293,2813000000
2009-05-20,17486.3906,17611.0000,17362.3691,17475.8398,17475.8398,2308500000
2009-05-21,17291.4395,17415.2598,17172.6406,17199.4902,17199.4902,1539000000
2009-05-22,17169.5703,17299.2598,16740.2695,17062.5195,17062.5195,1938400000
2009-05-25,16999.0508,17264.4199,16789.0000,17121.8203,17121.8203,1950200000
2009-05-26,17050.3398,17283.8906,16977.7109,16991.5605,16991.5605,2052200000
2009-05-27,17395.6094,17984.0195,17347.8906,17885.2695,17885.2695,4564300000
2009-05-29,18027.9297,18227.7891,17833.7402,18171.0000,18171.0000,4358600000
2009-06-01,18499.9199,18895.8008,18415.4102,18888.5898,18888.5898,4124700000
2009-06-02,18916.6094,18916.6094,18300.6191,18389.0801,18389.0801,3931100000
2009-06-03,18616.9395,18967.3906,18508.3008,18576.4707,18576.4707,3094600000
2009-06-04,18417.9004,18522.3906,18108.8008,18502.7695,18502.7695,2683300000
2009-06-05,18674.4805,18722.4902,18406.8594,18679.5293,18679.5293,2501300000
2009-06-08,18521.7891,18636.1504,18236.0508,18253.3906,18253.3906,1987400000
2009-06-09,18450.6406,18475.5098,17710.4492,18058.4902,18058.4902,2174900000
2009-06-10,18339.9102,18789.8496,18258.1602,18785.6602,18785.6602,4432200000
2009-06-11,18578.8906,18883.2402,18564.8691,18791.0293,18791.0293,3642000000
2009-06-12,19034.7891,19161.9707,18707.1895,18889.6797,18889.6797,3599400000
2009-06-15,18712.0605,18872.7402,18433.3008,18498.9609,18498.9609,2357600000
2009-06-16,18235.9707,18314.9609,17859.7402,18165.5000,18165.5000,2924100000
2009-06-17,17984.8301,18255.1309,17833.7695,18084.5996,18084.5996,2914100000
2009-06-18,17955.6797,18069.7598,17655.8203,17776.6602,17776.6602,2355700000
2009-06-19,17936.3301,18015.1094,17759.8594,17920.9297,17920.9297,3085700000
2009-06-22,17906.3906,18398.9199,17906.3906,18059.5508,18059.5508,2592000000
2009-06-23,17577.7305,17682.8691,17375.9609,17538.3691,17538.3691,2865900000
2009-06-24,17583.3496,17912.0703,17484.0605,17892.1504,17892.1504,2222000000
2009-06-25,18140.1602,18340.9102,18069.3691,18275.0293,18275.0293,2319800000
2009-06-26,18408.3691,18688.1094,18360.7109,18600.2598,18600.2598,2258500000
2009-06-29,18561.1094,18687.3594,18451.7598,18528.5098,18528.5098,1634700000
2009-06-30,18883.2402,18883.2402,18364.8105,18378.7305,18378.7305,2417100000
2009-07-02,18780.9609,18780.9609,18053.0996,18178.0508,18178.0508,2287400000
2009-07-03,17961.1797,18234.2402,17894.8105,18203.4004,18203.4004,1540800000
2009-07-06,18020.0996,18258.2598,17897.6797,17979.4102,17979.4102,1780100000
2009-07-07,17943.4902,18159.9902,17821.7109,17862.2695,17862.2695,1497800000
2009-07-08,17652.9805,17819.3105,17493.6191,17721.0703,17721.0703,2001900000
2009-07-09,17793.6094,17836.9492,17509.2793,17790.5898,17790.5898,2157000000
2009-07-10,17800.0508,17851.2207,17645.5508,17708.4199,17708.4199,1605600000
2009-07-13,17612.4492,17612.4492,17185.9609,17254.6309,17254.6309,2006200000
2009-07-14,17631.6699,17896.3594,17581.4297,17885.7305,17885.7305,1845700000
2009-07-15,18042.5898,18289.0000,18030.0996,18258.6602,18258.6602,1762600000
2009-07-16,18688.8691,18700.5996,18303.5801,18361.8691,18361.8691,1949800000
2009-07-17,18551.9102,18855.8594,18457.4199,18805.6602,18805.6602,2505100000
2009-07-20,19005.1895,19506.4199,18960.5391,19502.3691,19502.3691,2442700000
2009-07-21,19601.8594,19601.8594,19295.2305,19501.7305,19501.7305,1844300000
2009-07-22,19560.4199,19641.7500,19224.0508,19248.1699,19248.1699,2064200000
2009-07-23,19431.9199,19824.1797,19415.3691,19817.6992,19817.6992,2305700000
2009-07-24,20063.9297,20063.9297,19715.1504,19982.7891,19982.7891,2234900000
2009-07-27,20170.7305,20385.6895,20096.1699,20251.6191,20251.6191,2201500000
2009-07-28,20261.9395,20664.4805,20109.5508,20624.5391,20624.5391,2356200000
2009-07-29,20404.5098,20542.6094,19787.4805,20135.5000,20135.5000,2523100000
2009-07-30,20150.2598,20359.7891,19955.3203,20234.0801,20234.0801,1990200000
2009-07-31,20546.0703,20712.6602,20474.0508,20573.3301,20573.3301,1930500000
2009-08-03,20582.6797,20816.6094,20449.1895,20807.2598,20807.2598,1928400000
2009-08-04,21196.7500,21196.7500,20748.6094,20796.4297,20796.4297,2573900000
2009-08-05,20779.7695,20995.8105,20436.6504,20494.7695,20494.7695,2263900000
2009-08-06,20484.3398,20904.9297,20339.8691,20899.2402,20899.2402,2427900000
2009-08-07,20708.1191,20759.5605,20316.7793,20375.3691,20375.3691,2809800000
2009-08-10,20758.5195,21010.4707,20730.4102,20929.5195,20929.5195,2169100000
2009-08-11,20774.9707,21088.0703,20733.3398,21074.2109,21074.2109,1627800000
2009-08-12,20725.9004,20725.9004,20417.7598,20435.2402,20435.2402,2251800000
2009-08-13,20767.8594,20943.8594,20746.9199,20861.3008,20861.3008,1934500000
2009-08-14,21023.9609,21037.1699,20639.5605,20893.3301,20893.3301,1744600000
2009-08-17,20467.3008,20471.7695,20058.0996,20137.6504,20137.6504,2556900000
2009-08-18,20125.5508,20409.1895,19916.2793,20306.2695,20306.2695,2038100000
2009-08-19,20195.0898,20352.9395,19824.8594,19954.2305,19954.2305,2101200000
2009-08-20,20282.7207,20465.2207,20196.3301,20328.8594,20328.8594,1799800000
2009-08-21,20288.5605,20439.4199,20002.7793,20199.0195,20199.0195,1665100000
2009-08-24,20649.9609,20649.9609,20433.6094,20535.9395,20535.9395,1935000000
2009-08-25,20246.7891,20476.2500,20143.5098,20435.2402,20435.2402,1531400000
2009-08-26,20542.7598,20576.5996,20401.7402,20456.3203,20456.3203,1435000000
2009-08-27,20289.3398,20364.4004,20147.3398,20242.7500,20242.7500,1672600000
2009-08-28,20409.1309,20409.1309,20004.6992,20098.6191,20098.6191,1764700000
2009-08-31,19827.1309,19827.1309,19592.0703,19724.1895,19724.1895,2268100000
2009-09-01,19961.7402,19961.7402,19734.2695,19872.3008,19872.3008,1403800000
2009-09-02,19560.2695,19611.0703,19425.8594,19522.0000,19522.0000,1666600000
2009-09-03,19526.8906,19823.0293,19526.8906,19761.6797,19761.6797,1580100000
2009-09-04,19830.0195,20413.6094,19744.4492,20318.6191,20318.6191,3108500000
2009-09-07,20502.8496,20667.5801,20446.1602,20629.3105,20629.3105,2267300000
2009-09-08,20617.4004,21133.7109,20617.4004,21069.8105,21069.8105,2797300000
2009-09-09,21085.0898,21085.0898,20825.1602,20851.0391,20851.0391,1540900000
2009-09-10,21131.0801,21322.5508,21020.9199,21069.5605,21069.5605,2224500000
2009-09-11,21122.3105,21306.1094,20980.1504,21161.4199,21161.4199,1774000000
2009-09-14,20841.5098,21045.0000,20821.5898,20932.1992,20932.1992,1253300000
2009-09-15,21049.2207,21049.2207,20819.9297,20866.3691,20866.3691,713500000
2009-09-16,21086.7500,21403.1309,20950.3809,21402.9199,21402.9199,2263700000
2009-09-17,21674.7109,21929.7891,21636.5195,21768.5098,21768.5098,2512400000
2009-09-18,21640.9707,21765.9805,21515.9297,21623.4492,21623.4492,2002600000
2009-09-21,21574.9395,21730.7109,21457.3496,21472.8496,21472.8496,1525100000
2009-09-22,21594.3398,21704.1406,21491.6895,21701.1406,21701.1406,1130700000
2009-09-23,21655.6191,21742.3906,21524.3301,21595.5195,21595.5195,1171900000
2009-09-24,21386.4707,21399.2305,20963.3691,21050.7305,21050.7305,2069900000
2009-09-25,20810.8105,21065.7305,20766.4609,21024.4004,21024.4004,1265700000
2009-09-28,20798.5195,20829.5098,20534.8203,20588.4102,20588.4102,1258600000
2009-09-29,20889.8105,21087.2500,20889.8105,21013.1699,21013.1699,1303100000
2009-09-30,21036.1797,21090.4902,20792.9805,20955.2500,20955.2500,1120800000
2009-10-02,20380.2305,20470.9199,20323.5898,20375.4902,20375.4902,1855200000
2009-10-05,20342.5801,20489.9492,20305.0605,20429.0703,20429.0703,1232000000
2009-10-06,20509.6406,20824.1309,20509.6406,20811.5293,20811.5293,1441100000
2009-10-07,21074.9805,21343.7500,21072.5898,21241.5898,21241.5898,2029100000
2009-10-08,21418.2695,21524.0508,21284.4199,21492.9004,21492.9004,1407600000
2009-10-09,21572.6992,21572.6992,21421.7695,21499.4395,21499.4395,1390700000
2009-10-12,21623.3301,21623.3301,21262.7109,21299.3496,21299.3496,1010800000
2009-10-13,21371.8203,21679.1504,21371.8203,21467.3594,21467.3594,1822000000
2009-10-14,21564.3301,21893.4199,21562.6602,21886.4805,21886.4805,2012500000
2009-10-15,22209.1895,22250.3496,21971.4805,21999.0801,21999.0801,2154500000
2009-10-16,22138.0605,22143.0098,21899.1699,21929.9004,21929.9004,2142500000
2009-10-19,21761.8301,22250.2305,21761.8301,22200.4609,22200.4609,1527500000
2009-10-20,22260.4102,22451.6191,22260.4102,22384.9609,22384.9609,1847000000
2009-10-21,22299.6504,22407.1406,22200.6406,22318.1094,22318.1094,1399500000
2009-10-22,22237.3691,22266.7402,22002.7891,22210.5195,22210.5195,1706800000
2009-10-23,22438.9004,22620.0098,22407.4004,22589.7305,22589.7305,2119000000
2009-10-27,22016.7891,22277.0605,22016.7891,22169.5898,22169.5898,1680300000
2009-10-28,22004.5508,22149.0391,21740.3301,21761.5801,21761.5801,1739900000
2009-10-29,21290.0898,21346.5508,21134.3301,21264.9902,21264.9902,2279700000
2009-10-30,21720.4102,21953.5898,21720.4102,21752.8691,21752.8691,2177400000
2009-11-02,21194.1191,21632.9004,21130.9004,21620.1895,21620.1895,1722600000
2009-11-03,21598.6309,21684.7305,21223.4199,21240.0605,21240.0605,1458900000
2009-11-04,21396.5000,21699.8398,21360.6602,21614.7695,21614.7695,1403200000
2009-11-05,21405.0605,21549.0996,21372.9902,21479.0801,21479.0801,1262000000
2009-11-06,21866.7207,21931.3594,21780.5703,21829.7207,21829.7207,1524100000
2009-11-09,22004.5098,22214.8496,21941.6191,22207.5508,22207.5508,1663000000
2009-11-10,22556.5605,22556.5605,22200.2402,22268.1602,22268.1602,1699800000
2009-11-11,22534.1406,22643.6602,22396.0391,22627.2109,22627.2109,1321300000
2009-11-12,22660.4707,22707.3594,22359.0898,22397.5703,22397.5703,1416000000
2009-11-13,22381.3398,22585.5293,22343.9902,22553.6309,22553.6309,1424400000
2009-11-16,22789.9902,22998.8496,22770.6895,22943.9805,22943.9805,1663700000
2009-11-17,23000.3691,23000.3691,22798.0195,22914.1504,22914.1504,1263500000
2009-11-18,22974.3594,23099.5703,22645.7402,22840.3301,22840.3301,1646300000
2009-11-19,22894.8398,22894.8398,22587.1797,22643.1602,22643.1602,1302300000
2009-11-20,22486.5605,22584.5508,22376.3594,22455.8398,22455.8398,1445000000
2009-11-23,22541.6895,22794.1309,22490.3398,22771.3906,22771.3906,1136300000
2009-11-24,22697.6191,22813.9297,22395.3809,22423.1406,22423.1406,1781000000
2009-11-25,22505.9297,22638.8906,22336.0703,22611.8008,22611.8008,2905100000
2009-11-26,22580.2500,22580.2500,22108.2598,22210.4102,22210.4102,2298800000
2009-11-27,21623.9199,21685.1309,21002.4902,21134.5000,21134.5000,3974800000
2009-11-30,21687.6895,21924.0801,21687.6895,21821.5000,21821.5000,2028600000
2009-12-01,21813.4199,22130.7500,21789.4102,22113.1504,22113.1504,1442600000
2009-12-02,22402.5098,22439.3594,22266.6895,22289.5703,22289.5703,1617600000
2009-12-03,22503.6797,22593.7207,22333.6699,22553.8691,22553.8691,1437800000
2009-12-04,22400.4902,22528.8398,22240.8594,22498.1504,22498.1504,1417700000
2009-12-07,22387.2305,22476.6191,22256.1094,22324.9609,22324.9609,1121000000
2009-12-08,22306.1699,22306.1699,22055.0195,22060.5195,22060.5195,1317600000
2009-12-09,21905.8008,22034.8105,21658.2695,21741.7598,21741.7598,1563800000
2009-12-10,21939.1191,21981.3809,21565.5801,21700.0391,21700.0391,1620500000
2009-12-11,21796.8301,22143.8398,21796.8301,21902.1094,21902.1094,1537400000
2009-12-14,21638.9707,22225.7695,21546.5293,22085.7500,22085.7500,1895300000
2009-12-15,22032.1602,22032.1602,21779.9199,21813.9199,21813.9199,1767700000
2009-12-16,21840.2500,21907.2891,21517.5898,21611.7402,21611.7402,1781800000
2009-12-17,21665.7891,21665.7891,21218.9004,21347.6309,21347.6309,1787900000
2009-12-18,21162.4297,21281.9102,21078.1992,21175.8809,21175.8809,1872800000
2009-12-21,21110.2402,21178.4492,20932.7695,20948.0996,20948.0996,1201800000
2009-12-22,21151.8496,21229.7109,21029.2793,21092.0391,21092.0391,1273400000
2009-12-23,21115.8809,21339.1797,21017.0195,21328.7402,21328.7402,992700000
2009-12-24,21378.7891,21591.9902,21357.2891,21517.0000,21517.0000,688200000
2009-12-28,21622.1309,21739.3906,21474.1094,21480.2207,21480.2207,851800000
2009-12-29,21544.4395,21608.9805,21392.9004,21499.4395,21499.4395,775500000
2009-12-30,21469.3301,21620.7402,21320.1094,21496.6191,21496.6191,1494200000
2009-12-31,21654.2500,21886.3203,21587.4805,21872.5000,21872.5000,792400000
2010-01-04,21860.0391,22024.8301,21689.2207,21823.2793,21823.2793,1006200000
2010-01-05,22092.1504,22297.0391,21987.2695,22279.5801,22279.5801,1965600000
2010-01-06,22357.4609,22514.7891,22277.1309,22416.6699,22416.6699,2100200000
2010-01-07,22548.0293,22548.0293,22169.6094,22269.4492,22269.4492,1495400000
2010-01-08,22282.7500,22443.2207,22206.1602,22296.7500,22296.7500,1626000000
2010-01-11,22524.1797,22671.9199,22373.9609,22411.5195,22411.5195,1744600000
2010-01-12,22378.2305,22476.1191,22192.9805,22326.6406,22326.6406,2204800000
2010-01-13,21990.6797,22012.0391,21688.1699,21748.5996,21748.5996,3414200000
2010-01-14,21871.0098,21988.9297,21707.0996,21716.9492,21716.9492,2338700000
2010-01-15,21715.0898,21788.8496,21581.0703,21654.1602,21654.1602,2659800000
2010-01-18,21418.3398,21645.6797,21320.9707,21460.0098,21460.0098,1867400000
2010-01-19,21481.1094,21681.6895,21335.5996,21677.9805,21677.9805,1913400000
2010-01-20,21543.2500,21561.5605,21171.3008,21286.1699,21286.1699,2197600000
2010-01-21,21192.8301,21272.2598,20828.2402,20862.6699,20862.6699,2465600000
2010-01-22,20527.1992,20738.9902,20250.3594,20726.1797,20726.1797,3220400000
2010-01-25,20447.7891,20619.6992,20422.6699,20598.5508,20598.5508,1909800000
2010-01-26,20560.1094,20560.1094,20046.5996,20109.3301,20109.3301,2270000000
2010-01-27,20185.8008,20340.8203,19923.5508,20033.0703,20033.0703,1822400000
2010-01-28,20202.3301,20437.5605,20170.1504,20356.3691,20356.3691,1880600000
2010-01-29,20026.5195,20327.6895,19916.3398,20121.9902,20121.9902,1784300000
2010-02-01,19987.6699,20254.2402,19845.9297,20243.7500,20243.7500,1702000000
2010-02-02,20432.9609,20533.9609,20181.2793,20272.1797,20272.1797,1561600000
2010-02-03,20486.1504,20780.5000,20315.3105,20722.0801,20722.0801,1922100000
2010-02-04,20534.7402,20554.1992,20316.3301,20341.6406,20341.6406,1607700000
2010-02-05,19706.2402,19822.9297,19655.8809,19665.0801,19665.0801,2515400000
2010-02-08,19614.8496,19673.1094,19423.0508,19550.8906,19550.8906,1751000000
2010-02-09,19493.5000,19843.8691,19461.1992,19790.2793,19790.2793,1495200000
2010-02-10,19914.8398,19976.6602,19681.5391,19922.2207,19922.2207,1581400000
2010-02-11,20095.5293,20310.7891,20095.5293,20290.6895,20290.6895,1338900000
2010-02-12,20240.6699,20428.3203,20212.5508,20268.6895,20268.6895,1193600000
2010-02-17,20657.8594,20684.2207,20471.3594,20534.0098,20534.0098,1111700000
2010-02-18,20534.7695,20569.6094,20381.3008,20422.1504,20422.1504,720600000
2010-02-19,20261.4902,20261.4902,19874.5508,19894.0195,19894.0195,1329500000
2010-02-22,20407.8398,20427.0898,20313.1504,20377.2695,20377.2695,1067700000
2010-02-23,20218.5098,20711.7500,20120.0996,20623.0000,20623.0000,1469300000
2010-02-24,20357.4199,20583.8398,20351.0508,20467.7402,20467.7402,1508100000
2010-02-25,20512.3809,20644.2695,20261.9805,20399.5703,20399.5703,1980200000
2010-02-26,20657.8301,20662.8398,20567.5801,20608.6992,20608.6992,1492500000
2010-03-01,20853.0801,21056.9297,20853.0801,21056.9297,21056.9297,2586000000
2010-03-02,20921.4395,20961.8301,20847.4609,20906.1094,20906.1094,2296300000
2010-03-03,21016.2891,21016.2891,20845.1602,20876.7891,20876.7891,1674100000
2010-03-04,20983.8105,21000.1309,20575.7793,20575.7793,20575.7793,1910800000
2010-03-05,20820.9707,20820.9707,20654.9395,20787.9707,20787.9707,2875200000
2010-03-08,21099.7109,21257.0898,21080.7598,21196.8691,21196.8691,2052900000
2010-03-09,21153.6191,21277.6602,21128.9297,21207.5508,21207.5508,1421000000
2010-03-10,21293.5195,21293.5195,21156.0898,21208.2891,21208.2891,1257700000
2010-03-11,21333.0605,21333.0605,21059.0605,21228.1992,21228.1992,1402200000
2010-03-12,21249.8008,21260.0703,21116.8398,21209.7402,21209.7402,1164400000
2010-03-15,21036.4199,21116.5000,20964.3105,21079.0996,21079.0996,1143300000
2010-03-16,21135.7891,21196.8301,20986.6895,21022.9297,21022.9297,1027800000
2010-03-17,21183.5996,21440.1797,21159.4297,21384.4902,21384.4902,1612100000
2010-03-18,21429.6895,21440.8105,21287.3691,21330.6699,21330.6699,1342000000
2010-03-19,21359.5508,21389.0000,21257.8008,21370.8203,21370.8203,1347400000
2010-03-22,21120.4297,21120.4297,20899.6895,20933.2500,20933.2500,1572500000
2010-03-23,21070.6504,21211.0801,20971.5605,20987.7793,20987.7793,1253200000
2010-03-24,21203.5000,21205.5000,20974.0508,21008.6191,21008.6191,1282100000
2010-03-25,20799.0508,20800.9492,20659.2793,20778.5508,20778.5508,1456700000
2010-03-26,20679.6504,21126.7500,20679.6504,21053.1094,21053.1094,1863900000
2010-03-29,21148.0508,21318.2305,21125.9102,21237.4297,21237.4297,1394400000
2010-03-30,21230.5293,21450.9805,21202.1699,21374.7891,21374.7891,1749800000
2010-03-31,21366.6191,21446.8008,21230.2891,21239.3496,21239.3496,2159400000
2010-04-01,21390.8906,21547.6602,21373.1602,21537.0000,21537.0000,2059400000
2010-04-07,21828.3496,21935.4102,21747.5703,21928.7695,21928.7695,2868700000
2010-04-08,21836.4199,21949.2500,21813.3496,21867.0391,21867.0391,1712300000
2010-04-09,22014.7305,22249.2305,21963.7793,22208.5000,22208.5000,2129100000
2010-04-12,22388.7695,22388.7695,22131.9297,22138.1699,22138.1699,1580100000
2010-04-13,22216.1094,22290.6699,22008.0508,22103.5293,22103.5293,1868200000
2010-04-14,22183.0508,22192.3301,22061.7695,22121.4297,22121.4297,1302100000
2010-04-15,22265.3594,22337.8906,22113.2109,22157.8203,22157.8203,1459700000
2010-04-16,22059.3008,22111.9902,21788.8809,21865.2598,21865.2598,2496700000
2010-04-19,21557.7793,21582.1309,21283.3008,21405.1699,21405.1699,2348800000
2010-04-20,21519.2598,21647.7500,21507.4707,21623.3809,21623.3809,1422000000
2010-04-21,21732.7598,21740.6406,21475.9805,21510.9297,21510.9297,1624200000
2010-04-22,21283.9297,21471.1094,21206.7402,21454.9395,21454.9395,1352000000
2010-04-23,21385.1602,21442.7695,21232.1504,21244.4902,21244.4902,1306500000
2010-04-26,21501.2109,21617.8496,21489.0508,21587.0605,21587.0605,1140600000
2010-04-27,21341.4805,21383.2109,21224.0508,21261.7891,21261.7891,1327500000
2010-04-28,20853.8301,21021.6699,20853.8301,20949.4004,20949.4004,1788300000
2010-04-29,20994.3691,21007.5605,20763.3398,20778.9199,20778.9199,1617100000
2010-04-30,20934.0703,21121.5195,20920.1504,21108.5898,21108.5898,2387300000
2010-05-03,20799.7891,20886.8496,20773.9707,20811.3594,20811.3594,1312400000
2010-05-04,20935.9004,21011.9492,20743.4902,20763.0508,20763.0508,1291200000
2010-05-05,20390.1191,20505.6602,20293.2305,20327.5391,20327.5391,2384500000
2010-05-06,20177.4707,20303.2207,19888.4902,20133.4102,20133.4102,2153800000
2010-05-07,19699.5000,20037.5996,19699.5000,19920.2891,19920.2891,2324800000
2010-05-10,20118.9492,20491.9492,20035.5996,20426.6406,20426.6406,1821000000
2010-05-11,20346.5391,20398.4297,19977.0996,20146.5098,20146.5098,1888700000
2010-05-12,20175.7402,20237.8594,20003.4902,20212.4902,20212.4902,1157900000
2010-05-13,20411.5508,20526.5801,20273.9902,20422.4609,20422.4609,1340600000
2010-05-14,20258.4492,20352.8008,20130.7793,20145.4297,20145.4297,1366500000
2010-05-17,19832.0293,19832.0293,19593.5000,19715.1992,19715.1992,1728600000
2010-05-18,19768.8008,20013.3301,19672.3906,19944.9395,19944.9395,1350100000
2010-05-19,19552.1602,19785.8594,19546.2207,19578.9805,19578.9805,1293400000
2010-05-20,19694.4707,19747.1602,19276.4609,19545.8301,19545.8301,1585500000
2010-05-24,19470.2793,19757.4395,19470.2793,19667.7598,19667.7598,1641700000
2010-05-25,19317.2402,19328.3594,18974.5195,18985.5000,18985.5000,2165700000
2010-05-26,19177.3398,19242.0605,19047.6992,19196.4492,19196.4492,2264600000
2010-05-27,19015.8906,19555.7793,18971.5195,19431.3691,19431.3691,2136800000
2010-05-28,19816.3906,19910.0605,19710.8594,19766.7109,19766.7109,2068700000
2010-05-31,19705.5293,19823.9902,19629.8301,19765.1895,19765.1895,1075800000
2010-06-01,19600.5703,19805.5996,19463.3496,19496.9492,19496.9492,1098800000
2010-06-02,19651.5508,19656.2207,19372.1309,19471.8008,19471.8008,1231900000
2010-06-03,19822.8906,19859.8008,19744.3203,19786.7109,19786.7109,1270600000
2010-06-04,19765.2500,19841.6797,19658.6602,19780.0703,19780.0703,1011300000
2010-06-07,19211.6699,19389.9102,19211.6699,19378.1504,19378.1504,1583700000
2010-06-08,19459.7402,19510.0898,19333.0996,19487.4805,19487.4805,904500000
2010-06-09,19488.1992,19792.2793,19383.8906,19621.2402,19621.2402,1263100000
2010-06-10,19517.6094,19729.1504,19517.6094,19632.6992,19632.6992,962200000
2010-06-11,19995.6406,19995.6406,19834.2305,19872.3809,19872.3809,1146600000
2010-06-14,20102.5508,20102.5508,20024.0391,20051.9102,20051.9102,954800000
2010-06-15,19998.5293,20142.0996,19970.9102,20062.1504,20062.1504,996100000
2010-06-17,20201.8105,20201.8105,20078.5898,20138.4004,20138.4004,1034900000
2010-06-18,20199.2207,20315.4199,20138.3496,20286.7109,20286.7109,1413400000
2010-06-21,20571.4004,20938.3301,20571.4004,20912.1797,20912.1797,3171200000
2010-06-22,20861.4707,20957.0898,20796.3809,20819.0801,20819.0801,1597800000
2010-06-23,20718.6602,20866.8809,20689.1504,20856.6094,20856.6094,1362800000
2010-06-24,20797.4395,20901.1504,20710.1504,20733.4902,20733.4902,1067900000
2010-06-25,20615.9199,20732.3008,20563.9297,20690.7891,20690.7891,1338500000
2010-06-28,20718.0801,20862.3809,20687.2695,20726.6797,20726.6797,1171400000
2010-06-29,20727.4492,20738.1504,20190.8809,20248.9004,20248.9004,1781400000
2010-06-30,19985.7207,20143.1602,19971.2695,20128.9902,20128.9902,1588100000
2010-07-02,20059.5605,20161.9902,19803.2207,19905.3203,19905.3203,1374600000
2010-07-05,19809.0605,19913.4004,19793.4707,19842.1992,19842.1992,1251600000
2010-07-06,19777.8301,20084.1191,19777.8301,20084.1191,20084.1191,1204500000
2010-07-07,19948.1504,19948.1504,19800.2305,19857.0703,19857.0703,1083600000
2010-07-08,20231.1504,20236.1797,20002.0098,20050.5605,20050.5605,1137900000
2010-07-09,20142.7793,20418.3105,20116.5195,20378.6602,20378.6602,1673600000
2010-07-12,20476.0195,20539.6094,20368.6191,20467.4297,20467.4297,1675500000
2010-07-13,20485.1094,20529.4102,20378.9902,20431.0605,20431.0605,1309300000
2010-07-14,20722.2207,20722.2207,20512.2402,20560.8105,20560.8105,1563000000
2010-07-15,20530.2891,20665.6191,20226.2598,20255.6191,20255.6191,1591200000
2010-07-16,20293.6094,20313.7402,20173.4902,20250.1602,20250.1602,1648100000
2010-07-19,20007.8809,20127.5605,20007.8809,20090.9492,20090.9492,1040700000
2010-07-20,20075.7207,20403.0098,20075.7207,20264.5898,20264.5898,1168000000
2010-07-21,20377.5996,20494.1797,20334.3496,20487.2305,20487.2305,1115600000
2010-07-22,20487.4902,20592.4609,20384.7305,20589.6992,20589.6992,951800000
2010-07-23,20847.8496,20847.8496,20728.4102,20815.3301,20815.3301,1641300000
2010-07-26,20944.6309,20963.0801,20826.9805,20839.9102,20839.9102,1139700000
2010-07-27,20965.5391,21008.7793,20824.0508,20973.3906,20973.3906,1118100000
2010-07-28,20961.5508,21199.5508,20902.1602,21091.1797,21091.1797,1350400000
2010-07-29,21091.1699,21130.7402,20970.9297,21093.8203,21093.8203,1014300000
2010-07-30,21008.4609,21095.9004,20945.6309,21029.8105,21029.8105,947200000
2010-08-02,21221.4297,21439.2207,21221.4297,21412.7891,21412.7891,1646300000
2010-08-03,21610.1797,21610.1797,21409.8105,21457.6602,21457.6602,1419700000
2010-08-04,21567.3301,21621.8203,21427.5098,21549.8809,21549.8809,1243000000
2010-08-05,21577.1309,21618.5801,21462.2305,21551.7207,21551.7207,940900000
2010-08-06,21575.9492,21722.3809,21456.7402,21678.8008,21678.8008,1309200000
2010-08-09,21640.5293,21805.9395,21622.1191,21801.5898,21801.5898,999900000
2010-08-10,21764.2305,21765.5801,21446.8008,21473.5996,21473.5996,1257200000
2010-08-11,21542.2695,21643.2402,21239.1699,21294.5391,21294.5391,1475900000
2010-08-12,21039.4199,21124.9805,20926.4805,21105.7109,21105.7109,1695700000
2010-08-13,21095.1699,21205.6797,21012.5098,21071.5703,21071.5703,1230400000
2010-08-16,20881.9492,21209.4609,20881.9492,21112.1191,21112.1191,1053800000
2010-08-17,21081.3105,21161.7305,21015.0098,21137.4297,21137.4297,671700000
2010-08-18,21167.8809,21277.1191,20968.6992,21022.7305,21022.7305,1282600000
2010-08-19,21094.6992,21297.6191,21023.3008,21072.4609,21072.4609,1336400000
2010-08-20,20929.7207,20997.3906,20868.2402,20981.8203,20981.8203,1096900000
2010-08-23,20963.2500,21035.0098,20845.6992,20889.0098,20889.0098,857900000
2010-08-24,20759.3496,20937.5293,20651.2695,20658.7109,20658.7109,1243900000
2010-08-25,20603.5703,20667.3008,20512.7793,20634.9805,20634.9805,1224500000
2010-08-26,20603.1797,20664.7598,20567.3301,20612.0605,20612.0605,1026600000
2010-08-27,20563.0898,20670.5703,20552.5508,20597.3496,20597.3496,1212700000
2010-08-30,20797.0098,20832.3594,20668.8105,20737.2207,20737.2207,1056600000
2010-08-31,20539.2207,20608.5508,20372.2891,20536.4902,20536.4902,1329300000
2010-09-01,20570.5195,20649.4492,20529.8691,20623.8301,20623.8301,1114900000
2010-09-02,20864.4004,20938.2891,20819.6094,20868.9199,20868.9199,1272300000
2010-09-03,20918.8105,21028.6602,20860.8906,20971.5000,20971.5000,1340900000
2010-09-06,21155.9102,21398.0898,21139.7891,21355.7695,21355.7695,1599600000
2010-09-07,21419.9102,21435.5801,21313.2598,21401.7891,21401.7891,1163800000
2010-09-08,21213.1992,21214.8105,21066.6895,21088.8594,21088.8594,1956600000
2010-09-09,21169.8203,21248.5801,21122.7305,21167.2695,21167.2695,1086600000
2010-09-10,21310.7207,21332.4395,21092.8105,21257.3906,21257.3906,1125400000
2010-09-13,21396.9004,21714.3594,21395.5703,21658.3496,21658.3496,2035200000
2010-09-14,21760.7305,21763.7305,21656.4492,21696.0391,21696.0391,1515500000
2010-09-15,21819.9492,21819.9492,21633.0703,21725.6406,21725.6406,1104100000
2010-09-16,21694.2109,21726.0098,21525.7109,21691.4492,21691.4492,1482300000
2010-09-17,21744.5293,21988.8691,21713.6699,21970.8594,21970.8594,1889400000
2010-09-20,21918.4492,22009.0996,21874.4199,21977.3398,21977.3398,1215100000
2010-09-21,22118.5801,22118.5801,21950.6895,22002.5898,22002.5898,1279500000
2010-09-22,22077.3809,22229.1797,22021.5996,22047.7109,22047.7109,1308400000
2010-09-24,21972.8809,22155.6699,21956.7598,22119.4297,22119.4297,1297400000
2010-09-27,22351.3301,22407.2305,22292.5391,22340.8398,22340.8398,1522300000
2010-09-28,22329.8203,22371.5996,22091.1309,22109.9492,22109.9492,1534400000
2010-09-29,22314.5605,22439.1895,22300.0898,22378.6699,22378.6699,1945600000
2010-09-30,22287.0801,22381.3301,22202.4297,22358.1699,22358.1699,2329900000
2010-10-04,22542.3594,22734.8809,22542.3594,22618.6602,22618.6602,2592000000
2010-10-05,22532.0391,22670.8105,22504.0508,22639.1406,22639.1406,1820400000
2010-10-06,23006.1992,23023.1309,22872.4199,22880.4102,22880.4102,3266500000
2010-10-07,22996.7305,22996.7305,22824.0508,22884.3203,22884.3203,2175200000
2010-10-08,22861.1504,23093.7695,22861.1504,22944.1797,22944.1797,1559400000
2010-10-11,23169.1309,23302.2891,23151.6191,23207.3105,23207.3105,2067000000
2010-10-12,23161.2109,23254.1406,23055.6094,23121.6992,23121.6992,1655500000
2010-10-13,23329.3203,23471.6602,23035.5703,23457.6895,23457.6895,2514500000
2010-10-14,23685.2598,23866.8691,23614.4004,23852.1699,23852.1699,4144500000
2010-10-15,23733.7891,23862.5391,23650.3008,23757.6309,23757.6309,3595000000
2010-10-18,23693.1191,23716.4805,23467.4492,23469.3809,23469.3809,2263800000
2010-10-19,23551.3105,23768.0898,23551.3105,23763.7305,23763.7305,1616100000
2010-10-20,23423.8203,23689.9902,23307.4902,23556.5000,23556.5000,2639400000
2010-10-21,23736.7891,23736.7891,23450.8301,23649.4805,23649.4805,1713500000
2010-10-22,23647.3203,23667.4199,23465.7598,23517.5391,23517.5391,1259300000
2010-10-25,23551.1406,23781.8809,23519.1602,23627.9102,23627.9102,1441700000
2010-10-26,23727.6309,23727.6309,23546.3301,23601.2402,23601.2402,1401300000
2010-10-27,23543.7305,23708.6699,23148.1797,23164.5801,23164.5801,1882700000
2010-10-28,23290.5391,23290.5391,23136.9707,23210.8594,23210.8594,1333700000
2010-10-29,23177.6895,23222.3496,22880.6797,23096.3203,23096.3203,1905000000
2010-11-01,23366.8203,23656.6504,23366.8203,23652.9395,23652.9395,1709500000
2010-11-02,23608.1797,23724.8691,23566.8809,23671.4199,23671.4199,1622200000
2010-11-03,23802.0605,24163.8398,23684.9902,24144.6699,24144.6699,2699600000
2010-11-04,24377.0703,24550.0801,24345.9297,24535.6309,24535.6309,2315800000
2010-11-05,24905.4297,24931.8496,24732.9004,24876.8203,24876.8203,2815100000
2010-11-08,24838.2207,24988.5703,24732.5195,24964.3691,24964.3691,1811300000
2010-11-09,24858.3398,24963.2598,24687.3008,24710.5996,24710.5996,2258200000
2010-11-10,24672.5000,24692.5391,24421.0293,24500.6094,24500.6094,1945400000
2010-11-11,24598.8105,24887.5801,24505.1504,24700.3008,24700.3008,1795700000
2010-11-12,24404.9102,24608.6602,24187.2695,24222.5801,24222.5801,2093400000
2010-11-15,24371.7695,24382.1406,24002.6504,24027.1797,24027.1797,1668500000
2010-11-16,24009.8398,24085.2305,23578.8691,23693.0195,23693.0195,1923800000
2010-11-17,23432.2305,23618.2402,23192.4902,23214.4609,23214.4609,2171400000
2010-11-18,23437.8008,23671.5098,23327.2891,23637.3906,23637.3906,1718300000
2010-11-19,23625.3105,23686.4199,23252.3301,23605.7109,23605.7109,1903800000
2010-11-22,23499.6309,23592.7695,23419.4102,23524.0195,23524.0195,1649700000
2010-11-23,23290.2793,23322.1699,22871.1094,22896.1406,22896.1406,2174800000
2010-11-24,23107.4395,23166.6895,22971.2109,23023.8594,23023.8594,1464300000
2010-11-25,23110.0195,23283.2207,23037.8594,23054.6797,23054.6797,1278400000
2010-11-26,23033.0000,23107.6699,22782.9805,22877.2500,22877.2500,1134000000
2010-11-29,22832.0508,23187.7500,22785.2793,23166.2207,23166.2207,1211600000
2010-11-30,23122.4004,23199.4395,22844.5293,23007.9902,23007.9902,1711400000
2010-12-01,22973.8008,23325.7891,22842.1191,23249.8008,23249.8008,1622200000
2010-12-02,23554.7500,23575.3809,23388.7402,23448.7793,23448.7793,1727100000
2010-12-03,23555.7598,23611.0391,23286.5391,23320.5195,23320.5195,1638300000
2010-12-06,23507.1992,23612.2500,23213.7109,23237.6895,23237.6895,1448300000
2010-12-07,23177.4004,23475.2891,23101.8105,23428.1504,23428.1504,1395000000
2010-12-08,23362.6602,23374.3691,22998.3398,23092.5195,23092.5195,1469100000
2010-12-09,23167.8691,23269.3594,23083.1602,23171.8008,23171.8008,1359000000
2010-12-10,23091.5195,23202.2891,22965.9004,23162.9102,23162.9102,1352000000
2010-12-13,23362.3203,23490.1797,23233.4004,23317.6094,23317.6094,1108600000
2010-12-14,23451.4004,23453.4199,23328.0098,23431.1895,23431.1895,1005900000
2010-12-15,23371.3398,23371.3398,22876.8809,22975.3496,22975.3496,1731600000
2010-12-16,22949.7793,22992.0703,22598.9609,22668.7793,22668.7793,1490100000
2010-12-17,22660.8809,22732.6191,22519.6094,22714.8496,22714.8496,1426300000
2010-12-20,22708.4297,22716.7793,22392.6699,22639.0801,22639.0801,1175600000
2010-12-21,22711.4609,23025.4707,22671.6094,22993.8594,22993.8594,1262000000
2010-12-22,23039.8496,23160.4395,22990.6895,23045.1895,23045.1895,1191400000
2010-12-23,23139.5801,23151.3809,22867.9297,22902.9707,22902.9707,739900000
2010-12-24,22932.5000,22948.2500,22776.6191,22833.8008,22833.8008,531800000
2010-12-28,22553.1504,22684.8301,22529.2598,22621.7305,22621.7305,1031000000
2010-12-29,22725.3809,22981.5195,22663.8008,22969.3008,22969.3008,796500000
2010-12-30,22987.8398,23111.2695,22890.5605,22999.3398,22999.3398,979900000
2010-12-31,23079.8398,23102.0508,23012.5000,23035.4492,23035.4492,643100000
2011-01-03,23135.6406,23443.5293,23057.5195,23436.0508,23436.0508,1066900000
2011-01-04,23477.3105,23695.6094,23408.0898,23668.4805,23668.4805,1330700000
2011-01-05,23650.1797,23773.9805,23579.7402,23757.8203,23757.8203,1277800000
2011-01-06,23861.2207,23861.2207,23698.3809,23786.3008,23786.3008,1147700000
2011-01-07,23744.0293,23880.7695,23654.0391,23686.6309,23686.6309,1287300000
2011-01-10,23715.4707,23783.8301,23481.8008,23527.2598,23527.2598,1087100000
2011-01-11,23606.7598,23855.8301,23512.2207,23760.3398,23760.3398,1171800000
2011-01-12,23857.1699,24168.3594,23857.1699,24125.6094,24125.6094,1592900000
2011-01-13,24347.3398,24378.8105,24208.4492,24238.9805,24238.9805,2323200000
2011-01-14,24273.6191,24347.2598,24187.9004,24283.2305,24283.2305,1531600000
2011-01-17,24364.0703,24364.0703,24098.0293,24156.9707,24156.9707,1209100000
2011-01-18,24189.8301,24382.0098,24104.3398,24153.9805,24153.9805,1286500000
2011-01-19,24321.2500,24434.4004,24243.8809,24419.6191,24419.6191,1356700000
2011-01-20,24248.3203,24248.3203,23963.8594,24003.6992,24003.6992,1531200000
2011-01-21,23913.1895,24130.1602,23840.2891,23876.8594,23876.8594,1335200000
2011-01-24,23970.3008,23970.3008,23751.7207,23801.7793,23801.7793,1201900000
2011-01-25,23891.6797,23999.1094,23769.4609,23788.8301,23788.8301,1038900000
2011-01-26,23802.8809,23976.3691,23662.1797,23843.2402,23843.2402,1318200000
2011-01-27,23771.1191,24023.6797,23734.6992,23779.6191,23779.6191,1585200000
2011-01-28,23763.7402,23763.7402,23580.4199,23617.0195,23617.0195,1501900000
2011-01-31,23314.6895,23520.5391,23285.5996,23447.3398,23447.3398,1962800000
2011-02-01,23451.6191,23552.2305,23422.7207,23482.9492,23482.9492,1362600000
2011-02-02,23700.1602,23922.7402,23671.5098,23908.9609,23908.9609,1087500000
2011-02-07,23981.7402,23981.7402,23530.8008,23553.5898,23553.5898,1481000000
2011-02-08,23613.4902,23616.8301,23396.1699,23484.3008,23484.3008,1683200000
2011-02-09,23535.4102,23591.5000,23128.7207,23164.0293,23164.0293,2265500000
2011-02-10,23035.6406,23069.4199,22668.0195,22708.6191,22708.6191,2501900000
2011-02-11,22752.5508,22861.5293,22446.6699,22828.9199,22828.9199,1973100000
2011-02-14,22920.2891,23187.8203,22899.5801,23121.0605,23121.0605,1623700000
2011-02-15,23037.0293,23104.9805,22881.1602,22899.7793,22899.7793,1315000000
2011-02-16,23015.3906,23183.2793,22809.0098,23156.9707,23156.9707,1289300000
2011-02-17,23173.4805,23320.4297,23079.4707,23301.8398,23301.8398,1447100000
2011-02-18,23342.6699,23614.6094,23316.3008,23595.2402,23595.2402,2141900000
2011-02-21,23500.1094,23585.6309,23444.7695,23485.4199,23485.4199,1226000000
2011-02-22,23170.5195,23170.5195,22938.1309,22990.8105,22990.8105,1736200000
2011-02-23,22983.3691,23055.4707,22837.0898,22906.9004,22906.9004,1287200000
2011-02-24,22856.7793,23036.9297,22575.9902,22601.0391,22601.0391,1506200000
2011-02-25,22727.0391,23091.3203,22712.9609,23012.3691,23012.3691,1403500000
2011-02-28,22900.1504,23388.3203,22886.3691,23338.0195,23338.0195,1782700000
2011-03-01,23317.9609,23478.6992,23244.1094,23396.4199,23396.4199,1802500000
2011-03-02,23114.4297,23114.4297,22915.6504,23048.6602,23048.6602,1492000000
2011-03-03,23102.8301,23329.3809,23097.1504,23122.4199,23122.4199,1643400000
2011-03-04,23406.7695,23506.6699,23374.5996,23408.8594,23408.8594,1855100000
2011-03-07,23257.1406,23491.7109,23229.0703,23313.1895,23313.1895,1321100000
2011-03-08,23401.4902,23731.8906,23307.6992,23711.6992,23711.6992,1782700000
2011-03-09,23863.9297,23934.0703,23775.6992,23810.1094,23810.1094,2028500000
2011-03-10,23818.6406,23818.6406,23564.9492,23614.8906,23614.8906,1406100000
2011-03-11,23437.5000,23514.7305,23105.9902,23249.7793,23249.7793,1671000000
2011-03-14,23207.1504,23345.8809,23078.9395,23345.8809,23345.8809,1201200000
2011-03-15,23110.7109,23110.7109,22253.4707,22678.2500,22678.2500,2969000000
2011-03-16,22814.5000,22814.5000,22541.5508,22700.8809,22700.8809,1775000000
2011-03-17,22237.2402,22393.9805,22123.2598,22284.4297,22284.4297,1700500000
2011-03-18,22387.9805,22464.3496,22273.6992,22300.2305,22300.2305,2025000000
2011-03-21,22401.0605,22711.8398,22395.3008,22685.2207,22685.2207,1744900000
2011-03-22,22732.9492,22880.5898,22654.2207,22857.9004,22857.9004,1450400000
2011-03-23,22797.9395,22849.2305,22714.8594,22825.4004,22825.4004,1383300000
2011-03-24,23005.4902,23050.8691,22890.8301,22915.2793,22915.2793,1848400000
2011-03-25,23135.3809,23179.2598,23068.0898,23158.6699,23158.6699,2696400000
2011-03-28,23114.0703,23261.6797,22952.4297,23068.1895,23068.1895,1989100000
2011-03-29,22997.3496,23137.1504,22965.3398,23060.3594,23060.3594,1352900000
2011-03-30,23192.7891,23505.1094,23180.9199,23451.4297,23451.4297,2044000000
2011-03-31,23618.0605,23618.0605,23450.4609,23527.5195,23527.5195,2338800000
2011-04-01,23664.4805,23827.2109,23474.3398,23801.9004,23801.9004,2190700000
2011-04-04,23917.0098,24164.3691,23917.0098,24150.5801,24150.5801,2068500000
2011-04-06,24182.8301,24322.2598,24102.5996,24285.0508,24285.0508,2113400000
2011-04-07,24317.8203,24368.7598,24195.6094,24281.8008,24281.8008,1589700000
2011-04-08,24306.4395,24468.6406,24251.7402,24396.0703,24396.0703,1596100000
2011-04-11,24394.9902,24466.4707,24250.0508,24303.0703,24303.0703,1506800000
2011-04-12,24142.5508,24142.5508,23916.5508,23976.3691,23976.3691,1609200000
2011-04-13,23981.0508,24200.3203,23842.2891,24135.0293,24135.0293,1598500000
2011-04-14,23951.8809,24070.7598,23912.2695,24014.0000,24014.0000,1219000000
2011-04-15,24086.5508,24236.5391,23902.0293,24008.0703,24008.0703,1280600000
2011-04-18,23977.8691,24145.4297,23769.4805,23830.3105,23830.3105,1280800000
2011-04-19,23654.8594,23654.8594,23468.1992,23520.6191,23520.6191,1461900000
2011-04-20,23709.2891,23904.7695,23682.7891,23896.0996,23896.0996,1236500000
2011-04-21,24090.5508,24185.4902,24031.4199,24138.3105,24138.3105,1515000000
2011-04-26,23964.6191,24070.0293,23844.3008,24007.3809,24007.3809,1136300000
2011-04-27,24193.2793,24260.7695,23825.1309,23892.8398,23892.8398,1245100000
2011-04-28,24103.0293,24132.0508,23761.1309,23805.6309,23805.6309,1570600000
2011-04-29,23729.7695,23808.9297,23633.7402,23720.8105,23720.8105,1468500000
2011-05-03,23794.8594,23924.4805,23599.2793,23633.2500,23633.2500,1309000000
2011-05-04,23582.5996,23582.5996,23230.3809,23315.2402,23315.2402,1880800000
2011-05-05,23228.0098,23348.3301,23167.9297,23261.6094,23261.6094,1561100000
2011-05-06,23035.9395,23207.4395,22985.6602,23159.1406,23159.1406,1282800000
2011-05-09,23249.9805,23392.6992,23239.1504,23336.0000,23336.0000,1008600000
2011-05-11,23509.0098,23509.0098,23233.4199,23291.8008,23291.8008,1308700000
2011-05-12,23112.1309,23127.9805,22985.5391,23073.7598,23073.7598,1213500000
2011-05-13,23120.0000,23295.0293,22888.0801,23276.2695,23276.2695,1231700000
2011-05-16,23054.0605,23134.6406,22937.1406,22960.6309,22960.6309,1076100000
2011-05-17,22896.1992,22967.8809,22768.0293,22901.0801,22901.0801,926400000
2011-05-18,22968.6191,23057.7207,22924.4609,23011.1406,23011.1406,1067400000
2011-05-19,23125.2793,23248.1309,23031.5996,23163.3809,23163.3809,1146400000
2011-05-20,23215.6191,23242.6309,23147.4199,23199.3906,23199.3906,798100000
2011-05-23,22942.9609,22942.9609,22691.3301,22711.0195,22711.0195,1487200000
2011-05-24,22693.0996,22754.4492,22631.1309,22730.7793,22730.7793,1007900000
2011-05-25,22558.3301,22767.0098,22519.6602,22747.2793,22747.2793,1231400000
2011-05-26,22848.0605,22943.8496,22796.1309,22900.7891,22900.7891,960500000
2011-05-27,22939.9492,23150.5996,22859.9805,23118.0703,23118.0703,1504600000
2011-05-30,23117.8008,23257.8496,23086.0508,23184.3203,23184.3203,792900000
2011-05-31,23380.2891,23707.9492,23371.4805,23684.1309,23684.1309,2140400000
2011-06-01,23686.7695,23706.0000,23598.3906,23626.4297,23626.4297,1590500000
2011-06-02,23280.0508,23317.7891,23210.9492,23253.8398,23253.8398,1305500000
2011-06-03,23338.7598,23338.7598,22932.4805,22949.5605,22949.5605,1959500000
2011-06-07,22762.2109,22928.9609,22730.1191,22868.6699,22868.6699,1487300000
2011-06-08,22757.6191,22757.6191,22607.0898,22661.6309,22661.6309,2026100000
2011-06-09,22628.1309,22647.3008,22372.9395,22609.8301,22609.8301,2442700000
2011-06-10,22641.6191,22674.8008,22297.9395,22420.3691,22420.3691,1701300000
2011-06-13,22172.6094,22508.5000,22156.8105,22508.0801,22508.0801,1273200000
2011-06-14,22298.4707,22642.4609,22298.4707,22496.0000,22496.0000,1502200000
2011-06-15,22532.8398,22598.7598,22327.0000,22343.7695,22343.7695,1261800000
2011-06-16,22048.2793,22065.4609,21874.8906,21953.1094,21953.1094,1876000000
2011-06-17,21969.6797,21971.2402,21628.3301,21695.2598,21695.2598,1985600000
2011-06-20,21770.7891,21897.3496,21508.7695,21599.5098,21599.5098,1395400000
2011-06-21,21783.8594,21875.1602,21656.0605,21850.5898,21850.5898,2141300000
2011-06-22,22044.1602,22047.8496,21837.8398,21859.9707,21859.9707,1431600000
2011-06-23,21777.1094,21905.0996,21632.8691,21759.1406,21759.1406,1783700000
2011-06-24,21843.7598,22182.7500,21783.7305,22171.9492,22171.9492,1956000000
2011-06-27,21888.0391,22099.2891,21888.0391,22041.7695,22041.7695,1271900000
2011-06-28,22168.9297,22206.0898,21952.3691,22061.7793,22061.7793,1391600000
2011-06-29,22229.8398,22237.0996,22022.0605,22061.1797,22061.1797,1504700000
2011-06-30,22233.6992,22464.0508,22174.6094,22398.0996,22398.0996,1686800000
2011-07-04,22813.2500,22817.5000,22728.6504,22770.4707,22770.4707,1537400000
2011-07-05,22821.7500,22821.7500,22707.0996,22747.9492,22747.9492,1092900000
2011-07-06,22645.3496,22737.5000,22509.1797,22517.5508,22517.5508,9527800000
2011-07-07,22587.5000,22707.3691,22523.9297,22530.1797,22530.1797,1477600000
2011-07-08,22706.2402,22835.0293,22677.9707,22726.4297,22726.4297,1426600000
2011-07-11,22598.6191,22598.6191,22307.2207,22347.2305,22347.2305,1525100000
2011-07-12,22092.5703,22092.5703,21648.3906,21663.1602,21663.1602,2384700000
2011-07-13,21794.3691,21935.6797,21718.8105,21926.8809,21926.8809,1668800000
2011-07-14,21936.8691,21945.0195,21747.4492,21940.1992,21940.1992,1670300000
2011-07-15,21872.5605,21974.5703,21774.9492,21875.3809,21875.3809,1260500000
2011-07-18,21727.9297,22026.5996,21727.9297,21804.7500,21804.7500,1224400000
2011-07-19,21805.0000,21909.5391,21611.1602,21902.4004,21902.4004,1419200000
2011-07-20,22072.8906,22088.2402,21871.9609,22003.6895,22003.6895,1500900000
2011-07-21,22058.6309,22090.5508,21857.0293,21987.2891,21987.2891,1584800000
2011-07-22,22231.5996,22449.1094,22231.5996,22444.8008,22444.8008,2047900000
2011-07-25,22287.3691,22330.1992,22217.4004,22293.2891,22293.2891,1334900000
2011-07-26,22285.0391,22581.5605,22262.4609,22572.0801,22572.0801,1753800000
2011-07-27,22489.6992,22635.3809,22469.1797,22541.6895,22541.6895,1484200000
2011-07-28,22246.6992,22572.3008,22231.0703,22570.7402,22570.7402,1485700000
2011-07-29,22544.5098,22623.0098,22323.1602,22440.2500,22440.2500,1287600000
2011-08-01,22739.5508,22808.3301,22651.0000,22663.3691,22663.3691,1443900000
2011-08-02,22532.7695,22623.2207,22387.9199,22421.4609,22421.4609,1587800000
2011-08-03,22015.6699,22041.8691,21882.7793,21992.7207,21992.7207,2262200000
2011-08-04,22019.9199,22087.1191,21725.6699,21884.7402,21884.7402,1548000000
2011-08-05,20939.4004,21017.7207,20643.2598,20946.1406,20946.1406,3533700000
2011-08-08,20409.0098,20572.5098,20044.3691,20490.5703,20490.5703,2678400000
2011-08-09,19209.6992,20158.5508,18868.1094,19330.6992,19330.6992,4636800000
2011-08-10,19993.7793,20105.8691,19672.6602,19783.6699,19783.6699,2935300000
2011-08-11,19319.4297,19728.8809,19269.4102,19595.1406,19595.1406,2751700000
2011-08-12,19955.8203,19955.8203,19575.0000,19620.0098,19620.0098,2156200000
2011-08-15,20056.7793,20264.3301,19924.5605,20260.0996,20260.0996,1827200000
2011-08-16,20344.7500,20431.8594,20140.3105,20212.0801,20212.0801,1776900000
2011-08-17,20318.3691,20504.3809,20214.7207,20289.0293,20289.0293,1562600000
2011-08-18,20261.2109,20342.2402,19969.2109,20016.2695,20016.2695,1568500000
2011-08-19,19478.8203,19595.9199,19314.4199,19399.9199,19399.9199,2110600000
2011-08-22,19465.3008,19666.8398,19047.6406,19486.8691,19486.8691,2553700000
2011-08-23,19476.4707,19893.3691,19383.3809,19875.5293,19875.5293,1963500000
2011-08-24,19863.1094,19876.6699,19452.6504,19466.7891,19466.7891,1680600000
2011-08-25,19744.5195,19803.2793,19638.8691,19752.4805,19752.4805,1819700000
2011-08-26,19733.7109,19919.9199,19549.5293,19582.8809,19582.8809,2063700000
2011-08-29,19883.0605,19919.3398,19749.4004,19865.1094,19865.1094,1898700000
2011-08-30,20203.5508,20341.1191,20071.5195,20204.1699,20204.1699,6806000000
2011-08-31,20256.3398,20556.9297,20168.9297,20534.8496,20534.8496,3563400000
2011-09-01,20790.2207,20975.3008,20572.9707,20585.3301,20585.3301,2665600000
2011-09-02,20557.9199,20580.8105,20178.6699,20212.9102,20212.9102,1751800000
2011-09-05,19830.5000,19830.5000,19567.7695,19616.4004,19616.4004,1887200000
2011-09-06,19374.9199,19727.8906,19290.4004,19710.5000,19710.5000,1813500000
2011-09-07,19836.2500,20069.7500,19785.2891,20048.0000,20048.0000,1706700000
2011-09-08,20159.2891,20159.2891,19799.4902,19912.8203,19912.8203,1893100000
2011-09-09,19997.8906,20088.8008,19808.9492,19866.6309,19866.6309,1301300000
2011-09-12,19264.6797,19303.7402,18989.4395,19030.5391,19030.5391,1900600000
2011-09-14,19216.2891,19248.6406,18627.6504,19045.4395,19045.4395,2449200000
2011-09-15,19186.7598,19269.4102,18935.0801,19181.5000,19181.5000,1916800000
2011-09-16,19545.5000,19652.5293,19454.7402,19455.3105,19455.3105,2492900000
2011-09-19,19247.5898,19247.5898,18876.0605,18917.9492,18917.9492,1576200000
2011-09-20,19008.6094,19055.1602,18732.7500,19014.8008,19014.8008,1800500000
2011-09-21,18891.5000,19023.5703,18698.9004,18824.1699,18824.1699,1874700000
2011-09-22,18296.8008,18296.8008,17859.3105,17911.9492,17911.9492,2672500000
2011-09-23,17585.7891,17813.5703,17373.4102,17668.8301,17668.8301,3973000000
2011-09-26,17634.4199,17734.8398,16999.5391,17407.8008,17407.8008,3000700000
2011-09-27,17818.9707,18136.0195,17769.0605,18130.5508,18130.5508,2660500000
2011-09-28,17962.4902,18101.2695,17843.9492,18011.0605,18011.0605,2514600000
2011-09-30,17946.2402,17946.2402,17502.0801,17592.4102,17592.4102,3583100000
2011-10-03,17179.1992,17179.1992,16717.1406,16822.1504,16822.1504,3227000000
2011-10-04,16731.5801,16840.9102,16170.3496,16250.2695,16250.2695,2858400000
2011-10-06,16975.0000,17179.9297,16849.4492,17172.2793,17172.2793,3071200000
2011-10-07,17540.7207,17800.7207,17505.3809,17707.0098,17707.0098,2463300000
2011-10-10,17853.2598,17859.3496,17437.8398,17711.0605,17711.0605,1782400000
2011-10-11,18441.8691,18456.1602,18041.6992,18141.5898,18141.5898,3122900000
2011-10-12,17990.5605,18411.7695,17804.5605,18329.4609,18329.4609,2169100000
2011-10-13,18601.6504,18758.7402,18453.0508,18757.8105,18757.8105,2336900000
2011-10-14,18639.4297,18665.9492,18367.8496,18501.7891,18501.7891,1491100000
2011-10-17,18808.6602,18908.1699,18675.8105,18873.9902,18873.9902,1626900000
2011-10-18,18411.4004,18411.4004,17963.2598,18076.4609,18076.4609,2198100000
2011-10-19,18400.3301,18426.2891,18203.9902,18309.2207,18309.2207,1373200000
2011-10-20,18198.1191,18198.1191,17782.0000,17983.0996,17983.0996,1266000000
2011-10-21,18034.1992,18082.4297,17926.2891,18025.7207,18025.7207,1068800000
2011-10-24,18444.1602,18826.8496,18435.4102,18771.8203,18771.8203,1951500000
2011-10-25,18867.5098,18981.5703,18801.4199,18968.1992,18968.1992,1901000000
2011-10-26,18727.9609,19106.7402,18705.0801,19066.5391,19066.5391,1680800000
2011-10-27,19067.5898,19693.1895,19046.4707,19688.6992,19688.6992,3148400000
2011-10-28,20152.2207,20272.3809,19972.2402,20019.2402,20019.2402,3745500000
2011-10-31,20027.7207,20155.6191,19699.3301,19864.8691,19864.8691,1747600000
2011-11-01,19461.0801,19698.9902,19322.5996,19369.9609,19369.9609,1764800000
2011-11-02,19091.8496,19745.4805,19024.0703,19733.7109,19733.7109,1963000000
2011-11-03,19418.8203,19541.1191,19142.3398,19242.5000,19242.5000,2140900000
2011-11-04,19922.7695,19981.5195,19773.3105,19842.7891,19842.7891,2257600000
2011-11-07,19894.2207,19977.0898,19649.5703,19677.8906,19677.8906,1620000000
2011-11-08,19848.5000,19914.9199,19659.9395,19678.4707,19678.4707,1464900000
2011-11-09,20067.3809,20173.1406,19967.1699,20014.4297,20014.4297,1943900000
2011-11-10,19091.4004,19199.0801,18945.5801,18963.8906,18963.8906,2485600000
2011-11-11,19143.5801,19206.3398,19028.3105,19137.1699,19137.1699,1279500000
2011-11-14,19600.3691,19640.6797,19496.1602,19508.1797,19508.1797,1683800000
2011-11-15,19305.2793,19420.0605,19240.3496,19348.4395,19348.4395,5166600000
2011-11-16,19483.0996,19483.0996,18768.6699,18960.9004,18960.9004,1615200000
2011-11-17,18686.1699,18958.9707,18657.7402,18817.4707,18817.4707,2567700000
2011-11-18,18561.0391,18561.0391,18398.9609,18491.2305,18491.2305,1662300000
2011-11-21,18213.7207,18293.9395,18054.2305,18225.8496,18225.8496,1367000000
2011-11-22,18225.4805,18355.1191,18017.5000,18251.5898,18251.5898,1961300000
2011-11-23,17954.5801,17964.4004,17838.7402,17864.4297,17864.4297,1582400000
2011-11-24,17657.6895,17997.0703,17657.6895,17935.0996,17935.0996,1402000000
2011-11-25,17658.7793,17827.8105,17613.1992,17689.4805,17689.4805,944800000
2011-11-28,18019.2109,18095.1992,17954.1895,18037.8105,18037.8105,1142300000
2011-11-29,18225.0996,18372.4492,18053.9199,18256.1992,18256.1992,1726100000
2011-11-30,18192.2891,18192.2891,17860.8008,17989.3496,17989.3496,3420100000
2011-12-01,19033.9609,19050.5605,18868.3203,19002.2598,19002.2598,3561500000
2011-12-02,18977.1992,19151.6504,18878.3105,19040.3906,19040.3906,2307800000
2011-12-05,19117.8906,19188.8594,18972.9004,19179.6895,19179.6895,1604800000
2011-12-06,19011.8105,19038.4805,18818.6797,18942.2305,18942.2305,1252300000
2011-12-07,19114.0195,19242.8008,19009.4297,19240.5801,19240.5801,1846600000
2011-12-08,19112.3301,19137.5605,18956.4102,19107.8105,19107.8105,1297800000
2011-12-09,18721.1602,18840.9297,18511.4199,18586.2305,18586.2305,1661900000
2011-12-12,18853.3203,18919.4199,18508.1191,18575.6602,18575.6602,1168000000
2011-12-13,18327.4492,18465.3906,18297.6602,18447.1699,18447.1699,1049700000
2011-12-14,18301.0508,18476.1504,18280.6699,18354.4297,18354.4297,1203300000
2011-12-15,18122.7305,18133.9395,17895.1504,18026.8398,18026.8398,1711800000
2011-12-16,18025.5996,18390.4102,18025.5996,18285.3906,18285.3906,2209500000
2011-12-19,18053.6406,18092.3496,17821.5195,18070.2109,18070.2109,1392900000
2011-12-20,18044.7500,18270.6992,18010.2598,18080.1992,18080.1992,1196500000
2011-12-21,18462.6406,18473.1895,18288.6504,18416.4492,18416.4492,1424500000
2011-12-22,18356.8691,18388.0098,18238.3809,18378.2305,18378.2305,903900000
2011-12-23,18589.6797,18636.7500,18539.5898,18629.1699,18629.1699,965400000
2011-12-28,18621.5000,18621.5000,18461.9707,18518.6699,18518.6699,862700000
2011-12-29,18329.6094,18409.1191,18293.8105,18397.9199,18397.9199,1205200000
2011-12-30,18489.0391,18506.2695,18415.8496,18434.3906,18434.3906,837200000
2012-01-03,18770.6406,18886.1191,18724.1699,18877.4102,18877.4102,1247600000
2012-01-04,18970.5996,18970.5996,18687.9395,18727.3105,18727.3105,1169200000
2012-01-05,18753.3809,18821.0898,18723.2793,18813.4102,18813.4102,1035400000
2012-01-06,18784.8594,18784.8594,18506.5801,18593.0605,18593.0605,1434100000
2012-01-09,18588.3594,18884.2598,18302.8398,18865.7207,18865.7207,1381000000
2012-01-10,18948.1191,19086.5293,18858.5703,19004.2793,19004.2793,1994800000
2012-01-11,19071.9004,19175.8496,18983.1406,19151.9395,19151.9395,2037300000
2012-01-12,19112.7598,19261.2891,19050.9492,19095.3809,19095.3809,1791600000
2012-01-13,19232.2109,19232.2109,19073.1797,19204.4199,19204.4199,2018500000
2012-01-16,19070.7402,19070.7402,18985.7500,19012.1992,19012.1992,1354800000
2012-01-17,19185.8496,19640.2793,19173.2891,19627.7500,19627.7500,2590200000
2012-01-18,19651.5898,19726.8398,19577.0703,19686.9199,19686.9199,1947200000
2012-01-19,19842.4609,19956.5391,19776.3203,19942.9492,19942.9492,2497500000
2012-01-20,20161.7207,20161.7207,19927.8809,20110.3691,20110.3691,1966400000
2012-01-26,20453.4707,20453.4707,20301.5898,20439.1406,20439.1406,2041600000
2012-01-27,20443.4609,20590.8008,20384.0508,20501.6699,20501.6699,1809700000
2012-01-30,20518.0000,20518.0000,20144.9492,20160.4102,20160.4102,2136700000
2012-01-31,20326.4902,20465.8906,20219.2695,20390.4902,20390.4902,2386800000
2012-02-01,20394.6699,20534.2207,20269.5098,20333.3691,20333.3691,1499500000
2012-02-02,20638.9609,20761.6992,20564.9707,20739.4492,20739.4492,2100100000
2012-02-03,20680.7109,20796.7402,20639.4902,20756.9805,20756.9805,1663300000
2012-02-06,21015.5508,21015.5508,20633.1309,20709.9395,20709.9395,1900900000
2012-02-07,20808.0508,20881.8496,20649.2695,20699.1895,20699.1895,1519300000
2012-02-08,20827.8906,21023.3301,20755.7305,21018.4609,21018.4609,1739200000
2012-02-09,20922.2891,21053.0605,20787.8398,21010.0098,21010.0098,2208100000
2012-02-10,20986.2500,21002.3301,20703.7891,20783.8594,20783.8594,1997900000
2012-02-13,20718.8008,20969.8008,20673.9609,20887.4004,20887.4004,1515500000
2012-02-14,20845.2402,20947.9492,20813.5293,20917.8301,20917.8301,1174500000
2012-02-15,20993.5801,21403.2793,20933.3906,21365.2305,21365.2305,2038800000
2012-02-16,21266.5098,21317.7207,21157.5508,21277.2793,21277.2793,1548000000
2012-02-17,21503.5898,21546.7305,21381.6895,21491.6191,21491.6191,1590300000
2012-02-20,21760.3398,21760.3398,21393.4805,21424.7891,21424.7891,1855300000
2012-02-21,21434.3105,21480.3398,21221.3906,21478.7207,21478.7207,1547200000
2012-02-22,21339.0195,21569.7402,21302.1895,21549.2793,21549.2793,1377300000
2012-02-23,21356.5293,21428.5000,21325.5605,21380.9902,21380.9902,1125600000
2012-02-24,21438.9707,21468.9297,21292.4004,21406.8594,21406.8594,1386300000
2012-02-27,21381.6602,21589.0195,21076.5195,21217.8594,21217.8594,1611000000
2012-02-28,21303.3906,21583.0703,21273.9902,21568.7305,21568.7305,1614400000
2012-02-29,21643.8496,21716.7598,21525.9102,21680.0801,21680.0801,1557400000
2012-03-01,21578.1895,21641.1406,21338.2891,21387.9609,21387.9609,1377700000
2012-03-02,21618.1504,21623.2402,21531.9297,21562.2598,21562.2598,1592400000
2012-03-05,21518.0293,21578.7598,21230.6094,21265.3105,21265.3105,1255400000
2012-03-06,21173.7402,21173.7402,20789.3594,20806.2500,20806.2500,3940600000
2012-03-07,20521.9609,20732.8691,20521.9609,20627.7793,20627.7793,2211800000
2012-03-08,20722.9492,20909.7109,20681.0898,20900.7305,20900.7305,1592300000
2012-03-09,20930.9297,21209.7891,20917.6797,21086.0000,21086.0000,1399900000
2012-03-12,21073.5898,21170.5508,20924.3594,21134.1797,21134.1797,1130200000
2012-03-13,21279.4102,21427.1191,21261.3203,21339.6992,21339.6992,1360800000
2012-03-14,21564.2109,21638.3203,21263.0195,21307.8906,21307.8906,1924500000
2012-03-15,21323.0605,21368.4805,21162.1699,21353.5293,21353.5293,1320800000
2012-03-16,21350.2500,21438.6191,21253.3906,21317.8496,21317.8496,1537000000
2012-03-20,21183.0391,21183.0391,20786.6895,20888.2402,20888.2402,1707900000
2012-03-21,20948.1309,20993.4805,20756.0293,20856.6309,20856.6309,1512300000
2012-03-22,20886.1191,20978.4902,20801.7891,20901.5605,20901.5605,1173600000
2012-03-23,20740.5605,20742.6992,20596.8906,20668.8008,20668.8008,1571100000
2012-03-26,20672.3691,20776.3594,20580.7207,20668.8594,20668.8594,1433100000
2012-03-27,20921.8008,21063.3809,20896.1895,21046.9102,21046.9102,1531100000
2012-03-28,20959.9805,20989.5801,20798.0898,20885.4199,20885.4199,1502800000
2012-03-29,20720.3398,20720.3398,20527.2598,20609.3906,20609.3906,1671500000
2012-03-30,20380.0605,20566.0898,20374.0293,20555.5801,20555.5801,1905300000
2012-04-02,20662.9707,20662.9707,20417.6895,20522.2598,20522.2598,1073400000
2012-04-03,20704.1504,20816.0898,20588.1992,20790.9805,20790.9805,1371800000
2012-04-05,20479.2695,20670.1992,20404.1504,20593.0000,20593.0000,1406900000
2012-04-10,20387.4297,20472.9609,20297.3906,20356.2402,20356.2402,1243800000
2012-04-11,20092.9609,20188.5605,20035.6797,20140.6699,20140.6699,1291400000
2012-04-12,20179.7207,20360.4805,20138.0195,20327.3203,20327.3203,1535800000
2012-04-13,20640.5000,20719.0391,20574.3496,20701.0391,20701.0391,2071100000
2012-04-16,20516.0898,20625.4492,20514.0898,20610.6406,20610.6406,5036300000
2012-04-17,20678.0391,20678.0391,20392.5703,20562.3105,20562.3105,1489100000
2012-04-18,20800.2109,20862.3203,20715.9395,20780.7305,20780.7305,1485000000
2012-04-19,20767.4609,20995.0098,20767.4609,20995.0098,20995.0098,1119700000
2012-04-20,20933.2695,21076.4297,20881.6191,21010.6406,21010.6406,1079300000
2012-04-23,20970.9609,20970.9609,20624.3906,20624.3906,20624.3906,1192100000
2012-04-24,20606.1699,20771.7891,20534.1309,20677.1602,20677.1602,1280600000
2012-04-25,20751.5391,20751.8203,20584.9805,20646.2891,20646.2891,1060600000
2012-04-26,20753.1797,20826.9102,20674.9395,20809.7109,20809.7109,1113100000
2012-04-27,20916.0801,20929.9609,20648.7695,20741.4492,20741.4492,1549800000
2012-04-30,20889.7695,21105.5703,20889.7695,21094.2109,21094.2109,1353100000
2012-05-02,21245.4805,21385.3008,21237.1699,21309.0801,21309.0801,1550200000
2012-05-03,21209.4395,21256.8105,21153.6309,21249.5293,21249.5293,7112400000
2012-05-04,21107.1895,21170.6406,21061.1406,21086.0000,21086.0000,1367400000
2012-05-07,20658.4102,20674.4492,20477.8594,20536.6504,20536.6504,2201000000
2012-05-08,20647.3809,20647.3809,20399.3809,20484.7500,20484.7500,1480400000
2012-05-09,20361.5508,20371.6602,20257.6094,20330.6406,20330.6406,1797900000
2012-05-10,20313.9707,20375.0391,20091.6797,20227.2793,20227.2793,1721000000
2012-05-11,20083.2695,20083.2695,19901.4102,19964.6309,19964.6309,1624700000
2012-05-14,20037.5195,20044.6895,19715.5098,19735.0391,19735.0391,1730100000
2012-05-15,19702.5391,19923.1895,19639.8496,19894.3105,19894.3105,1867700000
2012-05-16,19655.3398,19655.3398,19181.1895,19259.8301,19259.8301,2066100000
2012-05-17,19369.4297,19452.3008,19139.7305,19200.9297,19200.9297,1789900000
2012-05-18,18787.0000,18985.4297,18622.3105,18951.8496,18951.8496,2373200000
2012-05-21,18902.0000,18953.6797,18796.6895,18922.3203,18922.3203,1236200000
2012-05-22,19061.4199,19182.6602,19002.6406,19039.1504,19039.1504,1470100000
2012-05-23,18842.3203,18845.8398,18661.4805,18786.1895,18786.1895,1478200000
2012-05-24,18755.0898,18835.8105,18654.7598,18666.4004,18666.4004,1400700000
2012-05-25,18734.3809,18778.4395,18577.0898,18713.4102,18713.4102,1576500000
2012-05-28,18672.3203,18858.3203,18672.3203,18800.9902,18800.9902,1267900000
2012-05-29,18735.5000,19058.4707,18735.5000,19055.4609,19055.4609,1512900000
2012-05-30,18897.1191,18897.1191,18604.4492,18690.2207,18690.2207,1934300000
2012-05-31,18470.7695,18657.9004,18378.1406,18629.5195,18629.5195,4197800000
2012-06-01,18498.9102,18726.4395,18487.6602,18558.3398,18558.3398,1859900000
2012-06-04,18249.6094,18249.6094,18056.4004,18185.5898,18185.5898,1607400000
2012-06-05,18373.2207,18412.0195,18223.1309,18259.0293,18259.0293,1373500000
2012-06-06,18349.6797,18521.5703,18320.6094,18520.5293,18520.5293,1637200000
2012-06-07,18825.5000,18845.5703,18624.4297,18678.2891,18678.2891,1549600000
2012-06-08,18797.9395,18797.9395,18461.1797,18502.3398,18502.3398,2547100000
2012-06-11,18978.8809,18978.8809,18847.6699,18953.6309,18953.6309,1527700000
2012-06-12,18719.8906,18925.7891,18708.2598,18872.5605,18872.5605,1336800000
2012-06-13,18948.4492,19029.5508,18812.9395,19026.5195,19026.5195,1417500000
2012-06-14,18901.7109,18937.5391,18795.6504,18808.4004,18808.4004,1313800000
2012-06-15,18924.0898,19254.5605,18919.1699,19233.9395,19233.9395,2717000000
2012-06-18,19578.1309,19578.1309,19395.9297,19427.8105,19427.8105,1581600000
2012-06-19,19451.1992,19472.0508,19320.1797,19416.6699,19416.6699,1205000000
2012-06-20,19551.8906,19578.8203,19469.1309,19518.8496,19518.8496,1176200000
2012-06-21,19480.7109,19495.5391,19258.1094,19265.0703,19265.0703,1298200000
2012-06-22,18992.9004,19089.4492,18976.0508,18995.1309,18995.1309,1080400000
2012-06-25,19019.0293,19066.7500,18861.5605,18897.4492,18897.4492,1133300000
2012-06-26,18850.4707,18998.4707,18850.4707,18981.8398,18981.8398,1324200000
2012-06-27,18990.1699,19213.9199,18942.0000,19176.9492,19176.9492,1425600000
2012-06-28,19305.7402,19305.7402,19009.2598,19025.2695,19025.2695,1466300000
2012-06-29,18996.5703,19510.7695,18991.0996,19441.4609,19441.4609,2039700000
2012-07-03,19765.4102,19765.4102,19622.3691,19735.5293,19735.5293,1532700000
2012-07-04,19833.8398,19835.1309,19677.4492,19709.7500,19709.7500,1402200000
2012-07-05,19757.4199,19869.1094,19588.6309,19809.1309,19809.1309,1268800000
2012-07-06,19752.8301,19839.1191,19690.6406,19800.6406,19800.6406,1763000000
2012-07-09,19634.8398,19737.9199,19421.7500,19428.0898,19428.0898,1440400000
2012-07-10,19504.4199,19515.8906,19347.2305,19396.3594,19396.3594,1179200000
2012-07-11,19264.5801,19441.1191,19233.7598,19419.8691,19419.8691,1642300000
2012-07-12,19356.7891,19356.7891,18998.3008,19025.1094,19025.1094,2017700000
2012-07-13,19069.3594,19160.4902,19032.5898,19092.6309,19092.6309,1267600000
2012-07-16,19265.3398,19265.3398,19061.6699,19121.3398,19121.3398,1096000000
2012-07-17,19156.9609,19479.2793,19156.9609,19455.3301,19455.3301,1396000000
2012-07-18,19452.2402,19452.2402,19134.5703,19239.8809,19239.8809,1169100000
2012-07-19,19393.4492,19600.3203,19393.4492,19559.0508,19559.0508,1693500000
2012-07-20,19613.7793,19656.1094,19511.9004,19640.8008,19640.8008,1299000000
2012-07-23,19259.3594,19259.3594,18986.1992,19053.4707,19053.4707,1256200000
2012-07-24,19078.1406,19124.9609,18854.3203,18903.1992,18903.1992,929900000
2012-07-25,18762.1992,18925.6602,18710.5898,18877.3301,18877.3301,1332500000
2012-07-26,18870.3301,18961.5801,18793.1504,18892.7891,18892.7891,1112500000
2012-07-27,19165.0293,19330.6895,19162.5293,19274.9609,19274.9609,1570700000
2012-07-30,19505.0293,19593.6191,19478.6992,19585.4004,19585.4004,1452100000
2012-07-31,19661.4102,19840.1602,19618.5703,19796.8105,19796.8105,1856300000
2012-08-01,19646.9609,19898.9199,19646.9609,19820.3809,19820.3809,1798600000
2012-08-02,19784.1504,19786.7109,19651.7598,19690.1992,19690.1992,1229700000
2012-08-03,19553.7891,19673.6992,19454.3301,19666.1797,19666.1797,1153400000
2012-08-06,20052.5000,20091.3008,19978.6504,19998.7207,19998.7207,1437000000
2012-08-07,20033.8691,20117.1191,19983.7598,20072.5508,20072.5508,1411300000
2012-08-08,20188.8809,20188.8809,19966.1191,20065.5195,20065.5195,1239200000
2012-08-09,20149.1992,20300.0293,20149.1992,20269.4707,20269.4707,1302300000
2012-08-10,20204.7109,20222.1309,20045.3008,20136.1191,20136.1191,1439100000
2012-08-13,20188.4805,20188.4805,20037.8105,20081.3594,20081.3594,990600000
2012-08-14,20251.4199,20299.7207,20094.0195,20291.6797,20291.6797,1526000000
2012-08-15,20125.2891,20135.0000,20016.0293,20052.2891,20052.2891,1271700000
2012-08-16,20151.6895,20151.6895,19919.5605,19962.9492,19962.9492,1058200000
2012-08-17,20057.3105,20147.3906,20047.6406,20116.0703,20116.0703,1209400000
2012-08-20,20080.3203,20109.5605,19911.4902,20104.2695,20104.2695,1020600000
2012-08-21,20111.9707,20141.1602,19979.5801,20100.0898,20100.0898,1049000000
2012-08-22,19996.7305,19996.7305,19853.4199,19887.7793,19887.7793,1032600000
2012-08-23,19935.1309,20133.4102,19935.1309,20132.2402,20132.2402,1231800000
2012-08-24,19930.4492,19930.4492,19840.1895,19880.0293,19880.0293,1124300000
2012-08-27,19939.5391,19939.5391,19769.4297,19798.6699,19798.6699,1211800000
2012-08-28,19723.3008,19856.3203,19723.3008,19811.8008,19811.8008,1077300000
2012-08-29,19857.6094,19863.4707,19770.5391,19788.5098,19788.5098,1075000000
2012-08-30,19657.1992,19657.1992,19509.3105,19552.9102,19552.9102,1453000000
2012-08-31,19516.9492,19554.2598,19450.7695,19482.5703,19482.5703,1347000000
2012-09-03,19414.6191,19608.5508,19386.0391,19559.2109,19559.2109,1166300000
2012-09-04,19540.9297,19572.3105,19414.5098,19429.9102,19429.9102,1146600000
2012-09-05,19330.1602,19330.1602,19116.8398,19145.0703,19145.0703,1773200000
2012-09-06,19101.9297,19216.0801,19076.7891,19209.3008,19209.3008,1360600000
2012-09-07,19537.9297,19829.0195,19484.2402,19802.1602,19802.1602,3303600000
2012-09-10,19876.4102,19930.3691,19764.6895,19827.1699,19827.1699,3198100000
2012-09-11,19757.3691,19907.3008,19658.7109,19857.8809,19857.8809,1623600000
2012-09-12,19996.1406,20118.1895,19996.1406,20075.3906,20075.3906,1365000000
2012-09-13,20061.9707,20146.7695,20009.5000,20047.6309,20047.6309,1237100000
2012-09-14,20479.3809,20648.0996,20475.7402,20629.7793,20629.7793,2554600000
2012-09-17,20758.4902,20758.4902,20591.4395,20658.1094,20658.1094,1548700000
2012-09-18,20622.1191,20712.6895,20568.1191,20601.9297,20601.9297,1446000000
2012-09-19,20609.5195,20895.6094,20609.5195,20841.9102,20841.9102,1939000000
2012-09-20,20816.7695,20816.7695,20578.5605,20590.9199,20590.9199,1501400000
2012-09-21,20697.2695,20808.0391,20677.1406,20734.9395,20734.9395,1843000000
2012-09-24,20611.0996,20780.1406,20503.2402,20694.6992,20694.6992,977700000
2012-09-25,20694.3301,20758.3594,20648.5898,20698.6797,20698.6797,1066800000
2012-09-26,20485.9902,20576.8398,20485.0801,20527.7305,20527.7305,1112500000
2012-09-27,20487.3594,20850.4902,20487.3594,20762.2891,20762.2891,1741000000
2012-09-28,20757.9707,20889.9004,20725.5195,20840.3809,20840.3809,1403600000
2012-10-03,20951.3809,21005.6797,20799.8203,20888.2793,20888.2793,1378900000
2012-10-04,20914.3203,20947.3008,20835.0605,20907.9492,20907.9492,1025600000
2012-10-05,21007.5996,21021.2402,20924.7305,21012.3809,21012.3809,1290500000
2012-10-08,20979.5293,20981.6309,20807.9297,20824.5605,20824.5605,1350100000
2012-10-09,20926.8301,21093.0996,20926.8301,20937.2793,20937.2793,1542900000
2012-10-10,20785.0605,20941.8906,20767.3594,20919.5996,20919.5996,1236900000
2012-10-11,20813.0508,21013.4492,20813.0508,20999.0508,20999.0508,2550400000
2012-10-12,21051.0898,21236.5703,21051.0898,21136.4297,21136.4297,2318900000
2012-10-15,21137.6094,21184.4297,21076.9492,21148.2500,21148.2500,1352400000
2012-10-16,21257.0898,21257.0898,21120.1699,21207.0703,21207.0703,1498800000
2012-10-17,21421.8691,21442.7305,21352.8809,21416.6406,21416.6406,1715000000
2012-10-18,21490.8594,21606.3203,21476.3008,21518.7109,21518.7109,2154900000
2012-10-19,21565.7500,21591.6191,21522.9102,21551.7598,21551.7598,1639400000
2012-10-22,21440.0098,21699.0703,21431.2402,21697.5508,21697.5508,1466800000
2012-10-24,21561.5898,21802.4902,21533.2402,21763.7793,21763.7793,1711700000
2012-10-25,21792.6699,21839.6406,21710.8398,21810.2305,21810.2305,1633400000
2012-10-26,21847.6992,21847.6992,21527.5391,21545.5703,21545.5703,1655300000
2012-10-29,21478.1191,21561.9707,21397.0898,21511.0508,21511.0508,1431000000
2012-10-30,21549.1699,21575.0293,21338.6504,21428.5801,21428.5801,1426400000
2012-10-31,21539.4902,21648.6406,21496.9199,21641.8203,21641.8203,1546100000
2012-11-01,21573.9297,21832.5605,21506.0508,21821.8691,21821.8691,1671200000
2012-11-02,22066.2891,22149.6992,22019.6504,22111.3301,22111.3301,1853100000
2012-11-05,22044.2109,22141.1309,21990.6797,22006.4004,22006.4004,1165500000
2012-11-06,21959.9902,22008.8594,21832.2793,21944.4297,21944.4297,1317600000
2012-11-07,22020.4004,22099.8496,21811.1895,22099.8496,22099.8496,1555300000
2012-11-08,21785.8301,21871.8496,21555.7500,21566.9102,21566.9102,1668400000
2012-11-09,21433.5996,21525.4902,21330.3398,21384.3809,21384.3809,1455900000
2012-11-12,21367.5703,21462.4492,21339.1895,21430.3008,21430.3008,922200000
2012-11-13,21372.8691,21399.6094,21181.9199,21188.6504,21188.6504,1349900000
2012-11-14,21250.9707,21446.3594,21221.3105,21441.9902,21441.9902,1302200000
2012-11-15,21188.9395,21288.4805,21098.4102,21108.9297,21108.9297,1408100000
2012-11-16,21203.8203,21205.3105,21105.2109,21159.0098,21159.0098,1146300000
2012-11-19,21209.9492,21303.0996,21136.3203,21262.0605,21262.0605,1100700000
2012-11-20,21478.0000,21478.0000,21213.1191,21228.2793,21228.2793,1169900000
2012-11-21,21367.5508,21530.4395,21229.1406,21524.3594,21524.3594,1358600000
2012-11-22,21595.5898,21774.4004,21517.9102,21743.1992,21743.1992,1449500000
2012-11-23,21729.7207,21924.0605,21723.3496,21913.9805,21913.9805,1337200000
2012-11-26,21986.3594,21986.3594,21827.2695,21861.8105,21861.8105,1074300000
2012-11-27,21969.7109,22002.8594,21820.1504,21844.0293,21844.0293,1205000000
2012-11-28,21764.9102,21764.9102,21629.5801,21708.9805,21708.9805,1272900000
2012-11-29,21821.0508,21996.4004,21786.0293,21922.8906,21922.8906,1272000000
2012-11-30,21949.4004,22091.6094,21918.5508,22030.3906,22030.3906,1829200000
2012-12-03,22070.4395,22162.4707,21716.7695,21767.8496,21767.8496,1222900000
2012-12-04,21786.0703,21853.1504,21687.8809,21799.9707,21799.9707,1236800000
2012-12-05,21819.0098,22274.0391,21804.9297,22270.9102,22270.9102,2465500000
2012-12-06,22355.8906,22355.8906,22215.0801,22249.8105,22249.8105,1475000000
2012-12-07,22294.7305,22371.4004,22188.0703,22191.1699,22191.1699,1830800000
2012-12-10,22377.5605,22377.5605,22235.7598,22276.7207,22276.7207,1388600000
2012-12-11,22295.9902,22393.1992,22244.0195,22323.9395,22323.9395,1585400000
2012-12-12,22412.9004,22508.0098,22412.9004,22503.3496,22503.3496,1856500000
2012-12-13,22500.9902,22563.1406,22380.7793,22445.5801,22445.5801,1476000000
2012-12-14,22396.7207,22636.4297,22396.7207,22605.9805,22605.9805,1771200000
2012-12-17,22590.7598,22625.4102,22453.5898,22513.6094,22513.6094,1451300000
2012-12-18,22525.4609,22588.4805,22449.7402,22494.7305,22494.7305,3217300000
2012-12-19,22654.6504,22683.7207,22562.0195,22623.3691,22623.3691,1577200000
2012-12-20,22602.9902,22661.7402,22483.9492,22659.7793,22659.7793,1621000000
2012-12-21,22565.0898,22565.0898,22423.1602,22506.2891,22506.2891,1805700000
2012-12-24,22494.7109,22577.5605,22494.7109,22541.1797,22541.1797,560300000
2012-12-27,22705.4609,22718.8301,22608.5996,22619.7793,22619.7793,1053400000
2012-12-28,22706.3301,22706.3301,22628.4609,22666.5898,22666.5898,1043800000
2012-12-31,22584.4395,22698.3301,22566.8906,22656.9199,22656.9199,685400000
2013-01-02,22860.2500,23317.3906,22860.2500,23311.9805,23311.9805,2129300000
2013-01-03,23390.5391,23400.7402,23234.4297,23398.5996,23398.5996,2211200000
2013-01-04,23370.3594,23370.3594,23172.2793,23331.0898,23331.0898,1505800000
2013-01-07,23345.1992,23402.4492,23254.2305,23329.7500,23329.7500,1401500000
2013-01-08,23264.0293,23264.0293,23088.4004,23111.1895,23111.1895,1461700000
2013-01-09,23154.7109,23235.3906,23141.6699,23218.4707,23218.4707,1518600000
2013-01-10,23240.0703,23477.8906,23165.6406,23354.3105,23354.3105,1911800000
2013-01-11,23478.8105,23486.5996,23212.9004,23264.0703,23264.0703,1526900000
2013-01-14,23326.8203,23441.9395,23292.0703,23413.2598,23413.2598,1559400000
2013-01-15,23388.4707,23515.8594,23306.1699,23381.5098,23381.5098,1450100000
2013-01-16,23390.1895,23390.1895,23203.2402,23356.9902,23356.9902,1370200000
2013-01-17,23471.6699,23504.7305,23222.9609,23339.7598,23339.7598,1316300000
2013-01-18,23509.4902,23606.5000,23450.7695,23601.7793,23601.7793,1934500000
2013-01-21,23565.9609,23639.6309,23535.4707,23590.9102,23590.9102,1104200000
2013-01-22,23596.3809,23685.5508,23498.9609,23658.9902,23658.9902,1361100000
2013-01-23,23700.4492,23710.8691,23540.4199,23635.0996,23635.0996,1537000000
2013-01-24,23585.0996,23688.7891,23547.7891,23598.9004,23598.9004,1428600000
2013-01-25,23653.5391,23666.3906,23481.3691,23580.4297,23580.4297,1621000000
2013-01-28,23621.9492,23736.0195,23621.9492,23671.8809,23671.8809,1443600000
2013-01-29,23659.1094,23707.1094,23602.8496,23655.1699,23655.1699,3154000000
2013-01-30,23767.3301,23916.1602,23765.5703,23822.0605,23822.0605,1961900000
2013-01-31,23799.1699,23799.1699,23667.9395,23729.5293,23729.5293,1829300000
2013-02-01,23763.3398,23763.3398,23571.3008,23721.8398,23721.8398,1629100000
2013-02-04,23866.8008,23944.7402,23637.1797,23685.0098,23685.0098,2739100000
2013-02-05,23406.9902,23406.9902,23104.2695,23148.5293,23148.5293,2488000000
2013-02-06,23292.4297,23355.3691,23204.0508,23256.9297,23256.9297,1654500000
2013-02-07,23259.8203,23298.1309,23134.7793,23177.0000,23177.0000,2020600000
2013-02-08,23101.0898,23267.1992,23101.0898,23215.1602,23215.1602,1825600000
2013-02-14,23460.3105,23469.2598,23300.5996,23413.2500,23413.2500,1528900000
2013-02-15,23315.4102,23446.7695,23284.0508,23444.5605,23444.5605,1055500000
2013-02-18,23477.4902,23477.4902,23309.5508,23381.9395,23381.9395,1033200000
2013-02-19,23368.2207,23454.1895,23139.0801,23143.9102,23143.9102,1434500000
2013-02-20,23310.9297,23310.9297,23163.8594,23307.4102,23307.4102,1562400000
2013-02-21,23026.1797,23026.1797,22828.1699,22906.6699,22906.6699,2061800000
2013-02-22,22840.3203,22850.2500,22674.5898,22782.4395,22782.4395,1623900000
2013-02-25,22852.8906,22876.0293,22777.6309,22820.0801,22820.0801,1074700000
2013-02-26,22639.9707,22769.0703,22510.7598,22519.6895,22519.6895,1520900000
2013-02-27,22656.4004,22656.4004,22445.3398,22577.0098,22577.0098,1682300000
2013-02-28,22826.4199,23031.6895,22734.8398,23020.2695,23020.2695,2105700000
2013-03-01,22957.0898,23015.6797,22868.6895,22880.2207,22880.2207,2069300000
2013-03-04,22866.5098,22866.5098,22466.0801,22537.8105,22537.8105,2172100000
2013-03-05,22621.5996,22661.4902,22523.6895,22560.5000,22560.5000,1843300000
2013-03-06,22750.5801,22808.8105,22664.9395,22777.8398,22777.8398,1755900000
2013-03-07,22729.2891,22843.7305,22656.3691,22771.4395,22771.4395,1282200000
2013-03-08,22839.2695,23220.5195,22839.2695,23091.9492,23091.9492,1852100000
2013-03-11,23131.4395,23246.2891,23064.9297,23090.8203,23090.8203,1292200000
2013-03-12,23133.0000,23262.0195,22879.1797,22890.5996,22890.5996,1564200000
2013-03-13,22901.1191,22901.1191,22487.3301,22556.6504,22556.6504,1821500000
2013-03-14,22484.2500,22655.8809,22305.5391,22619.1797,22619.1797,1927900000
2013-03-15,22705.9199,22799.6699,22494.0391,22533.1094,22533.1094,2907000000
2013-03-18,22185.3203,22185.3203,21997.7207,22083.3594,22083.3594,2245900000
2013-03-19,22138.0996,22218.8496,22030.6602,22041.8594,22041.8594,1655000000
2013-03-20,21990.0391,22302.5000,21975.9004,22256.4395,22256.4395,1771400000
2013-03-21,22285.8105,22403.7891,22179.5000,22225.8809,22225.8809,1622200000
2013-03-22,22186.2402,22232.0703,22033.1797,22115.3008,22115.3008,1515500000
2013-03-25,22327.5293,22351.0801,22201.0605,22251.1504,22251.1504,1543600000
2013-03-26,22208.0605,22346.2695,22088.5605,22311.0801,22311.0801,1730100000
2013-03-27,22385.4707,22529.3691,22366.0195,22464.8203,22464.8203,1674300000
2013-03-28,22390.3496,22390.3496,22132.3301,22299.6309,22299.6309,2203100000
2013-04-02,22203.9297,22449.4609,22203.9297,22367.8203,22367.8203,1524800000
2013-04-03,22527.1191,22527.1191,22283.1602,22337.4902,22337.4902,1238400000
2013-04-05,22230.9297,22230.9297,21703.2793,21726.9004,21726.9004,2324400000
2013-04-08,21733.7793,21772.2305,21612.0508,21718.0508,21718.0508,1362700000
2013-04-09,21800.2402,21979.0801,21800.2402,21870.3398,21870.3398,1350800000
2013-04-10,21963.3691,22038.8906,21858.8105,22034.5605,22034.5605,1484700000
2013-04-11,22198.4902,22251.6191,22058.3008,22101.2695,22101.2695,1423100000
2013-04-12,22185.3594,22185.3594,22049.5801,22089.0508,22089.0508,1305000000
2013-04-15,21998.7402,21998.7402,21735.3105,21772.6699,21772.6699,1514300000
2013-04-16,21571.5801,21813.5508,21475.3301,21672.0293,21672.0293,1641300000
2013-04-17,21794.6895,21798.5703,21550.7207,21569.6699,21569.6699,1913700000
2013-04-18,21440.3301,21618.0703,21423.2500,21512.5195,21512.5195,1413700000
2013-04-19,21517.9395,22016.9707,21496.2891,22013.5703,22013.5703,1998200000
2013-04-22,22038.1309,22131.6504,21956.5293,22044.3691,22044.3691,1290300000
2013-04-23,22085.6992,22085.6992,21747.4707,21806.6094,21806.6094,1798600000
2013-04-24,22067.0391,22195.9297,21962.9004,22183.0508,22183.0508,1757900000
2013-04-25,22298.6406,22486.4492,22214.6504,22401.2402,22401.2402,1835600000
2013-04-26,22559.9707,22690.3301,22528.9492,22547.7109,22547.7109,1826700000
2013-04-29,22567.6309,22647.5898,22488.6504,22580.7695,22580.7695,1351400000
2013-04-30,22769.5898,22862.6895,22669.5391,22737.0098,22737.0098,1599200000
2013-05-02,22692.3301,22706.0703,22552.3105,22668.3008,22668.3008,1435000000
2013-05-03,22811.8398,22886.1699,22678.6699,22689.9609,22689.9609,1280300000
2013-05-06,22967.7793,22980.5605,22864.9102,22915.0898,22915.0898,1327600000
2013-05-07,22924.2891,23058.7402,22855.5801,23047.0898,23047.0898,1422300000
2013-05-08,23215.9492,23270.0000,23156.2598,23244.3496,23244.3496,1760400000
2013-05-09,23353.6797,23353.6797,23126.8105,23211.4805,23211.4805,1413800000
2013-05-10,23213.5898,23330.5996,23144.1191,23321.2207,23321.2207,1413400000
2013-05-13,23245.5801,23245.5801,22958.8691,22989.8105,22989.8105,1488600000
2013-05-14,23124.2402,23145.9102,22878.6406,22930.2793,22930.2793,1382600000
2013-05-15,23074.2598,23163.5605,23002.3203,23044.2402,23044.2402,1506000000
2013-05-16,23110.1895,23163.0000,22955.9004,23082.6797,23082.6797,1320900000
2013-05-20,23348.7402,23512.4199,23348.7402,23493.0293,23493.0293,1583300000
2013-05-21,23425.6895,23446.0000,23337.7500,23366.3691,23366.3691,3484200000
2013-05-22,23341.0605,23423.5098,23179.4609,23261.0801,23261.0801,1471600000
2013-05-23,23066.7109,23123.4297,22605.6895,22669.6797,22669.6797,2505800000
2013-05-24,22679.3594,22781.5391,22470.5293,22618.6699,22618.6699,1412900000
2013-05-27,22571.6309,22729.8691,22544.8906,22686.0508,22686.0508,993600000
2013-05-28,22710.1992,22942.1504,22639.5391,22924.2500,22924.2500,1147400000
2013-05-29,22826.8496,22861.5996,22532.5703,22554.9297,22554.9297,1540000000
2013-05-30,22562.5098,22630.6406,22290.7207,22484.3105,22484.3105,1748700000
2013-05-31,22582.5508,22582.5508,22346.1797,22392.1602,22392.1602,2493200000
2013-06-03,22301.6797,22564.1797,22249.6504,22282.1895,22282.1895,1550300000
2013-06-04,22320.5000,22330.0508,22178.6406,22285.5195,22285.5195,1422100000
2013-06-05,22141.6699,22174.6895,21933.9199,22069.2402,22069.2402,1516800000
2013-06-06,21908.4492,21949.8105,21799.2500,21838.4297,21838.4297,1712000000
2013-06-07,21768.2402,21820.4297,21506.3301,21575.2598,21575.2598,1835000000
2013-06-10,21592.9004,21723.8594,21497.5508,21615.0898,21615.0898,1464600000
2013-06-11,21542.3008,21632.0098,21307.9902,21354.6602,21354.6602,2121900000
2013-06-13,21069.2598,21069.2598,20652.7500,20887.0391,20887.0391,3299600000
2013-06-14,21083.4102,21164.6797,20954.6602,20969.1406,20969.1406,2394700000
2013-06-17,21007.2793,21272.7500,21007.2793,21225.9004,21225.9004,1879400000
2013-06-18,21102.5996,21240.0098,20995.3906,21225.8809,21225.8809,1611400000
2013-06-19,21188.4004,21232.5098,20896.2207,20986.8906,20986.8906,1892100000
2013-06-20,20668.8008,20703.7598,20374.1406,20382.8691,20382.8691,2633000000
2013-06-21,19969.9805,20383.5391,19969.9805,20263.3105,20263.3105,4084000000
2013-06-24,20023.4395,20101.2598,19756.6094,19813.9805,19813.9805,2588400000
2013-06-25,19775.9805,19992.3008,19426.3594,19855.7207,19855.7207,3385300000
2013-06-26,20090.7598,20354.1797,19913.9805,20338.5508,20338.5508,3018100000
2013-06-27,20456.4707,20713.3398,20375.4004,20440.0801,20440.0801,2430500000
2013-06-28,20596.6309,20818.3496,20490.8906,20803.2891,20803.2891,2309700000
2013-07-02,21004.5605,21004.5605,20633.1602,20658.6504,20658.6504,2509200000
2013-07-03,20568.5605,20590.3203,20119.5605,20147.3105,20147.3105,2353600000
2013-07-04,20334.9395,20532.1406,20318.0195,20468.6699,20468.6699,1382300000
2013-07-05,20740.6992,20866.3594,20729.0293,20854.6699,20854.6699,1453400000
2013-07-08,20598.2109,20694.5098,20244.0703,20582.1895,20582.1895,1723900000
2013-07-09,20610.5605,20767.5801,20571.5508,20683.0098,20683.0098,1244500000
2013-07-10,20841.7305,21044.4707,20633.0195,20904.5605,20904.5605,1625900000
2013-07-11,21177.6309,21503.7109,21177.6309,21437.4902,21437.4902,2434300000
2013-07-12,21522.1504,21522.1504,21242.4707,21277.2793,21277.2793,1637300000
2013-07-15,21278.6191,21391.7598,21205.5996,21303.3105,21303.3105,1151500000
2013-07-16,21333.0703,21394.1309,21209.1797,21312.3809,21312.3809,1054000000
2013-07-17,21368.7695,21460.9609,21253.5898,21371.8691,21371.8691,1106700000
2013-07-18,21426.9004,21445.1504,21288.5801,21345.2207,21345.2207,1223700000
2013-07-19,21451.5996,21451.5996,21214.2402,21362.4199,21362.4199,1275700000
2013-07-22,21498.9609,21498.9609,21283.8301,21416.5000,21416.5000,1090800000
2013-07-23,21517.1992,21964.0293,21517.1992,21915.4199,21915.4199,2565800000
2013-07-24,21912.9004,21984.2598,21799.3105,21968.9297,21968.9297,1342400000
2013-07-25,21872.1406,21947.8301,21841.4492,21900.9609,21900.9609,1157700000
2013-07-26,21892.3398,22034.3809,21834.2402,21968.9492,21968.9492,1207300000
2013-07-29,21896.1191,21953.3496,21749.6895,21850.1504,21850.1504,1205800000
2013-07-30,21870.1406,22033.2109,21839.7598,21953.9609,21953.9609,1212600000
2013-07-31,21888.8008,22070.1406,21853.4395,21883.6602,21883.6602,1350400000
2013-08-01,22025.7500,22152.0605,21983.1504,22088.7891,22088.7891,929400000
2013-08-02,22264.7695,22291.4102,22136.7793,22190.9707,22190.9707,1013500000
2013-08-05,22273.8203,22273.8203,22193.6699,22222.0098,22222.0098,760400000
2013-08-06,22000.9395,22012.5098,21807.9609,21923.6992,21923.6992,1139700000
2013-08-07,21756.4707,21901.4609,21571.1504,21588.8398,21588.8398,1341000000
2013-08-08,21697.8691,21785.6895,21629.5000,21655.8809,21655.8809,862900000
2013-08-09,21760.0508,21811.2402,21674.9707,21807.5605,21807.5605,1017900000
2013-08-12,21796.4609,22283.0508,21735.0605,22271.2793,22271.2793,1989400000
2013-08-13,22368.4707,22563.8105,22310.5391,22541.1309,22541.1309,2322600000
2013-08-15,22568.0508,22695.9902,22472.8809,22539.2500,22539.2500,2216800000
2013-08-16,22450.8301,22663.7500,22311.5508,22517.8105,22517.8105,2014100000
2013-08-19,22432.8691,22551.2695,22387.7109,22463.6992,22463.6992,1090300000
2013-08-20,22396.2891,22481.7402,21907.2109,21970.2891,21970.2891,1804700000
2013-08-21,21964.6895,21970.2500,21618.5996,21817.7305,21817.7305,1614300000
2013-08-22,21538.1895,21944.4707,21538.1895,21895.4004,21895.4004,1601100000
2013-08-23,22006.4102,22103.9004,21769.0391,21863.5098,21863.5098,1560900000
2013-08-26,21943.4004,22116.0000,21898.1504,22005.3203,22005.3203,1219700000
2013-08-27,21907.4297,21987.5098,21770.7500,21874.7695,21874.7695,1165000000
2013-08-28,21584.5605,21655.2402,21465.7207,21524.6504,21524.6504,2232700000
2013-08-29,21612.9492,21717.8398,21554.2500,21704.7793,21704.7793,1539400000
2013-08-30,21618.3398,21753.4004,21549.9609,21731.3691,21731.3691,1581300000
2013-09-02,21948.7207,22240.0391,21948.7207,22175.3398,22175.3398,1813200000
2013-09-03,22323.0000,22456.8008,22290.8301,22394.5801,22394.5801,1948200000
2013-09-04,22171.9297,22438.4004,22142.9902,22326.2207,22326.2207,3996500000
2013-09-05,22538.9609,22682.9395,22486.6309,22597.9707,22597.9707,2145300000
2013-09-06,22615.9805,22699.5898,22578.3301,22621.2207,22621.2207,1960800000
2013-09-09,22770.2500,22853.0195,22680.6309,22750.6504,22750.6504,1922600000
2013-09-10,22932.5996,22988.8105,22842.8809,22976.6504,22976.6504,2241100000
2013-09-11,23095.8594,23120.4609,22848.5293,22937.1406,22937.1406,2000900000
2013-09-12,22952.8496,23048.2207,22908.9902,22953.7207,22953.7207,1626700000
2013-09-13,22920.7598,22956.7695,22790.7793,22915.2793,22915.2793,1579300000
2013-09-16,23210.3594,23268.1504,23173.8398,23252.4102,23252.4102,1448400000
2013-09-17,23246.9102,23246.9102,23127.8691,23180.5195,23180.5195,1388500000
2013-09-18,23213.7891,23214.6797,23080.5898,23117.4492,23117.4492,1278200000
2013-09-19,23549.8906,23554.3398,23469.0293,23502.5098,23502.5098,2179800000
2013-09-23,23414.9805,23466.6699,23291.2305,23371.5391,23371.5391,1514600000
2013-09-24,23324.3809,23324.3809,23102.2500,23179.0391,23179.0391,1558400000
2013-09-25,23192.7109,23281.6094,23154.8398,23209.6309,23209.6309,1340200000
2013-09-26,23192.6992,23224.3594,23043.8906,23125.0293,23125.0293,1575000000
2013-09-27,23199.0898,23340.1797,23118.8398,23207.0391,23207.0391,1487500000
2013-09-30,22946.7402,22986.9492,22845.4395,22859.8594,22859.8594,1573000000
2013-10-02,22997.2109,23138.8594,22933.3105,22984.4805,22984.4805,1444700000
2013-10-03,23167.1992,23241.5000,23126.9902,23214.4004,23214.4004,1217000000
2013-10-04,23051.5508,23152.6797,22983.4707,23138.5391,23138.5391,1158800000
2013-10-07,23152.9199,23152.9199,22896.6504,22973.9492,22973.9492,1209800000
2013-10-08,22988.2207,23228.6895,22927.1191,23178.8496,23178.8496,1337000000
2013-10-09,23002.0801,23065.6699,22965.9102,23033.9707,23033.9707,1079500000
2013-10-10,23077.4707,23084.0996,22743.4707,22951.3008,22951.3008,1350400000
2013-10-11,23318.4609,23336.5898,23204.2598,23218.3203,23218.3203,1360400000
2013-10-15,23399.7891,23411.2109,23279.3301,23336.5195,23336.5195,1244300000
2013-10-16,23350.9395,23350.9395,23128.6895,23228.3301,23228.3301,1041200000
2013-10-17,23351.4805,23357.1602,23073.8809,23094.8809,23094.8809,1237900000
2013-10-18,23261.6504,23364.4707,23213.0391,23340.0996,23340.0996,1314400000
2013-10-21,23494.3691,23534.6699,23356.7891,23438.1504,23438.1504,1160800000
2013-10-22,23309.0098,23387.5391,23263.5293,23315.9902,23315.9902,1070900000
2013-10-23,23455.4004,23505.7891,22970.5195,22999.9492,22999.9492,1723800000
2013-10-24,22975.5508,22975.5508,22762.1895,22835.8203,22835.8203,1863200000
2013-10-25,22758.3691,22839.1504,22640.1797,22698.3398,22698.3398,1852400000
2013-10-28,22753.7500,22849.3008,22753.7500,22806.5801,22806.5801,1103200000
2013-10-29,22842.3301,22979.3496,22760.9004,22846.5391,22846.5391,1428100000
2013-10-30,22966.9492,23316.1191,22935.5996,23304.0195,23304.0195,1716800000
2013-10-31,23134.3906,23250.6602,23108.2695,23206.3691,23206.3691,1792700000
2013-11-01,23208.8008,23336.9805,23149.5293,23249.7891,23249.7891,1244400000
2013-11-04,23322.0703,23345.9297,23165.0605,23189.6191,23189.6191,1033400000
2013-11-05,23313.6094,23313.6094,22949.4199,23038.9492,23038.9492,1194300000
2013-11-06,23042.1094,23119.0391,22954.6992,23036.9395,23036.9395,1299900000
2013-11-07,23023.7305,23023.7305,22819.6504,22881.0293,22881.0293,1085000000
2013-11-08,22713.0000,22813.7598,22686.5703,22744.3906,22744.3906,1167400000
2013-11-11,22781.9902,23124.3008,22688.4102,23069.8496,23069.8496,1338400000
2013-11-12,23051.7598,23084.8809,22857.2598,22901.4102,22901.4102,1114200000
2013-11-13,22665.9102,22665.9102,22463.4004,22463.8301,22463.8301,2049900000
2013-11-14,22673.3203,22691.6699,22529.3301,22649.1504,22649.1504,1252600000
2013-11-15,22749.5996,23050.3496,22749.5996,23032.1504,23032.1504,2032600000
2013-11-18,23397.7305,23706.6797,23390.6602,23660.0605,23660.0605,3971400000
2013-11-19,23834.5195,23856.9004,23620.2793,23657.8105,23657.8105,2973700000
2013-11-20,23774.3105,23843.8008,23690.8105,23700.8594,23700.8594,1932700000
2013-11-21,23661.4199,23661.4199,23508.7891,23580.2891,23580.2891,1620600000
2013-11-22,23752.2793,23764.4102,23641.1992,23696.2793,23696.2793,1689600000
2013-11-25,23829.9707,23829.9707,23673.5293,23684.4492,23684.4492,1513600000
2013-11-26,23675.3691,23751.8594,23659.9805,23681.2793,23681.2793,1505500000
2013-11-27,23653.9492,23856.9199,23649.8008,23806.3496,23806.3496,1588900000
2013-11-28,23934.9395,24014.8105,23734.5391,23789.0898,23789.0898,1333800000
2013-11-29,23862.3809,23912.2891,23809.7109,23881.2891,23881.2891,880300000
2013-12-02,23936.1504,24111.5508,23844.2402,24038.5508,24038.5508,1386400000
2013-12-03,23887.7695,23975.7598,23833.2500,23910.4707,23910.4707,1337900000
2013-12-04,23719.5996,23846.8398,23603.0195,23728.6992,23728.6992,1523700000
2013-12-05,23634.0898,23728.9004,23563.2109,23712.5703,23712.5703,1204100000
2013-12-06,23620.3105,23812.8906,23614.1992,23743.0996,23743.0996,1705800000
2013-12-09,23970.0000,23970.0000,23775.0098,23811.1699,23811.1699,1294600000
2013-12-10,23799.4492,23810.9395,23707.7598,23744.1895,23744.1895,1030700000
2013-12-11,23686.8008,23693.5098,23295.1406,23338.2402,23338.2402,1903500000
2013-12-12,23265.1309,23327.4395,23160.9004,23218.1191,23218.1191,1713500000
2013-12-13,23080.1895,23331.5293,23017.3398,23245.9609,23245.9609,1522600000
2013-12-16,23138.2793,23204.6309,22999.7598,23114.6602,23114.6602,1333100000
2013-12-17,23281.3809,23281.3809,23040.5996,23069.2305,23069.2305,1411300000
2013-12-18,23076.5391,23240.7109,22993.5391,23143.8203,23143.8203,1295400000
2013-12-19,23404.4492,23404.4492,22753.3008,22888.7500,22888.7500,1958300000
2013-12-20,22904.1797,22936.9199,22713.6992,22812.1797,22812.1797,2123600000
2013-12-23,22946.5508,23005.9199,22862.8906,22921.5605,22921.5605,1094500000
2013-12-24,23045.6406,23194.6309,23026.0996,23179.5508,23179.5508,801500000
2013-12-27,23138.9102,23283.3105,23130.8594,23243.2402,23243.2402,850200000
2013-12-30,23353.5391,23369.3691,23178.2793,23244.8691,23244.8691,1000200000
2013-12-31,23328.4395,23361.3398,23271.8008,23306.3906,23306.3906,674200000
2014-01-02,23452.7598,23469.3301,23173.9297,23340.0508,23340.0508,1042200000
2014-01-03,23097.9805,23097.9805,22782.4199,22817.2793,22817.2793,1994800000
2014-01-06,22732.8301,22757.4492,22567.7695,22684.1504,22684.1504,1650600000
2014-01-07,22689.2500,22802.8496,22644.5801,22712.7793,22712.7793,1733400000
2014-01-08,22834.8105,23031.1895,22778.8301,22996.5898,22996.5898,2201300000
2014-01-09,22925.2305,23044.9707,22709.0293,22787.3301,22787.3301,1710500000
2014-01-10,22735.9297,22932.2109,22726.8398,22846.2500,22846.2500,1495200000
2014-01-13,23046.4102,23067.3301,22762.2402,22888.7598,22888.7598,1247400000
2014-01-14,22637.5508,22883.0000,22637.5508,22791.2793,22791.2793,1165400000
2014-01-15,22985.7793,23010.0703,22826.9805,22902.0000,22902.0000,1116100000
2014-01-16,23085.1406,23085.1406,22936.7402,22986.4102,22986.4102,1373000000
2014-01-17,22898.4805,23263.4199,22849.0996,23133.3496,23133.3496,1725900000
2014-01-20,23048.1309,23089.2402,22884.6191,22928.9492,22928.9492,1588600000
2014-01-21,23040.8398,23139.6504,22986.4707,23033.1191,23033.1191,1767000000
2014-01-22,22954.7695,23119.6094,22913.6602,23082.2500,23082.2500,1768100000
2014-01-23,23082.0098,23093.8496,22722.5801,22733.9004,22733.9004,1933800000
2014-01-24,22522.4395,22659.7207,22435.7207,22450.0605,22450.0605,2004100000
2014-01-27,22019.0996,22044.2305,21880.7305,21976.0996,21976.0996,2355500000
2014-01-28,22012.5098,22022.1406,21892.1992,21960.6406,21960.6406,1832600000
2014-01-29,22111.6309,22222.6992,22109.9297,22141.6094,22141.6094,1878800000
2014-01-30,21827.3301,22052.1602,21746.2305,22035.4199,22035.4199,1537700000
2014-02-04,21561.6992,21609.5898,21388.6094,21397.7695,21397.7695,2480400000
2014-02-05,21564.8809,21564.8809,21197.7793,21269.3809,21269.3809,1939800000
2014-02-06,21320.9102,21440.4004,21277.0098,21423.1309,21423.1309,1589900000
2014-02-07,21498.0898,21703.6895,21480.0898,21636.8496,21636.8496,1698100000
2014-02-10,21646.7500,21687.8398,21524.8105,21579.2598,21579.2598,1718100000
2014-02-11,21623.7891,22025.5801,21623.7891,21962.9805,21962.9805,2004800000
2014-02-12,22057.6992,22308.2500,22010.5605,22285.7891,22285.7891,1964100000
2014-02-13,22297.6992,22297.6992,22098.1992,22165.5293,22165.5293,1431800000
2014-02-14,22382.7207,22412.7402,22243.7695,22298.4102,22298.4102,1142700000
2014-02-17,22463.4004,22585.6797,22463.4004,22535.9395,22535.9395,1043800000
2014-02-18,22535.1992,22592.3594,22437.3809,22587.7207,22587.7207,961500000
2014-02-19,22600.5996,22708.4004,22534.1895,22664.5195,22664.5195,1145900000
2014-02-20,22595.9102,22742.7207,22297.8496,22394.0801,22394.0801,2691600000
2014-02-21,22617.6309,22633.2891,22442.3906,22568.2402,22568.2402,1678800000
2014-02-24,22576.3496,22576.3496,22260.1309,22388.5605,22388.5605,1709100000
2014-02-25,22498.4199,22518.8398,22259.7598,22317.1992,22317.1992,1538400000
2014-02-26,22297.6191,22502.9609,22258.8906,22437.4395,22437.4395,1750000000
2014-02-27,22465.9609,22866.2305,22432.4805,22828.1797,22828.1797,1958000000
2014-02-28,22942.9609,22986.6992,22709.5195,22836.9609,22836.9609,1897300000
2014-03-03,22630.7695,22749.1309,22487.2305,22500.6699,22500.6699,1634100000
2014-03-04,22542.1699,22783.9805,22534.0996,22657.6309,22657.6309,1344300000
2014-03-05,22839.4297,22839.4297,22529.8301,22579.7793,22579.7793,1620100000
2014-03-06,22588.7695,22764.3809,22588.7598,22702.9707,22702.9707,1524500000
2014-03-07,22728.5293,22820.4102,22604.0195,22660.4902,22660.4902,1481500000
2014-03-10,22339.4199,22388.4609,22206.8008,22264.9297,22264.9297,1621300000
2014-03-11,22234.6094,22351.9902,22198.0703,22269.6094,22269.6094,1365700000
2014-03-12,22019.0293,22019.0293,21873.1992,21901.9492,21901.9492,1890000000
2014-03-13,21920.9395,22041.3301,21743.3398,21756.0801,21756.0801,1579500000
2014-03-14,21612.0703,21630.6992,21462.4902,21539.4902,21539.4902,1697600000
2014-03-17,21494.3691,21535.6992,21423.0293,21473.9492,21473.9492,1027100000
2014-03-18,21549.2207,21606.9805,21469.2109,21583.5000,21583.5000,1478700000
2014-03-19,21585.1191,21614.5293,21485.5098,21568.6895,21568.6895,1254000000
2014-03-20,21352.4902,21475.4805,21137.6094,21182.1602,21182.1602,1855200000
2014-03-21,21239.0898,21470.3105,21171.9102,21436.6992,21436.6992,2761800000
2014-03-24,21657.5508,21866.9707,21590.0703,21846.4492,21846.4492,2460700000
2014-03-25,21773.6406,21858.1094,21704.7305,21732.3203,21732.3203,1439700000
2014-03-26,21889.7598,22006.6406,21865.3301,21887.7500,21887.7500,1917700000
2014-03-27,21897.0703,21926.8301,21715.6309,21834.4492,21834.4492,2222300000
2014-03-28,21930.4004,22143.2402,21930.4004,22065.5293,22065.5293,2147300000
2014-03-31,22244.1602,22244.1602,22043.5098,22151.0605,22151.0605,1919000000
2014-04-01,22292.3203,22458.9395,22250.6602,22448.5391,22448.5391,1598500000
2014-04-02,22598.4004,22598.4004,22436.2793,22523.9395,22523.9395,1594200000
2014-04-03,22666.0605,22722.2402,22531.2402,22565.0801,22565.0801,1385900000
2014-04-04,22476.2500,22595.7109,22452.6406,22510.0801,22510.0801,1497600000
2014-04-07,22416.4707,22485.2402,22326.4102,22377.1504,22377.1504,1364800000
2014-04-08,22390.1406,22625.2109,22329.9902,22596.9707,22596.9707,2242600000
2014-04-09,22725.4297,22933.3301,22721.1895,22843.1699,22843.1699,2255700000
2014-04-10,22949.7891,23224.5391,22734.3906,23186.9609,23186.9609,2705300000
2014-04-11,23150.8008,23194.1504,22946.2109,23003.6406,23003.6406,2212800000
2014-04-14,22911.8203,23090.9395,22911.8203,23038.8008,23038.8008,1332400000
2014-04-15,23054.3496,23054.3496,22658.2695,22671.2598,22671.2598,1507400000
2014-04-16,22686.2109,22866.5605,22627.5098,22696.0098,22696.0098,1209900000
2014-04-17,22858.7891,22858.7891,22657.9492,22760.2402,22760.2402,1043700000
2014-04-22,22718.6895,22808.3008,22644.4297,22730.6797,22730.6797,1177800000
2014-04-23,22855.2598,22855.2598,22495.5898,22509.6406,22509.6406,1466000000
2014-04-24,22527.3809,22575.5000,22461.0996,22562.8008,22562.8008,1245500000
2014-04-25,22524.5605,22548.5195,22213.7402,22223.5293,22223.5293,1501600000
2014-04-28,22122.3809,22202.2695,22096.9492,22132.5293,22132.5293,1204400000
2014-04-29,22172.0801,22474.1895,22099.1992,22453.8906,22453.8906,1647300000
2014-04-30,22466.0391,22466.0391,22097.3594,22133.9707,22133.9707,1813900000
2014-05-02,22194.6602,22312.7109,22150.3496,22260.6699,22260.6699,1150700000
2014-05-05,22195.8008,22284.5605,21873.8691,21976.3301,21976.3301,1053000000
2014-05-07,21904.5195,21923.1504,21680.3301,21746.2598,21746.2598,1551800000
2014-05-08,21804.6504,21929.4297,21738.1504,21837.1191,21837.1191,1397800000
2014-05-09,21819.9395,21925.3906,21705.1191,21862.9902,21862.9902,1114400000
2014-05-12,21921.5898,22399.6406,21796.9004,22261.6094,22261.6094,1662400000
2014-05-13,22436.2402,22436.2402,22286.4609,22352.3809,22352.3809,1139100000
2014-05-14,22484.4902,22664.3691,22365.2305,22582.7695,22582.7695,1927300000
2014-05-15,22726.5898,22792.6309,22610.0098,22730.8594,22730.8594,1170300000
2014-05-16,22645.5195,22718.0703,22555.5898,22712.9102,22712.9102,1166400000
2014-05-19,22751.2402,22751.2402,22555.9707,22704.5000,22704.5000,991500000
2014-05-20,22758.0195,22914.1699,22758.0195,22834.6797,22834.6797,1381200000
2014-05-21,22715.5801,22883.5000,22649.6602,22836.5195,22836.5195,1502000000
2014-05-22,22942.2695,23053.2793,22884.5195,22953.7598,22953.7598,1846600000
2014-05-23,23010.4492,23010.4492,22922.3496,22965.8594,22965.8594,1334700000
2014-05-26,23055.4707,23086.9805,22898.7793,22963.1797,22963.1797,921700000
2014-05-27,22953.1191,22984.4609,22886.4609,22944.3008,22944.3008,886200000
2014-05-28,23023.8203,23204.9395,22949.8594,23080.0293,23080.0293,1877900000
2014-05-29,23103.3105,23209.2598,22968.0996,23010.1406,23010.1406,1656900000
2014-05-30,23074.7891,23178.5996,22993.7109,23081.6504,23081.6504,2139400000
2014-06-03,23327.5098,23327.5098,23134.3398,23291.0391,23291.0391,1871400000
2014-06-04,23284.1699,23284.1699,23110.8496,23151.7109,23151.7109,1103600000
2014-06-05,23142.6602,23178.0801,23052.4297,23109.6602,23109.6602,1139900000
2014-06-06,23231.3203,23231.3203,22950.6699,22951.0000,22951.0000,1793900000
2014-06-09,23086.9395,23159.5996,23053.3809,23117.4707,23117.4707,1175600000
2014-06-10,23206.1992,23360.2500,23061.2500,23315.7402,23315.7402,1732700000
2014-06-11,23281.1406,23281.1406,23168.1406,23257.2891,23257.2891,1312200000
2014-06-12,23127.8203,23237.7598,23065.5000,23175.0195,23175.0195,1262600000
2014-06-13,23099.8691,23397.7695,23099.8691,23319.1699,23319.1699,1564400000
2014-06-16,23299.0391,23340.4199,23232.5605,23300.6699,23300.6699,1215100000
2014-06-17,23237.6309,23242.6895,23127.0195,23203.5898,23203.5898,1361600000
2014-06-18,23128.2207,23299.3594,23128.2207,23181.7207,23181.7207,1296600000
2014-06-19,23264.9199,23300.3105,23122.7500,23167.7305,23167.7305,1421200000
2014-06-20,23199.1797,23285.5195,23157.8594,23194.0605,23194.0605,1341600000
2014-06-23,23165.2598,23393.8105,22802.0996,22804.8105,22804.8105,2005500000
2014-06-24,22915.9199,22946.0996,22832.9102,22880.6406,22880.6406,1448700000
2014-06-25,22935.0605,22938.6992,22829.2891,22866.6992,22866.6992,1082700000
2014-06-26,22947.8398,23203.4805,22926.0391,23197.8301,23197.8301,1292100000
2014-06-27,23188.4805,23272.0996,23111.0293,23221.5195,23221.5195,1193700000
2014-06-30,23273.1895,23346.2305,22960.0801,23190.7207,23190.7207,1476200000
2014-07-02,23326.5293,23576.3496,23293.8203,23549.6191,23549.6191,1936400000
2014-07-03,23553.5996,23591.4707,23482.9004,23531.4395,23531.4395,1073600000
2014-07-04,23609.3203,23626.1406,23508.2695,23546.3594,23546.3594,1116900000
2014-07-07,23581.4004,23592.3809,23435.2402,23540.9199,23540.9199,911900000
2014-07-08,23555.3105,23555.6602,23455.1309,23541.3809,23541.3809,1114100000
2014-07-09,23408.0508,23408.0508,23126.6797,23176.0703,23176.0703,1545800000
2014-07-10,23281.4492,23281.4492,23182.0605,23238.9902,23238.9902,1100500000
2014-07-11,23155.6895,23307.5391,23146.9902,23233.4492,23233.4492,1123100000
2014-07-14,23310.1602,23459.4805,23273.4102,23346.6699,23346.6699,1061000000
2014-07-15,23482.8398,23496.5703,23398.2500,23459.9609,23459.9609,1048100000
2014-07-16,23490.4297,23562.3203,23430.1406,23523.2793,23523.2793,959500000
2014-07-17,23583.3496,23583.3496,23421.9902,23520.8691,23520.8691,1094000000
2014-07-18,23316.4609,23460.1309,23240.6094,23454.7891,23454.7891,913300000
2014-07-21,23484.5293,23498.3496,23372.6309,23387.1406,23387.1406,1042300000
2014-07-22,23465.8105,23803.1699,23423.3398,23782.1094,23782.1094,1859500000
2014-07-23,23841.2207,23975.7402,23834.3906,23971.8691,23971.8691,1807800000
2014-07-24,24080.6094,24150.0000,24005.2500,24141.5000,24141.5000,1930500000
2014-07-25,24247.1992,24247.1992,24088.9902,24216.0098,24216.0098,1637300000
2014-07-28,24249.2695,24501.1309,24248.3594,24428.6309,24428.6309,1971900000
2014-07-29,24526.6309,24666.9609,24437.0996,24640.5293,24640.5293,1998400000
2014-07-30,24704.5801,24912.2207,24660.3496,24732.2109,24732.2109,2523800000
2014-07-31,24805.7500,24893.7402,24661.5703,24756.8496,24756.8496,1944100000
2014-08-01,24594.2305,24731.5195,24485.7305,24532.4297,24532.4297,1755900000
2014-08-04,24590.1094,24690.5996,24558.3691,24600.0801,24600.0801,1183300000
2014-08-05,24679.1094,24679.1094,24494.0898,24648.2598,24648.2598,1249500000
2014-08-06,24558.8203,24589.7109,24397.4102,24584.1309,24584.1309,1171900000
2014-08-07,24498.8301,24502.3008,24364.5801,24387.5605,24387.5605,1233400000
2014-08-08,24307.0996,24493.0098,24190.9297,24331.4102,24331.4102,1341700000
2014-08-11,24533.3398,24671.3301,24491.0195,24646.0195,24646.0195,1129900000
2014-08-12,24668.5703,24691.6602,24552.4199,24689.4102,24689.4102,1028200000
2014-08-13,24726.2402,24907.1094,24611.2207,24890.3398,24890.3398,1466900000
2014-08-14,24894.1797,24964.4199,24721.8691,24801.3594,24801.3594,1456900000
2014-08-15,24969.7207,25010.3105,24872.7109,24954.9395,24954.9395,1150200000
2014-08-18,24943.5996,24978.9395,24765.0293,24955.4609,24955.4609,1281500000
2014-08-19,25045.5508,25201.2109,24909.2598,25122.9492,25122.9492,1466500000
2014-08-20,25156.9492,25190.0293,25056.7109,25159.7598,25159.7598,1238100000
2014-08-21,25142.3398,25142.3398,24896.1992,24994.0996,24994.0996,1460100000
2014-08-22,25113.7305,25132.9297,25025.9395,25112.2305,25112.2305,1183300000
2014-08-25,25049.9609,25243.1602,24946.8496,25166.9102,25166.9102,1333400000
2014-08-26,25147.7500,25188.3105,25068.9805,25074.5000,25074.5000,1252900000
2014-08-27,25134.4902,25160.6797,24883.4609,24918.7500,24918.7500,1468400000
2014-08-28,25055.8105,25055.8105,24679.0996,24741.0000,24741.0000,1533400000
2014-08-29,24748.1895,24814.2695,24630.8008,24742.0605,24742.0605,1711500000
2014-09-01,24703.7402,24891.2695,24696.1797,24752.0898,24752.0898,1447800000
2014-09-02,24699.7598,24816.8906,24576.2305,24749.0195,24749.0195,1646400000
2014-09-03,24786.0391,25325.1602,24751.7207,25317.9492,25317.9492,2535300000
2014-09-04,25268.4395,25362.9805,25193.3691,25297.9199,25297.9199,1980900000
2014-09-05,25356.5605,25356.5605,25171.5898,25240.1504,25240.1504,2163800000
2014-09-08,25293.0898,25293.0898,25074.0195,25190.4492,25190.4492,1272200000
2014-09-10,24969.3906,24969.3906,24681.1895,24705.3594,24705.3594,1748400000
2014-09-11,24701.7305,24782.9492,24589.9004,24662.6406,24662.6406,1443800000
2014-09-12,24620.1895,24701.4297,24487.9395,24595.3203,24595.3203,1234000000
2014-09-15,24410.3809,24471.8008,24300.5703,24356.9902,24356.9902,1479600000
2014-09-16,24318.8203,24405.9805,24117.5996,24136.0098,24136.0098,1282300000
2014-09-17,24380.2793,24470.2598,24339.5293,24376.4102,24376.4102,1793800000
2014-09-18,24294.6406,24294.6406,24103.5293,24168.7207,24168.7207,1459400000
2014-09-19,24334.6504,24419.8496,24155.6191,24306.1602,24306.1602,1924800000
2014-09-22,24072.1797,24082.6191,23949.2891,23955.4902,23955.4902,1723800000
2014-09-23,23882.5898,24012.0605,23825.9609,23837.0703,23837.0703,1417200000
2014-09-24,23788.9805,24016.4102,23788.9805,23921.6094,23921.6094,1368900000
2014-09-25,24048.3809,24058.0195,23754.3301,23768.1309,23768.1309,1573200000
2014-09-26,23581.5605,23717.0801,23555.6191,23678.4102,23678.4102,1341500000
2014-09-29,23399.5098,23399.5098,23095.7793,23229.2109,23229.2109,2230500000
2014-09-30,23137.2598,23137.2598,22855.0391,22932.9805,22932.9805,2189800000
2014-10-03,22691.5898,23147.8496,22565.5996,23064.5605,23064.5605,2577600000
2014-10-06,23053.7891,23441.2695,22988.6406,23315.0391,23315.0391,1643100000
2014-10-07,23224.2207,23517.8496,23209.7695,23422.5195,23422.5195,1635900000
2014-10-08,23221.7598,23369.3906,23184.1504,23263.3301,23263.3301,1253100000
2014-10-09,23461.3496,23581.3496,23437.8691,23534.5293,23534.5293,1126500000
2014-10-10,23198.8008,23237.4004,23071.2695,23088.5391,23088.5391,1401300000
2014-10-13,22884.0000,23273.0391,22871.2695,23143.3809,23143.3809,1407200000
2014-10-14,23064.9199,23409.9609,23040.8008,23047.9707,23047.9707,1526000000
2014-10-15,23087.5000,23238.0391,22992.9297,23140.0508,23140.0508,1444900000
2014-10-16,22913.5000,23040.3105,22868.0195,22900.9395,22900.9395,1533500000
2014-10-17,22904.1094,23148.9609,22888.7598,23023.2109,23023.2109,1853600000
2014-10-20,23239.7793,23290.4199,23052.3105,23070.2598,23070.2598,1182100000
2014-10-21,23073.3594,23231.5195,22964.9199,23088.5801,23088.5801,1026500000
2014-10-22,23300.4492,23460.7695,23193.4805,23403.9707,23403.9707,1732900000
2014-10-23,23296.0000,23397.1699,23221.6895,23333.1797,23333.1797,1039000000
2014-10-24,23311.8809,23352.5898,23157.4805,23302.1992,23302.1992,1201300000
2014-10-27,23275.4004,23275.4004,23012.8008,23143.2305,23143.2305,1229600000
2014-10-28,23189.8301,23570.9199,23189.8301,23520.3594,23520.3594,1889100000
2014-10-29,23703.9492,23855.6699,23699.5605,23819.8691,23819.8691,2017500000
2014-10-30,23841.7402,23841.7402,23615.0996,23702.0391,23702.0391,1606500000
2014-10-31,23913.6895,24046.4004,23850.6992,23998.0605,23998.0605,2057400000
2014-11-03,24133.4492,24133.4492,23875.0898,23915.9707,23915.9707,1328900000
2014-11-04,23849.7207,24016.4199,23815.8496,23845.6602,23845.6602,1317600000
2014-11-05,23846.8398,23846.8398,23623.1406,23695.6191,23695.6191,1357400000
2014-11-06,23737.7598,23775.7305,23623.4102,23649.3105,23649.3105,1055400000
2014-11-07,23607.6504,23831.2500,23430.1992,23550.2402,23550.2402,1609900000
2014-11-10,24074.8496,24110.2402,23703.7207,23744.6992,23744.6992,1974500000
2014-11-11,23809.4102,23931.4492,23760.5293,23808.2793,23808.2793,3418200000
2014-11-12,23883.3105,23999.9707,23801.7305,23938.1797,23938.1797,1788500000
2014-11-13,23854.3301,24097.9199,23850.3906,24019.9395,24019.9395,2063600000
2014-11-14,24048.3594,24102.6992,23966.8008,24087.3809,24087.3809,1489800000
2014-11-17,24313.0605,24313.0605,23787.2793,23797.0801,23797.0801,1728100000
2014-11-18,23868.9004,23881.0098,23483.1895,23529.1699,23529.1699,1543700000
2014-11-19,23466.0703,23572.2109,23341.1602,23373.3105,23373.3105,1413800000
2014-11-20,23401.0000,23461.0195,23252.6309,23349.6406,23349.6406,1354800000
2014-11-21,23353.7207,23508.0195,23301.4805,23437.1191,23437.1191,1519000000
2014-11-24,23883.3203,23936.3398,23823.5605,23893.1406,23893.1406,2862200000
2014-11-25,23841.1602,23935.0703,23809.5098,23843.9102,23843.9102,2083500000
2014-11-26,23833.1895,24176.6406,23799.4199,24111.9805,24111.9805,2225200000
2014-11-27,24169.8496,24228.1094,23962.4395,24004.2793,24004.2793,1813700000
2014-11-28,23982.2891,24117.1602,23887.6309,23987.4492,23987.4492,3154800000
2014-12-01,23678.0000,23731.7598,23318.4805,23367.4492,23367.4492,3135500000
2014-12-02,23400.1094,23784.9492,23293.8105,23654.3008,23654.3008,2843100000
2014-12-03,23756.0508,23921.7598,23378.8105,23428.6191,23428.6191,3224800000
2014-12-04,23554.8105,23844.2402,23456.7109,23832.5605,23832.5605,3562000000
2014-12-05,23907.7793,24170.0508,23772.8398,24002.6406,24002.6406,5025800000
2014-12-08,24113.1406,24189.5898,24012.1504,24047.6699,24047.6699,3826500000
2014-12-09,23910.4102,23934.0195,23399.8691,23485.8301,23485.8301,3871800000
2014-12-10,23442.6895,23656.5098,23345.8906,23524.5195,23524.5195,2306300000
2014-12-11,23269.5098,23382.8301,23169.6699,23312.5391,23312.5391,2425800000
2014-12-12,23328.9902,23445.9609,23230.0293,23249.1992,23249.1992,1641000000
2014-12-15,22977.8398,23067.6699,22856.0195,23027.8496,23027.8496,1660200000
2014-12-16,22877.3008,22944.2793,22641.0605,22670.5000,22670.5000,2158900000
2014-12-17,22697.6797,22726.5605,22529.7500,22585.8398,22585.8398,2560900000
2014-12-18,22878.3398,22935.0508,22736.8906,22832.2109,22832.2109,2306300000
2014-12-19,23158.2695,23189.5996,23041.3691,23116.6309,23116.6309,2309100000
2014-12-22,23264.0508,23478.9004,23264.0508,23408.5703,23408.5703,2999600000
2014-12-23,23423.3301,23495.6191,23269.4297,23333.6895,23333.6895,1758900000
2014-12-24,23290.4199,23421.0996,23290.4199,23349.3398,23349.3398,740700000
2014-12-29,23694.5293,23867.4609,23694.5293,23773.1797,23773.1797,2133300000
2014-12-30,23853.1309,23853.1309,23442.5508,23501.0996,23501.0996,1768200000
2014-12-31,23480.8105,23632.3496,23464.2500,23605.0391,23605.0391,1049000000
2015-01-02,23699.1992,23998.9004,23655.5000,23721.3008,23721.3008,1801700000
2015-01-05,23699.1895,23998.8691,23655.5195,23721.3203,23721.3203,2585200000
2015-01-06,23515.1309,23611.0000,23312.5000,23485.4102,23485.4102,2618000000
2015-01-07,23396.6992,23715.7109,23332.0293,23681.2598,23681.2598,2181100000
2015-01-08,23920.3496,23941.6406,23719.0508,23835.5293,23835.5293,2011600000
2015-01-09,24049.6992,24169.0605,23859.4902,23919.9492,23919.9492,2334800000
2015-01-12,24118.5898,24118.5898,23905.0098,24026.4609,24026.4609,1414600000
2015-01-13,23908.2305,24254.1094,23908.2305,24215.9707,24215.9707,1393200000
2015-01-14,24276.3301,24326.6992,24056.2207,24112.5996,24112.5996,1463000000
2015-01-15,24169.3496,24369.0000,24070.3906,24350.9102,24350.9102,1754000000
2015-01-16,24196.8496,24253.0898,24086.2109,24103.5195,24103.5195,1716800000
2015-01-19,23971.2305,24049.5508,23590.0508,23738.4902,23738.4902,2945800000
2015-01-20,23798.4609,23997.3105,23747.9199,23951.1602,23951.1602,1632700000
2015-01-21,24036.4102,24373.2793,24016.6309,24352.5801,24352.5801,1843500000
2015-01-22,24480.0195,24589.6191,24438.9805,24522.6309,24522.6309,1679800000
2015-01-23,24807.3594,24896.2207,24726.7695,24850.4492,24850.4492,2375600000
2015-01-26,24907.1895,24916.4902,24761.5508,24909.9004,24909.9004,1321600000
2015-01-27,24995.0801,24995.0801,24672.7598,24807.2793,24807.2793,1705100000
2015-01-28,24799.9805,24983.8906,24716.6797,24861.8105,24861.8105,1361000000
2015-01-29,24645.1992,24739.2207,24524.1797,24595.8496,24595.8496,1864000000
2015-01-30,24771.3691,24771.3691,24450.0508,24507.0508,24507.0508,1438900000
2015-02-02,24347.2695,24506.8105,24324.3691,24484.7402,24484.7402,1576200000
2015-02-03,24542.4902,24602.5996,24327.5098,24554.7793,24554.7793,1552800000
2015-02-04,24750.7598,24824.5801,24642.5000,24679.7598,24679.7598,1836300000
2015-02-05,25048.2598,25048.2598,24642.8105,24765.4902,24765.4902,2343800000
2015-02-06,24843.1992,24843.1992,24645.7598,24679.3906,24679.3906,1440500000
2015-02-09,24529.5508,24657.8691,24449.4805,24521.0000,24521.0000,1285500000
2015-02-10,24475.0391,24583.7891,24422.8496,24528.0996,24528.0996,1028000000
2015-02-11,24512.6191,24551.7402,24266.6797,24315.0195,24315.0195,1261400000
2015-02-12,24377.5898,24514.4902,24226.2891,24422.1504,24422.1504,1472100000
2015-02-13,24535.6602,24702.5391,24521.1309,24682.5391,24682.5391,1342700000
2015-02-16,24717.4902,24771.5996,24687.1504,24726.5293,24726.5293,926600000
2015-02-17,24653.8809,24855.7500,24653.8809,24784.8809,24784.8809,822900000
2015-02-18,24836.0508,24871.7891,24806.0605,24832.0801,24832.0801,975900000
2015-02-23,24916.2402,24916.2402,24664.6797,24836.7598,24836.7598,1019300000
2015-02-24,24776.7207,24808.3008,24673.9297,24750.0703,24750.0703,1076300000
2015-02-25,24822.2793,24869.3691,24691.7793,24778.2793,24778.2793,1387700000
2015-02-26,24718.2793,24998.6406,24709.5605,24902.0605,24902.0605,1803500000
2015-02-27,24902.6094,25101.9609,24815.0293,24823.2891,24823.2891,1504200000
2015-03-02,24996.7598,24997.8301,24715.3809,24887.4395,24887.4395,1543100000
2015-03-03,24984.6191,24984.6191,24663.4297,24702.7793,24702.7793,1499900000
2015-03-04,24656.9395,24705.9609,24439.2891,24465.3809,24465.3809,1618200000
2015-03-05,24274.9004,24393.8496,24133.7109,24193.0391,24193.0391,1923400000
2015-03-06,24235.7598,24294.3594,24126.0898,24164.0000,24164.0000,1620600000
2015-03-09,23982.5000,24205.8594,23910.1602,24123.0508,24123.0508,1619500000
2015-03-10,24150.6797,24152.4004,23869.8203,23896.9805,23896.9805,1521300000
2015-03-11,23807.0996,23899.8594,23703.8398,23717.9707,23717.9707,1678300000
2015-03-12,23709.1699,23880.2500,23677.0605,23797.9609,23797.9609,1619100000
2015-03-13,23808.9707,23918.7109,23790.8301,23823.2109,23823.2109,1538400000
2015-03-16,23771.4004,23970.0508,23711.2695,23949.5508,23949.5508,1187700000
2015-03-17,24106.4707,24106.4707,23822.7793,23901.4902,23901.4902,1188600000
2015-03-18,23938.6309,24210.7500,23938.6309,24120.0801,24120.0801,1668400000
2015-03-19,24325.5605,24500.2305,24248.8398,24468.8906,24468.8906,1826000000
2015-03-20,24417.5293,24524.5508,24351.5000,24375.2402,24375.2402,2006100000
2015-03-23,24538.3398,24559.7695,24436.4199,24494.5098,24494.5098,1461200000
2015-03-24,24484.6797,24490.1504,24294.9492,24399.5996,24399.5996,1559000000
2015-03-25,24410.5293,24613.6895,24377.9199,24528.2305,24528.2305,1421300000
2015-03-26,24442.5098,24592.0098,24399.8398,24497.0801,24497.0801,1346200000
2015-03-27,24541.4395,24549.8809,24420.4707,24486.1992,24486.1992,1610400000
2015-03-30,24727.4609,24949.3496,24725.5195,24855.1191,24855.1191,2574100000
2015-03-31,25113.1992,25113.1992,24876.3691,24900.8906,24900.8906,2557000000
2015-04-01,24955.1992,25099.0605,24926.1094,25082.7500,25082.7500,1713500000
2015-04-02,25214.3301,25297.8008,25152.5703,25275.6406,25275.6406,2106800000
2015-04-08,25708.2402,26247.6309,25640.0391,26236.8594,26236.8594,4101500000
2015-04-09,26913.2793,27922.6699,26732.2305,26944.3906,26944.3906,5024500000
2015-04-10,27373.6797,27373.6797,26812.7500,27272.3906,27272.3906,3341200000
2015-04-13,27374.3301,28031.9609,27304.1191,28016.3398,28016.3398,4727100000
2015-04-14,27688.2598,27915.0098,27483.4492,27561.4902,27561.4902,3774100000
2015-04-15,27693.2500,27807.9805,27442.5195,27618.8203,27618.8203,3926500000
2015-04-16,27557.2891,27787.9805,27470.0996,27739.7109,27739.7109,3269700000
2015-04-17,27808.2402,27969.4102,27597.6797,27653.1191,27653.1191,3105800000
2015-04-20,27770.7891,27770.7891,26959.7695,27094.9297,27094.9297,3375900000
2015-04-21,27404.1504,27925.3594,27404.1504,27850.4902,27850.4902,2737800000
2015-04-22,27821.3203,28048.4609,27727.8594,27933.8496,27933.8496,2367900000
2015-04-23,28112.3809,28213.6309,27804.0293,27827.6992,27827.6992,2442200000
2015-04-24,27978.3906,28089.3691,27591.5703,28060.9805,28060.9805,2414000000
2015-04-27,28245.1406,28588.5195,28245.1406,28433.5898,28433.5898,2790100000
2015-04-28,28448.2207,28548.4492,28251.9902,28442.7500,28442.7500,3045500000
2015-04-29,28453.0996,28453.0996,28201.7598,28400.3398,28400.3398,2094900000
2015-04-30,28289.1406,28317.8691,27997.9004,28133.0000,28133.0000,2561300000
2015-05-04,28231.2598,28343.7402,28017.1992,28123.8203,28123.8203,1999700000
2015-05-05,28295.7207,28316.6309,27598.1699,27755.5391,27755.5391,2292700000
2015-05-06,27698.0996,28054.6797,27570.4102,27640.9102,27640.9102,2265500000
2015-05-07,27567.6191,27604.4902,27207.2793,27289.9707,27289.9707,1894800000
2015-05-08,27557.5195,27652.6191,27367.1094,27577.3398,27577.3398,1817600000
2015-05-11,27837.0391,27837.2793,27582.2305,27718.1992,27718.1992,1541000000
2015-05-12,27664.1797,27693.6309,27395.9102,27407.1797,27407.1797,1530000000
2015-05-13,27473.5000,27524.8203,27191.0293,27249.2793,27249.2793,2088800000
2015-05-14,27395.9199,27397.6699,27192.9297,27286.5508,27286.5508,1522200000
2015-05-15,27459.5801,27928.5996,27315.0996,27822.2793,27822.2793,1754100000
2015-05-18,27792.4395,27792.4395,27435.5703,27591.2500,27591.2500,1378800000
2015-05-19,27597.0703,27765.5508,27500.7598,27693.5391,27693.5391,1559500000
2015-05-20,27751.4395,27751.4395,27490.3301,27585.0508,27585.0508,1470400000
2015-05-21,27507.3203,27611.7207,27393.3105,27523.7207,27523.7207,1221500000
2015-05-22,27723.6699,28041.3203,27696.9707,27992.8301,27992.8301,1899400000
2015-05-26,28462.3203,28524.5996,28237.4902,28249.8594,28249.8594,2672100000
2015-05-27,28214.6602,28214.6602,27982.1406,28081.2109,28081.2109,1863600000
2015-05-28,28162.2500,28162.2500,27242.1094,27454.3105,27454.3105,3066700000
2015-05-29,27398.2793,27604.2695,27255.8906,27424.1895,27424.1895,3050200000
2015-06-01,27373.0605,27766.3203,27241.9492,27597.1602,27597.1602,1972900000
2015-06-02,27473.4492,27602.8809,27348.1309,27466.7207,27466.7207,1502000000
2015-06-03,27716.3398,27767.2305,27508.8398,27657.4707,27657.4707,1735700000
2015-06-04,27645.3594,27854.7402,27094.5000,27551.8906,27551.8906,3066100000
2015-06-05,27538.0605,27646.7207,27211.3594,27260.1602,27260.1602,2228900000
2015-06-08,27147.2402,27428.5898,27060.2402,27316.2793,27316.2793,2391700000
2015-06-09,27295.8809,27322.1406,26971.5703,26989.5195,26989.5195,2384100000
2015-06-10,27052.7891,27116.9199,26573.9609,26687.6406,26687.6406,1977400000
2015-06-11,26938.1504,26991.5098,26839.4297,26907.8496,26907.8496,1670600000
2015-06-12,27082.5996,27356.5098,26987.5195,27280.5391,27280.5391,1734200000
2015-06-15,27095.1797,27131.3594,26841.5195,26861.8105,26861.8105,1324700000
2015-06-16,26807.6699,26892.8809,26553.0391,26566.6992,26566.6992,1761900000
2015-06-17,26671.1992,26880.7891,26555.9609,26753.7891,26753.7891,1819400000
2015-06-18,26786.5293,26873.6699,26595.9609,26694.6602,26694.6602,1470000000
2015-06-19,26885.7305,27011.9492,26701.7207,26760.5293,26760.5293,2497600000
2015-06-22,26854.3203,27166.5195,26811.6602,27080.8496,27080.8496,1429200000
2015-06-23,27126.4707,27406.4102,27008.5098,27333.4609,27333.4609,2138100000
2015-06-24,27397.3691,27470.5000,27292.8496,27404.9707,27404.9707,1659100000
2015-06-25,27329.1699,27350.4902,27120.7207,27145.7500,27145.7500,1908100000
2015-06-26,27016.0898,27016.0898,26522.4492,26663.8691,26663.8691,2473400000
2015-06-29,26560.1309,26631.5098,25617.7793,25966.9805,25966.9805,3023200000
2015-06-30,25944.0293,26470.4395,25885.6602,26250.0293,26250.0293,2480800000
2015-07-02,26459.4297,26459.4297,26135.6191,26282.3203,26282.3203,2185400000
2015-07-03,26349.8398,26402.8496,25933.1191,26064.1094,26064.1094,1888900000
2015-07-06,26083.9902,26261.5293,24750.3105,25236.2793,25236.2793,3514100000
2015-07-07,25391.7598,25439.3398,24819.2598,24975.3105,24975.3105,3020400000
2015-07-08,24411.3008,24411.3008,22836.8203,23516.5605,23516.5605,5441400000
2015-07-09,23435.5000,24695.7500,23332.9004,24392.7891,24392.7891,4266900000
2015-07-10,24567.9199,25015.1699,24567.9199,24901.2793,24901.2793,3230900000
2015-07-13,24709.5801,25275.7598,24596.4395,25224.0098,25224.0098,2124800000
2015-07-14,25184.0605,25250.9492,24906.4707,25120.9102,25120.9102,2129800000
2015-07-15,25219.4492,25219.4492,24862.6504,25055.7598,25055.7598,1603500000
2015-07-16,24976.0801,25170.3496,24841.1406,25162.7793,25162.7793,1386200000
2015-07-17,25246.6406,25517.4492,25183.8594,25415.2695,25415.2695,1279500000
2015-07-20,25540.3105,25540.3105,25298.9609,25404.8105,25404.8105,1088200000
2015-07-21,25428.8809,25634.3203,25342.6895,25536.4297,25536.4297,1125400000
2015-07-22,25401.7891,25401.7891,25177.5996,25282.6191,25282.6191,1298900000
2015-07-23,25308.5508,25500.9902,25250.3594,25398.8496,25398.8496,1130600000
2015-07-24,25279.9492,25279.9492,25073.1992,25128.5098,25128.5098,1134600000
2015-07-27,24906.7793,24908.5801,24282.2109,24351.9609,24351.9609,2317700000
2015-07-28,24269.9004,24947.3496,24140.6191,24503.9395,24503.9395,2134200000
2015-07-29,24630.4395,24718.6406,24444.4707,24619.4492,24619.4492,1350600000
2015-07-30,24822.4199,24872.6992,24478.0703,24497.9805,24497.9805,1488200000
2015-07-31,24650.9297,24661.1895,24467.8301,24636.2793,24636.2793,1363700000
2015-08-03,24533.1406,24533.1406,24232.5996,24411.4199,24411.4199,1467000000
2015-08-04,24364.4102,24519.3496,24217.7793,24406.1191,24406.1191,1225500000
2015-08-05,24466.3008,24582.1895,24420.9492,24514.1602,24514.1602,1105400000
2015-08-06,24527.7402,24527.7402,24320.7500,24375.2793,24375.2793,977500000
2015-08-07,24327.5605,24641.9297,24327.5605,24552.4707,24552.4707,1106900000
2015-08-10,24433.6602,24602.6699,24135.6406,24521.1191,24521.1191,1211600000
2015-08-11,24694.7793,24924.0703,24420.7109,24498.2109,24498.2109,1608400000
2015-08-12,24269.1094,24324.1895,23826.9609,23916.0195,23916.0195,1851600000
2015-08-13,23935.4805,24133.8691,23860.8203,24018.8008,24018.8008,1716700000
2015-08-14,24055.0195,24126.3008,23957.3594,23991.0293,23991.0293,1198100000
2015-08-17,23945.5996,23950.5703,23699.8398,23814.6504,23814.6504,1197800000
2015-08-18,23956.8594,24024.3691,23464.3496,23474.9707,23474.9707,1454300000
2015-08-19,23555.0195,23586.7891,23138.7305,23167.8496,23167.8496,1914800000
2015-08-20,22973.8691,23033.9707,22610.5293,22757.4707,22757.4707,2339000000
2015-08-21,22343.2500,22492.7891,22185.8496,22409.6191,22409.6191,2490600000
2015-08-24,21605.9707,21679.4492,21136.4805,21251.5703,21251.5703,3579900000
2015-08-25,21119.5293,21871.4004,20865.2598,21404.9609,21404.9609,3588800000
2015-08-26,21434.2500,21686.4492,21060.0898,21080.3906,21080.3906,2956100000
2015-08-27,21758.6191,21963.4297,21407.5898,21838.5391,21838.5391,3193000000
2015-08-28,22424.4004,22424.4004,21585.3301,21612.3906,21612.3906,3009400000
2015-08-31,21793.0195,21793.0195,21399.6191,21670.5801,21670.5801,2686600000
2015-09-01,21692.7793,21692.7793,21170.8594,21185.4297,21185.4297,2156000000
2015-09-02,21101.4199,21288.5293,20771.7695,20934.9395,20934.9395,2512600000
2015-09-04,21158.9297,21174.8594,20715.0195,20840.6094,20840.6094,2120900000
2015-09-07,20683.3105,21056.3906,20579.9297,20583.5195,20583.5195,1656200000
2015-09-08,20636.8301,21431.9902,20524.8809,21259.0391,21259.0391,2266200000
2015-09-09,21632.6895,22228.5898,21529.8105,22131.3105,22131.3105,2945600000
2015-09-10,21667.8594,21771.5703,21492.0898,21562.5000,21562.5000,2092600000
2015-09-11,21710.1309,21909.8203,21472.1602,21504.3691,21504.3691,2371600000
2015-09-14,21678.8809,21762.1504,21441.7109,21561.9004,21561.9004,1472100000
2015-09-15,21527.5293,21634.4805,21411.1699,21455.2305,21455.2305,1352200000
2015-09-16,21731.3398,22103.0605,21608.5000,21966.6602,21966.6602,2077600000
2015-09-17,22172.6797,22203.3594,21718.7109,21854.6309,21854.6309,2118600000
2015-09-18,21807.2500,22052.1094,21807.2500,21920.8301,21920.8301,2054800000
2015-09-21,21614.4297,21778.0605,21590.6992,21756.9297,21756.9297,1372800000
2015-09-22,21794.3398,22111.6699,21768.9805,21796.5801,21796.5801,1438200000
2015-09-23,21529.4707,21577.4492,21008.6094,21302.9102,21302.9102,2304500000
2015-09-24,21304.9004,21363.2109,21053.5000,21095.9805,21095.9805,1596700000
2015-09-25,21070.3906,21318.3301,20957.9902,21186.3203,21186.3203,1729000000
2015-09-29,20579.2207,20579.2207,20368.1191,20556.5996,20556.5996,2537000000
2015-09-30,20795.9297,20939.3906,20683.1094,20846.3008,20846.3008,2134500000
2015-10-02,21172.9395,21530.8008,21130.1094,21506.0898,21506.0898,2161200000
2015-10-05,21930.9707,21980.8398,21739.9004,21854.5000,21854.5000,1468800000
2015-10-06,22169.0996,22169.0996,21719.2891,21831.6191,21831.6191,1622600000
2015-10-07,21884.7305,22527.7891,21817.4199,22515.7598,22515.7598,2932800000
2015-10-08,22588.6895,22588.6895,22201.1094,22354.9102,22354.9102,1931200000
2015-10-09,22615.9395,22807.8594,22440.8809,22458.8008,22458.8008,2403300000
2015-10-12,22614.3301,22779.5000,22562.2598,22730.9297,22730.9297,1871900000
2015-10-13,22677.5996,22798.9004,22515.7305,22600.4609,22600.4609,1710900000
2015-10-14,22398.8203,22576.5000,22356.5605,22439.9102,22439.9102,1352700000
2015-10-15,22667.4199,22940.2500,22567.6504,22888.1699,22888.1699,1920800000
2015-10-16,23133.5898,23178.1406,22953.5605,23067.3691,23067.3691,1922600000
2015-10-19,23085.6094,23100.6602,22913.5996,23075.6094,23075.6094,1259200000
2015-10-20,22991.5996,23057.9297,22843.0391,22989.2207,22989.2207,1217400000
2015-10-22,22795.5801,22869.5898,22727.5898,22845.3691,22845.3691,1374100000
2015-10-23,23220.3809,23220.3809,23088.0293,23151.9395,23151.9395,1495300000
2015-10-26,23423.6406,23423.6406,23066.9395,23116.2500,23116.2500,1465200000
2015-10-27,23053.1191,23143.8809,22885.2207,23142.7305,23142.7305,1532500000
2015-10-28,23070.6992,23120.2500,22923.6602,22956.5703,22956.5703,1377100000
2015-10-29,23054.5293,23054.5293,22811.3203,22819.9395,22819.9395,1759000000
2015-10-30,22785.8594,22847.1602,22612.5605,22640.0391,22640.0391,1537100000
2015-11-02,22502.2793,22605.8008,22332.7109,22370.0391,22370.0391,1688700000
2015-11-03,22603.1504,22697.0000,22560.1699,22568.4297,22568.4297,1469600000
2015-11-04,22737.4395,23342.0703,22737.4395,23053.5703,23053.5703,2604100000
2015-11-05,23045.0996,23180.2695,22960.6191,23051.0391,23051.0391,1502700000
2015-11-06,22914.1992,22922.7891,22791.9102,22867.3301,22867.3301,1395000000
2015-11-09,22753.5098,22970.8301,22689.2598,22726.7695,22726.7695,1544900000
2015-11-10,22505.6992,22534.9199,22339.6895,22401.6992,22401.6992,1796800000
2015-11-11,22394.1504,22479.4609,22324.4102,22352.1699,22352.1699,1419300000
2015-11-12,22477.5996,22980.9707,22454.9609,22888.9199,22888.9199,1844300000
2015-11-13,22494.0898,22519.3301,22318.6191,22396.1406,22396.1406,2002500000
2015-11-16,21958.2793,22127.3809,21958.2793,22010.8203,22010.8203,1816400000
2015-11-17,22315.1797,22497.3301,22243.9609,22264.2500,22264.2500,1627700000
2015-11-18,22331.7695,22349.7305,22163.2793,22188.2598,22188.2598,1211500000
2015-11-19,22423.8809,22559.0605,22416.0000,22500.2207,22500.2207,1381500000
2015-11-20,22510.4492,22790.0703,22412.0293,22754.7207,22754.7207,1230900000
2015-11-23,22760.0508,22802.7109,22619.6797,22665.9004,22665.9004,1076000000
2015-11-24,22593.0898,22629.7500,22433.5098,22587.6309,22587.6309,1194800000
2015-11-25,22533.5293,22617.2109,22436.0098,22498.0000,22498.0000,1513200000
2015-11-26,22749.5996,22787.5000,22453.6895,22488.9395,22488.9395,1128400000
2015-11-27,22555.4199,22555.4199,22051.0098,22068.3203,22068.3203,2108000000
2015-11-30,21974.8105,22195.2500,21907.3496,21996.4199,21996.4199,2928400000
2015-12-01,22197.8105,22477.5098,22143.5703,22381.3496,22381.3496,1984300000
2015-12-02,22471.3496,22563.4707,22368.6602,22479.6895,22479.6895,1671100000
2015-12-03,22327.0391,22485.2500,22327.0391,22417.0098,22417.0098,1271100000
2015-12-04,22142.1094,22242.4902,22108.4609,22235.8906,22235.8906,1607900000
2015-12-07,22336.3203,22352.2500,22200.5508,22203.2207,22203.2207,1290300000
2015-12-08,22058.5508,22058.5508,21765.6191,21905.1309,21905.1309,1812300000
2015-12-09,21773.7695,21872.3301,21755.6895,21803.7598,21803.7598,1365900000
2015-12-10,21714.2305,21880.1895,21668.1191,21704.6094,21704.6094,1589400000
2015-12-11,21719.1699,21731.3906,21440.6992,21464.0508,21464.0508,1399100000
2015-12-14,21063.2793,21378.1895,21010.2598,21309.8496,21309.8496,1716000000
2015-12-15,21215.5391,21442.2109,21215.5391,21274.3691,21274.3691,1575300000
2015-12-16,21557.7305,21772.7891,21557.7305,21701.2109,21701.2109,1645600000
2015-12-17,21841.0898,22005.1895,21763.7598,21872.0605,21872.0605,1605000000
2015-12-18,21656.5605,21956.4902,21625.8203,21755.5605,21755.5605,1774200000
2015-12-21,21641.1699,21871.2207,21641.1699,21791.6797,21791.6797,1302800000
2015-12-22,21846.9004,21870.3105,21750.7402,21830.0195,21830.0195,916700000
2015-12-23,21869.4004,22103.6309,21846.4805,22040.5898,22040.5898,1053100000
2015-12-24,22207.8203,22217.4492,22128.7207,22138.1309,22138.1309,712800000
2015-12-28,22151.7305,22151.7305,21880.5098,21919.6191,21919.6191,874100000
2015-12-29,21923.2695,22024.2793,21881.7109,21999.6191,21999.6191,766800000
2015-12-30,22094.5898,22114.5605,21868.0293,21882.1504,21882.1504,1058900000
2015-12-31,21892.2500,21970.3301,21864.1191,21914.4004,21914.4004,510200000
2016-01-04,21782.6191,21794.8398,21227.6094,21327.1191,21327.1191,1712100000
2016-01-05,21318.6895,21452.7402,21095.9004,21188.7207,21188.7207,1484700000
2016-01-06,21142.6309,21199.6191,20947.3008,20980.8105,20980.8105,1651100000
2016-01-07,20772.5996,20826.4395,20323.9707,20333.3398,20333.3398,2982000000
2016-01-08,20491.8809,20596.4199,20324.6191,20453.7109,20453.7109,2078100000
2016-01-11,19997.4199,20068.7793,19865.1797,19888.5000,19888.5000,2127800000
2016-01-12,20030.0293,20130.8008,19694.9902,19711.7598,19711.7598,1834400000
2016-01-13,20028.8594,20234.7793,19850.7305,19934.8809,19934.8809,1787100000
2016-01-14,19578.9199,19893.8809,19509.0801,19817.4102,19817.4102,1783200000
2016-01-15,19781.4609,19828.9297,19500.3809,19520.7695,19520.7695,1932600000
2016-01-18,19287.3809,19439.4902,19195.5605,19237.4492,19237.4492,2038600000
2016-01-19,19283.5703,19647.7500,19204.2207,19635.8105,19635.8105,1825400000
2016-01-20,19332.2207,19332.2207,18833.8809,18886.3008,18886.3008,2459500000
2016-01-21,19079.1309,19238.2695,18534.3008,18542.1504,18542.1504,2608400000
2016-01-22,19000.7891,19152.8008,18769.6094,19080.5098,19080.5098,2388400000
2016-01-25,19341.4102,19490.2695,19291.9102,19340.1406,19340.1406,1776800000
2016-01-26,19068.8398,19098.0703,18811.8301,18860.8008,18860.8008,1873200000
2016-01-27,19211.8594,19216.9902,18931.3398,19052.4492,19052.4492,1929900000
2016-01-28,19093.7695,19223.5898,18982.2207,19195.8301,19195.8301,1941800000
2016-01-29,19138.4199,19709.9902,19130.5898,19683.1094,19683.1094,2350200000
2016-02-01,19770.9609,19770.9609,19444.2598,19595.5000,19595.5000,1596500000
2016-02-02,19474.8691,19628.5703,19403.4902,19446.8398,19446.8398,1783500000
2016-02-03,18910.8809,19032.7109,18764.8203,18991.5898,18991.5898,2126500000
2016-02-04,19190.3594,19338.3691,19166.1797,19183.0898,19183.0898,1557000000
2016-02-05,19287.3594,19397.8809,19230.0000,19288.1699,19288.1699,1264800000
2016-02-11,18486.9297,18627.5098,18446.5605,18545.8008,18545.8008,1868400000
2016-02-12,18278.8008,18482.3301,18278.8008,18319.5801,18319.5801,2019800000
2016-02-15,18668.8691,18937.0605,18668.8691,18918.1406,18918.1406,1729300000
2016-02-16,19013.7402,19260.6699,18974.5996,19122.0801,19122.0801,1869200000
2016-02-17,19198.1797,19308.5391,18909.0605,18924.5703,18924.5703,1689500000
2016-02-18,19409.2109,19436.3906,19266.2207,19363.0801,19363.0801,1843900000
2016-02-19,19238.4297,19342.0293,19210.6504,19285.5000,19285.5000,1268700000
2016-02-22,19374.2402,19524.9707,19374.2402,19464.0898,19464.0898,1207500000
2016-02-23,19506.9395,19519.8496,19328.2598,19414.7793,19414.7793,1225000000
2016-02-24,19282.3398,19360.8008,19060.1602,19192.4492,19192.4492,1302700000
2016-02-25,19215.4902,19215.4902,18867.6992,18888.7500,18888.7500,1395900000
2016-02-26,19179.9492,19436.7109,19122.5605,19364.1504,19364.1504,1633500000
2016-02-29,19366.1699,19377.7207,19053.7793,19111.9297,19111.9297,1270400000
2016-03-01,19259.9902,19420.0000,19108.3008,19407.4609,19407.4609,1473900000
2016-03-02,19788.1699,20058.1191,19783.9199,20003.4902,20003.4902,2455800000
2016-03-03,20082.0098,20082.0098,19791.5996,19941.7598,19941.7598,1761700000
2016-03-04,20052.0996,20200.3809,19977.4297,20176.6992,20176.6992,1907800000
2016-03-07,20306.0898,20331.6895,20095.6309,20159.7207,20159.7207,1930200000
2016-03-08,20132.0996,20137.7305,19902.7500,20011.5801,20011.5801,1449300000
2016-03-09,19898.7402,20005.4102,19818.4199,19996.2598,19996.2598,1202800000
2016-03-10,20055.4199,20184.2305,19923.5391,19984.4199,19984.4199,1384600000
2016-03-11,19900.6699,20238.7207,19853.6309,20199.5996,20199.5996,1970700000
2016-03-14,20371.5898,20512.0293,20328.8809,20435.3398,20435.3398,1722900000
2016-03-15,20298.1504,20366.5605,20254.5898,20288.7695,20288.7695,1193100000
2016-03-16,20339.9004,20383.1992,20168.7402,20257.6992,20257.6992,1213700000
2016-03-17,20580.0605,20619.3398,20435.6504,20503.8105,20503.8105,1696000000
2016-03-18,20599.1895,20687.9707,20514.9707,20671.6309,20671.6309,2091600000
2016-03-21,20738.2500,20772.4609,20618.5605,20684.1504,20684.1504,1520100000
2016-03-22,20765.0703,20765.0703,20576.8008,20666.7500,20666.7500,1303400000
2016-03-23,20629.4004,20693.4805,20513.6094,20615.2305,20615.2305,1185400000
2016-03-24,20450.6895,20499.4004,20268.5293,20345.6094,20345.6094,1460900000
2016-03-29,20386.3203,20386.3203,20250.1504,20366.3008,20366.3008,1303900000
2016-03-30,20545.4395,20820.7305,20541.0703,20803.3906,20803.3906,2058700000
2016-03-31,20811.4609,20872.5508,20689.2207,20776.6992,20776.6992,1781000000
2016-04-01,20786.1797,20786.1797,20455.4102,20498.9199,20498.9199,1633600000
2016-04-05,20311.8594,20311.8594,20116.8691,20177.0000,20177.0000,1876700000
2016-04-06,20100.0000,20249.8398,20100.0000,20206.6699,20206.6699,1338300000
2016-04-07,20297.8203,20370.5195,20165.7598,20266.0508,20266.0508,1493900000
2016-04-08,20061.5996,20370.4395,20045.4707,20370.4004,20370.4004,1435600000
2016-04-11,20255.8398,20550.9492,20240.6895,20440.8105,20440.8105,1234200000
2016-04-12,20440.7207,20546.4297,20407.8203,20504.4395,20504.4395,997100000
2016-04-13,20739.3398,21171.2891,20716.9102,21158.7109,21158.7109,2500300000
2016-04-14,21456.6094,21511.0801,21266.2109,21337.8105,21337.8105,2054300000
2016-04-15,21374.6504,21423.0605,21234.1191,21316.4707,21316.4707,1413600000
2016-04-18,21129.6797,21172.0000,21002.7695,21161.5000,21161.5000,1426800000
2016-04-19,21438.1309,21459.0391,21259.1699,21436.2109,21436.2109,1462100000
2016-04-20,21452.8203,21452.8203,21103.3398,21236.3105,21236.3105,1716700000
2016-04-21,21406.4004,21634.7402,21331.5898,21622.2500,21622.2500,1709100000
2016-04-22,21448.1504,21495.7891,21358.5293,21467.0391,21467.0391,1282700000
2016-04-25,21408.5605,21430.5703,21254.4609,21304.4395,21304.4395,1200000000
2016-04-26,21380.0195,21419.9199,21080.8809,21407.2695,21407.2695,1346800000
2016-04-27,21372.3301,21442.5098,21277.0391,21361.5996,21361.5996,1247200000
2016-04-28,21488.9609,21654.0703,21255.4199,21388.0293,21388.0293,1684200000
2016-04-29,21215.1992,21235.3906,21023.7695,21067.0508,21067.0508,1603100000
2016-05-03,21061.7695,21061.7695,20668.3691,20676.9395,20676.9395,1707700000
2016-05-04,20556.5000,20580.3809,20411.4102,20525.8301,20525.8301,1555900000
2016-05-05,20363.8594,20534.7598,20342.7500,20449.8203,20449.8203,1355000000
2016-05-06,20357.4492,20377.9395,20058.7695,20109.8691,20109.8691,1725800000
2016-05-09,20279.9004,20303.1895,20125.7793,20156.8105,20156.8105,1323300000
2016-05-10,19962.4297,20294.4609,19962.4297,20242.6797,20242.6797,1446900000
2016-05-11,20347.7598,20347.7598,20008.9199,20055.2891,20055.2891,1337900000
2016-05-12,20100.5000,20100.5000,19863.6191,19915.4609,19915.4609,1150400000
2016-05-13,19843.4902,19881.9102,19594.6094,19719.2891,19719.2891,1758500000
2016-05-16,19711.7695,19998.7598,19705.9102,19883.9492,19883.9492,1486100000
2016-05-17,19987.2402,20145.7695,19847.6992,20118.8008,20118.8008,1568700000
2016-05-18,19862.4199,19923.8301,19749.2891,19826.4102,19826.4102,1351600000
2016-05-19,19729.6309,19793.4609,19646.3496,19694.3301,19694.3301,1148100000
2016-05-20,19631.7109,19954.3301,19631.7109,19852.1992,19852.1992,1247700000
2016-05-23,19788.1309,19955.0293,19750.6191,19809.0293,19809.0293,1086600000
2016-05-24,19828.0195,19870.1602,19712.6699,19830.4297,19830.4297,1174100000
2016-05-25,20156.7598,20379.6602,20156.7598,20368.0508,20368.0508,2040800000
2016-05-26,20373.4805,20404.7305,20249.9609,20397.1094,20397.1094,1347000000
2016-05-27,20425.0000,20620.1504,20290.8398,20576.7695,20576.7695,1611400000
2016-05-30,20523.6699,20765.6094,20465.8398,20629.3906,20629.3906,1793000000
2016-05-31,20617.3301,20974.7109,20617.3301,20815.0898,20815.0898,3129600000
2016-06-01,20726.5293,20898.4492,20713.2891,20760.9805,20760.9805,1422300000
2016-06-02,20769.8105,20878.2109,20680.6504,20859.2207,20859.2207,1988200000
2016-06-03,20956.0801,21049.1992,20887.7891,20947.2402,20947.2402,1869300000
2016-06-06,20971.1309,21039.8691,20840.9492,21030.2207,21030.2207,1431200000
2016-06-07,21218.9609,21351.3301,21153.6797,21328.2402,21328.2402,1820200000
2016-06-08,21294.2695,21352.3691,21179.9492,21297.8809,21297.8809,1506500000
2016-06-10,21240.0801,21270.6191,21017.9805,21042.6406,21042.6406,1640600000
2016-06-13,20647.5098,20664.5898,20430.8105,20512.9902,20512.9902,2083400000
2016-06-14,20476.7500,20537.9199,20358.9395,20387.5293,20387.5293,1498700000
2016-06-15,20161.0098,20553.5801,20161.0098,20467.5195,20467.5195,1729100000
2016-06-16,20284.9102,20297.4004,19964.3691,20038.4199,20038.4199,1901900000
2016-06-17,20244.2305,20282.0391,20090.8008,20169.9805,20169.9805,2193600000
2016-06-20,20425.0605,20551.0195,20288.4902,20510.1992,20510.1992,1565800000
2016-06-21,20522.3594,20681.7891,20516.7305,20668.4395,20668.4395,1609000000
2016-06-22,20553.9395,20841.5098,20515.2500,20795.1191,20795.1191,1835900000
2016-06-23,20862.5898,20889.0508,20753.9395,20868.3398,20868.3398,1663900000
2016-06-24,20483.5098,21034.1797,19662.6992,20259.1309,20259.1309,3953300000
2016-06-27,19982.6602,20329.1602,19969.4707,20227.3008,20227.3008,1789700000
2016-06-28,19898.7500,20196.1992,19898.7500,20172.4609,20172.4609,1920000000
2016-06-29,20217.0703,20456.5801,20217.0703,20436.1191,20436.1191,1566200000
2016-06-30,20736.8496,20828.0293,20614.6504,20794.3691,20794.3691,2032800000
2016-07-04,20967.4707,21166.0195,20840.6406,21059.1992,21059.1992,1838300000
2016-07-05,20919.5195,20945.9805,20737.1602,20750.7207,20750.7207,1225400000
2016-07-06,20475.4004,20560.0605,20304.3906,20495.2891,20495.2891,1633200000
2016-07-07,20606.6797,20731.1191,20576.7402,20706.9199,20706.9199,1125400000
2016-07-08,20622.8301,20645.5898,20468.5293,20564.1699,20564.1699,1194800000
2016-07-11,20951.1699,20972.8496,20840.0000,20880.5000,20880.5000,1998700000
2016-07-12,21046.9395,21252.6406,20957.2598,21224.7402,21224.7402,1970600000
2016-07-13,21356.6406,21441.2305,21279.7695,21322.3691,21322.3691,1825200000
2016-07-14,21297.5391,21581.4199,21242.9297,21561.0605,21561.0605,1940000000
2016-07-15,21589.0801,21739.2109,21515.3496,21659.2500,21659.2500,1784800000
2016-07-18,21656.8809,21822.0000,21616.1602,21803.1797,21803.1797,1368800000
2016-07-19,21734.3398,21767.8809,21612.5996,21673.1992,21673.1992,1257300000
2016-07-20,21646.3906,21895.2305,21632.5098,21882.4805,21882.4805,1417300000
2016-07-21,21971.9707,22118.2207,21913.1602,22000.4902,22000.4902,1569800000
2016-07-22,21913.0391,21972.8691,21832.4297,21964.2695,21964.2695,1121000000
2016-07-25,22071.7695,22071.7695,21878.8809,21993.4395,21993.4395,1190000000
2016-07-26,21890.8906,22300.5098,21890.8906,22129.7305,22129.7305,1938300000
2016-07-27,22193.3105,22277.2402,21997.8809,22218.9902,22218.9902,1958400000
2016-07-28,22134.1191,22214.7207,22053.5098,22174.3398,22174.3398,1611100000
2016-07-29,22055.9492,22152.7500,21830.4609,21891.3691,21891.3691,1745500000
2016-08-01,22027.6504,22260.9492,22027.6504,22129.1406,22129.1406,1816000000
2016-08-03,21743.3203,21822.2207,21725.3809,21739.1191,21739.1191,1685400000
2016-08-04,21873.3594,21922.4199,21788.3105,21832.2305,21832.2305,1019500000
2016-08-05,21961.0508,22193.2891,21961.0508,22146.0898,22146.0898,1164000000
2016-08-08,22324.1797,22503.2793,22260.0703,22494.7598,22494.7598,1409000000
2016-08-09,22464.0996,22496.7500,22402.9102,22465.6094,22465.6094,1306300000
2016-08-10,22511.0996,22618.0391,22399.2891,22492.4297,22492.4297,1564500000
2016-08-11,22412.3105,22689.9395,22359.9199,22580.5508,22580.5508,2356800000
2016-08-12,22788.8809,22816.7500,22704.0508,22766.9102,22766.9102,2316000000
2016-08-15,22765.2305,22975.7402,22765.2305,22932.5098,22932.5098,2496300000
2016-08-16,23008.0898,23084.5195,22841.6602,22910.8398,22910.8398,2005600000
2016-08-17,22995.5098,23029.4805,22775.8691,22799.7793,22799.7793,2081300000
2016-08-18,23046.6895,23193.9004,22976.1094,23023.1602,23023.1602,2328400000
2016-08-19,23153.7402,23153.7402,22875.5605,22937.2207,22937.2207,2095500000
2016-08-22,22941.5293,23005.1602,22792.4199,22997.9102,22997.9102,1720700000
2016-08-23,22927.4707,22998.9297,22854.3496,22998.9297,22998.9297,1521200000
2016-08-24,23010.6309,23036.0703,22702.6094,22820.7793,22820.7793,1770200000
2016-08-25,22814.3691,22898.1191,22735.0293,22814.9492,22814.9492,1580800000
2016-08-26,22827.2207,22997.4004,22827.2207,22909.5391,22909.5391,1600100000
2016-08-29,22904.1992,22922.6797,22762.7305,22821.3398,22821.3398,1262600000
2016-08-30,22945.0801,23073.5195,22898.7793,23016.1094,23016.1094,1586800000
2016-08-31,23043.0801,23063.1504,22939.8691,22976.8809,22976.8809,1874200000
2016-09-01,22897.1602,23193.0293,22843.4199,23162.3398,23162.3398,2106500000
2016-09-02,23157.0098,23306.4805,23152.7891,23266.6992,23266.6992,2510500000
2016-09-05,23576.3105,23688.4102,23530.3594,23649.5508,23649.5508,1915400000
2016-09-06,23683.2793,23787.6797,23548.5508,23787.6797,23787.6797,1830900000
2016-09-07,23785.2305,23830.7500,23695.6797,23741.8105,23741.8105,1939700000
2016-09-08,23704.3594,23928.9297,23663.5898,23919.3398,23919.3398,1686700000
2016-09-09,23924.7695,24364.0000,23914.7305,24099.6992,24099.6992,2771700000
2016-09-12,23596.0293,23625.3691,23290.5996,23290.5996,23290.5996,2533500000
2016-09-13,23564.1309,23652.4102,23196.4902,23215.7598,23215.7598,1616700000
2016-09-14,23225.5801,23371.5293,23155.7305,23190.6406,23190.6406,1473700000
2016-09-15,23237.1992,23471.4805,23194.3691,23335.5898,23335.5898,1699900000
2016-09-19,23486.6191,23625.9199,23394.9492,23550.4492,23550.4492,2052800000
2016-09-20,23494.0098,23556.0605,23397.1309,23530.8594,23530.8594,1483500000
2016-09-21,23522.8594,23729.0195,23436.2305,23669.9004,23669.9004,1627400000
2016-09-22,23920.1797,24058.6504,23683.5801,23759.8008,23759.8008,2332000000
2016-09-23,23836.5996,23846.7109,23628.6406,23686.4805,23686.4805,1872900000
2016-09-26,23554.8301,23563.5000,23276.1309,23317.9199,23317.9199,1652800000
2016-09-27,23356.0293,23646.0293,23295.0508,23571.9004,23571.9004,1816400000
2016-09-28,23455.7305,23619.6504,23370.4395,23619.6504,23619.6504,1524400000
2016-09-29,23828.5996,23828.5996,23607.9902,23739.4707,23739.4707,1606100000
2016-09-30,23435.2891,23484.3691,23239.3594,23297.1504,23297.1504,1674800000
2016-10-03,23652.8301,23698.3008,23500.7109,23584.4297,23584.4297,953400000
2016-10-04,23665.3496,23689.4395,23518.5605,23689.4395,23689.4395,1008200000
2016-10-05,23619.9102,23847.4609,23566.2207,23788.3105,23788.3105,1304600000
2016-10-06,23859.4102,24004.0898,23826.4492,23952.5000,23952.5000,1721500000
2016-10-07,23948.9492,23948.9492,23770.1406,23851.8203,23851.8203,1137800000
2016-10-11,24013.8398,24064.5000,23441.0703,23549.5195,23549.5195,2157300000
2016-10-12,23386.9199,23444.6699,23267.6309,23407.0508,23407.0508,1839700000
2016-10-13,23300.3809,23347.9707,23006.1191,23031.3008,23031.3008,1957400000
2016-10-14,23119.9609,23318.3594,23087.1406,23233.3105,23233.3105,1500800000
2016-10-17,23164.5391,23177.1895,22978.0098,23037.5391,23037.5391,1121500000
2016-10-18,23130.1992,23402.8906,23130.1992,23394.3906,23394.3906,1423500000
2016-10-19,23393.8008,23445.5605,23234.6699,23304.9707,23304.9707,1009900000
2016-10-20,23412.6797,23500.8203,23360.5508,23374.4004,23374.4004,1091100000
2016-10-24,23431.6309,23620.0898,23235.6094,23604.0801,23604.0801,1804800000
2016-10-25,23581.6895,23631.3398,23506.6406,23565.1094,23565.1094,1182900000
2016-10-26,23396.1406,23464.0293,23310.2305,23325.4297,23325.4297,1029300000
2016-10-27,23347.1895,23352.6191,23002.5293,23132.3496,23132.3496,1551900000
2016-10-28,23088.8301,23157.7305,22847.7305,22954.8105,22954.8105,1215000000
2016-10-31,22845.8203,23045.5293,22775.2891,22934.5391,22934.5391,1297900000
2016-11-01,23015.0605,23268.0508,23015.0605,23147.0703,23147.0703,1538000000
2016-11-02,22946.0605,22956.8496,22785.3496,22810.5000,22810.5000,1054500000
2016-11-03,22708.5508,22855.0098,22683.5098,22683.5098,22683.5098,1132700000
2016-11-04,22611.5391,22771.6094,22587.5898,22642.6191,22642.6191,1014400000
2016-11-07,22682.7109,22867.2402,22623.8398,22801.4004,22801.4004,1376900000
2016-11-08,22981.9102,22996.9707,22820.3906,22909.4707,22909.4707,1015200000
2016-11-09,23048.3203,23048.3203,21957.7109,22415.1895,22415.1895,3548400000
2016-11-10,22848.7402,22918.3398,22777.5098,22839.1094,22839.1094,1595000000
2016-11-11,22622.4609,22673.3105,22442.7500,22531.0898,22531.0898,2105400000
2016-11-14,22344.2305,22359.0098,22118.8691,22222.2207,22222.2207,1910100000
2016-11-15,22270.9004,22411.1191,22254.0898,22323.9102,22323.9102,1461400000
2016-11-16,22439.9805,22499.3906,22280.5293,22280.5293,22280.5293,1609800000
2016-11-17,22170.0703,22367.4707,22114.0195,22262.8809,22262.8809,1355400000
2016-11-18,22239.2305,22374.3594,22146.8809,22344.2109,22344.2109,1128800000
2016-11-21,22313.0391,22480.7500,22227.8008,22357.7793,22357.7793,1370600000
2016-11-22,22491.7109,22719.4199,22484.5996,22678.0703,22678.0703,1851300000
2016-11-23,22702.4102,22804.2598,22640.9492,22676.6895,22676.6895,1764200000
2016-11-24,22574.8203,22647.3809,22487.5391,22608.4902,22608.4902,1138100000
2016-11-25,22609.2207,22764.3398,22589.5293,22723.4492,22723.4492,1385300000
2016-11-28,22738.9395,22964.0195,22738.9395,22830.5703,22830.5703,1816300000
2016-11-29,22739.5098,22868.1406,22724.5898,22737.0703,22737.0703,1695000000
2016-11-30,22842.3594,22889.4707,22755.0000,22789.7695,22789.7695,2062900000
2016-12-01,22948.6504,23012.2793,22837.5293,22878.2305,22878.2305,2119600000
2016-12-02,22736.8398,22756.0098,22559.1992,22564.8203,22564.8203,2479100000
2016-12-05,22580.7500,22628.1309,22375.2793,22505.5508,22505.5508,1626000000
2016-12-06,22694.2695,22746.6699,22625.3203,22675.1504,22675.1504,1261700000
2016-12-07,22805.1309,22843.0098,22708.8809,22800.9199,22800.9199,1110500000
2016-12-08,23027.3809,23076.2402,22817.3203,22861.8398,22861.8398,1711700000
2016-12-09,22765.8398,22813.8496,22660.2207,22760.9805,22760.9805,1576000000
2016-12-12,22860.2695,22863.6094,22375.5801,22433.0195,22433.0195,2014500000
2016-12-13,22407.6191,22458.4199,22292.6504,22446.6992,22446.6992,1723200000
2016-12-14,22596.7109,22627.5996,22456.6191,22456.6191,22456.6191,1821100000
2016-12-15,22257.7109,22305.0703,21999.3008,22059.4004,22059.4004,2505700000
2016-12-16,21996.3809,22155.1406,21965.6797,22020.7500,22020.7500,1899700000
2016-12-19,21945.8398,21955.9395,21786.5605,21832.6797,21832.6797,1328500000
2016-12-20,21767.6094,21873.5605,21667.1895,21729.0605,21729.0605,1297200000
2016-12-21,21770.8906,21910.3906,21755.8496,21809.8008,21809.8008,1206800000
2016-12-22,21800.2207,21822.1797,21594.5801,21636.1992,21636.1992,1434700000
2016-12-23,21553.7793,21601.0703,21491.8301,21574.7598,21574.7598,1775500000
2016-12-28,21562.6992,21811.9609,21488.8203,21754.7402,21754.7402,2173200000
2016-12-29,21591.0391,21810.4004,21587.0703,21790.9102,21790.9102,1875100000
2016-12-30,21818.9102,22069.6191,21818.9102,22000.5605,22000.5605,2396700000
2017-01-03,21993.3594,22189.3105,21883.8203,22150.4004,22150.4004,1302400000
2017-01-04,22201.0801,22228.0605,22076.6309,22134.4707,22134.4707,1437700000
2017-01-05,22302.6406,22483.0098,22230.3105,22456.6895,22456.6895,1830700000
2017-01-06,22583.2891,22605.6602,22445.7793,22503.0098,22503.0098,1390000000
2017-01-09,22561.1094,22626.4297,22476.3496,22558.6895,22558.6895,1303500000
2017-01-10,22561.1699,22744.8496,22549.8594,22744.8496,22744.8496,1422500000
2017-01-11,22816.0098,22944.5801,22767.3691,22935.3496,22935.3496,1554100000
2017-01-12,22956.4395,22971.4902,22751.6699,22829.0195,22829.0195,1454700000
2017-01-13,22879.5703,22971.4492,22859.2793,22937.3809,22937.3809,1371800000
2017-01-16,22895.3594,22908.8594,22657.3496,22718.1504,22718.1504,1313400000
2017-01-17,22819.8691,22867.8398,22710.9297,22840.9707,22840.9707,1019600000
2017-01-18,22889.3301,23151.7500,22882.0195,23098.2598,23098.2598,1689300000
2017-01-19,23104.3496,23104.3496,22941.9609,23049.9609,23049.9609,1174100000
2017-01-20,22966.5293,22987.6797,22858.2500,22885.9102,22885.9102,1207500000
2017-01-23,22926.3008,23068.0801,22861.2891,22898.5195,22898.5195,1068400000
2017-01-24,22965.2500,22986.4492,22907.7793,22949.8594,22949.8594,1462900000
2017-01-25,23066.4004,23066.4004,22961.3809,23049.1191,23049.1191,1185800000
2017-01-26,23173.4609,23386.4102,23145.3105,23374.1699,23374.1699,1856600000
2017-01-27,23339.1504,23397.0898,23307.0508,23360.7793,23360.7793,777900000
2017-02-01,23211.8809,23318.3906,23082.6191,23318.3906,23318.3906,1515000000
2017-02-02,23309.4609,23439.0195,23131.3691,23184.5195,23184.5195,987800000
2017-02-03,23216.9707,23226.9199,22997.4609,23129.2109,23129.2109,1339300000
2017-02-06,23239.2891,23348.2402,23149.6992,23348.2402,23348.2402,1439900000
2017-02-07,23287.8906,23403.5996,23256.6895,23331.5703,23331.5703,1523400000
2017-02-08,23284.7598,23520.7695,23160.9902,23485.1309,23485.1309,2601100000
2017-02-09,23533.5195,23644.6309,23489.6504,23525.1406,23525.1406,2741000000
2017-02-10,23645.9004,23718.4707,23573.8496,23574.9805,23574.9805,2143200000
2017-02-13,23664.5293,23751.9199,23615.3906,23710.9805,23710.9805,1990300000
2017-02-14,23695.2891,23735.1094,23614.4707,23703.0098,23703.0098,1957100000
2017-02-15,23771.9492,24067.6191,23771.9492,23994.8691,23994.8691,3843900000
2017-02-16,24139.3105,24161.3906,23969.5703,24107.6992,24107.6992,3806700000
2017-02-17,24077.8691,24106.3398,23944.6797,24033.7402,24033.7402,2302700000
2017-02-20,24066.0000,24202.3398,24022.1504,24146.0801,24146.0801,1937000000
2017-02-21,24174.1094,24213.6406,23909.1504,23963.6309,23963.6309,1839900000
2017-02-22,24059.0898,24201.9609,23999.5508,24201.9609,24201.9609,2230100000
2017-02-23,24122.1797,24216.5293,24046.9102,24114.8594,24114.8594,1881000000
2017-02-24,24115.6094,24121.9102,23958.1309,23965.6992,23965.6992,1750700000
2017-02-27,23941.8105,24067.6797,23822.8809,23925.0508,23925.0508,1727500000
2017-02-28,23952.6406,24007.8105,23740.7305,23740.7305,23740.7305,1666200000
2017-03-01,23849.2207,23857.2793,23730.0508,23776.4902,23776.4902,1648800000
2017-03-02,24044.4805,24080.8691,23694.3301,23728.0703,23728.0703,2111400000
2017-03-03,23618.3594,23635.2402,23511.5996,23552.7207,23552.7207,2388000000
2017-03-06,23600.4902,23691.0508,23574.2793,23596.2793,23596.2793,1442700000
2017-03-07,23630.3496,23728.0000,23585.7695,23681.0703,23681.0703,1282700000
2017-03-08,23627.2793,23816.2305,23563.1406,23782.2695,23782.2695,1823200000
2017-03-09,23667.7695,23673.5801,23456.0605,23501.5605,23501.5605,1781300000
2017-03-10,23534.9805,23603.7695,23438.8594,23568.6699,23568.6699,1534100000
2017-03-13,23643.3008,23877.5898,23567.9297,23829.6699,23829.6699,2016200000
2017-03-14,23871.0000,23918.1191,23768.3398,23827.9492,23827.9492,1857200000
2017-03-15,23705.0703,23842.8105,23645.5098,23792.8496,23792.8496,1352400000
2017-03-16,24101.9805,24288.2793,24003.7500,24288.2793,24288.2793,2576700000
2017-03-17,24376.1309,24385.8105,24237.9707,24309.9297,24309.9297,2512700000
2017-03-20,24312.5703,24501.9902,24312.5703,24501.9902,24501.9902,1716700000
2017-03-21,24565.7305,24656.6504,24500.3496,24593.1191,24593.1191,2055200000
2017-03-22,24336.3301,24380.4199,24207.0996,24320.4102,24320.4102,2136600000
2017-03-23,24381.0391,24466.7305,24271.2598,24327.6992,24327.6992,1795500000
2017-03-24,24396.4102,24420.7695,24263.1699,24358.2695,24358.2695,1784300000
2017-03-27,24235.6895,24434.9004,24138.7793,24193.6992,24193.6992,1730300000
2017-03-28,24329.1699,24360.0000,24274.5195,24345.8691,24345.8691,1506200000
2017-03-29,24470.6602,24470.6602,24330.6992,24392.0508,24392.0508,1835000000
2017-03-30,24429.1191,24431.1191,24250.4004,24301.0898,24301.0898,1768900000
2017-03-31,24305.5293,24329.9805,24105.3809,24111.5898,24111.5898,1733200000
2017-04-03,24236.5605,24261.4805,24162.5508,24261.4805,24261.4805,1709000000
2017-04-05,24370.9492,24400.8008,24166.0098,24400.8008,24400.8008,2697900000
2017-04-06,24310.4102,24381.6309,24210.6895,24273.7207,24273.7207,1722200000
2017-04-07,24247.0098,24268.3906,23982.4004,24267.3008,24267.3008,2253000000
2017-04-10,24302.0098,24314.6602,24215.5391,24262.1797,24262.1797,1194000000
2017-04-11,24280.8691,24318.1504,24007.8496,24088.4609,24088.4609,1803300000
2017-04-12,24068.9102,24313.5000,23994.1309,24313.5000,24313.5000,1534900000
2017-04-13,24173.4199,24378.3809,24158.1602,24261.6602,24261.6602,1334100000
2017-04-18,24268.1699,24276.3105,23892.5898,23924.5391,23924.5391,1552800000
2017-04-19,23875.9805,23893.1406,23723.8691,23825.8809,23825.8809,1568300000
2017-04-20,23851.0195,24058.8691,23827.0703,24056.9805,24056.9805,1512900000
2017-04-21,24143.0391,24190.1406,23991.8691,24042.0195,24042.0195,1346000000
2017-04-24,24185.7598,24206.4395,23958.1797,24139.4805,24139.4805,1338100000
2017-04-25,24204.7793,24455.9395,24201.9102,24455.9395,24455.9395,1880700000
2017-04-26,24563.2500,24637.8496,24515.2305,24578.4297,24578.4297,1668700000
2017-04-27,24663.0996,24717.4395,24455.1191,24698.4805,24698.4805,1567000000
2017-04-28,24691.2891,24697.0293,24563.7695,24615.1309,24615.1309,1181600000
2017-05-02,24773.8008,24773.8008,24577.3301,24696.1309,24696.1309,1605800000
2017-05-04,24680.4492,24683.8809,24530.9297,24683.8809,24683.8809,1760200000
2017-05-05,24625.3496,24634.2793,24358.7207,24476.3496,24476.3496,2024200000
2017-05-08,24604.2891,24624.2109,24476.1992,24577.9102,24577.9102,1357900000
2017-05-09,24656.9492,24889.8301,24548.9707,24889.0293,24889.0293,1381100000
2017-05-10,24931.8203,25164.9707,24931.8203,25015.4199,25015.4199,2297600000
2017-05-11,25101.5293,25203.5391,25024.7598,25125.5508,25125.5508,1642600000
2017-05-12,25126.4805,25211.2793,25087.3203,25156.3398,25156.3398,1417400000
2017-05-15,25233.3105,25385.7207,25213.4707,25371.5898,25371.5898,2212700000
2017-05-16,25413.3496,25413.3496,25228.4609,25335.9395,25335.9395,1797600000
2017-05-17,25355.7598,25374.9492,25245.4395,25293.6309,25293.6309,1512400000
2017-05-18,25034.1895,25263.8105,25025.0508,25136.5195,25136.5195,1677300000
2017-05-19,25171.6602,25266.2207,25124.0605,25174.8691,25174.8691,1312800000
2017-05-22,25318.2891,25450.0391,25201.3398,25391.3398,25391.3398,1410600000
2017-05-23,25415.5703,25486.9805,25307.2695,25403.1504,25403.1504,1758700000
2017-05-24,25382.2598,25428.5000,25296.6602,25428.5000,25428.5000,1409900000
2017-05-25,25511.4609,25680.6699,25491.7793,25630.7793,25630.7793,1890800000
2017-05-26,25670.9805,25724.4004,25588.6992,25639.2695,25639.2695,1453700000
2017-05-29,25672.4004,25744.7207,25579.1504,25701.6309,25701.6309,1077800000
2017-05-31,25706.4492,25817.9492,25650.0605,25660.6504,25660.6504,2997900000
2017-06-01,25736.3496,25834.7500,25614.6094,25809.2207,25809.2207,2017100000
2017-06-02,25926.0605,25973.0000,25851.8496,25924.0508,25924.0508,1990200000
2017-06-05,25976.3594,25998.6602,25801.8398,25862.9902,25862.9902,1766200000
2017-06-06,25819.5293,26019.0098,25805.0195,25997.1406,25997.1406,1540400000
2017-06-07,26025.2109,26073.4395,25898.8203,25974.1602,25974.1602,1999500000
2017-06-08,25974.0000,26069.9805,25923.2109,26063.0605,26063.0605,1633500000
2017-06-09,26090.3301,26090.3301,25922.6797,26030.2891,26030.2891,2889400000
2017-06-12,25925.4492,25957.7793,25689.2305,25708.0391,25708.0391,1614700000
2017-06-13,25826.5195,25883.2207,25722.6309,25852.0996,25852.0996,1316400000
2017-06-14,25915.4609,25915.4609,25713.0195,25875.9004,25875.9004,1449800000
2017-06-15,25772.2793,25772.2793,25565.3398,25565.3398,25565.3398,1658100000
2017-06-16,25601.8105,25719.9707,25557.8008,25626.4902,25626.4902,1699400000
2017-06-19,25736.1992,25939.7207,25735.0703,25924.5508,25924.5508,1116100000
2017-06-20,26028.4297,26043.0996,25833.9297,25843.0391,25843.0391,1251600000
2017-06-21,25752.2695,25846.5195,25575.9805,25694.5801,25694.5801,1699900000
2017-06-22,25597.4609,25867.9395,25597.4609,25674.5293,25674.5293,1554000000
2017-06-23,25724.2793,25770.3691,25648.7695,25670.0508,25670.0508,1302600000
2017-06-26,25727.9297,25875.4805,25720.3809,25871.8906,25871.8906,1206200000
2017-06-27,25911.1992,25929.6094,25780.6895,25839.9902,25839.9902,1183000000
2017-06-28,25735.2109,25821.3594,25625.7109,25683.5000,25683.5000,1652900000
2017-06-29,25872.9297,25965.4199,25814.8008,25965.4199,25965.4199,1748400000
2017-06-30,25679.6406,25816.2500,25661.4297,25764.5801,25764.5801,1616900000
2017-07-03,25654.7695,25821.3906,25654.7695,25784.1699,25784.1699,1505000000
2017-07-04,25782.8496,25838.2695,25251.7207,25389.0098,25389.0098,2402100000
2017-07-05,25354.3809,25559.1797,25199.8594,25521.9707,25521.9707,1868200000
2017-07-06,25574.5703,25599.6992,25436.8301,25465.2207,25465.2207,1494500000
2017-07-07,25377.2109,25409.9004,25315.9102,25340.8496,25340.8496,1480500000
2017-07-10,25392.0293,25622.7500,25331.9492,25500.0605,25500.0605,1743500000
2017-07-11,25605.1895,25941.4707,25596.2109,25877.6406,25877.6406,2230900000
2017-07-12,25991.3496,26147.3008,25991.3496,26043.6406,26043.6406,2695400000
2017-07-13,26340.2891,26383.7598,26255.3105,26346.1699,26346.1699,1971700000
2017-07-14,26416.6797,26416.6797,26295.9902,26389.2305,26389.2305,1744800000
2017-07-17,26572.9199,26618.6602,26353.8301,26470.5801,26470.5801,1837400000
2017-07-18,26489.5195,26540.1699,26381.1406,26524.9395,26524.9395,1872300000
2017-07-19,26561.8105,26682.6406,26541.5605,26672.1602,26672.1602,1346800000
2017-07-20,26770.4805,26794.1797,26632.9805,26740.2109,26740.2109,1408300000
2017-07-21,26777.4395,26778.4199,26663.2500,26706.0898,26706.0898,1502400000
2017-07-24,26720.0391,26882.0000,26674.5000,26846.8301,26846.8301,1532500000
2017-07-25,26847.5801,26889.6992,26799.7695,26852.0508,26852.0508,1450900000
2017-07-26,26960.8105,27007.2695,26786.6309,26941.0195,26941.0195,2176500000
2017-07-27,27002.6992,27169.1504,26962.0293,27131.1699,27131.1699,1763900000
2017-07-28,27007.9707,27047.8809,26928.4395,26979.3906,26979.3906,1456000000
2017-07-31,27048.4492,27324.3809,27045.4102,27323.9902,27323.9902,1693200000
2017-08-01,27326.0391,27558.0000,27326.0391,27540.2305,27540.2305,2392400000
2017-08-02,27645.2793,27747.3496,27570.5000,27607.3809,27607.3809,2052600000
2017-08-03,27533.5098,27601.0508,27399.5801,27531.0098,27531.0098,1682600000
2017-08-04,27564.7109,27615.0293,27508.1094,27562.6797,27562.6797,1464900000
2017-08-07,27665.7109,27731.9199,27629.1992,27690.3594,27690.3594,1484600000
2017-08-08,27684.5996,27867.5605,27626.1895,27854.9102,27854.9102,1726600000
2017-08-09,27760.0801,27876.1191,27602.6602,27757.0898,27757.0898,1650700000
2017-08-10,27791.3594,27791.3594,27267.0293,27444.0000,27444.0000,2176000000
2017-08-11,27000.4297,27184.2109,26863.7109,26883.5098,26883.5098,3133500000
2017-08-14,27091.7695,27268.2305,27032.4004,27250.2305,27250.2305,1416400000
2017-08-15,27371.2500,27438.4199,27174.9609,27174.9609,27174.9609,2736000000
2017-08-16,27238.8105,27422.3008,27238.8105,27409.0703,27409.0703,1771100000
2017-08-17,27610.2891,27624.5195,27302.4805,27344.2207,27344.2207,1795300000
2017-08-18,26999.5996,27236.3203,26951.9199,27047.5703,27047.5703,1691600000
2017-08-21,27100.6309,27221.3105,27086.4297,27154.6797,27154.6797,1770600000
2017-08-22,27322.1992,27509.0605,27316.0801,27401.6699,27401.6699,2049700000
2017-08-24,27642.2305,27642.2305,27485.8691,27518.5996,27518.5996,2691500000
2017-08-25,27539.1094,27878.3691,27480.1094,27848.1602,27848.1602,3791300000
2017-08-28,27905.5898,28071.5898,27806.0508,27863.2891,27863.2891,3019400000
2017-08-29,27744.5801,27839.8301,27638.7305,27765.0098,27765.0098,1717800000
2017-08-30,27957.7402,28127.9004,27912.8203,28094.6094,28094.6094,2142400000
2017-08-31,27934.4492,27994.0605,27861.4805,27970.3008,27970.3008,2795600000
2017-09-01,28015.2207,28116.6992,27915.4395,27953.1602,27953.1602,1754500000
2017-09-04,27881.7109,27884.4609,27662.2891,27740.2598,27740.2598,1626700000
2017-09-05,27797.4395,27871.7598,27685.3008,27741.3496,27741.3496,1237100000
2017-09-06,27671.5605,27684.2598,27421.7891,27613.7598,27613.7598,1666700000
2017-09-07,27817.8691,27817.8691,27492.8203,27522.9199,27522.9199,1779100000
2017-09-08,27571.5898,27708.0898,27569.1309,27668.4707,27668.4707,1416100000
2017-09-11,27877.6895,27976.9805,27859.0000,27955.1309,27955.1309,1381700000
2017-09-12,28068.6992,28071.5391,27883.8301,27972.2402,27972.2402,1313200000
2017-09-13,27984.2695,27984.2695,27751.2793,27894.0801,27894.0801,1437300000
2017-09-14,27788.8398,27895.0703,27699.0898,27777.1992,27777.1992,1650300000
2017-09-15,27736.5996,27893.5801,27514.0391,27807.5898,27807.5898,2164200000
2017-09-18,27971.3691,28160.3906,27917.1797,28159.7695,28159.7695,1546300000
2017-09-19,28200.5391,28248.1191,28032.1699,28051.4102,28051.4102,1601200000
2017-09-20,28099.2891,28149.3594,28013.1094,28127.8008,28127.8008,1496700000
2017-09-21,28091.2402,28184.3691,28046.9395,28110.3301,28110.3301,1625300000
2017-09-22,27949.8301,27960.9199,27845.5195,27880.5293,27880.5293,1379300000
2017-09-25,27851.5391,27851.5391,27476.2695,27500.3398,27500.3398,1800200000
2017-09-26,27308.6094,27567.8809,27300.3691,27513.0098,27513.0098,1683600000
2017-09-27,27503.0508,27673.4004,27503.0508,27642.4297,27642.4297,1812400000
2017-09-28,27661.2695,27665.1602,27421.5996,27421.5996,27421.5996,1969000000
2017-09-29,27492.1309,27581.1309,27383.1602,27554.3008,27554.3008,1665500000
2017-10-03,27884.2109,28194.1602,27737.3809,28173.2109,28173.2109,3430600000
2017-10-04,28311.2695,28521.7695,28311.2695,28379.1797,28379.1797,2095400000
2017-10-06,28626.4102,28626.4102,28377.8496,28458.0391,28458.0391,1967900000
2017-10-09,28440.1699,28488.3496,28282.0098,28326.5898,28326.5898,1745200000
2017-10-10,28334.9199,28503.8398,28260.1992,28490.8301,28490.8301,1388800000
2017-10-11,28622.0098,28625.6602,28330.7305,28389.5703,28389.5703,1874700000
2017-10-12,28431.0508,28528.7109,28343.3203,28459.0293,28459.0293,1579400000
2017-10-13,28423.6504,28492.3906,28369.8691,28476.4297,28476.4297,1616400000
2017-10-16,28661.9805,28792.0605,28620.3809,28692.8008,28692.8008,1740700000
2017-10-17,28777.1797,28777.1797,28641.9492,28697.4902,28697.4902,1286900000
2017-10-18,28636.1992,28729.3398,28629.7305,28711.7598,28711.7598,1429200000
2017-10-19,28783.8496,28798.7793,28094.5391,28159.0898,28159.0898,2125400000
2017-10-20,28360.0195,28519.7598,28313.6992,28487.2402,28487.2402,1493200000
2017-10-23,28557.8008,28557.8008,28253.3203,28305.8809,28305.8809,1712100000
2017-10-24,28232.6191,28356.0996,28098.8301,28154.9707,28154.9707,1426900000
2017-10-25,28238.8496,28387.2109,28198.5605,28302.8906,28302.8906,1272800000
2017-10-26,28165.6094,28316.1992,28102.7500,28202.3809,28202.3809,1431600000
2017-10-27,28332.9102,28494.5195,28305.7305,28438.8496,28438.8496,2255500000
2017-10-30,28585.1504,28650.8203,28336.1895,28336.1895,28336.1895,2133300000
2017-10-31,28247.0000,28354.1094,28183.7891,28245.5391,28245.5391,2447200000
2017-11-01,28387.5508,28606.5898,28329.5000,28594.0605,28594.0605,2316600000
2017-11-02,28604.9492,28643.5801,28492.1992,28518.6406,28518.6406,2151400000
2017-11-03,28603.5098,28661.2891,28542.6602,28603.6094,28603.6094,1576600000
2017-11-06,28616.3496,28650.7891,28137.7695,28596.8008,28596.8008,2260000000
2017-11-07,28715.4004,29017.4004,28715.0703,28994.3398,28994.3398,2128700000
2017-11-08,28950.5000,29123.4395,28885.0703,28907.5996,28907.5996,1831400000
2017-11-09,28987.7891,29192.5098,28960.0508,29136.5703,29136.5703,1823000000
2017-11-10,29060.1309,29237.8496,29036.4492,29120.9199,29120.9199,1781800000
2017-11-13,29058.2305,29258.5000,29058.2305,29182.1797,29182.1797,1786800000
2017-11-14,29272.0996,29320.0293,29143.6309,29152.1191,29152.1191,1697000000
2017-11-15,29026.1094,29106.4902,28851.6895,28851.6895,28851.6895,2046100000
2017-11-16,28963.7695,29095.4902,28877.7598,29018.7598,29018.7598,1501000000
2017-11-17,29214.3594,29341.9199,29158.3496,29199.0391,29199.0391,2068100000
2017-11-20,29227.0801,29299.8691,29089.5801,29260.3105,29260.3105,1619900000
2017-11-21,29369.6895,29818.0703,29343.4805,29818.0703,29818.0703,2467400000
2017-11-22,30087.1895,30199.6895,29911.0703,30003.4902,30003.4902,2474900000
2017-11-23,30033.1797,30169.9902,29593.7891,29707.9395,29707.9395,2099400000
2017-11-24,29788.1797,29918.9199,29696.5898,29866.3203,29866.3203,1534300000
2017-11-27,29857.6504,29859.1094,29610.9609,29686.1895,29686.1895,1485200000
2017-11-28,29608.6406,29687.4492,29334.5898,29680.8496,29680.8496,1744500000
2017-11-29,29813.9395,29831.1895,29563.3906,29623.8301,29623.8301,1434700000
2017-11-30,29340.2695,29353.5098,29127.3008,29177.3496,29177.3496,2435500000
2017-12-01,29261.3105,29345.9707,29028.7598,29074.2402,29074.2402,2086700000
2017-12-04,28951.1895,29343.7793,28803.1895,29138.2793,29138.2793,1624100000
2017-12-05,28898.5801,29124.2402,28838.1191,28842.8008,28842.8008,1439200000
2017-12-06,28850.3594,28929.2109,28204.5293,28224.8008,28224.8008,2605400000
2017-12-07,28366.1406,28478.3398,28134.9297,28303.1895,28303.1895,1782500000
2017-12-08,28400.0098,28705.7598,28344.3906,28639.8496,28639.8496,1747400000
2017-12-11,28645.4102,28998.5098,28645.4102,28965.2891,28965.2891,2127800000
2017-12-12,28972.7402,29066.7695,28745.7305,28793.8809,28793.8809,2135700000
2017-12-13,28856.7793,29276.6699,28707.5996,29222.0996,29222.0996,2574100000
2017-12-14,29335.7598,29367.5098,29047.6094,29166.3809,29166.3809,1959300000
2017-12-15,29000.1094,29017.6602,28738.8398,28848.1094,28848.1094,1999800000
2017-12-18,28923.5293,29143.3301,28821.1895,29050.4102,29050.4102,1637900000
2017-12-19,29193.7402,29339.1094,29144.1699,29253.6602,29253.6602,1633500000
2017-12-20,29199.2891,29326.5195,29159.2793,29234.0898,29234.0898,1308900000
2017-12-21,29209.6406,29431.8105,29145.1309,29367.0605,29367.0605,1441000000
2017-12-22,29505.0508,29578.0098,29413.8594,29578.0098,29578.0098,1282100000
2017-12-27,29632.9707,29693.8203,29516.5098,29597.6602,29597.6602,1725800000
2017-12-28,29684.7891,29873.0996,29661.0605,29863.7109,29863.7109,1339600000
2017-12-29,29914.0508,29997.9609,29849.3105,29919.1504,29919.1504,1365800000
2018-01-02,30028.2891,30515.3105,30028.2891,30515.3105,30515.3105,2442300000
2018-01-03,30658.7305,30724.3203,30456.7598,30560.9492,30560.9492,2309500000
2018-01-04,30691.7109,30796.9297,30560.4297,30736.4805,30736.4805,2995600000
2018-01-05,30893.8594,30911.0098,30638.5293,30814.6406,30814.6406,2263900000
2018-01-08,30895.0898,30929.1504,30732.5391,30899.5293,30899.5293,2004200000
2018-01-09,30933.5098,31056.6992,30852.4297,31011.4102,31011.4102,2004900000
2018-01-10,31009.2402,31267.5703,30928.5801,31073.7207,31073.7207,2595400000
2018-01-11,31066.2109,31133.1797,30950.0703,31120.3906,31120.3906,1794800000
2018-01-12,31298.0508,31412.5391,31198.3594,31412.5391,31412.5391,2327400000
2018-01-15,31702.5605,31733.1797,31265.2500,31338.8691,31338.8691,2664100000
2018-01-16,31423.6191,31904.7500,31423.6191,31904.7500,31904.7500,3097100000
2018-01-17,31825.5195,31983.4102,31642.2695,31983.4102,31983.4102,3999200000
2018-01-18,32148.4492,32233.8105,31869.6992,32121.9395,32121.9395,3741500000
2018-01-19,32142.1602,32254.8906,31986.0000,32254.8906,32254.8906,2906600000
2018-01-22,32276.9609,32417.2305,32046.8398,32393.4102,32393.4102,2880200000
2018-01-23,32606.1406,32930.6992,32554.2305,32930.6992,32930.6992,3954800000
2018-01-24,32907.2305,33018.7109,32728.5098,32958.6914,32958.6914,3897500000
2018-01-25,32979.3789,32998.0508,32650.2207,32654.4492,32654.4492,3554800000
2018-01-26,32836.2812,33223.5781,32794.1289,33154.1211,33154.1211,3892700000
2018-01-29,33335.4805,33484.0781,32897.0391,32966.8906,32966.8906,3605100000
2018-01-30,32751.7207,32976.7500,32501.3496,32607.2891,32607.2891,3177100000
2018-01-31,32435.7598,32933.9805,32330.3906,32887.2695,32887.2695,3314300000
2018-02-01,32950.3008,33048.0391,32642.0898,32642.0898,32642.0898,2769100000
2018-02-02,32569.0098,32778.5117,32321.4199,32601.7793,32601.7793,2571400000
2018-02-05,31715.5605,32394.8691,31712.0195,32245.2207,32245.2207,3135000000
2018-02-06,31028.6797,31286.0293,30577.8301,30595.4199,30595.4199,5531300000
2018-02-07,31378.3496,31472.4707,30292.1504,30323.1992,30323.1992,4620300000
2018-02-08,30555.8008,30739.1094,30251.3203,30451.2695,30451.2695,3145100000
2018-02-09,29679.2109,29679.2109,29129.2598,29507.4199,29507.4199,5171300000
2018-02-12,29713.0801,29801.5195,29459.6309,29459.6309,29459.6309,2815500000
2018-02-13,29850.1504,30169.0000,29783.0996,29839.5293,29839.5293,2709200000
2018-02-14,30024.4707,30637.2305,29968.5391,30515.5996,30515.5996,2408700000
2018-02-15,30958.7109,31145.0996,30816.6504,31115.4297,31115.4297,2070600000
2018-02-20,31165.2891,31339.6895,30720.4805,30873.6309,30873.6309,2033400000
2018-02-21,31050.5195,31477.8496,30885.9492,31431.8906,31431.8906,1933800000
2018-02-22,31084.4492,31195.2695,30930.0996,30965.6797,30965.6797,2391300000
2018-02-23,31289.0801,31386.8105,31149.3203,31267.1699,31267.1699,1667200000
2018-02-26,31528.2891,31567.4609,31273.9492,31498.5996,31498.5996,2025600000
2018-02-27,31790.8496,31798.9805,31141.5195,31268.6602,31268.6602,2579100000
2018-02-28,31037.4102,31061.7598,30703.9004,30844.7207,30844.7207,2407900000
2018-03-01,30476.9902,31081.6797,30453.8203,31044.2500,31044.2500,2116300000
2018-03-02,30611.0996,30670.9395,30477.9492,30583.4492,30583.4492,2955600000
2018-03-05,30524.2598,30679.4707,29852.4199,29886.3906,29886.3906,2279500000
2018-03-06,30380.9609,30620.0605,30129.8008,30510.7305,30510.7305,2270400000
2018-03-07,30323.7695,30673.0801,30117.4004,30196.9199,30196.9199,2135300000
2018-03-08,30523.6797,30724.0293,30428.6094,30654.5195,30654.5195,1529400000
2018-03-09,30858.2695,30996.2109,30840.8008,30996.2109,30996.2109,1470700000
2018-03-12,31536.3008,31607.5801,31342.4805,31594.3301,31594.3301,2173300000
2018-03-13,31570.1992,31709.9902,31461.4707,31601.4492,31601.4492,2112000000
2018-03-14,31321.7891,31453.4805,31141.8496,31435.0098,31435.0098,1707600000
2018-03-15,31181.1504,31583.3809,31121.6602,31541.0996,31541.0996,1496800000
2018-03-16,31363.0293,31564.7793,31337.4492,31501.9707,31501.9707,2345500000
2018-03-19,31370.4707,31656.3008,31244.6191,31513.7598,31513.7598,1440800000
2018-03-20,31315.4199,31576.0508,31183.4004,31549.9297,31549.9297,1746900000
2018-03-21,31811.9805,31978.1406,31381.5391,31414.5195,31414.5195,2309100000
2018-03-22,31575.9297,31686.6699,31018.4395,31071.0508,31071.0508,2103500000
2018-03-23,29930.2305,30320.3105,29930.2305,30309.2891,30309.2891,3522400000
2018-03-26,30267.0703,30548.7695,29995.1602,30548.7695,30548.7695,2317300000
2018-03-27,30985.7500,30985.7500,30738.7598,30790.8301,30790.8301,2049900000
2018-03-28,30510.3809,30637.2109,30022.5293,30022.5293,30022.5293,2209000000
2018-03-29,30154.1797,30252.9492,29819.6309,30093.3809,30093.3809,2167300000
2018-04-03,29927.8809,30269.2793,29755.3594,30180.0996,30180.0996,1908600000
2018-04-04,30244.2207,30329.0801,29518.6895,29518.6895,29518.6895,1816100000
2018-04-06,29750.2402,29980.5605,29608.3301,29844.9395,29844.9395,1698300000
2018-04-09,30104.3203,30514.8008,29909.3691,30229.5801,30229.5801,1841300000
2018-04-10,30205.0898,30806.8594,30163.0898,30728.7402,30728.7402,2270300000
2018-04-11,30761.2305,31021.1191,30723.0703,30897.7109,30897.7109,2291900000
2018-04-12,31094.1094,31094.1094,30637.1406,30831.2793,30831.2793,1754500000
2018-04-13,31076.7598,31076.7598,30707.7695,30808.3809,30808.3809,1406300000
2018-04-16,30849.7207,30849.7207,30190.7500,30315.5898,30315.5898,1827800000
2018-04-17,30354.8906,30477.7891,30012.6992,30062.7500,30062.7500,1916900000
2018-04-18,30469.9492,30487.1699,29979.4004,30284.2500,30284.2500,2001700000
2018-04-19,30532.9492,30761.4707,30451.0000,30708.4395,30708.4395,2221700000
2018-04-20,30647.9395,30848.4707,30355.7891,30418.3301,30418.3301,1661300000
2018-04-23,30327.0293,30481.8594,30184.4492,30254.4004,30254.4004,1516700000
2018-04-24,30353.8301,30665.0996,30335.2891,30636.2402,30636.2402,1741300000
2018-04-25,30486.8594,30507.1895,30244.1602,30328.1504,30328.1504,1674500000
2018-04-26,30378.1504,30463.4199,29871.1992,30007.6797,30007.6797,1765500000
2018-04-27,30300.8301,30336.0000,30019.1191,30280.6699,30280.6699,1610900000
2018-04-30,30530.4004,30853.1309,30483.9102,30808.4492,30808.4492,1923300000
2018-05-02,30782.2109,30824.7695,30570.8105,30723.8809,30723.8809,1643100000
2018-05-03,30405.4805,30432.0703,30118.6504,30313.3691,30313.3691,1736300000
2018-05-04,30316.9805,30341.4609,29859.3008,29926.5000,29926.5000,1754800000
2018-05-07,30102.0605,30138.3301,29791.8691,29994.2598,29994.2598,1441400000
2018-05-08,30123.7695,30444.2207,30123.7695,30402.8105,30402.8105,1623600000
2018-05-09,30452.1602,30568.7598,30346.6191,30536.1406,30536.1406,1360700000
2018-05-10,30716.9707,30851.3008,30712.9297,30809.2207,30809.2207,1534600000
2018-05-11,31151.8008,31277.3906,31032.4395,31122.0605,31122.0605,1627500000
2018-05-14,31498.3594,31592.5605,31423.5703,31541.0801,31541.0801,1794400000
2018-05-15,31573.1797,31573.1797,31152.0293,31152.0293,31152.0293,1566900000
2018-05-16,31014.7207,31218.0801,30818.7793,31110.1992,31110.1992,1348000000
2018-05-17,31416.7109,31416.7109,30942.1504,30942.1504,30942.1504,1499900000
2018-05-18,31033.9707,31148.0605,30904.6797,31047.9102,31047.9102,1722100000
2018-05-21,31232.7891,31464.0996,31232.7891,31234.3496,31234.3496,1599600000
2018-05-23,31191.8691,31191.8691,30665.6406,30665.6406,30665.6406,2434000000
2018-05-24,30718.6602,30788.9707,30589.3809,30760.4102,30760.4102,1579100000
2018-05-25,30664.2695,30736.9707,30525.7402,30588.0391,30588.0391,1677500000
2018-05-28,30759.8398,30839.3008,30530.4707,30792.2598,30792.2598,1736200000
2018-05-29,30647.2598,30713.3203,30454.1797,30484.5801,30484.5801,1658600000
2018-05-30,30109.3691,30241.2305,29964.3398,30056.7891,30056.7891,2407800000
2018-05-31,30274.1797,30533.5801,30148.4297,30468.5605,30468.5605,4110000000
2018-06-01,30548.7793,30581.1191,30363.4902,30492.9102,30492.9102,2778500000
2018-06-04,30836.7695,31012.9199,30743.1797,30997.9805,30997.9805,1836600000
2018-06-05,31009.4707,31188.9297,30896.1094,31093.4492,31093.4492,1722000000
2018-06-06,31162.0195,31332.4199,31161.3691,31259.0996,31259.0996,1465400000
2018-06-07,31464.6309,31521.1309,31369.2793,31512.6309,31512.6309,1938000000
2018-06-08,31435.2598,31435.2598,30874.0996,30958.2109,30958.2109,1721300000
2018-06-11,31016.5195,31134.0293,30898.5703,31063.6992,31063.6992,1323300000
2018-06-12,31029.8496,31242.8594,30944.9707,31103.0605,31103.0605,1379000000
2018-06-13,30990.3691,31023.7305,30688.2598,30725.1504,30725.1504,1630900000
2018-06-14,30684.0703,30777.9609,30349.9609,30440.1699,30440.1699,2128400000
2018-06-15,30411.0703,30519.2891,30259.1094,30309.4902,30309.4902,2336500000
2018-06-19,29999.0098,30012.0391,29332.2793,29468.1504,29468.1504,3563900000
2018-06-20,29478.4609,29944.3008,29406.1992,29696.1699,29696.1699,2235000000
2018-06-21,29764.0508,29882.2695,29285.7109,29296.0508,29296.0508,2026700000
2018-06-22,29215.5391,29436.8398,29089.3906,29338.6992,29338.6992,2153400000
2018-06-25,29326.1191,29403.3594,28895.4004,28961.3906,28961.3906,2300800000
2018-06-26,28881.1797,29034.2305,28505.0898,28881.4004,28881.4004,2528400000
2018-06-27,28957.6406,28988.8301,28342.8203,28356.2598,28356.2598,2572200000
2018-06-28,28368.0098,28567.2891,28169.0996,28497.3203,28497.3203,2569400000
2018-06-29,28463.8496,28962.2891,28463.8496,28955.1094,28955.1094,2390100000
2018-07-03,28617.0000,28617.0000,27990.4492,28545.5703,28545.5703,3283200000
2018-07-04,28546.3203,28642.3398,28141.2793,28241.6699,28241.6699,2102200000
2018-07-05,28101.8496,28320.9004,27830.7500,28182.0898,28182.0898,1879600000
2018-07-06,28254.3691,28554.2109,27925.3301,28315.6191,28315.6191,2018300000
2018-07-09,28606.1602,28821.5391,28518.5195,28688.5000,28688.5000,1877900000
2018-07-10,28900.7109,28981.9297,28682.2500,28682.2500,28682.2500,1667600000
2018-07-11,28013.7207,28365.7207,28013.7207,28311.6895,28311.6895,1871200000
2018-07-12,28260.0898,28614.5293,28217.3105,28480.8301,28480.8301,1850900000
2018-07-13,28689.1797,28715.3594,28500.5098,28525.4395,28525.4395,1449800000
2018-07-16,28580.9609,28699.2109,28327.0000,28539.6602,28539.6602,1239600000
2018-07-17,28451.5000,28460.8691,28137.9492,28181.6797,28181.6797,1700700000
2018-07-18,28352.1094,28386.3809,28045.4707,28117.4199,28117.4199,1507600000
2018-07-19,28251.1602,28329.9805,27998.3594,28010.8594,28010.8594,1495100000
2018-07-20,28054.7598,28294.7402,27745.8496,28224.4805,28224.4805,2439700000
2018-07-23,28298.6094,28391.5801,28091.0605,28256.1191,28256.1191,1893600000
2018-07-24,28282.3008,28718.0000,28282.3008,28662.5703,28662.5703,2416400000
2018-07-25,28906.9707,28964.7891,28764.3496,28920.9004,28920.9004,1632400000
2018-07-26,29083.4004,29083.4004,28625.0801,28781.1406,28781.1406,1418100000
2018-07-27,28734.7305,28816.6895,28572.7891,28804.2793,28804.2793,1206000000
2018-07-30,28631.0508,28839.2402,28539.5605,28733.1309,28733.1309,1231300000
2018-07-31,28663.1406,28682.3105,28538.0293,28583.0098,28583.0098,1464600000
2018-08-01,28756.7207,28772.8008,28219.9707,28340.7402,28340.7402,1516100000
2018-08-02,28159.0098,28218.2793,27578.0898,27714.5605,27714.5605,1989200000
2018-08-03,27751.5996,27786.1504,27604.5605,27676.3203,27676.3203,1608500000
2018-08-06,27885.5098,28074.5293,27730.4199,27819.5605,27819.5605,1445800000
2018-08-07,27889.4395,28266.6797,27843.1602,28248.8809,28248.8809,1553900000
2018-08-08,28473.4805,28473.4805,28224.4609,28359.1406,28359.1406,1611700000
2018-08-09,28260.5000,28728.1699,28192.8105,28607.3008,28607.3008,1448200000
2018-08-10,28614.7305,28665.9004,28296.9902,28366.6191,28366.6191,1284500000
2018-08-13,27956.7793,28085.1699,27823.2109,27936.5703,27936.5703,1484400000
2018-08-14,27938.3203,27946.5508,27522.8203,27752.9297,27752.9297,1490400000
2018-08-15,27724.7207,27727.2695,27249.0801,27323.5898,27323.5898,1913700000
2018-08-16,26871.1094,27405.2500,26871.1094,27100.0605,27100.0605,2138200000
2018-08-17,27388.5703,27450.8398,27101.0996,27213.4102,27213.4102,1557800000
2018-08-20,27273.7793,27609.8008,27209.2207,27598.0195,27598.0195,1660800000
2018-08-21,27670.5391,27771.3008,27526.3008,27752.7891,27752.7891,1699500000
2018-08-22,27836.6797,27954.5195,27579.8008,27927.5801,27927.5801,1784500000
2018-08-23,28005.3301,28051.6504,27659.2109,27790.4609,27790.4609,1462600000
2018-08-24,27565.9805,27830.9102,27532.0605,27671.8691,27671.8691,1492200000
2018-08-27,28016.6602,28289.0605,27956.0391,28271.2695,28271.2695,2133500000
2018-08-28,28530.8906,28579.6406,28234.5293,28351.6191,28351.6191,1651300000
2018-08-29,28362.8398,28485.8301,28272.1309,28416.4395,28416.4395,1365800000
2018-08-30,28533.9297,28533.9297,28121.4004,28164.0508,28164.0508,1292200000
2018-08-31,27798.2109,27962.0293,27720.3203,27888.5508,27888.5508,1923300000
2018-09-03,27809.4492,27822.1895,27577.0391,27712.5391,27712.5391,1396900000
2018-09-04,27619.1797,27984.8906,27563.7891,27973.3398,27973.3398,1102300000
2018-09-05,27789.0195,27861.9902,27208.3398,27243.8496,27243.8496,1913600000
2018-09-06,27069.2109,27268.3906,26818.8203,26974.8203,26974.8203,2172100000
2018-09-07,26895.8691,27196.5703,26669.5801,26973.4707,26973.4707,2859900000
2018-09-10,26922.2695,26926.6309,26453.2891,26613.4199,26613.4199,2046000000
2018-09-11,26611.9297,26690.6504,26394.8691,26422.5508,26422.5508,1688200000
2018-09-12,26462.8203,26468.9102,26219.5605,26345.0391,26345.0391,2255900000
2018-09-13,26798.3906,27014.4902,26648.7695,27014.4902,27014.4902,2336700000
2018-09-14,27229.7891,27340.0195,27027.4492,27286.4102,27286.4102,1707200000
2018-09-17,27029.9102,27037.4805,26763.2109,26932.8496,26932.8496,1262100000
2018-09-18,26846.3301,27156.5508,26648.9902,27084.6602,27084.6602,1810300000
2018-09-19,27170.0195,27488.3496,27085.7891,27407.3691,27407.3691,1874200000
2018-09-20,27605.7207,27628.1895,27327.2305,27477.6699,27477.6699,1399800000
2018-09-21,27712.3496,27965.9609,27536.2695,27953.5801,27953.5801,2777200000
2018-09-24,27783.8496,27783.8496,27425.0098,27499.3906,27499.3906,1511100000
2018-09-26,27606.8105,28031.8105,27589.3691,27816.8691,27816.8691,2338800000
2018-09-27,27912.5098,27928.2891,27638.5391,27715.6699,27715.6699,1440500000
2018-09-28,27879.0605,27927.9492,27672.8301,27788.5195,27788.5195,1636500000
2018-10-02,27716.1602,27716.1602,27073.0801,27126.3809,27126.3809,2081300000
2018-10-03,26840.1992,27270.1602,26840.1992,27091.2598,27091.2598,1316700000
2018-10-04,27029.4004,27029.4004,26551.4395,26623.8691,26623.8691,1903300000
2018-10-05,26503.7500,26639.6406,26373.4609,26572.5703,26572.5703,1684100000
2018-10-08,26717.5996,26717.5996,26187.8301,26202.5703,26202.5703,2296500000
2018-10-09,26194.1699,26366.5996,26067.5098,26172.9102,26172.9102,1744900000
2018-10-10,26281.2793,26499.8398,26193.0703,26193.0703,26193.0703,1719100000
2018-10-11,25392.9004,25437.8496,25125.2207,25266.3691,25266.3691,3090400000
2018-10-12,25401.4102,25835.7598,25286.8594,25801.4902,25801.4902,2099300000
2018-10-15,25683.5898,25683.5898,25399.5391,25445.0605,25445.0605,1614900000
2018-10-16,25586.1602,25712.1309,25266.5391,25462.2598,25462.2598,1467300000
2018-10-18,25674.6602,25674.6602,25261.7207,25454.5508,25454.5508,1764700000
2018-10-19,25172.0293,25743.4492,25090.3008,25561.4004,25561.4004,2037900000
2018-10-22,25668.3301,26234.8594,25668.3301,26153.1504,26153.1504,2222800000
2018-10-23,26015.4902,26015.4902,25315.7598,25346.5508,25346.5508,1772900000
2018-10-24,25401.1699,25653.3594,25194.2891,25249.7793,25249.7793,1962800000
2018-10-25,24766.7207,24994.4609,24653.7891,24994.4609,24994.4609,2288600000
2018-10-26,25031.4902,25062.1992,24589.0391,24717.6309,24717.6309,1688400000
2018-10-29,24955.7891,24955.7891,24594.7402,24812.0391,24812.0391,2001000000
2018-10-30,24765.1191,24939.1797,24540.6309,24585.5293,24585.5293,2100400000
2018-10-31,24752.8301,24979.6895,24700.1094,24979.6895,24979.6895,2363100000
2018-11-01,25228.7500,25535.1191,25190.9004,25416.0000,25416.0000,2177000000
2018-11-02,25980.4395,26486.3496,25909.7109,26486.3496,26486.3496,3519000000
2018-11-05,26050.3398,26146.8105,25747.5195,25934.3906,25934.3906,1626700000
2018-11-06,26062.2402,26159.8301,25826.6895,26120.9609,26120.9609,1562900000
2018-11-07,26125.0898,26530.8691,25920.7207,26147.6895,26147.6895,1731300000
2018-11-08,26491.2695,26491.2695,26141.2500,26227.7207,26227.7207,1654600000
2018-11-09,25925.0898,25925.0898,25475.3203,25601.9199,25601.9199,1839800000
2018-11-12,25576.2793,25765.9609,25505.3301,25633.1797,25633.1797,1171200000
2018-11-13,25092.3008,25792.8691,25092.3008,25792.8691,25792.8691,1690000000
2018-11-14,25874.3594,25874.3594,25489.8594,25654.4297,25654.4297,1431700000
2018-11-15,25862.1797,26127.1406,25611.7207,26103.3398,26103.3398,1534500000
2018-11-16,26041.5605,26197.3105,25850.0391,26183.5293,26183.5293,1330000000
2018-11-19,26278.8691,26397.3906,26146.3906,26372.0000,26372.0000,1320000000
2018-11-20,26043.5098,26132.2891,25776.2207,25840.3398,25840.3398,1205800000
2018-11-21,25496.8496,25998.2793,25494.5098,25971.4707,25971.4707,1397400000
2018-11-22,26139.3906,26139.3906,25873.3809,26019.4102,26019.4102,1011000000
2018-11-23,25950.0703,25983.2500,25807.2598,25927.6797,25927.6797,877100000
2018-11-26,26099.3496,26413.7598,26031.9004,26376.1797,26376.1797,1612000000
2018-11-27,26345.3691,26417.8398,26158.9707,26331.9609,26331.9609,1394400000
2018-11-28,26406.6797,26705.3008,26332.6602,26682.5605,26682.5605,1415300000
2018-11-29,26904.2109,26923.3301,26399.8105,26451.0293,26451.0293,1469600000
2018-11-30,26506.0898,26683.2500,26396.6191,26506.7500,26506.7500,2000800000
2018-12-03,27185.6602,27259.4297,27006.8301,27182.0391,27182.0391,2549700000
2018-12-04,27119.1895,27260.4395,26984.7109,27260.4395,27260.4395,1880500000
2018-12-05,26745.6895,26914.8691,26745.6895,26819.6797,26819.6797,1330900000
2018-12-06,26349.4199,26381.1191,26016.0898,26156.3809,26156.3809,2123200000
2018-12-07,26249.8105,26280.6602,26055.7793,26063.7598,26063.7598,2727000000
2018-12-10,25794.9492,25845.3398,25570.8906,25752.3809,25752.3809,1544300000
2018-12-11,25623.4004,25861.7305,25623.4004,25771.6699,25771.6699,1190900000
2018-12-12,26054.0098,26238.7305,26013.3594,26186.7109,26186.7109,1429700000
2018-12-13,26417.8906,26581.9297,26314.7695,26524.3496,26524.3496,1747200000
2018-12-14,26219.0000,26219.0000,26061.4707,26094.7891,26094.7891,1344400000
2018-12-17,26178.0391,26186.3008,26002.3008,26087.9805,26087.9805,1036900000
2018-12-18,25903.9805,26152.8809,25713.5000,25814.2500,25814.2500,1449400000
2018-12-19,25860.6797,25925.9902,25784.0898,25865.3906,25865.3906,1430200000
2018-12-20,25723.5293,25859.8203,25416.8809,25623.5293,25623.5293,1717900000
2018-12-21,25512.3008,25805.6094,25313.7500,25753.4199,25753.4199,1935300000
2018-12-24,25515.4004,25651.3809,25421.4297,25651.3809,25651.3809,1074100000
2018-12-27,25818.8105,25920.6309,25446.8008,25478.8809,25478.8809,1313100000
2018-12-28,25502.3398,25600.2500,25416.3594,25504.1992,25504.1992,1224900000
2018-12-31,25732.5195,25916.2305,25682.6602,25845.6992,25845.6992,826500000
2019-01-02,25824.4395,25824.4395,25055.2695,25130.3496,25130.3496,1666300000
2019-01-03,25077.6797,25262.2109,24896.8691,25064.3594,25064.3594,1481300000
2019-01-04,24946.1191,25626.0293,24924.7305,25626.0293,25626.0293,1708600000
2019-01-07,26015.8398,26043.6406,25753.4609,25835.6992,25835.6992,1447100000
2019-01-08,25852.5000,25960.8906,25688.5000,25875.4492,25875.4492,1578200000
2019-01-09,26237.2891,26597.0703,26192.6504,26462.3203,26462.3203,2680900000
2019-01-10,26391.7793,26588.2109,26212.3398,26521.4297,26521.4297,1939000000
2019-01-11,26692.0195,26692.0195,26494.8594,26667.2695,26667.2695,1799400000
2019-01-14,26559.6797,26575.3301,26195.7793,26298.3301,26298.3301,1426000000
2019-01-15,26518.6191,26838.5508,26427.4492,26830.2891,26830.2891,1822900000
2019-01-16,26702.9297,26903.7793,26567.5195,26902.0996,26902.0996,1714900000
2019-01-17,26953.2109,27012.1895,26703.3105,26755.6309,26755.6309,1860500000
2019-01-18,26993.4395,27116.6504,26915.0801,27090.8105,27090.8105,1692700000
2019-01-21,27134.2695,27323.6094,27084.3008,27196.5391,27196.5391,1640000000
2019-01-22,27189.4004,27223.6992,26854.6602,27005.4492,27005.4492,1578400000
2019-01-23,26879.9102,27131.2207,26879.9102,27008.1992,27008.1992,1382000000
2019-01-24,27075.3691,27120.9805,26889.7891,27120.9805,27120.9805,1323700000
2019-01-25,27282.8809,27569.1895,27217.7500,27569.1895,27569.1895,2265000000
2019-01-28,27695.8105,27790.2207,27462.3691,27576.9609,27576.9609,1705100000
2019-01-29,27397.5391,27575.3691,27328.1699,27531.6797,27531.6797,1821800000
2019-01-30,27571.4102,27642.8496,27369.7500,27642.8496,27642.8496,1821900000
2019-01-31,27842.0508,28010.9004,27773.9805,27942.4707,27942.4707,2225300000
2019-02-01,28193.2793,28193.2793,27802.5000,27930.7402,27930.7402,1669700000
2019-02-04,27985.4199,28005.1504,27847.4297,27990.2109,27990.2109,808100000
2019-02-08,27708.1309,28008.8203,27534.1992,27946.3203,27946.3203,1527700000
2019-02-11,27927.4492,28143.8398,27847.8496,28143.8398,28143.8398,1384100000
2019-02-12,28093.3105,28219.5898,27983.4805,28171.3301,28171.3301,1492500000
2019-02-13,28184.8691,28533.3594,28160.4609,28497.5898,28497.5898,1930800000
2019-02-14,28396.4004,28476.6504,28275.1797,28432.0508,28432.0508,1433700000
2019-02-15,28241.4395,28256.6895,27845.8691,27900.8398,27900.8398,1781500000
2019-02-18,28186.7500,28412.0801,28186.7500,28347.0098,28347.0098,1549900000
2019-02-19,28440.4902,28488.9707,28208.8691,28228.1309,28228.1309,1653100000
2019-02-20,28404.6797,28599.7695,28357.3008,28514.0508,28514.0508,1928700000
2019-02-21,28450.0000,28759.3496,28364.8496,28629.9199,28629.9199,1814500000
2019-02-22,28478.9609,28816.3008,28430.1992,28816.3008,28816.3008,1706500000
2019-02-25,28975.5195,29009.9805,28763.4609,28959.3008,28959.3008,3518000000
2019-02-26,28971.2305,28971.2305,28700.0098,28772.0605,28772.0605,2758200000
2019-02-27,28833.1602,29014.1895,28701.4707,28757.4395,28757.4395,2378400000
2019-02-28,28719.7109,28917.4902,28571.1309,28633.1797,28633.1797,2086700000
2019-03-01,28716.5996,28860.1992,28663.7109,28812.1699,28812.1699,1927000000
2019-03-04,28855.1094,29241.8008,28760.6699,28959.5898,28959.5898,2682900000
2019-03-05,28823.1602,29025.7891,28734.8105,28961.5996,28961.5996,1951600000
2019-03-06,29003.2500,29122.8105,28938.3906,29037.5996,29037.5996,1794500000
2019-03-07,28965.4199,29007.0703,28772.4492,28779.4492,28779.4492,1692000000
2019-03-08,28409.1406,28533.7598,28201.0898,28228.4199,28228.4199,2999000000
2019-03-11,28265.8496,28512.2695,28240.7793,28503.3008,28503.3008,1525500000
2019-03-12,28760.2695,28941.0898,28734.0898,28920.8691,28920.8691,1918000000
2019-03-13,28924.2793,28924.2793,28690.3691,28807.4492,28807.4492,1183100000
2019-03-14,28891.0605,28932.4707,28696.3105,28851.3906,28851.3906,1390200000
2019-03-15,28843.8594,29204.7305,28828.2598,29012.2598,29012.2598,1974600000
2019-03-18,29112.4395,29409.0098,29034.1309,29409.0098,29409.0098,1887800000
2019-03-19,29419.1406,29486.1504,29319.5098,29466.2793,29466.2793,1747700000
2019-03-20,29357.1895,29435.8105,29251.2500,29320.9707,29320.9707,1580500000
2019-03-21,29387.7500,29446.7695,29051.8496,29071.5605,29071.5605,1750700000
2019-03-22,29173.3301,29243.0996,28847.3398,29113.3594,29113.3594,1740700000
2019-03-25,28501.3691,28702.2402,28463.1094,28523.3496,28523.3496,2091100000
2019-03-26,28677.7598,28701.5996,28435.0605,28566.9102,28566.9102,1406600000
2019-03-27,28564.7109,28781.6309,28551.6504,28728.2500,28728.2500,1475500000
2019-03-28,28663.1992,28816.5898,28558.8008,28775.2109,28775.2109,1582100000
2019-03-29,28812.6406,29100.6895,28761.8809,29051.3594,29051.3594,2695200000
2019-04-01,29383.7207,29612.3691,29383.7207,29562.0195,29562.0195,2475400000
2019-04-02,29736.9902,29736.9902,29534.4199,29624.6699,29624.6699,1858500000
2019-04-03,29785.2695,29999.3398,29715.7695,29986.3906,29986.3906,2019400000
2019-04-04,29950.4199,30050.9102,29765.5508,29936.3203,29936.3203,1854500000
2019-04-08,30119.5801,30185.0605,29913.6191,30077.1504,30077.1504,2321000000
2019-04-09,30065.9902,30222.0195,30018.9805,30157.4902,30157.4902,2049400000
2019-04-10,30052.2695,30139.6094,29892.6191,30119.5605,30119.5605,1814100000
2019-04-11,30138.1406,30184.6094,29783.6699,29839.4492,29839.4492,1897200000
2019-04-12,29806.3496,29909.7598,29694.8496,29909.7598,29909.7598,1560700000
2019-04-15,30119.8496,30280.1191,29810.7207,29810.7207,29810.7207,2010600000
2019-04-16,29754.3008,30142.8594,29665.1094,30129.8691,30129.8691,2546200000
2019-04-17,30160.6895,30178.5801,30004.9707,30124.6797,30124.6797,2035100000
2019-04-18,30088.6504,30101.8301,29896.8594,29963.2598,29963.2598,1569900000
2019-04-23,29782.9492,30055.9395,29755.8691,29963.2402,29963.2402,2006200000
2019-04-24,30112.1895,30112.1895,29682.8691,29805.8301,29805.8301,1749000000
2019-04-25,29667.5195,29849.6992,29535.1992,29549.8008,29549.8008,1644500000
2019-04-26,29513.0801,29672.7891,29504.1406,29605.0098,29605.0098,1411000000
2019-04-29,29730.8496,29917.1094,29639.3809,29892.8105,29892.8105,1250700000
2019-04-30,29828.1504,29855.7598,29620.4492,29699.1094,29699.1094,1359000000
2019-05-02,29643.0508,29967.7402,29643.0508,29944.1797,29944.1797,1298900000
2019-05-03,29818.4805,30081.5508,29678.8594,30081.5508,30081.5508,1217400000
2019-05-06,29342.3809,29384.0098,28956.4707,29209.8203,29209.8203,2934100000
2019-05-07,29313.5801,29480.0391,29156.4492,29363.0195,29363.0195,1997700000
2019-05-08,28987.0898,29252.0000,28945.9102,29003.1992,29003.1992,2182800000
2019-05-09,28839.3496,28891.1094,28281.9805,28311.0703,28311.0703,2907200000
2019-05-10,28462.3398,28833.4492,28203.2207,28550.2402,28550.2402,2421500000
2019-05-14,27951.1191,28205.9609,27925.6191,28122.0195,28122.0195,2875300000
2019-05-15,28171.3203,28441.4902,28171.3203,28268.7109,28268.7109,2244900000
2019-05-16,28117.4805,28379.3691,28050.7793,28275.0703,28275.0703,2372400000
2019-05-17,28428.0000,28428.0000,27909.7305,27946.4609,27946.4609,1922200000
2019-05-20,27959.2305,27999.5996,27699.2305,27787.6094,27787.6094,2260500000
2019-05-21,27671.4004,27915.1602,27598.0605,27657.2402,27657.2402,2229200000
2019-05-22,27753.5391,27828.8105,27640.6191,27705.9395,27705.9395,1705800000
2019-05-23,27505.5293,27523.8594,27169.6699,27267.1309,27267.1309,2219400000
2019-05-24,27368.6797,27457.5898,27291.9395,27353.9297,27353.9297,1677000000
2019-05-27,27239.0801,27371.3496,27105.2207,27288.0898,27288.0898,1264300000
2019-05-28,27274.8301,27490.5508,27230.0898,27390.8105,27390.8105,3043700000
2019-05-29,27226.9492,27429.3691,27178.7109,27235.7109,27235.7109,2236900000
2019-05-30,27319.2500,27319.2500,27020.7305,27114.8809,27114.8809,1884000000
2019-05-31,27002.9609,27155.3594,26850.2695,26901.0898,26901.0898,1829500000
2019-06-03,26909.7109,26968.0996,26735.4805,26893.8594,26893.8594,1716200000
2019-06-04,26994.0801,26994.0801,26671.9004,26761.5195,26761.5195,1527700000
2019-06-05,27116.0801,27119.4805,26803.6602,26895.4395,26895.4395,1894200000
2019-06-06,26935.8691,26984.0195,26837.6699,26965.2793,26965.2793,1601900000
2019-06-10,27206.6094,27606.4199,27155.0293,27578.6406,27578.6406,2272300000
2019-06-11,27677.0605,27857.8496,27577.9102,27789.3398,27789.3398,1824700000
2019-06-12,27603.1191,27603.1191,27222.0293,27308.4609,27308.4609,1866900000
2019-06-13,27217.7207,27294.7109,26825.3496,27294.7109,27294.7109,1846300000
2019-06-14,27180.7402,27275.8809,27051.7500,27118.3496,27118.3496,2031100000
2019-06-17,27252.4492,27503.0996,27227.1602,27227.1602,27227.1602,1487300000
2019-06-18,27289.6992,27584.1191,27201.0195,27498.7695,27498.7695,1550600000
2019-06-19,28224.8691,28224.8691,28022.4902,28202.1406,28202.1406,2076100000
2019-06-20,28308.8496,28563.0801,28258.0195,28550.4297,28550.4297,1820200000
2019-06-21,28581.5098,28581.5098,28359.2500,28473.7109,28473.7109,2171900000
2019-06-24,28400.6309,28634.4805,28358.0605,28513.0000,28513.0000,1338800000
2019-06-25,28447.9609,28470.0996,28066.1309,28185.9805,28185.9805,1852000000
2019-06-26,28046.1602,28267.9805,27985.9805,28221.9805,28221.9805,1431400000
2019-06-27,28352.9395,28621.4199,28287.3398,28621.4199,28621.4199,1679900000
2019-06-28,28632.5898,28632.5898,28416.9609,28542.6191,28542.6191,1486700000
2019-07-02,28904.0391,28959.0605,28768.5391,28875.5605,28875.5605,2110400000
2019-07-03,28781.9707,28891.8906,28721.2109,28855.1406,28855.1406,1291300000
2019-07-04,28891.9707,29007.9805,28776.4805,28795.7695,28795.7695,928400000
2019-07-05,28785.5293,28880.5801,28714.9199,28774.8301,28774.8301,846900000
2019-07-08,28513.1406,28541.0996,28194.0703,28331.6895,28331.6895,1250900000
2019-07-09,28299.7305,28312.9707,28080.7305,28116.2793,28116.2793,1218500000
2019-07-10,28245.0898,28311.7793,28144.8691,28204.6895,28204.6895,1013000000
2019-07-11,28347.8594,28582.6895,28347.8594,28431.8008,28431.8008,1067100000
2019-07-12,28401.8691,28603.8691,28399.6602,28471.6191,28471.6191,1204500000
2019-07-15,28303.3594,28567.2500,28071.1895,28554.8809,28554.8809,1317100000
2019-07-16,28583.9297,28634.6504,28489.4102,28619.6191,28619.6191,1024700000
2019-07-17,28463.7695,28593.1699,28377.3398,28593.1699,28593.1699,950400000
2019-07-18,28393.0391,28511.6504,28376.5000,28461.6602,28461.6602,925000000
2019-07-19,28585.1504,28809.5898,28551.1992,28765.4004,28765.4004,1261000000
2019-07-22,28612.2793,28649.4395,28303.5508,28371.2598,28371.2598,1104900000
2019-07-23,28392.0391,28489.2891,28313.7891,28466.4805,28466.4805,950000000
2019-07-24,28578.1406,28764.5000,28515.9199,28524.0391,28524.0391,1075800000
2019-07-25,28575.4902,28628.5098,28517.0098,28594.3008,28594.3008,974300000
2019-07-26,28406.0703,28487.6406,28338.3008,28397.7402,28397.7402,1320700000
2019-07-29,28262.8008,28302.6602,27945.4102,28106.4102,28106.4102,1563600000
2019-07-30,28059.8203,28274.6504,28059.8203,28146.5000,28146.5000,1147600000
2019-07-31,27931.2793,27939.7207,27701.4395,27777.7500,27777.7500,1287100000
2019-08-01,27582.2109,27754.0391,27495.8906,27565.6992,27565.6992,1736400000
2019-08-02,26950.5293,27043.4609,26868.9609,26918.5801,26918.5801,2317600000
2019-08-05,26480.4707,26502.6094,26086.8594,26151.3203,26151.3203,2120700000
2019-08-06,25472.4297,26042.2305,25397.3496,25976.2402,25976.2402,2751900000
2019-08-07,25977.7207,26025.4395,25738.8008,25997.0293,25997.0293,1671300000
2019-08-08,25999.4492,26317.4199,25999.4492,26120.7695,26120.7695,1658100000
2019-08-09,26278.9199,26313.7793,25939.3008,25939.3008,25939.3008,1357600000
2019-08-12,25869.4805,26069.2305,25824.7207,25824.7207,25824.7207,1200400000
2019-08-13,25536.6191,25616.7109,25270.9102,25281.3008,25281.3008,1979100000
2019-08-14,25711.0996,25717.9805,25197.3809,25302.2793,25302.2793,1915500000
2019-08-15,24945.7402,25552.1309,24899.9297,25495.4609,25495.4609,2145900000
2019-08-16,25484.9609,25798.1094,25314.2695,25734.2207,25734.2207,2022500000
2019-08-19,25994.8008,26356.2207,25994.8008,26291.8398,26291.8398,2144900000
2019-08-20,26256.5391,26347.2305,26149.4004,26231.5391,26231.5391,1822900000
2019-08-21,26160.5391,26318.1309,26075.9102,26270.0391,26270.0391,1701500000
2019-08-22,26272.9102,26288.2402,25977.6699,26048.7207,26048.7207,1780700000
2019-08-23,26057.8809,26241.2207,25940.4395,26179.3301,26179.3301,1621400000
2019-08-26,25322.0000,25692.2793,25249.5098,25680.3301,25680.3301,2475600000
2019-08-27,25715.9805,25764.6094,25581.7305,25664.0703,25664.0703,2214200000
2019-08-28,25767.0801,25830.6406,25596.0801,25615.4805,25615.4805,1462100000
2019-08-29,25606.3301,25714.7793,25372.4902,25703.5000,25703.5000,1784900000
2019-08-30,26011.6406,26011.6406,25536.1504,25724.7305,25724.7305,2017900000
2019-09-02,25627.8301,25662.3105,25502.6992,25626.5508,25626.5508,1295100000
2019-09-03,25546.3203,25736.0508,25498.1094,25527.8496,25527.8496,1149200000
2019-09-04,25675.1602,26654.2109,25675.1602,26523.2305,26523.2305,2688500000
2019-09-05,26512.8594,26697.8496,26283.1191,26515.5293,26515.5293,1996600000
2019-09-06,26773.1309,26790.7891,26563.1699,26690.7598,26690.7598,1895300000
2019-09-09,26743.3594,26807.8594,26609.6504,26681.4004,26681.4004,1700900000
2019-09-10,26831.9805,26870.7695,26634.4707,26683.6797,26683.6797,1738000000
2019-09-11,26790.6406,27159.5098,26705.6309,27159.0605,27159.0605,2072200000
2019-09-12,27283.9805,27283.9805,26967.2500,27087.6309,27087.6309,1337000000
2019-09-13,27154.5098,27366.4492,27074.5391,27352.6895,27352.6895,1176500000
2019-09-16,27212.8906,27212.8906,26976.3008,27124.5508,27124.5508,2189100000
2019-09-17,26942.9609,26951.8398,26694.3691,26790.2402,26790.2402,1850700000
2019-09-18,26838.4297,26891.1602,26730.6309,26754.1191,26754.1191,1372600000
2019-09-19,26820.7305,26820.7305,26372.0898,26468.9492,26468.9492,1330400000
2019-09-20,26532.8809,26564.3594,26410.4102,26435.6699,26435.6699,1973000000
2019-09-23,26463.6191,26483.0293,26186.0098,26222.4004,26222.4004,1285500000
2019-09-24,26300.2109,26391.9805,26207.2695,26281.0000,26281.0000,2089400000
2019-09-25,26162.7109,26190.5605,25917.6797,25945.3496,25945.3496,1762600000
2019-09-26,26075.1504,26099.6406,25917.5801,26041.9297,26041.9297,1700200000
2019-09-27,25977.9805,26017.4609,25840.6602,25954.8105,25954.8105,984300000
2019-09-30,25844.7109,26161.6992,25786.2891,26092.2695,26092.2695,1343900000
2019-10-02,25901.4707,26092.6191,25778.2207,26042.6895,26042.6895,1202200000
2019-10-03,25831.4395,26192.8691,25809.4707,26110.3105,26110.3105,1142400000
2019-10-04,26169.5098,26169.5098,25612.4902,25821.0293,25821.0293,1137200000
2019-10-08,25848.7305,26180.0293,25761.5000,25893.4004,25893.4004,1779100000
2019-10-09,25736.8809,25866.8398,25656.6602,25682.8105,25682.8105,1588300000
2019-10-10,25625.5703,25809.5801,25521.9492,25707.9297,25707.9297,1434200000
2019-10-11,25986.8203,26393.0098,25976.0703,26308.4395,26308.4395,2031000000
2019-10-14,26520.9297,26636.9297,26386.4102,26521.8496,26521.8496,2096300000
2019-10-15,26609.1309,26609.1309,26433.4297,26503.9297,26503.9297,1569200000
2019-10-16,26553.9004,26698.5605,26432.4297,26664.2793,26664.2793,1689400000
2019-10-17,26809.0391,26956.8203,26729.5098,26848.4902,26848.4902,1403800000
2019-10-18,26910.5508,26985.0801,26650.1309,26719.5801,26719.5801,1541900000
2019-10-21,26715.2207,26818.4395,26658.3203,26725.6797,26725.6797,1045200000
2019-10-22,26813.8105,26844.2891,26698.3008,26786.1992,26786.1992,1496900000
2019-10-23,26771.9805,26818.9902,26491.7109,26566.7305,26566.7305,1270800000
2019-10-24,26651.0293,26810.4297,26592.1797,26797.9492,26797.9492,1496700000
2019-10-25,26795.6406,26795.6406,26621.1797,26667.3906,26667.3906,1151200000
2019-10-28,26770.1094,27005.6797,26762.6992,26891.2598,26891.2598,1476200000
2019-10-29,27027.5605,27027.5605,26729.0605,26786.7598,26786.7598,1515300000
2019-10-30,26766.9805,26809.5293,26602.9492,26667.7109,26667.7109,1554100000
2019-10-31,26708.4492,27009.5000,26708.4492,26906.7207,26906.7207,1907600000
2019-11-01,26806.4395,27102.4199,26800.5703,27100.7598,27100.7598,1421500000
2019-11-04,27299.8809,27547.3008,27299.4609,27547.3008,27547.3008,1777500000
2019-11-05,27601.0996,27733.0703,27463.3301,27683.4004,27683.4004,1748600000
2019-11-06,27636.3301,27750.9102,27547.7695,27688.6406,27688.6406,1316700000
2019-11-07,27690.5996,27900.8008,27534.9102,27847.2305,27847.2305,1353600000
2019-11-08,27894.5605,27894.5605,27582.2891,27651.1406,27651.1406,1491800000
2019-11-11,27361.4102,27361.4102,26830.4707,26926.5508,26926.5508,1921700000
2019-11-12,27064.2598,27076.6699,26794.6094,27065.2793,27065.2793,1149600000
2019-11-13,26761.1602,26761.1602,26465.3301,26571.4609,26571.4609,1855000000
2019-11-14,26444.2305,26605.9609,26203.9707,26323.6895,26323.6895,1554700000
2019-11-15,26529.9492,26544.6504,26300.0801,26326.6602,26326.6602,1180300000
2019-11-18,26442.3906,26702.1602,26406.3496,26681.0898,26681.0898,1425300000
2019-11-19,26671.3203,27093.8008,26605.6309,27093.8008,27093.8008,1542600000
2019-11-20,26936.7891,26962.1699,26804.3496,26889.6094,26889.6094,1333200000
2019-11-21,26587.5898,26587.5898,26306.0195,26466.8809,26466.8809,1712200000
2019-11-22,26584.8809,26690.1699,26487.6699,26595.0801,26595.0801,1100400000
2019-11-25,26873.3496,27114.2207,26852.8906,26993.0391,26993.0391,1497200000
2019-11-26,27183.9004,27227.8691,26913.9199,26913.9199,26913.9199,2416400000
2019-11-27,26943.5195,26974.2793,26866.8008,26954.0000,26954.0000,1133700000
2019-11-28,26763.6309,26991.8008,26763.6309,26893.7305,26893.7305,998800000
2019-11-29,26705.3809,26705.3809,26308.0996,26346.4902,26346.4902,2004900000
2019-12-02,26475.3398,26511.5508,26393.0898,26444.7207,26444.7207,1348900000
2019-12-03,26315.9707,26424.1191,26063.0195,26391.3008,26391.3008,1795500000
2019-12-04,26071.3906,26191.7891,25995.1504,26062.5605,26062.5605,1502300000
2019-12-05,26300.5098,26300.5098,26134.0605,26217.0391,26217.0391,1228000000
2019-12-06,26345.1992,26520.0801,26309.3398,26498.3691,26498.3691,1644200000
2019-12-09,26513.9707,26618.2500,26432.2695,26494.7305,26494.7305,1301800000
2019-12-10,26378.9902,26527.0898,26355.5293,26436.6191,26436.6191,956300000
2019-12-11,26410.0898,26659.9805,26364.4297,26645.4297,26645.4297,1409600000
2019-12-12,26837.9395,27048.9805,26837.9395,26994.1406,26994.1406,1451700000
2019-12-13,27494.5098,27687.7598,27405.2598,27687.7598,27687.7598,2212200000
2019-12-16,27530.5000,27715.9297,27473.3203,27508.0898,27508.0898,1421400000
2019-12-17,27630.6895,27894.7207,27563.4395,27843.7109,27843.7109,1926200000
2019-12-18,27946.7402,27970.7598,27775.9805,27884.2109,27884.2109,1842200000
2019-12-19,27908.7793,27908.7793,27675.2402,27800.4902,27800.4902,1296800000
2019-12-20,27834.5508,27959.5195,27740.6602,27871.3496,27871.3496,1680000000
2019-12-23,28024.6191,28024.6191,27830.0801,27906.4102,27906.4102,1216800000
2019-12-24,27901.5098,27921.2891,27792.6602,27864.2109,27864.2109,484000000
2019-12-27,28033.6602,28226.1094,28000.6191,28225.4199,28225.4199,1375000000
2019-12-30,28250.4805,28418.6504,28165.1309,28319.3906,28319.3906,1420400000
2019-12-31,28241.4297,28298.4609,28123.8594,28189.7500,28189.7500,873700000
2020-01-02,28249.3691,28543.5195,28245.9707,28543.5195,28543.5195,1262700000
2020-01-03,28828.3594,28883.3008,28428.1699,28451.5000,28451.5000,1797900000
2020-01-06,28326.5000,28367.8691,28054.2891,28226.1895,28226.1895,1793400000
2020-01-07,28352.6797,28473.0801,28264.0703,28322.0605,28322.0605,1302700000
2020-01-08,27999.5801,28198.6094,27857.7305,28087.9199,28087.9199,1709200000
2020-01-09,28367.6504,28561.0000,28325.8594,28561.0000,28561.0000,1692800000
2020-01-10,28665.1406,28665.1406,28504.2695,28638.1992,28638.1992,1448400000
2020-01-13,28772.3691,28971.4004,28671.8398,28954.9395,28954.9395,1765100000
2020-01-14,29149.5293,29149.5293,28790.4902,28885.1406,28885.1406,1643500000
2020-01-15,28891.0703,28972.6797,28619.0996,28773.5898,28773.5898,1240100000
2020-01-16,28806.1191,28987.7305,28709.5703,28883.0391,28883.0391,1620900000
2020-01-17,28988.1602,29101.1504,28813.1309,29056.4199,29056.4199,1545100000
2020-01-20,29169.1191,29174.9199,28795.4199,28795.9102,28795.9102,1633400000
2020-01-21,28449.3809,28492.0293,27980.5000,27985.3301,27985.3301,2236500000
2020-01-22,28116.5000,28393.9297,27937.6797,28341.0391,28341.0391,1343300000
2020-01-23,28109.7500,28133.0293,27706.3691,27909.1191,27909.1191,1753300000
2020-01-24,27935.4199,27977.6309,27774.5000,27949.6406,27949.6406,612100000
2020-01-29,27101.5391,27333.3008,27101.5391,27160.6309,27160.6309,2203800000
2020-01-30,27030.6094,27134.5508,26330.0508,26449.1309,26449.1309,2223600000
2020-01-31,26757.6094,26818.8398,26295.4902,26312.6309,26312.6309,1874300000
2020-02-03,26189.6094,26512.5801,26145.5898,26356.9805,26356.9805,2421500000
2020-02-04,26491.6602,26730.2598,26491.6602,26675.9805,26675.9805,2500200000
2020-02-05,26869.3203,26926.1191,26641.9199,26786.7402,26786.7402,2498900000
2020-02-06,27174.5293,27608.2207,27029.4902,27493.6992,27493.6992,2249500000
2020-02-07,27356.2793,27410.5801,27224.1191,27404.2695,27404.2695,1464500000
2020-02-10,27092.1504,27314.6406,27044.8809,27241.3398,27241.3398,1612000000
2020-02-11,27514.2500,27674.8105,27436.9902,27583.8809,27583.8809,1868600000
2020-02-12,27717.2207,27892.4805,27614.8301,27823.6602,27823.6602,1796600000
2020-02-13,27953.6504,27953.6504,27695.5996,27730.0000,27730.0000,1617000000
2020-02-14,27698.5605,27960.6602,27695.5898,27815.5996,27815.5996,1445300000
2020-02-17,27766.7109,28055.5801,27766.7109,27959.5996,27959.5996,1413000000
2020-02-18,27766.5000,27771.3008,27496.2500,27530.1992,27530.1992,1592200000
2020-02-19,27486.4609,27697.4609,27448.5996,27655.8105,27655.8105,1471500000
2020-02-20,27767.2793,27767.2793,27383.1309,27609.1602,27609.1602,1582100000
2020-02-21,27450.4609,27484.5293,27264.7793,27308.8105,27308.8105,1773600000
2020-02-24,27105.3496,27105.3496,26813.2207,26820.8809,26820.8809,2044700000
2020-02-25,26722.3906,26914.0508,26667.0391,26893.2305,26893.2305,1924000000
2020-02-26,26479.9004,26776.0605,26479.9004,26696.4902,26696.4902,2040000000
2020-02-27,26529.1699,26849.5703,26419.9707,26778.6191,26778.6191,2110400000
2020-02-28,26249.0605,26313.5508,25989.4102,26129.9297,26129.9297,3191400000
2020-03-02,26077.7305,26375.9102,26077.7305,26291.6797,26291.6797,2201500000
2020-03-03,26419.1309,26527.7500,26233.3906,26284.8203,26284.8203,2136300000
2020-03-04,26321.5605,26372.4805,26038.3906,26222.0703,26222.0703,1957100000
2020-03-05,26348.1602,26805.5801,26315.3594,26767.8691,26767.8691,2522800000
2020-03-06,26397.7793,26408.8008,26084.2305,26146.6699,26146.6699,2646500000
2020-03-09,25134.0195,25321.2793,24948.3809,25040.4609,25040.4609,4677900000
2020-03-10,25285.6797,25578.6094,24978.9707,25392.5098,25392.5098,3225700000
2020-03-11,25459.9609,25493.2305,25140.3809,25231.6094,25231.6094,2627600000
2020-03-12,24657.6699,24657.6699,24117.9395,24309.0703,24309.0703,3748900000
2020-03-13,22519.3203,24184.4805,22519.3203,24032.9102,24032.9102,5495200000
2020-03-16,23317.8105,23631.5293,22842.2500,23063.5703,23063.5703,4067000000
2020-03-17,23001.7598,23401.1992,22676.4609,23263.7305,23263.7305,3638000000
2020-03-18,23023.3398,23425.0293,22167.4199,22291.8203,22291.8203,4217200000
2020-03-19,22221.3809,22380.3398,21139.2598,21709.1309,21709.1309,5628400000
2020-03-20,22147.3398,22805.0703,22147.3398,22805.0703,22805.0703,4528200000
2020-03-23,21659.5508,22064.3105,21659.5508,21696.1309,21696.1309,3479000000
2020-03-24,22497.5703,22753.0098,22383.2500,22663.4902,22663.4902,3614100000
2020-03-25,23255.9102,23569.4492,23062.2305,23527.1895,23527.1895,3605400000
2020-03-26,23604.8301,23604.8301,23163.6699,23352.3398,23352.3398,2519500000
2020-03-27,23768.4102,23791.1992,23354.0098,23484.2793,23484.2793,2199700000
2020-03-30,23020.8496,23491.5098,22973.3301,23175.1094,23175.1094,2553400000
2020-03-31,23613.2695,23627.5293,23238.0391,23603.4805,23603.4805,2876300000
2020-04-01,23365.9004,23540.0098,22947.6406,23085.7891,23085.7891,2880000000
2020-04-02,22838.6699,23280.0605,22756.1309,23280.0605,23280.0605,2560900000
2020-04-03,23072.9492,23236.1094,23030.5801,23236.1094,23236.1094,1870600000
2020-04-06,23558.8301,23832.9297,23271.4707,23749.1191,23749.1191,1834000000
2020-04-07,24093.0508,24262.0098,23796.0293,24253.2891,24253.2891,2535000000
2020-04-08,24191.3203,24191.3203,23897.4004,23970.3691,23970.3691,1840900000
2020-04-09,24181.3203,24308.6895,24045.1797,24300.3301,24300.3301,1725300000
2020-04-14,24347.6094,24546.3906,24283.1309,24435.4004,24435.4004,2050400000
2020-04-15,24499.8594,24603.5996,24090.5000,24145.3398,24145.3398,1906600000
2020-04-16,24025.4492,24102.9102,23854.7891,24006.4492,24006.4492,1865500000
2020-04-17,24457.8301,24666.6406,24308.7793,24380.0000,24380.0000,1937600000
2020-04-20,24503.5605,24503.5605,24225.5508,24330.0195,24330.0195,1375100000
2020-04-21,24247.8398,24247.8398,23676.1309,23793.5508,23793.5508,2160700000
2020-04-22,23540.5391,23939.2891,23483.3105,23893.3594,23893.3594,1668400000
2020-04-23,23983.6504,24107.8809,23806.3008,23977.3203,23977.3203,1814300000
2020-04-24,23844.5508,23957.1699,23730.4902,23831.3301,23831.3301,1301700000
2020-04-27,24030.6602,24318.8105,24030.5391,24280.1406,24280.1406,1592700000
2020-04-28,24401.1191,24582.6602,24176.8809,24575.9609,24575.9609,1687600000
2020-04-29,24786.0195,24855.4707,24549.6191,24643.5898,24643.5898,1648000000
2020-05-04,23895.1094,23897.5293,23584.9492,23613.8008,23613.8008,2556800000
2020-05-05,23755.7695,23928.4492,23697.8809,23868.6602,23868.6602,1333000000
2020-05-06,23868.0195,24235.0293,23868.0195,24137.4805,24137.4805,1890000000
2020-05-07,24120.8105,24120.8105,23913.5000,23980.6309,23980.6309,1317100000
2020-05-08,24193.3594,24263.7305,24097.1191,24230.1699,24230.1699,1274100000
2020-05-11,24470.1797,24766.8301,24470.1797,24602.0605,24602.0605,1458200000
2020-05-12,24358.0000,24411.0391,24136.1992,24245.6797,24245.6797,1479600000
2020-05-13,24111.6699,24320.1992,23979.3691,24180.3008,24180.3008,1359000000
2020-05-14,24038.0703,24081.1895,23790.2695,23829.7402,23829.7402,1697700000
2020-05-15,23834.6797,23985.1191,23671.6094,23797.4707,23797.4707,1509500000
2020-05-18,23736.6699,23952.0508,23722.1699,23934.7695,23934.7695,1645100000
2020-05-19,24489.5508,24552.5508,24314.4492,24388.1309,24388.1309,2023000000
2020-05-20,24462.9004,24514.8691,24315.7500,24399.9492,24399.9492,1432000000
2020-05-21,24528.9102,24528.9102,24208.1602,24280.0293,24280.0293,1474300000
2020-05-22,23756.9102,23756.9102,22878.2598,22930.1406,22930.1406,3681000000
2020-05-25,22725.6992,22968.6504,22519.7305,22952.2402,22952.2402,1769000000
2020-05-26,23198.3398,23481.4805,23165.4902,23384.6602,23384.6602,1421100000
2020-05-27,23515.1406,23515.1406,23134.6094,23301.3594,23301.3594,1837100000
2020-05-28,23206.7500,23451.7793,22779.6191,23132.7598,23132.7598,2356800000
2020-05-29,22781.1094,23089.7695,22781.1094,22961.4707,22961.4707,3621400000
2020-06-01,23539.9102,23806.3203,23539.9102,23732.5195,23732.5195,2569100000
2020-06-02,23792.2402,23995.9395,23766.1504,23995.9395,23995.9395,1813300000
2020-06-03,24303.5605,24364.0098,24219.9609,24325.6191,24325.6191,2455100000
2020-06-04,24643.8398,24643.8398,24204.0996,24366.3008,24366.3008,1888900000
2020-06-05,24388.1797,24810.2207,24253.5605,24770.4102,24770.4102,2397600000
2020-06-08,25018.0508,25018.7793,24678.5508,24776.7695,24776.7695,2123400000
2020-06-09,24906.0098,25253.6699,24837.7305,25057.2207,25057.2207,2203400000
2020-06-10,25179.0293,25303.7793,24968.3008,25049.7305,25049.7305,1971300000
2020-06-11,24997.8398,25059.3203,24480.1504,24480.1504,24480.1504,1839000000
2020-06-12,23920.6992,24317.7207,23895.0293,24301.3809,24301.3809,1824500000
2020-06-15,23991.3809,24242.9707,23684.9609,23776.9492,23776.9492,2104500000
2020-06-16,24318.1504,24534.7695,24302.2500,24344.0898,24344.0898,1611600000
2020-06-17,24363.3906,24532.0098,24195.8203,24481.4102,24481.4102,1278300000
2020-06-18,24386.3105,24464.9395,24121.8906,24464.9395,24464.9395,1811300000
2020-06-19,24373.3594,24776.5391,24334.3594,24643.8906,24643.8906,2390300000
2020-06-22,24528.5293,24628.9492,24391.1699,24511.3398,24511.3398,1612300000
2020-06-23,24541.4395,24907.3398,24184.8809,24907.3398,24907.3398,1549100000
2020-06-24,25034.8691,25071.3203,24770.9492,24781.5801,24781.5801,1431900000
2020-06-26,24697.9805,24756.5801,24537.7695,24549.9902,24549.9902,1509300000
2020-06-29,24627.6406,24627.6406,24148.6191,24301.2793,24301.2793,1835900000
2020-06-30,24468.2402,24598.6094,24271.7695,24427.1895,24427.1895,1892300000
2020-07-02,24563.5703,25124.1895,24563.5703,25124.1895,25124.1895,2746500000
2020-07-03,25319.2793,25453.5801,25182.5996,25373.1191,25373.1191,2320600000
2020-07-06,25545.5391,26453.6094,25543.1504,26339.1602,26339.1602,4883400000
2020-07-07,26571.0801,26782.6191,25911.7402,25975.6602,25975.6602,3913800000
2020-07-08,26078.6094,26299.8398,25849.7793,26129.1797,26129.1797,2582700000
2020-07-09,26351.1309,26374.9395,26016.7500,26210.1602,26210.1602,2452700000
2020-07-10,25931.7793,26137.9102,25570.3594,25727.4102,25727.4102,2142200000
2020-07-13,25848.8008,26103.8398,25715.2402,25772.1191,25772.1191,2127300000
2020-07-14,25663.1602,25663.1602,25254.3203,25477.8906,25477.8906,2180300000
2020-07-15,25888.7793,25888.7793,25299.3594,25481.5801,25481.5801,1849300000
2020-07-16,25549.4004,25576.4902,24919.9492,24970.6895,24970.6895,1935100000
2020-07-17,25142.0605,25263.9707,25015.2793,25089.1699,25089.1699,1362500000
2020-07-20,25019.5996,25222.1094,24766.1699,25057.9902,25057.9902,1650600000
2020-07-21,25427.0605,25635.6602,25378.3809,25635.6602,25635.6602,1752200000
2020-07-22,25575.2500,25779.6602,25057.9395,25057.9395,25057.9395,2390100000
2020-07-23,25235.9004,25346.3594,24992.3691,25263.0000,25263.0000,1910000000
2020-07-24,25040.7598,25101.0996,24598.4609,24705.3301,24705.3301,3029700000
2020-07-27,24909.9609,24972.4609,24526.9102,24603.2598,24603.2598,1491200000
2020-07-28,24942.7402,24942.7402,24642.3496,24772.7598,24772.7598,1358400000
2020-07-29,24710.5098,24905.4395,24671.5098,24883.1406,24883.1406,1080300000
2020-07-30,24979.2402,25197.3105,24616.0508,24710.5898,24710.5898,1779700000
2020-07-31,24747.2891,24938.8496,24534.7891,24595.3496,24595.3496,1763200000
2020-08-03,24566.8105,24647.2793,24250.9805,24458.1309,24458.1309,2012700000
2020-08-04,24664.5996,25062.4102,24539.4395,24946.6309,24946.6309,1906600000
2020-08-05,25029.3906,25167.2207,24868.2891,25102.5391,25102.5391,1477900000
2020-08-06,25201.4395,25201.4395,24641.0898,24930.5801,24930.5801,1596200000
2020-08-07,24909.3691,24909.3691,24167.7891,24531.6191,24531.6191,1610200000
2020-08-10,24376.8203,24536.0098,24272.6699,24377.4297,24377.4297,1256400000
2020-08-11,24662.0391,25031.5703,24662.0391,24890.6797,24890.6797,1628400000
2020-08-12,24868.6309,25291.8008,24685.4395,25244.0195,25244.0195,1764000000
2020-08-13,25490.0195,25490.0195,25144.4609,25230.6699,25230.6699,1761200000
2020-08-14,25072.4492,25378.5293,25040.5508,25183.0098,25183.0098,1429800000
2020-08-17,25212.2793,25588.6699,25163.2891,25347.3398,25347.3398,1955700000
2020-08-18,25470.9707,25470.9707,25257.8809,25367.3809,25367.3809,1534800000
2020-08-19,25359.0293,25382.5098,25079.2500,25178.9102,25178.9102,1132200000
2020-08-20,25055.3496,25055.3496,24621.3203,24791.3906,24791.3906,1995700000
2020-08-21,25007.1309,25178.7891,24885.8594,25113.8398,25113.8398,1210300000
2020-08-24,25352.7891,25551.5801,25325.1504,25551.5801,25551.5801,1352300000
2020-08-25,25586.9902,25621.0801,25352.2598,25486.2207,25486.2207,1350800000
2020-08-26,25520.4102,25603.1699,25360.0293,25491.7891,25491.7891,1319900000
2020-08-27,25469.7695,25469.7695,25186.4199,25281.1504,25281.1504,1701300000
2020-08-28,25330.7695,25749.4004,25258.1602,25422.0605,25422.0605,2065300000
2020-08-31,25732.4902,25847.1094,25177.0508,25177.0508,25177.0508,3195400000
2020-09-01,25085.6699,25254.1406,24995.4492,25184.8496,25184.8496,1729500000
2020-09-02,25239.8594,25239.8594,24931.1699,25120.0898,25120.0898,2350000000
2020-09-03,25026.9902,25216.0195,24854.5801,25007.5996,25007.5996,2007300000
2020-09-04,24668.8008,24813.9609,24488.6406,24695.4492,24695.4492,3393700000
2020-09-07,24621.0195,24908.2891,24475.6094,24589.6504,24589.6504,1682900000
2020-09-08,24785.2598,24785.2598,24341.3203,24624.3398,24624.3398,2074600000
2020-09-09,24295.4199,24520.9199,24213.3594,24468.9297,24468.9297,1749300000
2020-09-10,24584.9395,24615.5996,24293.2109,24313.5391,24313.5391,1349500000
2020-09-11,24352.6309,24572.6602,24293.0293,24503.3105,24503.3105,1306600000
2020-09-14,24569.0293,24750.9492,24556.5195,24640.2793,24640.2793,1091400000
2020-09-15,24621.6504,24826.8691,24621.6504,24732.7598,24732.7598,1733800000
2020-09-16,24823.9609,24829.8691,24635.2402,24725.6309,24725.6309,1303200000
2020-09-17,24676.4102,24713.7891,24250.9004,24340.8496,24340.8496,1630900000
2020-09-18,24381.1309,24501.1602,24295.0098,24455.4102,24455.4102,2301800000
2020-09-21,24483.9102,24542.5508,23928.0195,23950.6895,23950.6895,1602100000
2020-09-22,23839.6699,23908.5098,23675.6191,23716.8496,23716.8496,1553200000
2020-09-23,23701.1191,23795.1895,23559.9902,23742.5098,23742.5098,1642900000
2020-09-24,23537.8301,23590.4199,23225.3301,23311.0703,23311.0703,1913700000
2020-09-25,23425.7500,23495.2598,23124.2500,23235.4199,23235.4199,1794100000
2020-09-28,23284.0898,23523.8105,23250.3398,23476.0508,23476.0508,1446800000
2020-09-29,23584.6094,23601.4004,23256.9199,23275.5293,23275.5293,1526700000
2020-09-30,23548.8906,23780.8691,23368.4902,23459.0508,23459.0508,1453000000
2020-10-05,24039.3906,24039.3906,23674.5195,23767.7793,23767.7793,1420400000
2020-10-06,23895.2109,24005.0293,23842.2500,23980.6504,23980.6504,1325500000
2020-10-07,23999.7891,24243.9102,23905.4199,24242.8594,24242.8594,1537100000
2020-10-08,24263.3301,24263.3301,24021.9297,24193.3496,24193.3496,1182000000
2020-10-09,24343.8105,24343.8105,24059.2891,24119.1309,24119.1309,1359000000
2020-10-12,24217.2500,24702.8105,24196.8008,24649.6797,24649.6797,2430400000
2020-10-14,24808.8496,24808.8496,24498.9395,24667.0898,24667.0898,2550000000
2020-10-15,24533.7500,24573.2500,24102.2109,24158.5391,24158.5391,2134200000
2020-10-16,24194.4102,24456.9707,24194.4102,24386.7891,24386.7891,2697500000
2020-10-19,24565.4297,24771.8496,24478.4707,24542.2598,24542.2598,3605500000
2020-10-20,24571.6406,24600.3906,24456.8398,24569.5391,24569.5391,1879100000
2020-10-21,24695.5391,24903.0000,24653.1602,24754.4199,24754.4199,1929400000
2020-10-22,24696.3105,24817.0098,24556.5508,24786.1309,24786.1309,2486900000
2020-10-23,24773.1191,24970.5898,24683.2500,24918.7793,24918.7793,2368200000
2020-10-27,24839.9707,24872.5195,24602.1094,24787.1895,24787.1895,2435200000
2020-10-28,24773.5391,24844.7891,24586.0605,24708.8008,24708.8008,2011900000
2020-10-29,24290.0098,24678.9004,24258.5605,24586.5996,24586.5996,1936700000
2020-10-30,24535.9004,24600.5391,24029.9492,24107.4199,24107.4199,2537700000
2020-11-02,24274.8301,24486.0195,24232.6602,24460.0098,24460.0098,2355400000
2020-11-03,24689.5605,25048.5293,24689.5098,24939.7305,24939.7305,2244400000
2020-11-04,24790.0000,25093.7207,24733.2305,24886.1406,24886.1406,2305600000
2020-11-05,25500.9102,25695.9199,25343.4395,25695.9199,25695.9199,2617500000
2020-11-06,25750.7793,25799.9707,25540.9805,25712.9707,25712.9707,2370500000
2020-11-09,26157.7695,26172.2305,25950.4102,26016.1699,26016.1699,2350100000
2020-11-10,26474.0391,26474.0391,26041.8691,26301.4805,26301.4805,3847100000
2020-11-11,26226.8008,26432.5605,26168.6309,26226.9805,26226.9805,4120800000
2020-11-12,26409.3398,26460.9395,26071.1504,26169.3809,26169.3809,2679000000
2020-11-13,26114.5996,26156.8594,25909.1797,26156.8594,26156.8594,2435100000
2020-11-16,26362.0703,26394.4004,26191.5391,26381.6699,26381.6699,2090200000
2020-11-17,26515.0898,26530.5391,26339.8809,26415.0898,26415.0898,2394600000
2020-11-18,26434.2402,26618.0098,26344.8594,26544.2891,26544.2891,2292800000
2020-11-19,26460.6094,26460.6094,26311.6406,26356.9707,26356.9707,2413900000
2020-11-20,26406.8691,26564.2500,26313.2793,26451.5391,26451.5391,2149400000
2020-11-23,26659.7891,26662.6602,26369.3398,26486.1992,26486.1992,2235200000
2020-11-24,26630.3398,26630.3398,26409.7695,26588.1992,26588.1992,2015000000
2020-11-25,26819.9609,27040.4102,26591.3008,26669.7500,26669.7500,2860000000
2020-11-26,26695.2500,26819.4492,26612.0000,26819.4492,26819.4492,1977700000
2020-11-27,26758.4902,27009.1504,26704.5996,26894.6797,26894.6797,2733600000
2020-11-30,26853.3906,26960.9297,26322.6797,26341.4902,26341.4902,5742100000
2020-12-01,26422.7109,26662.1797,26375.2402,26567.6797,26567.6797,3564200000
2020-12-02,26670.1191,26670.1191,26379.4805,26532.5801,26532.5801,3704100000
2020-12-03,26623.4199,26781.9902,26556.0195,26728.5000,26728.5000,2830400000
2020-12-04,26811.5898,26835.9199,26652.3398,26835.9199,26835.9199,3205400000
2020-12-07,26870.5801,26870.5801,26256.4004,26506.8496,26506.8496,2806000000
2020-12-08,26460.3496,26460.3496,26270.9102,26304.5605,26304.5605,2542700000
2020-12-09,26510.4199,26666.9395,26445.6602,26502.8398,26502.8398,2537700000
2020-12-10,26335.2598,26434.4707,26287.0195,26410.5898,26410.5898,2000600000
2020-12-11,26634.2109,26704.0098,26443.0098,26505.8691,26505.8691,2497400000
2020-12-14,26522.0996,26544.1191,26318.1094,26389.5195,26389.5195,2211000000
2020-12-15,26418.9297,26436.0391,26127.6797,26207.2891,26207.2891,2587100000
2020-12-16,26421.2109,26510.1895,26318.7402,26460.2891,26460.2891,2043400000
2020-12-17,26608.4395,26678.3809,26390.5898,26678.3809,26678.3809,2262400000
2020-12-18,26650.4902,26668.0996,26363.0508,26498.5996,26498.5996,3080000000
2020-12-21,26422.6191,26498.6504,26274.6504,26306.6797,26306.6797,2045000000
2020-12-22,26260.7793,26365.1992,25998.8691,26119.2500,26119.2500,1747500000
2020-12-23,26083.1094,26343.0996,26071.7598,26343.0996,26343.0996,2009500000
2020-12-24,26342.8691,26470.4004,26221.3008,26386.5605,26386.5605,1297800000
2020-12-28,26288.3691,26514.0801,26264.3203,26314.6309,26314.6309,2669600000
2020-12-29,26490.4492,26618.7793,26432.9102,26568.4902,26568.4902,2304700000
2020-12-30,26695.1094,27159.4707,26670.9707,27147.1094,27147.1094,2552800000
2020-12-31,27194.7891,27340.9902,27163.5098,27231.1309,27231.1309,2054700000
2021-01-04,27087.1309,27502.8301,27079.2402,27472.8105,27472.8105,2870400000
2021-01-05,27281.3398,27690.2109,27150.3809,27649.8594,27649.8594,3282500000
2021-01-06,27613.3398,27756.4297,27389.7793,27692.3008,27692.3008,3079400000
2021-01-07,27715.9395,27752.3594,27457.4707,27548.5195,27548.5195,3775100000
2021-01-08,27630.0293,27920.7695,27538.1992,27878.2207,27878.2207,5667300000
2021-01-11,28003.9805,28176.6504,27794.8105,27908.2207,27908.2207,4366100000
2021-01-12,27894.2891,28276.7500,27781.4199,28276.7500,28276.7500,3399600000
2021-01-13,28309.3203,28414.5391,28136.6406,28235.5996,28235.5996,3559400000
2021-01-14,28408.1191,28510.9199,28280.0898,28496.8594,28496.8594,3205600000
2021-01-15,28394.3691,28667.5898,28294.6602,28573.8594,28573.8594,4485400000
2021-01-18,28454.5898,28864.2500,28390.2891,28862.7695,28862.7695,2956400000
2021-01-19,29100.1699,29848.4297,29100.1699,29642.2793,29642.2793,4568200000
2021-01-20,29794.4102,29993.4707,29676.5391,29962.4707,29962.4707,3937800000
2021-01-21,29951.7793,30135.5000,29745.8691,29927.7598,29927.7598,3004900000
2021-01-22,29809.2305,29862.8906,29413.5195,29447.8496,29447.8496,3381700000
2021-01-25,29677.3008,30191.1602,29673.2598,30159.0098,30159.0098,3066500000
2021-01-26,29892.8496,29965.1094,29345.7402,29391.2598,29391.2598,4810700000
2021-01-27,29556.5801,29636.6309,29194.3691,29297.5293,29297.5293,3809000000
2021-01-28,28914.8496,29191.6797,28467.0098,28550.7695,28550.7695,2993500000
2021-01-29,28826.1797,28972.0605,28259.7305,28283.7109,28283.7109,3196800000
2021-02-01,28457.8496,28982.7695,28382.2598,28892.8594,28892.8594,2464300000
2021-02-02,29378.1191,29511.0000,29198.8594,29248.6992,29248.6992,2739200000
2021-02-03,29305.4102,29312.0000,28967.0098,29307.4609,29307.4609,2681400000
2021-02-04,29093.5391,29409.0000,28775.3809,29113.5000,29113.5000,3032200000
2021-02-05,29305.0898,29495.6406,29184.0898,29288.6797,29288.6797,2675300000
2021-02-08,29629.0801,29706.0801,29293.6406,29319.4707,29319.4707,2196700000
2021-02-09,29442.5000,29527.6699,29263.9805,29476.1895,29476.1895,1851000000
2021-02-10,29796.1895,30075.5000,29732.2305,30038.7207,30038.7207,1998300000
2021-02-11,29995.2793,30184.1699,29828.6191,30173.5703,30173.5703,1192100000
2021-02-16,30675.8203,30793.4805,30497.4004,30746.6602,30746.6602,3269700000
2021-02-17,30636.3691,31168.3008,30503.4609,31084.9395,31084.9395,3144000000
2021-02-18,31183.3594,31183.3594,30570.5508,30595.2695,30595.2695,3687600000
2021-02-19,30483.4609,30720.1504,30099.7109,30644.7305,30644.7305,3317200000
2021-02-22,31071.6094,31071.6094,30298.5801,30319.8301,30319.8301,4449900000
2021-02-23,30189.9707,30948.4707,30126.4004,30632.6406,30632.6406,4605700000
2021-02-24,30702.6504,30792.8809,29532.6797,29718.2402,29718.2402,4846300000
2021-02-25,30174.2207,30453.1191,29833.0508,30074.1699,30074.1699,3663900000
2021-02-26,29412.1309,29579.6699,28980.2109,28980.2109,28980.2109,4126400000
2021-03-01,29457.8906,29550.7500,29195.9707,29452.5703,29452.5703,2629100000
2021-03-02,29708.3906,29765.9609,28957.3105,29095.8594,29095.8594,2895800000
2021-03-03,29249.4297,29912.0000,29183.5898,29880.4199,29880.4199,3228600000
2021-03-04,29525.4805,29597.1602,29102.0996,29236.7891,29236.7891,2957900000
2021-03-05,28667.1406,29397.2695,28513.1309,29098.2891,29098.2891,3996700000
2021-03-08,29362.5898,29386.3301,28422.2695,28540.8301,28540.8301,4906900000
2021-03-09,28665.2598,29047.1309,28326.1309,28773.2305,28773.2305,4377900000
2021-03-10,29255.3691,29255.3691,28710.9102,28907.5195,28907.5195,2842800000
2021-03-11,28909.9805,29412.4199,28893.2109,29385.6094,29385.6094,3604300000
2021-03-12,29550.3691,29550.3691,28707.3496,28739.7207,28739.7207,3557200000
2021-03-15,28923.9492,29178.9902,28612.7402,28833.7598,28833.7598,3096700000
2021-03-16,29036.8203,29118.6191,28872.4004,29027.6895,29027.6895,2351600000
2021-03-17,28992.2402,29180.0098,28780.2305,29034.1191,29034.1191,1901300000
2021-03-18,29317.6094,29596.5801,29317.6094,29405.7207,29405.7207,2113700000
2021-03-19,29158.4805,29271.4004,28737.5391,28990.9395,28990.9395,3814400000
2021-03-22,28801.0898,29139.0703,28801.0898,28885.3398,28885.3398,2065800000
2021-03-23,29008.0195,29043.1797,28376.2207,28497.3809,28497.3809,2049600000
2021-03-24,28437.4902,28457.8691,27827.0508,27918.1406,27918.1406,2689100000
2021-03-25,27628.0801,28032.0098,27505.0801,27899.6094,27899.6094,2595000000
2021-03-26,28043.6504,28415.1504,28014.2891,28336.4297,28336.4297,2415400000
2021-03-29,28317.3203,28484.6602,28132.3594,28338.3008,28338.3008,2847700000
2021-03-30,28552.7695,28694.1504,28371.2305,28577.5000,28577.5000,2269800000
2021-03-31,28802.5293,28802.5293,28332.7793,28378.3496,28378.3496,2703800000
2021-04-01,28594.5508,28938.7402,28511.6504,28938.7402,28938.7402,2233000000
2021-04-07,29101.4004,29101.4004,28598.8594,28674.8008,28674.8008,2223600000
2021-04-08,28604.1191,29054.8203,28587.1094,29008.0703,29008.0703,2522300000
2021-04-09,29152.4395,29152.4395,28604.5508,28698.8008,28698.8008,1897300000
2021-04-12,28791.9707,28791.9707,28274.2695,28453.2793,28453.2793,1992300000
2021-04-13,28557.8398,28877.1504,28452.1191,28497.2500,28497.2500,2062100000
2021-04-14,28796.5508,28979.3496,28685.0605,28900.8301,28900.8301,1941500000
2021-04-15,28872.8203,28884.5703,28530.9902,28793.1406,28793.1406,1901900000
2021-04-16,28827.1699,29079.1797,28711.1094,28969.7109,28969.7109,2192400000
2021-04-19,28960.1309,29319.7598,28806.7598,29106.1504,29106.1504,2020100000
2021-04-20,28962.8008,29220.1895,28885.5508,29135.7305,29135.7305,2014200000
2021-04-21,28702.2695,28778.3594,28506.7598,28621.9199,28621.9199,2202000000
2021-04-22,28716.9805,28848.0195,28597.0000,28755.3398,28755.3398,1934900000
2021-04-23,28798.4492,29078.7500,28748.5703,29078.7500,29078.7500,1901000000
2021-04-26,29106.4492,29238.9902,28908.6504,28952.8301,28952.8301,1786400000
2021-04-27,28895.3809,29045.1094,28793.2207,28941.5391,28941.5391,1834900000
2021-04-28,28991.9395,29071.3398,28887.3301,29071.3398,29071.3398,2074100000
2021-04-29,29268.2109,29405.1191,29162.8691,29303.2598,29303.2598,1838100000
2021-04-30,29143.4297,29154.7500,28701.6895,28724.8809,28724.8809,2577600000
2021-05-03,28659.9102,28684.8301,28256.0293,28357.5391,28357.5391,1726000000
2021-05-04,28438.1504,28577.5195,28321.3398,28557.1406,28557.1406,1921100000
2021-05-05,28427.6699,28677.3594,28325.9609,28417.9805,28417.9805,1720800000
2021-05-06,28647.9707,28753.9707,28384.1191,28637.4609,28637.4609,2478800000
2021-05-07,28721.1309,28884.0293,28530.7109,28610.6504,28610.6504,2205300000
2021-05-10,28776.9902,28842.1094,28453.1406,28595.6602,28595.6602,2358800000
2021-05-11,28286.5605,28286.5605,27910.7109,28013.8105,28013.8105,2383400000
2021-05-12,28073.9199,28231.0391,27897.4707,28231.0391,28231.0391,2132300000
2021-05-13,27920.0098,28060.9297,27718.6699,27718.6699,27718.6699,2167400000
2021-05-14,27872.6895,28064.0098,27715.8809,28027.5703,28027.5703,1880800000
2021-05-17,28130.5098,28268.3906,28074.1406,28194.0898,28194.0898,1857000000
2021-05-18,28438.0293,28617.3398,28438.0293,28593.8105,28593.8105,2066000000
2021-05-20,28413.4902,28508.2402,28293.2305,28450.2891,28450.2891,2465800000
2021-05-21,28584.3398,28584.3398,28286.9199,28458.4395,28458.4395,1653200000
2021-05-24,28417.9902,28444.3594,28195.5195,28412.2598,28412.2598,1719600000
2021-05-25,28461.5000,28929.2402,28461.5000,28910.8594,28910.8594,2352100000
2021-05-26,29056.2793,29261.8594,29027.9492,29166.0098,29166.0098,2518500000
2021-05-27,28998.3906,29157.9492,28950.7207,29113.1992,29113.1992,3805000000
2021-05-28,29219.4609,29336.1309,29033.7207,29124.4102,29124.4102,2591600000
2021-05-31,29225.4609,29225.4609,28909.5195,29151.8008,29151.8008,2188600000
2021-06-01,29159.0605,29480.1602,29036.4492,29468.0000,29468.0000,1832000000
2021-06-02,29414.6406,29490.6094,29208.7305,29297.6191,29297.6191,1933200000
2021-06-03,29365.3203,29377.9004,28902.6699,28966.0293,28966.0293,2241800000
2021-06-04,28837.9492,29023.1797,28737.9707,28918.0996,28918.0996,3054600000
2021-06-07,28985.5996,29003.9902,28615.6094,28787.2793,28787.2793,2573200000
2021-06-08,28900.5195,28979.1992,28638.3105,28781.3809,28781.3809,1626900000
2021-06-09,28771.1406,28859.5801,28687.6895,28742.6309,28742.6309,1807000000
2021-06-10,28792.0195,28954.4004,28664.9395,28738.8809,28738.8809,1940100000
2021-06-11,28864.9004,28965.1504,28743.8203,28842.1309,28842.1309,2038600000
2021-06-15,28946.4395,28946.4395,28453.4805,28638.5293,28638.5293,2376500000
2021-06-16,28609.3691,28648.6406,28403.6406,28436.8398,28436.8398,2053800000
2021-06-17,28240.8809,28558.5898,28216.0898,28558.5898,28558.5898,1888000000
2021-06-18,28586.0391,28830.8496,28532.0801,28801.2695,28801.2695,3761400000
2021-06-21,28501.6406,28590.2207,28314.9297,28489.0000,28489.0000,2182700000
2021-06-22,28575.1602,28579.0000,28299.6602,28309.7598,28309.7598,1980100000
2021-06-23,28468.2402,28893.7891,28406.6094,28817.0703,28817.0703,2293400000
2021-06-24,28865.4609,28993.3691,28782.3398,28882.4609,28882.4609,1723200000
2021-06-25,29002.6699,29305.1699,28971.5996,29288.2207,29288.2207,2149400000
2021-06-28,29366.4902,29394.6895,29209.4297,29268.3008,29268.3008,1512600000
2021-06-29,29291.8906,29291.8906,28924.6094,28994.0996,28994.0996,2356500000
2021-06-30,29107.9004,29146.2793,28827.6992,28827.9492,28827.9492,2051500000
2021-07-02,28859.0195,28859.0195,28231.7305,28310.4199,28310.4199,2816200000
2021-07-05,28098.9102,28338.7891,28042.7109,28143.5000,28143.5000,1827200000
2021-07-06,28136.6309,28151.3496,27904.5293,28072.8594,28072.8594,1904200000
2021-07-07,27777.8105,27969.4102,27703.4102,27960.6191,27960.6191,2040700000
2021-07-08,27881.5000,27921.0605,27110.6191,27153.1309,27153.1309,2948600000
2021-07-09,27131.5703,27450.7891,26861.8691,27344.5391,27344.5391,2500000000
2021-07-12,27672.6992,27741.1895,27420.3496,27515.2402,27515.2402,2054200000
2021-07-13,27694.0293,28052.3203,27612.6895,27963.4102,27963.4102,1995600000
2021-07-14,27965.3906,27965.3906,27708.7109,27787.4609,27787.4609,1865700000
2021-07-15,27801.4004,28181.2109,27741.0898,27996.2695,27996.2695,2081500000
2021-07-16,27972.5605,28218.5293,27878.5293,28004.6797,28004.6797,1968800000
2021-07-19,27786.5391,27786.5391,27397.2891,27489.7793,27489.7793,1874200000
2021-07-20,27395.8301,27532.8594,27121.4902,27259.2500,27259.2500,2263400000
2021-07-21,27339.2207,27371.5000,26971.0293,27224.5801,27224.5801,1672500000
2021-07-22,27464.2793,27759.7109,27455.4297,27723.8398,27723.8398,1807200000
2021-07-23,27740.9492,27740.9492,27222.0391,27321.9805,27321.9805,1182700000
2021-07-26,26825.7305,26878.7500,26177.4004,26192.3203,26192.3203,2695200000
2021-07-27,26011.5098,26323.6094,24748.8398,25086.4297,25086.4297,4657400000
2021-07-28,25356.7402,25520.7500,24848.4297,25473.8809,25473.8809,3391800000
2021-07-29,26221.3594,26335.3594,25857.4199,26315.3203,26315.3203,3272200000
2021-07-30,26042.8398,26151.0000,25636.8906,25961.0293,25961.0293,2425100000
2021-08-02,26054.8105,26300.5508,25743.0898,26235.8008,26235.8008,1768600000
2021-08-03,26289.0605,26289.0605,25774.6191,26194.8203,26194.8203,2010000000
2021-08-04,26161.8301,26650.8203,26009.8301,26426.5508,26426.5508,1776500000
2021-08-05,26390.0098,26569.3691,26126.3691,26204.6895,26204.6895,1695600000
2021-08-06,26262.9707,26276.8691,26002.4102,26179.4004,26179.4004,1559600000
2021-08-09,25969.2305,26527.2402,25920.8496,26283.4004,26283.4004,1585100000
2021-08-10,26456.6094,26610.9492,26138.8691,26605.6191,26605.6191,1735300000
2021-08-11,26491.7402,26822.4707,26454.4492,26660.1602,26660.1602,2414400000
2021-08-12,26623.7695,26713.2402,26385.4492,26517.8203,26517.8203,1655000000
2021-08-13,26296.1895,26521.9492,26200.2402,26391.6191,26391.6191,1336200000
2021-08-16,26365.1895,26449.7109,26046.9004,26181.4609,26181.4609,1648300000
2021-08-17,26137.9004,26258.7891,25615.3809,25745.8691,25745.8691,2291300000
2021-08-18,25800.0293,26025.1406,25708.9492,25867.0098,25867.0098,1756900000
2021-08-19,25787.8398,25832.9199,25183.6699,25316.3301,25316.3301,2312900000
2021-08-20,25241.3203,25244.7500,24581.5996,24849.7207,24849.7207,2855800000
2021-08-23,25169.4492,25458.3301,25036.9902,25109.5898,25109.5898,2185000000
2021-08-24,25428.6797,25727.9199,25361.7500,25727.9199,25727.9199,2052900000
2021-08-25,25930.0508,25982.6406,25548.4707,25693.9492,25693.9492,1716400000
2021-08-26,25673.7793,25706.6191,25255.8301,25415.6895,25415.6895,1834100000
2021-08-27,25337.5508,25641.3301,25304.6191,25407.8906,25407.8906,1528000000
2021-08-30,25406.4902,25583.5898,25219.8008,25539.5391,25539.5391,1995600000
2021-08-31,25524.2305,25878.9902,25110.7207,25878.9902,25878.9902,2918100000
2021-09-01,25871.8203,26101.9492,25694.1094,26028.2891,26028.2891,2181300000
2021-09-02,26203.5195,26359.3105,25967.9805,26090.4297,26090.4297,2024300000
2021-09-03,26022.6699,26052.8105,25811.7695,25901.9902,25901.9902,2549400000
2021-09-06,25827.1699,26176.4297,25827.1699,26163.6309,26163.6309,1912500000
2021-09-07,26207.2207,26458.8809,26135.4004,26353.6309,26353.6309,1842200000
2021-09-08,26396.1094,26560.0391,26164.7891,26320.9297,26320.9297,1861300000
2021-09-09,26076.9297,26125.0898,25624.5195,25716.0000,25716.0000,2090800000
2021-09-10,25870.7109,26205.9102,25870.7109,26205.9102,26205.9102,2001300000
2021-09-13,25885.3008,25886.9004,25570.8398,25813.8105,25813.8105,2315600000
2021-09-14,25827.6992,25900.6797,25377.8301,25502.2305,25502.2305,2399000000
2021-09-15,25310.0293,25411.9102,24990.9395,25033.2109,25033.2109,2420900000
2021-09-16,25042.0293,25045.5508,24505.2109,24667.8496,24667.8496,2499800000
2021-09-17,24589.1699,24920.7598,24424.7402,24920.7598,24920.7598,3102300000
2021-09-20,24640.4297,24640.4297,23871.8398,24099.1406,24099.1406,2651600000
2021-09-21,23867.1602,24284.8691,23771.4609,24221.5391,24221.5391,2079700000
2021-09-23,24614.1406,24827.4609,24313.6797,24510.9805,24510.9805,2711900000
2021-09-24,24487.2402,24636.6406,24095.7891,24192.1602,24192.1602,2014400000
2021-09-27,24131.4199,24509.0000,24131.4199,24208.7793,24208.7793,2323600000
2021-09-28,24323.0000,24679.4609,24232.9805,24500.3906,24500.3906,2457900000
2021-09-29,24276.7109,24694.4609,24045.9902,24663.5000,24663.5000,2150200000
2021-09-30,24494.2598,24660.6797,24346.7500,24575.6406,24575.6406,1580400000
2021-10-04,24478.6797,24478.6797,23908.0508,24036.3691,24036.3691,1596300000
2021-10-05,23771.6504,24180.0801,23681.4395,24104.1504,24104.1504,1717000000
2021-10-06,24259.1992,24259.1992,23812.3496,23966.4902,23966.4902,1878700000
2021-10-07,24339.3203,24741.2793,24310.1094,24701.7305,24701.7305,1764600000
2021-10-08,25064.8008,25064.8008,24595.5801,24837.8496,24837.8496,2359000000
2021-10-11,25161.8008,25437.1602,25161.8008,25325.0898,25325.0898,2114300000
2021-10-12,24995.9492,25188.7793,24865.8008,24962.5898,24962.5898,1835300000
2021-10-15,25187.0508,25330.9609,24929.5605,25330.9609,25330.9609,2345200000
2021-10-18,25425.3203,25425.3203,25123.2500,25409.7500,25409.7500,1648000000
2021-10-19,25471.2500,25808.6191,25458.0293,25787.2109,25787.2109,1671200000
2021-10-20,26074.1992,26214.6309,25915.6191,26136.0195,26136.0195,1823600000
2021-10-21,26141.8496,26229.8008,25840.5898,26017.5293,26017.5293,2085100000
2021-10-22,26114.8398,26195.2891,25976.0293,26126.9297,26126.9297,1699600000
2021-10-25,26020.7793,26212.9004,25929.6699,26132.0293,26132.0293,1455200000
2021-10-26,26234.9395,26234.9395,25905.0801,26038.2695,26038.2695,1533500000
2021-10-27,25795.1699,25795.1699,25555.1699,25628.7402,25628.7402,1620800000
2021-10-28,25648.4199,25736.3809,25473.1602,25555.7305,25555.7305,2021100000
2021-10-29,25466.8594,25516.2207,25314.2402,25377.2402,25377.2402,2051300000
2021-11-01,25268.3496,25270.4102,24972.5000,25154.3203,25154.3203,1586700000
2021-11-02,25609.0098,25639.6602,25030.6895,25099.6699,25099.6699,1964600000
2021-11-03,25060.9297,25187.0898,24808.5898,25024.7500,25024.7500,1690500000
2021-11-04,25141.0996,25244.9805,25010.3594,25225.1895,25225.1895,1639500000
2021-11-05,24950.6797,25049.3691,24724.3906,24870.5098,24870.5098,2020700000
2021-11-08,24743.5391,24837.7695,24633.5703,24763.7695,24763.7695,1762600000
2021-11-09,24952.8203,24956.3691,24678.6602,24813.1309,24813.1309,1154700000
2021-11-10,24787.4395,25013.1094,24481.2598,24996.1406,24996.1406,1688100000
2021-11-11,24856.1094,25324.6602,24836.2109,25247.9902,25247.9902,2001900000
2021-11-12,25522.8301,25527.1309,25210.5605,25327.9707,25327.9707,1632100000
2021-11-15,25437.9902,25483.2598,25230.3301,25390.9102,25390.9102,1155800000
2021-11-16,25446.6504,25746.7109,25410.8691,25713.7793,25713.7793,1528800000
2021-11-17,25667.8105,25667.8105,25520.6699,25650.0801,25650.0801,1193800000
2021-11-18,25369.8809,25414.2109,25222.5996,25319.7207,25319.7207,1342900000
2021-11-19,24934.4004,25077.1504,24825.4297,25049.9707,25049.9707,1640400000
2021-11-22,25057.0605,25099.9492,24869.9395,24951.3398,24951.3398,1510400000
2021-11-23,24688.9902,24794.7207,24618.7402,24651.5801,24651.5801,1486300000
2021-11-24,24672.0996,24851.5293,24557.6309,24685.5000,24685.5000,1791000000
2021-11-25,24699.6895,24762.6094,24532.8203,24740.1602,24740.1602,1188600000
2021-11-26,24502.6797,24502.6797,24062.2598,24080.5195,24080.5195,1804100000
2021-11-29,23910.4902,24134.3203,23774.3105,23852.2402,23852.2402,1741000000
2021-11-30,23782.8594,23888.3691,23175.3691,23475.2598,23475.2598,3344900000
2021-12-01,23595.5703,23864.3008,23537.6504,23658.9199,23658.9199,2118600000
2021-12-02,23524.0508,23807.0000,23517.5195,23788.9297,23788.9297,2328200000
2021-12-03,23675.2598,23802.7695,23451.9297,23766.6895,23766.6895,2717900000
2021-12-06,23420.4395,23628.3008,23314.9707,23349.3809,23349.3809,2357400000
2021-12-07,23704.5098,23989.7793,23512.5000,23983.6602,23983.6602,2120300000
2021-12-08,24090.0195,24097.9805,23907.3008,23996.8691,23996.8691,1778600000
2021-12-09,24168.4102,24324.8398,24153.7207,24254.8594,24254.8594,1743300000
2021-12-10,24070.5605,24214.6797,23916.6309,23995.7207,23995.7207,1413900000
2021-12-13,24242.2598,24385.4395,23936.9297,23954.5801,23954.5801,1538100000
2021-12-14,23693.7305,23817.5801,23560.1309,23635.9492,23635.9492,1553600000
2021-12-15,23658.0391,23745.7500,23325.9199,23420.7598,23420.7598,1597100000
2021-12-16,23287.9297,23526.0508,23155.6191,23475.5000,23475.5000,1499000000
2021-12-17,23463.7793,23463.7793,23158.6992,23192.6309,23192.6309,2188700000
2021-12-20,23079.8301,23145.3008,22665.2500,22744.8594,22744.8594,1681600000
2021-12-21,22795.5703,23100.1797,22730.0801,22971.3301,22971.3301,1651200000
2021-12-22,23221.1309,23258.7109,22979.7598,23102.3301,23102.3301,1230800000
2021-12-23,23141.7891,23264.7500,23027.1504,23193.6406,23193.6406,1387900000
2021-12-24,23375.9902,23383.1895,23186.5703,23223.7598,23223.7598,622900000
2021-12-28,23282.3496,23319.4395,23099.4805,23280.5605,23280.5605,1433000000
2021-12-29,23253.9805,23253.9805,23008.2793,23086.5391,23086.5391,828400000
2021-12-30,23130.4492,23248.2598,22990.2402,23112.0098,23112.0098,1008400000
2021-12-31,23553.7891,23590.1191,23394.7695,23397.6699,23397.6699,675900000
2022-01-03,23510.5391,23605.0293,23193.1895,23274.7500,23274.7500,734300000
2022-01-04,23400.6191,23439.3008,23146.8906,23289.8398,23289.8398,1760100000
2022-01-05,23323.7695,23323.7695,22851.5000,22907.2500,22907.2500,2768900000
2022-01-06,22843.1992,23082.9492,22709.5996,23072.8594,23072.8594,1765800000
2022-01-07,23318.9199,23497.5000,23162.8496,23493.3809,23493.3809,2602300000
2022-01-10,23523.9004,23790.5195,23399.0898,23746.5391,23746.5391,2544900000
2022-01-11,23678.6895,23863.8301,23595.0098,23739.0605,23739.0605,2331500000
2022-01-12,24069.5195,24402.1699,24069.5195,24402.1699,24402.1699,2489500000
2022-01-13,24561.4805,24561.4805,24289.1895,24429.7695,24429.7695,2160500000
2022-01-14,24185.8594,24383.3203,24140.8105,24383.3203,24383.3203,1840000000
2022-01-17,24390.2891,24408.8809,24111.7402,24218.0293,24218.0293,1633500000
2022-01-18,24274.7500,24385.0508,24009.7109,24112.7793,24112.7793,1638900000
2022-01-19,24229.7793,24286.1406,23951.5996,24127.8496,24127.8496,1729900000
2022-01-20,24263.1504,24952.3496,24233.1797,24952.3496,24952.3496,2531400000
2022-01-21,24897.5898,24982.0293,24723.9199,24965.5508,24965.5508,2370100000
2022-01-24,24693.4297,24795.5391,24570.8691,24656.4609,24656.4609,1871500000
2022-01-25,24251.2207,24366.8906,24001.9609,24243.6094,24243.6094,2183400000
2022-01-26,24342.9004,24487.3008,24123.6992,24289.9004,24289.9004,1959600000
2022-01-27,23952.0098,23952.0098,23565.0000,23807.0000,23807.0000,1846800000
2022-01-28,23818.9395,23848.0195,23507.0293,23550.0801,23550.0801,1777200000
2022-01-31,23624.1406,23975.6992,23469.7598,23802.2598,23802.2598,995500000
2022-02-04,24392.8594,24609.3301,24140.8906,24573.2891,24573.2891,1832900000
2022-02-07,24609.4297,24616.5000,24365.8906,24579.5508,24579.5508,2538100000
2022-02-08,24548.0508,24548.0508,24149.7500,24329.4902,24329.4902,2294900000
2022-02-09,24727.3398,24896.4297,24690.4492,24829.9902,24829.9902,2511100000
2022-02-10,25050.5898,25050.5898,24649.7402,24924.3496,24924.3496,2097900000
2022-02-11,24837.1992,24957.8105,24732.6504,24906.6602,24906.6602,2514700000
2022-02-14,24725.0996,24733.1094,24482.8594,24556.5703,24556.5703,1978800000
2022-02-15,24458.5000,24570.0898,24219.9004,24355.7109,24355.7109,2625900000
2022-02-16,24618.3008,24728.9297,24548.0508,24718.9004,24718.9004,1815200000
2022-02-17,24722.8809,24861.8203,24523.9492,24792.7695,24792.7695,1566200000
2022-02-18,24633.6602,24763.3691,24284.5293,24327.7109,24327.7109,1677800000
2022-02-21,24109.5898,24231.0801,23998.7695,24170.0703,24170.0703,1618300000
2022-02-22,23692.5391,23813.6406,23336.7793,23520.0000,23520.0000,2057600000
2022-02-23,23617.9707,23745.0703,23500.9199,23660.2793,23660.2793,1416000000
2022-02-24,23268.0293,23376.3691,22786.3906,22901.5605,22901.5605,2997700000
2022-02-25,22908.0996,23046.8594,22718.1504,22767.1797,22767.1797,2524300000
2022-02-28,22818.1699,22818.1699,22406.1191,22713.0195,22713.0195,2833800000
2022-03-01,22739.8398,22937.5605,22591.7305,22761.7109,22761.7109,1796000000
2022-03-02,22568.3594,22712.4395,22299.1406,22343.9199,22343.9199,2227900000
2022-03-03,22434.2598,22543.4199,22378.1094,22467.3398,22467.3398,1937700000
2022-03-04,21879.1309,22017.9395,21838.9902,21905.2891,21905.2891,2438200000
2022-03-07,21308.9004,21327.1895,20826.3594,21057.6309,21057.6309,3322900000
2022-03-08,21082.3906,21303.5195,20638.9492,20765.8691,20765.8691,3232000000
2022-03-09,20820.0195,20957.7207,20102.5703,20627.7109,20627.7109,3674600000
2022-03-10,21106.5703,21114.4395,20709.6191,20890.2598,20890.2598,2694300000
2022-03-11,20460.0293,20778.8594,20079.1504,20553.7891,20553.7891,3020000000
2022-03-14,20203.8398,20203.8398,19416.7793,19531.6602,19531.6602,4096100000
2022-03-15,18931.1797,19392.6895,18235.4805,18415.0801,18415.0801,6012800000
2022-03-16,18956.0195,20120.8496,18584.0391,20087.5000,20087.5000,5501100000
2022-03-17,21430.7109,21501.2305,20786.6895,21501.2305,21501.2305,4826200000
2022-03-18,21232.8809,21646.1504,20922.3691,21412.4004,21412.4004,4590500000
2022-03-21,21823.0703,21823.0703,21096.3105,21221.3398,21221.3398,2340000000
2022-03-22,21319.1895,21906.3203,21266.9004,21889.2793,21889.2793,2590400000
2022-03-23,22088.7891,22423.5098,21983.0996,22154.0801,22154.0801,2835700000
2022-03-24,22002.8691,22231.6699,21900.1309,21945.9492,21945.9492,2404800000
2022-03-25,21735.6094,21944.0801,21289.2598,21404.8809,21404.8809,2358200000
2022-03-28,21422.1992,21790.9707,21202.6895,21684.9707,21684.9707,2200300000
2022-03-29,21771.2891,21937.2695,21722.1699,21927.6309,21927.6309,2259300000
2022-03-30,22101.6309,22391.3496,22033.7793,22232.0293,22232.0293,2729600000
2022-03-31,22262.1602,22262.1602,21922.5801,21996.8496,21996.8496,2226300000
2022-04-01,21693.0996,22039.5508,21558.0508,22039.5508,22039.5508,1937500000
2022-04-04,22227.1094,22523.6406,22124.0293,22502.3105,22502.3105,1868100000
2022-04-06,22220.2109,22244.9902,22015.1191,22080.5195,22080.5195,2749800000
2022-04-07,21910.4004,22236.9297,21779.1895,21808.9805,21808.9805,2079000000
2022-04-08,21667.5293,21872.0098,21568.2207,21872.0098,21872.0098,1739900000
2022-04-11,21688.0293,21688.0293,21132.5391,21208.3008,21208.3008,2104900000
2022-04-12,21279.1797,21519.1309,20988.1992,21319.1309,21319.1309,2045300000
2022-04-13,21192.6191,21531.4805,21141.0605,21374.3691,21374.3691,1696900000
2022-04-14,21463.3496,21587.4707,21358.7305,21518.0801,21518.0801,1719400000
2022-04-19,21106.0000,21191.8008,20896.4297,21027.7598,21027.7598,2240100000
2022-04-20,20972.8398,21214.9805,20889.0195,20944.6699,20944.6699,1876400000
2022-04-21,20780.8594,20920.5996,20483.8594,20682.2207,20682.2207,2226200000
2022-04-22,20261.6094,20709.4902,20184.9609,20638.5195,20638.5195,2351300000
2022-04-25,20284.5996,20284.5996,19784.2793,19869.3398,19869.3398,2912300000
2022-04-26,19989.0391,20258.6406,19858.3594,19934.7109,19934.7109,2565700000
2022-04-27,19723.4609,20053.1094,19665.4902,19946.3594,19946.3594,2361000000
2022-04-28,20118.7891,20286.8301,19956.6699,20276.1699,20276.1699,2255700000
2022-04-29,20271.4004,21176.5801,20040.0703,21089.3906,21089.3906,2727100000
2022-05-03,20927.6191,21291.8008,20648.5293,21101.8906,21101.8906,1741700000
2022-05-04,21025.6992,21047.1309,20772.8008,20869.5195,20869.5195,1139900000
2022-05-05,21163.1504,21284.8496,20776.9707,20793.4004,20793.4004,1827100000
2022-05-06,20287.0605,20320.2793,19973.4707,20001.9609,20001.9609,2110600000
2022-05-10,19300.6797,19758.6309,19178.8906,19633.6895,19633.6895,2785700000
2022-05-11,19511.8008,20083.4902,19474.0293,19824.5703,19824.5703,1958400000
2022-05-12,19556.8906,19731.2695,19342.8906,19380.3398,19380.3398,2273600000
2022-05-13,19615.9902,19925.4395,19608.2598,19898.7695,19898.7695,2075300000
2022-05-16,20131.5293,20173.2207,19764.9609,19950.2109,19950.2109,1796400000
2022-05-17,20193.5996,20626.4199,20169.2402,20602.5195,20602.5195,2207400000
2022-05-18,20674.2305,20711.9297,20389.6094,20644.2793,20644.2793,1946000000
2022-05-19,20146.9609,20277.9395,19924.8691,20120.6797,20120.6797,2120900000
2022-05-20,20470.9492,20794.1309,20408.6797,20717.2402,20717.2402,2173100000
2022-05-23,20608.6504,20642.7598,20303.5508,20470.0605,20470.0605,1696100000
2022-05-24,20420.1406,20509.6191,19989.6191,20112.0996,20112.0996,1825200000
2022-05-25,20115.5605,20370.7402,20067.9805,20171.2695,20171.2695,2097500000
2022-05-26,20272.2207,20272.2207,19890.7598,20116.1992,20116.1992,1855500000
2022-05-27,20646.0605,20779.7500,20494.1504,20697.3594,20697.3594,2565800000
2022-05-30,20933.5000,21169.0801,20885.0195,21123.9297,21123.9297,2609300000
2022-05-31,21106.4102,21415.1992,21029.7207,21415.1992,21415.1992,3919100000
2022-06-01,21407.7891,21411.9492,21154.0391,21294.9395,21294.9395,2073500000
2022-06-02,21057.0391,21115.7793,20884.1602,21082.1309,21082.1309,1816100000
2022-06-06,21282.5098,21691.9199,21030.0703,21653.9004,21653.9004,2244700000
2022-06-07,21577.4805,21744.4609,21394.5898,21531.6699,21531.6699,2145400000
2022-06-08,21788.8906,22064.1191,21734.4902,22014.5898,22014.5898,2943000000
2022-06-09,22121.5293,22142.8203,21737.9395,21869.0508,21869.0508,2544500000
2022-06-10,21522.5000,21935.0098,21487.9102,21806.1797,21806.1797,2686100000
2022-06-13,21162.5293,21320.1504,20993.7598,21067.5801,21067.5801,2607000000
2022-06-14,20783.5391,21175.0098,20717.6406,21067.9902,21067.9902,1965900000
2022-06-15,21111.3203,21431.0703,21111.3203,21308.2109,21308.2109,2301300000
2022-06-16,21515.6406,21545.8398,20697.4102,20845.4297,20845.4297,2341100000
2022-06-17,20716.7402,21145.9395,20697.1699,21075.0000,21075.0000,3097500000
2022-06-20,20948.8008,21175.9805,20839.0195,21163.9102,21163.9102,2085200000
2022-06-21,21264.9805,21564.8691,21175.9492,21559.5898,21559.5898,2133400000
2022-06-22,21469.7402,21519.5801,21008.3398,21008.3398,21008.3398,2470600000
2022-06-23,21157.5801,21443.5898,21010.8906,21273.8691,21273.8691,2007300000
2022-06-24,21450.6797,21762.6699,21408.6602,21719.0605,21719.0605,2410800000
2022-06-27,21976.8008,22414.4297,21976.8008,22229.5195,22229.5195,2994700000
2022-06-28,22144.6309,22449.3105,21952.4395,22418.9707,22418.9707,2874000000
2022-06-29,22125.6094,22289.0703,21844.0508,21996.8906,21996.8906,2834500000
2022-06-30,21917.4492,22111.9102,21719.1699,21859.7891,21859.7891,2822700000
2022-07-04,21690.6797,21886.3496,21458.6309,21830.3496,21830.3496,2203700000
2022-07-05,22053.1602,22198.5098,21799.1895,21853.0703,21853.0703,2143800000
2022-07-06,21777.6406,21833.4004,21286.6602,21586.6602,21586.6602,2886400000
2022-07-07,21352.6992,21643.5801,21200.9297,21643.5801,21643.5801,1744600000
2022-07-08,21961.7500,21961.7500,21614.6504,21725.7793,21725.7793,1565400000
2022-07-11,21470.7695,21470.7695,21001.6309,21124.1992,21124.1992,1693900000
2022-07-12,20905.0703,21084.0898,20779.5898,20844.7402,20844.7402,1745200000
2022-07-13,20911.5293,21040.3398,20751.4805,20797.9492,20797.9492,2057000000
2022-07-14,20818.2695,20888.8008,20554.1504,20751.2109,20751.2109,2371200000
2022-07-15,20522.1094,20656.9609,20215.9707,20297.7207,20297.7207,2526000000
2022-07-18,20479.5801,20866.3301,20294.1406,20846.1797,20846.1797,2053600000
2022-07-19,20719.1992,20758.7109,20549.4395,20661.0605,20661.0605,1287500000
2022-07-20,20968.4199,21111.7793,20884.9199,20890.2207,20890.2207,1405300000
2022-07-21,20811.5996,20827.6094,20527.3496,20574.6309,20574.6309,1760400000
2022-07-22,20717.4707,20788.4609,20513.8008,20609.1406,20609.1406,1327700000
2022-07-25,20516.3398,20595.0898,20353.6797,20562.9395,20562.9395,1377200000
2022-07-26,20676.6797,20952.4492,20631.8203,20905.8809,20905.8809,1701200000
2022-07-27,20684.4805,20770.0996,20572.4199,20670.0391,20670.0391,1729900000
2022-07-28,20705.4609,20772.6309,20533.4199,20622.6797,20622.6797,1965200000
2022-07-29,20647.4492,20647.4492,20050.0508,20156.5098,20156.5098,2181700000
2022-08-01,20026.5996,20251.4297,19883.9199,20165.8398,20165.8398,1970700000
2022-08-02,19943.1602,19943.1602,19515.5391,19689.2109,19689.2109,2291200000
2022-08-03,19865.6895,19921.9102,19685.4805,19767.0898,19767.0898,1789700000
2022-08-04,20011.2500,20216.5801,19995.4609,20174.0391,20174.0391,1924400000
2022-08-05,20283.5898,20283.5898,20096.5391,20201.9395,20201.9395,1635400000
2022-08-08,20065.3496,20171.8906,19954.0391,20045.7695,20045.7695,1376900000
2022-08-09,20039.3008,20250.8691,19856.2305,20003.4395,20003.4395,1497200000
2022-08-10,19956.5098,19956.5098,19469.1094,19610.8398,19610.8398,1730300000
2022-08-11,19840.5703,20082.4297,19789.9609,20082.4297,20082.4297,1600800000
2022-08-12,20158.2891,20208.0195,20011.3809,20175.6191,20175.6191,1567900000
2022-08-15,20038.4805,20260.6602,19984.0391,20040.8594,20040.8594,1393400000
2022-08-16,20107.1406,20173.4004,19662.6094,19830.5195,19830.5195,1947800000
2022-08-17,19995.7695,20069.8496,19800.5801,19922.4492,19922.4492,1411800000
2022-08-18,19991.9395,19991.9395,19675.4609,19763.9102,19763.9102,1586600000
2022-08-19,19656.8008,19898.1797,19656.8008,19773.0293,19773.0293,1399800000
2022-08-22,19572.4199,19825.9297,19564.1895,19656.9805,19656.9805,1596100000
2022-08-23,19644.2305,19701.5508,19377.0898,19503.2500,19503.2500,1847500000
2022-08-24,19542.2402,19542.2402,19189.5391,19268.7402,19268.7402,1997600000
2022-08-25,19418.4609,19990.3105,19418.4609,19968.3809,19968.3809,1684300000
2022-08-26,20138.6895,20185.1504,20050.9707,20170.0391,20170.0391,1868900000
2022-08-29,19960.2891,20073.9395,19889.6699,20023.2207,20023.2207,1595200000
2022-08-30,20062.7305,20062.7305,19645.5703,19949.0293,19949.0293,1658900000
2022-08-31,19589.8496,20173.0195,19564.8398,19954.3906,19954.3906,2783300000
2022-09-01,19761.7207,19839.5098,19532.8594,19597.3105,19597.3105,2000300000
2022-09-02,19572.4707,19630.8008,19342.4902,19452.0898,19452.0898,2095600000
2022-09-05,19299.0898,19299.0898,19064.7891,19225.6992,19225.6992,2181100000
2022-09-06,19261.6992,19358.0195,19107.5996,19202.7305,19202.7305,1716300000
2022-09-07,18915.8691,19068.9004,18818.7793,19044.3008,19044.3008,1839600000
2022-09-08,19043.8398,19075.7402,18803.7598,18854.6191,18854.6191,1718100000
2022-09-09,18893.6504,19417.5605,18893.6504,19362.2500,19362.2500,1994800000
2022-09-13,19404.6406,19492.0605,19296.2500,19326.8594,19326.8594,1787200000
2022-09-14,18933.3008,18989.2207,18797.7891,18847.0996,18847.0996,1732000000
2022-09-15,18833.9004,19013.0293,18833.9004,18930.3809,18930.3809,1797300000
2022-09-16,18732.4395,18905.2793,18678.2207,18761.6895,18761.6895,2793900000
2022-09-19,18695.3496,18697.0898,18494.5391,18565.9707,18565.9707,1745700000
2022-09-20,18700.6797,18861.4707,18685.4609,18781.4199,18781.4199,1478200000
2022-09-21,18638.8496,18638.8496,18434.6504,18444.6191,18444.6191,1629400000
2022-09-22,18080.9297,18195.0898,17965.3301,18147.9492,18147.9492,1729100000
2022-09-23,18055.5898,18165.9492,17926.2891,17933.2695,17933.2695,1776800000
2022-09-26,17781.8691,18077.6406,17727.4004,17855.1406,17855.1406,2557100000
2022-09-27,17838.6504,17904.2109,17648.4199,17860.3105,17860.3105,1900500000
2022-09-28,17703.3906,17703.3906,17184.5391,17250.8809,17250.8809,2948500000
2022-09-29,17570.1699,17629.6699,17046.8301,17165.8691,17165.8691,2534700000
2022-09-30,17165.9297,17344.8105,17016.2793,17222.8301,17222.8301,2113900000
2022-10-03,17050.2500,17252.1094,16906.9609,17079.5098,17079.5098,1361000000
2022-10-05,17811.9707,18164.1992,17682.8496,18087.9707,18087.9707,2256100000
2022-10-06,18100.4805,18143.8496,17958.1406,18012.1504,18012.1504,1082400000
2022-10-07,17851.6191,17881.8691,17717.7305,17740.0508,17740.0508,1129300000
2022-10-10,17449.3594,17449.3594,17174.6094,17216.6602,17216.6602,1771800000
2022-10-11,17194.7305,17206.5098,16789.9707,16832.3594,16832.3594,1797700000
2022-10-12,16758.2695,17040.6992,16438.5996,16701.0293,16701.0293,2407400000
2022-10-13,16700.6504,16736.5898,16389.1094,16389.1094,16389.1094,2241900000
2022-10-14,16671.6797,17028.6797,16535.3691,16587.6895,16587.6895,2322700000
2022-10-17,16479.7402,16754.5195,16308.9502,16612.9004,16612.9004,2061200000
2022-10-18,16860.1992,16914.5801,16558.4102,16914.5801,16914.5801,1971300000
2022-10-19,16805.9102,16923.1191,16508.3691,16511.2793,16511.2793,1714000000
2022-10-20,16230.7900,16452.9707,16010.7197,16280.2197,16280.2197,2295300000
2022-10-21,16331.1104,16359.0400,16137.1797,16211.1201,16211.1201,2052400000
2022-10-24,15894.7500,15993.8799,15082.8398,15180.6904,15180.6904,3597400000
2022-10-25,15242.0996,15435.3701,14947.3896,15165.5898,15165.5898,3275300000
2022-10-26,15096.3203,15584.0596,15041.4004,15317.6699,15317.6699,2718600000
2022-10-27,15721.2695,15833.2803,15410.9697,15427.9404,15427.9404,2526200000
2022-10-28,15424.9404,15441.9902,14770.0898,14863.0596,14863.0596,3051300000
2022-10-31,14830.6904,15113.1504,14597.3096,14687.0195,14687.0195,4183600000
2022-11-01,14859.9199,15632.8496,14859.9199,15455.2695,15455.2695,3787400000
2022-11-02,15389.5498,15867.2402,15276.7598,15827.1699,15827.1699,2774600000
2022-11-03,15477.7402,15623.1797,15301.6699,15339.4902,15339.4902,2544800000
2022-11-04,15442.7598,16513.1602,15442.7598,16161.1396,16161.1396,3951100000
2022-11-07,16031.7900,16821.8906,15980.8496,16595.9102,16595.9102,3227800000
2022-11-08,16640.5996,16719.0098,16429.8105,16557.3105,16557.3105,2071200000
2022-11-09,16552.8008,16730.1992,16213.0303,16358.5195,16358.5195,3271000000
2022-11-10,16138.2197,16138.2197,15945.2002,16081.0400,16081.0400,2204700000
2022-11-11,17120.0508,17368.0391,16829.0000,17325.6602,17325.6602,5112600000
2022-11-14,17999.2598,18011.6406,17518.8809,17619.7109,17619.7109,5547500000
2022-11-15,17665.8008,18356.7793,17552.3008,18343.1191,18343.1191,4900000000
2022-11-16,18169.2109,18414.0898,18031.8691,18256.4805,18256.4805,3918400000
2022-11-17,18071.5996,18220.8105,17711.8398,18045.6602,18045.6602,2930400000
2022-11-18,18316.3594,18378.0605,17910.1895,17992.5391,17992.5391,2792900000
2022-11-21,17654.1504,17746.3398,17389.4492,17655.9102,17655.9102,2231000000
2022-11-22,17625.1895,17751.9297,17287.5996,17424.4102,17424.4102,3024900000
2022-11-23,17460.9004,17640.8398,17375.9609,17523.8105,17523.8105,2423800000
2022-11-24,17684.5293,17759.2402,17517.1191,17660.9004,17660.9004,2910400000
2022-11-25,17673.1992,17673.1992,17412.0391,17573.5801,17573.5801,3176700000
2022-11-28,17000.2305,17364.2109,16833.6797,17297.9395,17297.9395,2799300000
2022-11-29,17558.5996,18204.6797,17536.4492,18204.6797,18204.6797,4273400000
2022-11-30,18141.5605,18645.3496,18052.3203,18597.2305,18597.2305,5359700000
2022-12-01,19058.9004,19237.4492,18679.3496,18736.4395,18736.4395,4262000000
2022-12-02,18785.2793,18841.2207,18530.8203,18675.3496,18675.3496,3757400000
2022-12-05,19221.6797,19539.5996,19035.1406,19518.2891,19518.2891,4890100000
2022-12-06,19211.6992,19569.6699,19202.8691,19441.1797,19441.1797,3552100000
2022-12-07,19380.8008,19737.3105,18799.8105,18814.8203,18814.8203,5308900000
2022-12-08,18965.0508,19521.5996,18965.0508,19450.2305,19450.2305,2856200000
2022-12-09,19484.2305,19926.4805,19404.5000,19900.8691,19900.8691,4023300000
2022-12-12,19594.5195,19718.0801,19366.2207,19463.6309,19463.6309,3115200000
2022-12-13,19458.0195,19707.7500,19382.3008,19596.1992,19596.1992,2584100000
2022-12-14,19775.3301,19859.7500,19528.7109,19673.4492,19673.4492,2758700000
2022-12-15,19612.6699,19675.6797,19233.8594,19368.5898,19368.5898,2243400000
2022-12-16,19343.6992,19621.1309,19130.5293,19450.6699,19450.6699,2876000000
2022-12-19,19472.2109,19786.2891,19255.9492,19352.8105,19352.8105,2238200000
2022-12-20,19156.9395,19283.1406,18885.1992,19094.8008,19094.8008,1938500000
2022-12-21,19190.9102,19255.7402,19063.3008,19160.4902,19160.4902,1348400000
2022-12-22,19537.4492,19735.0000,19475.6797,19679.2207,19679.2207,1939800000
2022-12-23,19382.2305,19686.7695,19380.4707,19593.0605,19593.0605,1363700000
2022-12-28,19787.9395,20099.7695,19787.9395,19898.9102,19898.9102,2823800000
2022-12-29,19648.4004,19764.5195,19539.8398,19741.1406,19741.1406,2902400000
2022-12-30,20030.8496,20073.9199,19781.4102,19781.4102,19781.4102,1747700000
2023-01-03,19570.4297,20212.5508,19303.7305,20145.2891,20145.2891,2286700000
2023-01-04,20319.9805,20793.1094,20233.3906,20793.1094,20793.1094,3016000000
2023-01-05,21295.8691,21396.0898,20962.4004,21052.1699,21052.1699,2875400000
2023-01-06,21220.8906,21282.7109,20862.7695,20991.6406,20991.6406,2754500000
2023-01-09,21295.9395,21470.6895,21216.9199,21388.3398,21388.3398,2697900000
2023-01-10,21370.4199,21395.4199,21187.7305,21331.4609,21331.4609,2543200000
2023-01-11,21463.8203,21686.3008,21327.4102,21436.0508,21436.0508,2971300000
2023-01-12,21599.8203,21698.9395,21223.8398,21514.0996,21514.0996,2834600000
2023-01-13,21605.0703,21770.0801,21474.9805,21738.6602,21738.6602,2463600000
2023-01-16,21818.6504,21947.5508,21572.5098,21746.7207,21746.7207,2559100000
2023-01-17,21678.0508,21797.6191,21417.2500,21577.6406,21577.6406,2307500000
2023-01-18,21514.8008,21691.6699,21422.1895,21678.0000,21678.0000,2485300000
2023-01-19,21452.2598,21754.0801,21383.0293,21650.9805,21650.9805,1664900000
2023-01-20,21812.4609,22051.7695,21754.3496,22044.6504,22044.6504,1956200000
2023-01-26,22386.3691,22566.7793,22329.0703,22566.7793,22566.7793,2455100000
2023-01-27,22614.9199,22700.8496,22483.7793,22688.9004,22688.9004,2012100000
2023-01-30,22579.8809,22623.8105,21992.5098,22069.7305,22069.7305,3802800000
2023-01-31,22190.2695,22284.3203,21631.5508,21842.3301,21842.3301,3304400000
2023-02-01,21920.8008,22072.1797,21703.5996,22072.1797,22072.1797,2548600000
2023-02-02,22276.2305,22311.9609,21930.5293,21958.3594,21958.3594,2401200000
2023-02-03,21811.0801,21820.7793,21459.6504,21660.4707,21660.4707,2414700000
2023-02-06,21349.1699,21349.1699,21085.7207,21222.1602,21222.1602,2314500000
2023-02-07,21288.3906,21512.2109,21259.2109,21298.6992,21298.6992,1777900000
2023-02-08,21283.9004,21443.4805,21178.8691,21283.5195,21283.5195,1894500000
2023-02-09,21154.2500,21637.5508,21151.2695,21624.3594,21624.3594,1933800000
2023-02-10,21559.4395,21579.9902,21157.5195,21190.4199,21190.4199,1782700000
2023-02-13,20910.0801,21230.1504,20799.9102,21164.4199,21164.4199,1772600000
2023-02-14,21235.9199,21237.8809,21074.9395,21113.7598,21113.7598,1408700000
2023-02-15,21116.8398,21117.5801,20726.8301,20812.1699,20812.1699,2143000000
2023-02-16,20947.0703,21306.5391,20887.6992,20987.6699,20987.6699,2180500000
2023-02-17,20958.6309,21056.6797,20703.7402,20719.8105,20719.8105,1631700000
2023-02-20,20681.4707,20973.6699,20606.8496,20886.9609,20886.9609,1915400000
2023-02-21,20859.5000,20941.3008,20503.0508,20529.4902,20529.4902,2004600000
2023-02-22,20512.4902,20620.9805,20344.8594,20423.8398,20423.8398,1766400000
2023-02-23,20339.1504,20601.2207,20323.2402,20351.3496,20351.3496,1729700000
2023-02-24,20223.6699,20233.6406,20006.7793,20010.0391,20010.0391,2061900000
2023-02-27,19821.0293,20086.5293,19804.5605,19943.5098,19943.5098,1897600000
2023-02-28,20020.1699,20185.0508,19783.0703,19785.9395,19785.9395,2751900000
2023-03-01,19849.9707,20674.0703,19849.9707,20619.7109,20619.7109,2889600000
2023-03-02,20390.0195,20548.5703,20321.2500,20429.4609,20429.4609,1992600000
2023-03-03,20703.1406,20727.2500,20498.1602,20567.5391,20567.5391,2226100000
2023-03-06,20437.8691,20702.7500,20410.0000,20603.1895,20603.1895,2485400000
2023-03-07,20606.8301,21005.6602,20358.7793,20534.4805,20534.4805,3634800000
2023-03-08,20256.8906,20269.9297,19969.4707,20051.2500,20051.2500,2643500000
2023-03-09,20082.4199,20157.2402,19907.5801,19925.7402,19925.7402,2193300000
2023-03-10,19580.7793,19637.7207,19281.9707,19319.9199,19319.9199,3588000000
2023-03-13,19411.8809,19791.6406,19390.3809,19695.9707,19695.9707,3133700000
2023-03-14,19524.5098,19639.5195,19122.8203,19247.9609,19247.9609,3027400000
2023-03-15,19523.4902,19745.4395,19431.0898,19539.8691,19539.8691,2633900000
2023-03-16,19197.9707,19388.7695,19109.0703,19203.9102,19203.9102,3047400000
2023-03-17,19439.8398,19597.1797,19303.2891,19518.5898,19518.5898,4332300000
2023-03-20,19352.9004,19382.9707,18829.1094,19000.7109,19000.7109,2839000000
2023-03-21,19118.8691,19295.6406,19018.0996,19258.7598,19258.7598,1929700000
2023-03-22,19428.3594,19775.6895,19428.3594,19591.4297,19591.4297,2364100000
2023-03-23,19619.7402,20051.2598,19523.5000,20049.6406,20049.6406,2531200000
2023-03-24,19919.6504,20118.2891,19834.4492,19915.6797,19915.6797,2306900000
2023-03-27,19851.7891,19938.7695,19509.4902,19567.6895,19567.6895,2503600000
2023-03-28,19688.3105,19875.1094,19559.4707,19784.6504,19784.6504,1935100000
2023-03-29,20348.6406,20437.6895,20107.7305,20192.4004,20192.4004,2597400000
2023-03-30,20216.7891,20320.0195,20017.1699,20309.1309,20309.1309,2982000000
2023-03-31,20583.8809,20721.9707,20357.4102,20400.1094,20400.1094,3045000000
2023-04-03,20379.5000,20475.4297,20226.9492,20409.1797,20409.1797,2651200000
2023-04-04,20364.3594,20364.3594,20126.9004,20274.5898,20274.5898,2415300000
2023-04-06,20146.2207,20343.8594,20099.4805,20331.1992,20331.1992,2143200000
2023-04-11,20566.5898,20750.7305,20293.3691,20485.2402,20485.2402,3064200000
2023-04-12,20481.5293,20494.8105,20236.9199,20309.8594,20309.8594,2351900000
2023-04-13,19977.9609,20344.4805,19885.5293,20344.4805,20344.4805,2329700000
2023-04-14,20422.7207,20482.6797,20297.1602,20438.8105,20438.8105,2086300000
2023-04-17,20374.5098,20864.7402,20299.1504,20782.4492,20782.4492,3411200000
2023-04-18,20643.4102,20742.3906,20559.0801,20650.5098,20650.5098,2349700000
2023-04-19,20633.0000,20633.0000,20336.7109,20367.7598,20367.7598,2183700000
2023-04-20,20354.8301,20472.5000,20308.3301,20396.9707,20396.9707,2047200000
2023-04-21,20330.1504,20378.9004,19974.9102,20075.7305,20075.7305,2494200000
2023-04-24,20049.8691,20146.3691,19734.6797,19959.9395,19959.9395,2247900000
2023-04-25,19903.5293,19910.2793,19527.6309,19617.8809,19617.8809,2196300000
2023-04-26,19520.9707,19903.7305,19520.9707,19757.2695,19757.2695,1941000000
2023-04-27,19736.3496,19880.2891,19662.5996,19840.2793,19840.2793,2150500000
2023-04-28,19936.0195,20167.8809,19879.0703,19894.5703,19894.5703,2574900000
2023-05-02,20122.9004,20286.4609,19761.1309,19933.8105,19933.8105,1459400000
2023-05-03,19686.1504,19721.9609,19538.7207,19699.1602,19699.1602,1460700000
2023-05-04,19695.7305,19979.7695,19695.7305,19948.7305,19948.7305,3206300000
2023-05-05,20061.0000,20208.7500,19968.4102,20049.3105,20049.3105,3321200000
2023-05-08,20128.1797,20321.7402,20081.6992,20297.0293,20297.0293,4288100000
2023-05-09,20252.1309,20297.8301,19817.7793,19867.5801,19867.5801,4037900000
2023-05-10,19860.5000,19880.0293,19696.5898,19762.1992,19762.1992,2779500000
2023-05-11,19842.9805,19854.4902,19567.6191,19743.7891,19743.7891,2213800000
2023-05-12,19850.8398,19853.3691,19596.4902,19627.2402,19627.2402,2284200000
2023-05-15,19525.0605,20063.3496,19498.0391,19971.1309,19971.1309,2580100000
2023-05-16,20183.2793,20183.2793,19891.4902,19978.2500,19978.2500,1720900000
2023-05-17,19956.1309,19987.9297,19538.0898,19560.5703,19560.5703,2258000000
2023-05-18,19702.7305,19894.2305,19630.7598,19727.2500,19727.2500,2095400000
2023-05-19,19535.4902,19610.7207,19352.8105,19450.5703,19450.5703,1947200000
2023-05-22,19479.0605,19806.4395,19410.0703,19678.1699,19678.1699,1677900000
2023-05-23,19713.4609,19769.1406,19363.5000,19431.2500,19431.2500,1888500000
2023-05-24,19279.3906,19304.1992,19046.8008,19115.9297,19115.9297,2476700000
2023-05-25,18930.2305,18930.2305,18620.8398,18746.9199,18746.9199,2792400000
2023-05-29,18827.0801,18879.0898,18517.8594,18551.1094,18551.1094,2196600000
2023-05-30,18574.1895,18666.7109,18369.9297,18595.7793,18595.7793,2245000000
2023-05-31,18415.0000,18415.0000,18044.8594,18234.2695,18234.2695,4372900000
2023-06-01,18190.2695,18465.6406,18190.2695,18216.9102,18216.9102,2622800000
2023-06-02,18566.8105,19024.9102,18548.3008,18949.9395,18949.9395,3731500000
2023-06-05,19014.9609,19123.8008,18896.1309,19108.5000,19108.5000,2096400000
2023-06-06,19117.1094,19377.3809,19033.8496,19099.2793,19099.2793,2263600000
2023-06-07,19327.1504,19410.4805,19196.0898,19252.0000,19252.0000,2156100000
2023-06-08,19227.8398,19339.8203,19087.6602,19299.1797,19299.1797,2212100000
2023-06-09,19333.4297,19463.6094,19231.1309,19389.9492,19389.9492,2003000000
2023-06-12,19440.9902,19440.9902,19255.6504,19404.3105,19404.3105,1688200000
2023-06-13,19355.6504,19572.4199,19273.4199,19521.4199,19521.4199,2466300000
2023-06-14,19547.5801,19641.1602,19352.3398,19408.4199,19408.4199,2482600000
2023-06-15,19626.8008,19832.1992,19510.7598,19828.9199,19828.9199,2657500000
2023-06-16,19915.4395,20155.9199,19876.4199,20040.3691,20040.3691,3582400000
2023-06-19,19983.4004,20000.2207,19718.4297,19912.8906,19912.8906,1906100000
2023-06-20,19863.8594,19863.8594,19504.6309,19607.0801,19607.0801,2121700000
2023-06-21,19305.2402,19377.6895,19174.1602,19218.3496,19218.3496,1995600000
2023-06-23,19135.0195,19138.4199,18800.3398,18889.9707,18889.9707,1689300000
2023-06-26,18845.9004,19001.6191,18767.1504,18794.1309,18794.1309,2066100000
2023-06-27,18851.6602,19226.3203,18842.4199,19148.1309,19148.1309,2059500000
2023-06-28,19099.3906,19222.1309,19019.2598,19172.0508,19172.0508,1675200000
2023-06-29,19180.2793,19180.2793,18837.3203,18934.3594,18934.3594,1690400000
2023-06-30,18881.4297,19070.1094,18838.6191,18916.4297,18916.4297,1869600000
2023-07-03,19002.5508,19371.7109,19002.5508,19306.5898,19306.5898,2214400000
2023-07-04,19289.0605,19449.1094,19253.2207,19415.6797,19415.6797,1987400000
2023-07-05,19355.0605,19378.9004,19095.5996,19110.3809,19110.3809,2432600000
2023-07-06,18840.4102,18973.0098,18483.0801,18533.0508,18533.0508,3277100000
2023-07-07,18435.4609,18537.7500,18279.7305,18365.6992,18365.6992,2463300000
2023-07-10,18747.5000,18781.2109,18417.6309,18479.7207,18479.7207,1953500000
2023-07-11,18671.4199,18806.5508,18573.6699,18659.8301,18659.8301,2114900000
2023-07-12,18797.0098,18932.1797,18739.5996,18860.9492,18860.9492,1818300000
2023-07-13,19181.3105,19368.9199,19163.2109,19350.6191,19350.6191,2729800000
2023-07-14,19534.8203,19534.8203,19364.5996,19413.7793,19413.7793,2460100000
2023-07-18,19324.3398,19324.3398,18979.9199,19015.7207,19015.7207,2591200000
2023-07-19,18826.5898,19004.4199,18711.0293,18952.3105,18952.3105,1983000000
2023-07-20,19003.2793,19215.7402,18888.7598,18928.0195,18928.0195,1807900000
2023-07-21,18918.6992,19169.7500,18886.4297,19075.2598,19075.2598,1637000000
2023-07-24,18867.6094,18946.5605,18562.1191,18668.1504,18668.1504,2212900000
2023-07-25,19172.2793,19465.2695,19111.8203,19434.4004,19434.4004,3670900000
2023-07-26,19340.7695,19404.5000,19245.6602,19365.1406,19365.1406,2136500000
2023-07-27,19502.0898,19685.7891,19482.4707,19639.1094,19639.1094,3028800000
2023-07-28,19418.4805,19940.5898,19381.9004,19916.5605,19916.5605,3094900000
2023-07-31,20237.5293,20361.0293,20019.7891,20078.9395,20078.9395,4327900000
2023-08-01,20211.1992,20331.2793,19891.8105,20011.1191,20011.1191,3013600000
2023-08-02,19902.7695,19981.0000,19475.1504,19517.3809,19517.3809,2958200000
2023-08-03,19404.1406,19650.1602,19369.0605,19420.8691,19420.8691,2488100000
2023-08-04,19671.1309,19857.3906,19461.6094,19539.4609,19539.4609,2771500000
2023-08-07,19474.6602,19581.8203,19352.3496,19537.9199,19537.9199,2277000000
2023-08-08,19308.5508,19370.8008,19112.6094,19184.1699,19184.1699,3491000000
2023-08-09,19059.5801,19270.4805,19056.0996,19246.0293,19246.0293,2264200000
2023-08-10,19125.0000,19315.1699,19030.3906,19248.2598,19248.2598,2598300000
2023-08-11,19319.9102,19346.2891,19049.9199,19075.1895,19075.1895,3363800000
2023-08-14,18697.3301,18792.7207,18554.5098,18773.5508,18773.5508,3890500000
2023-08-15,18599.1992,18745.8203,18513.7793,18581.1094,18581.1094,2668400000
2023-08-16,18356.6504,18440.9609,18261.8496,18329.3008,18329.3008,2823600000
2023-08-17,18023.1094,18399.1992,17900.7695,18326.6309,18326.6309,3160900000
2023-08-18,18208.9805,18336.4102,17936.4297,17950.8496,17950.8496,3049400000
2023-08-21,17798.4707,17867.6602,17587.3809,17623.2891,17623.2891,3141900000
2023-08-22,17641.8594,17965.2598,17573.6992,17791.0098,17791.0098,2895700000
2023-08-23,17762.7598,18000.5293,17730.7891,17845.9199,17845.9199,2499700000
2023-08-24,17992.7305,18272.9492,17945.0098,18212.1699,18212.1699,2758900000
2023-08-25,18037.5996,18137.6504,17969.4102,18119.3906,18119.3906,2467700000
2023-08-28,18519.0801,18564.4297,18113.2305,18130.7402,18130.7402,2985800000
2023-08-29,18261.6895,18583.8008,18239.9199,18484.0293,18484.0293,3071200000
2023-08-30,18659.9609,18742.1406,18427.2207,18482.8594,18482.8594,3288700000
2023-08-31,18580.4707,18667.1797,18312.7598,18382.0605,18382.0605,4074900000
2023-09-04,18592.5293,18899.4902,18575.4492,18844.1602,18844.1602,4040300000
2023-09-05,18717.4199,18725.5000,18431.7207,18456.9102,18456.9102,2315700000
2023-09-06,18405.0898,18492.5898,18256.0996,18449.9805,18449.9805,2352900000
2023-09-07,18437.4805,18437.4805,18173.4395,18202.0703,18202.0703,2123300000
2023-09-11,17941.6504,18164.6094,17842.3691,18096.4492,18096.4492,2522400000
2023-09-12,18015.5605,18145.5801,17892.0098,18025.8906,18025.8906,1887100000
2023-09-13,18131.0996,18200.5195,17954.9707,18009.2207,18009.2207,1866000000
2023-09-14,18101.9609,18173.5391,17928.6309,18047.9199,18047.9199,2013800000
2023-09-15,18154.0098,18372.6504,18030.7891,18182.8906,18182.8906,2781400000
2023-09-18,18069.0391,18114.8203,17894.8105,17930.5508,17930.5508,1691500000
2023-09-19,17942.0703,18004.7402,17832.3008,17997.1699,17997.1699,1778200000
2023-09-20,17939.2500,17995.3809,17833.1992,17885.5996,17885.5996,1657100000
2023-09-21,17795.8008,17823.8203,17623.8691,17655.4102,17655.4102,2046400000
2023-09-22,17578.2598,18078.6895,17573.8105,18057.4492,18057.4492,1924100000
2023-09-25,18046.8906,18046.8906,17722.4902,17729.2891,17729.2891,1552400000
2023-09-26,17661.8496,17718.1797,17379.4395,17466.9004,17466.9004,1909400000
2023-09-27,17472.1094,17655.3105,17472.1094,17611.8691,17611.8691,1571600000
2023-09-28,17587.0801,17627.7305,17352.8301,17373.0293,17373.0293,1997100000
2023-09-29,17484.9492,17935.1504,17482.3906,17809.6602,17809.6602,1839900000
2023-10-03,17546.3906,17546.3906,17212.8691,17331.2207,17331.2207,2102900000
2023-10-04,17266.8203,17266.8203,17094.0000,17195.8398,17195.8398,1294700000
2023-10-05,17249.9707,17336.4297,17197.6094,17213.8691,17213.8691,1088300000
2023-10-06,17370.0293,17603.8008,17370.0293,17485.9805,17485.9805,1141200000
2023-10-09,17500.3691,17633.1895,17447.7598,17517.4004,17517.4004,1221300000
2023-10-10,17726.6309,17916.6191,17638.0098,17664.7305,17664.7305,1596800000
2023-10-11,17956.8301,18022.4492,17889.7109,17893.0996,17893.0996,2029100000
2023-10-12,18258.2598,18290.9102,18175.3496,18238.2109,18238.2109,3861600000
2023-10-13,17946.7695,18013.6699,17776.9492,17813.4492,17813.4492,2139700000
2023-10-16,17803.3105,17858.1797,17601.5000,17640.3594,17640.3594,1904600000
2023-10-17,17806.2305,17815.7109,17671.9902,17773.3398,17773.3398,1731000000
2023-10-18,17728.2500,17831.1797,17625.8906,17732.5195,17732.5195,1937500000
2023-10-19,17540.4609,17540.4609,17292.3594,17295.8906,17295.8906,2272500000
2023-10-20,17127.2598,17309.7402,17118.0703,17172.1309,17172.1309,1989900000
2023-10-24,17053.1504,17139.5293,16879.6602,16991.5293,16991.5293,2116200000
2023-10-25,17465.4297,17465.8203,17001.4297,17085.3301,17085.3301,2499900000
2023-10-26,17085.1191,17174.0801,16917.2207,17044.6094,17044.6094,1967200000
2023-10-27,17160.2305,17497.7207,17078.2402,17398.7305,17398.7305,2452100000
2023-10-30,17225.6504,17406.3594,17225.6504,17406.3594,17406.3594,2665200000
2023-10-31,17337.6992,17337.6992,17042.0996,17112.4805,17112.4805,2112800000
2023-11-01,17139.4004,17188.8496,16979.2598,17101.7793,17101.7793,1529300000
2023-11-02,17282.3906,17459.4297,17176.0098,17230.5898,17230.5898,1802700000
2023-11-03,17405.9102,17729.4297,17352.5996,17664.1191,17664.1191,1998700000
2023-11-06,17913.5391,18037.9395,17899.3496,17966.5898,17966.5898,2764100000
2023-11-07,17850.5898,17890.6309,17658.9102,17670.1602,17670.1602,1971200000
2023-11-08,17650.5098,17753.5898,17537.1992,17568.4609,17568.4609,2140800000
2023-11-09,17553.2598,17617.2695,17457.0000,17511.2891,17511.2891,1643800000
2023-11-10,17350.8691,17350.8691,17177.5293,17203.2598,17203.2598,1674500000
2023-11-13,17263.0000,17456.0801,17126.6094,17426.2109,17426.2109,1440300000
2023-11-14,17495.0996,17565.2207,17358.8906,17396.8594,17396.8594,1449300000
2023-11-15,17836.6504,18102.2793,17766.2207,18079.0000,18079.0000,2908700000
2023-11-16,18174.6895,18174.6895,17722.8594,17832.8203,17832.8203,1880200000
2023-11-17,17584.3203,17631.0391,17413.4609,17454.1895,17454.1895,1945000000
2023-11-20,17625.8398,17788.9004,17532.7305,17778.0703,17778.0703,1964600000
2023-11-21,17932.5391,18057.6191,17689.0098,17733.8906,17733.8906,2090400000
2023-11-22,17736.4004,17796.8594,17650.4902,17734.5996,17734.5996,1235800000
2023-11-23,17680.0508,17927.3594,17577.3105,17910.8398,17910.8398,1672000000
2023-11-24,17771.7500,17771.7500,17545.6094,17559.4199,17559.4199,1298200000
2023-11-27,17677.5195,17677.5195,17358.2402,17525.0605,17525.0605,1502700000
2023-11-28,17541.4805,17541.4805,17303.8203,17354.1406,17354.1406,1785800000
2023-11-29,17359.0801,17359.0801,16881.9805,16993.4395,16993.4395,2810100000
2023-11-30,16985.1797,17068.2598,16863.0508,17042.8809,17042.8809,3014000000
2023-12-01,17019.1699,17038.9805,16830.3008,16830.3008,16830.3008,2434400000
2023-12-04,16919.0801,16941.9102,16617.0293,16646.0508,16646.0508,2476100000
2023-12-05,16606.5391,16606.5391,16228.5195,16327.8604,16327.8604,2682400000
2023-12-06,16311.9600,16600.3594,16234.8398,16463.2598,16463.2598,1986800000
2023-12-07,16376.4404,16376.4404,16157.9805,16345.8896,16345.8896,1947300000
2023-12-08,16373.4404,16464.1406,16249.1504,16334.3701,16334.3701,1877200000
2023-12-11,16149.0596,16276.8799,15972.3096,16201.4902,16201.4902,2532300000
2023-12-12,16236.0596,16420.9707,16157.6797,16374.5000,16374.5000,1980800000
2023-12-13,16311.7100,16326.9502,16145.2500,16228.7500,16228.7500,1863300000
2023-12-14,16419.7402,16577.7500,16319.2197,16402.1895,16402.1895,2341700000
2023-12-15,16610.6992,16964.3301,16610.6992,16792.1895,16792.1895,3900300000
2023-12-18,16669.8203,16713.4102,16572.8809,16629.2305,16629.2305,1566600000
2023-12-19,16551.4395,16579.5508,16408.0195,16505.0000,16505.0000,1521500000
2023-12-20,16647.9492,16741.0508,16549.4902,16613.8105,16613.8105,1647300000
2023-12-21,16455.1406,16649.5703,16444.7305,16621.1309,16621.1309,1404400000
2023-12-22,16743.0605,16857.8398,16271.5000,16340.4102,16340.4102,2197600000
2023-12-27,16561.7793,16673.5703,16439.2598,16624.8398,16624.8398,2228100000
2023-12-28,16678.2305,17086.0996,16644.4297,17043.5293,17043.5293,2301300000
2023-12-29,17066.5195,17095.1191,16950.9004,17047.3906,17047.3906,1570100000
2024-01-02,17135.1191,17135.1191,16725.2793,16788.5508,16788.5508,1720700000
2024-01-03,16624.9199,16657.5098,16564.8008,16646.4102,16646.4102,1577500000
2024-01-04,16673.4004,16673.4004,16516.3301,16645.9805,16645.9805,1789300000
2024-01-05,16573.1191,16745.7305,16455.5703,16535.3301,16535.3301,1936600000
2024-01-08,16581.8594,16592.0605,16144.5596,16224.4502,16224.4502,2227200000
2024-01-09,16256.0996,16414.7891,16190.0195,16190.0195,16190.0195,1937400000
2024-01-10,16143.9697,16247.2998,16036.4199,16097.2803,16097.2803,1788100000
2024-01-11,16154.1699,16459.9199,16106.8301,16302.0400,16302.0400,1970900000
2024-01-12,16216.9697,16393.7402,16185.9102,16244.5801,16244.5801,1534600000
2024-01-15,16258.2803,16334.7100,16104.5000,16216.3301,16216.3301,1368400000
2024-01-16,16030.2500,16197.0400,15834.4102,15865.9199,15865.9199,2139200000
2024-01-17,15764.3799,15764.3799,15194.9404,15276.9004,15276.9004,3952300000
2024-01-18,15301.1904,15463.6904,15183.9600,15391.7900,15391.7900,2816000000
2024-01-19,15404.6904,15540.7500,15207.9902,15308.6904,15308.6904,2242300000
2024-01-22,15349.0498,15362.9102,14794.1602,14961.1797,14961.1797,2812400000
2024-01-23,15038.3301,15516.7998,14994.3701,15353.9805,15353.9805,2804000000
2024-01-24,15602.4502,15975.1104,15412.0996,15899.8701,15899.8701,3597700000
2024-01-25,15989.9404,16254.9297,15828.9297,16211.9600,16211.9600,4096400000
2024-01-26,16158.7197,16240.9600,15888.0400,15952.2305,15952.2305,3314000000
2024-01-29,16046.2500,16258.4502,16012.5898,16077.2402,16077.2402,2923200000
2024-01-30,15896.6602,15896.6602,15654.9697,15703.4502,15703.4502,2565500000
2024-01-31,15652.0498,15744.0400,15411.6602,15485.0703,15485.0703,2594900000
2024-02-01,15522.8604,15805.0596,15434.8203,15566.2100,15566.2100,2454600000
2024-02-02,15756.1201,15912.6104,15435.8496,15533.5596,15533.5596,2476000000
2024-02-05,15336.8604,15669.7695,15336.8604,15510.0098,15510.0098,2313300000
2024-02-06,15541.2305,16154.0498,15541.2305,16136.8701,16136.8701,3314200000
2024-02-07,16282.3896,16408.1504,16035.4297,16081.8896,16081.8896,2809600000
2024-02-08,15988.6201,16093.5195,15821.8604,15878.0703,15878.0703,1940600000
2024-02-09,15709.2998,15754.0098,15531.0303,15746.5801,15746.5801,745500000
2024-02-14,15579.4102,15911.0498,15456.3203,15879.3799,15879.3799,1403000000
2024-02-15,15824.2100,16029.0195,15751.3604,15944.6299,15944.6299,1056900000
2024-02-16,16007.5400,16394.1602,15937.2803,16339.9600,16339.9600,1743000000
2024-02-19,16334.4697,16334.4697,16137.9805,16155.6104,16155.6104,2185800000
2024-02-20,16222.0898,16274.5596,16055.0801,16247.5098,16247.5098,2205900000
2024-02-21,16182.9297,16756.0098,16138.8096,16503.0996,16503.0996,3844300000
2024-02-22,16489.8398,16742.9492,16424.7891,16742.9492,16742.9492,2739700000
2024-02-23,16654.6797,16895.8203,16654.6797,16725.8594,16725.8594,2903100000
2024-02-26,16684.9609,16777.4102,16590.7109,16634.7402,16634.7402,2253500000
2024-02-27,16645.6309,16828.6699,16453.5000,16790.8008,16790.8008,2423900000
2024-02-28,16833.6094,16844.3301,16517.8398,16536.8496,16536.8496,2587700000
2024-02-29,16429.5703,16695.3594,16429.5703,16511.4395,16511.4395,3380800000
2024-03-01,16390.8906,16651.6699,16321.1201,16589.4395,16589.4395,2880700000
2024-03-04,16629.5508,16645.9609,16473.6504,16595.9707,16595.9707,2519000000
2024-03-05,16343.9502,16450.3691,16095.6797,16162.6396,16162.6396,2697900000
2024-03-06,16167.4502,16545.0508,16145.2197,16438.0898,16438.0898,2488700000
2024-03-07,16417.7695,16512.4102,16136.1201,16229.7803,16229.7803,2535400000
2024-03-08,16275.3896,16489.7305,16275.3896,16353.3896,16353.3896,2596300000
2024-03-11,16416.1699,16625.6406,16416.1699,16587.5703,16587.5703,2494000000
2024-03-12,16701.9492,17154.8691,16613.4492,17093.5000,17093.5000,4001800000
2024-03-13,17059.1094,17214.6699,17050.8691,17082.1094,17082.1094,2801000000
2024-03-14,17120.5391,17209.8203,16878.1094,16961.6602,16961.6602,2699100000
2024-03-15,16758.3594,16821.1309,16550.4199,16720.8906,16720.8906,3776700000
2024-03-18,16690.2598,16801.6406,16641.5801,16737.1191,16737.1191,2241800000
2024-03-19,16628.0703,16682.5391,16492.0898,16529.4805,16529.4805,2433600000
2024-03-20,16559.0098,16654.0801,16430.1191,16543.0703,16543.0703,2291700000
2024-03-21,16762.8301,16973.5195,16762.8301,16863.0996,16863.0996,3221000000
2024-03-22,16745.2695,16747.1992,16341.6104,16499.4707,16499.4707,3110400000
2024-03-25,16531.9492,16612.6406,16441.3008,16473.6406,16473.6406,2624500000
2024-03-26,16548.5000,16728.9004,16452.5508,16618.3203,16618.3203,2745800000
2024-03-27,16530.4395,16612.0000,16354.8096,16392.8398,16392.8398,2769900000
2024-03-28,16378.4004,16725.6094,16345.9004,16541.4199,16541.4199,3203400000
2024-04-02,16811.7402,17007.3398,16811.7402,16931.5195,16931.5195,3983100000
2024-04-03,16926.8496,16926.8496,16689.1895,16725.0996,16725.0996,2667400000
2024-04-05,16787.9297,16839.5508,16480.3594,16723.9199,16723.9199,1804400000
2024-04-08,16650.8301,16895.0605,16580.5293,16732.8496,16732.8496,2636800000
2024-04-09,16819.1797,17006.8496,16805.9902,16828.0703,16828.0703,2120100000
2024-04-10,16926.0195,17190.5000,16918.3594,17139.1699,17139.1699,2549100000
2024-04-11,16856.1895,17141.3594,16856.1895,17095.0293,17095.0293,2480500000
2024-04-12,16978.6992,17031.3105,16721.6895,16721.6895,16721.6895,2840300000
2024-04-15,16487.3594,16647.0898,16465.4004,16600.4609,16600.4609,2561800000
2024-04-16,16367.6904,16449.2402,16208.6396,16248.9697,16248.9697,3092900000
2024-04-17,16225.5400,16316.6904,16155.8301,16251.8398,16251.8398,2450500000
2024-04-18,16253.2402,16507.5996,16206.5498,16385.8691,16385.8691,3228000000
2024-04-19,16246.3398,16254.9004,16044.4502,16224.1396,16224.1396,3393700000
2024-04-22,16410.8301,16637.8203,16410.8301,16511.6895,16511.6895,2915100000
2024-04-23,16679.3906,16846.1309,16599.2109,16828.9297,16828.9297,2993700000
2024-04-24,16993.1699,17217.8594,16934.6504,17201.2695,17201.2695,3314800000
2024-04-25,17144.1191,17438.8301,17109.5703,17284.5391,17284.5391,3147300000
2024-04-26,17336.1992,17758.2402,17336.1992,17651.1504,17651.1504,3851000000
2024-04-29,17737.9297,18031.1602,17679.1895,17746.9102,17746.9102,4850900000
2024-04-30,17843.4395,17902.0195,17686.9395,17763.0293,17763.0293,3680000000
2024-05-02,17760.6797,18217.8203,17740.6191,18207.1309,18207.1309,2425000000
2024-05-03,18543.3008,18604.1699,18362.2207,18475.9199,18475.9199,2476100000
2024-05-06,18488.5508,18590.1699,18389.5391,18578.3008,18578.3008,3438600000
2024-05-07,18577.5508,18638.8105,18411.0195,18479.3691,18479.3691,2494400000
2024-05-08,18510.5391,18606.5605,18298.3594,18313.8594,18313.8594,2911700000
2024-05-09,18306.2500,18560.7598,18278.1094,18537.8105,18537.8105,2905000000
2024-05-10,18669.4297,18993.2793,18657.5098,18963.6797,18963.6797,6506900000
2024-05-13,18904.5801,19123.4805,18827.5996,19115.0605,19115.0605,3760600000
2024-05-14,19203.8203,19301.1309,19072.6406,19073.7109,19073.7109,3455200000
2024-05-16,19262.7891,19442.9004,19114.3809,19376.5293,19376.5293,5813500000
2024-05-17,19525.1191,19602.2402,19342.9609,19553.6094,19553.6094,4376100000
2024-05-20,19621.4297,19706.1191,19574.5605,19636.2207,19636.2207,3501200000
2024-05-21,19473.6699,19487.3594,19175.8008,19220.6191,19220.6191,3517200000
2024-05-22,19225.2598,19359.6797,19149.4102,19195.5996,19195.5996,2837600000
2024-05-23,19024.4102,19024.4102,18776.2109,18868.7109,18868.7109,3166000000
2024-05-24,18742.2793,18867.9102,18532.4102,18608.9395,18608.9395,3549000000
2024-05-27,18606.0195,18871.1309,18504.5293,18827.3496,18827.3496,2906100000
2024-05-28,18814.0098,19000.5195,18776.0996,18821.1602,18821.1602,2432700000
2024-05-29,18659.4102,18694.5508,18425.0898,18477.0098,18477.0098,3215600000
2024-05-30,18423.7793,18537.9199,18163.2109,18230.1895,18230.1895,3492800000
2024-05-31,18409.6191,18551.1797,18077.3906,18079.6094,18079.6094,5337100000
2024-06-03,18283.5605,18573.8105,18283.5605,18403.0391,18403.0391,3140900000
2024-06-04,18335.4492,18541.0293,18335.4492,18444.1094,18444.1094,2971500000
2024-06-05,18489.7793,18724.6191,18375.2695,18424.9609,18424.9609,3250800000
2024-06-06,18577.5801,18700.6797,18383.8008,18476.8008,18476.8008,2797700000
2024-06-07,18562.4805,18575.6895,18302.3301,18366.9492,18366.9492,3310100000
2024-06-11,18163.1191,18267.6895,17994.0996,18176.3398,18176.3398,3528500000
2024-06-12,18032.4004,18063.7207,17848.7598,17937.8398,17937.8398,3139500000
2024-06-13,18104.1309,18173.5293,17971.5703,18112.6309,18112.6309,2331300000
2024-06-14,18028.0703,18109.8906,17927.1602,17941.7793,17941.7793,2621300000
2024-06-17,17848.8691,18122.8008,17752.9609,17936.1191,17936.1191,2118400000
2024-06-18,17961.8906,18043.4805,17854.7891,17915.5508,17915.5508,2550000000
2024-06-19,18056.2207,18448.6602,18039.0098,18430.3906,18430.3906,3513300000
2024-06-20,18453.6309,18520.3691,18274.1992,18335.3203,18335.3203,2682900000
2024-06-21,18199.1406,18240.1309,17968.3691,18028.5195,18028.5195,3426200000
2024-06-24,17906.3594,18032.6699,17789.5703,18027.7109,18027.7109,2716300000
2024-06-25,18088.0195,18231.4609,17959.0703,18072.9004,18072.9004,2333700000
2024-06-26,17934.6309,18156.3496,17934.6309,18089.9297,18089.9297,2308500000
2024-06-27,17946.0000,17961.9199,17677.3301,17716.4707,17716.4707,2806100000
2024-06-28,17583.1895,17865.4707,17583.1895,17718.6094,17718.6094,2826600000
2024-07-02,17669.4199,17986.1406,17669.4199,17769.1406,17769.1406,3374300000
2024-07-03,17841.7695,18017.7598,17808.2695,17978.5703,17978.5703,3089700000
2024-07-04,18079.7207,18133.3008,17942.0801,18028.2793,18028.2793,2994600000
2024-07-05,18035.7695,18105.0098,17799.6094,17799.6094,17799.6094,2886600000
2024-07-08,17667.9707,17735.5801,17453.5605,17524.0605,17524.0605,2349000000
2024-07-09,17481.0000,17617.6406,17376.4805,17523.2305,17523.2305,2618900000
2024-07-10,17613.5000,17765.8809,17455.0801,17471.6699,17471.6699,2642000000
2024-07-11,17629.1309,17864.0898,17621.0508,17832.3301,17832.3301,2231600000
2024-07-12,18020.1699,18317.3105,18020.1699,18293.3809,18293.3809,3059000000
2024-07-15,18201.4805,18243.3906,17946.4902,18015.9395,18015.9395,2326300000
2024-07-16,17845.0605,17899.5508,17727.9805,17727.9805,17727.9805,2335000000
2024-07-17,17741.7695,17807.6797,17658.6797,17739.4102,17739.4102,2757000000
2024-07-18,17653.2305,17864.1191,17623.7402,17778.4102,17778.4102,2018300000
2024-07-19,17603.8008,17629.9707,17376.2305,17417.6797,17417.6797,2811600000
2024-07-22,17465.1309,17693.3496,17313.8809,17635.8809,17635.8809,2133600000
2024-07-23,17679.5508,17707.6797,17451.8594,17469.3594,17469.3594,2216500000
2024-07-24,17454.4297,17516.9492,17251.2598,17311.0508,17311.0508,2208200000
2024-07-25,17260.8301,17288.4609,16964.5195,17021.9102,17021.9102,2401400000
2024-07-26,17079.6699,17229.1895,16924.5801,17021.3105,17021.3105,2374200000
2024-07-29,17196.4492,17358.6602,17154.1191,17238.3398,17238.3398,2258400000
2024-07-30,17194.3691,17194.3691,16971.5996,17002.9102,17002.9102,2552700000
2024-07-31,17070.8594,17400.2402,17015.8301,17344.5996,17344.5996,2679000000
2024-08-01,17327.8496,17408.9492,17248.1191,17304.9609,17304.9609,1933900000
2024-08-02,17025.2598,17075.5195,16865.9297,16945.5098,16945.5098,2433800000
2024-08-05,16676.8203,16944.5898,16441.4395,16698.3594,16698.3594,3667500000
2024-08-06,16861.3008,16908.9707,16611.1406,16647.3398,16647.3398,2426000000
2024-08-07,16684.7793,16988.2598,16684.7793,16877.8594,16877.8594,2267400000
2024-08-08,16773.0391,17023.0996,16665.0605,16891.8301,16891.8301,2114400000
2024-08-09,17097.3594,17252.2207,17079.3496,17090.2305,17090.2305,2145400000
2024-08-12,17102.9805,17162.7598,17002.9297,17111.6504,17111.6504,1793100000
2024-08-13,17160.2109,17252.8809,17074.6895,17174.0605,17174.0605,1935000000
2024-08-14,17233.6797,17254.2305,17055.6992,17113.3594,17113.3594,1574500000
2024-08-15,17008.2109,17283.6504,16926.4707,17109.1406,17109.1406,2407000000
2024-08-16,17286.0391,17473.8906,17255.8594,17430.1602,17430.1602,2551700000
2024-08-19,17569.6602,17685.8594,17547.6504,17569.5703,17569.5703,2361600000
2024-08-20,17661.6895,17661.6895,17449.9902,17511.0801,17511.0801,1961800000
2024-08-21,17313.8594,17415.4805,17232.1309,17391.0098,17391.0098,2060200000
2024-08-22,17497.6309,17652.8008,17389.9395,17641.0000,17641.0000,2945700000
2024-08-23,17521.1797,17635.6992,17493.0801,17612.0996,17612.0996,2054100000
2024-08-26,17709.2695,17826.0508,17709.2695,17798.7305,17798.7305,1970100000
2024-08-27,17663.8008,17879.2695,17624.4199,17874.6699,17874.6699,2702700000
2024-08-28,17847.9902,17879.0098,17659.2891,17692.4492,17692.4492,2184600000
2024-08-29,17614.4102,17797.1699,17502.5293,17786.3203,17786.3203,2858200000
2024-08-30,17794.4102,18202.5996,17778.0996,17989.0703,17989.0703,4753800000
2024-09-02,17862.5898,17862.5898,17645.9199,17691.9707,17691.9707,3077100000
2024-09-03,17665.9297,17725.5098,17583.6992,17651.4902,17651.4902,2470800000
2024-09-04,17474.7402,17531.0508,17333.3008,17457.3398,17457.3398,2601200000
2024-09-05,17469.9609,17555.6094,17332.4902,17444.3008,17444.3008,2558600000
2024-09-09,17261.8906,17305.9102,17067.4492,17196.9609,17196.9609,3841900000
2024-09-10,17205.4199,17297.9492,17133.5000,17234.0898,17234.0898,2786700000
2024-09-11,17051.8398,17124.9609,16964.2793,17108.7109,17108.7109,3071100000
2024-09-12,17177.3008,17334.1895,17127.2500,17240.3906,17240.3906,2374200000
2024-09-13,17298.3496,17540.8105,17298.3496,17369.0898,17369.0898,2140000000
2024-09-16,17252.7695,17422.1191,17177.0801,17422.1191,17422.1191,1127900000
2024-09-17,17386.7500,17715.7695,17368.1406,17660.0195,17660.0195,1665700000
2024-09-19,17633.9297,18071.0996,17602.4492,18013.1602,18013.1602,3436700000
2024-09-20,18069.3301,18355.1504,18047.1309,18258.5703,18258.5703,4005300000
2024-09-23,18237.4102,18426.9199,18212.5801,18247.1094,18247.1094,2724500000
2024-09-24,18573.9199,19002.0508,18532.2793,19000.5605,19000.5605,6008400000
2024-09-25,19592.4297,19592.4297,19072.7207,19129.0996,19129.0996,6507500000
2024-09-26,19302.5703,19954.0605,19176.5801,19924.5801,19924.5801,7428300000
2024-09-27,20446.7402,20743.1992,20268.6309,20632.3008,20632.3008,9656100000
2024-09-30,21175.4102,21488.7500,20789.9297,21133.6797,21133.6797,1035700000
2024-10-02,21289.5996,22667.7402,21289.5996,22443.7305,22443.7305,7696300000
2024-10-03,22484.0391,22484.0391,21442.2500,22113.5098,22113.5098,4942200000
2024-10-04,22015.0801,22742.3594,21824.6797,22736.8691,22736.8691,4620000000
2024-10-07,22948.3496,23241.7402,22719.9102,23099.7793,23099.7793,5098400000
2024-10-08,22849.2305,22902.3594,20762.8203,20926.7891,20926.7891,11257900000
2024-10-09,21290.0391,21417.7500,20190.5293,20637.2402,20637.2402,7953600000
2024-10-10,21046.0000,21622.6504,20983.9395,21251.9805,21251.9805,6039900000
2024-10-14,21228.6504,21348.8594,20693.7500,21092.8691,21092.8691,5743300000
2024-10-15,21046.1895,21095.0098,20154.7109,20318.7891,20318.7891,4906400000
2024-10-16,20144.7500,20548.1797,20131.3398,20286.8496,20286.8496,4158700000
2024-10-17,20471.9902,20783.3496,19977.3496,20079.0996,20079.0996,3646900000
2024-10-18,20106.6504,20952.9902,20058.6699,20804.1094,20804.1094,4586200000
2024-10-21,20730.9492,20845.5703,20423.0898,20478.4609,20478.4609,3775000000
2024-10-22,20433.4902,20629.4805,20380.0391,20498.9492,20498.9492,2556600000
2024-10-23,20525.4395,20942.2598,20448.8398,20760.1504,20760.1504,3542000000
2024-10-24,20576.0508,20685.4609,20448.4609,20489.6191,20489.6191,2725600000
2024-10-25,20521.9492,20784.4707,20521.9492,20590.1504,20590.1504,2984600000
2024-10-28,20592.7402,20669.4102,20428.9395,20599.3594,20599.3594,2978600000
2024-10-29,20729.9805,20890.0801,20563.7402,20701.1406,20701.1406,3137700000
2024-10-30,20586.5508,20681.5195,20270.0703,20380.6406,20380.6406,3626500000
2024-10-31,20414.1992,20553.3008,20317.3301,20317.3301,20317.3301,3238200000
2024-11-01,20427.8809,20667.2207,20353.3398,20506.4297,20506.4297,3278800000
2024-11-04,20584.4492,20633.5801,20446.2598,20567.5195,20567.5195,2463600000
2024-11-05,20409.9395,21006.9707,20409.9395,21006.9707,21006.9707,3147300000
2024-11-06,20791.8008,20859.6602,20361.9199,20538.3809,20538.3809,3903900000
2024-11-07,20386.3594,20986.3105,20370.4395,20953.3398,20953.3398,4317500000
2024-11-08,21199.9609,21355.4395,20705.1191,20728.1895,20728.1895,4153500000
2024-11-11,20258.1406,20505.0098,20151.3809,20426.9297,20426.9297,3649700000
2024-11-12,20334.0898,20517.2402,19761.3105,19846.8809,19846.8809,4319500000
2024-11-13,19671.9199,19840.2793,19608.3203,19823.4492,19823.4492,2862300000
2024-11-14,19626.2598,19859.1699,19392.5898,19435.8105,19435.8105,3310000000
2024-11-15,19503.0293,19608.2402,19332.3398,19426.3398,19426.3398,2947200000
2024-11-18,19595.5000,19781.0801,19470.4297,19576.6094,19576.6094,3176400000
2024-11-19,19699.8105,19758.5703,19522.5898,19663.6699,19663.6699,2529900000
2024-11-20,19623.3906,19752.9297,19575.9102,19705.0098,19705.0098,2057500000
2024-11-21,19646.0391,19764.6191,19552.5000,19601.1094,19601.1094,2079200000
2024-11-22,19613.5508,19711.4004,19134.5898,19229.9707,19229.9707,3237600000
2024-11-25,19307.3398,19351.0605,19102.0605,19150.9902,19150.9902,4385600000
2024-11-26,19054.4004,19295.7500,19054.4004,19159.1992,19159.1992,2384700000
2024-11-27,19187.0508,19660.9902,19061.5996,19603.1309,19603.1309,2374800000
2024-11-28,19558.1797,19558.1797,19312.2598,19366.9609,19366.9609,2160800000
2024-11-29,19346.6191,19658.1992,19312.4102,19423.6094,19423.6094,2487600000
2024-12-02,19442.3105,19690.2207,19387.1992,19550.2891,19550.2891,2392300000
2024-12-03,19585.3496,19768.3203,19386.8203,19746.3203,19746.3203,2625300000
2024-12-04,19722.1504,19823.0898,19615.6094,19742.4609,19742.4609,2589100000
2024-12-05,19578.6602,19642.7305,19466.6895,19560.4395,19560.4395,2007500000
2024-12-06,19611.6191,19934.7207,19566.2891,19865.8496,19865.8496,3493300000
2024-12-09,19732.2793,20433.7305,19695.5098,20414.0898,20414.0898,3960600000
2024-12-10,21070.0508,21070.0508,20308.8594,20311.2793,20311.2793,4472400000
2024-12-11,20404.5000,20481.3691,20100.0703,20155.0508,20155.0508,2300100000
2024-12-12,20213.2402,20546.4395,20121.4707,20397.0508,20397.0508,2777100000
2024-12-13,20238.2109,20238.2109,19927.2695,19971.2402,19971.2402,3106800000
2024-12-16,19947.2305,20049.2109,19726.1504,19795.4902,19795.4902,2699600000
2024-12-17,19678.0293,19930.8301,19620.6309,19700.4805,19700.4805,2787100000
2024-12-18,19884.5391,19953.5293,19802.2207,19864.5508,19864.5508,2288100000
2024-12-19,19610.0996,19849.0293,19591.4902,19752.5098,19752.5098,2385000000
2024-12-20,19697.0605,19875.9004,19692.6797,19720.6992,19720.6992,3501200000
2024-12-23,19843.6504,19937.3906,19746.4609,19883.1309,19883.1309,3403600000
2024-12-24,19911.5000,20165.4609,19908.5703,20098.2891,20098.2891,2206500000
2024-12-27,20083.4395,20184.8809,20009.9492,20090.4609,20090.4609,2906600000
2024-12-30,20124.7500,20193.0898,19968.0703,20041.4199,20041.4199,2724900000
2024-12-31,20003.3594,20180.4004,20003.3594,20059.9492,20059.9492,1722100000
2025-01-02,19932.8008,19932.8008,19542.9805,19623.3203,19623.3203,4033400000
2025-01-03,19708.7402,19891.8594,19634.0703,19760.2695,19760.2695,3393800000
2025-01-06,19848.7109,19851.5508,19627.8398,19688.2891,19688.2891,2465700000
2025-01-07,19501.4492,19668.6504,19252.6094,19447.5801,19447.5801,3581000000
2025-01-08,19390.7598,19483.5898,19111.5391,19279.8398,19279.8398,3232400000
2025-01-09,19254.3809,19405.7402,19227.7305,19240.8906,19240.8906,2456500000
2025-01-10,19328.0703,19370.4902,19036.6406,19064.2891,19064.2891,2606700000
2025-01-13,18918.1504,18929.1191,18671.4902,18874.1406,18874.1406,2754800000
2025-01-14,18901.5605,19318.3594,18901.5605,19219.7793,19219.7793,2838600000
2025-01-15,19149.9395,19319.2207,19149.9395,19286.0703,19286.0703,2451900000
2025-01-16,19454.9199,19664.3906,19345.1895,19522.8906,19522.8906,2710700000
2025-01-17,19499.0996,19640.3691,19423.6992,19584.0605,19584.0605,2435800000
2025-01-20,19804.6406,20093.6504,19786.7305,19925.8105,19925.8105,2764400000
2025-01-21,20128.3398,20205.2500,19920.3105,20106.5508,20106.5508,2412100000
2025-01-22,19997.0898,20022.3398,19733.2109,19778.7695,19778.7695,2282100000
2025-01-23,19881.3203,20044.0605,19644.8301,19700.5605,19700.5605,3059700000
2025-01-24,19842.8496,20144.0000,19768.1309,20066.1895,20066.1895,3209800000
2025-01-27,20118.0195,20296.9395,20118.0195,20197.7695,20197.7695,2751200000
2025-01-28,20337.4609,20337.4609,20165.7305,20225.1094,20225.1094,945200000
2025-02-03,20048.8691,20222.0000,19764.6699,20217.2598,20217.2598,2224400000
2025-02-04,20488.2891,20885.4902,20297.6406,20789.9609,20789.9609,2854000000
2025-02-05,20827.7695,20827.7695,20417.3906,20597.0898,20597.0898,2967900000
2025-02-06,20598.9805,20891.6191,20532.0605,20891.6191,20891.6191,2957400000
2025-02-07,20858.5195,21213.6992,20806.0996,21133.5391,21133.5391,4125600000
2025-02-10,21223.6094,21539.6309,21223.6094,21521.9805,21521.9805,3736100000
2025-02-11,21656.8203,21682.4102,21279.3691,21294.8594,21294.8594,3583400000
2025-02-12,21526.4102,21858.8301,21411.0898,21857.9199,21857.9199,4873000000
2025-02-13,21958.6895,22523.5703,21735.5605,21814.3691,21814.3691,6487200000
2025-02-14,22027.0703,22620.3301,22027.0703,22620.3301,22620.3301,6057000000
2025-02-17,22755.0605,22977.2500,22319.3203,22616.2305,22616.2305,6736200000
2025-02-18,22664.7305,23141.4102,22608.1797,22976.8105,22976.8105,5222600000
2025-02-19,22777.4609,22975.3398,22649.4902,22944.2402,22944.2402,4080400000
2025-02-20,22716.7109,22849.6602,22436.1309,22576.9805,22576.9805,4200400000
2025-02-21,23090.0293,23477.9199,22901.6895,23477.9199,23477.9199,6167300000
2025-02-24,23472.1406,23688.4492,23221.5703,23341.6094,23341.6094,5264600000
2025-02-25,22716.4805,23248.5195,22716.4805,23034.0195,23034.0195,4449800000
2025-02-26,23238.3398,23973.1699,23238.3398,23787.9297,23787.9297,5138100000
2025-02-27,23783.7500,24076.5293,23441.7402,23718.2891,23718.2891,6257000000
2025-02-28,23616.1797,23616.1797,22798.3398,22941.3203,22941.3203,6578300000
2025-03-03,23135.1191,23405.9805,22861.7500,23006.2695,23006.2695,4338200000
2025-03-04,22678.2500,23051.0098,22547.5293,22941.7695,22941.7695,3994800000
2025-03-05,23200.4199,23636.6504,23090.6309,23594.2109,23594.2109,4077700000
2025-03-06,23987.0898,24410.9297,23987.0898,24369.7109,24369.7109,4886300000
2025-03-07,24182.0195,24669.6191,24065.0098,24231.3008,24231.3008,4830800000
2025-03-10,24115.9805,24292.8008,23632.4199,23783.4902,23783.4902,3684200000
2025-03-11,23274.8594,23858.6094,23238.3594,23782.1406,23782.1406,3554100000
2025-03-12,23859.2305,23962.0293,23363.9805,23600.3105,23600.3105,3632700000
2025-03-13,23616.3301,23712.6094,23198.7305,23462.6504,23462.6504,3231300000
2025-03-14,23653.3301,24113.5293,23454.4902,23959.9805,23959.9805,4260100000
2025-03-17,24226.0000,24352.4707,24077.1504,24145.5703,24145.5703,3284200000
2025-03-18,24679.3496,24745.1309,24475.2598,24740.5703,24740.5703,3930700000
2025-03-19,24697.6309,24874.3906,24601.7305,24771.1406,24771.1406,3593000000
2025-03-20,24753.1504,24753.1504,24186.6895,24219.9492,24219.9492,4102200000
2025-03-21,24109.0703,24230.7207,23577.7793,23689.7207,23689.7207,4931000000
2025-03-24,23749.5801,23967.5098,23531.1992,23905.5605,23905.5605,3386100000
2025-03-25,23643.3203,23747.3203,23321.6699,23344.2500,23344.2500,4234400000
2025-03-26,23460.3105,23596.8496,23350.7305,23483.3203,23483.3203,3116600000
2025-03-27,23543.8594,23865.6191,23372.3594,23578.8008,23578.8008,3790100000
2025-03-28,23672.8203,23775.3008,23254.3008,23426.5996,23426.5996,3540800000
2025-03-31,23207.0703,23399.7305,23002.8105,23119.5801,23119.5801,4752800000
2025-04-01,23217.1094,23456.5801,23123.3496,23206.8398,23206.8398,3979700000
2025-04-02,23167.3105,23393.0293,22980.9609,23202.5293,23202.5293,3573500000
2025-04-03,22638.2109,22998.3008,22638.2109,22849.8105,22849.8105,4249900000
2025-04-07,20730.0508,21047.8301,19706.0293,19828.3008,19828.3008,12686500000
2025-04-08,20157.5195,20454.2598,19745.1406,20127.6797,20127.6797,8420700000
2025-04-09,19494.9199,20441.1406,19260.2109,20264.4902,20264.4902,8672400000
2025-04-10,20810.4297,21211.1309,20530.4297,20681.7793,20681.7793,6611800000
2025-04-11,20557.4902,21127.3691,20444.0391,20914.6895,20914.6895,5139200000
2025-04-14,21363.8809,21517.3203,21224.5508,21417.4004,21417.4004,4538300000
2025-04-15,21603.5195,21603.5195,21297.5898,21466.2695,21466.2695,2942800000
2025-04-16,21316.4707,21363.5703,20868.3594,21056.9805,21056.9805,3441800000
2025-04-17,21066.8105,21417.6406,21039.1602,21395.1406,21395.1406,2892800000
2025-04-22,21303.5098,21592.6699,21191.0195,21562.3203,21562.3203,3883600000
2025-04-23,22080.1895,22138.8105,21862.8691,22072.6191,22072.6191,3585300000
2025-04-24,22030.1504,22093.6797,21712.0996,21909.7598,21909.7598,2985800000
2025-04-25,22080.4395,22267.9609,21923.9004,21980.7402,21980.7402,3025700000
2025-04-28,22072.3496,22072.3496,21817.8496,21971.9609,21971.9609,2466000000
2025-04-29,22073.3594,22213.5098,21918.0996,22008.1094,22008.1094,3045200000
2025-04-30,22038.7305,22129.3105,21848.3301,22119.4102,22119.4102,4682300000
2025-05-02,22192.5098,22532.5391,22058.3008,22504.6797,22504.6797,1831000000
2025-05-06,22576.5605,22747.6309,22449.1602,22662.7109,22662.7109,3317400000
2025-05-07,23169.8301,23197.5703,22691.8809,22691.8809,22691.8809,3694100000
2025-05-08,22589.1309,22979.2891,22589.1309,22775.9199,22775.9199,2773700000
2025-05-09,22856.2109,22907.9102,22692.4395,22867.7402,22867.7402,2635900000
2025-05-12,23183.8105,23685.3398,22982.9102,23549.4609,23549.4609,5161400000
2025-05-13,23494.4395,23494.4395,23070.4805,23108.2695,23108.2695,3475900000
2025-05-14,23316.4492,23640.6504,23278.2207,23640.6504,23640.6504,3742900000
2025-05-15,23644.4004,23710.8203,23371.7305,23453.1602,23453.1602,2887600000
2025-05-16,23249.1602,23374.6992,23190.3105,23345.0508,23345.0508,2759500000
2025-05-19,23156.2695,23402.1992,23059.8906,23332.7207,23332.7207,2814000000
2025-05-20,23398.3496,23709.0391,23357.0000,23681.4805,23681.4805,3290600000
2025-05-21,23736.4297,23917.0000,23697.7598,23827.7793,23827.7793,3463700000
2025-05-22,23748.5801,23778.2402,23470.8105,23544.3105,23544.3105,3397700000
2025-05-23,23557.3809,23749.3809,23487.4004,23601.2598,23601.2598,3348700000
2025-05-26,23505.9004,23571.0195,23234.2695,23282.3301,23282.3301,3381800000
2025-05-27,23216.8691,23419.5508,23167.5605,23381.9902,23381.9902,3081400000
2025-05-28,23385.1797,23476.2207,23180.1699,23258.3105,23258.3105,2874700000
2025-05-29,23240.7109,23603.8203,23207.3691,23573.3809,23573.3809,3711300000
2025-05-30,23339.6406,23375.3398,23163.2207,23289.7695,23289.7695,5293500000
2025-06-02,23043.0996,23163.3496,22668.3496,23157.9707,23157.9707,2309300000
2025-06-03,23281.0996,23535.3691,23281.0996,23512.4902,23512.4902,3676300000
2025-06-04,23499.7793,23716.9297,23481.4609,23654.0293,23654.0293,3498700000
2025-06-05,23828.6895,23911.1406,23732.3105,23906.9707,23906.9707,3272600000
2025-06-06,23941.5703,23951.1406,23773.3594,23792.5391,23792.5391,4376700000
2025-06-09,23977.5391,24181.4297,23957.9609,24181.4297,24181.4297,3987200000
2025-06-10,24231.3105,24296.4707,24003.3809,24162.8691,24162.8691,3685200000
2025-06-11,24191.3203,24439.3496,24179.3496,24366.9395,24366.9395,3703300000
2025-06-12,24223.1191,24288.7598,24002.4199,24035.3809,24035.3809,4328700000
2025-06-13,23959.8105,24100.3203,23774.9199,23892.5605,23892.5605,4926000000
2025-06-16,23791.7891,24125.0508,23718.7207,24060.9902,24060.9902,3825900000
2025-06-17,24107.3398,24131.4395,23880.6699,23980.3008,23980.3008,3374200000
2025-06-18,23859.5508,23880.2402,23631.4805,23710.6895,23710.6895,3264300000
2025-06-19,23620.0195,23653.5508,23185.5801,23237.7402,23237.7402,3871900000
2025-06-20,23291.4004,23538.6309,23291.4004,23530.4805,23530.4805,4801500000
2025-06-23,23335.5098,23689.1309,23272.7500,23689.1309,23689.1309,3225900000
2025-06-24,23832.7305,24229.2109,23832.7305,24177.0703,24177.0703,3995700000
2025-06-25,24327.8203,24533.3906,24287.8594,24474.6699,24474.6699,3724300000
2025-06-26,24345.2891,24411.4805,24235.5391,24325.4004,24325.4004,3258500000
2025-06-27,24451.1895,24471.5293,24194.8496,24284.1504,24284.1504,4341600000
2025-06-30,24274.9102,24274.9102,24064.2598,24072.2793,24072.2793,3775900000
2025-07-02,24304.3105,24372.6992,24122.5703,24221.4102,24221.4102,4061300000
2025-07-03,24234.2793,24269.1406,23920.0000,24069.9395,24069.9395,3594900000
2025-07-04,23900.6895,24068.5098,23690.9395,23916.0605,23916.0605,4021200000
2025-07-07,23828.8496,23910.9492,23713.7793,23887.8301,23887.8301,2516500000
2025-07-08,23927.5293,24159.0098,23899.5996,24148.0703,24148.0703,3039900000
2025-07-09,24061.0801,24061.0801,23827.1504,23892.3203,23892.3203,3197600000
2025-07-10,23865.6406,24087.5898,23820.5801,24028.3691,24028.3691,3501100000
2025-07-11,24033.1191,24506.3008,24033.1191,24139.5703,24139.5703,4142000000
2025-07-14,24100.5703,24267.8398,24097.3203,24203.3203,24203.3203,2730300000
2025-07-15,24281.9395,24590.1191,24141.8809,24590.1191,24590.1191,3774900000
2025-07-16,24704.0508,24867.8105,24517.7500,24517.7598,24517.7598,3381700000
2025-07-17,24547.0801,24672.5098,24447.9297,24498.9492,24498.9492,3208300000
2025-07-18,24757.8301,24825.6602,24630.7891,24825.6602,24825.6602,2904200000
2025-07-21,24991.1406,25010.9004,24844.8008,24994.1406,24994.1406,3609000000
2025-07-22,25024.9297,25130.0293,24900.5898,25130.0293,25130.0293,3822400000
2025-07-23,25348.3008,25538.0703,25228.0098,25538.0703,25538.0703,4139800000
2025-07-24,25528.2207,25735.8906,25502.4902,25667.1797,25667.1797,3595700000
2025-07-25,25531.5898,25585.7305,25355.3105,25388.3496,25388.3496,3406300000
2025-07-28,25458.8691,25667.4004,25399.3594,25562.1309,25562.1309,3425400000
2025-07-29,25454.8301,25530.4199,25252.3203,25524.4492,25524.4492,3745000000
2025-07-30,25335.2109,25499.5703,25082.1992,25176.9297,25176.9297,4667600000
2025-07-31,24982.8691,25000.0605,24744.9199,24773.3301,24773.3301,4186400000
2025-08-01,24744.3398,24856.5391,24507.6309,24507.8105,24507.8105,3765300000
2025-08-04,24431.8809,24748.7598,24372.5098,24733.4492,24733.4492,2851300000
2025-08-05,24746.8105,24925.9004,24686.8496,24902.5293,24902.5293,3058000000
2025-08-06,24864.1504,25002.9707,24806.4609,24910.6309,24910.6309,2449800000
2025-08-07,24982.5000,25115.1602,24820.5996,25081.6309,25081.6309,2937800000
2025-08-08,24968.3105,24999.1094,24812.1191,24858.8203,24858.8203,2487400000
2025-08-11,24946.5508,24969.3008,24775.7305,24906.8105,24906.8105,2525200000
2025-08-12,24824.0703,25016.2891,24801.1309,24969.6797,24969.6797,2368600000
2025-08-13,25176.5195,25613.6699,25176.5195,25613.6699,25613.6699,3271700000
2025-08-14,25766.6191,25766.6191,25449.8008,25519.3203,25519.3203,3330000000
2025-08-15,25322.0996,25356.5391,25167.8105,25270.0703,25270.0703,4157900000
2025-08-18,25293.3398,25466.0996,25176.8496,25176.8496,25176.8496,3720500000
2025-08-19,25241.2891,25260.5801,25083.1992,25122.9004,25122.9004,3195500000
2025-08-20,24968.5703,25210.9004,24887.9297,25165.9395,25165.9395,2984200000
2025-08-21,25216.4199,25216.4199,25000.8496,25104.6094,25104.6094,2861000000
2025-08-22,25205.0391,25349.0801,25140.0801,25339.1406,25339.1406,3359400000
2025-08-25,25606.8809,25918.8594,25590.6191,25829.9102,25829.9102,4143300000
2025-08-26,25714.9102,25819.6992,25524.9199,25524.9199,25524.9199,3635400000
2025-08-27,25626.1699,25653.9199,25140.1699,25201.7598,25201.7598,3871200000
2025-08-28,25030.5391,25093.6504,24808.7793,24998.8203,24998.8203,4178800000
2025-08-29,25095.4492,25277.5098,25066.8496,25077.6191,25077.6191,3818100000
2025-09-01,25508.2109,25638.3398,25471.3496,25617.4199,25617.4199,4316800000
2025-09-02,25587.9707,25724.7305,25416.6094,25496.5508,25496.5508,3811100000
2025-09-03,25660.6504,25789.9902,25276.8691,25343.4297,25343.4297,3186200000
2025-09-04,25489.1309,25494.4492,25013.2598,25058.5098,25058.5098,3630300000
2025-09-05,25136.2402,25471.8008,25090.6504,25417.9805,25417.9805,3739400000
2025-09-08,25440.0098,25664.0098,25387.8105,25633.9102,25633.9102,3655000000
2025-09-09,25711.0703,26027.9395,25675.2793,25938.1309,25938.1309,3632700000
2025-09-10,26042.4102,26296.5996,26017.5000,26200.2598,26200.2598,3793200000
2025-09-11,25987.4902,26241.4609,25878.9707,26086.3203,26086.3203,3992500000
2025-09-12,26539.4395,26585.9492,26329.6602,26388.1602,26388.1602,3332500000
2025-09-15,26308.9102,26532.7500,26280.2305,26446.5605,26446.5605,2857700000
2025-09-16,26536.6309,26601.5898,26332.2109,26438.5098,26438.5098,2882500000
2025-09-17,26554.1895,26936.5000,26540.5703,26908.3906,26908.3906,3700800000
2025-09-18,26863.6895,27058.0293,26322.0801,26544.8496,26544.8496,4114200000
2025-09-19,26583.0293,26637.6406,26414.1094,26545.0996,26545.0996,4165900000
2025-09-22,26459.5195,26479.1406,26204.0098,26344.1406,26344.1406,3298400000
2025-09-23,26435.5801,26454.0898,26003.6699,26159.1191,26159.1191,3124500000
2025-09-24,26073.6895,26562.8809,26057.2598,26518.6504,26518.6504,3023200000
2025-09-25,26536.1309,26640.5293,26403.5195,26484.6797,26484.6797,3687000000
2025-09-26,26272.3008,26406.0508,26072.9297,26128.1992,26128.1992,3440600000
2025-09-29,26321.5703,26687.7207,26321.5703,26622.8809,26622.8809,3502800000
2025-09-30,26674.1602,26888.4004,26558.2793,26855.5605,26855.5605,3501900000
2025-10-02,26918.3008,27381.8398,26918.3008,27287.1191,27287.1191,2324600000
2025-10-03,27221.4609,27262.0000,26972.7109,27140.9199,27140.9199,1392000000
2025-10-06,27003.9199,27145.1699,26873.3398,26957.7695,26957.7695,1131600000
2025-10-08,26900.6406,26906.1992,26517.4492,26829.4609,26829.4609,2105700000
2025-10-09,26862.0293,26978.4102,26480.5801,26752.5898,26752.5898,4013900000
2025-10-10,26523.8906,26558.8691,26247.0391,26290.3203,26290.3203,3432000000
2025-10-13,25634.0000,25895.6191,25336.0898,25889.4805,25889.4805,5172800000
2025-10-14,25969.2109,26102.6797,25331.6406,25441.3496,25441.3496,4753200000
2025-10-15,25714.8906,25982.2109,25593.4492,25910.5996,25910.5996,3503900000
2025-10-16,25890.0098,26062.8008,25687.3203,25888.5098,25888.5098,3380900000
2025-10-17,25851.9395,25859.8203,25145.3398,25247.0996,25247.0996,4008400000
2025-10-20,25884.4609,25912.7695,25710.6094,25858.8301,25858.8301,2901600000
2025-10-21,26160.2402,26367.3496,26017.7207,26027.5508,26027.5508,3065000000
2025-10-22,25897.6191,25947.8809,25653.7500,25781.7695,25781.7695,2830300000
2025-10-23,25718.5293,26080.8398,25591.6602,25967.9805,25967.9805,3104000000
2025-10-24,26177.1094,26239.9609,26063.9902,26160.1504,26160.1504,2592100000
2025-10-27,26495.9707,26495.9707,26319.2207,26433.6992,26433.6992,3164600000
2025-10-28,26508.7500,26519.2402,26245.3301,26346.1406,26346.1406,2857300000
2025-10-30,26545.9199,26588.8906,26138.7891,26282.6895,26282.6895,4318800000
2025-10-31,26263.0098,26283.9609,25906.6504,25906.6504,25906.6504,3378200000
2025-11-03,25999.1699,26217.1191,25920.2695,26158.3594,26158.3594,1789700000
2025-11-04,26148.0703,26291.6504,25911.7891,25952.4004,25952.4004,3421200000
2025-11-05,25701.6309,25980.9004,25496.1309,25935.4102,25935.4102,2770000000
2025-11-06,26061.5801,26490.7109,26061.5801,26485.9004,26485.9004,2705200000
2025-11-07,26350.7402,26371.4609,26167.2305,26241.8301,26241.8301,2695900000
2025-11-10,26319.4004,26668.8906,26302.9297,26649.0605,26649.0605,3124500000
2025-11-11,26748.0898,26788.4297,26511.2500,26696.4102,26696.4102,2417600000
2025-11-12,26754.9297,27016.4004,26739.0898,26922.7305,26922.7305,3437300000
2025-11-13,26779.4805,27188.8105,26733.2109,27073.0293,27073.0293,3285700000
2025-11-14,26660.3105,26881.8809,26535.4199,26572.4609,26572.4609,2809900000
2025-11-17,26441.6992,26531.8008,26252.3594,26384.2793,26384.2793,2521100000
2025-11-18,26172.2695,26188.8203,25821.8398,25930.0293,25930.0293,3514100000
2025-11-19,25954.2305,26045.3691,25742.0703,25830.6504,25830.6504,2886700000
2025-11-20,25999.7793,26046.7598,25692.1309,25835.5703,25835.5703,2979200000
2025-11-21,25460.4199,25483.6699,25178.6309,25220.0195,25220.0195,3957900000
2025-11-24,25452.8691,25770.4492,25369.2891,25716.5000,25716.5000,4422700000
2025-11-25,25948.9004,26069.2207,25740.5391,25894.5508,25894.5508,2962100000
2025-11-26,26046.7402,26136.2695,25907.0605,25928.0801,25928.0801,2564700000
2025-11-27,25945.5391,26123.6895,25822.6602,25945.9297,25945.9297,2682700000
2025-11-28,26011.0605,26011.0605,25807.5508,25858.8906,25858.8906,1961600000
2025-12-01,25945.8691,26179.7207,25913.9805,26033.2598,26033.2598,2318600000
2025-12-02,26188.5508,26264.1309,25989.4492,26095.0508,26095.0508,2453000000
2025-12-03,25980.8906,25996.8809,25724.8203,25760.7305,25760.7305,2176600000
2025-12-04,25804.0098,25990.7305,25649.3008,25935.9004,25935.9004,2169200000
2025-12-05,25833.1094,26131.6094,25758.1699,26085.0801,26085.0801,2973100000
2025-12-08,26067.8594,26151.4609,25755.0098,25765.3594,25765.3594,2923100000
2025-12-09,25780.9707,25820.3105,25386.5801,25434.2305,25434.2305,2858700000
2025-12-10,25435.4902,25540.7793,25257.6094,25540.7793,25540.7793,2729900000
2025-12-11,25710.6094,25801.3398,25471.5000,25530.5098,25530.5098,2352600000
2025-12-12,25761.4102,26006.4707,25697.4297,25976.7891,25976.7891,3219500000
2025-12-15,25718.1406,25824.4395,25609.2793,25628.8809,25628.8809,2803200000
2025-12-16,25547.9199,25547.9199,25086.5391,25235.4102,25235.4102,2917700000
2025-12-17,25243.5898,25494.9395,25168.1895,25468.7793,25468.7793,2471900000
2025-12-18,25330.8301,25511.8398,25261.3809,25498.1309,25498.1309,2613500000
2025-12-19,25634.2207,25747.0098,25545.9199,25690.5293,25690.5293,3358000000
2025-12-22,25795.9395,25859.6094,25671.3301,25801.7695,25801.7695,2362100000
2025-12-23,25875.8496,25927.6602,25726.4492,25774.1406,25774.1406,2240900000
2025-12-24,25780.0898,25890.8691,25772.8691,25818.9297,25818.9297,1236300000
2025-12-29,25928.8906,26082.9395,25630.7500,25635.2305,25635.2305,2931600000
2025-12-30,25636.4004,25930.2207,25611.2305,25854.5996,25854.5996,3138100000
2025-12-31,25801.4902,25808.5195,25554.3105,25630.5391,25630.5391,1651000000
2026-01-02,25717.4199,26345.6309,25717.4199,26338.4707,26338.4707,1489700000
2026-01-05,26361.4395,26445.5000,26256.0000,26347.2402,26347.2402,3692200000
2026-01-06,26502.4004,26858.1309,26498.3594,26710.4492,26710.4492,3800900000
2026-01-07,26601.8301,26616.9395,26313.5098,26458.9492,26458.9492,3645300000
2026-01-08,26302.7793,26305.6895,25960.3398,26149.3105,26149.3105,3243300000
2026-01-09,26272.5391,26299.3203,26114.4102,26231.7891,26231.7891,3241700000
2026-01-12,26376.8398,26608.4805,26187.7598,26608.4805,26608.4805,3599600000
2026-01-13,26958.5195,27143.6602,26729.5391,26848.4707,26848.4707,3691700000
2026-01-14,26971.9707,27097.7207,26780.2695,26999.8105,26999.8105,4849600000
2026-01-15,26972.3594,27206.8398,26808.3496,26923.6191,26923.6191,3573700000
2026-01-16,27094.8496,27176.3105,26741.5391,26844.9609,26844.9609,3365900000
2026-01-19,26641.5996,26715.5801,26533.6699,26563.9004,26563.9004,2742400000
2026-01-20,26544.9004,26638.5508,26363.8594,26487.5098,26487.5098,2770800000
2026-01-21,26397.0391,26692.7793,26397.0391,26585.0605,26585.0605,2998700000
2026-01-22,26750.5098,26779.2207,26499.1406,26629.9609,26629.9609,2990900000
2026-01-23,26861.3594,26895.9395,26689.7305,26749.5098,26749.5098,2803500000
2026-01-26,26844.0391,26911.4395,26619.8301,26765.5195,26765.5195,2926500000
2026-01-27,26863.1504,27188.9004,26829.7109,27126.9492,27126.9492,3063200000
2026-01-28,27325.8906,27826.9102,27258.0996,27826.9102,27826.9102,5050200000
2026-01-29,27627.1094,28056.0996,27611.9004,27968.0898,27968.0898,4396400000
2026-01-30,27785.9805,27887.2402,27384.0195,27387.1094,27387.1094,4427500000
2026-02-02,27097.3398,27100.0898,26507.6191,26775.5703,26775.5703,4835000000
2026-02-03,26995.7598,27126.4805,26431.8008,26834.7695,26834.7695,3425200000
2026-02-04,26797.0508,27004.2207,26593.1797,26847.3203,26847.3203,2984800000
2026-02-05,26627.9492,26919.3906,26410.7695,26885.2402,26885.2402,3189800000
2026-02-06,26354.3398,26710.3398,26295.0293,26559.9492,26559.9492,2913300000
2026-02-09,26982.4902,27111.5391,26879.0996,27027.1602,27027.1602,2734500000
2026-02-10,27202.9609,27397.6504,27104.8203,27183.1504,27183.1504,2554300000
2026-02-11,27246.1797,27325.9805,27133.7695,27266.3809,27266.3809,2403700000
2026-02-12,27210.5605,27215.6309,26932.5605,27032.5391,27032.5391,2668800000
2026-02-13,26640.1602,26774.4395,26444.4609,26567.1191,26567.1191,2489000000
2026-02-16,26501.1992,26734.4102,26382.4102,26705.9395,26705.9395,808500000
2026-02-20,26657.8398,26694.3398,26356.9609,26413.3496,26413.3496,1694800000
2026-02-23,26798.9707,27156.2793,26798.9707,27081.9102,27081.9102,1816400000
2026-02-24,26913.6797,26913.6797,26480.8594,26590.3203,26590.3203,2683800000
2026-02-25,26745.1992,26870.0293,26632.5293,26765.7207,26765.7207,2499400000
2026-02-26,27019.7402,27024.0703,26373.0098,26381.0195,26381.0195,2901200000
2026-02-27,26447.0508,26701.5000,26375.6992,26630.5391,26630.5391,3294400000
2026-03-02,26305.5801,26403.8496,25882.9492,26059.8496,26059.8496,4593500000
2026-03-03,26190.2402,26218.9297,25727.0000,25768.0801,25768.0801,4705200000
2026-03-04,25469.3398,25470.0508,24958.4297,25249.4805,25249.4805,4703700000
2026-03-05,25583.6504,25736.5996,25236.6797,25321.3398,25321.3398,3484200000
2026-03-06,25358.5605,25806.7207,25267.6309,25757.2891,25757.2891,3669800000
2026-03-09,25075.7402,25442.6191,24906.0000,25408.4609,25408.4609,5300800000
2026-03-10,25740.2891,25959.9004,25611.7891,25959.9004,25959.9004,3518600000
2026-03-11,26112.0801,26149.6406,25819.0996,25898.7598,25898.7598,3144800000
2026-03-12,25719.4707,25932.5801,25521.1504,25716.7598,25716.7598,3046500000
2026-03-13,25583.5508,25697.1699,25419.8691,25465.5996,25465.5996,2786100000
2026-03-16,25436.2695,25856.7305,25317.8105,25834.0195,25834.0195,3018100000
2026-03-17,25938.4297,26250.1406,25844.9492,25868.5391,25868.5391,2901400000
2026-03-18,25923.0293,26117.9492,25791.8203,26025.4199,26025.4199,2536000000
2026-03-19,25550.5605,25737.8301,25449.0605,25500.5801,25500.5801,3552300000
2026-03-20,25337.2793,25563.8809,25121.4609,25277.3203,25277.3203,4602500000
2026-03-23,24789.1406,24789.1406,24203.5391,24382.4707,24382.4707,5094400000
2026-03-24,24759.8203,25077.0898,24555.5000,25063.7109,25063.7109,3890700000
2026-03-25,25280.5195,25390.3008,25015.1992,25335.9492,25335.9492,4574700000
2026-03-26,25267.1602,25278.0293,24793.0996,24856.4297,24856.4297,3973700000
2026-03-27,24768.6602,25095.5703,24712.9199,24951.8809,24951.8809,3409200000
2026-03-30,24532.8496,24811.8594,24409.5703,24750.7891,24750.7891,4149100000
2026-03-31,24818.1992,24988.5293,24559.5703,24788.1406,24788.1406,3804700000
2026-04-01,25357.2305,25429.7598,25203.6895,25294.0293,25294.0293,3857700000
2026-04-02,25254.4902,25254.4902,24901.7695,25116.5293,25116.5293,3194600000
2026-04-08,25772.5605,25934.1797,25668.6699,25893.0195,25893.0195,4871300000
2026-04-09,25756.4102,25854.8008,25653.6309,25752.4004,25752.4004,2918000000
2026-04-10,25891.8809,26073.9707,25843.6504,25893.5391,25893.5391,2572900000
2026-04-13,25708.6406,25717.3809,25508.5293,25660.8496,25660.8496,2288800000
2026-04-14,25929.4004,25995.0898,25668.5293,25872.3203,25872.3203,2707100000
2026-04-15,26168.2500,26216.5801,25947.3203,25947.3203,25947.3203,3021700000
2026-04-16,26122.8008,26403.0703,26122.8008,26394.2598,26394.2598,2805500000
2026-04-17,26210.9707,26280.9609,26015.4395,26160.3301,26160.3301,2793200000
2026-04-20,26204.6094,26411.6895,26094.6406,26361.0703,26361.0703,2873200000
2026-04-21,26442.2891,26529.4902,26342.0195,26487.4805,26487.4805,2460000000
2026-04-22,26303.5996,26303.5996,26073.4492,26163.2402,26163.2402,2562100000
2026-04-23,26098.8105,26115.0703,25840.5508,25915.1992,25915.1992,2607800000
2026-04-24,25733.6094,26004.5898,25639.2598,25978.0703,25978.0703,2885800000
2026-04-27,25976.9707,26086.0195,25858.2402,25925.6504,25925.6504,2601400000
2026-04-28,25814.3691,25896.6602,25609.6094,25679.7793,25679.7793,3263600000
2026-04-29,25842.6309,26132.9395,25811.4609,26111.8398,26111.8398,3783200000
2026-04-30,26008.3203,26072.2402,25734.1602,25776.5293,25776.5293,4129700000
2026-05-04,26138.3398,26326.4395,26091.8594,26095.8809,26095.8809,1811100000
2026-05-05,25945.7500,25945.7500,25690.3594,25898.6094,25898.6094,1482000000
2026-05-06,26029.6504,26213.7793,25877.8203,26213.7793,26213.7793,3544300000
2026-05-07,26531.3496,26669.2598,26518.7891,26626.2793,26626.2793,3989000000
2026-05-08,26359.7891,26470.4902,26274.8008,26393.7109,26393.7109,3061200000
2026-05-11,26310.8691,26427.1406,26219.2598,26406.8398,26406.8398,3079500000
2026-05-12,26497.0293,26592.3691,26328.8398,26347.9102,26347.9102,3082300000
2026-05-13,26369.9902,26458.9004,26220.1191,26388.4395,26388.4395,2820400000
2026-05-14,26836.6602,26844.8008,26366.8594,26389.0391,26389.0391,3124300000
2026-05-15,26391.0195,26391.0195,25847.1504,25962.7305,25962.7305,3259900000
2026-05-18,25838.9609,25838.9609,25505.7109,25675.1797,25675.1797,3017100000
2026-05-19,25693.3691,25845.4609,25671.1191,25797.8496,25797.8496,3100100000
2026-05-20,25709.6191,25713.5293,25555.0605,25651.1191,25651.1191,2859500000
2026-05-21,25833.2402,25833.7109,25341.7305,25386.5195,25386.5195,3027700000
2026-05-22,25641.8008,25732.3594,25483.2402,25606.0293,25606.0293,3280800000
2026-05-26,25622.3594,25768.3809,25431.1699,25599.4492,25599.4492,4082800000
2026-05-27,25608.7793,25638.4102,25258.0293,25328.2305,25328.2305,3717100000
2026-05-28,25230.5801,25230.5801,24727.2598,25006.1602,25006.1602,4237000000
2026-05-29,25161.5195,25313.3301,25055.8008,25182.3906,25182.3906,6766100000
2026-06-01,25180.0508,25486.7598,25174.3008,25398.1797,25398.1797,3703000000
2026-06-02,25395.0703,26045.0703,25394.6406,26038.3203,26038.3203,3751300000
2026-06-03,25953.0098,25953.0098,25569.4492,25633.2109,25633.2109,3174800000
2026-06-04,25465.3008,25499.0898,25188.0195,25253.4004,25253.4004,2783000000
2026-06-05,25186.1191,25216.1797,24928.1406,24961.9492,24961.9492,3574800000
2026-06-08,24582.9102,24837.9805,24458.5391,24657.0605,24657.0605,3806700000
2026-06-09,24551.9297,24740.6504,24486.3906,24565.9004,24565.9004,3359000000
2026-06-10,24442.5195,24505.9609,24207.0293,24407.9609,24407.9609,3942300000
2026-06-11,24380.0195,24492.7109,23999.6699,24249.2891,24249.2891,3420800000
2026-06-12,24501.5000,24771.6094,24445.5098,24718.0996,24718.0996,3751900000
2026-06-15,25001.4199,25047.9004,24796.3008,24842.6699,24842.6699,3636200000
2026-06-16,24826.1895,24844.9805,24378.6895,24493.9492,24493.9492,3145200000
2026-06-17,24495.8496,24560.1895,24254.0703,24312.1602,24312.1602,3055000000
2026-06-18,24145.1895,24163.2500,23749.9902,23924.8105,23924.8105,4835300000
2026-06-22,23811.7598,23863.7109,23444.8594,23768.5195,23768.5195,4050300000
2026-06-23,23800.0195,23825.8105,23252.1309,23336.2793,23336.2793,3689200000
2026-06-24,23420.6992,23565.6504,23248.8691,23412.1797,23412.1797,3460100000
2026-06-25,23388.5000,23388.5000,22978.5898,23076.9102,23076.9102,4265700000
2026-06-26,22952.0898,22962.4609,22518.0000,22671.8594,22671.8594,4194500000
2026-06-29,22827.6504,23183.1699,22783.6406,23026.6797,23026.6797,3457600000
2026-06-30,23007.8691,23086.8496,22685.1406,22881.0195,22881.0195,4494700000
2026-07-02,23071.4297,23335.9199,22953.6992,23055.0293,23055.0293,4144500000
2026-07-03,23240.8496,23516.6992,23226.1992,23350.0293,23350.0293,3394600000
2026-07-06,23404.6094,23686.5605,23229.3809,23616.3203,23616.3203,3396900000
2026-07-07,23568.4902,23820.9199,23398.2695,23496.8906,23496.8906,3693000000
2026-07-08,23541.2207,24310.9199,23541.2207,24199.4609,24199.4609,4447700000
2026-07-09,24181.3398,24353.7598,23917.3203,24030.1797,24030.1797,3666200000
2026-07-10,24213.4395,24499.6309,24064.6191,24175.1191,24175.1191,3340800000
2026-07-13,24157.6504,24449.7695,24095.7305,24213.7207,24213.7207,2991300000
2026-07-14,24181.5195,24436.5801,23902.0508,24340.7305,24340.7305,3571400000
2026-07-15,24551.3398,24774.8398,24449.5293,24681.0996,24681.0996,3246900000
2026-07-16,24825.0195,25221.4395,24825.0195,25008.5996,25008.5996,3436100000
2026-07-17,25022.5391,25166.5605,24332.5098,24562.2402,24562.2402,3747400000
2026-07-20,24835.0293,25155.5508,24756.3594,25143.0508,25143.0508,3338100000
2026-07-21,25150.5391,25253.6504,24991.3906,25132.2891,25132.2891,2894600000
2026-07-22,24978.9004,25040.2695,24802.0605,24892.6602,24892.6602,3032900000
2026-07-23,24966.5293,25267.3906,24876.8301,25210.8105,25210.8105,2700200000
2026-07-24,24932.5000,25031.3398,24812.5000,24963.2305,24963.2305,2473400000
2026-07-27,24993.7695,25276.9609,24938.3398,25207.1797,25207.1797,2630100000
2026-07-28,25271.9492,25440.6797,25069.8496,25310.8496,25310.8496,3084100000
2026-07-29,25487.1602,25808.9297,25487.1602,25807.9199,25807.9199,3870400000
2026-07-30,25875.8301,25971.6309,25657.3301,25858.8809,25858.8809,3743800000
2026-07-31,25837.7207,25917.1992,25622.9199,25884.4297,25884.4297,3585400000
2026-08-03,25987.3105,26133.8809,25811.7402,26009.4004,26009.4004,2923000000
2026-08-04,26090.9805,26187.5703,25768.0391,25852.9199,25852.9199,2918600000
2026-08-05,25890.9902,25973.9395,25729.8594,25915.8203,25915.8203,2917300000
2026-08-06,25667.1406,25667.1406,25389.4199,25530.2793,25530.2793,2855000000
2026-08-07,25526.6504,25669.5195,25393.1309,25668.0293,25668.0293,2757400000
2026-08-10,25805.1797,25957.7500,25720.4609,25937.4902,25937.4902,2409300000
2026-08-11,25998.5898,26060.3203,25647.6602,25652.8203,25652.8203,2336000000
2026-08-12,25498.3906,25498.3906,25323.3301,25440.1699,25440.1699,2380400000
2026-08-13,25288.0703,25519.3906,25288.0703,25396.5098,25396.5098,2868700000
2026-08-14,25219.1504,25311.8594,25089.1406,25116.8496,25116.8496,2526200000
2026-08-17,25303.4102,25578.2695,25303.4102,25453.2305,25453.2305,2190500000
2026-08-18,25368.8691,25518.0293,25240.6191,25471.1504,25471.1504,2716900000
2026-08-19,25346.9004,25537.1895,25315.3203,25495.0703,25495.0703,3462700000
2026-08-20,25779.0801,25842.9102,25632.3906,25698.4902,25698.4902,3777000000
2026-08-21,25807.6094,26009.4609,25807.6094,26009.4609,26009.4609,3350100000
2026-08-24,25780.1191,25780.1191,25430.9395,25517.3301,25517.3301,3664500000
2026-08-25,25634.2207,25676.7695,25403.4395,25511.0996,25511.0996,2916100000
2026-08-26,25635.2402,25800.2207,25615.9395,25652.9707,25652.9707,3001700000
2026-08-27,25774.8691,25792.0098,25500.9609,25565.7402,25565.7402,2621400000
2026-08-28,25410.4609,25699.0898,25410.4609,25584.7891,25584.7891,2533500000
2026-08-31,25420.6309,25566.9902,25290.6895,25566.9902,25566.9902,5115100000
2026-09-01,25415.7207,25478.9805,25240.1992,25329.7305,25329.7305,3078700000
2026-09-02,25280.8203,25311.2109,25008.8691,25311.2109,25311.2109,2694700000
2026-09-03,25482.5605,25538.1504,25160.3809,25213.3105,25213.3105,2741100000
2026-09-04,25515.7402,25791.3809,25515.7402,25650.8691,25650.8691,3576700000
