date,open,high,low,close,adj_close,volume
2002-05-23,0.1156,0.1243,0.1146,0.1196,0.1196,1047900000
2002-05-24,0.1214,0.1225,0.1197,0.1210,0.1210,111048000
2002-05-28,0.1214,0.1232,0.1157,0.1157,0.1157,66094000
2002-05-29,0.1164,0.1164,0.1086,0.1104,0.1104,67578000
2002-05-30,0.1108,0.1108,0.1071,0.1071,0.1071,101542000
2002-05-31,0.1079,0.1079,0.1071,0.1076,0.1076,84644000
2002-06-03,0.1080,0.1149,0.1076,0.1129,0.1129,31514000
2002-06-04,0.1136,0.1140,0.1111,0.1118,0.1118,31052000
2002-06-05,0.1111,0.1159,0.1107,0.1147,0.1147,15316000
2002-06-06,0.1150,0.1232,0.1149,0.1182,0.1182,23058000
2002-06-07,0.1178,0.1178,0.1104,0.1119,0.1119,13692000
2002-06-10,0.1135,0.1175,0.1134,0.1156,0.1156,4844000
2002-06-11,0.1156,0.1189,0.1129,0.1154,0.1154,10038000
2002-06-12,0.1154,0.1182,0.1089,0.1093,0.1093,17990000
2002-06-13,0.1104,0.1122,0.1080,0.1083,0.1083,25676000
2002-06-14,0.1082,0.1086,0.0980,0.0986,0.0986,47838000
2002-06-17,0.1014,0.1059,0.0918,0.0922,0.0922,48552000
2002-06-18,0.0939,0.0939,0.0842,0.0911,0.0911,108080000
2002-06-19,0.0911,0.0996,0.0893,0.0951,0.0951,54824000
2002-06-20,0.0971,0.1040,0.0950,0.0957,0.0957,61110000
2002-06-21,0.0982,0.0989,0.0948,0.0979,0.0979,23464000
2002-06-24,0.0979,0.1014,0.0957,0.0979,0.0979,25676000
2002-06-25,0.0989,0.1007,0.0947,0.0964,0.0964,39410000
2002-06-26,0.0964,0.0996,0.0921,0.0989,0.0989,29246000
2002-06-27,0.1009,0.1019,0.0943,0.0944,0.0944,38178000
2002-06-28,0.0961,0.1014,0.0961,0.0999,0.0999,92344000
2002-07-01,0.1000,0.1046,0.0993,0.1028,0.1028,45850000
2002-07-02,0.1054,0.1195,0.1039,0.1173,0.1173,90202000
2002-07-03,0.1179,0.1214,0.1118,0.1214,0.1214,49574000
2002-07-05,0.1214,0.1299,0.1214,0.1276,0.1276,20034000
2002-07-08,0.1252,0.1252,0.1168,0.1176,0.1176,19530000
2002-07-09,0.1175,0.1196,0.1114,0.1161,0.1161,29358000
2002-07-10,0.1161,0.1179,0.1132,0.1164,0.1164,15540000
2002-07-11,0.1154,0.1279,0.1133,0.1269,0.1269,25298000
2002-07-12,0.1279,0.1280,0.1207,0.1208,0.1208,28378000
2002-07-15,0.1243,0.1249,0.1076,0.1143,0.1143,42392000
2002-07-16,0.1153,0.1157,0.1104,0.1126,0.1126,19418000
2002-07-17,0.1145,0.1164,0.1076,0.1089,0.1089,12614000
2002-07-18,0.1117,0.1166,0.1111,0.1149,0.1149,28994000
2002-07-19,0.1153,0.1161,0.1122,0.1160,0.1160,17920000
2002-07-22,0.1136,0.1179,0.1115,0.1171,0.1171,19936000
2002-07-23,0.1176,0.1214,0.1131,0.1146,0.1146,15778000
2002-07-24,0.1146,0.1159,0.1074,0.1114,0.1114,33558000
2002-07-25,0.1125,0.1128,0.1035,0.1036,0.1036,47558000
2002-07-26,0.1050,0.1059,0.0850,0.0871,0.0871,70462000
2002-07-29,0.0896,0.0924,0.0850,0.0876,0.0876,32606000
2002-07-30,0.0894,0.0943,0.0894,0.0914,0.0914,37772000
2002-07-31,0.0929,0.0960,0.0906,0.0954,0.0954,33334000
2002-08-01,0.0950,0.0960,0.0878,0.0891,0.0891,45290000
2002-08-02,0.0886,0.0888,0.0706,0.0778,0.0778,66556000
2002-08-05,0.0779,0.0813,0.0761,0.0775,0.0775,38080000
2002-08-06,0.0796,0.0804,0.0743,0.0761,0.0761,32172000
2002-08-07,0.0761,0.0794,0.0743,0.0794,0.0794,27580000
2002-08-08,0.0796,0.0804,0.0751,0.0796,0.0796,22834000
2002-08-09,0.0799,0.0821,0.0779,0.0787,0.0787,15008000
2002-08-12,0.0803,0.0807,0.0754,0.0757,0.0757,21308000
2002-08-13,0.0768,0.0805,0.0754,0.0773,0.0773,16772000
2002-08-14,0.0776,0.0834,0.0771,0.0834,0.0834,40474000
2002-08-15,0.0837,0.0911,0.0833,0.0883,0.0883,32634000
2002-08-16,0.0893,0.0924,0.0857,0.0913,0.0913,18284000
2002-08-19,0.0925,0.0984,0.0918,0.0982,0.0982,20748000
2002-08-20,0.0985,0.0994,0.0921,0.0946,0.0946,25396000
2002-08-21,0.0953,0.0971,0.0919,0.0969,0.0969,27790000
2002-08-22,0.0974,0.0999,0.0929,0.0984,0.0984,29638000
2002-08-23,0.0994,0.0996,0.0968,0.0994,0.0994,24066000
2002-08-26,0.0996,0.0996,0.0938,0.0968,0.0968,26446000
2002-08-27,0.0968,0.0968,0.0858,0.0874,0.0874,49840000
2002-08-28,0.0861,0.0890,0.0825,0.0864,0.0864,22750000
2002-08-29,0.0833,0.0922,0.0824,0.0904,0.0904,23954000
2002-08-30,0.0914,0.0963,0.0894,0.0936,0.0936,21210000
2002-09-03,0.0936,0.0964,0.0914,0.0925,0.0925,15932000
2002-09-04,0.0926,0.0946,0.0908,0.0929,0.0929,3738000
2002-09-05,0.0918,0.0936,0.0911,0.0918,0.0918,2856000
2002-09-06,0.0928,0.0936,0.0911,0.0914,0.0914,7630000
2002-09-09,0.0919,0.0925,0.0893,0.0901,0.0901,14196000
2002-09-10,0.0901,0.0950,0.0889,0.0945,0.0945,47460000
2002-09-11,0.0939,0.0976,0.0939,0.0961,0.0961,16296000
2002-09-12,0.0963,0.0967,0.0914,0.0925,0.0925,19432000
2002-09-13,0.0921,0.0927,0.0864,0.0879,0.0879,24850000
2002-09-16,0.0892,0.0892,0.0853,0.0857,0.0857,35126000
2002-09-17,0.0864,0.0864,0.0825,0.0830,0.0830,28630000
2002-09-18,0.0836,0.0841,0.0785,0.0788,0.0788,15218000
2002-09-19,0.0785,0.0786,0.0718,0.0724,0.0724,49784000
2002-09-20,0.0754,0.0768,0.0700,0.0708,0.0708,34846000
2002-09-23,0.0714,0.0732,0.0706,0.0711,0.0711,48398000
2002-09-24,0.0711,0.0725,0.0689,0.0718,0.0718,37478000
2002-09-25,0.0724,0.0750,0.0708,0.0732,0.0732,14574000
2002-09-26,0.0749,0.0783,0.0729,0.0783,0.0783,41622000
2002-09-27,0.0776,0.0784,0.0712,0.0720,0.0720,51058000
2002-09-30,0.0707,0.0721,0.0689,0.0693,0.0693,48370000
2002-10-01,0.0709,0.0710,0.0661,0.0679,0.0679,38500000
2002-10-02,0.0689,0.0689,0.0561,0.0579,0.0579,93142000
2002-10-03,0.0569,0.0570,0.0489,0.0518,0.0518,97650000
2002-10-04,0.0518,0.0531,0.0447,0.0469,0.0469,84336000
2002-10-07,0.0450,0.0459,0.0382,0.0412,0.0412,157248000
2002-10-08,0.0411,0.0428,0.0391,0.0405,0.0405,45318000
2002-10-09,0.0410,0.0411,0.0347,0.0373,0.0373,59822000
2002-10-10,0.0378,0.0525,0.0346,0.0506,0.0506,135772000
2002-10-11,0.0509,0.0529,0.0446,0.0471,0.0471,132818000
2002-10-14,0.0464,0.0535,0.0464,0.0534,0.0534,52724000
2002-10-15,0.0543,0.0586,0.0542,0.0550,0.0550,41258000
2002-10-16,0.0529,0.0533,0.0443,0.0459,0.0459,58002000
2002-10-17,0.0472,0.0586,0.0471,0.0550,0.0550,74816000
2002-10-18,0.0586,0.0736,0.0586,0.0683,0.0683,249046000
2002-10-21,0.0639,0.0664,0.0609,0.0636,0.0636,96866000
2002-10-22,0.0636,0.0644,0.0618,0.0625,0.0625,42630000
2002-10-23,0.0625,0.0625,0.0586,0.0589,0.0589,35392000
2002-10-24,0.0606,0.0606,0.0554,0.0579,0.0579,24318000
2002-10-25,0.0580,0.0685,0.0568,0.0643,0.0643,64470000
2002-10-28,0.0664,0.0707,0.0650,0.0686,0.0686,56476000
2002-10-29,0.0675,0.0679,0.0633,0.0657,0.0657,20048000
2002-10-30,0.0664,0.0666,0.0636,0.0641,0.0641,14238000
2002-10-31,0.0636,0.0643,0.0624,0.0641,0.0641,16590000
2002-11-01,0.0629,0.0643,0.0607,0.0639,0.0639,21266000
2002-11-04,0.0643,0.0703,0.0639,0.0671,0.0671,35896000
2002-11-05,0.0672,0.0676,0.0651,0.0651,0.0651,10458000
2002-11-06,0.0664,0.0664,0.0613,0.0629,0.0629,70322000
2002-11-07,0.0632,0.0638,0.0593,0.0593,0.0593,25858000
2002-11-08,0.0605,0.0613,0.0554,0.0611,0.0611,49224000
2002-11-11,0.0607,0.0607,0.0586,0.0601,0.0601,3710000
2002-11-12,0.0600,0.0614,0.0572,0.0578,0.0578,21910000
2002-11-13,0.0579,0.0643,0.0556,0.0641,0.0641,32312000
2002-11-14,0.0643,0.0645,0.0619,0.0619,0.0619,9310000
2002-11-15,0.0642,0.0654,0.0589,0.0650,0.0650,20454000
2002-11-18,0.0649,0.0781,0.0625,0.0779,0.0779,100618000
2002-11-19,0.0720,0.0721,0.0624,0.0664,0.0664,281946000
2002-11-20,0.0674,0.0728,0.0661,0.0717,0.0717,100856000
2002-11-21,0.0729,0.0786,0.0718,0.0786,0.0786,105168000
2002-11-22,0.0757,0.0800,0.0752,0.0786,0.0786,44926000
2002-11-25,0.0793,0.0796,0.0754,0.0793,0.0793,47712000
2002-11-26,0.0771,0.0786,0.0749,0.0749,0.0749,17710000
2002-11-27,0.0761,0.0766,0.0744,0.0751,0.0751,10696000
2002-11-29,0.0750,0.0795,0.0743,0.0775,0.0775,9324000
2002-12-02,0.0743,0.0796,0.0724,0.0761,0.0761,20090000
2002-12-03,0.0750,0.0789,0.0739,0.0771,0.0771,11648000
2002-12-04,0.0743,0.0750,0.0696,0.0710,0.0710,24682000
2002-12-05,0.0859,0.0864,0.0770,0.0786,0.0786,126322000
2002-12-06,0.0785,0.0798,0.0738,0.0782,0.0782,38836000
2002-12-09,0.0796,0.0800,0.0764,0.0799,0.0799,40684000
2002-12-10,0.0800,0.0873,0.0799,0.0871,0.0871,32368000
2002-12-11,0.0854,0.0929,0.0841,0.0897,0.0897,48958000
2002-12-12,0.0906,0.0914,0.0886,0.0901,0.0901,25340000
2002-12-13,0.0900,0.0914,0.0861,0.0893,0.0893,13958000
2002-12-16,0.0899,0.0928,0.0868,0.0914,0.0914,20986000
2002-12-17,0.0914,0.0927,0.0893,0.0906,0.0906,16800000
2002-12-18,0.0896,0.0899,0.0764,0.0785,0.0785,133784000
2002-12-19,0.0771,0.0799,0.0759,0.0771,0.0771,37814000
2002-12-20,0.0764,0.0771,0.0729,0.0764,0.0764,43848000
2002-12-23,0.0739,0.0761,0.0728,0.0732,0.0732,33110000
2002-12-24,0.0729,0.0732,0.0699,0.0707,0.0707,48958000
2002-12-26,0.0702,0.0714,0.0684,0.0696,0.0696,21224000
2002-12-27,0.0693,0.0709,0.0686,0.0691,0.0691,45920000
2002-12-30,0.0704,0.0714,0.0686,0.0714,0.0714,51982000
2002-12-31,0.0713,0.0800,0.0693,0.0786,0.0786,113694000
2003-01-02,0.0846,0.0900,0.0811,0.0818,0.0818,83972000
2003-01-03,0.0850,0.0850,0.0771,0.0773,0.0773,32480000
2003-01-06,0.0786,0.0800,0.0762,0.0793,0.0793,30030000
2003-01-07,0.0771,0.0796,0.0771,0.0784,0.0784,19376000
2003-01-08,0.0771,0.0857,0.0762,0.0815,0.0815,53564000
2003-01-09,0.0825,0.0846,0.0809,0.0839,0.0839,53228000
2003-01-10,0.0835,0.0907,0.0829,0.0886,0.0886,54348000
2003-01-13,0.0858,0.0884,0.0855,0.0867,0.0867,44086000
2003-01-14,0.0871,0.0882,0.0836,0.0860,0.0860,25494000
2003-01-15,0.0849,0.0882,0.0848,0.0871,0.0871,94304000
2003-01-16,0.0907,0.0956,0.0857,0.0857,0.0857,186536000
2003-01-17,0.0843,0.0850,0.0789,0.0817,0.0817,53648000
2003-01-21,0.0826,0.0850,0.0793,0.0814,0.0814,60816000
2003-01-22,0.0813,0.0854,0.0806,0.0829,0.0829,41734000
2003-01-23,0.0851,0.0906,0.0836,0.0870,0.0870,72198000
2003-01-24,0.0875,0.0884,0.0846,0.0881,0.0881,63532000
2003-01-27,0.0864,0.0877,0.0836,0.0877,0.0877,34398000
2003-01-28,0.0859,0.0918,0.0851,0.0896,0.0896,49462000
2003-01-29,0.0900,0.0900,0.0845,0.0881,0.0881,29568000
2003-01-30,0.0893,0.0911,0.0882,0.0902,0.0902,37002000
2003-01-31,0.0906,0.0946,0.0890,0.0943,0.0943,40194000
2003-02-03,0.0939,0.0941,0.0893,0.0914,0.0914,28364000
2003-02-04,0.0900,0.0911,0.0861,0.0879,0.0879,20398000
2003-02-05,0.0876,0.0886,0.0844,0.0853,0.0853,34846000
2003-02-06,0.0854,0.0857,0.0824,0.0832,0.0832,37352000
2003-02-07,0.0843,0.0875,0.0835,0.0870,0.0870,50162000
2003-02-10,0.0874,0.0912,0.0868,0.0891,0.0891,73052000
2003-02-11,0.0921,0.0936,0.0901,0.0927,0.0927,47908000
2003-02-12,0.0955,0.0957,0.0929,0.0949,0.0949,56154000
2003-02-13,0.0951,0.0951,0.0944,0.0944,0.0944,60928000
2003-02-14,0.0952,0.1020,0.0947,0.1017,0.1017,84350000
2003-02-18,0.1022,0.1056,0.1003,0.1047,0.1047,62678000
2003-02-19,0.1059,0.1089,0.1049,0.1081,0.1081,51184000
2003-02-20,0.1106,0.1125,0.1074,0.1099,0.1099,63392000
2003-02-21,0.1100,0.1100,0.1033,0.1064,0.1064,62552000
2003-02-24,0.1024,0.1042,0.1001,0.1003,0.1003,123396000
2003-02-25,0.0986,0.1061,0.0965,0.1046,0.1046,46298000
2003-02-26,0.1054,0.1060,0.1006,0.1039,0.1039,38780000
2003-02-27,0.1059,0.1179,0.1055,0.1179,0.1179,231196000
2003-02-28,0.1188,0.1229,0.1164,0.1222,0.1222,118790000
2003-03-03,0.1208,0.1220,0.1125,0.1140,0.1140,157976000
2003-03-04,0.1142,0.1172,0.1110,0.1168,0.1168,55650000
2003-03-05,0.1169,0.1169,0.1126,0.1154,0.1154,34986000
2003-03-06,0.1165,0.1178,0.1143,0.1164,0.1164,34552000
2003-03-07,0.1141,0.1186,0.1125,0.1149,0.1149,48538000
2003-03-10,0.1141,0.1164,0.1122,0.1124,0.1124,34244000
2003-03-11,0.1124,0.1125,0.1071,0.1107,0.1107,55314000
2003-03-12,0.1104,0.1108,0.1064,0.1076,0.1076,57512000
2003-03-13,0.1097,0.1184,0.1089,0.1161,0.1161,75600000
2003-03-14,0.1186,0.1211,0.1171,0.1182,0.1182,61292000
2003-03-17,0.1184,0.1292,0.1119,0.1286,0.1286,166166000
2003-03-18,0.1321,0.1370,0.1291,0.1339,0.1339,210910000
2003-03-19,0.1364,0.1399,0.1336,0.1374,0.1374,160622000
2003-03-20,0.1389,0.1406,0.1329,0.1345,0.1345,146034000
2003-03-21,0.1365,0.1401,0.1308,0.1325,0.1325,81508000
2003-03-24,0.1305,0.1329,0.1268,0.1286,0.1286,89964000
2003-03-25,0.1286,0.1392,0.1282,0.1375,0.1375,126028000
2003-03-26,0.1386,0.1481,0.1375,0.1471,0.1471,185808000
2003-03-27,0.1464,0.1565,0.1443,0.1552,0.1552,306320000
2003-03-28,0.1554,0.1595,0.1479,0.1504,0.1504,261436000
2003-03-31,0.1442,0.1507,0.1436,0.1454,0.1454,82838000
2003-04-01,0.1464,0.1470,0.1326,0.1354,0.1354,170198000
2003-04-02,0.1429,0.1472,0.1397,0.1417,0.1417,227612000
2003-04-03,0.1443,0.1446,0.1397,0.1429,0.1429,80332000
2003-04-04,0.1440,0.1459,0.1389,0.1396,0.1396,58842000
2003-04-07,0.1443,0.1518,0.1411,0.1425,0.1425,103152000
2003-04-08,0.1421,0.1471,0.1364,0.1441,0.1441,62650000
2003-04-09,0.1482,0.1486,0.1429,0.1457,0.1457,58646000
2003-04-10,0.1464,0.1511,0.1436,0.1501,0.1501,54194000
2003-04-11,0.1500,0.1550,0.1475,0.1484,0.1484,47908000
2003-04-14,0.1451,0.1479,0.1436,0.1443,0.1443,53550000
2003-04-15,0.1436,0.1450,0.1409,0.1439,0.1439,63112000
2003-04-16,0.1449,0.1473,0.1436,0.1469,0.1469,45332000
2003-04-17,0.1475,0.1571,0.1469,0.1569,0.1569,134624000
2003-04-21,0.1693,0.1764,0.1614,0.1759,0.1759,485730000
2003-04-22,0.1749,0.1749,0.1603,0.1641,0.1641,305704000
2003-04-23,0.1647,0.1649,0.1432,0.1480,0.1480,367878000
2003-04-24,0.1467,0.1628,0.1450,0.1573,0.1573,357658000
2003-04-25,0.1571,0.1586,0.1492,0.1511,0.1511,149226000
2003-04-28,0.1500,0.1589,0.1500,0.1583,0.1583,227276000
2003-04-29,0.1579,0.1643,0.1579,0.1629,0.1629,201292000
2003-04-30,0.1635,0.1663,0.1554,0.1629,0.1629,110712000
2003-05-01,0.1619,0.1631,0.1596,0.1607,0.1607,149842000
2003-05-02,0.1604,0.1643,0.1600,0.1616,0.1616,123340000
2003-05-05,0.1601,0.1742,0.1601,0.1669,0.1669,144494000
2003-05-06,0.1669,0.1728,0.1636,0.1659,0.1659,149646000
2003-05-07,0.1659,0.1700,0.1632,0.1688,0.1688,134736000
2003-05-08,0.1665,0.1672,0.1626,0.1634,0.1634,100464000
2003-05-09,0.1636,0.1650,0.1593,0.1616,0.1616,59262000
2003-05-12,0.1635,0.1711,0.1621,0.1681,0.1681,117880000
2003-05-13,0.1693,0.1804,0.1682,0.1796,0.1796,182070000
2003-05-14,0.1849,0.1852,0.1737,0.1749,0.1749,191170000
2003-05-15,0.1756,0.1784,0.1725,0.1747,0.1747,106848000
2003-05-16,0.1751,0.1757,0.1643,0.1699,0.1699,129668000
2003-05-19,0.1664,0.1673,0.1466,0.1485,0.1485,304724000
2003-05-20,0.1525,0.1568,0.1468,0.1554,0.1554,202090000
2003-05-21,0.1554,0.1556,0.1483,0.1514,0.1514,94514000
2003-05-22,0.1513,0.1631,0.1507,0.1614,0.1614,142786000
2003-05-23,0.1634,0.1657,0.1579,0.1580,0.1580,81718000
2003-05-27,0.1575,0.1639,0.1571,0.1621,0.1621,138838000
2003-05-28,0.1629,0.1675,0.1554,0.1614,0.1614,101276000
2003-05-29,0.1610,0.1644,0.1579,0.1629,0.1629,72772000
2003-05-30,0.1631,0.1639,0.1582,0.1607,0.1607,104762000
2003-06-02,0.1608,0.1732,0.1608,0.1664,0.1664,175476000
2003-06-03,0.1664,0.1719,0.1646,0.1704,0.1704,85484000
2003-06-04,0.1722,0.1800,0.1715,0.1743,0.1743,124208000
2003-06-05,0.1749,0.1817,0.1688,0.1815,0.1815,131040000
2003-06-06,0.1839,0.1882,0.1664,0.1686,0.1686,191744000
2003-06-09,0.1687,0.1692,0.1607,0.1643,0.1643,127316000
2003-06-10,0.1573,0.1684,0.1487,0.1621,0.1621,624330000
2003-06-11,0.1580,0.1632,0.1564,0.1604,0.1604,179732000
2003-06-12,0.1585,0.1606,0.1516,0.1566,0.1566,184576000
2003-06-13,0.1515,0.1525,0.1289,0.1371,0.1371,660240000
2003-06-16,0.1389,0.1555,0.1386,0.1554,0.1554,322252000
2003-06-17,0.1560,0.1593,0.1509,0.1515,0.1515,175420000
2003-06-18,0.1526,0.1562,0.1509,0.1533,0.1533,110012000
2003-06-19,0.1529,0.1582,0.1529,0.1569,0.1569,154252000
2003-06-20,0.1584,0.1611,0.1515,0.1550,0.1550,130186000
2003-06-23,0.1540,0.1561,0.1516,0.1536,0.1536,86996000
2003-06-24,0.1529,0.1713,0.1529,0.1632,0.1632,336812000
2003-06-25,0.1679,0.1724,0.1611,0.1651,0.1651,189784000
2003-06-26,0.1659,0.1801,0.1651,0.1777,0.1777,322574000
2003-06-27,0.1785,0.1849,0.1766,0.1779,0.1779,181118000
2003-06-30,0.1792,0.1874,0.1779,0.1825,0.1825,260120000
2003-07-01,0.1829,0.1829,0.1733,0.1768,0.1768,123564000
2003-07-02,0.1854,0.1964,0.1834,0.1940,0.1940,390712000
2003-07-03,0.1921,0.1993,0.1914,0.1982,0.1982,82026000
2003-07-07,0.1964,0.2043,0.1879,0.1914,0.1914,194670000
2003-07-08,0.1929,0.1971,0.1911,0.1959,0.1959,107506000
2003-07-09,0.1957,0.2003,0.1921,0.1969,0.1969,96320000
2003-07-10,0.1955,0.1996,0.1907,0.1922,0.1922,87542000
2003-07-11,0.1901,0.1946,0.1859,0.1892,0.1892,79366000
2003-07-14,0.1903,0.2039,0.1892,0.2010,0.2010,118622000
2003-07-15,0.1905,0.2001,0.1869,0.1884,0.1884,175882000
2003-07-16,0.1904,0.1929,0.1750,0.1820,0.1820,135338000
2003-07-17,0.1803,0.1820,0.1755,0.1806,0.1806,171416000
2003-07-18,0.1822,0.1824,0.1611,0.1725,0.1725,362362000
2003-07-21,0.1726,0.1726,0.1641,0.1681,0.1681,109242000
2003-07-22,0.1681,0.1785,0.1677,0.1764,0.1764,115248000
2003-07-23,0.1776,0.1909,0.1775,0.1905,0.1905,218988000
2003-07-24,0.1921,0.1954,0.1871,0.1886,0.1886,108416000
2003-07-25,0.1864,0.1936,0.1864,0.1930,0.1930,55342000
2003-07-28,0.1896,0.1962,0.1894,0.1901,0.1901,74956000
2003-07-29,0.1911,0.1929,0.1875,0.1906,0.1906,53578000
2003-07-30,0.1911,0.1912,0.1846,0.1854,0.1854,52864000
2003-07-31,0.1875,0.1879,0.1771,0.1871,0.1871,85344000
2003-08-01,0.1851,0.1857,0.1782,0.1782,0.1782,63392000
2003-08-04,0.1782,0.1797,0.1736,0.1782,0.1782,36764000
2003-08-05,0.1793,0.1818,0.1733,0.1736,0.1736,30842000
2003-08-06,0.1743,0.1750,0.1634,0.1669,0.1669,81130000
2003-08-07,0.1651,0.1668,0.1614,0.1649,0.1649,78932000
2003-08-08,0.1650,0.1696,0.1649,0.1678,0.1678,33390000
2003-08-11,0.1668,0.1781,0.1667,0.1773,0.1773,62804000
2003-08-12,0.1781,0.1786,0.1724,0.1776,0.1776,30100000
2003-08-13,0.1777,0.1803,0.1720,0.1730,0.1730,45374000
2003-08-14,0.1737,0.1820,0.1731,0.1781,0.1781,112938000
2003-08-15,0.1793,0.1803,0.1755,0.1785,0.1785,51170000
2003-08-18,0.1793,0.1795,0.1742,0.1775,0.1775,63350000
2003-08-19,0.1792,0.1856,0.1760,0.1846,0.1846,87052000
2003-08-20,0.1836,0.2061,0.1836,0.1980,0.1980,293370000
2003-08-21,0.2018,0.2123,0.2016,0.2060,0.2060,195538000
2003-08-22,0.2069,0.2098,0.2036,0.2057,0.2057,83958000
2003-08-25,0.2036,0.2047,0.1946,0.2005,0.2005,68922000
2003-08-26,0.1993,0.2154,0.1957,0.2128,0.2128,131782000
2003-08-27,0.2143,0.2364,0.2137,0.2312,0.2312,333228000
2003-08-28,0.2356,0.2357,0.2189,0.2260,0.2260,137200000
2003-08-29,0.2249,0.2413,0.2232,0.2381,0.2381,111300000
2003-09-02,0.2374,0.2478,0.2314,0.2404,0.2404,271026000
2003-09-03,0.2466,0.2531,0.2354,0.2379,0.2379,238336000
2003-09-04,0.2371,0.2414,0.2343,0.2392,0.2392,82404000
2003-09-05,0.2379,0.2521,0.2379,0.2468,0.2468,208446000
2003-09-08,0.2444,0.2536,0.2429,0.2480,0.2480,166992000
2003-09-09,0.2476,0.2609,0.2474,0.2536,0.2536,108752000
2003-09-10,0.2521,0.2591,0.2400,0.2422,0.2422,106428000
2003-09-11,0.2429,0.2446,0.2291,0.2348,0.2348,177856000
2003-09-12,0.2339,0.2483,0.2321,0.2469,0.2469,161420000
2003-09-15,0.2482,0.2581,0.2461,0.2536,0.2536,178766000
2003-09-16,0.2646,0.2674,0.2546,0.2564,0.2564,216846000
2003-09-17,0.2586,0.2641,0.2531,0.2554,0.2554,112042000
2003-09-18,0.2586,0.2630,0.2543,0.2610,0.2610,122150000
2003-09-19,0.2607,0.2686,0.2556,0.2643,0.2643,96054000
2003-09-22,0.2604,0.2874,0.2595,0.2771,0.2771,225400000
2003-09-23,0.2796,0.2821,0.2726,0.2795,0.2795,104468000
2003-09-24,0.2806,0.2809,0.2706,0.2714,0.2714,73850000
2003-09-25,0.2706,0.2746,0.2410,0.2486,0.2486,209118000
2003-09-26,0.2436,0.2552,0.2381,0.2392,0.2392,121870000
2003-09-29,0.2322,0.2418,0.2173,0.2391,0.2391,402654000
2003-09-30,0.2414,0.2579,0.2361,0.2397,0.2397,207116000
2003-10-01,0.2386,0.2535,0.2386,0.2465,0.2465,138768000
2003-10-02,0.2689,0.2971,0.2571,0.2926,0.2926,731290000
2003-10-03,0.2939,0.2959,0.2824,0.2868,0.2868,362740000
2003-10-06,0.2859,0.3045,0.2811,0.2954,0.2954,184254000
2003-10-07,0.2958,0.3193,0.2926,0.3146,0.3146,219394000
2003-10-08,0.3199,0.3206,0.3004,0.3071,0.3071,220668000
2003-10-09,0.3074,0.3229,0.3055,0.3076,0.3076,186718000
2003-10-10,0.3107,0.3204,0.3093,0.3189,0.3189,102214000
2003-10-13,0.3171,0.3346,0.3164,0.3345,0.3345,210896000
2003-10-14,0.3369,0.3461,0.3275,0.3373,0.3373,241766000
2003-10-15,0.3385,0.3429,0.3174,0.3193,0.3193,164248000
2003-10-16,0.3249,0.3826,0.3237,0.3704,0.3704,1258250000
2003-10-17,0.3675,0.3791,0.3536,0.3724,0.3724,384566000
2003-10-20,0.3634,0.4018,0.3604,0.3910,0.3910,605598000
2003-10-21,0.3946,0.4000,0.3824,0.3893,0.3893,353612000
2003-10-22,0.3793,0.3882,0.3725,0.3746,0.3746,227332000
2003-10-23,0.3658,0.3816,0.3579,0.3724,0.3724,231434000
2003-10-24,0.3750,0.3818,0.3621,0.3714,0.3714,215138000
2003-10-27,0.3689,0.3844,0.3681,0.3839,0.3839,155176000
2003-10-28,0.3904,0.4034,0.3871,0.4034,0.4034,218848000
2003-10-29,0.4107,0.4236,0.4064,0.4219,0.4219,273336000
2003-10-30,0.4310,0.4357,0.4129,0.4165,0.4165,269136000
2003-10-31,0.4203,0.4211,0.4037,0.4093,0.4093,160174000
2003-11-03,0.4099,0.4214,0.4086,0.4175,0.4175,147126000
2003-11-04,0.4146,0.4325,0.4131,0.4257,0.4257,156352000
2003-11-05,0.4232,0.4285,0.4139,0.4194,0.4194,172774000
2003-11-06,0.3943,0.4049,0.3574,0.3631,0.3631,1095948000
2003-11-07,0.3654,0.3775,0.3301,0.3349,0.3349,1030540000
2003-11-10,0.3348,0.3426,0.3282,0.3329,0.3329,485128000
2003-11-11,0.3351,0.3425,0.3282,0.3359,0.3359,262906000
2003-11-12,0.3357,0.3606,0.3326,0.3589,0.3589,343532000
2003-11-13,0.3628,0.3629,0.3443,0.3464,0.3464,238364000
2003-11-14,0.3456,0.3533,0.3325,0.3341,0.3341,189210000
2003-11-17,0.3311,0.3314,0.3156,0.3190,0.3190,317212000
2003-11-18,0.3229,0.3400,0.3195,0.3326,0.3326,392294000
2003-11-19,0.3329,0.3423,0.3257,0.3317,0.3317,231238000
2003-11-20,0.3179,0.3364,0.3157,0.3254,0.3254,294686000
2003-11-21,0.3318,0.3357,0.3230,0.3261,0.3261,220402000
2003-11-24,0.3244,0.3357,0.3244,0.3343,0.3343,139874000
2003-11-25,0.3368,0.3493,0.3354,0.3429,0.3429,169274000
2003-11-26,0.3447,0.3525,0.3405,0.3451,0.3451,140392000
2003-11-28,0.3452,0.3508,0.3429,0.3500,0.3500,51086000
2003-12-01,0.3530,0.3643,0.3514,0.3621,0.3621,181720000
2003-12-02,0.3604,0.3701,0.3571,0.3636,0.3636,158242000
2003-12-03,0.3675,0.3733,0.3539,0.3555,0.3555,183498000
2003-12-04,0.3571,0.3618,0.3333,0.3431,0.3431,288260000
2003-12-05,0.3404,0.3463,0.3335,0.3391,0.3391,125678000
2003-12-08,0.3375,0.3462,0.3256,0.3372,0.3372,201572000
2003-12-09,0.3399,0.3418,0.3236,0.3246,0.3246,146818000
2003-12-10,0.3231,0.3379,0.3171,0.3218,0.3218,256844000
2003-12-11,0.3216,0.3390,0.3214,0.3389,0.3389,180600000
2003-12-12,0.3421,0.3423,0.3302,0.3344,0.3344,117040000
2003-12-15,0.3457,0.3482,0.3211,0.3237,0.3237,142898000
2003-12-16,0.3212,0.3242,0.3121,0.3200,0.3200,193396000
2003-12-17,0.3179,0.3620,0.3075,0.3606,0.3606,644154000
2003-12-18,0.3591,0.3700,0.3554,0.3655,0.3655,442568000
2003-12-19,0.3656,0.3699,0.3596,0.3648,0.3648,181692000
2003-12-22,0.3629,0.3732,0.3611,0.3712,0.3712,189252000
2003-12-23,0.3714,0.3960,0.3636,0.3919,0.3919,290430000
2003-12-24,0.3936,0.4176,0.3918,0.4070,0.4070,275254000
2003-12-26,0.4064,0.4213,0.4050,0.4157,0.4157,118874000
2003-12-29,0.4179,0.4231,0.4147,0.4165,0.4165,162694000
2003-12-30,0.4166,0.4166,0.4026,0.4056,0.4056,155736000
2003-12-31,0.4046,0.4091,0.3881,0.3906,0.3906,168014000
2004-01-02,0.4107,0.4128,0.3842,0.3916,0.3916,502306000
2004-01-05,0.3893,0.4061,0.3875,0.3993,0.3993,252070000
2004-01-06,0.3946,0.4339,0.3937,0.4258,0.4258,526330000
2004-01-07,0.4307,0.4470,0.4249,0.4446,0.4446,684320000
2004-01-08,0.4539,0.4564,0.4291,0.4433,0.4433,371784000
2004-01-09,0.4337,0.4579,0.4316,0.4429,0.4429,330302000
2004-01-12,0.4446,0.4614,0.4366,0.4575,0.4575,268576000
2004-01-13,0.4599,0.4680,0.4527,0.4665,0.4665,329630000
2004-01-14,0.4643,0.4725,0.4586,0.4650,0.4650,230706000
2004-01-15,0.4637,0.4676,0.4536,0.4628,0.4628,160132000
2004-01-16,0.4639,0.4683,0.4594,0.4683,0.4683,240758000
2004-01-20,0.4699,0.4944,0.4656,0.4839,0.4839,409248000
2004-01-21,0.4859,0.4882,0.4688,0.4700,0.4700,409150000
2004-01-22,0.5414,0.5657,0.5230,0.5547,0.5547,1662346000
2004-01-23,0.5536,0.5625,0.5361,0.5536,0.5536,545930000
2004-01-26,0.5464,0.5506,0.5375,0.5447,0.5447,313068000
2004-01-27,0.5429,0.5681,0.5351,0.5371,0.5371,670124000
2004-01-28,0.5366,0.5456,0.5054,0.5136,0.5136,496118000
2004-01-29,0.5209,0.5216,0.4906,0.5054,0.5054,563934000
2004-01-30,0.5034,0.5334,0.5014,0.5244,0.5244,356440000
2004-02-02,0.5300,0.5383,0.5157,0.5195,0.5195,320348000
2004-02-03,0.5184,0.5266,0.5006,0.5136,0.5136,337442000
2004-02-04,0.5089,0.5149,0.4957,0.4975,0.4975,273574000
2004-02-05,0.4961,0.5255,0.4949,0.5226,0.5226,332486000
2004-02-06,0.5236,0.5486,0.5176,0.5474,0.5474,315588000
2004-02-09,0.5518,0.5639,0.5461,0.5469,0.5469,303324000
2004-02-10,0.5532,0.5532,0.5145,0.5200,0.5200,642208000
2004-02-11,0.5157,0.5364,0.5003,0.5140,0.5140,570612000
2004-02-12,0.5196,0.5410,0.5037,0.5329,0.5329,396515000
2004-02-13,0.5370,0.5446,0.5064,0.5077,0.5077,298480000
2004-02-17,0.5157,0.5171,0.4930,0.5040,0.5040,219779000
2004-02-18,0.5069,0.5157,0.4974,0.5034,0.5034,145733000
2004-02-19,0.5097,0.5143,0.4836,0.4879,0.4879,179550000
2004-02-20,0.4833,0.5054,0.4650,0.5054,0.5054,386253000
2004-02-23,0.4843,0.5121,0.4829,0.5003,0.5003,422492000
2004-02-24,0.4503,0.4591,0.4323,0.4457,0.4457,991746000
2004-02-25,0.4440,0.4501,0.4367,0.4444,0.4444,272328000
2004-02-26,0.4403,0.4874,0.4376,0.4800,0.4800,515823000
2004-02-27,0.4857,0.4996,0.4717,0.4914,0.4914,349902000
2004-03-01,0.4907,0.5066,0.4889,0.4964,0.4964,243908000
2004-03-02,0.4964,0.5021,0.4914,0.4923,0.4923,157969000
2004-03-03,0.4920,0.4943,0.4716,0.4717,0.4717,209104000
2004-03-04,0.4733,0.4749,0.4644,0.4669,0.4669,170233000
2004-03-05,0.4651,0.4871,0.4619,0.4753,0.4753,193578000
2004-03-08,0.4729,0.4800,0.4543,0.4569,0.4569,135541000
2004-03-09,0.4577,0.4593,0.4414,0.4450,0.4450,177317000
2004-03-10,0.4434,0.4549,0.4360,0.4373,0.4373,137333000
2004-03-11,0.4349,0.4500,0.4191,0.4289,0.4289,321265000
2004-03-12,0.4343,0.4406,0.4293,0.4396,0.4396,142457000
2004-03-15,0.4333,0.4381,0.4207,0.4221,0.4221,137480000
2004-03-16,0.4229,0.4313,0.4080,0.4150,0.4150,226975000
2004-03-17,0.4207,0.4413,0.4187,0.4360,0.4360,173768000
2004-03-18,0.4347,0.4476,0.4310,0.4414,0.4414,108584000
2004-03-19,0.4443,0.4501,0.4371,0.4390,0.4390,99547000
2004-03-22,0.4293,0.4336,0.4171,0.4179,0.4179,109438000
2004-03-23,0.4269,0.4317,0.3953,0.4071,0.4071,225428000
2004-03-24,0.4071,0.4143,0.3957,0.4047,0.4047,90608000
2004-03-25,0.4083,0.4274,0.4057,0.4229,0.4229,110663000
2004-03-26,0.4243,0.4250,0.4123,0.4139,0.4139,111090000
2004-03-29,0.4393,0.4774,0.4304,0.4770,0.4770,449393000
2004-03-30,0.4750,0.4977,0.4686,0.4910,0.4910,280105000
2004-03-31,0.4929,0.4993,0.4796,0.4874,0.4874,162743000
2004-04-01,0.5156,0.5173,0.4814,0.5051,0.5051,385665000
2004-04-02,0.5171,0.5244,0.5017,0.5026,0.5026,153349000
2004-04-05,0.5009,0.5206,0.4973,0.5100,0.5100,115472000
2004-04-06,0.5073,0.5140,0.5007,0.5086,0.5086,98329000
2004-04-07,0.5106,0.5194,0.5000,0.5090,0.5090,86072000
2004-04-08,0.5257,0.5449,0.5236,0.5379,0.5379,231441000
2004-04-12,0.5423,0.5517,0.5294,0.5387,0.5387,145964000
2004-04-13,0.5433,0.5477,0.5153,0.5227,0.5227,154021000
2004-04-14,0.5143,0.5221,0.5114,0.5214,0.5214,103418000
2004-04-15,0.5229,0.5416,0.5117,0.5289,0.5289,308000000
2004-04-16,0.4653,0.4691,0.4174,0.4393,0.4393,1043217000
2004-04-19,0.4276,0.4426,0.3860,0.4379,0.4379,588630000
2004-04-20,0.4423,0.4456,0.4140,0.4157,0.4157,191961000
2004-04-21,0.4200,0.4246,0.4026,0.4144,0.4144,212583000
2004-04-22,0.4129,0.4337,0.4101,0.4254,0.4254,141666000
2004-04-23,0.4300,0.4317,0.4150,0.4230,0.4230,80584000
2004-04-26,0.4217,0.4284,0.4080,0.4087,0.4087,105826000
2004-04-27,0.4114,0.4143,0.3957,0.4006,0.4006,117768000
2004-04-28,0.3996,0.4096,0.3904,0.3954,0.3954,142009000
2004-04-29,0.3889,0.3949,0.3693,0.3721,0.3721,224840000
2004-04-30,0.3760,0.3787,0.3596,0.3623,0.3623,198954000
2004-05-03,0.3614,0.3857,0.3613,0.3843,0.3843,220997000
2004-05-04,0.3806,0.3987,0.3717,0.3853,0.3853,214179000
2004-05-05,0.3879,0.4136,0.3850,0.4113,0.4113,225330000
2004-05-06,0.4107,0.4107,0.3900,0.4030,0.4030,142177000
2004-05-07,0.3957,0.4057,0.3900,0.3906,0.3906,118279000
2004-05-10,0.3779,0.3916,0.3726,0.3856,0.3856,188825000
2004-05-11,0.4093,0.4223,0.4059,0.4200,0.4200,239274000
2004-05-12,0.4200,0.4241,0.4033,0.4216,0.4216,168217000
2004-05-13,0.4234,0.4391,0.4207,0.4384,0.4384,141533000
2004-05-14,0.4406,0.4463,0.4260,0.4391,0.4391,150402000
2004-05-17,0.4241,0.4384,0.4196,0.4357,0.4357,123249000
2004-05-18,0.4430,0.4471,0.4260,0.4429,0.4429,154903000
2004-05-19,0.4513,0.4671,0.4429,0.4479,0.4479,137620000
2004-05-20,0.4503,0.4529,0.4357,0.4420,0.4420,87633000
2004-05-21,0.4424,0.4480,0.4366,0.4466,0.4466,78960000
2004-05-24,0.4466,0.4564,0.4443,0.4564,0.4564,80052000
2004-05-25,0.4557,0.4607,0.4471,0.4586,0.4586,113778000
2004-05-26,0.4553,0.4654,0.4550,0.4649,0.4649,69076000
2004-05-27,0.4751,0.4753,0.4650,0.4743,0.4743,118524000
2004-05-28,0.4710,0.4743,0.4619,0.4703,0.4703,81109000
2004-06-01,0.4627,0.4714,0.4569,0.4657,0.4657,129850000
2004-06-02,0.4700,0.4706,0.4607,0.4639,0.4639,69048000
2004-06-03,0.4629,0.4630,0.4423,0.4450,0.4450,92785000
2004-06-04,0.4483,0.4550,0.4459,0.4486,0.4486,47250000
2004-06-07,0.4531,0.4610,0.4503,0.4586,0.4586,81130000
2004-06-08,0.4570,0.4636,0.4553,0.4573,0.4573,36575000
2004-06-09,0.4514,0.4517,0.4369,0.4471,0.4471,151305000
2004-06-10,0.4486,0.4521,0.4400,0.4456,0.4456,38941000
2004-06-14,0.4356,0.4357,0.4080,0.4221,0.4221,161525000
2004-06-15,0.4251,0.4357,0.4226,0.4247,0.4247,72002000
2004-06-16,0.4243,0.4461,0.4243,0.4320,0.4320,89579000
2004-06-17,0.4324,0.4327,0.4226,0.4260,0.4260,82642000
2004-06-18,0.4270,0.4311,0.4194,0.4221,0.4221,78582000
2004-06-21,0.4221,0.4240,0.4107,0.4131,0.4131,79590000
2004-06-22,0.4179,0.4179,0.4050,0.4141,0.4141,117551000
2004-06-23,0.4126,0.4401,0.4126,0.4384,0.4384,166810000
2004-06-24,0.4471,0.4557,0.4436,0.4441,0.4441,185143000
2004-06-25,0.4467,0.5013,0.4450,0.4570,0.4570,157563000
2004-06-28,0.4610,0.5000,0.4574,0.4857,0.4857,302736000
2004-06-29,0.4979,0.5037,0.4866,0.4883,0.4883,152257000
2004-06-30,0.5080,0.5224,0.4980,0.5143,0.5143,295113000
2004-07-01,0.5100,0.5153,0.5056,0.5136,0.5136,230762000
2004-07-02,0.4970,0.4970,0.4557,0.4616,0.4616,336035000
2004-07-06,0.4521,0.4850,0.4489,0.4789,0.4789,157325000
2004-07-07,0.4794,0.4981,0.4679,0.4764,0.4764,132629000
2004-07-08,0.4641,0.4771,0.4539,0.4559,0.4559,151522000
2004-07-09,0.4620,0.4776,0.4614,0.4776,0.4776,66346000
2004-07-12,0.4761,0.4777,0.4573,0.4654,0.4654,72289000
2004-07-13,0.4676,0.4761,0.4537,0.4549,0.4549,105084000
2004-07-14,0.4530,0.4699,0.4357,0.4580,0.4580,95249000
2004-07-15,0.4607,0.4707,0.4533,0.4571,0.4571,314482000
2004-07-16,0.3834,0.3871,0.3266,0.3289,0.3289,1838361000
2004-07-19,0.3129,0.3160,0.2844,0.2881,0.2881,840280000
2004-07-20,0.2959,0.3170,0.2886,0.3080,0.3080,365904000
2004-07-21,0.3057,0.3071,0.2846,0.2857,0.2857,184359000
2004-07-22,0.2819,0.2939,0.2801,0.2891,0.2891,177184000
2004-07-23,0.2877,0.2929,0.2836,0.2896,0.2896,145971000
2004-07-26,0.2881,0.2890,0.2643,0.2723,0.2723,194572000
2004-07-27,0.2741,0.2927,0.2734,0.2909,0.2909,143073000
2004-07-28,0.2933,0.2934,0.2751,0.2890,0.2890,109697000
2004-07-29,0.2920,0.2957,0.2823,0.2900,0.2900,73850000
2004-07-30,0.2870,0.2957,0.2867,0.2929,0.2929,50533000
2004-08-02,0.2834,0.2914,0.2796,0.2880,0.2880,100226000
2004-08-03,0.2893,0.2896,0.2750,0.2750,0.2750,72121000
2004-08-04,0.2717,0.2730,0.2433,0.2504,0.2504,369880000
2004-08-05,0.2511,0.2576,0.2420,0.2443,0.2443,210882000
2004-08-06,0.2383,0.2464,0.2180,0.2416,0.2416,358967000
2004-08-09,0.2376,0.2454,0.2224,0.2346,0.2346,219037000
2004-08-10,0.2390,0.2513,0.2346,0.2449,0.2449,183169000
2004-08-11,0.2334,0.2406,0.2266,0.2301,0.2301,188636000
2004-08-12,0.2270,0.2284,0.2186,0.2197,0.2197,139496000
2004-08-13,0.2186,0.2207,0.2094,0.2140,0.2140,152852000
2004-08-16,0.2124,0.2226,0.2101,0.2197,0.2197,80353000
2004-08-17,0.2244,0.2379,0.2211,0.2224,0.2224,96873000
2004-08-18,0.2241,0.2279,0.2193,0.2249,0.2249,115157000
2004-08-19,0.2274,0.2307,0.2200,0.2264,0.2264,59696000
2004-08-20,0.2264,0.2286,0.2221,0.2263,0.2263,76524000
2004-08-23,0.2310,0.2321,0.2236,0.2273,0.2273,59514000
2004-08-24,0.2276,0.2303,0.2179,0.2209,0.2209,72205000
2004-08-25,0.2221,0.2279,0.2180,0.2239,0.2239,75236000
2004-08-26,0.2229,0.2241,0.2111,0.2177,0.2177,67690000
2004-08-27,0.2196,0.2196,0.2151,0.2164,0.2164,24976000
2004-08-30,0.2146,0.2157,0.2007,0.2064,0.2064,84833000
2004-08-31,0.2054,0.2086,0.1979,0.1993,0.1993,98070000
2004-09-01,0.2001,0.2074,0.1986,0.2039,0.2039,124432000
2004-09-02,0.2014,0.2157,0.1983,0.2121,0.2121,153573000
2004-09-03,0.2127,0.2143,0.2029,0.2051,0.2051,144333000
2004-09-07,0.2394,0.2454,0.2166,0.2201,0.2201,928851000
2004-09-08,0.2233,0.2234,0.2124,0.2153,0.2153,143080000
2004-09-09,0.2143,0.2206,0.2143,0.2154,0.2154,65681000
2004-09-10,0.2164,0.2203,0.2110,0.2134,0.2134,106743000
2004-09-13,0.2157,0.2279,0.2153,0.2260,0.2260,120981000
2004-09-14,0.2286,0.2336,0.2214,0.2331,0.2331,119910000
2004-09-15,0.2341,0.2397,0.2257,0.2271,0.2271,130634000
2004-09-16,0.2309,0.2536,0.2284,0.2441,0.2441,246288000
2004-09-17,0.2456,0.2507,0.2393,0.2427,0.2427,138824000
2004-09-20,0.2471,0.2571,0.2417,0.2537,0.2537,166992000
2004-09-21,0.2574,0.2586,0.2476,0.2501,0.2501,93968000
2004-09-22,0.2520,0.2530,0.2380,0.2407,0.2407,85778000
2004-09-23,0.2410,0.2459,0.2357,0.2400,0.2400,52626000
2004-09-24,0.2426,0.2450,0.2371,0.2379,0.2379,140126000
2004-09-27,0.2356,0.2371,0.2293,0.2334,0.2334,73276000
2004-09-28,0.2326,0.2364,0.2274,0.2341,0.2341,77756000
2004-09-29,0.2299,0.2386,0.2249,0.2340,0.2340,101584000
2004-09-30,0.2320,0.2320,0.2133,0.2203,0.2203,203294000
2004-10-01,0.2493,0.2516,0.2273,0.2333,0.2333,500514000
2004-10-04,0.2473,0.2540,0.2407,0.2464,0.2464,319291000
2004-10-05,0.2770,0.2800,0.2557,0.2579,0.2579,1375850000
2004-10-06,0.2496,0.2607,0.2484,0.2564,0.2564,267575000
2004-10-07,0.2546,0.2593,0.2486,0.2506,0.2506,139867000
2004-10-08,0.2471,0.2531,0.2393,0.2394,0.2394,152824000
2004-10-11,0.2404,0.2493,0.2370,0.2490,0.2490,119007000
2004-10-12,0.2566,0.2567,0.2443,0.2469,0.2469,193592000
2004-10-13,0.2504,0.2531,0.2450,0.2479,0.2479,144186000
2004-10-14,0.2491,0.2529,0.2429,0.2490,0.2490,224147000
2004-10-15,0.1433,0.1641,0.1423,0.1471,0.1471,3234140000
2004-10-18,0.1514,0.1523,0.1407,0.1410,0.1410,860650000
2004-10-19,0.1423,0.1441,0.1381,0.1419,0.1419,550424000
2004-10-20,0.1427,0.1471,0.1421,0.1443,0.1443,215901000
2004-10-21,0.1474,0.1479,0.1424,0.1439,0.1439,202398000
2004-10-22,0.1443,0.1450,0.1389,0.1400,0.1400,200347000
2004-10-25,0.1417,0.1450,0.1390,0.1427,0.1427,218400000
2004-10-26,0.1420,0.1420,0.1364,0.1373,0.1373,167111000
2004-10-27,0.1341,0.1406,0.1321,0.1383,0.1383,255171000
2004-10-28,0.1407,0.1409,0.1357,0.1370,0.1370,102781000
2004-10-29,0.1364,0.1386,0.1343,0.1353,0.1353,154931000
2004-11-01,0.1354,0.1371,0.1336,0.1347,0.1347,131691000
2004-11-02,0.1341,0.1477,0.1340,0.1416,0.1416,404061000
2004-11-03,0.1456,0.1506,0.1440,0.1446,0.1446,352492000
2004-11-04,0.1464,0.1536,0.1464,0.1510,0.1510,210371000
2004-11-05,0.1534,0.1629,0.1516,0.1560,0.1560,250614000
2004-11-08,0.1601,0.1604,0.1536,0.1551,0.1551,168357000
2004-11-09,0.1547,0.1561,0.1500,0.1523,0.1523,113617000
2004-11-10,0.1529,0.1533,0.1476,0.1483,0.1483,98329000
2004-11-11,0.1500,0.1540,0.1493,0.1536,0.1536,110908000
2004-11-12,0.1526,0.1600,0.1526,0.1551,0.1551,107086000
2004-11-15,0.1583,0.1606,0.1543,0.1604,0.1604,146349000
2004-11-16,0.1514,0.1553,0.1476,0.1546,0.1546,168315000
2004-11-17,0.1509,0.1571,0.1476,0.1494,0.1494,202573000
2004-11-18,0.1687,0.1754,0.1646,0.1703,0.1703,802088000
2004-11-19,0.1687,0.1699,0.1601,0.1607,0.1607,207935000
2004-11-22,0.1587,0.1641,0.1586,0.1616,0.1616,109977000
2004-11-23,0.1617,0.1629,0.1559,0.1564,0.1564,110502000
2004-11-24,0.1560,0.1640,0.1526,0.1623,0.1623,118937000
2004-11-26,0.1634,0.1640,0.1607,0.1621,0.1621,43778000
2004-11-29,0.1657,0.1674,0.1614,0.1631,0.1631,107520000
2004-11-30,0.1644,0.1657,0.1580,0.1626,0.1626,79646000
2004-12-01,0.1631,0.1646,0.1579,0.1607,0.1607,164570000
2004-12-02,0.1594,0.1633,0.1591,0.1621,0.1621,107478000
2004-12-03,0.1621,0.1636,0.1600,0.1614,0.1614,93282000
2004-12-06,0.1614,0.1630,0.1593,0.1600,0.1600,76370000
2004-12-07,0.1600,0.1736,0.1600,0.1667,0.1667,311262000
2004-12-08,0.1704,0.1736,0.1614,0.1616,0.1616,127092000
2004-12-09,0.1610,0.1689,0.1603,0.1676,0.1676,158032000
2004-12-10,0.1713,0.1727,0.1671,0.1677,0.1677,84672000
2004-12-13,0.1727,0.1847,0.1709,0.1826,0.1826,254184000
2004-12-14,0.1814,0.1831,0.1757,0.1800,0.1800,207130000
2004-12-15,0.1856,0.1933,0.1807,0.1831,0.1831,245609000
2004-12-16,0.1847,0.1974,0.1814,0.1909,0.1909,230076000
2004-12-17,0.1929,0.1943,0.1821,0.1854,0.1854,173656000
2004-12-20,0.1894,0.1927,0.1810,0.1814,0.1814,118503000
2004-12-21,0.1861,0.1861,0.1783,0.1800,0.1800,106407000
2004-12-22,0.1683,0.1714,0.1630,0.1671,0.1671,402199000
2004-12-23,0.1689,0.1693,0.1589,0.1647,0.1647,275835000
2004-12-27,0.1693,0.1700,0.1649,0.1657,0.1657,73696000
2004-12-28,0.1639,0.1750,0.1639,0.1729,0.1729,150220000
2004-12-29,0.1786,0.1821,0.1740,0.1804,0.1804,162015000
2004-12-30,0.1804,0.1857,0.1784,0.1811,0.1811,104237000
2004-12-31,0.1830,0.1830,0.1747,0.1761,0.1761,98308000
2005-01-03,0.1800,0.1800,0.1646,0.1703,0.1703,113344000
2005-01-04,0.1703,0.1707,0.1607,0.1666,0.1666,173523000
2005-01-05,0.1677,0.1677,0.1584,0.1600,0.1600,127323000
2005-01-06,0.1600,0.1624,0.1573,0.1579,0.1579,82733000
2005-01-07,0.1587,0.1650,0.1571,0.1589,0.1589,74907000
2005-01-10,0.1586,0.1677,0.1586,0.1610,0.1610,99344000
2005-01-11,0.1629,0.1634,0.1573,0.1573,0.1573,78421000
2005-01-12,0.1599,0.1614,0.1504,0.1536,0.1536,124460000
2005-01-13,0.1564,0.1579,0.1534,0.1551,0.1551,95858000
2005-01-14,0.1591,0.1634,0.1540,0.1619,0.1619,145026000
2005-01-18,0.1627,0.1639,0.1563,0.1614,0.1614,103866000
2005-01-19,0.1623,0.1623,0.1560,0.1581,0.1581,122514000
2005-01-20,0.1589,0.1604,0.1560,0.1584,0.1584,76538000
2005-01-21,0.1573,0.1606,0.1570,0.1577,0.1577,44352000
2005-01-24,0.1573,0.1623,0.1549,0.1591,0.1591,217119000
2005-01-25,0.1811,0.1874,0.1613,0.1619,0.1619,668514000
2005-01-26,0.1587,0.1641,0.1539,0.1576,0.1576,184422000
2005-01-27,0.1567,0.1630,0.1559,0.1601,0.1601,69146000
2005-01-28,0.1603,0.1671,0.1590,0.1634,0.1634,93625000
2005-01-31,0.1620,0.1654,0.1607,0.1643,0.1643,62790000
2005-02-01,0.1631,0.1664,0.1627,0.1640,0.1640,47439000
2005-02-02,0.1631,0.1650,0.1600,0.1603,0.1603,47600000
2005-02-03,0.1621,0.1713,0.1620,0.1700,0.1700,186130000
2005-02-04,0.1706,0.1743,0.1674,0.1717,0.1717,71708000
2005-02-07,0.1704,0.1727,0.1647,0.1647,0.1647,75565000
2005-02-08,0.1644,0.1680,0.1630,0.1643,0.1643,65408000
2005-02-09,0.1650,0.1660,0.1591,0.1639,0.1639,54537000
2005-02-10,0.1634,0.1657,0.1607,0.1619,0.1619,63140000
2005-02-11,0.1619,0.1627,0.1583,0.1593,0.1593,82418000
2005-02-14,0.1614,0.1621,0.1587,0.1594,0.1594,44730000
2005-02-15,0.1607,0.1643,0.1584,0.1607,0.1607,79100000
2005-02-16,0.1596,0.1606,0.1551,0.1564,0.1564,56049000
2005-02-17,0.1583,0.1583,0.1491,0.1500,0.1500,89474000
2005-02-18,0.1500,0.1536,0.1490,0.1526,0.1526,94332000
2005-02-22,0.1514,0.1536,0.1450,0.1459,0.1459,64939000
2005-02-23,0.1467,0.1483,0.1444,0.1456,0.1456,44576000
2005-02-24,0.1450,0.1496,0.1430,0.1486,0.1486,53116000
2005-02-25,0.1527,0.1583,0.1521,0.1570,0.1570,294693000
2005-02-28,0.1583,0.1586,0.1500,0.1529,0.1529,66080000
2005-03-01,0.1529,0.1564,0.1516,0.1541,0.1541,44520000
2005-03-02,0.1543,0.1579,0.1514,0.1526,0.1526,144116000
2005-03-03,0.1527,0.1556,0.1500,0.1509,0.1509,73318000
2005-03-04,0.1514,0.1544,0.1500,0.1529,0.1529,54999000
2005-03-07,0.1527,0.1546,0.1500,0.1513,0.1513,42385000
2005-03-08,0.1511,0.1517,0.1437,0.1446,0.1446,76783000
2005-03-09,0.1443,0.1463,0.1389,0.1430,0.1430,97216000
2005-03-10,0.1424,0.1443,0.1409,0.1413,0.1413,51534000
2005-03-11,0.1427,0.1429,0.1339,0.1347,0.1347,95501000
2005-03-14,0.1346,0.1393,0.1343,0.1357,0.1357,61908000
2005-03-15,0.1353,0.1374,0.1303,0.1314,0.1314,105357000
2005-03-16,0.1301,0.1331,0.1300,0.1310,0.1310,72604000
2005-03-17,0.1317,0.1320,0.1307,0.1314,0.1314,45549000
2005-03-18,0.1321,0.1321,0.1307,0.1314,0.1314,69832000
2005-03-21,0.1321,0.1357,0.1309,0.1330,0.1330,61943000
2005-03-22,0.1336,0.1341,0.1307,0.1307,0.1307,42973000
2005-03-23,0.1300,0.1321,0.1293,0.1313,0.1313,58625000
2005-03-24,0.1301,0.1317,0.1273,0.1290,0.1290,67760000
2005-03-28,0.1379,0.1419,0.1357,0.1397,0.1397,125153000
2005-03-29,0.1404,0.1481,0.1393,0.1443,0.1443,101577000
2005-03-30,0.1447,0.1473,0.1414,0.1464,0.1464,56406000
2005-03-31,0.1466,0.1550,0.1464,0.1550,0.1550,136654000
2005-04-01,0.1557,0.1571,0.1536,0.1547,0.1547,101752000
2005-04-04,0.1566,0.1571,0.1516,0.1566,0.1566,62328000
2005-04-05,0.1503,0.1560,0.1501,0.1546,0.1546,46137000
2005-04-06,0.1561,0.1600,0.1543,0.1586,0.1586,90587000
2005-04-07,0.1577,0.1624,0.1561,0.1606,0.1606,74774000
2005-04-08,0.1626,0.1739,0.1626,0.1716,0.1716,242851000
2005-04-11,0.1720,0.1720,0.1643,0.1699,0.1699,75082000
2005-04-12,0.1673,0.1700,0.1661,0.1667,0.1667,41468000
2005-04-13,0.1676,0.1764,0.1671,0.1730,0.1730,95543000
2005-04-14,0.1747,0.1747,0.1683,0.1711,0.1711,61376000
2005-04-15,0.1797,0.1857,0.1650,0.1670,0.1670,146706000
2005-04-18,0.1684,0.1699,0.1554,0.1619,0.1619,66479000
2005-04-19,0.1627,0.1667,0.1577,0.1660,0.1660,46298000
2005-04-20,0.1657,0.1664,0.1593,0.1636,0.1636,55132000
2005-04-21,0.1679,0.1746,0.1643,0.1736,0.1736,170128000
2005-04-22,0.1623,0.1633,0.1576,0.1600,0.1600,169932000
2005-04-25,0.1614,0.1643,0.1586,0.1643,0.1643,84546000
2005-04-26,0.1636,0.1649,0.1613,0.1614,0.1614,42210000
2005-04-27,0.1610,0.1671,0.1610,0.1643,0.1643,43190000
2005-04-28,0.1616,0.1654,0.1610,0.1644,0.1644,32004000
2005-04-29,0.1653,0.1677,0.1636,0.1650,0.1650,45052000
2005-05-02,0.1647,0.1663,0.1617,0.1653,0.1653,30198000
2005-05-03,0.1636,0.1670,0.1636,0.1649,0.1649,32179000
2005-05-04,0.1660,0.1699,0.1629,0.1657,0.1657,57057000
2005-05-05,0.1649,0.1714,0.1619,0.1634,0.1634,67046000
2005-05-06,0.1636,0.1657,0.1629,0.1653,0.1653,28644000
2005-05-09,0.1643,0.1679,0.1636,0.1659,0.1659,22603000
2005-05-10,0.1646,0.1670,0.1646,0.1654,0.1654,42364000
2005-05-11,0.1650,0.1859,0.1649,0.1850,0.1850,264425000
2005-05-12,0.1857,0.2056,0.1783,0.1976,0.1976,448763000
2005-05-13,0.1956,0.2086,0.1944,0.2040,0.2040,229642000
2005-05-16,0.2069,0.2146,0.2044,0.2121,0.2121,210147000
2005-05-17,0.2100,0.2100,0.1950,0.2069,0.2069,163919000
2005-05-18,0.2066,0.2237,0.2044,0.2214,0.2214,163401000
2005-05-19,0.2704,0.2753,0.2261,0.2304,0.2304,1496796000
2005-05-20,0.2294,0.2321,0.2207,0.2276,0.2276,214088000
2005-05-23,0.2256,0.2290,0.2196,0.2221,0.2221,133182000
2005-05-24,0.2201,0.2213,0.2050,0.2063,0.2063,212674000
2005-05-25,0.2050,0.2119,0.2021,0.2077,0.2077,120435000
2005-05-26,0.2093,0.2093,0.2037,0.2091,0.2091,61796000
2005-05-27,0.2101,0.2127,0.2070,0.2079,0.2079,43589000
2005-05-31,0.2077,0.2091,0.2041,0.2041,0.2041,54019000
2005-06-01,0.2029,0.2104,0.2029,0.2071,0.2071,42504000
2005-06-02,0.2061,0.2150,0.2054,0.2126,0.2126,86667000
2005-06-03,0.2150,0.2163,0.2079,0.2096,0.2096,69811000
2005-06-06,0.2079,0.2186,0.2057,0.2174,0.2174,64771000
2005-06-07,0.2186,0.2240,0.2129,0.2143,0.2143,76573000
2005-06-08,0.2151,0.2164,0.2107,0.2123,0.2123,37016000
2005-06-09,0.2150,0.2239,0.2093,0.2236,0.2236,80430000
2005-06-10,0.2236,0.2441,0.2214,0.2416,0.2416,196518000
2005-06-13,0.2386,0.2479,0.2314,0.2380,0.2380,134225000
2005-06-14,0.2359,0.2437,0.2343,0.2429,0.2429,49042000
2005-06-15,0.2426,0.2453,0.2389,0.2450,0.2450,51443000
2005-06-16,0.2457,0.2549,0.2443,0.2519,0.2519,152516000
2005-06-17,0.2521,0.2541,0.2443,0.2460,0.2460,70924000
2005-06-20,0.2429,0.2460,0.2400,0.2456,0.2456,42567000
2005-06-21,0.2440,0.2476,0.2357,0.2380,0.2380,37114000
2005-06-22,0.2327,0.2414,0.2311,0.2360,0.2360,68355000
2005-06-23,0.2353,0.2384,0.2284,0.2293,0.2293,49812000
2005-06-24,0.2286,0.2297,0.2107,0.2253,0.2253,167069000
2005-06-27,0.2264,0.2351,0.2236,0.2284,0.2284,139013000
2005-06-28,0.2330,0.2370,0.2279,0.2297,0.2297,61887000
2005-06-29,0.2300,0.2369,0.2289,0.2334,0.2334,40425000
2005-06-30,0.2330,0.2383,0.2324,0.2344,0.2344,46844000
2005-07-01,0.2343,0.2383,0.2336,0.2364,0.2364,20405000
2005-07-05,0.2337,0.2363,0.2296,0.2349,0.2349,37807000
2005-07-06,0.2340,0.2434,0.2321,0.2390,0.2390,54936000
2005-07-07,0.2344,0.2466,0.2320,0.2419,0.2419,62489000
2005-07-08,0.2429,0.2431,0.2379,0.2387,0.2387,47334000
2005-07-11,0.2401,0.2500,0.2401,0.2459,0.2459,78260000
2005-07-12,0.2457,0.2457,0.2390,0.2407,0.2407,39823000
2005-07-13,0.2421,0.2421,0.2339,0.2361,0.2361,33320000
2005-07-14,0.2370,0.2386,0.2320,0.2357,0.2357,55671000
2005-07-15,0.2347,0.2369,0.2286,0.2343,0.2343,49525000
2005-07-18,0.2296,0.2356,0.2294,0.2326,0.2326,46284000
2005-07-19,0.2334,0.2356,0.2310,0.2341,0.2341,38990000
2005-07-20,0.2316,0.2427,0.2314,0.2413,0.2413,44303000
2005-07-21,0.2413,0.2430,0.2364,0.2379,0.2379,39165000
2005-07-22,0.2393,0.2421,0.2321,0.2343,0.2343,42840000
2005-07-25,0.2343,0.2511,0.2343,0.2423,0.2423,365876000
2005-07-26,0.2860,0.2971,0.2714,0.2716,0.2716,827470000
2005-07-27,0.2709,0.2797,0.2674,0.2789,0.2789,135849000
2005-07-28,0.2800,0.2803,0.2677,0.2701,0.2701,112119000
2005-07-29,0.2720,0.2747,0.2649,0.2651,0.2651,69300000
2005-08-01,0.2670,0.2763,0.2607,0.2763,0.2763,224819000
2005-08-02,0.2771,0.2849,0.2734,0.2796,0.2796,176148000
2005-08-03,0.2796,0.3024,0.2796,0.2984,0.2984,233828000
2005-08-04,0.2977,0.3053,0.2933,0.2949,0.2949,138376000
2005-08-05,0.2950,0.3007,0.2934,0.2996,0.2996,80367000
2005-08-08,0.3016,0.3131,0.3003,0.3109,0.3109,158767000
2005-08-09,0.3171,0.3221,0.3037,0.3049,0.3049,325759000
2005-08-10,0.3034,0.3107,0.2947,0.2981,0.2981,102172000
2005-08-11,0.2986,0.3026,0.2921,0.3000,0.3000,62825000
2005-08-12,0.2964,0.3216,0.2963,0.3157,0.3157,147644000
2005-08-15,0.3124,0.3209,0.3121,0.3139,0.3139,79408000
2005-08-16,0.3149,0.3249,0.3130,0.3177,0.3177,111846000
2005-08-17,0.3186,0.3220,0.3119,0.3127,0.3127,49973000
2005-08-18,0.3113,0.3114,0.2986,0.3059,0.3059,76489000
2005-08-19,0.3059,0.3074,0.3000,0.3054,0.3054,53473000
2005-08-22,0.3070,0.3113,0.3021,0.3064,0.3064,41643000
2005-08-23,0.3051,0.3071,0.2949,0.3014,0.3014,37933000
2005-08-24,0.2993,0.3101,0.2980,0.3006,0.3006,53018000
2005-08-25,0.3009,0.3064,0.3004,0.3009,0.3009,19894000
2005-08-26,0.2990,0.3064,0.2987,0.3027,0.3027,38010000
2005-08-29,0.3007,0.3140,0.3000,0.3134,0.3134,53487000
2005-08-30,0.3131,0.3134,0.3031,0.3057,0.3057,43652000
2005-08-31,0.3066,0.3091,0.3014,0.3080,0.3080,53081000
2005-09-01,0.3080,0.3107,0.3059,0.3064,0.3064,49105000
2005-09-02,0.3127,0.3130,0.3036,0.3077,0.3077,44898000
2005-09-06,0.3077,0.3274,0.3064,0.3251,0.3251,79569000
2005-09-07,0.3250,0.3283,0.3204,0.3227,0.3227,81361000
2005-09-08,0.3237,0.3480,0.3216,0.3441,0.3441,217707000
2005-09-09,0.3474,0.3579,0.3443,0.3567,0.3567,135863000
2005-09-12,0.3597,0.3640,0.3503,0.3601,0.3601,90258000
2005-09-13,0.3616,0.3629,0.3471,0.3481,0.3481,90993000
2005-09-14,0.3486,0.3494,0.3367,0.3381,0.3381,91826000
2005-09-15,0.3383,0.3419,0.3307,0.3346,0.3346,71211000
2005-09-16,0.3360,0.3466,0.3353,0.3457,0.3457,65968000
2005-09-19,0.3479,0.3481,0.3286,0.3324,0.3324,86954000
2005-09-20,0.3331,0.3417,0.3277,0.3311,0.3311,59871000
2005-09-21,0.3314,0.3349,0.3219,0.3239,0.3239,55629000
2005-09-22,0.3229,0.3393,0.3214,0.3374,0.3374,45339000
2005-09-23,0.3380,0.3489,0.3299,0.3453,0.3453,60438000
2005-09-26,0.3446,0.3454,0.3350,0.3424,0.3424,70322000
2005-09-27,0.3570,0.3577,0.3471,0.3471,0.3471,111678000
2005-09-28,0.3516,0.3516,0.3439,0.3463,0.3463,44583000
2005-09-29,0.3524,0.3563,0.3476,0.3486,0.3486,98035000
2005-09-30,0.3511,0.3807,0.3487,0.3713,0.3713,249795000
2005-10-03,0.3711,0.3824,0.3707,0.3806,0.3806,91560000
2005-10-04,0.3866,0.3991,0.3839,0.3856,0.3856,148575000
2005-10-05,0.3817,0.3821,0.3696,0.3713,0.3713,107331000
2005-10-06,0.3686,0.3749,0.3623,0.3669,0.3669,63252000
2005-10-07,0.3730,0.3971,0.3706,0.3893,0.3893,137921000
2005-10-10,0.3914,0.4141,0.3903,0.4099,0.4099,171682000
2005-10-11,0.4143,0.4179,0.3966,0.4030,0.4030,131908000
2005-10-12,0.4024,0.4107,0.3860,0.3930,0.3930,80395000
2005-10-13,0.3934,0.4000,0.3834,0.3986,0.3986,76223000
2005-10-14,0.4057,0.4111,0.3914,0.4109,0.4109,62279000
2005-10-17,0.4114,0.4171,0.4036,0.4157,0.4157,58940000
2005-10-18,0.4171,0.4213,0.3910,0.3921,0.3921,107730000
2005-10-19,0.3873,0.4071,0.3809,0.4050,0.4050,124677000
2005-10-20,0.3893,0.3957,0.3654,0.3661,0.3661,230181000
2005-10-21,0.3701,0.3794,0.3700,0.3736,0.3736,127890000
2005-10-24,0.3783,0.3893,0.3750,0.3853,0.3853,135884000
2005-10-25,0.3843,0.3946,0.3826,0.3916,0.3916,71540000
2005-10-26,0.3886,0.3914,0.3401,0.3569,0.3569,244055000
2005-10-27,0.3674,0.3743,0.3533,0.3700,0.3700,197904000
2005-10-28,0.3733,0.3787,0.3630,0.3754,0.3754,110670000
2005-10-31,0.3679,0.3804,0.3657,0.3773,0.3773,97055000
2005-11-01,0.3720,0.3786,0.3659,0.3669,0.3669,72135000
2005-11-02,0.3633,0.3904,0.3633,0.3874,0.3874,126861000
2005-11-03,0.3913,0.4023,0.3761,0.3869,0.3869,294252000
2005-11-04,0.3871,0.3964,0.3846,0.3941,0.3941,70238000
2005-11-07,0.3956,0.3990,0.3924,0.3973,0.3973,48608000
2005-11-08,0.4000,0.4186,0.3993,0.4080,0.4080,157906000
2005-11-09,0.4086,0.4100,0.3976,0.4021,0.4021,76174000
2005-11-10,0.4214,0.4321,0.4191,0.4221,0.4221,250698000
2005-11-11,0.4221,0.4297,0.4140,0.4296,0.4296,87654000
2005-11-14,0.4300,0.4300,0.4116,0.4146,0.4146,61775000
2005-11-15,0.4136,0.4143,0.3980,0.3993,0.3993,87199000
2005-11-16,0.4004,0.4049,0.3890,0.3963,0.3963,82999000
2005-11-17,0.3979,0.4121,0.3970,0.4107,0.4107,68502000
2005-11-18,0.4141,0.4179,0.3957,0.4060,0.4060,86688000
2005-11-21,0.4040,0.4137,0.3971,0.4101,0.4101,60767000
2005-11-22,0.4066,0.4213,0.4064,0.4171,0.4171,49343000
2005-11-23,0.4146,0.4223,0.4139,0.4146,0.4146,62279000
2005-11-25,0.4146,0.4184,0.4127,0.4179,0.4179,14938000
2005-11-28,0.4071,0.4086,0.3929,0.3940,0.3940,105728000
2005-11-29,0.3931,0.4000,0.3816,0.3857,0.3857,64372000
2005-11-30,0.3861,0.3986,0.3849,0.3934,0.3934,60795000
2005-12-01,0.3964,0.3977,0.3864,0.3873,0.3873,45766000
2005-12-02,0.3860,0.3969,0.3857,0.3956,0.3956,56014000
2005-12-05,0.3929,0.3990,0.3907,0.3957,0.3957,41307000
2005-12-06,0.3957,0.4010,0.3944,0.3964,0.3964,40628000
2005-12-07,0.3961,0.4007,0.3886,0.3911,0.3911,38689000
2005-12-08,0.3891,0.3936,0.3890,0.3929,0.3929,30618000
2005-12-09,0.3897,0.3936,0.3654,0.3677,0.3677,129570000
2005-12-12,0.3679,0.3691,0.3441,0.3586,0.3586,221760000
2005-12-13,0.3493,0.3570,0.3416,0.3436,0.3436,131467000
2005-12-14,0.3454,0.3514,0.3220,0.3490,0.3490,270025000
2005-12-15,0.3571,0.3710,0.3474,0.3706,0.3706,218624000
2005-12-16,0.3736,0.3863,0.3717,0.3757,0.3757,195790000
2005-12-19,0.3767,0.3767,0.3643,0.3660,0.3660,102053000
2005-12-20,0.3657,0.3681,0.3567,0.3587,0.3587,57358000
2005-12-21,0.3777,0.3937,0.3740,0.3913,0.3913,228732000
2005-12-22,0.3946,0.3964,0.3876,0.3943,0.3943,69832000
2005-12-23,0.3936,0.3967,0.3916,0.3961,0.3961,32774000
2005-12-27,0.3970,0.3971,0.3804,0.3854,0.3854,66465000
2005-12-28,0.3861,0.3940,0.3860,0.3886,0.3886,41741000
2005-12-29,0.3883,0.3909,0.3849,0.3893,0.3893,36218000
2005-12-30,0.3867,0.3900,0.3850,0.3866,0.3866,34356000
2006-01-03,0.3866,0.3874,0.3589,0.3721,0.3721,156597000
2006-01-04,0.3643,0.3680,0.3517,0.3571,0.3571,159502000
2006-01-05,0.3553,0.3579,0.3536,0.3561,0.3561,81235000
2006-01-06,0.3560,0.3649,0.3547,0.3576,0.3576,85393000
2006-01-09,0.3573,0.3607,0.3500,0.3571,0.3571,80815000
2006-01-10,0.3557,0.3636,0.3546,0.3633,0.3633,78939000
2006-01-11,0.3621,0.3693,0.3536,0.3550,0.3550,87479000
2006-01-12,0.3540,0.3690,0.3514,0.3674,0.3674,114289000
2006-01-13,0.3661,0.3697,0.3634,0.3651,0.3651,60046000
2006-01-17,0.3616,0.3700,0.3560,0.3680,0.3680,73962000
2006-01-18,0.3644,0.3659,0.3531,0.3550,0.3550,57449000
2006-01-19,0.3549,0.3676,0.3537,0.3631,0.3631,83902000
2006-01-20,0.3550,0.3629,0.3353,0.3353,0.3353,136451000
2006-01-23,0.3371,0.3434,0.3299,0.3326,0.3326,90580000
2006-01-24,0.3349,0.3536,0.3349,0.3534,0.3534,377965000
2006-01-25,0.4083,0.4274,0.3997,0.4084,0.4084,723730000
2006-01-26,0.4073,0.4150,0.4071,0.4143,0.4143,175224000
2006-01-27,0.4073,0.4086,0.3896,0.3974,0.3974,208040000
2006-01-30,0.4003,0.4014,0.3913,0.3943,0.3943,146979000
2006-01-31,0.3936,0.3999,0.3884,0.3936,0.3936,138138000
2006-02-01,0.3907,0.3929,0.3786,0.3873,0.3873,112455000
2006-02-02,0.3864,0.3921,0.3674,0.3729,0.3729,185178000
2006-02-03,0.3714,0.3753,0.3621,0.3730,0.3730,92029000
2006-02-06,0.3750,0.3756,0.3669,0.3754,0.3754,89719000
2006-02-07,0.3770,0.3780,0.3679,0.3703,0.3703,74375000
2006-02-08,0.3696,0.3719,0.3573,0.3591,0.3591,120981000
2006-02-09,0.3573,0.3610,0.3494,0.3511,0.3511,102830000
2006-02-10,0.3521,0.3677,0.3484,0.3633,0.3633,104237000
2006-02-13,0.3637,0.3639,0.3571,0.3604,0.3604,77147000
2006-02-14,0.3571,0.3586,0.3427,0.3513,0.3513,113904000
2006-02-15,0.3493,0.3607,0.3493,0.3564,0.3564,95837000
2006-02-16,0.3554,0.3631,0.3554,0.3593,0.3593,48356000
2006-02-17,0.3584,0.3607,0.3563,0.3569,0.3569,44401000
2006-02-21,0.3600,0.3677,0.3581,0.3677,0.3677,80241000
2006-02-22,0.3679,0.3793,0.3671,0.3767,0.3767,81319000
2006-02-23,0.3754,0.3754,0.3600,0.3673,0.3673,86954000
2006-02-24,0.3664,0.3731,0.3643,0.3711,0.3711,41993000
2006-02-27,0.3749,0.3791,0.3737,0.3790,0.3790,55846000
2006-02-28,0.3790,0.3840,0.3650,0.3830,0.3830,74690000
2006-03-01,0.3830,0.3846,0.3713,0.3836,0.3836,59906000
2006-03-02,0.3807,0.3874,0.3769,0.3830,0.3830,40978000
2006-03-03,0.3800,0.3853,0.3789,0.3823,0.3823,40187000
2006-03-06,0.3840,0.3840,0.3614,0.3660,0.3660,97349000
2006-03-07,0.3639,0.3694,0.3559,0.3637,0.3637,60452000
2006-03-08,0.3643,0.3649,0.3573,0.3590,0.3590,45983000
2006-03-09,0.3587,0.3681,0.3580,0.3607,0.3607,51100000
2006-03-10,0.3587,0.3686,0.3521,0.3650,0.3650,70476000
2006-03-13,0.3581,0.3637,0.3574,0.3586,0.3586,63336000
2006-03-14,0.3579,0.3659,0.3554,0.3631,0.3631,38052000
2006-03-15,0.3603,0.3619,0.3557,0.3587,0.3587,36750000
2006-03-16,0.3579,0.3664,0.3576,0.3639,0.3639,34713000
2006-03-17,0.3646,0.3777,0.3590,0.3739,0.3739,97937000
2006-03-20,0.3764,0.3950,0.3757,0.3869,0.3869,90454000
2006-03-21,0.3893,0.3964,0.3850,0.3881,0.3881,56616000
2006-03-22,0.3867,0.4021,0.3864,0.4007,0.4007,71820000
2006-03-23,0.4011,0.4093,0.3929,0.4041,0.4041,70413000
2006-03-24,0.4024,0.4100,0.4004,0.4096,0.4096,34678000
2006-03-27,0.4057,0.4157,0.4037,0.4127,0.4127,53186000
2006-03-28,0.4141,0.4143,0.3936,0.4004,0.4004,84077000
2006-03-29,0.4019,0.4200,0.3993,0.4173,0.4173,79786000
2006-03-30,0.4159,0.4193,0.4016,0.4091,0.4091,64995000
2006-03-31,0.4071,0.4159,0.4071,0.4141,0.4141,39151000
2006-04-03,0.4141,0.4149,0.3997,0.4019,0.4019,85218000
2006-04-04,0.4007,0.4021,0.3894,0.3916,0.3916,119861000
2006-04-05,0.3850,0.4129,0.3839,0.4094,0.4094,140861000
2006-04-06,0.4083,0.4089,0.3993,0.4036,0.4036,64323000
2006-04-07,0.4036,0.4160,0.3951,0.3991,0.3991,49728000
2006-04-10,0.3986,0.4089,0.3966,0.4036,0.4036,51653000
2006-04-11,0.4057,0.4089,0.3977,0.4074,0.4074,82516000
2006-04-12,0.4096,0.4156,0.4050,0.4103,0.4103,68593000
2006-04-13,0.4083,0.4180,0.4079,0.4170,0.4170,50764000
2006-04-17,0.4143,0.4171,0.4107,0.4171,0.4171,53816000
2006-04-18,0.4180,0.4267,0.4127,0.4257,0.4257,84665000
2006-04-19,0.4253,0.4536,0.4186,0.4440,0.4440,191870000
2006-04-20,0.4437,0.4471,0.4290,0.4444,0.4444,88830000
2006-04-21,0.4434,0.4470,0.4341,0.4400,0.4400,92183000
2006-04-24,0.4406,0.4533,0.4301,0.4463,0.4463,310422000
2006-04-25,0.4716,0.4731,0.4457,0.4526,0.4526,276409000
2006-04-26,0.4519,0.4571,0.4423,0.4497,0.4497,144746000
2006-04-27,0.4541,0.4614,0.4441,0.4470,0.4470,65163000
2006-04-28,0.4277,0.4399,0.4229,0.4234,0.4234,153720000
2006-05-01,0.4266,0.4300,0.4221,0.4229,0.4229,100933000
2006-05-02,0.4229,0.4340,0.4216,0.4314,0.4314,94241000
2006-05-03,0.4320,0.4321,0.4230,0.4244,0.4244,83608000
2006-05-04,0.4230,0.4293,0.4223,0.4284,0.4284,32879000
2006-05-05,0.4277,0.4347,0.4269,0.4329,0.4329,48685000
2006-05-08,0.4327,0.4347,0.4271,0.4286,0.4286,45871000
2006-05-09,0.4459,0.4597,0.4371,0.4389,0.4389,157892000
2006-05-10,0.4390,0.4474,0.4336,0.4416,0.4416,63651000
2006-05-11,0.4403,0.4431,0.4216,0.4251,0.4251,106533000
2006-05-12,0.4250,0.4250,0.4146,0.4227,0.4227,64561000
2006-05-15,0.4193,0.4239,0.4004,0.4064,0.4064,71148000
2006-05-16,0.4071,0.4194,0.4059,0.4094,0.4094,63903000
2006-05-17,0.4101,0.4116,0.4009,0.4013,0.4013,61957000
2006-05-18,0.4006,0.4101,0.3956,0.3959,0.3959,45927000
2006-05-19,0.3950,0.4059,0.3949,0.3981,0.3981,53823000
2006-05-22,0.3963,0.4030,0.3914,0.4000,0.4000,72569000
2006-05-23,0.4034,0.4131,0.3959,0.3990,0.3990,60949000
2006-05-24,0.3971,0.4029,0.3831,0.3991,0.3991,71554000
2006-05-25,0.3993,0.4107,0.3990,0.4107,0.4107,54558000
2006-05-26,0.4114,0.4157,0.4061,0.4119,0.4119,37975000
2006-05-30,0.4097,0.4141,0.3929,0.3929,0.3929,54271000
2006-05-31,0.3954,0.4053,0.3926,0.3956,0.3956,83314000
2006-06-01,0.3946,0.4073,0.3946,0.4073,0.4073,42035000
2006-06-02,0.4071,0.4109,0.3971,0.3993,0.3993,38794000
2006-06-05,0.3967,0.4039,0.3857,0.3897,0.3897,62426000
2006-06-06,0.3913,0.3913,0.3800,0.3841,0.3841,86156000
2006-06-07,0.3841,0.3890,0.3751,0.3771,0.3771,96768000
2006-06-08,0.3739,0.3986,0.3686,0.3969,0.3969,169869000
2006-06-09,0.3976,0.3979,0.3871,0.3933,0.3933,84630000
2006-06-12,0.3919,0.3936,0.3810,0.3869,0.3869,75103000
2006-06-13,0.3843,0.4000,0.3843,0.3934,0.3934,108311000
2006-06-14,0.3957,0.4029,0.3907,0.3999,0.3999,62125000
2006-06-15,0.4003,0.4063,0.3881,0.3957,0.3957,87220000
2006-06-16,0.3951,0.3960,0.3847,0.3874,0.3874,85617000
2006-06-19,0.3906,0.4024,0.3866,0.4003,0.4003,85855000
2006-06-20,0.3949,0.3963,0.3827,0.3869,0.3869,164766000
2006-06-21,0.3889,0.3897,0.3791,0.3881,0.3881,101731000
2006-06-22,0.4007,0.4070,0.3896,0.3953,0.3953,98595000
2006-06-23,0.3930,0.3960,0.3893,0.3906,0.3906,37807000
2006-06-26,0.3924,0.4007,0.3924,0.3957,0.3957,40061000
2006-06-27,0.3966,0.3974,0.3839,0.3844,0.3844,52171000
2006-06-28,0.3874,0.3876,0.3753,0.3794,0.3794,56189000
2006-06-29,0.3800,0.3894,0.3799,0.3880,0.3880,54915000
2006-06-30,0.3893,0.3931,0.3786,0.3887,0.3887,70665000
2006-07-03,0.3909,0.3937,0.3864,0.3891,0.3891,27314000
2006-07-05,0.3854,0.3870,0.3776,0.3806,0.3806,47936000
2006-07-06,0.3796,0.3839,0.3779,0.3803,0.3803,32760000
2006-07-07,0.3796,0.3846,0.3714,0.3807,0.3807,50561000
2006-07-10,0.3823,0.3827,0.3739,0.3779,0.3779,31276000
2006-07-11,0.3747,0.3776,0.3553,0.3619,0.3619,194754000
2006-07-12,0.3623,0.3627,0.3499,0.3513,0.3513,65996000
2006-07-13,0.3480,0.3621,0.3471,0.3557,0.3557,90048000
2006-07-14,0.3543,0.3561,0.3413,0.3456,0.3456,85750000
2006-07-17,0.3429,0.3511,0.3351,0.3401,0.3401,64652000
2006-07-18,0.3397,0.3410,0.3257,0.3343,0.3343,162316000
2006-07-19,0.3327,0.3390,0.3273,0.3384,0.3384,102690000
2006-07-20,0.3387,0.3444,0.3327,0.3336,0.3336,77189000
2006-07-21,0.3324,0.3344,0.3281,0.3293,0.3293,81865000
2006-07-24,0.3296,0.3407,0.3197,0.3394,0.3394,248255000
2006-07-25,0.2713,0.2763,0.2656,0.2683,0.2683,1066226000
2006-07-26,0.2736,0.2743,0.2701,0.2719,0.2719,233786000
2006-07-27,0.2757,0.3064,0.2750,0.2889,0.2889,225015000
2006-07-28,0.2889,0.3026,0.2884,0.2979,0.2979,105441000
2006-07-31,0.2986,0.2986,0.2929,0.2956,0.2956,83881000
2006-08-01,0.2963,0.3010,0.2901,0.2929,0.2929,131894000
2006-08-02,0.2971,0.3050,0.2959,0.2977,0.2977,112266000
2006-08-03,0.2964,0.2964,0.2871,0.2913,0.2913,133854000
2006-08-04,0.2940,0.3107,0.2936,0.2994,0.2994,173915000
2006-08-07,0.3000,0.3007,0.2921,0.2954,0.2954,63840000
2006-08-08,0.2971,0.2971,0.2890,0.2900,0.2900,69678000
2006-08-09,0.2914,0.2939,0.2871,0.2880,0.2880,65947000
2006-08-10,0.2860,0.2886,0.2831,0.2879,0.2879,73136000
2006-08-11,0.2883,0.2884,0.2824,0.2840,0.2840,62783000
2006-08-14,0.2843,0.2859,0.2834,0.2844,0.2844,52535000
2006-08-15,0.2863,0.2900,0.2830,0.2850,0.2850,64624000
2006-08-16,0.2860,0.2877,0.2796,0.2824,0.2824,104538000
2006-08-17,0.2800,0.2951,0.2799,0.2861,0.2861,95697000
2006-08-18,0.2871,0.2890,0.2824,0.2836,0.2836,57939000
2006-08-21,0.2841,0.2846,0.2731,0.2789,0.2789,95480000
2006-08-22,0.2771,0.2784,0.2666,0.2677,0.2677,125181000
2006-08-23,0.2679,0.2691,0.2589,0.2669,0.2669,130158000
2006-08-24,0.2660,0.2686,0.2601,0.2653,0.2653,76286000
2006-08-25,0.2639,0.2691,0.2623,0.2674,0.2674,71099000
2006-08-28,0.2696,0.2789,0.2694,0.2750,0.2750,90118000
2006-08-29,0.2761,0.2781,0.2734,0.2766,0.2766,69671000
2006-08-30,0.2784,0.2884,0.2770,0.2870,0.2870,74354000
2006-08-31,0.2886,0.2889,0.2844,0.2860,0.2860,76475000
2006-09-01,0.2861,0.2896,0.2850,0.2860,0.2860,59927000
2006-09-05,0.2874,0.2891,0.2843,0.2890,0.2890,42602000
2006-09-06,0.2979,0.3099,0.2964,0.3003,0.3003,202153000
2006-09-07,0.2980,0.2980,0.2897,0.2903,0.2903,97825000
2006-09-08,0.2891,0.2951,0.2864,0.2891,0.2891,57316000
2006-09-11,0.2859,0.2979,0.2859,0.2946,0.2946,63448000
2006-09-12,0.2953,0.3123,0.2949,0.3107,0.3107,156772000
2006-09-13,0.3071,0.3201,0.3064,0.3180,0.3180,93786000
2006-09-14,0.3161,0.3223,0.3161,0.3211,0.3211,49833000
2006-09-15,0.3236,0.3274,0.3213,0.3246,0.3246,95991000
2006-09-18,0.3264,0.3284,0.3176,0.3190,0.3190,84490000
2006-09-19,0.3179,0.3237,0.3100,0.3136,0.3136,135324000
2006-09-20,0.3167,0.3221,0.3161,0.3210,0.3210,45206000
2006-09-21,0.3206,0.3363,0.3203,0.3276,0.3276,74739000
2006-09-22,0.3277,0.3300,0.3210,0.3287,0.3287,49798000
2006-09-25,0.3326,0.3329,0.3273,0.3300,0.3300,45024000
2006-09-26,0.3321,0.3329,0.3276,0.3283,0.3283,35385000
2006-09-27,0.3286,0.3356,0.3286,0.3313,0.3313,42399000
2006-09-28,0.3321,0.3371,0.3273,0.3301,0.3301,55804000
2006-09-29,0.3316,0.3356,0.3234,0.3254,0.3254,95445000
2006-10-02,0.3256,0.3303,0.3243,0.3259,0.3259,50575000
2006-10-03,0.3259,0.3296,0.3186,0.3291,0.3291,71057000
2006-10-04,0.3280,0.3339,0.3259,0.3314,0.3314,52472000
2006-10-05,0.3336,0.3427,0.3297,0.3407,0.3407,50288000
2006-10-06,0.3407,0.3459,0.3379,0.3444,0.3444,43617000
2006-10-09,0.3456,0.3456,0.3410,0.3429,0.3429,29414000
2006-10-10,0.3441,0.3441,0.3354,0.3374,0.3374,35791000
2006-10-11,0.3351,0.3396,0.3294,0.3340,0.3340,91098000
2006-10-12,0.3329,0.3366,0.3317,0.3344,0.3344,53473000
2006-10-13,0.3363,0.3370,0.3311,0.3314,0.3314,44352000
2006-10-16,0.3334,0.3340,0.3316,0.3317,0.3317,73661000
2006-10-17,0.3314,0.3316,0.3223,0.3247,0.3247,82327000
2006-10-18,0.3257,0.3277,0.3183,0.3199,0.3199,56833000
2006-10-19,0.3183,0.3217,0.3161,0.3163,0.3163,79219000
2006-10-20,0.3160,0.3186,0.3136,0.3177,0.3177,108213000
2006-10-23,0.3181,0.3657,0.3150,0.3297,0.3297,304115000
2006-10-24,0.3901,0.4014,0.3806,0.3910,0.3910,834302000
2006-10-25,0.3949,0.3994,0.3890,0.3963,0.3963,195055000
2006-10-26,0.3964,0.3983,0.3874,0.3964,0.3964,114282000
2006-10-27,0.3950,0.3999,0.3911,0.3941,0.3941,135219000
2006-10-30,0.3953,0.3987,0.3921,0.3987,0.3987,59969000
2006-10-31,0.4000,0.4057,0.3921,0.3951,0.3951,115563000
2006-11-01,0.3959,0.4026,0.3921,0.3936,0.3936,98301000
2006-11-02,0.3890,0.3906,0.3787,0.3814,0.3814,111608000
2006-11-03,0.3820,0.3917,0.3743,0.3814,0.3814,87710000
2006-11-06,0.3829,0.3900,0.3821,0.3894,0.3894,66591000
2006-11-07,0.3850,0.3977,0.3840,0.3949,0.3949,89313000
2006-11-08,0.3936,0.4139,0.3907,0.4126,0.4126,156415000
2006-11-09,0.4119,0.4214,0.4110,0.4131,0.4131,143640000
2006-11-10,0.4151,0.4217,0.4134,0.4197,0.4197,77021000
2006-11-13,0.4220,0.4284,0.4187,0.4213,0.4213,47271000
2006-11-14,0.4237,0.4239,0.4131,0.4156,0.4156,61768000
2006-11-15,0.4144,0.4260,0.4120,0.4250,0.4250,82964000
2006-11-16,0.4243,0.4250,0.4161,0.4181,0.4181,44219000
2006-11-17,0.4181,0.4181,0.4121,0.4131,0.4131,35672000
2006-11-20,0.4131,0.4197,0.4114,0.4154,0.4154,29085000
2006-11-21,0.4179,0.4200,0.4143,0.4181,0.4181,30212000
2006-11-22,0.4194,0.4246,0.4167,0.4227,0.4227,29421000
2006-11-24,0.4171,0.4196,0.4164,0.4194,0.4194,19789000
2006-11-27,0.4173,0.4186,0.4124,0.4139,0.4139,60354000
2006-11-28,0.4104,0.4143,0.4074,0.4120,0.4120,62027000
2006-11-29,0.4144,0.4201,0.4126,0.4170,0.4170,43330000
2006-11-30,0.4139,0.4250,0.4134,0.4183,0.4183,65100000
2006-12-01,0.4196,0.4286,0.4144,0.4209,0.4209,63742000
2006-12-04,0.4200,0.4207,0.4130,0.4133,0.4133,50624000
2006-12-05,0.4161,0.4183,0.4043,0.4141,0.4141,69209000
2006-12-06,0.4110,0.4136,0.4064,0.4069,0.4069,33649000
2006-12-07,0.4060,0.4074,0.3950,0.3961,0.3961,64001000
2006-12-08,0.3964,0.3984,0.3897,0.3950,0.3950,46319000
2006-12-11,0.4037,0.4086,0.3999,0.4067,0.4067,71967000
2006-12-12,0.4067,0.4084,0.4027,0.4053,0.4053,61523000
2006-12-13,0.4084,0.4096,0.4021,0.4057,0.4057,29834000
2006-12-14,0.3857,0.4024,0.3827,0.3966,0.3966,69440000
2006-12-15,0.3914,0.4011,0.3914,0.3943,0.3943,49539000
2006-12-18,0.3943,0.3957,0.3796,0.3806,0.3806,69412000
2006-12-19,0.3790,0.3891,0.3743,0.3866,0.3866,71057000
2006-12-20,0.3857,0.3939,0.3856,0.3909,0.3909,39403000
2006-12-21,0.3901,0.3961,0.3814,0.3827,0.3827,50477000
2006-12-22,0.3814,0.3819,0.3734,0.3743,0.3743,52206000
2006-12-26,0.3734,0.3889,0.3734,0.3834,0.3834,41846000
2006-12-27,0.3857,0.3860,0.3781,0.3784,0.3784,46347000
2006-12-28,0.3761,0.3806,0.3727,0.3729,0.3729,78596000
2006-12-29,0.3723,0.3829,0.3693,0.3694,0.3694,69377000
2007-01-03,0.3714,0.3824,0.3677,0.3801,0.3801,164409000
2007-01-04,0.3773,0.3829,0.3586,0.3621,0.3621,159593000
2007-01-05,0.3620,0.3620,0.3493,0.3544,0.3544,151907000
2007-01-08,0.3546,0.3556,0.3367,0.3404,0.3404,183449000
2007-01-09,0.3427,0.3440,0.3360,0.3427,0.3427,106113000
2007-01-10,0.3424,0.3464,0.3411,0.3439,0.3439,114485000
2007-01-11,0.3423,0.3507,0.3411,0.3463,0.3463,91301000
2007-01-12,0.3409,0.3411,0.3241,0.3244,0.3244,221711000
2007-01-16,0.3464,0.3486,0.3243,0.3249,0.3249,301343000
2007-01-17,0.3260,0.3293,0.3234,0.3261,0.3261,152040000
2007-01-18,0.3251,0.3283,0.3167,0.3179,0.3179,112987000
2007-01-19,0.3174,0.3260,0.3171,0.3223,0.3223,121520000
2007-01-22,0.3264,0.3281,0.3114,0.3129,0.3129,185955000
2007-01-23,0.3114,0.3190,0.3100,0.3109,0.3109,202391000
2007-01-24,0.3129,0.3286,0.3043,0.3250,0.3250,442204000
2007-01-25,0.3416,0.3464,0.3246,0.3321,0.3321,643895000
2007-01-26,0.3366,0.3371,0.3250,0.3307,0.3307,138698000
2007-01-29,0.3180,0.3251,0.3151,0.3221,0.3221,217616000
2007-01-30,0.3234,0.3280,0.3221,0.3276,0.3276,87892000
2007-01-31,0.3254,0.3304,0.3243,0.3259,0.3259,102564000
2007-02-01,0.3269,0.3300,0.3236,0.3247,0.3247,78883000
2007-02-02,0.3250,0.3297,0.3243,0.3263,0.3263,98644000
2007-02-05,0.3286,0.3286,0.3220,0.3229,0.3229,55727000
2007-02-06,0.3214,0.3239,0.3166,0.3189,0.3189,158053000
2007-02-07,0.3179,0.3294,0.3176,0.3271,0.3271,112238000
2007-02-08,0.3354,0.3404,0.3301,0.3393,0.3393,195419000
2007-02-09,0.3397,0.3397,0.3297,0.3301,0.3301,78652000
2007-02-12,0.3290,0.3353,0.3284,0.3304,0.3304,71197000
2007-02-13,0.3319,0.3321,0.3261,0.3271,0.3271,48419000
2007-02-14,0.3271,0.3313,0.3171,0.3229,0.3229,361746000
2007-02-15,0.3211,0.3243,0.3201,0.3214,0.3214,82866000
2007-02-16,0.3217,0.3273,0.3197,0.3267,0.3267,105329000
2007-02-20,0.3279,0.3371,0.3276,0.3359,0.3359,122906000
2007-02-21,0.3360,0.3366,0.3317,0.3341,0.3341,648018000
2007-02-22,0.3346,0.3411,0.3346,0.3393,0.3393,87829000
2007-02-23,0.3394,0.3407,0.3357,0.3361,0.3361,83755000
2007-02-26,0.3387,0.3403,0.3071,0.3304,0.3304,62167000
2007-02-27,0.3253,0.3264,0.3157,0.3157,0.3157,125202000
2007-02-28,0.3159,0.3273,0.3156,0.3219,0.3219,88830000
2007-03-01,0.3194,0.3291,0.3157,0.3261,0.3261,124292000
2007-03-02,0.3261,0.3286,0.3181,0.3184,0.3184,80731000
2007-03-05,0.3144,0.3166,0.3007,0.3009,0.3009,171010000
2007-03-06,0.3036,0.3130,0.2987,0.3063,0.3063,141330000
2007-03-07,0.3071,0.3086,0.3010,0.3026,0.3026,85995000
2007-03-08,0.3030,0.3090,0.3030,0.3034,0.3034,63203000
2007-03-09,0.3071,0.3071,0.2981,0.3009,0.3009,66864000
2007-03-12,0.3000,0.3030,0.2957,0.3011,0.3011,67095000
2007-03-13,0.3000,0.3023,0.2929,0.2936,0.2936,93842000
2007-03-14,0.2930,0.3021,0.2900,0.3016,0.3016,82159000
2007-03-15,0.3024,0.3050,0.2984,0.3023,0.3023,64358000
2007-03-16,0.3021,0.3031,0.2967,0.3003,0.3003,66661000
2007-03-19,0.3016,0.3071,0.3011,0.3051,0.3051,57120000
2007-03-20,0.3053,0.3256,0.3049,0.3211,0.3211,159691000
2007-03-21,0.3221,0.3330,0.3169,0.3293,0.3293,159775000
2007-03-22,0.3286,0.3323,0.3259,0.3300,0.3300,56994000
2007-03-23,0.3286,0.3397,0.3276,0.3390,0.3390,102158000
2007-03-26,0.3393,0.3400,0.3281,0.3323,0.3323,74207000
2007-03-27,0.3333,0.3386,0.3320,0.3369,0.3369,92183000
2007-03-28,0.3374,0.3374,0.3296,0.3340,0.3340,54817000
2007-03-29,0.3344,0.3374,0.3269,0.3350,0.3350,66815000
2007-03-30,0.3344,0.3407,0.3300,0.3313,0.3313,53207000
2007-04-02,0.3329,0.3390,0.3313,0.3354,0.3354,72436000
2007-04-03,0.3366,0.3446,0.3359,0.3397,0.3397,88781000
2007-04-04,0.3411,0.3519,0.3339,0.3504,0.3504,141246000
2007-04-05,0.3491,0.3497,0.3440,0.3457,0.3457,54516000
2007-04-09,0.3461,0.3509,0.3461,0.3477,0.3477,41748000
2007-04-10,0.3497,0.3570,0.3497,0.3551,0.3551,80752000
2007-04-11,0.3531,0.3536,0.3476,0.3514,0.3514,69790000
2007-04-12,0.3493,0.3557,0.3451,0.3514,0.3514,54663000
2007-04-13,0.3510,0.3523,0.3486,0.3514,0.3514,35910000
2007-04-16,0.3529,0.3543,0.3491,0.3503,0.3503,45801000
2007-04-17,0.3514,0.3514,0.3406,0.3423,0.3423,121247000
2007-04-18,0.3029,0.3184,0.2983,0.3100,0.3100,549430000
2007-04-19,0.3019,0.3073,0.2997,0.3073,0.3073,281456000
2007-04-20,0.3143,0.3164,0.3111,0.3157,0.3157,128625000
2007-04-23,0.3147,0.3154,0.3091,0.3104,0.3104,138117000
2007-04-24,0.3107,0.3121,0.3051,0.3089,0.3089,89180000
2007-04-25,0.3101,0.3161,0.3054,0.3080,0.3080,84028000
2007-04-26,0.3071,0.3180,0.3071,0.3161,0.3161,97622000
2007-04-27,0.3171,0.3183,0.3133,0.3173,0.3173,56378000
2007-04-30,0.3171,0.3181,0.3139,0.3167,0.3167,92477000
2007-05-01,0.3161,0.3184,0.3117,0.3164,0.3164,95214000
2007-05-02,0.3131,0.3277,0.3127,0.3159,0.3159,186396000
2007-05-03,0.3147,0.3253,0.3141,0.3184,0.3184,138159000
2007-05-04,0.3221,0.3224,0.3143,0.3166,0.3166,65779000
2007-05-07,0.3166,0.3191,0.3163,0.3174,0.3174,41622000
2007-05-08,0.3156,0.3203,0.3129,0.3163,0.3163,57414000
2007-05-09,0.3144,0.3177,0.3137,0.3159,0.3159,39886000
2007-05-10,0.3144,0.3159,0.3117,0.3130,0.3130,71435000
2007-05-11,0.3109,0.3157,0.3091,0.3151,0.3151,48090000
2007-05-14,0.3144,0.3157,0.3103,0.3137,0.3137,44541000
2007-05-15,0.3134,0.3149,0.3089,0.3107,0.3107,47264000
2007-05-16,0.3109,0.3141,0.3031,0.3103,0.3103,50365000
2007-05-17,0.3081,0.3140,0.3074,0.3117,0.3117,51422000
2007-05-18,0.3121,0.3144,0.3101,0.3134,0.3134,44464000
2007-05-21,0.3130,0.3234,0.3123,0.3214,0.3214,66633000
2007-05-22,0.3209,0.3301,0.3183,0.3286,0.3286,70245000
2007-05-23,0.3284,0.3350,0.3257,0.3313,0.3313,122808000
2007-05-24,0.3296,0.3347,0.3199,0.3220,0.3220,64008000
2007-05-25,0.3230,0.3260,0.3201,0.3217,0.3217,59745000
2007-05-29,0.3151,0.3157,0.3049,0.3121,0.3121,115675000
2007-05-30,0.3093,0.3154,0.3081,0.3151,0.3151,73262000
2007-05-31,0.3143,0.3183,0.3124,0.3129,0.3129,70280000
2007-06-01,0.3120,0.3183,0.3050,0.3081,0.3081,80297000
2007-06-04,0.3056,0.3090,0.3050,0.3069,0.3069,55461000
2007-06-05,0.3053,0.3089,0.3030,0.3056,0.3056,58849000
2007-06-06,0.3049,0.3254,0.3044,0.3229,0.3229,334180000
2007-06-07,0.3257,0.3713,0.3254,0.3419,0.3419,591031000
2007-06-08,0.3429,0.3443,0.3291,0.3347,0.3347,140378000
2007-06-11,0.3179,0.3236,0.3116,0.3133,0.3133,180348000
2007-06-12,0.3003,0.3044,0.2841,0.2869,0.2869,401765000
2007-06-13,0.2786,0.2869,0.2721,0.2774,0.2774,274078000
2007-06-14,0.2771,0.2794,0.2727,0.2740,0.2740,113631000
2007-06-15,0.2864,0.2881,0.2803,0.2816,0.2816,220934000
2007-06-18,0.2917,0.2921,0.2843,0.2860,0.2860,122360000
2007-06-19,0.2891,0.2896,0.2843,0.2847,0.2847,79093000
2007-06-20,0.2883,0.2891,0.2787,0.2793,0.2793,63777000
2007-06-21,0.2791,0.2903,0.2787,0.2856,0.2856,100779000
2007-06-22,0.2860,0.2874,0.2800,0.2811,0.2811,73430000
2007-06-25,0.2821,0.2854,0.2794,0.2803,0.2803,68026000
2007-06-26,0.2851,0.2856,0.2786,0.2789,0.2789,57862000
2007-06-27,0.2791,0.3037,0.2787,0.2969,0.2969,210917000
2007-06-28,0.2956,0.2956,0.2826,0.2836,0.2836,147252000
2007-06-29,0.2867,0.2881,0.2766,0.2770,0.2770,120841000
2007-07-02,0.2786,0.2836,0.2767,0.2783,0.2783,79702000
2007-07-03,0.2801,0.2856,0.2799,0.2824,0.2824,30856000
2007-07-05,0.2850,0.2871,0.2824,0.2831,0.2831,64806000
2007-07-06,0.2834,0.2926,0.2834,0.2913,0.2913,80710000
2007-07-09,0.2929,0.2957,0.2901,0.2919,0.2919,81690000
2007-07-10,0.2916,0.2977,0.2857,0.2874,0.2874,88536000
2007-07-11,0.2891,0.2891,0.2843,0.2859,0.2859,54971000
2007-07-12,0.2859,0.2911,0.2841,0.2873,0.2873,56224000
2007-07-13,0.2860,0.2921,0.2860,0.2877,0.2877,46438000
2007-07-16,0.2891,0.2901,0.2857,0.2866,0.2866,51527000
2007-07-17,0.2861,0.2900,0.2859,0.2887,0.2887,45248000
2007-07-18,0.2891,0.2891,0.2821,0.2874,0.2874,64981000
2007-07-19,0.2857,0.2890,0.2821,0.2849,0.2849,51926000
2007-07-20,0.2849,0.2849,0.2800,0.2804,0.2804,96166000
2007-07-23,0.2577,0.2584,0.2453,0.2467,0.2467,537278000
2007-07-24,0.2369,0.2394,0.2231,0.2296,0.2296,540855000
2007-07-25,0.2379,0.2399,0.2284,0.2386,0.2386,375543000
2007-07-26,0.2384,0.2561,0.2321,0.2549,0.2549,334572000
2007-07-27,0.2551,0.2557,0.2413,0.2443,0.2443,203049000
2007-07-30,0.2444,0.2536,0.2427,0.2484,0.2484,136332000
2007-07-31,0.2529,0.2529,0.2443,0.2461,0.2461,96544000
2007-08-01,0.2464,0.2499,0.2397,0.2451,0.2451,142163000
2007-08-02,0.2450,0.2477,0.2421,0.2444,0.2444,92589000
2007-08-03,0.2457,0.2469,0.2363,0.2367,0.2367,86618000
2007-08-06,0.2460,0.2460,0.2357,0.2423,0.2423,112182000
2007-08-07,0.2493,0.2499,0.2421,0.2479,0.2479,103845000
2007-08-08,0.2490,0.2639,0.2479,0.2567,0.2567,129164000
2007-08-09,0.2433,0.2540,0.2374,0.2539,0.2539,183043000
2007-08-10,0.2557,0.2566,0.2390,0.2556,0.2556,107254000
2007-08-13,0.2571,0.2586,0.2453,0.2480,0.2480,68194000
2007-08-14,0.2476,0.2551,0.2459,0.2494,0.2494,53130000
2007-08-15,0.2504,0.2557,0.2484,0.2491,0.2491,54271000
2007-08-16,0.2450,0.2571,0.2383,0.2414,0.2414,138411000
2007-08-17,0.2564,0.2564,0.2430,0.2463,0.2463,71071000
2007-08-20,0.2499,0.2499,0.2399,0.2453,0.2453,55132000
2007-08-21,0.2479,0.2496,0.2437,0.2471,0.2471,33481000
2007-08-22,0.2499,0.2503,0.2447,0.2490,0.2490,45941000
2007-08-23,0.2471,0.2500,0.2429,0.2464,0.2464,30387000
2007-08-24,0.2456,0.2546,0.2443,0.2543,0.2543,63245000
2007-08-27,0.2534,0.2550,0.2443,0.2449,0.2449,34965000
2007-08-28,0.2451,0.2509,0.2421,0.2426,0.2426,46529000
2007-08-29,0.2436,0.2500,0.2417,0.2500,0.2500,38556000
2007-08-30,0.2467,0.2499,0.2436,0.2457,0.2457,49539000
2007-08-31,0.2479,0.2511,0.2450,0.2503,0.2503,47453000
2007-09-04,0.2569,0.2674,0.2526,0.2591,0.2591,111643000
2007-09-05,0.2580,0.2591,0.2514,0.2560,0.2560,41328000
2007-09-06,0.2537,0.2570,0.2509,0.2570,0.2570,75061000
2007-09-07,0.2527,0.2580,0.2501,0.2577,0.2577,67571000
2007-09-10,0.2573,0.2574,0.2464,0.2486,0.2486,63532000
2007-09-11,0.2477,0.2549,0.2467,0.2524,0.2524,54831000
2007-09-12,0.2514,0.2523,0.2473,0.2480,0.2480,27055000
2007-09-13,0.2471,0.2499,0.2439,0.2477,0.2477,44422000
2007-09-14,0.2466,0.2543,0.2453,0.2531,0.2531,47845000
2007-09-17,0.2621,0.2664,0.2599,0.2630,0.2630,100982000
2007-09-18,0.2643,0.2771,0.2629,0.2747,0.2747,69335000
2007-09-19,0.2786,0.2810,0.2751,0.2806,0.2806,81529000
2007-09-20,0.2743,0.2793,0.2734,0.2783,0.2783,74991000
2007-09-21,0.2821,0.2821,0.2677,0.2741,0.2741,158795000
2007-09-24,0.2743,0.2794,0.2729,0.2756,0.2756,63665000
2007-09-25,0.2757,0.3009,0.2754,0.3001,0.3001,180579000
2007-09-26,0.3000,0.3157,0.2996,0.3134,0.3134,158753000
2007-09-27,0.3111,0.3121,0.3001,0.3051,0.3051,118986000
2007-09-28,0.3057,0.3086,0.2950,0.2964,0.2964,86625000
2007-10-01,0.2957,0.3057,0.2941,0.3031,0.3031,95284000
2007-10-02,0.3036,0.3047,0.2966,0.3029,0.3029,45227000
2007-10-03,0.3003,0.3040,0.2971,0.3011,0.3011,36127000
2007-10-04,0.2983,0.3039,0.2967,0.3020,0.3020,48979000
2007-10-05,0.3033,0.3174,0.3029,0.3143,0.3143,65492000
2007-10-08,0.3110,0.3189,0.3086,0.3181,0.3181,32053000
2007-10-09,0.3179,0.3286,0.3167,0.3256,0.3256,85631000
2007-10-10,0.3239,0.3381,0.3219,0.3346,0.3346,105343000
2007-10-11,0.3344,0.3431,0.3233,0.3273,0.3273,100079000
2007-10-12,0.3264,0.3334,0.3256,0.3286,0.3286,42308000
2007-10-15,0.3414,0.3500,0.3370,0.3423,0.3423,115332000
2007-10-16,0.3464,0.3464,0.3379,0.3424,0.3424,63000000
2007-10-17,0.3400,0.3471,0.3377,0.3469,0.3469,42497000
2007-10-18,0.3416,0.3471,0.3380,0.3433,0.3433,79296000
2007-10-19,0.3470,0.3470,0.3229,0.3320,0.3320,111951000
2007-10-22,0.3250,0.3324,0.3157,0.3287,0.3287,213150000
2007-10-23,0.3684,0.3743,0.3503,0.3713,0.3713,384853000
2007-10-24,0.3613,0.3626,0.3466,0.3607,0.3607,130431000
2007-10-25,0.3589,0.3690,0.3584,0.3619,0.3619,96691000
2007-10-26,0.3650,0.3671,0.3517,0.3603,0.3603,109214000
2007-10-29,0.3677,0.3783,0.3643,0.3767,0.3767,77714000
2007-10-30,0.3734,0.3800,0.3676,0.3777,0.3777,120568000
2007-10-31,0.3783,0.3787,0.3683,0.3781,0.3781,107926000
2007-11-01,0.3781,0.3811,0.3643,0.3756,0.3756,104062000
2007-11-02,0.3721,0.3771,0.3714,0.3751,0.3751,89201000
2007-11-05,0.3721,0.3857,0.3717,0.3787,0.3787,76769000
2007-11-06,0.3777,0.3899,0.3759,0.3890,0.3890,77742000
2007-11-07,0.3843,0.3910,0.3763,0.3840,0.3840,74480000
2007-11-08,0.3820,0.3930,0.3724,0.3884,0.3884,106526000
2007-11-09,0.3833,0.3839,0.3519,0.3607,0.3607,139251000
2007-11-12,0.3593,0.3637,0.3486,0.3501,0.3501,91784000
2007-11-13,0.3514,0.3630,0.3501,0.3630,0.3630,64330000
2007-11-14,0.3656,0.3657,0.3531,0.3549,0.3549,71470000
2007-11-15,0.3531,0.3549,0.3417,0.3437,0.3437,69811000
2007-11-16,0.3434,0.3470,0.3250,0.3400,0.3400,116109000
2007-11-19,0.3367,0.3429,0.3280,0.3316,0.3316,68180000
2007-11-20,0.3276,0.3311,0.3164,0.3233,0.3233,111958000
2007-11-21,0.3217,0.3224,0.3074,0.3079,0.3079,104188000
2007-11-23,0.3104,0.3129,0.3037,0.3107,0.3107,61530000
2007-11-26,0.3107,0.3170,0.3061,0.3067,0.3067,64659000
2007-11-27,0.3087,0.3193,0.3071,0.3191,0.3191,67074000
2007-11-28,0.3214,0.3320,0.3200,0.3287,0.3287,94178000
2007-11-29,0.3260,0.3361,0.3260,0.3303,0.3303,66129000
2007-11-30,0.3364,0.3420,0.3224,0.3300,0.3300,87997000
2007-12-03,0.3429,0.3543,0.3367,0.3397,0.3397,91378000
2007-12-04,0.3397,0.3417,0.3293,0.3393,0.3393,56812000
2007-12-05,0.3331,0.3423,0.3293,0.3419,0.3419,104062000
2007-12-06,0.3354,0.3414,0.3331,0.3414,0.3414,68320000
2007-12-07,0.3413,0.3419,0.3349,0.3367,0.3367,58037000
2007-12-10,0.3370,0.3387,0.3349,0.3356,0.3356,42847000
2007-12-11,0.3357,0.3414,0.3300,0.3329,0.3329,67795000
2007-12-12,0.3393,0.3420,0.3269,0.3309,0.3309,53431000
2007-12-13,0.3270,0.3291,0.3216,0.3291,0.3291,51604000
2007-12-14,0.3280,0.3406,0.3219,0.3360,0.3360,96845000
2007-12-17,0.3330,0.3376,0.3287,0.3300,0.3300,36883000
2007-12-18,0.3324,0.3467,0.3281,0.3454,0.3454,49350000
2007-12-19,0.3440,0.3559,0.3409,0.3553,0.3553,64246000
2007-12-20,0.3574,0.3929,0.3523,0.3891,0.3891,224000000
2007-12-21,0.3984,0.4163,0.3959,0.4014,0.4014,255010000
2007-12-24,0.4014,0.4089,0.3959,0.3987,0.3987,38640000
2007-12-26,0.3959,0.4146,0.3959,0.4100,0.4100,63119000
2007-12-27,0.4000,0.4034,0.3857,0.3921,0.3921,116158000
2007-12-28,0.3921,0.3959,0.3756,0.3847,0.3847,75369000
2007-12-31,0.3850,0.3897,0.3701,0.3803,0.3803,104153000
2008-01-02,0.3794,0.3893,0.3663,0.3764,0.3764,125279000
2008-01-03,0.3991,0.4043,0.3664,0.3724,0.3724,213402000
2008-01-04,0.3720,0.3796,0.3479,0.3516,0.3516,172025000
2008-01-07,0.3530,0.3564,0.3386,0.3554,0.3554,126938000
2008-01-08,0.3543,0.3553,0.3247,0.3329,0.3329,144900000
2008-01-09,0.3316,0.3357,0.3097,0.3286,0.3286,152005000
2008-01-10,0.3234,0.3571,0.3181,0.3529,0.3529,133791000
2008-01-11,0.3500,0.3521,0.3344,0.3344,0.3344,89817000
2008-01-14,0.3409,0.3493,0.3247,0.3253,0.3253,161658000
2008-01-15,0.3231,0.3307,0.2959,0.3150,0.3150,378952000
2008-01-16,0.3079,0.3223,0.3000,0.3153,0.3153,179564000
2008-01-17,0.3131,0.3227,0.3087,0.3110,0.3110,118440000
2008-01-18,0.3116,0.3239,0.3079,0.3121,0.3121,124964000
2008-01-22,0.3033,0.3247,0.2907,0.3176,0.3176,141274000
2008-01-23,0.3150,0.3400,0.3000,0.3394,0.3394,293706000
2008-01-24,0.3377,0.3393,0.3067,0.3134,0.3134,389270000
2008-01-25,0.3183,0.3244,0.3017,0.3110,0.3110,198653000
2008-01-28,0.3163,0.3286,0.3080,0.3284,0.3284,116501000
2008-01-29,0.3296,0.3323,0.3240,0.3309,0.3309,70826000
2008-01-30,0.3339,0.3359,0.3221,0.3277,0.3277,93072000
2008-01-31,0.3221,0.3621,0.3159,0.3593,0.3593,232239000
2008-02-01,0.3544,0.3657,0.3510,0.3627,0.3627,126231000
2008-02-04,0.3627,0.3737,0.3613,0.3699,0.3699,118839000
2008-02-05,0.3640,0.3679,0.3544,0.3609,0.3609,89453000
2008-02-06,0.3686,0.3843,0.3627,0.3717,0.3717,151074000
2008-02-07,0.3659,0.3840,0.3659,0.3836,0.3836,167671000
2008-02-08,0.3779,0.3857,0.3719,0.3840,0.3840,108507000
2008-02-11,0.3851,0.3864,0.3820,0.3841,0.3841,95949000
2008-02-12,0.3856,0.3896,0.3787,0.3843,0.3843,74277000
2008-02-13,0.3867,0.3907,0.3810,0.3901,0.3901,70994000
2008-02-14,0.3846,0.3880,0.3761,0.3821,0.3821,62734000
2008-02-15,0.3793,0.3824,0.3723,0.3800,0.3800,67347000
2008-02-19,0.3761,0.3943,0.3683,0.3827,0.3827,98392000
2008-02-20,0.3781,0.3973,0.3751,0.3924,0.3924,128156000
2008-02-21,0.3929,0.3999,0.3904,0.3981,0.3981,71120000
2008-02-22,0.3957,0.3999,0.3910,0.3971,0.3971,57400000
2008-02-25,0.3959,0.4029,0.3957,0.4000,0.4000,68019000
2008-02-26,0.3973,0.4214,0.3973,0.4143,0.4143,165921000
2008-02-27,0.4370,0.4649,0.4286,0.4633,0.4633,412832000
2008-02-28,0.4517,0.4901,0.4500,0.4506,0.4506,351827000
2008-02-29,0.4547,0.4571,0.4303,0.4511,0.4511,167748000
2008-03-03,0.4536,0.4569,0.4377,0.4420,0.4420,129948000
2008-03-04,0.4366,0.4510,0.4331,0.4503,0.4503,89355000
2008-03-05,0.4526,0.4659,0.4484,0.4586,0.4586,121359000
2008-03-06,0.4523,0.4547,0.4374,0.4374,0.4374,90503000
2008-03-07,0.4360,0.4534,0.4307,0.4466,0.4466,106008000
2008-03-10,0.4571,0.4776,0.4500,0.4744,0.4744,143150000
2008-03-11,0.4786,0.4886,0.4607,0.4726,0.4726,179900000
2008-03-12,0.4736,0.4929,0.4736,0.4863,0.4863,158942000
2008-03-13,0.4794,0.4904,0.4650,0.4887,0.4887,100450000
2008-03-14,0.4907,0.4929,0.4694,0.4751,0.4751,79555000
2008-03-17,0.4687,0.4814,0.4619,0.4713,0.4713,93009000
2008-03-18,0.4823,0.5000,0.4783,0.5000,0.5000,124124000
2008-03-19,0.4999,0.5147,0.4946,0.4981,0.4981,130998000
2008-03-20,0.5429,0.5429,0.5109,0.5177,0.5177,235242000
2008-03-24,0.5334,0.5664,0.5263,0.5453,0.5453,168560000
2008-03-25,0.5491,0.5521,0.5266,0.5303,0.5303,120015000
2008-03-26,0.5286,0.5416,0.5186,0.5409,0.5409,109487000
2008-03-27,0.5317,0.5344,0.5020,0.5194,0.5194,128093000
2008-03-28,0.5191,0.5339,0.5041,0.5084,0.5084,92099000
2008-03-31,0.5167,0.5193,0.4840,0.4950,0.4950,145278000
2008-04-01,0.5071,0.5271,0.4914,0.5216,0.5216,161735000
2008-04-02,0.5164,0.5286,0.5106,0.5193,0.5193,95991000
2008-04-03,0.5114,0.5449,0.5107,0.5333,0.5333,89901000
2008-04-04,0.5357,0.5357,0.5131,0.5173,0.5173,68775000
2008-04-07,0.5231,0.5231,0.5034,0.5129,0.5129,53578000
2008-04-08,0.5216,0.5294,0.5059,0.5271,0.5271,64575000
2008-04-09,0.5299,0.5299,0.5147,0.5203,0.5203,79828000
2008-04-10,0.5151,0.5290,0.5119,0.5224,0.5224,55258000
2008-04-11,0.5179,0.5220,0.5016,0.5073,0.5073,78876000
2008-04-14,0.5143,0.5199,0.5064,0.5111,0.5111,68110000
2008-04-15,0.5143,0.5211,0.5080,0.5211,0.5211,57211000
2008-04-16,0.5261,0.5587,0.5217,0.5567,0.5567,154336000
2008-04-17,0.5557,0.5840,0.5486,0.5814,0.5814,239085000
2008-04-18,0.5819,0.5843,0.5473,0.5509,0.5509,148414000
2008-04-21,0.5509,0.5804,0.5509,0.5617,0.5617,221725000
2008-04-22,0.4816,0.4821,0.4207,0.4286,0.4286,732319000
2008-04-23,0.4303,0.4500,0.4243,0.4466,0.4466,201474000
2008-04-24,0.4437,0.4750,0.4430,0.4717,0.4717,138012000
2008-04-25,0.4739,0.4857,0.4714,0.4851,0.4851,101591000
2008-04-28,0.4740,0.4793,0.4657,0.4723,0.4723,103957000
2008-04-29,0.4664,0.4706,0.4550,0.4597,0.4597,72331000
2008-04-30,0.4574,0.4631,0.4456,0.4569,0.4569,109060000
2008-05-01,0.4524,0.4569,0.4334,0.4429,0.4429,173236000
2008-05-02,0.4437,0.4493,0.4374,0.4443,0.4443,77035000
2008-05-05,0.4464,0.4526,0.4371,0.4429,0.4429,83230000
2008-05-06,0.4414,0.4431,0.4351,0.4420,0.4420,49966000
2008-05-07,0.4386,0.4456,0.4286,0.4309,0.4309,67074000
2008-05-08,0.4330,0.4399,0.4247,0.4307,0.4307,99967000
2008-05-09,0.4287,0.4391,0.4286,0.4389,0.4389,48944000
2008-05-12,0.4386,0.4530,0.4357,0.4387,0.4387,105791000
2008-05-13,0.4376,0.4403,0.4300,0.4380,0.4380,63910000
2008-05-14,0.4380,0.4443,0.4321,0.4343,0.4343,76860000
2008-05-15,0.4319,0.4353,0.4223,0.4276,0.4276,152733000
2008-05-16,0.4313,0.4560,0.4287,0.4523,0.4523,148015000
2008-05-19,0.4506,0.4636,0.4380,0.4426,0.4426,89201000
2008-05-20,0.4696,0.4907,0.4471,0.4519,0.4519,313663000
2008-05-21,0.4597,0.4643,0.4506,0.4527,0.4527,131257000
2008-05-22,0.4509,0.4544,0.4407,0.4530,0.4530,93135000
2008-05-23,0.4507,0.4521,0.4303,0.4459,0.4459,96887000
2008-05-27,0.4460,0.4576,0.4431,0.4576,0.4576,56021000
2008-05-28,0.4574,0.4629,0.4421,0.4446,0.4446,130361000
2008-05-29,0.4320,0.4446,0.4259,0.4336,0.4336,158627000
2008-05-30,0.4351,0.4409,0.4301,0.4337,0.4337,88711000
2008-06-02,0.4334,0.4421,0.4334,0.4413,0.4413,78015000
2008-06-03,0.4429,0.4580,0.4429,0.4553,0.4553,95438000
2008-06-04,0.4524,0.4640,0.4503,0.4624,0.4624,66717000
2008-06-05,0.4609,0.4857,0.4551,0.4739,0.4739,107149000
2008-06-06,0.4691,0.4691,0.4536,0.4546,0.4546,67039000
2008-06-09,0.4546,0.4571,0.4341,0.4447,0.4447,68852000
2008-06-10,0.4393,0.4479,0.4349,0.4376,0.4376,45745000
2008-06-11,0.4364,0.4449,0.4314,0.4319,0.4319,50120000
2008-06-12,0.4324,0.4483,0.4324,0.4430,0.4430,43974000
2008-06-13,0.4480,0.4610,0.4476,0.4603,0.4603,47243000
2008-06-16,0.4571,0.4583,0.4491,0.4560,0.4560,35525000
2008-06-17,0.4564,0.4564,0.4469,0.4471,0.4471,30513000
2008-06-18,0.4444,0.4454,0.4286,0.4311,0.4311,69503000
2008-06-19,0.4289,0.4599,0.4253,0.4586,0.4586,84609000
2008-06-20,0.4609,0.4609,0.4416,0.4486,0.4486,77756000
2008-06-23,0.4500,0.4501,0.4219,0.4230,0.4230,91763000
2008-06-24,0.4249,0.4321,0.4080,0.4143,0.4143,107611000
2008-06-25,0.4164,0.4269,0.4144,0.4229,0.4229,62979000
2008-06-26,0.4214,0.4249,0.4097,0.4111,0.4111,86744000
2008-06-27,0.4103,0.4103,0.3759,0.3820,0.3820,147553000
2008-06-30,0.3787,0.3857,0.3720,0.3724,0.3724,81494000
2008-07-01,0.3829,0.3939,0.3777,0.3871,0.3871,176197000
2008-07-02,0.3859,0.3903,0.3814,0.3893,0.3893,132048000
2008-07-03,0.3857,0.3970,0.3844,0.3897,0.3897,108066000
2008-07-07,0.3929,0.4056,0.3907,0.4036,0.4036,114345000
2008-07-08,0.4049,0.4090,0.3951,0.4059,0.4059,100429000
2008-07-09,0.4059,0.4150,0.4059,0.4089,0.4089,106743000
2008-07-10,0.4067,0.4123,0.3934,0.3979,0.3979,83307000
2008-07-11,0.3931,0.3977,0.3770,0.3887,0.3887,86156000
2008-07-14,0.3901,0.4046,0.3843,0.3973,0.3973,174454000
2008-07-15,0.3944,0.4031,0.3871,0.3959,0.3959,124544000
2008-07-16,0.3923,0.4044,0.3923,0.4016,0.4016,91854000
2008-07-17,0.3996,0.4030,0.3843,0.3969,0.3969,95949000
2008-07-18,0.3973,0.3993,0.3847,0.3871,0.3871,97230000
2008-07-21,0.3861,0.3921,0.3831,0.3907,0.3907,89873000
2008-07-22,0.3909,0.3956,0.3860,0.3889,0.3889,167832000
2008-07-23,0.3884,0.4029,0.3884,0.3997,0.3997,105539000
2008-07-24,0.3947,0.3963,0.3810,0.3819,0.3819,129234000
2008-07-25,0.4056,0.4116,0.3833,0.3979,0.3979,271761000
2008-07-28,0.4000,0.4137,0.3973,0.4090,0.4090,130515000
2008-07-29,0.4127,0.4449,0.4106,0.4434,0.4434,196812000
2008-07-30,0.4421,0.4481,0.4303,0.4361,0.4361,92169000
2008-07-31,0.4340,0.4474,0.4326,0.4413,0.4413,143115000
2008-08-01,0.4364,0.4386,0.4120,0.4174,0.4174,176358000
2008-08-04,0.4237,0.4301,0.4229,0.4261,0.4261,118440000
2008-08-05,0.4327,0.4327,0.4214,0.4270,0.4270,82628000
2008-08-06,0.4254,0.4323,0.4240,0.4286,0.4286,77784000
2008-08-07,0.4236,0.4409,0.4236,0.4351,0.4351,101185000
2008-08-08,0.4357,0.4517,0.4357,0.4436,0.4436,91882000
2008-08-11,0.4406,0.4627,0.4389,0.4600,0.4600,140112000
2008-08-12,0.4619,0.4619,0.4356,0.4401,0.4401,87738000
2008-08-13,0.4383,0.4451,0.4324,0.4451,0.4451,93303000
2008-08-14,0.4414,0.4594,0.4373,0.4549,0.4549,136570000
2008-08-15,0.4576,0.4653,0.4434,0.4466,0.4466,97510000
2008-08-18,0.4476,0.4496,0.4343,0.4370,0.4370,76909000
2008-08-19,0.4347,0.4377,0.4273,0.4301,0.4301,60368000
2008-08-20,0.4309,0.4384,0.4273,0.4360,0.4360,51072000
2008-08-21,0.4279,0.4349,0.4271,0.4286,0.4286,53872000
2008-08-22,0.4300,0.4397,0.4289,0.4379,0.4379,53445000
2008-08-25,0.4349,0.4376,0.4267,0.4277,0.4277,57099000
2008-08-26,0.4274,0.4357,0.4263,0.4299,0.4299,102627000
2008-08-27,0.4273,0.4429,0.4269,0.4377,0.4377,62923000
2008-08-28,0.4334,0.4497,0.4334,0.4446,0.4446,86758000
2008-08-29,0.4449,0.4491,0.4364,0.4406,0.4406,43337000
2008-09-02,0.4453,0.4571,0.4361,0.4406,0.4406,89383000
2008-09-03,0.4440,0.4530,0.4380,0.4416,0.4416,54096000
2008-09-04,0.4377,0.4471,0.4236,0.4267,0.4267,131950000
2008-09-05,0.4206,0.4261,0.4076,0.4237,0.4237,109235000
2008-09-08,0.4310,0.4401,0.4227,0.4307,0.4307,111426000
2008-09-09,0.4297,0.4343,0.4104,0.4106,0.4106,93156000
2008-09-10,0.4146,0.4164,0.4063,0.4107,0.4107,87696000
2008-09-11,0.4026,0.4144,0.3940,0.4119,0.4119,83713000
2008-09-12,0.4047,0.4243,0.4046,0.4207,0.4207,73815000
2008-09-15,0.4169,0.4311,0.3997,0.4016,0.4016,65940000
2008-09-16,0.3963,0.4107,0.3924,0.4066,0.4066,108017000
2008-09-17,0.4046,0.4257,0.4000,0.4123,0.4123,114478000
2008-09-18,0.4080,0.4454,0.4080,0.4434,0.4434,182168000
2008-09-19,0.4571,0.4853,0.4411,0.4563,0.4563,149590000
2008-09-22,0.4486,0.4600,0.4440,0.4530,0.4530,69720000
2008-09-23,0.4549,0.4643,0.4473,0.4504,0.4504,58408000
2008-09-24,0.4501,0.4631,0.4364,0.4539,0.4539,59101000
2008-09-25,0.4556,0.4729,0.4473,0.4710,0.4710,62167000
2008-09-26,0.4609,0.4706,0.4501,0.4696,0.4696,39144000
2008-09-29,0.4617,0.4701,0.4443,0.4514,0.4514,80290000
2008-09-30,0.4574,0.4641,0.4254,0.4411,0.4411,107002000
2008-10-01,0.4333,0.4381,0.4226,0.4291,0.4291,65016000
2008-10-02,0.4257,0.4286,0.4044,0.4186,0.4186,52332000
2008-10-03,0.4173,0.4429,0.4100,0.4139,0.4139,50134000
2008-10-06,0.3714,0.3830,0.3599,0.3784,0.3784,280882000
2008-10-07,0.3831,0.3839,0.3121,0.3187,0.3187,124859000
2008-10-08,0.3133,0.3394,0.3071,0.3249,0.3249,138950000
2008-10-09,0.3250,0.3443,0.3243,0.3277,0.3277,125216000
2008-10-10,0.3187,0.3550,0.3089,0.3470,0.3470,95655000
2008-10-13,0.3609,0.3743,0.3556,0.3629,0.3629,83419000
2008-10-14,0.3751,0.3763,0.3380,0.3434,0.3434,96313000
2008-10-15,0.3413,0.3454,0.3216,0.3216,0.3216,53284000
2008-10-16,0.3274,0.3373,0.3099,0.3350,0.3350,96047000
2008-10-17,0.3237,0.3481,0.3213,0.3329,0.3329,66045000
2008-10-20,0.3434,0.3527,0.3209,0.3400,0.3400,91049000
2008-10-21,0.3357,0.3357,0.2960,0.2979,0.2979,149009000
2008-10-22,0.2966,0.3040,0.2863,0.2957,0.2957,124544000
2008-10-23,0.2894,0.3021,0.2869,0.2970,0.2970,115507000
2008-10-24,0.2859,0.2891,0.2694,0.2707,0.2707,120547000
2008-10-27,0.2713,0.2817,0.2557,0.2563,0.2563,103362000
2008-10-28,0.2620,0.2941,0.2579,0.2939,0.2939,147973000
2008-10-29,0.2910,0.3286,0.2857,0.3109,0.3109,102683000
2008-10-30,0.3279,0.3329,0.3127,0.3254,0.3254,84994000
2008-10-31,0.3264,0.3639,0.3199,0.3537,0.3537,106736000
2008-11-03,0.3503,0.3544,0.3299,0.3337,0.3337,94605000
2008-11-04,0.3386,0.3477,0.3286,0.3433,0.3433,54306000
2008-11-05,0.3429,0.3443,0.3274,0.3284,0.3284,58296000
2008-11-06,0.3213,0.3271,0.3054,0.3069,0.3069,67396000
2008-11-07,0.3079,0.3176,0.3037,0.3123,0.3123,54908000
2008-11-10,0.3171,0.3240,0.3027,0.3076,0.3076,30457000
2008-11-11,0.3063,0.3239,0.2976,0.3146,0.3146,44653000
2008-11-12,0.3106,0.3137,0.2943,0.2957,0.2957,43505000
2008-11-13,0.2934,0.3499,0.2934,0.3480,0.3480,135114000
2008-11-14,0.3416,0.3446,0.3140,0.3147,0.3147,90552000
2008-11-17,0.3156,0.3157,0.3004,0.3036,0.3036,71757000
2008-11-18,0.3061,0.3143,0.2943,0.3064,0.3064,67123000
2008-11-19,0.3070,0.3156,0.2931,0.2936,0.2936,71981000
2008-11-20,0.2893,0.2933,0.2657,0.2674,0.2674,120064000
2008-11-21,0.2714,0.2866,0.2604,0.2856,0.2856,113106000
2008-11-24,0.2873,0.3241,0.2846,0.3173,0.3173,138103000
2008-11-25,0.3143,0.3173,0.2940,0.3090,0.3090,72142000
2008-11-26,0.3043,0.3307,0.3043,0.3267,0.3267,80192000
2008-11-28,0.3190,0.3289,0.3160,0.3283,0.3283,27811000
2008-12-01,0.3171,0.3257,0.3113,0.3149,0.3149,70546000
2008-12-02,0.3199,0.3369,0.3154,0.3316,0.3316,68838000
2008-12-03,0.3231,0.3421,0.3219,0.3401,0.3401,61894000
2008-12-04,0.3284,0.3493,0.3236,0.3310,0.3310,67270000
2008-12-05,0.3293,0.3631,0.3226,0.3610,0.3610,90881000
2008-12-08,0.3571,0.3679,0.3509,0.3644,0.3644,97636000
2008-12-09,0.3599,0.4153,0.3573,0.4013,0.4013,178948000
2008-12-10,0.4041,0.4137,0.3961,0.4069,0.4069,89796000
2008-12-11,0.3979,0.4157,0.3906,0.4020,0.4020,125699000
2008-12-12,0.4049,0.4109,0.3890,0.4073,0.4073,54719000
2008-12-15,0.3929,0.4120,0.3929,0.4070,0.4070,48216000
2008-12-16,0.4143,0.4250,0.4031,0.4093,0.4093,98168000
2008-12-17,0.4077,0.4156,0.3987,0.4113,0.4113,60046000
2008-12-18,0.4086,0.4130,0.3964,0.4034,0.4034,53662000
2008-12-19,0.4111,0.4143,0.3903,0.3956,0.3956,154714000
2008-12-22,0.4039,0.4043,0.3860,0.3989,0.3989,82971000
2008-12-23,0.3993,0.4029,0.3831,0.3879,0.3879,60053000
2008-12-24,0.3869,0.3947,0.3859,0.3916,0.3916,21504000
2008-12-26,0.3876,0.4069,0.3857,0.4066,0.4066,24577000
2008-12-29,0.4106,0.4287,0.3929,0.3990,0.3990,86695000
2008-12-30,0.4039,0.4106,0.3987,0.4094,0.4094,33138000
2008-12-31,0.4109,0.4337,0.4079,0.4270,0.4270,62006000
2009-01-02,0.4217,0.4357,0.4200,0.4267,0.4267,66052000
2009-01-05,0.4327,0.4563,0.4303,0.4563,0.4563,130445000
2009-01-06,0.4591,0.4750,0.4590,0.4706,0.4706,120659000
2009-01-07,0.4716,0.4734,0.4571,0.4673,0.4673,101339000
2009-01-08,0.4619,0.4797,0.4486,0.4736,0.4736,81753000
2009-01-09,0.4770,0.4770,0.4594,0.4609,0.4609,56861000
2009-01-12,0.4601,0.4646,0.4429,0.4459,0.4459,65247000
2009-01-13,0.4433,0.4530,0.4321,0.4420,0.4420,78232000
2009-01-14,0.4363,0.4419,0.4111,0.4220,0.4220,90454000
2009-01-15,0.4183,0.4619,0.4124,0.4517,0.4517,74081000
2009-01-16,0.4561,0.4561,0.4321,0.4466,0.4466,66556000
2009-01-20,0.4429,0.4487,0.4237,0.4261,0.4261,56063000
2009-01-21,0.4326,0.4413,0.4189,0.4384,0.4384,80640000
2009-01-22,0.4264,0.4471,0.4209,0.4406,0.4406,71729000
2009-01-23,0.4331,0.4426,0.4296,0.4349,0.4349,94346000
2009-01-26,0.4343,0.4457,0.4159,0.4307,0.4307,156597000
2009-01-27,0.4720,0.5050,0.4703,0.4974,0.4974,601594000
2009-01-28,0.4999,0.5174,0.4987,0.5166,0.5166,183974000
2009-01-29,0.5057,0.5414,0.5037,0.5269,0.5269,242746000
2009-01-30,0.5136,0.5253,0.5046,0.5163,0.5163,187369000
2009-02-02,0.5080,0.5371,0.5080,0.5279,0.5279,154371000
2009-02-03,0.5270,0.5319,0.5143,0.5249,0.5249,171752000
2009-02-04,0.5286,0.5421,0.5173,0.5264,0.5264,145474000
2009-02-05,0.5086,0.5359,0.5086,0.5353,0.5353,142485000
2009-02-06,0.5260,0.5301,0.5103,0.5286,0.5286,211456000
2009-02-09,0.5263,0.5286,0.5131,0.5277,0.5277,109914000
2009-02-10,0.5230,0.5357,0.5150,0.5167,0.5167,163842000
2009-02-11,0.5144,0.5211,0.4973,0.5167,0.5167,133021000
2009-02-12,0.5243,0.5429,0.5227,0.5419,0.5419,205114000
2009-02-13,0.5429,0.5547,0.5379,0.5506,0.5506,200088000
2009-02-17,0.5430,0.5491,0.5281,0.5317,0.5317,151984000
2009-02-18,0.5341,0.5376,0.5186,0.5286,0.5286,132083000
2009-02-19,0.5237,0.5480,0.5237,0.5299,0.5299,148974000
2009-02-20,0.5233,0.5396,0.5223,0.5257,0.5257,114107000
2009-02-23,0.5266,0.5274,0.5054,0.5083,0.5083,144235000
2009-02-24,0.5089,0.5190,0.5057,0.5151,0.5151,142443000
2009-02-25,0.5227,0.5307,0.5054,0.5113,0.5113,158879000
2009-02-26,0.5073,0.5250,0.4986,0.5111,0.5111,107667000
2009-02-27,0.5111,0.5257,0.5036,0.5177,0.5177,89957000
2009-03-02,0.5057,0.5141,0.4859,0.4907,0.4907,158851000
2009-03-03,0.4899,0.5589,0.4873,0.5194,0.5194,517405000
2009-03-04,0.5297,0.5459,0.5156,0.5387,0.5387,144900000
2009-03-05,0.5246,0.5520,0.5240,0.5414,0.5414,113351000
2009-03-06,0.5497,0.5543,0.5273,0.5454,0.5454,87297000
2009-03-09,0.5459,0.5696,0.5434,0.5500,0.5500,118489000
2009-03-10,0.5601,0.5684,0.5457,0.5500,0.5500,163373000
2009-03-11,0.5513,0.5550,0.5286,0.5356,0.5356,110306000
2009-03-12,0.5259,0.5714,0.5214,0.5709,0.5709,140805000
2009-03-13,0.5704,0.5714,0.5540,0.5624,0.5624,95396000
2009-03-16,0.5669,0.5764,0.5511,0.5523,0.5523,120239000
2009-03-17,0.5536,0.5827,0.5444,0.5827,0.5827,119035000
2009-03-18,0.5814,0.6064,0.5736,0.5946,0.5946,163555000
2009-03-19,0.6064,0.6064,0.5891,0.5930,0.5930,121156000
2009-03-20,0.5973,0.6037,0.5820,0.5950,0.5950,131173000
2009-03-23,0.5950,0.6200,0.5800,0.6200,0.6200,146398000
2009-03-24,0.6146,0.6346,0.6136,0.6203,0.6203,122052000
2009-03-25,0.6176,0.6257,0.5771,0.5937,0.5937,186865000
2009-03-26,0.5959,0.6054,0.5913,0.5964,0.5964,144599000
2009-03-27,0.5891,0.5891,0.5630,0.5669,0.5669,110355000
2009-03-30,0.5644,0.6049,0.5579,0.6004,0.6004,193963000
2009-03-31,0.6030,0.6281,0.5953,0.6131,0.6131,127183000
2009-04-01,0.6111,0.6283,0.6017,0.6124,0.6124,104279000
2009-04-02,0.6253,0.6276,0.6141,0.6161,0.6161,110488000
2009-04-03,0.6153,0.6264,0.6081,0.6153,0.6153,72058000
2009-04-06,0.6141,0.6377,0.6100,0.6357,0.6357,125069000
2009-04-07,0.6350,0.6414,0.6227,0.6243,0.6243,82166000
2009-04-08,0.6301,0.6381,0.6274,0.6326,0.6326,65765000
2009-04-09,0.6363,0.6713,0.6314,0.6707,0.6707,138110000
2009-04-13,0.6707,0.7177,0.6629,0.7060,0.7060,266532000
2009-04-14,0.6947,0.6971,0.6780,0.6829,0.6829,169575000
2009-04-15,0.6757,0.6809,0.6517,0.6656,0.6656,109130000
2009-04-16,0.6679,0.6949,0.6613,0.6896,0.6896,98252000
2009-04-17,0.6871,0.7016,0.6787,0.6976,0.6976,89859000
2009-04-20,0.6969,0.7101,0.6846,0.7087,0.7087,106505000
2009-04-21,0.7063,0.7070,0.6397,0.6657,0.6657,245630000
2009-04-22,0.6583,0.6831,0.6476,0.6554,0.6554,126854000
2009-04-23,0.6540,0.6569,0.6216,0.6474,0.6474,245763000
2009-04-24,0.6219,0.6263,0.6011,0.6104,0.6104,300825000
2009-04-27,0.6277,0.6686,0.6231,0.6624,0.6624,293447000
2009-04-28,0.6537,0.6804,0.6429,0.6597,0.6597,165459000
2009-04-29,0.6500,0.6571,0.6421,0.6461,0.6461,178927000
2009-04-30,0.6474,0.6707,0.6451,0.6473,0.6473,122472000
2009-05-01,0.6464,0.6486,0.6319,0.6354,0.6354,73283000
2009-05-04,0.6360,0.6547,0.6307,0.6420,0.6420,79366000
2009-05-05,0.6419,0.6499,0.6357,0.6444,0.6444,70077000
2009-05-06,0.6449,0.6496,0.5964,0.6141,0.6141,163520000
2009-05-07,0.6077,0.6186,0.5526,0.5710,0.5710,251734000
2009-05-08,0.5717,0.5800,0.5399,0.5746,0.5746,249130000
2009-05-11,0.5649,0.5714,0.5454,0.5657,0.5657,129906000
2009-05-12,0.5664,0.5806,0.5543,0.5761,0.5761,130676000
2009-05-13,0.5714,0.5714,0.5263,0.5379,0.5379,204596000
2009-05-14,0.5346,0.5363,0.5179,0.5297,0.5297,142555000
2009-05-15,0.5379,0.5626,0.5219,0.5500,0.5500,165760000
2009-05-18,0.5570,0.5629,0.5430,0.5539,0.5539,120981000
2009-05-19,0.5589,0.5756,0.5550,0.5661,0.5661,138299000
2009-05-20,0.5744,0.5971,0.5714,0.5750,0.5750,157927000
2009-05-21,0.5714,0.5806,0.5506,0.5587,0.5587,99645000
2009-05-22,0.5650,0.5694,0.5514,0.5543,0.5543,42616000
2009-05-26,0.5514,0.5773,0.5500,0.5727,0.5727,81361000
2009-05-27,0.5721,0.5771,0.5551,0.5561,0.5561,92946000
2009-05-28,0.5531,0.5610,0.5383,0.5506,0.5506,80864000
2009-05-29,0.5540,0.5656,0.5436,0.5631,0.5631,136920000
2009-06-01,0.5713,0.5886,0.5676,0.5849,0.5849,97181000
2009-06-02,0.5834,0.5986,0.5730,0.5881,0.5881,95781000
2009-06-03,0.5840,0.5890,0.5691,0.5786,0.5786,74123000
2009-06-04,0.5764,0.5849,0.5643,0.5816,0.5816,94556000
2009-06-05,0.5757,0.5761,0.5521,0.5599,0.5599,102326000
2009-06-08,0.5550,0.5600,0.5433,0.5544,0.5544,84210000
2009-06-09,0.5610,0.5661,0.5560,0.5573,0.5573,80101000
2009-06-10,0.5653,0.5656,0.5373,0.5409,0.5409,139496000
2009-06-11,0.5400,0.5550,0.5349,0.5391,0.5391,85652000
2009-06-12,0.5361,0.5424,0.5293,0.5406,0.5406,74984000
2009-06-15,0.5351,0.5506,0.5293,0.5451,0.5451,140798000
2009-06-16,0.5474,0.5504,0.5359,0.5404,0.5404,119700000
2009-06-17,0.5643,0.5870,0.5589,0.5771,0.5771,215341000
2009-06-18,0.5857,0.5940,0.5743,0.5901,0.5901,123732000
2009-06-19,0.5919,0.6116,0.5917,0.5941,0.5941,159152000
2009-06-22,0.5907,0.5907,0.5650,0.5793,0.5793,123564000
2009-06-23,0.5714,0.5743,0.5574,0.5653,0.5653,79688000
2009-06-24,0.5683,0.5746,0.5620,0.5656,0.5656,83510000
2009-06-25,0.5627,0.5883,0.5591,0.5873,0.5873,90972000
2009-06-26,0.5903,0.6097,0.5764,0.5767,0.5767,484610000
2009-06-29,0.5797,0.5970,0.5743,0.5886,0.5886,86282000
2009-06-30,0.5927,0.5969,0.5701,0.5906,0.5906,113918000
2009-07-01,0.5940,0.6067,0.5780,0.5803,0.5803,86135000
2009-07-02,0.5846,0.5857,0.5673,0.5703,0.5703,70308000
2009-07-06,0.5641,0.5767,0.5594,0.5683,0.5683,79121000
2009-07-07,0.5679,0.5750,0.5526,0.5543,0.5543,72163000
2009-07-08,0.5521,0.5553,0.5419,0.5529,0.5529,76174000
2009-07-09,0.5616,0.5734,0.5589,0.5707,0.5707,120841000
2009-07-10,0.5626,0.5767,0.5626,0.5724,0.5724,52549000
2009-07-13,0.5714,0.6153,0.5694,0.6027,0.6027,296905000
2009-07-14,0.6061,0.6221,0.5971,0.6186,0.6186,139678000
2009-07-15,0.6259,0.6346,0.6187,0.6344,0.6344,94248000
2009-07-16,0.6257,0.6324,0.6161,0.6304,0.6304,86219000
2009-07-17,0.6303,0.6376,0.6249,0.6306,0.6306,83062000
2009-07-20,0.6359,0.6426,0.6233,0.6403,0.6403,96810000
2009-07-21,0.6404,0.6427,0.6191,0.6397,0.6397,91287000
2009-07-22,0.6379,0.6547,0.6359,0.6469,0.6469,98336000
2009-07-23,0.6547,0.6813,0.6507,0.6637,0.6637,200606000
2009-07-24,0.6321,0.6367,0.5984,0.6029,0.6029,357196000
2009-07-27,0.6016,0.6040,0.5846,0.5957,0.5957,155043000
2009-07-28,0.5841,0.6067,0.5821,0.6049,0.6049,116823000
2009-07-29,0.6014,0.6174,0.6000,0.6100,0.6100,85869000
2009-07-30,0.6081,0.6304,0.6077,0.6230,0.6230,102263000
2009-07-31,0.6194,0.6349,0.6193,0.6277,0.6277,76300000
2009-08-03,0.6336,0.6424,0.6259,0.6424,0.6424,84441000
2009-08-04,0.6400,0.6414,0.6236,0.6311,0.6311,85183000
2009-08-05,0.6339,0.6357,0.6246,0.6330,0.6330,64197000
2009-08-06,0.6286,0.6356,0.6200,0.6214,0.6214,77161000
2009-08-07,0.6329,0.6457,0.6259,0.6429,0.6429,91812000
2009-08-10,0.6411,0.6561,0.6366,0.6543,0.6543,75418000
2009-08-11,0.6550,0.6617,0.6514,0.6584,0.6584,58961000
2009-08-12,0.6586,0.6657,0.6484,0.6611,0.6611,61572000
2009-08-13,0.6574,0.6667,0.6446,0.6611,0.6611,52633000
2009-08-14,0.6584,0.6594,0.6311,0.6356,0.6356,79275000
2009-08-17,0.6256,0.6256,0.6073,0.6159,0.6159,62720000
2009-08-18,0.6154,0.6234,0.6124,0.6221,0.6221,42784000
2009-08-19,0.6257,0.6536,0.6246,0.6410,0.6410,97804000
2009-08-20,0.6381,0.6514,0.6373,0.6426,0.6426,68369000
2009-08-21,0.6487,0.6514,0.6421,0.6443,0.6443,85260000
2009-08-24,0.6474,0.6550,0.6329,0.6331,0.6331,79009000
2009-08-25,0.6403,0.6414,0.6320,0.6351,0.6351,71687000
2009-08-26,0.6331,0.6394,0.6254,0.6281,0.6281,56805000
2009-08-27,0.6241,0.6293,0.6124,0.6250,0.6250,96866000
2009-08-28,0.6361,0.6413,0.6291,0.6317,0.6317,72051000
2009-08-31,0.6306,0.6376,0.6174,0.6233,0.6233,56784000
2009-09-01,0.6170,0.6341,0.5953,0.6021,0.6021,109550000
2009-09-02,0.5956,0.6060,0.5949,0.5969,0.5969,64981000
2009-09-03,0.5901,0.5929,0.5610,0.5756,0.5756,194943000
2009-09-04,0.5726,0.5877,0.5714,0.5850,0.5850,85421000
2009-09-08,0.5900,0.5976,0.5829,0.5926,0.5926,73080000
2009-09-09,0.5914,0.6281,0.5914,0.6176,0.6176,177471000
2009-09-10,0.6144,0.6393,0.6144,0.6214,0.6214,104041000
2009-09-11,0.6251,0.6264,0.6066,0.6094,0.6094,67977000
2009-09-14,0.6079,0.6193,0.5983,0.6183,0.6183,56567000
2009-09-15,0.6280,0.6429,0.6171,0.6424,0.6424,102935000
2009-09-16,0.6470,0.6714,0.6464,0.6686,0.6686,126532000
2009-09-17,0.6616,0.6721,0.6580,0.6634,0.6634,65331000
2009-09-18,0.6586,0.6780,0.6534,0.6771,0.6771,123186000
2009-09-21,0.6667,0.6841,0.6654,0.6786,0.6786,81753000
2009-09-22,0.6843,0.6886,0.6760,0.6819,0.6819,63868000
2009-09-23,0.6850,0.6856,0.6686,0.6693,0.6693,50799000
2009-09-24,0.6736,0.6736,0.6597,0.6660,0.6660,37338000
2009-09-25,0.6614,0.6706,0.6571,0.6609,0.6609,43085000
2009-09-28,0.6591,0.6699,0.6503,0.6567,0.6567,90125000
2009-09-29,0.6574,0.6744,0.6529,0.6609,0.6609,97398000
2009-09-30,0.6687,0.6731,0.6499,0.6596,0.6596,67144000
2009-10-01,0.6536,0.6561,0.6331,0.6374,0.6374,84798000
2009-10-02,0.6363,0.6547,0.6329,0.6389,0.6389,57736000
2009-10-05,0.6429,0.6534,0.6394,0.6489,0.6489,80500000
2009-10-06,0.6496,0.6607,0.6494,0.6596,0.6596,63049000
2009-10-07,0.6574,0.6660,0.6551,0.6607,0.6607,39046000
2009-10-08,0.6590,0.6703,0.6550,0.6577,0.6577,67473000
2009-10-09,0.6620,0.6703,0.6589,0.6701,0.6701,48104000
2009-10-12,0.6711,0.6826,0.6566,0.6580,0.6580,73906000
2009-10-13,0.6580,0.6709,0.6563,0.6641,0.6641,45143000
2009-10-14,0.6703,0.6870,0.6651,0.6867,0.6867,76552000
2009-10-15,0.6754,0.7276,0.6754,0.7193,0.7193,185206000
2009-10-16,0.7080,0.7121,0.6861,0.6999,0.6999,82691000
2009-10-19,0.7121,0.7204,0.7010,0.7114,0.7114,55804000
2009-10-20,0.7227,0.7249,0.6970,0.6994,0.6994,77560000
2009-10-21,0.7006,0.7070,0.6826,0.6836,0.6836,68474000
2009-10-22,0.6867,0.7103,0.6794,0.7090,0.7090,88074000
2009-10-23,0.7116,0.8214,0.7104,0.7841,0.7841,507878000
2009-10-26,0.7966,0.8107,0.7860,0.7881,0.7881,113162000
2009-10-27,0.7890,0.7919,0.7729,0.7749,0.7749,92589000
2009-10-28,0.7827,0.7906,0.7574,0.7649,0.7649,110950000
2009-10-29,0.7670,0.7907,0.7571,0.7903,0.7903,98525000
2009-10-30,0.7859,0.7999,0.7620,0.7636,0.7636,93877000
2009-11-02,0.7597,0.7769,0.7514,0.7686,0.7686,58786000
2009-11-03,0.7596,0.7757,0.7516,0.7679,0.7679,107380000
2009-11-04,0.7727,0.7857,0.7714,0.7737,0.7737,77280000
2009-11-05,0.7706,0.8119,0.7656,0.8056,0.8056,134127000
2009-11-06,0.7851,0.8003,0.7714,0.7980,0.7980,120050000
2009-11-09,0.7949,0.8210,0.7929,0.8171,0.8171,85351000
2009-11-10,0.8130,0.8483,0.8110,0.8343,0.8343,131880000
2009-11-11,0.8444,0.8556,0.8349,0.8491,0.8491,104720000
2009-11-12,0.8493,0.8549,0.8293,0.8313,0.8313,51870000
2009-11-13,0.8321,0.8486,0.8219,0.8476,0.8476,54775000
2009-11-16,0.8509,0.8626,0.8460,0.8494,0.8494,80262000
2009-11-17,0.8519,0.8713,0.8430,0.8679,0.8679,97167000
2009-11-18,0.8687,0.8807,0.8606,0.8733,0.8733,65912000
2009-11-19,0.8671,0.8710,0.8563,0.8609,0.8609,40404000
2009-11-20,0.8519,0.8584,0.8331,0.8567,0.8567,77896000
2009-11-23,0.8643,0.8711,0.8580,0.8626,0.8626,48531000
2009-11-24,0.8346,0.8626,0.8300,0.8524,0.8524,104006000
2009-11-25,0.8524,0.8551,0.8400,0.8460,0.8460,76139000
2009-11-27,0.8187,0.8360,0.7816,0.8264,0.8264,57547000
2009-11-30,0.8279,0.8403,0.8130,0.8376,0.8376,90748000
2009-12-01,0.8216,0.8396,0.8101,0.8319,0.8319,138236000
2009-12-02,0.8337,0.8543,0.8294,0.8429,0.8429,90937000
2009-12-03,0.8441,0.8499,0.8247,0.8284,0.8284,85344000
2009-12-04,0.8301,0.8349,0.7871,0.8033,0.8033,116018000
2009-12-07,0.8140,0.8140,0.7929,0.7987,0.7987,93926000
2009-12-08,0.7924,0.8017,0.7823,0.7989,0.7989,77777000
2009-12-09,0.8010,0.8034,0.7844,0.7994,0.7994,51464000
2009-12-10,0.7951,0.8164,0.7951,0.8106,0.8106,59136000
2009-12-11,0.8119,0.8143,0.7914,0.7957,0.7957,50785000
2009-12-14,0.8056,0.8074,0.7930,0.8059,0.8059,48188000
2009-12-15,0.8023,0.8214,0.7986,0.8131,0.8131,55818000
2009-12-16,0.8101,0.8131,0.7813,0.7869,0.7869,170072000
2009-12-17,0.7794,0.7831,0.7671,0.7676,0.7676,100912000
2009-12-18,0.7701,0.7711,0.7571,0.7610,0.7610,104419000
2009-12-21,0.7604,0.7747,0.7579,0.7709,0.7709,68551000
2009-12-22,0.7714,0.7886,0.7630,0.7659,0.7659,117292000
2009-12-23,0.7736,0.8133,0.7731,0.8121,0.8121,104524000
2009-12-24,0.8136,0.8241,0.8076,0.8127,0.8127,30352000
2009-12-28,0.8103,0.8286,0.8103,0.8191,0.8191,60060000
2009-12-29,0.8260,0.8284,0.8134,0.8140,0.8140,48391000
2009-12-30,0.8144,0.8144,0.7893,0.7947,0.7947,46375000
2009-12-31,0.7947,0.8011,0.7864,0.7870,0.7870,52913000
2010-01-04,0.7931,0.7961,0.7566,0.7640,0.7640,172396000
2010-01-05,0.7653,0.7657,0.7259,0.7359,0.7359,237531000
2010-01-06,0.7361,0.7673,0.7197,0.7617,0.7617,232904000
2010-01-07,0.7731,0.7757,0.7463,0.7486,0.7486,99554000
2010-01-08,0.7499,0.7743,0.7466,0.7614,0.7614,81809000
2010-01-11,0.7660,0.7704,0.7529,0.7604,0.7604,67837000
2010-01-12,0.7529,0.7583,0.7451,0.7481,0.7481,63301000
2010-01-13,0.7613,0.7754,0.7559,0.7709,0.7709,144221000
2010-01-14,0.7519,0.7576,0.7270,0.7284,0.7284,176855000
2010-01-15,0.7246,0.7407,0.7233,0.7279,0.7279,130312000
2010-01-19,0.7250,0.7383,0.7243,0.7314,0.7314,53025000
2010-01-20,0.7266,0.7493,0.7221,0.7320,0.7320,96852000
2010-01-21,0.7217,0.7454,0.7214,0.7313,0.7313,86149000
2010-01-22,0.7297,0.7484,0.7214,0.7270,0.7270,93954000
2010-01-25,0.7293,0.7357,0.6931,0.7019,0.7019,137914000
2010-01-26,0.6960,0.7179,0.6937,0.7136,0.7136,113435000
2010-01-27,0.7143,0.7311,0.6993,0.7281,0.7281,233471000
2010-01-28,0.8813,0.9121,0.8676,0.9006,0.9006,773528000
2010-01-29,0.8963,0.9224,0.8793,0.8893,0.8893,246043000
2010-02-01,0.8830,0.8981,0.8533,0.8719,0.8719,189140000
2010-02-02,0.8707,0.8879,0.8696,0.8836,0.8836,102424000
2010-02-03,0.8836,0.8983,0.8761,0.8850,0.8850,87612000
2010-02-04,0.8764,0.8893,0.8590,0.8620,0.8620,110264000
2010-02-05,0.8596,0.8716,0.8469,0.8691,0.8691,110992000
2010-02-08,0.8706,0.8816,0.8571,0.8700,0.8700,93464000
2010-02-09,0.8723,0.8880,0.8710,0.8876,0.8876,88116000
2010-02-10,0.8873,0.8919,0.8720,0.8784,0.8784,58079000
2010-02-11,0.8744,0.9070,0.8729,0.9051,0.9051,72037000
2010-02-12,0.9000,0.9026,0.8869,0.9026,0.9026,84084000
2010-02-16,0.9089,0.9287,0.9071,0.9266,0.9266,99225000
2010-02-17,0.9256,0.9256,0.9061,0.9216,0.9216,81340000
2010-02-18,0.9130,0.9467,0.9127,0.9443,0.9443,88060000
2010-02-19,0.9407,0.9581,0.9361,0.9521,0.9521,88130000
2010-02-22,0.9577,0.9614,0.9116,0.9324,0.9324,352982000
2010-02-23,0.9266,0.9321,0.9167,0.9193,0.9193,130494000
2010-02-24,0.9244,0.9340,0.9166,0.9241,0.9241,120057000
2010-02-25,0.9141,0.9374,0.9014,0.9373,0.9373,107177000
2010-02-26,0.9380,0.9547,0.9329,0.9436,0.9436,86205000
2010-03-01,0.9431,0.9964,0.9431,0.9957,0.9957,128667000
2010-03-02,0.9999,1.0000,0.9831,0.9854,0.9854,119567000
2010-03-03,0.9447,0.9770,0.9374,0.9650,0.9650,220493000
2010-03-04,0.9600,0.9796,0.9591,0.9716,0.9716,70630000
2010-03-05,0.9750,0.9814,0.9576,0.9664,0.9664,91175000
2010-03-08,0.9713,0.9823,0.9689,0.9811,0.9811,60641000
2010-03-09,0.9743,1.0193,0.9736,0.9991,0.9991,141799000
2010-03-10,1.0039,1.0221,1.0010,1.0183,1.0183,77448000
2010-03-11,1.0157,1.0227,1.0061,1.0170,1.0170,84574000
2010-03-12,1.0021,1.0071,0.9903,0.9997,0.9997,93695000
2010-03-15,0.9997,0.9997,0.9880,0.9943,0.9943,70126000
2010-03-16,0.9936,1.0121,0.9936,1.0090,1.0090,84980000
2010-03-17,1.0129,1.0249,1.0057,1.0131,1.0131,43904000
2010-03-18,1.0101,1.0161,1.0063,1.0077,1.0077,35931000
2010-03-19,1.0100,1.0129,1.0010,1.0064,1.0064,99057000
2010-03-22,1.0050,1.0429,1.0007,1.0413,1.0413,72163000
2010-03-23,1.0429,1.0499,1.0290,1.0423,1.0423,49791000
2010-03-24,1.0419,1.0453,1.0321,1.0339,1.0339,33999000
2010-03-25,1.0383,1.0714,1.0366,1.0506,1.0506,83496000
2010-03-26,1.0504,1.0701,1.0477,1.0614,1.0614,54278000
2010-03-29,1.0700,1.0714,1.0521,1.0557,1.0557,56021000
2010-03-30,1.0700,1.0807,1.0633,1.0723,1.0723,76622000
2010-03-31,1.0614,1.0723,1.0531,1.0534,1.0534,57148000
2010-04-01,1.0517,1.0814,1.0517,1.0714,1.0714,135772000
2010-04-05,1.0797,1.1437,1.0796,1.1427,1.1427,166635000
2010-04-06,1.1489,1.1996,1.1406,1.1910,1.1910,274225000
2010-04-07,1.1727,1.1767,1.1314,1.1390,1.1390,252147000
2010-04-08,1.1324,1.1714,1.1324,1.1690,1.1690,139125000
2010-04-09,1.1584,1.1786,1.1490,1.1774,1.1774,115633000
2010-04-12,1.1757,1.1893,1.1650,1.1883,1.1883,94304000
2010-04-13,1.1897,1.2379,1.1857,1.2340,1.2340,174244000
2010-04-14,1.2423,1.2729,1.2260,1.2510,1.2510,180565000
2010-04-15,1.2464,1.2553,1.2214,1.2404,1.2404,119994000
2010-04-16,1.2351,1.2414,1.2026,1.2187,1.2187,109718000
2010-04-19,1.2179,1.2371,1.1824,1.2114,1.2114,134708000
2010-04-20,1.2154,1.2489,1.2123,1.2439,1.2439,124145000
2010-04-21,1.2636,1.2714,1.2199,1.2426,1.2426,243117000
2010-04-22,1.3000,1.4641,1.2950,1.4321,1.4321,904421000
2010-04-23,1.4287,1.4366,1.3766,1.4247,1.4247,298179000
2010-04-26,1.4349,1.5671,1.4349,1.5453,1.5453,472150000
2010-04-27,1.5010,1.5151,1.4519,1.4581,1.4581,342636000
2010-04-28,1.4504,1.4680,1.3971,1.4199,1.4199,227703000
2010-04-29,1.4401,1.4850,1.4194,1.4739,1.4739,180782000
2010-04-30,1.4836,1.4839,1.4083,1.4129,1.4129,130592000
2010-05-03,1.4280,1.4830,1.4143,1.4570,1.4570,139741000
2010-05-04,1.4289,1.4413,1.3979,1.4194,1.4194,153839000
2010-05-05,1.3930,1.4527,1.3744,1.4033,1.4033,147497000
2010-05-06,1.3871,1.4427,1.2857,1.3853,1.3853,244489000
2010-05-07,1.3857,1.4286,1.2919,1.3013,1.3013,259084000
2010-05-10,1.3747,1.3994,1.3573,1.3929,1.3929,185675000
2010-05-11,1.3664,1.4593,1.3654,1.4260,1.4260,231007000
2010-05-12,1.4527,1.5416,1.4490,1.5404,1.5404,272447000
2010-05-13,1.5493,1.7071,1.5316,1.5716,1.5716,715498000
2010-05-14,1.5071,1.5139,1.4290,1.4366,1.4366,349643000
2010-05-17,1.4496,1.5291,1.4473,1.5193,1.5193,315777000
2010-05-18,1.5056,1.5390,1.4371,1.4573,1.4573,274981000
2010-05-19,1.4434,1.4927,1.3909,1.4373,1.4373,229271000
2010-05-20,1.3821,1.3996,1.3284,1.3570,1.3570,289226000
2010-05-21,1.3061,1.4284,1.2973,1.4210,1.4210,300090000
2010-05-24,1.4483,1.4909,1.4287,1.4517,1.4517,184331000
2010-05-25,1.3929,1.5000,1.3857,1.5000,1.5000,233625000
2010-05-26,1.5350,1.5547,1.4797,1.4971,1.4971,334019000
2010-05-27,1.5429,1.5570,1.5071,1.5551,1.5551,196266000
2010-05-28,1.5553,1.6277,1.5457,1.5879,1.5879,281883000
2010-06-01,1.5609,1.5883,1.5297,1.5327,1.5327,158949000
2010-06-02,1.5557,1.5866,1.4970,1.5826,1.5826,184940000
2010-06-03,1.5991,1.6381,1.5701,1.5979,1.5979,182616000
2010-06-04,1.5697,1.6386,1.5363,1.5683,1.5683,217441000
2010-06-07,1.5686,1.6177,1.5321,1.5594,1.5594,262157000
2010-06-08,1.5867,1.6071,1.5329,1.5761,1.5761,241227000
2010-06-09,1.6140,1.6839,1.6031,1.6490,1.6490,397313000
2010-06-10,1.6860,1.7126,1.6624,1.6951,1.6951,247681000
2010-06-11,1.6783,1.7364,1.6657,1.7241,1.7241,286937000
2010-06-14,1.7629,1.8280,1.7543,1.8116,1.8116,347830000
2010-06-15,1.7857,1.7884,1.7461,1.7643,1.7643,317107000
2010-06-16,1.7543,1.8000,1.7146,1.7810,1.7810,306397000
2010-06-17,1.7936,1.8257,1.7771,1.7980,1.7980,186109000
2010-06-18,1.7990,1.8157,1.7789,1.8060,1.8060,174461000
2010-06-21,1.8006,1.8100,1.6771,1.6999,1.6999,260785000
2010-06-22,1.7074,1.7200,1.6297,1.6633,1.6633,277333000
2010-06-23,1.6821,1.7000,1.6289,1.6824,1.6824,147329000
2010-06-24,1.6697,1.6837,1.6373,1.6464,1.6464,136367000
2010-06-25,1.6487,1.6946,1.6071,1.6854,1.6854,181293000
2010-06-28,1.6953,1.7126,1.6603,1.6801,1.6801,115535000
2010-06-29,1.6489,1.6547,1.6010,1.6083,1.6083,204295000
2010-06-30,1.5713,1.6184,1.5427,1.5521,1.5521,261044000
2010-07-01,1.5543,1.5780,1.4753,1.5666,1.5666,227598000
2010-07-02,1.5809,1.5920,1.5186,1.5297,1.5297,112182000
2010-07-06,1.5629,1.5916,1.5184,1.5324,1.5324,157738000
2010-07-07,1.5546,1.6929,1.5326,1.6927,1.6927,284837000
2010-07-08,1.7146,1.7536,1.6456,1.6711,1.6711,262829000
2010-07-09,1.6597,1.6834,1.6326,1.6790,1.6790,127260000
2010-07-12,1.6850,1.7214,1.6729,1.7054,1.7054,134106000
2010-07-13,1.7346,1.7387,1.6836,1.7274,1.7274,175812000
2010-07-14,1.7217,1.7714,1.7014,1.7571,1.7571,136437000
2010-07-15,1.7381,1.7464,1.7034,1.7301,1.7301,152957000
2010-07-16,1.7243,1.7283,1.6821,1.6913,1.6913,144732000
2010-07-19,1.6824,1.7161,1.6450,1.6986,1.6986,132391000
2010-07-20,1.6736,1.7271,1.6364,1.7199,1.7199,176239000
2010-07-21,1.7436,1.7657,1.6983,1.7093,1.7093,330554000
2010-07-22,1.5643,1.6067,1.4536,1.4794,1.4794,956179000
2010-07-23,1.4997,1.5536,1.4601,1.5386,1.5386,335076000
2010-07-26,1.5501,1.5570,1.4509,1.4684,1.4684,329595000
2010-07-27,1.5000,1.5066,1.4647,1.4870,1.4870,226996000
2010-07-28,1.4827,1.4909,1.4243,1.4330,1.4330,346269000
2010-07-29,1.4360,1.4450,1.3619,1.4003,1.4003,353927000
2010-07-30,1.4241,1.4740,1.4077,1.4650,1.4650,307048000
2010-08-02,1.4860,1.5000,1.4424,1.4554,1.4554,242956000
2010-08-03,1.4437,1.4961,1.4104,1.4916,1.4916,301392000
2010-08-04,1.4996,1.5500,1.4957,1.5447,1.5447,242431000
2010-08-05,1.5319,1.5814,1.5071,1.5790,1.5790,242963000
2010-08-06,1.5527,1.6964,1.5411,1.6903,1.6903,486934000
2010-08-09,1.6857,1.6993,1.6373,1.6700,1.6700,214200000
2010-08-10,1.6200,1.8069,1.6171,1.7859,1.7859,909874000
2010-08-11,1.7431,1.8346,1.7336,1.8067,1.8067,713503000
2010-08-12,1.7779,1.9114,1.7717,1.9007,1.9007,719593000
2010-08-13,1.8917,1.9196,1.8610,1.8894,1.8894,472248000
2010-08-16,1.8806,1.9700,1.8669,1.9603,1.9603,426685000
2010-08-17,1.9929,2.0129,1.8936,1.8996,1.8996,595189000
2010-08-18,1.8429,1.8593,1.7906,1.7957,1.7957,597254000
2010-08-19,1.7679,1.8539,1.7656,1.8320,1.8320,465759000
2010-08-20,1.8240,1.8680,1.8216,1.8566,1.8566,242214000
2010-08-23,1.8643,1.8926,1.8071,1.8129,1.8129,268716000
2010-08-24,1.7940,1.7950,1.7291,1.7326,1.7326,364784000
2010-08-25,1.7144,1.7837,1.7093,1.7750,1.7750,200536000
2010-08-26,1.7984,1.8244,1.7769,1.7977,1.7977,284991000
2010-08-27,1.8050,1.8226,1.7554,1.8014,1.8014,211344000
2010-08-30,1.7893,1.7957,1.7510,1.7586,1.7586,186431000
2010-08-31,1.7409,1.8136,1.7401,1.7931,1.7931,242193000
2010-09-01,1.8696,1.9464,1.8444,1.9273,1.9273,582680000
2010-09-02,1.9186,1.9797,1.8944,1.9714,1.9714,368004000
2010-09-03,2.0000,2.0357,1.9721,1.9783,1.9783,348005000
2010-09-07,1.9701,2.0421,1.9657,2.0256,2.0256,324002000
2010-09-08,2.0513,2.1106,2.0483,2.0857,2.0857,389802000
2010-09-09,2.1186,2.1391,2.0686,2.0811,2.0811,279594000
2010-09-10,2.0947,2.0981,2.0629,2.0880,2.0880,184751000
2010-09-13,2.1344,2.1421,2.1000,2.1134,2.1134,234073000
2010-09-14,2.1103,2.1270,2.0871,2.0950,2.0950,204141000
2010-09-15,2.0941,2.0941,2.0374,2.0446,2.0446,241164000
2010-09-16,2.0393,2.0500,2.0019,2.0071,2.0071,285313000
2010-09-17,2.0340,2.0350,2.0003,2.0066,2.0066,231910000
2010-09-20,2.0286,2.0571,2.0003,2.0413,2.0413,370090000
2010-09-21,2.0500,2.1229,2.0444,2.1029,2.1029,324604000
2010-09-22,2.1440,2.2424,2.1329,2.2419,2.2419,624449000
2010-09-23,2.2680,2.3389,2.2631,2.2924,2.2924,819910000
2010-09-24,2.3446,2.3874,2.3000,2.3173,2.3173,653310000
2010-09-27,2.2929,2.3737,2.2769,2.3570,2.3570,416969000
2010-09-28,2.3550,2.3570,2.2784,2.3123,2.3123,383026000
2010-09-29,2.2913,2.4393,2.2889,2.4376,2.4376,544845000
2010-09-30,2.4550,2.4914,2.3126,2.3166,2.3166,720027000
2010-10-01,2.2943,2.2957,2.1973,2.2094,2.2094,589127000
2010-10-04,2.1860,2.2684,2.1653,2.2341,2.2341,474068000
2010-10-05,2.2786,2.2859,2.2030,2.2309,2.2309,410529000
2010-10-06,2.2070,2.2679,2.1209,2.1467,2.1467,474873000
2010-10-07,2.1524,2.2013,2.1263,2.1633,2.1633,287679000
2010-10-08,2.1720,2.1857,2.1150,2.1377,2.1377,243775000
2010-10-11,2.1534,2.2354,2.1461,2.1956,2.1956,286223000
2010-10-12,2.1960,2.2261,2.1644,2.2199,2.2199,254492000
2010-10-13,2.2586,2.2786,2.2001,2.2087,2.2087,229607000
2010-10-14,2.1987,2.2394,2.1649,2.1826,2.1826,219296000
2010-10-15,2.1933,2.2261,2.1723,2.2246,2.2246,240751000
2010-10-18,2.2344,2.2379,2.1717,2.1857,2.1857,199766000
2010-10-19,2.1473,2.1776,2.1050,2.1333,2.1333,256277000
2010-10-20,2.1429,2.2253,2.1143,2.1879,2.1879,632821000
2010-10-21,2.4220,2.4991,2.3797,2.4670,2.4670,1117690000
2010-10-22,2.3871,2.4497,2.3706,2.4014,2.4014,492989000
2010-10-25,2.4176,2.4264,2.3580,2.3834,2.3834,258643000
2010-10-26,2.3871,2.5651,2.3864,2.5374,2.5374,736456000
2010-10-27,2.5614,2.6391,2.5080,2.5500,2.5500,648312000
2010-10-28,2.5571,2.5603,2.4721,2.5100,2.5100,263921000
2010-10-29,2.4991,2.5114,2.4189,2.4796,2.4796,416108000
2010-11-01,2.4850,2.4857,2.3671,2.3910,2.3910,345534000
2010-11-02,2.3813,2.4769,2.3794,2.4516,2.4516,382032000
2010-11-03,2.4663,2.4863,2.4147,2.4494,2.4494,273770000
2010-11-04,2.4764,2.4776,2.3800,2.3974,2.3974,412188000
2010-11-05,2.4406,2.4416,2.3837,2.4014,2.4014,219940000
2010-11-08,2.3833,2.4363,2.3609,2.4161,2.4161,287994000
2010-11-09,2.4250,2.4986,2.4203,2.4351,2.4351,402759000
2010-11-10,2.4286,2.5323,2.4093,2.5267,2.5267,385189000
2010-11-11,2.4989,2.5527,2.4793,2.5020,2.5020,294175000
2010-11-12,2.4941,2.5270,2.4300,2.4714,2.4714,291669000
2010-11-15,2.4561,2.4791,2.3954,2.4043,2.4043,319767000
2010-11-16,2.3823,2.4176,2.3367,2.3629,2.3629,273658000
2010-11-17,2.3530,2.4073,2.3431,2.3811,2.3811,188104000
2010-11-18,2.4227,2.4400,2.4003,2.4047,2.4047,177765000
2010-11-19,2.4051,2.4750,2.3973,2.4720,2.4720,225946000
2010-11-22,2.5867,2.6957,2.5857,2.6903,2.6903,718046000
2010-11-23,2.6604,2.7443,2.6577,2.6816,2.6816,477085000
2010-11-24,2.7273,2.7404,2.6689,2.6967,2.6967,282023000
2010-11-26,2.6907,2.7497,2.6829,2.7414,2.7414,212926000
2010-11-29,2.7716,2.8571,2.7500,2.8417,2.8417,493878000
2010-11-30,2.8286,2.9543,2.7936,2.9414,2.9414,831705000
2010-12-01,2.9689,2.9891,2.8267,2.8591,2.8591,749868000
2010-12-02,2.7747,2.8064,2.7334,2.7631,2.7631,597828000
2010-12-03,2.7816,2.7886,2.6371,2.6493,2.6493,628698000
2010-12-06,2.6701,2.7667,2.6613,2.7639,2.7639,477771000
2010-12-07,2.8179,2.8486,2.7073,2.7116,2.7116,493052000
2010-12-08,2.6444,2.6927,2.5913,2.6890,2.6890,733439000
2010-12-09,2.7143,2.7449,2.6513,2.7293,2.7293,473354000
2010-12-10,2.8197,2.8281,2.7500,2.7804,2.7804,475118000
2010-12-13,2.7507,2.7516,2.6071,2.6257,2.6257,500472000
2010-12-14,2.5877,2.6100,2.5301,2.5493,2.5493,635299000
2010-12-15,2.5466,2.5917,2.5080,2.5500,2.5500,445116000
2010-12-16,2.5507,2.6104,2.5471,2.5950,2.5950,340809000
2010-12-17,2.6151,2.6357,2.5656,2.5717,2.5717,1034075000
2010-12-20,2.5829,2.5864,2.5220,2.5436,2.5436,329959000
2010-12-21,2.5810,2.6644,2.5644,2.6606,2.6606,405839000
2010-12-22,2.6731,2.7109,2.6371,2.6479,2.6479,291774000
2010-12-23,2.6483,2.6484,2.5936,2.6369,2.6369,210147000
2010-12-27,2.5736,2.5834,2.5394,2.5716,2.5716,261891000
2010-12-28,2.5590,2.6339,2.5503,2.6239,2.6239,272153000
2010-12-29,2.6293,2.6357,2.5740,2.5753,2.5753,193991000
2010-12-30,2.5714,2.5764,2.5531,2.5686,2.5686,147434000
2010-12-31,2.5579,2.5677,2.5076,2.5100,2.5100,215628000
2011-01-03,2.5000,2.5839,2.4786,2.5487,2.5487,399560000
2011-01-04,2.5907,2.6414,2.5470,2.5910,2.5910,440657000
2011-01-05,2.5879,2.6113,2.5530,2.5676,2.5676,317996000
2011-01-06,2.5169,2.5670,2.5093,2.5427,2.5427,319914000
2011-01-07,2.5524,2.5793,2.5197,2.5614,2.5614,221550000
2011-01-10,2.5671,2.6850,2.5597,2.6840,2.6840,436744000
2011-01-11,2.7060,2.7329,2.6539,2.6664,2.6664,325227000
2011-01-12,2.6859,2.7000,2.6393,2.6986,2.6986,210987000
2011-01-13,2.6920,2.7479,2.6714,2.7356,2.7356,299033000
2011-01-14,2.7259,2.7607,2.6970,2.7354,2.7354,195755000
2011-01-18,2.7353,2.7834,2.7081,2.7669,2.7669,185808000
2011-01-19,2.7544,2.7693,2.7003,2.7267,2.7267,217406000
2011-01-20,2.6689,2.6890,2.5900,2.6429,2.6429,382312000
2011-01-21,2.6409,2.6511,2.5956,2.6013,2.6013,249081000
2011-01-24,2.5713,2.6346,2.5153,2.6280,2.6280,269717000
2011-01-25,2.6141,2.6693,2.5937,2.6677,2.6677,214641000
2011-01-26,2.6771,2.6799,2.5976,2.6147,2.6147,598416000
2011-01-27,2.9593,3.0256,2.9226,3.0124,3.0124,1290422000
2011-01-28,3.0241,3.1143,2.9807,3.1140,3.1140,628054000
2011-01-31,3.0443,3.0930,3.0037,3.0583,3.0583,410641000
2011-02-01,3.0661,3.0969,3.0293,3.0414,3.0414,286608000
2011-02-02,2.9819,3.0524,2.9750,3.0180,3.0180,333585000
2011-02-03,3.0150,3.0474,2.9960,3.0213,3.0213,212457000
2011-02-04,3.0423,3.1571,3.0291,3.1439,3.1439,442624000
2011-02-07,3.1827,3.1830,3.1123,3.1146,3.1146,254324000
2011-02-08,3.1179,3.1199,3.0877,3.1090,3.1090,173677000
2011-02-09,3.1041,3.1997,3.1041,3.1756,3.1756,289541000
2011-02-10,3.1567,3.2143,3.1473,3.1886,3.1886,217567000
2011-02-11,3.2034,3.3086,3.1989,3.3010,3.3010,462994000
2011-02-14,3.3669,3.5364,3.3510,3.5364,3.5364,785239000
2011-02-15,3.4784,3.4950,3.4001,3.4399,3.4399,480739000
2011-02-16,3.4673,3.4984,3.3763,3.3960,3.3960,455553000
2011-02-17,3.3696,3.4543,3.3437,3.3661,3.3661,394492000
2011-02-18,3.3969,3.4053,3.3056,3.3644,3.3644,321132000
2011-02-22,3.2196,3.2773,3.1530,3.1657,3.1657,553742000
2011-02-23,3.0793,3.1129,2.9341,3.0171,3.0171,689332000
2011-02-24,3.0357,3.0913,3.0040,3.0740,3.0740,316288000
2011-02-25,3.0661,3.1070,3.0150,3.0349,3.0349,294686000
2011-02-28,3.0550,3.0616,2.9000,2.9524,2.9524,405244000
2011-03-01,2.9457,2.9637,2.8679,2.9233,2.9233,398391000
2011-03-02,2.9286,2.9643,2.8821,2.9176,2.9176,330288000
2011-03-03,2.9500,2.9584,2.8621,2.9053,2.9053,352632000
2011-03-04,2.9107,3.0183,2.9107,3.0103,3.0103,441784000
2011-03-07,3.0676,3.0699,2.9179,2.9629,2.9629,371294000
2011-03-08,2.8600,2.8893,2.7766,2.7921,2.7921,680001000
2011-03-09,2.7899,2.8491,2.7303,2.7570,2.7570,502390000
2011-03-10,2.7297,2.9106,2.6984,2.8574,2.8574,698901000
2011-03-11,2.8889,2.9320,2.8587,2.9220,2.9220,359786000
2011-03-14,2.9033,2.9571,2.8403,2.8743,2.8743,299138000
2011-03-15,2.8926,3.1314,2.8857,3.1016,3.1016,767368000
2011-03-16,3.1576,3.1910,3.0321,3.0549,3.0549,595553000
2011-03-17,3.0991,3.1381,3.0407,3.0557,3.0557,287098000
2011-03-18,3.0509,3.0634,2.9617,2.9914,2.9914,383544000
2011-03-21,3.0264,3.0954,2.9650,3.0406,3.0406,325500000
2011-03-22,3.1539,3.1814,3.1143,3.1627,3.1627,468923000
2011-03-23,3.1721,3.2857,3.1230,3.2723,3.2723,578788000
2011-03-24,3.3140,3.3303,3.2331,3.2733,3.2733,439929000
2011-03-25,3.2423,3.3144,3.2369,3.2859,3.2859,301924000
2011-03-28,3.3357,3.4471,3.3334,3.3903,3.3903,513436000
2011-03-29,3.3996,3.4126,3.3571,3.3911,3.3911,268247000
2011-03-30,3.4099,3.4596,3.3867,3.3993,3.3993,270375000
2011-03-31,3.3897,3.4243,3.3577,3.3969,3.3969,248227000
2011-04-01,3.4429,3.4920,3.4343,3.4584,3.4584,377664000
2011-04-04,3.4976,3.5316,3.4681,3.4960,3.4960,240219000
2011-04-05,3.4943,3.5521,3.4610,3.4890,3.4890,265692000
2011-04-06,3.5429,3.5554,3.4046,3.4281,3.4281,402472000
2011-04-07,3.3626,3.3781,3.3004,3.3423,3.3423,418502000
2011-04-08,3.3706,3.4243,3.3241,3.3551,3.3551,386015000
2011-04-11,3.3254,3.3673,3.2354,3.2594,3.2594,313313000
2011-04-12,3.2124,3.3417,3.2059,3.3417,3.3417,404698000
2011-04-13,3.3783,3.4121,3.3181,3.4107,3.4107,304304000
2011-04-14,3.3997,3.4350,3.3393,3.3819,3.3819,359485000
2011-04-15,3.3804,3.3851,3.3319,3.3641,3.3641,219387000
2011-04-18,3.3144,3.3453,3.2574,3.3333,3.3333,217693000
2011-04-19,3.3396,3.4613,3.3123,3.4507,3.4507,360878000
2011-04-20,3.4770,3.5073,3.4201,3.4919,3.4919,295323000
2011-04-21,3.4877,3.6046,3.4799,3.6031,3.6031,369425000
2011-04-25,3.6387,3.6426,3.5429,3.5953,3.5953,710514000
2011-04-26,3.3873,3.4604,3.2471,3.2701,3.2701,1106637000
2011-04-27,3.2667,3.3801,3.2164,3.3709,3.3709,564935000
2011-04-28,3.3286,3.4206,3.3234,3.3481,3.3481,308518000
2011-04-29,3.3257,3.3639,3.3100,3.3239,3.3239,214123000
2011-05-02,3.4031,3.4267,3.3486,3.3884,3.3884,355502000
2011-05-03,3.3670,3.3706,3.2571,3.3034,3.3034,322000000
2011-05-04,3.3114,3.3143,3.2186,3.2741,3.2741,335279000
2011-05-05,3.2341,3.3397,3.2317,3.2901,3.2901,273000000
2011-05-06,3.3253,3.3306,3.2714,3.2781,3.2781,221228000
2011-05-09,3.3114,3.3829,3.3051,3.3773,3.3773,288533000
2011-05-10,3.3880,3.4214,3.3573,3.3947,3.3947,268765000
2011-05-11,3.4150,3.4643,3.4001,3.4381,3.4381,336000000
2011-05-12,3.4457,3.5250,3.4199,3.5110,3.5110,364000000
2011-05-13,3.4876,3.5660,3.4761,3.5217,3.5217,353171000
2011-05-16,3.5143,3.5153,3.3471,3.3870,3.3870,339213000
2011-05-17,3.3571,3.4011,3.3016,3.3849,3.3849,296562000
2011-05-18,3.3914,3.4814,3.3894,3.4649,3.4649,309470000
2011-05-19,3.4786,3.5056,3.4443,3.4676,3.4676,237328000
2011-05-20,3.4511,3.5270,3.4451,3.5129,3.5129,307559000
2011-05-23,3.4717,3.5697,3.4286,3.5404,3.5404,350000000
2011-05-24,3.5699,3.6097,3.5231,3.5371,3.5371,318024000
2011-05-25,3.5420,3.7134,3.5310,3.7067,3.7067,556479000
2011-05-26,3.7043,3.7983,3.6937,3.7679,3.7679,416906000
2011-05-27,3.7786,3.7870,3.7360,3.7787,3.7787,196273000
2011-05-31,3.8179,3.8686,3.7771,3.8686,3.8686,336588000
2011-06-01,3.8496,3.9091,3.7929,3.8180,3.8180,416843000
2011-06-02,3.8007,3.8997,3.7731,3.8814,3.8814,300412000
2011-06-03,3.8571,3.9463,3.8500,3.9100,3.9100,349349000
2011-06-06,3.9053,3.9671,3.7230,3.7513,3.7513,458990000
2011-06-07,3.7536,3.8206,3.7254,3.7670,3.7670,364112000
2011-06-08,3.7609,3.7920,3.6929,3.7466,3.7466,278642000
2011-06-09,3.7460,3.7783,3.6886,3.7510,3.7510,215915000
2011-06-10,3.7374,3.7800,3.6831,3.6946,3.6946,305018000
2011-06-13,3.7111,3.7571,3.6391,3.6746,3.6746,232463000
2011-06-14,3.7114,3.7371,3.6563,3.7304,3.7304,213192000
2011-06-15,3.7069,3.7539,3.6613,3.6731,3.6731,222481000
2011-06-16,3.6636,3.6813,3.4894,3.5614,3.5614,393736000
2011-06-17,3.5864,3.5977,3.4957,3.5096,3.5096,285544000
2011-06-20,3.4551,3.5401,3.4303,3.5090,3.5090,196490000
2011-06-21,3.5099,3.6400,3.4694,3.6236,3.6236,216139000
2011-06-22,3.5971,3.6177,3.5383,3.5523,3.5523,218764000
2011-06-23,3.5020,3.7264,3.4957,3.6531,3.6531,367458000
2011-06-24,3.6714,3.7214,3.6299,3.6709,3.6709,340634000
2011-06-27,3.6414,3.7494,3.5949,3.7160,3.7160,231602000
2011-06-28,3.7417,3.8084,3.7224,3.7870,3.7870,164906000
2011-06-29,3.8141,3.8391,3.7571,3.7849,3.7849,182399000
2011-06-30,3.7814,3.7857,3.7257,3.7527,3.7527,179669000
2011-07-01,3.7437,3.8323,3.7437,3.8284,3.8284,279405000
2011-07-05,3.9429,4.1604,3.9387,4.1376,4.1376,629041000
2011-07-06,4.0950,4.1683,4.0643,4.1566,4.1566,325878000
2011-07-07,4.1919,4.2479,4.1661,4.1774,4.1774,267701000
2011-07-08,4.1180,4.2257,4.1017,4.2163,4.2163,207382000
2011-07-11,4.2119,4.3071,4.0986,4.1534,4.1534,369173000
2011-07-12,4.1704,4.2327,4.0971,4.1610,4.1610,363398000
2011-07-13,4.2957,4.3541,4.2371,4.2676,4.2676,492450000
2011-07-14,4.2786,4.2857,4.0751,4.0946,4.0946,408814000
2011-07-15,4.1137,4.1393,4.0231,4.0990,4.0990,284592000
2011-07-18,4.0351,4.0353,3.9177,3.9857,3.9857,288442000
2011-07-19,4.0571,4.1330,4.0563,4.1041,4.1041,191492000
2011-07-20,4.0429,4.0700,3.9717,4.0200,4.0200,199143000
2011-07-21,4.0214,4.0683,3.9301,3.9401,3.9401,226688000
2011-07-22,3.8999,3.9814,3.8650,3.9511,3.9511,237398000
2011-07-25,4.0081,4.0786,3.9629,4.0219,4.0219,527086000
2011-07-26,3.6514,3.8327,3.5923,3.8130,3.8130,970179000
2011-07-27,3.8510,3.9143,3.8171,3.8489,3.8489,382291000
2011-07-28,3.7761,3.8673,3.7587,3.8089,3.8089,283192000
2011-07-29,3.7299,3.8103,3.7214,3.7999,3.7999,233520000
2011-08-01,3.8363,3.8500,3.6966,3.7626,3.7626,258867000
2011-08-02,3.7391,3.8229,3.6706,3.6743,3.6743,233562000
2011-08-03,3.6786,3.7357,3.5876,3.7143,3.7143,249172000
2011-08-04,3.6721,3.7181,3.4966,3.5110,3.5110,332143000
2011-08-05,3.5506,3.5839,3.3776,3.4444,3.4444,378595000
2011-08-08,3.2850,3.3666,3.1643,3.2377,3.2377,372918000
2011-08-09,3.2451,3.4300,3.2019,3.3971,3.3971,369474000
2011-08-10,3.3357,3.4284,3.3020,3.3203,3.3203,220717000
2011-08-11,3.3587,3.5100,3.3373,3.4733,3.4733,215649000
2011-08-12,3.5291,3.5407,3.4581,3.4857,3.4857,180460000
2011-08-15,3.5096,3.5254,3.3744,3.5183,3.5183,231910000
2011-08-16,3.4904,3.5049,3.3700,3.4149,3.4149,184471000
2011-08-17,3.4373,3.4440,3.2649,3.3177,3.3177,257971000
2011-08-18,3.1914,3.2286,3.0711,3.1069,3.1069,349839000
2011-08-19,3.0624,3.1571,2.9286,2.9316,2.9316,328706000
2011-08-22,3.0339,3.0339,2.9050,2.9316,2.9316,335510000
2011-08-23,2.9571,3.1393,2.9156,3.1363,3.1363,294714000
2011-08-24,3.1291,3.1429,2.9929,3.0861,3.0861,308497000
2011-08-25,3.1113,3.1959,3.0631,3.0833,3.0833,260505000
2011-08-26,3.0626,3.1786,3.0357,3.1699,3.1699,256165000
2011-08-29,3.2424,3.2426,3.1750,3.2149,3.2149,195160000
2011-08-30,3.2071,3.4116,3.1929,3.3754,3.3754,314888000
2011-08-31,3.4133,3.4554,3.2984,3.3573,3.3573,275954000
2011-09-01,3.3504,3.4071,3.3219,3.3324,3.3324,210854000
2011-09-02,2.9816,3.0699,2.9660,3.0444,3.0444,556241000
2011-09-06,2.9871,3.1279,2.9819,3.1253,3.1253,281568000
2011-09-07,3.1641,3.1711,3.0367,3.0857,3.0857,296975000
2011-09-08,3.0580,3.1250,2.9973,3.0171,3.0171,275625000
2011-09-09,3.0031,3.0300,2.9027,2.9139,2.9139,318794000
2011-09-12,2.8759,3.0090,2.8374,3.0007,3.0007,318990000
2011-09-13,2.9994,2.9997,2.9150,2.9821,2.9821,219835000
2011-09-14,2.9867,3.0179,2.9346,2.9816,2.9816,182686000
2011-09-15,2.5247,2.6486,2.4019,2.4179,2.4179,1487444000
2011-09-16,2.3971,2.4000,2.2020,2.2170,2.2170,1249318000
2011-09-19,2.2384,2.3284,2.0370,2.0536,2.0536,1398054000
2011-09-20,2.0200,2.0426,1.8481,1.8576,1.8576,2243430000
2011-09-21,1.8626,1.9183,1.7860,1.8357,1.8357,1584639000
2011-09-22,1.8876,1.8986,1.7893,1.8361,1.8361,1151010000
2011-09-23,1.8293,1.9170,1.8217,1.8480,1.8480,744653000
2011-09-26,1.9460,1.9697,1.8080,1.8889,1.8889,809725000
2011-09-27,1.9197,1.9284,1.8060,1.8213,1.8213,777756000
2011-09-28,1.8363,1.8900,1.8081,1.8163,1.8163,560252000
2011-09-29,1.8296,1.8347,1.5391,1.6170,1.6170,1359218000
2011-09-30,1.5603,1.6536,1.5376,1.6181,1.6181,768817000
2011-10-03,1.6449,1.7134,1.6089,1.6179,1.6179,591465000
2011-10-04,1.6383,1.6714,1.5714,1.6414,1.6414,505120000
2011-10-05,1.6513,1.7123,1.6000,1.7109,1.7109,524188000
2011-10-06,1.7100,1.7750,1.6926,1.7606,1.7606,404971000
2011-10-07,1.7571,1.7740,1.6714,1.6744,1.6744,403935000
2011-10-10,1.8223,1.8357,1.5330,1.5946,1.5946,1517446000
2011-10-11,1.5617,1.5849,1.4733,1.5523,1.5523,1410773000
2011-10-12,1.5629,1.6606,1.5296,1.6231,1.6231,721882000
2011-10-13,1.6086,1.6996,1.5893,1.6716,1.6716,691152000
2011-10-14,1.7353,1.7429,1.6343,1.6577,1.6577,493192000
2011-10-17,1.6559,1.7036,1.6461,1.6761,1.6761,393470000
2011-10-18,1.6750,1.6784,1.5797,1.5963,1.5963,420161000
2011-10-19,1.5809,1.6299,1.5084,1.5631,1.5631,604569000
2011-10-20,1.5721,1.5999,1.5583,1.5926,1.5926,255780000
2011-10-21,1.6241,1.6733,1.5849,1.6720,1.6720,439236000
2011-10-24,1.7014,1.7183,1.6443,1.6977,1.6977,1204602000
2011-10-25,1.0700,1.1341,1.0607,1.1053,1.1053,3155418000
2011-10-26,1.1247,1.1631,1.0771,1.1343,1.1343,1487339000
2011-10-27,1.1740,1.1817,1.1321,1.1551,1.1551,711900000
2011-10-28,1.1469,1.2094,1.1371,1.2020,1.2020,577696000
2011-10-31,1.1949,1.2013,1.1636,1.1726,1.1726,396536000
2011-11-01,1.1444,1.1571,1.1249,1.1441,1.1441,330162000
2011-11-02,1.1530,1.2057,1.1444,1.1913,1.1913,413840000
2011-11-03,1.2019,1.3229,1.1686,1.3184,1.3184,946855000
2011-11-04,1.3067,1.3270,1.2536,1.2860,1.2860,844837000
2011-11-07,1.3000,1.3406,1.2854,1.2976,1.2976,474852000
2011-11-08,1.3033,1.3229,1.2807,1.2924,1.2924,319060000
2011-11-09,1.2714,1.2920,1.2571,1.2579,1.2579,287560000
2011-11-10,1.2756,1.2900,1.2120,1.2160,1.2160,396144000
2011-11-11,1.2271,1.2564,1.1957,1.2536,1.2536,381402000
2011-11-14,1.2570,1.2586,1.2207,1.2246,1.2246,218113000
2011-11-15,1.2164,1.2436,1.2071,1.2326,1.2326,213724000
2011-11-16,1.2351,1.2351,1.1556,1.1597,1.1597,345604000
2011-11-17,1.1539,1.1571,1.0827,1.0923,1.0923,528234000
2011-11-18,1.0957,1.1286,1.0863,1.1151,1.1151,347291000
2011-11-21,1.1000,1.1426,1.0466,1.0639,1.0639,444080000
2011-11-22,0.9887,1.0600,0.9857,1.0064,1.0064,1066968000
2011-11-23,0.9950,1.0111,0.9774,0.9786,0.9786,446264000
2011-11-25,0.9739,0.9946,0.8986,0.9123,0.9123,380450000
2011-11-28,0.9600,1.0109,0.9544,0.9993,0.9993,565033000
2011-11-29,0.9904,0.9913,0.9379,0.9653,0.9653,500815000
2011-11-30,0.9861,0.9903,0.8910,0.9219,0.9219,1083327000
2011-12-01,0.9203,0.9777,0.9143,0.9596,0.9596,524027000
2011-12-02,0.9460,0.9699,0.9301,0.9481,0.9481,397103000
2011-12-05,0.9564,1.0273,0.9329,1.0017,1.0017,678720000
2011-12-06,1.0011,1.0110,0.9544,0.9734,0.9734,594706000
2011-12-07,0.9757,1.0396,0.9643,1.0280,1.0280,590464000
2011-12-08,1.0219,1.0421,0.9870,0.9917,0.9917,462161000
2011-12-09,0.9934,1.0240,0.9933,1.0127,1.0127,329091000
2011-12-12,0.9963,1.0976,0.9931,1.0751,1.0751,934003000
2011-12-13,1.0779,1.1084,1.0229,1.0301,1.0301,726215000
2011-12-14,0.9940,1.0236,0.9846,1.0149,1.0149,371840000
2011-12-15,1.0229,1.0280,0.9914,0.9960,0.9960,262472000
2011-12-16,1.0027,1.0121,0.9880,0.9974,0.9974,325605000
2011-12-19,0.9970,0.9970,0.9561,0.9593,0.9593,242004000
2011-12-20,0.9807,1.0227,0.9746,1.0200,1.0200,308805000
2011-12-21,1.0184,1.0344,1.0027,1.0139,1.0139,253869000
2011-12-22,1.0160,1.0629,1.0160,1.0549,1.0549,258608000
2011-12-23,1.0590,1.0654,1.0329,1.0374,1.0374,225561000
2011-12-27,1.0329,1.0356,1.0029,1.0086,1.0086,219408000
2011-12-28,1.0074,1.0143,0.9796,0.9886,0.9886,235970000
2011-12-29,0.9854,0.9984,0.9659,0.9900,0.9900,261632000
2011-12-30,0.9873,1.0084,0.9833,0.9899,0.9899,218092000
2012-01-03,1.0040,1.0389,1.0019,1.0320,1.0320,292138000
2012-01-04,1.0336,1.1567,1.0259,1.1493,1.1493,1004899000
2012-01-05,1.1346,1.1694,1.1040,1.1329,1.1329,865529000
2012-01-06,1.1303,1.2471,1.1243,1.2327,1.2327,1256108000
2012-01-09,1.2801,1.4236,1.2449,1.4026,1.4026,2140733000
2012-01-10,1.4257,1.4263,1.3214,1.3690,1.3690,1463350000
2012-01-11,1.3570,1.3657,1.3064,1.3164,1.3164,871486000
2012-01-12,1.3211,1.3339,1.2743,1.3164,1.3164,612430000
2012-01-13,1.3067,1.3793,1.2886,1.3483,1.3483,888391000
2012-01-17,1.3714,1.3979,1.3476,1.3531,1.3531,588322000
2012-01-18,1.3311,1.4131,1.3179,1.4077,1.4077,660912000
2012-01-19,1.4237,1.4943,1.4237,1.4780,1.4780,787899000
2012-01-20,1.4657,1.4967,1.4241,1.4320,1.4320,538608000
2012-01-23,1.4101,1.4231,1.3371,1.3423,1.3423,610869000
2012-01-24,1.3157,1.3527,1.3069,1.3239,1.3239,419293000
2012-01-25,1.3243,1.3643,1.3093,1.3577,1.3577,779534000
2012-01-26,1.6271,1.7053,1.6009,1.6573,1.6573,1589441000
2012-01-27,1.6543,1.7713,1.6326,1.7684,1.7684,1022287000
2012-01-30,1.7823,1.8497,1.7603,1.7919,1.7919,1058260000
2012-01-31,1.7856,1.7927,1.6821,1.7171,1.7171,842737000
2012-02-01,1.7344,1.7679,1.6893,1.7567,1.7567,523068000
2012-02-02,1.7643,1.7964,1.7464,1.7714,1.7714,411264000
2012-02-03,1.7857,1.8213,1.7620,1.8061,1.8061,467880000
2012-02-06,1.7603,1.8657,1.7407,1.8464,1.8464,816172000
2012-02-07,1.8390,1.9061,1.8116,1.8269,1.8269,814352000
2012-02-08,1.7981,1.8199,1.7633,1.7714,1.7714,510125000
2012-02-09,1.7773,1.8140,1.7450,1.7834,1.7834,405146000
2012-02-10,1.7721,1.8036,1.7553,1.7704,1.7704,339010000
2012-02-13,1.7853,1.7854,1.6876,1.6900,1.6900,525504000
2012-02-14,1.6999,1.7750,1.6936,1.7581,1.7581,524076000
2012-02-15,1.7661,1.7903,1.7299,1.7437,1.7437,371266000
2012-02-16,1.7459,1.7733,1.7143,1.7416,1.7416,405755000
2012-02-17,1.7447,1.7553,1.7150,1.7407,1.7407,259343000
2012-02-21,1.7693,1.8021,1.6669,1.6771,1.6771,804909000
2012-02-22,1.6416,1.6429,1.5506,1.6057,1.6057,931917000
2012-02-23,1.5936,1.6307,1.5880,1.6141,1.6141,397621000
2012-02-24,1.6126,1.6279,1.5900,1.5953,1.5953,270893000
2012-02-27,1.5436,1.5770,1.5234,1.5630,1.5630,450779000
2012-02-28,1.5487,1.6410,1.5443,1.6189,1.6189,421967000
2012-02-29,1.6154,1.6270,1.5680,1.5819,1.5819,375690000
2012-03-01,1.5586,1.6239,1.5503,1.6107,1.6107,368760000
2012-03-02,1.6070,1.6834,1.5943,1.6443,1.6443,406532000
2012-03-05,1.6386,1.6646,1.5816,1.5830,1.5830,276052000
2012-03-06,1.5641,1.5654,1.5143,1.5304,1.5304,322217000
2012-03-07,1.5920,1.5920,1.4647,1.5027,1.5027,767970000
2012-03-08,1.5136,1.5491,1.4857,1.5439,1.5439,457527000
2012-03-09,1.5286,1.5751,1.5093,1.5590,1.5590,371672000
2012-03-12,1.5393,1.5821,1.5079,1.5171,1.5171,345597000
2012-03-13,1.5411,1.5614,1.5021,1.5193,1.5193,307398000
2012-03-14,1.5117,1.5136,1.4700,1.5036,1.5036,362082000
2012-03-15,1.5050,1.5807,1.5000,1.5739,1.5739,408800000
2012-03-16,1.5751,1.5959,1.5366,1.5709,1.5709,371987000
2012-03-19,1.5644,1.6429,1.5544,1.6333,1.6333,370951000
2012-03-20,1.6273,1.6679,1.6159,1.6431,1.6431,315077000
2012-03-21,1.6571,1.7270,1.6517,1.7157,1.7157,473214000
2012-03-22,1.7147,1.7640,1.6839,1.6961,1.6961,427546000
2012-03-23,1.7063,1.7311,1.6759,1.7170,1.7170,377342000
2012-03-26,1.7370,1.7456,1.7021,1.7427,1.7427,324282000
2012-03-27,1.7449,1.7639,1.7220,1.7239,1.7239,243824000
2012-03-28,1.7179,1.7286,1.6906,1.6973,1.6973,228746000
2012-03-29,1.6847,1.6941,1.6143,1.6436,1.6436,326326000
2012-03-30,1.6501,1.6756,1.6311,1.6434,1.6434,292705000
2012-04-02,1.6400,1.6400,1.6014,1.6281,1.6281,266455000
2012-04-03,1.5831,1.6321,1.5679,1.6137,1.6137,460047000
2012-04-04,1.5947,1.6079,1.5700,1.5751,1.5751,207662000
2012-04-05,1.5706,1.5944,1.5617,1.5786,1.5786,227633000
2012-04-09,1.5537,1.5669,1.5233,1.5240,1.5240,226373000
2012-04-10,1.5331,1.5400,1.4543,1.4560,1.4560,351050000
2012-04-11,1.4749,1.4817,1.4074,1.4259,1.4259,523208000
2012-04-12,1.4466,1.4990,1.4187,1.4894,1.4894,338450000
2012-04-13,1.4987,1.5214,1.4616,1.4881,1.4881,276955000
2012-04-16,1.4944,1.5000,1.4343,1.4450,1.4450,267274000
2012-04-17,1.4529,1.5380,1.4527,1.5289,1.5289,311108000
2012-04-18,1.5213,1.5531,1.5179,1.5280,1.5280,235039000
2012-04-19,1.5010,1.5673,1.4897,1.5299,1.5299,250971000
2012-04-20,1.5360,1.5453,1.5096,1.5159,1.5159,182756000
2012-04-23,1.4984,1.5000,1.4541,1.4549,1.4549,842744000
2012-04-24,1.2360,1.2857,1.2329,1.2526,1.2526,1173935000
2012-04-25,1.2656,1.2656,1.1651,1.2336,1.2336,834288000
2012-04-26,1.2229,1.2549,1.1973,1.2153,1.2153,559489000
2012-04-27,1.2244,1.2270,1.1857,1.1963,1.1963,360311000
2012-04-30,1.1803,1.1839,1.1394,1.1449,1.1449,526792000
2012-05-01,1.1470,1.1813,1.1286,1.1623,1.1623,329833000
2012-05-02,1.1534,1.1854,1.1451,1.1747,1.1747,273840000
2012-05-03,1.1687,1.1740,1.0789,1.0853,1.0853,530159000
2012-05-04,1.0827,1.0914,1.0301,1.0449,1.0449,636664000
2012-05-07,1.0357,1.0803,1.0333,1.0493,1.0493,287000000
2012-05-08,1.0439,1.0473,1.0083,1.0399,1.0399,272034000
2012-05-09,1.0304,1.0704,1.0191,1.0621,1.0621,261184000
2012-05-10,1.0693,1.0711,1.0300,1.0346,1.0346,264243000
2012-05-11,1.0413,1.1199,1.0356,1.1054,1.1054,622398000
2012-05-14,1.1019,1.1236,1.0801,1.0994,1.0994,378497000
2012-05-15,1.1111,1.1329,1.1014,1.1069,1.1069,313194000
2012-05-16,1.1081,1.1206,1.0521,1.0600,1.0600,366996000
2012-05-17,1.0607,1.0630,1.0271,1.0281,1.0281,237783000
2012-05-18,1.0329,1.0393,0.9337,0.9994,0.9994,294154000
2012-05-21,0.9979,1.0313,0.9650,1.0249,1.0249,251433000
2012-05-22,1.0257,1.0343,0.9607,0.9673,0.9673,400148000
2012-05-23,0.9639,1.0307,0.9596,1.0273,1.0273,441000000
2012-05-24,1.0217,1.0241,0.9929,1.0039,1.0039,207424000
2012-05-25,1.0086,1.0501,0.9984,1.0031,1.0031,333711000
2012-05-29,1.0151,1.0164,0.9743,0.9920,0.9920,319970000
2012-05-30,0.9783,0.9857,0.9571,0.9620,0.9620,328909000
2012-05-31,0.9529,0.9681,0.8910,0.9063,0.9063,538034000
2012-06-01,0.8707,0.9104,0.8671,0.8993,0.8993,355782000
2012-06-04,0.9036,0.9320,0.8910,0.9286,0.9286,352912000
2012-06-05,0.9287,0.9476,0.9179,0.9261,0.9261,240485000
2012-06-06,0.9380,0.9767,0.9307,0.9411,0.9411,306768000
2012-06-07,0.9514,0.9557,0.9201,0.9234,0.9234,210455000
2012-06-08,0.9196,0.9446,0.9104,0.9377,0.9377,220171000
2012-06-11,0.9484,0.9513,0.8997,0.9000,0.9000,229411000
2012-06-12,0.9037,0.9194,0.8907,0.9003,0.9003,207977000
2012-06-13,0.8943,0.9206,0.8876,0.8976,0.8976,179249000
2012-06-14,0.8970,0.9021,0.8717,0.8951,0.8951,261373000
2012-06-15,0.9039,0.9419,0.8961,0.9399,0.9399,330225000
2012-06-18,0.9294,0.9564,0.9256,0.9533,0.9533,229978000
2012-06-19,0.9557,1.0069,0.9507,0.9976,0.9976,277067000
2012-06-20,0.9926,0.9936,0.9659,0.9737,0.9737,266385000
2012-06-21,0.9751,0.9777,0.9393,0.9406,0.9406,176904000
2012-06-22,0.9463,0.9753,0.9386,0.9694,0.9694,180747000
2012-06-25,0.9687,0.9933,0.9486,0.9576,0.9576,307461000
2012-06-26,0.9601,0.9673,0.9477,0.9543,0.9543,156114000
2012-06-27,0.9576,0.9607,0.9371,0.9499,0.9499,153832000
2012-06-28,0.9443,0.9723,0.9397,0.9623,0.9623,150906000
2012-06-29,0.9757,0.9823,0.9547,0.9784,0.9784,199913000
2012-07-02,0.9824,0.9843,0.9607,0.9693,0.9693,129927000
2012-07-03,0.9784,1.0397,0.9673,1.0291,1.0291,252616000
2012-07-05,1.0619,1.1843,1.0609,1.1674,1.1674,1044981000
2012-07-06,1.1963,1.2200,1.1460,1.1699,1.1699,852614000
2012-07-09,1.1854,1.2027,1.1450,1.1856,1.1856,432628000
2012-07-10,1.1960,1.1971,1.1361,1.1461,1.1461,352422000
2012-07-11,1.1443,1.2124,1.1411,1.1663,1.1663,430444000
2012-07-12,1.1646,1.2214,1.1500,1.2139,1.2139,414477000
2012-07-13,1.2254,1.2379,1.1989,1.2129,1.2129,390320000
2012-07-16,1.2159,1.2221,1.1804,1.1854,1.1854,209468000
2012-07-17,1.1893,1.1927,1.1524,1.1683,1.1683,278208000
2012-07-18,1.1607,1.1844,1.1534,1.1610,1.1610,215761000
2012-07-19,1.1709,1.2119,1.1646,1.1874,1.1874,291333000
2012-07-20,1.1809,1.1931,1.1643,1.1689,1.1689,243698000
2012-07-23,1.1533,1.1603,1.1214,1.1420,1.1420,309652000
2012-07-24,1.1581,1.1781,1.1116,1.1484,1.1484,647003000
2012-07-25,0.9173,0.9543,0.8457,0.8611,0.8611,1734705000
2012-07-26,0.8473,0.8494,0.8020,0.8144,0.8144,797566000
2012-07-27,0.8194,0.8467,0.8143,0.8417,0.8417,380093000
2012-07-30,0.8419,0.8566,0.8047,0.8250,0.8250,299327000
2012-07-31,0.8207,0.8331,0.8087,0.8121,0.8121,173208000
2012-08-01,0.8204,0.8254,0.7729,0.7786,0.7786,338324000
2012-08-02,0.7754,0.7956,0.7613,0.7696,0.7696,239456000
2012-08-03,0.7837,0.7926,0.7544,0.7701,0.7701,372953000
2012-08-06,0.7791,0.8167,0.7730,0.8113,0.8113,285278000
2012-08-07,0.8136,0.8496,0.8079,0.8271,0.8271,307699000
2012-08-08,0.8224,0.8413,0.8167,0.8257,0.8257,181944000
2012-08-09,0.8227,0.8350,0.8179,0.8273,0.8273,164927000
2012-08-10,0.8237,0.8651,0.8129,0.8557,0.8557,350322000
2012-08-13,0.8746,0.8750,0.8357,0.8559,0.8559,333249000
2012-08-14,0.8660,0.9014,0.8567,0.8823,0.8823,481194000
2012-08-15,0.8861,0.9097,0.8831,0.9037,0.9037,308441000
2012-08-16,0.9066,0.9227,0.8971,0.9187,0.9187,176309000
2012-08-17,0.9269,0.9360,0.9073,0.9099,0.9099,224056000
2012-08-20,0.9091,0.9336,0.8880,0.9177,0.9177,266588000
2012-08-21,0.9306,0.9521,0.9236,0.9371,0.9371,233555000
2012-08-22,0.9303,0.9486,0.9257,0.9343,0.9343,180306000
2012-08-23,0.9431,0.9491,0.9083,0.9150,0.9150,325808000
2012-08-24,0.9013,0.9114,0.8836,0.9023,0.9023,261618000
2012-08-27,0.9046,0.9139,0.8894,0.8913,0.8913,180467000
2012-08-28,0.8891,0.9084,0.8881,0.8993,0.8993,158592000
2012-08-29,0.9007,0.9121,0.8936,0.9063,0.9063,156604000
2012-08-30,0.9023,0.9054,0.8596,0.8640,0.8640,186795000
2012-08-31,0.8759,0.8790,0.8441,0.8531,0.8531,295603000
2012-09-04,0.8286,0.8286,0.7590,0.7990,0.7990,874167000
2012-09-05,0.7943,0.7954,0.7761,0.7851,0.7851,385651000
2012-09-06,0.7944,0.8113,0.7737,0.8093,0.8093,372974000
2012-09-07,0.8097,0.8257,0.7979,0.8094,0.8094,296177000
2012-09-10,0.8049,0.8147,0.7944,0.7989,0.7989,248927000
2012-09-11,0.7986,0.8196,0.7871,0.8166,0.8166,330400000
2012-09-12,0.8214,0.8361,0.8080,0.8173,0.8173,220969000
2012-09-13,0.8124,0.8311,0.8013,0.8286,0.8286,244909000
2012-09-14,0.8357,0.8774,0.8329,0.8646,0.8646,330673000
2012-09-17,0.8426,0.8429,0.8110,0.8146,0.8146,362789000
2012-09-18,0.8184,0.8331,0.7974,0.8009,0.8009,302981000
2012-09-19,0.8106,0.8271,0.7957,0.8149,0.8149,353486000
2012-09-20,0.8060,0.8399,0.8057,0.8391,0.8391,372176000
2012-09-21,0.8490,0.8531,0.8201,0.8256,0.8256,300748000
2012-09-24,0.8123,0.8263,0.8041,0.8056,0.8056,236614000
2012-09-25,0.8107,0.8137,0.7671,0.7686,0.7686,418586000
2012-09-26,0.7713,0.7990,0.7579,0.7876,0.7876,366254000
2012-09-27,0.7980,0.8014,0.7737,0.7936,0.7936,213507000
2012-09-28,0.7863,0.7973,0.7746,0.7777,0.7777,159327000
2012-10-01,0.7800,0.8086,0.7763,0.8007,0.8007,307657000
2012-10-02,0.8064,0.8184,0.7900,0.8066,0.8066,215894000
2012-10-03,0.8341,0.8950,0.8321,0.8940,0.8940,760648000
2012-10-04,0.8950,0.9610,0.8944,0.9524,0.9524,916167000
2012-10-05,0.9580,0.9743,0.9303,0.9509,0.9509,591703000
2012-10-08,1.0199,1.0604,1.0017,1.0503,1.0503,922803000
2012-10-09,0.9843,0.9926,0.9343,0.9361,0.9361,821450000
2012-10-10,0.9404,0.9704,0.9304,0.9357,0.9357,387429000
2012-10-11,0.9557,0.9586,0.9319,0.9426,0.9426,220136000
2012-10-12,0.9400,0.9514,0.9109,0.9190,0.9190,207102000
2012-10-15,0.9307,0.9311,0.9057,0.9251,0.9251,207452000
2012-10-16,0.9271,0.9459,0.9109,0.9436,0.9436,293020000
2012-10-17,0.9430,0.9831,0.9377,0.9789,0.9789,264642000
2012-10-18,0.9784,0.9977,0.9564,0.9623,0.9623,267974000
2012-10-19,0.9599,0.9643,0.9180,0.9283,0.9283,228816000
2012-10-22,0.9194,0.9961,0.9184,0.9697,0.9697,456785000
2012-10-23,0.9614,0.9879,0.9437,0.9746,0.9746,634984000
2012-10-24,0.8266,0.8714,0.8200,0.8589,0.8589,1000601000
2012-10-25,0.8579,0.8810,0.8557,0.8787,0.8787,330463000
2012-10-26,0.8793,1.0034,0.8641,0.9940,0.9940,1034334000
2012-10-31,0.9487,1.2136,0.9364,1.1320,1.1320,1073086000
2012-11-01,1.1121,1.1384,1.0664,1.1099,1.1099,626696000
2012-11-02,1.1036,1.1407,1.0853,1.0986,1.0986,296506000
2012-11-05,1.0653,1.1277,1.0643,1.1177,1.1177,290164000
2012-11-06,1.1009,1.1421,1.0816,1.0910,1.0910,391027000
2012-11-07,1.0919,1.1321,1.0919,1.1097,1.1097,310996000
2012-11-08,1.1164,1.1476,1.0827,1.0853,1.0853,333816000
2012-11-09,1.0901,1.1269,1.0873,1.1129,1.1129,232729000
2012-11-12,1.1286,1.1473,1.1144,1.1170,1.1170,183302000
2012-11-13,1.1120,1.1563,1.1049,1.1373,1.1373,271705000
2012-11-14,1.1429,1.1617,1.1250,1.1397,1.1397,269108000
2012-11-15,1.1444,1.1700,1.1357,1.1640,1.1640,174006000
2012-11-16,1.1611,1.1871,1.1474,1.1557,1.1557,321643000
2012-11-19,1.1716,1.1856,1.1450,1.1623,1.1623,232673000
2012-11-20,1.1644,1.1957,1.1589,1.1771,1.1771,153405000
2012-11-21,1.1786,1.2080,1.1786,1.1857,1.1857,108899000
2012-11-23,1.1916,1.1964,1.1740,1.1850,1.1850,83965000
2012-11-26,1.1800,1.1840,1.1439,1.1723,1.1723,134841000
2012-11-27,1.1719,1.1929,1.1651,1.1869,1.1869,155246000
2012-11-28,1.1821,1.1939,1.1687,1.1747,1.1747,144956000
2012-11-29,1.1770,1.1826,1.1543,1.1626,1.1626,114730000
2012-11-30,1.1500,1.1673,1.1333,1.1673,1.1673,149863000
2012-12-03,1.1693,1.1710,1.0786,1.0857,1.0857,291977000
2012-12-04,1.0787,1.2571,1.0643,1.2379,1.2379,1017576000
2012-12-05,1.2371,1.2511,1.1846,1.1910,1.1910,593579000
2012-12-06,1.1743,1.2651,1.1671,1.2310,1.2310,381038000
2012-12-07,1.2610,1.2826,1.2184,1.2283,1.2283,347802000
2012-12-10,1.2286,1.2429,1.2071,1.2114,1.2114,143227000
2012-12-11,1.2186,1.2461,1.2057,1.2297,1.2297,160286000
2012-12-12,1.2324,1.3307,1.2277,1.2961,1.2961,549290000
2012-12-13,1.2979,1.3331,1.2839,1.3223,1.3223,288659000
2012-12-14,1.3239,1.3527,1.3143,1.3329,1.3329,277067000
2012-12-17,1.3281,1.3570,1.3159,1.3529,1.3529,216608000
2012-12-18,1.3567,1.3936,1.3464,1.3663,1.3663,293482000
2012-12-19,1.3800,1.3971,1.3350,1.3426,1.3426,306747000
2012-12-20,1.3476,1.3500,1.3236,1.3357,1.3357,166117000
2012-12-21,1.3150,1.3269,1.3016,1.3049,1.3049,284305000
2012-12-24,1.3080,1.3121,1.2757,1.2890,1.2890,71932000
2012-12-26,1.2834,1.3271,1.2769,1.2950,1.2950,151669000
2012-12-27,1.2941,1.3063,1.2649,1.2929,1.2929,148981000
2012-12-28,1.2829,1.2936,1.2700,1.2761,1.2761,111230000
2012-12-31,1.2769,1.3357,1.2716,1.3227,1.3227,180789000
2013-01-02,1.3601,1.3687,1.2956,1.3144,1.3144,194313000
2013-01-03,1.3139,1.3989,1.3076,1.3799,1.3799,279125000
2013-01-04,1.3791,1.3959,1.3649,1.3711,1.3711,177611000
2013-01-07,1.3770,1.4536,1.3731,1.4171,1.4171,455504000
2013-01-08,1.4287,1.4427,1.3829,1.3880,1.3880,247149000
2013-01-09,1.3874,1.3993,1.3507,1.3701,1.3701,202230000
2013-01-10,1.3796,1.4274,1.3671,1.4000,1.4000,261177000
2013-01-11,1.4026,1.4560,1.4000,1.4470,1.4470,298515000
2013-01-14,1.4427,1.4929,1.4366,1.4779,1.4779,234731000
2013-01-15,1.4717,1.4909,1.4436,1.4527,1.4527,170681000
2013-01-16,1.4546,1.4614,1.3823,1.3926,1.3926,280147000
2013-01-17,1.4013,1.4086,1.3679,1.3957,1.3957,162211000
2013-01-18,1.4340,1.4563,1.4097,1.4167,1.4167,359996000
2013-01-22,1.4236,1.4236,1.3799,1.3973,1.3973,227731000
2013-01-23,1.3876,1.4833,1.3860,1.4751,1.4751,742350000
2013-01-24,2.0570,2.1310,1.9946,2.0980,2.0980,1188054000
2013-01-25,2.0810,2.4669,2.0801,2.4223,2.4223,1914458000
2013-01-28,2.4644,2.5321,2.2970,2.3159,2.3159,1091048000
2013-01-29,2.2590,2.4269,2.2376,2.4160,2.4160,595420000
2013-01-30,2.4784,2.5071,2.3237,2.3957,2.3957,480627000
2013-01-31,2.3871,2.4143,2.2903,2.3606,2.3606,356013000
2013-02-01,2.4286,2.4714,2.3411,2.3543,2.3543,503580000
2013-02-04,2.3254,2.5019,2.3254,2.4963,2.4963,509691000
2013-02-05,2.4626,2.5413,2.4429,2.4913,2.4913,570563000
2013-02-06,2.5000,2.6479,2.4936,2.6344,2.6344,671909000
2013-02-07,2.6536,2.6983,2.5506,2.5994,2.5994,530866000
2013-02-08,2.5963,2.6280,2.5716,2.5853,2.5853,256578000
2013-02-11,2.5569,2.6007,2.4971,2.5413,2.5413,293251000
2013-02-12,2.5809,2.6223,2.5101,2.5421,2.5421,343994000
2013-02-13,2.5843,2.6629,2.5666,2.6610,2.6610,409290000
2013-02-14,2.6756,2.7121,2.6384,2.6771,2.6771,319795000
2013-02-15,2.6939,2.7143,2.6609,2.7073,2.7073,266525000
2013-02-19,2.7286,2.8167,2.7164,2.8064,2.8064,341383000
2013-02-20,2.8226,2.8231,2.6643,2.6731,2.6731,349965000
2013-02-21,2.6571,2.7457,2.6071,2.6736,2.6736,368942000
2013-02-22,2.6246,2.6256,2.5490,2.5694,2.5694,389711000
2013-02-25,2.5856,2.6729,2.5064,2.5617,2.5617,521647000
2013-02-26,2.5800,2.6460,2.5086,2.6299,2.6299,338821000
2013-02-27,2.6226,2.6571,2.5794,2.6331,2.6331,226268000
2013-02-28,2.6259,2.7447,2.6216,2.6869,2.6869,342937000
2013-03-01,2.6730,2.7191,2.6601,2.7053,2.7053,214515000
2013-03-04,2.6954,2.7154,2.5237,2.5887,2.5887,478240000
2013-03-05,2.6381,2.6473,2.5440,2.5961,2.5961,323267000
2013-03-06,2.6021,2.6423,2.5654,2.6134,2.6134,174356000
2013-03-07,2.5714,2.6071,2.5166,2.5937,2.5937,286958000
2013-03-08,2.6064,2.6550,2.5816,2.6386,2.6386,235130000
2013-03-11,2.6286,2.6360,2.5573,2.5779,2.5779,210154000
2013-03-12,2.5623,2.6310,2.5607,2.6016,2.6016,211519000
2013-03-13,2.6771,2.7884,2.6679,2.7480,2.7480,538986000
2013-03-14,2.7527,2.7527,2.6724,2.6910,2.6910,284508000
2013-03-15,2.7036,2.7141,2.6364,2.6407,2.6407,206675000
2013-03-18,2.5911,2.6681,2.5793,2.6513,2.6513,180733000
2013-03-19,2.6571,2.6679,2.5607,2.5910,2.5910,198737000
2013-03-20,2.6089,2.6264,2.5776,2.6150,2.6150,111321000
2013-03-21,2.6057,2.6771,2.5996,2.5999,2.5999,188041000
2013-03-22,2.6157,2.6266,2.5643,2.5900,2.5900,141890000
2013-03-25,2.6061,2.6406,2.5681,2.5827,2.5827,150248000
2013-03-26,2.6286,2.7520,2.6229,2.7230,2.7230,468174000
2013-03-27,2.7091,2.8151,2.6904,2.7177,2.7177,404754000
2013-03-28,2.7250,2.7557,2.6943,2.7040,2.7040,195881000
2013-04-01,2.7279,2.7357,2.5924,2.6061,2.6061,229474000
2013-04-02,2.6271,2.6454,2.5157,2.5241,2.5241,322805000
2013-04-03,2.5293,2.5476,2.3466,2.4249,2.4249,753578000
2013-04-04,2.3910,2.4304,2.3401,2.3813,2.3813,344603000
2013-04-05,2.3360,2.4357,2.3219,2.3523,2.3523,325129000
2013-04-08,2.3690,2.3757,2.2714,2.3294,2.3294,317450000
2013-04-09,2.3356,2.4481,2.3150,2.4194,2.4194,340459000
2013-04-10,2.4000,2.4207,2.3559,2.3724,2.3724,297094000
2013-04-11,2.4119,2.4771,2.4117,2.4716,2.4716,330561000
2013-04-12,2.5284,2.5377,2.4457,2.4743,2.4743,377979000
2013-04-15,2.5080,2.6050,2.4971,2.5214,2.5214,465290000
2013-04-16,2.4996,2.5390,2.4610,2.5121,2.5121,297115000
2013-04-17,2.4906,2.5341,2.4039,2.4194,2.4194,275457000
2013-04-18,2.4429,2.4557,2.3114,2.3403,2.3403,231210000
2013-04-19,2.3643,2.4167,2.3290,2.3339,2.3339,201635000
2013-04-22,2.3674,2.5214,2.3674,2.4910,2.4910,848701000
2013-04-23,3.0796,3.1340,2.9930,3.0999,3.0999,1148609000
2013-04-24,3.1086,3.2043,3.0460,3.0960,3.0960,468986000
2013-04-25,3.0997,3.1256,3.0467,3.0536,3.0536,292740000
2013-04-26,3.1000,3.1019,3.0360,3.0793,3.0793,217903000
2013-04-29,3.0944,3.1104,3.0287,3.0716,3.0716,207872000
2013-04-30,3.0657,3.1393,3.0606,3.0867,3.0867,250712000
2013-05-01,3.0846,3.1056,3.0236,3.0416,3.0416,183596000
2013-05-02,3.0463,3.0779,3.0027,3.0641,3.0641,183288000
2013-05-03,3.0826,3.1176,3.0386,3.0493,3.0493,154315000
2013-05-06,2.9947,3.0350,2.9146,3.0099,3.0099,317310000
2013-05-07,2.9826,3.0074,2.9371,2.9464,2.9464,170793000
2013-05-08,2.9276,3.0057,2.9219,2.9801,2.9801,176232000
2013-05-09,2.9719,3.1269,2.9503,3.0916,3.0916,361088000
2013-05-10,3.0916,3.1393,3.0651,3.1099,3.1099,188447000
2013-05-13,3.1024,3.2813,3.1020,3.2769,3.2769,413574000
2013-05-14,3.3141,3.3799,3.2971,3.3424,3.3424,385357000
2013-05-15,3.4210,3.5061,3.3976,3.4771,3.4771,360297000
2013-05-16,3.5279,3.5550,3.3600,3.3861,3.3861,280532000
2013-05-17,3.4076,3.4679,3.3714,3.4143,3.4143,201411000
2013-05-20,3.4063,3.4521,3.3823,3.4221,3.4221,147658000
2013-05-21,3.4291,3.4414,3.3571,3.3870,3.3870,114912000
2013-05-22,3.3486,3.4029,3.2377,3.2651,3.2651,217693000
2013-05-23,3.2243,3.2600,3.1650,3.2311,3.2311,161980000
2013-05-24,3.2176,3.2714,3.2071,3.2677,3.2677,118083000
2013-05-28,3.3107,3.3709,3.0426,3.0599,3.0599,395255000
2013-05-29,3.0650,3.1626,2.9987,3.0763,3.0763,341019000
2013-05-30,3.0861,3.1857,3.0221,3.1809,3.1809,240877000
2013-05-31,3.2177,3.2797,3.2007,3.2321,3.2321,254163000
2013-06-03,3.2436,3.2500,3.1081,3.1710,3.1710,212709000
2013-06-04,3.1446,3.2507,3.1224,3.2187,3.2187,230069000
2013-06-05,3.1884,3.2571,3.1200,3.1923,3.1923,330960000
2013-06-06,3.1731,3.2200,3.0571,3.1106,3.1106,260694000
2013-06-07,3.1234,3.1546,3.0807,3.1460,3.1460,152992000
2013-06-10,3.1861,3.1904,3.0866,3.1561,3.1561,138124000
2013-06-11,3.1121,3.1467,3.0543,3.0637,3.0637,142135000
2013-06-12,3.0833,3.0833,2.9553,2.9663,2.9663,191086000
2013-06-13,2.9713,3.0793,2.9393,3.0770,3.0770,185115000
2013-06-14,3.0681,3.1041,3.0331,3.0570,3.0570,124957000
2013-06-17,3.2220,3.2929,3.1964,3.2747,3.2747,358512000
2013-06-18,3.2891,3.3000,3.2343,3.2690,3.2690,174769000
2013-06-19,3.2571,3.3697,3.2516,3.3187,3.3187,223531000
2013-06-20,3.2781,3.3000,3.1506,3.1931,3.1931,211162000
2013-06-21,3.2150,3.2340,3.0600,3.0986,3.0986,233982000
2013-06-24,3.0429,3.1297,2.9857,3.0800,3.0800,178962000
2013-06-25,3.0281,3.0500,2.9651,3.0414,3.0414,209188000
2013-06-26,3.0650,3.1179,3.0117,3.0300,3.0300,188342000
2013-06-27,3.0416,3.0961,2.9943,3.0710,3.0710,183267000
2013-06-28,3.0610,3.0900,3.0007,3.0156,3.0156,195811000
2013-07-01,3.0517,3.2190,3.0286,3.2040,3.2040,245175000
2013-07-02,3.2176,3.2496,3.1143,3.1637,3.1637,177303000
2013-07-03,3.1731,3.2000,3.1279,3.1559,3.1559,86254000
2013-07-05,3.1727,3.2179,3.1333,3.2157,3.2157,99575000
2013-07-08,3.2426,3.3606,3.2216,3.3300,3.3300,242893000
2013-07-09,3.3577,3.5344,3.3553,3.5340,3.5340,355096000
2013-07-10,3.5079,3.5271,3.4173,3.4831,3.4831,225785000
2013-07-11,3.5429,3.5600,3.4403,3.4881,3.4881,211463000
2013-07-12,3.5119,3.6776,3.5107,3.6751,3.6751,342384000
2013-07-15,3.7057,3.7121,3.6019,3.6854,3.6854,206129000
2013-07-16,3.6756,3.8053,3.6671,3.7211,3.7211,333564000
2013-07-17,3.7320,3.8323,3.6953,3.8274,3.8274,195104000
2013-07-18,3.8616,3.8616,3.7714,3.8059,3.8059,204876000
2013-07-19,3.8204,3.8279,3.7597,3.7797,3.7797,181202000
2013-07-22,3.8121,3.8393,3.6731,3.7423,3.7423,473137000
2013-07-23,3.5914,3.7461,3.5171,3.5751,3.5751,768292000
2013-07-24,3.5674,3.6036,3.4314,3.4471,3.4471,334096000
2013-07-25,3.4366,3.5380,3.4273,3.5249,3.5249,196343000
2013-07-26,3.4946,3.5283,3.4401,3.5187,3.5187,178269000
2013-07-29,3.5151,3.5810,3.4643,3.4994,3.4994,132153000
2013-07-30,3.5057,3.5416,3.4544,3.4823,3.4823,108906000
2013-07-31,3.4773,3.5300,3.4563,3.4926,3.4926,131208000
2013-08-01,3.5220,3.5714,3.4939,3.5589,3.5589,141393000
2013-08-02,3.5620,3.5620,3.4971,3.5169,3.5169,138796000
2013-08-05,3.4844,3.6271,3.4483,3.6263,3.6263,229621000
2013-08-06,3.6279,3.6800,3.5729,3.6557,3.6557,204134000
2013-08-07,3.6337,3.6781,3.5523,3.5601,3.5601,163289000
2013-08-08,3.5981,3.6271,3.5493,3.5771,3.5771,148001000
2013-08-09,3.5713,3.6244,3.5686,3.6107,3.6107,123228000
2013-08-12,3.5897,3.6714,3.5774,3.6657,3.6657,178045000
2013-08-13,3.6950,3.7457,3.6180,3.7027,3.7027,219408000
2013-08-14,3.6900,3.7684,3.6860,3.7401,3.7401,173999000
2013-08-15,3.7000,3.7213,3.5909,3.6201,3.6201,166292000
2013-08-16,3.6173,3.7164,3.5876,3.6981,3.6981,213542000
2013-08-19,3.6857,3.7643,3.6821,3.7111,3.7111,154973000
2013-08-20,3.7561,3.9077,3.7500,3.9041,3.9041,301406000
2013-08-21,3.8984,3.9236,3.8214,3.8624,3.8624,212583000
2013-08-22,3.8931,3.9066,3.8319,3.8536,3.8536,99617000
2013-08-23,3.8579,3.9770,3.8431,3.9766,3.9766,222852000
2013-08-26,3.9444,4.1420,3.9149,4.0389,4.0389,310177000
2013-08-27,3.9879,4.0840,3.9214,3.9434,3.9434,231385000
2013-08-28,3.9809,4.0714,3.9486,4.0480,4.0480,193557000
2013-08-29,4.0576,4.1461,4.0549,4.1121,4.1121,190596000
2013-08-30,4.1179,4.1261,4.0421,4.0559,4.0559,151494000
2013-09-03,4.1061,4.1530,4.0650,4.1286,4.1286,199696000
2013-09-04,4.1263,4.1866,4.0999,4.1776,4.1776,197015000
2013-09-05,4.2400,4.2704,4.2060,4.2159,4.2159,190722000
2013-09-06,4.2333,4.2359,4.1457,4.1649,4.1649,176988000
2013-09-09,4.1821,4.2186,4.1469,4.2021,4.2021,138404000
2013-09-10,4.2500,4.4749,4.2401,4.4723,4.4723,366821000
2013-09-11,4.4820,4.4883,4.3411,4.4043,4.4043,299404000
2013-09-12,4.3120,4.3779,4.2621,4.3059,4.3059,219478000
2013-09-13,4.3143,4.3714,4.2741,4.3664,4.3664,150297000
2013-09-16,4.4286,4.4313,4.3114,4.3166,4.3166,140553000
2013-09-17,4.3149,4.3323,4.2529,4.2793,4.2793,182007000
2013-09-18,4.2709,4.3954,4.2589,4.3846,4.3846,137396000
2013-09-19,4.4053,4.4107,4.3430,4.3643,4.3643,174496000
2013-09-20,4.3691,4.5127,4.3660,4.4833,4.4833,307916000
2013-09-23,4.5770,4.5770,4.2789,4.3149,4.3149,320306000
2013-09-24,4.3043,4.4200,4.2907,4.3784,4.3784,187803000
2013-09-25,4.4029,4.4400,4.3437,4.3877,4.3877,146391000
2013-09-26,4.4006,4.4927,4.3929,4.4787,4.4787,124607000
2013-09-27,4.4394,4.4789,4.4243,4.4629,4.4629,82992000
2013-09-30,4.3960,4.4593,4.3600,4.4173,4.4173,125286000
2013-10-01,4.4967,4.6386,4.4857,4.6374,4.6374,296933000
2013-10-02,4.6013,4.7657,4.5946,4.7247,4.7247,305837000
2013-10-03,4.7287,4.7786,4.5436,4.5960,4.5960,246134000
2013-10-04,4.6240,4.6900,4.5506,4.6751,4.6751,168140000
2013-10-07,4.6291,4.6710,4.5450,4.5451,4.5451,146349000
2013-10-08,4.5613,4.5931,4.2796,4.3189,4.3189,286783000
2013-10-09,4.2890,4.2940,4.0400,4.1204,4.1204,419489000
2013-10-10,4.3000,4.3919,4.2343,4.3427,4.3427,306950000
2013-10-11,4.3473,4.3944,4.2876,4.2979,4.2979,192003000
2013-10-14,4.4373,4.6467,4.3714,4.6337,4.6337,456596000
2013-10-15,4.6443,4.6761,4.5620,4.5956,4.5956,268485000
2013-10-16,4.5730,4.6500,4.5466,4.6126,4.6126,188433000
2013-10-17,4.6030,4.7173,4.5666,4.7157,4.7157,192724000
2013-10-18,4.7714,4.8069,4.6800,4.7643,4.7643,254548000
2013-10-21,4.8989,5.0774,4.8586,5.0713,5.0713,650902000
2013-10-22,5.5406,5.5594,4.5929,4.6074,4.6074,1810998000
2013-10-23,4.5331,4.7884,4.5286,4.7177,4.7177,583765000
2013-10-24,4.7349,4.8121,4.6237,4.7317,4.7317,335594000
2013-10-25,4.7286,4.8171,4.6559,4.6861,4.6861,240625000
2013-10-28,4.6430,4.7280,4.4544,4.4857,4.4857,342608000
2013-10-29,4.5510,4.6767,4.4171,4.6757,4.6757,309365000
2013-10-30,4.6960,4.6990,4.5089,4.5449,4.5449,216405000
2013-10-31,4.5444,4.6664,4.5100,4.6069,4.6069,184898000
2013-11-01,4.6976,4.7643,4.6557,4.7039,4.7039,220206000
2013-11-04,4.7279,4.8256,4.6450,4.8229,4.8229,219191000
2013-11-05,4.7934,4.8914,4.7579,4.8786,4.8786,172893000
2013-11-06,4.8499,4.9196,4.7541,4.7947,4.7947,207333000
2013-11-07,4.8429,4.8524,4.6451,4.6694,4.6694,200074000
2013-11-08,4.6703,4.7943,4.6503,4.7843,4.7843,194488000
2013-11-11,4.7536,4.8500,4.6946,4.8273,4.8273,168154000
2013-11-12,4.8026,4.8500,4.7336,4.7676,4.7676,122318000
2013-11-13,4.7603,4.7923,4.7014,4.7897,4.7897,119679000
2013-11-14,4.7970,4.9143,4.7874,4.8939,4.8939,201047000
2013-11-15,4.9229,4.9984,4.9011,4.9966,4.9966,201523000
2013-11-18,5.0000,5.0070,4.8500,4.8824,4.8824,202475000
2013-11-19,4.8681,4.9546,4.7749,4.8184,4.8184,170576000
2013-11-20,4.9050,4.9479,4.8236,4.8503,4.8503,194817000
2013-11-21,4.8891,4.9811,4.8810,4.9786,4.9786,159894000
2013-11-22,4.9833,5.0086,4.9143,4.9693,4.9693,142023000
2013-11-25,4.9557,5.0419,4.9287,5.0034,5.0034,139846000
2013-11-26,5.0071,5.0923,4.9653,5.0743,5.0743,146832000
2013-11-27,5.1016,5.1979,5.0506,5.1784,5.1784,168329000
2013-11-29,5.2007,5.2543,5.1859,5.2257,5.2257,83881000
2013-12-02,5.2126,5.2566,5.1373,5.1989,5.1989,116753000
2013-12-03,5.1699,5.1940,5.0929,5.1849,5.1849,134008000
2013-12-04,5.1513,5.2664,5.0893,5.0896,5.0896,193956000
2013-12-05,5.1114,5.1590,5.0484,5.1151,5.1151,137935000
2013-12-06,5.1577,5.1619,5.0286,5.0634,5.0634,120757000
2013-12-09,5.0739,5.1410,5.0516,5.0810,5.0810,117187000
2013-12-10,5.0714,5.2063,5.0474,5.1871,5.1871,140896000
2013-12-11,5.2053,5.3023,5.1746,5.1997,5.1997,200669000
2013-12-12,5.1953,5.3549,5.1936,5.3333,5.3333,213185000
2013-12-13,5.3736,5.3857,5.2687,5.2710,5.2710,178549000
2013-12-16,5.2854,5.3000,5.2036,5.2330,5.2330,139111000
2013-12-17,5.2393,5.3957,5.2324,5.3553,5.3553,184485000
2013-12-18,5.3409,5.3857,5.2359,5.3749,5.3749,198814000
2013-12-19,5.3457,5.4266,5.3336,5.3820,5.3820,138495000
2013-12-20,5.3786,5.4241,5.3477,5.3667,5.3667,188174000
2013-12-23,5.4099,5.4776,5.3804,5.4369,5.4369,126245000
2013-12-24,5.4394,5.4851,5.3926,5.4056,5.4056,55776000
2013-12-26,5.4016,5.4416,5.3690,5.3847,5.3847,122689000
2013-12-27,5.3873,5.4107,5.2259,5.2500,5.2500,169484000
2013-12-30,5.2517,5.2791,5.1291,5.2427,5.2427,150752000
2013-12-31,5.2214,5.2736,5.1947,5.2596,5.2596,105168000
2014-01-02,5.2401,5.2511,5.1543,5.1831,5.1831,123256000
2014-01-03,5.2000,5.2496,5.1843,5.1871,5.1871,108171000
2014-01-06,5.1890,5.2044,5.0476,5.1367,5.1367,155015000
2014-01-07,4.9684,4.9699,4.8153,4.8500,4.8500,361676000
2014-01-08,4.8104,4.9426,4.8074,4.8713,4.8713,200011000
2014-01-09,4.8824,4.9140,4.7857,4.8150,4.8150,170072000
2014-01-10,4.8296,4.8377,4.7219,4.7449,4.7449,162379000
2014-01-13,4.7304,4.9810,4.7304,4.8116,4.8116,272370000
2014-01-14,4.8777,4.8800,4.7510,4.8280,4.8280,197400000
2014-01-15,4.7857,4.8367,4.5581,4.7197,4.7197,404320000
2014-01-16,4.6916,4.7696,4.6003,4.7383,4.7383,211358000
2014-01-17,4.7439,4.7831,4.6891,4.7149,4.7149,164171000
2014-01-21,4.7461,4.7496,4.5750,4.6959,4.6959,252203000
2014-01-22,4.7071,4.7777,4.6764,4.7676,4.7676,483420000
2014-01-23,5.5343,5.6519,5.3927,5.5531,5.5531,912800000
2014-01-24,5.4811,5.5814,5.4769,5.5154,5.5154,354669000
2014-01-27,5.5341,5.5929,5.2937,5.4461,5.4461,325269000
2014-01-28,5.4474,5.8201,5.4394,5.8110,5.8110,435904000
2014-01-29,5.7589,5.8191,5.6864,5.7203,5.7203,289681000
2014-01-30,5.8157,5.8456,5.7359,5.7810,5.7810,183792000
2014-01-31,5.7473,5.8914,5.7471,5.8476,5.8476,236250000
2014-02-03,5.8843,5.8879,5.7246,5.7769,5.7769,201453000
2014-02-04,5.7921,5.8361,5.6716,5.7987,5.7987,180663000
2014-02-05,5.7593,5.8250,5.6857,5.7774,5.7774,167629000
2014-02-06,5.8060,5.8701,5.7203,5.8273,5.8273,128520000
2014-02-07,5.9063,6.1500,5.8651,6.1426,6.1426,329210000
2014-02-10,6.1347,6.1767,6.0611,6.1491,6.1491,138124000
2014-02-11,6.1423,6.2251,6.0787,6.1999,6.1999,136675000
2014-02-12,6.2111,6.2129,6.0791,6.1276,6.1276,156730000
2014-02-13,6.0813,6.2784,6.0714,6.2364,6.2364,187005000
2014-02-14,6.2437,6.2529,6.1670,6.2216,6.2216,119854000
2014-02-18,6.2423,6.3034,6.1143,6.2407,6.2407,155078000
2014-02-19,6.1667,6.2321,6.1139,6.1176,6.1176,160314000
2014-02-20,6.1479,6.2539,6.1309,6.2136,6.2136,119651000
2014-02-21,6.2671,6.2671,6.1379,6.1747,6.1747,134834000
2014-02-24,6.2210,6.4241,6.1214,6.3857,6.3857,260435000
2014-02-25,6.4286,6.5399,6.3571,6.4719,6.4719,187005000
2014-02-26,6.5129,6.5143,6.3714,6.4113,6.4113,150101000
2014-02-27,6.3977,6.4876,6.3977,6.4604,6.4604,103047000
2014-02-28,6.4733,6.4886,6.3000,6.3661,6.3661,157514000
2014-03-03,6.3027,6.3679,6.2586,6.3656,6.3656,135282000
2014-03-04,6.4417,6.5000,6.3656,6.4997,6.4997,123879000
2014-03-05,6.4856,6.5263,6.4559,6.4786,6.4786,108689000
2014-03-06,6.4991,6.5429,6.4141,6.4359,6.4359,118090000
2014-03-07,6.4867,6.4934,6.3644,6.4053,6.4053,115738000
2014-03-10,6.4067,6.4111,6.1729,6.2850,6.2850,154392000
2014-03-11,6.3234,6.3811,6.2236,6.2497,6.2497,104482000
2014-03-12,6.1954,6.2786,6.1383,6.2369,6.2369,121345000
2014-03-13,6.2816,6.2897,6.1183,6.1437,6.1437,113904000
2014-03-14,6.1104,6.2141,6.0429,6.0641,6.0641,149891000
2014-03-17,6.1170,6.1543,6.0330,6.0389,6.0389,106953000
2014-03-18,6.0339,6.0894,5.9500,6.0036,6.0036,146881000
2014-03-19,5.9981,6.0779,5.9580,6.0013,6.0013,105315000
2014-03-20,5.9953,6.1743,5.9929,6.0610,6.0610,144949000
2014-03-21,6.0871,6.1191,5.7963,5.7999,5.7999,267708000
2014-03-24,5.7927,5.8064,5.2657,5.4129,5.4129,424837000
2014-03-25,5.4143,5.4990,5.2250,5.2977,5.2977,303569000
2014-03-26,5.3287,5.3921,5.2367,5.3183,5.3183,271523000
2014-03-27,5.3001,5.3976,5.1647,5.2026,5.2026,286720000
2014-03-28,5.1460,5.2714,5.0821,5.1267,5.1267,246995000
2014-03-31,5.1644,5.2409,4.9983,5.0290,5.0290,221256000
2014-04-01,5.0250,5.2179,5.0249,5.2099,5.2099,213388000
2014-04-02,5.2237,5.3007,5.1186,5.1840,5.1840,241941000
2014-04-03,5.1619,5.2157,5.0014,5.0670,5.0670,219835000
2014-04-04,5.0779,5.0857,4.7983,4.8187,4.8187,349580000
2014-04-07,4.8644,4.9741,4.7301,4.8286,4.8286,373513000
2014-04-08,4.8579,5.0113,4.8341,4.9841,4.9841,257614000
2014-04-09,5.0147,5.0557,4.9021,5.0433,5.0433,205114000
2014-04-10,5.0640,5.1069,4.7716,4.7819,4.7819,248710000
2014-04-11,4.7257,4.7831,4.6230,4.6673,4.6673,301462000
2014-04-14,4.7556,4.7857,4.6506,4.7369,4.7369,179942000
2014-04-15,4.7011,4.7367,4.4586,4.6610,4.6610,307993000
2014-04-16,4.7293,4.7710,4.6194,4.7344,4.7344,161147000
2014-04-17,4.8109,4.9961,4.7500,4.9391,4.9391,321160000
2014-04-21,4.9900,4.9914,4.8329,4.9784,4.9784,478926000
2014-04-22,5.3804,5.4411,5.2119,5.3271,5.3271,647024000
2014-04-23,5.1819,5.2500,5.0429,5.0500,5.0500,402850000
2014-04-24,5.0357,5.0843,4.7829,4.9153,4.9153,306390000
2014-04-25,4.8209,4.8773,4.6000,4.6011,4.6011,330715000
2014-04-28,4.5436,4.5843,4.2786,4.4887,4.4887,471233000
2014-04-29,4.4606,4.6376,4.4576,4.5696,4.5696,231329000
2014-04-30,4.5417,4.6057,4.4321,4.6006,4.6006,236187000
2014-05-01,4.6293,4.9384,4.6150,4.8074,4.8074,370013000
2014-05-02,4.8216,4.9129,4.7721,4.8664,4.8664,261947000
2014-05-05,4.8296,4.9354,4.8014,4.9197,4.9197,203308000
2014-05-06,4.9103,4.9674,4.6520,4.6599,4.6599,227227000
2014-05-07,4.6590,4.6834,4.5030,4.5791,4.5791,256809000
2014-05-08,4.5309,4.7389,4.4909,4.5951,4.5951,211687000
2014-05-09,4.6011,4.7134,4.5336,4.6936,4.6936,179683000
2014-05-12,4.7266,4.9361,4.7217,4.9350,4.9350,213955000
2014-05-13,4.9207,5.0610,4.8677,4.9591,4.9591,208320000
2014-05-14,4.9579,5.0629,4.9437,5.0269,5.0269,198919000
2014-05-15,5.0121,5.0256,4.8483,4.9170,4.9170,233702000
2014-05-16,4.9353,4.9996,4.8549,4.9983,4.9983,190722000
2014-05-19,4.9571,5.2460,4.9507,5.2071,5.2071,253932000
2014-05-20,5.2144,5.3243,5.1771,5.3096,5.3096,288281000
2014-05-21,5.3589,5.5813,5.3336,5.5800,5.5800,399399000
2014-05-22,5.5840,5.6786,5.5357,5.5971,5.5971,332227000
2014-05-23,5.5949,5.7496,5.5666,5.7479,5.7479,221221000
2014-05-27,5.7429,5.7460,5.6164,5.6973,5.6973,267351000
2014-05-28,5.6743,5.7886,5.6214,5.7320,5.7320,198737000
2014-05-29,5.7629,5.9427,5.7079,5.9314,5.9314,228445000
2014-05-30,5.9311,6.0249,5.8801,5.9690,5.9690,292488000
2014-06-02,5.9926,6.0416,5.8929,6.0294,6.0294,204806000
2014-06-03,5.9999,6.0800,5.9579,5.9653,5.9653,171332000
2014-06-04,5.9537,6.0643,5.9043,6.0459,6.0459,174328000
2014-06-05,6.0536,6.1343,5.9796,6.1193,6.1193,189308000
2014-06-06,6.1430,6.2127,6.1194,6.1447,6.1447,157304000
2014-06-09,6.1357,6.1521,6.0013,6.0441,6.0441,166789000
2014-06-10,6.0789,6.2291,6.0717,6.1184,6.1184,229201000
2014-06-11,6.0747,6.1800,6.0714,6.1429,6.1429,137459000
2014-06-12,6.1296,6.1464,6.0071,6.0350,6.0350,158032000
2014-06-13,6.0429,6.1129,5.9601,6.1101,6.1101,157787000
2014-06-16,6.0933,6.1601,6.0489,6.1466,6.1466,125062000
2014-06-17,6.2577,6.4013,6.2539,6.3379,6.3379,289961000
2014-06-18,6.3381,6.4403,6.2893,6.4097,6.4097,187866000
2014-06-19,6.4204,6.4213,6.2580,6.3056,6.3056,173082000
2014-06-20,6.3029,6.3269,6.2140,6.2883,6.2883,132223000
2014-06-23,6.2766,6.3123,6.2221,6.2789,6.2789,106729000
2014-06-24,6.2579,6.4277,6.2214,6.2337,6.2337,203672000
2014-06-25,6.2143,6.3537,6.1904,6.3459,6.3459,157521000
2014-06-26,6.2970,6.3163,6.2393,6.2801,6.2801,142373000
2014-06-27,6.2617,6.3313,6.2486,6.3154,6.3154,155876000
2014-06-30,6.3266,6.3839,6.2813,6.2943,6.2943,105889000
2014-07-01,6.5176,6.7669,6.5043,6.7586,6.7586,379953000
2014-07-02,6.7640,6.7981,6.6577,6.6677,6.6677,173096000
2014-07-03,6.7166,6.7517,6.6981,6.7479,6.7479,113596000
2014-07-07,6.7443,6.7461,6.5714,6.5803,6.5803,182966000
2014-07-08,6.5664,6.5857,6.2754,6.3579,6.3579,261828000
2014-07-09,6.3740,6.4191,6.2819,6.3286,6.3286,210112000
2014-07-10,6.2056,6.3456,6.1171,6.2650,6.2650,243887000
2014-07-11,6.3066,6.3447,6.2450,6.2851,6.2851,142191000
2014-07-14,6.3329,6.5069,6.2714,6.4654,6.4654,174335000
2014-07-15,6.4384,6.4481,6.3181,6.4156,6.4156,135058000
2014-07-16,6.4867,6.5100,6.3343,6.3491,6.3491,134386000
2014-07-17,6.3326,6.4121,6.2613,6.2766,6.2766,132664000
2014-07-18,6.2973,6.3471,6.2250,6.3453,6.3453,117607000
2014-07-21,6.4527,6.5357,6.3946,6.4564,6.4564,346710000
2014-07-22,6.3283,6.3524,6.0723,6.1584,6.1584,571746000
2014-07-23,6.1487,6.2201,6.0930,6.1129,6.1129,172676000
2014-07-24,6.1353,6.1459,5.9860,6.0769,6.0769,186214000
2014-07-25,6.0714,6.1167,6.0057,6.0266,6.0266,116102000
2014-07-28,6.0316,6.0844,5.9789,6.0666,6.0666,119609000
2014-07-29,6.0459,6.1199,6.0459,6.0611,6.0611,92820000
2014-07-30,6.0679,6.2184,6.0616,6.2051,6.2051,152635000
2014-07-31,6.1466,6.1853,6.0184,6.0389,6.0389,138201000
2014-08-01,6.0251,6.1104,5.8930,6.0771,6.0771,189476000
2014-08-04,6.1029,6.1429,6.0111,6.0386,6.0386,106869000
2014-08-05,6.0186,6.1143,6.0044,6.0407,6.0407,106533000
2014-08-06,6.0143,6.2129,6.0079,6.1471,6.1471,158354000
2014-08-07,6.2186,6.4279,6.2079,6.4239,6.4239,273133000
2014-08-08,6.4314,6.4424,6.3150,6.3693,6.3693,154952000
2014-08-11,6.4174,6.5379,6.4101,6.4506,6.4506,132468000
2014-08-12,6.4479,6.4714,6.3344,6.3773,6.3773,108451000
2014-08-13,6.4086,6.4889,6.3831,6.4504,6.4504,90580000
2014-08-14,6.4601,6.5000,6.4031,6.4410,6.4410,66766000
2014-08-15,6.4499,6.6000,6.4086,6.5584,6.5584,220367000
2014-08-18,6.6009,6.7071,6.5893,6.6571,6.6571,134960000
2014-08-19,6.6727,6.7214,6.6061,6.6879,6.6879,108976000
2014-08-20,6.6714,6.7679,6.6363,6.7456,6.7456,121639000
2014-08-21,6.7326,6.8021,6.6810,6.7436,6.7436,117467000
2014-08-22,6.7277,6.8507,6.7150,6.8456,6.8456,137354000
2014-08-25,6.8793,6.9329,6.8219,6.8704,6.8704,134848000
2014-08-26,6.8357,6.8836,6.7793,6.8480,6.8480,101374000
2014-08-27,6.8486,6.8607,6.7661,6.7814,6.7814,103943000
2014-08-28,6.7521,6.8211,6.7259,6.7887,6.7887,75845000
2014-08-29,6.8121,6.8643,6.7734,6.8234,6.8234,98385000
2014-09-02,6.8357,6.8399,6.7799,6.8086,6.8086,88067000
2014-09-03,6.8646,6.9657,6.8076,6.8199,6.8199,162190000
2014-09-04,6.8444,6.8813,6.7447,6.7524,6.7524,119588000
2014-09-05,6.7604,6.8193,6.7153,6.7954,6.7954,119532000
2014-09-08,6.7771,6.8657,6.7743,6.8476,6.8476,76685000
2014-09-09,6.9471,6.9899,6.8057,6.8430,6.8430,197379000
2014-09-10,6.8600,6.9250,6.8149,6.9199,6.9199,91049000
2014-09-11,6.8939,6.9194,6.8524,6.8794,6.8794,78652000
2014-09-12,6.9093,6.9270,6.8017,6.8079,6.8079,134253000
2014-09-15,6.8220,6.8220,6.5264,6.5393,6.5393,206171000
2014-09-16,6.4057,6.5449,6.3657,6.5273,6.5273,268387000
2014-09-17,6.5273,6.5553,6.4470,6.4933,6.4933,121331000
2014-09-18,6.5353,6.5909,6.4760,6.5573,6.5573,106302000
2014-09-19,6.5857,6.5904,6.4881,6.5360,6.5360,119609000
2014-09-22,6.5181,6.5279,6.2697,6.3254,6.3254,161693000
2014-09-23,6.3033,6.4001,6.2929,6.3414,6.3414,114716000
2014-09-24,6.3494,6.4523,6.3220,6.4366,6.4366,95515000
2014-09-25,6.4271,6.4621,6.3203,6.3356,6.3356,98399000
2014-09-26,6.3571,6.4377,6.3413,6.4107,6.4107,104048000
2014-09-29,6.3439,6.4363,6.3146,6.4223,6.4223,95165000
2014-09-30,6.4614,6.5313,6.4257,6.4454,6.4454,124726000
2014-10-01,6.4099,6.4286,6.2470,6.2686,6.2686,154161000
2014-10-02,6.2700,6.4356,6.2554,6.4283,6.4283,184506000
2014-10-03,6.4741,6.5800,6.4644,6.5649,6.5649,152901000
2014-10-06,6.6000,6.6744,6.5857,6.6211,6.6211,137095000
2014-10-07,6.5871,6.6611,6.5143,6.5179,6.5179,137592000
2014-10-08,6.5236,6.6800,6.4483,6.6694,6.6694,143325000
2014-10-09,6.6661,6.6856,6.5651,6.5946,6.5946,149282000
2014-10-10,6.5686,6.6406,6.4491,6.4583,6.4583,191107000
2014-10-13,6.4464,6.4639,6.1857,6.2654,6.2654,202167000
2014-10-14,6.3644,6.4570,6.2590,6.4160,6.4160,167475000
2014-10-15,6.3496,6.4426,6.1454,6.4084,6.4084,599277000
2014-10-16,4.7533,5.2310,4.7286,5.1671,5.1671,923048000
2014-10-17,5.1401,5.1439,4.8786,5.1013,5.1013,791609000
2014-10-20,5.0857,5.2741,5.0793,5.1317,5.1317,335293000
2014-10-21,5.1751,5.2399,5.0777,5.2284,5.2284,193655000
2014-10-22,5.2713,5.4569,5.1886,5.3521,5.3521,321503000
2014-10-23,5.4360,5.5110,5.4036,5.4720,5.4720,199164000
2014-10-24,5.4654,5.5286,5.4401,5.5003,5.5003,146573000
2014-10-27,5.4843,5.4929,5.3814,5.4200,5.4200,149443000
2014-10-28,5.4250,5.5267,5.4050,5.5174,5.5174,117369000
2014-10-29,5.5174,5.5240,5.3967,5.4014,5.4014,125076000
2014-10-30,5.3930,5.4620,5.3514,5.4144,5.4144,105938000
2014-10-31,5.4914,5.6253,5.4857,5.6110,5.6110,204701000
2014-11-03,5.6176,5.6503,5.5016,5.5487,5.5487,175812000
2014-11-04,5.5274,5.5321,5.4110,5.4683,5.4683,113897000
2014-11-05,5.5087,5.5406,5.3770,5.4340,5.4340,136458000
2014-11-06,5.4000,5.5047,5.3907,5.4757,5.4757,99918000
2014-11-07,5.4777,5.5036,5.4186,5.4880,5.4880,93037000
2014-11-10,5.4714,5.5636,5.4143,5.5324,5.5324,97111000
2014-11-11,5.5324,5.6300,5.4544,5.4650,5.4650,148386000
2014-11-12,5.4447,5.5137,5.3863,5.4837,5.4837,109585000
2014-11-13,5.4923,5.5007,5.3933,5.4201,5.4201,104902000
2014-11-14,5.4197,5.5317,5.4081,5.5149,5.5149,109886000
2014-11-17,5.5054,5.5643,5.4393,5.4449,5.4449,92253000
2014-11-18,5.4429,5.4986,5.4361,5.4433,5.4433,79212000
2014-11-19,5.4744,5.5293,5.1809,5.1871,5.1871,245154000
2014-11-20,5.1870,5.3323,5.1571,5.2591,5.2591,154252000
2014-11-21,5.3211,5.3321,5.1357,5.1469,5.1469,178780000
2014-11-24,5.1509,5.1923,5.0771,5.0924,5.0924,178640000
2014-11-25,5.0146,5.0347,4.9143,4.9856,4.9856,281008000
2014-11-26,5.0154,5.0527,4.9746,5.0166,5.0166,100632000
2014-11-28,5.0513,5.0571,4.9427,4.9513,4.9513,67025000
2014-12-01,4.9286,4.9571,4.8234,4.8830,4.8830,119644000
2014-12-02,4.8757,5.0477,4.8691,5.0330,5.0330,142716000
2014-12-03,5.0221,5.0731,4.9181,5.0731,5.0731,138194000
2014-12-04,5.0429,5.1136,4.9909,5.0086,5.0086,118538000
2014-12-05,5.0147,5.0643,4.9733,5.0131,5.0131,99302000
2014-12-08,4.9881,4.9983,4.8290,4.8497,4.8497,136213000
2014-12-09,4.7820,4.9337,4.7003,4.9111,4.9111,179767000
2014-12-10,4.9021,4.9247,4.7666,4.7760,4.7760,126448000
2014-12-11,4.8013,4.8700,4.7656,4.7804,4.7804,117691000
2014-12-12,4.7417,4.8323,4.6980,4.7783,4.7783,135212000
2014-12-15,4.8056,4.8419,4.6619,4.6720,4.6720,120190000
2014-12-16,4.6427,4.7070,4.5143,4.5206,4.5206,169477000
2014-12-17,4.5376,4.7867,4.5077,4.7664,4.7664,201929000
2014-12-18,4.8400,4.8929,4.7233,4.7774,4.7774,156394000
2014-12-19,4.7900,4.8720,4.7621,4.8589,4.8589,150479000
2014-12-22,4.8543,4.9240,4.7749,4.8097,4.8097,79940000
2014-12-23,4.8287,4.8429,4.7473,4.8061,4.8061,82915000
2014-12-24,4.8073,4.9070,4.7999,4.8871,4.8871,54110000
2014-12-26,4.8844,4.9484,4.8534,4.8579,4.8579,88473000
2014-12-29,4.7970,4.9104,4.7653,4.8847,4.8847,85883000
2014-12-30,4.8714,4.9140,4.8539,4.9033,4.9033,70112000
2014-12-31,4.9033,4.9391,4.8787,4.8801,4.8801,86275000
2015-01-02,4.9151,5.0331,4.8731,4.9849,4.9849,134750000
2015-01-05,4.9259,4.9259,4.7147,4.7311,4.7311,181650000
2015-01-06,4.7347,4.7640,4.5661,4.6501,4.6501,160377000
2015-01-07,4.7347,4.7421,4.6271,4.6743,4.6743,98497000
2015-01-08,4.7120,4.7836,4.6479,4.7780,4.7780,96019000
2015-01-09,4.7631,4.8020,4.6899,4.7041,4.7041,95781000
2015-01-12,4.7090,4.7199,4.5264,4.5547,4.5547,129444000
2015-01-13,4.6021,4.7049,4.5900,4.6256,4.6256,187215000
2015-01-14,4.7071,4.7370,4.5680,4.6320,4.6320,198849000
2015-01-15,4.6547,4.6786,4.5844,4.6251,4.6251,116690000
2015-01-16,4.6857,4.8250,4.6381,4.8191,4.8191,196966000
2015-01-20,4.8571,5.0000,4.7714,4.9829,4.9829,405510000
2015-01-21,5.9234,5.9240,5.7410,5.8469,5.8469,669025000
2015-01-22,5.8571,6.1374,5.7829,6.1206,6.1206,333193000
2015-01-23,6.0989,6.2743,6.0881,6.2494,6.2494,267841000
2015-01-26,6.2571,6.3899,6.1957,6.3794,6.3794,212688000
2015-01-27,6.3087,6.5340,6.3050,6.4881,6.4881,246127000
2015-01-28,6.4741,6.4821,6.3081,6.3209,6.3209,245329000
2015-01-29,6.3204,6.3927,6.2500,6.3400,6.3400,151277000
2015-01-30,6.3133,6.3984,6.2656,6.3114,6.3114,132153000
2015-02-02,6.2843,6.3429,6.1956,6.3010,6.3010,129906000
2015-02-03,6.3320,6.5467,6.2730,6.5274,6.5274,164402000
2015-02-04,6.5041,6.5174,6.3890,6.4101,6.4101,124509000
2015-02-05,6.4541,6.5139,6.3666,6.4130,6.4130,142485000
2015-02-06,6.4250,6.4429,6.3176,6.3480,6.3480,88984000
2015-02-09,6.3199,6.3786,6.2637,6.3296,6.3296,81732000
2015-02-10,6.3460,6.5157,6.3101,6.4850,6.4850,154189000
2015-02-11,6.4830,6.6141,6.4557,6.4984,6.4984,139531000
2015-02-12,6.5059,6.5607,6.4451,6.5247,6.5247,84644000
2015-02-13,6.5429,6.6630,6.5423,6.6586,6.6586,129689000
2015-02-17,6.6516,6.7371,6.5944,6.7137,6.7137,111706000
2015-02-18,6.7023,6.8070,6.6646,6.7866,6.7866,103166000
2015-02-19,6.7857,6.8714,6.7574,6.7800,6.7800,104321000
2015-02-20,6.7950,6.8374,6.7637,6.8314,6.8314,94220000
2015-02-23,6.8300,6.8314,6.7143,6.7406,6.7406,90314000
2015-02-24,6.7373,6.8084,6.7356,6.7840,6.7840,60753000
2015-02-25,6.7807,6.8794,6.7807,6.8333,6.8333,68544000
2015-02-26,6.8626,6.9500,6.8430,6.9004,6.9004,108528000
2015-02-27,6.9081,6.9429,6.7819,6.7844,6.7844,115164000
2015-03-02,6.7714,6.8607,6.7234,6.8607,6.8607,101871000
2015-03-03,6.8344,6.8457,6.7507,6.7816,6.7816,74263000
2015-03-04,6.7530,6.7926,6.6183,6.7110,6.7110,174538000
2015-03-05,6.7429,6.7464,6.6420,6.6807,6.6807,112448000
2015-03-06,6.6643,6.6926,6.4844,6.4874,6.4874,128884000
2015-03-09,6.4990,6.5093,6.2829,6.3661,6.3661,189707000
2015-03-10,6.3016,6.3351,6.1983,6.2151,6.2151,179473000
2015-03-11,6.2240,6.3940,6.2240,6.2884,6.2884,163632000
2015-03-12,6.3347,6.4583,6.3340,6.4046,6.4046,146545000
2015-03-13,6.3907,6.4057,6.2367,6.2629,6.2629,101612000
2015-03-16,6.1547,6.1547,5.9620,6.0281,6.0281,267960000
2015-03-17,5.9713,6.0694,5.9384,5.9789,5.9789,184282000
2015-03-18,5.9739,6.0650,5.9300,6.0446,6.0446,146349000
2015-03-19,6.0460,6.1211,6.0256,6.0744,6.0744,114499000
2015-03-20,6.1337,6.1786,6.0896,6.1186,6.1186,136416000
2015-03-23,6.0890,6.1156,6.0330,6.0714,6.0714,76643000
2015-03-24,6.1136,6.3099,6.1119,6.2611,6.2611,168889000
2015-03-25,6.2684,6.2691,6.0244,6.0250,6.0250,216524000
2015-03-26,5.9629,6.0447,5.9390,5.9751,5.9751,160391000
2015-03-27,5.9330,5.9847,5.8573,5.9253,5.9253,158522000
2015-03-30,5.9716,6.0564,5.9364,6.0367,6.0367,132727000
2015-03-31,6.0110,6.0420,5.9456,5.9527,5.9527,142485000
2015-04-01,5.9643,5.9786,5.8703,5.9017,5.9017,146398000
2015-04-02,5.9071,5.9607,5.8861,5.9154,5.9154,98644000
2015-04-06,5.8769,6.0447,5.8464,6.0330,6.0330,107303000
2015-04-07,6.0497,6.0849,6.0043,6.0494,6.0494,99771000
2015-04-08,6.1201,6.3107,6.1184,6.3050,6.3050,223279000
2015-04-09,6.3000,6.3136,6.2114,6.2786,6.2786,134554000
2015-04-10,6.4397,6.4996,6.3947,6.4939,6.4939,223671000
2015-04-13,6.7240,6.9286,6.7057,6.7811,6.7811,444367000
2015-04-14,6.8857,6.9143,6.7421,6.8387,6.8387,286419000
2015-04-15,6.8704,6.8704,6.7364,6.7923,6.7923,425285000
2015-04-16,7.6000,8.1250,7.5714,8.0293,8.0293,1045009000
2015-04-17,7.9779,8.2143,7.9714,8.1650,8.1650,583065000
2015-04-20,8.1786,8.2304,8.0381,8.1056,8.1056,307664000
2015-04-21,8.1234,8.1484,7.9800,8.0063,8.0063,159257000
2015-04-22,8.0211,8.0713,7.9544,7.9669,7.9669,120897000
2015-04-23,7.9656,8.0343,7.8956,7.9866,7.9866,126875000
2015-04-24,8.0173,8.0809,7.9507,7.9771,7.9771,110453000
2015-04-27,8.0293,8.1786,8.0230,8.0869,8.0869,152467000
2015-04-28,8.0590,8.1279,7.9944,8.0437,8.0437,88263000
2015-04-29,8.0070,8.1056,7.9644,8.0407,8.0407,95347000
2015-04-30,8.0237,8.0836,7.9124,7.9500,7.9500,105651000
2015-05-01,7.9856,7.9967,7.8894,7.9576,7.9576,89061000
2015-05-04,7.9571,7.9714,7.8900,7.9271,7.9271,79674000
2015-05-05,8.1239,8.2443,8.0757,8.0793,8.0793,271166000
2015-05-06,8.1029,8.1214,7.9521,8.0077,8.0077,115045000
2015-05-07,8.0114,8.0794,7.9457,8.0749,8.0749,102207000
2015-05-08,8.1041,8.2153,8.0964,8.2086,8.2086,138285000
2015-05-11,8.2324,8.4857,8.2186,8.4279,8.4279,238826000
2015-05-12,8.3809,8.3809,8.2993,8.3377,8.3377,119070000
2015-05-13,8.3404,8.4197,8.2691,8.2873,8.2873,111559000
2015-05-14,8.3286,8.3924,8.2330,8.3836,8.3836,88984000
2015-05-15,8.6364,8.8349,8.5756,8.7607,8.7607,370531000
2015-05-18,8.7544,8.8534,8.7024,8.8267,8.8267,148120000
2015-05-19,8.8889,8.9786,8.7810,8.8069,8.8069,191016000
2015-05-20,8.8214,8.9109,8.7363,8.8790,8.8790,127568000
2015-05-21,8.9081,8.9571,8.8181,8.9003,8.9003,127673000
2015-05-22,8.9179,8.9407,8.8693,8.8839,8.8839,74662000
2015-05-26,8.8874,8.9061,8.7786,8.7993,8.7993,96460000
2015-05-27,8.8143,8.9907,8.7929,8.9857,8.9857,105063000
2015-05-28,8.9714,8.9856,8.8930,8.9507,8.9507,78218000
2015-05-29,8.9473,9.0206,8.8956,8.9151,8.9151,127120000
2015-06-01,8.8837,8.9121,8.7944,8.9003,8.9003,99260000
2015-06-02,8.8711,8.9679,8.8406,8.9130,8.9130,75292000
2015-06-03,8.9243,8.9733,8.8644,8.8809,8.8809,62377000
2015-06-04,8.8379,8.9429,8.8043,8.9349,8.9349,100744000
2015-06-05,8.9214,9.0540,8.9126,9.0460,9.0460,116242000
2015-06-08,9.0714,9.0816,8.8996,8.9604,8.9604,111489000
2015-06-09,8.9334,9.2714,8.9334,9.2450,9.2450,220248000
2015-06-10,9.3396,9.8970,9.3226,9.5871,9.5871,571214000
2015-06-11,9.6890,9.6919,9.4087,9.5094,9.5094,266231000
2015-06-12,9.4916,9.5343,9.4124,9.4419,9.4419,102788000
2015-06-15,9.2857,9.3591,9.1659,9.3431,9.3431,190540000
2015-06-16,9.4243,9.5607,9.3691,9.5273,9.5273,160433000
2015-06-17,9.5133,9.5133,9.3957,9.4271,9.4271,99050000
2015-06-18,9.4651,9.5341,9.4369,9.4743,9.4743,89628000
2015-06-19,9.6243,9.6419,9.3821,9.3871,9.3871,198149000
2015-06-22,9.5043,9.6693,9.4189,9.6414,9.6414,167328000
2015-06-23,9.6336,9.7390,9.5750,9.7313,9.7313,156261000
2015-06-24,10.0014,10.0891,9.6397,9.6944,9.6944,771386000
2015-06-25,9.5481,9.6000,9.3459,9.4891,9.4891,416234000
2015-06-26,9.5300,9.5314,9.3089,9.3089,9.3089,303149000
2015-06-29,9.1506,9.2913,9.1117,9.2231,9.2231,245756000
2015-06-30,9.3357,9.4356,9.2786,9.3849,9.3849,168805000
2015-07-01,9.4806,9.5239,9.3219,9.3636,9.3636,146993000
2015-07-02,9.3999,9.4199,9.3214,9.4044,9.4044,110530000
2015-07-06,9.3473,9.4929,9.3340,9.4571,9.4571,118083000
2015-07-07,9.5013,9.5427,9.2623,9.4091,9.4091,215733000
2015-07-08,9.3471,9.3996,9.2284,9.3507,9.3507,129906000
2015-07-09,9.4900,9.5846,9.4286,9.5727,9.5727,167314000
2015-07-10,9.7523,9.8503,9.6900,9.7229,9.7229,216363000
2015-07-13,9.8099,10.2309,9.8079,10.1087,10.1087,332052000
2015-07-14,10.1271,10.1636,9.9653,10.0371,10.0371,197365000
2015-07-15,9.9970,10.0750,9.7050,9.8130,9.8130,308986000
2015-07-16,11.1020,11.6490,10.7680,11.5810,11.5810,634610000
2015-07-17,11.7340,11.7880,11.4240,11.4770,11.4770,251369000
2015-07-20,11.4700,11.4700,11.0140,11.0550,11.0550,226769000
2015-07-21,11.0210,11.3710,10.9320,11.2510,11.2510,140854000
2015-07-22,11.2140,11.3880,11.0560,11.1500,11.1500,105005000
2015-07-23,11.0910,11.2180,10.9840,11.0100,11.0100,83068000
2015-07-24,11.1550,11.1680,10.8900,10.9340,10.9340,81251000
2015-07-27,10.7790,10.9860,10.6250,10.6430,10.6430,113026000
2015-07-28,10.7290,10.7940,10.3880,10.6900,10.6900,111559000
2015-07-29,10.6830,10.7750,10.5400,10.7080,10.7080,66956000
2015-07-30,10.6400,11.1900,10.5400,11.1560,11.1560,142292000
2015-07-31,11.1950,11.5000,11.1150,11.4310,11.4310,163491000
2015-08-03,11.4600,11.4600,11.1780,11.2560,11.2560,101448000
2015-08-04,11.3150,12.2790,11.3000,12.1150,12.1150,296533000
2015-08-05,12.5620,12.9290,12.2710,12.3710,12.3710,269465000
2015-08-06,12.6290,12.8850,12.2040,12.6450,12.6450,247167000
2015-08-07,12.6420,12.6600,12.1300,12.3520,12.3520,173607000
2015-08-10,12.6090,12.6500,12.1510,12.3030,12.3030,134246000
2015-08-11,12.0010,12.3760,12.0000,12.2740,12.2740,115968000
2015-08-12,12.1470,12.2450,11.8660,12.0510,12.0510,138225000
2015-08-13,12.0990,12.5730,11.9340,12.3730,12.3730,152844000
2015-08-14,12.4960,12.5000,12.3000,12.3390,12.3390,86677000
2015-08-17,12.3140,12.5700,12.2590,12.5360,12.5360,92338000
2015-08-18,12.5260,12.6750,12.3550,12.4050,12.4050,93820000
2015-08-19,12.3500,12.3700,12.1500,12.2060,12.2060,101153000
2015-08-20,11.9800,12.1450,11.1340,11.2490,11.2490,280453000
2015-08-21,10.6200,11.0000,10.2750,10.3960,10.3960,332283000
2015-08-24,8.8750,10.9630,8.5500,9.6880,9.6880,599519000
2015-08-25,10.7750,10.7880,10.1500,10.1520,10.1520,376207000
2015-08-26,10.7150,11.0280,10.2020,11.0130,11.0130,361646000
2015-08-27,11.4940,11.8250,11.3020,11.7660,11.7660,370561000
2015-08-28,11.6350,11.9350,11.5880,11.7630,11.7630,202402000
2015-08-31,11.5240,11.7000,11.3760,11.5030,11.5030,170056000
2015-09-01,10.9350,11.1240,10.3820,10.5790,10.5790,359771000
2015-09-02,10.9310,10.9500,10.0300,10.5440,10.5440,398433000
2015-09-03,10.2690,10.4170,10.0110,10.1060,10.1060,295467000
2015-09-04,9.8050,9.9930,9.7340,9.8790,9.8790,242120000
2015-09-08,10.2080,10.2500,9.3550,9.4950,9.4950,434797000
2015-09-09,9.6510,10.2790,9.5520,9.9180,9.9180,355244000
2015-09-10,9.9420,10.0850,9.6780,9.9480,9.9480,210319000
2015-09-11,9.8570,10.0850,9.7230,9.7510,9.7510,173739000
2015-09-14,9.6840,9.7910,9.4330,9.5690,9.5690,155460000
2015-09-15,9.5220,9.9650,9.3610,9.9160,9.9160,225911000
2015-09-16,9.9700,10.4480,9.9330,10.4080,10.4080,280582000
2015-09-17,10.3670,10.7500,10.1830,10.4210,10.4210,258177000
2015-09-18,10.2000,10.4360,10.0710,10.2620,10.2620,217150000
2015-09-21,10.3300,10.3770,9.9560,10.0300,10.0300,179006000
2015-09-22,9.8290,9.9900,9.7000,9.8470,9.8470,167179000
2015-09-23,9.8600,9.9740,9.7660,9.8070,9.8070,102645000
2015-09-24,9.7110,10.4000,9.6780,10.3760,10.3760,212745000
2015-09-25,10.5300,10.5450,10.1570,10.2240,10.2240,190666000
2015-09-28,10.1570,10.3330,9.7840,9.9470,9.9470,170266000
2015-09-29,9.9630,10.0630,9.6850,9.8350,9.8350,174059000
2015-09-30,9.9910,10.3460,9.9050,10.3260,10.3260,170276000
2015-10-01,10.2910,10.6110,10.1120,10.5980,10.5980,174269000
2015-10-02,10.3010,10.6870,10.1450,10.6110,10.6110,215267000
2015-10-05,10.7480,11.2280,10.5760,11.1250,11.1250,211579000
2015-10-06,11.0330,11.2250,10.5640,10.8330,10.8330,206298000
2015-10-07,10.8840,10.9780,10.6750,10.8100,10.8100,123295000
2015-10-08,10.7940,11.5050,10.2600,11.4930,11.4930,428319000
2015-10-09,11.4110,11.5830,11.2440,11.3330,11.3330,224552000
2015-10-12,11.4450,11.5420,11.2360,11.3450,11.3450,126245000
2015-10-13,11.2850,11.3720,10.8780,10.9730,10.9730,175121000
2015-10-14,11.1500,11.1630,10.8050,11.0230,11.0230,332315000
2015-10-15,10.3770,10.4880,9.9100,10.1090,10.1090,484843000
2015-10-16,10.0210,10.1650,9.8410,9.8990,9.8990,213405000
2015-10-19,9.8070,10.3620,9.6260,10.1690,10.1690,299647000
2015-10-20,10.1060,10.2110,9.7580,9.8990,9.8990,173456000
2015-10-21,9.9670,10.0340,9.7010,9.7960,9.7960,137285000
2015-10-22,9.8070,9.9930,9.6860,9.7320,9.7320,127868000
2015-10-23,9.7610,10.1560,9.7270,10.0040,10.0040,180199000
2015-10-26,10.0050,10.3310,9.9380,10.3040,10.3040,122348000
2015-10-27,10.2580,10.4720,10.1230,10.3070,10.3070,120664000
2015-10-28,10.2900,10.6210,10.2060,10.5800,10.5800,130940000
2015-10-29,10.5000,10.6910,10.4750,10.5120,10.5120,98414000
2015-10-30,10.5120,11.0100,10.4900,10.8380,10.8380,155715000
2015-11-02,10.9200,10.9370,10.6300,10.7640,10.7640,117846000
2015-11-03,10.7360,11.1050,10.7240,10.9740,10.9740,124841000
2015-11-04,11.0360,11.4280,10.9390,11.4050,11.4050,175050000
2015-11-05,11.3750,11.5680,11.1720,11.3500,11.3500,138149000
2015-11-06,11.3390,11.4800,11.2050,11.4060,11.4060,109366000
2015-11-09,11.3360,11.4000,10.8640,10.9860,10.9860,161546000
2015-11-10,10.8860,11.2840,10.8010,11.2700,11.2700,111664000
2015-11-11,11.3080,11.4610,11.1410,11.2860,11.2860,110392000
2015-11-12,11.2520,11.5250,10.8200,10.8920,10.8920,175682000
2015-11-13,10.8340,10.9070,10.3270,10.3650,10.3650,188194000
2015-11-16,10.2970,11.1650,10.1860,11.1350,11.1350,198662000
2015-11-17,11.2110,11.8790,11.1700,11.7100,11.7100,330163000
2015-11-18,11.7940,12.1000,11.6100,12.0630,12.0630,233536000
2015-11-19,12.0250,12.3130,11.9610,12.0220,12.0220,192532000
2015-11-20,12.0850,12.4070,11.9210,12.3840,12.3840,179770000
2015-11-23,12.4300,12.6200,12.1660,12.5030,12.5030,157270000
2015-11-24,12.3670,12.4660,12.0030,12.3310,12.3310,183353000
2015-11-25,12.4230,12.5200,12.2360,12.4160,12.4160,109807000
2015-11-27,12.3850,12.6390,12.3590,12.5440,12.5440,66455000
2015-11-30,12.6030,12.6600,12.2890,12.3330,12.3330,138940000
2015-12-01,12.4470,12.5570,12.2420,12.5370,12.5370,125508000
2015-12-02,12.5530,13.1350,12.4930,12.8930,12.8930,241057000
2015-12-03,12.9620,13.2200,12.6390,12.6810,12.6810,266473000
2015-12-04,12.7000,13.0990,12.5750,13.0930,13.0930,202504000
2015-12-07,13.1190,13.3270,12.2750,12.5360,12.5360,233516000
2015-12-08,12.1510,12.8240,12.1100,12.6980,12.6980,185911000
2015-12-09,12.7700,12.8780,12.2330,12.4200,12.4200,177888000
2015-12-10,12.4500,12.5210,12.1620,12.2910,12.2910,134741000
2015-12-11,12.1450,12.3000,11.8600,11.8910,11.8910,161053000
2015-12-14,11.9770,12.0900,11.4660,12.0670,12.0670,186793000
2015-12-15,12.1930,12.3300,11.8540,11.8600,11.8600,117600000
2015-12-16,11.9800,12.3000,11.8090,12.2640,12.2640,131810000
2015-12-17,12.3970,12.6350,12.2420,12.2510,12.2510,172849000
2015-12-18,12.0850,12.2190,11.7920,11.8020,11.8020,179481000
2015-12-21,11.9510,11.9590,11.5660,11.6630,11.6630,116700000
2015-12-22,11.7300,11.7430,11.4860,11.6240,11.6240,96890000
2015-12-23,11.6910,11.8560,11.5780,11.8160,11.8160,93243000
2015-12-24,11.8220,11.8800,11.7300,11.7330,11.7330,35313000
2015-12-28,11.7260,11.7350,11.3850,11.7110,11.7110,84243000
2015-12-29,11.8190,11.9600,11.6920,11.9120,11.9120,81592000
2015-12-30,11.8950,11.9020,11.6430,11.6710,11.6710,81497000
2015-12-31,11.6210,11.7460,11.4280,11.4380,11.4380,92730000
2016-01-04,10.9000,11.0000,10.5210,10.9960,10.9960,207948000
2016-01-05,11.0450,11.0580,10.5850,10.7660,10.7660,176646000
2016-01-06,10.5290,11.7910,10.4960,11.7680,11.7680,330457000
2016-01-07,11.6360,12.2180,11.2290,11.4560,11.4560,336367000
2016-01-08,11.6330,11.7720,11.1100,11.1390,11.1390,180671000
2016-01-11,11.2130,11.6790,11.1200,11.4970,11.4970,219204000
2016-01-12,11.6110,11.7780,11.5080,11.6580,11.6580,151335000
2016-01-13,11.4430,11.4480,10.4530,10.6560,10.6560,249216000
2016-01-14,10.5650,10.9250,10.1210,10.7060,10.7060,236648000
2016-01-15,10.2430,10.5500,10.1720,10.4040,10.4040,197751000
2016-01-19,10.6570,11.0140,10.5550,10.7890,10.7890,357228000
2016-01-20,10.8910,10.9990,9.7050,10.7740,10.7740,530094000
2016-01-21,10.8320,10.8510,10.2100,10.2350,10.2350,310275000
2016-01-22,10.4720,10.4990,9.9220,10.0720,10.0720,268218000
2016-01-25,9.9780,10.2680,9.9000,9.9120,9.9120,203211000
2016-01-26,9.9740,10.0550,9.4850,9.7830,9.7830,220839000
2016-01-27,9.6610,9.7850,9.0590,9.1150,9.1150,255562000
2016-01-28,9.3840,9.5250,9.0110,9.4410,9.4410,245623000
2016-01-29,9.2000,9.4390,9.0630,9.1840,9.1840,204639000
2016-02-01,9.1790,9.7180,9.1300,9.4090,9.4090,196845000
2016-02-02,9.5540,9.6650,9.0730,9.1490,9.1490,219065000
2016-02-03,9.2410,9.2690,8.6140,9.0740,9.0740,274660000
2016-02-04,8.9500,9.1250,8.6540,8.9710,8.9710,191086000
2016-02-05,8.8230,8.8950,8.1860,8.2790,8.2790,259293000
2016-02-08,8.0570,8.4700,7.9950,8.3320,8.3320,250356000
2016-02-09,8.1750,8.8400,8.1550,8.6130,8.6130,258929000
2016-02-10,8.9000,9.2210,8.7420,8.8450,8.8450,231465000
2016-02-11,8.7420,8.8390,8.2910,8.6350,8.6350,218203000
2016-02-12,8.6640,8.9720,8.5260,8.7400,8.7400,190677000
2016-02-16,8.9000,9.0140,8.7540,8.9050,8.9050,163566000
2016-02-17,9.0130,9.4770,8.9640,9.4760,9.4760,183238000
2016-02-18,9.4800,9.4900,9.0310,9.0490,9.0490,176953000
2016-02-19,8.9980,9.1400,8.8030,8.9230,8.9230,142592000
2016-02-22,9.0750,9.3110,8.8300,9.1930,9.1930,163218000
2016-02-23,9.1400,9.2490,8.9050,8.9120,8.9120,127444000
2016-02-24,8.8500,9.1760,8.6700,9.1610,9.1610,159728000
2016-02-25,9.1080,9.4810,9.0210,9.4530,9.4530,178988000
2016-02-26,9.5300,9.7480,9.4250,9.4790,9.4790,169752000
2016-02-29,9.4810,9.7200,9.3340,9.3410,9.3410,136631000
2016-03-01,9.4580,9.9160,9.3610,9.8300,9.8300,170488000
2016-03-02,9.8010,9.9480,9.5900,9.7610,9.7610,191028000
2016-03-03,9.7830,9.8350,9.5390,9.7930,9.7930,153209000
2016-03-04,9.8760,10.2220,9.8320,10.1580,10.1580,234146000
2016-03-07,10.1000,10.1790,9.5250,9.5490,9.5490,238552000
2016-03-08,9.5000,9.8280,9.4500,9.6230,9.6230,147970000
2016-03-09,9.6820,9.8370,9.5000,9.8000,9.8000,122987000
2016-03-10,9.8180,9.9740,9.5450,9.7360,9.7360,170021000
2016-03-11,9.9510,9.9600,9.6050,9.7660,9.7660,151143000
2016-03-14,9.7200,9.9420,9.7170,9.8130,9.8130,112519000
2016-03-15,9.7870,9.8510,9.6430,9.7860,9.7860,96918000
2016-03-16,9.7530,9.9730,9.7500,9.9350,9.9350,126305000
2016-03-17,9.9050,10.1390,9.9000,9.9720,9.9720,138250000
2016-03-18,10.0500,10.2410,10.0010,10.1120,10.1120,154535000
2016-03-21,10.1150,10.2100,9.9500,10.1060,10.1060,95785000
2016-03-22,10.0480,10.1520,9.9200,9.9840,9.9840,90699000
2016-03-23,9.9750,10.0390,9.8810,9.9590,9.9590,83135000
2016-03-24,9.8640,9.8850,9.7070,9.8360,9.8360,106711000
2016-03-28,9.8340,10.1440,9.7820,10.1210,10.1210,124322000
2016-03-29,10.1080,10.4330,10.1000,10.4130,10.4130,160089000
2016-03-30,10.4650,10.4910,10.1480,10.2190,10.2190,147050000
2016-03-31,10.2430,10.3530,10.1050,10.2230,10.2230,97475000
2016-04-01,10.2930,10.5790,10.2470,10.5700,10.5700,141824000
2016-04-04,10.5900,10.5920,10.3200,10.4350,10.4350,109404000
2016-04-05,10.3470,10.5750,10.3250,10.4940,10.4940,100609000
2016-04-06,10.5300,10.6440,10.4250,10.4830,10.4830,96058000
2016-04-07,10.4310,10.6440,10.3600,10.4450,10.4450,107749000
2016-04-08,10.5120,10.5330,10.2820,10.3810,10.3810,78576000
2016-04-11,10.4040,10.4980,10.2620,10.2680,10.2680,74513000
2016-04-12,10.3150,10.7220,10.2210,10.6980,10.6980,124370000
2016-04-13,10.8000,11.1280,10.7880,10.9650,10.9650,167017000
2016-04-14,11.0010,11.1640,10.9150,11.0420,11.0420,95537000
2016-04-15,11.0640,11.1850,10.9780,11.1510,11.1510,117461000
2016-04-18,10.9900,11.0700,10.6020,10.8400,10.8400,328164000
2016-04-19,9.9490,10.1370,9.4200,9.4340,9.4340,557288000
2016-04-20,9.4340,9.6980,9.3140,9.6770,9.6770,266135000
2016-04-21,9.7310,9.7380,9.4780,9.4980,9.4980,199194000
2016-04-22,9.4850,9.6690,9.4210,9.5900,9.5900,158063000
2016-04-25,9.5700,9.5750,9.2800,9.3560,9.3560,149854000
2016-04-26,9.3500,9.3550,9.1250,9.2430,9.2430,153309000
2016-04-27,9.2180,9.2500,9.0210,9.1040,9.1040,122189000
2016-04-28,9.1500,9.2670,9.0090,9.0280,9.0280,114749000
2016-04-29,9.0500,9.0560,8.8210,9.0030,9.0030,139680000
2016-05-02,9.0410,9.3220,8.9890,9.3110,9.3110,125470000
2016-05-03,9.2080,9.3250,9.1300,9.1540,9.1540,105939000
2016-05-04,9.1000,9.2160,9.0350,9.0790,9.0790,73947000
2016-05-05,9.0910,9.2080,8.9250,8.9370,8.9370,103685000
2016-05-06,8.8830,9.0880,8.8110,9.0840,9.0840,104339000
2016-05-09,9.0730,9.1830,8.9900,9.0540,9.0540,95437000
2016-05-10,9.1140,9.3250,9.1090,9.2890,9.2890,111759000
2016-05-11,9.2400,9.2590,8.9900,9.0020,9.0020,116929000
2016-05-12,9.0320,9.0410,8.5740,8.7740,8.7740,204081000
2016-05-13,8.7390,8.8590,8.6260,8.7880,8.7880,115714000
2016-05-16,8.7560,9.0000,8.6150,8.9120,8.9120,112478000
2016-05-17,8.9000,9.0870,8.8170,8.8630,8.8630,115713000
2016-05-18,8.8250,9.1720,8.8250,9.0500,9.0500,139118000
2016-05-19,9.0160,9.1270,8.8300,8.9550,8.9550,114503000
2016-05-20,9.0080,9.3280,8.9980,9.2490,9.2490,150630000
2016-05-23,9.2980,9.5290,9.2850,9.4890,9.4890,139923000
2016-05-24,9.5980,9.9140,9.5750,9.7890,9.7890,212460000
2016-05-25,9.9000,10.0310,9.8300,10.0200,10.0200,151429000
2016-05-26,10.3210,10.4000,10.1380,10.2810,10.2810,178247000
2016-05-27,10.2440,10.3500,10.1440,10.3300,10.3300,90921000
2016-05-31,10.2950,10.3450,10.2130,10.2570,10.2570,87257000
2016-06-01,10.1500,10.1920,10.0160,10.1510,10.1510,83934000
2016-06-02,10.1390,10.2150,10.0770,10.1250,10.1250,79924000
2016-06-03,10.0990,10.1000,9.8530,9.9590,9.9590,92240000
2016-06-06,10.0290,10.1070,9.9720,10.0740,10.0740,68281000
2016-06-07,10.1200,10.1630,9.9770,9.9890,9.9890,64747000
2016-06-08,10.0020,10.0280,9.7600,9.7860,9.7860,94239000
2016-06-09,9.7220,9.8430,9.6660,9.7090,9.7090,89238000
2016-06-10,9.4880,9.5350,9.3280,9.3750,9.3750,129079000
2016-06-13,9.5020,9.7200,9.3620,9.3850,9.3850,134843000
2016-06-14,9.4160,9.5800,9.3270,9.4120,9.4120,94804000
2016-06-15,9.4610,9.5460,9.3500,9.4290,9.4290,76754000
2016-06-16,9.4180,9.5560,9.3250,9.5440,9.5440,75508000
2016-06-17,9.5750,9.5770,9.4200,9.4450,9.4450,80468000
2016-06-20,9.5220,9.5880,9.3650,9.3800,9.3800,90264000
2016-06-21,9.3870,9.3880,9.0770,9.0990,9.0990,151997000
2016-06-22,9.0780,9.1980,8.9770,9.0010,9.0010,94547000
2016-06-23,9.0620,9.1680,8.8150,9.1660,9.1660,108190000
2016-06-24,8.7530,9.0490,8.7210,8.8440,8.8440,112486000
2016-06-27,8.7880,8.8000,8.4810,8.5330,8.5330,137305000
2016-06-28,8.7410,8.8880,8.6410,8.7970,8.7970,115456000
2016-06-29,8.9670,9.1970,8.8700,9.1060,9.1060,116871000
2016-06-30,9.0910,9.1720,8.9900,9.1480,9.1480,90990000
2016-07-01,9.5000,9.7000,9.4800,9.6670,9.6670,161672000
2016-07-05,9.5200,10.1270,9.3310,9.7910,9.7910,258794000
2016-07-06,9.5030,9.6000,9.3550,9.4600,9.4600,163012000
2016-07-07,9.4700,9.5380,9.3180,9.5100,9.5100,99135000
2016-07-08,9.6000,9.7410,9.5300,9.7060,9.7060,83354000
2016-07-11,9.6190,9.6870,9.4300,9.4670,9.4670,132762000
2016-07-12,9.5070,9.6720,9.4090,9.5970,9.5970,116174000
2016-07-13,9.6260,9.6720,9.4800,9.6430,9.6430,87689000
2016-07-14,9.7000,9.8270,9.6800,9.8020,9.8020,98850000
2016-07-15,9.8520,9.8700,9.7410,9.8390,9.8390,90419000
2016-07-18,9.8430,9.9840,9.7240,9.8810,9.8810,286697000
2016-07-19,8.5430,8.6750,8.4500,8.5840,8.5840,556812000
2016-07-20,8.6670,8.8490,8.5820,8.7910,8.7910,235251000
2016-07-21,8.8300,8.8380,8.5210,8.5990,8.5990,160840000
2016-07-22,8.6480,8.6500,8.5110,8.5890,8.5890,113639000
2016-07-25,8.5730,8.7870,8.5010,8.7660,8.7660,141350000
2016-07-26,9.1030,9.3100,9.0900,9.1410,9.1410,195776000
2016-07-27,9.1500,9.2060,9.0100,9.2040,9.2040,87275000
2016-07-28,9.1920,9.2210,9.0680,9.1650,9.1650,62277000
2016-07-29,9.1190,9.1750,9.0590,9.1250,9.1250,69602000
2016-08-01,9.1230,9.4670,9.0500,9.4370,9.4370,106669000
2016-08-02,9.4000,9.4080,9.2180,9.3560,9.3560,98362000
2016-08-03,9.3280,9.4670,9.2550,9.3100,9.3100,70309000
2016-08-04,9.3200,9.3730,9.1820,9.3440,9.3440,60434000
2016-08-05,9.3770,9.7740,9.3560,9.7030,9.7030,183648000
2016-08-08,9.5910,9.5930,9.4000,9.5110,9.5110,101354000
2016-08-09,9.5120,9.5810,9.3480,9.3990,9.3990,91754000
2016-08-10,9.4400,9.4750,9.2950,9.3930,9.3930,65111000
2016-08-11,9.4600,9.6330,9.4370,9.5890,9.5890,85477000
2016-08-12,9.5530,9.6830,9.5080,9.6590,9.6590,65929000
2016-08-15,9.6830,9.6910,9.5240,9.5310,9.5310,73046000
2016-08-16,9.5190,9.5610,9.4400,9.5120,9.5120,63113000
2016-08-17,9.4940,9.6930,9.4850,9.6370,9.6370,83156000
2016-08-18,9.5980,9.7220,9.5170,9.6160,9.6160,72526000
2016-08-19,9.6050,9.6780,9.5510,9.5870,9.5870,69429000
2016-08-22,9.5670,9.6130,9.4950,9.5260,9.5260,58305000
2016-08-23,9.5680,9.6590,9.5480,9.5940,9.5940,52391000
2016-08-24,9.6130,9.6360,9.4910,9.5180,9.5180,62765000
2016-08-25,9.6380,9.8250,9.6040,9.7320,9.7320,108231000
2016-08-26,9.7330,9.7950,9.6570,9.7580,9.7580,66176000
2016-08-29,9.6970,9.8450,9.6570,9.7300,9.7300,80084000
2016-08-30,9.7840,9.8850,9.7140,9.7450,9.7450,60935000
2016-08-31,9.7480,9.7880,9.6760,9.7450,9.7450,46906000
2016-09-01,9.7810,9.7980,9.6920,9.7380,9.7380,41486000
2016-09-02,9.7900,9.8180,9.7010,9.7380,9.7380,42472000
2016-09-06,9.7760,10.0320,9.7650,10.0090,10.0090,90361000
2016-09-07,10.0110,10.0190,9.8420,9.9150,9.9150,64685000
2016-09-08,9.9230,10.0050,9.8820,9.9660,9.9660,52012000
2016-09-09,9.9060,9.9390,9.6500,9.6500,9.6500,73733000
2016-09-12,9.5910,9.9290,9.5710,9.9050,9.9050,77184000
2016-09-13,9.7170,9.8000,9.5330,9.6090,9.6090,117881000
2016-09-14,9.7350,9.8350,9.6960,9.7010,9.7010,84810000
2016-09-15,9.7230,9.7970,9.6530,9.7340,9.7340,52935000
2016-09-16,9.7100,9.9490,9.7040,9.9480,9.9480,94451000
2016-09-19,9.9900,10.0350,9.7820,9.8060,9.8060,86162000
2016-09-20,9.8780,9.9160,9.7660,9.8250,9.8250,47368000
2016-09-21,9.6900,9.7100,9.3260,9.4880,9.4880,200422000
2016-09-22,9.5540,9.5880,9.4230,9.5830,9.5830,112150000
2016-09-23,9.5750,9.6970,9.5430,9.5940,9.5940,61795000
2016-09-26,9.5380,9.5380,9.4040,9.4560,9.4560,67392000
2016-09-27,9.5040,9.7640,9.5000,9.7070,9.7070,96801000
2016-09-28,9.7100,9.7590,9.6020,9.7480,9.7480,72351000
2016-09-29,9.7310,9.8310,9.6600,9.6670,9.6670,62176000
2016-09-30,9.6900,9.9530,9.6790,9.8550,9.8550,98079000
2016-10-03,9.8000,10.3390,9.8000,10.2630,10.2630,153445000
2016-10-04,10.3190,10.4440,10.1860,10.2340,10.2340,121431000
2016-10-05,10.3500,10.6970,10.3430,10.6280,10.6280,129429000
2016-10-06,10.4970,10.5470,10.3880,10.5070,10.5070,65877000
2016-10-07,10.3980,10.6500,10.3550,10.4820,10.4820,86595000
2016-10-10,10.3180,10.4530,10.2760,10.3330,10.3330,66997000
2016-10-11,10.2310,10.2900,9.9860,10.0590,10.0590,90329000
2016-10-12,10.0880,10.2470,9.9220,9.9500,9.9500,74265000
2016-10-13,9.8010,10.0500,9.7630,10.0230,10.0230,83193000
2016-10-14,10.1590,10.2100,10.0350,10.1470,10.1470,95311000
2016-10-17,10.0500,10.0730,9.8380,9.9800,9.9800,265895000
2016-10-18,11.6630,11.9820,11.6500,11.8790,11.8790,421682000
2016-10-19,11.8250,12.2450,11.8000,12.1870,12.1870,219817000
2016-10-20,12.1970,12.3750,12.1060,12.3350,12.3350,144928000
2016-10-21,12.2500,12.7850,12.2310,12.7500,12.7500,188324000
2016-10-24,12.7420,12.9290,12.6150,12.7330,12.7330,159807000
2016-10-25,12.6520,12.8060,12.5750,12.6510,12.6510,82539000
2016-10-26,12.6290,12.8720,12.5750,12.6970,12.6970,86024000
2016-10-27,12.7430,12.8180,12.5930,12.6470,12.6470,69142000
2016-10-28,12.6080,12.8930,12.6010,12.6570,12.6570,70773000
2016-10-31,12.6850,12.6900,12.4400,12.4870,12.4870,65175000
2016-11-01,12.4980,12.5830,12.1800,12.3300,12.3300,69786000
2016-11-02,12.2830,12.4070,12.1830,12.2340,12.2340,48165000
2016-11-03,12.2310,12.3720,12.1840,12.2140,12.2140,50413000
2016-11-04,12.2000,12.3430,12.1620,12.2030,12.2030,50777000
2016-11-07,12.4260,12.5750,12.3370,12.4580,12.4580,58271000
2016-11-08,12.4120,12.5810,12.3220,12.4340,12.4340,46908000
2016-11-09,12.1840,12.3650,12.0860,12.2190,12.2190,77057000
2016-11-10,12.2760,12.2970,11.3700,11.5420,11.5420,197187000
2016-11-11,11.4900,11.6630,11.3110,11.4780,11.4780,110803000
2016-11-14,11.4750,11.5900,11.0680,11.3380,11.3380,99324000
2016-11-15,11.4550,11.6410,11.3090,11.3590,11.3590,74451000
2016-11-16,11.2960,11.6120,11.1810,11.5190,11.5190,59337000
2016-11-17,11.5130,11.6810,11.3560,11.5030,11.5030,62327000
2016-11-18,11.5730,11.6420,11.3510,11.5210,11.5210,67468000
2016-11-21,11.6200,11.8720,11.6190,11.7960,11.7960,70645000
2016-11-22,11.8320,11.9460,11.6980,11.8040,11.8040,70072000
2016-11-23,11.7760,11.8890,11.7310,11.7690,11.7690,45213000
2016-11-25,11.7640,11.8390,11.7180,11.7410,11.7410,16163000
2016-11-28,11.7050,11.7620,11.5710,11.6930,11.6930,52789000
2016-11-29,11.7300,11.9180,11.7130,11.7510,11.7510,70823000
2016-11-30,11.9000,12.0370,11.6390,11.7000,11.7000,77151000
2016-12-01,11.7520,11.8680,11.3950,11.7220,11.7220,86369000
2016-12-02,11.6750,12.0980,11.6750,12.0810,12.0810,89536000
2016-12-05,12.0730,12.0750,11.8400,11.9160,11.9160,76263000
2016-12-06,12.0100,12.4790,11.9420,12.4570,12.4570,115132000
2016-12-07,12.4480,12.5750,12.3250,12.5390,12.5390,82047000
2016-12-08,12.5400,12.6350,12.2160,12.3240,12.3240,89877000
2016-12-09,12.3780,12.4300,12.1730,12.2880,12.2880,47008000
2016-12-12,12.2840,12.4030,12.2300,12.2830,12.2830,39176000
2016-12-13,12.3510,12.5090,12.2780,12.3780,12.3780,55645000
2016-12-14,12.3430,12.4400,12.2500,12.3440,12.3440,61103000
2016-12-15,12.3440,12.7430,12.2950,12.5000,12.5000,73762000
2016-12-16,12.6390,12.6680,12.4010,12.4220,12.4220,78680000
2016-12-19,12.4300,12.6440,12.2870,12.5450,12.5450,48673000
2016-12-20,12.5460,12.6300,12.4640,12.5120,12.5120,39378000
2016-12-21,12.5530,12.7740,12.5000,12.6500,12.6500,65148000
2016-12-22,12.6840,12.7500,12.5180,12.5580,12.5580,41607000
2016-12-23,12.5610,12.6280,12.5080,12.5590,12.5590,20104000
2016-12-27,12.6240,12.9050,12.5700,12.8350,12.8350,52882000
2016-12-28,12.9070,12.9070,12.5760,12.5890,12.5890,43892000
2016-12-29,12.5950,12.6140,12.4200,12.5330,12.5330,34451000
2016-12-30,12.6240,12.6570,12.3600,12.3800,12.3800,44554000
2017-01-03,12.4960,12.8190,12.4310,12.7490,12.7490,94379000
2017-01-04,12.7490,13.0170,12.6550,12.9410,12.9410,78436000
2017-01-05,12.9220,13.2750,12.8900,13.1810,13.1810,101855000
2017-01-06,13.2080,13.3880,12.9810,13.1070,13.1070,106579000
2017-01-09,13.1480,13.1990,12.9890,13.0950,13.0950,57718000
2017-01-10,13.1270,13.2220,12.9290,12.9890,12.9890,59858000
2017-01-11,13.0910,13.1500,12.9250,13.0500,13.0500,56151000
2017-01-12,13.0630,13.0850,12.8500,12.9180,12.9180,53889000
2017-01-13,13.1150,13.3930,13.0580,13.3700,13.3700,105150000
2017-01-17,13.5040,13.5400,13.2090,13.2890,13.2890,122202000
2017-01-18,13.3210,13.3650,13.1060,13.3260,13.3260,161686000
2017-01-19,14.2010,14.3460,13.8250,13.8410,13.8410,232034000
2017-01-20,13.9360,14.0790,13.7660,13.8600,13.8600,94974000
2017-01-23,13.8650,13.9490,13.7310,13.7390,13.7390,74339000
2017-01-24,13.8110,14.0930,13.7030,14.0110,14.0110,77547000
2017-01-25,14.0800,14.1390,13.9050,13.9520,13.9520,72381000
2017-01-26,14.0450,14.1210,13.8510,13.8960,13.8960,60383000
2017-01-27,13.9460,14.2490,13.9000,14.2450,14.2450,83239000
2017-01-30,14.1770,14.1970,13.8800,14.1220,14.1220,81225000
2017-01-31,14.0550,14.1830,13.9700,14.0710,14.0710,44116000
2017-02-01,14.1200,14.2410,13.9300,14.0780,14.0780,60334000
2017-02-02,14.0610,14.1040,13.9050,13.9200,13.9200,34624000
2017-02-03,13.9510,14.0640,13.9100,14.0250,14.0250,35126000
2017-02-06,14.0000,14.1000,13.9160,14.0970,14.0970,35521000
2017-02-07,14.1490,14.4280,14.1050,14.4000,14.4000,85735000
2017-02-08,14.3570,14.5070,14.2560,14.4740,14.4740,68871000
2017-02-09,14.4980,14.5090,14.3580,14.4140,14.4140,45551000
2017-02-10,14.4680,14.5300,14.3970,14.4820,14.4820,61719000
2017-02-13,14.5190,14.5950,14.3050,14.3200,14.3200,47904000
2017-02-14,14.3200,14.4110,14.0050,14.0820,14.0820,83678000
2017-02-15,14.0720,14.2430,14.0510,14.2270,14.2270,53091000
2017-02-16,14.2420,14.2440,14.1070,14.2010,14.2010,28475000
2017-02-17,14.1750,14.2900,14.1270,14.2220,14.2220,45881000
2017-02-21,14.2990,14.3380,14.1810,14.2600,14.2600,35715000
2017-02-22,14.2920,14.4000,14.2170,14.3860,14.3860,34820000
2017-02-23,14.4450,14.4490,14.1520,14.2780,14.2780,46680000
2017-02-24,14.1880,14.3560,14.1550,14.3250,14.3250,33027000
2017-02-27,14.3120,14.3920,14.2380,14.3410,14.3410,39074000
2017-02-28,14.3300,14.3570,14.1850,14.2130,14.2130,38622000
2017-03-01,14.2840,14.3260,14.2100,14.2650,14.2650,41706000
2017-03-02,14.2150,14.2700,13.9090,13.9530,13.9530,61199000
2017-03-03,13.9690,14.0910,13.8260,13.9140,13.9140,53998000
2017-03-06,14.1000,14.2840,14.0540,14.1940,14.1940,71161000
2017-03-07,14.1990,14.2400,14.0380,14.1430,14.1430,42410000
2017-03-08,14.1470,14.2060,13.9770,14.0320,14.0320,40855000
2017-03-09,14.0040,14.1240,13.9740,14.0530,14.0530,26527000
2017-03-10,14.1390,14.1800,14.0280,14.0890,14.0890,33185000
2017-03-13,14.0900,14.3710,14.0320,14.3520,14.3520,49224000
2017-03-14,14.2950,14.3310,14.1700,14.3190,14.3190,46603000
2017-03-15,14.4200,14.5520,14.3230,14.5250,14.5250,59872000
2017-03-16,14.5500,14.6500,14.4220,14.4390,14.4390,52865000
2017-03-17,14.4050,14.5760,14.3400,14.5110,14.5110,62813000
2017-03-20,14.5450,14.6250,14.4580,14.5830,14.5830,34210000
2017-03-21,14.6750,14.7700,14.2100,14.2420,14.2420,76698000
2017-03-22,14.2540,14.3800,14.0760,14.2650,14.2650,64869000
2017-03-23,14.2140,14.2890,14.1260,14.1840,14.1840,37126000
2017-03-24,14.2360,14.2800,14.1580,14.2020,14.2020,35466000
2017-03-27,14.0830,14.4390,14.0000,14.4060,14.4060,47717000
2017-03-28,14.4100,14.6110,14.3920,14.5170,14.5170,46380000
2017-03-29,14.5500,14.7180,14.4910,14.6470,14.6470,38550000
2017-03-30,14.6810,14.8290,14.6530,14.8060,14.8060,44611000
2017-03-31,14.8000,14.8230,14.7330,14.7810,14.7810,38882000
2017-04-03,14.6700,14.8010,14.5740,14.6920,14.6920,46093000
2017-04-04,14.6840,14.7090,14.4890,14.5500,14.5500,43689000
2017-04-05,14.6190,14.6250,14.3260,14.3620,14.3620,46076000
2017-04-06,14.4000,14.4140,14.3010,14.3740,14.3740,33124000
2017-04-07,14.3790,14.3890,14.2710,14.3110,14.3110,30405000
2017-04-10,14.3040,14.4650,14.1210,14.3850,14.3850,58074000
2017-04-11,14.4280,14.4540,14.1980,14.4350,14.4350,46215000
2017-04-12,14.4850,14.5740,14.3550,14.3830,14.3830,43870000
2017-04-13,14.4250,14.4550,14.2760,14.2920,14.2920,36858000
2017-04-17,14.4430,14.7320,14.4430,14.7250,14.7250,163647000
2017-04-18,14.7340,14.7400,14.0000,14.3360,14.3360,196710000
2017-04-19,14.3370,14.4000,13.8660,13.9760,13.9760,123951000
2017-04-20,14.0300,14.1800,13.9270,14.1180,14.1180,72482000
2017-04-21,14.1390,14.3030,14.0900,14.2870,14.2870,68248000
2017-04-24,14.3610,14.4500,14.3400,14.3830,14.3830,48009000
2017-04-25,14.7460,15.3520,14.6220,15.2160,15.2160,206742000
2017-04-26,15.1530,15.2150,14.8900,15.0170,15.0170,92741000
2017-04-27,15.0600,15.3490,14.9300,15.3080,15.3080,77194000
2017-04-28,15.2710,15.2970,15.0940,15.2200,15.2200,63662000
2017-05-01,15.1910,15.7700,15.1610,15.5350,15.5350,90316000
2017-05-02,15.5760,15.6500,15.4610,15.6450,15.6450,53848000
2017-05-03,15.6290,15.6540,15.4880,15.5590,15.5590,39312000
2017-05-04,15.5590,15.7900,15.4550,15.7250,15.7250,55823000
2017-05-05,15.8550,15.8590,15.5900,15.6600,15.6600,53417000
2017-05-08,15.6550,15.7640,15.5300,15.6380,15.6380,48188000
2017-05-09,15.6100,15.7850,15.5970,15.7460,15.7460,39110000
2017-05-10,15.7820,16.1100,15.6560,16.0280,16.0280,68699000
2017-05-11,16.0330,16.0520,15.7550,15.8540,15.8540,56774000
2017-05-12,15.9110,16.0840,15.8510,16.0810,16.0810,50929000
2017-05-15,16.0250,16.1780,15.9760,16.0020,16.0020,49720000
2017-05-16,16.0500,16.1180,15.9330,15.9410,15.9410,34649000
2017-05-17,15.8090,15.8780,15.3000,15.3200,15.3200,81845000
2017-05-18,15.3610,15.6890,15.3240,15.5700,15.5700,68027000
2017-05-19,15.6150,15.8050,15.5910,15.7020,15.7020,40915000
2017-05-22,15.7860,15.8600,15.6430,15.7160,15.7160,37441000
2017-05-23,15.7750,15.8310,15.6800,15.7950,15.7950,33709000
2017-05-24,15.8350,15.8480,15.7170,15.7750,15.7750,29708000
2017-05-25,16.1000,16.4100,16.0550,16.3050,16.3050,85610000
2017-05-26,16.2840,16.3050,16.1120,16.2430,16.2430,48343000
2017-05-30,16.3600,16.4750,16.2710,16.3220,16.3220,48286000
2017-05-31,16.3610,16.4000,16.0740,16.3070,16.3070,53289000
2017-06-01,16.3520,16.3930,16.1700,16.2990,16.2990,38963000
2017-06-02,16.3420,16.5360,16.2800,16.5180,16.5180,42591000
2017-06-05,16.5490,16.5500,16.3430,16.5060,16.5060,38752000
2017-06-06,16.4950,16.6820,16.4510,16.5170,16.5170,43821000
2017-06-07,16.5600,16.6400,16.4410,16.5610,16.5610,33531000
2017-06-08,16.6120,16.6870,16.4840,16.5880,16.5880,37191000
2017-06-09,16.6270,16.6270,15.4500,15.8030,15.8030,102920000
2017-06-12,15.5300,15.5530,14.8310,15.1440,15.1440,141145000
2017-06-13,15.4380,15.5680,15.0130,15.2720,15.2720,84847000
2017-06-14,15.4340,15.5620,15.0280,15.2200,15.2200,64618000
2017-06-15,14.9440,15.2560,14.7300,15.1760,15.1760,73197000
2017-06-16,15.1450,15.3530,15.0390,15.2380,15.2380,69097000
2017-06-19,15.4290,15.5580,15.2410,15.3400,15.3400,65443000
2017-06-20,15.3680,15.4500,15.1400,15.2050,15.2050,48787000
2017-06-21,15.2500,15.5380,15.2260,15.5030,15.5030,58034000
2017-06-22,15.5130,15.5200,15.3700,15.4890,15.4890,37692000
2017-06-23,15.5010,15.8190,15.3760,15.8020,15.8020,62508000
2017-06-26,15.8780,15.9970,15.6560,15.7500,15.7500,60160000
2017-06-27,15.6620,15.6980,15.0720,15.1030,15.1030,74243000
2017-06-28,15.1640,15.4200,15.0120,15.3410,15.3410,55899000
2017-06-29,15.2820,15.2820,14.8000,15.0090,15.0090,71425000
2017-06-30,14.9760,15.0710,14.8420,14.9410,14.9410,52133000
2017-07-03,14.9800,15.0450,14.5800,14.6170,14.6170,39082000
2017-07-05,14.6580,14.8260,14.5580,14.7610,14.7610,46278000
2017-07-06,14.6130,14.7270,14.4250,14.6250,14.6250,54865000
2017-07-07,14.6650,15.0750,14.6650,15.0180,15.0180,55613000
2017-07-10,15.0340,15.3230,14.9650,15.2670,15.2670,53606000
2017-07-11,15.2370,15.5230,15.1550,15.4330,15.4330,48986000
2017-07-12,15.5770,15.8800,15.5770,15.8750,15.8750,84818000
2017-07-13,15.8510,16.0130,15.6980,15.8210,15.8210,67001000
2017-07-14,15.9300,16.1350,15.7970,16.1120,16.1120,55492000
2017-07-17,16.2910,16.3550,16.0020,16.1700,16.1700,174967000
2017-07-18,17.6120,18.5000,17.4240,18.3600,18.3600,415874000
2017-07-19,18.2970,18.7170,18.1750,18.3860,18.3860,173443000
2017-07-20,18.3840,18.5920,18.2700,18.3600,18.3600,79072000
2017-07-21,18.2720,19.1500,18.2710,18.8540,18.8540,92774000
2017-07-24,18.8690,19.0250,18.7010,18.7910,18.7910,87973000
2017-07-25,18.7790,18.8660,18.5810,18.6970,18.6970,53745000
2017-07-26,18.7700,18.9700,18.7510,18.9080,18.9080,44793000
2017-07-27,18.9890,19.0000,17.9380,18.2680,18.2680,112210000
2017-07-28,18.2000,18.5030,18.1180,18.4040,18.4040,62019000
2017-07-31,18.4260,18.4970,18.0650,18.1660,18.1660,48836000
2017-08-01,18.2490,18.4620,18.1430,18.2030,18.2030,51127000
2017-08-02,18.2220,18.2570,17.7810,18.0740,18.0740,57713000
2017-08-03,18.0530,18.1220,17.8020,17.9230,17.9230,46277000
2017-08-04,17.9600,18.1000,17.8500,18.0270,18.0270,44911000
2017-08-07,18.1000,18.2270,17.9100,18.1330,18.1330,46098000
2017-08-08,18.1370,18.1910,17.7450,17.8360,17.8360,61040000
2017-08-09,17.1430,17.5960,17.0010,17.5780,17.5780,96705000
2017-08-10,17.4030,17.4450,16.7600,16.9140,16.9140,96931000
2017-08-11,16.9860,17.2580,16.9000,17.1400,17.1400,50223000
2017-08-14,16.9800,17.2450,16.8800,17.1000,17.1000,74684000
2017-08-15,17.1530,17.1880,16.8250,16.8500,16.8500,56561000
2017-08-16,16.7500,17.0500,16.6250,16.9980,16.9980,70136000
2017-08-17,16.9230,17.0580,16.5720,16.6090,16.6090,52292000
2017-08-18,16.5950,16.9970,16.5800,16.6540,16.6540,73857000
2017-08-21,16.6910,16.8990,16.4230,16.6760,16.6760,64807000
2017-08-22,16.7760,16.9930,16.7040,16.9340,16.9340,48863000
2017-08-23,16.8350,16.9640,16.6700,16.9060,16.9060,46323000
2017-08-24,16.9860,17.1240,16.6150,16.8130,16.8130,53617000
2017-08-25,16.8580,16.8750,16.5500,16.5950,16.5950,40640000
2017-08-28,16.6430,16.8670,16.5600,16.7120,16.7120,36573000
2017-08-29,16.5000,16.9680,16.4730,16.8810,16.8810,46209000
2017-08-30,16.9500,17.4850,16.9370,17.4690,17.4690,80347000
2017-08-31,17.5450,17.6240,17.3860,17.4710,17.4710,69410000
2017-09-01,17.5550,17.6480,17.3920,17.4740,17.4740,38130000
2017-09-05,17.3400,17.5880,17.2440,17.4520,17.4520,45895000
2017-09-06,17.5250,17.9460,17.3730,17.9250,17.9250,87426000
2017-09-07,17.8800,18.0350,17.7100,17.9000,17.9000,60361000
2017-09-08,17.8450,18.0390,17.6250,17.6420,17.6420,45908000
2017-09-11,17.8100,18.2470,17.8030,18.1740,18.1740,59794000
2017-09-12,18.2550,18.5330,18.0640,18.5150,18.5150,66896000
2017-09-13,18.4070,18.4500,18.2550,18.3640,18.3640,43203000
2017-09-14,18.3250,18.5290,18.2070,18.2630,18.2630,45107000
2017-09-15,18.2730,18.4930,18.1430,18.2350,18.2350,55917000
2017-09-18,18.3610,18.5450,18.2730,18.4620,18.4620,53596000
2017-09-19,18.4980,18.6230,18.4170,18.5680,18.5680,49821000
2017-09-20,18.6100,18.6500,18.3200,18.5510,18.5510,46250000
2017-09-21,18.5820,18.9950,18.4510,18.8780,18.8780,71481000
2017-09-22,18.8400,18.9850,18.6390,18.7350,18.7350,54643000
2017-09-25,18.6460,18.6550,17.7700,17.8550,17.8550,93672000
2017-09-26,18.0700,18.0950,17.6550,17.9380,17.9380,56025000
2017-09-27,18.1010,18.3340,18.0700,18.1970,18.1970,57105000
2017-09-28,18.1250,18.1950,17.9360,18.0700,18.0700,40770000
2017-09-29,18.0730,18.2900,18.0650,18.1350,18.1350,42279000
2017-10-02,18.2110,18.2800,17.6580,17.7010,17.7010,73420000
2017-10-03,17.7650,17.9700,17.7550,17.9190,17.9190,39569000
2017-10-04,18.1410,18.6700,18.1250,18.4450,18.4450,92359000
2017-10-05,18.5650,19.4490,18.4490,19.4390,19.4390,194127000
2017-10-06,19.4300,19.8920,19.2050,19.8020,19.8020,153484000
2017-10-09,19.9100,19.9400,19.6560,19.6870,19.6870,69717000
2017-10-10,19.7850,19.8300,19.2100,19.5080,19.5080,62338000
2017-10-11,19.5570,19.6220,19.3810,19.4950,19.4950,64502000
2017-10-12,19.6750,19.8620,19.4710,19.5860,19.5860,77533000
2017-10-13,19.9700,20.0820,19.7190,19.9490,19.9490,120813000
2017-10-16,20.1950,20.2830,19.7860,20.2680,20.2680,221054000
2017-10-17,20.0110,20.4380,19.7770,19.9480,19.9480,239001000
2017-10-18,19.9990,20.0010,19.4250,19.5540,19.5540,111989000
2017-10-19,19.3010,19.5250,19.1160,19.5130,19.5130,70346000
2017-10-20,19.5900,19.6380,19.3770,19.4160,19.4160,59956000
2017-10-23,19.4170,19.4900,19.1030,19.2470,19.2470,69800000
2017-10-24,19.2750,19.6740,19.1400,19.6020,19.6020,70691000
2017-10-25,19.5380,19.7060,19.3010,19.3770,19.3770,53153000
2017-10-26,19.4660,19.7610,19.4080,19.5210,19.5210,51858000
2017-10-27,19.7200,20.0650,19.6220,19.9540,19.9540,81286000
2017-10-30,19.9620,20.1100,19.7070,19.8370,19.8370,54396000
2017-10-31,19.8210,19.8590,19.5220,19.6430,19.6430,55186000
2017-11-01,19.7240,19.9200,19.6000,19.8000,19.8000,50174000
2017-11-02,19.7450,19.9440,19.7090,19.9320,19.9320,36063000
2017-11-03,19.9800,20.0550,19.7990,20.0010,20.0010,36788000
2017-11-06,20.0000,20.2480,19.8090,20.0130,20.0130,58466000
2017-11-07,20.0000,20.0610,19.4800,19.5890,19.5890,64680000
2017-11-08,19.6000,19.7090,19.4740,19.6440,19.6440,42374000
2017-11-09,19.4460,19.4490,19.0810,19.3900,19.3900,59799000
2017-11-10,19.1610,19.2590,18.9500,19.2020,19.2020,66222000
2017-11-13,19.1120,19.6050,19.1000,19.5080,19.5080,46070000
2017-11-14,19.3640,19.5880,19.3000,19.5710,19.5710,34505000
2017-11-15,19.4540,19.5420,19.1530,19.2120,19.2120,42031000
2017-11-16,19.4330,19.7700,19.3750,19.5510,19.5510,56784000
2017-11-17,19.5740,19.5950,19.2650,19.3200,19.3200,39063000
2017-11-20,19.3300,19.4320,19.1900,19.4100,19.4100,38275000
2017-11-21,19.5040,19.7520,19.4970,19.6230,19.6230,47873000
2017-11-22,19.6580,19.6750,19.3630,19.6320,19.6320,58954000
2017-11-24,19.6650,19.6900,19.5330,19.5750,19.5750,21605000
2017-11-27,19.5560,19.5850,19.4000,19.5050,19.5050,32101000
2017-11-28,19.5340,19.9680,19.4010,19.9180,19.9180,69811000
2017-11-29,19.8910,19.9030,18.4320,18.8150,18.8150,142027000
2017-11-30,19.0310,19.0860,18.6680,18.7580,18.7580,66301000
2017-12-01,18.6990,18.9800,18.5000,18.6820,18.6820,62195000
2017-12-04,18.9360,18.9720,17.8380,18.4040,18.4040,90698000
2017-12-05,18.3500,18.8140,18.1190,18.4210,18.4210,57837000
2017-12-06,18.3380,18.6480,18.2880,18.5300,18.5300,54901000
2017-12-07,18.5710,18.7340,18.3220,18.5200,18.5200,46595000
2017-12-08,18.6500,18.9420,18.6300,18.8540,18.8540,49873000
2017-12-11,18.7850,18.9420,18.5910,18.6220,18.6220,52986000
2017-12-12,18.6010,18.7850,18.4820,18.5730,18.5730,42659000
2017-12-13,18.6100,18.8690,18.5410,18.7860,18.7860,47100000
2017-12-14,18.7980,19.2640,18.7200,18.9560,18.9560,77928000
2017-12-15,18.9610,19.1430,18.8010,19.0120,19.0120,72856000
2017-12-18,19.1200,19.1650,18.8900,19.0420,19.0420,50110000
2017-12-19,19.0180,19.0300,18.5750,18.7020,18.7020,70330000
2017-12-20,18.7940,18.9110,18.5260,18.8820,18.8820,65454000
2017-12-21,18.9440,19.0950,18.7580,18.8620,18.8620,47298000
2017-12-22,18.8330,19.0950,18.6800,18.9940,18.9940,38789000
2017-12-26,18.9780,18.9940,18.6400,18.7760,18.7760,30457000
2017-12-27,18.7800,18.8100,18.5220,18.6240,18.6240,40021000
2017-12-28,18.7180,19.4490,18.6850,19.2710,19.2710,101074000
2017-12-29,19.2510,19.3950,19.1220,19.1960,19.1960,51876000
2018-01-02,19.6100,20.1650,19.5420,20.1070,20.1070,109669000
2018-01-03,20.2050,20.6210,20.1500,20.5050,20.5050,85914000
2018-01-04,20.6200,20.7050,20.4000,20.5630,20.5630,60296000
2018-01-05,20.7250,21.0020,20.5590,20.9990,20.9990,70332000
2018-01-08,21.0020,21.2500,20.8440,21.2050,21.2050,55802000
2018-01-09,21.2110,21.2980,20.8590,20.9310,20.9310,61259000
2018-01-10,20.7570,21.3640,20.6910,21.2520,21.2520,59515000
2018-01-11,21.4290,21.7750,21.3350,21.7240,21.7240,76595000
2018-01-12,21.7180,22.2550,21.6000,22.1230,22.1230,81994000
2018-01-16,22.4240,22.6070,21.7200,22.1530,22.1530,135161000
2018-01-17,22.1000,22.1150,21.6320,21.7500,21.7500,91231000
2018-01-18,22.0340,22.0580,21.6550,22.0330,22.0330,82253000
2018-01-19,22.2750,22.3490,21.8500,22.0460,22.0460,105486000
2018-01-22,22.2000,22.7790,22.1200,22.7580,22.7580,177033000
2018-01-23,25.5050,25.7710,24.8020,25.0290,25.0290,277053000
2018-01-24,25.0880,26.1710,24.9310,26.1300,26.1300,173524000
2018-01-25,26.3000,27.2300,26.0230,26.9700,26.9700,153364000
2018-01-26,27.1490,27.4600,26.8760,27.4600,27.4600,110218000
2018-01-29,27.4200,28.6810,27.3920,28.4590,28.4590,175297000
2018-01-30,27.7000,28.2730,27.2700,27.8800,27.8800,124829000
2018-01-31,28.1940,28.2290,26.9580,27.0300,27.0300,116951000
2018-02-01,26.6410,27.1950,26.3380,26.5070,26.5070,96690000
2018-02-02,26.3000,27.0620,26.2710,26.7430,26.7430,91236000
2018-02-05,26.2000,26.7900,25.0030,25.4260,25.4260,118961000
2018-02-06,24.7700,26.6700,24.5000,26.5720,26.5720,125958000
2018-02-07,26.6580,27.2450,26.4330,26.4560,26.4560,89815000
2018-02-08,26.7080,26.7620,25.0000,25.0100,25.0100,93067000
2018-02-09,25.3850,25.5800,23.6110,24.9470,24.9470,169069000
2018-02-12,25.2140,25.9150,24.9000,25.7950,25.7950,85349000
2018-02-13,25.7290,26.1410,25.4700,25.8270,25.8270,68552000
2018-02-14,26.0470,26.9880,26.0330,26.6000,26.6000,109720000
2018-02-15,27.0030,28.0500,26.7630,28.0270,28.0270,107597000
2018-02-16,27.8730,28.1960,27.5690,27.8520,27.8520,83124000
2018-02-20,27.7740,28.5810,27.6610,27.8550,27.8550,77690000
2018-02-21,28.2070,28.6640,28.0010,28.1040,28.1040,93711000
2018-02-22,28.3880,28.4500,27.4450,27.8140,27.8140,88915000
2018-02-23,28.1000,28.6000,27.7810,28.5930,28.5930,73018000
2018-02-26,28.8750,29.5650,28.7010,29.4160,29.4160,102686000
2018-02-27,29.4770,29.7360,29.0590,29.0610,29.0610,94165000
2018-02-28,29.3100,29.5750,29.0780,29.1380,29.1380,76535000
2018-03-01,29.2750,29.5250,28.3830,29.0390,29.0390,119321000
2018-03-02,28.4650,30.1180,28.3230,30.1050,30.1050,133453000
2018-03-05,30.2850,31.6910,29.7600,31.5000,31.5000,189861000
2018-03-06,31.9880,32.5790,31.6500,32.5220,32.5220,185258000
2018-03-07,32.0000,32.3740,31.4550,32.1160,32.1160,171322000
2018-03-08,32.2200,32.2920,31.4130,31.7000,31.7000,113401000
2018-03-09,32.1330,33.1440,32.0230,33.1440,33.1440,145002000
2018-03-12,33.3560,33.3980,31.8600,32.1300,32.1300,203692000
2018-03-13,32.3870,32.5840,31.3280,31.5880,31.5880,129172000
2018-03-14,31.8160,32.3880,31.7700,32.1550,32.1550,104751000
2018-03-15,32.3170,32.3400,31.8140,32.1090,32.1090,56429000
2018-03-16,32.1420,32.4110,31.8370,31.8450,31.8450,73337000
2018-03-19,31.5800,31.7000,30.7340,31.3480,31.3480,99252000
2018-03-20,31.3260,31.9500,31.2800,31.7500,31.7500,59919000
2018-03-21,31.6350,31.9400,31.4510,31.6480,31.6480,52639000
2018-03-22,31.3070,31.4120,30.5660,30.6700,30.6700,80633000
2018-03-23,30.7410,30.9370,30.0360,30.0940,30.0940,95299000
2018-03-26,30.9360,32.1030,30.2000,32.0350,32.0350,119883000
2018-03-27,32.2490,32.2900,29.7000,30.0690,30.0690,120686000
2018-03-28,29.8390,29.8800,28.1610,28.5770,28.5770,189729000
2018-03-29,28.7000,29.5350,27.5900,29.5350,29.5350,191455000
2018-04-02,29.1940,29.2870,27.5050,28.0290,28.0290,134058000
2018-04-03,28.5450,29.1250,27.8010,28.3670,28.3670,126949000
2018-04-04,27.3630,29.0310,27.1220,28.8940,28.8940,129140000
2018-04-05,29.3150,29.9160,28.9110,29.3970,29.3970,106552000
2018-04-06,28.9100,29.8850,28.5650,28.8850,28.8850,114448000
2018-04-09,29.1770,29.9550,28.9120,28.9930,28.9930,98536000
2018-04-10,29.7680,29.8950,29.1690,29.8070,29.8070,106605000
2018-04-11,30.2880,31.1640,30.1820,30.3670,30.3670,148774000
2018-04-12,30.9720,31.1130,30.6750,30.9250,30.9250,102494000
2018-04-13,31.7290,31.7490,30.8230,31.1650,31.1650,120466000
2018-04-16,31.5990,31.6100,30.4000,30.7780,30.7780,203079000
2018-04-17,32.9660,33.8620,32.3770,33.6060,33.6060,338665000
2018-04-18,33.6300,33.8820,33.1100,33.4520,33.4520,112211000
2018-04-19,33.2880,33.5310,32.6770,33.2700,33.2700,84388000
2018-04-20,33.2220,33.6510,32.6000,32.7770,32.7770,91587000
2018-04-23,32.9150,33.1220,31.7080,31.8690,31.8690,89680000
2018-04-24,31.9220,32.0250,30.2310,30.7020,30.7020,138932000
2018-04-25,30.6370,30.9980,29.2620,30.5760,30.5760,149197000
2018-04-26,31.0000,31.6630,30.5580,31.3980,31.3980,92667000
2018-04-27,31.6250,31.7450,30.6500,31.1760,31.1760,70744000
2018-04-30,31.1070,31.7880,31.0120,31.2460,31.2460,60888000
2018-05-01,31.0360,31.3480,30.6690,31.3300,31.3300,60366000
2018-05-02,31.1650,31.7100,31.0400,31.3360,31.3360,56971000
2018-05-03,31.2590,31.2590,30.5730,31.1690,31.1690,61358000
2018-05-04,30.8710,32.0980,30.7670,32.0090,32.0090,82095000
2018-05-07,32.1990,32.9020,31.9340,32.6260,32.6260,71178000
2018-05-08,32.5900,32.7350,32.3050,32.6890,32.6890,47357000
2018-05-09,32.8790,33.1950,32.7510,33.0300,33.0300,56334000
2018-05-10,33.1500,33.2060,32.7340,32.9600,32.9600,53023000
2018-05-11,32.9650,33.1260,32.4870,32.6460,32.6460,45897000
2018-05-14,32.7250,33.0500,32.7040,32.8530,32.8530,40898000
2018-05-15,32.5940,32.6940,32.2430,32.6130,32.6130,47461000
2018-05-16,32.6280,32.9720,32.5140,32.8190,32.8190,36717000
2018-05-17,32.7530,33.0450,32.3170,32.5220,32.5220,49357000
2018-05-18,32.4900,32.6420,32.2800,32.4180,32.4180,35777000
2018-05-21,32.7110,33.1880,32.5450,33.1820,33.1820,66573000
2018-05-22,33.4050,33.6630,33.1150,33.1620,33.1620,59644000
2018-05-23,32.9040,34.5000,32.8090,34.4720,34.4720,100491000
2018-05-24,34.4340,35.4000,34.1120,34.9290,34.9290,147586000
2018-05-25,34.9900,35.4360,34.8830,35.1290,35.1290,78174000
2018-05-29,35.1500,35.6100,34.6710,34.9730,34.9730,97179000
2018-05-30,35.2370,35.4000,34.9260,35.3540,35.3540,56855000
2018-05-31,35.3800,35.5530,35.0210,35.1600,35.1600,69217000
2018-06-01,35.3880,35.9990,35.2820,35.9930,35.9930,71123000
2018-06-04,36.2680,36.3000,35.5510,36.1810,36.1810,76820000
2018-06-05,36.3320,36.9830,36.1410,36.5800,36.5800,83580000
2018-06-06,36.7780,36.9680,36.3330,36.7450,36.7450,77123000
2018-06-07,36.8540,36.8700,35.7800,36.1400,36.1400,82780000
2018-06-08,35.8060,36.2390,35.6250,36.0570,36.0570,52257000
2018-06-11,36.1880,36.5670,36.0910,36.1450,36.1450,44324000
2018-06-12,36.3600,36.5980,36.2000,36.3830,36.3830,42910000
2018-06-13,36.7530,38.4250,36.4110,37.9930,37.9930,182228000
2018-06-14,38.4270,39.5030,38.3250,39.2870,39.2870,145983000
2018-06-15,39.0710,39.8860,38.7510,39.1980,39.1980,135881000
2018-06-18,38.7720,39.3160,38.6500,39.0400,39.0400,68248000
2018-06-19,38.9500,40.5290,38.8500,40.4980,40.4980,166971000
2018-06-20,41.5150,41.9470,40.9600,41.6760,41.6760,164946000
2018-06-21,42.1380,42.3210,40.6370,41.5440,41.5440,183899000
2018-06-22,41.9980,42.0500,40.9650,41.1090,41.1090,104286000
2018-06-25,40.4690,40.5990,37.8750,38.4480,38.4480,224909000
2018-06-26,39.3280,40.4780,38.9050,39.9390,39.9390,151912000
2018-06-27,40.7560,41.1590,39.0000,39.0390,39.0390,165414000
2018-06-28,39.5000,39.6900,38.7100,39.5420,39.5420,122199000
2018-06-29,39.9190,40.1330,39.0550,39.1430,39.1430,92525000
2018-07-02,38.5450,39.8380,38.0000,39.8180,39.8180,81425000
2018-07-03,39.9490,39.9980,38.9500,39.0520,39.0520,52803000
2018-07-05,39.3800,39.9240,39.0860,39.8390,39.8390,84489000
2018-07-06,39.7450,40.8650,39.5520,40.8250,40.8250,86296000
2018-07-09,41.5950,41.9120,41.1100,41.8970,41.8970,111275000
2018-07-10,41.7240,41.9440,41.3080,41.5630,41.5630,93829000
2018-07-11,41.1340,41.9770,41.0600,41.8650,41.8650,97139000
2018-07-12,41.5160,41.6790,40.7800,41.3500,41.3500,127433000
2018-07-13,40.9190,41.0000,39.5080,39.5800,39.5800,157190000
2018-07-16,39.8980,40.3360,39.1750,40.0480,40.0480,229600000
2018-07-17,34.6950,38.5000,34.4000,37.9480,37.9480,584104000
2018-07-18,38.1240,38.3130,37.2360,37.5130,37.5130,217463000
2018-07-19,37.1060,37.5750,36.3000,36.4230,36.4230,168787000
2018-07-20,36.4920,37.0500,36.0140,36.1050,36.1050,150967000
2018-07-23,35.9150,36.3900,35.3600,36.2660,36.2660,115052000
2018-07-24,36.6940,36.7400,35.4560,35.7320,35.7320,128515000
2018-07-25,35.7570,36.3280,35.5650,36.2870,36.2870,84678000
2018-07-26,35.8190,36.5540,35.6630,36.3090,36.3090,69937000
2018-07-27,36.6850,36.7000,35.1650,35.5210,35.5210,89495000
2018-07-30,35.1930,35.2030,33.4020,33.4960,33.4960,182607000
2018-07-31,33.1510,34.2500,32.8000,33.7450,33.7450,140854000
2018-08-01,33.5870,34.4410,33.4020,33.8380,33.8380,77905000
2018-08-02,33.7230,34.5000,33.4710,34.4500,34.4500,71313000
2018-08-03,34.7750,34.7860,33.8480,34.3090,34.3090,88484000
2018-08-06,34.2870,35.1980,34.1740,35.0920,35.0920,81981000
2018-08-07,35.3230,35.7310,34.9010,35.1830,35.1830,79709000
2018-08-08,35.2210,35.2290,34.6610,34.7610,34.7610,53947000
2018-08-09,34.7960,35.2440,34.5820,34.9360,34.9360,48203000
2018-08-10,34.6910,34.9100,34.4420,34.5870,34.5870,43284000
2018-08-13,33.9890,34.7190,33.9070,34.1310,34.1310,68889000
2018-08-14,34.2090,34.2410,33.6250,33.7490,33.7490,58052000
2018-08-15,33.4030,33.5500,32.1000,32.6400,32.6400,117845000
2018-08-16,32.9900,33.1170,32.1210,32.2440,32.2440,66897000
2018-08-17,31.9010,32.4370,31.2960,31.6780,31.6780,104079000
2018-08-20,31.4640,33.1600,31.0930,32.7730,32.7730,135911000
2018-08-21,33.1000,34.1500,32.9700,33.8020,33.8020,147832000
2018-08-22,33.8490,34.6210,33.7410,34.4440,34.4440,89307000
2018-08-23,34.8110,35.0080,33.7650,33.9170,33.9170,113364000
2018-08-24,34.6000,35.9150,34.4540,35.8820,35.8820,147291000
2018-08-27,36.7150,37.4490,36.0000,36.4580,36.4580,174273000
2018-08-28,36.7230,36.9990,36.0380,36.8490,36.8490,92226000
2018-08-29,36.7200,36.9860,36.2910,36.8040,36.8040,81187000
2018-08-30,36.5000,37.6810,36.3540,37.0980,37.0980,109810000
2018-08-31,37.0660,37.6000,36.7080,36.7680,36.7680,79434000
2018-09-04,36.6470,36.8880,36.1260,36.3600,36.3600,76052000
2018-09-05,36.0000,36.3390,33.5830,34.1180,34.1180,130928000
2018-09-06,34.7440,35.6000,34.1990,34.6460,34.6460,130502000
2018-09-07,34.2200,35.5750,34.1250,34.8680,34.8680,91058000
2018-09-10,35.2270,35.2500,34.3080,34.8410,34.8410,57522000
2018-09-11,34.4670,35.6150,34.3900,35.5930,35.5930,61981000
2018-09-12,35.9080,37.0430,35.6240,36.9950,36.9950,104808000
2018-09-13,37.1910,37.4090,36.6840,36.8150,36.8150,83661000
2018-09-14,36.8550,37.1090,36.3460,36.4560,36.4560,47564000
2018-09-17,36.4220,36.7330,34.9570,35.0350,35.0350,70719000
2018-09-18,35.3670,36.8150,35.1560,36.7650,36.7650,104140000
2018-09-19,37.3950,37.7610,35.9170,36.6960,36.6960,118768000
2018-09-20,37.0260,37.0260,36.3170,36.5360,36.5360,67681000
2018-09-21,36.6590,37.2220,36.0740,36.1190,36.1190,119306000
2018-09-24,35.9000,37.3640,35.4330,36.9610,36.9610,93225000
2018-09-25,37.0230,37.1340,36.4490,36.9430,36.9430,67998000
2018-09-26,37.3590,38.2000,37.0880,37.7880,37.7880,137997000
2018-09-27,37.9870,38.3200,37.6000,38.0710,38.0710,73262000
2018-09-28,37.9240,38.0800,37.3730,37.4130,37.4130,71149000
2018-10-01,37.5850,38.6110,37.5590,38.1430,38.1430,83766000
2018-10-02,38.4380,38.6800,37.3830,37.7140,37.7140,86387000
2018-10-03,37.8530,38.0930,37.4880,37.7050,37.7050,57986000
2018-10-04,37.5880,37.5920,36.0400,36.3650,36.3650,90744000
2018-10-05,35.9770,36.3500,34.3000,35.1350,35.1350,135230000
2018-10-08,34.5180,35.2950,33.8110,34.9100,34.9100,123755000
2018-10-09,34.8480,35.8720,34.7090,35.5710,35.5710,87550000
2018-10-10,35.3520,35.5150,32.5390,32.5890,32.5890,171831000
2018-10-11,32.4940,33.4200,31.5810,32.1100,32.1100,160821000
2018-10-12,33.9570,34.1300,32.8900,33.9560,33.9560,148708000
2018-10-15,33.7630,33.9210,32.6930,33.3130,33.3130,112150000
2018-10-16,33.7240,34.7950,33.0560,34.6400,34.6400,201564000
2018-10-17,37.8330,38.0000,35.6500,36.4700,36.4700,326109000
2018-10-18,36.0670,36.2200,34.6050,34.6710,34.6710,184610000
2018-10-19,35.1000,35.5800,33.2200,33.2670,33.2670,167172000
2018-10-22,33.3100,33.5800,32.0340,32.9540,32.9540,170972000
2018-10-23,31.8000,33.6580,31.6770,33.3160,33.3160,149073000
2018-10-24,33.2280,33.3000,30.0730,30.1830,30.1830,190393000
2018-10-25,30.7120,31.9940,30.5250,31.2870,31.2870,133469000
2018-10-26,30.0510,31.3990,29.2300,29.9830,29.9830,196160000
2018-10-29,30.5260,30.7890,27.5400,28.4840,28.4840,216988000
2018-10-30,27.5570,29.0520,27.1210,28.5810,28.5810,236857000
2018-10-31,29.7770,31.1500,29.5050,30.1780,30.1780,203603000
2018-11-01,30.4590,31.8450,29.6670,31.7380,31.7380,151215000
2018-11-02,31.8000,32.1880,30.8330,30.9100,30.9100,134046000
2018-11-05,31.1100,31.7530,30.3740,31.5440,31.5440,102830000
2018-11-06,31.4760,32.0220,30.5300,31.0840,31.0840,97104000
2018-11-07,31.2900,32.8560,31.1000,32.7500,32.7500,133283000
2018-11-08,32.8000,33.2050,31.6610,31.7920,31.7920,110239000
2018-11-09,31.1070,31.2980,29.8010,30.3470,30.3470,134808000
2018-11-12,30.0000,30.2490,29.0630,29.4070,29.4070,109248000
2018-11-13,29.5000,30.3550,28.9100,29.4400,29.4400,122322000
2018-11-14,30.0400,30.1840,27.8300,28.6730,28.6730,168536000
2018-11-15,28.5510,29.2500,28.2160,29.0060,29.0060,99671000
2018-11-16,28.7140,29.1720,28.1000,28.6210,28.6210,90995000
2018-11-19,28.3790,28.5090,26.9150,27.0600,27.0600,129938000
2018-11-20,25.4630,27.6340,25.0000,26.6980,26.6980,166938000
2018-11-21,27.4420,27.5340,26.1510,26.2130,26.2130,110230000
2018-11-23,26.0110,26.5500,25.6840,25.8820,25.8820,52451000
2018-11-26,26.0550,26.6250,25.3800,26.1430,26.1430,124986000
2018-11-27,25.9240,26.9080,25.6140,26.6630,26.6630,111495000
2018-11-28,27.1980,28.4000,26.3340,28.2650,28.2650,148013000
2018-11-29,28.2320,29.0490,27.5500,28.8750,28.8750,154315000
2018-11-30,28.8000,29.0810,28.3060,28.6130,28.6130,118601000
2018-12-03,29.3190,29.8720,28.4580,29.0300,29.0300,141174000
2018-12-04,28.8130,29.5740,27.4720,27.5330,27.5330,128006000
2018-12-06,26.8330,28.3220,26.7140,28.2880,28.2880,130743000
2018-12-07,28.2480,28.4210,26.3380,26.5140,26.5140,124667000
2018-12-10,26.4190,27.1180,26.0610,26.9700,26.9700,96056000
2018-12-11,27.4080,27.4500,26.2760,26.5320,26.5320,98432000
2018-12-12,26.7660,28.1770,26.6480,27.4880,27.4880,114567000
2018-12-13,27.7640,27.9320,27.1850,27.6020,27.6020,83793000
2018-12-14,27.1810,27.7670,26.5000,26.6840,26.6840,99153000
2018-12-17,26.6510,27.2980,26.1080,26.2800,26.2800,96347000
2018-12-18,26.3300,27.5750,26.3290,27.0940,27.0940,103501000
2018-12-19,26.9960,28.0870,26.3770,26.6770,26.6770,137884000
2018-12-20,26.4640,26.9900,25.1880,26.0580,26.0580,167929000
2018-12-21,26.3830,26.4500,24.1290,24.6390,24.6390,213976000
2018-12-24,24.2000,25.0650,23.3680,23.3880,23.3880,95476000
2018-12-26,23.3920,25.4500,23.1230,25.3670,25.3670,144027000
2018-12-27,25.0110,25.5590,24.0100,25.5570,25.5570,122352000
2018-12-28,25.7940,26.1910,24.9800,25.6080,25.6080,109928000
2018-12-31,26.0160,27.0100,26.0000,26.7660,26.7660,135089000
2019-01-02,25.9280,26.9750,25.6580,26.7660,26.7660,116795000
2019-01-03,27.0200,27.5790,26.4430,27.1200,27.1200,149696000
2019-01-04,28.1880,29.7800,27.8540,29.7570,29.7570,193301000
2019-01-07,30.2100,31.6800,30.1650,31.5340,31.5340,186201000
2019-01-08,31.9980,32.0590,30.8010,32.0270,32.0270,153592000
2019-01-09,31.7710,32.3350,31.3500,31.9960,31.9960,133432000
2019-01-10,31.4570,32.5370,31.2500,32.4660,32.4660,134725000
2019-01-11,33.0960,34.1090,32.8520,33.7590,33.7590,195004000
2019-01-14,33.4240,33.5480,32.9130,33.2940,33.2940,104996000
2019-01-15,34.9600,35.7220,34.7000,35.4640,35.4640,211812000
2019-01-16,35.4000,35.8850,34.8110,35.1390,35.1390,153855000
2019-01-17,34.9500,35.5790,34.6410,35.3190,35.3190,188712000
2019-01-18,35.1970,35.3000,33.6730,33.9100,33.9100,266210000
2019-01-22,33.4890,33.6880,32.1030,32.5160,32.5160,179414000
2019-01-23,32.8250,33.1750,31.8600,32.1990,32.1990,134801000
2019-01-24,32.0600,33.1800,31.9000,32.6670,32.6670,111316000
2019-01-25,32.8720,34.0000,32.8510,33.8050,33.8050,111529000
2019-01-28,33.4700,33.6300,32.8880,33.5660,33.5660,86521000
2019-01-29,33.5870,33.8220,32.8150,32.8900,32.8900,76552000
2019-01-30,33.2750,34.1780,33.0800,34.0660,34.0660,92345000
2019-01-31,33.9680,34.5990,33.8090,33.9500,33.9500,85355000
2019-02-01,33.7180,34.6840,33.6500,33.9850,33.9850,98278000
2019-02-04,34.2600,35.2000,34.1300,35.1340,35.1340,90514000
2019-02-05,35.3200,36.0000,35.2900,35.5810,35.5810,90466000
2019-02-06,35.7000,35.7040,34.7190,35.2190,35.2190,67177000
2019-02-07,34.7900,34.8750,33.9020,34.4710,34.4710,78645000
2019-02-08,33.8000,34.8000,33.8000,34.7570,34.7570,75614000
2019-02-11,35.0000,35.2870,34.4810,34.5730,34.5730,54549000
2019-02-12,34.8090,36.0000,34.6520,35.9970,35.9970,104294000
2019-02-13,35.7300,35.9600,35.0280,35.1770,35.1770,105591000
2019-02-14,35.1750,36.0450,34.8330,35.9070,35.9070,92953000
2019-02-15,35.8470,36.4400,35.5500,35.6870,35.6870,92300000
2019-02-19,35.5800,36.5000,35.5320,36.1920,36.1920,73966000
2019-02-20,36.4850,36.6710,35.6700,35.9910,35.9910,81107000
2019-02-21,36.0030,36.2850,35.3880,35.6970,35.6970,62279000
2019-02-22,36.0340,36.6130,36.0050,36.3020,36.3020,70882000
2019-02-25,36.7010,37.1490,36.3790,36.3910,36.3910,75693000
2019-02-26,36.2980,36.5700,35.9330,36.4970,36.4970,49446000
2019-02-27,36.3500,36.8030,35.9800,36.2870,36.2870,56299000
2019-02-28,36.2470,36.6390,35.7710,35.8100,35.8100,61868000
2019-03-01,36.2260,36.2870,35.4690,35.7320,35.7320,55265000
2019-03-04,35.9720,36.2250,34.8040,35.1040,35.1040,74870000
2019-03-05,35.1460,35.6170,34.8250,35.4300,35.4300,59378000
2019-03-06,35.3600,35.9880,35.1700,35.9610,35.9610,62119000
2019-03-07,36.0160,36.2860,35.0500,35.2600,35.2600,61513000
2019-03-08,34.5750,34.9920,34.2470,34.9600,34.9600,68988000
2019-03-11,35.2000,35.8980,35.0030,35.8860,35.8860,53873000
2019-03-12,35.9370,36.0130,35.3800,35.6270,35.6270,51646000
2019-03-13,35.5810,36.2480,35.2770,36.1210,36.1210,64441000
2019-03-14,36.0500,36.3840,35.8100,35.8820,35.8820,52714000
2019-03-15,36.1020,36.4000,35.8890,36.1460,36.1460,84445000
2019-03-18,36.2470,37.0970,36.1860,36.3440,36.3440,71947000
2019-03-19,36.6400,36.6960,35.6800,35.8780,35.8780,75414000
2019-03-20,35.8910,37.5900,35.7010,37.5220,37.5220,109172000
2019-03-21,37.4000,37.9000,37.0610,37.7870,37.7870,85440000
2019-03-22,37.5950,37.6430,36.0040,36.1010,36.1010,86613000
2019-03-25,35.9000,36.7040,35.7440,36.6230,36.6230,84738000
2019-03-26,36.7870,36.8380,35.8020,35.9970,35.9970,76665000
2019-03-27,36.1000,36.2470,35.0370,35.3370,35.3370,78524000
2019-03-28,35.4490,35.5940,34.9200,35.4610,35.4610,43610000
2019-03-29,35.7160,35.8250,35.3710,35.6560,35.6560,47056000
2019-04-01,35.9000,36.8330,35.8510,36.6960,36.6960,70361000
2019-04-02,36.6250,36.8420,36.2220,36.7720,36.7720,51587000
2019-04-03,36.9260,37.3410,36.6190,36.9750,36.9750,53689000
2019-04-04,37.0070,37.2050,36.2400,36.7880,36.7880,46273000
2019-04-05,36.9000,36.9800,36.4660,36.5490,36.5490,39055000
2019-04-08,36.5110,36.5940,35.9930,36.1410,36.1410,46538000
2019-04-09,36.0540,36.6740,35.9000,36.4710,36.4710,54392000
2019-04-10,36.5790,36.8850,36.2250,36.3920,36.3920,45456000
2019-04-11,36.5000,37.0120,36.0810,36.7650,36.7650,65269000
2019-04-12,36.0690,36.1750,34.9360,35.1140,35.1140,156462000
2019-04-15,35.0710,35.2210,34.2270,34.8870,34.8870,88423000
2019-04-16,35.5000,36.4480,35.2720,35.9460,35.9460,187402000
2019-04-17,36.5050,36.8760,35.0600,35.4740,35.4740,180541000
2019-04-18,35.5000,36.0410,35.1640,36.0350,36.0350,83532000
2019-04-22,35.9700,37.7690,35.9000,37.7340,37.7340,119805000
2019-04-23,37.5450,38.4800,37.4710,38.1890,38.1890,100898000
2019-04-24,38.1070,38.1900,37.3270,37.4230,37.4230,65419000
2019-04-25,37.4490,37.4760,36.5700,36.8330,36.8330,62555000
2019-04-26,36.8350,37.5140,36.6240,37.4850,37.4850,56219000
2019-04-29,37.3680,37.4580,36.9120,37.1830,37.1830,38217000
2019-04-30,36.9560,37.4500,36.8350,37.0540,37.0540,38701000
2019-05-01,37.4000,38.5990,37.3170,37.8810,37.8810,92573000
2019-05-02,37.8000,38.3500,37.4510,37.9060,37.9060,53982000
2019-05-03,38.1530,38.5030,37.8270,38.5030,38.5030,51303000
2019-05-06,37.7690,38.1350,37.6000,37.8670,37.8670,57931000
2019-05-07,37.7000,37.9910,36.5810,37.0460,37.0460,69749000
2019-05-08,36.7920,36.9000,36.1360,36.4370,36.4370,65720000
2019-05-09,36.0900,36.4200,35.2750,36.2750,36.2750,58826000
2019-05-10,36.1620,36.5260,35.3060,36.1040,36.1040,56571000
2019-05-13,35.2290,35.4260,34.3100,34.5260,34.5260,80267000
2019-05-14,34.8710,34.9950,34.2500,34.5610,34.5610,53530000
2019-05-15,34.3340,35.6500,34.1390,35.4990,35.4990,63401000
2019-05-16,35.6370,36.4000,35.3940,35.9310,35.9310,64415000
2019-05-17,35.6390,35.9620,35.3790,35.4450,35.4450,47254000
2019-05-20,35.1230,35.2420,34.5400,34.8110,34.8110,46215000
2019-05-21,35.0950,35.6430,34.9930,35.4270,35.4270,40264000
2019-05-22,35.8010,37.0460,35.7300,35.9730,35.9730,62294000
2019-05-23,35.5500,35.7420,34.7700,35.2210,35.2210,56304000
2019-05-24,35.5410,35.9440,35.3790,35.4390,35.4390,38310000
2019-05-28,35.4390,36.1200,35.3650,35.5060,35.5060,47171000
2019-05-29,35.3600,35.3850,34.5900,34.9190,34.9190,56589000
2019-05-30,35.0550,35.4210,34.8300,35.1850,35.1850,40080000
2019-05-31,34.7220,34.9340,34.2920,34.3280,34.3280,50234000
2019-06-03,34.3560,34.7660,33.2650,33.6630,33.6630,78496000
2019-06-04,34.5000,35.3610,34.3250,35.3400,35.3400,78916000
2019-06-05,35.4380,35.7880,34.8710,35.5730,35.5730,50201000
2019-06-06,35.4840,35.8210,35.2090,35.7130,35.7130,37100000
2019-06-07,35.7390,36.5150,35.5690,36.0870,36.0870,47773000
2019-06-10,36.3650,36.7100,34.9290,35.2010,35.2010,78103000
2019-06-11,35.5000,35.7580,34.8500,35.1270,35.1270,53967000
2019-06-12,35.1820,35.3610,34.3230,34.5560,34.5560,45847000
2019-06-13,34.7230,34.8500,33.9250,34.3430,34.3430,62093000
2019-06-14,34.1630,34.3400,33.6160,33.9730,33.9730,50190000
2019-06-17,34.2690,35.1770,34.2060,35.0620,35.0620,53582000
2019-06-18,35.5570,36.1500,35.3750,35.7120,35.7120,54285000
2019-06-19,36.1720,36.4740,35.6120,36.3520,36.3520,56672000
2019-06-20,36.5910,37.0120,36.1220,36.5210,36.5210,58995000
2019-06-21,36.5000,37.1450,36.5000,36.9210,36.9210,74484000
2019-06-24,37.0270,37.5000,37.0200,37.1040,37.1040,48302000
2019-06-25,37.0750,37.1000,35.8290,36.0300,36.0300,57504000
2019-06-26,36.1600,36.6790,36.1600,36.2200,36.2200,36697000
2019-06-27,36.3200,37.0850,36.3200,37.0020,37.0020,41386000
2019-06-28,37.0260,37.1540,36.4870,36.7320,36.7320,45927000
2019-07-01,37.3500,37.6660,37.2000,37.4600,37.4600,49926000
2019-07-02,37.4890,37.6000,37.0310,37.5430,37.5430,36250000
2019-07-03,37.6690,38.1990,37.5840,38.1720,38.1720,37990000
2019-07-05,37.8290,38.1400,37.5560,38.0550,38.0550,37322000
2019-07-08,37.8190,37.8250,37.5360,37.6160,37.6160,31134000
2019-07-09,37.9060,38.4760,37.7500,37.9930,37.9930,69328000
2019-07-10,38.2770,38.4340,36.2680,38.1000,38.1000,58788000
2019-07-11,38.1100,38.4540,37.8800,37.9500,37.9500,43363000
2019-07-12,37.8680,37.9740,37.2790,37.3250,37.3250,66369000
2019-07-15,37.2940,37.3680,36.2300,36.6600,36.6600,79447000
2019-07-16,37.0090,37.1340,36.4920,36.5990,36.5990,58632000
2019-07-17,36.6250,36.6500,36.1750,36.2440,36.2440,136395000
2019-07-18,32.3760,32.9850,32.0300,32.5210,32.5210,312871000
2019-07-19,32.3400,32.5850,31.4230,31.5100,31.5100,163025000
2019-07-22,31.2000,31.4540,30.5810,31.0620,31.0620,177180000
2019-07-23,31.1440,31.3500,30.6000,30.7300,30.7300,91711000
2019-07-24,31.0510,31.9990,30.7250,31.7940,31.7940,119618000
2019-07-25,31.8860,32.7690,31.6300,32.6460,32.6460,107985000
2019-07-26,32.8790,33.6000,32.7500,33.5780,33.5780,108475000
2019-07-29,33.5980,33.6400,32.8770,33.2700,33.2700,57828000
2019-07-30,32.9200,32.9650,32.3230,32.5930,32.5930,60293000
2019-07-31,32.5160,33.1770,31.8530,32.2990,32.2990,62595000
2019-08-01,32.4250,32.8580,31.8740,31.9500,31.9500,65632000
2019-08-02,31.7490,31.9410,31.1800,31.8830,31.8830,62803000
2019-08-05,31.0960,31.3420,30.4680,30.7630,30.7630,86925000
2019-08-06,31.0580,31.1880,30.5300,31.0100,31.0100,61791000
2019-08-07,30.2560,30.5000,29.6810,30.4290,30.4290,93224000
2019-08-08,31.1030,31.6360,30.6630,31.5900,31.5900,59059000
2019-08-09,31.3740,31.6640,30.5680,30.8930,30.8930,53491000
2019-08-12,30.5460,31.2890,30.3240,31.0830,31.0830,65317000
2019-08-13,30.9770,31.6430,30.8160,31.2280,31.2280,52894000
2019-08-14,30.8010,30.8410,29.8010,29.9110,29.9110,73558000
2019-08-15,29.9500,30.0630,28.8000,29.5760,29.5760,96292000
2019-08-16,29.8860,30.3550,29.6270,30.2800,30.2800,69058000
2019-08-19,30.6250,31.1750,30.4750,30.9380,30.9380,49422000
2019-08-20,30.4570,30.5000,29.7680,29.8990,29.8990,73499000
2019-08-21,30.1610,30.2880,29.6200,29.7810,29.7810,56854000
2019-08-22,29.8650,30.0330,29.3150,29.6930,29.6930,49742000
2019-08-23,29.5000,29.9010,29.0320,29.1440,29.1440,63249000
2019-08-26,29.5240,29.6950,29.2500,29.4980,29.4980,46957000
2019-08-27,29.4540,29.6770,28.7200,29.1030,29.1030,63094000
2019-08-28,28.9470,29.2820,28.7750,29.1770,29.1770,39557000
2019-08-29,29.5000,29.9930,29.4990,29.6780,29.6780,43885000
2019-08-30,29.8780,29.8940,29.0850,29.3750,29.3750,44464000
2019-09-03,29.0820,29.3900,28.8060,28.9290,28.9290,36828000
2019-09-04,29.1250,29.2380,28.6510,29.1520,29.1520,46525000
2019-09-05,28.5320,29.3970,28.2790,29.3250,29.3250,89668000
2019-09-06,29.3350,29.3350,28.7030,29.0170,29.0170,51666000
2019-09-09,29.4810,30.1550,29.0600,29.4340,29.4340,82327000
2019-09-10,29.1160,29.7170,28.2660,28.7990,28.7990,123202000
2019-09-11,28.5700,29.2650,28.4610,28.8270,28.8270,74059000
2019-09-12,28.8100,29.2730,28.6600,28.8860,28.8860,50109000
2019-09-13,29.0610,29.6620,29.0040,29.4150,29.4150,65831000
2019-09-16,29.4230,29.7430,28.9780,29.4290,29.4290,53074000
2019-09-17,29.4500,29.9150,29.1790,29.8600,29.8600,47771000
2019-09-18,29.4990,29.6050,28.7450,29.1560,29.1560,78111000
2019-09-19,29.1560,29.3810,28.3400,28.6600,28.6600,84613000
2019-09-20,28.0260,28.2500,26.6000,27.0750,27.0750,238328000
2019-09-23,26.8350,27.3390,26.1890,26.5920,26.5920,134786000
2019-09-24,26.2500,26.5000,25.2280,25.4590,25.4590,163382000
2019-09-25,25.5710,26.6600,25.3700,26.4750,26.4750,116438000
2019-09-26,26.6420,26.8050,26.0200,26.3310,26.3310,76840000
2019-09-27,26.6180,26.7440,26.0390,26.3080,26.3080,73283000
2019-09-30,26.4000,26.8880,26.2780,26.7620,26.7620,67272000
2019-10-01,26.7350,27.2200,26.4030,26.9580,26.9580,86503000
2019-10-02,26.3610,26.9350,26.2190,26.8030,26.8030,76591000
2019-10-03,26.7780,26.8840,25.7010,26.8150,26.8150,89510000
2019-10-04,26.8200,27.5480,26.6470,27.2790,27.2790,98904000
2019-10-07,27.1990,27.6680,27.1280,27.4460,27.4460,65256000
2019-10-08,27.3030,27.5530,27.0640,27.0720,27.0720,62764000
2019-10-09,27.0020,27.1000,26.4570,26.7530,26.7530,67944000
2019-10-10,26.5970,28.0530,26.5030,28.0480,28.0480,108091000
2019-10-11,28.4800,28.7870,28.2340,28.2930,28.2930,87861000
2019-10-14,28.3930,28.6930,28.2000,28.5530,28.5530,55132000
2019-10-15,28.3820,28.5870,27.9400,28.4250,28.4250,76856000
2019-10-16,28.3120,28.8170,28.0740,28.6280,28.6280,161759000
2019-10-17,30.4490,30.8750,28.8300,29.3350,29.3350,382589000
2019-10-18,28.9360,29.0900,27.3360,27.5300,27.5300,234299000
2019-10-21,27.2890,27.9940,26.9000,27.8050,27.8050,125992000
2019-10-22,27.1160,27.5410,26.5800,26.6690,26.6690,118024000
2019-10-23,26.8060,27.3920,26.6630,27.1270,27.1270,71335000
2019-10-24,27.1810,27.4020,26.8800,27.1500,27.1500,48274000
2019-10-25,27.0680,27.7770,27.0180,27.6820,27.6820,47478000
2019-10-28,27.8050,28.5750,27.7350,28.1860,28.1860,62484000
2019-10-29,28.1870,28.4410,27.7550,28.1210,28.1210,43562000
2019-10-30,28.4340,29.3490,28.3000,29.1450,29.1450,93456000
2019-10-31,29.1000,29.1450,28.4780,28.7410,28.7410,50900000
2019-11-01,28.8700,28.9120,28.3020,28.6810,28.6810,55943000
2019-11-04,28.8000,29.5390,28.7160,29.2860,29.2860,55662000
2019-11-05,28.9990,29.1190,28.6310,28.8030,28.8030,40624000
2019-11-06,28.8190,29.0560,28.5840,28.8590,28.8590,34383000
2019-11-07,29.0700,29.8190,28.8270,28.9570,28.9570,59285000
2019-11-08,28.8730,29.3990,28.7510,29.1570,29.1570,45090000
2019-11-11,28.9160,29.6360,28.8500,29.4180,29.4180,39443000
2019-11-12,29.5320,29.5350,28.8700,29.2010,29.2010,57728000
2019-11-13,29.1030,29.3410,28.1140,28.3110,28.3110,91589000
2019-11-14,28.3250,29.0630,28.3220,28.9620,28.9620,65290000
2019-11-15,29.0590,29.5820,28.7570,29.5030,29.5030,63338000
2019-11-18,29.6000,30.4990,29.3280,30.2570,30.2570,86166000
2019-11-19,30.4010,30.5670,29.8520,30.2600,30.2600,59180000
2019-11-20,30.1010,30.8250,30.1000,30.5160,30.5160,51118000
2019-11-21,30.6000,31.2690,30.4260,31.1690,31.1690,74884000
2019-11-22,30.9100,31.1400,30.4410,31.0480,31.0480,59701000
2019-11-25,30.8830,31.5730,30.5250,31.5550,31.5550,78739000
2019-11-26,31.5000,31.6500,31.1690,31.2490,31.2490,53210000
2019-11-27,31.3930,31.6820,31.2750,31.5930,31.5930,40969000
2019-11-29,31.5780,31.6620,31.3340,31.4660,31.4660,24117000
2019-12-02,31.4390,31.4390,30.3750,30.9990,30.9990,62188000
2019-12-03,30.2220,30.7360,30.1880,30.6160,30.6160,49928000
2019-12-04,30.8430,30.8430,30.3270,30.4320,30.4320,35121000
2019-12-05,30.5270,30.6480,29.8810,30.2860,30.2860,46155000
2019-12-06,30.4700,30.7850,30.2600,30.7350,30.7350,44578000
2019-12-09,30.7350,31.1490,30.2440,30.2500,30.2500,57484000
2019-12-10,29.6120,29.8940,29.2020,29.3120,29.3120,104761000
2019-12-11,29.4490,29.9430,29.4200,29.8930,29.8930,55898000
2019-12-12,29.5670,29.9170,29.5060,29.8440,29.8440,47666000
2019-12-13,29.8500,30.1800,29.7250,29.8500,29.8500,38797000
2019-12-16,30.0850,30.5710,29.8630,30.4210,30.4210,46589000
2019-12-17,30.7360,31.6800,30.6600,31.5480,31.5480,104271000
2019-12-18,31.6260,32.5360,31.5600,32.0800,32.0800,112074000
2019-12-19,32.4500,33.2830,32.4180,33.2220,33.2220,98223000
2019-12-20,33.5000,33.8000,33.0600,33.6900,33.6900,99149000
2019-12-23,33.7760,33.7950,33.1020,33.3100,33.3100,57653000
2019-12-24,33.4010,33.5700,33.1600,33.3200,33.3200,20193000
2019-12-26,33.4600,33.6460,33.2010,33.2630,33.2630,35899000
2019-12-27,33.2960,33.3820,32.6010,32.9090,32.9090,50361000
2019-12-30,32.9080,32.9190,32.2860,32.3310,32.3310,43115000
2019-12-31,32.2000,32.4920,32.1090,32.3570,32.3570,37133000
2020-01-02,32.6100,32.9980,32.4780,32.9810,32.9810,44858000
2020-01-03,32.6780,32.9860,32.5530,32.5900,32.5900,38069000
2020-01-06,32.3120,33.6360,32.1200,33.5830,33.5830,56631000
2020-01-07,33.6470,33.6700,33.0300,33.0750,33.0750,47032000
2020-01-08,33.1490,34.2700,33.1050,33.9260,33.9260,71045000
2020-01-09,34.2000,34.3420,33.4610,33.5660,33.5660,47093000
2020-01-10,33.7130,33.8500,32.7270,32.9050,32.9050,47183000
2020-01-13,33.1800,34.0850,33.1510,33.8920,33.8920,62900000
2020-01-14,34.4400,34.5380,33.5520,33.8690,33.8690,71994000
2020-01-15,33.8680,34.3170,33.6600,33.9070,33.9070,51580000
2020-01-16,34.3500,34.3560,33.5850,33.8620,33.8620,50160000
2020-01-17,34.1000,34.1570,33.7380,33.9670,33.9670,60665000
2020-01-21,34.0000,34.1000,33.2590,33.8110,33.8110,143503000
2020-01-22,33.2550,33.6300,32.3600,32.6000,32.6000,217300000
2020-01-23,32.6040,34.9880,32.5010,34.9600,34.9600,182003000
2020-01-24,34.8460,35.9850,34.5880,35.3160,35.3160,179397000
2020-01-27,34.5950,35.1900,34.1020,34.2880,34.2880,77095000
2020-01-28,34.5880,35.2400,34.2780,34.8520,34.8520,68216000
2020-01-29,34.9000,34.9400,33.8550,34.3160,34.3160,76435000
2020-01-30,34.1100,34.8200,33.9250,34.7740,34.7740,53281000
2020-01-31,34.7390,34.7390,34.0980,34.5090,34.5090,52300000
2020-02-03,34.7240,35.9630,34.6280,35.8000,35.8000,66706000
2020-02-04,36.1000,36.9570,35.6100,36.9010,36.9010,71615000
2020-02-05,37.5130,37.5250,36.2300,36.9670,36.9670,64370000
2020-02-06,36.9600,37.1550,36.2510,36.6950,36.6950,39204000
2020-02-07,36.5040,37.1800,36.3570,36.6770,36.6770,43852000
2020-02-10,36.5000,37.4800,36.2520,37.1070,37.1070,52941000
2020-02-11,37.3750,37.8110,36.9720,37.3690,37.3690,47729000
2020-02-12,37.7180,38.0620,37.5880,38.0010,38.0010,46248000
2020-02-13,37.6960,38.5370,37.6510,38.1400,38.1400,44854000
2020-02-14,38.1470,38.5150,37.9430,38.0400,38.0400,37363000
2020-02-18,37.9300,38.9540,37.9190,38.7780,38.7780,51739000
2020-02-19,38.8120,39.2950,38.4900,38.6190,38.6190,48964000
2020-02-20,38.6560,38.9700,37.6680,38.6000,38.6000,40794000
2020-02-21,38.5330,38.7320,37.7900,38.0070,38.0070,39301000
2020-02-24,36.4760,37.2820,36.1000,36.8700,36.8700,69364000
2020-02-25,37.2000,37.5650,35.7720,36.0090,36.0090,64812000
2020-02-26,36.6310,38.2000,36.5000,37.9240,37.9240,89341000
2020-02-27,37.1460,39.1560,37.0600,37.1710,37.1710,109677000
2020-02-28,36.4210,37.6770,35.6800,36.9030,36.9030,111686000
2020-03-02,37.3110,38.1360,36.4500,38.1050,38.1050,69979000
2020-03-03,38.1030,39.3520,36.7400,36.8770,36.8770,83646000
2020-03-04,37.7770,38.4010,37.0510,38.3790,38.3790,54873000
2020-03-05,38.1000,39.1400,36.8640,37.2780,37.2780,87470000
2020-03-06,36.7700,37.1310,35.6850,36.8970,36.8970,81472000
2020-03-09,34.3860,35.7470,34.1720,34.6490,34.6490,74055000
2020-03-10,35.6430,36.4540,34.7850,36.4130,36.4130,76044000
2020-03-11,35.8920,36.2980,34.4790,34.9920,34.9920,60360000
2020-03-12,32.6500,33.5720,30.7320,31.5250,31.5250,120716000
2020-03-13,33.0510,33.6420,30.7390,33.6300,33.6300,94582000
2020-03-16,30.6630,33.4350,29.4750,29.8840,29.8840,105599000
2020-03-17,30.6190,32.2900,29.0250,31.9750,31.9750,100139000
2020-03-18,30.2400,33.1580,30.0000,31.5470,31.5470,125936000
2020-03-19,32.4330,34.8510,31.6820,33.2030,33.2030,106160000
2020-03-20,34.2310,35.0490,33.2000,33.2830,33.2830,108538000
2020-03-23,34.7890,36.6110,34.0880,36.0270,36.0270,134494000
2020-03-24,36.9990,37.2930,35.3030,35.7320,35.7320,116387000
2020-03-25,36.1020,36.2000,33.9170,34.2390,34.2390,87672000
2020-03-26,34.4000,36.3840,34.1730,36.2990,36.2990,72296000
2020-03-27,35.9090,36.8560,35.3000,35.7120,35.7120,79488000
2020-03-30,36.3000,37.7800,36.1170,37.0960,37.0960,86220000
2020-03-31,36.7930,38.3010,36.6440,37.5500,37.5500,93665000
2020-04-01,37.6050,38.0230,36.1020,36.4080,36.4080,66725000
2020-04-02,36.4080,37.0990,36.0060,37.0080,37.0080,45925000
2020-04-03,36.7470,37.0900,35.7510,36.1760,36.1760,48608000
2020-04-06,36.5220,38.0290,36.1710,37.9960,37.9960,81839000
2020-04-07,38.0000,38.1330,36.9340,37.2280,37.2280,70464000
2020-04-08,37.4010,37.8390,36.8310,37.1120,37.1120,69089000
2020-04-09,37.1060,37.2100,36.3030,37.0720,37.0720,77113000
2020-04-13,37.1310,40.0510,36.7700,39.6720,39.6720,116929000
2020-04-14,39.7500,41.7820,39.4850,41.3550,41.3550,115810000
2020-04-15,41.3000,43.4980,41.2250,42.6750,42.6750,135612000
2020-04-16,43.7000,44.9520,43.1610,43.9170,43.9170,161287000
2020-04-17,43.1000,43.2000,41.4700,42.2960,42.2960,126163000
2020-04-20,43.5170,44.4490,43.0560,43.7490,43.7490,126558000
2020-04-21,44.4770,44.7000,42.5600,43.3830,43.3830,231776000
2020-04-22,42.9730,43.3000,41.3000,42.1420,42.1420,210848000
2020-04-23,41.9260,43.8410,41.9260,42.6700,42.6700,139523000
2020-04-24,42.5000,42.7170,41.5880,42.4990,42.4990,86589000
2020-04-27,42.5000,42.9000,42.0840,42.1380,42.1380,62775000
2020-04-28,41.9990,42.1000,40.2910,40.3830,40.3830,101012000
2020-04-29,39.9530,41.5860,39.3600,41.1890,41.1890,96931000
2020-04-30,41.0310,42.4440,40.8000,41.9850,41.9850,79540000
2020-05-01,41.5100,42.7970,41.1730,41.5270,41.5270,82999000
2020-05-04,41.7780,42.8540,41.4870,42.8150,42.8150,77991000
2020-05-05,42.7560,43.1000,42.1560,42.4680,42.4680,62863000
2020-05-06,42.9300,43.9770,42.6390,43.4260,43.4260,66607000
2020-05-07,43.6890,43.8880,43.0660,43.6530,43.6530,56419000
2020-05-08,43.4140,44.2000,43.3640,43.5550,43.5550,50493000
2020-05-11,43.6330,44.4890,43.5560,44.0520,44.0520,54860000
2020-05-12,44.2000,44.4170,43.1360,43.1820,43.1820,45982000
2020-05-13,43.5690,44.7000,42.7270,43.8270,43.8270,70146000
2020-05-14,44.4900,45.2380,43.2820,44.1950,44.1950,90075000
2020-05-15,44.0700,45.5000,43.7510,45.4190,45.4190,72440000
2020-05-18,45.1160,45.6360,44.3350,45.2580,45.2580,77735000
2020-05-19,45.3400,45.8970,45.0470,45.1040,45.1040,48105000
2020-05-20,45.4250,45.5810,44.4000,44.7670,44.7670,56073000
2020-05-21,44.8560,44.8960,43.0250,43.6250,43.6250,91173000
2020-05-22,43.7000,43.9090,42.7180,42.9320,42.9320,54223000
2020-05-26,42.7770,42.8500,41.3140,41.4770,41.4770,78811000
2020-05-27,41.0380,42.0020,39.7860,41.9890,41.9890,104463000
2020-05-28,41.7240,42.2370,41.1500,41.3440,41.3440,56551000
2020-05-29,41.7460,42.0300,41.1850,41.9730,41.9730,52549000
2020-06-01,41.8830,42.6720,41.5980,42.5920,42.5920,37437000
2020-06-02,42.5870,42.7590,41.9460,42.7310,42.7310,34948000
2020-06-03,42.6950,42.7100,41.8050,42.1970,42.1970,43160000
2020-06-04,42.2390,42.8710,41.0030,41.4330,41.4330,54105000
2020-06-05,40.7290,42.0240,40.4250,41.9600,41.9600,50996000
2020-06-08,41.6000,42.0800,40.6500,41.9490,41.9490,58515000
2020-06-09,42.1650,43.4730,42.0310,43.4050,43.4050,67970000
2020-06-10,43.6000,43.9690,43.0550,43.4480,43.4480,48969000
2020-06-11,42.8200,44.5570,42.4160,42.5560,42.5560,74629000
2020-06-12,42.9000,43.4060,41.2450,41.8070,41.8070,64611000
2020-06-15,42.1400,42.6490,41.5420,42.5500,42.5500,44679000
2020-06-16,42.5760,43.7960,42.5180,43.6130,43.6130,55079000
2020-06-17,44.1820,45.0460,43.9220,44.7770,44.7770,65296000
2020-06-18,44.8730,45.2760,44.2800,44.9870,44.9870,42776000
2020-06-19,44.9120,45.3970,44.5600,45.3720,45.3720,59345000
2020-06-22,45.5010,46.8590,45.4210,46.8040,46.8040,62721000
2020-06-23,46.6500,47.4010,46.4500,46.6260,46.6260,59484000
2020-06-24,46.8540,47.2360,45.4000,45.7850,45.7850,48262000
2020-06-25,45.8860,46.7010,45.4000,46.5910,46.5910,41345000
2020-06-26,46.6390,46.8030,44.2240,44.3400,44.3400,68047000
2020-06-29,44.5230,44.7670,43.2140,44.7240,44.7240,48440000
2020-06-30,45.0020,45.7590,44.7000,45.5040,45.5040,41985000
2020-07-01,45.4000,48.8230,45.4000,48.5640,48.5640,97059000
2020-07-02,48.5640,49.2280,47.5530,47.6890,47.6890,63515000
2020-07-06,48.0770,49.9500,47.9800,49.3810,49.3810,78390000
2020-07-07,49.7310,50.4820,49.0830,49.3160,49.3160,56699000
2020-07-08,49.8580,50.5100,49.3810,50.2780,50.2780,56917000
2020-07-09,50.8400,51.0000,49.5780,50.7760,50.7760,58405000
2020-07-10,51.9730,55.5880,51.1280,54.8730,54.8730,216056000
2020-07-13,56.7980,57.5370,52.0960,52.5500,52.5500,183990000
2020-07-14,51.7080,52.5500,49.0490,52.4880,52.4880,150833000
2020-07-15,51.6300,52.9000,51.0180,52.3260,52.3260,100667000
2020-07-16,52.6480,53.5540,50.4360,52.7390,52.7390,244990000
2020-07-17,49.4870,50.3590,48.4140,49.2990,49.2990,249914000
2020-07-20,48.9140,50.4500,48.4200,50.2410,50.2410,119403000
2020-07-21,50.6000,50.6220,48.8610,49.0100,49.0100,91137000
2020-07-22,49.2190,49.7200,48.7200,48.9820,48.9820,69541000
2020-07-23,49.1130,49.1900,47.2020,47.7580,47.7580,77220000
2020-07-24,46.8770,48.7170,46.7540,48.0450,48.0450,77462000
2020-07-27,48.4510,49.6920,48.2310,49.5650,49.5650,78631000
2020-07-28,49.6020,49.7790,48.7760,48.8510,48.8510,59867000
2020-07-29,49.2250,49.4920,48.4130,48.4480,48.4480,66118000
2020-07-30,48.0710,48.8350,47.7510,48.5800,48.5800,66086000
2020-07-31,48.8290,49.4800,48.4500,48.8880,48.8880,59163000
2020-08-03,49.0860,50.3090,49.0230,49.8620,49.8620,58731000
2020-08-04,49.8650,51.0440,49.8650,50.9640,50.9640,56080000
2020-08-05,50.8680,51.0100,50.1200,50.2110,50.2110,43082000
2020-08-06,50.4110,51.0820,49.8700,50.9080,50.9080,37259000
2020-08-07,50.5450,50.8290,48.6680,49.4730,49.4730,59103000
2020-08-10,49.3350,49.7460,47.8630,48.3380,48.3380,46912000
2020-08-11,47.9750,48.0920,46.6550,46.6930,46.6930,73292000
2020-08-12,47.1340,48.2490,47.0180,47.5470,47.5470,54392000
2020-08-13,47.8400,48.4450,47.6450,48.1330,48.1330,30089000
2020-08-14,48.2820,48.8330,48.0210,48.2680,48.2680,29435000
2020-08-17,48.4190,48.6240,47.9100,48.2350,48.2350,24235000
2020-08-18,48.4350,49.5300,48.2800,49.1870,49.1870,35055000
2020-08-19,49.3930,49.4500,48.3500,48.4530,48.4530,31562000
2020-08-20,48.4690,49.8940,48.3890,49.7900,49.7900,51325000
2020-08-21,49.6460,49.8130,49.0000,49.2310,49.2310,39213000
2020-08-24,49.5440,50.1000,48.3160,48.8810,48.8810,47622000
2020-08-25,48.8190,49.2470,48.5090,49.0580,49.0580,57277000
2020-08-26,49.2500,54.9040,49.2080,54.7530,54.7530,203737000
2020-08-27,53.7780,54.1000,52.1250,52.6270,52.6270,90629000
2020-08-28,53.2000,53.9000,52.2000,52.3890,52.3890,44175000
2020-08-31,52.1160,53.1990,51.7580,52.9560,52.9560,49414000
2020-09-01,53.2600,55.7390,53.2450,55.6550,55.6550,95727000
2020-09-02,55.3780,55.6500,53.7370,55.2840,55.2840,58869000
2020-09-03,54.5000,55.4000,52.1320,52.5750,52.5750,90711000
2020-09-04,52.0180,52.7360,48.5980,51.6050,51.6050,82701000
2020-09-08,49.8400,52.2000,49.5000,50.7020,50.7020,55727000
2020-09-09,51.9210,52.0000,49.2570,50.0190,50.0190,68481000
2020-09-10,50.3350,50.6290,47.8840,48.0670,48.0670,62402000
2020-09-11,48.6490,49.3730,47.6810,48.2030,48.2030,50352000
2020-09-14,48.0620,48.8990,47.1300,47.6260,47.6260,73591000
2020-09-15,48.4000,49.7470,48.1630,49.5990,49.5990,53370000
2020-09-16,49.9990,50.4660,48.3310,48.3860,48.3860,43949000
2020-09-17,47.5160,47.8400,46.3270,47.0200,47.0200,53793000
2020-09-18,47.2510,47.9400,45.8600,46.9960,46.9960,67177000
2020-09-21,46.7690,48.7780,46.6320,48.7350,48.7350,54575000
2020-09-22,48.9010,49.1820,47.9260,49.1170,49.1170,34823000
2020-09-23,49.1040,49.1040,46.9000,47.0610,47.0610,37264000
2020-09-24,47.0530,47.7000,46.7820,47.3080,47.3080,37272000
2020-09-25,47.4390,48.4870,46.8030,48.2880,48.2880,37694000
2020-09-28,48.9110,49.2000,47.7880,49.0650,49.0650,47735000
2020-09-29,48.9500,49.6290,48.6530,49.3480,49.3480,35415000
2020-09-30,49.2570,50.4630,48.9270,50.0030,50.0030,46341000
2020-10-01,50.6030,52.9550,50.3600,52.7510,52.7510,81537000
2020-10-02,51.6430,52.6370,50.2700,50.3060,50.3060,60712000
2020-10-05,50.6800,52.0990,50.1700,52.0650,52.0650,40881000
2020-10-06,51.8720,52.1820,50.4160,50.5870,50.5870,41990000
2020-10-07,51.8000,53.6490,51.5820,53.4660,53.4660,79887000
2020-10-08,53.3480,53.5000,52.4150,53.1790,53.1790,53865000
2020-10-09,53.7830,54.4280,53.5000,53.9440,53.9440,47813000
2020-10-12,54.8810,55.1810,53.8240,53.9810,53.9810,53911000
2020-10-13,54.0560,55.7650,53.7200,55.4090,55.4090,56025000
2020-10-14,56.2610,57.2490,54.1000,54.1450,54.1450,94990000
2020-10-15,54.5520,55.1220,53.5100,54.1940,54.1940,51131000
2020-10-16,54.9500,55.4330,53.0030,53.0790,53.0790,63474000
2020-10-19,53.7070,54.1800,52.5380,53.0720,53.0720,75675000
2020-10-20,52.8140,53.3780,52.2260,52.5420,52.5420,100472000
2020-10-21,50.1030,50.6850,48.8250,48.9050,48.9050,174057000
2020-10-22,49.4690,49.5140,48.2000,48.5230,48.5230,69979000
2020-10-23,48.8110,49.0060,48.1350,48.8280,48.8280,49279000
2020-10-26,48.7030,49.6820,47.8900,48.8240,48.8240,61861000
2020-10-27,49.0010,49.0490,48.2930,48.8930,48.8930,36272000
2020-10-28,48.6360,49.4000,48.3280,48.6240,48.6240,59927000
2020-10-29,48.8500,51.3900,47.9340,50.4210,50.4210,111207000
2020-10-30,50.2010,50.5880,47.2210,47.5740,47.5740,78079000
2020-11-02,47.8870,48.6300,47.5000,48.4120,48.4120,44082000
2020-11-03,48.4930,49.5310,47.8760,48.7220,48.7220,36902000
2020-11-04,49.5360,50.7730,49.3980,49.6950,49.6950,51373000
2020-11-05,50.6560,51.8730,50.3450,51.3760,51.3760,53728000
2020-11-06,51.5000,51.5210,50.2510,51.4730,51.4730,42363000
2020-11-09,48.5540,49.5850,46.7260,47.0500,47.0500,104197000
2020-11-10,47.0950,48.4600,46.3410,48.0240,48.0240,83061000
2020-11-11,48.3000,49.1680,47.8260,49.0760,49.0760,54605000
2020-11-12,49.1000,49.6520,48.0430,48.6770,48.6770,50637000
2020-11-13,48.6770,48.8940,47.7800,48.2840,48.2840,30027000
2020-11-16,48.0000,48.5580,47.7300,47.9100,47.9100,39536000
2020-11-17,48.0120,48.7510,47.8850,48.0630,48.0630,36981000
2020-11-18,48.1950,48.8610,47.7720,48.1790,48.1790,36292000
2020-11-19,48.2000,48.7800,48.0470,48.4670,48.4670,22547000
2020-11-20,48.5220,49.4760,48.1570,48.8240,48.8240,42534000
2020-11-23,49.0460,49.1150,47.5840,47.6620,47.6620,54166000
2020-11-24,47.8840,48.4050,47.5890,48.2880,48.2880,35505000
2020-11-25,48.5130,48.6900,47.8920,48.5000,48.5000,35986000
2020-11-27,48.6580,49.3250,48.1850,49.1360,49.1360,28058000
2020-11-30,49.0080,49.2550,48.1270,49.0700,49.0700,35309000
2020-12-01,49.2340,50.9470,49.1980,50.4580,50.4580,50527000
2020-12-02,50.1620,50.6800,49.3500,50.3380,50.3380,30284000
2020-12-03,50.2990,50.8770,49.6040,49.7520,49.7520,28261000
2020-12-04,49.7500,50.4500,49.3640,49.8310,49.8310,36662000
2020-12-07,50.0010,51.7760,49.7770,51.5780,51.5780,42893000
2020-12-08,51.7900,52.1490,50.5550,51.2660,51.2660,42290000
2020-12-09,51.0530,51.4500,49.1290,49.3600,49.3600,41788000
2020-12-10,49.4560,50.3770,49.2910,50.1090,50.1090,30182000
2020-12-11,49.5000,50.3340,49.4850,50.3220,50.3220,32109000
2020-12-14,50.5440,52.4160,50.1180,52.2420,52.2420,57704000
2020-12-15,51.8500,52.4700,51.3560,51.9780,51.9780,33949000
2020-12-16,52.0110,52.7380,51.7690,52.4830,52.4830,36824000
2020-12-17,52.9000,53.5490,52.6440,53.2900,53.2900,31934000
2020-12-18,53.3200,53.6370,52.6020,53.4450,53.4450,45027000
2020-12-21,53.0050,53.2620,52.1150,52.8910,52.8910,38940000
2020-12-22,52.7690,53.0400,52.0500,52.7330,52.7330,19066000
2020-12-23,52.4760,52.6320,51.4200,51.4480,51.4480,23932000
2020-12-24,51.5120,51.9350,51.2210,51.3970,51.3970,11440000
2020-12-28,51.6430,52.3660,50.7130,51.9120,51.9120,28919000
2020-12-29,51.9900,53.6550,51.5480,53.0870,53.0870,40224000
2020-12-30,53.0130,53.3260,52.3690,52.4590,52.4590,18763000
2020-12-31,52.5530,54.5500,52.3150,54.0730,54.0730,53923000
2021-01-04,53.9000,54.0800,51.5090,52.2860,52.2860,44444000
2021-01-05,52.1550,52.6780,51.5890,52.0800,52.0800,31339000
2021-01-06,51.1970,51.3100,49.9500,50.0490,50.0490,53462000
2021-01-07,50.8280,51.6440,50.6420,50.8890,50.8890,36864000
2021-01-08,51.1310,51.3240,50.4510,51.0400,51.0400,29739000
2021-01-11,50.7840,51.0730,49.7950,49.9100,49.9100,38062000
2021-01-12,50.0000,50.1090,48.5670,49.4250,49.4250,59904000
2021-01-13,49.5500,51.2350,49.3010,50.7790,50.7790,50321000
2021-01-14,50.7350,51.4500,49.9580,50.0860,50.0860,41774000
2021-01-15,50.0000,50.6320,49.5100,49.7980,49.7980,58958000
2021-01-19,50.1000,50.9250,49.3540,50.1770,50.1770,123158000
2021-01-20,56.5420,59.3290,55.6860,58.6340,58.6340,326375000
2021-01-21,58.2450,58.8750,57.0400,57.9840,57.9840,118021000
2021-01-22,58.2100,58.3990,56.4350,56.5170,56.5170,75508000
2021-01-25,56.7000,56.9750,54.8650,55.6780,55.6780,72073000
2021-01-26,55.4730,56.7990,55.4060,56.1930,56.1930,50238000
2021-01-27,55.0710,55.6420,51.5730,52.3280,52.3280,86703000
2021-01-28,53.5880,55.3150,53.0740,53.8600,53.8600,59690000
2021-01-29,53.8000,54.1000,53.0180,53.2390,53.2390,43253000
2021-02-01,53.6790,54.5060,53.1730,53.9040,53.9040,35475000
2021-02-02,54.2010,55.5480,53.8930,54.8160,54.8160,37676000
2021-02-03,55.0170,55.0480,53.8240,53.9450,53.9450,31723000
2021-02-04,53.9810,55.9480,53.7510,55.2160,55.2160,51645000
2021-02-05,55.2260,55.4440,54.5480,55.0790,55.0790,23762000
2021-02-08,55.5000,55.5000,54.3700,54.7920,54.7920,27917000
2021-02-09,54.6000,56.6000,54.3000,55.9070,55.9070,37035000
2021-02-10,56.2500,56.6650,55.3460,56.3590,56.3590,39913000
2021-02-11,56.4440,56.5930,55.4220,55.7590,55.7590,27306000
2021-02-12,55.6940,56.1250,55.0850,55.6520,55.6520,21971000
2021-02-16,55.7290,56.3630,55.2730,55.7280,55.7280,26241000
2021-02-17,55.0990,55.5250,54.3030,55.1340,55.1340,20696000
2021-02-18,54.9000,55.0000,53.8230,54.8220,54.8220,24562000
2021-02-19,54.8000,54.8990,53.8810,54.0220,54.0220,28415000
2021-02-22,53.4990,54.1790,53.0790,53.3780,53.3780,30786000
2021-02-23,52.5000,54.8540,51.8280,54.6150,54.6150,41365000
2021-02-24,53.9800,55.6850,53.9070,55.3410,55.3410,32450000
2021-02-25,55.0270,55.6480,53.5750,54.6700,54.6700,42529000
2021-02-26,54.6510,55.3090,53.8000,53.8850,53.8850,37556000
2021-03-01,54.5570,55.2140,54.2000,55.0640,55.0640,30414000
2021-03-02,55.3340,55.6990,54.6020,54.7820,54.7820,30422000
2021-03-03,54.5930,54.8010,51.7810,52.0700,52.0700,53624000
2021-03-04,52.1500,53.1500,50.7680,51.1290,51.1290,50348000
2021-03-05,51.1980,51.7760,49.8790,51.6390,51.6390,50700000
2021-03-08,51.4460,51.8840,49.2850,49.3330,49.3330,39818000
2021-03-09,50.7310,51.3110,50.3820,50.6440,50.6440,34700000
2021-03-10,51.3500,51.8970,50.4250,50.4540,50.4540,37715000
2021-03-11,51.2200,53.0240,51.0710,52.3060,52.3060,47145000
2021-03-12,51.2500,52.6510,50.6590,51.8020,51.8020,39817000
2021-03-15,51.6320,52.0730,50.8030,52.0250,52.0250,34843000
2021-03-16,52.4470,53.3420,52.3210,52.4030,52.4030,32389000
2021-03-17,52.2000,52.8370,51.4300,52.4440,52.4440,28174000
2021-03-18,51.6400,51.7900,50.3850,50.4790,50.4790,40945000
2021-03-19,50.4960,51.3190,50.1630,51.2180,51.2180,43864000
2021-03-22,50.9130,52.9310,50.9130,52.3110,52.3110,33606000
2021-03-23,52.9870,54.3120,52.9400,53.5090,53.5090,55835000
2021-03-24,53.3780,53.4420,52.0000,52.0810,52.0810,41022000
2021-03-25,51.6990,51.8530,49.7000,50.2860,50.2860,49268000
2021-03-26,50.2820,50.8720,49.6680,50.8050,50.8050,34678000
2021-03-29,50.5660,51.8000,50.4400,51.3950,51.3950,33300000
2021-03-30,51.0510,51.4410,50.6910,51.3390,51.3390,24181000
2021-03-31,51.5670,52.8130,51.5440,52.1660,52.1660,35031000
2021-04-01,52.9930,54.0500,52.7030,53.9420,53.9420,39386000
2021-04-05,54.0010,54.2850,52.9230,54.0670,54.0670,33559000
2021-04-06,54.4810,55.4170,54.3300,54.4530,54.4530,34742000
2021-04-07,54.3500,54.9640,54.1450,54.6990,54.6990,21513000
2021-04-08,55.1130,55.6900,54.7570,55.4580,55.4580,43098000
2021-04-09,55.2690,55.6900,54.7110,55.5310,55.5310,28940000
2021-04-12,55.1050,55.7980,54.9580,55.2780,55.2780,29441000
2021-04-13,55.7000,55.9750,55.0300,55.3730,55.3730,27203000
2021-04-14,55.4870,55.4870,53.8530,54.0020,54.0020,37403000
2021-04-15,54.4170,55.3490,54.2660,54.9220,54.9220,31391000
2021-04-16,55.0540,55.1980,53.9510,54.6540,54.6540,32091000
2021-04-19,54.6900,55.6440,54.5530,55.4440,55.4440,42887000
2021-04-20,55.4420,56.3560,54.6300,54.9570,54.9570,112576000
2021-04-21,50.8000,51.5460,50.3600,50.8900,50.8900,228974000
2021-04-22,51.3820,51.3960,50.0550,50.8780,50.8780,90611000
2021-04-23,50.9010,50.9700,50.0700,50.5550,50.5550,73077000
2021-04-26,50.6760,51.0480,50.3000,51.0300,51.0300,43888000
2021-04-27,51.2620,51.2990,50.4580,50.5550,50.5550,37613000
2021-04-28,50.5200,50.8400,50.3340,50.6520,50.6520,31930000
2021-04-29,50.7600,50.9290,49.9000,50.9000,50.9000,51278000
2021-04-30,50.5000,51.4550,50.5000,51.3470,51.3470,44132000
2021-05-03,51.2650,51.8950,50.5200,50.9110,50.9110,40919000
2021-05-04,51.0780,51.1630,49.6790,50.3180,50.3180,43495000
2021-05-05,50.4990,50.7780,49.4630,49.6080,49.6080,31294000
2021-05-06,49.5990,49.9550,49.1370,49.9550,49.9550,37837000
2021-05-07,50.4620,50.8550,50.1120,50.3840,50.3840,31328000
2021-05-10,50.2000,50.3150,48.6110,48.6690,48.6690,51316000
2021-05-11,47.9750,49.7990,47.8630,49.5080,49.5080,44010000
2021-05-12,48.6830,49.3540,48.2700,48.4980,48.4980,41215000
2021-05-13,48.9130,49.0780,48.2710,48.6660,48.6660,27125000
2021-05-14,48.7860,49.4850,48.6590,49.3370,49.3370,28825000
2021-05-17,48.5590,49.2710,48.2810,48.8940,48.8940,27052000
2021-05-18,48.8400,49.3480,48.6190,48.6280,48.6280,23505000
2021-05-19,48.1630,48.8570,47.8540,48.7700,48.7700,33499000
2021-05-20,48.9550,50.2700,48.8980,50.1670,50.1670,37212000
2021-05-21,50.3120,50.5400,49.7260,49.7890,49.7890,33229000
2021-05-24,50.1050,50.4250,49.9510,50.2900,50.2900,24126000
2021-05-25,50.6000,50.6370,49.9220,50.1340,50.1340,26995000
2021-05-26,50.2340,50.4140,50.0500,50.2360,50.2360,24653000
2021-05-27,50.1800,50.5100,49.8540,50.3860,50.3860,32538000
2021-05-28,50.4400,51.1760,50.2530,50.2810,50.2810,29103000
2021-06-01,50.4010,50.5410,49.7740,49.9080,49.9080,24826000
2021-06-02,49.9820,50.3220,49.5820,49.9240,49.9240,22690000
2021-06-03,49.5190,49.6660,48.7250,48.9430,48.9430,38874000
2021-06-04,49.2000,50.1860,49.0950,49.4740,49.4740,31605000
2021-06-07,49.2920,49.6700,49.0550,49.4660,49.4660,27919000
2021-06-08,49.7000,49.8820,48.9370,49.2390,49.2390,23740000
2021-06-09,49.4500,49.6090,48.4650,48.5810,48.5810,30550000
2021-06-10,48.7170,49.0210,48.2140,48.7270,48.7270,43829000
2021-06-11,49.0000,49.1410,48.7780,48.8770,48.8770,31240000
2021-06-14,48.9680,50.3500,48.6910,49.9890,49.9890,44002000
2021-06-15,50.1230,50.1230,49.0400,49.1900,49.1900,31041000
2021-06-16,49.5000,49.6460,48.6280,49.2410,49.2410,35332000
2021-06-17,49.0250,50.1800,49.0150,49.8340,49.8340,31983000
2021-06-18,49.6400,50.4490,49.5240,50.0770,50.0770,51976000
2021-06-21,50.1640,50.2050,49.2280,49.7000,49.7000,52773000
2021-06-22,49.8540,51.3550,49.5800,50.8820,50.8820,58093000
2021-06-23,50.8480,51.6630,50.8200,51.2740,51.2740,39448000
2021-06-24,51.7960,52.0960,51.4400,51.8060,51.8060,33612000
2021-06-25,52.8840,53.3060,52.5000,52.7070,52.7070,52991000
2021-06-28,52.8120,53.3940,52.4560,53.3030,53.3030,28202000
2021-06-29,53.3550,53.6130,52.8570,53.3500,53.3500,23146000
2021-06-30,53.4060,53.4380,52.6820,52.8210,52.8210,27734000
2021-07-01,52.5720,53.7040,52.5720,53.3540,53.3540,28054000
2021-07-02,53.5500,53.8540,52.9390,53.3980,53.3980,19755000
2021-07-06,53.3000,54.2860,53.3000,54.1640,54.1640,27751000
2021-07-07,54.4240,54.4640,53.1660,53.5960,53.5960,27225000
2021-07-08,53.0930,53.5500,52.9090,53.0760,53.0760,32690000
2021-07-09,53.1000,53.8260,52.8580,53.5980,53.5980,27772000
2021-07-12,54.0300,54.0650,53.2920,53.7310,53.7310,17807000
2021-07-13,53.5760,54.5330,53.5760,54.0680,54.0680,27516000
2021-07-14,54.1010,55.4100,54.1010,54.7950,54.7950,46595000
2021-07-15,55.3970,55.7540,53.8200,54.2950,54.2950,57139000
2021-07-16,54.1810,54.4060,52.7050,53.0310,53.0310,34421000
2021-07-19,52.6050,53.4910,52.2240,53.2280,53.2280,38858000
2021-07-20,52.6070,53.6640,52.0300,53.1050,53.1050,69304000
2021-07-21,52.6130,53.0990,50.5610,51.3630,51.3630,119068000
2021-07-22,51.0210,51.3680,50.7000,51.1770,51.1770,43281000
2021-07-23,51.2160,51.7410,50.4660,51.5410,51.5410,38205000
2021-07-26,51.4380,52.1130,50.9010,51.6490,51.6490,22545000
2021-07-27,51.8080,52.1950,51.2050,51.8910,51.8910,27590000
2021-07-28,52.1820,52.4470,51.6980,51.9300,51.9300,23905000
2021-07-29,51.9960,52.0780,51.3790,51.4250,51.4250,17360000
2021-07-30,51.2690,51.9790,51.0960,51.7570,51.7570,25371000
2021-08-02,51.9000,51.9850,51.0510,51.5150,51.5150,20966000
2021-08-03,51.4390,51.5630,50.5370,51.0820,51.0820,25794000
2021-08-04,51.3000,51.7980,51.0370,51.7350,51.7350,20394000
2021-08-05,51.7130,52.5410,51.4020,52.4890,52.4890,25567000
2021-08-06,52.4000,52.6840,51.9390,52.0550,52.0550,19198000
2021-08-09,52.1150,52.2670,51.7990,51.9970,51.9970,13678000
2021-08-10,52.0000,52.0790,51.2970,51.5840,51.5840,19605000
2021-08-11,51.7000,51.9570,50.9770,51.2400,51.2400,16739000
2021-08-12,51.1860,51.3000,50.7200,51.0720,51.0720,16857000
2021-08-13,51.2640,52.1440,51.1510,51.5920,51.5920,21777000
2021-08-16,51.5240,52.3380,51.2300,51.7920,51.7920,20328000
2021-08-17,51.5470,52.0790,51.4200,51.8910,51.8910,23098000
2021-08-18,52.0000,52.6380,51.8650,52.1870,52.1870,25820000
2021-08-19,52.2740,54.8390,52.1870,54.3710,54.3710,74973000
2021-08-20,54.5090,55.1390,53.9100,54.6880,54.6880,37764000
2021-08-23,54.5980,55.5550,54.3740,55.3330,55.3330,26020000
2021-08-24,55.1480,55.5310,54.9270,55.3410,55.3410,21095000
2021-08-25,55.0160,55.2840,54.5450,54.7580,54.7580,20656000
2021-08-26,54.6160,55.2600,54.5900,55.0120,55.0120,15955000
2021-08-27,55.1600,56.4170,54.9250,55.8920,55.8920,32526000
2021-08-30,55.7250,56.7160,55.6450,56.6180,56.6180,24348000
2021-08-31,56.6120,56.9480,56.1610,56.9190,56.9190,24319000
2021-09-01,56.9000,59.1000,56.9000,58.2070,58.2070,56262000
2021-09-02,58.3680,59.8760,58.3680,58.8550,58.8550,61799000
2021-09-03,58.5800,59.1880,58.3140,59.0530,59.0530,26812000
2021-09-07,59.4690,61.3850,59.3990,60.6710,60.6710,58214000
2021-09-08,60.3840,61.5600,59.5710,60.6050,60.6050,54245000
2021-09-09,60.6470,60.9440,59.6550,59.7540,59.7540,29542000
2021-09-10,59.8160,60.9450,59.3670,59.8720,59.8720,39508000
2021-09-13,59.8570,59.8570,58.2780,58.9290,58.9290,30629000
2021-09-14,58.4890,58.7280,57.5560,57.7760,57.7760,34570000
2021-09-15,57.8170,58.4620,57.5370,58.2870,58.2870,27556000
2021-09-16,58.4300,58.7480,57.7720,58.6500,58.6500,18320000
2021-09-17,58.7850,59.0280,58.0850,58.9350,58.9350,41451000
2021-09-20,58.6790,59.1530,56.8080,57.5430,57.5430,37322000
2021-09-21,57.8310,58.1880,56.9370,57.3140,57.3140,22509000
2021-09-22,57.9690,59.5650,57.9690,59.0650,59.0650,40218000
2021-09-23,59.0790,59.9320,58.9130,59.3260,59.3260,25262000
2021-09-24,59.2500,59.2980,58.3640,59.2390,59.2390,21262000
2021-09-27,58.7950,59.3580,57.6930,59.2640,59.2640,25047000
2021-09-28,58.9000,59.9540,58.0160,58.3850,58.3850,44311000
2021-09-29,58.9010,60.9880,58.8010,59.9060,59.9060,62210000
2021-09-30,60.8050,61.9000,60.8050,61.0340,61.0340,66126000
2021-10-01,60.4240,61.4990,59.7510,61.3150,61.3150,40908000
2021-10-04,61.3390,62.6130,59.4680,60.3350,60.3350,49959000
2021-10-05,60.6940,64.0390,60.6890,63.4810,63.4810,95343000
2021-10-06,62.8180,63.9870,62.6360,63.9100,63.9100,45804000
2021-10-07,64.2230,64.6840,63.0450,63.1850,63.1850,35569000
2021-10-08,63.4170,64.3800,63.0860,63.2660,63.2660,32721000
2021-10-11,63.3200,63.9420,62.6780,62.7040,62.7040,28625000
2021-10-12,63.3020,63.7660,62.1990,62.4940,62.4940,32273000
2021-10-13,63.2180,63.2180,62.2100,62.9760,62.9760,24203000
2021-10-14,63.2230,63.6880,62.6790,63.3800,63.3800,26717000
2021-10-15,63.8000,63.9420,62.5160,62.8290,62.8290,41169000
2021-10-18,63.2100,63.8410,62.0590,63.7970,63.7970,46691000
2021-10-19,63.6970,64.1000,63.2300,63.9000,63.9000,76331000
2021-10-20,62.5570,63.7400,61.7150,62.5140,62.5140,106220000
2021-10-21,62.8890,65.4010,62.8650,65.3160,65.3160,84371000
2021-10-22,65.1810,66.5460,65.1810,66.4780,66.4780,61860000
2021-10-25,66.3740,67.5880,65.7070,67.1660,67.1660,38335000
2021-10-26,67.3760,67.6490,66.2770,66.8520,66.8520,29048000
2021-10-27,66.9000,67.1410,66.1850,66.2920,66.2920,22769000
2021-10-28,67.0950,67.6800,66.8030,67.4050,67.4050,28594000
2021-10-29,67.3060,69.0970,67.1240,69.0310,69.0310,38253000
2021-11-01,68.9060,68.9970,67.6540,68.1170,68.1170,31109000
2021-11-02,68.3110,68.7680,67.3820,67.7720,67.7720,38886000
2021-11-03,67.7270,68.9390,67.7270,68.8290,68.8290,23349000
2021-11-04,68.5890,68.5940,66.5500,66.8400,66.8400,48650000
2021-11-05,66.3970,66.5640,64.5010,64.5720,64.5720,52835000
2021-11-08,65.0290,65.6000,64.3790,65.1450,65.1450,28875000
2021-11-09,65.3700,66.0500,65.0520,65.5990,65.5990,24156000
2021-11-10,65.3010,66.0330,64.2110,64.6910,64.6910,24058000
2021-11-11,65.0240,66.5820,64.9710,65.7580,65.7580,28683000
2021-11-12,66.0010,68.3340,65.3820,68.2610,68.2610,41984000
2021-11-15,68.1240,68.5260,67.1490,67.9330,67.9330,28722000
2021-11-16,67.8270,68.8360,67.6900,68.7400,68.7400,20774000
2021-11-17,69.0000,70.0990,68.6090,69.1690,69.1690,27328000
2021-11-18,69.1610,69.1740,67.9740,68.2020,68.2020,20129000
2021-11-19,69.2350,69.4160,67.5000,67.8800,67.8800,26137000
2021-11-22,67.6020,67.9480,65.6470,65.9200,65.9200,27644000
2021-11-23,65.8180,66.6430,64.6050,65.4060,65.4060,23202000
2021-11-24,65.8010,66.1440,65.1100,65.8290,65.8290,18673000
2021-11-26,67.5000,67.6410,66.0670,66.5640,66.5640,28725000
2021-11-29,66.3200,66.7990,65.8290,66.3840,66.3840,25294000
2021-11-30,66.8200,67.5380,64.0010,64.1900,64.1900,56089000
2021-12-01,64.9480,65.4520,61.7070,61.7770,61.7770,38828000
2021-12-02,61.7100,62.5360,61.2880,61.6470,61.6470,33311000
2021-12-03,62.2750,62.5500,59.4000,60.2130,60.2130,48293000
2021-12-06,60.6010,61.7290,60.1000,61.2690,61.2690,30757000
2021-12-07,61.9830,62.8890,61.1400,62.5580,62.5580,31252000
2021-12-08,63.0000,63.2460,62.3200,62.8080,62.8080,22203000
2021-12-09,62.7580,63.0240,61.0440,61.1000,61.1000,23763000
2021-12-10,61.6780,61.7740,60.5880,61.1660,61.1660,27488000
2021-12-13,61.2000,61.2640,59.9520,60.4560,60.4560,25179000
2021-12-14,59.8710,60.2290,58.8130,59.7990,59.7990,29845000
2021-12-15,59.8180,60.5690,58.4510,60.5040,60.5040,28662000
2021-12-16,59.7090,60.2830,58.8000,59.1060,59.1060,31432000
2021-12-17,59.1610,59.3250,58.1740,58.6730,58.6730,43869000
2021-12-20,58.6430,60.2880,58.4260,59.3740,59.3740,33584000
2021-12-21,59.7540,60.7820,59.3860,60.4920,60.4920,23194000
2021-12-22,60.3360,61.4820,60.2630,61.4240,61.4240,23357000
2021-12-23,61.6400,61.6880,60.7570,61.4090,61.4090,16211000
2021-12-27,61.5000,61.5000,60.9250,61.3120,61.3120,20615000
2021-12-28,61.4950,61.8410,60.9690,61.0710,61.0710,18828000
2021-12-29,61.0710,61.3980,60.4680,61.0540,61.0540,12872000
2021-12-30,61.2990,62.0610,61.1240,61.2090,61.2090,16251000
2021-12-31,61.0010,61.4080,60.2050,60.2440,60.2440,19959000
2022-01-03,60.5610,60.9990,59.0560,59.7370,59.7370,30675000
2022-01-04,59.9910,60.0410,58.1600,59.1150,59.1150,43931000
2022-01-05,59.2000,59.2840,56.6880,56.7520,56.7520,41487000
2022-01-06,55.4340,56.3360,54.2010,55.3290,55.3290,57118000
2022-01-07,54.9460,55.3430,53.8220,54.1060,54.1060,33829000
2022-01-10,53.8490,54.3690,52.6320,53.9850,53.9850,44861000
2022-01-11,53.6990,54.3910,53.0070,54.0840,54.0840,30778000
2022-01-12,54.4270,54.4270,53.2020,53.7220,53.7220,37874000
2022-01-13,53.7060,54.0790,51.8260,51.9200,51.9200,44751000
2022-01-14,51.7600,53.8370,51.1880,52.5690,52.5690,78611000
2022-01-18,52.0080,52.1750,50.8680,51.0800,51.0800,48391000
2022-01-19,51.5000,52.3210,51.0510,51.5860,51.5860,43535000
2022-01-20,51.7750,52.6640,50.6930,50.8250,50.8250,126590000
2022-01-21,40.0430,40.9150,37.9990,39.7500,39.7500,589043000
2022-01-24,38.3910,38.7260,35.1460,38.7150,38.7150,323460000
2022-01-25,37.9140,38.7710,36.5130,36.6420,36.6420,151458000
2022-01-26,37.8270,38.2660,35.6620,35.9700,35.9700,126840000
2022-01-27,38.2060,39.4800,37.8100,38.6700,38.6700,243247000
2022-01-28,38.6760,38.7000,37.2080,38.4360,38.4360,119666000
2022-01-31,40.1970,42.7700,39.8200,42.7140,42.7140,200475000
2022-02-01,43.2960,45.8480,42.5540,45.7130,45.7130,225681000
2022-02-02,44.8250,45.1980,42.6480,42.9480,42.9480,143460000
2022-02-03,42.1440,42.9260,40.4280,40.5600,40.5600,99052000
2022-02-04,40.7310,41.2770,39.6640,41.0170,41.0170,77898000
2022-02-07,41.0170,41.2350,39.3550,40.2100,40.2100,82329000
2022-02-08,39.8180,40.6610,39.5830,40.3530,40.3530,68185000
2022-02-09,40.8650,41.2980,39.8790,41.2890,41.2890,77382000
2022-02-10,40.2100,40.8000,39.6360,40.6270,40.6270,84529000
2022-02-11,40.5330,41.1610,38.7650,39.1310,39.1310,75589000
2022-02-14,38.7590,40.9360,38.6890,39.6570,39.6570,72022000
2022-02-15,40.3790,40.9160,40.1010,40.7460,40.7460,53923000
2022-02-16,40.1530,40.1560,39.0380,39.8080,39.8080,52777000
2022-02-17,39.4240,39.9110,38.5700,38.6670,38.6670,46692000
2022-02-18,39.2530,40.2870,38.9050,39.1290,39.1290,68017000
2022-02-22,38.8950,39.2420,37.3020,37.7380,37.7380,66975000
2022-02-23,38.2720,38.6000,36.6660,36.7460,36.7460,46143000
2022-02-24,35.5090,39.0730,35.4720,39.0030,39.0030,70687000
2022-02-25,38.6610,39.1290,37.5580,39.0800,39.0800,48416000
2022-02-28,38.7330,39.7750,38.2130,39.4520,39.4520,50350000
2022-03-01,39.1600,39.5000,38.3710,38.6240,38.6240,32904000
2022-03-02,38.8930,38.9220,37.5210,38.0030,38.0030,53568000
2022-03-03,38.6000,38.6120,36.4650,36.8070,36.8070,60768000
2022-03-04,36.8000,37.4820,35.7170,36.1730,36.1730,53255000
2022-03-07,36.0410,36.2000,35.0200,35.0260,35.0260,57084000
2022-03-08,34.9800,35.8860,34.0670,34.1760,34.1760,64287000
2022-03-09,35.7690,36.4140,35.0510,35.8790,35.8790,65202000
2022-03-10,35.6200,36.7020,35.3300,35.6770,35.6770,48078000
2022-03-11,36.1190,36.3360,34.0000,34.0320,34.0320,48199000
2022-03-14,33.8720,34.1320,32.9820,33.1010,33.1010,59078000
2022-03-15,33.5100,34.5360,33.2360,34.3750,34.3750,54606000
2022-03-16,34.8200,35.9990,34.3060,35.7530,35.7530,69825000
2022-03-17,35.9700,37.3310,35.4880,37.1400,37.1400,58183000
2022-03-18,37.2000,38.1800,36.8470,38.0600,38.0600,83248000
2022-03-21,37.8020,38.1820,36.8940,37.4590,37.4590,48665000
2022-03-22,37.1140,38.6660,36.6760,38.2920,38.2920,42428000
2022-03-23,37.9770,38.2460,37.4490,37.4490,37.4490,37290000
2022-03-24,37.9760,37.9760,36.8900,37.5710,37.5710,38885000
2022-03-25,37.7070,37.7640,36.6430,37.3850,37.3850,35745000
2022-03-28,37.5230,38.0280,36.6730,37.8510,37.8510,43234000
2022-03-29,38.4390,39.6500,38.0330,39.1820,39.1820,58807000
2022-03-30,38.9550,39.2700,37.8630,38.1470,38.1470,40233000
2022-03-31,38.3590,38.4000,37.3610,37.4590,37.4590,41347000
2022-04-01,37.6800,38.0870,36.8500,37.3470,37.3470,46442000
2022-04-04,37.3550,39.6020,37.3130,39.1500,39.1500,70018000
2022-04-05,38.9300,39.0000,37.7310,38.0150,38.0150,42345000
2022-04-06,37.4150,37.6470,36.2730,36.8350,36.8350,43549000
2022-04-07,36.5000,36.8540,35.3690,36.2150,36.2150,49489000
2022-04-08,36.1960,36.2500,35.4870,35.5880,35.5880,40252000
2022-04-11,35.0000,35.4780,34.5200,34.8000,34.8000,37771000
2022-04-12,35.5910,35.9410,34.2250,34.4100,34.4100,38243000
2022-04-13,34.3920,35.2000,34.1160,35.0430,35.0430,32310000
2022-04-14,35.0950,35.2000,33.9860,34.1130,34.1130,43438000
2022-04-18,34.0000,34.2360,33.1620,33.7860,33.7860,51050000
2022-04-19,33.3220,35.1680,33.3220,34.8610,34.8610,209069000
2022-04-20,24.5200,24.8700,21.2510,22.6190,22.6190,1333875000
2022-04-21,22.0000,22.7680,21.1520,21.8220,21.8220,535016000
2022-04-22,22.0180,22.6270,21.0050,21.5520,21.5520,375151000
2022-04-25,21.3810,21.6660,20.4510,20.9910,20.9910,281520000
2022-04-26,20.8800,20.9150,19.8280,19.8400,19.8400,203181000
2022-04-27,19.4010,20.0190,18.7770,18.8540,18.8540,222984000
2022-04-28,19.1560,20.1480,18.5600,19.9520,19.9520,213632000
2022-04-29,19.8680,20.4710,19.0000,19.0360,19.0360,163919000
2022-05-02,19.1710,20.0210,19.0010,19.9460,19.9460,145916000
2022-05-03,19.8290,20.3200,19.4770,19.9870,19.9870,118394000
2022-05-04,19.7650,20.4380,19.1010,20.4010,20.4010,122188000
2022-05-05,20.0450,20.0710,18.6000,18.8320,18.8320,139713000
2022-05-06,18.6750,18.7210,17.5810,18.0970,18.0970,171855000
2022-05-09,17.7660,18.3200,17.2300,17.3100,17.3100,140313000
2022-05-10,17.6010,18.1870,17.0570,17.7660,17.7660,138839000
2022-05-11,17.6090,18.0920,16.5550,16.6370,16.6370,126655000
2022-05-12,16.3960,17.7580,16.2710,17.4310,17.4310,176621000
2022-05-13,17.7160,18.7770,17.6010,18.7640,18.7640,131363000
2022-05-16,19.3300,19.5890,18.5700,18.6510,18.6510,161450000
2022-05-17,18.9170,19.1400,18.5170,19.0560,19.0560,98767000
2022-05-18,18.6720,18.7700,17.6270,17.7190,17.7190,96656000
2022-05-19,17.8050,18.6300,17.5710,18.3480,18.3480,104485000
2022-05-20,18.5870,19.0190,17.9770,18.6350,18.6350,104294000
2022-05-23,18.6150,18.7660,17.7890,18.7440,18.7440,96020000
2022-05-24,18.2000,18.4000,17.7170,18.0340,18.0340,77064000
2022-05-25,18.0280,18.8870,18.0170,18.7830,18.7830,85221000
2022-05-26,18.6490,19.2340,18.3090,19.1400,19.1400,80499000
2022-05-27,19.3190,19.5250,19.0370,19.5190,19.5190,85860000
2022-05-31,19.6180,19.9950,19.0800,19.7440,19.7440,113985000
2022-06-01,19.8700,20.2740,19.1660,19.2910,19.2910,84162000
2022-06-02,19.2020,20.5470,19.1720,20.5090,20.5090,96231000
2022-06-03,20.0140,20.2950,19.8050,19.8980,19.8980,71918000
2022-06-06,20.2090,20.3870,19.5380,19.7140,19.7140,53720000
2022-06-07,19.4870,19.9600,19.3000,19.8610,19.8610,48395000
2022-06-08,19.7950,20.7380,19.7640,20.2830,20.2830,72441000
2022-06-09,20.0650,20.1690,19.2540,19.2770,19.2770,69490000
2022-06-10,18.2640,18.5860,18.0850,18.2940,18.2940,130656000
2022-06-13,17.7070,17.9090,16.8960,16.9690,16.9690,102224000
2022-06-14,16.9750,17.2060,16.4280,16.7540,16.7540,115553000
2022-06-15,16.9260,18.3850,16.8530,18.0110,18.0110,123960000
2022-06-16,17.4000,17.6270,17.1560,17.3350,17.3350,82013000
2022-06-17,17.3630,17.9650,17.3340,17.5510,17.5510,121334000
2022-06-21,17.7600,17.8620,16.9800,17.0910,17.0910,121776000
2022-06-22,17.0750,18.2820,17.0200,17.8890,17.8890,119924000
2022-06-23,18.0500,18.2760,17.5870,18.1710,18.1710,95382000
2022-06-24,18.3500,19.1190,18.1840,19.0850,19.0850,124240000
2022-06-27,19.1770,19.1780,18.2390,18.9140,18.9140,83639000
2022-06-28,18.9200,19.2200,17.9370,17.9600,17.9600,71854000
2022-06-29,17.9550,18.0670,17.5100,17.8360,17.8360,57668000
2022-06-30,17.7070,17.9450,17.0300,17.4870,17.4870,78947000
2022-07-01,17.6490,18.0100,17.4270,17.9950,17.9950,52016000
2022-07-05,17.6280,18.5920,17.2680,18.5880,18.5880,73343000
2022-07-06,18.5200,18.6220,18.0820,18.4060,18.4060,57534000
2022-07-07,18.4270,19.0210,18.3500,18.9270,18.9270,63345000
2022-07-08,18.6020,18.9910,18.2750,18.6980,18.6980,58357000
2022-07-11,18.4730,18.4990,17.6890,17.7340,17.7340,60388000
2022-07-12,17.7330,17.9780,17.3420,17.4450,17.4450,68453000
2022-07-13,17.0500,17.9180,16.9700,17.6560,17.6560,127344000
2022-07-14,17.5560,17.7520,17.1820,17.4780,17.4780,90395000
2022-07-15,17.5580,18.9220,17.4560,18.9110,18.9110,163191000
2022-07-18,19.2500,19.9670,18.9800,19.0920,19.0920,163228000
2022-07-19,19.3020,20.1970,18.8400,20.1630,20.1630,281787000
2022-07-20,20.8170,21.6970,20.0100,21.6440,21.6440,539203000
2022-07-21,21.4300,22.4320,21.1500,22.3880,22.3880,234301000
2022-07-22,22.2380,22.9350,21.8440,22.0440,22.0440,178055000
2022-07-25,22.1310,22.5230,21.6350,21.8510,21.8510,109352000
2022-07-26,21.6660,21.9390,21.1640,21.3910,21.3910,95085000
2022-07-27,21.6480,22.7780,21.4580,22.6750,22.6750,105084000
2022-07-28,22.4600,22.8100,21.9670,22.6020,22.6020,89727000
2022-07-29,22.3290,23.0750,22.2400,22.4900,22.4900,90649000
2022-08-01,22.3100,22.8390,22.1000,22.6210,22.6210,55250000
2022-08-02,22.2760,22.8200,22.0880,22.1420,22.1420,63613000
2022-08-03,22.4790,22.8100,22.2420,22.6730,22.6730,64007000
2022-08-04,22.7680,23.2070,22.5050,22.9910,22.9910,71427000
2022-08-05,22.5300,22.8620,22.2870,22.6780,22.6780,55397000
2022-08-08,22.7490,24.1960,22.6410,23.3490,23.3490,109821000
2022-08-09,23.1620,23.2200,22.4650,22.9940,22.9940,61812000
2022-08-10,23.6990,24.4540,23.6600,24.4110,24.4110,92548000
2022-08-11,24.4680,25.1620,24.1510,24.2700,24.2700,87801000
2022-08-12,24.4810,24.9410,24.3760,24.9300,24.9300,60985000
2022-08-15,24.8110,25.1990,24.7510,24.9110,24.9110,65274000
2022-08-16,24.7160,24.9290,24.4030,24.5690,24.5690,51368000
2022-08-17,24.1180,24.4240,23.7560,24.1150,24.1150,56272000
2022-08-18,24.1960,24.6480,23.9280,24.5170,24.5170,52804000
2022-08-19,24.0950,24.3290,23.5680,24.1160,24.1160,75047000
2022-08-22,23.2550,23.3480,22.4590,22.6540,22.6540,86301000
2022-08-23,22.6460,22.9900,22.4300,22.4550,22.4550,52769000
2022-08-24,22.5660,23.4100,22.3940,22.9610,22.9610,54263000
2022-08-25,23.0240,23.4160,22.9000,23.3980,23.3980,37669000
2022-08-26,23.3630,23.6950,22.3150,22.3280,22.3280,53498000
2022-08-29,22.1930,22.9870,22.1520,22.4570,22.4570,71094000
2022-08-30,22.6660,22.9790,21.8740,22.0650,22.0650,57404000
2022-08-31,22.7000,23.3880,22.3430,22.3560,22.3560,86159000
2022-09-01,22.0720,23.0370,21.9470,23.0040,23.0040,72929000
2022-09-02,23.1030,23.3880,22.5040,22.6110,22.6110,81649000
2022-09-06,22.5590,22.6850,21.4690,21.8390,21.8390,74690000
2022-09-07,22.0210,22.9330,21.8270,22.8960,22.8960,81493000
2022-09-08,22.4160,22.8740,22.1300,22.7440,22.7440,67374000
2022-09-09,22.9620,23.4780,22.9620,23.3570,23.3570,66996000
2022-09-12,23.3610,23.9490,23.3370,23.6530,23.6530,60474000
2022-09-13,22.6500,22.7690,21.7720,21.8130,21.8130,80001000
2022-09-14,21.9820,22.8000,21.5800,22.4120,22.4120,82303000
2022-09-15,23.0470,24.2290,22.9100,23.5380,23.5380,194541000
2022-09-16,23.1220,24.1360,22.7830,24.0130,24.0130,189142000
2022-09-19,24.5050,24.5250,23.5750,24.3630,24.3630,179124000
2022-09-20,24.0370,25.0490,23.9660,24.2850,24.2850,160374000
2022-09-21,24.2670,24.8300,23.6680,23.6870,23.6870,91668000
2022-09-22,23.5350,24.0500,23.1660,23.7050,23.7050,100180000
2022-09-23,23.5140,23.6450,22.1430,22.6410,22.6410,112072000
2022-09-26,22.5600,23.2700,22.3010,22.4070,22.4070,82343000
2022-09-27,22.8630,23.0640,22.0720,22.4360,22.4360,77622000
2022-09-28,22.9690,24.6650,22.7380,24.5200,24.5200,175797000
2022-09-29,24.1610,24.6980,23.5680,23.9710,23.9710,189949000
2022-09-30,23.7000,24.2440,23.3260,23.5440,23.5440,118486000
2022-10-03,23.7850,24.1540,23.2850,23.9040,23.9040,86574000
2022-10-04,24.4840,24.5800,23.3250,24.0740,24.0740,139259000
2022-10-05,23.8760,24.1590,22.7380,23.6730,23.6730,108256000
2022-10-06,23.6680,24.4280,23.3910,24.0020,24.0020,91889000
2022-10-07,23.5770,23.7330,22.4280,22.4750,22.4750,98061000
2022-10-10,22.5640,23.3830,22.4230,22.9980,22.9980,99911000
2022-10-11,22.6050,23.0440,21.3700,21.4290,21.4290,152824000
2022-10-12,21.4300,22.3670,21.2640,22.0870,22.0870,129526000
2022-10-13,21.2690,23.4470,21.1730,23.2510,23.2510,175050000
2022-10-14,23.7800,23.8800,22.9510,23.0000,23.0000,152934000
2022-10-17,23.4410,24.9920,23.4400,24.5100,24.5100,210578000
2022-10-18,24.9800,25.0370,23.7730,24.0860,24.0860,257767000
2022-10-19,26.5000,27.9300,26.2660,27.2380,27.2380,466853000
2022-10-20,27.2780,27.8380,26.6380,26.8160,26.8160,172071000
2022-10-21,26.8950,29.0750,26.5680,28.9570,28.9570,248891000
2022-10-24,29.0230,29.0490,28.0360,28.2450,28.2450,133264000
2022-10-25,28.6950,29.7590,28.5550,29.1020,29.1020,151007000
2022-10-26,29.0040,30.5630,28.8040,29.8620,29.8620,157141000
2022-10-27,29.8330,30.5210,29.4780,29.6940,29.6940,146126000
2022-10-28,29.7700,30.1190,29.2290,29.5720,29.5720,99605000
2022-10-31,29.5130,29.7620,28.9500,29.1880,29.1880,75051000
2022-11-01,29.6170,29.9700,28.6420,28.6750,28.6750,69164000
2022-11-02,28.6400,28.7330,27.2840,27.3000,27.3000,103676000
2022-11-03,27.1250,27.6290,26.8800,26.9060,26.9060,70574000
2022-11-04,27.2020,27.4970,25.5320,26.0790,26.0790,111247000
2022-11-07,26.1060,26.1150,25.2090,25.8600,25.8600,79270000
2022-11-08,25.9920,26.6080,25.6880,26.3460,26.3460,76838000
2022-11-09,25.9660,26.0900,25.4220,25.4660,25.4660,72660000
2022-11-10,26.5990,27.5360,26.0090,27.4970,27.4970,96673000
2022-11-11,27.4470,29.0660,27.1560,29.0130,29.0130,95738000
2022-11-14,29.0000,31.1000,28.8190,29.9270,29.9270,179782000
2022-11-15,30.9200,31.2710,30.2550,31.0200,31.0200,146269000
2022-11-16,30.9940,31.0490,30.3610,30.6020,30.6020,80386000
2022-11-17,29.4720,29.9820,29.1000,29.5280,29.5280,98382000
2022-11-18,29.7330,29.8000,28.7000,28.7980,28.7980,84001000
2022-11-21,29.1000,29.1870,28.2660,28.5050,28.5050,72565000
2022-11-22,28.4990,28.6980,27.7340,28.6690,28.6690,62451000
2022-11-23,28.5910,29.2470,28.3760,29.1500,29.1500,59190000
2022-11-25,28.9000,28.9210,28.4170,28.5540,28.5540,32360000
2022-11-28,28.4000,28.9550,28.0530,28.1170,28.1170,47034000
2022-11-29,28.2500,28.2960,27.5940,28.0960,28.0960,57869000
2022-11-30,28.1370,30.8260,28.0410,30.5530,30.5530,160701000
2022-12-01,30.3990,31.9800,30.3030,31.6950,31.6950,146649000
2022-12-02,31.0490,32.1990,31.0000,32.0410,32.0410,126906000
2022-12-05,31.6460,32.2770,31.0920,31.2590,31.2590,84230000
2022-12-06,31.1000,31.3220,30.3130,30.5560,30.5560,71954000
2022-12-07,30.6500,30.9610,30.2100,30.8420,30.8420,78216000
2022-12-08,30.9110,31.2380,30.4810,31.0260,31.0260,72053000
2022-12-09,32.1450,32.9000,31.9520,32.0010,32.0010,143640000
2022-12-12,32.0000,32.3180,30.8850,31.5180,31.5180,101486000
2022-12-13,32.8000,33.2720,31.7200,32.0340,32.0340,107564000
2022-12-14,31.8970,32.4710,31.4420,31.7830,31.7830,75433000
2022-12-15,30.2120,30.3390,28.6550,29.0410,29.0410,177246000
2022-12-16,28.8760,29.4720,28.8700,29.0710,29.0710,140800000
2022-12-19,28.9730,29.2250,28.6130,28.8300,28.8300,61637000
2022-12-20,28.1240,28.9280,28.0810,28.8190,28.8190,69181000
2022-12-21,28.9990,30.0660,28.6500,29.7960,29.7960,63762000
2022-12-22,29.8090,29.8880,29.0810,29.7750,29.7750,78562000
2022-12-23,29.6180,29.8460,29.1910,29.4960,29.4960,42511000
2022-12-27,29.3190,29.3570,28.2130,28.4170,28.4170,57781000
2022-12-28,28.1920,28.5190,27.3410,27.6880,27.6880,59644000
2022-12-29,28.3180,29.5500,28.1010,29.1120,29.1120,95885000
2022-12-30,28.5530,29.5010,28.3220,29.4880,29.4880,75669000
2023-01-03,29.8060,29.8390,28.8700,29.4950,29.4950,67640000
2023-01-04,29.8240,31.1140,29.5510,30.9410,30.9410,93451000
2023-01-05,30.7000,31.4180,30.4550,30.9700,30.9700,83284000
2023-01-06,31.1570,31.6770,30.3690,31.5550,31.5550,89598000
2023-01-09,31.6830,32.1700,31.3220,31.5170,31.5170,67666000
2023-01-10,31.1070,32.9350,31.1070,32.7540,32.7540,130723000
2023-01-11,32.6500,32.8880,32.1350,32.7260,32.7260,95797000
2023-01-12,33.2500,33.2950,32.3140,33.0130,33.0130,108562000
2023-01-13,32.9970,33.6650,32.8890,33.2820,33.2820,82868000
2023-01-17,33.1080,33.2500,32.3600,32.6220,32.6220,92470000
2023-01-18,32.6750,33.0080,32.1250,32.6330,32.6330,78141000
2023-01-19,32.2570,32.4890,31.3390,31.5780,31.5780,180082000
2023-01-20,33.6790,34.4000,33.2630,34.2500,34.2500,284303000
2023-01-23,34.1720,36.2250,34.0630,35.7420,35.7420,156469000
2023-01-24,35.7530,36.5650,35.5140,36.3830,36.3830,117965000
2023-01-25,36.0570,36.8900,35.8500,36.7960,36.7960,77669000
2023-01-26,36.8770,36.9020,36.1700,36.4870,36.4870,82568000
2023-01-27,36.3200,36.5920,36.0590,36.0770,36.0770,67035000
2023-01-30,35.8440,36.0950,35.2860,35.3110,35.3110,51276000
2023-01-31,34.9980,35.5950,34.8710,35.3860,35.3860,56607000
2023-02-01,35.3860,36.5390,34.9910,36.1990,36.1990,80052000
2023-02-02,36.5160,36.8320,35.8430,36.6890,36.6890,78570000
2023-02-03,35.9080,37.9430,35.9000,36.5900,36.5900,94020000
2023-02-06,36.3640,36.8450,36.0680,36.1480,36.1480,49949000
2023-02-07,35.8510,36.4180,35.4180,36.2950,36.2950,62894000
2023-02-08,36.0020,36.8190,35.8310,36.6830,36.6830,62532000
2023-02-09,37.2410,37.3830,36.1740,36.2500,36.2500,69011000
2023-02-10,35.9160,36.2140,34.7140,34.7360,34.7360,72911000
2023-02-13,34.9500,35.9700,34.4250,35.8570,35.8570,71344000
2023-02-14,35.7550,36.3750,35.3400,35.9960,35.9960,46248000
2023-02-15,35.6630,36.2880,35.4240,36.1420,36.1420,39660000
2023-02-16,35.5000,36.1500,35.0310,35.0710,35.0710,52157000
2023-02-17,34.7910,34.9000,34.2440,34.7960,34.7960,52947000
2023-02-21,34.2850,34.4130,33.6420,33.7500,33.7500,57103000
2023-02-22,33.7500,34.1910,33.2820,33.4880,33.4880,45462000
2023-02-23,33.1230,33.1280,31.4300,32.3650,32.3650,132387000
2023-02-24,31.9300,32.1500,31.4520,31.7150,31.7150,68307000
2023-02-27,32.3870,33.0000,32.2120,32.3030,32.3030,61426000
2023-02-28,32.3700,32.7620,32.1170,32.2130,32.2130,36761000
2023-03-01,32.1550,32.6600,31.2360,31.3480,31.3480,49113000
2023-03-02,31.0960,31.5570,31.0380,31.1880,31.1880,49110000
2023-03-03,31.5450,31.7490,31.0820,31.5180,31.5180,59533000
2023-03-06,31.7000,32.3300,31.1840,31.2030,31.2030,56607000
2023-03-07,31.2680,31.4300,30.6620,30.8470,30.8470,45531000
2023-03-08,30.9290,31.1830,30.5750,31.1790,31.1790,34795000
2023-03-09,31.2080,31.2510,29.4880,29.7780,29.7780,74434000
2023-03-10,29.7900,29.8790,28.9000,29.2760,29.2760,57593000
2023-03-13,28.7340,29.9240,28.5330,29.3510,29.3510,62924000
2023-03-14,29.5970,29.7450,29.0310,29.4940,29.4940,59567000
2023-03-15,29.2510,30.6310,29.2280,30.3790,30.3790,92153000
2023-03-16,30.4750,31.6600,30.1710,31.0060,31.0060,79037000
2023-03-17,31.0060,31.0760,30.0000,30.3500,30.3500,69188000
2023-03-20,29.9790,30.7500,29.6000,30.5130,30.5130,51134000
2023-03-21,30.6320,30.7920,30.0430,30.5790,30.5790,48863000
2023-03-22,30.6310,30.6450,29.3540,29.3900,29.3900,58080000
2023-03-23,30.4680,32.2780,30.4140,32.0370,32.0370,156533000
2023-03-24,32.0630,33.1830,32.0630,32.8390,32.8390,129917000
2023-03-27,32.7550,33.6440,32.4410,32.7660,32.7660,86258000
2023-03-28,32.6060,33.3320,32.1280,32.3520,32.3520,64894000
2023-03-29,32.6290,33.2850,32.5730,33.2030,33.2030,62873000
2023-03-30,34.0270,34.3290,33.5300,33.8430,33.8430,71315000
2023-03-31,34.0050,34.5840,33.7200,34.5480,34.5480,56102000
2023-04-03,34.1830,34.8580,34.0400,34.8280,34.8280,44137000
2023-04-04,34.8490,34.9800,34.3950,34.6750,34.6750,32981000
2023-04-05,34.5300,34.5430,33.6250,34.2350,34.2350,42055000
2023-04-06,33.9340,34.0480,33.2630,33.9330,33.9330,46605000
2023-04-10,33.5270,33.9880,33.3360,33.8990,33.8990,26579000
2023-04-11,34.3450,34.7140,33.7640,33.8210,33.8210,40448000
2023-04-12,34.0810,34.2800,33.0040,33.1030,33.1030,39654000
2023-04-13,33.9990,34.6430,33.8750,34.6190,34.6190,74064000
2023-04-14,34.2940,34.4850,33.6410,33.8630,33.8630,53505000
2023-04-17,33.8000,33.8390,32.7500,33.2720,33.2720,61360000
2023-04-18,33.5000,33.7190,33.0500,33.3700,33.3700,179445000
2023-04-19,32.4210,32.5750,31.6100,32.3120,32.3120,221283000
2023-04-20,32.0390,33.1430,31.8330,32.5350,32.5350,99478000
2023-04-21,32.3000,32.8290,31.9500,32.7980,32.7980,63480000
2023-04-24,33.0200,33.4660,32.6750,32.9020,32.9020,55866000
2023-04-25,32.8500,32.8660,32.1100,32.2550,32.2550,54266000
2023-04-26,32.1360,32.5900,32.0470,32.1150,32.1150,46232000
2023-04-27,32.4300,32.7450,31.7440,32.5850,32.5850,56188000
2023-04-28,32.5240,33.0810,32.4000,32.9930,32.9930,42284000
2023-05-01,32.9440,33.1230,31.8090,32.4120,32.4120,53415000
2023-05-02,32.5000,32.6070,31.5620,31.7550,31.7550,43186000
2023-05-03,31.7550,32.4620,31.5850,31.9300,31.9300,50641000
2023-05-04,31.9010,32.3610,31.7950,32.0780,32.0780,38797000
2023-05-05,32.3610,32.4150,31.9440,32.2760,32.2760,39906000
2023-05-08,32.2990,33.2560,32.2030,33.1210,33.1210,54886000
2023-05-09,33.0670,33.6320,32.9740,33.2140,33.2140,55449000
2023-05-10,33.5210,33.7110,32.9510,33.5420,33.5420,42899000
2023-05-11,33.4980,34.5470,33.1840,34.4760,34.4760,80335000
2023-05-12,34.4760,34.8170,33.7360,33.9890,33.9890,60824000
2023-05-15,34.0620,34.1900,33.5540,33.5890,33.5890,36530000
2023-05-16,33.4000,33.5170,33.1910,33.3750,33.3750,33322000
2023-05-17,33.1760,34.1380,32.9620,33.9960,33.9960,39588000
2023-05-18,34.7250,37.5870,34.6370,37.1290,37.1290,209252000
2023-05-19,36.9860,36.9990,36.3810,36.5360,36.5360,78597000
2023-05-22,36.5360,37.2010,36.2500,36.3010,36.3010,54064000
2023-05-23,36.0240,36.4170,35.4310,35.5990,35.5990,68661000
2023-05-24,35.6930,36.7150,35.6630,36.4850,36.4850,79733000
2023-05-25,35.9610,36.7450,35.7420,35.9000,35.9000,62631000
2023-05-26,36.1100,38.3760,35.6000,37.8880,37.8880,93604000
2023-05-30,39.7480,40.5110,38.5790,39.2980,39.2980,108650000
2023-05-31,39.1890,39.6260,38.8910,39.5230,39.5230,69880000
2023-06-01,39.7410,40.7520,39.3080,40.3130,40.3130,71601000
2023-06-02,40.2890,40.6580,39.5900,40.0470,40.0470,59024000
2023-06-05,40.0470,41.3860,40.0150,40.3540,40.3540,72474000
2023-06-06,40.5000,40.5120,39.6930,39.9290,39.9290,49915000
2023-06-07,41.0430,41.8950,39.9230,39.9770,39.9770,119324000
2023-06-08,39.9770,40.9540,39.6340,40.9370,40.9370,59911000
2023-06-09,42.4500,42.5900,41.4760,42.0020,42.0020,123630000
2023-06-12,41.8830,42.4700,41.6570,42.3970,42.3970,59595000
2023-06-13,43.0010,43.7270,42.8400,43.5730,43.5730,78205000
2023-06-14,43.4990,44.7330,43.3500,44.0860,44.0860,84131000
2023-06-15,44.4100,44.8650,43.9500,44.5270,44.5270,70999000
2023-06-16,44.6150,44.7510,43.0900,43.1960,43.1960,87537000
2023-06-20,43.0180,44.0000,43.0000,43.4700,43.4700,47560000
2023-06-21,43.2650,43.4550,42.2540,42.4450,42.4450,51464000
2023-06-22,42.2930,42.4710,41.8680,42.2480,42.2480,48695000
2023-06-23,41.8590,42.5820,41.7730,42.4020,42.4020,82986000
2023-06-26,42.2440,43.0960,41.4900,41.5940,41.5940,46400000
2023-06-27,41.7390,42.0880,41.1500,41.7080,41.7080,48181000
2023-06-28,42.3100,43.7290,42.2890,42.9840,42.9840,88113000
2023-06-29,43.4330,43.7850,42.6150,42.8240,42.8240,49323000
2023-06-30,43.1100,44.4120,43.1100,44.0490,44.0490,73464000
2023-07-03,43.9760,44.1550,43.1620,44.1440,44.1440,37332000
2023-07-05,44.4910,45.0970,43.9620,44.5900,44.5900,68695000
2023-07-06,44.0000,44.2800,43.0720,43.8840,43.8840,49388000
2023-07-07,43.8600,44.2330,43.5840,43.8100,43.8100,41651000
2023-07-10,43.8520,44.4410,43.6820,44.1710,44.1710,42517000
2023-07-11,43.8650,44.0800,43.1040,44.0210,44.0210,45692000
2023-07-12,44.4550,44.5410,43.7750,44.4050,44.4050,57317000
2023-07-13,44.7000,45.1670,44.1180,45.0380,45.0380,61575000
2023-07-14,45.2790,45.6480,43.9700,44.1910,44.1910,71959000
2023-07-17,44.5570,45.6680,44.5110,45.0050,45.0050,68917000
2023-07-18,45.1000,47.8150,44.8780,47.4800,47.4800,130418000
2023-07-19,47.6860,48.5000,47.0000,47.7590,47.7590,209965000
2023-07-20,44.7000,44.8500,43.2000,43.7420,43.7420,239897000
2023-07-21,43.7370,43.8240,42.3190,42.7500,42.7500,173400000
2023-07-24,42.5000,42.8640,41.9190,42.8370,42.8370,82644000
2023-07-25,42.7180,43.0880,42.6130,42.7700,42.7700,48598000
2023-07-26,42.4200,42.5260,41.5590,42.2670,42.2670,60092000
2023-07-27,42.6900,42.7520,41.1880,41.3170,41.3170,65945000
2023-07-28,41.5560,42.7470,41.3760,42.5780,42.5780,64242000
2023-07-31,42.6510,43.9130,42.6300,43.8970,43.8970,65876000
2023-08-01,43.7370,44.5250,43.1400,43.8620,43.8620,57115000
2023-08-02,43.5230,43.5560,42.6560,42.9700,42.9700,49122000
2023-08-03,42.7800,44.1930,42.7190,43.1000,43.1000,62439000
2023-08-04,43.3060,43.6500,42.6270,43.1600,43.1600,54418000
2023-08-07,43.6460,44.1110,42.8910,44.0760,44.0760,47813000
2023-08-08,44.0360,44.3570,43.5100,43.8300,43.8300,37672000
2023-08-09,43.9740,44.0620,42.7590,42.8900,42.8900,38466000
2023-08-10,43.1120,43.8120,42.8690,42.9980,42.9980,54676000
2023-08-11,42.8980,43.0630,42.1330,42.1660,42.1660,39279000
2023-08-14,42.1990,42.8850,41.8780,42.7780,42.7780,39660000
2023-08-15,42.4410,42.9120,42.1040,42.3700,42.3700,33680000
2023-08-16,42.3730,42.4510,41.5250,41.5450,41.5450,39670000
2023-08-17,41.5000,41.5240,40.1580,40.3000,40.3000,60315000
2023-08-18,39.9330,40.6520,39.8150,40.4530,40.4530,43122000
2023-08-21,40.2230,40.9610,39.9500,40.8290,40.8290,38616000
2023-08-22,40.9000,41.5740,40.7400,41.3170,41.3170,35997000
2023-08-23,41.8400,43.7020,41.7710,42.7550,42.7550,81747000
2023-08-24,42.5410,42.7590,40.6170,40.6930,40.6930,56878000
2023-08-25,41.2000,41.9250,40.7560,41.6030,41.6030,53909000
2023-08-28,41.8040,41.9830,41.3270,41.8060,41.8060,29286000
2023-08-29,41.6000,43.2170,41.4500,42.9990,42.9990,44867000
2023-08-30,43.0850,43.8160,42.8350,43.4670,43.4670,36254000
2023-08-31,43.1230,43.7150,43.1230,43.3680,43.3680,38030000
2023-09-01,43.7730,44.5500,43.5930,43.9880,43.9880,47934000
2023-09-05,43.8390,45.3450,43.8000,44.8680,44.8680,61559000
2023-09-06,44.8610,45.1390,44.0490,44.5760,44.5760,38623000
2023-09-07,44.1150,44.4600,43.6700,44.3140,44.3140,29227000
2023-09-08,44.3560,44.6810,43.8850,44.2800,44.2800,26975000
2023-09-11,44.3070,44.9890,44.2750,44.5360,44.5360,29138000
2023-09-12,44.2850,44.5440,43.4120,43.4690,43.4690,31240000
2023-09-13,43.5500,43.8400,41.0690,41.2240,41.2240,118430000
2023-09-14,41.0400,41.1390,40.0000,40.0490,40.0490,107090000
2023-09-15,40.1000,40.4700,39.5030,39.6940,39.6940,91167000
2023-09-18,39.5500,39.9470,39.2600,39.4400,39.4400,47047000
2023-09-19,39.2840,39.8230,39.0250,39.6200,39.6200,40768000
2023-09-20,39.7050,39.7990,38.6120,38.6300,38.6300,38666000
2023-09-21,38.6500,39.5900,38.3420,38.4150,38.4150,55479000
2023-09-22,38.5000,38.6880,37.8360,37.9810,37.9810,36928000
2023-09-25,38.2900,38.6620,38.0810,38.4800,38.4800,37573000
2023-09-26,38.2880,38.4560,37.7360,37.9250,37.9250,40894000
2023-09-27,38.2400,38.4220,37.6250,37.7590,37.7590,38435000
2023-09-28,37.5600,37.8960,37.1100,37.6360,37.6360,43699000
2023-09-29,38.0000,38.2580,37.5350,37.7600,37.7600,42053000
2023-10-02,37.7480,38.4810,37.6800,38.0330,38.0330,31021000
2023-10-03,37.7110,39.4900,37.2850,37.6750,37.6750,88781000
2023-10-04,37.6500,38.0220,37.3580,37.6900,37.6900,43037000
2023-10-05,37.8010,37.8600,36.7240,37.2590,37.2590,50348000
2023-10-06,36.8430,38.2520,36.7770,38.1510,38.1510,47781000
2023-10-09,37.8050,38.7170,37.7760,38.5950,38.5950,32998000
2023-10-10,38.5580,38.8700,37.2250,37.3320,37.3320,72889000
2023-10-11,37.2780,37.7810,36.5340,36.5930,36.5930,91514000
2023-10-12,36.6480,36.8830,35.9050,36.1200,36.1200,73761000
2023-10-13,35.5640,35.8930,35.2050,35.5680,35.5680,63126000
2023-10-16,35.6210,36.3080,35.4770,36.0820,36.0820,51289000
2023-10-17,36.1100,36.2700,35.3890,35.5720,35.5720,59084000
2023-10-18,35.1000,35.4790,34.4730,34.6190,34.6190,114296000
2023-10-19,40.4740,40.8950,39.2260,40.1770,40.1770,280744000
2023-10-20,40.5630,41.0640,39.8010,40.0960,40.0960,127829000
2023-10-23,40.3320,40.7540,39.8520,40.6840,40.6840,73900000
2023-10-24,40.9680,41.6690,40.8390,41.3730,41.3730,64592000
2023-10-25,41.6020,41.8840,41.0110,41.1250,41.1250,62996000
2023-10-26,41.1420,41.7310,40.1540,40.3540,40.3540,68497000
2023-10-27,40.6420,41.0210,39.5620,39.7870,39.7870,49976000
2023-10-30,40.2350,41.2820,39.9410,41.0080,41.0080,53171000
2023-10-31,40.9240,41.2520,40.4630,41.1690,41.1690,38776000
2023-11-01,41.4770,42.0600,41.4180,42.0190,42.0190,48061000
2023-11-02,42.1170,42.6690,41.7100,42.4710,42.4710,44760000
2023-11-03,42.8760,43.4820,42.5530,43.2360,43.2360,36671000
2023-11-06,43.4380,43.5030,42.9610,43.4740,43.4740,30032000
2023-11-07,43.6180,43.7640,43.1000,43.4610,43.4610,32911000
2023-11-08,43.5000,43.8070,43.3680,43.6650,43.6650,23568000
2023-11-09,43.8030,44.0380,43.4350,43.5150,43.5150,27355000
2023-11-10,43.7480,44.7480,43.5510,44.7240,44.7240,44406000
2023-11-13,44.7250,44.8430,44.2600,44.4620,44.4620,28961000
2023-11-14,44.8780,45.4080,44.5640,44.8650,44.8650,40609000
2023-11-15,45.2810,46.2750,45.2450,46.1940,46.1940,50353000
2023-11-16,46.3000,46.7280,45.9650,46.6950,46.6950,36560000
2023-11-17,46.6950,46.7650,46.2760,46.5910,46.5910,27985000
2023-11-20,46.5400,47.6760,46.5400,47.4470,47.4470,36176000
2023-11-21,47.2630,47.7020,47.1210,47.4950,47.4950,29977000
2023-11-22,47.6800,48.2700,47.6560,47.8000,47.8000,28416000
2023-11-24,47.7110,48.0400,47.5200,47.9560,47.9560,14047000
2023-11-27,47.9030,48.2000,47.5350,47.9170,47.9170,36259000
2023-11-28,47.8110,48.0500,47.5950,47.9000,47.9000,28902000
2023-11-29,47.9000,48.0990,47.4490,47.7190,47.7190,28555000
2023-11-30,47.5310,47.8590,47.0420,47.3970,47.3970,42873000
2023-12-01,47.3170,47.5230,46.4600,46.5740,46.5740,43415000
2023-12-04,46.0990,46.1200,45.1200,45.3900,45.3900,51577000
2023-12-05,45.0700,45.6390,44.9580,45.5150,45.5150,33807000
2023-12-06,46.0000,46.0500,44.5730,44.6730,44.6730,41788000
2023-12-07,45.0850,45.2890,44.8320,45.2000,45.2000,35067000
2023-12-08,45.0760,45.5500,45.0760,45.3760,45.3760,34584000
2023-12-11,45.9360,47.0650,45.7210,45.9890,45.9890,49297000
2023-12-12,46.5230,46.5610,45.9200,46.3000,46.3000,33027000
2023-12-13,46.1980,48.1250,46.1980,47.9980,47.9980,58202000
2023-12-14,48.0360,48.0760,46.4760,46.9830,46.9830,51764000
2023-12-15,46.7300,47.3000,46.7300,47.2060,47.2060,78410000
2023-12-18,47.6300,49.2040,47.5100,48.6120,48.6120,64107000
2023-12-19,48.8400,49.6140,48.4060,49.5020,49.5020,38490000
2023-12-20,49.2000,50.0890,48.8390,48.9270,48.9270,45637000
2023-12-21,49.2660,49.4400,48.6770,49.1610,49.1610,27562000
2023-12-22,49.4000,49.6020,48.5450,48.6760,48.6760,27027000
2023-12-26,48.9390,49.1480,48.6380,49.1190,49.1190,20345000
2023-12-27,49.1240,49.4020,48.9250,49.1790,49.1790,25613000
2023-12-28,49.2000,49.2890,48.9070,49.0510,49.0510,17105000
2023-12-29,49.0370,49.2230,48.1940,48.6880,48.6880,27406000
2024-01-02,48.3190,48.4650,46.1860,46.8500,46.8500,50494000
2024-01-03,46.7320,47.5050,46.5770,47.0260,47.0260,34437000
2024-01-04,47.2980,48.0740,46.6530,47.4670,47.4670,36365000
2024-01-05,47.6500,47.9550,47.1800,47.4060,47.4060,26313000
2024-01-08,47.3890,48.5240,47.3650,48.5030,48.5030,36758000
2024-01-09,47.5530,48.5090,47.3800,48.2090,48.2090,35268000
2024-01-10,48.1600,48.7000,47.2950,47.8330,47.8330,43424000
2024-01-11,49.2540,50.3410,48.3820,49.2230,49.2230,79933000
2024-01-12,50.0510,50.0790,49.0610,49.2160,49.2160,50037000
2024-01-16,49.0000,49.4150,47.8020,48.1240,48.1240,46790000
2024-01-17,48.4500,48.6210,47.5260,48.0330,48.0330,48946000
2024-01-18,48.0030,48.5770,47.8020,48.5310,48.5310,40544000
2024-01-19,48.4980,48.5670,47.6060,48.2950,48.2950,56724000
2024-01-22,48.7550,48.9800,47.9900,48.5710,48.5710,52123000
2024-01-23,49.2000,49.8960,48.1400,49.2190,49.2190,155060000
2024-01-24,53.7750,56.2500,53.7070,54.4870,54.4870,264328000
2024-01-25,55.1950,56.3460,54.8460,56.2000,56.2000,94519000
2024-01-26,56.1810,57.9640,55.8430,57.0420,57.0420,127706000
2024-01-29,57.1350,57.8550,56.2680,57.5790,57.5790,69054000
2024-01-30,56.7320,57.0880,56.0820,56.2850,56.2850,61818000
2024-01-31,56.2850,57.2150,56.2040,56.4110,56.4110,48576000
2024-02-01,56.7020,57.2660,56.3830,56.7510,56.7510,31740000
2024-02-02,56.4520,56.7800,56.2370,56.4640,56.4640,40328000
2024-02-05,56.2470,57.5750,55.7200,56.2060,56.2060,41431000
2024-02-06,56.4120,56.6340,55.4370,55.5880,55.5880,28403000
2024-02-07,55.8160,56.7800,55.4980,55.9300,55.9300,43736000
2024-02-08,56.0550,56.3700,55.5740,55.8530,55.8530,31755000
2024-02-09,56.5000,56.6000,55.8100,56.1320,56.1320,30557000
2024-02-12,56.0360,56.8440,55.7000,55.7850,55.7850,36085000
2024-02-13,55.0800,55.9200,54.9000,55.4520,55.4520,35115000
2024-02-14,56.7260,58.1250,56.4340,57.9330,57.9330,56342000
2024-02-15,58.1910,59.3770,58.0320,59.3460,59.3460,52209000
2024-02-16,59.6950,59.7000,57.7460,58.3950,58.3950,43257000
2024-02-20,58.0180,58.6000,56.9660,57.5130,57.5130,31242000
2024-02-21,57.3510,57.5780,56.7320,57.3350,57.3350,22706000
2024-02-22,58.2750,59.0850,57.8890,58.8470,58.8470,35266000
2024-02-23,58.6400,59.2430,57.9820,58.3560,58.3560,25689000
2024-02-26,58.3560,59.0750,58.3270,58.7650,58.7650,23937000
2024-02-27,59.5000,60.5360,59.2330,60.1670,60.1670,44894000
2024-02-28,59.5790,59.8170,59.0010,59.6480,59.6480,26052000
2024-02-29,60.4250,60.4520,59.5160,60.2920,60.2920,35721000
2024-03-01,59.9810,62.0280,59.9500,61.9340,61.9340,42703000
2024-03-04,62.1560,62.4420,61.5080,61.5830,61.5830,30203000
2024-03-05,61.0100,61.0910,59.2000,59.8500,59.8500,38496000
2024-03-06,60.2990,60.7930,59.3560,59.7690,59.7690,24696000
2024-03-07,59.9340,61.0530,59.5900,60.8510,60.8510,27428000
2024-03-08,60.8270,61.6090,60.0840,60.4820,60.4820,27772000
2024-03-11,60.8080,61.1000,60.0370,60.0930,60.0930,25009000
2024-03-12,60.0210,61.5300,59.6270,61.1080,61.1080,28216000
2024-03-13,61.3370,61.4850,60.7210,60.9450,60.9450,21921000
2024-03-14,61.5000,62.0800,60.7350,61.3010,61.3010,31205000
2024-03-15,62.2920,62.2920,60.3820,60.5880,60.5880,66716000
2024-03-18,61.3560,62.7410,61.0450,61.8390,61.8390,33442000
2024-03-19,61.5620,62.1280,60.8000,62.0740,62.0740,21426000
2024-03-20,61.9950,62.9510,61.8340,62.7690,62.7690,26395000
2024-03-21,63.0650,63.4360,62.2330,62.2710,62.2710,25077000
2024-03-22,62.4160,62.9050,62.1000,62.8010,62.8010,21357000
2024-03-25,62.7900,63.0460,62.3160,62.7460,62.7460,18033000
2024-03-26,62.5200,63.4390,61.9180,62.9240,62.9240,28045000
2024-03-27,62.9010,63.1350,61.0730,61.3530,61.3530,26283000
2024-03-28,61.4990,61.5000,60.1590,60.7330,60.7330,37088000
2024-04-01,60.8000,61.5110,60.5570,61.4310,61.4310,21159000
2024-04-02,61.1000,61.5030,60.5510,61.4210,61.4210,20292000
2024-04-03,61.2750,63.0410,61.1500,63.0080,63.0080,29312000
2024-04-04,63.3210,63.8000,61.6580,61.7140,61.7140,30643000
2024-04-05,62.4920,63.7910,62.2710,63.6180,63.6180,33788000
2024-04-08,63.6390,63.9000,62.8110,62.8410,62.8410,21457000
2024-04-09,63.1990,63.1990,61.5630,61.8200,61.8200,21436000
2024-04-10,61.0970,62.0140,60.9340,61.8580,61.8580,28062000
2024-04-11,62.4420,63.1660,61.7240,62.8780,62.8780,26627000
2024-04-12,62.8230,63.3120,61.8920,62.2830,62.2830,29593000
2024-04-15,63.0170,63.0170,60.3870,60.7150,60.7150,30854000
2024-04-16,60.7500,62.2450,60.7500,61.7520,61.7520,35191000
2024-04-17,62.0970,62.0970,60.7710,61.3690,61.3690,33122000
2024-04-18,61.2100,62.1330,60.5430,61.0560,61.0560,84684000
2024-04-19,56.7880,57.9000,55.2160,55.5040,55.5040,164497000
2024-04-22,55.0660,55.8610,54.2010,55.4600,55.4600,85977000
2024-04-23,55.6490,57.9210,55.5280,57.7750,57.7750,49755000
2024-04-24,57.4310,57.6910,55.1300,55.5120,55.5120,53553000
2024-04-25,54.9460,56.6540,54.5710,56.4800,56.4800,38071000
2024-04-26,55.8210,56.2920,55.3190,56.1230,56.1230,43326000
2024-04-29,55.9180,55.9640,55.4240,55.9490,55.9490,25089000
2024-04-30,56.0000,56.0000,54.9380,55.0640,55.0640,33615000
2024-05-01,54.7840,56.0390,54.4250,55.1710,55.1710,34732000
2024-05-02,55.6020,56.5460,55.5590,56.5150,56.5150,30682000
2024-05-03,56.6000,58.0260,56.5160,57.9340,57.9340,33075000
2024-05-06,58.1820,59.7340,58.0250,59.6970,59.6970,36863000
2024-05-07,59.6280,60.6050,59.1320,60.6000,60.6000,36141000
2024-05-08,60.1630,61.8220,60.1630,60.9470,60.9470,30939000
2024-05-09,61.4400,61.5720,60.5750,61.2090,61.2090,20654000
2024-05-10,61.9000,62.3980,60.5060,61.0870,61.0870,26536000
2024-05-13,61.4300,61.8220,60.6830,61.6590,61.6590,20862000
2024-05-14,61.5170,62.1480,60.8400,61.3660,61.3660,27924000
2024-05-15,61.8570,62.4100,60.9100,61.3520,61.3520,56706000
2024-05-16,61.5750,61.8340,60.9090,61.0520,61.0520,30564000
2024-05-17,61.7000,62.5790,61.4710,62.1100,62.1100,37827000
2024-05-20,62.0400,64.4370,61.9520,64.0820,64.0820,38579000
2024-05-21,63.6760,65.0880,63.4220,65.0610,65.0610,29202000
2024-05-22,64.7140,64.9250,63.8120,64.0470,64.0470,21762000
2024-05-23,64.2340,64.2710,63.0000,63.5670,63.5670,23139000
2024-05-24,63.9400,65.2000,63.7600,64.6750,64.6750,26153000
2024-05-28,64.7050,64.9750,64.3030,64.9000,64.9000,26095000
2024-05-29,64.4130,66.4250,64.3890,65.4620,65.4620,36959000
2024-05-30,65.3520,65.6490,64.4730,64.7660,64.7660,23889000
2024-05-31,64.4010,64.8580,62.8300,64.1620,64.1620,40710000
2024-06-03,64.5220,64.6780,62.7270,63.3790,63.3790,23235000
2024-06-04,63.3780,63.5230,62.6440,63.1620,63.1620,30082000
2024-06-05,63.4020,65.1250,62.8250,65.0270,65.0270,26826000
2024-06-06,64.4890,65.7990,64.4240,64.8520,64.8520,24667000
2024-06-07,64.9380,65.0400,64.0240,64.1470,64.1470,18766000
2024-06-10,64.1010,64.4790,63.5590,64.4500,64.4500,20644000
2024-06-11,64.0720,65.0190,64.0520,64.8550,64.8550,21674000
2024-06-12,65.2210,65.5780,64.3110,65.0060,65.0060,20944000
2024-06-13,64.4000,65.5250,64.2350,65.3260,65.3260,18636000
2024-06-14,65.5050,67.5580,65.2640,66.9380,66.9380,44471000
2024-06-17,66.9110,68.2710,66.5110,67.5830,67.5830,36312000
2024-06-18,67.5630,68.7060,67.4640,68.5670,68.5670,29438000
2024-06-20,68.1800,68.9880,67.3720,67.9030,67.9030,25851000
2024-06-21,68.3260,68.6900,67.8100,68.6120,68.6120,45064000
2024-06-24,68.5000,68.5500,66.4500,66.9020,66.9020,39163000
2024-06-25,67.3440,67.3670,66.2300,67.2410,67.2410,22706000
2024-06-26,67.2410,68.2960,67.0020,67.7690,67.7690,35458000
2024-06-27,67.9350,68.8570,67.8140,68.4340,68.4340,24048000
2024-06-28,67.9000,68.7000,67.3080,67.4880,67.4880,34124000
2024-07-01,67.4890,67.5020,66.3780,67.3610,67.3610,22128000
2024-07-02,67.3540,68.1740,67.0070,67.9580,67.9580,24114000
2024-07-03,67.7480,68.3750,67.5500,68.2510,68.2510,14035000
2024-07-05,68.2510,69.7490,67.7230,69.0650,69.0650,26591000
2024-07-08,68.7000,68.8860,68.1490,68.5740,68.5740,19308000
2024-07-09,69.0000,69.5270,68.4720,68.5740,68.5740,25961000
2024-07-10,68.5020,68.7220,67.3160,67.7650,67.7650,26519000
2024-07-11,67.2490,67.2490,64.7440,65.2750,65.2750,51066000
2024-07-12,65.2750,65.5920,64.3710,64.7600,64.7600,33552000
2024-07-15,64.7500,66.7540,64.6630,65.6450,65.6450,32088000
2024-07-16,66.1800,66.3680,64.9130,65.6320,65.6320,26857000
2024-07-17,65.0000,65.0450,63.9470,64.7460,64.7460,40173000
2024-07-18,65.6600,65.7040,63.9170,64.3040,64.3040,75758000
2024-07-19,66.0640,67.8970,62.9120,63.3340,63.3340,98156000
2024-07-22,63.9500,65.6290,63.2600,64.7500,64.7500,52191000
2024-07-23,64.7500,64.9910,64.1000,64.2760,64.2760,24636000
2024-07-24,63.5740,65.2420,63.2670,63.5990,63.5990,48882000
2024-07-25,64.1000,64.9980,62.1700,63.4090,63.4090,45545000
2024-07-26,64.5000,64.6990,62.9770,63.1370,63.1370,31207000
2024-07-29,63.4610,63.4610,62.3930,62.6960,62.6960,24005000
2024-07-30,63.0170,63.4690,61.7000,62.2580,62.2580,34966000
2024-07-31,62.6570,63.3600,62.2580,62.8350,62.8350,31349000
2024-08-01,62.9250,64.6710,61.7610,62.4850,62.4850,37206000
2024-08-02,62.0980,62.5270,60.8350,61.3640,61.3640,35230000
2024-08-05,58.7040,60.4560,58.7040,59.8550,59.8550,40442000
2024-08-06,60.0620,62.2450,60.0620,60.9570,60.9570,43191000
2024-08-07,61.6070,63.2000,61.0640,61.1480,61.1480,31878000
2024-08-08,62.1990,63.2290,61.6020,63.0350,63.0350,32835000
2024-08-09,62.2990,63.6620,62.2990,63.3940,63.3940,19808000
2024-08-12,63.1000,63.9000,62.7070,63.3140,63.3140,23317000
2024-08-13,63.8560,65.0970,63.5500,64.8020,64.8020,26396000
2024-08-14,64.8700,66.3570,64.8700,66.1680,66.1680,40143000
2024-08-15,66.8490,67.3190,65.9800,66.3220,66.3220,32102000
2024-08-16,66.9430,68.0230,66.5360,67.4070,67.4070,35110000
2024-08-19,67.4070,68.8840,67.2910,68.8530,68.8530,30162000
2024-08-20,68.8860,71.1330,68.8250,69.8540,69.8540,48131000
2024-08-21,69.7000,70.1000,69.1380,69.7120,69.7120,22353000
2024-08-22,69.1000,70.1500,68.6240,68.8960,68.8960,27294000
2024-08-23,69.4130,69.6070,67.8630,68.6730,68.6730,23545000
2024-08-26,68.7260,69.0590,68.1640,68.8440,68.8440,13542000
2024-08-27,68.8530,70.7890,68.6920,69.5720,69.5720,31649000
2024-08-28,69.5830,69.6670,67.7100,68.3840,68.3840,24306000
2024-08-29,69.0000,69.9800,68.6070,69.2480,69.2480,21870000
2024-08-30,70.0360,70.1860,68.8160,70.1350,70.1350,32667000
2024-09-03,70.0100,70.3860,67.1010,67.5320,67.5320,31610000
2024-09-04,67.3310,68.4650,67.3060,67.9680,67.9680,17853000
2024-09-05,67.3140,68.7310,67.1860,68.3620,68.3620,18101000
2024-09-06,68.1860,68.3150,66.2340,66.5770,66.5770,29913000
2024-09-09,67.4000,68.3500,67.2140,67.5420,67.5420,26831000
2024-09-10,67.6870,68.0590,66.5810,67.3620,67.3620,20792000
2024-09-11,67.7460,68.2970,66.0800,68.1470,68.1470,23919000
2024-09-12,68.4920,69.4880,68.2200,68.6800,68.6800,25821000
2024-09-13,68.0010,69.9640,68.0000,69.7060,69.7060,22765000
2024-09-16,70.0000,70.3020,68.8630,69.6500,69.6500,18437000
2024-09-17,70.0820,70.7630,69.8370,70.6910,70.6910,22986000
2024-09-18,70.7550,70.7550,68.8000,69.0470,69.0470,29844000
2024-09-19,70.5000,71.5660,69.5370,70.4320,70.4320,42285000
2024-09-20,70.5550,70.6670,69.6310,70.1030,70.1030,39981000
2024-09-23,70.2390,71.2250,69.9160,70.5370,70.5370,32243000
2024-09-24,70.6630,72.2440,70.4450,72.2260,72.2260,35657000
2024-09-25,72.1000,72.5120,71.6210,72.1560,72.1560,22598000
2024-09-26,72.4730,72.5260,70.1720,71.1430,71.1430,28330000
2024-09-27,70.8360,71.0710,70.1250,70.7350,70.7350,23956000
2024-09-30,70.7000,71.1210,70.2820,70.9270,70.9270,17099000
2024-10-01,71.3640,71.7760,69.8590,70.6130,70.6130,28135000
2024-10-02,70.6130,71.6210,70.4690,71.1090,71.1090,17582000
2024-10-03,70.4260,70.8810,70.0000,70.6800,70.6800,22564000
2024-10-04,71.3320,72.1010,70.8820,71.9700,71.9700,22290000
2024-10-07,71.4760,71.5880,69.6430,70.1920,70.1920,33605000
2024-10-08,70.3880,72.5060,70.3550,72.1760,72.1760,31874000
2024-10-09,71.9250,72.8590,71.8870,72.7430,72.7430,19811000
2024-10-10,72.3290,73.3850,72.2500,73.0290,73.0290,27679000
2024-10-11,73.4900,73.6000,72.1220,72.2790,72.2790,22995000
2024-10-14,72.5000,72.6620,71.1310,71.3000,71.3000,27971000
2024-10-15,71.2510,71.3400,69.9780,70.5980,70.5980,29328000
2024-10-16,70.3430,70.5590,69.7820,70.2000,70.2000,24943000
2024-10-17,70.4350,70.4410,67.7880,68.7650,68.7650,89267000
2024-10-18,73.7640,76.6280,73.6230,76.3890,76.3890,159741000
2024-10-21,76.5760,77.3000,75.6600,77.2070,77.2070,60571000
2024-10-22,76.5270,76.9700,76.1120,76.4240,76.4240,29873000
2024-10-23,76.2830,76.3790,74.4260,74.9290,74.9290,37490000
2024-10-24,75.1970,75.5820,74.6250,75.4550,75.4550,26430000
2024-10-25,75.6170,76.8500,75.3530,75.4680,75.4680,28195000
2024-10-28,75.8680,75.8680,74.7880,74.9120,74.9120,28624000
2024-10-29,75.1130,76.3880,74.8010,75.9440,75.9440,36604000
2024-10-30,75.8080,75.9790,75.2280,75.3740,75.3740,17220000
2024-10-31,75.3930,76.0790,75.2230,75.6030,75.6030,30577000
2024-11-01,75.3480,76.3800,74.7770,75.6100,75.6100,29968000
2024-11-04,75.3140,76.2480,74.9690,75.5510,75.5510,19022000
2024-11-05,75.7350,76.7530,75.6270,76.3910,76.3910,22006000
2024-11-06,77.1500,78.1490,75.7380,78.0210,78.0210,36908000
2024-11-07,78.1370,79.8220,77.9940,79.6540,79.6540,32951000
2024-11-08,79.7360,79.9060,78.8650,79.5040,79.5040,19106000
2024-11-11,79.5900,80.6820,79.5570,80.5440,80.5440,23992000
2024-11-12,80.7500,82.0370,80.3750,81.9500,81.9500,28141000
2024-11-13,82.2620,83.6990,82.0540,83.0470,83.0470,27678000
2024-11-14,83.3670,84.1000,83.0020,83.7260,83.7260,30382000
2024-11-15,83.2040,83.2040,81.6490,82.3960,82.3960,36737000
2024-11-18,81.5500,84.8450,80.9330,84.7050,84.7050,40812000
2024-11-19,83.9750,87.4490,83.9160,87.1320,87.1320,38142000
2024-11-20,87.9980,89.0600,86.8400,88.3850,88.3850,40938000
2024-11-21,88.3930,90.8000,87.7240,89.7480,89.7480,45113000
2024-11-22,89.6000,90.6000,89.3000,89.7790,89.7790,32140000
2024-11-25,90.2050,90.2050,86.4220,86.5590,86.5590,60142000
2024-11-26,86.7490,88.6360,86.7250,87.2600,87.2600,31383000
2024-11-27,87.2060,88.0950,85.8910,87.7340,87.7340,25782000
2024-11-29,88.2170,89.2410,87.6680,88.6810,88.6810,20272000
2024-12-02,88.7510,90.2340,88.4120,89.7740,89.7740,23890000
2024-12-03,89.4360,90.2690,88.8030,90.2170,90.2170,24016000
2024-12-04,89.8050,91.5970,89.8050,91.1060,91.1060,26896000
2024-12-05,91.7850,92.7000,91.1110,91.7870,91.7870,28353000
2024-12-06,91.5230,93.5270,91.2710,93.4740,93.4740,29554000
2024-12-09,92.8000,93.0300,90.2590,91.3690,91.3690,33501000
2024-12-10,91.3760,92.2880,90.9580,91.3350,91.3350,23886000
2024-12-11,92.4710,94.1750,92.3080,93.6560,93.6560,35017000
2024-12-12,93.3350,93.4090,92.2600,92.5550,92.5550,24862000
2024-12-13,91.6810,92.5550,90.9610,91.8870,91.8870,24858000
2024-12-16,92.3940,92.8940,91.9500,92.1080,92.1080,26749000
2024-12-17,92.1540,92.8450,91.6420,91.9130,91.9130,24595000
2024-12-18,91.9130,92.2440,88.6560,88.9550,88.9550,29382000
2024-12-19,90.8180,91.2620,89.9000,90.2040,90.2040,28155000
2024-12-20,89.3210,91.9920,89.0490,90.9050,90.9050,45305000
2024-12-23,91.3420,91.5000,89.9100,91.1450,91.1450,23394000
2024-12-24,91.5000,93.5850,91.1700,93.2120,93.2120,23203000
2024-12-26,92.8400,93.0490,91.5300,92.4140,92.4140,23403000
2024-12-27,91.6010,91.8130,89.4500,90.7550,90.7550,32262000
2024-12-30,89.4510,90.8230,88.9710,90.0430,90.0430,22030000
2024-12-31,90.1800,90.2680,88.9470,89.1320,89.1320,18759000
2025-01-02,89.5500,89.8580,87.7000,88.6730,88.6730,23123000
2025-01-03,89.3130,89.8830,87.9890,88.1050,88.1050,29673000
2025-01-06,88.8760,89.2830,87.1690,88.1790,88.1790,34577000
2025-01-07,87.9380,88.8000,86.9110,87.9190,87.9190,26498000
2025-01-08,88.0000,88.6220,87.3000,87.5000,87.5000,23479000
2025-01-10,86.6400,86.6410,83.4400,83.7690,83.7690,48033000
2025-01-13,83.1530,84.7070,82.9140,84.0290,84.0290,30245000
2025-01-14,84.3200,84.4890,82.3520,82.8400,82.8400,30377000
2025-01-15,83.6440,85.0840,83.0410,84.8260,84.8260,31814000
2025-01-16,86.0960,86.8980,84.2020,84.2370,84.2370,40285000
2025-01-17,85.9790,86.5000,85.2130,85.8100,85.8100,36176000
2025-01-21,86.3530,91.6400,85.4750,86.9680,86.9680,98514000
2025-01-22,99.8030,99.9000,95.0760,95.3990,95.3990,142732000
2025-01-23,95.7810,98.5000,95.3900,98.4860,98.4860,77521000
2025-01-24,98.4410,98.6280,96.7680,97.7590,97.7590,45504000
2025-01-27,97.1100,98.2270,96.0260,97.1890,97.1890,46342000
2025-01-28,96.6710,97.7930,95.7300,97.1830,97.1830,34340000
2025-01-29,98.0000,98.7640,96.8230,97.8150,97.8150,29307000
2025-01-30,98.6750,99.4590,97.0010,97.3240,97.3240,38678000
2025-01-31,97.4000,99.0290,97.4000,97.6760,97.6760,36151000
2025-02-03,97.3000,98.7690,96.4380,97.8940,97.8940,37242000
2025-02-04,98.0470,100.8000,97.8510,99.4870,99.4870,60001000
2025-02-05,98.7730,101.1830,98.6680,101.1110,101.1110,39934000
2025-02-06,100.7870,101.6350,100.2610,101.5680,101.5680,31343000
2025-02-07,101.7000,102.7760,100.5670,101.3930,101.3930,32129000
2025-02-10,102.3050,103.2850,101.5880,102.7600,102.7600,32966000
2025-02-11,102.0790,102.2690,100.2950,100.8080,100.8080,33318000
2025-02-12,100.5490,102.7740,99.8350,102.7310,102.7310,33890000
2025-02-13,102.6630,104.5990,102.5100,104.3690,104.3690,34761000
2025-02-14,104.4950,106.4500,104.1690,105.8600,105.8600,31454000
2025-02-18,106.0000,106.2000,102.3750,103.5850,103.5850,42293000
2025-02-19,103.5180,104.5000,102.4510,104.3330,104.3330,26000000
2025-02-20,104.2000,104.5000,101.5590,102.4540,102.4540,31118000
2025-02-21,102.9420,103.2380,99.9390,100.3150,100.3150,37387000
2025-02-24,100.8000,101.5170,98.4480,98.8470,98.8470,44262000
2025-02-25,98.9400,99.4400,95.5000,97.7240,97.7240,47383000
2025-02-26,97.7600,100.0890,97.6900,99.0060,99.0060,33972000
2025-02-27,99.5000,100.0730,96.1830,96.3070,96.3070,37666000
2025-02-28,96.9560,98.2270,95.8170,98.0560,98.0560,47174000
2025-03-03,98.3000,99.4930,96.4810,97.3700,97.3700,39074000
2025-03-04,97.1610,98.6310,94.8210,97.2580,97.2580,43928000
2025-03-05,97.3620,99.5600,96.9480,99.0920,99.0920,38079000
2025-03-06,97.2990,97.3690,89.9000,90.6360,90.6360,78526000
2025-03-07,89.7640,90.4890,85.8070,89.1110,89.1110,77375000
2025-03-10,87.5070,88.1270,85.4500,86.6680,86.6680,69953000
2025-03-11,86.7410,91.0680,86.6000,89.5100,89.5100,73989000
2025-03-12,91.4600,92.7180,90.1000,91.9680,91.9680,68658000
2025-03-13,91.3000,92.1890,88.7510,89.0170,89.0170,50017000
2025-03-14,90.1460,91.9630,90.1000,91.8000,91.8000,52007000
2025-03-17,93.9950,96.7630,93.4420,95.0020,95.0020,75431000
2025-03-18,94.0000,94.8250,91.6300,92.9980,92.9980,60094000
2025-03-19,93.5770,96.8000,92.4000,95.9490,95.9490,66624000
2025-03-20,95.0010,96.7000,94.5500,95.0840,95.0840,44663000
2025-03-21,94.1640,96.3650,94.0950,96.0290,96.0290,59054000
2025-03-24,96.9670,97.7000,95.1550,97.1990,97.1990,46779000
2025-03-25,97.8180,99.8700,97.7110,99.7280,99.7280,37822000
2025-03-26,99.3810,99.6790,96.6320,97.0650,97.0650,35274000
2025-03-27,97.4220,98.9000,96.6370,97.6720,97.6720,30472000
2025-03-28,97.2000,97.4980,92.9230,93.3850,93.3850,44227000
2025-03-31,92.0530,93.4480,90.0590,93.2530,93.2530,46341000
2025-04-01,92.7500,93.2290,91.1500,92.8380,92.8380,35200000
2025-04-02,92.3000,94.9550,91.6110,93.5520,93.5520,32569000
2025-04-03,90.1800,94.6590,90.0470,91.7050,91.7050,58646000
2025-04-04,89.6500,90.6630,85.3870,85.5860,85.5860,67988000
2025-04-07,82.7850,90.6740,82.1100,86.7830,86.7830,66568000
2025-04-08,91.2440,92.2420,85.7700,87.0400,87.0400,56254000
2025-04-09,85.5930,95.1430,85.4400,94.5470,94.5470,74980000
2025-04-10,93.1940,94.1240,89.4000,92.1170,92.1170,51298000
2025-04-11,92.0000,94.4860,90.6680,91.8290,91.8290,40736000
2025-04-14,93.2700,94.8980,91.9500,93.1280,93.1280,40359000
2025-04-15,95.0000,99.3450,94.8000,97.6280,97.6280,77120000
2025-04-16,97.6280,98.1210,94.9170,96.1630,96.1630,60661000
2025-04-17,96.9000,98.4700,95.6000,97.3030,97.3030,88937000
2025-04-21,98.4400,101.9000,97.3050,98.7910,98.7910,97757000
2025-04-22,100.5300,106.4970,100.4520,104.0340,104.0340,93689000
2025-04-23,104.7220,106.1250,103.2000,104.9590,104.9590,64719000
2025-04-24,104.8000,110.1000,104.7020,109.6870,109.6870,63819000
2025-04-25,109.7040,110.6800,109.1000,110.1530,110.1530,39500000
2025-04-28,110.0000,111.4000,108.2620,111.0380,111.0380,38311000
2025-04-29,110.3920,112.7810,109.5480,112.5640,112.5640,37773000
2025-04-30,111.2650,113.3200,110.1110,113.1720,113.1720,42667000
2025-05-01,112.2520,114.2420,111.1830,113.3470,113.3470,34995000
2025-05-02,113.6660,115.9440,113.3320,115.6490,115.6490,37743000
2025-05-05,111.4800,114.4020,110.7010,113.4060,113.4060,56623000
2025-05-06,112.9430,114.7660,112.6400,113.7690,113.7690,32567000
2025-05-07,113.9180,116.4000,113.8000,115.5410,115.5410,43497000
2025-05-08,116.1620,116.2290,113.9200,114.4430,114.4430,37609000
2025-05-09,114.7100,115.1000,113.3220,114.0220,114.0220,25696000
2025-05-12,112.4260,113.0000,110.2930,111.0000,111.0000,64791000
2025-05-13,111.4460,114.7880,110.6300,113.8440,113.8440,39979000
2025-05-14,112.9600,115.2900,112.8400,115.0990,115.0990,39101000
2025-05-15,114.7740,118.7800,114.7650,117.7980,117.7980,44640000
2025-05-16,119.3140,119.6500,117.9390,119.1530,119.1530,46984000
2025-05-19,117.3580,119.1640,117.1710,119.1640,119.1640,28534000
2025-05-20,118.6790,119.3000,117.9020,119.2020,119.2020,21331000
2025-05-21,118.6500,121.1220,118.6500,119.4630,119.4630,29766000
2025-05-22,119.2400,119.8750,118.7210,118.7970,118.7970,18616000
2025-05-23,118.4000,119.1450,117.9440,118.5390,118.5390,21865000
2025-05-27,119.5330,121.1770,119.3090,121.1570,121.1570,29205000
2025-05-28,121.0270,121.5910,120.6020,120.8550,120.8550,18559000
2025-05-29,120.8000,120.9000,117.6280,118.4860,118.4860,33007000
2025-05-30,119.8330,121.1810,118.0930,120.7230,120.7230,46968000
2025-06-02,120.1200,121.9400,119.6250,121.8980,121.8980,22942000
2025-06-03,121.9870,122.9570,121.1180,121.7940,121.7940,23638000
2025-06-04,122.0730,124.2560,121.9880,123.9660,123.9660,23594000
2025-06-05,124.0600,126.2810,123.7290,125.0520,125.0520,28172000
2025-06-06,125.9410,126.0000,123.5550,124.1470,124.1470,25570000
2025-06-09,123.8880,123.8880,122.1570,122.4460,122.4460,24031000
2025-06-10,122.7520,122.7520,118.0610,120.3620,120.3620,44544000
2025-06-11,120.2600,122.8290,119.6010,121.9880,121.9880,23823000
2025-06-12,122.2590,123.0000,121.1960,121.5030,121.5030,20846000
2025-06-13,120.6590,122.0620,120.1890,121.2150,121.2150,22103000
2025-06-16,121.2200,122.6250,121.2200,122.5350,122.5350,21128000
2025-06-17,121.9950,123.2360,121.6090,122.0670,122.0670,18921000
2025-06-18,122.9990,124.2000,122.0500,122.2290,122.2290,22810000
2025-06-20,123.4450,124.8500,122.4350,123.1410,123.1410,53482000
2025-06-23,123.8030,125.4840,121.5010,125.3540,125.3540,26673000
2025-06-24,126.0550,128.2570,125.5000,127.9110,127.9110,26633000
2025-06-25,128.6840,129.8000,127.3810,127.5250,127.5250,21465000
2025-06-26,128.0000,130.7340,128.0000,130.6670,130.6670,26059000
2025-06-27,130.6880,133.1350,130.1000,132.3120,132.3120,40709000
2025-06-30,133.1000,134.1150,132.1210,133.9130,133.9130,32829000
2025-07-01,133.8230,133.8770,128.2220,129.3600,129.3600,49936000
2025-07-02,129.6960,129.9950,127.1590,128.4860,128.4860,30488000
2025-07-03,129.2000,130.2260,127.9760,129.7180,129.7180,20062000
2025-07-07,129.5000,129.5000,127.6020,128.9620,128.9620,22737000
2025-07-08,129.0900,129.3250,126.0000,127.5310,127.5310,32925000
2025-07-09,127.3990,128.8290,126.6240,128.8280,128.8280,23845000
2025-07-10,128.5500,128.9600,124.6010,125.0590,125.0590,42308000
2025-07-11,125.9790,126.1000,123.1300,124.5110,124.5110,39572000
2025-07-14,124.4910,127.0490,124.0000,126.1950,126.1950,27810000
2025-07-15,126.2000,127.1220,124.3240,126.0270,126.0270,28017000
2025-07-16,126.1710,127.1000,124.9820,125.0310,125.0310,32270000
2025-07-17,125.3000,127.7500,124.4800,127.4170,127.4170,64699000
2025-07-18,124.1960,124.6500,120.1010,120.9240,120.9240,106933000
2025-07-21,120.6000,123.7100,119.8000,123.3270,123.3270,56276000
2025-07-22,123.0380,123.2370,118.7500,119.0080,119.0080,50630000
2025-07-23,118.9810,119.2620,117.3600,117.6780,117.6780,45043000
2025-07-24,117.7800,118.3500,116.2660,118.0760,118.0760,38456000
2025-07-25,117.8420,118.7320,117.4380,118.0490,118.0490,26293000
2025-07-28,118.1200,119.7790,116.8530,117.4600,117.4600,34470000
2025-07-29,117.9000,117.9600,116.3290,116.8740,116.8740,27525000
2025-07-30,116.8550,118.4850,116.6100,118.4200,118.4200,29227000
2025-07-31,118.4800,119.0000,115.7740,115.9400,115.9400,37129000
2025-08-01,116.3010,117.8510,115.2850,115.8600,115.8600,38910000
2025-08-04,116.7650,117.7000,116.2620,117.0990,117.0990,22447000
2025-08-05,117.1000,117.1710,114.4710,114.7870,114.7870,26607000
2025-08-06,115.3520,118.1380,115.1870,117.8480,117.8480,33622000
2025-08-07,118.1760,119.1220,116.8200,118.0370,118.0370,26283000
2025-08-08,118.3190,121.4110,118.0370,121.1640,121.1640,38167000
2025-08-11,121.4010,122.3070,120.1930,121.8310,121.8310,24556000
2025-08-12,122.5000,123.1990,120.6510,122.5280,122.5280,22788000
2025-08-13,123.4000,123.7120,120.3000,120.4440,120.4440,27624000
2025-08-14,120.9890,124.4090,120.7030,123.0560,123.0560,39047000
2025-08-15,123.4040,124.6940,122.7880,123.8950,123.8950,27678000
2025-08-18,123.5630,125.1160,123.5450,124.5090,124.5090,21111000
2025-08-19,124.0200,124.1000,119.2790,121.4150,121.4150,37077000
2025-08-20,121.8000,122.3000,119.3310,121.3860,121.3860,24344000
2025-08-21,121.1430,122.1400,119.7640,120.6210,120.6210,20472000
2025-08-22,120.8880,121.3620,119.8230,120.4650,120.4650,31281000
2025-08-25,120.1650,123.3800,119.9000,121.8070,121.8070,28120000
2025-08-26,122.0210,123.1500,121.2200,122.6090,122.6090,19857000
2025-08-27,122.3610,122.9210,121.3000,122.3500,122.3500,16645000
2025-08-28,122.2790,123.7890,121.4270,123.1450,123.1450,19503000
2025-08-29,122.7970,122.8790,120.1150,120.8250,120.8250,32098000
2025-09-02,119.7000,121.5400,118.2800,121.4110,121.4110,23033000
2025-09-03,120.5140,122.7000,120.3380,122.6180,122.6180,24715000
2025-09-04,122.3200,125.7480,122.3090,125.7480,125.7480,30235000
2025-09-05,126.0000,126.7100,123.9020,124.3820,124.3820,23797000
2025-09-08,124.8540,125.2040,123.2000,124.4760,124.4760,19151000
2025-09-09,124.6670,126.5720,124.6670,126.3250,126.3250,22197000
2025-09-10,126.3970,126.7000,124.6360,124.7710,124.7710,27010000
2025-09-11,125.1000,125.3450,119.2000,120.3500,120.3500,56823000
2025-09-12,120.3060,121.1780,118.2400,118.8440,118.8440,37849000
2025-09-15,118.8400,120.7240,117.3210,120.2260,120.2260,29093000
2025-09-16,120.5640,120.9000,119.7280,120.0510,120.0510,24047000
2025-09-17,122.1020,123.3930,120.6610,122.8500,122.8500,34598000
2025-09-18,122.0820,123.3000,120.5500,120.7780,120.7780,31691000
2025-09-19,121.8620,122.9950,120.8100,122.6970,122.6970,49476000
2025-09-22,122.1900,122.9760,121.4240,122.7370,122.7370,25468000
2025-09-23,122.7330,122.7790,120.8470,121.8470,121.8470,24991000
2025-09-24,121.8610,122.1500,119.4200,120.3950,120.3950,27731000
2025-09-25,120.3090,121.6840,119.1510,120.8240,120.8240,19978000
2025-09-26,120.5420,121.4000,120.0000,121.0610,121.0610,19450000
2025-09-29,120.5000,122.4490,118.7540,120.6410,120.6410,30332000
2025-09-30,120.6410,120.8500,117.8000,119.8920,119.8920,38303000
2025-10-01,117.5490,117.9140,116.3210,117.0900,117.0900,41102000
2025-10-02,116.1500,116.3330,113.4000,116.2530,116.2530,46855000
2025-10-03,116.5000,116.8000,114.3220,115.3320,115.3320,31374000
2025-10-06,116.0370,116.3580,114.5450,116.3310,116.3310,29686000
2025-10-07,117.7790,120.1370,117.7460,119.1060,119.1060,33091000
2025-10-08,119.7110,121.7390,119.2000,121.4250,121.4250,28514000
2025-10-09,121.4250,123.7500,121.1820,123.1070,123.1070,28241000
2025-10-10,122.9000,124.7000,121.9100,122.0080,122.0080,42798000
2025-10-13,122.1350,123.1120,120.6810,121.9030,121.9030,24608000
2025-10-14,121.4750,122.4290,120.3100,121.5350,121.5350,23624000
2025-10-15,121.3010,121.9620,120.1610,120.3290,120.3290,20252000
2025-10-16,121.2150,121.6710,117.6000,118.3590,118.3590,28326000
2025-10-17,118.3600,120.3120,117.8950,119.9360,119.9360,29571000
2025-10-20,120.7880,124.7760,120.6900,123.8560,123.8560,39862000
2025-10-21,124.2830,124.8600,123.1760,124.1350,124.1350,65082000
2025-10-22,114.2900,115.7600,111.2510,111.6370,111.6370,147890000
2025-10-23,112.6900,112.7830,109.9730,111.3590,111.3590,68497000
2025-10-24,111.1000,111.4510,109.4410,109.4690,109.4690,60280000
2025-10-27,110.0670,110.2280,108.7300,109.4560,109.4560,46911000
2025-10-28,109.4000,111.6980,109.3010,110.2500,110.2500,40209000
2025-10-29,109.9840,110.8550,109.6000,110.0410,110.0410,33995000
2025-10-30,109.4400,110.6160,108.8110,108.9000,108.9000,41581000
2025-10-31,110.5390,113.4880,110.1980,111.8860,111.8860,68665000
2025-11-03,113.3240,113.3500,107.5150,110.0090,110.0090,58634000
2025-11-04,109.9990,110.4600,108.6680,109.2960,109.2960,38718000
2025-11-05,108.5000,110.0850,107.3370,109.8460,109.8460,35539000
2025-11-06,109.4580,110.3700,108.5130,109.7020,109.7020,36532000
2025-11-07,109.4180,110.8220,108.7500,110.3660,110.3660,44125000
2025-11-10,110.6720,112.8200,110.4050,112.0070,112.0070,36929000
2025-11-11,111.7600,113.9220,111.2800,113.6440,113.6440,27966000
2025-11-12,113.8170,116.4340,112.8260,115.7500,115.7500,39221000
2025-11-13,115.8500,116.7330,114.5690,115.4230,115.4230,40144000
2025-11-14,114.2730,114.2730,110.7210,111.2170,111.2170,47607000
2025-11-17,110.7500,111.8500,109.5500,110.2900,110.2900,26082700
2025-11-18,110.2900,115.2500,109.2000,114.0900,114.0900,43440600
2025-11-19,113.0000,113.3400,108.6100,110.0000,110.0000,31868100
2025-11-20,111.0000,111.1000,105.3900,105.6700,105.6700,36918500
2025-11-21,105.1300,106.5300,103.8100,104.3100,104.3100,41232700
2025-11-24,104.2500,108.0400,103.3200,106.9700,106.9700,62918300
2025-11-25,106.1200,106.3000,103.8200,104.4000,104.4000,35122600
2025-11-26,105.7400,106.9500,105.2200,106.1400,106.1400,27951000
2025-11-28,106.4400,107.9400,106.2400,107.5800,107.5800,15021600
2025-12-01,106.5100,109.3400,106.3100,109.1300,109.1300,24873400
2025-12-02,109.2100,109.7300,107.5200,109.3500,109.3500,25763000
2025-12-03,106.5900,106.8700,102.0300,103.9600,103.9600,53593400
2025-12-04,103.5700,103.8000,101.7700,103.2200,103.2200,51779100
2025-12-05,98.7800,104.7900,97.7400,100.2400,100.2400,133363600
2025-12-08,99.8700,99.8900,95.3000,96.7900,96.7900,100906300
2025-12-09,97.0300,97.2400,95.4500,96.7100,96.7100,51745600
2025-12-10,96.7400,96.9700,92.3500,92.7100,92.7100,74129300
2025-12-11,93.9000,94.8200,92.7600,94.0900,94.0900,43949000
2025-12-12,95.5000,96.9200,94.6500,95.1900,95.1900,49323100
2025-12-15,96.0200,96.3700,93.5300,93.7700,93.7700,40016500
2025-12-16,93.8800,94.9300,93.3200,94.5700,94.5700,34265000
2025-12-17,95.9800,97.3300,94.4600,94.7900,94.7900,50472800
2025-12-18,95.0200,95.8100,93.5900,94.0000,94.0000,37244700
2025-12-19,93.5700,95.5400,93.4500,94.3900,94.3900,78990200
2025-12-22,94.7100,94.7100,92.9100,93.2300,93.2300,39484800
2025-12-23,93.4000,93.8100,91.3300,93.5000,93.5000,25896200
2025-12-24,93.1100,93.6800,92.6700,93.6400,93.6400,12427900
2025-12-26,93.4800,94.6900,93.2700,94.4700,94.4700,22068300
2025-12-29,93.9900,94.9700,93.6300,94.1500,94.1500,24493700
2025-12-30,93.5200,93.9900,93.3400,93.7800,93.7800,23422000
2025-12-31,93.6000,94.3100,93.2000,93.7600,93.7600,23495200
2026-01-02,94.1300,94.1300,90.8100,90.9900,90.9900,41155400
2026-01-05,90.9200,92.6300,90.8400,91.4600,91.4600,39183300
2026-01-06,91.5400,91.6400,89.7400,90.6500,90.6500,43331000
2026-01-07,91.5600,92.4200,90.0600,90.7300,90.7300,36525700
2026-01-08,90.4500,91.2500,89.5800,90.5300,90.5300,40068700
2026-01-09,90.0300,90.0500,88.3200,89.4600,89.4600,55579500
2026-01-12,89.6900,90.3400,89.3300,89.4100,89.4100,36290600
2026-01-13,89.4400,91.1500,89.0700,90.3200,90.3200,45221100
2026-01-14,91.2400,91.5800,87.9500,88.5500,88.5500,49737700
2026-01-15,89.0200,89.8900,87.8200,88.0500,88.0500,36945100
2026-01-16,88.3400,88.5100,87.7800,88.0000,88.0000,48130500
2026-01-20,88.9700,89.9000,87.0200,87.2600,87.2600,109729700
2026-01-21,82.5200,86.0000,81.9300,85.3600,85.3600,127940700
2026-01-22,85.0200,85.1000,82.9800,83.5400,83.5400,69113300
2026-01-23,83.4300,86.3000,83.2800,86.1200,86.1200,64520400
2026-01-26,86.9200,86.9400,85.3500,85.7000,85.7000,40941900
2026-01-27,85.2800,85.6000,83.8800,85.5800,85.5800,37790800
2026-01-28,85.6300,86.4700,84.3000,84.6400,84.6400,37762600
2026-01-29,84.3100,84.3800,82.3500,83.1600,83.1600,42278100
2026-01-30,83.1000,84.0600,82.7800,83.4900,83.4900,45755000
2026-02-02,83.5300,85.2700,82.7200,82.7600,82.7600,41445300
2026-02-03,82.2300,82.4500,79.6200,79.9400,79.9400,49789000
2026-02-04,79.9900,81.4400,79.2300,80.1600,80.1600,48963200
2026-02-05,81.4900,83.3000,80.5400,80.8700,80.8700,54805700
2026-02-06,81.0200,82.4900,80.6500,82.2000,82.2000,46154100
2026-02-09,82.1800,82.2100,79.8700,81.4700,81.4700,42200200
2026-02-10,82.7200,84.6600,82.0900,82.2100,82.2100,43595800
2026-02-11,81.9600,82.4800,79.4500,79.6200,79.6200,40840300
2026-02-12,79.1100,79.1500,75.2300,75.8600,75.8600,73516100
2026-02-13,76.1400,77.1800,75.5300,76.8700,76.8700,42292100
2026-02-17,76.9200,77.8700,75.3000,77.0000,77.0000,35961500
2026-02-18,77.3200,78.3200,76.2800,77.9900,77.9900,29883100
2026-02-19,77.7500,78.7000,76.5900,77.0000,77.0000,30139200
2026-02-20,76.6100,78.8500,76.4000,78.6700,78.6700,32411300
2026-02-23,77.7900,77.8300,75.0100,76.0200,76.0200,38363000
2026-02-24,75.7300,78.1200,75.2100,78.0400,78.0400,33079100
2026-02-25,79.4300,83.1200,79.2500,82.7000,82.7000,69319300
2026-02-26,83.2000,86.5000,82.8000,84.5900,84.5900,85642500
2026-02-27,94.3000,96.7500,90.5800,96.2400,96.2400,200767000
2026-03-02,95.2600,98.0700,95.2000,97.0900,97.0900,79915400
2026-03-03,96.0100,98.4600,95.3300,97.7000,97.7000,59149000
2026-03-04,97.1100,99.7500,96.9900,98.6600,98.6600,52604300
2026-03-05,98.5000,100.1900,98.1000,99.1700,99.1700,53403000
2026-03-06,99.3300,99.8800,97.4000,99.0200,99.0200,41196300
2026-03-09,97.7000,98.9400,96.5800,98.3200,98.3200,48589000
2026-03-10,97.8100,98.4900,96.2900,96.9400,96.9400,41027200
2026-03-11,97.4100,98.0000,94.6900,94.8900,94.8900,33962900
2026-03-12,94.8600,95.4000,93.8700,94.3100,94.3100,34206900
2026-03-13,94.6400,95.6800,94.2400,95.3100,95.3100,29876700
2026-03-16,95.5800,96.1000,94.3600,95.2000,95.2000,34931800
2026-03-17,95.3000,96.3400,94.0100,94.3600,94.3600,26434500
2026-03-18,94.4500,95.3400,93.6100,94.7000,94.7000,27878300
2026-03-19,94.3100,95.7500,90.7800,91.7400,91.7400,40169300
2026-03-20,91.3100,91.8800,90.6900,91.8200,91.8200,61678000
2026-03-23,92.0400,93.9800,91.8600,93.3800,93.3800,34315900
2026-03-24,92.7900,93.7400,90.8200,90.9200,90.9200,28938000
2026-03-25,91.7100,92.5200,91.2400,92.2800,92.2800,29545600
2026-03-26,91.5200,95.8600,91.0100,93.3200,93.3200,59522000
2026-03-27,94.5700,95.5800,92.7400,93.4300,93.4300,44590700
2026-03-30,92.7500,94.4900,92.2200,92.9700,92.9700,32375100
2026-03-31,93.0300,96.2600,93.0300,96.1500,96.1500,54270000
2026-04-01,96.4700,97.2000,94.2600,95.5500,95.5500,30439300
2026-04-02,95.2700,98.7100,95.1700,98.6600,98.6600,37068000
2026-04-06,100.9600,102.6900,97.9700,98.9300,98.9300,37029300
2026-04-07,98.5500,99.8800,98.2500,98.8200,98.8200,25016700
2026-04-08,100.3200,100.4000,97.4400,99.3900,99.3900,30957600
2026-04-09,99.6300,102.3400,99.0800,102.0500,102.0500,35087800
2026-04-10,102.4700,103.0800,101.4600,103.0100,103.0100,25769900
2026-04-13,103.0300,103.6700,102.0600,103.1600,103.1600,26042800
2026-04-14,103.1200,106.5700,103.0400,106.2800,106.2800,40534900
2026-04-15,105.9800,107.8500,105.0400,107.7100,107.7100,38023700
2026-04-16,107.4700,108.9500,106.6200,107.7900,107.7900,64928300
2026-04-17,96.3700,98.7400,95.1000,97.3100,97.3100,125958700
2026-04-20,97.1400,97.6000,93.5400,94.8300,94.8300,63298300
2026-04-21,94.0000,94.6500,92.3700,92.5800,92.5800,61962300
2026-04-22,93.0600,93.8500,92.7700,93.2400,93.2400,33694300
2026-04-23,94.0600,94.6400,92.0700,92.8200,92.8200,36851700
2026-04-24,92.5700,93.2800,91.8000,92.4400,92.4400,32553200
2026-04-27,92.0500,92.8400,91.3000,91.3700,91.3700,29707400
2026-04-28,91.5000,92.3400,90.0200,92.2700,92.2700,33418100
2026-04-29,91.2300,92.8600,90.8600,92.1200,92.1200,26122100
2026-04-30,91.3500,94.2200,90.7700,93.6100,93.6100,40923000
2026-05-01,94.4200,94.7000,91.9000,92.0600,92.0600,30406900
2026-05-04,92.1000,92.3300,90.8900,91.0200,91.0200,25928800
2026-05-05,91.1800,91.2800,87.5700,87.8900,87.8900,51961300
2026-05-06,87.1500,88.5500,86.7200,88.2700,88.2700,41932400
2026-05-07,88.2000,89.4000,88.1300,88.2500,88.2500,30627600
2026-05-08,87.7100,88.0400,87.2100,87.4900,87.4900,36215100
2026-05-11,86.5300,87.3400,85.1000,85.4500,85.4500,40556500
2026-05-12,85.9100,89.1700,85.8100,87.6600,87.6600,43556600
2026-05-13,86.5700,88.6200,86.2800,87.5600,87.5600,30823500
2026-05-14,87.6200,88.5000,86.6500,86.9400,86.9400,29408300
2026-05-15,87.6900,89.4900,86.6900,87.0200,87.0200,32335700
2026-05-18,86.5000,89.8200,86.3300,89.6500,89.6500,35800500
2026-05-19,90.1400,91.4800,88.6900,89.3300,89.3300,34545700
2026-05-20,88.5200,88.5500,87.5000,88.0900,88.0900,23463400
2026-05-21,88.0300,90.3700,87.5200,89.3000,89.3000,28613900
2026-05-22,89.1000,89.9700,88.1700,88.6000,88.6000,23847200
2026-05-26,88.4000,88.7300,87.2500,87.6800,87.6800,24014500
2026-05-27,87.0500,88.5000,86.8200,87.3500,87.3500,22569500
2026-05-28,86.9000,87.0400,85.5900,86.3600,86.3600,38803800
2026-05-29,86.2000,86.6700,85.6600,86.0200,86.0200,39793600
2026-06-01,85.7300,87.2300,85.3200,85.8500,85.8500,32747200
2026-06-02,85.6100,85.9800,83.2900,83.3300,83.3300,42947200
2026-06-03,82.9100,83.3100,81.1000,81.5200,81.5200,36714700
2026-06-04,83.1900,83.7000,81.3700,81.5600,81.5600,39338800
2026-06-05,82.3300,82.7500,81.0000,82.1800,82.1800,43474100
2026-06-08,81.6600,83.0800,81.3400,82.6400,82.6400,33056700
2026-06-09,82.1300,82.3400,81.3400,81.4100,81.4100,34787200
2026-06-10,81.7100,82.7500,80.9800,82.0000,82.0000,36304600
2026-06-11,81.8700,82.1000,80.0900,81.2700,81.2700,33417600
2026-06-12,81.5800,82.0000,79.2800,80.3400,80.3400,35309700
2026-06-15,80.6200,81.7100,80.4600,81.6700,81.6700,36430800
2026-06-16,81.9000,81.9300,77.7100,78.7200,78.7200,65054000
2026-06-17,78.1000,78.4500,76.7600,76.9600,76.9600,50338800
2026-06-18,76.9300,78.2400,76.1200,77.3800,77.3800,91920400
2026-06-22,76.1400,77.0900,71.8100,72.8800,72.8800,82203300
2026-06-23,73.2600,73.9600,72.6300,72.8200,72.8200,50806800
2026-06-24,72.6900,73.4500,71.6300,71.8400,71.8400,48001500
2026-06-25,71.3300,72.9400,70.8600,70.9000,70.9000,44446900
2026-06-26,71.6900,75.2000,71.5300,73.8100,73.8100,74990300
2026-06-29,74.6200,76.0700,73.7300,73.7800,73.7800,42429600
2026-06-30,73.5900,73.7500,71.0000,71.4000,71.4000,49240900
2026-07-01,72.5900,74.3600,72.3300,74.1900,74.1900,43841800
2026-07-02,75.0900,78.4400,74.9100,77.6500,77.6500,55456500
2026-07-06,77.0800,77.8400,75.7100,76.0200,76.0200,45056600
2026-07-07,77.8800,78.1900,76.1000,76.1800,76.1800,33257300
2026-07-08,76.2700,76.6400,74.8900,75.5900,75.5900,34373500
2026-07-09,74.3000,75.5500,74.0200,75.4700,75.4700,36305700
2026-07-10,75.4400,75.7000,72.5100,73.3700,73.3700,46713900
2026-07-13,73.9000,75.4500,73.7100,73.8300,73.8300,35101800
2026-07-14,72.6400,74.0100,72.2800,73.5300,73.5300,33312100
2026-07-15,73.7900,75.0600,73.1300,73.6800,73.6800,32854300
2026-07-16,73.9500,74.6800,72.9400,74.3500,74.3500,77505200
2026-07-17,65.4800,69.4900,65.0800,68.9500,68.9500,142029200
2026-07-20,68.3200,68.3800,66.6900,67.6000,67.6000,60669100
2026-07-21,67.4200,68.7500,66.7300,68.6700,68.6700,56565800
2026-07-22,69.3700,70.5700,68.3500,68.5300,68.5300,44947300
2026-07-23,68.5700,69.3600,67.6700,68.8900,68.8900,45029100
2026-07-24,69.2900,70.6800,67.9700,70.0900,70.0900,37593500
2026-07-27,70.5900,71.6500,69.8600,70.4000,70.4000,39090800
2026-07-28,72.0700,73.7600,71.2300,72.3900,72.3900,47160200
2026-07-29,72.1900,73.7400,71.7500,73.6300,73.6300,43737600
2026-07-30,71.4800,73.3200,70.5500,73.1700,73.1700,54261000
2026-07-31,71.9700,72.7500,71.1100,71.7100,71.7100,35847500
2026-08-03,72.7700,73.9500,72.1800,73.3300,73.3300,33922300
2026-08-04,72.5100,73.7500,72.3000,73.5700,73.5700,42877900
2026-08-05,75.1100,75.3000,73.1600,74.2000,74.2000,28969400
2026-08-06,75.1400,75.2100,73.1000,73.6900,73.6900,28892700
2026-08-07,73.1200,74.5000,73.0800,74.1400,74.1400,24819000
2026-08-10,73.8000,76.3200,73.5700,76.2900,76.2900,26959900
2026-08-11,76.2000,76.9000,74.4800,74.7900,74.7900,27840500
2026-08-12,74.3500,74.6700,73.5700,74.2100,74.2100,20773100
2026-08-13,76.0100,78.4000,75.4400,78.2400,78.2400,41452900
2026-08-14,78.4800,78.7300,77.7600,78.1600,78.1600,26751000
2026-08-17,77.8000,78.5300,75.4700,76.0200,76.0200,30753000
2026-08-18,77.4300,79.1000,76.3400,77.7700,77.7700,36151300
2026-08-19,78.2500,81.1600,78.1000,80.2200,80.2200,31461800
2026-08-20,80.1400,81.0800,79.5900,80.1400,80.1400,27118400
2026-08-21,80.2900,80.4900,79.1700,79.5900,79.5900,23773800
2026-08-24,79.9400,80.6200,79.0200,80.0100,80.0100,21085300
2026-08-25,79.6500,82.4600,79.4000,82.2300,82.2300,29462000
2026-08-26,82.0500,82.4200,81.3000,81.4600,81.4600,22874900
2026-08-27,81.0700,81.1500,79.2800,79.8400,79.8400,27174400
2026-08-28,80.3600,82.3500,79.9500,81.7200,81.7200,29092700
2026-08-31,81.0000,81.7300,80.6500,81.0500,81.0500,30740800
2026-09-01,80.1700,82.1300,79.6000,80.8100,80.8100,21164900
2026-09-02,80.5500,83.1200,80.3000,82.7300,82.7300,22077800
2026-09-03,83.1800,83.6000,81.6300,82.6700,82.6700,24006400
2026-09-04,82.1700,82.6900,78.2300,78.2500,78.2500,40066200
