date,open,high,low,close,adj_close,volume
2012-05-18,42.0500,45.0000,38.0000,38.2300,37.8972,573576400
2012-05-21,36.5300,36.6600,33.0000,34.0300,33.7338,168192700
2012-05-22,32.6100,33.5900,30.9400,31.0000,30.7301,101786600
2012-05-23,31.3700,32.5000,31.3600,32.0000,31.7214,73600000
2012-05-24,32.9500,33.2100,31.7700,33.0300,32.7425,50237200
2012-05-25,32.9000,32.9500,31.1100,31.9100,31.6322,37149800
2012-05-29,31.4800,31.6900,28.6500,28.8400,28.5889,78063400
2012-05-30,28.7000,29.5500,27.8600,28.1900,27.9446,57267900
2012-05-31,28.5500,29.6700,26.8300,29.6000,29.3423,111639200
2012-06-01,28.8900,29.1500,27.3900,27.7200,27.4787,41855500
2012-06-04,27.2000,27.6500,26.4400,26.9000,26.6658,35230300
2012-06-05,26.7000,27.7600,25.7500,25.8700,25.6448,42473400
2012-06-06,26.0700,27.1700,25.5200,26.8100,26.5766,61489200
2012-06-07,27.0000,27.3500,26.1500,26.3100,26.0810,26159500
2012-06-08,26.5500,27.7600,26.4400,27.1000,26.8641,38034000
2012-06-11,27.1800,28.0700,26.8400,27.0100,26.7749,28219600
2012-06-12,27.4800,27.7700,26.9600,27.4000,27.1615,15816800
2012-06-13,27.6600,28.1000,27.1000,27.2700,27.0326,17102800
2012-06-14,27.6500,28.3200,27.3800,28.2900,28.0437,16855000
2012-06-15,28.5100,30.1000,28.3500,30.0100,29.7488,43563800
2012-06-18,29.9600,32.0800,29.4100,31.4100,31.1366,42978900
2012-06-19,31.5400,32.1800,30.7000,31.9100,31.6322,30849000
2012-06-20,31.9200,31.9300,31.1500,31.6000,31.3249,15553600
2012-06-21,31.6700,32.5000,31.5100,31.8400,31.5628,21875300
2012-06-22,32.4100,33.4500,32.0600,33.0500,32.7623,74834000
2012-06-25,32.8600,33.0200,31.5500,32.0600,31.7809,24352900
2012-06-26,32.6900,33.4400,32.5000,33.1000,32.8119,24858700
2012-06-27,32.4600,32.9000,31.9000,32.2300,31.9494,28568000
2012-06-28,31.9600,32.1900,30.9000,31.3600,31.0870,17713300
2012-06-29,31.9200,31.9900,30.7600,31.1000,30.8293,19526900
2012-07-02,31.2500,31.7300,30.5500,30.7700,30.5021,14122000
2012-07-03,30.9100,31.4400,30.8000,31.2000,30.9284,8763600
2012-07-05,31.3200,31.6300,31.0200,31.4700,31.1961,10032100
2012-07-06,31.4400,31.9000,31.2600,31.7300,31.4538,10945600
2012-07-09,32.1000,32.8800,31.9900,32.1700,31.8900,17785200
2012-07-10,32.4300,32.4800,31.1600,31.4700,31.1961,14269500
2012-07-11,31.4800,31.5600,30.5500,30.9700,30.7004,13030300
2012-07-12,30.7000,31.4000,30.6000,30.8100,30.5418,11300700
2012-07-13,31.0400,31.0700,30.5600,30.7200,30.4526,8108300
2012-07-16,30.5000,30.5000,28.2100,28.2500,28.0041,24672100
2012-07-17,28.4800,28.5900,27.1500,28.0900,27.8455,30438600
2012-07-18,28.3100,29.2900,28.1500,29.1100,28.8566,16841800
2012-07-19,29.4100,29.5000,28.6300,29.0000,28.7476,13685100
2012-07-20,29.0000,29.4700,28.7200,28.7600,28.5096,11869100
2012-07-23,28.1200,29.0000,28.0100,28.7500,28.4997,12390700
2012-07-24,28.8200,29.4500,28.1000,28.4500,28.2023,11539800
2012-07-25,28.3900,29.4900,28.0800,29.3400,29.0846,17230200
2012-07-26,27.7500,28.2300,26.7300,26.8500,26.6163,64597400
2012-07-27,23.1900,24.5400,22.2800,23.7100,23.5036,123102300
2012-07-30,24.0000,24.0400,23.0300,23.1500,22.9485,29285900
2012-07-31,23.3700,23.3700,21.6100,21.7100,21.5210,56179400
2012-08-01,21.5000,21.5800,20.8400,20.8800,20.6982,44604400
2012-08-02,20.7700,20.8400,19.8200,20.0400,19.8655,56374500
2012-08-03,20.3600,22.1600,19.9000,21.0900,20.9064,80647000
2012-08-06,21.3900,22.1500,21.3000,21.9200,21.7292,27778900
2012-08-07,22.2000,22.4500,20.5000,20.7200,20.5396,36782900
2012-08-08,20.7100,21.1500,20.2200,20.7200,20.5396,29537400
2012-08-09,20.7500,21.1700,20.6100,21.0100,20.8271,15610700
2012-08-10,21.4100,21.8200,21.1300,21.8100,21.6201,25794700
2012-08-13,22.1500,22.4500,21.4000,21.6000,21.4120,24973100
2012-08-14,21.4100,21.6000,20.2500,20.3800,20.2026,39308800
2012-08-15,20.6400,21.4100,20.4000,21.2000,21.0155,47861100
2012-08-16,20.4400,20.4800,19.6900,19.8700,19.6970,157565300
2012-08-17,20.0100,20.0800,19.0000,19.0500,18.8842,129293400
2012-08-20,19.0500,20.1300,18.7500,20.0100,19.8358,101186600
2012-08-21,19.5800,19.9800,19.0900,19.1600,18.9932,70640600
2012-08-22,19.3600,19.5300,18.9600,19.4400,19.2708,49892200
2012-08-23,19.5000,19.7300,19.3600,19.4400,19.2708,32813700
2012-08-24,19.5200,19.6800,19.2500,19.4100,19.2410,29622200
2012-08-27,19.4900,19.5300,19.1000,19.1500,18.9833,20704000
2012-08-28,19.1000,19.3800,18.9500,19.3400,19.1716,25417000
2012-08-29,19.3200,19.3800,19.0700,19.1000,18.9337,16124700
2012-08-30,19.2700,19.4500,19.0600,19.0900,18.9238,30647500
2012-08-31,18.6800,18.7000,18.0300,18.0600,17.9028,58764200
2012-09-04,18.0800,18.2700,17.5500,17.7300,17.5757,46622400
2012-09-05,18.2700,18.7500,18.1800,18.5800,18.4183,60781800
2012-09-06,18.7400,19.2600,18.7200,18.9600,18.7950,46066500
2012-09-07,19.1000,19.4200,18.7800,18.9800,18.8148,36371700
2012-09-10,19.0600,19.2000,18.5500,18.8100,18.6463,24797800
2012-09-11,18.9200,19.5800,18.8500,19.4300,19.2609,50508200
2012-09-12,20.7600,21.1600,20.2800,20.9300,20.7478,121584000
2012-09-13,20.9600,21.4800,20.6100,20.7100,20.5297,65041600
2012-09-14,21.1300,22.0800,20.9000,22.0000,21.8085,72819800
2012-09-17,22.6700,22.7500,21.5000,21.5200,21.3327,50667600
2012-09-18,21.6000,21.9800,21.3700,21.8700,21.6796,36760500
2012-09-19,21.9900,23.3700,21.7700,23.2900,23.0873,78782800
2012-09-20,23.0200,23.2400,22.5400,22.5900,22.3934,57248900
2012-09-21,22.9700,23.2400,22.6000,22.8600,22.6610,51218100
2012-09-24,21.7800,21.9800,20.3600,20.7900,20.6090,79106500
2012-09-25,21.2000,21.2100,20.2200,20.2800,20.1035,46291700
2012-09-26,20.1500,20.7800,19.8000,20.6200,20.4405,38271900
2012-09-27,20.9900,21.0000,20.1600,20.3200,20.1431,30215900
2012-09-28,20.5700,21.9500,20.5000,21.6600,21.4714,65486000
2012-10-01,22.0800,22.5900,21.7300,21.9900,21.7986,51262700
2012-10-02,22.0800,22.4900,21.8200,22.2700,22.0761,29341400
2012-10-03,22.3000,22.4900,21.8000,21.8300,21.6400,32000100
2012-10-04,22.3200,22.4000,21.4100,21.9500,21.7589,46892100
2012-10-05,21.4900,21.6300,20.8800,20.9100,20.7280,40529300
2012-10-08,20.4000,20.7500,20.1600,20.4000,20.2224,32236700
2012-10-09,20.3900,20.5500,19.9700,20.2300,20.0539,27161800
2012-10-10,19.9300,19.9400,19.4500,19.6400,19.4690,39321800
2012-10-11,19.8800,19.9600,19.6100,19.7500,19.5781,21817300
2012-10-12,19.7500,19.8000,19.4800,19.5200,19.3501,18809400
2012-10-15,19.6800,19.8800,19.4900,19.5200,19.3501,20189700
2012-10-16,19.6800,19.6900,19.3000,19.4800,19.3104,21834700
2012-10-17,19.5000,20.4800,19.3700,19.8800,19.7069,44074500
2012-10-18,19.7000,19.7900,18.8900,18.9800,18.8148,52157400
2012-10-19,19.0000,19.0600,18.8000,19.0000,18.8346,34835000
2012-10-22,19.2000,19.4300,19.0500,19.3200,19.1518,32447300
2012-10-23,19.2500,19.8000,19.1000,19.5000,19.3302,78381200
2012-10-24,24.1300,24.2500,22.8500,23.2300,23.0278,228949900
2012-10-25,23.2900,23.3100,22.4700,22.5600,22.3636,76142000
2012-10-26,22.4000,22.8800,21.8800,21.9400,21.7490,73175800
2012-10-31,20.8200,21.5000,20.7300,21.1100,20.9262,99378200
2012-11-01,21.0800,21.4400,21.0100,21.2100,21.0254,37713900
2012-11-02,21.2600,21.6900,21.0700,21.1800,20.9956,38344400
2012-11-05,21.1000,21.4800,20.9200,21.2500,21.0650,31806700
2012-11-06,21.2400,21.3700,20.9900,21.1700,20.9857,29062700
2012-11-07,20.8500,20.9500,20.3700,20.4700,20.2918,33396800
2012-11-08,20.5200,20.7300,19.9800,19.9900,19.8160,34254600
2012-11-09,19.9600,20.0000,19.1300,19.2100,19.0428,42295500
2012-11-12,19.1500,20.1700,18.8700,20.0700,19.8953,67349200
2012-11-13,19.6100,20.1100,19.5600,19.8600,19.6871,71775100
2012-11-14,20.1000,22.5000,19.9300,22.3600,22.1654,229751000
2012-11-15,22.3400,22.5000,21.6500,22.1700,21.9770,78857700
2012-11-16,22.2500,23.9300,22.1800,23.5600,23.3549,107182200
2012-11-19,23.9600,24.1200,22.8200,22.9200,22.7205,85021300
2012-11-20,22.7300,23.9000,22.7000,23.1000,22.8989,46655300
2012-11-21,23.2200,24.5300,23.0500,24.3200,24.1083,89862400
2012-11-23,24.5800,24.6800,23.8800,24.0000,23.7911,29520900
2012-11-26,24.9400,26.0900,24.8100,25.9400,25.7142,123865000
2012-11-27,26.0400,26.5000,25.4600,26.1500,25.9224,85760600
2012-11-28,25.9400,26.4900,25.7500,26.3600,26.1305,49205600
2012-11-29,26.5000,27.5200,26.1600,27.3200,27.0822,88759700
2012-11-30,27.2600,28.0000,26.7600,28.0000,27.7563,127049600
2012-12-03,28.0000,28.8800,26.9800,27.0400,26.8046,123526100
2012-12-04,27.0600,27.7600,26.6800,27.4600,27.2210,72869200
2012-12-05,27.7500,27.9000,27.2600,27.7100,27.4688,58976300
2012-12-06,27.6800,27.7500,26.8200,26.9700,26.7352,46001500
2012-12-07,27.0700,27.7800,26.8400,27.4900,27.2507,51751900
2012-12-10,27.1700,28.1700,27.1000,27.8400,27.5976,50608500
2012-12-11,28.0700,28.2400,27.6600,27.9800,27.7364,77099100
2012-12-12,28.0000,28.1400,27.3700,27.5800,27.3399,46704200
2012-12-13,27.5900,28.7500,27.4300,28.2400,27.9942,81051600
2012-12-14,28.1800,28.3300,26.7600,26.8100,26.5766,91631600
2012-12-17,26.7700,27.0000,26.3200,26.7500,26.5171,57742500
2012-12-18,26.9600,27.9100,26.9000,27.7100,27.4688,60512900
2012-12-19,27.8300,28.2200,26.9500,27.4100,27.1714,61390300
2012-12-20,27.4900,27.6000,27.1300,27.3600,27.1218,35574800
2012-12-21,26.6600,27.0100,26.1200,26.2600,26.0314,54555200
2012-12-24,26.5000,26.9600,26.2000,26.9300,26.6956,28230100
2012-12-26,27.0300,27.1800,26.3800,26.5100,26.2792,33175400
2012-12-27,26.5500,26.8000,25.5200,26.0500,25.8232,43481700
2012-12-28,25.4800,26.1100,25.1500,25.9100,25.6844,56574800
2012-12-31,26.2000,26.9900,26.1100,26.6200,26.3883,60374500
2013-01-02,27.4400,28.1800,27.4200,28.0000,27.7563,69846400
2013-01-03,27.8800,28.4700,27.5900,27.7700,27.5283,63140600
2013-01-04,28.0100,28.9300,27.8300,28.7600,28.5096,72715400
2013-01-07,28.6900,29.7900,28.6500,29.4200,29.1639,83781800
2013-01-08,29.5100,29.6000,28.8600,29.0600,28.8070,45871300
2013-01-09,29.6700,30.6000,29.4900,30.5900,30.3237,104787700
2013-01-10,30.6000,31.4500,30.2800,31.3000,31.0275,95316400
2013-01-11,31.2800,31.9600,31.1000,31.7200,31.4439,89598000
2013-01-14,32.0800,32.2100,30.6200,30.9500,30.6806,98892800
2013-01-15,30.6400,31.7100,29.8800,30.1000,29.8380,173242600
2013-01-16,30.2100,30.3500,29.5300,29.8500,29.5901,75332700
2013-01-17,30.0800,30.4200,30.0300,30.1400,29.8776,40256700
2013-01-18,30.3100,30.4400,29.2700,29.6600,29.4018,49631500
2013-01-22,29.7500,30.8900,29.7400,30.7300,30.4625,55243300
2013-01-23,31.1000,31.5000,30.8000,30.8200,30.5517,48899800
2013-01-24,31.2700,31.4900,30.8100,31.0800,30.8094,43845100
2013-01-25,31.4100,31.9300,31.1300,31.5400,31.2654,54363600
2013-01-28,31.8800,32.5100,31.8100,32.4700,32.1873,59682500
2013-01-29,32.0000,32.0700,30.7100,30.7900,30.5220,72976500
2013-01-30,30.9800,31.4900,30.8800,31.2400,30.9681,87682100
2013-01-31,29.1500,31.4700,28.7400,30.9800,30.7103,190744900
2013-02-01,31.0100,31.0200,29.6300,29.7300,29.4712,85856700
2013-02-04,29.0600,29.2000,28.0100,28.1100,27.8653,92362200
2013-02-05,28.2600,28.9600,28.0400,28.6400,28.3907,47948200
2013-02-06,28.7400,29.2900,28.6600,29.0500,28.7971,38375900
2013-02-07,29.1100,29.1500,28.2700,28.6500,28.4006,34540100
2013-02-08,28.8900,29.1700,28.5100,28.5500,28.3015,37708800
2013-02-11,28.6100,28.6800,28.0400,28.2600,28.0140,37361800
2013-02-12,27.6700,28.1600,27.1000,27.3700,27.1317,93498700
2013-02-13,27.3600,28.3200,27.3100,27.9100,27.6670,50164000
2013-02-14,28.0200,28.6300,28.0100,28.5000,28.2519,35615800
2013-02-15,28.5200,28.7500,28.0900,28.3200,28.0735,33109300
2013-02-19,28.2300,29.0800,28.1200,28.9300,28.6782,49396400
2013-02-20,28.9200,29.0500,28.3300,28.4600,28.2122,42098200
2013-02-21,28.2800,28.5500,27.1500,27.2800,27.0425,49642300
2013-02-22,27.6200,27.6300,26.8200,27.1300,26.8938,36350200
2013-02-25,27.1600,27.6400,27.1500,27.2700,27.0326,34652000
2013-02-26,27.3600,27.4600,26.7000,27.3900,27.1516,31611700
2013-02-27,27.3400,27.3400,26.6300,26.8700,26.6361,44319700
2013-02-28,26.8400,27.3000,26.3400,27.2500,27.0128,83027800
2013-03-01,27.0500,28.1200,26.8100,27.7800,27.5382,54064800
2013-03-04,27.7600,28.0600,27.4400,27.7200,27.4787,32400700
2013-03-05,27.8800,28.1800,27.2100,27.5200,27.2804,40622200
2013-03-06,28.1000,28.1300,27.3500,27.4500,27.2110,33532600
2013-03-07,27.5700,28.6800,27.4700,28.5800,28.3312,74540200
2013-03-08,28.4300,28.4700,27.7300,27.9600,27.7166,44198900
2013-03-11,28.0100,28.6400,27.8300,28.1400,27.8950,35642100
2013-03-12,28.1000,28.3200,27.6000,27.8300,27.5877,27569600
2013-03-13,27.6200,27.6500,26.9200,27.0800,26.8443,39619500
2013-03-14,27.1000,27.4300,26.8300,27.0400,26.8046,27646400
2013-03-15,27.0300,27.0600,26.5600,26.6500,26.4180,31597400
2013-03-18,26.3700,26.7900,25.7800,26.4900,26.2594,26653700
2013-03-19,26.5300,26.9000,26.2100,26.5500,26.3189,25254200
2013-03-20,26.6800,26.6900,25.7800,25.8600,25.6349,44006500
2013-03-21,25.6600,26.1100,25.5600,25.7400,25.5159,24336100
2013-03-22,25.8000,26.0100,25.6300,25.7300,25.5060,18456300
2013-03-25,25.7500,25.8000,25.0800,25.1300,24.9112,39199000
2013-03-26,25.0800,25.4800,25.0300,25.2100,24.9905,26957200
2013-03-27,25.0000,26.2800,24.7200,26.0900,25.8629,52297400
2013-03-28,26.0900,26.1700,25.5200,25.5800,25.3573,28585700
2013-04-01,25.6300,25.8900,25.2800,25.5300,25.3078,22249300
2013-04-02,25.7700,26.1200,25.3000,25.4200,25.1987,35153300
2013-04-03,25.8300,26.3900,25.7000,26.2500,26.0215,48195200
2013-04-04,26.6200,27.2300,26.1100,27.0700,26.8343,82016800
2013-04-05,26.8600,27.8000,26.6100,27.3900,27.1516,64566600
2013-04-08,27.1900,27.2000,26.6300,26.8500,26.6163,27256000
2013-04-09,26.5800,26.8900,26.4200,26.5900,26.3585,21311100
2013-04-10,27.0100,27.8400,26.9000,27.5700,27.3300,45949400
2013-04-11,27.4800,28.1000,27.2500,28.0200,27.7761,33368500
2013-04-12,28.0000,28.0000,27.2400,27.4000,27.1615,28697400
2013-04-15,27.1600,27.4800,26.3600,26.5200,26.2891,30275400
2013-04-16,26.8100,27.1100,26.4000,26.9200,26.6857,27365900
2013-04-17,26.6500,27.2000,26.3900,26.6300,26.3982,26440600
2013-04-18,26.8200,26.8200,25.1500,25.6900,25.4664,39059000
2013-04-19,25.6200,25.9600,25.3300,25.7300,25.5060,20380900
2013-04-22,25.8100,26.3600,25.7000,25.9700,25.7439,25687600
2013-04-23,26.2200,26.3300,25.7700,25.9800,25.7538,25191500
2013-04-24,25.9300,26.4000,25.8000,26.1100,25.8827,19729900
2013-04-25,26.0700,26.4000,26.0000,26.1400,25.9124,17150000
2013-04-26,26.6000,27.6200,26.6000,26.8500,26.6163,33018000
2013-04-29,27.1600,27.4100,26.8600,26.9800,26.7451,29201100
2013-04-30,27.1300,27.8500,27.0100,27.7700,27.5283,36245700
2013-05-01,27.8500,27.9200,27.3100,27.4300,27.1912,64567600
2013-05-02,28.0100,29.0200,27.9800,28.9700,28.7178,104257000
2013-05-03,29.0400,29.0700,28.1500,28.3100,28.0636,58506400
2013-05-06,28.3300,28.4600,27.4800,27.5700,27.3300,43939400
2013-05-07,27.5500,27.8500,26.8500,26.8900,26.6559,41259100
2013-05-08,26.8800,27.3000,26.6500,27.1200,26.8839,34654900
2013-05-09,27.0800,27.5500,26.8500,27.0400,26.8046,33457200
2013-05-10,27.1400,27.3000,26.5700,26.6800,26.4477,30847100
2013-05-13,26.6000,27.3300,26.5300,26.8200,26.5865,29068800
2013-05-14,26.8900,27.2800,26.8200,27.0700,26.8343,24930300
2013-05-15,26.9200,26.9900,26.4000,26.6000,26.3684,30299800
2013-05-16,26.4800,26.5500,25.9000,26.1300,25.9025,35499100
2013-05-17,26.4000,26.6000,26.2000,26.2500,26.0215,29462700
2013-05-20,26.1800,26.1900,25.6900,25.7600,25.5358,42402900
2013-05-21,25.8700,26.0800,25.5900,25.6600,25.4366,26261300
2013-05-22,25.6500,25.8500,24.9200,25.1600,24.9410,45314500
2013-05-23,24.8000,25.5300,24.7700,25.0600,24.8419,37663100
2013-05-24,24.9700,24.9700,24.0800,24.3100,24.0984,58727900
2013-05-28,24.5400,24.5400,23.9200,24.1000,23.8902,50079700
2013-05-29,23.7900,23.8100,23.2600,23.3200,23.1170,64237800
2013-05-30,24.1300,24.7800,23.9300,24.5500,24.3363,60733200
2013-05-31,24.6300,24.9500,24.2700,24.3500,24.1380,35925000
2013-06-03,24.2700,24.3200,23.7100,23.8500,23.6424,35733800
2013-06-04,23.8900,23.9300,23.3200,23.5200,23.3153,34760800
2013-06-05,23.3500,23.7100,22.7900,22.9000,22.7007,53819700
2013-06-06,22.9900,23.0900,22.6700,22.9700,22.7700,31260700
2013-06-07,23.0300,23.4000,22.8600,23.2900,23.0873,38699200
2013-06-10,24.0600,24.6000,23.9900,24.3300,24.1182,58393000
2013-06-11,24.0300,24.3500,24.0000,24.0300,23.8208,29885900
2013-06-12,24.1600,24.2600,23.5800,23.7700,23.5631,26445800
2013-06-13,23.7200,23.8300,23.2700,23.7300,23.5234,31189300
2013-06-14,23.5600,23.8900,23.2600,23.6300,23.4243,30677100
2013-06-17,23.9100,24.2500,23.7500,24.0200,23.8109,33664500
2013-06-18,24.0900,24.6900,24.0800,24.2100,23.9992,36709100
2013-06-19,24.2000,25.1900,24.1000,24.3100,24.0984,31790600
2013-06-20,24.2800,24.7500,23.6500,23.9000,23.6919,42765600
2013-06-21,24.5900,24.7000,24.0500,24.5300,24.3165,45833900
2013-06-24,23.9500,24.1100,23.3800,23.9400,23.7316,40626000
2013-06-25,24.1400,24.4300,24.0400,24.2500,24.0389,24713200
2013-06-26,24.5100,24.6500,23.9900,24.1600,23.9497,29890300
2013-06-27,24.2400,24.8400,24.2100,24.6600,24.4453,34694100
2013-06-28,24.6800,24.9800,24.4200,24.8800,24.6634,96778900
2013-07-01,24.9700,25.0600,24.6200,24.8100,24.5940,20582200
2013-07-02,24.7000,24.7700,24.3000,24.4100,24.1975,18394100
2013-07-03,24.2200,24.7100,24.1500,24.5200,24.3065,10404400
2013-07-05,24.6500,24.6600,24.2000,24.3700,24.1579,20229500
2013-07-08,24.4700,25.0400,24.4200,24.7100,24.4949,27064600
2013-07-09,25.0700,25.4900,25.0300,25.4800,25.2582,30387900
2013-07-10,25.5800,25.8300,25.4700,25.8000,25.5754,26721800
2013-07-11,25.9600,26.0000,25.4500,25.8100,25.5853,26777400
2013-07-12,25.7400,25.9300,25.5500,25.9100,25.6844,16537900
2013-07-15,25.9300,26.4300,25.6500,26.2800,26.0512,24234000
2013-07-16,26.3900,26.7500,26.0100,26.3200,26.0909,30817600
2013-07-17,26.3700,26.7800,26.3000,26.6500,26.4180,21518500
2013-07-18,26.7500,26.7700,26.1200,26.1800,25.9521,24806900
2013-07-19,25.8200,26.1100,25.6000,25.8800,25.6547,46539700
2013-07-22,25.9900,26.1300,25.7200,26.0500,25.8232,27526300
2013-07-23,26.1000,26.3000,25.9700,26.1300,25.9025,28221600
2013-07-24,26.3200,26.5300,26.0500,26.5100,26.2792,82635600
2013-07-25,33.5400,34.8800,32.7500,34.3600,34.0609,365457900
2013-07-26,33.7700,34.7300,33.5600,34.0100,33.7139,136028900
2013-07-29,34.0700,35.6300,34.0100,35.4300,35.1216,124718800
2013-07-30,35.6500,37.9600,35.3200,37.6300,37.3024,173582800
2013-07-31,37.9600,38.3100,36.3300,36.8000,36.4797,154828700
2013-08-01,37.3000,38.2900,36.9200,37.4900,37.1637,106066500
2013-08-02,37.6600,38.4900,37.5000,38.0500,37.7188,73058500
2013-08-05,38.4300,39.3200,38.2500,39.1900,38.8488,79994800
2013-08-06,39.1100,39.2500,37.9400,38.5500,38.2144,63950800
2013-08-07,38.6100,38.9400,37.7000,38.8700,38.5316,68854800
2013-08-08,39.1300,39.1900,38.4300,38.5400,38.2045,41301000
2013-08-09,38.5900,38.7400,38.0100,38.5000,38.1649,43532300
2013-08-12,38.2000,38.5000,38.1000,38.2200,37.8873,31161000
2013-08-13,38.2400,38.3200,36.7700,37.0200,36.6977,65379200
2013-08-14,36.8300,37.5500,36.6200,36.6500,36.3310,48423900
2013-08-15,36.3600,37.0700,36.0200,36.5600,36.2417,56521100
2013-08-16,36.9700,37.4900,36.9000,37.0800,36.7572,45840800
2013-08-19,37.4300,38.2800,37.1400,37.8100,37.4809,57609600
2013-08-20,38.3500,38.5800,37.6900,38.4100,38.0756,57995200
2013-08-21,38.3800,38.8500,38.1500,38.3200,37.9864,46116900
2013-08-22,38.3700,38.7500,38.3400,38.5500,38.2144,21931200
2013-08-23,39.0000,40.6300,38.9300,40.5500,40.1970,86442300
2013-08-26,40.9000,41.9400,40.6200,41.3400,40.9801,94162400
2013-08-27,40.6800,41.2000,39.4200,39.6400,39.2949,72695100
2013-08-28,39.9600,40.8500,39.8800,40.5500,40.1970,57918200
2013-08-29,40.8900,41.7800,40.8000,41.2800,40.9206,58303400
2013-08-30,42.0200,42.2600,41.0600,41.2900,40.9306,67735100
2013-09-03,41.8400,42.1600,41.5100,41.8700,41.5055,48774900
2013-09-04,42.0100,42.1700,41.4400,41.7800,41.4163,42581900
2013-09-05,41.7900,42.7700,41.7700,42.6600,42.2886,50035400
2013-09-06,43.0900,44.6100,42.4000,43.9500,43.5674,117535700
2013-09-09,44.3600,44.7900,43.7000,44.0400,43.6566,75794700
2013-09-10,44.2400,44.2600,43.2300,43.6000,43.2205,54540300
2013-09-11,43.3900,45.0900,43.1100,45.0400,44.6479,72328300
2013-09-12,45.5300,45.6200,44.6500,44.7500,44.3604,68072300
2013-09-13,45.0400,45.0800,43.9300,44.3100,43.9243,52765300
2013-09-16,44.8500,44.9400,42.4300,42.5100,42.1399,70424200
2013-09-17,42.5000,45.4400,42.4300,45.0700,44.6777,91934600
2013-09-18,44.8400,45.4700,44.4000,45.2300,44.8363,79317000
2013-09-19,45.5100,46.0500,45.2300,45.9800,45.5797,63972400
2013-09-20,46.3200,47.6000,45.7400,47.4900,47.0766,115508400
2013-09-23,47.2800,47.5500,46.2900,47.1900,46.7792,75177000
2013-09-24,48.5100,49.6600,48.1600,48.4500,48.0282,136716100
2013-09-25,49.2300,49.5400,48.4600,49.4600,49.0294,87879700
2013-09-26,50.0100,50.6000,49.5000,50.3900,49.9513,98220100
2013-09-27,50.2900,51.2800,49.8600,51.2400,50.7940,81410500
2013-09-30,50.1400,51.6000,49.8000,50.2300,49.7927,100095000
2013-10-01,49.9700,51.0300,49.4500,50.4200,49.9811,98114000
2013-10-02,50.1300,51.1000,49.9500,50.2800,49.8423,62834000
2013-10-03,50.4700,50.7200,49.0600,49.1800,48.7519,82045000
2013-10-04,49.7700,51.1600,49.5700,51.0400,50.5957,74447000
2013-10-07,50.7300,51.2900,50.4000,50.5200,50.0802,57204000
2013-10-08,50.6000,50.6000,47.0800,47.1400,46.7296,136081000
2013-10-09,47.3800,47.8400,45.2600,46.7700,46.3629,147297000
2013-10-10,47.8700,49.6800,47.8300,49.0500,48.6230,99774000
2013-10-11,49.1800,49.8700,48.7900,49.1100,48.6825,58428000
2013-10-14,48.3100,49.6300,47.9100,49.5100,49.0790,68781000
2013-10-15,49.9900,51.0000,49.1800,49.5000,49.0691,81167000
2013-10-16,50.0400,51.2400,49.9000,51.1400,50.6948,64678000
2013-10-17,51.1200,52.2200,50.9500,52.2100,51.7555,71522000
2013-10-18,54.1800,54.8300,53.6000,54.2200,53.7480,88260000
2013-10-21,54.6800,54.8100,53.5100,53.8500,53.3812,58235000
2013-10-22,54.3300,54.7600,52.2000,52.6800,52.2214,83204000
2013-10-23,51.7500,52.2500,51.1300,51.9000,51.4482,57207000
2013-10-24,52.3800,52.8400,51.5900,52.4500,51.9934,46775000
2013-10-25,53.1800,53.2400,51.8800,51.9500,51.4978,45085000
2013-10-28,51.5400,51.7000,49.6100,50.2300,49.7927,73472000
2013-10-29,50.7300,50.7900,49.2500,49.4000,48.9700,102143000
2013-10-30,50.0000,50.2100,48.7500,49.0100,48.5834,127073000
2013-10-31,47.1600,52.0000,46.5000,50.2100,49.7729,248809000
2013-11-01,50.8500,52.0900,49.7200,49.7500,49.3169,95033000
2013-11-04,49.3700,49.7500,48.0200,48.2200,47.8002,80371000
2013-11-05,47.7900,50.1800,47.5100,50.1100,49.6738,76835000
2013-11-06,50.2600,50.4500,48.7100,49.1200,48.6924,67889000
2013-11-07,49.2400,49.8700,47.3000,47.5600,47.1460,97128000
2013-11-08,47.8100,48.6500,47.2500,47.5300,47.1162,70731000
2013-11-11,47.0400,47.5300,45.7300,46.2000,45.7978,80910000
2013-11-12,46.0000,47.3700,45.8300,46.6100,46.2043,68196000
2013-11-13,46.2300,48.7400,46.0600,48.7100,48.2860,79245000
2013-11-14,48.7000,49.5700,48.0300,48.9900,48.5635,75117000
2013-11-15,49.1100,49.4800,48.7100,49.0100,48.5834,42453000
2013-11-18,48.4700,48.8400,45.8000,45.8300,45.4310,85910000
2013-11-19,46.2600,47.0000,45.7200,46.3600,45.9564,75602000
2013-11-20,46.6100,47.5500,46.3100,46.4300,46.0258,53933000
2013-11-21,46.9900,47.4600,46.6900,46.7000,46.2935,34886000
2013-11-22,47.0400,47.2700,45.9600,46.2300,45.8276,40545000
2013-11-25,46.3600,46.6500,44.0400,44.8200,44.4298,82565000
2013-11-26,44.6600,46.1700,43.5500,45.8900,45.4905,82016000
2013-11-27,45.9700,46.6700,45.5300,46.4900,46.0853,44993000
2013-11-29,46.7500,47.2100,46.5000,47.0100,46.6008,22953900
2013-12-02,46.9000,47.5400,46.2600,47.0600,46.6503,50774000
2013-12-03,46.7500,47.2000,46.2900,46.7300,46.3232,32086000
2013-12-04,46.4600,48.7700,46.2600,48.6200,48.1968,60890000
2013-12-05,48.1500,48.7000,47.8700,48.3400,47.9192,43855000
2013-12-06,48.9800,49.3900,47.7100,47.9400,47.5227,42938000
2013-12-09,48.0900,48.9700,47.7400,48.8400,48.4148,36056000
2013-12-10,48.6400,50.7700,48.5400,50.2500,49.8126,68479000
2013-12-11,50.5500,50.7700,49.0100,49.3800,48.9501,65776000
2013-12-12,51.0500,52.0700,50.6600,51.8300,51.3788,92723000
2013-12-13,51.6600,53.5000,51.3400,53.3200,52.8558,82641000
2013-12-16,53.2500,54.5000,52.9100,53.8100,53.3416,85119000
2013-12-17,54.7600,55.1800,54.2400,54.8600,54.3824,78751000
2013-12-18,54.8600,55.8900,53.7500,55.5700,55.0863,76003000
2013-12-19,54.3300,55.1900,53.9500,55.0500,54.5708,89753200
2013-12-20,54.9300,55.1500,54.2300,55.1200,54.6402,239824000
2013-12-23,55.5000,58.3200,55.4500,57.7700,57.2671,98297000
2013-12-24,58.2700,58.5800,56.9100,57.9600,57.4554,46617800
2013-12-26,58.3200,58.3800,57.3700,57.7300,57.2274,55101000
2013-12-27,57.4800,57.6800,55.2500,55.4400,54.9574,60466000
2013-12-30,54.9300,55.1800,53.4300,53.7100,53.2424,68307000
2013-12-31,54.1200,54.8600,53.9100,54.6500,54.1743,43076200
2014-01-02,54.8300,55.2200,54.1900,54.7100,54.2337,43195500
2014-01-03,55.0200,55.6500,54.5300,54.5600,54.0851,38246200
2014-01-06,54.4200,57.2600,54.0500,57.2000,56.7021,68852600
2014-01-07,57.7000,58.5500,57.2200,57.9200,57.4158,77207400
2014-01-08,57.6000,58.4100,57.2300,58.2300,57.7231,56682400
2014-01-09,58.6500,58.9600,56.6500,57.2200,56.7219,92253300
2014-01-10,57.1300,58.3000,57.0600,57.9400,57.4356,42449500
2014-01-13,57.9100,58.2500,55.3800,55.9100,55.4233,63010900
2014-01-14,56.4600,57.7800,56.1000,57.7400,57.2374,37503600
2014-01-15,57.9800,58.5700,57.2700,57.6000,57.0986,33663400
2014-01-16,57.2600,58.0200,56.8300,57.1900,56.6922,34541800
2014-01-17,57.3000,57.8200,56.0700,56.3000,55.8099,40849200
2014-01-21,56.6000,58.5800,56.5000,58.5100,58.0007,48669200
2014-01-22,58.8500,59.3100,57.1000,57.5100,57.0094,61352900
2014-01-23,56.3700,56.6800,55.6900,56.6300,56.1370,47951800
2014-01-24,56.1500,56.4200,54.4000,54.4500,53.9760,55200700
2014-01-27,54.7300,54.9400,51.8500,53.5500,53.0838,73924100
2014-01-28,54.0200,55.2800,54.0000,55.1400,54.6600,48191200
2014-01-29,54.6100,54.9500,53.1900,53.5300,53.0640,92995600
2014-01-30,62.1200,62.5000,60.4600,61.0800,60.5483,150178900
2014-01-31,60.4700,63.3700,60.1700,62.5700,62.0253,87794600
2014-02-03,63.0300,63.7700,60.7000,61.4800,60.9448,74866600
2014-02-04,62.0500,63.1400,61.8200,62.7500,62.2038,45985500
2014-02-05,62.7400,63.1600,61.2700,62.1900,61.6486,51685100
2014-02-06,61.4600,62.7800,61.4600,62.1600,61.6189,42086500
2014-02-07,62.2700,64.5700,62.2200,64.3200,63.7601,60704300
2014-02-10,64.3000,64.4900,63.4700,63.5500,62.9968,43666100
2014-02-11,63.7500,65.0000,63.3500,64.8500,64.2855,45675600
2014-02-12,64.9200,65.0600,64.0500,64.4500,63.8890,47282100
2014-02-13,64.1800,67.3300,64.0500,67.3300,66.7439,61911700
2014-02-14,67.5000,67.5800,66.7200,67.0900,66.5060,36694900
2014-02-18,66.9400,67.5400,66.0700,67.3000,66.7141,43809900
2014-02-19,67.0500,69.0800,67.0000,68.0600,67.4675,62087100
2014-02-20,67.7300,70.1100,65.7300,69.6300,69.0239,130928900
2014-02-21,69.6900,69.9600,68.4500,68.5900,67.9929,70932400
2014-02-24,68.7400,71.4400,68.5400,70.7800,70.1639,76620300
2014-02-25,70.9500,71.0000,69.4500,69.8500,69.2419,52077000
2014-02-26,70.1900,71.2200,68.8500,69.2600,68.6571,55322700
2014-02-27,69.3400,70.0100,68.8700,68.9400,68.3399,41653700
2014-02-28,69.4700,69.8800,67.3800,68.4600,67.8640,66783700
2014-03-03,66.9600,68.0500,66.5100,67.4100,66.8232,56824100
2014-03-04,68.6600,68.9000,67.6200,68.8000,68.2011,42013500
2014-03-05,69.6900,71.9700,69.6200,71.5700,70.9470,74567700
2014-03-06,71.8800,71.8900,70.2500,70.8400,70.2233,46026500
2014-03-07,71.0800,71.1800,69.4700,69.8000,69.1924,38927000
2014-03-10,70.7700,72.1500,70.5100,72.0300,71.4030,59871600
2014-03-11,72.5000,72.5900,69.9600,70.1000,69.4898,59408300
2014-03-12,69.8600,71.3500,69.0000,70.8800,70.2630,46340500
2014-03-13,71.2900,71.3500,68.1500,68.8300,68.2308,57091000
2014-03-14,68.4900,69.4300,67.4600,67.7200,67.1305,48227000
2014-03-17,68.1800,68.9500,66.6200,68.7400,68.1416,52197000
2014-03-18,68.7600,69.6000,68.3000,69.1900,68.5877,40827000
2014-03-19,69.1700,69.2900,67.4700,68.2400,67.6460,43981000
2014-03-20,68.0100,68.2300,66.8200,66.9700,66.3870,44439000
2014-03-21,67.5300,67.9200,66.1800,67.2400,66.6547,59999900
2014-03-24,67.1900,67.3600,63.3600,64.1000,63.5420,85696000
2014-03-25,64.8900,66.1900,63.7800,64.8900,64.3251,68786000
2014-03-26,64.7400,64.9500,60.3700,60.3900,59.8643,97503900
2014-03-27,60.5100,61.9000,57.9800,60.9700,60.4393,112650000
2014-03-28,61.3400,61.9500,59.3400,60.0100,59.4876,67052000
2014-03-31,60.7800,61.5200,59.8700,60.2400,59.7156,53011000
2014-04-01,60.4600,62.6600,60.2400,62.6200,62.0749,59291000
2014-04-02,63.2100,63.9100,62.2100,62.7200,62.1740,66277000
2014-04-03,62.5500,63.1700,59.1300,59.4900,58.9721,83859000
2014-04-04,59.9400,60.2000,56.3200,56.7500,56.2560,125214400
2014-04-07,55.9000,58.0000,55.4400,56.9500,56.4542,108488000
2014-04-08,57.6800,58.7100,57.1700,58.1900,57.6834,78836000
2014-04-09,59.6300,62.4600,59.1900,62.4100,61.8667,100215000
2014-04-10,63.0800,63.1800,58.6800,59.1600,58.6450,114988000
2014-04-11,57.6000,60.3100,57.3100,58.5300,58.0205,91452000
2014-04-14,60.0900,60.4500,57.7800,58.8900,58.3774,72325000
2014-04-15,59.2900,59.6800,55.8800,59.0900,58.5756,108623000
2014-04-16,59.7900,60.1900,57.7400,59.7200,59.2001,78774000
2014-04-17,59.3000,60.5800,58.7200,58.9400,58.4269,88040000
2014-04-21,59.4600,61.2400,59.1500,61.2400,60.7069,60364000
2014-04-22,62.6500,63.4400,62.2200,63.0300,62.4813,60631000
2014-04-23,63.4500,63.4800,61.2600,61.3600,60.8259,95908700
2014-04-24,63.6000,63.6500,59.7700,60.8700,60.3401,138769000
2014-04-25,59.9700,60.0100,57.5700,57.7100,57.2076,92502000
2014-04-28,58.0500,58.3100,54.6600,56.1400,55.6513,107758000
2014-04-29,56.0900,58.2800,55.8400,58.1500,57.6438,75557000
2014-04-30,57.5800,59.8500,57.1600,59.7800,59.2596,76093000
2014-05-01,60.4300,62.2800,60.2100,61.1500,60.6177,82429000
2014-05-02,61.3000,61.8900,60.1800,60.4600,59.9337,54189000
2014-05-05,59.6700,61.3500,59.1800,61.2200,60.6871,46057000
2014-05-06,60.9800,61.1500,58.4900,58.5300,58.0205,55901000
2014-05-07,58.7700,59.3000,56.2600,57.3900,56.8904,78587000
2014-05-08,57.2300,58.8200,56.5000,56.7600,56.2659,61251000
2014-05-09,56.8500,57.6500,56.3800,57.2400,56.7417,52584000
2014-05-12,57.9800,59.9000,57.9800,59.8300,59.3092,48575000
2014-05-13,59.6600,60.8900,59.5100,59.8300,59.3092,48525000
2014-05-14,59.5300,60.4500,58.9500,59.2300,58.7144,47429000
2014-05-15,59.2600,59.3800,57.5200,57.9200,57.4158,56814000
2014-05-16,58.3100,58.4500,57.3100,58.0200,57.5149,47933000
2014-05-19,57.8900,59.5600,57.5700,59.2100,58.6946,43034000
2014-05-20,59.5000,60.1900,58.1800,58.5600,58.0502,53931000
2014-05-21,58.5600,60.5000,58.2500,60.4900,59.9634,58992000
2014-05-22,60.9400,61.4800,60.4000,60.5200,59.9932,54200000
2014-05-23,60.4100,61.4500,60.1500,61.3500,60.8159,38294000
2014-05-27,61.6200,63.5100,61.5700,63.4800,62.9274,55682000
2014-05-28,63.3900,64.1400,62.6200,63.5100,62.9571,47795000
2014-05-29,63.8400,64.3000,63.5100,63.8300,63.2744,42700000
2014-05-30,63.9500,64.1700,62.5600,63.3000,62.7490,45253500
2014-06-02,63.2300,63.5900,62.0500,63.0800,62.5309,35996000
2014-06-03,62.6200,63.4200,62.3200,62.8700,62.3227,32217000
2014-06-04,62.4500,63.5900,62.0700,63.3400,62.7886,36514000
2014-06-05,63.6600,64.3600,62.8200,63.1900,62.6399,47352000
2014-06-06,63.3700,63.4800,62.1500,62.5000,61.9559,42442000
2014-06-09,62.4000,63.3400,61.7900,62.8800,62.3326,37617000
2014-06-10,63.5300,65.8200,63.5000,65.7700,65.1975,69338000
2014-06-11,65.3200,65.8000,64.9000,65.7800,65.2074,44242000
2014-06-12,65.8500,66.4700,64.0600,64.2900,63.7303,55730000
2014-06-13,64.7000,64.9700,63.8300,64.5000,63.9385,29419000
2014-06-16,64.1600,64.8800,63.7500,64.1900,63.6312,31046000
2014-06-17,64.1000,64.8800,63.9300,64.4000,63.8394,27715000
2014-06-18,64.4900,65.7500,64.0500,65.6000,65.0289,35570000
2014-06-19,65.4600,65.5800,64.2100,64.3400,63.7799,34245000
2014-06-20,64.4600,64.8100,63.3500,64.5000,63.9385,46466000
2014-06-23,64.3200,65.6600,64.2200,65.3700,64.8009,34560000
2014-06-24,65.3600,67.1700,65.2700,65.7200,65.1479,57335000
2014-06-25,65.5800,67.4800,65.5700,67.4400,66.8529,44308000
2014-06-26,68.0000,68.0000,66.9000,67.1300,66.5456,47714000
2014-06-27,67.3100,67.7000,66.8400,67.6000,67.0115,46461000
2014-06-30,67.4600,67.9200,67.1300,67.2900,66.7042,27102800
2014-07-01,67.5800,68.4400,67.3900,68.0600,67.4675,33243000
2014-07-02,68.0400,68.3000,65.7900,66.4500,65.8715,41895000
2014-07-03,66.8600,67.0000,65.7600,66.2900,65.7129,25203200
2014-07-07,66.3000,66.5700,65.1200,65.2900,64.7216,28745000
2014-07-08,65.0600,65.5600,62.2100,62.7600,62.2137,68926000
2014-07-09,63.4100,65.1200,63.1500,64.9700,64.4044,51432000
2014-07-10,63.3100,65.3400,63.0500,64.8700,64.3053,44422000
2014-07-11,65.2800,66.5900,64.7900,66.3400,65.7625,39212000
2014-07-14,67.1300,68.1700,66.9000,67.9000,67.3089,38537000
2014-07-15,67.9600,68.0900,66.2600,67.1700,66.5853,44213200
2014-07-16,67.5400,67.9400,67.0700,67.6600,67.0710,29541600
2014-07-17,67.0300,67.8500,66.0400,66.4100,65.8319,38188000
2014-07-18,66.8000,68.4600,66.1600,68.4200,67.8244,42456000
2014-07-21,68.8100,69.9600,68.5000,69.4000,68.7959,49539000
2014-07-22,69.7600,69.7700,68.6100,69.2700,68.6670,40398000
2014-07-23,69.7400,71.3300,69.6100,71.2900,70.6694,78435000
2014-07-24,75.9600,76.7400,74.5100,74.9800,74.3273,124168000
2014-07-25,74.9900,75.6700,74.6600,75.1900,74.5355,45917000
2014-07-28,75.1700,75.5000,73.8500,74.9200,74.2678,41725000
2014-07-29,74.7200,74.9200,73.4200,73.7100,73.0684,41324000
2014-07-30,74.2100,75.1900,74.1300,74.6800,74.0299,36853000
2014-07-31,74.0000,74.1700,72.4400,72.6500,72.0176,43992000
2014-08-01,72.2200,73.2200,71.5500,72.3600,71.7301,43535000
2014-08-04,72.3600,73.8800,72.3600,73.5100,72.8701,30777000
2014-08-05,73.2000,73.5900,72.1800,72.6900,72.0572,34986000
2014-08-06,72.0200,73.7200,71.7900,72.4700,71.8391,30986000
2014-08-07,73.0000,74.0000,72.7000,73.1700,72.5330,38141000
2014-08-08,73.4000,73.4300,72.5600,73.0600,72.4240,27202000
2014-08-11,73.4600,73.9100,73.0600,73.4400,72.8007,24591000
2014-08-12,73.0900,73.3300,72.2200,72.8300,72.1960,27419000
2014-08-13,73.1200,74.2500,73.0500,73.7700,73.1278,29266000
2014-08-14,73.9700,74.3800,73.6900,74.3000,73.6532,22207000
2014-08-15,74.3200,74.6500,73.0000,73.6300,72.9890,38846600
2014-08-18,74.0000,74.7200,73.9600,74.5900,73.9407,23974000
2014-08-19,74.8100,75.5800,74.5100,75.2900,74.6346,26679000
2014-08-20,74.9700,75.1800,74.6200,74.8100,74.1588,22917000
2014-08-21,74.9200,75.1900,74.4100,74.5700,73.9209,20102000
2014-08-22,74.3400,74.7300,73.5700,74.5700,73.9209,20897000
2014-08-25,74.9400,75.2800,74.7900,75.0200,74.3669,19734000
2014-08-26,75.0000,75.9900,74.7300,75.9600,75.2988,23993000
2014-08-27,75.2700,75.4900,74.4600,74.6300,73.9803,36323000
2014-08-28,74.0000,74.4300,73.7300,73.8600,73.2171,21947000
2014-08-29,74.3000,74.8200,74.0100,74.8200,74.1687,26241000
2014-09-02,75.0100,76.7000,74.8200,76.6800,76.0125,34979000
2014-09-03,77.1400,77.4800,75.6000,75.8300,75.1699,32389000
2014-09-04,75.8900,76.9300,75.5300,75.9500,75.2888,26676000
2014-09-05,76.1000,77.3800,75.6000,77.2600,76.5874,29476000
2014-09-08,77.2600,78.1700,77.0100,77.8900,77.2120,28183000
2014-09-09,77.5900,78.1700,76.2000,76.6700,76.0026,28882000
2014-09-10,76.5200,77.9500,76.5100,77.4300,76.7560,29909000
2014-09-11,77.1300,78.3600,77.0500,77.9200,77.2417,32219000
2014-09-12,78.0200,78.3000,77.1000,77.4800,76.8055,26676800
2014-09-15,77.1500,77.2500,73.4300,74.5800,73.9308,49679000
2014-09-16,73.5200,76.2300,73.0700,76.0800,75.4177,37742000
2014-09-17,75.9600,77.2500,75.5700,76.4300,75.7647,28693000
2014-09-18,76.7700,77.3300,76.5200,77.0000,76.3297,23031000
2014-09-19,77.4000,78.3000,76.4400,77.9100,77.2318,76671000
2014-09-22,77.0000,77.5300,75.9500,76.8000,76.1314,31961000
2014-09-23,76.3300,78.6300,76.0400,78.2900,77.6085,36814000
2014-09-24,78.1000,78.6200,77.5100,78.5400,77.8563,30680000
2014-09-25,78.6000,78.9400,77.1300,77.2200,76.5478,37533000
2014-09-26,77.5900,78.8400,77.3300,78.7900,78.1041,28872000
2014-09-29,78.1200,79.2000,77.9100,79.0000,78.3123,34031000
2014-09-30,79.3500,79.7100,78.6000,79.0400,78.3519,35899000
2014-10-01,78.7800,78.8200,75.9000,76.5500,75.8836,55090000
2014-10-02,76.5700,77.4800,75.6400,77.0800,76.4090,36488000
2014-10-03,77.7600,78.0600,77.2600,77.4400,76.7659,23340000
2014-10-06,77.1900,77.8900,76.8500,77.5600,76.8848,25729000
2014-10-07,77.0500,77.9500,76.2400,76.2900,75.6259,25317000
2014-10-08,76.1800,77.7100,75.1000,77.5200,76.8452,32976000
2014-10-09,77.2800,77.7600,75.8500,75.9100,75.2492,32487000
2014-10-10,75.5900,76.5000,72.7600,72.9100,72.2753,52146000
2014-10-13,73.2300,74.7800,72.5200,72.9900,72.3546,43938000
2014-10-14,74.0000,74.1800,72.0500,73.5900,72.9494,50299000
2014-10-15,71.6900,73.8000,70.3200,73.2100,72.5727,61528000
2014-10-16,70.7900,73.3500,70.5800,72.6300,71.9978,53529000
2014-10-17,74.2300,76.0000,73.7500,75.9500,75.2888,76342000
2014-10-20,75.6000,77.0900,75.3800,76.9500,76.2801,34701000
2014-10-21,77.5600,78.7400,77.1500,78.6900,78.0050,32252000
2014-10-22,78.8200,79.8500,78.0100,78.3700,77.6878,41862000
2014-10-23,79.3800,80.6300,79.0100,80.0400,79.3432,35056000
2014-10-24,80.2000,80.8200,79.3200,80.6700,79.9678,32248000
2014-10-27,80.7400,80.8000,79.7600,80.2800,79.5811,30169000
2014-10-28,80.1800,81.1600,79.5700,80.7700,80.0669,74212000
2014-10-29,75.4500,76.8800,74.7800,75.8600,75.1996,106120000
2014-10-30,75.0500,75.3500,72.9000,74.1100,73.4649,83270000
2014-10-31,74.9300,75.7000,74.4500,74.9900,74.3372,44544000
2014-11-03,75.4700,75.5200,73.7000,73.8800,73.2369,40727000
2014-11-04,74.2300,75.7700,73.6500,75.7600,75.1005,39326000
2014-11-05,76.5100,76.8000,74.4200,74.8300,74.1786,35913000
2014-11-06,74.8900,75.6000,74.3100,75.2600,74.6049,21383000
2014-11-07,75.3900,75.8600,75.0200,75.6000,74.9419,20774000
2014-11-10,75.3600,75.4800,74.6100,75.0000,74.3471,21575100
2014-11-11,74.9500,74.9800,74.0300,74.6100,73.9605,18715700
2014-11-12,74.2800,75.1400,73.5400,74.7200,74.0696,26536600
2014-11-13,74.7400,75.2400,73.6400,74.2500,73.6036,26448500
2014-11-14,74.2700,74.9300,74.0400,74.8800,74.2282,19476900
2014-11-17,74.8800,75.6600,73.8800,74.2400,73.5937,28701200
2014-11-18,74.4500,74.8000,73.9000,74.3400,73.6928,20690500
2014-11-19,74.0100,74.5400,73.1100,73.3300,72.6916,25441200
2014-11-20,72.8000,73.9900,72.5100,73.6000,72.9593,19154900
2014-11-21,74.5000,74.5000,73.5000,73.7500,73.1080,23060400
2014-11-24,73.5400,74.3500,73.3500,74.0100,73.3657,22103800
2014-11-25,74.2100,75.7400,74.1300,75.6300,74.9716,32250200
2014-11-26,75.5300,77.7800,75.5100,77.6200,76.9443,32695300
2014-11-28,77.6700,78.2700,77.2300,77.7000,77.0236,15992000
2014-12-01,77.2600,77.3100,74.8000,75.1000,74.4462,31789900
2014-12-02,75.3300,75.9100,75.0400,75.4600,74.8031,16773900
2014-12-03,75.3800,75.7300,74.4000,74.8800,74.2282,16689900
2014-12-04,74.8300,75.5500,74.6600,75.2400,74.5850,14362800
2014-12-05,75.8000,76.7600,75.3600,76.3600,75.6953,24306400
2014-12-08,76.1800,77.2500,75.4000,76.5200,75.8539,25733900
2014-12-09,75.2000,76.9300,74.7800,76.8400,76.1711,25358600
2014-12-10,76.6500,77.5500,76.0700,76.1800,75.5168,32210500
2014-12-11,76.5200,78.5200,76.4800,77.7300,77.0533,33462100
2014-12-12,77.1600,78.8800,77.0200,77.8300,77.1525,28091600
2014-12-15,78.4600,78.5800,76.5600,76.9900,76.3198,29396500
2014-12-16,76.1900,77.3900,74.5900,74.6900,74.0398,31554600
2014-12-17,75.0100,76.4100,74.9000,76.1100,75.4475,29203900
2014-12-18,76.8900,78.4000,76.5100,78.4000,77.7175,34222100
2014-12-19,78.7500,80.0000,78.3300,79.8800,79.1846,43335000
2014-12-22,80.0800,81.8900,80.0000,81.4500,80.7410,31395800
2014-12-23,82.0200,82.1700,80.4000,80.6100,79.9083,19865800
2014-12-24,81.0300,81.4300,80.7500,80.7700,80.0669,7685500
2014-12-26,81.0200,81.2800,80.5100,80.7800,80.0768,10647400
2014-12-29,80.4900,80.9600,79.7100,80.0200,79.3234,14134700
2014-12-30,79.8500,80.5900,79.1000,79.2200,78.5304,14370800
2014-12-31,79.5400,79.8000,77.8600,78.0200,77.3408,19935400
2015-01-02,78.5800,78.9300,77.7000,78.4500,77.7671,18177500
2015-01-05,77.9800,79.2500,76.8600,77.1900,76.5181,26452200
2015-01-06,77.2300,77.5900,75.3600,76.1500,75.4871,27399300
2015-01-07,76.7600,77.3600,75.8200,76.1500,75.4871,22045300
2015-01-08,76.7400,78.2300,76.0800,78.1800,77.4994,23961000
2015-01-09,78.2000,78.6200,77.2000,77.7400,77.0633,21157000
2015-01-12,77.8400,78.0000,76.2100,76.7200,76.0521,19190200
2015-01-13,77.2300,78.0800,75.8500,76.4500,75.7845,25179600
2015-01-14,76.4200,77.2000,76.0300,76.2800,75.6160,25918600
2015-01-15,76.4000,76.5700,73.5400,74.0500,73.4054,34134000
2015-01-16,74.0400,75.3200,73.8400,75.1800,74.5256,21791500
2015-01-20,75.7200,76.3100,74.8200,76.2400,75.5763,22821600
2015-01-21,76.1600,77.3000,75.8500,76.7400,76.0720,25096700
2015-01-22,77.1700,77.7500,76.6800,77.6500,76.9741,19519500
2015-01-23,77.6500,78.1900,77.0400,77.8300,77.1525,16746500
2015-01-26,77.9800,78.4700,77.2900,77.5000,76.8253,19260800
2015-01-27,76.7100,76.8800,75.6300,75.7800,75.1203,20110000
2015-01-28,76.9000,77.6400,76.0000,76.2400,75.5763,53306400
2015-01-29,76.8500,78.0200,74.2100,78.0000,77.3210,61293500
2015-01-30,78.0000,78.1600,75.7500,75.9100,75.2492,42649500
2015-02-02,76.1100,76.1400,73.7500,74.9900,74.3372,41955300
2015-02-03,75.1900,75.5800,73.8600,75.4000,74.7436,26957700
2015-02-04,75.0900,76.3500,75.0100,75.6300,74.9716,20277400
2015-02-05,75.7100,75.9800,75.2100,75.6100,74.9518,15062600
2015-02-06,75.6800,75.7000,74.2500,74.4700,73.8217,21211000
2015-02-09,74.0500,74.8300,73.4500,74.4400,73.7920,16194300
2015-02-10,74.8500,75.3400,74.5000,75.1900,74.5355,15811300
2015-02-11,75.0900,76.7500,75.0300,76.5100,75.8440,20877400
2015-02-12,76.8600,76.8700,75.8900,76.2300,75.5664,17235000
2015-02-13,76.4600,76.4800,75.5000,75.7400,75.0807,18621900
2015-02-17,75.3000,76.9100,75.0800,75.6000,74.9419,25254400
2015-02-18,75.9400,76.9000,75.4500,76.7100,76.0422,22426400
2015-02-19,76.9900,79.8400,76.9500,79.4200,78.7286,45851200
2015-02-20,79.5500,80.3400,79.2000,79.9000,79.2045,36931700
2015-02-23,79.9600,80.1900,78.3800,78.8400,78.1537,24139100
2015-02-24,78.5000,79.4800,78.1000,78.4500,77.7671,18897100
2015-02-25,78.5000,80.2000,78.5000,79.5600,78.8674,25593800
2015-02-26,79.8800,81.3700,79.7200,80.4100,79.7100,31111900
2015-02-27,80.6800,81.2300,78.6200,78.9700,78.2826,30739200
2015-03-02,79.0000,79.8600,78.5200,79.7500,79.0558,21662500
2015-03-03,79.6100,79.7000,78.5200,79.6000,78.9071,18635000
2015-03-04,79.3000,81.1500,78.8500,80.9000,80.1957,28126700
2015-03-05,81.2300,81.9900,81.0500,81.2100,80.5031,27825700
2015-03-06,80.9000,81.3300,79.8300,80.0100,79.3135,24488600
2015-03-09,79.6800,79.9100,78.6300,79.4400,78.7485,18925100
2015-03-10,78.5000,79.2600,77.5500,77.5500,76.8749,23067100
2015-03-11,77.8000,78.4300,77.2600,77.5700,76.8948,20215700
2015-03-12,78.1000,79.0500,77.9100,78.9300,78.2429,16093300
2015-03-13,78.6000,79.3800,77.6800,78.0500,77.3706,18557300
2015-03-16,77.9600,78.1200,77.3600,78.0700,77.3904,19305400
2015-03-17,78.3600,79.7800,78.3400,79.3600,78.6692,22170000
2015-03-18,79.2500,81.2400,79.1700,80.9100,80.2057,36912400
2015-03-19,81.1200,83.0000,81.0000,82.7500,82.0296,42099500
2015-03-20,83.3900,84.6000,83.0700,83.8000,83.0705,44466300
2015-03-23,83.9200,84.9600,83.3000,84.4300,83.6950,27357300
2015-03-24,84.7100,86.0700,84.5200,85.3100,84.5674,32576500
2015-03-25,85.5000,85.5200,82.9200,82.9200,82.1982,37436100
2015-03-26,82.7200,83.7700,82.1400,83.0100,82.2874,32794800
2015-03-27,83.3800,83.9500,82.8800,83.3000,82.5749,18372600
2015-03-30,83.8100,84.3400,82.4100,83.2000,82.4757,24527700
2015-03-31,82.9000,83.5000,82.2100,82.2200,81.5043,19734300
2015-04-01,82.5000,82.7200,80.8700,81.6700,80.9591,22058200
2015-04-02,82.2500,82.5600,81.4400,81.5600,80.8500,19664100
2015-04-06,80.8000,82.8100,80.8000,82.4400,81.7224,19062900
2015-04-07,82.6500,83.4200,82.2200,82.3200,81.6034,17467000
2015-04-08,82.6300,83.1000,81.8400,82.2800,81.5637,18966700
2015-04-09,82.5000,82.8000,81.7100,82.1700,81.4547,15927300
2015-04-10,82.2100,82.6100,81.9100,82.0400,81.3258,12529700
2015-04-13,81.9300,83.9400,81.9200,83.0100,82.2874,26883100
2015-04-14,83.1700,83.6900,82.4400,83.5200,82.7929,19634200
2015-04-15,83.5500,83.6600,82.2700,82.7100,81.9900,22390900
2015-04-16,82.4700,83.0700,82.1500,82.3100,81.5935,13769700
2015-04-17,81.4800,82.1100,80.3700,80.7800,80.0768,24215000
2015-04-20,81.5400,83.1500,81.2400,83.0900,82.3667,28796800
2015-04-21,84.0000,84.4900,83.5400,83.6200,82.8921,27171900
2015-04-22,84.3200,84.7400,83.6500,84.6300,83.8933,45548000
2015-04-23,84.1000,85.5900,82.4100,82.4100,81.6926,73728100
2015-04-24,82.7700,82.9400,81.4800,81.5300,80.8203,29660400
2015-04-27,81.8700,82.9300,81.6300,81.9100,81.1970,25446000
2015-04-28,81.8300,81.9000,80.2300,80.6800,79.9777,23775300
2015-04-29,80.0100,81.3900,79.5200,80.4700,79.7695,26430300
2015-04-30,80.0100,80.9600,78.3200,78.7700,78.0843,28999000
2015-05-01,79.2400,79.7600,78.1100,78.9900,78.3024,24136400
2015-05-04,79.3300,79.6900,78.6300,78.8100,78.1239,14692000
2015-05-05,78.5500,78.8000,77.2200,77.5600,76.8848,22311300
2015-05-06,77.9700,78.8100,77.0500,78.1000,77.4201,28663000
2015-05-07,78.0000,78.9400,77.5600,78.4300,77.7473,19749400
2015-05-08,79.1000,79.2300,78.0300,78.5100,77.8266,19943600
2015-05-11,78.4800,79.0300,77.9300,78.0100,77.3309,18874100
2015-05-12,77.8700,77.8900,76.7900,77.4600,76.7857,21285300
2015-05-13,77.7200,78.5300,77.6500,78.4400,77.7572,21512300
2015-05-14,78.9400,81.8500,78.6700,81.3700,80.6617,49438000
2015-05-15,81.4100,81.5200,80.1800,80.4200,79.7199,27069900
2015-05-18,80.3300,81.3800,80.2300,80.8800,80.1759,21613700
2015-05-19,81.2500,81.6900,80.5500,80.6300,79.9281,17955400
2015-05-20,80.4700,81.1000,79.4600,80.5500,79.8488,23056900
2015-05-21,80.1900,80.9200,80.0800,80.4800,79.7794,13402700
2015-05-22,80.3500,81.3100,80.2500,80.5400,79.8389,19567900
2015-05-26,80.4300,80.6000,79.0800,79.3300,78.6394,16321300
2015-05-27,79.6000,80.6600,79.4300,80.5500,79.8488,14160900
2015-05-28,80.2500,81.0700,80.0000,80.1500,79.4523,11982000
2015-05-29,79.9500,80.0700,78.8800,79.1900,78.5006,16134600
2015-06-01,79.3000,80.3800,78.6600,80.2900,79.5911,18119000
2015-06-02,79.7600,81.3500,79.5600,80.4400,79.7398,18923300
2015-06-03,81.3500,82.5300,81.2500,82.4400,81.7224,31775000
2015-06-04,82.1400,82.9500,81.5100,82.0500,81.3357,20863900
2015-06-05,81.8700,82.4600,81.5100,82.1400,81.4249,16143100
2015-06-08,81.8200,82.0000,80.1300,80.6700,79.9678,16915500
2015-06-09,80.6000,81.1900,79.3200,80.6700,79.9678,16497500
2015-06-10,80.8300,82.6000,80.8100,82.1600,81.4448,21531200
2015-06-11,82.3100,82.9000,81.3600,81.8300,81.1177,18656800
2015-06-12,81.3700,82.0900,81.2000,81.5300,80.8203,11417900
2015-06-15,80.5500,80.9300,80.0700,80.7100,80.0074,18805100
2015-06-16,80.8200,81.5100,80.4500,81.0600,80.3544,13693700
2015-06-17,81.7600,82.2200,81.3400,81.7900,81.0780,18350300
2015-06-18,81.6400,83.1900,81.5700,82.9100,82.1883,26782600
2015-06-19,82.8300,82.9800,82.1200,82.5100,81.7917,23353200
2015-06-22,83.4100,84.9700,83.3100,84.7400,84.0023,29383100
2015-06-23,84.9600,87.9700,84.7600,87.8800,87.1150,50667900
2015-06-24,87.6600,89.2500,87.4500,88.8600,88.0865,41370200
2015-06-25,89.2600,89.4000,87.8400,87.9800,87.2141,27302000
2015-06-26,88.1200,88.3400,86.8300,88.0100,87.2439,38214600
2015-06-29,86.6100,87.5000,85.7300,85.8000,85.0531,35957900
2015-06-30,86.6000,86.7000,85.5700,85.7700,85.0234,23016500
2015-07-01,86.7700,87.9500,86.4900,86.9100,86.1535,25260000
2015-07-02,87.4000,87.4400,86.3400,87.2900,86.5301,16908800
2015-07-06,86.4900,88.1900,86.3900,87.5500,86.7879,24635900
2015-07-07,87.8000,87.8500,85.2300,87.2200,86.4607,33059900
2015-07-08,86.2900,86.7500,85.4500,85.6500,84.9044,24399300
2015-07-09,86.7300,87.6000,85.6500,85.8800,85.1324,23307400
2015-07-10,87.3500,88.2200,86.7700,87.9500,87.1844,23245900
2015-07-13,88.6600,90.2200,88.4200,90.1000,89.3157,29976700
2015-07-14,90.4600,90.8000,89.6500,89.6800,88.8993,26627800
2015-07-15,90.0000,90.9900,89.4200,89.7600,88.9786,30886600
2015-07-16,90.2800,90.8600,89.7700,90.8500,90.0591,21804100
2015-07-17,92.5500,95.3900,92.5400,94.9700,94.1433,54001600
2015-07-20,95.8500,98.6000,95.3600,97.9100,97.0577,54860500
2015-07-21,98.9500,99.2400,97.1400,98.3900,97.5335,39453300
2015-07-22,96.7400,97.5800,95.9200,97.0400,96.1953,28299500
2015-07-23,96.9600,97.4500,94.8100,95.4400,94.6092,29418800
2015-07-24,97.3500,97.7600,95.8800,96.9500,96.1060,33444900
2015-07-27,96.5800,96.6100,93.8300,94.1700,93.3502,38585400
2015-07-28,94.8400,95.5600,93.3100,95.2900,94.4605,35236000
2015-07-29,96.3200,97.2800,94.7400,96.9900,96.1457,64648300
2015-07-30,94.9100,95.8100,91.8000,95.2100,94.3812,86211300
2015-07-31,94.9500,96.3300,93.9500,94.0100,93.1916,46509000
2015-08-03,93.5300,95.0800,92.8000,94.1400,93.3205,29343100
2015-08-04,93.7900,94.7300,93.3300,94.0600,93.2412,20136000
2015-08-05,95.2500,97.0900,95.1800,96.4400,95.6005,29813200
2015-08-06,97.1800,98.7400,94.4200,95.1200,94.2920,42271300
2015-08-07,95.3800,95.4000,93.6100,94.3000,93.4791,23199100
2015-08-10,95.6800,95.9000,93.6300,94.1500,93.3304,21624200
2015-08-11,93.7300,94.7600,92.9000,93.6200,92.8050,22491000
2015-08-12,92.7000,94.4400,91.1900,94.1900,93.3701,27050500
2015-08-13,94.0500,94.7300,93.3500,93.4300,92.6167,17451800
2015-08-14,93.5400,94.7200,93.2100,94.4200,93.5981,15929700
2015-08-17,94.4200,94.4600,93.3900,93.9300,93.1123,18313500
2015-08-18,94.0800,95.8500,94.0400,95.1700,94.3415,22278800
2015-08-19,94.6300,96.1000,94.1600,95.3100,94.4803,23251300
2015-08-20,93.5400,94.7700,90.4600,90.5600,89.7717,44598200
2015-08-21,87.5200,89.1800,85.6100,86.0600,85.3108,62778700
2015-08-24,77.0300,82.0900,72.0000,82.0900,81.3754,83710700
2015-08-25,86.9500,87.6700,83.0000,83.0000,82.2775,52021200
2015-08-26,85.9500,87.4600,83.2600,87.1900,86.4310,45124300
2015-08-27,89.1000,90.0600,87.1900,89.7300,88.9489,42431400
2015-08-28,89.8800,91.4800,89.7900,91.0100,90.2178,33215900
2015-08-31,90.6000,91.0500,88.8900,89.4300,88.6515,32850700
2015-09-01,86.8500,89.3900,86.5000,87.2300,86.4707,36097400
2015-09-02,88.8100,89.8900,87.6300,89.8900,89.1075,27190500
2015-09-03,89.7600,89.8200,87.7300,88.1500,87.3826,27048200
2015-09-04,87.2000,88.3900,86.7000,88.2600,87.4917,27328700
2015-09-08,89.6900,90.2400,88.8300,89.5300,88.7506,27012500
2015-09-09,90.7800,91.9800,90.1700,90.4400,89.6527,32551100
2015-09-10,90.0700,92.0600,89.6300,91.9800,91.1793,26437400
2015-09-11,91.6800,92.0800,91.1300,92.0500,91.2487,21185000
2015-09-14,92.3100,92.6200,91.6000,92.3100,91.5064,20127900
2015-09-15,92.3700,93.2500,91.7900,92.9000,92.0913,18859400
2015-09-16,92.9000,93.6000,92.6300,93.4500,92.6365,16321200
2015-09-17,93.3700,95.5100,92.9000,94.3400,93.5188,27841800
2015-09-18,93.2000,95.1900,93.0500,94.4000,93.5782,62300000
2015-09-21,94.6200,96.4900,94.5200,95.5500,94.7182,28790000
2015-09-22,93.7700,94.6800,91.9200,92.9600,92.1508,36888900
2015-09-23,93.4000,94.3200,92.8000,93.9700,93.1520,21701400
2015-09-24,93.0600,94.7700,92.2400,94.4100,93.5882,29106000
2015-09-25,95.7900,95.8500,92.0600,92.7700,91.9624,28961600
2015-09-28,92.0800,92.2900,88.1800,89.2100,88.4334,41199900
2015-09-29,89.1000,90.0600,85.7200,86.6700,85.9155,42281800
2015-09-30,88.4400,90.0200,88.0100,89.9000,89.1174,36169100
2015-10-01,90.0500,90.9500,88.3600,90.9500,90.1583,29283700
2015-10-02,88.9000,92.2000,88.3700,92.0700,91.2685,37881700
2015-10-05,92.9400,94.2700,92.6600,94.0100,93.1916,27292500
2015-10-06,94.0800,94.1700,92.3400,92.8000,91.9922,22172800
2015-10-07,93.1100,93.6600,91.3700,92.4000,91.5956,24129300
2015-10-08,91.8900,93.2200,90.4700,92.4700,91.6650,27290500
2015-10-09,92.9000,93.7400,92.2400,93.2400,92.4283,20012900
2015-10-12,93.3200,94.6000,92.6700,94.2600,93.4395,18449600
2015-10-13,93.6600,95.3700,93.5500,94.1200,93.3007,19480300
2015-10-14,94.0800,95.2000,93.6100,94.0700,93.2511,19253400
2015-10-15,94.9900,96.3000,94.9000,95.9600,95.1247,27557500
2015-10-16,96.1800,97.5900,95.3500,97.5400,96.6909,25412900
2015-10-19,97.1800,98.5700,96.9200,98.4700,97.6128,23729900
2015-10-20,98.7300,99.5900,96.5600,97.0000,96.1556,30881800
2015-10-21,97.3700,98.1800,96.4700,97.1100,96.2646,21917800
2015-10-22,97.7900,99.7300,97.5500,99.6700,98.8024,26392100
2015-10-23,101.9100,102.8500,100.1600,102.1900,101.3004,42809700
2015-10-26,102.2000,103.8100,101.5500,103.7700,102.8667,25961200
2015-10-27,102.9400,104.1000,102.4000,103.7000,102.7973,23795500
2015-10-28,103.9000,104.4800,102.9200,104.2000,103.2929,24081500
2015-10-29,103.9600,105.1200,103.5200,104.8800,103.9670,20316700
2015-10-30,104.5100,104.7200,101.6500,101.9700,101.0823,33487100
2015-11-02,101.7200,103.4700,101.1800,103.3100,102.4107,24003900
2015-11-03,103.2200,103.6500,102.4000,102.5800,101.6870,21242300
2015-11-04,103.1900,104.1400,102.4800,103.9400,103.0352,43469300
2015-11-05,108.8000,110.6500,107.9500,108.7600,107.8132,63232900
2015-11-06,108.0400,108.7400,105.9100,107.1000,106.1677,35084300
2015-11-09,107.0000,108.2500,105.8600,106.4900,105.5630,26383500
2015-11-10,105.9600,108.1500,105.2400,107.9100,106.9706,25031700
2015-11-11,108.2700,109.8700,107.1100,109.0100,108.0611,25057100
2015-11-12,108.4800,109.3900,108.0000,108.0200,107.0797,20924700
2015-11-13,107.7100,108.2500,103.8300,103.9500,103.0451,30278400
2015-11-16,103.3200,104.1700,100.4700,104.0400,103.1343,49309200
2015-11-17,104.6200,106.2000,104.1400,105.1300,104.2148,26807200
2015-11-18,105.8000,107.8800,105.3900,107.7700,106.8318,23836500
2015-11-19,107.3600,107.7300,105.9500,106.2600,105.3350,25520600
2015-11-20,106.8400,107.8700,106.6200,107.3200,106.3858,22129600
2015-11-23,107.1900,107.4700,106.0800,106.9500,106.0190,19897200
2015-11-24,106.0000,106.4900,104.3900,105.7400,104.8195,23577300
2015-11-25,106.3300,106.6000,105.1000,105.4100,104.4924,15150800
2015-11-27,105.7800,105.9600,104.8600,105.4500,104.5320,5913100
2015-11-30,105.8400,106.1000,103.7500,104.2400,103.3326,20383200
2015-12-01,104.8300,107.1500,104.5000,107.1200,106.1875,22781900
2015-12-02,107.0000,107.9200,105.7900,106.0700,105.1467,24429100
2015-12-03,106.2700,106.8500,103.3500,104.3800,103.4714,23236500
2015-12-04,104.8100,107.7300,104.1100,106.1800,105.2557,21224700
2015-12-07,106.4800,106.8300,104.6600,105.6100,104.6907,15474900
2015-12-08,104.0000,106.9100,103.9500,106.4900,105.5630,20401800
2015-12-09,106.1800,106.4400,103.5500,104.6000,103.6895,23517300
2015-12-10,105.0500,106.4000,104.4100,105.4200,104.5023,17454300
2015-12-11,104.1500,104.3400,101.9100,102.1200,101.2310,26427700
2015-12-14,102.2900,104.7400,101.4600,104.6600,103.7489,24648100
2015-12-15,105.3000,105.8000,104.2800,104.5500,103.6399,21764300
2015-12-16,105.3700,107.0900,104.1900,106.7900,105.8604,22680500
2015-12-17,107.4900,107.7500,106.1300,106.2200,105.2953,21675700
2015-12-18,106.0800,106.5900,103.9700,104.0400,103.1343,35994200
2015-12-21,104.9100,105.1500,103.6000,104.7700,103.8580,16138800
2015-12-22,105.2200,105.6600,104.8100,105.5100,104.5915,14597100
2015-12-23,105.8900,106.1100,103.8600,104.6300,103.7192,19599700
2015-12-24,104.7400,105.3200,104.5000,105.0200,104.1058,6501800
2015-12-28,105.0200,105.9800,104.5300,105.9300,105.0079,13069700
2015-12-29,106.4200,107.7400,106.2500,107.2600,106.3263,17179900
2015-12-30,107.0000,107.2500,106.0600,106.2200,105.2953,13115000
2015-12-31,106.0000,106.1700,104.6200,104.6600,103.7489,18391100
2016-01-04,101.9500,102.2400,99.7500,102.2200,101.3302,37912400
2016-01-05,102.8900,103.7100,101.6700,102.7300,101.8357,23258200
2016-01-06,101.1300,103.7700,100.9000,102.9700,102.0736,25096200
2016-01-07,100.5000,101.4300,97.3000,97.9200,97.0676,45172900
2016-01-08,99.8800,100.5000,97.0300,97.3300,96.4827,35402300
2016-01-11,97.9100,98.6000,95.3900,97.5100,96.6612,29932400
2016-01-12,99.0000,99.9600,97.5500,99.3700,98.5050,28395400
2016-01-13,100.5800,100.5800,95.2100,95.4400,94.6092,33410600
2016-01-14,95.8500,98.8700,92.4500,98.3700,97.5137,48658600
2016-01-15,93.9800,96.3800,93.5400,94.9700,94.1433,46132800
2016-01-19,96.5300,97.4200,93.9200,95.2600,94.4308,30998300
2016-01-20,92.8300,95.0000,89.3700,94.3500,93.5287,59051400
2016-01-21,94.9100,95.9900,92.6200,94.1600,93.3403,30518900
2016-01-22,96.4100,98.0700,95.4900,97.9400,97.0874,30495400
2016-01-25,98.7200,99.4800,96.9300,97.0100,96.1655,32482000
2016-01-26,97.7600,97.8800,95.6600,97.3400,96.4926,26877100
2016-01-27,97.7900,97.8500,94.2300,94.4500,93.6278,58699400
2016-01-28,107.2000,110.3400,104.8100,109.1100,108.1602,107475300
2016-01-29,108.9900,112.8400,108.8400,112.2100,111.2332,62739500
2016-02-01,112.2700,115.7200,112.0100,115.0900,114.0881,46132700
2016-02-02,114.8000,117.5900,113.2000,114.6100,113.6123,59778600
2016-02-03,115.2700,115.3400,109.7500,112.6900,111.7090,56919300
2016-02-04,111.8000,111.9400,109.2500,110.4900,109.5282,38890200
2016-02-05,109.5100,109.5800,103.1800,104.0700,103.1641,76894700
2016-02-08,100.4100,102.6800,97.4600,99.7500,98.8817,71229700
2016-02-09,97.1400,102.4000,96.8200,99.5400,98.6735,62709000
2016-02-10,101.5500,103.2500,100.2400,101.0000,100.1208,45179400
2016-02-11,99.6000,105.1100,98.8800,101.9100,101.0229,43670600
2016-02-12,103.7400,104.2400,101.0900,102.0100,101.1220,36176800
2016-02-16,103.8000,103.9300,100.2400,101.6100,100.7255,45687200
2016-02-17,102.0200,105.7200,100.4000,105.2000,104.2842,44073400
2016-02-18,105.8000,106.0000,103.0300,103.4700,102.5693,29593500
2016-02-19,102.5500,105.0200,102.0600,104.5700,103.6597,32404500
2016-02-22,105.4900,108.2500,105.3400,107.1600,106.2272,35709700
2016-02-23,106.8500,107.4700,105.1200,105.4600,104.5420,25319300
2016-02-24,104.2100,106.9500,102.7400,106.8800,105.9496,34412400
2016-02-25,107.1100,108.0700,105.6100,108.0700,107.1292,29906300
2016-02-26,108.7000,109.4500,107.1600,107.9200,106.9805,26686200
2016-02-29,107.6000,108.9100,106.7500,106.9200,105.9893,32779000
2016-03-01,107.8300,109.8200,107.6000,109.8200,108.8640,26817300
2016-03-02,109.6800,110.5500,108.7700,109.9500,108.9929,25670200
2016-03-03,110.2500,110.3000,108.5400,109.5800,108.6261,21353100
2016-03-04,110.0500,110.0500,107.9300,108.3900,107.4464,24938900
2016-03-07,108.0700,108.0700,104.7200,105.7300,104.8096,31436400
2016-03-08,104.7800,107.3700,104.4000,105.9300,105.0079,25617000
2016-03-09,106.7000,107.5100,105.4900,107.5100,106.5741,20493300
2016-03-10,107.9100,108.6600,105.7700,107.3200,106.3858,24854300
2016-03-11,108.4800,109.4200,107.9200,109.4100,108.4576,20697600
2016-03-14,109.2800,110.3300,108.7700,109.8900,108.9334,17249400
2016-03-15,109.1100,110.8300,108.8400,110.6700,109.7066,17618500
2016-03-16,110.4900,112.5000,110.1000,112.1800,111.2035,24744800
2016-03-17,112.1500,112.6900,110.7300,111.0200,110.0536,24241200
2016-03-18,111.5600,112.4200,110.2700,111.4500,110.4798,36256900
2016-03-21,111.6600,112.3700,111.0300,111.8500,110.8763,18448000
2016-03-22,111.3600,112.8800,111.1700,112.2500,111.2729,19001100
2016-03-23,112.0100,113.1900,112.0000,112.5400,111.5603,18562000
2016-03-24,112.1300,113.0900,111.6800,113.0500,112.0659,17839100
2016-03-28,113.3200,114.5900,112.9500,113.6900,112.7003,21351800
2016-03-29,113.8300,116.3200,113.6400,116.1400,115.1290,29825300
2016-03-30,116.7300,116.9900,114.3600,114.7000,113.7015,33235200
2016-03-31,114.7000,115.0100,113.7700,114.1000,113.1067,21207500
2016-04-01,113.7500,116.1700,113.3500,116.0600,115.0497,24760500
2016-04-04,114.0700,114.5500,111.6100,112.5500,111.5702,48487900
2016-04-05,112.1100,113.3200,111.9000,112.2200,111.2431,22962400
2016-04-06,112.4700,113.8100,112.4200,113.7100,112.7201,20814600
2016-04-07,113.7900,114.8900,113.0700,113.6400,112.6507,20714500
2016-04-08,114.2500,114.3300,109.9000,110.6300,109.6670,48497800
2016-04-11,110.7000,110.9100,108.7700,108.9900,108.0412,39762300
2016-04-12,109.3400,111.1600,108.9900,110.6100,109.6471,26248100
2016-04-13,112.2300,112.6500,106.5200,110.5100,109.5480,88227400
2016-04-14,110.6200,112.0400,110.2600,110.8400,109.8751,28473300
2016-04-15,110.7900,110.9700,109.2000,109.6400,108.6856,20922800
2016-04-18,109.7400,110.8100,109.2000,110.4500,109.4885,21167200
2016-04-19,111.1000,112.4500,109.1600,112.2900,111.3125,30210500
2016-04-20,112.4300,113.2700,111.5600,112.4200,111.4414,21027900
2016-04-21,112.5500,114.0400,112.3100,113.4400,112.4525,20875200
2016-04-22,111.2100,111.7500,109.0100,110.5600,109.5976,38458200
2016-04-25,109.8700,110.6700,109.0700,110.1000,109.1416,21017900
2016-04-26,110.4900,110.5000,108.1500,108.7600,107.8132,22521500
2016-04-27,107.9400,108.9400,106.3100,108.8900,107.9421,52213100
2016-04-28,119.5800,120.7900,116.2300,116.7300,115.7139,87110100
2016-04-29,116.8200,117.8400,115.8400,117.5800,116.5564,37140600
2016-05-02,117.8300,118.7300,116.5700,118.5700,117.5378,28095200
2016-05-03,117.5200,118.1600,117.0200,117.4300,116.4078,24117500
2016-05-04,116.6100,118.3000,116.5700,118.0600,117.0323,23448400
2016-05-05,118.0400,118.9800,117.2500,117.8100,116.7844,22056700
2016-05-06,117.1600,119.6400,117.1100,119.4900,118.4498,26395600
2016-05-09,119.5400,120.2800,118.9000,119.2400,118.2020,21138100
2016-05-10,119.6200,120.5000,119.0000,120.5000,119.4510,23220000
2016-05-11,120.4100,121.0800,119.4200,119.5200,118.4796,22038400
2016-05-12,119.9800,120.8400,118.9000,120.2800,119.2329,22035500
2016-05-13,120.3800,120.6400,119.6800,119.8100,118.7670,18124300
2016-05-16,119.3800,119.6100,117.3500,118.6700,117.6370,31247800
2016-05-17,118.8200,119.0100,117.2000,117.3500,116.3285,21328600
2016-05-18,116.8000,118.2700,116.7300,117.6500,116.6258,21642300
2016-05-19,117.0500,117.4900,115.8800,116.8100,115.7932,20544100
2016-05-20,116.9600,117.9900,116.9500,117.3500,116.3285,18944800
2016-05-23,117.4200,117.6000,115.9400,115.9700,114.9605,20441000
2016-05-24,116.2400,117.7300,116.1200,117.7000,116.6754,20183600
2016-05-25,118.1300,118.6700,117.3800,117.8900,116.8637,20019800
2016-05-26,118.2400,119.7600,117.9200,119.4700,118.4300,18481300
2016-05-27,119.5600,119.8500,119.0100,119.3800,118.3408,13493600
2016-05-31,119.4600,120.1000,118.1200,118.8100,117.7757,23547600
2016-06-01,118.5000,119.0800,117.8200,118.7800,117.7460,15029500
2016-06-02,118.6900,119.4400,118.2200,118.9300,117.8947,13228300
2016-06-03,118.9800,118.9800,117.8600,118.4700,117.4387,14135100
2016-06-06,118.6200,119.4300,118.3600,118.7900,117.7559,12744700
2016-06-07,119.2400,119.3000,117.6700,117.7600,116.7349,17103000
2016-06-08,117.7600,118.6000,117.2700,118.3900,117.3594,14505600
2016-06-09,118.1300,118.6800,117.7100,118.5600,117.5279,13859200
2016-06-10,117.5400,118.1100,116.2600,116.6200,115.6048,18510800
2016-06-13,115.0000,115.4800,113.3100,113.9500,112.9581,31718200
2016-06-14,114.0700,114.9500,113.5800,114.9400,113.9394,17618500
2016-06-15,115.3000,115.4400,114.0700,114.6000,113.6024,19819400
2016-06-16,113.8700,114.5000,112.9400,114.3900,113.3942,19236300
2016-06-17,114.4200,114.4300,112.5600,113.0200,112.0361,24644300
2016-06-20,113.7700,114.7200,112.7500,113.3700,112.3831,20785400
2016-06-21,114.1200,115.2100,113.9700,114.3800,113.3843,19166300
2016-06-22,114.6500,114.7400,113.6100,113.9100,112.9184,14846300
2016-06-23,114.3700,115.0900,113.5400,115.0800,114.0782,16176900
2016-06-24,111.0100,113.6800,111.0000,112.0800,111.1043,40643100
2016-06-27,111.5700,111.5700,108.2300,108.9700,108.0214,36130400
2016-06-28,110.6300,112.7500,110.5500,112.7000,111.7189,26813800
2016-06-29,113.3700,114.2500,113.0400,114.1600,113.1662,20968300
2016-06-30,114.6700,115.1800,113.6700,114.2800,113.2852,23192700
2016-07-01,114.2000,115.1300,113.8100,114.1900,113.1960,14980000
2016-07-05,113.9400,114.2000,112.9700,114.2000,113.2059,14207000
2016-07-06,113.3600,116.7900,112.9700,116.7000,115.6841,24337600
2016-07-07,116.6300,116.9700,115.3600,115.8500,114.8415,16630200
2016-07-08,116.4300,117.5000,115.8500,117.2400,116.2194,18142600
2016-07-11,117.7100,118.7000,117.5000,117.8700,116.8439,17711600
2016-07-12,118.6300,118.7200,117.5700,117.9300,116.9034,15217700
2016-07-13,118.3900,118.4000,116.6800,116.7800,115.7634,16207700
2016-07-14,117.5000,117.6400,116.7000,117.2900,116.2690,14579700
2016-07-15,117.7400,118.2800,116.5800,116.8600,115.8427,16646000
2016-07-18,117.3200,119.6100,116.8900,119.3700,118.3309,20868400
2016-07-19,118.9900,120.8500,118.6600,120.6100,119.5601,21541300
2016-07-20,121.2500,122.2000,120.5600,121.9200,120.8587,20046500
2016-07-21,121.9200,122.1000,120.2500,120.6100,119.5601,17801700
2016-07-22,119.9000,121.0100,119.3100,121.0000,119.9467,18422400
2016-07-25,121.3900,121.8500,117.7800,121.6300,120.5712,18487400
2016-07-26,122.0000,122.0700,120.7500,121.2200,120.1648,17612000
2016-07-27,122.4200,125.0000,121.5100,123.3400,122.2663,52654200
2016-07-28,127.5200,128.3300,123.6300,125.0000,123.9119,78955800
2016-07-29,124.6500,125.8400,123.7100,123.9400,122.8611,35058800
2016-08-01,123.8500,124.5800,122.8600,124.3100,123.2279,25006900
2016-08-02,124.0600,124.8000,122.0700,123.0900,122.0185,23968400
2016-08-03,123.0900,123.9200,122.3100,122.5100,121.4435,18525300
2016-08-04,122.9400,124.7900,122.5100,124.3600,123.2774,21066000
2016-08-05,124.9800,125.8400,124.6200,125.1500,124.0606,20184000
2016-08-08,125.2500,125.4500,124.5500,125.2600,124.1696,15233900
2016-08-09,125.3400,126.0900,124.5300,125.0600,123.9713,19621000
2016-08-10,125.0700,125.4800,124.5400,124.8800,123.7929,10670100
2016-08-11,125.2000,125.3800,124.7500,124.9000,123.8127,11729500
2016-08-12,124.7000,125.0000,124.1800,124.8800,123.7929,12159000
2016-08-15,124.9100,124.9200,123.7000,123.9000,122.8214,19295100
2016-08-16,123.5000,123.9200,122.7800,123.3000,122.2267,14222400
2016-08-17,123.6600,124.3800,122.8500,124.3700,123.2873,13794200
2016-08-18,124.0100,124.2600,123.6400,123.9100,122.8313,12400800
2016-08-19,123.6000,124.1600,123.2800,123.5600,122.4844,11688300
2016-08-22,123.3300,124.8300,123.1100,124.1500,123.0693,14386400
2016-08-23,124.5100,125.0900,124.2500,124.3700,123.2873,13309500
2016-08-24,124.4700,124.6900,123.0900,123.4800,122.4051,12243700
2016-08-25,123.1200,124.3700,123.1000,123.8900,122.8115,10730800
2016-08-26,124.0500,125.1900,123.9100,124.9600,123.8722,17504800
2016-08-29,124.3500,126.7300,124.3500,126.5400,125.4385,15925900
2016-08-30,126.6000,126.6000,125.1500,125.8400,124.7446,17804300
2016-08-31,125.6000,126.2200,125.1000,126.1200,125.0221,14200600
2016-09-01,126.3800,126.6300,125.6000,126.1700,125.0717,13536100
2016-09-02,126.8500,126.8600,126.0000,126.5100,125.4087,12118800
2016-09-06,126.6700,129.9400,126.4700,129.7300,128.6007,26278400
2016-09-07,130.0400,131.9800,129.9500,131.0500,129.9092,27990800
2016-09-08,130.9200,131.0800,129.8100,130.2700,129.1360,15676600
2016-09-09,129.7100,129.9500,127.1000,127.1000,125.9936,27100700
2016-09-12,125.9600,128.7600,125.7500,128.6900,127.5697,21252800
2016-09-13,128.0300,128.3500,126.6600,127.2100,126.1026,18016200
2016-09-14,126.8900,128.8000,126.8900,127.7700,126.6577,15691100
2016-09-15,127.9800,129.1000,127.6700,128.3500,127.2327,15077200
2016-09-16,128.2000,129.1800,128.2000,129.0700,127.9464,24119200
2016-09-19,129.9100,129.9400,128.2600,128.6500,127.5301,14958800
2016-09-20,128.6500,129.1700,128.0300,128.6400,127.5202,11083800
2016-09-21,129.1300,130.0100,128.3900,129.9400,128.8089,14068300
2016-09-22,130.5000,130.7300,129.5600,130.0800,128.9476,15538300
2016-09-23,127.5600,128.6000,127.3000,127.9600,126.8461,28326300
2016-09-26,127.3700,128.1600,126.8000,127.3100,126.2018,15064900
2016-09-27,127.6100,129.0100,127.4300,128.6900,127.5697,15637100
2016-09-28,129.2100,129.4700,128.4000,129.2300,128.1050,12047600
2016-09-29,129.1800,129.2900,127.5500,128.0900,126.9750,14532200
2016-09-30,128.0300,128.5900,127.4500,128.2700,127.1534,18402900
2016-10-03,128.3800,129.0900,127.8000,128.7700,127.6490,13156900
2016-10-04,129.1700,129.2800,127.5500,128.1900,127.0741,14307500
2016-10-05,128.2500,128.8000,127.8300,128.4700,127.3517,12386800
2016-10-06,128.4300,129.0600,128.0800,128.7400,127.6193,11682700
2016-10-07,129.0400,129.2500,128.3300,128.9900,127.8671,12804400
2016-10-10,129.6800,130.7000,129.2000,130.2400,129.1063,15138700
2016-10-11,130.2300,130.6400,128.2300,128.8800,127.7581,17537900
2016-10-12,129.0100,129.6600,128.4600,129.0500,127.9266,11073000
2016-10-13,128.2100,128.2500,126.7500,127.8200,126.7073,17139300
2016-10-14,128.4900,128.9500,127.5800,127.8800,126.7668,13345300
2016-10-17,128.2000,128.4700,127.3200,127.5400,126.4297,11351700
2016-10-18,128.6800,129.3900,128.0100,128.5700,127.4508,13504000
2016-10-19,128.7400,130.4700,128.6000,130.1100,128.9774,16752300
2016-10-20,130.0700,130.6600,129.5000,130.0000,128.8683,13167500
2016-10-21,129.7800,132.1300,129.7000,132.0700,130.9203,19088800
2016-10-24,132.7200,133.4100,132.1500,133.2800,132.1198,17470200
2016-10-25,133.5000,133.5000,132.2200,132.2900,131.1384,13336800
2016-10-26,131.6400,132.2600,130.9400,131.0400,129.8993,13084700
2016-10-27,131.7400,131.8000,129.2700,129.6900,128.5610,16741400
2016-10-28,130.5000,132.9700,129.9300,131.2900,130.1471,24545500
2016-10-31,132.0100,132.1200,130.8800,130.9900,129.8497,15669000
2016-11-01,131.4100,131.9400,128.6500,129.5000,128.3727,22077800
2016-11-02,130.2300,130.2300,126.2800,127.1700,126.0630,39640900
2016-11-03,122.0000,123.2800,119.5000,120.0000,118.9554,63766300
2016-11-04,119.5900,121.9300,119.2500,120.7500,119.6989,30545500
2016-11-07,122.8300,123.2100,121.3500,122.1500,121.0867,23008900
2016-11-08,122.0300,124.6100,121.5400,124.2200,123.1386,19460800
2016-11-09,121.5000,123.8100,120.5100,123.1800,122.1077,31916000
2016-11-10,123.9300,124.1800,115.2700,120.8000,119.7484,67846700
2016-11-11,119.5300,120.7000,118.1500,119.0200,117.9839,32840100
2016-11-14,119.1300,119.1300,113.5500,115.0800,114.0782,51377000
2016-11-15,116.7300,118.4900,115.8300,117.2000,116.1798,34681400
2016-11-16,114.4800,117.8800,114.2100,116.3400,115.3273,32397900
2016-11-17,116.8100,117.7900,116.0100,117.7900,116.7646,18597800
2016-11-18,118.3900,119.1300,116.8400,117.0200,116.0013,22879300
2016-11-21,118.2000,121.9500,117.8000,121.7700,120.7100,35415400
2016-11-22,122.4000,122.9800,120.9000,121.4700,120.4126,26089200
2016-11-23,121.2300,121.3100,119.9400,120.8400,119.7881,15672100
2016-11-25,121.0100,121.1400,120.0700,120.3800,119.3321,8658600
2016-11-28,120.1200,121.6900,119.8200,120.4100,119.3618,18101300
2016-11-29,120.5700,122.1000,120.4000,120.8700,119.8178,18891000
2016-11-30,120.3200,121.7900,117.9500,118.4200,117.3891,30188900
2016-12-01,118.3800,118.4500,114.0000,115.1000,114.0980,43277000
2016-12-02,115.1100,116.4800,114.3000,115.4000,114.3954,25070400
2016-12-05,115.9500,117.5700,115.0700,117.4300,116.4078,20201500
2016-12-06,117.6900,117.8000,116.3300,117.3100,116.2888,19131200
2016-12-07,117.0000,117.9500,116.5700,117.9500,116.9232,21913700
2016-12-08,117.9800,119.5000,117.6400,118.9100,117.8749,22442800
2016-12-09,119.2200,119.9400,118.9500,119.6800,118.6382,17464700
2016-12-12,119.2200,119.2400,117.6500,117.7700,116.7448,17805500
2016-12-13,117.8600,121.5200,117.6100,120.3100,119.2627,29768000
2016-12-14,120.0000,121.6900,118.8500,120.2100,119.1636,25913100
2016-12-15,120.0800,122.5000,119.6300,120.5700,119.5204,20139600
2016-12-16,120.9000,121.5000,119.2700,119.8700,118.8265,25324300
2016-12-19,119.8500,120.3600,118.5100,119.2400,118.2020,15918100
2016-12-20,119.5000,119.7700,118.8000,119.0900,118.0533,13684400
2016-12-21,118.9200,119.2000,118.4800,119.0400,118.0038,10767600
2016-12-22,118.8600,118.9900,116.9300,117.4000,116.3780,16258600
2016-12-23,117.0000,117.5600,116.3000,117.2700,116.2491,10890000
2016-12-27,116.9600,118.6800,116.8600,118.0100,116.9827,12051500
2016-12-28,118.1900,118.2500,116.6500,116.9200,115.9022,12087400
2016-12-29,117.0000,117.5300,116.0600,116.3500,115.3372,9934900
2016-12-30,116.6000,116.8300,114.7700,115.0500,114.0485,18684100
2017-01-03,116.0300,117.8400,115.5100,116.8600,115.8427,20663900
2017-01-04,117.5500,119.6600,117.2900,118.6900,117.6568,19630900
2017-01-05,118.8600,120.9500,118.3200,120.6700,119.6196,19492200
2017-01-06,120.9800,123.8800,120.0300,123.4100,122.3357,28545300
2017-01-09,123.5500,125.4300,123.0400,124.9000,123.8127,22880400
2017-01-10,124.8200,125.5000,124.2800,124.3500,123.2675,17324600
2017-01-11,124.3500,126.1200,124.0600,126.0900,124.9924,18356500
2017-01-12,125.6100,126.7300,124.8000,126.6200,125.5178,18653900
2017-01-13,127.4900,129.2700,127.3700,128.3400,127.2228,24884300
2017-01-17,128.0400,128.3400,127.4000,127.8700,126.7569,15294500
2017-01-18,128.4100,128.4300,126.8400,127.9200,126.8064,13145900
2017-01-19,128.2300,128.3500,127.4500,127.5500,126.4397,12195500
2017-01-20,128.1000,128.4800,126.7800,127.0400,125.9341,19097200
2017-01-23,127.3100,129.2500,126.9500,128.9300,127.8076,16593600
2017-01-24,129.3800,129.9000,128.3800,129.3700,128.2438,15162700
2017-01-25,130.0000,131.7400,129.7700,131.4800,130.3355,18731300
2017-01-26,131.6300,133.1400,131.4400,132.7800,131.6241,20020100
2017-01-27,132.6800,132.9500,131.0800,132.1800,131.0293,19539500
2017-01-30,131.5800,131.5800,129.6000,130.9800,129.8398,18956100
2017-01-31,130.1700,130.6600,129.5200,130.3200,129.1855,19790500
2017-02-01,132.2500,133.4900,130.6800,133.2300,132.0702,50139800
2017-02-02,133.2200,135.4900,130.4000,130.8400,129.7010,54366400
2017-02-03,131.2400,132.8500,130.7600,130.9800,129.8398,24804900
2017-02-06,130.9800,132.0600,130.3000,132.0600,130.9104,17058500
2017-02-07,132.2400,133.0000,131.6600,131.8400,130.6923,14596400
2017-02-08,132.6000,134.4400,132.4400,134.2000,133.0318,22390600
2017-02-09,134.4900,134.5000,133.3100,134.1400,132.9723,16470600
2017-02-10,134.1000,134.9400,133.6800,134.1900,133.0219,15061900
2017-02-13,134.7000,134.7000,133.7000,134.0500,132.8831,13526200
2017-02-14,134.1000,134.2300,132.5500,133.8500,132.6848,14364900
2017-02-15,133.4500,133.7000,132.6600,133.4400,132.2784,13226500
2017-02-16,133.0700,133.8700,133.0200,133.8400,132.6749,12831100
2017-02-17,133.5000,134.0900,133.1700,133.5300,132.3676,12276500
2017-02-21,133.5000,133.9100,132.9000,133.7200,132.5559,14759100
2017-02-22,133.6000,136.7900,133.4600,136.1200,134.9351,27360100
2017-02-23,135.8900,136.1200,134.3300,135.3600,134.1817,18422500
2017-02-24,134.1600,135.6200,134.1600,135.4400,134.2610,12625700
2017-02-27,135.2600,137.1800,135.0200,136.4100,135.2225,14306700
2017-02-28,136.7900,136.8100,134.7500,135.5400,134.3601,16112100
2017-03-01,136.4700,137.4800,136.3000,137.4200,136.2237,16257000
2017-03-02,137.0900,137.8200,136.3100,136.7600,135.5695,12294800
2017-03-03,136.6300,137.3300,136.0800,137.1700,135.9759,11160600
2017-03-06,136.8800,137.8300,136.5100,137.4200,136.2237,12748200
2017-03-07,137.0300,138.3700,136.9900,137.3000,136.1048,13527100
2017-03-08,137.1500,137.9900,137.0500,137.7200,136.5211,10184500
2017-03-09,137.7200,138.5700,137.4000,138.2400,137.0366,15535300
2017-03-10,138.9100,139.4900,138.2200,138.7900,137.5818,16314100
2017-03-13,138.7100,139.6800,138.6700,139.6000,138.3848,10955500
2017-03-14,139.4600,139.4600,138.5200,139.3200,138.1072,12944000
2017-03-15,139.2900,140.1000,138.4900,139.7200,138.5037,19344800
2017-03-16,140.2000,140.2500,139.7300,139.9900,138.7713,13612900
2017-03-17,140.3400,140.3400,139.7000,139.8400,138.6227,20592800
2017-03-20,139.7100,140.1900,139.2500,139.9400,138.7218,12099500
2017-03-21,141.1500,142.3100,138.4000,138.5100,137.3042,29894800
2017-03-22,137.9300,139.7900,137.6000,139.5900,138.3748,17055400
2017-03-23,139.4800,140.3900,139.0900,139.5300,138.3153,13022800
2017-03-24,140.0800,141.0200,139.7600,140.3400,139.1183,16664700
2017-03-27,139.0500,140.6500,138.7700,140.3200,139.0985,12800500
2017-03-28,140.3600,141.9500,140.0100,141.7600,140.5260,14679400
2017-03-29,141.9900,142.8600,141.4300,142.6500,141.4082,16527600
2017-03-30,142.4000,142.9500,141.8500,142.4100,141.1703,12404000
2017-03-31,142.3100,142.6300,141.8900,142.0500,140.8134,11478300
2017-04-03,141.9300,142.4700,140.8200,142.2800,141.0414,13564000
2017-04-04,141.8600,142.0900,141.2700,141.7300,140.4962,12948600
2017-04-05,142.2600,143.4400,141.2900,141.8500,140.6152,17158100
2017-04-06,142.1100,142.2200,140.9100,141.1700,139.9411,15103400
2017-04-07,141.2000,141.5500,140.2400,140.7800,139.5545,11818300
2017-04-10,141.0000,141.4300,140.6300,141.0400,139.8122,9039400
2017-04-11,140.8000,141.0300,138.8100,139.9200,138.7020,16638100
2017-04-12,139.7200,140.4000,139.4400,139.5800,138.3649,11612500
2017-04-13,139.6200,140.5800,139.3300,139.3900,138.1766,10965600
2017-04-17,139.7600,141.5500,139.7500,141.4200,140.1889,11519700
2017-04-18,141.2700,141.9100,140.6100,140.9600,139.7329,14807500
2017-04-19,141.3500,143.0400,141.2700,142.2700,141.0315,15563900
2017-04-20,142.9500,144.2500,142.6900,143.8000,142.5482,15968200
2017-04-21,143.9000,144.1700,142.2700,143.6800,142.4292,12382000
2017-04-24,144.9600,145.6700,144.3400,145.4700,144.2037,14407200
2017-04-25,145.7900,147.1500,145.7900,146.4900,145.2148,17767500
2017-04-26,147.0900,147.5900,146.0900,146.5600,145.2842,12395000
2017-04-27,146.6700,147.7500,146.1400,147.7000,146.4143,11275100
2017-04-28,149.5000,151.5300,149.0700,150.2500,148.9421,30652200
2017-05-01,151.7400,152.5700,151.4200,152.4600,151.1328,25218300
2017-05-02,153.3400,153.4400,151.6600,152.7800,151.4500,21870400
2017-05-03,153.6000,153.6000,151.3400,151.8000,150.4786,29782500
2017-05-04,150.1700,151.5200,148.7200,150.8500,149.5368,36225500
2017-05-05,151.4500,151.6300,149.7900,150.2400,148.9321,17148500
2017-05-08,150.7100,151.0800,149.7400,151.0600,149.7450,15827500
2017-05-09,151.4900,152.5900,150.2100,150.4800,149.1701,17453900
2017-05-10,150.2300,150.5200,148.8600,150.2900,148.9817,12080700
2017-05-11,150.3100,150.6500,149.4100,150.0400,148.7339,11841900
2017-05-12,150.4000,150.4600,149.6300,150.3300,149.0213,9598200
2017-05-15,150.1700,151.4800,149.7700,150.1900,148.8826,15064700
2017-05-16,150.1100,150.2100,149.0300,149.7800,148.4762,14550800
2017-05-17,148.0000,148.6700,144.4200,144.8500,143.5891,28300100
2017-05-18,144.7200,148.1500,144.5100,147.6600,146.3746,23031600
2017-05-19,148.4500,149.3900,147.9600,148.0600,146.7711,16187900
2017-05-22,148.0800,148.5900,147.6900,148.2400,146.9496,12586700
2017-05-23,148.5200,148.8100,147.2500,148.0700,146.7810,12817800
2017-05-24,148.5100,150.2300,148.4200,150.0400,148.7339,17862400
2017-05-25,150.3000,152.5900,149.9500,151.9600,150.6372,19891400
2017-05-26,152.2300,152.2500,151.1500,152.1300,150.8057,14996200
2017-05-30,151.9700,152.9000,151.6400,152.3800,151.0535,13226000
2017-05-31,152.7000,153.3500,151.0900,151.4600,150.1415,18023900
2017-06-01,151.7500,152.2900,150.3000,151.5300,150.2109,14530600
2017-06-02,151.8500,153.6300,151.3000,153.6100,152.2728,16854400
2017-06-05,153.6400,154.7100,153.4100,153.6300,152.2926,12520400
2017-06-06,153.4100,154.5200,152.4800,152.8100,151.4798,13457100
2017-06-07,153.2700,153.7500,152.3400,153.1200,151.7871,12066700
2017-06-08,154.0800,154.7300,153.1000,154.7100,153.3633,17799400
2017-06-09,154.7700,155.5900,146.6100,149.6000,148.2977,35577700
2017-06-12,148.1700,149.2000,144.5600,148.4400,147.1478,33170200
2017-06-13,150.1500,151.1800,148.9000,150.6800,149.3683,20483400
2017-06-14,151.2600,152.4000,149.0500,150.2500,148.9421,20808800
2017-06-15,147.6700,150.0400,146.3700,149.8000,148.4960,18994200
2017-06-16,149.5900,150.8300,148.6000,150.6400,149.3287,22882400
2017-06-19,151.7100,153.5700,151.7100,152.8700,151.5393,19026500
2017-06-20,152.8800,153.8400,152.2100,152.2500,150.9247,14743900
2017-06-21,152.3600,154.0800,151.8800,153.9100,152.5702,15039800
2017-06-22,153.0100,154.5500,152.9100,153.4000,152.0646,13005500
2017-06-23,152.7200,155.2000,152.6500,155.0700,153.7201,18027000
2017-06-26,156.2500,156.5000,153.2000,153.5900,152.2530,18049700
2017-06-27,152.8400,153.3100,150.3900,150.5800,149.2692,19360800
2017-06-28,150.9200,153.4700,149.8600,153.2400,151.9060,16719100
2017-06-29,152.2800,152.5000,148.9200,151.0400,149.7252,23973500
2017-06-30,151.9000,151.9200,150.0600,150.9800,149.6657,17666000
2017-07-03,151.7200,152.1500,147.8000,148.4300,147.1379,13862700
2017-07-05,149.0000,150.8500,148.1300,150.3400,149.0313,14334300
2017-07-06,149.0300,150.0400,148.0000,148.8200,147.5245,14951800
2017-07-07,149.2500,151.9900,149.1900,151.4400,150.1217,13615900
2017-07-10,151.6900,153.9800,151.5100,153.5000,152.1637,13378700
2017-07-11,153.3700,155.4200,152.9100,155.2700,153.9184,13667700
2017-07-12,156.4900,159.1600,156.2000,158.9000,157.5168,22739400
2017-07-13,158.7400,159.7800,158.4200,159.2600,157.8736,13929200
2017-07-14,160.1300,160.3200,159.3300,159.9700,158.5775,16371200
2017-07-17,160.2500,160.7800,158.8100,159.7300,158.3395,12858800
2017-07-18,159.6600,163.7300,159.4200,162.8600,161.4423,23722900
2017-07-19,163.5900,165.7000,163.1700,164.1400,162.7111,26273600
2017-07-20,164.8000,165.0000,162.8100,164.5300,163.0977,18523100
2017-07-21,164.1600,165.0500,163.7500,164.4300,162.9986,14744000
2017-07-24,164.6400,166.1700,164.3100,166.0000,164.5549,17367000
2017-07-25,165.0100,165.5400,163.8600,165.2800,163.8412,15383200
2017-07-26,166.0100,166.0100,164.1000,165.6100,164.1683,35236900
2017-07-27,174.7000,175.4900,167.5000,170.4400,168.9563,68910700
2017-07-28,169.0700,173.4300,169.0500,172.4500,170.9488,24557600
2017-07-31,172.0000,172.7200,168.5500,169.2500,167.7767,25478900
2017-08-01,169.8200,170.4700,169.0500,169.8600,168.3813,14385000
2017-08-02,170.3000,170.5500,166.9100,169.3000,167.8262,17433800
2017-08-03,169.3000,169.7000,168.2500,168.5900,167.1224,10793800
2017-08-04,168.9700,170.0600,168.6900,169.6200,168.1434,10777700
2017-08-07,169.9500,172.0600,169.6600,171.9800,170.4829,12787800
2017-08-08,171.8800,173.0500,170.6200,171.2300,169.7394,14393500
2017-08-09,169.9800,171.4500,169.5600,171.1800,169.6899,10815000
2017-08-10,170.0600,170.5900,166.8500,167.4000,165.9427,20832700
2017-08-11,167.9500,168.8200,166.8500,168.0800,166.6169,13791200
2017-08-14,170.0900,171.0800,169.2900,170.7500,169.2636,12954200
2017-08-15,171.4900,171.5000,170.0100,171.0000,169.5114,8729200
2017-08-16,171.2500,171.3800,169.2400,170.0000,168.5201,15779900
2017-08-17,169.3400,169.8600,166.8500,166.9100,165.4570,17216000
2017-08-18,166.8400,168.6700,166.2100,167.4100,165.9527,15093600
2017-08-21,167.1600,168.0000,165.8200,167.7800,166.3195,11907500
2017-08-22,168.2800,169.8700,167.1500,169.6400,168.1633,11391000
2017-08-23,168.8400,169.3600,168.2000,168.7100,167.2414,9856500
2017-08-24,168.8800,169.2900,166.4100,167.7400,166.2798,14030400
2017-08-25,167.8600,168.3800,166.1800,166.3200,164.8722,12614500
2017-08-28,166.9100,167.7000,166.3300,167.2400,165.7842,8553700
2017-08-29,165.2500,168.4300,165.0000,168.0500,166.5871,11121000
2017-08-30,168.1700,170.1800,167.6300,169.9200,168.4408,11138300
2017-08-31,170.4000,172.1500,170.0600,171.9700,170.4730,17226500
2017-09-01,172.4000,172.9200,171.3100,172.0200,170.5225,11677600
2017-09-05,171.2700,172.3900,169.5500,170.7200,169.2338,13210900
2017-09-06,170.9100,172.4800,169.5700,172.0900,170.5919,13906300
2017-09-07,171.9400,173.3100,170.2700,173.2100,171.7022,18049500
2017-09-08,173.0900,173.4900,170.8000,170.9500,169.4618,10998500
2017-09-11,172.4000,173.8900,172.2000,173.5100,171.9996,12372000
2017-09-12,173.7600,174.0000,171.7500,172.9600,171.4544,11186300
2017-09-13,173.0100,173.1700,172.0600,173.0500,171.5436,9119300
2017-09-14,172.2600,172.2800,170.5000,170.9600,169.4718,15615700
2017-09-15,170.8800,172.3400,170.2600,171.6400,170.1458,15660500
2017-09-18,171.9900,172.0700,169.3400,170.0100,168.5300,12954000
2017-09-19,170.6200,172.5600,170.3600,172.5200,171.0182,13168600
2017-09-20,172.5000,173.0500,170.7000,172.1700,170.6712,12264100
2017-09-21,171.6900,172.2700,170.0100,171.1100,169.6205,11161400
2017-09-22,170.2100,171.7300,169.2200,170.5400,169.0554,12097100
2017-09-25,169.2400,169.3000,161.5600,162.8700,161.4522,41251600
2017-09-26,164.5000,165.5000,162.7800,164.2100,162.7805,23363300
2017-09-27,165.9000,168.3400,165.5700,167.6800,166.2203,19242500
2017-09-28,167.9400,169.0700,167.1600,168.7300,167.2612,12178700
2017-09-29,168.8300,171.6600,168.8100,170.8700,169.3825,15340400
2017-10-02,171.3900,171.8700,168.7500,169.4700,167.9948,13392300
2017-10-03,169.3000,170.7300,169.2000,169.9600,168.4805,8190300
2017-10-04,169.8300,170.6700,168.2900,168.4200,166.9539,12127900
2017-10-05,169.1800,171.3100,168.6000,171.2400,169.7493,14580600
2017-10-06,170.2500,172.3700,169.7500,172.2300,170.7307,13124500
2017-10-09,172.7000,174.8800,172.0000,172.5000,170.9984,14570400
2017-10-10,173.0000,173.2000,170.8000,171.5900,170.0963,11341100
2017-10-11,171.9500,172.7800,171.4000,172.7400,171.2363,11283700
2017-10-12,172.6100,173.8500,172.2900,172.5500,171.0479,10351000
2017-10-13,173.4500,174.6500,173.2000,173.7400,172.2276,13658300
2017-10-16,174.4900,175.0000,174.0600,174.5200,173.0008,11498800
2017-10-17,174.7100,176.1300,174.3600,176.1100,174.5769,15990100
2017-10-18,176.6500,176.7400,175.7500,176.0300,174.4976,12752400
2017-10-19,174.9300,176.0300,172.6300,174.5600,173.0404,14048400
2017-10-20,175.5000,175.8800,174.6300,174.9800,173.4568,12602200
2017-10-23,175.2000,175.3400,171.2500,171.2700,169.7791,13852700
2017-10-24,172.3000,173.2400,171.5000,171.8000,170.3045,12267900
2017-10-25,171.9000,172.2500,168.8900,170.6000,169.1149,15868200
2017-10-26,171.3800,172.2900,170.3900,170.6300,169.1446,11833100
2017-10-27,174.1500,178.2100,173.9000,177.8800,176.3315,30285300
2017-10-30,179.2600,180.6900,177.6100,179.8700,178.3042,24353200
2017-10-31,180.5700,180.8000,178.9400,180.0600,178.4925,20174200
2017-11-01,182.3600,182.9000,180.5700,182.6600,181.0699,40918300
2017-11-02,180.6300,181.9400,177.3400,178.9200,177.3625,35529900
2017-11-03,179.2900,179.8600,176.7100,178.9200,177.3625,17822100
2017-11-06,178.5600,180.4500,178.3100,180.1700,178.6016,13312700
2017-11-07,180.5000,180.7500,178.9600,180.2500,178.6809,12928200
2017-11-08,179.7900,180.3500,179.1100,179.5600,177.9969,10494100
2017-11-09,178.3100,179.4000,177.0900,179.3000,177.7392,12610300
2017-11-10,178.3500,179.1000,177.9600,178.4600,176.9065,11070200
2017-11-13,177.5000,179.0400,177.3000,178.7700,177.2138,9523400
2017-11-14,178.1300,178.9700,177.1800,178.0700,176.5199,9585900
2017-11-15,176.6600,178.5700,176.4000,177.9500,176.4009,10253700
2017-11-16,178.7600,179.8300,178.5000,179.5900,178.0266,15607600
2017-11-17,179.3000,179.9800,178.9000,179.0000,177.4418,13018000
2017-11-20,178.8700,179.5000,178.1000,178.7400,177.1841,10052400
2017-11-21,179.1500,181.8900,178.9900,181.8600,180.2769,14504000
2017-11-22,181.3000,181.7300,180.4400,180.8700,179.2955,10376300
2017-11-24,180.4000,183.1500,180.2900,182.7800,181.1889,9426300
2017-11-27,182.5600,183.7300,181.9900,183.0300,181.4367,12344500
2017-11-28,183.5100,184.2500,182.0900,182.4200,180.8320,14379700
2017-11-29,181.8900,181.9700,174.0000,175.1300,173.6055,41933500
2017-11-30,176.8500,178.2800,175.2000,177.1800,175.6376,25307600
2017-12-01,176.0300,177.4800,172.3400,175.1000,173.5757,20182500
2017-12-04,176.2900,176.5700,170.7900,171.4700,169.9773,24459400
2017-12-05,170.4500,175.3800,169.0100,172.8300,171.3255,20184900
2017-12-06,172.5000,176.7700,171.9000,176.0600,174.5274,20255800
2017-12-07,175.8000,180.3900,175.8000,180.1400,178.5718,20404500
2017-12-08,181.5300,182.2800,178.7400,179.0000,177.4418,19883800
2017-12-11,179.3000,180.2200,178.8000,179.0400,177.4814,13168600
2017-12-12,178.6000,179.1800,176.6000,176.9600,175.4196,16854100
2017-12-13,177.3000,179.1600,177.2500,178.3000,176.7479,14615700
2017-12-14,178.2900,180.3600,177.6800,178.3900,176.8371,13591000
2017-12-15,179.0200,180.4900,178.3600,180.1800,178.6115,28463100
2017-12-18,181.0100,181.3000,179.7500,180.8200,179.2459,17265400
2017-12-19,179.9500,180.0800,178.2200,179.5100,177.9473,14920600
2017-12-20,179.8100,179.8100,177.3600,177.8900,176.3414,11860500
2017-12-21,177.9400,178.6800,177.0500,177.4500,175.9053,11600700
2017-12-22,177.1400,177.5300,176.2300,177.2000,175.6575,8509500
2017-12-26,176.6300,177.0000,174.6700,175.9900,174.4580,8897300
2017-12-27,176.5500,178.4400,176.2600,177.6200,176.0738,9496100
2017-12-28,177.9500,178.9400,177.6800,177.9200,176.3712,12220800
2017-12-29,178.0000,178.8500,176.4600,176.4600,174.9239,10261500
2018-01-02,177.6800,181.5800,177.5500,181.4200,179.8407,18151900
2018-01-03,181.8800,184.7800,181.3300,184.6700,183.0624,16886600
2018-01-04,184.9000,186.2100,184.1000,184.3300,182.7254,13880900
2018-01-05,185.5900,186.9000,184.9300,186.8500,185.2234,13574500
2018-01-08,187.2000,188.9000,186.3300,188.2800,186.6410,17994700
2018-01-09,188.7000,188.8000,187.1000,187.8700,186.2346,12393100
2018-01-10,186.9400,187.8900,185.6300,187.8400,186.2048,10529900
2018-01-11,188.4000,188.4000,187.3800,187.7700,186.1354,9588600
2018-01-12,178.0600,181.4800,177.4000,179.3700,177.8085,77551300
2018-01-16,181.5000,181.7500,178.0400,178.3900,176.8371,36183800
2018-01-17,179.2600,179.3200,175.8000,177.6000,176.0540,27992400
2018-01-18,178.1300,180.9800,177.0800,179.8000,178.2348,23304900
2018-01-19,180.8500,182.3700,180.1700,181.2900,179.7118,26826500
2018-01-22,180.8000,185.3900,180.4100,185.3700,183.7563,21059500
2018-01-23,186.0500,189.5500,185.5500,189.3500,187.7017,25678800
2018-01-24,189.8900,190.6600,186.5200,186.5500,184.9261,24334500
2018-01-25,187.9500,188.6200,186.6000,187.4800,185.8480,17377700
2018-01-26,187.7500,190.0000,186.8100,190.0000,188.3460,17759200
2018-01-29,188.7500,188.8400,185.6300,185.9800,184.3610,20453200
2018-01-30,187.6200,188.1800,181.8400,187.1200,185.4911,20858600
2018-01-31,188.3700,189.8300,185.2200,186.8900,185.2631,43275100
2018-02-01,188.2200,195.3200,187.8900,193.0900,191.4091,54211300
2018-02-02,192.0400,194.2100,189.9800,190.2800,188.6236,26677500
2018-02-05,186.9300,190.6100,180.6100,181.2600,179.6821,33128200
2018-02-06,178.5700,185.7700,177.7400,185.3100,183.6968,37758500
2018-02-07,184.1500,185.0800,179.9500,180.1800,178.6115,27601900
2018-02-08,181.0100,181.8400,171.4800,171.5800,170.0864,38478300
2018-02-09,174.7600,176.9000,167.1800,176.1100,174.5769,39887600
2018-02-12,177.0600,177.5500,171.8400,176.4100,174.8743,32092100
2018-02-13,175.6200,175.9700,173.1000,173.1500,171.6427,21809400
2018-02-14,173.4500,179.8100,173.2100,179.5200,177.9572,28929700
2018-02-15,180.5000,180.5000,176.8400,179.9600,178.3934,20922100
2018-02-16,178.9900,179.8800,176.3000,177.3600,175.8161,20645300
2018-02-20,175.7700,177.9500,175.1100,176.0100,174.4778,21204900
2018-02-21,176.7100,181.2700,176.4000,177.9100,176.3613,23200800
2018-02-22,178.7000,180.2100,177.4100,178.9900,177.4319,18464200
2018-02-23,179.9000,183.3900,179.5100,183.2900,181.6944,19007300
2018-02-26,184.5800,185.6600,183.2200,184.9300,183.3201,17599700
2018-02-27,184.4500,184.7000,181.4600,181.4600,179.8804,15849800
2018-02-28,182.3000,182.8800,178.1400,178.3200,176.7677,18783000
2018-03-01,179.0100,180.1200,174.4100,175.9400,174.4084,23201600
2018-03-02,173.2900,177.1100,172.9900,176.6200,175.0825,20025900
2018-03-05,176.2000,181.1500,175.8900,180.4000,178.8296,16189300
2018-03-06,181.7800,182.3800,179.1100,179.7800,178.2150,15086800
2018-03-07,178.7400,183.8200,178.0700,183.7100,182.1108,19097300
2018-03-08,183.5600,184.4000,181.4500,182.3400,180.7527,17225900
2018-03-09,183.9100,185.5100,183.2100,185.2300,183.6175,18526300
2018-03-12,185.2300,186.1000,184.2200,184.7600,183.1516,15301200
2018-03-13,185.6100,185.9900,181.1100,181.8800,180.2967,18067500
2018-03-14,182.6000,184.2500,181.8500,184.1900,182.5866,16821700
2018-03-15,183.2400,184.0000,182.1900,183.8600,182.2595,15614300
2018-03-16,184.4900,185.3300,183.4100,185.0900,183.4787,24403400
2018-03-19,177.0100,177.1700,170.0600,172.5600,171.0579,88140100
2018-03-20,167.4700,170.2000,161.9500,168.1500,166.6862,129851800
2018-03-21,164.8000,173.4000,163.3000,169.3900,167.9155,106598800
2018-03-22,166.1300,170.2700,163.7200,164.8900,163.4546,73743000
2018-03-23,165.4400,166.6000,159.0200,159.3900,158.0025,53609700
2018-03-26,160.8200,161.1000,149.0200,160.0600,158.6667,126116600
2018-03-27,156.3100,162.8500,150.7500,152.2200,150.8949,79117000
2018-03-28,151.6500,155.8800,150.8000,153.0300,151.6979,60029200
2018-03-29,155.1500,161.4200,154.1400,159.7900,158.3990,59434300
2018-04-02,157.8100,159.2000,154.1100,155.3900,154.0373,36796000
2018-04-03,156.5500,157.3900,150.8100,156.1100,154.7511,42543900
2018-04-04,152.0300,155.5600,150.5100,155.1000,153.7498,49885600
2018-04-05,161.5600,161.5700,156.6500,159.3400,157.9529,41449600
2018-04-06,157.7300,161.4200,156.8100,157.2000,155.8315,41644800
2018-04-09,157.8200,160.5300,156.0400,157.9300,156.5552,34915200
2018-04-10,157.9300,165.9800,157.0100,165.0400,163.6033,57889300
2018-04-11,165.3600,168.6500,163.2500,166.3200,164.8722,56144600
2018-04-12,166.9800,167.4500,163.1000,163.8700,162.4435,38263000
2018-04-13,164.5800,165.7000,163.7700,164.5200,163.0878,19990600
2018-04-16,165.7200,165.7800,163.3900,164.8300,163.3951,18119400
2018-04-17,165.8300,169.0000,165.6600,168.6600,167.1918,22743000
2018-04-18,166.8800,168.1200,165.7700,166.3600,164.9118,20969600
2018-04-19,166.2000,168.3300,165.2000,168.1000,166.6367,22235000
2018-04-20,167.7900,168.4300,165.8100,166.2800,164.8325,19119400
2018-04-23,167.2700,168.4500,165.0900,165.8400,164.3963,23088100
2018-04-24,165.4300,166.1000,158.1900,159.6900,158.2999,35079900
2018-04-25,160.1400,161.0600,156.1900,159.6900,158.2999,41083600
2018-04-26,173.2200,176.2700,170.8000,174.1600,172.6439,77556900
2018-04-27,176.8100,177.1000,172.6000,173.5900,172.0789,29804700
2018-04-30,173.7900,175.7200,171.7100,172.0000,170.5027,20750500
2018-05-01,172.0000,174.0200,170.2300,173.8600,172.3465,26025900
2018-05-02,174.2500,178.0800,174.2000,176.0700,174.5373,30424500
2018-05-03,175.1300,176.1200,172.1200,174.0200,172.5052,24026100
2018-05-04,173.0800,176.9800,173.0600,176.6100,175.0726,17677800
2018-05-07,177.3500,179.5000,177.1700,177.9700,176.4208,18697200
2018-05-08,178.2500,179.0400,177.1100,178.9200,177.3625,15577200
2018-05-09,179.6700,183.0100,178.7800,182.6600,181.0699,23282800
2018-05-10,183.1500,186.1300,182.5000,185.5300,183.9150,21071400
2018-05-11,184.8500,188.3200,184.1800,186.9900,185.3622,21207800
2018-05-14,187.7100,187.8600,186.2000,186.6400,185.0153,15646700
2018-05-15,184.8800,185.2900,183.2000,184.3200,182.7155,15429400
2018-05-16,183.7000,184.3200,182.6600,183.2000,181.6052,16975500
2018-05-17,182.6800,184.0600,182.2200,183.7600,182.1603,14840700
2018-05-18,183.4900,184.1900,182.6100,182.6800,181.0898,13130500
2018-05-21,183.7700,185.3000,183.1300,184.4900,182.8840,13532900
2018-05-22,184.9300,185.4200,183.4300,183.8000,182.2000,12731400
2018-05-23,182.5000,186.9100,182.1800,186.9000,185.2730,16628100
2018-05-24,185.8800,186.8000,185.0300,185.9300,184.3114,12354700
2018-05-25,186.0200,186.3300,184.4500,184.9200,183.3103,10965100
2018-05-29,184.3400,186.8100,183.7100,185.7400,184.1231,16398900
2018-05-30,186.5400,188.0000,185.2500,187.6700,186.0363,13736900
2018-05-31,187.8700,192.7200,187.4800,191.7800,190.1105,30782600
2018-06-01,193.0700,194.5500,192.0700,193.9900,192.3013,17307200
2018-06-04,191.8400,193.9800,191.4700,193.2800,191.5975,18939800
2018-06-05,194.3000,195.0000,192.6200,192.9400,191.2604,15544300
2018-06-06,191.0300,192.5300,189.1100,191.3400,189.6743,22558900
2018-06-07,190.7500,190.9700,186.7700,188.1800,186.5418,21503200
2018-06-08,187.5300,189.4800,186.4300,189.1000,187.4539,12677100
2018-06-11,188.8100,192.6000,188.8000,191.5400,189.8726,12928900
2018-06-12,192.1700,193.2800,191.5600,192.4000,190.7251,11562700
2018-06-13,192.7400,194.5000,191.9100,192.4100,190.7351,15853800
2018-06-14,193.1000,197.2800,192.9100,196.8100,195.0967,19120900
2018-06-15,195.7900,197.0700,194.6400,195.8500,194.1451,21860900
2018-06-18,194.8000,199.5800,194.1300,198.3100,196.5837,16826000
2018-06-19,196.2400,197.9600,193.7900,197.4900,195.7708,19994000
2018-06-20,199.1000,203.5500,198.8100,202.0000,200.2415,28230900
2018-06-21,202.7600,203.3900,200.0900,201.5000,199.7459,19045700
2018-06-22,201.1600,202.2400,199.3100,201.7400,199.9838,17420200
2018-06-25,200.0000,200.0000,193.1100,196.3500,194.6408,25275100
2018-06-26,197.6000,199.1000,196.2300,199.0000,197.2677,17897600
2018-06-27,199.1800,200.7500,195.8000,195.8400,194.1352,18734400
2018-06-28,195.1800,197.3400,193.2600,196.2300,194.5218,18172400
2018-06-29,197.3200,197.6000,193.9600,194.3200,192.6284,15811600
2018-07-02,193.3700,197.4500,192.2200,197.3600,195.6420,13961600
2018-07-03,194.5500,195.4000,192.5200,192.7300,191.0523,13489500
2018-07-05,194.7400,198.6500,194.0300,198.4500,196.7225,19684200
2018-07-06,198.4500,203.6400,197.7000,203.2300,201.4608,19740100
2018-07-09,204.9300,205.8000,202.1200,204.7400,202.9577,18149400
2018-07-10,204.5000,204.9100,202.2600,203.5400,201.7682,13190100
2018-07-11,202.2200,204.5000,201.7500,202.5400,200.7769,12927400
2018-07-12,203.4300,207.0800,203.1900,206.9200,205.1187,15454700
2018-07-13,207.8100,208.4300,206.4500,207.3200,205.5153,11486800
2018-07-16,207.5000,208.7200,206.8400,207.2300,205.4260,11078200
2018-07-17,204.9000,210.4600,204.8400,209.9900,208.1620,15349900
2018-07-18,209.8200,210.9900,208.4400,209.3600,207.5375,15334900
2018-07-19,208.7700,209.9900,207.7600,208.0900,206.2786,11350400
2018-07-20,208.8500,211.5000,208.5000,209.9400,208.1124,16163900
2018-07-23,210.5800,211.6200,208.8000,210.9100,209.0740,16732000
2018-07-24,215.1100,216.2000,212.6000,214.6700,212.8013,28468700
2018-07-25,215.7200,218.6200,214.2700,217.5000,215.6066,58954200
2018-07-26,174.8900,180.1300,173.7500,176.2600,174.7256,169803700
2018-07-27,179.8700,179.9300,173.0000,174.8900,173.3676,60073700
2018-07-30,175.3000,175.3000,166.5600,171.0600,169.5709,65280800
2018-07-31,170.6700,174.2400,170.0000,172.5800,171.0777,40356500
2018-08-01,173.9300,175.0800,170.9000,171.6500,170.1557,34042100
2018-08-02,170.6800,176.7900,170.2700,176.3700,174.8347,32400000
2018-08-03,177.6900,178.8500,176.1500,177.7800,176.2324,24763400
2018-08-06,178.9700,185.7900,178.3800,185.6900,184.0736,49716200
2018-08-07,186.5000,188.3000,183.7200,183.8100,182.2099,33398600
2018-08-08,184.7500,186.8500,183.7600,185.1800,183.5680,22205200
2018-08-09,185.8500,186.5700,182.4800,183.0900,181.4962,19732100
2018-08-10,182.0400,182.1000,179.4200,180.2600,178.6908,21500400
2018-08-13,180.1000,182.6100,178.9000,180.0500,178.4827,17423300
2018-08-14,180.7100,181.9900,178.6200,181.1100,179.5334,19102000
2018-08-15,179.3400,180.8700,174.7800,179.5300,177.9672,33020200
2018-08-16,180.4200,180.5000,174.0100,174.7000,173.1792,31351800
2018-08-17,174.5000,176.2200,172.0400,173.8000,172.2871,24893200
2018-08-20,174.0400,174.5700,170.9100,172.5000,170.9984,21518000
2018-08-21,172.8100,174.1700,171.3900,172.6200,171.1173,19578500
2018-08-22,172.2100,174.2400,172.1300,173.6400,172.1285,16894100
2018-08-23,173.0900,175.5500,172.8300,172.9000,171.3949,18053600
2018-08-24,173.7000,174.8200,172.9200,174.6500,173.1296,14631600
2018-08-27,175.9900,178.6700,175.7900,177.4600,175.9152,17921900
2018-08-28,178.1000,178.2400,175.8300,176.2600,174.7256,15910700
2018-08-29,176.3000,176.7900,174.7500,175.9000,174.3688,18494100
2018-08-30,175.9000,179.7900,175.7000,177.6400,176.0936,24216500
2018-08-31,177.1500,177.6200,174.9800,175.7300,174.2002,18065200
2018-09-04,173.5000,173.8900,168.8000,171.1600,169.6700,29809000
2018-09-05,169.4900,171.1300,166.6700,167.1800,165.7247,31226700
2018-09-06,166.9800,166.9800,160.0000,162.5300,161.1152,41514800
2018-09-07,160.3100,164.6300,160.1600,163.0400,161.6207,24300600
2018-09-10,163.5100,165.0100,162.1600,164.1800,162.7508,20197700
2018-09-11,163.9400,167.1900,163.7200,165.9400,164.4955,20457100
2018-09-12,163.2500,164.4900,161.8000,162.0000,160.5898,24078100
2018-09-13,162.0000,163.3200,160.8600,161.3600,159.9553,25453800
2018-09-14,161.7200,162.8400,160.3400,162.3200,160.9070,21770400
2018-09-17,161.9200,162.0600,159.7700,160.5800,159.1821,21005300
2018-09-18,159.3900,161.7600,158.8700,160.3000,158.9046,22465200
2018-09-19,160.0800,163.4400,159.4800,163.0600,161.6405,19629000
2018-09-20,164.5000,166.4500,164.4700,166.0200,164.5748,18936000
2018-09-21,166.6400,167.2500,162.8100,162.9300,161.5117,45994800
2018-09-24,161.0300,165.7000,160.8800,165.4100,163.9701,19222800
2018-09-25,161.9900,165.5900,161.1500,164.9100,163.4744,27622800
2018-09-26,164.3000,169.3000,164.2100,166.9500,165.4967,25252200
2018-09-27,167.5500,171.7700,167.2100,168.8400,167.3702,27266900
2018-09-28,168.3300,168.7900,162.5600,164.4600,163.0284,34265600
2018-10-01,163.0300,165.8800,161.2600,162.4400,161.0260,26407700
2018-10-02,161.5800,162.2800,158.6700,159.3300,157.9430,36031000
2018-10-03,160.0000,163.6600,159.5300,162.4300,161.0160,23109500
2018-10-04,161.4600,161.4600,157.3500,158.8500,157.4672,25739600
2018-10-05,159.2100,160.9000,156.2000,157.3300,155.9604,25744000
2018-10-08,155.5400,158.3400,154.3900,157.2500,155.8811,24046000
2018-10-09,157.6900,160.5900,157.4200,157.9000,156.5254,18844400
2018-10-10,156.8200,157.6900,151.3100,151.3800,150.0622,30610000
2018-10-11,150.1300,154.8100,149.1600,153.3500,152.0151,35338900
2018-10-12,156.7300,156.8900,151.3000,153.7400,152.4017,25293500
2018-10-15,153.3200,155.5700,152.5500,153.5200,152.1836,15433500
2018-10-16,155.4000,159.4600,155.0100,158.7800,157.3978,19180100
2018-10-17,159.5600,160.4900,157.9500,159.4200,158.0322,17592000
2018-10-18,158.5100,158.6600,153.2800,154.9200,153.5714,21675100
2018-10-19,155.8600,157.3500,153.5500,154.0500,152.7090,19761300
2018-10-22,154.7600,157.3400,154.4600,154.7800,153.4326,15424700
2018-10-23,151.2200,154.7700,150.8500,154.3900,153.0460,19095000
2018-10-24,154.2800,154.6500,145.6000,146.0400,144.7687,27744600
2018-10-25,147.7300,152.2100,147.0000,150.9500,149.6360,22105700
2018-10-26,145.8200,149.0000,143.8000,145.3700,144.1045,31303300
2018-10-29,148.5000,148.8300,139.0300,142.0900,140.8531,31336800
2018-10-30,139.9400,146.6400,139.7400,146.2200,144.9472,50528300
2018-10-31,155.0000,156.4000,148.9600,151.7900,150.4686,60101300
2018-11-01,151.5200,152.7500,149.3500,151.7500,150.4290,25640800
2018-11-02,151.8000,154.1300,148.9600,150.3500,149.0412,24708700
2018-11-05,150.1000,150.1900,147.4400,148.6800,147.3857,15971200
2018-11-06,149.3100,150.9700,148.0000,149.9400,148.6348,16667100
2018-11-07,151.5700,153.0100,149.8300,151.5300,150.2109,21877400
2018-11-08,150.4900,150.9400,146.7400,147.8700,146.5828,24145800
2018-11-09,146.7500,147.7600,144.0700,144.9600,143.6981,17326900
2018-11-12,144.4800,145.0400,140.4900,141.5500,140.3178,18542100
2018-11-13,142.0000,144.8800,141.6200,142.1600,140.9225,15141700
2018-11-14,143.7000,145.5800,141.5500,144.2200,142.9646,22068400
2018-11-15,142.3300,144.8400,140.8300,143.8500,142.5978,30320300
2018-11-16,141.0700,141.7700,137.7700,139.5300,138.3153,37250600
2018-11-19,137.6100,137.7500,131.2100,131.5500,130.4048,44362700
2018-11-20,127.0300,134.1600,126.8500,132.4300,131.2772,41939500
2018-11-21,134.4000,137.1900,134.1300,134.8200,133.6464,25469700
2018-11-23,133.6500,134.5000,131.2600,131.7300,130.5833,11886100
2018-11-26,133.0000,137.0000,132.7800,136.3800,135.1928,24263600
2018-11-27,135.7500,136.6100,133.7100,135.0000,133.8248,20750300
2018-11-28,136.2800,136.7900,131.8500,136.7600,135.5695,29847500
2018-11-29,135.9200,139.9900,135.6600,138.6800,137.4728,24238700
2018-11-30,138.2600,140.9700,137.3600,140.6100,139.3860,25732600
2018-12-03,143.0000,143.6800,140.7600,141.0900,139.8618,24819200
2018-12-04,140.7300,143.3900,137.1600,137.9300,136.7293,30307400
2018-12-06,133.8200,139.7000,133.6700,139.6300,138.4145,28218100
2018-12-07,139.2500,140.8700,136.6600,137.4200,136.2237,21195500
2018-12-10,139.6000,143.0500,139.0100,141.8500,140.6152,26422200
2018-12-11,143.8800,143.8800,141.1000,142.0800,140.8432,20300300
2018-12-12,143.0800,147.1900,142.5100,144.5000,143.2421,23696900
2018-12-13,145.5700,145.8500,143.1900,145.0100,143.7477,18148600
2018-12-14,143.3400,146.0100,142.5100,144.0600,142.8059,21785800
2018-12-17,143.0800,144.9200,138.4200,140.1900,138.9696,24334000
2018-12-18,141.0800,145.9300,139.8300,143.6600,142.4094,24709100
2018-12-19,141.2100,144.9100,132.5000,133.2400,132.0801,57404900
2018-12-20,130.7000,135.5700,130.0000,133.4000,132.2387,40297900
2018-12-21,133.3900,134.9000,123.4200,124.9500,123.8623,56901500
2018-12-24,123.1000,129.7400,123.0200,124.0600,122.9800,22066000
2018-12-26,126.0000,134.2400,125.8900,134.1800,133.0119,39723400
2018-12-27,132.4400,134.9900,129.6700,134.5200,133.3490,31202500
2018-12-28,135.3400,135.9200,132.2000,133.2000,132.0405,22627600
2018-12-31,134.4500,134.6400,129.9500,131.0900,129.9488,24625300
2019-01-02,128.9900,137.5100,128.5600,135.6800,134.4989,28146200
2019-01-03,134.6900,137.1700,131.1200,131.7400,130.5932,22717900
2019-01-04,134.0100,138.0000,133.7500,137.9500,136.7491,29002100
2019-01-07,137.5600,138.8700,135.9100,138.0500,136.8483,20089300
2019-01-08,139.8900,143.1400,139.5400,142.5300,141.2892,26263800
2019-01-09,142.9500,144.7000,141.2700,144.2300,142.9745,22205900
2019-01-10,143.0800,144.5600,140.8400,144.2000,142.9447,16125000
2019-01-11,143.1500,145.3600,142.5700,143.8000,142.5482,12908000
2019-01-14,142.0000,146.5700,141.2700,145.3900,144.1244,20520300
2019-01-15,146.0100,150.6800,145.9900,148.9500,147.6534,24069000
2019-01-16,149.0000,149.6500,147.0000,147.5400,146.2556,18025700
2019-01-17,146.9500,149.0000,146.5000,148.3000,147.0090,15787900
2019-01-18,149.7500,152.4300,148.5500,150.0400,148.7339,31029600
2019-01-22,149.2000,151.5300,146.3700,147.5700,146.2854,22378700
2019-01-23,148.2800,148.8000,143.0600,144.3000,143.0439,20098400
2019-01-24,144.6400,146.4400,142.5200,145.8300,144.5605,20955500
2019-01-25,147.4800,149.8300,146.5400,149.0100,147.7129,22237200
2019-01-28,148.0500,148.9600,146.2100,147.4700,146.1863,15508500
2019-01-29,148.0900,148.1000,143.4300,144.1900,142.9348,17632100
2019-01-30,146.2200,150.9500,145.7000,150.4200,149.1106,44613200
2019-01-31,165.6000,171.6800,165.0000,166.6900,165.2389,77233600
2019-02-01,165.8400,169.1000,165.6600,165.7100,164.2675,30806500
2019-02-04,165.7000,169.3000,163.6200,169.2500,167.7767,20036000
2019-02-05,169.1500,171.9800,168.6900,171.1600,169.6700,22557000
2019-02-06,171.2000,172.4700,169.2700,170.4900,169.0059,13281200
2019-02-07,168.2000,169.2400,165.2500,166.3800,164.9316,17517600
2019-02-08,164.4700,167.3700,164.2100,167.3300,165.8734,12561400
2019-02-11,167.9000,168.3000,165.0800,165.7900,164.3468,12811200
2019-02-12,166.8600,168.3400,164.5000,165.0400,163.6033,16292300
2019-02-13,165.3800,166.2200,163.7300,164.0700,162.6418,14205100
2019-02-14,163.1900,164.8700,162.2500,163.9500,162.5228,12755200
2019-02-15,164.5100,164.7000,160.8600,162.5000,161.0854,15504400
2019-02-19,160.5000,164.1500,160.3300,162.2900,160.8772,14345400
2019-02-20,162.2500,163.7200,161.2500,162.5600,161.1449,11770700
2019-02-21,161.9300,162.2400,159.5900,160.0400,158.6468,15607800
2019-02-22,160.5800,162.4100,160.3100,161.8900,160.4807,15858500
2019-02-25,163.0700,166.0700,162.9000,164.6200,163.1870,18737100
2019-02-26,164.3400,166.2400,163.8000,164.1300,162.7012,13784100
2019-02-27,162.9000,163.9300,160.4100,162.8100,161.3927,12697500
2019-02-28,162.3700,163.5000,160.8600,161.4500,160.0446,11114200
2019-03-01,162.6000,163.1300,161.6900,162.2800,160.8673,11097800
2019-03-04,163.9000,167.5000,163.8300,167.3700,165.9130,18894700
2019-03-05,167.3700,171.8800,166.5500,171.2600,169.7692,28187900
2019-03-06,172.9000,173.5700,171.2700,172.5100,171.0083,21531700
2019-03-07,171.5000,171.7400,167.6100,169.1300,167.6577,18306500
2019-03-08,166.2000,169.6200,165.9700,169.6000,168.1236,13184800
2019-03-11,171.6000,174.3000,171.5800,172.0700,170.5721,18884000
2019-03-12,172.0900,173.8000,171.2200,171.9200,170.4234,12155300
2019-03-13,172.3200,174.0300,172.1200,173.3700,171.8608,11973300
2019-03-14,169.7600,171.1500,168.1600,170.1700,168.6887,18037400
2019-03-15,167.1600,167.5800,162.5100,165.9800,164.5351,37135400
2019-03-18,163.5700,163.9000,159.2800,160.4700,159.0731,37524200
2019-03-19,161.4800,163.8200,160.8200,161.5700,160.1635,25611500
2019-03-20,161.5000,166.1200,161.2400,165.4400,163.9998,20211500
2019-03-21,164.8900,166.3900,163.7500,166.0800,164.6342,16223000
2019-03-22,165.6500,167.4200,164.0900,164.3400,162.9094,16389200
2019-03-25,163.0000,166.5400,162.0000,166.2900,164.8424,12631200
2019-03-26,167.3500,169.4500,166.3500,167.6800,166.2203,15437900
2019-03-27,167.8500,168.9400,164.7900,165.8700,164.4261,10620300
2019-03-28,164.5700,166.7200,163.3300,165.5500,164.1089,10443000
2019-03-29,166.3900,167.1900,164.8100,166.6900,165.2389,13455500
2019-04-01,167.8300,168.9000,167.2800,168.7000,167.2315,10381500
2019-04-02,170.1400,174.9000,169.5500,174.2000,172.6836,23946500
2019-04-03,174.5000,177.9600,172.9500,173.5400,172.0293,27391100
2019-04-04,176.0200,178.0000,175.5300,176.0200,174.4877,17847700
2019-04-05,176.8800,177.0000,175.1000,175.7200,174.1903,9594100
2019-04-08,175.2100,175.5000,174.2300,174.9300,173.4072,7297400
2019-04-09,175.6200,179.1900,175.5500,177.5800,176.0342,19751000
2019-04-10,178.1800,178.7900,176.5400,177.8200,176.2721,11701500
2019-04-11,178.2400,178.4000,177.0000,177.5100,175.9647,8071000
2019-04-12,178.0000,179.6300,177.9500,179.1000,177.5409,12329800
2019-04-15,178.5000,180.5000,176.8700,179.6500,178.0861,10834800
2019-04-16,179.0000,180.1700,178.3000,178.8700,177.3129,11215200
2019-04-17,179.6000,180.7400,178.3600,178.7800,177.2237,9973700
2019-04-18,178.8000,178.8800,177.3400,178.2800,176.7280,11655600
2019-04-22,178.2500,181.6700,178.2500,181.4400,179.8605,13389900
2019-04-23,182.7400,184.2200,181.4800,183.7800,182.1802,19954800
2019-04-24,184.4900,185.1400,181.6500,182.5800,180.9906,37289900
2019-04-25,196.9800,198.4800,192.1200,193.2600,191.5776,54148800
2019-04-26,192.5000,192.9000,189.0900,191.4900,189.8230,22075000
2019-04-29,190.9500,195.4100,190.6500,194.7800,193.0844,19641300
2019-04-30,194.1900,197.3900,192.2800,193.4000,191.7164,23494700
2019-05-01,194.7800,196.1800,193.0100,193.0300,191.3497,15996600
2019-05-02,193.0000,194.0000,189.7500,192.5300,190.8540,13209500
2019-05-03,194.3800,196.1600,193.7100,195.4700,193.7684,14575400
2019-05-06,191.2400,194.2800,190.5500,193.8800,192.1922,13994900
2019-05-07,192.5400,192.9000,187.8500,189.7700,188.1180,16253000
2019-05-08,189.3900,190.7200,188.5500,189.5400,187.8900,12505700
2019-05-09,187.2000,189.7700,186.2600,188.6500,187.0078,12967000
2019-05-10,188.2500,190.0000,184.5900,188.3400,186.7005,12578500
2019-05-13,183.5000,185.4300,180.8400,181.5400,179.9597,16833300
2019-05-14,182.5200,183.4900,178.1000,180.7300,179.1567,17628100
2019-05-15,180.4200,187.2800,180.0200,186.2700,184.6485,16746900
2019-05-16,185.0500,188.5800,185.0500,186.9900,185.3622,12953100
2019-05-17,184.8400,187.5800,184.2800,185.3000,183.6870,10485400
2019-05-20,181.8800,184.2300,181.3700,182.7200,181.1294,10352000
2019-05-21,184.5700,185.7000,183.8900,184.8200,183.2112,7502800
2019-05-22,184.7300,186.7400,183.6100,185.3200,183.7068,9213800
2019-05-23,182.4200,183.9000,179.6700,180.8700,179.2955,12768800
2019-05-24,182.3300,183.6300,180.8300,181.0600,179.4839,8807700
2019-05-28,181.5400,184.7100,181.4500,184.3100,182.7056,14843300
2019-05-29,183.5000,184.5600,181.3500,182.1900,180.6040,12797700
2019-05-30,183.0800,183.4800,180.8900,183.0100,181.4169,8581500
2019-05-31,180.2800,180.5400,177.1600,177.4700,175.9251,15226500
2019-06-03,175.0000,175.0500,161.0100,164.1500,162.7211,56059600
2019-06-04,163.7100,168.2800,160.8400,167.5000,166.0419,46044300
2019-06-05,167.4800,168.7200,164.6300,168.1700,166.7060,19758300
2019-06-06,168.3000,169.7000,167.2300,168.3300,166.8647,12446400
2019-06-07,170.1700,173.8700,168.8400,173.3500,171.8410,16917300
2019-06-10,174.7500,177.8600,173.8000,174.8200,173.2982,14767900
2019-06-11,178.4800,179.9800,176.7900,178.1000,176.5497,15266600
2019-06-12,178.3800,179.2700,172.8800,175.0400,173.5163,17699800
2019-06-13,175.5300,178.0300,174.6100,177.4700,175.9251,12253600
2019-06-14,180.5100,181.8400,180.0000,181.3300,179.7515,16773700
2019-06-17,185.0100,189.5000,184.4100,189.0100,187.3646,29459900
2019-06-18,194.0000,194.5300,187.2800,188.4700,186.8294,37571400
2019-06-19,187.0000,188.1000,184.5500,187.4800,185.8480,21417100
2019-06-20,190.9500,191.1600,187.6400,189.5300,187.8801,14635700
2019-06-21,188.7500,192.0000,188.7500,191.1400,189.4761,22751200
2019-06-24,192.4200,193.9800,191.5700,192.6000,190.9234,15509000
2019-06-25,192.8800,193.1400,188.1300,188.8400,187.1961,16750300
2019-06-26,189.5400,190.7600,187.3100,187.6600,186.0264,12808600
2019-06-27,189.8800,198.8800,188.2700,189.5000,187.8504,11159000
2019-06-28,190.5500,193.2000,189.9400,193.0000,191.3199,16378900
2019-07-01,195.2100,195.2800,191.9300,193.0000,191.3199,14181800
2019-07-02,193.0000,195.0000,192.7100,195.0000,193.3025,9050000
2019-07-03,194.1600,197.4000,194.1600,197.2000,195.4833,10246100
2019-07-05,196.1800,197.0700,194.1700,196.4000,194.6903,11164100
2019-07-08,195.1900,196.6800,193.6400,195.7600,194.0559,9723900
2019-07-09,194.9700,199.4600,194.8900,199.2100,197.4759,14698600
2019-07-10,200.0000,202.9600,199.6700,202.7300,200.9652,20571700
2019-07-11,203.2600,203.8000,200.2100,201.2300,199.4783,13678500
2019-07-12,199.6800,205.3000,199.1600,204.8700,203.0866,15366300
2019-07-15,204.2500,205.3300,201.8200,203.9100,202.1349,16030300
2019-07-16,203.8900,205.4700,203.1000,203.8400,202.0655,12132700
2019-07-17,204.1800,204.3600,201.5900,201.8000,200.0433,12083700
2019-07-18,200.1500,202.4700,199.3800,200.7800,199.0322,11937900
2019-07-19,202.1800,202.3300,198.0700,198.3600,196.6332,12098300
2019-07-22,199.9100,202.5700,198.8100,202.3200,200.5588,13589000
2019-07-23,202.8400,204.2400,200.9600,202.3600,200.5984,14583700
2019-07-24,197.6300,204.8100,197.2200,204.6600,202.8784,32532500
2019-07-25,206.7000,208.6600,198.2600,200.7100,198.9628,39889900
2019-07-26,200.1900,202.8800,196.2500,199.7500,198.0111,24434000
2019-07-29,199.0000,199.6300,195.3000,195.9400,194.2343,16530800
2019-07-30,195.3900,198.7100,193.5000,197.0400,195.3248,11903600
2019-07-31,196.9500,198.7600,192.6800,194.2300,192.5392,14593500
2019-08-01,194.1700,198.4700,190.8800,192.7300,191.0523,17777000
2019-08-02,191.1000,192.6200,188.0700,189.0200,187.3746,15297000
2019-08-05,184.6900,185.6700,179.3400,181.7300,180.1480,23086700
2019-08-06,183.6900,185.7900,183.0900,184.5100,182.9038,18035700
2019-08-07,183.6000,186.3700,181.2200,185.1500,183.5383,15833200
2019-08-08,186.6200,190.3400,184.0500,190.1600,188.5046,14828900
2019-08-09,190.0000,190.9800,187.1200,187.8500,186.2147,11058800
2019-08-12,186.8500,187.5900,184.4600,185.3700,183.7563,10930900
2019-08-13,185.5200,191.3800,185.3700,188.4500,186.8095,13577000
2019-08-14,185.8000,185.9900,179.3100,179.7100,178.1456,18903700
2019-08-15,180.9500,183.2000,180.0300,182.5900,181.0005,12925900
2019-08-16,183.7500,185.1000,182.3600,183.7000,182.1009,12654600
2019-08-19,186.0100,187.5000,184.8500,186.1700,184.5494,9691200
2019-08-20,185.4500,186.0000,182.3900,183.8100,182.2099,10083400
2019-08-21,185.0000,185.9000,183.1400,183.5500,181.9522,8398200
2019-08-22,183.4300,184.1100,179.9100,182.0400,180.4553,10821400
2019-08-23,180.8400,183.1300,176.6600,177.7500,176.2027,17323400
2019-08-26,179.4000,180.5000,178.2400,180.3600,178.7899,8773600
2019-08-27,181.9300,184.0400,181.0100,181.3000,179.7218,14399600
2019-08-28,180.5300,181.9500,178.9200,181.7600,180.1777,9386100
2019-08-29,183.7700,186.0800,183.4700,185.5700,183.9546,10128700
2019-08-30,186.7800,186.8000,183.4600,185.6700,184.0537,10774500
2019-09-03,184.0000,185.6700,182.1100,182.3900,180.8023,9779400
2019-09-04,184.6500,187.7500,183.8900,187.1400,185.5109,11308000
2019-09-05,188.5300,191.3600,187.9400,190.9000,189.2382,13876700
2019-09-06,190.2100,190.2100,186.3500,187.4900,185.8579,15226800
2019-09-09,187.7300,188.9800,185.8500,188.7600,187.1168,14722400
2019-09-10,187.4400,188.1000,184.5500,186.1700,184.5494,15455900
2019-09-11,186.4600,189.4400,186.0800,188.4900,186.8492,11761700
2019-09-12,189.8600,190.9300,187.2300,187.4700,185.8380,11419800
2019-09-13,187.3300,187.9700,186.5400,187.1900,185.5605,11441100
2019-09-16,186.9300,187.7900,185.7700,186.2200,184.5989,8444800
2019-09-17,186.6600,188.3200,185.5400,188.0800,186.4427,9671100
2019-09-18,188.0900,189.0800,186.0100,188.1400,186.5022,9681900
2019-09-19,188.6600,191.1000,188.1500,190.1400,188.4848,10392700
2019-09-20,190.6600,193.1000,188.1200,189.9300,188.2766,19934200
2019-09-23,189.3400,190.1000,185.2100,186.8200,185.1937,13327600
2019-09-24,187.9800,188.0400,180.3900,181.2800,179.7019,18546600
2019-09-25,181.4500,183.4200,177.8700,182.8000,181.2087,18068300
2019-09-26,181.3300,181.4000,177.6700,180.1100,178.5421,16083300
2019-09-27,180.4900,180.7600,175.6600,177.1000,175.5583,14656200
2019-09-30,177.8700,178.6700,176.8500,178.0800,176.5298,10740000
2019-10-01,179.1500,179.8400,174.8800,175.8100,174.2795,17073000
2019-10-02,174.8400,176.5300,173.0900,174.6000,173.0801,16151700
2019-10-03,175.5700,179.8400,173.6300,179.3800,177.8185,16086300
2019-10-04,179.5500,180.9800,178.1000,180.4500,178.8792,10430200
2019-10-07,180.0000,181.1800,178.0900,179.6800,178.1159,9178300
2019-10-08,178.2600,180.3700,177.7200,177.7500,176.2027,9466900
2019-10-09,179.1600,180.7200,177.9400,179.8500,178.2844,7556900
2019-10-10,180.3200,181.6100,179.1700,180.0300,178.4628,8605000
2019-10-11,182.1500,186.4900,182.1400,184.1900,182.5866,14930500
2019-10-14,184.2000,184.6200,182.5700,183.2800,181.6845,7006000
2019-10-15,183.8000,190.3800,183.6600,188.8900,187.2457,15039100
2019-10-16,188.3200,189.7000,186.9000,189.5500,187.8999,10516900
2019-10-17,190.3000,190.8400,188.7700,190.3900,188.7327,9603000
2019-10-18,190.2300,191.4900,183.9200,185.8500,184.2322,16874200
2019-10-21,187.0400,189.9100,186.7500,189.7600,188.1081,8122600
2019-10-22,190.0000,190.6500,181.5000,182.3400,180.7527,19537600
2019-10-23,182.0100,186.3800,182.0000,186.1500,184.5295,12300400
2019-10-24,184.6200,186.7300,182.8000,186.3800,184.7575,11413500
2019-10-25,185.8300,189.0000,185.0900,187.8900,186.2544,8061200
2019-10-28,187.2000,189.5300,185.0800,189.4000,187.7513,13657900
2019-10-29,191.6900,192.5300,188.4700,189.3100,187.6620,13574900
2019-10-30,189.5600,190.4500,185.9800,188.2500,186.6113,28734600
2019-10-31,196.7000,198.0900,188.2500,191.6500,189.9816,42286500
2019-11-01,192.8500,194.1100,189.9100,193.6200,191.9345,21711800
2019-11-04,194.5500,197.3700,193.8100,194.7200,193.0250,16371300
2019-11-05,195.3700,195.7500,193.6000,194.3200,192.6284,9942000
2019-11-06,194.0300,194.3700,191.3500,191.5500,189.8826,10973000
2019-11-07,191.9100,193.4400,189.4700,190.4200,188.7624,13473000
2019-11-08,190.0000,192.3400,189.7000,190.8400,189.1787,10760800
2019-11-11,189.9300,190.0800,188.5400,189.6100,187.9594,8631200
2019-11-12,190.0000,195.0600,189.7400,194.4700,192.7771,17615500
2019-11-13,194.7000,195.7000,192.7400,193.1900,191.5083,10860700
2019-11-14,192.9300,194.0300,191.4500,193.1500,191.4686,9040500
2019-11-15,194.2600,195.3000,193.3800,195.1000,193.4016,11524300
2019-11-18,194.5600,198.6300,193.0500,197.4000,195.6816,16167200
2019-11-19,197.4000,200.0000,196.8600,199.3200,197.5849,19056800
2019-11-20,198.5800,199.5900,195.4300,197.5100,195.7906,12355400
2019-11-21,197.4200,199.0900,196.8600,197.9300,196.2070,12131000
2019-11-22,198.3800,199.3000,197.6200,198.8200,197.0892,9959800
2019-11-25,199.5200,200.9700,199.2500,199.7900,198.0508,15272300
2019-11-26,200.0000,200.1500,198.0400,198.9700,197.2379,11735500
2019-11-27,199.9000,203.1400,199.4200,202.0000,200.2415,12736600
2019-11-29,201.6000,203.8000,201.2100,201.6400,199.8847,7985200
2019-12-02,202.1300,202.1800,198.0500,199.7000,197.9616,11503400
2019-12-03,197.6000,198.9300,195.0800,198.8200,197.0892,11595300
2019-12-04,200.0000,200.0300,198.0500,198.7100,196.9802,8456300
2019-12-05,199.8600,201.2900,198.2100,199.3600,197.6246,9740400
2019-12-06,200.5000,201.5700,200.0600,201.0500,199.2998,12270600
2019-12-09,200.6500,203.1400,200.2100,201.3400,199.5873,11954800
2019-12-10,201.6600,202.0500,200.1500,200.8700,199.1214,9475700
2019-12-11,200.2800,202.6300,200.2800,202.2600,200.4993,8036800
2019-12-12,202.3500,203.6600,194.1000,196.7500,195.0373,23734800
2019-12-13,196.4000,196.8000,193.1700,194.1100,192.4202,18798000
2019-12-16,195.2700,199.1200,194.8100,197.9200,196.1971,14911500
2019-12-17,198.8400,199.0000,196.1300,198.3900,196.6630,10175700
2019-12-18,200.0900,204.3000,200.0900,202.5000,200.7372,23274400
2019-12-19,202.7800,206.3000,202.5100,206.0600,204.2662,16514600
2019-12-20,207.4800,207.7100,203.4300,206.3000,204.5042,27306900
2019-12-23,206.7000,208.5900,205.6800,206.1800,204.3852,13348900
2019-12-24,206.3000,206.7900,205.0000,205.1200,203.3344,6046300
2019-12-26,205.5700,207.8200,205.3100,207.7900,205.9812,9350700
2019-12-27,208.6700,208.9300,206.5900,208.1000,206.2885,10284200
2019-12-30,207.8600,207.9000,203.9000,204.4100,202.6306,10524300
2019-12-31,204.0000,205.5600,203.6000,205.2500,203.4633,8953500
2020-01-02,206.7500,209.7900,206.2700,209.7800,207.9539,12077100
2020-01-03,207.2100,210.4000,206.9500,208.6700,206.8535,11188400
2020-01-06,206.7000,212.7800,206.5200,212.6000,210.7493,17058900
2020-01-07,212.8200,214.5800,211.7500,213.0600,211.2053,14912400
2020-01-08,213.0000,216.2400,212.6100,215.2200,213.3465,13475000
2020-01-09,217.5400,218.3800,216.2800,218.3000,216.3997,12642800
2020-01-10,219.2000,219.8800,217.4200,218.0600,216.1618,12119400
2020-01-13,219.6000,221.9700,219.2100,221.9100,219.9782,14463400
2020-01-14,221.6100,222.3800,218.6300,219.0600,217.1531,13288900
2020-01-15,220.6100,221.6800,220.1400,221.1500,219.2249,10036500
2020-01-16,222.5700,222.6300,220.3900,221.7700,219.8395,10015300
2020-01-17,222.0300,222.2900,220.5300,222.1400,220.2063,15905900
2020-01-21,222.1600,222.3700,219.1200,221.4400,219.5124,14275800
2020-01-22,222.3100,222.7500,221.2800,221.3200,219.3934,12212800
2020-01-23,220.7500,221.4900,219.2700,219.7600,217.8470,11195000
2020-01-24,220.8000,221.7800,216.1100,217.9400,216.0428,11905800
2020-01-27,213.1000,216.0600,212.5000,214.8700,212.9995,13810700
2020-01-28,216.1400,218.7400,213.5200,217.7900,215.8941,13413800
2020-01-29,221.4400,224.2000,218.4500,223.2300,221.2868,33181300
2020-01-30,206.5300,211.4300,204.7500,209.5300,207.7060,48775500
2020-01-31,208.4300,208.6900,201.0600,201.9100,200.1524,31359900
2020-02-03,203.4400,205.1400,202.5000,204.1900,202.4125,15495600
2020-02-04,206.6200,210.6000,205.2000,209.8300,208.0034,19628900
2020-02-05,212.5100,212.7300,208.7100,210.1100,208.2809,12538200
2020-02-06,210.4700,211.1900,209.3400,210.8500,209.0145,10567500
2020-02-07,210.3000,212.8200,209.9300,212.3300,210.4816,12242500
2020-02-10,211.5200,213.8000,210.6600,213.0600,211.2053,11856400
2020-02-11,210.1900,210.8600,206.5100,207.1900,205.3864,25030800
2020-02-12,207.8500,211.2200,207.4000,210.7600,208.9253,13813700
2020-02-13,209.5200,214.3300,209.1800,213.1400,211.2846,15396600
2020-02-14,214.0000,214.9300,212.6500,214.1800,212.3155,10741700
2020-02-18,213.5500,217.9800,213.4000,217.8000,215.9040,15609200
2020-02-19,217.9900,218.3200,216.1100,217.4900,215.5967,12135100
2020-02-20,216.5200,218.7700,212.9500,214.5800,212.7121,13109200
2020-02-21,213.4800,214.2400,208.8300,210.1800,208.3503,14092300
2020-02-24,201.8000,203.6500,198.1700,200.7200,198.9727,23080100
2020-02-25,202.2500,203.5000,195.9500,196.7700,195.0571,21433500
2020-02-26,197.1900,201.2100,195.4900,197.2000,195.4833,16524500
2020-02-27,191.8200,195.8800,189.5000,189.7500,188.0982,21682600
2020-02-28,182.7000,192.7400,181.8200,192.4700,190.7945,32568900
2020-03-02,194.0300,196.5700,188.8500,196.4400,194.7299,24949000
2020-03-03,196.2200,197.2400,183.9700,185.8900,184.2718,27984100
2020-03-04,189.1700,191.8300,186.3900,191.7600,190.0907,23062500
2020-03-05,186.7800,188.9900,183.8900,185.1700,183.5581,19333400
2020-03-06,178.3300,183.7800,176.2600,181.0900,179.5136,24559600
2020-03-09,169.6000,175.0000,165.1900,169.5000,168.0245,29949000
2020-03-10,174.6700,178.2900,169.5000,178.1900,176.6388,24517800
2020-03-11,174.0100,175.8800,167.6600,170.2400,168.7580,20373900
2020-03-12,159.5400,166.6000,154.3400,154.4700,153.1253,43266300
2020-03-13,163.5300,170.7900,157.6000,170.2800,168.7977,35028600
2020-03-16,152.3200,159.1300,143.1000,146.0100,144.7390,39120400
2020-03-17,150.7400,153.9400,140.0000,149.4200,148.1193,34255600
2020-03-18,139.7500,148.1800,137.1000,146.9600,145.6807,37553100
2020-03-19,146.6200,159.9300,144.8000,153.1300,151.7970,39862300
2020-03-20,156.0200,159.2700,148.0000,149.7300,148.4266,32568400
2020-03-23,149.6600,152.3100,142.2500,148.1000,146.8108,29830800
2020-03-24,155.2100,161.3100,152.5700,160.9800,159.5786,30440400
2020-03-25,158.9200,162.9900,153.0600,156.2100,154.8502,35184300
2020-03-26,158.2500,164.0000,157.0200,163.3400,161.9181,26556800
2020-03-27,158.2000,160.0900,154.7500,156.7900,155.4251,24879900
2020-03-30,159.1800,166.7500,158.0600,165.9500,164.5054,22515200
2020-03-31,165.4800,170.9300,164.2000,166.8000,165.3480,23676300
2020-04-01,161.6200,164.1500,158.0400,159.6000,158.2107,19507600
2020-04-02,159.1000,161.3500,155.9200,158.1900,156.8129,20886300
2020-04-03,157.1500,157.9100,150.8300,154.1800,152.8378,25983300
2020-04-06,160.1500,166.2000,158.5100,165.5500,164.1089,28453600
2020-04-07,171.7900,173.3900,166.0100,168.8300,167.3603,31411900
2020-04-08,171.2500,175.0000,167.7400,174.2800,172.7629,21664200
2020-04-09,175.9000,177.0800,171.5700,175.1900,173.6649,23534300
2020-04-13,173.6700,175.0000,169.4500,174.7900,173.2684,19355400
2020-04-14,178.9800,181.2300,176.6200,178.1700,176.6190,21011800
2020-04-15,175.1900,178.1900,172.8200,176.9700,175.4294,17423000
2020-04-16,177.9500,178.0500,172.5100,176.2500,174.7157,23593200
2020-04-17,179.2000,180.2800,176.6600,179.2400,177.6797,20974800
2020-04-20,177.4100,180.5000,176.7700,178.2400,176.6884,16110700
2020-04-21,175.2500,175.3800,168.3400,170.8000,169.3132,24850500
2020-04-22,178.4500,184.7800,178.1400,182.2800,180.6932,33242000
2020-04-23,184.0800,187.0500,183.1500,185.1300,183.5184,21426600
2020-04-24,183.2300,190.4100,180.8300,190.0700,188.4154,28792000
2020-04-27,192.6600,193.7500,187.4100,187.5000,185.8678,29197800
2020-04-28,188.6600,189.2000,182.5600,182.9100,181.3177,21731000
2020-04-29,190.9300,196.9100,190.0000,194.1900,192.4996,45954500
2020-04-30,206.9200,209.6900,201.5700,204.7100,202.9280,46230100
2020-05-01,201.6000,207.2800,199.0500,202.2700,200.5092,30415600
2020-05-04,200.2000,205.9100,198.7600,205.2600,203.4732,19250700
2020-05-05,207.0200,210.3800,206.5000,207.0700,205.2674,21071200
2020-05-06,208.1200,211.6000,206.6600,208.4700,206.6553,21857000
2020-05-07,211.1600,211.6000,209.0400,211.2600,209.4210,15152000
2020-05-08,212.2400,213.2100,210.8500,212.3500,210.5015,12506000
2020-05-11,210.8900,215.0000,210.3700,213.1800,211.3242,12911900
2020-05-12,213.2900,215.2800,210.0000,210.1000,208.2711,14704600
2020-05-13,209.4300,210.7800,202.1100,205.1000,203.3146,20684600
2020-05-14,202.5600,206.9300,200.6900,206.8100,205.0097,17178900
2020-05-15,205.2700,211.3400,204.1200,210.8800,209.0443,19383200
2020-05-18,212.1500,214.6400,210.9400,213.1900,211.3342,20151900
2020-05-19,213.2700,220.4900,212.8300,216.8800,214.9920,31843200
2020-05-20,223.5000,231.3400,223.1900,229.9700,227.9681,50162900
2020-05-21,234.7200,237.2000,231.2000,231.3900,229.3757,47782600
2020-05-22,231.5100,235.9900,228.7400,234.9100,232.8651,33925600
2020-05-26,239.7700,240.9000,231.6700,232.2000,230.1787,33178300
2020-05-27,229.0700,230.5600,221.1300,229.1400,227.1453,34697600
2020-05-28,224.3000,231.6300,224.0000,225.4600,223.4973,29377200
2020-05-29,225.2000,227.4900,222.8800,225.0900,223.1306,23241500
2020-06-01,224.5900,232.4400,223.5000,231.9100,229.8912,18223800
2020-06-02,230.9400,233.0000,226.5600,232.7200,230.6942,20919000
2020-06-03,232.1100,232.6500,228.5300,230.1600,228.1564,15380300
2020-06-04,229.5600,231.6300,224.6100,226.2900,224.3201,17041500
2020-06-05,226.7100,231.3500,225.3100,230.7700,228.7611,16750400
2020-06-08,229.0300,231.5500,227.4100,231.4000,229.3856,15466500
2020-06-09,231.5200,239.7700,230.4100,238.6700,236.5923,27462900
2020-06-10,240.9600,241.2100,235.2800,236.7300,234.6693,20720700
2020-06-11,229.9400,232.8900,223.5500,224.4300,222.4763,26708200
2020-06-12,229.9000,231.6600,224.5000,228.5800,226.5902,22091400
2020-06-15,225.0900,233.7700,224.8000,232.5000,230.4761,15340300
2020-06-16,237.1400,238.4600,233.0000,235.6500,233.5986,15236700
2020-06-17,235.0000,237.5900,231.7300,235.5300,233.4797,19578100
2020-06-18,234.9900,236.1400,232.1500,235.9400,233.8861,15782500
2020-06-19,237.7900,240.8300,235.5500,238.7900,236.7113,30081300
2020-06-22,238.5600,240.7000,236.9100,239.2200,237.1376,18917800
2020-06-23,241.2800,245.1900,239.8600,242.2400,240.1313,24017900
2020-06-24,241.2000,243.2200,232.6800,234.0200,231.9828,20834900
2020-06-25,234.6200,237.3000,232.7400,235.6800,233.6284,18704300
2020-06-26,232.6400,233.0900,215.4000,216.0800,214.1990,76343900
2020-06-29,209.7500,220.7500,207.1100,220.6400,218.7193,58514300
2020-06-30,220.5900,227.5000,218.4700,227.0700,225.0934,33927100
2020-07-01,228.5000,239.0000,227.5600,237.5500,235.4821,43399700
2020-07-02,239.0000,240.0000,232.6100,233.4200,231.3880,30633600
2020-07-06,233.7600,240.4000,232.2700,240.2800,238.1883,26206200
2020-07-07,239.4100,247.6500,238.8200,240.8600,238.7633,27887800
2020-07-08,238.1100,246.9900,236.5900,243.5800,241.4596,29791300
2020-07-09,245.0000,246.5300,239.2400,244.5000,242.3716,22174900
2020-07-10,243.6900,245.4900,239.3200,245.0700,242.9367,22982700
2020-07-13,247.0100,250.1500,238.4200,239.0000,236.9195,24674900
2020-07-14,236.7600,240.3300,232.0300,239.7300,237.6431,23378100
2020-07-15,241.5500,244.8200,238.0500,240.2800,238.1883,19133600
2020-07-16,238.0000,241.7600,236.3300,240.9300,238.8327,18880700
2020-07-17,241.0000,244.1600,237.8600,242.0300,239.9231,18152400
2020-07-20,240.0600,246.0500,235.6400,245.4200,243.2836,20872200
2020-07-21,246.2200,246.9100,240.0800,241.7500,239.6455,19364200
2020-07-22,240.2600,241.9000,238.1200,239.8700,237.7819,15427900
2020-07-23,239.6300,242.4200,231.7500,232.6000,230.5752,21771800
2020-07-24,230.1900,233.4900,226.9000,230.7100,228.7017,18325800
2020-07-27,231.4600,234.9500,230.8300,233.5000,231.4673,13163100
2020-07-28,234.6300,234.9600,229.8300,230.1200,228.1168,14170100
2020-07-29,231.1400,233.7000,230.3100,233.2900,231.2592,13588300
2020-07-30,230.2200,234.8900,229.0000,234.5000,232.4586,20615300
2020-07-31,255.8200,255.8500,249.0000,253.6700,251.4618,53005100
2020-08-03,252.6500,255.4000,250.3300,251.9600,249.7667,23124900
2020-08-04,251.5600,252.8000,247.4300,249.8300,247.6552,17183500
2020-08-05,250.1900,252.2700,247.7700,249.1200,246.9514,13050100
2020-08-06,249.0400,266.6000,248.6700,265.2800,262.9707,45241600
2020-08-07,264.0800,278.8900,263.4300,268.4400,266.1031,72766400
2020-08-10,268.0400,273.8600,259.6900,263.0000,260.7106,30248800
2020-08-11,260.1900,265.9200,255.1300,256.1300,253.9004,28238300
2020-08-12,258.9700,263.9000,258.1100,259.8900,257.6276,21415700
2020-08-13,261.5500,265.1600,259.5700,261.3000,259.0253,17374000
2020-08-14,262.3100,262.6500,258.6800,261.2400,258.9659,14792700
2020-08-17,262.5000,264.1000,259.4000,261.1600,258.8866,13351100
2020-08-18,260.9500,265.1500,259.2600,262.3400,260.0563,18690400
2020-08-19,261.3900,267.9100,261.3500,262.5900,260.3041,23291500
2020-08-20,261.5000,269.6300,261.4600,269.0100,266.6683,20299700
2020-08-21,268.6900,270.4900,266.4200,267.0100,264.6857,15538600
2020-08-24,271.0700,277.2500,268.7700,271.3900,269.0276,23685600
2020-08-25,272.4100,283.0900,270.2600,280.8200,278.3754,42127200
2020-08-26,284.0000,304.6700,284.0000,303.9100,301.2645,69015200
2020-08-27,300.1600,301.2300,292.0200,293.2200,290.6675,30301300
2020-08-28,295.0000,297.2300,290.9800,293.6600,291.1036,17157400
2020-08-31,293.9500,296.8800,291.5500,293.2000,290.6476,17345100
2020-09-01,294.7100,301.4900,292.7100,295.4400,292.8682,17295900
2020-09-02,298.8800,303.6000,293.0500,302.5000,299.8667,24341400
2020-09-03,295.9900,297.6000,283.6300,291.1200,288.5858,32294100
2020-09-04,287.2500,289.0000,271.1400,282.7300,280.2688,30333700
2020-09-08,271.2800,279.3000,269.4200,271.1600,268.7996,24864000
2020-09-09,275.7700,278.4800,271.3500,273.7200,271.3372,22918800
2020-09-10,275.5100,279.1600,267.0300,268.0900,265.7563,24814700
2020-09-11,270.0600,271.3900,262.6400,266.6100,264.2891,18913900
2020-09-14,270.9500,276.6400,265.7000,266.1500,263.8331,24093800
2020-09-15,270.6700,274.5200,269.3000,272.4200,270.0486,18478500
2020-09-16,267.2900,272.4400,261.7900,263.5200,261.2260,29183400
2020-09-17,258.2800,261.5000,250.1900,254.8200,252.6018,31281400
2020-09-18,258.4000,259.2000,250.0500,252.5300,250.3317,28130800
2020-09-21,247.5400,249.9500,244.1300,248.1500,245.9898,24709400
2020-09-22,253.3100,255.3200,248.2200,254.7500,252.5324,30293100
2020-09-23,255.2600,257.9900,248.1500,249.0200,246.8522,19641300
2020-09-24,246.5000,252.2400,245.6200,249.5300,247.3578,20006800
2020-09-25,249.4000,255.7500,246.6100,254.8200,252.6018,18351300
2020-09-28,259.4000,259.6000,254.8200,256.8200,254.5843,18826300
2020-09-29,257.8100,263.3300,256.9000,261.7900,259.5111,20200200
2020-09-30,261.9800,266.0800,260.1000,261.9000,259.6201,20142500
2020-10-01,265.3500,268.3300,264.8000,266.6300,264.3090,20009800
2020-10-02,261.2100,265.1500,259.1800,259.9400,257.6772,16367600
2020-10-05,262.2000,264.8700,260.8400,264.6500,262.3462,12822300
2020-10-06,261.7800,265.6900,258.2400,258.6600,256.4084,18696900
2020-10-07,259.2100,260.1800,254.8200,258.1200,255.8730,23133400
2020-10-08,259.7500,264.6200,259.1500,263.7600,261.4640,16312800
2020-10-09,264.5200,264.7500,262.1700,264.4500,262.1479,14107800
2020-10-12,270.2000,280.1800,267.8700,275.7500,273.3495,31019300
2020-10-13,277.5800,279.1000,273.3900,276.1400,273.7362,18063300
2020-10-14,277.6200,278.7500,271.5000,271.8200,269.4538,15577800
2020-10-15,267.6000,269.0400,263.6700,266.7200,264.3981,15416100
2020-10-16,267.3800,271.3700,265.3000,265.9300,263.6150,16622700
2020-10-19,265.5300,268.5500,259.8800,261.4000,259.1245,13587000
2020-10-20,263.0600,269.7000,262.8800,267.5600,265.2309,18763200
2020-10-21,279.5600,283.0500,276.3700,278.7300,276.3036,28998600
2020-10-22,279.8700,282.4500,275.0400,278.1200,275.6989,16720000
2020-10-23,278.8000,285.2400,276.8200,284.7900,282.3109,17535200
2020-10-26,283.1600,285.2300,274.2600,277.1100,274.6977,21322900
2020-10-27,278.7600,284.5100,276.3100,283.2900,280.8239,16287200
2020-10-28,278.7900,278.7900,267.2600,267.6700,265.3399,23121800
2020-10-29,276.5500,283.6000,273.7800,280.8300,278.3853,32368100
2020-10-30,274.5000,276.7000,259.1000,263.1100,260.8196,47247800
2020-11-02,264.6000,270.4700,257.3400,261.3600,259.0848,27165700
2020-11-03,263.1600,270.0500,260.8800,265.3000,262.9905,17961900
2020-11-04,281.0000,288.9400,278.6200,287.3800,284.8784,35364400
2020-11-05,291.9000,297.3800,288.9500,294.6800,292.1148,23823600
2020-11-06,293.9500,294.6000,288.0600,293.4100,290.8558,13891000
2020-11-09,289.8700,292.5800,278.5300,278.7700,276.3433,25117700
2020-11-10,273.1000,274.0000,264.0000,272.4300,270.0584,29067700
2020-11-11,273.4700,278.4000,272.4800,276.4800,274.0732,14957000
2020-11-12,277.1800,279.7500,274.4300,275.0800,272.6854,12899500
2020-11-13,277.7200,277.7600,273.1000,276.9500,274.5391,10391200
2020-11-16,275.0500,279.4100,274.6300,278.9600,276.5316,12970400
2020-11-17,277.6800,277.6800,273.2900,275.0000,272.6061,15040300
2020-11-18,274.5200,277.3900,271.8400,271.9700,269.6024,12152900
2020-11-19,271.0200,273.4700,269.1900,272.9400,270.5640,12963700
2020-11-20,272.5600,273.0000,269.4100,269.7000,267.3523,18114700
2020-11-23,270.8900,270.9500,264.5300,268.4300,266.0933,20990800
2020-11-24,268.4900,277.8200,267.8700,276.9200,274.5094,16930400
2020-11-25,278.1400,280.1800,272.6500,275.5900,273.1909,12467000
2020-11-27,277.3900,279.1300,274.8200,277.8100,275.3917,7808400
2020-11-30,276.0300,277.7000,271.0100,276.9700,274.5590,16693300
2020-12-01,279.1600,289.3000,278.9600,286.5500,284.0556,20738900
2020-12-02,285.3600,291.7800,280.8300,287.5200,285.0171,17361600
2020-12-03,286.2500,286.6500,281.0700,281.8500,279.3965,12921700
2020-12-04,280.3000,283.4600,279.3000,279.7000,277.2652,10880300
2020-12-07,279.1900,288.4900,278.2000,285.5800,283.0940,13007700
2020-12-08,286.0100,286.4300,281.5500,283.4000,280.9329,10747700
2020-12-09,283.6600,287.6300,271.7500,277.9200,275.5007,25189700
2020-12-10,275.5400,278.7300,271.8600,277.1200,274.7076,20065100
2020-12-11,274.5300,276.4800,270.2500,273.5500,271.1687,14391400
2020-12-14,273.3700,277.2200,271.5600,274.1900,271.8032,16376900
2020-12-15,274.8300,276.0800,267.4700,275.5500,273.1513,23979500
2020-12-16,274.7600,277.8600,272.5100,275.6700,273.2703,15885000
2020-12-17,277.0700,280.4400,273.6100,274.4800,272.0906,16377800
2020-12-18,275.7700,278.0000,271.1400,276.4000,273.9939,26693200
2020-12-21,272.9800,274.6700,267.7900,272.7900,270.4153,16553700
2020-12-22,271.5000,271.5000,264.6300,267.0900,264.7650,17312900
2020-12-23,266.8900,272.1700,266.2300,268.1100,265.7761,14329000
2020-12-24,268.8800,270.4000,266.2000,267.4000,265.0722,6702000
2020-12-28,268.7400,277.3000,265.6600,277.0000,274.5887,23299700
2020-12-29,276.9500,280.5100,276.2800,276.7800,274.3705,16383000
2020-12-30,277.9500,278.0800,271.7100,271.8700,269.5033,11803800
2020-12-31,272.0000,277.0900,269.8100,273.1600,270.7821,12900400
2021-01-04,274.7800,275.0000,265.2000,268.9400,266.5989,15106100
2021-01-05,268.2900,272.4000,268.2100,270.9700,268.6112,9871600
2021-01-06,262.0000,267.7500,260.0100,263.3100,261.0178,24354100
2021-01-07,265.9000,271.6100,264.7800,268.7400,266.4006,15789800
2021-01-08,268.3100,268.9500,263.1800,267.5700,265.2408,18528300
2021-01-11,260.4800,263.4700,255.9000,256.8400,254.6042,30412300
2021-01-12,256.6300,259.7200,250.3000,251.0900,248.9042,26383500
2021-01-13,251.5500,253.9500,249.2000,251.6400,249.4494,19528900
2021-01-14,253.4000,255.0300,244.6100,245.6400,243.5017,29739400
2021-01-15,247.9000,253.8600,247.1600,251.3600,249.1719,24942900
2021-01-19,256.9000,262.2000,252.7200,261.1000,258.8271,28028500
2021-01-20,268.9300,270.3200,263.6000,267.4800,265.1516,25199900
2021-01-21,269.2600,273.6000,267.4900,272.8700,270.4946,20838700
2021-01-22,272.0100,278.4700,272.0000,274.5000,272.1105,21954000
2021-01-25,278.1400,280.1000,271.5100,278.0100,275.5899,19087000
2021-01-26,278.1400,285.3900,277.8100,282.0500,279.5947,19373600
2021-01-27,282.5300,283.4500,268.1200,272.1400,269.7711,35346200
2021-01-28,277.1800,286.7900,264.7000,265.0000,262.6931,37758800
2021-01-29,265.3000,266.5600,254.8500,258.3300,256.0812,30389500
2021-02-01,259.5200,264.1700,254.9100,262.0100,259.7292,22914300
2021-02-02,264.0000,268.8500,263.2700,267.0800,264.7550,17320800
2021-02-03,265.6200,269.2000,263.8400,266.6500,264.3287,14223400
2021-02-04,267.0100,268.1600,264.0000,266.4900,264.1702,16060000
2021-02-05,266.8000,269.1700,265.6700,268.1000,265.7661,12454400
2021-02-08,268.7500,269.8600,265.0000,266.5800,264.2594,13755200
2021-02-09,266.4400,273.3900,265.7500,269.4500,267.1044,14613400
2021-02-10,272.4500,273.8000,267.7200,271.8700,269.5033,14687200
2021-02-11,271.8900,273.5800,268.4900,270.3900,268.0362,12828600
2021-02-12,270.5200,271.1800,268.3400,270.5000,268.1453,9097600
2021-02-16,270.8000,276.6000,270.0500,273.9700,271.5851,15417200
2021-02-17,271.2400,273.9700,269.5800,273.5700,271.1886,12763200
2021-02-18,269.5700,271.9500,266.0300,269.3900,267.0450,15249100
2021-02-19,269.8600,270.2700,260.1500,261.5600,259.2831,25622600
2021-02-22,257.9500,263.0700,257.5300,260.3300,258.0638,17434900
2021-02-23,259.5000,267.4600,254.9600,265.8600,263.5457,21924600
2021-02-24,262.3300,266.3800,258.3900,264.3100,262.0091,15736100
2021-02-25,262.3000,266.9400,254.0400,254.6900,252.4729,19053100
2021-02-26,256.4700,265.5500,256.4700,257.6200,255.3774,26619500
2021-03-01,260.8200,266.6500,257.9000,264.9100,262.6040,22157300
2021-03-02,265.7800,266.7100,258.6500,259.0000,256.7454,15191700
2021-03-03,260.2900,260.9900,255.1000,255.4100,253.1866,15513500
2021-03-04,256.4700,266.4900,253.5000,257.6400,255.3972,31626500
2021-03-05,260.6700,265.4500,255.6100,264.2800,261.9794,26820100
2021-03-08,265.5500,265.5800,255.0500,255.3100,253.0875,18391800
2021-03-09,261.1800,268.5300,259.8100,265.7400,263.4267,22039700
2021-03-10,268.6400,268.9700,262.8700,264.9000,262.5940,14210300
2021-03-11,268.1100,277.9000,267.8200,273.8800,271.4958,21834000
2021-03-12,269.1400,269.7400,264.0200,268.4000,266.0636,20600200
2021-03-15,269.0800,275.9600,268.5000,273.7500,271.3670,16844800
2021-03-16,276.0800,282.1400,274.8000,279.2800,276.8488,22437700
2021-03-17,275.7100,286.2300,275.4100,284.0100,281.5376,21315000
2021-03-18,279.8700,285.1900,278.2800,278.6200,276.1946,18728300
2021-03-19,281.2200,292.8000,281.2000,290.1100,287.5845,38930500
2021-03-22,290.4500,299.7100,286.7500,293.5400,290.9847,28273100
2021-03-23,293.1500,298.0000,289.8100,290.6300,288.1000,23000900
2021-03-24,291.0000,291.7200,281.1600,282.1400,279.6840,18675000
2021-03-25,280.9800,288.0600,277.7500,278.7400,276.3135,24505600
2021-03-26,278.3000,284.5000,277.7700,283.0200,280.5562,17629200
2021-03-29,285.7700,293.1800,284.7000,290.8200,288.2885,21718800
2021-03-30,289.8300,292.4700,286.7000,288.0000,285.4930,17474500
2021-03-31,289.9900,296.5000,288.6100,294.5300,291.9661,19498200
2021-04-01,298.4000,302.4000,296.6000,298.6600,296.0601,17616000
2021-04-05,300.8900,310.7700,300.6800,308.9100,306.2209,28237000
2021-04-06,308.8400,311.3500,305.2500,306.2600,303.5940,17335200
2021-04-07,306.3400,314.2500,305.5000,313.0900,310.3645,22855200
2021-04-08,314.8500,315.8800,310.0500,313.0200,310.2951,20894100
2021-04-09,311.4000,314.7400,310.3300,312.4600,309.7400,15988600
2021-04-12,311.0500,312.1500,307.9300,311.5400,308.8280,10881900
2021-04-13,312.2100,314.4300,309.3200,309.7600,307.0635,14036900
2021-04-14,307.3000,308.0300,301.9500,302.8200,300.1839,17421400
2021-04-15,306.3400,310.1400,304.1000,307.8200,305.1404,14558300
2021-04-16,308.1700,308.9500,304.6100,306.1800,303.5146,13059200
2021-04-19,305.0100,307.7000,300.5600,302.2400,299.6089,14553500
2021-04-20,301.9900,305.1000,297.2100,302.6500,300.0153,16796400
2021-04-21,301.9500,301.9800,297.3900,301.4700,298.8457,14863500
2021-04-22,301.3300,302.9200,296.0400,296.5200,293.9388,16375400
2021-04-23,298.7600,302.5900,297.1500,301.1300,298.5086,17536800
2021-04-26,303.3400,305.8000,301.5600,303.0400,300.4020,16172600
2021-04-27,304.2800,305.3400,301.1100,303.5700,300.9274,15309300
2021-04-28,307.3600,310.9200,305.3700,307.1000,304.4267,33907200
2021-04-29,330.1200,331.8100,321.6100,329.5100,326.6415,56526800
2021-04-30,326.1400,329.8200,324.5000,325.0800,322.2501,26332400
2021-05-03,326.1700,328.5500,321.8400,322.5800,319.7719,18719500
2021-05-04,320.0200,322.1900,313.1200,318.3600,315.5886,24032600
2021-05-05,318.1900,321.0600,314.4900,315.0200,312.2777,15577600
2021-05-06,314.5200,320.2400,313.2700,320.0200,317.2342,19012200
2021-05-07,322.3800,322.9400,318.7500,319.0800,316.3023,15916700
2021-05-10,314.3500,314.5800,304.8300,305.9700,303.3065,24239200
2021-05-11,300.7500,306.8400,299.6900,306.5300,303.8616,18920100
2021-05-12,301.1300,304.9600,298.1900,302.5500,299.9163,24645500
2021-05-13,306.0800,308.8600,302.7700,305.2600,302.6027,18079200
2021-05-14,309.5400,316.8500,309.0800,315.9400,313.1897,19245700
2021-05-17,313.5500,315.6800,311.5800,315.4600,312.7139,15401300
2021-05-18,315.5900,316.5000,309.8100,309.9600,307.2617,14522400
2021-05-19,304.1900,314.6600,303.5700,313.5900,310.8602,19106200
2021-05-20,313.5800,319.2500,313.1600,318.6100,315.8364,17320200
2021-05-21,319.2900,319.9300,315.8100,316.2300,313.4771,13600900
2021-05-24,318.2100,325.9500,318.0300,324.6300,321.8040,16445400
2021-05-25,327.0800,329.1800,324.8000,327.7900,324.9366,16437000
2021-05-26,328.3500,329.8300,325.8200,327.6600,324.8077,9686900
2021-05-27,328.0000,333.7800,326.7600,332.7500,329.8534,20477700
2021-05-28,331.0000,332.8700,328.3300,328.7300,325.8684,12037400
2021-06-01,330.1500,331.4200,326.6400,329.1300,326.2649,11765900
2021-06-02,330.3800,331.8700,327.1200,329.1500,326.2847,11654300
2021-06-03,325.7800,327.3800,323.4800,326.0400,323.2018,12610800
2021-06-04,325.9000,332.4600,325.1800,330.3500,327.4743,13289400
2021-06-07,329.4800,337.6900,328.9300,336.5800,333.6500,20136700
2021-06-08,336.7000,338.3000,332.2400,333.6800,330.7752,14580500
2021-06-09,335.7400,336.8000,330.0000,330.2500,327.3751,13727900
2021-06-10,330.7900,333.9400,328.5500,332.4600,329.5659,13240200
2021-06-11,332.5800,332.8300,328.9300,331.2600,328.3764,13587900
2021-06-14,331.9000,336.8200,329.8100,336.7700,333.8384,12250800
2021-06-15,336.9900,339.9200,335.0300,336.7500,333.8185,15795200
2021-06-16,336.7000,337.5500,328.7200,331.0800,328.1979,17232200
2021-06-17,330.4900,337.9800,330.1500,336.5100,333.5807,17794100
2021-06-18,334.5300,336.1500,329.0000,329.6600,326.7903,23039500
2021-06-21,331.0900,332.9200,327.6500,332.2900,329.3973,11337500
2021-06-22,332.6900,339.9200,332.6000,339.0300,336.0787,15345300
2021-06-23,339.3500,343.4200,338.2000,340.5900,337.6251,14817800
2021-06-24,341.8500,344.9000,341.7900,343.1800,340.1926,12329100
2021-06-25,342.5900,344.1200,339.6800,341.3700,338.3983,14594400
2021-06-28,342.4600,358.1400,341.7700,355.6400,352.5441,29156100
2021-06-29,356.2700,356.7400,349.0500,351.8900,348.8268,21417300
2021-06-30,352.1700,352.9200,347.1700,347.7100,344.6831,15107500
2021-07-01,346.8200,354.6700,346.5000,354.3900,351.3050,17137000
2021-07-02,355.1000,356.4400,352.6200,354.7000,351.6123,11521300
2021-07-06,356.5000,358.7900,349.1800,352.7800,349.7090,13488500
2021-07-07,355.2600,356.4900,350.0000,350.4900,347.4390,14218900
2021-07-08,345.7300,348.3300,342.5600,345.6500,342.6411,14406500
2021-07-09,345.3200,350.7100,345.2700,350.4200,347.3696,13018700
2021-07-12,351.2300,354.1900,349.6400,353.1600,350.0858,10018600
2021-07-13,351.5000,358.4900,348.8000,352.0900,349.0250,11456000
2021-07-14,354.5600,355.2000,346.7300,347.6300,344.6038,13894200
2021-07-15,349.2300,349.2300,340.2200,344.4600,341.4614,14781600
2021-07-16,344.9100,345.9900,340.1400,341.1600,338.1902,11026100
2021-07-19,337.5700,339.7900,334.5400,336.9500,334.0168,14372300
2021-07-20,338.8000,343.4500,334.5000,341.6600,338.6858,11024300
2021-07-21,341.5000,346.5200,341.2500,346.2300,343.2160,9279700
2021-07-22,346.6800,351.5400,345.2100,351.1900,348.1328,12385400
2021-07-23,360.9100,375.3300,357.1900,369.7900,366.5710,33694300
2021-07-26,369.5800,374.4400,368.2200,372.4600,369.2177,14925200
2021-07-27,371.9100,373.1500,364.5500,367.8100,364.6082,15705400
2021-07-28,374.5600,377.5500,366.9300,373.2800,370.0306,29676900
2021-07-29,361.0000,365.5200,356.7400,358.3200,355.2007,33413200
2021-07-30,354.0000,360.7300,352.9400,356.3000,353.1984,15976200
2021-08-02,358.1000,359.4000,350.7400,351.9500,348.8862,13180400
2021-08-03,352.7300,353.7700,347.7000,351.2400,348.1824,12406100
2021-08-04,352.4200,360.4800,351.5100,358.9200,355.7956,14180600
2021-08-05,359.6400,363.9000,356.9000,362.9700,359.8102,10247200
2021-08-06,361.4000,365.1500,361.4000,363.5100,360.3456,8925000
2021-08-09,363.7600,365.7800,360.7500,361.6100,358.4621,7798900
2021-08-10,361.8300,364.1000,359.0400,361.1300,357.9863,7469900
2021-08-11,362.1000,362.3600,357.8100,359.9600,356.8265,8400300
2021-08-12,358.4500,363.0000,357.1100,362.6500,359.4931,7170700
2021-08-13,362.9700,364.6600,361.4800,363.1800,360.0185,7195700
2021-08-16,362.5200,366.9500,357.3800,366.5600,363.3690,11222100
2021-08-17,362.9800,364.6700,355.0700,358.4500,355.3297,12328700
2021-08-18,356.2500,359.8600,355.1500,355.4500,352.3558,10042400
2021-08-19,351.3500,357.5700,351.0000,355.1200,352.0286,12004500
2021-08-20,354.6000,359.9900,353.3100,359.3700,356.2417,8697700
2021-08-23,359.4400,365.6900,359.1000,363.3500,360.1870,10942000
2021-08-24,363.6600,367.9600,361.8400,365.5100,362.3282,9235100
2021-08-25,365.6000,370.8600,365.4000,368.3900,365.1832,9684500
2021-08-26,368.3800,369.4400,364.1300,364.3800,361.2080,7888700
2021-08-27,365.1000,373.7400,364.0800,372.6300,369.3862,11219100
2021-08-30,372.5600,381.4900,370.5200,380.6600,377.3463,13547300
2021-08-31,379.9500,382.7600,378.8000,379.3800,376.0775,12345400
2021-09-01,379.5900,384.3300,378.8100,382.0500,378.7242,11567200
2021-09-02,381.5000,381.7500,374.0600,375.2800,372.0131,14832900
2021-09-03,374.7500,377.1600,373.1100,376.2600,372.9846,7509600
2021-09-07,375.8800,382.9600,373.1500,382.1800,378.8530,10793800
2021-09-08,380.1600,380.8700,374.7900,377.5700,374.2832,11067200
2021-09-09,377.6400,379.8300,376.5700,378.0000,374.7095,9098900
2021-09-10,381.3600,383.7900,378.2600,378.6900,375.3934,11549600
2021-09-13,381.6800,381.7500,374.3500,376.5100,373.2324,13026300
2021-09-14,377.4000,378.5900,375.1100,376.5300,373.2523,8711600
2021-09-15,377.0000,377.5600,367.6700,373.9200,370.6650,17940300
2021-09-16,372.7900,373.5600,369.7100,373.0600,369.8124,11934200
2021-09-17,371.4100,371.4100,361.5900,364.7200,361.5451,26299000
2021-09-20,359.3000,361.0300,349.8000,355.7000,352.6036,19822800
2021-09-21,358.5000,360.0400,355.1900,357.4800,354.3681,11751900
2021-09-22,347.2300,349.8400,340.6900,343.2100,340.2223,43692900
2021-09-23,345.3600,349.6700,343.0000,345.9600,342.9484,21806300
2021-09-24,343.2400,354.3500,342.3700,352.9600,349.8875,18801900
2021-09-27,349.8100,355.1500,347.0800,353.5800,350.5021,15205800
2021-09-28,347.9700,349.6000,338.9200,340.6500,337.6845,21710300
2021-09-29,343.1500,345.2300,338.8800,339.6100,336.6536,14452200
2021-09-30,340.4500,342.8000,338.1500,339.3900,336.4356,16547100
2021-10-01,341.6100,345.0200,338.6400,343.0100,340.0241,14905300
2021-10-04,335.5300,335.9400,322.7000,326.2300,323.3901,42885000
2021-10-05,328.5800,335.1800,326.1600,332.9600,330.0616,35377900
2021-10-06,329.7400,334.3800,325.8000,333.6400,330.7356,26443000
2021-10-07,337.0000,338.8400,328.9800,329.2200,326.3541,28307500
2021-10-08,331.5100,333.4000,328.7100,330.0500,327.1768,15946100
2021-10-11,327.6300,330.4600,325.3100,325.4500,322.6169,14708200
2021-10-12,323.0300,324.3800,317.3700,323.7700,320.9515,31658700
2021-10-13,326.9700,327.0000,322.6600,324.5400,321.7148,14761500
2021-10-14,328.3600,330.5200,327.1000,328.5300,325.6701,14302200
2021-10-15,328.6800,329.0700,322.5100,324.7600,321.9330,21596400
2021-10-18,328.9500,335.8900,327.5000,335.3400,332.4208,21585000
2021-10-19,339.6500,342.4600,337.2800,339.9900,337.0303,18786300
2021-10-20,343.4500,343.9800,339.4500,340.7800,337.8135,13639500
2021-10-21,340.2800,342.3100,337.8000,341.8800,338.9039,16354400
2021-10-22,326.3500,329.6300,321.1100,324.6100,321.7842,35224500
2021-10-25,320.3000,329.5600,319.7200,328.6900,325.8287,38409000
2021-10-26,328.2600,330.2100,309.6000,315.8100,313.0608,65654000
2021-10-27,314.1900,319.2500,312.0600,312.2200,309.5021,29971800
2021-10-28,312.9900,325.5200,308.1100,316.9200,314.1612,50806800
2021-10-29,320.1900,326.0000,319.6000,323.5700,320.7533,37059400
2021-11-01,326.0400,333.4500,326.0000,329.9800,327.1075,31518900
2021-11-02,331.3800,334.7900,323.8000,328.0800,325.2240,28353000
2021-11-03,327.4900,332.1500,323.2000,331.6200,328.7332,20786500
2021-11-04,334.0100,337.2700,332.6500,335.8500,332.9264,22495300
2021-11-05,340.3100,346.7900,339.6400,341.1300,338.1604,26872800
2021-11-08,344.4200,344.7900,338.3400,338.6200,335.6723,18342500
2021-11-09,340.0000,341.3100,334.4700,335.3700,332.4506,17556700
2021-11-10,332.4900,333.1900,325.5100,327.6400,324.7879,21872600
2021-11-11,329.8200,332.4600,327.0000,327.7400,324.8870,12376600
2021-11-12,330.1800,341.8600,329.7800,340.8900,337.9225,25414300
2021-11-15,344.3400,353.6500,343.2000,347.5600,344.5345,25076600
2021-11-16,343.8300,346.6500,340.8700,342.9600,339.9744,18181100
2021-11-17,344.2400,347.3000,340.1000,340.7700,337.8036,13602800
2021-11-18,339.7200,342.4600,335.3000,338.6900,335.7417,17487200
2021-11-19,342.2000,352.1000,339.9000,345.3000,342.2941,26488500
2021-11-22,349.0500,353.8300,340.5100,341.0100,338.0415,27116800
2021-11-23,338.9300,341.4000,333.5000,337.2500,334.3142,17225000
2021-11-24,336.0000,341.7800,332.8100,341.0600,338.0910,13566200
2021-11-26,335.8000,337.7500,331.9000,333.1200,330.2202,14750700
2021-11-29,336.8900,340.6700,335.3100,338.0300,335.0874,16650900
2021-11-30,335.0000,335.8100,323.4300,324.4600,321.6355,25390000
2021-12-01,330.2900,330.5000,310.2900,310.6000,307.8962,30329600
2021-12-02,311.4000,314.6000,307.2000,310.3900,307.6880,24396200
2021-12-03,313.7300,313.7500,299.5000,306.8400,304.1689,27471000
2021-12-06,308.1300,320.1000,306.3400,317.8700,315.1029,21758300
2021-12-07,321.5700,326.5400,321.0000,322.8100,319.9998,18794000
2021-12-08,325.0000,332.7500,323.0700,330.5600,327.6824,19937700
2021-12-09,329.5400,336.1300,328.0000,329.8200,326.9489,16879200
2021-12-10,332.5600,335.0300,326.3700,329.7500,326.8795,14528000
2021-12-13,330.9500,341.0900,329.5900,334.4900,331.5782,22948700
2021-12-14,328.0500,335.7000,327.6500,333.7400,330.8347,20461000
2021-12-15,332.4900,342.1100,323.9800,341.6600,338.6858,24681300
2021-12-16,338.9800,344.4600,333.7400,334.9000,331.9846,22635000
2021-12-17,332.8000,337.1100,330.7500,333.7900,330.8843,40012600
2021-12-20,329.7800,329.9000,322.5300,325.4500,322.6169,17901800
2021-12-21,326.4100,336.0000,323.7500,334.2000,331.2908,16116800
2021-12-22,333.8000,334.5100,328.2600,330.4500,327.5734,16764600
2021-12-23,330.1000,336.6700,328.3600,335.2400,332.3217,13987700
2021-12-27,338.8500,347.8700,338.0100,346.1800,343.1664,17795000
2021-12-28,346.6300,352.7100,345.2000,346.2200,343.2061,16637600
2021-12-29,346.9100,349.6900,341.6400,342.9400,339.9547,10747000
2021-12-30,344.0000,347.2300,343.2200,344.3600,341.3623,10593300
2021-12-31,343.0200,343.4400,336.2700,336.3500,333.4220,12870500
2022-01-03,338.3000,341.0800,337.1900,338.5400,335.5930,14537900
2022-01-04,339.9500,343.0900,331.8700,336.5300,333.6005,15998000
2022-01-05,333.0200,335.7600,323.8400,324.1700,321.3481,20564500
2022-01-06,322.8200,339.1700,322.7200,332.4600,329.5659,27962800
2022-01-07,332.7400,337.0000,328.8800,331.7900,328.9017,14722000
2022-01-10,325.3100,328.3400,315.4300,328.0700,325.2141,24942400
2022-01-11,326.7800,334.6300,325.2800,334.3700,331.4593,16226800
2022-01-12,335.1800,336.3700,330.0300,333.2600,330.3589,14104900
2022-01-13,334.9800,335.6300,325.7600,326.4800,323.6379,14797100
2022-01-14,321.7900,332.7300,321.2100,331.9000,329.0108,16868500
2022-01-18,323.2900,324.2100,317.6400,318.1500,315.3804,22645600
2022-01-19,319.5800,327.1000,319.3300,319.5900,316.8080,20814700
2022-01-20,323.9000,327.8200,315.9800,316.5600,313.8043,16925000
2022-01-21,314.8100,318.3100,303.0400,303.1700,300.5309,28710700
2022-01-24,297.8400,309.5300,289.0100,308.7100,306.0226,38878100
2022-01-25,299.9500,306.2300,297.5800,300.1500,297.5372,25108500
2022-01-26,307.0100,307.5100,290.8500,294.6300,292.0652,28348800
2022-01-27,297.7500,301.7100,294.2600,294.6400,292.0751,21629900
2022-01-28,295.6200,301.9000,293.0300,301.7100,299.0836,21871600
2022-01-31,300.6800,313.7900,299.3200,313.2600,310.5331,21579500
2022-02-01,314.5600,319.6600,312.1200,319.0000,316.2231,18023800
2022-02-02,327.8200,328.0000,316.8700,323.0000,320.1883,58458300
2022-02-03,244.6500,248.0000,235.7500,237.7600,235.6902,188119900
2022-02-04,234.9700,242.6100,230.1100,237.0900,235.0261,89342200
2022-02-07,237.7000,238.3000,224.0100,224.9100,222.9521,88613800
2022-02-08,220.8500,225.7700,216.1500,220.1800,218.2633,94729700
2022-02-09,224.2000,233.3700,222.2100,232.0000,229.9804,86563300
2022-02-10,228.2700,235.0000,226.7000,228.0700,226.0846,49310400
2022-02-11,228.4600,230.4200,218.7700,219.5500,217.6388,46156900
2022-02-14,219.3100,221.0000,214.7800,217.7000,215.8049,38184000
2022-02-15,220.4700,221.1500,215.0600,221.0000,219.0762,42685500
2022-02-16,212.4100,217.4600,212.3600,216.5400,214.6550,45817500
2022-02-17,214.0200,217.5000,207.1600,207.7100,205.9019,38747500
2022-02-18,209.3900,210.7500,205.1800,206.1600,204.3654,37128400
2022-02-22,202.3400,207.4800,200.0600,202.0800,200.3209,39852400
2022-02-23,204.1600,206.9400,198.0500,198.4500,196.7225,44481400
2022-02-24,191.0600,208.3500,190.2200,207.6000,205.7928,49957200
2022-02-25,204.9400,211.3200,203.1800,210.4800,208.6477,37627600
2022-02-28,207.6800,213.1500,206.8300,211.0300,209.1929,34239800
2022-03-01,209.8700,211.7500,202.2200,203.4900,201.7186,27094900
2022-03-02,204.7800,209.1500,202.0200,208.1100,206.2984,29452100
2022-03-03,209.0200,209.0800,201.4200,202.9700,201.2031,27263500
2022-03-04,202.3700,205.8900,198.7900,200.0600,198.3184,32130900
2022-03-07,200.7900,200.8900,187.2800,187.4700,185.8380,38560600
2022-03-08,187.8500,196.7000,186.1100,190.2900,188.6335,37508100
2022-03-09,195.7400,199.1000,193.9200,198.5000,196.7720,31894700
2022-03-10,194.8400,196.2800,191.0700,195.2100,193.5107,24853000
2022-03-11,192.6400,193.5600,186.6700,187.6100,185.9769,34694500
2022-03-14,187.0300,192.2900,185.8200,186.6300,185.0054,31010500
2022-03-15,190.8000,192.2800,185.9100,192.0300,190.3584,31721700
2022-03-16,194.7000,203.7300,194.5200,203.6300,201.8574,40640300
2022-03-17,201.7000,208.0400,201.1100,207.8400,206.0307,29499700
2022-03-18,206.7000,216.8000,206.0000,216.4900,214.6054,52128000
2022-03-21,214.5000,214.7100,207.6300,211.4900,209.6489,30142300
2022-03-22,211.3700,219.4600,210.1800,216.6500,214.7640,31998800
2022-03-23,213.3300,216.8000,212.1600,213.4600,211.6018,23717300
2022-03-24,215.0000,220.6700,214.7900,219.5700,217.6586,31502300
2022-03-25,220.5100,225.5000,218.8900,221.8200,219.8890,40039000
2022-03-28,222.1300,224.0400,219.5400,223.5900,221.6436,26224100
2022-03-29,226.0700,230.8900,225.2900,229.8600,227.8590,31417900
2022-03-30,228.9100,231.1500,226.7100,227.8500,225.8666,25588000
2022-03-31,228.4500,228.4900,222.2600,222.3600,220.4243,24192300
2022-04-01,224.5500,227.2800,222.7000,224.8500,222.8927,19544800
2022-04-04,225.9800,234.3500,225.8600,233.8900,231.8540,28054800
2022-04-05,234.0800,236.8600,231.0200,231.8400,229.8218,29727200
2022-04-06,226.9100,228.9900,221.4100,223.3000,221.3561,28995100
2022-04-07,223.9300,225.5200,218.5600,222.9500,221.0092,21037200
2022-04-08,222.3800,225.1300,220.0300,222.3300,220.3946,18375700
2022-04-11,218.4200,220.6100,215.2200,216.4600,214.5757,20516600
2022-04-12,220.2400,222.0300,213.1300,214.1400,212.2759,20128800
2022-04-13,211.8200,216.6100,211.3300,214.9900,213.1185,19231800
2022-04-14,214.8900,214.9900,210.0000,210.1800,208.3503,18379500
2022-04-18,210.0000,213.3800,208.3000,210.7700,208.9352,16580800
2022-04-19,210.5200,218.4300,209.0000,217.3100,215.4183,20089900
2022-04-20,213.6100,214.1600,198.9200,200.4200,198.6753,43036500
2022-04-21,201.6000,202.9700,185.5800,188.0700,186.4328,49954100
2022-04-22,190.3700,192.7200,183.2700,184.1100,182.5073,36426800
2022-04-25,182.7300,187.1800,181.6600,186.9900,185.3622,29281100
2022-04-26,186.6300,187.1900,179.5000,180.9500,179.3748,31747400
2022-04-27,174.4300,181.2100,169.0000,174.9500,173.4270,71062900
2022-04-28,202.9200,208.5300,192.9000,205.7300,203.9391,100890600
2022-04-29,204.4600,212.4800,199.9000,200.4700,198.7249,49193400
2022-05-02,201.1700,211.8800,200.9900,211.1300,209.2921,49915300
2022-05-03,210.4500,214.9000,208.0900,212.0300,210.1842,41556300
2022-05-04,210.6500,224.3000,206.9600,223.4100,221.4652,41375900
2022-05-05,218.7400,220.1700,206.1600,208.2800,206.4669,41129200
2022-05-06,207.3400,209.3800,201.0200,203.7700,201.9962,34747200
2022-05-09,199.8400,202.5700,195.5800,196.2100,194.5020,36303200
2022-05-10,199.5100,202.9600,194.1900,197.6500,195.9294,34452500
2022-05-11,196.3300,200.6700,188.2700,188.7400,187.0970,31153400
2022-05-12,187.0600,198.0500,184.7800,191.2400,189.5752,38262200
2022-05-13,192.5800,199.8900,191.2800,198.6200,196.8910,24549800
2022-05-16,197.0500,205.3700,195.9300,200.0400,198.2986,27112600
2022-05-17,202.1200,205.4600,198.3600,202.6200,200.8562,24872700
2022-05-18,200.0000,201.0000,191.6300,192.2400,190.5665,23960000
2022-05-19,191.2000,195.2900,189.6000,191.2900,189.6248,24446900
2022-05-20,194.9700,197.9100,187.8700,193.5400,191.8552,31465600
2022-05-23,195.1900,196.9900,191.2400,196.2300,194.5218,25059200
2022-05-24,180.5500,183.6800,176.1100,181.2800,179.7019,50406300
2022-05-25,180.4000,185.4500,179.3200,183.8300,182.2297,28030200
2022-05-26,182.8800,192.8300,182.2600,191.6300,189.9618,23056500
2022-05-27,191.3600,195.3300,189.8000,195.1300,193.4314,22562700
2022-05-31,194.8900,197.6000,192.0100,193.6400,191.9543,26131100
2022-06-01,196.5100,199.5300,185.0000,188.6400,186.9979,36623500
2022-06-02,188.4500,200.9400,187.7300,198.8600,197.1289,31951600
2022-06-03,195.9800,196.6100,189.7800,190.7800,189.1192,19465000
2022-06-06,193.9900,196.9200,188.4000,194.2500,192.5590,30574200
2022-06-07,191.9300,196.5300,191.4900,195.6500,193.9469,18828700
2022-06-08,194.6700,202.0300,194.4100,196.6400,194.9282,22267200
2022-06-09,194.2800,199.4500,183.6800,184.0000,182.3983,23501600
2022-06-10,183.0400,183.1000,175.0200,175.5700,174.0417,27450800
2022-06-13,170.5900,172.5800,164.0300,164.2600,162.8301,31749300
2022-06-14,166.0300,166.7500,161.3600,163.7300,162.3047,27244300
2022-06-15,167.2000,172.1600,163.9800,169.3500,167.8758,30008300
2022-06-16,163.7200,165.0800,159.6100,160.8700,159.4696,26944100
2022-06-17,161.6800,165.9000,159.9000,163.7400,162.3146,31374200
2022-06-21,165.9300,167.7600,155.9700,157.0500,155.6829,50724900
2022-06-22,158.3800,160.7900,155.4400,155.8500,154.4933,47267800
2022-06-23,156.2700,159.7500,154.2500,158.7500,157.3681,40499200
2022-06-24,161.7300,170.2500,161.3000,170.1600,168.6788,68736000
2022-06-27,171.3200,171.7500,168.0100,169.4900,168.0146,29174600
2022-06-28,169.9000,171.3000,160.6100,160.6800,159.2812,27744500
2022-06-29,163.5700,166.3300,160.3200,163.9400,162.5129,28595200
2022-06-30,162.1500,165.2300,158.4900,161.2500,159.8463,35250600
2022-07-01,160.3100,160.6200,155.0000,160.0300,158.6369,31423900
2022-07-05,158.1400,168.2500,157.0200,168.1900,166.7259,28618600
2022-07-06,168.2000,171.5900,165.4600,169.7700,168.2922,23085900
2022-07-07,169.4500,172.7200,167.7800,172.1900,170.6910,24083400
2022-07-08,169.9800,172.4000,168.1500,170.8800,169.3925,19249200
2022-07-11,167.0700,167.4900,161.9100,162.8800,161.4621,21885600
2022-07-12,164.8000,165.9100,162.1000,163.2700,161.8487,16639700
2022-07-13,160.1600,164.9800,159.6100,163.4900,162.0668,16555100
2022-07-14,161.2200,162.5900,157.2800,158.0500,156.6741,23765200
2022-07-15,160.5400,164.9800,159.8200,164.7000,163.2663,23342800
2022-07-18,166.7500,171.6900,165.6400,167.2300,165.7742,23574300
2022-07-19,170.3700,176.4900,169.5100,175.7800,174.2498,25933700
2022-07-20,177.4900,183.6000,176.7000,183.0900,181.4962,24784300
2022-07-21,180.6300,183.8500,178.8700,183.1700,181.5755,27195800
2022-07-22,173.0700,175.6000,168.4100,169.2700,167.7965,42583900
2022-07-25,169.0000,170.5700,164.8100,166.6500,165.1993,26166300
2022-07-26,165.9400,166.0000,157.9500,159.1500,157.7646,28468400
2022-07-27,162.5900,170.8700,162.0200,169.5800,168.1038,43846600
2022-07-28,161.0600,161.5100,154.8500,160.7200,159.3209,73214300
2022-07-29,157.6900,160.1400,155.1700,159.1000,157.7150,42065400
2022-08-01,157.2500,165.1900,155.2300,159.9300,158.5378,40596700
2022-08-02,158.3100,162.2400,158.0100,160.1900,158.7955,27374500
2022-08-03,162.6900,169.5400,161.5700,168.8000,167.3306,31721900
2022-08-04,168.3000,172.1500,166.8000,170.5700,169.0851,23938200
2022-08-05,166.9900,171.6100,165.8000,167.1100,165.6553,25832700
2022-08-08,168.0000,177.5100,167.1300,170.2500,168.7680,27299100
2022-08-09,168.9500,169.5300,166.6000,168.5300,167.0629,18655100
2022-08-10,175.9900,180.4800,173.9500,178.3400,176.7875,30262100
2022-08-11,179.7100,183.1000,176.3700,177.4900,175.9449,24079100
2022-08-12,180.8100,181.4600,178.9100,180.5000,178.9287,21274000
2022-08-15,178.9600,181.4400,178.2000,180.8900,179.3153,15878700
2022-08-16,179.4400,180.9900,177.0400,179.4700,177.9077,21156700
2022-08-17,176.7600,178.1400,174.1700,174.8500,173.3279,20118100
2022-08-18,174.3400,175.7600,171.8600,174.6600,173.1396,18844500
2022-08-19,170.2000,172.3200,167.0500,167.9600,166.4979,26240800
2022-08-22,165.4900,165.4900,162.2600,163.0500,161.6307,19499700
2022-08-23,162.4800,165.0500,160.7000,161.1100,159.7075,18111800
2022-08-24,160.6000,165.4600,159.7700,163.2600,161.8388,20891500
2022-08-25,165.1800,168.8800,164.0200,168.7800,167.3108,15550500
2022-08-26,168.4800,170.9200,161.6700,161.7800,160.3717,24023600
2022-08-29,160.6600,163.0500,159.0100,159.1700,157.7844,20052700
2022-08-30,160.3500,161.6600,155.9100,157.1600,155.7919,19567900
2022-08-31,167.0700,167.8400,162.1400,162.9300,161.5117,40953000
2022-09-01,163.5800,167.3600,160.3500,165.3600,163.9205,30145700
2022-09-02,167.4500,167.9300,159.2200,160.3200,158.9244,22634200
2022-09-06,160.1000,161.6900,157.6900,158.5400,157.1599,19339800
2022-09-07,157.7600,160.9600,156.8100,160.3900,158.9938,16831200
2022-09-08,158.7100,162.2300,157.7400,162.0600,160.6492,22530800
2022-09-09,163.2500,169.5400,163.0200,169.1500,167.6776,22086800
2022-09-12,167.3900,171.3900,167.2800,168.9600,167.4892,23220400
2022-09-13,161.5400,161.6300,152.6700,153.1300,151.7970,44444100
2022-09-14,153.3300,153.5400,149.0500,151.4700,150.1514,43064200
2022-09-15,149.8000,154.2000,148.7000,149.5500,148.2481,34606300
2022-09-16,148.0500,148.5800,144.2900,146.2900,145.0165,40122800
2022-09-19,145.2400,148.5800,145.1000,148.0200,146.7315,22169500
2022-09-20,145.7800,148.8400,145.2200,146.0900,144.8183,23217400
2022-09-21,146.3900,149.6000,142.0000,142.1200,140.8828,38338600
2022-09-22,141.5500,144.5800,140.8700,142.8200,141.5767,34418500
2022-09-23,141.4200,142.6200,138.8900,140.4100,139.1877,31710700
2022-09-26,140.1200,142.2400,136.1900,136.3700,135.1829,30497000
2022-09-27,137.9200,139.4200,134.1200,134.4000,133.2300,30826500
2022-09-28,134.6200,142.0300,134.2700,141.6100,140.3772,32658500
2022-09-29,139.3600,139.8400,135.2000,136.4100,135.2225,38985400
2022-09-30,136.0500,140.9900,135.5000,135.6800,134.4989,33166400
2022-10-03,137.1400,139.6200,136.1000,138.6100,137.4034,27723100
2022-10-04,140.4900,142.3900,139.3400,140.2800,139.0588,34670700
2022-10-05,138.2400,140.2100,134.7800,138.9800,137.7702,27979300
2022-10-06,137.7200,141.4500,136.6000,139.0700,137.8594,36231100
2022-10-07,136.7600,138.2900,132.4400,133.4500,132.2883,33214800
2022-10-10,133.5500,136.1100,131.8700,133.7900,132.6253,24024000
2022-10-11,131.6200,132.6600,126.9900,128.5400,127.4210,38481400
2022-10-12,128.3200,129.6700,126.2500,127.5000,126.3901,34605200
2022-10-13,123.5300,131.1400,122.5300,130.2900,129.1558,34325700
2022-10-14,131.0000,131.7900,126.5200,126.7600,125.6565,23559400
2022-10-17,130.3000,134.7900,130.1800,134.0400,132.8732,29612200
2022-10-18,137.0900,137.8400,131.4000,132.8000,131.6440,25445000
2022-10-19,132.8900,137.0000,132.2200,133.2300,132.0702,30691000
2022-10-20,132.9300,136.7700,131.3100,131.5300,130.3850,26356300
2022-10-21,126.3100,130.1200,125.4400,130.0100,128.8783,46348600
2022-10-24,127.2500,133.4800,124.5700,129.7200,128.5908,63563400
2022-10-25,130.8800,138.3500,130.5900,137.5100,136.3129,38433200
2022-10-26,131.6800,135.5500,128.5300,129.8200,128.6899,82791500
2022-10-27,97.9800,102.5000,96.3800,97.9400,97.0874,232316600
2022-10-28,99.5800,100.8500,97.5100,99.2000,98.3364,95928300
2022-10-31,98.2200,99.3200,92.6000,93.1600,92.3490,121361400
2022-11-01,94.3300,97.4900,93.5500,95.2000,94.3713,110189600
2022-11-02,94.2100,95.2000,90.4800,90.5400,89.7518,71821100
2022-11-03,90.0800,90.4600,88.4100,88.9100,88.1360,60664000
2022-11-04,90.3500,91.3900,88.0900,90.7900,89.9997,55638100
2022-11-07,94.7800,96.8800,93.1000,96.7200,95.8780,81987300
2022-11-08,95.9200,97.8000,94.7900,96.4700,95.6302,52088300
2022-11-09,101.7200,104.9000,100.7400,101.4700,100.5867,107677300
2022-11-10,107.1200,112.7500,104.6100,111.8700,110.8961,80671000
2022-11-11,109.2300,114.9000,108.8100,113.0200,112.0361,59961700
2022-11-14,110.9900,116.2700,110.8000,114.2200,113.2257,53395000
2022-11-15,116.0700,118.7400,114.4100,117.0800,116.0608,50670500
2022-11-16,114.5000,116.0800,112.6600,113.2300,112.2443,33287800
2022-11-17,110.4100,112.3300,109.8000,111.4500,110.4798,35093800
2022-11-18,113.8000,114.3200,110.6200,112.0500,111.0746,33357700
2022-11-21,111.5200,112.3700,109.1900,109.8600,108.9037,24351100
2022-11-22,109.8600,111.6200,108.3200,111.4400,110.4699,29029000
2022-11-23,111.7200,112.6700,110.7300,112.2400,111.2629,21343100
2022-11-25,111.3000,112.7300,111.0200,111.4100,110.4402,12007600
2022-11-28,110.7800,112.0400,108.3800,108.7800,107.8331,23309400
2022-11-29,109.5400,110.9400,108.5400,109.4600,108.5071,23899200
2022-11-30,109.5100,118.1600,109.3800,118.1000,117.0719,43348600
2022-12-01,119.2000,121.2000,118.4000,120.4400,119.3915,36551400
2022-12-02,117.8300,124.0400,117.6100,123.4900,122.4150,39950500
2022-12-05,121.7500,124.6700,121.3500,122.4300,121.3642,35474900
2022-12-06,119.9100,120.5500,113.7400,114.1200,113.1266,43689200
2022-12-07,113.7600,115.8800,112.8800,113.9300,112.9382,29461100
2022-12-08,116.3900,117.3400,114.5900,115.3300,114.3260,30619400
2022-12-09,115.3000,117.5400,113.8700,115.9000,114.8911,26033400
2022-12-12,115.1800,115.7200,113.1400,114.7100,113.7114,24747100
2022-12-13,122.1300,123.3000,118.6400,120.1500,119.1041,44701100
2022-12-14,119.3900,124.1400,119.3900,121.5900,120.5315,36922000
2022-12-15,118.3300,118.6300,114.0100,116.1500,115.1389,34531000
2022-12-16,120.2300,123.3100,118.8200,119.4300,118.3904,67064000
2022-12-19,116.8300,117.8000,114.3300,114.4800,113.4834,29769900
2022-12-20,113.2600,117.3300,112.4600,117.0900,116.0707,28742500
2022-12-21,116.7000,120.3400,115.6200,119.7600,118.7175,20392800
2022-12-22,117.2000,118.6200,114.3800,117.1200,116.1005,23618100
2022-12-23,116.0300,118.1800,115.5400,118.0400,117.0124,17796600
2022-12-27,117.9300,118.6000,116.0500,116.8800,115.8625,21392300
2022-12-28,116.2500,118.1500,115.5100,115.6200,114.6135,19612500
2022-12-29,116.4000,121.0300,115.7700,120.2600,119.2131,22366200
2022-12-30,118.1600,120.4200,117.7400,120.3400,119.2924,19583800
2023-01-03,122.8200,126.3700,122.2800,124.7400,123.6541,35528500
2023-01-04,127.3800,129.0500,125.8500,127.3700,126.2612,32397100
2023-01-05,126.1300,128.5200,124.5400,126.9400,125.8350,25447100
2023-01-06,128.9700,130.3300,126.0400,130.0200,128.8882,27584500
2023-01-09,131.1600,132.9500,129.2800,129.4700,128.3429,26649100
2023-01-10,127.2700,133.4400,127.1500,132.9900,131.8323,28684400
2023-01-11,130.9600,133.8500,130.3400,132.8900,131.7332,25423000
2023-01-12,133.4400,137.6800,131.7600,136.7100,135.5199,30757700
2023-01-13,134.9700,137.3900,134.8400,136.9800,135.7876,22423800
2023-01-17,136.1800,136.7500,134.2500,135.3600,134.1817,21147600
2023-01-18,135.8100,137.2500,132.8000,133.0200,131.8620,20215500
2023-01-19,132.4900,137.4500,132.1400,136.1500,134.9648,28625200
2023-01-20,135.8900,139.9400,134.6100,139.3700,138.1567,28688600
2023-01-23,139.2900,143.7600,138.6600,143.2700,142.0228,27470100
2023-01-24,141.6900,145.0000,141.3600,143.1400,141.8940,21970200
2023-01-25,141.2200,143.1700,140.3100,141.5000,140.2682,26622000
2023-01-26,144.4000,147.5100,143.3000,147.3000,146.0178,25482100
2023-01-27,148.2400,153.1900,147.3900,151.7400,150.4191,35771900
2023-01-30,149.4100,151.1200,146.9500,147.0600,145.7798,28040100
2023-01-31,147.9500,149.8800,147.5200,148.9700,147.6732,29842100
2023-02-01,148.0300,153.5800,147.0600,153.1200,151.7871,55661000
2023-02-02,183.3800,197.1600,180.1600,188.7700,187.1267,150475700
2023-02-03,183.4700,196.7700,182.8900,186.5300,184.9062,76809700
2023-02-06,186.5300,190.7000,185.5200,186.0600,184.4403,42483800
2023-02-07,185.5800,193.7800,184.4000,191.6200,189.9519,47080700
2023-02-08,190.0000,190.8300,182.9200,183.4300,181.8332,36139100
2023-02-09,186.1300,186.6500,177.2700,177.9200,176.3712,37118800
2023-02-10,176.3500,178.8900,173.3500,174.1500,172.6340,33433600
2023-02-13,178.2200,181.0000,175.8200,179.4300,177.8680,31463200
2023-02-14,177.1600,181.5100,175.8800,179.4800,177.9176,24034600
2023-02-15,176.4200,178.1900,175.3300,177.1600,175.6178,25308900
2023-02-16,172.7500,175.8500,171.7900,172.4400,170.9389,25827500
2023-02-17,170.2200,173.1800,169.7000,172.8800,171.3751,24171300
2023-02-21,174.3100,178.1700,171.8800,172.0800,170.5820,34592600
2023-02-22,171.0700,172.7600,169.6900,171.1200,169.6304,22433200
2023-02-23,172.0000,173.6900,169.3800,172.0400,170.5424,20017800
2023-02-24,168.6400,170.7200,167.6600,170.3900,168.9068,19791300
2023-02-27,171.8800,173.1200,169.0600,169.5400,168.0641,19277000
2023-02-28,171.9000,177.5500,171.8700,174.9400,173.4171,46051100
2023-03-01,174.5900,177.8500,173.0500,173.4200,171.9104,30998400
2023-03-02,172.3800,175.0100,171.4300,174.5300,173.0107,17352000
2023-03-03,178.9200,186.6200,177.0500,185.2500,183.6374,45877700
2023-03-06,188.0000,189.6600,184.6400,184.9000,183.2904,33209400
2023-03-07,189.0000,190.3600,184.0100,184.5100,182.9038,36701500
2023-03-08,182.8700,185.2600,181.3400,184.9700,183.3598,19432400
2023-03-09,186.3500,188.9300,180.3000,181.6900,180.1083,26582800
2023-03-10,181.0100,184.7700,178.8000,179.5100,177.9473,25665000
2023-03-13,177.9600,183.7800,174.8200,180.9000,179.3252,24728000
2023-03-14,187.5800,194.3200,186.5600,194.0200,192.3310,41642600
2023-03-15,192.9500,197.7800,190.8400,197.7500,196.0286,42123600
2023-03-16,198.2600,205.7600,196.0900,204.9300,203.1460,50447100
2023-03-17,200.5600,201.9000,195.4300,195.6100,193.9072,50141100
2023-03-20,198.4800,199.3600,193.6400,197.8100,196.0880,25186300
2023-03-21,203.2000,203.5500,197.9500,202.1600,200.4002,31827000
2023-03-22,202.5000,207.3700,199.6700,199.8100,198.0706,28477800
2023-03-23,202.8400,207.8800,202.1500,204.2800,202.5017,27389700
2023-03-24,205.1800,207.5800,203.5500,206.0100,204.2166,27716400
2023-03-27,204.8100,205.8600,201.3600,202.8400,201.0742,18527200
2023-03-28,200.1500,201.0300,197.9000,200.6800,198.9331,19127300
2023-03-29,203.5600,205.7200,202.5400,205.3500,203.5624,18851100
2023-03-30,203.3800,208.0900,202.8200,207.8400,206.0307,22608300
2023-03-31,207.2400,212.1700,206.7700,211.9400,210.0950,25440300
2023-04-03,208.8400,213.4900,208.2000,213.0700,211.2152,17924600
2023-04-04,213.3900,216.2400,212.5400,214.7200,212.8508,21026400
2023-04-05,214.1500,215.1900,209.9400,211.4800,209.6391,19396600
2023-04-06,209.2500,216.9400,208.6500,216.1000,214.2188,26104400
2023-04-10,214.7100,215.6600,210.6600,214.7500,212.8806,16106100
2023-04-11,215.4800,216.0200,213.4100,213.8500,211.9884,16710100
2023-04-12,214.8400,216.8400,212.5800,214.0000,212.1371,18972200
2023-04-13,215.7300,221.1500,215.6900,220.3500,218.4318,23310400
2023-04-14,217.8800,222.1100,217.5500,221.4900,219.5619,21591200
2023-04-17,219.7900,220.9800,217.1300,218.8600,216.9548,15481900
2023-04-18,219.9100,220.4400,216.2100,217.8900,215.9932,12281000
2023-04-19,213.4700,217.3300,212.9300,215.7000,213.8223,15898100
2023-04-20,213.4800,216.7500,212.7700,213.0700,211.2152,16475400
2023-04-21,210.2100,213.4100,209.5800,212.8900,211.0368,17717200
2023-04-24,213.6800,213.9200,210.7100,212.7900,210.9376,15750900
2023-04-25,210.8200,211.2600,207.1300,207.5500,205.7433,19198200
2023-04-26,212.5000,214.1100,208.8800,209.4000,207.5772,41992700
2023-04-27,239.8900,241.6900,236.7700,238.5600,236.4833,71196500
2023-04-28,239.0100,240.4300,235.7500,240.3200,238.2280,39554000
2023-05-01,238.6200,244.0000,236.4600,243.1800,241.0631,29143900
2023-05-02,243.1800,244.9200,238.9900,239.2400,237.1574,24350100
2023-05-03,239.4700,241.7500,232.7500,237.0300,234.9667,34463900
2023-05-04,236.0600,238.2000,232.9300,233.5200,231.4872,17889400
2023-05-05,232.2400,234.6800,229.8500,232.7800,230.7536,27000500
2023-05-08,231.4200,235.6200,230.2700,233.2700,231.2394,16400500
2023-05-09,231.4600,235.8800,231.0800,233.3700,231.3385,16865600
2023-05-10,236.1700,236.7500,230.7200,233.0800,231.0510,19119000
2023-05-11,233.0500,238.2100,232.3000,235.7900,233.7374,20449000
2023-05-12,236.7400,236.9600,231.4500,233.8100,231.7746,16161400
2023-05-15,236.9200,240.2600,235.3300,238.8600,236.7807,20653200
2023-05-16,235.7900,239.6400,235.5200,238.8200,236.7410,18163800
2023-05-17,238.4500,243.8400,238.1400,242.4900,240.3791,21193100
2023-05-18,241.3000,247.0900,241.1900,246.8500,244.7011,22943300
2023-05-19,247.4700,248.6900,243.4100,245.6400,243.5017,21733600
2023-05-22,245.4100,253.5700,245.1200,248.3200,246.1584,27738500
2023-05-23,246.8100,251.6100,246.6500,246.7400,244.5921,17748100
2023-05-24,245.2800,249.5900,244.9500,249.2100,247.0406,17724300
2023-05-25,253.4000,255.6200,249.1700,252.6900,250.4903,22371400
2023-05-26,252.9300,262.3100,252.7100,262.0400,259.7589,25727200
2023-05-30,265.2500,268.6500,261.2900,262.5200,260.2346,23816500
2023-05-31,260.0000,265.0000,258.4500,264.7200,262.4156,25473700
2023-06-01,265.9000,274.0000,265.8900,272.6100,270.2369,25609500
2023-06-02,272.6600,275.3500,271.1200,272.6100,270.2369,19416900
2023-06-05,270.3000,275.5700,269.5600,271.3900,269.0276,20742900
2023-06-06,270.1400,276.5700,269.6900,271.1200,268.7599,19419000
2023-06-07,271.6700,274.2500,262.8000,263.6000,261.3054,26163600
2023-06-08,260.6200,267.6500,258.8800,264.5800,262.2768,20899400
2023-06-09,262.4800,267.9500,261.7000,264.9500,262.6436,16949800
2023-06-12,267.1700,271.7500,265.3300,271.0500,268.6905,15442500
2023-06-13,274.8800,275.7200,269.0900,271.3200,268.9581,16164000
2023-06-14,271.8900,274.9900,268.3200,273.3500,270.9705,19175100
2023-06-15,272.3000,283.9900,271.4200,281.8300,279.3767,25973500
2023-06-16,284.7500,287.8500,280.1300,281.0000,278.5538,43127700
2023-06-20,278.7300,284.8000,276.2200,284.3300,281.8549,20701600
2023-06-21,283.5300,284.0000,278.3600,281.6400,279.1883,20556200
2023-06-22,279.0800,285.2600,277.7900,284.8800,282.4001,17563100
2023-06-23,281.5100,289.6700,278.9500,288.7300,286.2166,51092000
2023-06-26,288.7000,289.7900,277.6000,278.4700,276.0458,24232700
2023-06-27,282.0100,289.3500,280.6500,287.0500,284.5512,26108300
2023-06-28,284.8200,289.5500,284.0600,285.2900,282.8065,16722100
2023-06-29,284.5000,286.5700,280.6900,281.5300,279.0793,15395700
2023-06-30,284.7600,289.0500,284.4200,286.9800,284.4818,19694900
2023-07-03,286.7000,289.4000,284.8500,286.0200,283.5302,8629300
2023-07-05,287.6500,298.1200,286.3600,294.3700,291.8075,33865500
2023-07-06,295.8900,298.1200,291.3100,291.9900,289.4482,47600500
2023-07-07,292.1800,296.2000,288.6600,290.5300,288.0009,25586000
2023-07-10,295.5500,298.1300,287.0500,294.1000,291.5398,37058300
2023-07-11,293.9000,300.1800,291.9000,298.2900,295.6933,27585900
2023-07-12,301.7500,309.4500,300.1000,309.3400,306.6472,36677100
2023-07-13,313.6200,316.2400,310.2900,313.4100,310.6818,30281000
2023-07-14,311.7900,314.8800,307.3600,308.8700,306.1812,23054100
2023-07-17,307.5400,311.7100,304.7100,310.6200,307.9160,25323100
2023-07-18,310.8800,314.2000,307.6200,312.0500,309.3336,20731900
2023-07-19,313.0300,318.6800,310.5200,316.0100,313.2591,21763700
2023-07-20,313.5000,315.5400,302.2200,302.5200,299.8865,23836900
2023-07-21,304.5700,305.4600,291.2000,294.2600,291.6984,42139300
2023-07-24,295.7800,297.5200,288.3000,291.6100,289.0715,24915700
2023-07-25,295.1900,298.3000,291.8600,294.4700,291.9066,19585600
2023-07-26,301.1900,301.7700,291.9000,298.5700,295.9709,47256900
2023-07-27,325.1200,325.3500,309.8400,311.7100,308.9965,64229200
2023-07-28,316.8800,326.2000,314.2500,325.4800,322.6466,39220300
2023-07-31,323.6900,325.6600,317.5900,318.6000,315.8265,25799600
2023-08-01,317.5400,324.1400,314.6600,322.7100,319.9008,22817900
2023-08-02,318.0000,318.3900,310.6500,314.3100,311.5739,20461100
2023-08-03,309.9300,315.9500,309.9300,313.1900,310.4637,15180200
2023-08-04,314.9600,318.4100,310.2000,310.7300,308.0251,17612800
2023-08-07,313.2300,317.0700,310.4600,316.5600,313.8043,16236500
2023-08-08,314.4000,317.8900,310.1100,312.6400,309.9184,15183500
2023-08-09,312.8800,313.6300,302.8500,305.2100,302.5531,19955800
2023-08-10,307.9400,312.3400,303.8700,305.7400,303.0785,14358900
2023-08-11,302.5700,304.7200,300.3600,301.6400,299.0142,14046300
2023-08-14,300.9800,306.2100,298.2500,306.1900,303.5246,15641900
2023-08-15,306.1400,307.2300,300.0300,301.9500,299.3215,11623600
2023-08-16,300.2000,301.0800,294.2800,294.2900,291.7282,18547700
2023-08-17,293.0500,296.0500,284.9500,285.0900,282.6083,23950100
2023-08-18,279.0300,285.6900,274.3800,283.2500,280.7843,35347900
2023-08-21,283.4500,290.5000,281.8500,289.9000,287.3764,20181500
2023-08-22,292.5500,292.9000,286.7500,287.6000,285.0964,12980200
2023-08-23,288.5000,297.4000,287.6700,294.2400,291.6786,18287000
2023-08-24,298.5000,299.4600,286.6400,286.7500,284.2538,18360900
2023-08-25,286.1300,288.3900,276.0300,285.5000,283.0147,23701400
2023-08-28,288.0000,291.4500,285.8000,290.2600,287.7332,14239300
2023-08-29,288.5800,299.1500,288.1800,297.9900,295.3960,20844500
2023-08-30,297.1700,298.2900,293.4300,295.1000,292.5312,17717000
2023-08-31,295.8000,301.1000,295.6600,295.8900,293.3143,17229900
2023-09-01,299.3700,301.7400,294.4700,296.3800,293.8000,12842300
2023-09-05,297.0200,301.3900,295.5100,300.1500,297.5372,14956000
2023-09-06,301.7100,303.3000,295.6600,299.1700,296.5657,15418100
2023-09-07,298.0000,307.0500,292.2200,298.6700,296.0701,33748700
2023-09-08,299.2200,305.2500,296.7800,297.8900,295.2968,17548000
2023-09-11,301.4100,309.0400,301.2800,307.5600,304.8827,19489300
2023-09-12,306.3300,308.6600,300.2300,301.6600,299.0340,13480400
2023-09-13,302.3600,307.1800,301.3200,305.0600,302.4044,13210900
2023-09-14,306.7400,312.8700,305.0300,311.7200,309.0064,19343100
2023-09-15,311.6100,312.0000,298.7500,300.3100,297.6957,28131100
2023-09-18,298.1900,303.6000,297.8000,302.5500,299.9163,14234200
2023-09-19,302.4800,306.1700,299.8100,305.0700,302.4144,15924400
2023-09-20,305.0500,308.0600,299.4300,299.6700,297.0614,19379500
2023-09-21,295.7000,300.2600,293.2700,295.7300,293.1556,21319600
2023-09-22,299.3000,305.3800,298.2700,299.0800,296.4765,25369600
2023-09-25,295.6400,300.9500,293.7000,300.8300,298.2112,18987000
2023-09-26,297.6600,300.3000,296.0100,298.9600,296.3575,19417200
2023-09-27,300.4500,301.3000,286.7900,297.7400,295.1481,36429800
2023-09-28,298.9400,306.3300,296.7000,303.9600,301.3140,22167100
2023-09-29,307.3800,310.6400,299.3600,300.2100,297.5966,25373700
2023-10-02,302.7400,307.1800,301.6300,306.8200,304.1491,16265600
2023-10-03,304.2600,306.7700,299.6400,300.9400,298.3203,17362300
2023-10-04,298.7300,306.9000,298.5000,305.5800,302.9199,16880500
2023-10-05,304.6300,306.2100,299.5000,304.7900,302.1367,19130000
2023-10-06,301.4400,316.3100,300.9100,315.4300,312.6842,21803900
2023-10-09,312.5000,320.3300,311.8200,318.3600,315.5886,22503700
2023-10-10,319.1200,324.6600,318.1600,321.8400,319.0384,19038000
2023-10-11,323.0100,328.8400,322.9500,327.8200,324.9663,22036300
2023-10-12,328.0000,330.5400,322.6900,324.1600,321.3381,20530500
2023-10-13,323.5300,325.0500,312.3700,314.6900,311.9505,21341000
2023-10-16,318.6400,321.8200,315.5200,321.1500,318.3543,16536100
2023-10-17,318.1800,324.4000,317.3000,324.0000,321.1795,16387800
2023-10-18,321.3900,325.9400,315.5600,316.9700,314.2108,16851000
2023-10-19,319.8800,321.8900,311.7500,312.8100,310.0869,18709200
2023-10-20,314.1400,315.3000,306.4700,308.6500,305.9631,22312300
2023-10-23,309.5000,317.3600,307.2600,314.0100,311.2766,17796800
2023-10-24,316.7800,318.3500,310.6300,312.5500,309.8292,19525500
2023-10-25,310.0000,310.8800,298.8400,299.5300,296.9225,42192500
2023-10-26,295.0000,295.0000,279.4000,288.3500,285.8399,66684100
2023-10-27,294.4800,299.3100,292.9700,296.7300,294.1469,29596300
2023-10-30,299.0900,309.4000,299.0500,302.6600,300.0253,28435100
2023-10-31,303.3100,303.6800,296.8600,301.2700,298.6473,19434200
2023-11-01,301.8500,312.7400,301.8500,311.8500,309.1353,20434600
2023-11-02,317.3000,318.8200,308.3300,310.8700,308.1638,21631800
2023-11-03,312.5500,315.5500,311.0200,314.6000,311.8614,16764300
2023-11-06,315.9800,318.3300,314.4500,315.8000,313.0509,12887700
2023-11-07,317.0600,321.0000,315.1200,318.8200,316.0446,14055600
2023-11-08,318.1400,321.3300,314.8800,319.7800,316.9963,13609700
2023-11-09,319.4200,324.1800,318.8000,320.5500,317.7596,16103100
2023-11-10,319.9400,329.1000,319.4600,328.7700,325.9080,19096200
2023-11-13,326.2000,332.3300,325.7000,329.1900,326.3243,16908900
2023-11-14,334.5400,338.1000,333.3300,336.3100,333.3824,17179400
2023-11-15,337.9300,338.4000,330.0200,332.7100,329.8137,14531200
2023-11-16,329.3700,334.5800,326.3800,334.1900,331.2809,18932600
2023-11-17,330.2600,335.5000,329.3500,335.0400,332.1234,14494400
2023-11-20,334.8900,341.8700,334.1900,339.9700,337.0106,16960500
2023-11-21,338.3300,339.9000,335.9000,336.9800,334.0465,12027900
2023-11-22,339.2100,342.9200,338.5800,341.4900,338.5173,10702700
2023-11-24,340.1300,341.8600,336.7700,338.2300,335.2857,5467500
2023-11-27,336.1800,339.9000,334.2000,334.7000,331.7864,15684500
2023-11-28,333.4000,339.3800,333.4000,338.9900,336.0391,12637200
2023-11-29,339.6900,339.9000,330.7800,332.2000,329.3082,16024500
2023-11-30,331.8900,333.5000,322.4000,327.1500,324.3021,23146400
2023-12-01,325.4800,326.8600,320.7600,324.8200,321.9924,15276400
2023-12-04,317.2900,320.8600,313.6600,320.0200,317.2342,19037100
2023-12-05,318.9800,321.8800,315.3900,318.2900,315.5193,16952100
2023-12-06,321.9300,322.2500,317.0400,317.4500,314.6866,11294300
2023-12-07,317.7700,328.2400,317.7700,326.5900,323.7470,15905100
2023-12-08,323.0900,333.1700,323.0000,332.7500,329.8534,14087400
2023-12-11,329.4000,329.8900,320.0000,325.2800,322.4484,25802500
2023-12-12,324.6000,334.4700,324.5600,334.2200,331.3106,18485500
2023-12-13,333.9300,338.3700,332.6400,334.7400,331.8261,16353300
2023-12-14,333.8500,334.7000,328.6400,333.1700,330.2697,19607300
2023-12-15,331.9900,338.6600,331.2200,334.9200,332.0045,31776900
2023-12-18,337.4800,347.5600,337.0200,344.6200,341.6201,18993900
2023-12-19,345.5800,353.6000,345.1200,350.3600,347.3101,17729400
2023-12-20,348.6500,354.9600,347.7900,349.2800,346.2395,16369900
2023-12-21,352.9800,356.4100,349.2100,354.0900,351.0076,15289600
2023-12-22,355.5800,357.2000,351.2200,353.3900,350.3137,11772800
2023-12-26,354.9900,356.9800,353.4500,354.8300,351.7411,9898600
2023-12-27,356.0700,359.0000,355.3100,357.8300,354.7150,13207900
2023-12-28,359.7000,361.9000,357.8100,358.3200,355.2007,11798800
2023-12-29,358.9900,360.0000,351.8200,353.9600,350.8788,14987100
2024-01-02,351.3200,353.1600,340.0100,346.2900,343.2755,19042200
2024-01-03,344.9800,347.9500,343.1800,344.4700,341.4713,15451100
2024-01-04,344.5000,348.1500,343.4000,347.1200,344.0982,12099900
2024-01-05,346.9900,353.5000,346.2600,351.9500,348.8862,13920700
2024-01-08,354.7000,358.9800,352.0500,358.6600,355.5378,13890200
2024-01-09,356.4000,360.6400,355.3600,357.4300,354.3185,13463900
2024-01-10,360.1700,372.9400,359.0800,370.4700,367.2450,22117200
2024-01-11,372.1300,372.7800,362.9300,369.6700,366.4520,17205400
2024-01-12,370.1600,377.0600,369.5400,374.4900,371.2300,19310000
2024-01-16,373.6500,375.6100,367.2300,367.4600,364.2612,15306900
2024-01-17,366.3000,368.5400,358.6100,368.3700,365.1633,12724800
2024-01-18,371.4900,376.8500,370.9500,376.1300,372.8557,16354300
2024-01-19,379.0000,384.3600,377.9700,383.4500,380.1120,21670800
2024-01-22,387.9500,390.3500,381.1600,381.7800,378.4565,17680500
2024-01-23,384.6200,388.3800,382.0800,385.2000,381.8468,15506100
2024-01-24,390.0000,396.1500,387.8100,390.7000,387.2989,15698500
2024-01-25,390.1700,395.4900,385.6600,393.1800,389.7573,15091100
2024-01-26,394.3500,396.7900,391.5900,394.1400,390.7090,13163700
2024-01-29,394.9900,402.9300,393.1000,401.0200,397.5291,18742400
2024-01-30,403.5900,406.3600,399.5700,400.0600,396.5775,18614700
2024-01-31,389.0000,398.0000,387.1000,390.1400,386.7438,20180800
2024-02-01,393.9400,400.5000,393.0500,394.7800,391.3434,29727100
2024-02-02,459.6000,485.9600,453.0100,474.9900,470.8551,84707600
2024-02-05,469.8800,471.9000,459.2200,459.4100,455.4107,40832400
2024-02-06,464.0000,467.1200,453.0000,454.7200,450.7616,21655200
2024-02-07,458.0000,471.5200,456.1800,469.5900,465.5021,23066000
2024-02-08,468.3200,470.5900,465.0300,470.0000,465.9086,18815100
2024-02-09,472.9500,473.5900,467.4700,468.1100,464.0350,18413100
2024-02-12,468.1900,479.1500,466.5800,468.9000,464.8181,19382000
2024-02-13,456.8700,467.8900,455.0900,460.1200,456.1146,20916600
2024-02-14,467.9300,474.1100,466.0900,473.2800,469.1601,16858400
2024-02-15,475.2800,488.6200,472.2200,484.0300,479.8165,24212300
2024-02-16,478.1100,478.9600,469.2100,473.3200,469.1997,23324600
2024-02-20,469.7200,476.1800,466.5600,471.7500,467.6434,18015500
2024-02-21,466.5000,469.0000,461.7900,468.0300,464.4480,12921800
2024-02-22,480.2400,489.9900,476.0600,486.1300,482.4095,21625800
2024-02-23,488.0500,494.3600,482.3500,484.0300,480.3256,18374300
2024-02-26,483.4700,486.1400,480.6000,481.7400,478.0531,12101400
2024-02-27,479.9800,487.2700,479.9200,487.0500,483.3224,10809600
2024-02-28,485.0000,491.0500,482.7500,484.0200,480.3156,12715500
2024-02-29,488.4400,491.7000,482.6100,490.1300,486.3789,17732000
2024-03-01,492.1100,504.2500,491.8500,502.3000,498.4558,16273600
2024-03-04,503.0000,504.4200,496.4200,498.1900,494.3772,12324100
2024-03-05,495.0000,495.5800,487.8900,490.2200,486.4682,15325300
2024-03-06,497.6300,502.9700,494.2900,496.0900,492.2932,11757900
2024-03-07,503.2800,519.8500,501.3800,512.1900,508.2701,18586400
2024-03-08,514.1900,523.5700,499.3500,505.9500,502.0778,18597100
2024-03-11,497.0100,497.3200,476.0000,483.5900,479.8889,20428300
2024-03-12,493.2600,502.3100,484.7300,499.7500,495.9253,15448200
2024-03-13,495.3900,500.9800,491.0300,495.5700,491.7772,12090700
2024-03-14,500.2600,501.3500,488.1600,491.8300,488.0659,12620000
2024-03-15,489.0100,491.8300,481.3000,484.1000,480.3950,29153600
2024-03-18,491.9100,497.4200,486.8100,496.9800,493.1765,11755300
2024-03-19,488.1700,496.6300,481.2800,496.2400,492.4421,10903100
2024-03-20,499.5000,508.2000,495.1700,505.5200,501.6510,11711100
2024-03-21,514.7100,515.0400,506.0100,507.7600,503.8739,9712500
2024-03-22,507.0000,509.9700,504.3400,509.5800,505.6800,8120600
2024-03-25,505.7900,507.2200,500.2400,503.0200,499.1702,8380600
2024-03-26,505.1300,510.0000,495.2100,495.8900,492.0948,11205400
2024-03-27,499.3000,499.8900,488.0700,493.8600,490.0803,9989700
2024-03-28,492.8400,492.8900,485.1500,485.5800,481.8637,15212800
2024-04-01,487.2000,497.4300,481.7800,491.3500,487.5896,9247000
2024-04-02,485.1000,497.5300,484.6500,497.3700,493.5634,11081000
2024-04-03,498.9300,507.2400,498.7500,506.7400,502.8617,12099200
2024-04-04,516.4200,530.0000,510.5800,510.9200,507.0098,26476300
2024-04-05,516.8600,530.7000,514.4100,527.3400,523.3041,19263300
2024-04-08,529.2800,531.4900,518.8900,519.2500,515.2760,13260600
2024-04-09,522.2300,525.8700,506.7400,516.9000,512.9440,10863800
2024-04-10,509.2900,522.5600,505.8000,519.8300,515.8516,11418500
2024-04-11,521.1100,523.8600,517.2900,523.1600,519.1561,10369500
2024-04-12,517.7500,520.1900,509.3300,511.9000,507.9822,11984500
2024-04-15,516.7200,518.5300,497.2800,500.2300,496.4016,13512900
2024-04-16,498.1100,504.7700,497.1100,499.7600,495.9351,9847900
2024-04-17,503.1000,503.1600,487.1400,494.1700,490.3880,12193700
2024-04-18,499.8200,512.2100,499.0400,501.8000,497.9596,14808700
2024-04-19,502.8000,502.8000,475.7300,481.0700,477.3882,25215400
2024-04-22,489.7200,492.0100,473.4000,481.7300,478.0431,17271100
2024-04-23,491.2500,498.7600,488.9700,496.1000,492.3032,15079200
2024-04-24,508.0600,510.0000,484.5800,493.5000,489.7231,37772700
2024-04-25,421.4000,445.7700,414.5000,441.3800,438.0019,82890700
2024-04-26,441.4600,446.4400,431.9600,443.2900,439.8974,32691400
2024-04-29,439.5600,439.7600,428.5600,432.6200,429.3090,21502600
2024-04-30,431.0500,439.6200,429.7200,430.1700,426.8778,18429500
2024-05-01,428.6000,449.9600,427.1100,439.1900,435.8287,20344900
2024-05-02,438.8400,443.9600,432.2800,441.6800,438.2996,15221300
2024-05-03,445.9300,454.1700,443.8500,451.9600,448.5009,16489100
2024-05-06,455.5800,466.1600,453.3400,465.6800,462.1160,15094600
2024-05-07,466.2900,471.5300,461.3100,468.2400,464.6564,13406800
2024-05-08,463.5000,475.5800,463.0000,472.6000,468.9831,11683900
2024-05-09,470.0000,476.0800,467.6300,475.4200,471.7814,9437700
2024-05-10,477.0900,477.5000,469.6000,476.2000,472.5554,10750000
2024-05-13,472.7500,473.3500,462.8500,468.0100,464.4281,14668800
2024-05-14,463.3700,472.5400,460.0800,471.8500,468.2388,10478600
2024-05-15,474.9800,482.5000,471.2000,481.5400,477.8546,13100500
2024-05-16,475.0000,477.6900,472.7500,473.2300,469.6082,16608200
2024-05-17,470.8300,472.8000,468.4200,471.9100,468.2983,10807300
2024-05-20,469.9500,473.2000,467.0400,468.8400,465.2518,11745100
2024-05-21,467.1200,470.7000,462.2700,464.6300,461.0740,11742200
2024-05-22,467.8700,473.7200,465.6500,467.7800,464.1999,10078600
2024-05-23,472.8800,474.3600,461.5400,465.7800,462.2152,11747900
2024-05-24,467.6200,479.8500,466.3000,478.2200,474.5600,12024300
2024-05-28,476.5800,480.8600,474.8400,479.9200,476.2470,10175800
2024-05-29,474.6600,479.8500,473.7000,474.3600,470.7296,9226200
2024-05-30,471.6700,471.7300,464.7100,467.0500,463.4755,10719600
2024-05-31,465.8000,469.1200,454.4600,466.8300,463.2572,16919800
2024-06-03,470.8600,479.6000,468.2400,477.4900,473.8356,11279400
2024-06-04,477.0000,478.8900,473.2300,476.9900,473.3394,7088700
2024-06-05,484.4500,496.6500,483.9100,495.0600,491.2711,15690500
2024-06-06,492.9800,502.8200,490.8900,493.7600,489.9811,10667300
2024-06-07,495.9100,498.9100,490.1700,492.9600,489.1872,9380700
2024-06-10,493.8600,502.6600,493.4100,502.6000,498.7534,11220900
2024-06-11,500.1600,507.6000,498.2700,507.4700,503.5862,9673700
2024-06-12,513.9900,514.0100,504.4700,508.8400,504.9457,11983200
2024-06-13,505.7100,509.3600,501.3600,504.1000,500.2419,9954600
2024-06-14,502.6500,507.1500,500.7500,504.1600,500.7982,10243300
2024-06-17,501.6700,510.7500,496.0100,506.6300,503.2517,11266600
2024-06-18,504.5600,506.0000,495.0200,499.4900,496.1594,13060400
2024-06-20,502.0000,503.6700,496.7700,501.7000,498.3546,11801200
2024-06-21,503.4500,503.4500,492.3900,494.7800,491.4807,22359200
2024-06-24,499.2000,507.8000,494.2900,498.9100,495.5832,13525300
2024-06-25,497.0500,510.7100,495.5000,510.6000,507.1953,12063200
2024-06-26,506.6500,513.8100,504.6800,513.1200,509.6985,8882300
2024-06-27,514.2500,522.8800,513.9000,519.5600,516.0955,10121200
2024-06-28,517.1500,521.8800,503.8400,504.2200,500.8578,15855100
2024-07-01,504.9500,506.5800,493.1700,504.6800,501.3147,10328200
2024-07-02,500.7600,510.5000,499.4500,509.5000,506.1026,7739500
2024-07-03,506.3700,511.2800,506.0200,509.9600,506.5595,6005600
2024-07-05,511.6000,540.8700,511.6000,539.9100,536.3098,21354100
2024-07-08,542.3500,542.8100,526.6500,529.3200,525.7904,14917500
2024-07-09,533.7500,537.4800,528.1900,530.0000,526.4659,8753200
2024-07-10,530.7900,538.8800,528.3600,534.6900,531.1247,10983300
2024-07-11,530.8900,535.4600,508.3700,512.7000,509.2813,16458300
2024-07-12,497.7600,508.0900,494.2300,498.8700,495.5435,19750500
2024-07-15,498.6300,506.6800,493.3700,496.1600,492.8516,12539200
2024-07-16,501.5000,503.9500,485.7900,489.7900,486.5240,14075800
2024-07-17,479.1700,479.1700,459.1200,461.9900,458.9094,28076600
2024-07-18,475.0000,479.2400,464.5400,475.8500,472.6770,19267200
2024-07-19,476.0600,486.7100,475.7100,476.7900,473.6107,15149400
2024-07-22,486.5800,492.0600,483.9000,487.4000,484.1500,12023100
2024-07-23,489.8400,495.2200,487.7200,488.6900,485.4313,9455500
2024-07-24,472.3100,476.3000,460.5800,461.2700,458.1942,17649700
2024-07-25,463.2600,463.5500,442.6500,453.4100,450.3866,18240500
2024-07-26,464.2000,469.7700,459.4200,465.7000,462.5947,14222400
2024-07-29,469.8800,473.9600,465.0200,465.7100,462.6046,11339600
2024-07-30,467.0000,472.7300,456.7000,463.1900,460.1014,11390400
2024-07-31,471.0200,476.5000,466.7500,474.8300,471.6638,24285800
2024-08-01,521.0000,527.1700,492.1000,497.7400,494.4210,43083100
2024-08-02,489.0000,501.1500,476.1500,488.1400,484.8850,24044700
2024-08-05,451.3500,483.4800,450.8000,475.7300,472.5578,21396200
2024-08-06,479.0000,502.5600,478.6500,494.0900,490.7953,20955000
2024-08-07,503.1300,510.1500,486.8600,488.9200,485.6599,20105300
2024-08-08,497.5000,509.9600,494.7200,509.6300,506.2318,16156800
2024-08-09,507.7100,518.3400,505.7000,517.7700,514.3175,13696600
2024-08-12,516.8600,518.0200,509.1000,515.9500,512.5096,9767400
2024-08-13,520.0100,531.5000,518.1500,528.5400,525.0157,13743800
2024-08-14,528.0600,534.0000,523.1300,526.7600,523.2475,11444200
2024-08-15,531.7900,539.7700,526.7000,537.3300,533.7471,13482100
2024-08-16,531.9000,533.6600,524.6600,527.4200,523.9031,14776700
2024-08-19,526.8700,531.6600,522.7600,529.2800,525.7509,9879700
2024-08-20,528.3500,531.0900,525.8800,526.7300,523.2177,7944400
2024-08-21,527.1500,539.4000,526.9300,535.1600,531.5914,13423300
2024-08-22,537.0000,544.2300,528.5900,531.9300,528.3830,15708300
2024-08-23,536.9200,539.8700,525.0600,528.0000,524.4792,11323900
2024-08-26,527.6000,528.0000,514.9500,521.1200,517.6452,9584000
2024-08-27,518.9800,524.0100,515.3100,519.1000,515.6385,6282700
2024-08-28,517.6700,521.0900,512.4500,516.7800,513.3340,9106100
2024-08-29,519.0500,527.2000,515.6800,518.2200,514.7644,8317400
2024-08-30,521.3500,523.5400,515.2000,521.3100,517.8339,9157500
2024-09-03,519.6400,525.4900,508.6200,511.7600,508.3475,12459100
2024-09-04,506.0700,516.5900,504.0700,512.7400,509.3210,8335200
2024-09-05,511.7200,521.6300,511.1500,516.8600,513.4135,8640900
2024-09-06,521.8800,524.5800,498.2500,500.2700,496.9341,14744500
2024-09-09,506.1600,511.3300,502.0800,504.7900,501.4240,11047800
2024-09-10,508.1600,514.1800,500.0300,504.7900,501.4240,9899000
2024-09-11,507.0100,513.1200,495.6000,511.8300,508.4171,10782500
2024-09-12,517.0500,526.7100,515.2200,525.6000,522.0953,11970500
2024-09-13,520.3400,527.5800,517.1100,524.6200,521.1218,10321400
2024-09-16,524.5400,534.1000,517.4000,533.2800,530.2294,9527600
2024-09-17,537.6000,542.1000,530.5700,536.3200,533.2520,11690800
2024-09-18,537.0700,544.2000,533.9000,537.9500,534.8726,10323500
2024-09-19,550.0000,562.0700,546.5200,559.1000,555.9017,15647000
2024-09-20,560.0000,564.5000,556.3000,561.3500,558.1389,22066800
2024-09-23,569.5000,573.9800,562.4100,564.4100,561.1813,12830700
2024-09-24,566.6800,567.7500,554.1900,563.3300,560.1076,12993000
2024-09-25,564.0500,576.8800,563.7200,568.3100,565.0590,16543400
2024-09-26,575.7300,577.4000,562.3500,567.8400,564.5917,14400800
2024-09-27,570.1000,570.8400,564.5100,567.3600,564.1144,9398400
2024-09-30,567.7000,574.6800,564.8000,572.4400,569.1654,12792300
2024-10-01,577.9800,583.0400,570.1000,576.4700,573.1723,15259300
2024-10-02,574.8600,576.0000,569.3400,572.8100,569.5333,6524700
2024-10-03,570.1500,583.3600,568.7300,582.7700,579.4363,11581000
2024-10-04,583.7300,596.8500,581.4300,595.9400,592.5310,14169500
2024-10-07,598.2200,602.9500,584.0400,584.7800,581.4349,12014200
2024-10-08,589.6900,593.5600,585.9700,592.8900,589.4984,7857400
2024-10-09,593.9900,594.3900,581.6100,590.5100,587.1320,9529700
2024-10-10,587.5700,590.2300,582.5200,583.8300,580.4902,7740400
2024-10-11,584.8300,591.2100,582.7100,589.9500,586.5753,8587100
2024-10-14,594.2200,600.1000,589.9600,590.4200,587.0424,8252000
2024-10-15,590.1600,590.6100,580.1400,586.2700,582.9163,9564200
2024-10-16,581.4000,582.0800,574.0300,576.7900,573.4905,11268400
2024-10-17,583.3300,584.9700,575.2000,576.9300,573.6296,8701200
2024-10-18,581.1000,583.9700,575.2500,576.4700,573.1723,7694300
2024-10-21,576.0300,577.2400,569.1100,575.1600,571.8698,8171900
2024-10-22,574.2900,583.5300,572.1200,582.0100,578.6806,8544500
2024-10-23,579.9700,585.0000,562.5000,563.6900,560.4655,14248400
2024-10-24,567.1300,568.8800,561.5200,567.7800,564.5320,7184700
2024-10-25,573.9300,581.2900,571.7200,573.2500,569.9708,11337900
2024-10-28,582.0000,583.7500,574.1200,578.1600,574.8527,10925100
2024-10-29,580.1500,593.6700,575.4000,593.2800,589.8862,13019100
2024-10-30,600.9800,601.2000,589.3800,591.8000,588.4146,26864900
2024-10-31,585.0000,589.9000,563.0100,567.5800,564.3333,26838400
2024-11-01,567.6100,573.6700,562.5600,567.1600,563.9155,15303200
2024-11-04,564.1000,568.6900,557.8900,560.6800,557.4727,12064600
2024-11-05,567.3000,573.4800,566.6700,572.4300,569.1555,9775400
2024-11-06,562.7500,573.0000,555.1700,572.0500,568.7775,18305400
2024-11-07,576.8900,594.8000,575.2100,591.7000,588.3152,14653700
2024-11-08,591.5400,593.1000,584.5200,589.3400,585.9687,9415700
2024-11-11,586.3600,587.0000,576.5100,583.1700,579.8340,10209100
2024-11-12,588.5400,599.6600,580.3800,584.8200,581.4745,16287700
2024-11-13,582.6100,585.6400,575.1700,580.0000,576.6822,10757600
2024-11-14,577.0000,580.7600,573.0100,577.1600,573.8584,11053700
2024-11-15,571.2200,572.5700,551.5000,554.0800,550.9104,17712900
2024-11-18,557.0400,559.9000,550.0900,554.4000,551.2286,14327300
2024-11-19,551.8600,561.4300,550.6000,561.0900,557.8803,9522400
2024-11-20,562.9300,566.3500,554.2000,565.5200,562.2850,9797300
2024-11-21,569.5200,570.0000,549.0500,563.0900,559.8688,11154700
2024-11-22,563.5500,563.8300,554.5900,559.1400,555.9415,9164000
2024-11-25,562.1000,572.5900,556.3900,565.1100,561.8773,13599800
2024-11-26,566.0000,577.5000,565.2000,573.5400,570.2591,10356600
2024-11-27,574.8900,574.9800,564.1000,569.2000,565.9438,7200200
2024-11-29,569.0000,578.4600,566.9000,574.3200,571.0346,7130500
2024-12-02,577.5000,594.5000,575.5700,592.8300,589.4388,12522400
2024-12-03,595.0000,614.2000,591.2500,613.6500,610.1396,14907200
2024-12-04,612.9600,617.7800,605.1000,613.7800,610.2689,14697000
2024-12-05,617.0800,619.9000,607.0500,608.9300,605.4467,8081200
2024-12-06,610.1000,629.7900,608.5300,623.7700,620.2018,16935500
2024-12-09,623.9200,626.4000,606.1700,613.5700,610.0601,11426000
2024-12-10,617.5600,625.5900,612.7400,619.3200,615.7772,10938900
2024-12-11,623.3700,638.4000,621.5300,632.6800,629.0607,10837200
2024-12-12,631.5000,636.6600,627.2100,630.7900,627.1816,7474700
2024-12-13,627.2200,631.0800,616.8900,620.3500,616.8013,8453300
2024-12-16,629.9800,631.1500,618.5800,624.2400,621.1697,10885600
2024-12-17,626.1700,632.3700,616.5400,619.4400,616.3934,12897800
2024-12-18,621.0000,627.3600,596.3200,597.1900,594.2528,17075500
2024-12-19,610.3900,611.5200,595.0000,595.5700,592.6407,14958100
2024-12-20,590.5800,603.1100,580.0000,585.2500,582.3715,48989400
2024-12-23,589.6000,601.0900,586.2500,599.8500,596.8996,10205800
2024-12-24,602.7200,607.9900,599.2800,607.7500,604.7609,4726100
2024-12-26,605.4800,606.3000,598.9400,603.3500,600.3824,6081400
2024-12-27,599.4100,601.8500,589.8000,599.8100,596.8599,8084200
2024-12-30,588.7500,596.9400,585.5800,591.2400,588.3320,7025900
2024-12-31,592.2700,593.9700,583.8500,585.5100,582.6303,6019500
2025-01-02,589.7200,604.9100,587.8200,599.2400,596.2927,12682300
2025-01-03,604.7600,609.5000,596.4100,604.6300,601.6562,11436800
2025-01-06,611.8300,630.9900,605.6200,630.2000,627.1005,14560800
2025-01-07,631.7000,632.1000,608.2300,617.8900,614.8510,12071500
2025-01-08,613.4000,616.4400,602.7900,610.7200,607.7161,10085800
2025-01-10,610.0300,629.9100,597.3400,615.8600,612.8309,19256600
2025-01-13,607.1000,608.9700,598.4500,608.3300,605.3380,10785000
2025-01-14,605.0700,605.4900,588.5500,594.2500,591.3272,13598000
2025-01-15,610.2100,622.4600,606.5000,617.1200,614.0847,15524300
2025-01-16,611.5000,616.2500,609.7100,611.3000,608.2934,8355300
2025-01-17,624.0500,624.9700,603.6700,612.7700,609.7562,17280600
2025-01-21,617.8300,621.5000,609.0100,616.4600,613.4280,11674000
2025-01-22,623.3000,633.7000,619.4300,623.5000,620.4334,12274000
2025-01-23,627.3600,636.6000,621.1500,636.4500,633.3196,9910200
2025-01-24,636.4000,652.0000,634.2000,647.4900,644.3054,19065300
2025-01-27,626.6100,663.8700,625.1000,659.8800,656.6345,28399200
2025-01-28,666.0000,682.5800,659.4700,674.3300,671.0134,20950100
2025-01-29,675.0000,681.0500,665.6700,676.4900,673.1627,21377800
2025-01-30,696.8200,710.7900,676.1000,687.0000,683.6210,29322900
2025-01-31,691.0000,705.3000,685.5800,689.1800,685.7903,19303900
2025-02-03,675.9100,704.0000,675.2500,697.4600,694.0296,21415700
2025-02-04,702.5000,707.7100,691.6100,704.1900,700.7264,13826300
2025-02-05,703.5500,718.1400,699.0100,704.8700,701.4031,17778200
2025-02-06,705.8800,718.9000,703.5000,711.9900,708.4882,13080700
2025-02-07,716.8000,725.0100,711.7500,714.5200,711.0056,16427100
2025-02-10,718.5600,721.2000,711.3300,717.4000,713.8715,12904300
2025-02-11,713.3200,723.6600,710.0400,719.8000,716.2598,12998000
2025-02-12,715.3000,727.1000,712.6000,725.3800,721.8123,12016500
2025-02-13,721.5200,729.0000,718.0400,728.5600,724.9766,12569100
2025-02-14,726.1400,740.9100,725.6200,736.6700,733.0467,16901200
2025-02-18,736.0000,737.0000,706.4400,716.3700,712.8466,21938700
2025-02-19,704.1000,707.0000,695.3900,703.7700,700.3085,17535500
2025-02-20,697.2800,705.6300,693.6400,694.8400,691.4224,12587400
2025-02-21,696.5800,703.8700,682.3600,683.5500,680.1880,15660400
2025-02-24,686.2800,687.2700,662.4500,668.1300,664.8439,15677000
2025-02-25,665.9700,668.0000,641.8600,657.5000,654.2661,20579700
2025-02-26,659.6500,683.0100,658.0000,673.7000,670.3865,14488700
2025-02-27,682.4500,688.6500,657.5700,658.2400,655.0025,12500000
2025-02-28,658.0400,669.6300,642.6000,668.2000,664.9136,17534200
2025-03-03,673.6800,681.2500,650.8400,655.0500,651.8281,10843800
2025-03-04,645.5100,649.7500,623.6500,640.0000,636.8522,21495200
2025-03-05,641.0000,659.5000,637.6600,656.4700,653.2412,13770000
2025-03-06,648.0000,650.5600,624.1100,627.9300,624.8416,13446500
2025-03-07,625.3700,634.7900,600.6100,625.6600,622.5827,21375700
2025-03-10,608.0700,610.1100,586.8700,597.9900,595.0488,21999900
2025-03-11,595.0500,614.9300,593.3300,605.7100,602.7308,17401500
2025-03-12,629.9000,633.3300,609.3500,619.5600,616.5127,15747000
2025-03-13,620.2500,620.5000,586.5100,590.6400,587.7349,16480300
2025-03-14,602.8000,608.8600,594.7800,607.6000,605.1495,12364500
2025-03-17,607.4600,613.1000,598.0000,604.9000,602.4604,15473900
2025-03-18,600.0500,600.2500,574.6600,582.3600,580.0112,20297700
2025-03-19,584.2800,592.3200,574.7700,584.0600,581.7044,20537500
2025-03-20,582.7600,610.2000,579.5100,586.0000,583.6365,24336500
2025-03-21,583.4200,597.5400,580.9500,596.2500,593.8453,25015900
2025-03-24,614.9700,622.5400,612.2000,618.8500,616.3540,15741300
2025-03-25,626.7600,633.8800,621.1800,626.3100,623.7840,15312500
2025-03-26,624.8900,626.7500,606.6100,610.9800,608.5158,12609800
2025-03-27,602.0000,614.2500,600.1000,602.5800,600.1497,10436500
2025-03-28,600.3100,601.7500,573.9200,576.7400,574.4139,17602800
2025-03-31,563.5000,578.7000,553.3000,576.3600,574.0355,21124700
2025-04-01,570.8400,589.9100,570.0000,586.0000,583.6365,12836600
2025-04-02,574.9100,592.6600,573.3600,583.9300,581.5749,13470800
2025-04-03,546.2200,552.5600,530.3000,531.6200,529.4760,34777500
2025-04-04,506.6200,518.0000,494.2000,504.7300,502.6944,38589800
2025-04-07,485.1000,539.3700,481.9000,516.2500,514.1679,36606100
2025-04-08,543.2500,547.4300,502.8600,510.4500,508.3913,28034200
2025-04-09,509.2700,587.8900,502.1100,585.7700,583.4075,39216600
2025-04-10,575.4900,581.3000,535.3000,546.2900,544.0867,28173500
2025-04-11,535.5100,547.4000,528.5900,543.5700,541.3777,17642300
2025-04-14,556.1700,557.7700,528.2800,531.4800,529.3365,14130900
2025-04-15,532.1100,537.9400,517.5000,521.5200,519.4167,15558700
2025-04-16,508.5100,513.3700,495.6300,502.3100,500.2841,18735100
2025-04-17,505.2500,507.3000,498.0100,501.4800,499.4575,14593500
2025-04-21,491.3300,493.5000,479.8000,484.6600,482.7053,16166000
2025-04-22,491.8700,506.8800,486.3600,500.2800,498.2623,17399400
2025-04-23,528.5300,535.3400,516.5200,520.2700,518.1717,18173900
2025-04-24,518.7300,533.9000,517.5000,533.1500,530.9997,13910000
2025-04-25,546.8000,549.8600,536.2500,547.2700,545.0628,17098900
2025-04-28,555.6400,558.4900,540.5900,549.7400,547.5228,15179000
2025-04-29,546.0000,556.5700,544.1200,554.4400,552.2039,11835000
2025-04-30,538.4000,549.1000,529.5000,549.0000,546.7858,29244000
2025-05-01,592.0800,592.9500,570.5000,572.2100,569.9022,31159000
2025-05-02,583.4600,604.3400,578.3300,597.0200,594.6121,24739300
2025-05-05,591.2200,603.2100,588.0500,599.2700,596.8531,13887700
2025-05-06,592.5300,596.0300,586.5800,587.3100,584.9413,10600700
2025-05-07,590.3600,603.0800,586.6700,596.8100,594.4030,13139100
2025-05-08,606.2900,611.3000,596.6200,598.0100,595.5981,14622800
2025-05-09,603.7200,606.9700,591.7100,592.4900,590.1005,10427300
2025-05-12,630.9200,640.3900,621.0300,639.4300,636.8511,21965100
2025-05-13,645.5400,660.9200,642.8300,656.0300,653.3842,18570800
2025-05-14,661.2100,662.6700,654.3100,659.3600,656.7007,12348200
2025-05-15,654.2800,657.3100,638.5800,643.8800,641.2831,14341800
2025-05-16,637.9600,640.4400,626.1500,640.3400,637.7574,18519000
2025-05-19,628.2500,643.0000,627.8000,640.4300,637.8471,9592400
2025-05-20,636.0100,639.3500,632.2600,637.1000,634.5305,6743500
2025-05-21,631.7900,646.6100,630.1700,635.5000,632.9369,11464600
2025-05-22,634.0500,643.2500,630.7100,636.5700,634.0026,8228400
2025-05-23,624.0000,632.4500,622.6500,627.0600,624.5309,8454100
2025-05-27,635.4100,643.0800,632.7500,642.3200,639.7294,9508400
2025-05-28,642.6000,650.8800,642.5500,643.5800,640.9844,9042900
2025-05-29,651.6500,653.3200,639.5000,645.0500,642.4484,8858800
2025-05-30,642.5000,649.4100,632.7800,647.4900,644.8786,16241000
2025-06-02,644.3900,673.2600,644.2600,670.9000,668.1942,15766300
2025-06-03,671.4500,675.5800,665.0300,666.8500,664.1605,11585000
2025-06-04,669.3200,689.0000,668.5700,687.9500,685.1755,14031900
2025-06-05,691.6600,694.3800,682.2500,684.6200,681.8588,13083100
2025-06-06,696.1700,702.8100,691.8700,697.7100,694.8961,11728000
2025-06-09,698.4600,705.1900,693.9400,694.0600,691.2607,12773200
2025-06-10,701.3500,703.2300,691.5600,702.4000,699.5671,10850100
2025-06-11,703.7100,708.8700,691.9900,694.1400,691.3404,9582500
2025-06-12,693.3000,695.3800,687.0000,693.3600,690.5636,7322700
2025-06-13,687.9500,694.5700,681.0100,682.8700,680.1160,9274400
2025-06-16,699.3300,707.1500,693.5100,702.1200,699.8263,13720300
2025-06-17,702.0000,705.9700,696.0600,697.2300,694.9522,10066100
2025-06-18,698.1800,701.5900,694.9000,695.7700,693.4971,10068300
2025-06-20,700.7500,701.8200,678.6700,682.3500,680.1209,22538600
2025-06-23,683.6900,699.0500,678.7500,698.5300,696.2480,11080100
2025-06-24,704.8900,713.1900,702.1100,712.2000,709.8734,13823200
2025-06-25,713.3200,716.5800,705.3800,708.6800,706.3649,9320400
2025-06-26,714.3600,728.2200,711.0500,726.0900,723.7180,13964800
2025-06-27,726.5200,735.4300,725.8600,733.6300,731.2334,18775700
2025-06-30,744.5500,747.9000,734.2500,738.0900,735.6788,15402100
2025-07-01,736.8800,737.7500,715.3700,719.2200,716.8704,13431200
2025-07-02,715.3300,720.3000,712.8000,713.5700,711.2389,9336700
2025-07-03,726.6100,729.0300,714.4200,719.0100,716.6611,8601700
2025-07-07,717.6000,727.0000,713.5100,718.3500,716.0032,9457100
2025-07-08,721.5700,722.9100,714.8100,720.6700,718.3157,7770700
2025-07-09,722.7200,737.5300,722.7200,732.7800,730.3862,11418000
2025-07-10,731.5500,735.8000,719.6000,727.2400,724.8643,9913600
2025-07-11,722.5000,725.1600,709.7000,717.5100,715.1661,10873900
2025-07-14,717.6000,728.0000,716.5500,720.9200,718.5648,8939400
2025-07-15,723.9000,724.4700,709.8200,710.3900,708.0693,11529500
2025-07-16,713.3700,713.9700,699.2700,702.9100,700.6136,13067600
2025-07-17,704.3900,705.9000,697.1100,701.4100,699.1186,11803300
2025-07-18,702.1900,704.7100,691.6500,704.2800,701.9792,12779800
2025-07-21,706.8000,717.0000,705.7600,712.9700,710.6408,9404400
2025-07-22,716.1900,716.6000,701.4100,704.8100,702.5074,8921100
2025-07-23,706.3700,714.6300,704.9300,713.5800,711.2488,8771600
2025-07-24,717.0500,723.6200,714.0000,714.8000,712.4649,10920800
2025-07-25,716.9200,720.6500,711.9000,712.6800,710.3517,8271700
2025-07-28,715.2000,724.7400,712.6800,717.6300,715.2856,8715700
2025-07-29,720.0000,724.4700,699.9100,700.0000,697.7132,13267000
2025-07-30,708.0900,708.5000,691.2000,695.2100,692.9389,27077300
2025-07-31,775.2000,784.7500,765.5100,773.4400,770.9133,38831100
2025-08-01,760.7300,766.0000,745.3100,750.0100,747.5599,19028700
2025-08-04,760.0000,776.8500,758.4100,776.3700,773.8337,15801700
2025-08-05,776.4500,783.1300,763.0000,763.4600,760.9659,11640300
2025-08-06,770.0000,773.6400,760.4600,771.9900,769.4681,9733900
2025-08-07,773.4900,775.0000,759.5500,761.8300,759.3412,9019700
2025-08-08,762.7500,769.9000,758.5800,769.3000,766.7869,7320800
2025-08-11,770.0800,773.4600,764.6700,765.8700,763.3680,7612000
2025-08-12,773.0000,793.6700,772.4300,790.0000,787.4192,14563100
2025-08-13,791.1500,795.4600,778.2300,780.0800,777.5317,8811800
2025-08-14,777.8800,787.8100,772.5100,782.1300,779.5749,8116200
2025-08-15,784.1500,796.2500,780.8200,785.2300,782.6648,13375400
2025-08-18,775.0900,775.8100,756.5600,767.3700,764.8632,16513700
2025-08-19,767.1200,767.1700,749.3600,751.4800,749.0250,12286700
2025-08-20,747.5700,750.2000,731.0000,747.7200,745.2773,11898200
2025-08-21,744.7100,745.5000,733.1100,739.1000,736.6855,8876300
2025-08-22,739.2300,756.9000,734.3900,754.7900,752.3242,10612700
2025-08-25,754.8200,758.8800,750.1300,753.3000,750.8391,6861200
2025-08-26,750.8000,754.8700,747.9400,754.1000,751.6365,7601800
2025-08-27,752.3000,754.1500,742.8400,747.3800,744.9384,8315400
2025-08-28,744.0000,753.0500,740.8000,751.1100,748.6562,7468000
2025-08-29,745.2800,747.1400,735.3500,738.7000,736.2869,9070500
2025-09-02,726.0400,736.0000,721.7300,735.1100,732.7085,9350900
2025-09-03,736.0000,740.2500,733.9900,737.0500,734.6422,7699300
2025-09-04,748.5700,761.1600,745.8200,748.6500,746.2043,11439100
2025-09-05,752.6200,757.9500,745.0300,752.4500,749.9919,9663400
2025-09-08,756.0000,766.5100,752.0200,752.3000,749.8423,13087800
2025-09-09,757.4900,766.3000,753.4300,765.7000,763.1986,10999000
2025-09-10,765.1300,765.7000,751.0000,751.9800,749.5234,12478300
2025-09-11,754.6500,757.1000,748.3700,750.9000,748.4470,7923300
2025-09-12,748.7300,757.5700,743.7600,755.5900,753.1216,8248600
2025-09-15,757.4700,774.0700,751.9900,764.7000,762.2018,10533800
2025-09-16,767.0000,781.3600,765.1000,779.0000,776.4551,11782500
2025-09-17,779.9900,783.2900,766.3100,775.7200,773.1859,9400900
2025-09-18,780.7500,788.7800,773.3600,780.2500,777.7011,10955000
2025-09-19,786.4200,790.8000,769.1900,778.3800,775.8372,23696800
2025-09-22,781.8500,785.7300,764.4700,765.1600,763.1750,11706900
2025-09-23,769.2500,770.6000,751.0700,755.4000,753.4404,10872600
2025-09-24,757.5000,761.1100,752.5300,760.6600,758.6868,8828200
2025-09-25,753.4500,756.7700,744.5500,748.9100,746.9673,10591100
2025-09-26,750.0000,751.9300,737.3500,743.7500,741.8207,9696300
2025-09-29,748.7200,750.7800,739.1500,743.4000,741.4716,9246800
2025-09-30,742.2500,742.9700,726.3000,734.3800,732.4750,16226800
2025-10-01,721.4900,721.8500,710.2000,717.3400,715.4792,20419600
2025-10-02,722.5800,727.7700,718.1400,727.0500,725.1640,11415300
2025-10-03,729.6300,731.0000,710.1800,710.5600,708.7167,16154300
2025-10-06,705.1900,716.8800,690.5100,715.6600,713.8035,21654700
2025-10-07,717.7200,718.5000,705.7500,713.0800,711.2302,12062900
2025-10-08,713.4500,719.6500,707.8100,717.8400,715.9780,10790600
2025-10-09,718.2800,733.5100,712.4400,733.5100,731.6072,12717200
2025-10-10,730.9200,735.2700,704.5100,705.3000,703.4704,16980100
2025-10-13,713.0100,719.9400,707.6400,715.7000,713.8434,9251800
2025-10-14,707.7800,715.5500,699.3300,708.6500,706.8117,8829800
2025-10-15,717.0600,723.9000,709.5100,717.5500,715.6887,10246800
2025-10-16,717.5500,725.4900,703.8800,712.0700,710.2228,9017000
2025-10-17,707.0800,718.5400,706.1200,716.9200,715.0602,12232400
2025-10-20,721.1900,733.7700,720.1800,732.1700,730.2706,8900200
2025-10-21,736.0200,738.5000,728.7500,733.2700,731.3679,7647300
2025-10-22,733.8300,740.6000,724.0300,733.4100,731.5075,8734500
2025-10-23,734.7000,742.4100,733.1000,734.0000,732.0959,9856000
2025-10-24,736.7900,741.2100,731.1500,738.3600,736.4446,9151300
2025-10-27,749.7300,755.7500,748.0100,750.8200,748.8723,11321100
2025-10-28,752.6300,758.4000,745.5200,751.4400,749.4907,12193800
2025-10-29,754.7500,759.1600,742.5100,751.6700,749.7201,26818600
2025-10-30,669.1500,680.9600,650.1700,666.4700,664.7411,88440100
2025-10-31,674.5100,674.8900,645.5700,648.3500,646.6682,56953200
2025-11-03,656.0000,659.3300,636.1800,637.7100,636.0558,33003600
2025-11-04,628.0400,641.7400,626.0100,627.3200,625.6927,27356600
2025-11-05,632.3100,642.2300,626.5400,635.9500,634.3003,20219900
2025-11-06,635.8500,636.0000,618.0000,618.9400,617.3344,23628800
2025-11-07,616.4900,622.1300,601.2000,621.7100,620.0973,29946800
2025-11-10,631.0900,635.0000,618.1100,631.7600,630.1212,19245000
2025-11-11,628.0000,629.5600,619.3900,627.0800,625.4533,13302200
2025-11-12,628.1300,628.9900,607.7700,609.0100,607.4302,24493300
2025-11-13,613.0700,617.6500,603.0000,609.8900,608.3079,20973800
2025-11-14,601.7900,613.6800,595.2000,609.4600,607.8790,20724100
2025-11-17,609.0400,611.6900,595.4000,602.0100,600.4483,16501300
2025-11-18,591.6000,603.6600,583.7800,597.6900,596.1396,25500600
2025-11-19,593.7200,595.3300,581.2500,590.3200,588.7887,24744700
2025-11-20,603.5000,606.7200,583.3500,589.1500,587.6217,20603000
2025-11-21,588.5000,598.1200,581.8600,594.2500,592.7085,21052600
2025-11-24,598.7200,616.7000,597.6300,613.0500,611.4597,23554900
2025-11-25,624.0000,637.0500,618.3000,636.2200,634.5695,25213000
2025-11-26,637.6900,638.3600,631.6300,633.6100,631.9663,15209500
2025-11-28,636.0800,648.0500,635.5000,647.9500,646.2692,11033200
2025-12-01,639.5500,645.3200,637.7600,640.8700,639.2075,13029900
2025-12-02,642.3400,647.8700,638.0700,647.1000,645.4213,11640900
2025-12-03,644.4100,648.8500,637.5500,639.6000,637.9408,11134300
2025-12-04,676.0000,676.1000,660.0500,661.5300,659.8140,29874600
2025-12-05,664.0000,674.6900,662.3900,673.4200,671.6731,21207900
2025-12-08,669.3400,676.7100,665.0700,666.8000,665.0703,13161000
2025-12-09,663.7700,664.4800,653.3400,656.9600,655.2558,12997100
2025-12-10,649.9500,654.5100,643.4000,650.1300,648.4435,16910900
2025-12-11,643.2900,655.2800,640.8000,652.7100,651.0168,13056700
2025-12-12,649.8000,711.0000,638.6100,644.2300,642.5588,14016900
2025-12-15,645.7000,653.0000,638.7000,647.5100,646.3571,15549100
2025-12-16,643.5000,662.5400,643.2000,657.1500,655.9799,14309100
2025-12-17,655.6100,661.2300,649.2000,649.5000,648.3435,15598500
2025-12-18,657.0300,670.5600,656.4600,664.4500,663.2669,20260300
2025-12-19,666.4200,671.0000,658.1800,658.7700,657.5970,49977100
2025-12-22,661.6500,673.5800,656.6500,661.5000,660.3221,15659400
2025-12-23,660.0500,666.0000,658.2500,664.9400,663.7560,8486800
2025-12-24,662.5300,668.1800,662.2000,667.5500,666.3614,5627500
2025-12-26,668.0600,668.9500,661.3200,663.2900,662.1089,7133800
2025-12-29,658.0100,660.2500,654.3900,658.6900,657.5172,8506500
2025-12-30,658.6900,672.2200,657.8400,665.9500,664.7642,9187500
2025-12-31,664.7500,665.0000,659.4400,660.0900,658.9147,7940400
2026-01-02,662.7300,664.3900,643.5000,650.4100,649.2519,13726500
2026-01-05,651.0100,664.5400,647.7500,658.7900,657.6169,12213700
2026-01-06,659.5700,665.5200,651.9000,660.6200,659.4437,11074400
2026-01-07,655.6400,659.1500,644.8100,648.6900,647.5350,12846300
2026-01-08,645.8800,647.1000,635.7200,646.0600,644.9096,11921700
2026-01-09,645.4400,654.9500,642.8500,653.0600,651.8971,11634900
2026-01-12,652.5300,653.9700,641.2300,641.9700,640.8269,14797200
2026-01-13,642.2700,642.2700,624.1000,631.0900,629.9663,18030400
2026-01-14,626.5000,628.4500,614.8200,615.5200,614.4240,15527900
2026-01-15,618.4800,624.1700,614.2300,620.8000,619.6946,13076100
2026-01-16,624.1800,629.0800,620.0800,620.2500,619.1456,17012500
2026-01-20,607.8800,611.4000,600.0000,604.1200,603.0443,15169600
2026-01-21,606.7400,618.2700,600.0800,612.9600,611.8686,14494700
2026-01-22,629.3500,660.5700,626.5500,647.6300,646.4768,21394700
2026-01-23,644.7700,666.4900,644.4500,658.7600,657.5870,22797700
2026-01-26,665.1300,675.2800,661.2900,672.3600,671.1628,16327400
2026-01-27,674.5900,676.8200,664.6600,672.9700,671.7717,13297400
2026-01-28,674.5000,677.6800,666.1000,668.7300,667.5392,25709600
2026-01-29,737.4300,744.0000,712.5500,738.3100,736.9954,59852900
2026-01-30,727.5000,732.1700,713.5900,716.5000,715.2242,23744600
2026-02-02,714.6000,721.3000,703.5200,706.4100,705.1521,14365200
2026-02-03,707.3700,717.0000,686.4100,691.7000,690.4683,13760700
2026-02-04,687.7300,688.8300,667.4600,668.9900,667.7988,16882800
2026-02-05,663.5800,681.5000,653.5000,670.2100,669.0166,17131800
2026-02-06,665.4900,671.9900,646.5000,661.4600,660.2822,18159300
2026-02-09,663.1800,683.3100,658.7800,677.2200,676.0141,14837500
2026-02-10,677.6000,680.6500,669.7900,670.7200,669.5257,10455800
2026-02-11,674.0000,679.2700,657.1000,668.6900,667.4993,14323800
2026-02-12,669.9700,676.0000,645.2800,649.8100,648.6530,14960100
2026-02-13,645.1000,651.4300,634.5700,639.7700,638.6309,12336400
2026-02-17,639.5000,642.6000,628.8000,639.2900,638.1516,12674700
2026-02-18,633.8000,645.0000,628.1500,643.2200,642.0746,14649200
2026-02-19,638.5700,647.1900,636.7200,644.7800,643.6319,10035700
2026-02-20,639.6900,663.3500,638.7800,655.6600,654.4925,14183500
2026-02-23,652.5400,657.7000,636.0000,637.2500,636.1153,8605900
2026-02-24,633.0800,641.1100,628.9800,639.3000,638.1616,10135600
2026-02-25,642.5300,653.8800,642.1400,653.6900,652.5261,11330700
2026-02-26,650.5500,661.0000,647.5000,657.0100,655.8401,10637700
2026-02-27,643.4500,649.4400,638.1200,648.1800,647.0259,15703000
2026-03-02,637.1600,659.9400,634.5000,653.5600,652.3962,9816100
2026-03-03,648.2900,659.0400,638.8400,655.0800,653.9136,12263800
2026-03-04,657.9600,672.7700,657.6700,667.7300,666.5410,10810100
2026-03-05,661.9300,670.7000,650.3100,660.5700,659.3938,13341400
2026-03-06,647.9000,649.4700,636.1100,644.8600,643.7117,13159400
2026-03-09,634.7800,647.7500,626.7800,647.3900,646.2373,13489700
2026-03-10,653.5600,660.3000,649.0000,654.0700,652.9053,9859300
2026-03-11,654.7600,659.1200,648.3600,654.8600,653.6939,8977200
2026-03-12,648.7500,653.5000,636.9000,638.1800,637.0436,11617500
2026-03-13,623.8900,629.1700,609.5500,613.7100,612.6172,18957600
2026-03-16,632.0000,634.7500,623.1000,627.4500,626.8690,15134900
2026-03-17,627.9900,636.5500,621.7000,622.6600,622.0834,10348800
2026-03-18,616.3400,622.6500,614.6100,615.6800,615.1099,11726300
2026-03-19,612.1500,613.0000,602.2600,606.7000,606.1382,13247700
2026-03-20,603.5300,603.9600,587.2500,593.6600,593.1103,21214900
2026-03-23,605.7900,608.6400,599.0100,604.0600,603.5007,13638000
2026-03-24,599.1000,601.0000,591.0000,592.9200,592.3710,10739700
2026-03-25,598.7400,603.6700,593.4000,594.8900,594.3392,12585000
2026-03-26,582.4900,583.0000,543.3500,547.5400,547.0330,35780100
2026-03-27,540.1000,543.6000,520.2600,525.7200,525.2332,30133000
2026-03-30,536.3800,539.5500,528.5400,536.3800,535.8834,22795200
2026-03-31,549.9800,573.6900,546.7700,572.1300,571.6002,32898300
2026-04-01,580.1300,592.5500,573.8200,579.2300,578.6937,23608100
2026-04-02,566.0400,578.5000,559.7000,574.4600,573.9281,13518500
2026-04-06,577.6900,582.7900,572.0000,573.0200,572.4894,9515700
2026-04-07,572.4800,575.2300,564.7600,575.0500,574.5175,9580800
2026-04-08,606.0000,629.9500,591.8300,612.4200,611.8529,32036600
2026-04-09,626.9700,637.5000,623.0000,628.3900,627.8082,19012900
2026-04-10,634.4700,638.5800,624.3300,629.8600,629.2767,13294800
2026-04-13,629.5000,635.0000,624.4000,634.5300,633.9425,9538900
2026-04-14,643.2200,666.2600,639.3700,662.4900,661.8765,17818000
2026-04-15,667.0000,678.5000,664.2200,671.5800,670.9582,14952600
2026-04-16,675.9900,677.5800,667.7500,676.8700,676.2432,9544800
2026-04-17,678.6000,691.5200,675.1300,688.5500,687.9124,16283500
2026-04-20,681.3600,683.3800,668.0000,670.9100,670.2888,12534000
2026-04-21,671.0000,676.2000,667.3300,668.8400,668.2207,8660100
2026-04-22,674.3600,678.3800,669.7500,674.7200,674.0952,9215600
2026-04-23,663.7000,669.5600,653.0500,659.1500,658.5397,11667000
2026-04-24,660.3200,680.6700,653.8400,675.0300,674.4050,13348300
2026-04-27,671.0000,682.5000,670.8400,678.6200,677.9916,12805200
2026-04-28,674.2400,678.1800,665.6300,671.3400,670.7184,10606800
2026-04-29,668.9100,674.2500,663.8100,669.1200,668.5004,18947500
2026-04-30,619.3200,620.8500,600.0000,611.9100,611.3434,52765000
2026-05-01,614.6900,618.8800,606.1100,608.7500,608.1863,21404000
2026-05-04,607.9400,614.0000,602.7500,610.4100,609.8448,16203900
2026-05-05,613.3100,614.3500,600.3600,604.9600,604.3998,17171300
2026-05-06,601.0500,619.9500,598.1000,612.8800,612.3125,19915500
2026-05-07,614.7200,624.9800,613.5400,616.8100,616.2388,12307400
2026-05-08,615.2000,616.7700,606.0600,609.6300,609.0655,13557000
2026-05-11,604.5700,604.9100,598.0800,598.8600,598.3055,15940600
2026-05-12,594.8200,603.7500,592.6000,603.0000,602.4417,11351600
2026-05-13,598.8300,619.9000,596.6600,616.6300,616.0590,14634400
2026-05-14,616.0000,623.7300,615.0000,618.4300,617.8574,10651200
2026-05-15,613.9900,621.2000,609.3100,614.2300,613.6613,13272600
2026-05-18,609.1100,615.5900,603.6900,611.2100,610.6440,13772400
2026-05-19,608.9200,613.9300,600.5500,602.6100,602.0520,11749900
2026-05-20,600.7600,608.0000,597.8100,605.0600,604.4998,11329700
2026-05-21,600.0000,609.6000,594.8100,607.3800,606.8176,13476100
2026-05-22,607.8800,614.8100,606.9500,610.2600,609.6949,11688600
2026-05-26,608.8900,614.4700,605.3000,612.3400,611.7730,12234200
2026-05-27,609.4000,638.5000,609.0000,635.2600,634.6718,23143600
2026-05-28,639.5000,643.0000,629.3100,635.2900,634.7017,16772400
2026-05-29,633.5000,634.5000,623.3500,632.5100,631.9243,19806500
2026-06-01,630.4000,635.7500,599.5300,600.4700,599.9139,29138800
2026-06-02,603.2400,608.8800,596.6800,597.6300,597.0766,18252000
2026-06-03,603.0000,624.1500,600.2700,622.9800,622.4031,23020100
2026-06-04,623.6700,642.4000,622.4300,627.5700,626.9889,21469200
2026-06-05,623.4600,629.1500,582.9100,593.0000,592.4509,30091600
2026-06-08,592.0000,592.0000,579.2200,585.3900,584.8480,19512400
2026-06-09,591.0000,597.6300,581.0100,584.5900,584.0487,16977400
2026-06-10,580.7300,591.3200,570.6000,570.9800,570.4513,17064000
2026-06-11,565.8300,572.1700,557.0100,568.4300,567.9036,17628000
2026-06-12,572.9500,576.0700,560.9000,566.9800,566.4550,14326400
2026-06-15,579.9000,601.2700,579.3000,593.4800,593.4800,17653300
2026-06-16,593.6500,605.8100,592.0000,600.2100,600.2100,11344400
2026-06-17,592.0000,593.8100,566.1900,567.5800,567.5800,20478300
2026-06-18,572.8200,580.2200,563.1000,577.2200,577.2200,28824600
2026-06-22,572.0200,575.8100,559.8100,563.8500,563.8500,15405500
2026-06-23,562.2500,572.2000,561.0200,562.2000,562.2000,13103300
2026-06-24,561.8900,569.0400,555.5500,557.6700,557.6700,13963600
2026-06-25,555.5500,556.3400,540.1800,542.8700,542.8700,16968600
2026-06-26,543.3400,556.8500,540.4000,550.2500,550.2500,18867700
2026-06-29,560.0000,570.9000,558.0000,562.6000,562.6000,15011400
2026-06-30,560.9400,565.5400,551.4300,563.2900,563.2900,18111100
2026-07-01,607.9100,628.2800,595.1000,612.9100,612.9100,45536300
2026-07-02,607.9000,610.0000,580.4200,582.9000,582.9000,21705900
2026-07-06,594.8400,603.5800,581.7600,600.2900,600.2900,17674100
2026-07-07,607.5900,625.3700,603.6600,615.5800,615.5800,18560800
2026-07-08,614.3900,616.0000,598.0100,603.1200,603.1200,13606500
2026-07-09,583.9900,633.2700,577.0700,631.4800,631.4800,26579700
2026-07-10,660.3400,677.8600,658.0100,669.2100,669.2100,40608900
2026-07-13,661.3800,676.6200,654.2000,656.7300,656.7300,19840700
2026-07-14,652.0000,666.5000,649.0500,661.0400,661.0400,16748200
2026-07-15,663.6000,686.0800,656.6600,681.3100,681.3100,19003400
2026-07-16,677.2800,681.9000,660.1600,664.5400,664.5400,15816000
2026-07-17,647.7000,652.2000,626.0000,646.0100,646.0100,22267900
2026-07-20,646.7000,653.3000,636.0100,645.8500,645.8500,10225200
2026-07-21,654.1800,655.8800,643.2000,643.8100,643.8100,9140500
2026-07-22,647.7000,649.0000,624.0000,627.1700,627.1700,11019600
2026-07-23,608.4100,614.6500,597.2200,606.1000,606.1000,15494800
2026-07-24,605.3000,609.9800,594.4500,595.1900,595.1900,11503500
2026-07-27,607.2200,611.2600,593.1300,593.8700,593.8700,11195300
2026-07-28,596.8200,601.0000,587.0000,593.4100,593.4100,12009300
2026-07-29,593.2500,599.9700,582.2200,585.6100,585.6100,22371100
2026-07-30,526.0000,539.8800,524.4900,539.0300,539.0300,42271500
2026-07-31,543.6000,558.3300,540.2200,556.7100,556.7100,24261500
2026-08-03,562.2400,597.5200,559.3600,590.2400,590.2400,25938100
2026-08-04,581.5000,592.7900,578.2500,587.9400,587.9400,17959200
2026-08-05,600.4600,601.0000,580.1200,588.7700,588.7700,14897200
2026-08-06,586.9500,595.3100,586.0000,589.9000,589.9000,11811500
2026-08-07,585.6400,598.7400,585.6200,592.1000,592.1000,11250300
2026-08-10,599.1300,608.2100,592.0300,594.9200,594.9200,14967300
2026-08-11,598.0000,612.4300,593.4000,599.1200,599.1200,13146900
2026-08-12,601.0700,604.5000,578.2100,578.8500,578.8500,16186900
2026-08-13,580.7100,595.8500,579.3900,594.9700,594.9700,11164200
2026-08-14,596.9800,601.8600,589.2900,589.8500,589.8500,8758000
2026-08-17,589.7500,590.2400,564.7500,568.9700,568.9700,17225600
2026-08-18,557.4800,560.6600,543.2100,543.6700,543.6700,27094900
2026-08-19,541.3400,554.0700,537.2700,546.0300,546.0300,16971700
2026-08-20,546.9500,549.9900,539.3100,545.8300,545.8300,13872200
2026-08-21,546.8900,553.8700,543.2300,549.9000,549.9000,13848000
2026-08-24,550.2000,561.4200,546.3000,559.0200,559.0200,12990600
2026-08-25,563.8800,570.8000,561.4000,570.0500,570.0500,9769100
2026-08-26,590.3100,593.3400,561.8800,576.1400,576.1400,31416300
2026-08-27,576.4800,588.3900,567.6200,571.1000,571.1000,15221400
2026-08-28,571.5500,589.1900,571.0000,578.0200,578.0200,16042400
2026-08-31,577.6300,578.6800,569.1400,572.3400,572.3400,13383800
2026-09-01,558.3500,584.9500,556.1000,578.5400,578.5400,15796900
2026-09-02,578.7900,600.3800,577.0000,592.8500,592.8500,16552700
2026-09-03,604.4900,619.4600,604.3500,610.6800,610.6800,19737100
2026-09-04,612.3500,617.4600,605.2700,616.7700,616.7700,15942700
