date,open,high,low,close,adj_close,volume
2000-01-03,65.9160,66.5148,61.2166,64.0446,16.2885,4195931
2000-01-04,61.5992,62.3811,59.9690,61.5909,15.6644,4295647
2000-01-05,59.8858,60.8839,59.1372,60.8007,15.4635,3349896
2000-01-06,59.9690,60.5928,58.9709,59.3036,15.0827,2198697
2000-01-07,59.7195,61.1251,59.3452,60.7176,15.4423,3238414
2000-01-10,62.3811,63.5455,61.7988,62.4892,15.8929,3479426
2000-01-11,62.7969,63.0465,60.9255,61.6242,15.6729,3033625
2000-01-12,60.9255,62.1648,60.9255,61.6325,15.6750,1915615
2000-01-13,63.2211,64.2525,62.7969,62.7969,15.9711,5363646
2000-01-14,63.3376,63.9614,62.2230,62.6306,15.9288,3030131
2000-01-17,63.2544,63.4207,60.3849,60.5845,15.4085,3668113
2000-01-18,60.7592,61.4661,59.6446,60.5928,15.4106,3003225
2000-01-19,60.5928,60.7592,59.3951,60.5096,15.3894,2432963
2000-01-20,60.2185,60.6344,58.8461,59.0541,15.0192,2569080
2000-01-21,58.6382,59.8442,58.4303,59.1289,15.0383,3027331
2000-01-24,59.8276,59.8276,58.0560,58.1391,14.7865,2184952
2000-01-25,58.0560,58.1724,56.1430,56.1430,14.2788,4301662
2000-01-26,56.7252,56.8084,55.3112,55.8103,14.1942,3700209
2000-01-27,56.1430,58.5550,55.3112,58.0976,14.7760,4867209
2000-01-28,58.4635,58.8045,56.2261,56.6836,14.4163,3727862
2000-01-31,56.1929,56.4341,55.1532,55.2280,14.0461,3590175
2000-02-01,56.2261,56.3093,54.8122,55.7271,14.1731,3568971
2000-02-02,56.0431,56.5588,55.2363,55.7271,14.1731,2908142
2000-02-03,55.3112,56.7584,55.3112,56.4341,14.3529,3162028
2000-02-04,56.1845,56.8167,55.6855,56.4091,14.3465,2542584
2000-02-07,55.8934,57.1411,55.4110,55.7687,14.1837,2463967
2000-02-08,55.5191,56.1263,54.9036,55.1864,14.0356,2453257
2000-02-09,55.2696,55.3112,54.1301,54.6874,13.9086,3259020
2000-02-10,54.0636,55.8934,54.0636,55.6439,14.1519,3442078
2000-02-11,55.8934,56.8583,54.8953,54.8704,13.9552,5937719
2000-02-14,54.3963,55.6855,54.2715,55.6855,14.1625,2301634
2000-02-15,55.0617,56.2511,54.9785,55.1365,14.0229,2602796
2000-02-16,55.7271,55.9766,53.4398,54.6874,13.9086,5423921
2000-02-17,54.3048,55.3112,53.9388,54.6375,13.8960,2690068
2000-02-18,54.5210,54.6458,54.0636,54.0636,13.7500,3478762
2000-02-21,53.6893,54.0636,53.1320,53.6477,13.6442,1946142
2000-02-22,53.3316,53.8972,52.8160,53.6061,13.6336,2593939
2000-02-23,53.5645,53.7725,52.1922,52.6080,13.3798,2686011
2000-02-24,51.9842,52.4833,51.1941,51.6515,13.1365,3121755
2000-02-25,51.5683,55.0950,51.5683,54.7290,13.9192,4387706
2000-02-28,56.0182,56.9664,55.2280,56.0598,14.2577,4131452
2000-02-29,56.6919,58.8461,56.4923,58.2223,14.8077,4819262
2000-03-01,58.7214,59.2204,55.5275,56.7252,14.4269,4822638
2000-03-02,56.5588,56.5588,54.2715,55.9433,14.2281,4016994
2000-03-03,55.3112,55.6439,53.9555,54.8537,13.9510,3544473
2000-03-06,55.3112,55.3611,54.3131,54.6874,13.9086,1507274
2000-03-07,53.9388,54.3547,52.7494,53.0489,13.4919,2892448
2000-03-08,52.4916,54.1883,52.4916,53.9804,13.7288,4562640
2000-03-09,53.6893,53.9555,52.8409,53.2734,13.5490,3885098
2000-03-10,53.6893,53.6893,51.9842,52.4001,13.3269,2561559
2000-03-13,52.4001,52.4001,52.4001,52.4001,13.3269,0
2000-03-14,53.2318,54.6209,53.0239,54.6125,13.8896,3187560
2000-03-15,54.2299,55.0035,53.5229,53.8141,13.6865,2341685
2000-03-16,54.8205,58.0976,54.7040,58.0976,14.7760,5601863
2000-03-17,58.6299,58.8378,55.8518,57.4238,14.6046,46575930
2000-03-20,57.4238,58.0144,55.5275,56.2677,14.3106,3055075
2000-03-21,55.9350,57.3407,55.7271,56.6004,14.3952,3618131
2000-03-22,56.9331,58.3055,56.3925,57.3074,14.5750,5881555
2000-03-23,57.6817,58.3055,56.6004,56.8167,14.4502,3800219
2000-03-24,57.3906,59.5365,56.9747,58.3887,14.8500,5095731
2000-03-27,58.2223,59.8026,57.9728,58.2639,14.8183,3491975
2000-03-28,57.9728,58.2140,56.2261,56.5921,14.3931,5024337
2000-03-29,56.7751,56.9664,55.7271,56.5671,14.3867,2464511
2000-03-30,56.3925,57.7233,56.1430,56.7252,14.4269,2765742
2000-03-31,57.2242,57.5985,56.5671,56.5755,14.3888,1923300
2000-04-03,57.2575,58.2639,56.4757,57.9728,14.7442,2506265
2000-04-04,58.7546,59.9108,58.1225,58.7630,14.9452,3210682
2000-04-05,58.3055,59.0125,57.2242,58.8461,14.9663,3693466
2000-04-06,58.8877,59.1622,57.8480,58.2306,14.8098,2686312
2000-04-07,58.5966,58.6299,57.1826,57.8064,14.7019,2471241
2000-04-10,57.8064,58.3055,56.5172,57.9728,14.7442,2280984
2000-04-11,57.8896,58.3138,57.2325,57.9312,14.7336,2107191
2000-04-12,57.9312,58.6382,57.0995,58.3887,14.8500,2182337
2000-04-13,57.5985,58.6382,57.5237,58.2223,14.8077,2330903
2000-04-14,57.8896,58.2639,56.8998,57.4238,14.6046,2388606
2000-04-17,55.7687,57.1660,55.6439,56.9747,14.4904,3263384
2000-04-18,57.2242,57.5819,56.0431,57.1494,14.5348,2746007
2000-04-19,57.0579,57.0579,54.9369,56.3093,14.3211,5838839
2000-04-20,54.4379,54.7123,52.6912,52.6912,13.9846,4491472
2000-04-21,52.6912,52.6912,52.6912,52.6912,13.9846,0
2000-04-24,52.6912,52.6912,52.6912,52.6912,13.9846,0
2000-04-25,52.7744,54.4795,52.6912,54.3131,14.4151,3045019
2000-04-26,54.8953,55.0201,54.2882,54.4379,14.4482,1689556
2000-04-27,54.2299,54.3048,52.8991,52.9740,14.0596,1886133
2000-04-28,53.3899,53.8972,52.8160,53.3566,14.1612,2176727
2000-05-01,53.3566,53.3566,53.3566,53.3566,14.1612,0
2000-05-02,53.2318,53.8141,53.1154,53.6893,14.2495,1777721
2000-05-03,53.6477,54.6292,53.4315,53.6477,14.2384,2255873
2000-05-04,53.6477,54.1052,53.2817,53.8556,14.2936,2028507
2000-05-05,54.0220,54.0220,53.0738,53.8972,14.3047,1891391
2000-05-08,53.7059,53.8889,52.9906,53.3067,14.1479,1734677
2000-05-09,53.3067,53.3067,53.3067,53.3067,14.1479,0
2000-05-10,52.4001,52.5831,50.6950,51.0693,13.5541,4019692
2000-05-11,50.6701,50.9029,49.6969,50.4039,13.3775,4440892
2000-05-12,50.6118,51.3687,50.6118,51.1358,13.5718,2326017
2000-05-15,50.9029,51.5184,50.8780,51.1525,13.5762,1628502
2000-05-16,51.5268,52.5997,51.2855,51.6182,13.6998,2821359
2000-05-17,51.8179,51.9343,50.3623,50.9529,13.5232,2376353
2000-05-18,50.9029,51.6931,50.5370,50.7948,13.4813,2162037
2000-05-19,50.5287,50.9029,49.9048,50.1544,13.3113,2650441
2000-05-22,50.0712,51.1441,49.9548,50.6617,13.4460,2526343
2000-05-23,50.5702,51.4436,50.5453,50.6701,13.4482,2259749
2000-05-24,50.3207,51.1441,50.3207,50.5702,13.4217,2075431
2000-05-25,51.0693,51.6931,50.2791,50.5037,13.4040,2641846
2000-05-26,50.4039,50.6950,49.5306,49.5805,13.1590,2531389
2000-05-29,49.7468,50.2375,49.5056,49.7884,13.2142,1718058
2000-05-30,49.9132,50.2375,49.4973,49.8217,13.2230,1880772
2000-05-31,50.0712,50.0712,47.9502,48.4909,12.8698,3828301
2000-06-01,48.6572,48.9816,47.9087,48.4659,12.8632,1868753
2000-06-02,48.1748,48.2829,47.4179,48.1998,12.7925,4213353
2000-06-05,48.4410,49.5555,48.2414,49.3143,13.0883,2542610
2000-06-06,49.5721,50.5702,49.5056,50.1211,13.3025,3080170
2000-06-07,49.9464,50.7283,49.8383,50.4871,13.3996,2285575
2000-06-08,50.6534,51.1608,50.1128,50.1793,13.3179,2679992
2000-06-09,50.2708,50.5287,49.7385,49.9048,13.2451,1784631
2000-06-12,50.2625,50.4039,49.8549,49.9048,13.2451,342494
2000-06-13,49.8134,50.0296,49.2810,49.4890,13.1347,2401956
2000-06-14,49.8633,49.8633,48.7404,49.1563,13.0464,2754845
2000-06-15,48.9067,49.2478,48.1249,48.1582,12.7815,2499930
2000-06-16,48.4493,48.4909,46.9605,46.9605,12.4636,23287505
2000-06-19,47.4013,47.8754,47.1601,47.8255,12.6932,2570553
2000-06-20,47.9835,48.1415,47.0603,47.3514,12.5674,2068220
2000-06-21,47.4096,47.5760,46.2368,46.5779,12.3621,3223954
2000-06-22,46.5945,46.7442,45.7627,46.0372,12.2186,2330299
2000-06-23,46.2036,46.9022,45.7544,46.7858,12.4172,2360199
2000-06-26,47.1601,47.3763,46.4198,46.6111,12.3709,2503527
2000-06-27,46.9937,47.2682,46.4614,47.2183,12.5320,2137671
2000-06-28,47.3347,47.6342,46.3782,46.8191,12.4261,2064156
2000-06-29,46.7858,46.8690,45.9125,45.9125,12.1855,1845669
2000-06-30,45.8542,46.3367,45.4217,45.4384,12.0596,2190240
2000-07-03,45.7877,46.3699,45.5881,46.0372,12.2186,1971753
2000-07-04,46.3616,47.3264,46.0871,47.1019,12.5011,2348950
2000-07-05,46.9937,47.8172,46.1703,46.7525,12.4084,2940760
2000-07-06,46.7442,46.8191,45.9125,46.1620,12.2517,2477618
2000-07-07,46.1620,46.1620,46.1620,46.1620,12.2517,0
2000-07-10,47.7340,48.8901,47.6175,48.2829,12.8146,3679128
2000-07-11,48.2829,48.7820,47.7839,48.0584,12.7550,1894347
2000-07-12,48.3162,48.3162,47.4678,47.8920,12.7109,1803958
2000-07-13,47.8920,47.8920,47.8920,47.8920,12.7109,0
2000-07-14,47.2848,47.5593,46.4947,47.1601,12.5166,2753403
2000-07-17,47.4096,47.7839,46.6860,46.8191,12.4261,2454333
2000-07-18,46.7608,48.4243,46.7109,47.9502,12.7263,2168635
2000-07-19,48.0750,50.1960,47.9669,49.8383,13.2274,5272092
2000-07-20,50.2209,51.0277,49.9880,50.1211,13.3025,3868929
2000-07-21,50.2209,50.7366,49.1147,49.1230,13.0376,2568147
2000-07-24,48.4992,48.8236,47.6175,48.2414,12.8036,3729454
2000-07-25,47.8671,47.9918,46.6194,46.7692,12.4128,2967739
2000-07-26,46.8440,47.8255,45.6297,47.5760,12.6270,5882885
2000-07-27,47.1185,47.5344,46.0954,46.7941,12.4195,2733669
2000-07-28,47.1185,48.4160,46.0954,47.4595,12.5961,3085973
2000-07-31,47.5760,48.2414,47.1684,47.5011,12.6071,1551996
2000-08-01,47.6591,47.6591,46.5779,47.1601,12.5166,2065985
2000-08-02,47.0436,48.1582,46.9937,48.0833,12.7616,2328406
2000-08-03,48.2330,48.3661,47.0769,47.4928,12.6049,2229752
2000-08-04,47.9087,48.0584,46.8440,47.5926,12.6314,2921775
2000-08-07,48.2330,48.8319,48.0085,48.5325,12.8808,2614448
2000-08-08,48.8319,49.5222,48.4576,48.9483,12.9912,2762982
2000-08-09,49.2145,51.3188,49.1979,50.9029,13.5100,5616915
2000-08-10,50.9029,53.0655,50.7116,51.8927,13.7727,5795297
2000-08-11,51.7347,52.4833,51.2440,51.8595,13.7638,2547659
2000-08-14,51.5767,52.4833,51.2772,51.6515,13.7086,1919385
2000-08-15,52.1506,52.1506,50.7615,51.1525,13.5762,1575751
2000-08-16,51.1525,51.4020,50.7033,50.9944,13.5343,1539462
2000-08-17,51.2523,51.2523,50.2625,50.7782,13.4769,1101627
2000-08-18,50.9029,50.9029,49.6636,49.9132,13.2473,2270686
2000-08-21,49.7967,49.9464,49.0814,49.9464,13.2561,1646088
2000-08-22,50.0296,51.0693,49.9714,50.5287,13.4106,1999408
2000-08-23,50.3207,51.0443,49.9631,50.8198,13.4879,1974768
2000-08-24,50.8697,50.8697,50.0296,50.1128,13.3003,1650592
2000-08-25,50.4871,50.8863,50.2292,50.4372,13.3864,1217089
2000-08-28,50.5702,50.9861,50.4455,50.7366,13.4658,1443623
2000-08-29,50.7366,50.7366,49.2810,49.7385,13.2009,1838916
2000-08-30,49.7385,49.7551,48.4909,48.9067,12.9802,2186678
2000-08-31,48.8319,48.9733,48.1582,48.1582,12.7815,2248807
2000-09-01,48.2829,48.6406,47.7090,48.1831,12.7881,2219749
2000-09-04,48.3245,49.0232,48.0833,48.6156,12.9029,1430101
2000-09-05,48.6156,48.8402,48.4659,48.4659,12.8632,1712602
2000-09-06,48.8153,49.3559,48.4243,48.7404,12.9360,1635198
2000-09-07,48.4493,48.9067,47.5926,48.1083,12.7682,2378159
2000-09-08,48.4077,48.7404,47.8255,48.1665,12.7837,1810767
2000-09-11,48.2580,48.6572,48.2081,48.4243,12.8521,1754854
2000-09-12,48.2247,48.4742,46.6194,47.1351,12.5100,3681819
2000-09-13,47.1351,47.1351,47.1351,47.1351,12.5100,0
2000-09-14,46.7442,46.8440,45.9540,46.5945,12.3665,2288260
2000-09-15,46.5612,46.7442,45.7378,45.7378,12.1391,9436918
2000-09-18,45.5964,45.8459,44.9726,45.2887,12.0199,3069236
2000-09-19,44.9144,45.3219,43.6751,44.9144,11.9206,3990518
2000-09-20,44.9144,44.9643,43.6667,43.9495,11.6645,2950972
2000-09-21,44.0909,44.3321,42.8350,43.2342,11.4746,3629932
2000-09-22,42.5023,44.2822,42.2694,44.0493,11.6910,3578178
2000-09-25,44.1575,44.4569,42.2777,42.7102,11.3356,3420631
2000-09-26,42.2528,43.3756,41.8119,42.7934,11.3576,3302633
2000-09-27,42.5356,45.1639,41.7787,43.9246,11.6579,9087700
2000-09-28,43.8497,43.8747,41.5458,41.5957,11.0398,7085174
2000-09-29,41.8868,42.4191,41.6040,42.2860,11.2230,3500597
2000-10-02,41.9783,48.7820,41.8868,42.3359,11.2362,2925734
2000-10-03,42.3359,42.3359,42.3359,42.3359,11.2362,0
2000-10-04,41.7953,43.1677,41.2547,41.7620,11.0839,4655280
2000-10-05,41.8535,42.6686,41.5125,42.1779,11.1943,2472977
2000-10-06,42.0032,43.1178,41.9617,42.6770,11.3267,4551876
2000-10-09,42.5855,44.0161,41.8203,43.0429,11.4239,3699848
2000-10-10,43.4339,45.4467,43.4339,44.3321,11.7660,7027455
2000-10-11,43.8331,45.1972,43.5004,44.0410,11.6888,4697962
2000-10-12,44.2157,45.0391,42.6770,42.9182,11.3908,3950506
2000-10-13,42.9182,42.9182,42.9182,42.9182,11.3908,0
2000-10-16,42.9182,42.9182,42.9182,42.9182,11.3908,0
2000-10-17,42.9182,42.9182,42.9182,42.9182,11.3908,0
2000-10-18,42.9182,42.9182,42.9182,42.9182,11.3908,0
2000-10-19,42.9182,42.9182,42.9182,42.9182,11.3908,0
2000-10-20,42.9182,42.9182,42.9182,42.9182,11.3908,0
2000-10-23,45.9956,45.9956,43.9828,44.8894,11.9139,2963689
2000-10-24,44.8894,44.8894,44.8894,44.8894,11.9139,0
2000-10-25,44.4902,44.4902,42.8849,43.7333,11.6071,3508979
2000-10-26,43.7998,44.8561,42.6271,43.2509,11.4791,5356766
2000-10-27,43.4255,43.4838,41.4210,42.6686,11.3245,5576937
2000-10-30,42.8184,43.5337,42.5272,43.2758,11.4857,2143080
2000-10-31,43.2758,43.2758,43.2758,43.2758,11.4857,0
2000-11-01,45.2471,47.3514,44.6732,46.6111,12.3709,4231101
2000-11-02,46.4115,47.0686,45.9873,46.3866,12.3113,3631942
2000-11-03,46.5945,47.7589,45.5382,46.2452,12.2738,4785654
2000-11-06,46.3699,46.9355,45.2138,45.4467,12.0618,4028264
2000-11-07,45.3302,45.5714,44.4236,45.0391,11.9537,2843574
2000-11-08,45.3302,45.4883,44.8645,44.9975,11.9426,2281063
2000-11-09,45.0059,46.0788,44.7563,45.6213,12.1082,3083086
2000-11-10,45.6629,46.4115,44.5484,44.7480,11.8764,2957086
2000-11-13,44.6316,45.5049,44.5983,44.9144,11.9206,1798822
2000-11-14,44.9144,44.9144,44.9144,44.9144,11.9206,0
2000-11-15,45.1639,45.1639,42.9348,43.6168,11.5762,5957096
2000-11-16,42.7934,43.5420,41.7953,43.0429,11.4239,6603671
2000-11-17,42.2195,42.7352,40.5893,41.4210,10.9934,9571774
2000-11-20,41.1715,41.4626,39.0090,39.6328,10.5188,5605405
2000-11-21,39.0090,39.3832,38.0275,38.7927,10.2958,5536076
2000-11-22,38.2604,39.1504,37.5368,38.7178,10.2760,4830907
2000-11-23,39.0090,40.5893,38.9674,40.3231,10.7020,3185302
2000-11-24,40.6725,41.0717,39.7991,39.9821,10.6115,3000324
2000-11-27,40.1318,40.6808,38.9258,39.3333,10.4393,2934037
2000-11-28,39.0921,39.2086,37.7197,38.8010,10.2980,4328030
2000-11-29,38.3436,38.8925,38.0109,38.0940,10.1104,2452859
2000-11-30,37.7197,37.9610,36.6052,36.6052,9.7153,3251913
2000-12-01,37.0128,38.4683,36.8048,37.9693,10.0773,3037787
2000-12-04,37.9277,40.1235,37.8445,38.5515,10.2318,4756632
2000-12-05,39.1088,40.6725,38.8093,40.3314,10.7042,4650397
2000-12-06,40.8305,41.4626,39.8823,40.1152,10.6468,5034833
2000-12-07,39.8823,40.5477,39.0921,39.4664,10.4746,3440883
2000-12-08,39.4831,40.5227,39.4831,40.2150,10.6733,2469897
2000-12-11,40.5061,41.7371,40.5061,41.3878,10.9846,4000018
2000-12-12,42.0032,42.9598,41.8702,42.4441,11.2649,5097080
2000-12-13,42.8267,43.0013,41.0551,41.3711,10.9802,4249031
2000-12-14,41.1715,41.7121,40.6309,40.7057,10.8036,3970544
2000-12-15,40.4645,40.8804,39.7575,39.9488,10.6027,7820370
2000-12-18,39.5080,40.2150,38.8842,39.5912,10.5078,5544700
2000-12-19,38.9258,40.0902,38.1356,38.2521,10.1523,5848923
2000-12-20,37.8861,39.0090,37.1791,37.3621,9.9161,4759146
2000-12-21,37.0128,38.1938,36.8298,36.9296,9.8014,3547996
2000-12-22,36.9712,37.4286,36.3890,36.5969,9.7131,2789535
2000-12-25,36.5969,36.5969,36.5969,36.5969,9.7131,0
2000-12-26,36.5969,36.5969,36.5969,36.5969,9.7131,0
2000-12-27,36.5969,36.9296,35.5572,36.0563,9.5696,2723442
2000-12-28,35.7651,36.2642,35.5156,36.0063,9.5563,3015184
2000-12-29,36.3890,37.7613,36.0147,37.2124,9.8764,2201095
2001-01-01,37.2124,37.2124,37.2124,37.2124,9.8764,0
2001-01-02,36.9712,38.2937,36.7882,36.9379,9.8036,2957077
2001-01-03,37.1458,38.2521,36.1311,38.0109,10.0883,2995349
2001-01-04,38.6763,39.5912,37.3954,39.5912,10.5078,6973169
2001-01-05,39.5912,39.5912,39.5912,39.5912,10.5078,0
2001-01-08,38.3436,39.3417,38.0109,38.6763,10.2649,3608788
2001-01-09,38.7594,38.8426,37.4702,38.8426,10.3091,4809738
2001-01-10,38.4267,38.7178,36.3557,37.1292,9.8543,6222055
2001-01-11,36.6801,38.0109,36.6801,37.4370,9.9360,3515432
2001-01-12,36.0978,36.8464,35.9897,36.7383,9.7506,7570873
2001-01-15,36.8048,37.3205,36.3141,37.1791,9.8676,3237661
2001-01-16,37.2124,37.2207,36.6967,37.2207,9.8786,2513986
2001-01-17,37.2623,39.3250,37.2623,39.2585,10.4195,6261166
2001-01-18,39.0921,40.2067,38.5515,39.9239,10.5961,5068591
2001-01-19,40.3398,41.5042,40.1318,40.7224,10.8080,6490138
2001-01-22,40.8471,42.0032,40.5061,41.7537,11.0817,4290588
2001-01-23,41.6705,42.7934,41.2547,41.9866,11.1435,5712298
2001-01-24,42.0032,42.0032,41.1465,41.8369,11.1038,4088292
2001-01-25,41.8369,43.0845,41.4377,43.0429,11.4239,5912655
2001-01-26,42.8350,44.1575,42.7518,43.6834,11.5938,5777897
2001-01-29,43.7915,44.2490,42.3609,42.9182,11.3908,5397162
2001-01-30,42.4191,42.5439,40.9303,41.4543,11.0022,5687470
2001-01-31,41.9617,42.7435,41.6705,42.4607,11.2693,4912732
2001-02-01,42.1114,43.1427,41.7704,41.7953,11.0927,4402047
2001-02-02,41.6290,42.2361,40.8970,40.9636,10.8720,5148823
2001-02-05,40.7140,41.9118,40.3398,41.8369,11.1038,4958180
2001-02-06,41.9617,43.7915,41.6705,43.3091,11.4945,4676846
2001-02-07,43.4671,44.4153,43.1012,43.1012,11.4393,6369007
2001-02-08,43.2509,44.7147,43.0429,44.5401,11.8212,3902093
2001-02-09,44.7480,44.7480,43.2925,43.5004,11.5453,2632820
2001-02-12,43.6667,44.5318,43.5004,43.9163,11.6557,2922878
2001-02-13,44.1741,46.2036,44.1741,45.4966,12.0751,7845924
2001-02-14,45.3386,46.4448,44.9144,46.1620,12.2517,5671567
2001-02-15,46.1620,46.1620,46.1620,46.1620,12.2517,0
2001-02-16,45.6380,45.7544,44.8728,45.4966,12.0751,4078782
2001-02-19,45.5798,46.3949,45.5798,45.8709,12.1744,2512198
2001-02-20,45.9956,47.1601,45.8875,47.0270,12.4813,4741419
2001-02-21,46.9937,47.7340,46.5779,47.6175,12.6380,5249887
2001-02-22,47.3264,47.5760,44.9975,45.4966,12.0751,6391314
2001-02-23,45.8709,45.8709,43.5669,43.7582,11.6137,5269661
2001-02-26,43.9579,44.4070,42.9182,43.5919,11.5696,3812771
2001-02-27,43.5836,44.2406,43.1677,43.9911,11.6755,2873118
2001-02-28,43.5836,45.1223,43.2509,44.3820,11.7793,3660553
2001-03-01,44.6648,44.6648,43.6751,43.8996,11.6512,3025885
2001-03-02,44.0743,44.3987,43.4006,44.0410,11.6888,2580981
2001-03-05,43.8913,44.9975,43.6085,44.9975,11.9426,2497116
2001-03-06,45.0973,47.1434,44.7896,46.6693,12.3863,6363542
2001-03-07,46.7442,47.1434,45.9125,46.3117,12.2914,3711334
2001-03-08,46.5779,46.5779,45.6213,46.0622,12.2252,2682911
2001-03-09,45.9540,46.8357,45.5798,46.3949,12.3135,4097695
2001-03-12,46.2285,46.3949,45.5798,45.6879,12.1259,3005961
2001-03-13,44.9726,45.1888,43.8747,43.8996,11.6512,5728275
2001-03-14,44.2906,44.3072,41.0051,41.9617,11.1369,9290305
2001-03-15,42.4108,43.2176,41.9367,43.2176,11.4702,4275734
2001-03-16,43.2509,44.0826,42.2112,42.6271,11.3135,27821665
2001-03-19,42.6271,43.4505,41.8369,42.0947,11.1722,2820431
2001-03-20,42.8766,43.1261,41.8036,43.0762,11.4327,3421488
2001-03-21,42.2112,42.9099,41.8785,41.9201,11.1259,4516130
2001-03-22,41.7121,41.8369,39.3417,39.9239,10.5961,7060882
2001-03-23,40.4229,41.2464,40.0985,41.0051,10.8830,3918560
2001-03-26,41.3628,42.4191,40.9636,42.1779,11.1943,2973247
2001-03-27,42.1446,43.0346,41.2547,43.0346,11.4217,5473494
2001-03-28,42.6271,42.8184,41.4210,42.2112,11.2031,3734465
2001-03-29,41.8785,42.9182,41.3462,42.9182,11.3908,4072326
2001-03-30,42.9182,43.1594,41.5125,42.1280,11.1810,3289134
2001-04-02,41.8036,42.9265,41.7038,42.7102,11.3356,2905324
2001-04-03,42.5688,43.1344,41.3794,41.8119,11.0972,4139680
2001-04-04,41.2963,41.9533,40.4645,41.3794,10.9824,4588974
2001-04-05,41.6789,42.9265,41.5874,42.5772,11.3003,3514500
2001-04-06,43.0845,43.9579,42.3027,42.9182,11.3908,3863508
2001-04-09,43.0845,44.3155,42.8350,43.8830,11.6468,4161532
2001-04-10,44.1242,45.9041,43.9163,45.5798,12.0972,5474864
2001-04-11,44.9975,45.9540,43.9994,45.9540,12.1965,9823912
2001-04-12,43.9579,44.3737,43.2093,43.7915,12.2489,4932891
2001-04-13,43.7915,43.7915,43.7915,43.7915,12.2489,0
2001-04-16,43.7915,43.7915,43.7915,43.7915,12.2489,0
2001-04-17,43.3756,43.7499,42.5855,43.2509,12.0977,3103114
2001-04-18,43.9579,45.7461,43.4172,45.4633,12.7166,5645187
2001-04-19,45.4550,45.6546,44.7480,45.3302,12.6793,3632784
2001-04-20,45.4134,46.7858,45.3885,45.7794,12.8050,6458334
2001-04-23,45.5465,46.1204,44.6482,45.9125,12.8422,4040156
2001-04-24,45.8958,46.8939,45.4134,46.6444,13.0469,4270278
2001-04-25,46.5030,47.4096,45.1888,45.9208,12.8445,8370613
2001-04-26,45.6713,46.3699,45.2304,46.0622,12.8841,3495536
2001-04-27,45.9125,46.5862,44.6898,45.5382,12.7375,4918417
2001-04-30,45.5798,47.2433,45.0391,46.9438,13.1307,3536213
2001-05-01,46.9438,46.9438,46.9438,46.9438,13.1307,0
2001-05-02,47.2017,48.1415,46.4115,47.9087,13.4005,5751446
2001-05-03,47.9087,48.3994,46.9937,47.0769,13.1679,4021868
2001-05-04,46.8357,47.4928,45.9540,47.4096,13.2610,3433097
2001-05-07,47.4096,47.4096,47.4096,47.4096,13.2610,0
2001-05-08,46.7359,46.9106,46.1703,46.9106,13.1214,2754305
2001-05-09,46.7026,46.9937,46.0954,46.9106,13.1214,2389671
2001-05-10,46.9106,46.9106,46.9106,46.9106,13.1214,0
2001-05-11,46.7608,47.8255,46.7608,47.5177,13.2912,2271197
2001-05-14,47.2848,47.5344,46.7858,47.0769,13.1679,1827766
2001-05-15,47.2100,47.4013,46.5779,46.8939,13.1167,2251534
2001-05-16,46.6194,47.4013,45.6546,46.9937,13.1446,3893306
2001-05-17,47.3264,47.8504,46.8939,47.3015,13.2307,3636139
2001-05-18,47.3264,47.6591,46.8357,47.3930,13.2563,3395612
2001-05-21,47.4096,47.6591,46.7442,47.5676,13.3052,2564210
2001-05-22,47.6591,47.7174,47.0020,47.3597,13.2470,2576156
2001-05-23,47.1601,47.2765,46.6444,46.7442,13.0748,1913313
2001-05-24,46.8274,47.4928,46.7775,46.8856,13.1144,1361206
2001-05-25,46.9106,47.1351,46.5779,46.9022,13.1190,1809804
2001-05-28,46.8274,46.9106,46.1537,46.5779,13.0283,2092504
2001-05-29,46.3117,46.5529,44.9560,44.9560,12.5746,4557716
2001-05-30,45.0225,45.1223,44.0410,44.6233,12.4816,3687858
2001-05-31,44.2906,45.1306,43.9662,44.8811,12.5537,3524399
2001-06-01,44.7064,44.9393,44.0410,44.2989,12.3909,2836446
2001-06-04,44.7397,45.2387,44.6066,45.0973,12.6142,1018702
2001-06-05,45.2055,45.4300,44.4153,45.3885,12.6956,3001322
2001-06-06,45.4966,45.6297,44.6233,45.4300,12.7072,2673244
2001-06-07,45.2471,45.6380,44.7979,45.0308,12.5956,2402738
2001-06-08,45.1639,45.2887,44.3820,44.6732,12.4955,2092519
2001-06-11,44.4985,44.8811,44.2573,44.6815,12.4979,1691459
2001-06-12,44.8312,44.8312,43.4172,43.9828,12.3024,3597392
2001-06-13,44.0826,44.2739,43.5420,43.8331,12.2606,2676446
2001-06-14,43.7499,43.7499,42.8350,43.2509,12.0977,2253421
2001-06-15,43.2509,43.2509,43.2509,43.2509,12.0977,0
2001-06-18,42.2528,42.3443,41.3378,41.6040,11.6371,4605277
2001-06-19,41.6705,42.9182,41.5874,42.0864,11.7720,4083264
2001-06-20,42.0032,42.4025,41.3794,42.1613,11.7929,3100516
2001-06-21,42.2528,42.2528,41.4210,42.0947,11.7743,3402588
2001-06-22,42.1613,43.4006,42.0032,43.3340,12.1210,4988171
2001-06-25,43.3340,43.7832,42.9182,43.5669,12.1861,2396075
2001-06-26,43.4588,43.5420,42.3359,42.8683,11.9907,3739300
2001-06-27,42.8433,43.4921,42.4358,43.4422,12.1512,2120377
2001-06-28,43.2509,44.2490,42.6354,44.2490,12.3769,3793691
2001-06-29,44.1658,45.2387,44.0826,45.1223,12.6212,4096017
2001-07-02,45.1639,46.5779,44.8561,46.5779,13.0283,4291460
2001-07-03,46.4947,46.9106,45.9624,45.9956,12.8654,4342081
2001-07-04,46.1204,46.5113,45.5382,45.5382,12.7375,2274513
2001-07-05,45.5049,45.8210,45.1140,45.6463,12.7677,2889080
2001-07-06,45.4883,45.4883,44.4652,44.8478,12.5444,3269908
2001-07-09,44.8894,45.2138,44.0826,45.1556,12.6305,2336900
2001-07-10,45.1639,45.7794,44.9975,45.2055,12.6444,3066422
2001-07-11,45.7045,46.9854,45.4467,46.9854,13.1423,9364864
2001-07-12,47.1601,47.9170,46.7359,47.3514,13.2447,6417468
2001-07-13,47.3514,47.3514,47.3514,47.3514,13.2447,0
2001-07-16,47.6342,47.9087,47.4761,47.5011,13.2865,2582589
2001-07-17,47.3181,47.5760,47.0436,47.5593,13.3028,3343297
2001-07-18,47.3930,47.3930,45.9540,46.5113,13.0097,4280959
2001-07-19,46.3949,46.7858,45.6629,46.7858,13.0865,4099584
2001-07-20,46.4697,48.0750,46.1204,48.0750,13.4471,9241052
2001-07-23,47.5760,47.8255,46.6693,47.2017,13.2028,5719265
2001-07-24,46.9937,47.6508,46.7442,46.7442,13.0748,3133402
2001-07-25,46.5862,47.3431,45.9125,46.3949,12.9771,4305440
2001-07-26,46.6028,46.9106,45.6796,46.4947,13.0050,3818428
2001-07-27,46.5363,47.0769,46.1620,46.9605,13.1353,2787683
2001-07-30,46.5779,47.5427,46.0372,46.6111,13.0376,4577371
2001-07-31,46.5113,47.2765,46.0123,47.1767,13.1958,3584715
2001-08-01,46.8773,47.1434,46.5280,47.0769,13.1679,1982354
2001-08-02,47.0769,47.1518,45.3302,45.6213,12.7608,4125347
2001-08-03,45.5798,45.8709,44.7896,45.0391,12.5979,3939319
2001-08-06,44.9227,45.3302,44.6316,44.8728,12.5514,2061467
2001-08-07,45.1140,45.6130,44.9144,45.3219,12.6770,3187459
2001-08-08,45.4550,45.5631,44.4985,44.6482,12.4886,3339392
2001-08-09,44.3072,44.6648,43.7499,44.0161,12.3117,3628941
2001-08-10,44.2906,44.9476,43.3174,43.6751,12.2164,4003133
2001-08-13,44.0660,44.5983,43.4172,43.6667,12.2140,3253593
2001-08-14,43.9163,44.7896,43.8414,44.5318,12.4560,3048231
2001-08-15,44.4153,44.4985,43.1012,43.5836,12.1908,2745229
2001-08-16,43.1677,43.2093,41.7704,42.4524,11.8744,4890839
2001-08-17,42.6603,42.9099,39.0921,39.6577,11.0927,10116702
2001-08-20,39.7991,40.8638,39.3001,40.0736,11.2090,4818474
2001-08-21,40.3398,40.9469,40.0154,40.4396,11.3114,4076988
2001-08-22,40.0985,41.7537,40.0154,41.1133,11.4998,6162073
2001-08-23,41.4626,42.3858,41.0384,42.0116,11.7511,4183643
2001-08-24,42.0116,43.1677,41.9866,42.8683,11.9907,3361255
2001-08-27,43.0845,43.0845,42.0448,42.4358,11.8697,1694535
2001-08-28,42.0116,43.0762,41.5791,41.9201,11.7255,3731416
2001-08-29,41.5957,41.7537,40.9552,41.1549,11.5114,3693172
2001-08-30,40.9636,41.2630,39.6328,39.6328,11.0857,4349106
2001-08-31,39.7159,40.2399,39.4248,39.8823,11.1555,3262490
2001-09-03,40.0071,40.0071,38.4766,38.6763,10.8181,3992429
2001-09-04,39.1004,41.1965,38.5598,40.5227,11.3346,6836599
2001-09-05,39.7243,40.7224,39.3999,39.8074,11.1345,5689413
2001-09-06,40.0902,40.5976,39.4415,39.9239,11.1671,6371984
2001-09-07,39.6993,40.4396,37.2623,37.2623,10.4226,7163450
2001-09-10,37.5201,37.6782,35.5905,36.1394,10.1086,8132160
2001-09-11,36.5969,37.4619,31.7312,33.1867,9.2827,9662138
2001-09-12,33.1867,34.0102,31.4151,32.5213,9.0965,9520567
2001-09-13,32.9372,33.2449,30.6915,31.8060,8.8965,8231405
2001-09-14,31.8143,31.9807,28.5040,28.5040,7.9729,10846803
2001-09-17,28.8034,30.6915,27.3645,30.4835,8.5266,12058087
2001-09-18,30.6748,30.6748,28.7701,29.7682,8.3265,5869943
2001-09-19,29.8015,30.3588,26.8155,27.2813,7.6309,7563620
2001-09-20,27.7970,28.0216,25.0356,25.2851,7.0725,8125605
2001-09-21,24.7861,26.0753,22.6568,25.1354,7.0306,20245640
2001-09-24,25.1354,25.1354,25.1354,25.1354,7.0306,0
2001-09-25,26.3248,26.9569,25.4515,25.5014,7.1330,8162098
2001-09-26,25.7759,26.6825,24.9192,26.1169,7.3052,9186176
2001-09-27,26.3082,27.0983,25.5679,25.7842,7.2121,6683419
2001-09-28,26.4496,27.2397,25.1604,27.1898,7.6053,10356376
2001-10-01,27.4477,28.2794,27.0900,28.1131,7.8635,6502977
2001-10-02,28.3959,29.5853,27.0734,29.2276,8.1753,7698632
2001-10-03,29.2276,29.2276,29.2276,29.2276,8.1753,0
2001-10-04,30.6915,32.0555,30.4170,31.3985,8.7825,7885934
2001-10-05,30.6748,31.5731,30.0677,30.7663,8.6057,7463066
2001-10-08,29.6934,30.8828,28.9864,30.8578,8.6313,5981017
2001-10-09,30.9410,31.0658,30.1342,30.4004,8.5033,4327141
2001-10-10,30.4919,32.0722,30.2091,31.7811,8.8895,5131038
2001-10-11,32.0223,33.3531,31.6896,32.8374,9.1850,6550295
2001-10-12,32.9372,33.1867,31.4567,32.0888,8.9756,6173471
2001-10-15,31.8060,32.0472,30.6748,31.2321,8.7359,3974823
2001-10-16,31.2321,31.2321,31.2321,31.2321,8.7359,0
2001-10-17,32.0639,34.1848,31.9807,32.6378,9.1291,8165730
2001-10-18,32.2302,32.5879,31.3569,31.9807,8.9453,6034404
2001-10-19,31.9890,32.1387,30.5251,31.4151,8.7871,6695291
2001-10-22,31.5232,32.5213,30.5251,32.2718,9.0268,4820407
2001-10-23,32.7958,34.6589,32.6045,33.9603,9.4990,11135758
2001-10-24,33.5527,34.9168,33.1202,34.5508,9.6642,6858099
2001-10-25,34.6340,35.3077,32.8956,33.6442,9.4106,6583374
2001-10-26,34.1848,35.6820,33.8105,35.3410,9.8852,5609732
2001-10-29,35.2245,35.3410,33.8272,34.1016,9.5386,4704121
2001-10-30,33.5194,33.5610,31.7145,32.6461,9.1314,7394303
2001-10-31,32.4465,33.5610,31.7728,32.2302,9.0151,6570002
2001-11-01,32.6877,32.9622,31.4816,32.9289,9.2105,5115730
2001-11-02,33.1368,33.3531,32.2302,32.4382,9.0733,4745443
2001-11-05,32.7209,33.7606,32.6128,33.5610,9.3874,4366726
2001-11-06,33.8438,33.9020,32.9372,33.1035,9.2594,4059385
2001-11-07,33.5610,33.8105,32.6045,33.7939,9.4525,5944476
2001-11-08,33.7190,34.9833,33.5194,34.4343,9.6316,6107744
2001-11-09,34.0933,34.8502,33.9270,34.4094,9.6247,3627338
2001-11-12,34.6672,34.6839,32.5213,33.9353,9.4921,5411807
2001-11-13,34.1016,35.7236,33.9852,35.6404,9.9690,5395297
2001-11-14,35.7651,37.7780,35.7651,36.4721,10.2016,9065219
2001-11-15,37.1375,38.0109,36.7632,36.7632,10.2831,6212261
2001-11-16,36.9296,38.3269,36.7716,37.4286,10.4692,6131350
2001-11-19,37.8445,39.9239,37.6698,39.7159,11.1090,6806151
2001-11-20,39.6328,40.3398,38.3269,38.9674,10.8996,9194748
2001-11-21,38.6846,39.8989,38.4683,38.6763,10.8181,5543017
2001-11-22,38.9507,39.3832,38.7594,38.9258,10.8879,2290621
2001-11-23,39.2335,41.4044,38.6763,41.3378,11.5626,8308095
2001-11-26,41.5042,42.6271,41.4210,41.5874,11.6324,7337723
2001-11-27,41.7537,42.0864,39.6827,40.3398,11.2834,7384711
2001-11-28,39.7742,40.3398,39.2003,39.2003,10.9647,5879470
2001-11-29,39.2003,39.6328,37.8778,38.4101,10.7437,6797296
2001-11-30,38.9923,39.6411,38.7262,38.7262,10.8321,3827123
2001-12-03,38.6763,39.2169,37.8611,39.1004,10.9368,4912602
2001-12-04,38.5099,38.9507,37.9526,38.4683,10.7600,5981855
2001-12-05,39.1753,39.9239,38.4683,39.8074,11.1345,7083758
2001-12-06,40.0486,41.0467,39.7243,40.7224,11.3905,5917183
2001-12-07,41.0051,41.4959,40.2898,40.2898,11.2695,4385646
2001-12-10,40.5726,40.5726,39.1337,39.2918,10.9903,3532231
2001-12-11,39.3001,39.3001,37.9610,38.5931,10.7949,6900174
2001-12-12,38.5349,38.9341,37.0543,37.5201,10.4948,6306997
2001-12-13,37.7613,38.0608,36.8131,36.8131,10.2970,5593434
2001-12-14,36.8464,37.4619,36.2975,36.5969,10.2365,4485996
2001-12-17,36.8131,38.3851,36.5969,37.7197,10.5506,5258621
2001-12-18,38.2521,38.5598,37.7613,37.8528,10.5878,5347280
2001-12-19,37.8362,38.0524,37.0460,37.2457,10.4180,6197037
2001-12-20,37.2623,37.8611,36.8714,36.8714,10.3133,4007463
2001-12-21,36.8298,38.1689,36.3890,38.1273,10.6646,9266704
2001-12-24,38.1273,38.1273,38.1273,38.1273,10.6646,0
2001-12-25,38.1273,38.1273,38.1273,38.1273,10.6646,0
2001-12-26,38.1273,38.1273,38.1273,38.1273,10.6646,0
2001-12-27,38.4267,39.7409,38.3436,39.3250,10.9996,2825226
2001-12-28,39.3167,40.2150,39.3167,40.2150,11.2485,1799810
2001-12-31,40.2150,40.2150,40.2150,40.2150,11.2485,0
2002-01-01,40.2150,40.2150,40.2150,40.2150,11.2485,0
2002-01-02,39.4664,40.2483,39.4248,40.0320,11.1974,4993509
2002-01-03,40.0071,41.4210,39.5912,40.9220,11.4463,5364292
2002-01-04,41.5707,42.4524,41.4543,42.4191,11.8651,9816812
2002-01-07,42.7518,42.7851,40.8638,40.8638,11.4300,7824917
2002-01-08,40.8388,41.4876,40.6808,40.8388,11.4230,5436826
2002-01-09,40.7889,40.7889,39.9405,40.5893,11.3532,6339528
2002-01-10,39.7575,39.9239,39.0090,39.3333,11.0019,6721662
2002-01-11,39.1420,39.9239,39.1420,39.5829,11.0717,4452710
2002-01-14,39.4581,39.5246,38.6347,38.6347,10.8065,4882086
2002-01-15,38.6347,38.6347,38.6347,38.6347,10.8065,0
2002-01-16,38.1273,38.1772,37.0294,37.9443,10.6134,6607055
2002-01-17,37.9443,39.0838,37.8611,38.9507,10.8949,6209584
2002-01-18,39.0921,39.2585,38.4101,39.2585,10.9810,4345767
2002-01-21,39.3084,39.3500,38.2437,38.4600,10.7577,2734862
2002-01-22,38.2770,39.2834,38.0524,38.3020,10.7135,3802116
2002-01-23,38.3269,38.9341,37.6366,38.9341,10.8903,7210105
2002-01-24,38.8010,39.6827,38.5016,38.8925,10.8786,5908962
2002-01-25,38.8426,39.5912,38.5764,39.2169,10.9694,4237040
2002-01-28,39.3832,40.6309,39.2668,40.3148,11.2765,5684352
2002-01-29,40.4978,41.1632,39.1919,39.5080,11.0508,6189610
2002-01-30,39.0505,39.5995,38.7178,39.5496,11.0624,4851144
2002-01-31,39.9239,40.0486,38.2521,39.0505,10.9228,7666109
2002-02-01,39.4248,40.0653,38.6763,38.7178,10.8298,5063746
2002-02-04,38.1772,38.8842,37.3870,37.5534,10.5041,5302468
2002-02-05,37.1791,37.6532,36.6135,37.2207,10.4110,7767185
2002-02-06,36.9046,37.1043,34.6340,35.6071,9.9597,19413866
2002-02-07,35.4491,35.4907,34.7338,35.2495,9.8596,8008007
2002-02-08,35.0665,36.3224,34.9500,35.8816,10.0364,6701338
2002-02-11,36.4472,36.5137,35.2245,35.9648,10.0597,4655969
2002-02-12,35.9315,36.3806,35.4574,35.5655,9.9480,3914522
2002-02-13,35.5988,36.8048,35.0997,36.5803,10.2319,5500471
2002-02-14,36.2642,36.7549,35.9398,36.1893,10.1225,4397222
2002-02-15,36.1893,36.3890,35.0665,35.2245,9.8527,4127649
2002-02-18,35.3493,35.6404,35.0166,35.3992,9.9015,2068098
2002-02-19,35.0166,35.0415,33.5693,33.8937,9.4804,7629381
2002-02-20,33.6442,35.0498,33.6026,34.7005,9.7061,8355286
2002-02-21,35.4324,36.5137,35.1746,36.3390,10.1644,8944877
2002-02-22,35.9065,36.3474,35.7069,35.8483,10.0271,5244317
2002-02-25,36.1727,37.8445,35.9731,37.8445,10.5855,7231061
2002-02-26,37.8029,38.4101,37.6283,37.9277,10.6088,6594264
2002-02-27,38.0857,38.7594,38.0109,38.2604,10.7018,5649996
2002-02-28,38.2604,39.0838,37.8445,38.6014,10.7972,5063128
2002-03-01,38.3851,40.1484,38.2853,39.7575,11.1206,6092910
2002-03-04,40.5061,41.4876,40.3481,41.3378,11.5626,7804284
2002-03-05,41.2214,41.6373,40.5477,41.0135,11.4719,7456283
2002-03-06,41.1715,41.3462,40.0486,40.6641,11.3742,5932078
2002-03-07,41.0051,41.6456,40.3398,40.5477,11.3416,6860321
2002-03-08,40.9137,41.7454,40.7972,41.3378,11.5626,6650679
2002-03-11,41.3545,42.1446,41.0634,41.4876,11.6045,5643797
2002-03-12,41.5042,41.9034,40.9386,41.5874,11.6324,4909444
2002-03-13,41.6705,43.0097,41.2547,41.7038,11.6650,8190255
2002-03-14,41.9367,42.5439,41.7953,42.3775,11.8534,5194725
2002-03-15,42.1696,44.1658,42.1280,44.1658,12.3536,16631647
2002-03-18,44.0826,44.9560,43.9994,44.5234,12.4537,6093420
2002-03-19,44.5484,45.3053,44.4236,45.1639,12.6328,5205385
2002-03-20,44.9144,44.9144,43.6917,43.9994,12.3071,6556734
2002-03-21,43.5503,44.4569,43.1843,43.6252,12.2024,6742750
2002-03-22,43.8747,44.7896,43.8331,44.6648,12.4932,4027241
2002-03-25,44.0826,44.9892,43.2925,43.2925,12.1093,4006547
2002-03-26,43.2425,44.8728,42.8350,44.4319,12.4281,6547880
2002-03-27,44.1658,44.3321,42.7518,43.2010,12.0838,5527603
2002-03-28,43.2675,43.9745,42.9182,43.5004,12.1675,3285344
2002-03-29,43.5004,43.5004,43.5004,43.5004,12.1675,0
2002-04-01,43.5004,43.5004,43.5004,43.5004,12.1675,0
2002-04-02,42.9764,43.3923,41.9450,42.4191,11.8651,4264935
2002-04-03,42.3276,43.3257,41.7870,41.9201,11.7255,6762294
2002-04-04,41.8619,42.2944,41.0051,41.5874,11.6324,6455882
2002-04-05,41.8785,42.5189,41.7121,42.0032,11.7487,3305351
2002-04-08,42.0365,42.2528,40.9303,41.5042,11.6091,5439860
2002-04-09,41.6290,41.9118,41.4876,41.6622,11.6534,3207093
2002-04-10,41.6456,43.2509,40.4645,43.2509,12.0977,8284896
2002-04-11,42.9182,43.3923,41.7537,41.7537,11.9554,6676121
2002-04-12,41.4210,42.0781,41.1715,41.7121,11.9435,4237438
2002-04-15,41.5874,42.7934,41.4626,42.7352,12.2364,4683831
2002-04-16,42.7934,44.7896,42.7934,44.6815,12.7937,9265991
2002-04-17,44.8312,45.1639,43.9495,44.3737,12.7056,6070954
2002-04-18,44.0909,44.4070,42.5023,43.3340,12.4079,6988323
2002-04-19,43.1261,43.4172,42.6104,43.2925,12.3960,4229474
2002-04-22,43.3174,43.4172,42.4524,42.7518,12.2412,3232044
2002-04-23,42.7518,43.6667,42.7518,43.3756,12.4198,4647553
2002-04-24,43.3340,44.5401,43.2758,43.7832,12.5365,5432385
2002-04-25,43.7499,43.7499,42.0032,42.3609,12.1292,8659854
2002-04-26,42.8184,43.5253,42.0199,42.0199,12.0316,5975542
2002-04-29,41.9201,42.1696,41.2630,42.1613,12.0721,4392414
2002-04-30,42.1696,42.8184,41.3794,42.8184,12.2602,3707051
2002-05-01,42.8184,42.8184,42.8184,42.8184,12.2602,0
2002-05-02,43.2093,43.7083,42.9182,43.3673,12.4174,6372063
2002-05-03,43.1677,44.9060,42.5938,42.5938,12.1959,6875191
2002-05-06,42.4191,42.9182,42.0864,42.8683,12.2745,3164688
2002-05-07,42.2694,42.9431,41.4709,42.6603,12.2150,5693235
2002-05-08,42.8849,44.1492,42.8849,43.8747,12.5627,5525873
2002-05-09,43.7915,44.4985,43.6667,43.8248,12.5484,2599225
2002-05-10,43.8747,44.1492,43.1261,43.5337,12.4650,4508483
2002-05-13,43.8747,44.0327,42.9431,43.6501,12.4984,3694952
2002-05-14,43.7749,44.5567,43.1926,43.9412,12.5817,6177711
2002-05-15,44.3321,44.3405,43.3091,43.6917,12.5103,5765397
2002-05-16,43.5586,44.2240,43.2093,43.6418,12.4960,5459218
2002-05-17,44.1242,45.7045,43.9329,44.8229,12.8342,9787917
2002-05-20,45.0391,45.3968,43.9828,44.3155,12.6889,2505670
2002-05-21,44.2323,45.6629,43.8913,44.3405,12.6960,6472911
2002-05-22,44.3737,46.0123,44.3654,45.4550,13.0152,8182952
2002-05-23,45.5881,45.9540,44.3904,44.7147,12.8032,7001262
2002-05-24,44.9560,45.2637,44.4153,44.8312,12.8365,4744440
2002-05-27,44.7480,45.7877,44.6981,45.7128,13.0890,4172820
2002-05-28,45.7128,45.7128,45.7128,45.7128,13.0890,0
2002-05-29,44.6648,45.1888,44.1492,44.6815,12.7937,5087641
2002-05-30,44.5401,44.8146,43.0679,43.2093,12.3721,5284769
2002-05-31,43.4172,44.3737,43.2925,43.7000,12.5126,4284164
2002-06-03,43.9994,44.8312,43.0596,43.2675,12.3888,4704017
2002-06-04,43.0429,43.1760,41.1715,41.6539,11.9268,7798903
2002-06-05,42.0032,42.4191,41.5874,42.0032,12.0268,5057848
2002-06-06,42.2112,43.2509,42.0448,42.8184,12.2602,6148710
2002-06-07,42.0698,42.2112,40.9636,41.8203,11.9744,6252903
2002-06-10,42.1114,42.2112,40.3398,41.0135,11.7434,5329272
2002-06-11,41.1798,42.5688,40.6725,41.9450,12.0101,5969898
2002-06-12,41.6290,42.5023,41.1050,41.6705,11.9315,5928818
2002-06-13,41.9201,42.0448,40.2150,40.5477,11.6100,6570993
2002-06-14,40.0154,40.0902,37.5950,38.4351,11.0051,10315573
2002-06-17,38.9175,40.4978,38.8010,40.2898,11.5362,5516357
2002-06-18,40.5893,40.8721,38.9424,40.4645,11.5862,5942687
2002-06-19,39.6328,40.2399,38.5349,39.1753,11.2171,5918737
2002-06-20,39.1753,39.8158,37.6283,38.0358,10.8908,8854830
2002-06-21,37.8861,38.5764,36.0147,37.3954,10.7074,26886340
2002-06-24,37.5118,38.4101,35.8150,37.1458,10.6360,9357230
2002-06-25,37.5118,39.0505,37.5118,38.3436,10.9789,7950253
2002-06-26,36.6052,39.3001,35.9398,38.5515,11.0385,11146901
2002-06-27,39.0921,40.2150,38.2853,40.0570,11.4695,9498435
2002-06-28,39.9405,41.0384,39.7991,40.8721,11.7029,6491295
2002-07-01,40.4562,41.0717,39.9655,40.2399,11.5219,5543528
2002-07-02,39.7159,39.9239,38.3103,38.7677,11.1004,5776440
2002-07-03,38.8759,39.2585,37.6199,37.8279,10.8313,7550243
2002-07-04,38.5931,38.7927,37.9277,38.5931,11.0504,3803204
2002-07-05,38.5931,40.4645,38.5931,40.4645,11.5862,6856921
2002-07-08,39.9239,40.4978,39.4331,39.7575,11.3838,4641906
2002-07-09,39.7575,40.4728,39.0755,39.1337,11.2052,4748893
2002-07-10,38.9674,39.7658,37.7863,37.7863,10.8194,6286295
2002-07-11,37.3870,37.8362,36.1477,37.0128,10.5979,10937870
2002-07-12,38.0109,38.8093,37.1708,37.8778,10.8456,7535379
2002-07-15,37.5784,38.7761,36.3474,36.3474,10.4074,7607152
2002-07-16,38.0940,38.5016,36.3890,37.7197,10.8003,11940817
2002-07-17,37.1043,38.3186,37.0710,38.2188,10.9432,8929858
2002-07-18,38.3436,39.6577,37.8528,39.3167,11.2576,13277294
2002-07-19,38.7594,38.9258,36.5220,36.8048,10.5383,8585316
2002-07-22,36.4305,36.7383,34.2680,35.1164,10.0549,8650601
2002-07-23,35.6736,36.4971,33.4362,33.7274,9.6572,9204570
2002-07-24,33.7689,35.8566,31.3153,35.7735,10.2430,12736823
2002-07-25,36.2642,36.6052,33.5361,34.3096,9.8239,10806424
2002-07-26,33.8521,35.0332,32.5629,34.5342,9.8882,8006697
2002-07-29,35.1413,38.0940,34.7670,38.0940,10.9075,5811446
2002-07-30,37.8279,38.0358,36.4971,38.0109,10.8837,6408060
2002-07-31,37.6948,38.6264,36.1976,36.4804,10.4455,9235264
2002-08-01,36.1810,38.1606,34.1016,35.5156,10.1692,8412736
2002-08-02,35.0997,36.0479,34.5508,34.8669,9.9834,6605040
2002-08-05,34.5591,34.8502,32.2718,32.5213,9.3118,6597801
2002-08-06,32.4382,35.9481,31.6064,35.5572,10.1811,9935091
2002-08-07,35.4324,36.6302,34.9334,35.4740,10.1573,8871205
2002-08-08,35.9398,37.2457,35.6404,37.0627,10.6122,7884090
2002-08-09,37.2623,38.0940,35.7319,37.7197,10.8003,7563542
2002-08-12,37.1791,37.5118,36.2975,36.3890,10.4193,3921089
2002-08-13,36.6801,37.1043,35.4408,36.9712,10.5860,4732696
2002-08-14,36.0147,36.5803,35.3909,36.1810,10.3597,5690270
2002-08-15,36.9712,37.9110,36.8464,37.6199,10.7717,5003796
2002-08-16,37.6283,37.9027,36.4305,37.5950,10.7646,5644960
2002-08-19,37.4952,39.7575,37.0128,39.7159,11.3719,6065927
2002-08-20,39.8823,39.8823,38.6180,38.6264,11.0599,4772919
2002-08-21,38.8093,39.9072,38.2853,39.0921,11.1933,4992713
2002-08-22,39.2585,39.5496,38.1439,39.0339,11.1766,4886796
2002-08-23,39.0339,39.0339,39.0339,39.0339,11.1766,0
2002-08-26,39.0339,39.0339,39.0339,39.0339,11.1766,0
2002-08-27,39.0339,39.0339,39.0339,39.0339,11.1766,0
2002-08-28,39.0339,39.0339,39.0339,39.0339,11.1766,0
2002-08-29,36.2642,36.5886,35.3243,36.0978,10.3359,6128082
2002-08-30,36.1394,36.9046,35.4408,36.6551,10.4955,3638901
2002-09-02,36.2725,36.3557,35.1496,35.5322,10.1740,2693979
2002-09-03,35.3493,35.4740,33.3115,33.3115,9.5381,6906001
2002-09-04,33.4196,34.6423,32.4382,34.2846,9.8167,7111915
2002-09-05,35.1413,35.1829,33.0204,33.6525,9.6357,6624550
2002-09-06,34.1682,35.1413,33.6941,34.9750,10.0144,4409402
2002-09-09,34.8918,34.9750,34.1349,34.9334,10.0025,3800914
2002-09-10,35.5489,36.8630,35.4408,36.7216,10.5145,7808348
2002-09-11,36.8048,37.8445,36.2642,37.2623,10.6693,4814634
2002-09-12,37.0128,37.0627,34.9334,34.9334,10.0025,5804353
2002-09-13,34.9334,34.9334,33.3947,34.3928,9.8477,6145765
2002-09-16,34.5342,34.9334,33.6275,34.0434,9.7477,3821592
2002-09-17,35.1746,35.5572,33.5194,33.9353,9.7167,6072926
2002-09-18,33.4279,33.8438,31.7728,31.8642,9.1237,8408603
2002-09-19,32.3966,32.8540,31.0408,31.1489,8.9189,7664493
2002-09-20,30.9410,32.2219,30.4835,31.9391,9.1451,18417989
2002-09-23,31.3486,32.3383,29.8764,29.9679,8.5807,7429975
2002-09-24,30.4835,30.7747,28.0715,28.8700,8.2663,10161809
2002-09-25,28.5373,30.3588,28.2212,29.9180,8.5664,8257448
2002-09-26,30.6665,31.6563,29.9595,30.9410,8.8594,9743487
2002-09-27,31.4401,31.8060,29.9512,30.1924,8.6450,6208620
2002-09-30,29.7766,29.7766,27.2896,28.1962,8.0734,9150586
2002-10-01,28.5040,30.3588,27.4893,29.6518,8.4902,9505429
2002-10-02,30.5667,31.5232,29.2858,30.5750,8.7546,7932645
2002-10-03,29.6102,30.5584,28.6953,28.7951,8.2449,6120096
2002-10-04,29.0030,29.5270,28.0299,28.4208,8.1377,6233063
2002-10-07,28.0133,29.3690,27.1732,28.4374,8.1425,6372170
2002-10-08,28.4458,29.4023,26.2416,27.3146,7.8210,8571408
2002-10-09,26.9486,26.9653,25.0938,25.8673,7.4066,10973116
2002-10-10,25.3600,27.2397,25.1604,27.2397,7.7996,8549474
2002-10-11,26.9237,29.0862,26.7074,29.0862,8.3283,7993725
2002-10-14,28.2794,28.9032,27.1649,27.8220,7.9663,6120648
2002-10-15,28.2794,30.0261,28.1463,29.8431,8.5450,9635472
2002-10-16,29.2110,30.5834,28.8616,29.1860,8.3568,8083665
2002-10-17,29.9429,31.6064,29.8181,31.4401,9.0022,8590326
2002-10-18,32.2219,32.2219,30.3588,31.4484,9.0046,8075440
2002-10-21,31.5648,32.8707,30.8162,32.8707,9.4119,4413451
2002-10-22,32.6461,33.6442,31.8809,32.1886,9.2166,9576158
2002-10-23,33.1035,33.6026,30.5251,30.6915,8.7879,13910497
2002-10-24,31.0242,31.9557,29.7932,30.6832,8.7855,9300753
2002-10-25,30.0261,30.3255,29.3607,30.1009,8.6188,6627076
2002-10-28,30.6499,31.6480,30.3754,30.9743,8.8689,6086983
2002-10-29,30.5667,30.9660,28.4874,28.6953,8.2163,8220475
2002-10-30,29.2359,29.4023,27.4560,28.5872,8.1854,8926869
2002-10-31,28.7785,29.5686,28.2877,28.9032,8.2759,7470379
2002-11-01,28.6121,29.1694,27.4310,28.6953,8.2163,5862528
2002-11-04,29.3274,30.4087,29.2775,30.4087,8.7069,6403348
2002-11-05,30.1508,30.6915,29.1694,29.9013,8.5617,5670895
2002-11-06,30.3421,30.7081,28.7951,29.1694,8.3521,9423244
2002-11-07,29.6102,29.8098,27.5308,28.1131,8.0496,7561441
2002-11-08,27.6140,28.3210,27.0567,27.3728,7.8377,5702328
2002-11-11,27.3645,27.4144,26.5577,26.7823,7.6686,5557266
2002-11-12,26.8654,27.3229,26.3082,27.0401,7.7424,7460906
2002-11-13,26.6326,27.1482,25.6594,26.6242,7.6233,7866505
2002-11-14,26.6159,27.6223,26.0586,27.6140,7.9067,6767888
2002-11-15,27.7804,28.0881,26.7906,27.3395,7.8281,6556659
2002-11-18,27.5724,28.0465,27.2980,27.7138,7.9353,3897812
2002-11-19,27.5475,28.1463,27.0318,27.9717,8.0091,4947126
2002-11-20,28.1131,28.2212,26.7573,27.5308,7.8829,6136144
2002-11-21,27.6473,28.9199,26.9902,28.7785,8.2402,7942344
2002-11-22,28.7785,29.7350,28.7535,29.5270,8.4545,7592909
2002-11-25,29.6518,30.0926,28.3460,29.1195,8.3378,4251357
2002-11-26,29.0280,30.0261,28.3709,28.3709,8.1235,7431205
2002-11-27,28.4042,29.9013,28.0133,29.8514,8.5474,4821527
2002-11-28,29.7682,30.7331,29.4854,30.6582,8.7784,4775499
2002-11-29,30.5251,31.0325,30.1176,30.4752,8.7260,5179738
2002-12-02,30.6832,31.1240,29.5270,29.5270,8.4545,6020549
2002-12-03,29.8431,29.9679,28.3376,28.3376,8.1139,4752085
2002-12-04,28.0382,29.0280,27.6722,28.6870,8.2140,6622495
2002-12-05,28.9448,29.7766,27.4976,27.8136,7.9639,7648154
2002-12-06,27.9051,28.0881,26.5577,28.0715,8.0377,7296126
2002-12-09,27.8635,28.1962,26.5993,26.5993,7.6162,4448459
2002-12-10,26.9569,27.8386,26.8654,27.5558,7.8901,5429549
2002-12-11,27.5724,27.9717,27.0734,27.7554,7.9472,3676147
2002-12-12,27.4893,27.6223,26.1335,26.6575,7.6329,5664559
2002-12-13,26.6575,26.8654,25.3267,25.9672,7.4352,7589588
2002-12-16,25.6844,26.7823,25.4847,26.7823,7.6686,4883614
2002-12-17,26.6575,26.9486,25.8757,26.0503,7.4590,4668068
2002-12-18,25.9588,26.0503,24.5033,24.7029,7.0732,8574066
2002-12-19,24.9358,25.2019,23.4220,24.4700,7.0065,9897652
2002-12-20,24.7279,25.3683,24.4534,24.9441,7.1423,13883651
2002-12-23,25.4931,25.4931,24.2039,24.8609,7.1184,3001888
2002-12-24,24.8609,24.8609,24.8609,24.8609,7.1184,0
2002-12-25,24.8609,24.8609,24.8609,24.8609,7.1184,0
2002-12-26,24.8609,24.8609,24.8609,24.8609,7.1184,0
2002-12-27,24.7279,24.8360,23.6383,23.6383,6.7684,2727224
2002-12-30,23.7048,24.4367,23.6216,24.4118,6.9898,2256287
2002-12-31,24.4118,24.4118,24.4118,24.4118,6.9898,0
2003-01-01,24.4118,24.4118,24.4118,24.4118,6.9898,0
2003-01-02,24.6613,26.5327,24.6197,26.5327,7.5971,5798011
2003-01-03,26.2084,26.5743,25.3018,25.6261,7.3375,7164852
2003-01-06,25.9921,26.2000,24.7112,26.1834,7.4971,5360071
2003-01-07,26.0337,26.1418,25.4265,26.0586,7.4614,7291715
2003-01-08,25.6178,25.7759,24.4950,24.4950,7.0137,6560022
2003-01-09,24.4950,24.7694,23.4636,24.7195,7.0780,9814738
2003-01-10,24.8692,25.4515,24.3286,24.7528,7.0875,7503748
2003-01-13,24.9524,25.7426,24.8027,24.9857,7.1542,5181934
2003-01-14,25.0855,25.3683,24.5033,24.9524,7.1446,6979981
2003-01-15,25.2934,25.3600,23.9793,24.1706,6.9208,6482668
2003-01-16,24.0791,24.8692,23.9793,24.5781,7.0375,7538429
2003-01-17,24.2454,24.4367,23.5884,23.5884,6.7541,7141489
2003-01-20,23.8878,24.0708,23.1226,23.2889,6.6683,6606624
2003-01-21,23.6133,23.9127,22.7982,22.9645,6.5755,9022817
2003-01-22,22.9562,23.3638,21.8666,22.6734,6.4921,11577821
2003-01-23,23.0394,23.2224,22.0247,22.3740,6.4064,7981626
2003-01-24,22.3990,22.8398,21.9997,22.1494,6.3421,9544540
2003-01-27,22.1910,22.5819,21.4258,21.6587,6.2015,9289418
2003-01-28,21.9498,22.3906,21.5173,21.9997,6.2992,8095048
2003-01-29,21.9165,23.0727,21.1430,22.7483,6.5135,14076102
2003-01-30,22.8564,23.8545,22.7483,23.1059,6.6159,13637911
2003-01-31,22.7899,23.8212,22.3906,23.6882,6.7826,9082440
2003-02-03,24.2870,24.7279,24.0541,24.4866,7.0113,9974871
2003-02-04,24.1207,24.2621,23.2889,23.4636,6.7183,10323356
2003-02-05,23.2058,24.3619,22.8564,24.2870,6.9541,8095712
2003-02-06,23.8961,24.1040,22.9479,23.4636,6.7183,8026231
2003-02-07,23.4719,23.8545,22.5487,22.6402,6.4826,7163625
2003-02-10,22.7067,22.9479,22.1910,22.7899,6.5254,6091717
2003-02-11,22.9562,23.6632,22.9146,23.2224,6.6493,5937116
2003-02-12,23.0394,23.1808,22.3491,22.4655,6.4326,6447478
2003-02-13,22.2409,22.7899,21.9664,22.1910,6.3540,6832294
2003-02-14,22.4405,23.8129,22.3491,23.4553,6.7160,8046875
2003-02-17,23.6383,23.8379,23.3472,23.6965,6.7850,3344354
2003-02-18,23.7381,24.0874,23.3305,23.9543,6.8589,5918886
2003-02-19,23.9127,23.9460,22.9396,22.9396,6.5683,6155024
2003-02-20,23.2806,23.7048,22.5819,22.7150,6.5040,8611467
2003-02-21,22.8148,23.4553,22.4572,23.4553,6.7160,8523784
2003-02-24,23.4553,23.6216,23.0394,23.2889,6.6683,5484519
2003-02-25,23.0394,23.2473,22.3906,23.0061,6.5874,8688068
2003-02-26,23.0644,23.4054,22.3906,22.6235,6.4778,6786813
2003-02-27,22.6984,23.4553,22.3158,23.3721,6.6921,7042474
2003-02-28,23.1226,23.9044,22.8897,23.6216,6.7636,6443122
2003-03-03,23.9044,24.2787,23.5052,23.6216,6.7636,5521049
2003-03-04,23.4719,23.4719,22.4156,22.5570,6.4588,8125477
2003-03-05,22.3740,23.0644,21.9748,22.5819,6.4659,6002535
2003-03-06,22.7483,22.9978,21.8417,21.9748,6.2920,5182112
2003-03-07,21.8084,22.2492,21.4924,21.8417,6.2539,6367296
2003-03-10,21.9498,22.0247,21.1264,21.2262,6.0777,5896640
2003-03-11,21.2096,21.6421,20.1532,20.8602,5.9729,10655841
2003-03-12,20.8186,20.9018,19.7207,19.9120,5.7014,9520554
2003-03-13,20.3778,21.6171,20.3695,21.6171,6.1896,7894463
2003-03-14,21.7252,22.1744,21.1264,21.2345,6.0801,9715682
2003-03-17,20.8935,22.5986,20.5941,22.2492,6.3706,10187643
2003-03-18,22.6651,23.6965,22.5320,23.2390,6.6540,12472718
2003-03-19,23.1642,24.2870,22.3324,23.4636,6.7183,10045700
2003-03-20,23.2889,24.1706,22.8315,23.5385,6.7398,7232155
2003-03-21,23.4719,24.7362,23.4636,24.5532,7.0303,20964541
2003-03-24,24.0708,24.1207,23.2972,23.2972,6.6707,7745461
2003-03-25,23.1974,24.0708,22.5903,24.0375,6.8827,7959994
2003-03-26,24.0375,24.4118,23.5218,23.5385,6.7398,6160683
2003-03-27,23.4553,23.7214,22.7649,23.7214,6.7922,6094584
2003-03-28,23.4553,23.6882,22.8232,23.0727,6.6064,5998414
2003-03-31,22.8481,22.8647,21.8500,22.2825,6.3802,7736340
2003-04-01,22.2492,22.7317,21.7086,22.2326,6.3659,6559738
2003-04-02,22.5404,23.4553,22.5404,23.4137,6.7041,8731593
2003-04-03,23.2473,24.1040,22.9645,23.2723,6.6636,6814350
2003-04-04,23.7214,24.2621,23.2889,24.2454,6.9422,7053669
2003-04-07,25.0938,25.9089,24.9524,25.7842,7.3828,10486551
2003-04-08,25.4432,25.8840,25.0356,25.3683,7.2637,10066339
2003-04-09,25.4598,25.9921,24.9192,25.4348,7.2828,11227745
2003-04-10,24.1623,24.5116,23.7131,23.8795,7.2659,10908851
2003-04-11,24.0791,24.4118,23.7214,23.8878,7.2685,7005616
2003-04-14,24.0292,24.4534,23.2307,24.3286,7.4026,8085903
2003-04-15,24.5865,24.8692,23.7464,24.3120,7.3975,9266444
2003-04-16,24.8277,24.8277,24.0042,24.0042,7.3039,6192071
2003-04-17,23.8712,24.8277,23.8462,24.8277,7.5544,6722364
2003-04-18,24.8277,24.8277,24.8277,24.8277,7.5544,0
2003-04-21,24.8277,24.8277,24.8277,24.8277,7.5544,0
2003-04-22,24.8942,25.3018,24.1207,25.2851,7.6936,6043982
2003-04-23,25.3932,25.8923,25.1271,25.6844,7.8151,10285112
2003-04-24,25.3184,25.6594,24.2621,24.3785,7.4178,11121061
2003-04-25,24.5366,24.5366,23.5800,23.6383,7.1925,7321196
2003-04-28,23.6549,24.5199,23.5385,24.5199,7.4608,5982607
2003-04-29,24.5366,24.9192,23.9793,23.9793,7.2963,6392166
2003-04-30,24.1706,24.4617,23.7547,24.0375,7.3140,5630370
2003-05-01,24.0375,24.0375,24.0375,24.0375,7.3140,0
2003-05-02,23.7963,24.2704,23.2889,24.2205,7.3697,7315455
2003-05-05,24.3536,24.6197,23.8129,24.1456,7.3469,5135728
2003-05-06,24.2039,24.4534,23.8712,24.4534,7.4405,5094239
2003-05-07,24.2039,24.3702,23.7630,23.9211,7.2786,6234685
2003-05-08,23.7464,24.2122,22.9978,22.9978,6.9977,6875256
2003-05-09,23.2473,23.6133,22.8980,23.6133,7.1849,5596181
2003-05-12,23.7464,23.7630,22.6485,23.3388,7.1014,5067100
2003-05-13,23.1642,23.3388,22.4156,22.7982,6.9369,7314530
2003-05-14,22.7649,23.4137,22.5819,22.9562,6.9850,6279551
2003-05-15,22.8814,23.0228,22.5071,22.9063,6.9698,5865497
2003-05-16,22.7233,23.1059,22.1494,22.6734,6.8990,6545086
2003-05-19,22.2160,22.3990,21.4757,21.7502,6.6180,6456715
2003-05-20,21.7252,22.0330,21.2844,21.4424,6.5244,7074870
2003-05-21,21.4175,21.5007,20.7937,21.5007,6.5421,7191442
2003-05-22,21.5007,22.0164,21.5007,21.8167,6.6383,5542266
2003-05-23,22.0080,22.1162,21.0016,21.2179,6.4561,4721969
2003-05-26,21.2179,21.7918,21.1597,21.3260,6.4890,2765877
2003-05-27,21.3842,21.8167,20.7854,21.7502,6.6180,6723058
2003-05-28,22.0413,22.2576,21.7668,21.8916,6.6611,9243430
2003-05-29,21.9415,22.3407,21.6254,21.7668,6.6231,2920124
2003-05-30,21.7918,22.4156,21.6171,22.2492,6.7699,5009225
2003-06-02,22.7067,22.8065,22.3075,22.6734,6.8990,6840232
2003-06-03,22.3740,22.5320,21.9997,22.2492,6.7699,5298169
2003-06-04,20.9600,21.9831,20.8769,21.8334,6.6433,17437822
2003-06-05,21.8334,22.0330,21.2012,21.4591,6.5295,10451933
2003-06-06,21.6254,22.3906,21.5423,22.1827,6.7496,8540348
2003-06-09,22.0164,22.2908,21.7918,21.8833,6.6585,2679791
2003-06-10,22.0247,22.3906,21.8251,22.3407,6.7977,4988969
2003-06-11,22.4489,23.2972,22.2991,22.9812,6.9926,11239945
2003-06-12,23.3721,23.9543,23.2889,23.5468,7.1647,11239185
2003-06-13,23.4553,23.7048,22.9645,23.0560,7.0154,6980553
2003-06-16,22.8814,23.9211,22.5819,23.9211,7.2786,6579494
2003-06-17,24.2704,24.5698,24.1623,24.3785,7.4178,10030022
2003-06-18,24.3286,24.9358,24.2205,24.7861,7.5418,9468583
2003-06-19,24.9275,25.0606,24.2371,24.4284,7.4330,6392607
2003-06-20,24.1373,24.8443,24.0375,24.0791,7.3267,18276101
2003-06-23,24.0375,24.0375,23.4303,23.6632,7.2001,7275261
2003-06-24,23.5800,24.3369,23.4220,24.1623,7.3520,6144122
2003-06-25,24.3452,24.4451,23.6383,23.8961,7.2710,4695704
2003-06-26,23.5967,24.9524,23.4969,24.8692,7.5671,9874770
2003-06-27,25.2019,25.3267,24.7445,24.9524,7.5924,7701663
2003-06-30,24.9524,25.7093,24.8609,25.2851,7.6936,7844122
2003-07-01,25.0522,25.1354,24.3785,24.6613,7.5038,7616312
2003-07-02,24.9524,25.6178,24.8942,25.4432,7.7417,7356628
2003-07-03,25.5346,26.4662,25.3849,26.1169,7.9467,12110259
2003-07-04,26.0004,26.2500,25.5762,26.1501,7.9568,3423030
2003-07-07,26.2500,27.2148,26.2416,26.8738,8.1770,8301042
2003-07-08,26.9153,27.0900,26.3331,26.8239,8.1618,7817780
2003-07-09,26.7074,26.8904,26.1169,26.6409,8.1061,6003462
2003-07-10,26.4912,26.5577,25.9505,26.2167,7.9771,4908790
2003-07-11,25.9006,26.9070,25.8923,26.8405,8.1669,4286582
2003-07-14,26.9070,27.0484,26.5411,26.9070,8.1871,4398597
2003-07-15,26.7906,26.8987,26.3082,26.4995,8.0631,6280417
2003-07-16,26.6159,26.7989,25.8923,26.1751,7.9644,7458958
2003-07-17,25.9089,25.9672,25.2851,25.6594,7.8075,9326280
2003-07-18,25.7010,26.0337,25.4764,25.8174,7.8556,4465087
2003-07-21,25.9505,26.0254,24.6863,24.9607,7.5949,7375931
2003-07-22,24.9857,25.3267,24.3868,25.2934,7.6962,6138625
2003-07-23,25.3849,25.5679,24.7611,25.0938,7.6354,4726796
2003-07-24,24.8360,26.4662,24.6447,26.1834,7.9670,15527664
2003-07-25,25.8258,26.1169,25.5346,26.1086,7.9442,6258363
2003-07-28,26.2832,26.4995,25.9089,26.0586,7.9290,4867251
2003-07-29,25.9422,26.1668,25.2934,25.9006,7.8809,5759700
2003-07-30,25.6178,26.4080,25.5679,26.1751,7.9644,5497441
2003-07-31,26.1834,26.6908,25.8673,26.6908,8.1213,5869491
2003-08-01,26.3664,26.6159,25.8840,26.2000,7.9720,4549864
2003-08-04,26.0753,26.3997,25.3267,25.8673,7.8708,4802222
2003-08-05,26.0087,26.3498,25.7259,26.0337,7.9214,3362021
2003-08-06,25.7925,26.1169,25.4515,25.9089,7.8834,5213886
2003-08-07,25.9505,26.0337,25.5929,25.9006,7.8809,4376704
2003-08-08,26.0753,26.2583,25.7010,25.9921,7.9087,3367084
2003-08-11,25.9921,26.1585,25.6594,25.9838,7.9062,2530704
2003-08-12,25.9921,26.3913,25.8341,26.2583,7.9897,3505187
2003-08-13,26.5327,26.9320,26.3498,26.7074,8.1264,5885760
2003-08-14,26.7740,27.3811,26.7074,27.2397,8.2884,5544670
2003-08-15,27.1399,27.9384,27.1399,27.5308,8.3769,6508434
2003-08-18,27.6306,27.9384,27.4976,27.8719,8.4807,2647069
2003-08-19,28.0133,28.1630,27.5392,27.6972,8.4276,5286857
2003-08-20,27.7887,28.1547,27.6972,28.0382,8.5313,4146088
2003-08-21,28.1713,29.0280,28.1547,29.0197,8.8300,7451018
2003-08-22,28.7119,29.3607,28.6287,28.7369,8.7439,4892833
2003-08-25,28.6204,28.8450,28.3210,28.4541,8.6579,3390240
2003-08-26,28.4374,28.8949,28.1630,28.3626,8.6300,4750586
2003-08-27,28.6787,28.9365,28.4957,28.8367,8.7743,4625056
2003-08-28,28.9864,29.4854,28.7036,29.0696,8.8451,6024001
2003-08-29,29.3856,29.4439,28.7951,28.8533,8.7793,4178182
2003-09-01,29.0696,29.9263,29.0696,29.8597,9.0856,4636015
2003-09-02,29.8514,30.1758,29.4023,29.9512,9.1134,4210455
2003-09-03,30.1176,31.2321,30.0344,30.6499,9.3260,10627933
2003-09-04,30.3588,30.5251,29.9180,30.4087,9.2526,7121686
2003-09-05,30.4919,30.5251,29.2526,29.4771,8.9692,7135599
2003-09-08,29.4938,29.6102,28.9282,29.1943,8.8831,6031051
2003-09-09,29.3940,29.4189,28.2129,28.4458,8.6553,8850233
2003-09-10,28.3626,28.3626,27.5475,27.8552,8.4756,9160856
2003-09-11,27.7221,28.4624,27.5724,28.2628,8.5997,6073184
2003-09-12,28.4874,28.5289,27.3562,27.7388,8.4402,5640165
2003-09-15,27.8968,28.1547,27.5974,27.8802,8.4832,4059169
2003-09-16,28.0299,28.3210,27.7305,28.2545,8.5971,3465422
2003-09-17,28.5456,28.8450,27.9966,28.2295,8.5895,5068794
2003-09-18,28.0715,28.5040,27.8635,28.3875,8.6376,5961594
2003-09-19,28.6121,28.6121,28.0632,28.2461,8.5946,17794011
2003-09-22,27.7471,27.7887,27.0401,27.4144,8.3415,7263300
2003-09-23,27.6889,27.7138,26.7157,26.8239,8.1618,6840425
2003-09-24,27.0318,27.0318,25.2851,25.9089,7.8834,6296873
2003-09-25,25.8590,26.1169,25.5014,25.7426,7.8328,9086574
2003-09-26,25.7426,25.7675,24.9940,25.5346,7.7695,7676695
2003-09-29,25.4265,26.3165,25.2851,25.7010,7.8202,6115032
2003-09-30,25.4681,26.0087,24.4783,25.0689,7.6278,11459240
2003-10-01,24.8360,25.6095,24.6613,25.6012,7.7898,8636320
2003-10-02,25.5762,25.6095,24.5781,24.7528,7.5317,8996051
2003-10-03,24.9441,25.9921,24.7445,25.7343,7.8303,8517211
2003-10-06,25.4931,25.8590,25.3517,25.5846,7.7847,4809028
2003-10-07,25.7010,25.7010,24.7195,24.8692,7.5671,9322089
2003-10-08,24.7195,25.3184,24.4201,24.5781,7.4785,9705465
2003-10-09,24.5698,25.9838,24.4367,25.9089,7.8834,11341019
2003-10-10,25.7675,26.3581,25.6012,25.7093,7.8227,7576977
2003-10-13,25.9755,26.4579,25.8673,26.1917,7.9695,5821706
2003-10-14,26.7074,26.7074,25.8673,26.4246,8.0403,8734853
2003-10-15,26.5743,27.1150,26.3414,26.8738,8.1770,9805857
2003-10-16,26.7989,27.2314,26.3581,27.0235,8.2226,7212031
2003-10-17,27.0651,27.3645,26.3664,26.5577,8.0808,6720842
2003-10-20,26.4995,26.6575,26.0753,26.5494,8.0783,6014097
2003-10-21,26.6991,26.9070,25.4432,25.8590,7.8683,16541877
2003-10-22,25.5762,25.9505,25.4515,25.4764,7.7518,7257195
2003-10-23,25.2851,25.6095,25.0522,25.4847,7.7544,6632665
2003-10-24,25.4348,25.4515,24.8776,25.1188,7.6430,4824580
2003-10-27,25.3600,25.7759,25.1687,25.6428,7.8025,3300552
2003-10-28,25.7675,26.1252,25.5929,25.8507,7.8657,5184352
2003-10-29,26.0087,26.1169,25.4764,25.9505,7.8961,5820912
2003-10-30,26.0337,26.6159,25.7592,26.2999,8.0024,7669595
2003-10-31,26.2333,26.7823,25.9672,26.6908,8.1213,5310317
2003-11-03,26.6242,27.3645,26.5660,27.2397,8.2884,6817409
2003-11-04,27.3645,27.6972,27.2730,27.4144,8.3415,6156100
2003-11-05,27.3645,27.4893,26.7573,26.8738,8.1770,5838543
2003-11-06,26.9902,27.1981,26.5411,26.7740,8.1466,5627738
2003-11-07,26.9486,27.4477,26.8488,27.2231,8.2833,5328711
2003-11-10,27.0318,27.3728,26.7407,26.9237,8.1922,4435672
2003-11-11,26.3664,26.5993,26.2333,26.4496,8.0479,5896668
2003-11-12,26.5826,26.8072,26.2167,26.7407,8.1365,4287029
2003-11-13,27.1732,27.1981,26.6242,26.9486,8.1998,5865376
2003-11-14,26.8239,27.0983,26.5660,26.9736,8.2074,4748043
2003-11-17,26.4912,26.5660,25.9089,26.0753,7.9341,5157746
2003-11-18,26.2250,26.4080,25.7010,25.9505,7.8961,4485961
2003-11-19,25.4515,26.1418,25.3018,26.1418,7.9543,8201578
2003-11-20,26.2416,26.2500,25.2269,25.9422,7.8936,6886824
2003-11-21,25.7176,26.0254,25.7093,25.9921,7.9087,5663276
2003-11-24,25.7842,26.5826,25.7842,26.4329,8.0429,6352214
2003-11-25,26.6159,26.8904,26.4579,26.6409,8.1061,5558306
2003-11-26,26.5494,27.1566,26.4329,26.6159,8.0986,6091661
2003-11-27,26.7906,26.8155,26.4163,26.6825,8.1188,2622280
2003-11-28,26.6242,26.8405,25.9505,26.4329,8.0429,5773833
2003-12-01,26.7074,27.0235,26.5161,26.9070,8.1871,5730299
2003-12-02,26.9902,27.1482,26.4246,26.6409,8.1061,5960008
2003-12-03,26.5743,27.3063,26.4828,27.1815,8.2706,8449271
2003-12-04,27.1566,28.6371,27.1066,28.2046,8.5819,18250410
2003-12-05,28.1131,28.6703,28.0049,28.2295,8.5895,8132437
2003-12-08,27.8635,28.2378,27.7471,28.0881,8.5465,4994411
2003-12-09,28.5289,28.6620,28.2295,28.3293,8.6199,5937894
2003-12-10,28.1380,29.0363,28.1214,28.8200,8.7692,8228667
2003-12-11,28.9947,29.4688,28.8866,29.3025,8.9160,7336719
2003-12-12,29.4854,29.9180,29.3440,29.4605,8.9641,8739304
2003-12-15,29.9429,30.0427,29.3357,29.5187,8.9818,7333341
2003-12-16,29.2775,29.7350,29.0696,29.5104,8.9793,6688211
2003-12-17,29.5187,29.7350,29.4023,29.5021,8.9767,5572579
2003-12-18,29.3191,29.9429,29.1444,29.9429,9.1109,5783263
2003-12-19,29.9346,30.3588,29.8764,30.1924,9.1868,14311799
2003-12-22,30.0261,30.5251,29.8930,30.3754,9.2425,4521674
2003-12-23,30.6915,30.7747,30.3754,30.7081,9.3437,3337356
2003-12-24,30.7081,30.7081,30.7081,30.7081,9.3437,0
2003-12-25,30.7081,30.7081,30.7081,30.7081,9.3437,0
2003-12-26,30.7081,30.7081,30.7081,30.7081,9.3437,0
2003-12-29,30.7248,31.0990,30.5251,31.0574,9.4500,2950420
2003-12-30,31.1822,31.2571,30.6582,30.7747,9.3640,3043433
2003-12-31,30.7747,30.7747,30.7747,30.7747,9.3640,0
2004-01-01,30.7747,30.7747,30.7747,30.7747,9.3640,0
2004-01-02,30.6832,31.0075,30.6083,30.9826,9.4272,3734504
2004-01-05,31.0907,31.1489,30.7663,31.0907,9.4601,4982523
2004-01-06,31.1905,31.2571,30.5667,30.8578,9.3893,10033993
2004-01-07,30.9576,31.0075,30.4835,30.8246,9.3791,10503392
2004-01-08,31.0907,31.1739,30.3338,30.6416,9.3235,9175038
2004-01-09,30.6832,31.0408,29.7932,30.1425,9.1716,11320742
2004-01-12,29.9429,30.1924,29.6268,30.0843,9.1539,6659202
2004-01-13,30.1508,30.9493,30.0677,30.6166,9.3159,7212733
2004-01-14,30.3754,31.1905,30.3421,31.0408,9.4449,7138799
2004-01-15,30.8994,30.9576,30.4420,30.7747,9.3640,6150919
2004-01-16,30.9410,32.4631,30.8994,32.3217,9.8347,15549856
2004-01-19,32.1886,32.7542,32.1886,32.4382,9.8701,6157117
2004-01-20,32.2718,32.8041,31.7312,31.8227,9.6828,7741417
2004-01-21,31.5149,31.9391,31.2072,31.8892,9.7031,6527256
2004-01-22,32.0140,32.3467,31.8726,32.2219,9.8043,5525566
2004-01-23,32.4382,32.4382,31.9225,32.2552,9.8144,4335394
2004-01-26,32.1886,32.4797,31.7644,32.3550,9.8448,5745480
2004-01-27,32.6877,32.7709,32.2385,32.3550,9.8448,5979665
2004-01-28,32.1138,32.9122,32.1138,32.7792,9.9739,5556268
2004-01-29,32.4382,32.7376,32.1554,32.1969,9.7967,8438015
2004-01-30,32.0140,32.2302,31.6896,31.8143,9.6803,10009901
2004-02-02,31.9557,32.0555,31.6230,31.7728,9.6677,5340376
2004-02-03,31.6979,31.7478,30.4919,31.0325,9.4424,14381143
2004-02-04,30.8495,31.2238,30.3255,30.8994,9.4019,11109085
2004-02-05,30.7830,30.9826,30.3089,30.5501,9.2956,7052126
2004-02-06,30.5667,30.7331,30.1841,30.4503,9.2653,5809827
2004-02-09,30.5501,31.1406,30.5251,30.8329,9.3817,7486362
2004-02-10,30.7747,31.0242,30.6166,31.0242,9.4399,4708168
2004-02-11,30.9493,31.2737,30.7164,30.9410,9.4146,5526164
2004-02-12,31.0242,31.2238,30.8079,30.8994,9.4019,5805744
2004-02-13,30.8246,31.1074,30.2839,30.4586,9.2678,6739424
2004-02-16,30.1508,30.2091,29.6518,30.0261,9.1362,6164641
2004-02-17,29.9096,30.4919,29.6518,30.4919,9.2779,6489680
2004-02-18,30.3588,30.8246,30.2423,30.7497,9.3564,6271641
2004-02-19,30.7331,30.9077,30.2257,30.7663,9.3614,7902486
2004-02-20,30.5501,30.6249,29.6934,29.9429,9.1109,9624631
2004-02-23,29.9845,30.4503,29.9429,30.2091,9.1919,5160559
2004-02-24,30.1924,30.3338,29.7017,29.7766,9.0603,6947519
2004-02-25,29.8348,29.9346,29.4938,29.7267,9.0451,5186597
2004-02-26,29.5853,29.7766,29.2027,29.6601,9.0248,6774808
2004-02-27,29.8181,30.4420,29.6934,30.0677,9.1488,7318997
2004-03-01,30.2340,30.4336,29.8847,30.0510,9.1438,3910417
2004-03-02,30.3172,30.5917,30.2174,30.5834,9.3057,5608767
2004-03-03,30.4835,30.7081,30.2922,30.3671,9.2399,4412565
2004-03-04,30.5251,30.5584,30.0510,30.3172,9.2248,3780930
2004-03-05,30.2756,30.6416,29.9096,30.3172,9.2248,5760257
2004-03-08,30.4420,30.6582,30.2922,30.4919,9.2779,2883054
2004-03-09,30.3255,30.4336,29.8597,29.9845,9.1235,6105195
2004-03-10,29.7433,29.8265,29.2941,29.4771,8.9692,6829255
2004-03-11,28.9448,29.0446,28.1131,28.4125,8.6452,11351789
2004-03-12,28.0299,28.7785,27.7970,28.7785,8.7566,9132900
2004-03-15,28.4374,28.6953,27.7221,27.7804,8.4529,9065095
2004-03-16,27.9051,28.5123,27.7804,28.3210,8.6174,8514770
2004-03-17,28.4291,29.0613,28.1630,28.9448,8.8072,8353914
2004-03-18,28.9032,28.9864,28.1630,28.3293,8.6199,6506771
2004-03-19,28.6121,28.6121,27.9384,28.1962,8.5794,15087680
2004-03-22,27.8968,28.0133,27.0401,27.3562,8.3238,8497998
2004-03-23,27.5724,27.7388,27.1815,27.4643,8.3567,6506657
2004-03-24,27.4477,27.7138,27.1898,27.5891,8.3947,6680759
2004-03-25,27.9301,28.2794,27.8719,28.1297,8.5592,7831949
2004-03-26,28.4874,28.5289,28.1879,28.4541,8.6579,4546245
2004-03-29,28.4374,28.8533,28.3127,28.7785,8.7566,4395380
2004-03-30,28.8200,28.8367,28.3044,28.5289,8.6806,5036473
2004-03-31,28.5373,28.8783,28.0299,28.2628,8.5997,6604763
2004-04-01,28.4874,28.7868,28.1131,28.6953,8.7313,6429909
2004-04-02,28.7286,29.4355,28.6703,29.4355,8.9565,8898669
2004-04-05,29.4854,30.0011,29.3524,29.8015,9.0679,6071658
2004-04-06,30.0843,30.0926,29.5520,29.7766,9.0603,7140119
2004-04-07,29.6684,29.7267,29.0862,29.4272,8.9540,9786825
2004-04-08,28.2794,28.6121,28.1214,28.2960,9.0722,7957044
2004-04-09,28.2960,28.2960,28.2960,28.2960,9.0722,0
2004-04-12,28.2960,28.2960,28.2960,28.2960,9.0722,0
2004-04-13,28.4374,28.6371,27.9800,28.4042,9.1069,7320141
2004-04-14,28.0964,28.1463,27.5142,28.0049,8.9789,6921320
2004-04-15,27.9717,28.3210,27.6972,28.0964,9.0082,5556503
2004-04-16,27.9883,28.3460,27.8802,28.1131,9.0135,6478918
2004-04-19,27.9384,28.0881,27.5891,27.9134,8.9495,4513303
2004-04-20,28.0715,29.0696,28.0299,28.7036,9.2029,10872184
2004-04-21,28.5456,29.5769,28.4458,29.3607,9.4136,12987189
2004-04-22,29.8431,30.1259,29.6601,30.0178,9.6242,12566799
2004-04-23,32.6877,32.7376,31.7312,31.7312,10.1736,38392720
2004-04-26,31.7811,32.2385,31.3735,32.2385,10.3362,12679055
2004-04-27,32.2385,32.7792,32.2385,32.6045,10.4536,13596345
2004-04-28,32.6877,32.6877,32.0722,32.0722,10.2829,8886757
2004-04-29,32.2718,32.8540,31.6979,31.8975,10.2269,23168986
2004-04-30,31.4816,31.5232,30.8661,31.0990,9.9709,11849900
2004-05-03,30.8828,31.6979,30.5418,31.5232,10.1069,6044529
2004-05-04,31.3818,31.6979,31.1074,31.4816,10.0936,4318840
2004-05-05,31.1905,31.5232,30.9660,31.5232,10.1069,5884556
2004-05-06,31.2238,31.3153,30.5750,30.6915,9.8402,7640070
2004-05-07,30.4170,30.6832,29.8597,30.0510,9.6349,10141269
2004-05-10,29.3191,29.6435,28.9947,29.2858,9.3896,8077337
2004-05-11,29.4439,30.0011,29.3025,29.8015,9.5549,5501268
2004-05-12,30.1093,30.2091,29.5354,29.5603,9.4776,7767885
2004-05-13,29.7017,29.9762,29.3690,29.8181,9.5602,5941398
2004-05-14,29.6518,29.9845,29.3191,29.6268,9.4989,4969531
2004-05-17,29.1943,29.3440,28.8284,29.2692,9.3842,5835629
2004-05-18,29.4355,29.5603,29.0280,29.2941,9.3922,4971928
2004-05-19,29.5520,29.8930,29.3773,29.5686,9.4802,7424181
2004-05-20,29.2609,29.2609,28.5206,29.0363,9.3096,7541302
2004-05-21,29.0363,29.3607,28.8034,29.1028,9.3309,5610469
2004-05-24,29.2775,29.8764,29.2692,29.4771,9.4509,5801892
2004-05-25,29.1777,29.6268,29.0945,29.3773,9.4189,5431100
2004-05-26,29.9180,30.1508,29.8181,29.9263,9.5949,5799363
2004-05-27,30.1176,30.5418,30.1093,30.4336,9.7576,6823723
2004-05-28,30.5251,30.5834,30.1508,30.3671,9.7362,4348145
2004-05-31,30.3588,30.5667,30.2257,30.4919,9.7762,802982
2004-06-01,30.5501,30.5501,29.8681,30.0261,9.6269,4577575
2004-06-02,30.1924,30.4669,29.8930,30.0760,9.6429,4923561
2004-06-03,30.2839,30.7248,30.0510,30.6665,9.8322,5805161
2004-06-04,30.7747,31.2820,30.6166,31.1323,9.9816,8083138
2004-06-07,31.5648,31.8227,31.4234,31.7395,10.1762,6477681
2004-06-08,32.0140,32.0805,31.3569,31.6896,10.1602,6891030
2004-06-09,31.8559,31.9391,31.5565,31.6646,10.1522,4803258
2004-06-10,31.6896,32.1470,31.6064,32.0306,10.2696,4065040
2004-06-11,32.0223,32.0555,31.6480,31.8060,10.1976,2422007
2004-06-14,31.6563,31.6729,31.2155,31.3486,10.0509,4741915
2004-06-15,31.3153,31.7145,31.2238,31.6646,10.1522,4095897
2004-06-16,31.7894,31.8559,31.5149,31.7312,10.1736,4446486
2004-06-17,31.6896,31.8975,31.4401,31.6480,10.1469,4388751
2004-06-18,31.4900,31.7811,31.4234,31.7312,10.1736,12464890
2004-06-21,31.8559,32.0056,31.5731,31.7478,10.1789,3746711
2004-06-22,31.6646,31.9890,31.4650,31.5648,10.1202,4935788
2004-06-23,31.5648,31.8310,31.5482,31.7062,10.1656,3721217
2004-06-24,31.8559,32.1720,31.8393,32.0888,10.2882,6933461
2004-06-25,31.9391,32.2053,31.5981,32.1221,10.2989,8739740
2004-06-28,32.0639,32.5712,31.8809,32.3966,10.3869,5744837
2004-06-29,32.0555,32.3217,31.7894,32.1055,10.2936,7470706
2004-06-30,32.1304,32.2718,31.8642,31.9391,10.2402,3997417
2004-07-01,32.1637,32.2302,31.5399,31.6480,10.1469,5071260
2004-07-02,31.4484,31.4816,30.8329,31.0242,9.9469,6608573
2004-07-05,30.8994,31.0658,30.6166,30.7331,9.8536,3777227
2004-07-06,30.9410,30.9410,30.3754,30.5418,9.7922,4600336
2004-07-07,30.6249,31.0075,30.5917,30.6333,9.8216,6228906
2004-07-08,30.4420,30.7414,30.2922,30.7331,9.8536,4931653
2004-07-09,30.4420,30.5750,30.1342,30.4004,9.7469,4859354
2004-07-12,30.1675,30.3754,29.9762,30.0843,9.6456,3608087
2004-07-13,30.3006,30.6249,30.2839,30.5168,9.7842,5602201
2004-07-14,30.3172,30.3421,29.7849,30.2673,9.7042,6320559
2004-07-15,30.0843,30.2174,29.6601,29.6767,9.5149,6218240
2004-07-16,29.7017,30.1508,29.6934,29.9013,9.5869,7130814
2004-07-19,29.9346,30.0843,29.7766,29.7766,9.5469,4304047
2004-07-20,29.6601,30.1675,29.6019,30.0427,9.6322,6733965
2004-07-21,30.3172,30.6582,30.1259,30.4835,9.7736,6378600
2004-07-22,30.0677,30.4087,29.8181,30.1176,9.6562,5027106
2004-07-23,30.2839,30.5834,30.0344,30.0760,9.6429,5047833
2004-07-26,30.2340,30.4420,29.6767,29.6767,9.5149,4622079
2004-07-27,29.8514,30.3837,29.7932,30.3837,9.7416,4941276
2004-07-28,30.4919,31.1240,30.4919,30.8661,9.8962,8010459
2004-07-29,31.3070,31.9391,30.4669,30.8578,9.8936,15828414
2004-07-30,30.9826,31.0075,30.4669,30.8661,9.8962,5651818
2004-08-02,30.6832,30.7996,30.2091,30.5334,9.7896,4199523
2004-08-03,30.6915,30.8162,30.2756,30.4919,9.7762,4412817
2004-08-04,30.1924,30.2673,29.8431,29.9679,9.6082,5400124
2004-08-05,30.0178,30.2257,29.5270,29.6518,9.5069,3913142
2004-08-06,29.1943,29.2442,28.4208,28.5872,9.1656,8965218
2004-08-09,28.6287,28.6537,27.9301,28.2960,9.0722,5845494
2004-08-10,28.2877,28.5289,28.2046,28.5289,9.1469,3987031
2004-08-11,28.6121,28.6121,27.6806,28.0715,9.0002,6627007
2004-08-12,28.1962,28.2628,27.5392,27.6806,8.8749,5564267
2004-08-13,27.4893,27.7887,27.2231,27.7388,8.8935,6210371
2004-08-16,27.4477,28.2129,27.2480,28.1463,9.0242,5808898
2004-08-17,27.9883,28.1463,27.7720,28.0715,9.0002,4648848
2004-08-18,27.9800,28.0299,27.5641,28.0133,8.9815,4599105
2004-08-19,28.1796,28.2212,27.3811,27.6306,8.8589,5596229
2004-08-20,27.4726,27.8386,27.2980,27.6806,8.8749,4680958
2004-08-23,27.9883,28.2794,27.8053,28.1463,9.0242,3711880
2004-08-24,28.1463,28.6787,28.0798,28.2461,9.0562,4830906
2004-08-25,28.5123,28.6121,28.2461,28.3626,9.0936,3222824
2004-08-26,28.6953,28.9531,28.5788,28.9115,9.2696,4634936
2004-08-27,28.9531,29.0197,28.6371,28.9115,9.2696,2638873
2004-08-30,28.9032,28.9115,28.3626,28.6038,9.1709,3232888
2004-08-31,28.5123,28.8533,28.3127,28.3959,9.1042,4548100
2004-09-01,28.6454,28.8533,28.4624,28.7618,9.2216,3701784
2004-09-02,28.6038,28.9365,28.3792,28.8034,9.2349,3791225
2004-09-03,28.9365,29.3524,28.6537,29.1444,9.3442,4137880
2004-09-06,29.1195,29.5270,29.0529,29.4854,9.4536,2710157
2004-09-07,29.4854,29.5520,29.1028,29.3856,9.4216,3932861
2004-09-08,29.4688,29.5021,29.0696,29.2526,9.3789,3329089
2004-09-09,29.0862,29.1694,28.8200,28.9531,9.2829,4242084
2004-09-10,29.0280,29.2692,28.8866,29.1361,9.3416,2666108
2004-09-13,29.2775,29.6268,29.2775,29.6102,9.4936,4750271
2004-09-14,29.5936,29.8597,29.3690,29.4771,9.4509,4244861
2004-09-15,29.4771,29.4938,29.0529,29.1527,9.3469,6410710
2004-09-16,29.2276,29.4439,29.0446,29.3940,9.4242,3336368
2004-09-17,29.3524,29.5936,29.0446,29.4522,9.4429,10071504
2004-09-20,29.4522,29.4605,28.8866,29.1694,9.3522,3679217
2004-09-21,29.0945,29.4189,29.0945,29.2193,9.3682,3659248
2004-09-22,29.2359,29.2775,28.3709,28.4957,9.1362,8558710
2004-09-23,28.3210,28.4874,28.0049,28.2794,9.0669,6021387
2004-09-24,28.1214,28.3210,27.9051,28.1962,9.0402,4023655
2004-09-27,28.1713,28.1796,27.6306,27.8719,8.9362,4211266
2004-09-28,27.8220,27.9966,27.5807,27.8303,8.9229,4466224
2004-09-29,27.9134,28.1962,27.7720,27.9134,8.9495,6144132
2004-09-30,28.1047,28.1796,27.5475,27.6140,8.8535,5519579
2004-10-01,27.7055,28.5206,27.5807,28.4208,9.1122,6979347
2004-10-04,28.7369,29.1112,28.7369,28.9365,9.2776,6116792
2004-10-05,28.9614,29.3524,28.6121,28.8284,9.2429,5562435
2004-10-06,28.7452,28.9614,28.4458,28.8450,9.2482,4790252
2004-10-07,28.9199,29.1611,28.5539,28.6204,9.1762,5263737
2004-10-08,28.4790,28.8866,28.2711,28.3293,9.0829,5116306
2004-10-11,28.3293,28.6953,28.2877,28.5539,9.1549,3129112
2004-10-12,28.6121,28.6121,27.7637,27.9883,8.9735,7677401
2004-10-13,28.1879,28.3293,27.7388,27.9051,8.9469,6051577
2004-10-14,27.6306,27.6972,27.2231,27.4144,8.7895,9929993
2004-10-15,27.2896,27.4976,27.0318,27.3811,8.7789,7175070
2004-10-18,27.3146,27.4310,26.9403,27.1150,8.6935,6522239
2004-10-19,27.3811,27.8552,27.2148,27.3562,8.7709,7236952
2004-10-20,27.0734,27.1981,26.9403,27.0817,8.6829,5069260
2004-10-21,27.1898,27.3395,26.9486,27.2813,8.7469,4524475
2004-10-22,27.1150,27.5059,27.0484,27.2647,8.7415,4363849
2004-10-25,26.6575,26.7074,26.2749,26.3082,8.4349,8741452
2004-10-26,26.3331,26.8571,26.3331,26.7740,8.5842,5829898
2004-10-27,26.8654,27.2397,26.5826,27.2397,8.7335,7559641
2004-10-28,27.5308,28.1796,26.7157,27.3229,8.7602,18159659
2004-10-29,27.1981,27.2647,26.8488,26.9320,8.6349,7145640
2004-11-01,26.8654,27.4310,26.7656,27.3894,8.7815,3971261
2004-11-02,27.4893,27.5225,27.1566,27.4477,8.8002,4967296
2004-11-03,27.7637,27.8053,27.1566,27.3645,8.7735,7074769
2004-11-04,27.3312,27.3978,26.9736,27.2813,8.7469,4315818
2004-11-05,27.7055,27.9301,27.3479,27.5392,8.8295,7710399
2004-11-08,27.6556,28.0632,27.6556,27.8303,8.9229,7861214
2004-11-09,27.9467,28.3792,27.9301,28.1131,9.0135,6713323
2004-11-10,28.3293,28.5373,28.2960,28.3626,9.0936,4982909
2004-11-11,28.3959,28.8450,28.2461,28.7618,9.2216,5178363
2004-11-12,28.8117,28.9282,28.4874,28.6870,9.1976,4358361
2004-11-15,28.7785,28.8200,28.3875,28.6038,9.1709,3760777
2004-11-16,28.6787,28.7951,28.3709,28.3792,9.0989,4633123
2004-11-17,28.5206,28.9032,28.1962,28.8616,9.2536,7194384
2004-11-18,28.7119,28.8866,28.5622,28.7286,9.2109,3550521
2004-11-19,28.7785,28.8117,28.1879,28.2129,9.0455,7480859
2004-11-22,28.0216,28.0715,27.7055,28.0715,9.0002,5267425
2004-11-23,28.2212,28.3127,27.6889,27.7637,8.9015,5703592
2004-11-24,28.0382,28.1131,27.8303,28.0133,8.9815,5259850
2004-11-25,28.1131,28.3543,28.0881,28.1131,9.0135,3215380
2004-11-26,27.9384,28.2295,27.8719,28.1214,9.0162,3449038
2004-11-29,28.0715,28.7286,28.0715,28.0715,9.0002,7660177
2004-11-30,28.3210,28.3626,27.8220,27.9883,8.9735,4952093
2004-12-01,27.8136,28.3293,27.8053,28.2295,9.0509,4486193
2004-12-02,28.4707,28.5788,28.2212,28.4208,9.1122,4714250
2004-12-03,28.4208,28.6121,28.2129,28.4125,9.1096,5836276
2004-12-06,28.1962,28.4208,28.0465,28.2378,9.0535,3159719
2004-12-07,28.2378,28.6287,28.1380,28.4291,9.1149,4465859
2004-12-08,28.1630,28.9614,28.1547,28.6953,9.2002,8007227
2004-12-09,28.6953,28.8616,28.3127,28.4458,9.1202,6350402
2004-12-10,28.6787,28.7535,28.4790,28.5872,9.1656,3611129
2004-12-13,28.6953,29.3856,28.6537,29.2526,9.3789,7996871
2004-12-14,29.3607,29.6019,29.3440,29.3773,9.4189,5482561
2004-12-15,29.5021,29.5769,29.0945,29.1527,9.3469,5035649
2004-12-16,29.1943,29.3524,28.9781,29.2941,9.3922,4310005
2004-12-17,29.3357,29.4688,28.5622,28.7535,9.2189,16755086
2004-12-20,28.7535,29.2193,28.7036,28.8783,9.2589,4366128
2004-12-21,29.0280,29.1860,28.9032,29.1112,9.3336,3329736
2004-12-22,29.2359,29.6185,29.1611,29.5686,9.4802,6140724
2004-12-23,29.6019,29.6601,29.4522,29.5603,9.4776,3019685
2004-12-24,29.5603,29.5603,29.5603,29.5603,9.4776,0
2004-12-27,29.5686,29.6435,29.3357,29.3524,9.4109,2111882
2004-12-28,29.5104,29.6352,29.3940,29.6102,9.4936,1661688
2004-12-29,29.6518,29.7100,29.2526,29.4189,9.4322,2791344
2004-12-30,29.5187,29.5270,29.3025,29.3274,9.4029,1093995
2004-12-31,29.3274,29.3274,29.3274,29.3274,9.4029,0
2005-01-03,29.6185,29.8597,29.4854,29.6767,9.5149,5010334
2005-01-04,29.7350,30.2756,29.6352,29.9845,9.6136,7783149
2005-01-05,29.8265,29.9679,29.6851,29.8764,9.5789,5824064
2005-01-06,29.8181,30.2340,29.8181,30.0344,9.6296,4920898
2005-01-07,29.8930,30.0760,29.6767,29.8847,9.5816,5734044
2005-01-10,29.8847,29.9762,29.6601,29.8015,9.5549,4063676
2005-01-11,29.8098,29.8847,29.3690,29.5187,9.4642,5782999
2005-01-12,29.4688,29.5853,28.9947,29.0945,9.3282,7133774
2005-01-13,29.2526,29.2858,28.7618,28.8783,9.2589,5502143
2005-01-14,28.7369,29.1444,28.6454,29.1112,9.3336,4973692
2005-01-17,29.0613,29.2276,28.8866,29.0280,9.3069,3173615
2005-01-18,29.0280,29.3524,28.7369,29.3191,9.4002,7617808
2005-01-19,29.5270,29.6102,29.3191,29.3773,9.4189,8276506
2005-01-20,29.2027,29.3607,29.0696,29.1028,9.3309,5917744
2005-01-21,29.1028,29.3108,28.9115,29.0363,9.3096,5447569
2005-01-24,28.8200,28.9781,28.5955,28.9032,9.2669,6394675
2005-01-25,28.6953,29.2526,28.6953,29.1112,9.3336,6006428
2005-01-26,29.0280,29.0862,28.6870,28.7785,9.2269,5540578
2005-01-27,28.7452,29.0197,28.4291,28.7119,9.2056,7876538
2005-01-28,28.7868,28.9032,28.5373,28.6953,9.2002,4944627
2005-01-31,29.1361,29.2775,28.9115,29.0114,9.3016,7149940
2005-02-01,29.1527,29.4688,29.1112,29.3025,9.3949,6703932
2005-02-02,29.4355,29.7766,29.3773,29.6684,9.5122,7482354
2005-02-03,29.8181,29.9096,29.5104,29.5936,9.4882,5260982
2005-02-04,29.7183,29.8764,29.5437,29.8098,9.5576,4937979
2005-02-07,29.9013,30.0843,29.7516,30.0094,9.6216,5437407
2005-02-08,30.0094,30.2257,29.9679,30.1924,9.6802,4546864
2005-02-09,30.2590,30.5418,29.8181,30.0427,9.6322,6605797
2005-02-10,29.4355,29.6851,29.2609,29.6851,9.5176,12789196
2005-02-11,29.7183,29.8098,29.3690,29.8098,9.5576,7876617
2005-02-14,29.7766,29.8015,29.3524,29.6019,9.4909,6352222
2005-02-15,29.6019,29.7932,29.4854,29.7267,9.5309,4529552
2005-02-16,29.5520,29.6767,29.4106,29.5686,9.4802,5119507
2005-02-17,29.6019,29.7183,29.4272,29.5104,9.4616,3488534
2005-02-18,29.4938,29.6518,29.3607,29.4938,9.4562,5677321
2005-02-21,29.6102,29.7682,29.5437,29.6102,9.4936,3463671
2005-02-22,29.4854,29.5437,29.2609,29.4355,9.4376,5362233
2005-02-23,29.2110,29.3108,28.9448,29.1361,9.3416,7604359
2005-02-24,28.9947,29.1112,28.7369,28.9864,9.2936,6891187
2005-02-25,29.1278,29.3524,29.0280,29.2442,9.3762,5771239
2005-02-28,29.1527,29.3607,28.9282,29.1028,9.3309,4812921
2005-03-01,28.9864,29.2359,28.7868,29.1444,9.3442,6552981
2005-03-02,29.0696,29.3607,28.8949,29.1112,9.3336,6372222
2005-03-03,28.9448,29.1527,28.8949,29.0779,9.3229,4718287
2005-03-04,29.0280,29.1943,28.8700,29.0446,9.3122,4438122
2005-03-07,29.0030,29.1028,28.9115,29.0779,9.3229,3715756
2005-03-08,28.9864,29.3191,28.9531,28.9947,9.2962,5386283
2005-03-09,28.9781,29.2775,28.8533,28.9864,9.2936,4850867
2005-03-10,28.8200,29.2027,28.7286,28.7618,9.2216,6461714
2005-03-11,28.9614,29.0363,28.5955,28.8450,9.2482,5900283
2005-03-14,28.6953,28.8866,28.6287,28.8616,9.2536,4133194
2005-03-15,28.8616,29.1527,28.8284,29.0030,9.2989,6454757
2005-03-16,28.8866,29.0114,27.9717,28.1713,9.0322,18227289
2005-03-17,28.0632,28.3626,27.9800,28.1131,9.0135,6970078
2005-03-18,28.1380,28.2794,27.9633,28.0216,8.9842,11674217
2005-03-21,28.0299,28.3127,28.0216,28.0548,8.9949,5346551
2005-03-22,28.1380,28.2711,28.0049,28.2046,9.0429,4820102
2005-03-23,28.0715,28.4125,27.9301,28.2461,9.0562,6727576
2005-03-24,28.2877,28.7286,28.1962,28.6121,9.1736,6319312
2005-03-25,28.6121,28.6121,28.6121,28.6121,9.1736,0
2005-03-28,28.6121,28.6121,28.6121,28.6121,9.1736,0
2005-03-29,28.4874,28.6454,28.2545,28.6121,9.1736,4844588
2005-03-30,28.4458,28.7701,28.4125,28.6703,9.1922,4899262
2005-03-31,28.8533,29.0446,28.6371,28.7202,9.2082,6882173
2005-04-01,28.5289,28.6620,28.2794,28.5788,9.1629,10490733
2005-04-04,28.3792,28.5289,28.2877,28.4374,9.1175,6868350
2005-04-05,28.5872,28.7785,28.5040,28.6953,9.2002,6203323
2005-04-06,28.8117,28.9614,28.4790,28.7701,9.2242,10583486
2005-04-07,27.4477,27.5974,27.2896,27.3063,9.2364,11193872
2005-04-08,27.6057,27.6057,27.1399,27.2148,9.2055,7781836
2005-04-11,27.0318,27.0983,26.8571,27.0235,9.1408,7787468
2005-04-12,26.9902,27.0318,26.6575,26.7656,9.0536,6045500
2005-04-13,26.9237,26.9569,26.5078,26.6326,9.0086,9899558
2005-04-14,26.6076,26.9819,26.5078,26.6658,9.0198,7954540
2005-04-15,26.4662,26.5494,25.8341,25.9588,8.7807,16050832
2005-04-18,25.4182,25.5346,25.0023,25.3849,8.5865,15427681
2005-04-19,25.4099,25.6844,25.2768,25.3184,8.5640,12529046
2005-04-20,25.3683,25.5679,24.9691,25.1188,8.4965,13347344
2005-04-21,25.0772,25.5263,25.0522,25.2602,8.5443,10386650
2005-04-22,25.4847,25.5263,25.1770,25.2519,8.5415,6613941
2005-04-25,25.3433,25.4265,24.9774,25.4099,8.5950,6819812
2005-04-26,25.4099,25.4515,25.0273,25.2435,8.5387,6073829
2005-04-27,25.2019,25.3517,24.7694,25.3517,8.5753,10820857
2005-04-28,25.4515,25.7426,25.0106,25.1354,8.5021,17560170
2005-04-29,25.0606,25.6594,25.0356,25.2435,8.5387,10339080
2005-05-02,25.4681,25.5346,25.3350,25.4432,8.6062,3649824
2005-05-03,25.4182,25.4515,25.1437,25.4182,8.5978,5819791
2005-05-04,25.4348,26.1668,25.1770,26.0753,8.8201,17571035
2005-05-05,26.2333,26.3913,25.9173,26.1169,8.8341,6300854
2005-05-06,25.8507,26.2000,25.6178,26.2000,8.8623,8339271
2005-05-09,25.9672,26.1086,25.8258,25.9505,8.7779,5334824
2005-05-10,26.0753,26.0753,25.7010,25.7509,8.7103,5805766
2005-05-11,25.7509,26.0586,25.6594,25.8507,8.7441,6674584
2005-05-12,25.9838,26.1418,25.8673,26.0087,8.7975,4827472
2005-05-13,25.9089,26.4828,25.8673,26.4662,8.9523,8117465
2005-05-16,26.5327,26.6159,26.2084,26.2832,8.8904,3341741
2005-05-17,26.4995,26.4995,26.1418,26.1585,8.8482,4768447
2005-05-18,26.3664,26.6991,26.3082,26.6991,9.0311,8417729
2005-05-19,26.8571,26.9902,26.7407,26.9902,9.1295,6504994
2005-05-20,27.0235,27.2480,26.8987,27.0983,9.1661,6319805
2005-05-23,27.2813,27.3479,26.8821,27.0152,9.1380,4902726
2005-05-24,27.0152,27.1981,26.6326,26.8821,9.0930,5104627
2005-05-25,26.8322,26.8738,26.5993,26.6242,9.0057,4867169
2005-05-26,26.6242,26.8904,26.6242,26.8322,9.0761,3288593
2005-05-27,26.9403,26.9653,26.6991,26.8904,9.0958,3843578
2005-05-30,26.9486,27.1150,26.8405,26.9902,9.1295,2229549
2005-05-31,27.0817,27.3395,26.9819,27.1233,9.1745,6874115
2005-06-01,27.2564,27.6806,27.1981,27.5475,9.3180,7499192
2005-06-02,27.5807,27.8386,27.4643,27.5974,9.3349,6036567
2005-06-03,27.7554,27.8220,27.4893,27.5142,9.3068,4461813
2005-06-06,27.5724,27.6140,27.3063,27.3645,9.2561,4061998
2005-06-07,27.5308,27.6057,27.3146,27.4893,9.2983,4944920
2005-06-08,27.3645,27.6889,27.2980,27.6140,9.3405,4744541
2005-06-09,27.6390,27.6639,27.3978,27.4393,9.2815,4501589
2005-06-10,27.5724,28.2960,27.4976,28.1879,9.5347,10492251
2005-06-13,28.2794,28.3875,28.1547,28.2877,9.5684,7855322
2005-06-14,28.2378,28.5456,28.2295,28.3959,9.6050,5483693
2005-06-15,28.3709,28.4874,27.9467,28.0632,9.4925,8170327
2005-06-16,28.2378,28.3792,28.1547,28.2794,9.5656,4894774
2005-06-17,28.3460,28.4042,28.2129,28.2877,9.5684,14848265
2005-06-20,28.2378,28.2877,28.0798,28.2212,9.5459,4751777
2005-06-21,28.3127,28.6703,28.2461,28.5040,9.6416,5856549
2005-06-22,28.2545,28.4874,28.1380,28.3875,9.6022,7337307
2005-06-23,28.4042,28.6121,28.2877,28.4042,9.6078,4472567
2005-06-24,28.0798,28.2212,27.9883,28.2212,9.5459,5972423
2005-06-27,27.9633,28.0964,27.6972,27.8719,9.4278,5942908
2005-06-28,27.8635,27.9717,27.7138,27.9633,9.4587,4385619
2005-06-29,27.9883,28.2295,27.8968,28.1547,9.5234,4173521
2005-06-30,28.1047,28.1713,27.8303,27.9301,9.4474,6993040
2005-07-01,27.9301,28.1131,27.8053,28.0964,9.5037,4209742
2005-07-04,28.1962,28.2711,27.9800,28.0798,9.4981,2656760
2005-07-05,28.0049,28.1879,27.6639,27.9134,9.4418,5791162
2005-07-06,27.9218,28.1879,27.8885,28.0382,9.4840,4846313
2005-07-07,27.8719,27.9218,27.0152,27.4976,9.3011,13569035
2005-07-08,27.6972,27.8885,27.5641,27.8885,9.4334,5394125
2005-07-11,27.9467,28.2378,27.9467,28.2046,9.5403,6317148
2005-07-12,28.1547,28.2212,27.9134,28.0216,9.4784,4791082
2005-07-13,28.0299,28.4042,27.9883,28.3293,9.5825,6326873
2005-07-14,28.4042,29.0696,28.3709,28.8117,9.7457,10206337
2005-07-15,28.8034,29.0114,28.8034,29.0114,9.8132,7191050
2005-07-18,28.9282,29.1694,28.9282,29.0446,9.8244,5190030
2005-07-19,29.0114,29.5686,28.9947,29.5270,9.9876,10963766
2005-07-20,29.5270,29.6435,29.2276,29.5936,10.0101,9572416
2005-07-21,29.6851,30.3089,29.6518,29.7516,10.0636,11413634
2005-07-22,29.7350,29.8181,29.4771,29.7350,10.0580,4396518
2005-07-25,29.8015,29.9845,29.5603,29.9013,10.1142,3937357
2005-07-26,29.7766,29.8930,29.5270,29.7849,10.0748,5229812
2005-07-27,29.6934,30.2174,29.5270,30.2174,10.2211,8172498
2005-07-28,30.3588,33.6026,30.2839,32.8457,11.1102,73967595
2005-07-29,33.0952,33.6275,32.8041,33.3697,11.2874,26008842
2005-08-01,33.2283,34.0268,33.1451,33.6275,11.3746,12484588
2005-08-02,33.6691,34.5342,33.5693,34.5342,11.6813,12748807
2005-08-03,34.5175,34.6007,34.1266,34.3928,11.6335,9049250
2005-08-04,34.4759,34.5175,33.3947,33.5527,11.3493,12407743
2005-08-05,33.1784,33.4778,32.9871,33.3198,11.2705,8520809
2005-08-08,33.2865,34.0850,33.2533,33.7024,11.4000,7029592
2005-08-09,33.7190,34.5757,33.5860,34.5175,11.6757,11674331
2005-08-10,34.6589,35.2079,34.6589,35.0748,11.8642,9452082
2005-08-11,34.8086,34.9916,34.2430,34.7670,11.7601,10811514
2005-08-12,34.9168,34.9168,34.3595,34.5342,11.6813,5733422
2005-08-15,34.3761,34.8253,34.3262,34.5175,11.6757,3744706
2005-08-16,34.6423,34.7920,34.2181,34.3512,11.6194,7516429
2005-08-17,34.1848,34.3013,33.7107,33.9769,11.4928,8584859
2005-08-18,34.0185,34.1848,33.7274,34.0018,11.5012,6630077
2005-08-19,34.1016,35.2661,34.0517,35.0748,11.8642,9826667
2005-08-22,35.0166,35.6404,34.9999,35.5073,12.0105,6246737
2005-08-23,35.3160,35.3909,35.0332,35.0498,11.8557,5848592
2005-08-24,35.0498,35.5156,34.9001,35.4574,11.9936,7218219
2005-08-25,35.1413,35.3243,34.9833,35.2245,11.9148,5892168
2005-08-26,35.3326,35.7236,34.7670,34.8835,11.7995,9087561
2005-08-29,34.4343,35.0748,34.3096,35.0665,11.8614,4886661
2005-08-30,35.2495,35.3410,34.6007,34.6922,11.7348,6174176
2005-08-31,34.8502,34.9168,34.2514,34.6839,11.7319,10535042
2005-09-01,34.9999,35.0498,34.0434,34.2680,11.5913,7475320
2005-09-02,34.1016,34.3678,33.4862,33.6775,11.3915,8469134
2005-09-05,33.6858,34.5092,33.6525,34.4926,11.6672,4212475
2005-09-06,34.3595,34.7504,34.3595,34.6589,11.7235,5683483
2005-09-07,34.7670,35.0748,34.6839,34.7338,11.7488,4887167
2005-09-08,34.8502,34.9583,34.1599,34.7005,11.7376,5906076
2005-09-09,34.7338,34.9750,34.6340,34.8086,11.7741,5758651
2005-09-12,35.0166,35.1496,34.5674,34.8752,11.7966,6352945
2005-09-13,34.8752,34.9667,33.8355,33.9353,11.4787,8691757
2005-09-14,34.0434,34.3013,33.5693,34.0268,11.5097,7131245
2005-09-15,33.9852,34.3096,33.8771,34.1682,11.5575,5379227
2005-09-16,34.2597,34.9750,34.1682,34.9334,11.8163,17074188
2005-09-19,33.8604,34.5175,33.6026,34.1931,11.5659,9575394
2005-09-20,34.3262,34.9417,34.3013,34.8918,11.8023,6938893
2005-09-21,34.6839,34.7670,34.2347,34.3512,11.6194,6497011
2005-09-22,34.1432,34.6922,33.9603,34.3345,11.6138,5810810
2005-09-23,34.5092,34.9916,34.4343,34.9417,11.8192,5118227
2005-09-26,35.6404,36.4056,35.3909,36.3640,12.3002,11978915
2005-09-27,36.2808,36.7549,35.9897,36.5387,12.3593,7990140
2005-09-28,37.0543,38.1938,36.9712,37.9693,12.8432,14757153
2005-09-29,37.9277,37.9693,36.7133,37.0128,12.5197,8663090
2005-09-30,37.3288,37.3455,36.1062,36.7133,12.4184,10041455
2005-10-03,36.9712,37.5118,36.6551,37.4286,12.6604,4896860
2005-10-04,37.3455,37.9027,36.9878,37.8279,12.7954,6554779
2005-10-05,37.4286,37.4952,36.8880,36.9712,12.5056,6276361
2005-10-06,36.2975,36.4721,35.5322,36.0978,12.2102,10178137
2005-10-07,35.7984,36.2642,35.7651,36.0147,12.1821,6256337
2005-10-10,36.1228,36.4555,35.2661,35.4491,11.9908,4701654
2005-10-11,35.2245,36.0230,35.1829,35.4408,11.9880,7060223
2005-10-12,35.1247,35.7901,34.8086,35.1330,11.8839,7358745
2005-10-13,34.8752,35.5322,34.7837,35.0831,11.8670,7757072
2005-10-14,35.1081,35.2495,34.8003,34.9417,11.8192,6375314
2005-10-17,35.0166,35.9065,34.2929,35.4990,12.0077,15314178
2005-10-18,35.6820,35.8400,34.9500,35.0332,11.8501,6909796
2005-10-19,34.2597,34.5591,33.7024,34.0018,11.5012,12110964
2005-10-20,34.4177,34.5674,33.3780,33.5361,11.3437,8840749
2005-10-21,33.2283,33.4945,32.9122,33.0786,11.1889,12019602
2005-10-24,33.4695,34.1516,33.2782,33.9686,11.4900,7435200
2005-10-25,34.4427,34.4593,33.7274,33.9270,11.4759,8175047
2005-10-26,34.5924,34.9916,34.2680,34.5258,11.6785,11084758
2005-10-27,34.4177,34.4759,33.5361,33.8105,11.4365,8121017
2005-10-28,33.4778,33.9353,32.8956,33.7440,11.4140,8768223
2005-10-31,34.2264,34.8003,34.1516,34.7587,11.7573,6888136
2005-11-01,34.6256,34.6756,34.1931,34.2264,11.5772,5250687
2005-11-02,34.4343,34.7255,34.1516,34.7171,11.7432,6335811
2005-11-03,35.0083,35.2744,34.3262,35.0831,11.8670,9802961
2005-11-04,35.0166,35.1247,34.5425,34.6007,11.7038,5618912
2005-11-07,34.7670,35.5239,34.6589,35.1912,11.9036,5464637
2005-11-08,35.4158,35.7152,35.2245,35.3742,11.9654,5092753
2005-11-09,35.5572,35.5988,35.0997,35.2827,11.9345,4138294
2005-11-10,35.4324,35.5406,34.6007,34.9001,11.8051,5546431
2005-11-11,35.5988,35.7402,35.3243,35.4740,11.9992,5398024
2005-11-14,35.5406,35.8400,35.4075,35.5489,12.0245,3179615
2005-11-15,35.5322,35.9065,35.2245,35.7152,12.0808,5021504
2005-11-16,35.9315,35.9315,35.3742,35.6154,12.0470,4626043
2005-11-17,35.3493,36.6468,35.3493,35.7901,12.1061,9317674
2005-11-18,36.3474,36.3723,35.7651,35.9731,12.1680,7520272
2005-11-21,36.1810,36.8298,36.0230,36.6634,12.4015,6260598
2005-11-22,36.7632,36.8048,35.5655,35.6487,12.0583,16988821
2005-11-23,35.9232,35.9648,35.6237,35.9315,12.1540,4661953
2005-11-24,35.8649,36.0812,35.4324,35.6071,12.0442,4554388
2005-11-25,35.5988,35.8483,35.4408,35.5905,12.0386,3256490
2005-11-28,35.9315,35.9648,35.3243,35.4990,12.0077,5166367
2005-11-29,35.5156,35.8566,35.3659,35.6653,12.0639,4885986
2005-11-30,35.6404,35.8317,35.5073,35.7152,12.0808,4357856
2005-12-01,35.6653,36.1810,35.6653,36.1561,12.2299,5651386
2005-12-02,36.1810,36.3890,35.8899,36.1561,12.2299,4580309
2005-12-05,36.1477,36.1810,35.6154,35.7236,12.0836,4299011
2005-12-06,35.8649,36.0812,35.7485,36.0729,12.2018,4025237
2005-12-07,35.9065,36.1394,35.4075,35.7568,12.0949,5280918
2005-12-08,35.3909,35.8400,35.1580,35.8317,12.1202,4781337
2005-12-09,35.7735,35.9731,35.6321,35.9149,12.1483,4103487
2005-12-12,36.1394,36.2392,35.5239,35.5239,12.0161,5077586
2005-12-13,35.3493,35.5905,35.2079,35.5489,12.0245,5525071
2005-12-14,35.6404,35.7152,34.8336,35.0166,11.8445,8079726
2005-12-15,35.0332,35.3077,34.8835,35.1580,11.8923,6158705
2005-12-16,35.2578,35.5239,34.9084,35.3909,11.9711,17599840
2005-12-19,35.3576,35.6653,35.3077,35.6154,12.0470,5628388
2005-12-20,35.4990,35.6154,35.2495,35.4324,11.9851,4776809
2005-12-21,35.6404,35.6570,35.0582,35.3493,11.9570,4996616
2005-12-22,35.3493,35.5572,35.2411,35.5572,12.0273,2836632
2005-12-23,35.4324,35.5988,35.2245,35.5988,12.0414,2429313
2005-12-26,35.5988,35.5988,35.5988,35.5988,12.0414,0
2005-12-27,35.4740,35.7485,35.4324,35.5988,12.0414,1665416
2005-12-28,35.7236,36.1062,35.6237,36.0729,12.2018,3651448
2005-12-29,36.0729,36.4472,36.0729,36.2642,12.2665,2751133
2005-12-30,36.0563,36.1311,35.5489,35.8816,12.1371,2123104
2006-01-02,35.8566,36.5303,35.7651,36.4804,12.3396,2742148
2006-01-03,36.4056,36.8630,36.3474,36.5553,12.3650,6083389
2006-01-04,36.8714,36.9629,36.3141,36.7216,12.4212,6800586
2006-01-05,36.5969,36.9213,36.5553,36.6801,12.4072,5612583
2006-01-06,36.7466,36.7466,36.3474,36.6634,12.4015,3952571
2006-01-09,37.0294,37.8029,36.8797,37.4536,12.6688,10671884
2006-01-10,37.3205,37.9526,37.2789,37.6366,12.7307,7140759
2006-01-11,37.8861,38.0691,37.6532,38.0109,12.8573,5290038
2006-01-12,38.0940,38.2105,37.8279,38.0358,12.8657,5825224
2006-01-13,37.9693,38.1107,37.1874,37.5118,12.6885,7781492
2006-01-16,37.4702,37.5451,37.1458,37.5118,12.6885,2191145
2006-01-17,37.1791,37.2956,36.8048,36.8131,12.4522,5675808
2006-01-18,36.2476,36.3806,35.9648,35.9897,12.1736,7068650
2006-01-19,36.1810,36.4638,35.9814,36.3723,12.3031,6623851
2006-01-20,36.3141,36.4555,35.4990,35.6321,12.0527,8087085
2006-01-23,35.2079,35.6071,35.0997,35.4823,12.0020,7525947
2006-01-24,35.7651,37.2041,35.6071,36.8298,12.4578,16570305
2006-01-25,37.2207,38.0275,37.1957,37.6948,12.7504,13308817
2006-01-26,37.8528,38.9424,37.7780,38.9424,13.1724,13842788
2006-01-27,39.1753,39.4664,38.2687,39.0090,13.1949,9254394
2006-01-30,38.8093,39.4747,38.7178,39.3583,13.3131,5883420
2006-01-31,39.5080,39.8407,39.0090,39.3084,13.2962,8427707
2006-02-01,39.0589,40.0071,39.0256,39.9821,13.5241,6595160
2006-02-02,39.8490,40.5227,39.2086,39.3417,13.3075,7996017
2006-02-03,39.5080,39.9821,39.0256,39.5080,13.3637,6197817
2006-02-06,39.4997,40.3980,39.4997,39.8657,13.4847,5564687
2006-02-07,39.9239,40.1984,39.3084,39.6744,13.4200,6662037
2006-02-08,39.1337,39.3749,38.9674,39.2335,13.2709,5398203
2006-02-09,39.6411,39.8740,39.3500,39.8158,13.4678,5878888
2006-02-10,39.6245,40.4728,39.5496,39.9571,13.5156,8176105
2006-02-13,39.9738,41.5874,39.8657,41.5874,14.0671,11193891
2006-02-14,41.5874,41.5874,40.8388,41.5042,14.0389,7378299
2006-02-15,41.4210,41.8785,41.0717,41.6622,14.0924,9066221
2006-02-16,41.9284,41.9617,39.7991,40.1984,13.5972,21277113
2006-02-17,40.1318,40.7473,40.0570,40.2067,13.6000,10823830
2006-02-20,40.2067,40.3231,39.6577,39.9239,13.5044,6253087
2006-02-21,40.0320,40.1734,39.2169,39.3167,13.2990,7256487
2006-02-22,38.9258,39.5413,38.6846,39.5330,13.3722,9645182
2006-02-23,39.5080,39.7492,38.7178,39.0589,13.2118,7621318
2006-02-24,39.0589,39.4997,38.8426,39.2335,13.2709,4100537
2006-02-27,39.1004,39.8324,39.0505,39.7908,13.4594,4726049
2006-02-28,39.5912,39.8823,38.6763,38.6763,13.0824,7814579
2006-03-01,38.7677,39.4498,38.2770,39.4498,13.3440,6721082
2006-03-02,39.4664,39.7243,38.1439,38.4850,13.0177,8807957
2006-03-03,38.3685,38.4850,37.1791,37.5035,12.6857,10107361
2006-03-06,37.9942,38.4517,37.8695,38.1938,12.9192,7114756
2006-03-07,37.8861,38.2521,37.7364,38.2022,12.9220,6075325
2006-03-08,38.2271,38.5099,37.5950,37.6698,12.7420,6263219
2006-03-09,38.2188,38.6763,38.0441,38.6763,13.0824,7310628
2006-03-10,38.4766,39.2834,38.3020,39.2834,13.2878,6041785
2006-03-13,39.1753,39.5330,38.7844,39.4165,13.3328,6098824
2006-03-14,39.1088,39.8324,39.1004,39.6078,13.3975,5743597
2006-03-15,39.7825,39.9239,39.3583,39.7742,13.4537,5752030
2006-03-16,39.7825,39.8906,39.3250,39.7492,13.4453,5321615
2006-03-17,39.7159,39.9904,38.3103,38.7927,13.1218,20482868
2006-03-20,38.9757,39.0006,38.3436,38.4101,12.9923,6974721
2006-03-21,38.2687,38.3851,37.9277,38.3103,12.9586,7085824
2006-03-22,38.0109,39.3084,37.9277,39.0672,13.2146,9224107
2006-03-23,39.3417,39.3500,38.6264,38.7511,13.1077,6180788
2006-03-24,38.6347,39.0173,38.3020,38.9674,13.1808,8976242
2006-03-27,39.6577,39.7575,38.4600,38.4600,13.0092,7883485
2006-03-28,38.6097,39.0422,38.3436,38.4933,13.0205,5737204
2006-03-29,38.6763,39.2585,38.4018,39.2585,13.2793,5924074
2006-03-30,39.4997,39.6161,38.9840,39.5579,13.3806,5436213
2006-03-31,39.2834,39.6744,39.1919,39.4248,13.3356,5366565
2006-04-03,39.6161,40.0902,39.5163,40.0237,13.5381,6355814
2006-04-04,39.9072,40.4396,39.8241,39.9488,13.5128,7381212
2006-04-05,40.8388,40.9552,40.4229,40.6891,13.7632,10206844
2006-04-06,40.5061,40.5726,39.6660,39.8823,13.4903,9686931
2006-04-07,39.9072,39.9987,38.9258,39.0006,13.1921,8782855
2006-04-10,39.1753,40.0819,39.1004,40.0570,13.5494,6848405
2006-04-11,40.0237,40.0403,39.2585,39.3583,13.3131,10167214
2006-04-12,39.4581,39.6494,38.8925,39.4581,13.3468,9042582
2006-04-13,38.4683,38.4683,37.5118,38.2271,13.4414,7791643
2006-04-18,38.3269,38.3768,37.4286,37.9610,13.3478,6606914
2006-04-19,38.4184,38.4434,37.8528,38.2105,13.4356,5840204
2006-04-20,38.2188,38.8010,37.7613,38.5515,13.5555,8976820
2006-04-21,38.4101,39.0755,38.3436,38.6014,13.5730,9428714
2006-04-24,38.2521,38.3186,37.6033,37.8445,13.3069,7214598
2006-04-25,38.0109,38.4018,37.8528,38.0940,13.3946,7797443
2006-04-26,38.2521,38.9258,37.7780,38.8177,13.6491,9681841
2006-04-27,38.8010,39.2585,36.8630,37.2872,13.1110,21738358
2006-04-28,37.2623,37.3288,35.8566,36.1477,12.7103,14024791
2006-05-02,35.9315,36.4139,35.6487,35.8483,12.6050,8477910
2006-05-03,35.9315,36.1394,35.2744,35.4158,12.4529,9218289
2006-05-04,35.5988,35.9980,35.3825,35.9980,12.6576,7420753
2006-05-05,35.9065,36.2559,35.7152,36.0895,12.6898,5909605
2006-05-08,36.2642,36.4222,36.0978,36.2309,12.7395,5555854
2006-05-09,36.2309,36.7216,36.0978,36.4971,12.8331,5652555
2006-05-10,37.2457,37.4869,36.9296,36.9296,12.9852,12219022
2006-05-11,36.9130,37.2457,36.3390,36.4305,12.8097,7943051
2006-05-12,36.0978,36.2642,34.8669,34.9334,12.2833,15864873
2006-05-15,34.5591,35.1413,33.7274,34.3262,12.0698,14817832
2006-05-16,34.1266,34.8918,34.0601,34.6173,12.1722,7789300
2006-05-17,34.7421,34.9750,33.1035,33.1701,11.6633,14515230
2006-05-18,33.4279,34.1349,32.9455,33.8937,11.9177,13348222
2006-05-19,33.6858,34.2430,33.3863,33.6691,11.8388,8325472
2006-05-22,33.4695,33.5444,32.5380,32.9622,11.5902,11621652
2006-05-23,33.1368,34.1848,33.0952,33.8521,11.9031,10292139
2006-05-24,33.5610,34.0684,33.0703,33.6359,11.8271,9937618
2006-05-25,33.8521,34.3512,33.5194,34.3013,12.0610,5216718
2006-05-26,34.3928,34.7504,34.0351,34.5342,12.1429,6976454
2006-05-29,34.5841,34.5841,34.2514,34.3512,12.0786,2627155
2006-05-30,34.1765,34.3512,33.1867,33.5860,11.8095,8158853
2006-05-31,33.3531,34.2514,32.9788,34.1016,11.9908,8619921
2006-06-01,33.8937,34.2264,33.4362,33.9270,11.9294,6661090
2006-06-02,34.1848,34.4676,33.4695,33.8022,11.8855,9032241
2006-06-05,33.8022,33.8521,33.0620,33.2782,11.7013,5570622
2006-06-06,32.7293,32.8790,31.6397,31.8809,11.2100,17070198
2006-06-07,31.8809,32.0056,31.0907,31.9142,11.2217,13809972
2006-06-08,31.1157,31.8892,31.0242,31.1905,10.9672,13429691
2006-06-09,31.7644,31.8559,31.5315,31.7312,11.1573,7974811
2006-06-12,31.7312,31.9142,31.2903,31.5066,11.0784,5880473
2006-06-13,30.9410,31.4151,30.6832,30.8994,10.8649,11366177
2006-06-14,30.8162,30.8994,30.0926,30.8246,10.8385,13416395
2006-06-15,30.8246,30.8246,30.8246,30.8246,10.8385,0
2006-06-16,30.8246,30.8246,30.8246,30.8246,10.8385,0
2006-06-19,31.1074,31.3818,30.8828,31.1074,10.9380,7426564
2006-06-20,30.8578,31.6230,30.8162,31.5981,11.1105,7642901
2006-06-21,31.6064,31.6314,30.8329,31.5315,11.0871,8210315
2006-06-22,31.9391,31.9557,31.3486,31.6230,11.1193,8177561
2006-06-23,31.6896,31.8559,31.4068,31.4650,11.0637,6991943
2006-06-26,31.6729,31.7478,31.3402,31.3818,11.0345,6069332
2006-06-27,31.6314,31.7062,30.9493,31.0408,10.9146,6817207
2006-06-28,30.7830,31.0159,30.5501,30.7830,10.8239,6867464
2006-06-29,31.0907,31.6646,30.9244,31.6064,11.1135,6407080
2006-06-30,32.0223,32.2718,31.7395,32.1304,11.2977,8577692
2006-07-03,32.1470,32.3966,32.0306,32.2468,11.3386,3755639
2006-07-04,32.1886,32.2219,31.7478,32.0223,11.2597,4098873
2006-07-05,31.8726,32.2219,31.3236,31.5898,11.1076,8094434
2006-07-06,31.7478,32.3134,31.6480,32.0389,11.2655,6648876
2006-07-07,31.9142,32.2219,31.7561,31.9807,11.2451,4970280
2006-07-10,32.0056,32.2468,31.5565,32.2219,11.3299,4998353
2006-07-11,31.8809,32.0888,31.5315,31.6314,11.1222,6262909
2006-07-12,31.9391,32.5130,31.8809,32.1138,11.2919,8083327
2006-07-13,31.8559,31.9058,31.5815,31.6896,11.1427,6691407
2006-07-14,31.3486,31.6314,31.2155,31.2321,10.9818,5987271
2006-07-17,31.3652,31.4401,30.8079,31.2488,10.9877,6462801
2006-07-18,31.0574,31.3070,30.6083,30.8329,10.8415,7195610
2006-07-19,31.1905,31.9890,31.0242,31.9058,11.2187,10457870
2006-07-20,32.0639,32.1055,31.6480,31.7395,11.1602,6438495
2006-07-21,31.8393,31.9807,30.9576,31.3236,11.0140,8880134
2006-07-24,31.5898,32.1387,31.4401,32.0722,11.2772,5980891
2006-07-25,32.2718,32.5712,32.0306,32.2302,11.3328,7242990
2006-07-26,32.1886,32.7625,31.8809,32.3217,11.3650,7889317
2006-07-27,32.7293,34.4011,32.4964,32.9039,11.5697,18721028
2006-07-28,32.9788,33.7107,32.8208,33.6525,11.8329,7265189
2006-07-31,33.6442,33.8521,33.4113,33.6109,11.8183,5274265
2006-08-01,33.5194,33.8105,32.7542,32.9538,11.5872,7546022
2006-08-02,33.0952,33.1784,32.6627,33.0370,11.6165,6872516
2006-08-03,33.1701,33.1701,32.3882,32.7709,11.5229,6448576
2006-08-04,33.0620,33.2865,32.7709,33.0620,11.6253,5973957
2006-08-07,32.6045,32.7709,32.3882,32.5962,11.4615,5272696
2006-08-08,32.7625,33.0620,32.7043,32.7875,11.5287,4090132
2006-08-09,33.0287,33.5194,32.6295,33.3697,11.7335,6581316
2006-08-10,32.9871,33.2283,32.7209,33.1618,11.6604,5341722
2006-08-11,33.2200,33.4778,32.9206,33.1867,11.6691,3714408
2006-08-14,33.4362,33.6775,33.2616,33.6109,11.8183,4190152
2006-08-15,33.3531,34.0601,33.2782,33.8937,11.9177,5173581
2006-08-16,34.0102,34.2015,33.7190,33.9519,11.9382,5044332
2006-08-17,33.9603,34.4676,33.8438,34.3761,12.0873,5815367
2006-08-18,34.3096,34.8918,34.2181,34.4427,12.1107,8072681
2006-08-21,34.3262,34.5425,33.5444,34.1516,12.0084,7364348
2006-08-22,34.3928,34.3928,33.9769,34.2347,12.0376,4901627
2006-08-23,34.2430,34.4260,33.8355,34.0351,11.9674,3867553
2006-08-24,33.9603,34.2514,33.6275,34.0601,11.9762,6084325
2006-08-25,33.9769,34.0684,33.6608,33.9187,11.9265,4479360
2006-08-28,33.7856,34.1848,33.5693,34.0601,11.9762,3175041
2006-08-29,34.0185,34.3179,33.7773,34.0601,11.9762,3920132
2006-08-30,34.2098,34.3013,34.0018,34.0517,11.9733,4313401
2006-08-31,34.2430,34.3512,34.0018,34.2680,12.0493,5022645
2006-09-01,34.2680,34.6506,34.1931,34.2929,12.0581,4864692
2006-09-04,34.4759,34.5508,34.3262,34.3761,12.0873,2024388
2006-09-05,34.1848,34.4177,34.0850,34.3512,12.0786,3271239
2006-09-06,34.1848,34.2680,33.6359,33.7606,11.8709,5945095
2006-09-07,33.5860,33.6026,33.1451,33.4279,11.7539,7920238
2006-09-08,33.3448,33.6858,33.2366,33.3863,11.7393,4496922
2006-09-11,33.1950,33.3115,32.8956,33.2616,11.6954,6128797
2006-09-12,33.3448,33.9769,33.1535,33.8022,11.8855,7915426
2006-09-13,34.0185,34.7171,33.9353,34.4759,12.1224,9707435
2006-09-14,34.4177,34.8669,34.2015,34.5092,12.1341,8238369
2006-09-15,34.6173,34.6340,31.6397,32.5879,11.4586,46920409
2006-09-18,32.3799,32.3799,31.9807,32.3134,11.3620,10592847
2006-09-19,32.2053,32.6378,31.9973,32.2884,11.3533,11582709
2006-09-20,32.2884,32.8623,32.2718,32.7459,11.5141,7762998
2006-09-21,32.6877,32.9788,32.4797,32.8374,11.5463,6680265
2006-09-22,32.5629,32.7126,32.2718,32.5546,11.4469,7453888
2006-09-25,32.4631,32.8457,32.4548,32.6794,11.4907,6775037
2006-09-26,32.9372,33.0786,32.6877,32.8540,11.5521,5811177
2006-09-27,33.0037,33.2782,32.9622,33.1035,11.6399,6219161
2006-09-28,33.1867,33.2283,32.6710,32.8707,11.5580,5479534
2006-09-29,32.8540,33.1202,32.7043,32.7792,11.5258,4778918
2006-10-02,33.0204,33.0204,32.2136,32.7376,11.5112,6981978
2006-10-03,32.6960,32.6960,32.3633,32.5962,11.4615,4360020
2006-10-04,32.1886,32.9871,32.0888,32.9788,11.5960,7980489
2006-10-05,33.1535,33.3531,33.0370,33.0703,11.6282,6610733
2006-10-06,33.1202,33.2200,32.8956,33.1202,11.6457,3976676
2006-10-09,32.8540,33.1701,32.6960,33.1701,11.6633,3948946
2006-10-10,33.1035,33.2283,32.8707,33.1285,11.6487,5874979
2006-10-11,33.0204,33.2034,32.7958,33.0287,11.6136,5070267
2006-10-12,33.0204,33.8022,32.8956,33.6775,11.8417,13127323
2006-10-13,33.8521,34.1432,33.5860,33.8937,11.9177,8764121
2006-10-16,33.7440,33.9519,33.5943,33.8521,11.9031,4724752
2006-10-17,33.5194,33.7689,33.4612,33.6941,11.8475,6147860
2006-10-18,33.7274,34.5009,33.6941,34.1682,12.0142,8575862
2006-10-19,34.0434,34.6922,33.9519,34.5175,12.1371,7608787
2006-10-20,34.5175,34.8502,34.3678,34.4427,12.1107,8451402
2006-10-23,34.5342,34.7670,34.0434,34.6589,12.1868,6318738
2006-10-24,34.4260,34.7421,34.2763,34.5092,12.1341,6200508
2006-10-25,34.2680,36.5553,34.2680,35.9564,12.6430,33273125
2006-10-26,36.1727,36.3307,35.6820,36.0563,12.6781,12649880
2006-10-27,35.9897,36.0812,35.7236,35.9897,12.6547,7208068
2006-10-30,35.8400,36.3390,35.6237,36.0563,12.6781,7849107
2006-10-31,36.0812,37.5284,36.0147,37.1791,13.0729,23514660
2006-11-01,37.2872,38.1273,37.2207,38.0025,13.3625,15173123
2006-11-02,37.6366,38.2354,37.2789,37.3870,13.1460,14259460
2006-11-03,37.5617,38.2105,37.4952,37.9610,13.3478,10082483
2006-11-06,37.8695,38.6763,37.7780,38.5931,13.5701,8798293
2006-11-07,38.5931,38.7178,37.5118,38.2105,13.4356,10080394
2006-11-08,38.0857,38.6846,37.7364,38.5681,13.5613,8009077
2006-11-09,38.6763,39.0006,37.9277,38.3186,13.4736,11323065
2006-11-10,38.1190,38.3103,37.6782,38.2354,13.4444,8098145
2006-11-13,38.0524,38.7012,37.7946,38.5848,13.5672,8046295
2006-11-14,38.4933,38.8260,38.3851,38.6846,13.6023,8683059
2006-11-15,38.7844,39.5829,38.7594,39.5080,13.8918,12923307
2006-11-16,39.4248,40.9636,39.4248,40.2649,14.1580,17201465
2006-11-17,40.0071,40.2067,39.1004,39.2169,13.7895,12254065
2006-11-20,39.0672,39.3916,38.6347,39.3084,13.8216,7807251
2006-11-21,39.1836,39.3084,38.7761,38.9590,13.6988,6038974
2006-11-22,39.0505,39.4165,38.7262,38.9840,13.7076,7012749
2006-11-23,39.0838,39.2169,38.5182,38.5848,13.5672,5578761
2006-11-24,38.4184,38.5931,37.2457,37.8778,13.3186,13683534
2006-11-27,37.7031,37.7197,36.6801,36.8048,12.9413,11385276
2006-11-28,36.6302,36.7466,36.1893,36.5636,12.8565,12163878
2006-11-29,36.8714,37.1209,36.6468,36.9296,12.9852,8516362
2006-11-30,36.9712,37.5035,36.3640,36.4638,12.8214,9511543
2006-12-01,36.4971,36.8714,35.6071,36.1062,12.6957,11763788
2006-12-04,36.3890,36.7133,36.2476,36.5553,12.8536,7316835
2006-12-05,36.7632,37.0959,36.3973,36.8880,12.9706,7593569
2006-12-06,36.7216,37.0710,36.5303,36.8131,12.9442,5382907
2006-12-07,36.7216,37.1791,36.6385,36.8963,12.9735,5924230
2006-12-08,36.8880,37.0044,36.3806,36.9795,13.0027,9131646
2006-12-11,37.2373,37.8112,37.1126,37.5534,13.2045,9653913
2006-12-12,37.4619,37.7946,37.3704,37.6366,13.2338,5422038
2006-12-13,37.7281,38.1107,37.5784,37.9110,13.3303,7985328
2006-12-14,38.0691,38.5099,38.0192,38.1938,13.4297,7833028
2006-12-15,38.4850,38.6763,38.3186,38.4267,13.5116,17385571
2006-12-18,38.3436,38.8343,38.3186,38.4267,13.5116,5611497
2006-12-19,38.2604,38.7844,37.9277,38.4933,13.5350,7558058
2006-12-20,38.8759,39.3666,38.8426,38.9424,13.6929,7694467
2006-12-21,38.9840,39.2418,38.5931,38.6929,13.6052,4456502
2006-12-22,38.7927,39.0256,38.3020,38.3436,13.4824,3488296
2006-12-27,38.7594,39.2169,38.7095,39.0173,13.7193,3642979
2006-12-28,39.0921,39.2585,38.7927,39.0505,13.7310,2697886
2006-12-29,39.1670,39.1670,38.8343,38.9258,13.6871,2031074
2007-01-02,39.2585,39.7575,39.2585,39.5912,13.9211,4680909
2007-01-03,39.5496,39.7076,39.2003,39.5080,13.8918,5474435
2007-01-04,39.2252,39.3417,38.8426,39.2169,13.7895,6357571
2007-01-05,39.2003,39.6245,38.8592,39.2003,13.7836,7139019
2007-01-08,39.3167,39.5912,38.7178,38.9590,13.6988,4940122
2007-01-09,39.0921,39.2502,38.8759,39.0672,13.7368,4608603
2007-01-10,38.6763,38.8177,38.2604,38.5099,13.5409,7188039
2007-01-11,38.5182,39.1420,38.2437,39.1254,13.7573,8914895
2007-01-12,39.1670,39.3167,38.6846,38.9175,13.6842,5369774
2007-01-15,38.9674,39.2252,38.9258,39.1254,13.7573,4258083
2007-01-16,39.0090,39.2169,38.6763,38.8509,13.6608,5561947
2007-01-17,39.0339,39.0838,38.4018,38.7428,13.6228,6003996
2007-01-18,38.9923,39.3832,38.8842,39.0921,13.7456,7883948
2007-01-19,39.6328,40.7889,39.5330,40.6059,14.2779,19665518
2007-01-22,40.8804,41.5375,40.1401,40.3481,14.1872,11577130
2007-01-23,40.3398,40.7723,40.0902,40.5477,14.2574,8544324
2007-01-24,40.8638,41.4127,40.8638,41.3878,14.5528,10354327
2007-01-25,41.4210,41.4377,40.3231,40.4562,14.2252,9297580
2007-01-26,40.2399,40.4146,39.8740,40.1734,14.1258,7433839
2007-01-29,40.2732,40.7723,40.0985,40.5477,14.2574,5123963
2007-01-30,40.2150,40.5893,40.0320,40.3148,14.1755,6001672
2007-01-31,40.0403,40.2316,39.5413,39.6411,13.9386,8469585
2007-02-01,39.9571,40.3897,39.7492,40.1235,14.1082,7660264
2007-02-02,39.9405,40.4562,39.8158,40.3564,14.1901,6938329
2007-02-05,40.1817,40.3813,39.9405,40.1318,14.1112,4770654
2007-02-06,40.0071,40.5477,39.9405,40.3231,14.1784,6873383
2007-02-07,40.4229,40.4479,40.0819,40.1734,14.1258,6535065
2007-02-08,39.9655,40.3647,39.4498,39.9239,14.0380,6056181
2007-02-09,40.6641,41.4044,40.5144,41.2131,14.4914,16969180
2007-02-12,41.2380,41.7371,40.5643,40.9053,14.3831,11805405
2007-02-13,40.8970,41.0883,40.5726,40.9552,14.4007,10169003
2007-02-14,41.2131,43.3174,41.2131,42.8350,15.0617,41784620
2007-02-15,44.8312,45.6879,44.1242,44.4319,15.6232,36496492
2007-02-16,44.4985,45.3302,43.7915,45.0142,15.8279,18219699
2007-02-19,46.3200,46.8607,46.2784,46.6444,16.4011,20325491
2007-02-20,46.7442,46.7692,45.6297,46.1537,16.2286,14204657
2007-02-21,45.7960,46.0788,44.7147,44.8645,15.7753,13027422
2007-02-22,44.8062,45.0391,43.9579,44.2906,15.5735,10269704
2007-02-23,44.3321,44.9892,43.8414,44.7480,15.7343,10761792
2007-02-26,45.2887,45.3219,44.3571,44.6482,15.6992,10381754
2007-02-27,44.1741,44.3321,42.9514,43.0679,15.1435,13738867
2007-02-28,42.2195,43.6834,41.6290,42.7601,15.0353,21830493
2007-03-01,43.0429,43.7582,41.6872,42.3526,14.8920,19240188
2007-03-02,42.9847,42.9930,42.0282,42.2944,14.8716,12110773
2007-03-05,41.2547,42.4108,41.1715,41.9700,14.7575,15949113
2007-03-06,42.6686,43.4505,42.2112,43.2509,15.2079,14618952
2007-03-07,43.5836,44.0327,43.3091,43.5420,15.3102,10452210
2007-03-08,43.5836,43.7915,43.0180,43.5004,15.2956,10469712
2007-03-09,43.3008,44.0410,43.3008,43.9412,15.4506,8377677
2007-03-12,44.0826,44.2739,43.5170,44.1907,15.5384,7524675
2007-03-13,44.5817,44.6565,43.6917,43.7083,15.3687,9457264
2007-03-14,43.2093,43.5919,42.7518,42.8350,15.0617,16049611
2007-03-15,43.4505,44.9809,43.3756,44.9144,15.7928,18582052
2007-03-16,44.7064,45.4134,44.2822,44.9227,15.7957,25219708
2007-03-19,45.5382,46.9937,45.3885,46.8856,16.4859,13638554
2007-03-20,46.9521,47.2682,46.7193,47.2433,16.6117,10702475
2007-03-21,47.2349,48.1249,46.9937,47.4096,16.6702,12212693
2007-03-22,48.1249,48.8818,47.9918,48.5491,17.0708,17007227
2007-03-23,48.7071,51.7846,48.6655,51.5683,18.1325,31398598
2007-03-26,51.0693,52.3419,49.7635,50.0961,17.6148,16467606
2007-03-27,51.3854,52.4749,50.8780,51.5018,18.1091,16250484
2007-03-28,51.2356,51.9759,50.3374,50.4455,17.7377,12115048
2007-03-29,50.7366,50.9445,50.4122,50.9029,17.8985,9190810
2007-03-30,50.9861,51.4852,50.6701,51.0693,17.9570,7395108
2007-04-02,51.6182,51.9759,51.1691,51.7347,18.1910,11152399
2007-04-03,52.0840,52.2337,50.9529,51.5683,18.1325,14104715
2007-04-04,51.9010,52.1339,50.5287,50.8198,17.8693,14257597
2007-04-05,49.8217,50.2708,49.7385,50.0629,18.1385,7714483
2007-04-10,51.9842,52.1173,51.2772,51.8428,18.7834,12012810
2007-04-11,51.9842,52.2753,51.4602,51.5600,18.6809,8742137
2007-04-12,51.4519,51.4935,49.9548,50.9612,18.4640,17111038
2007-04-13,51.1525,51.1857,50.1211,50.5702,18.3223,9810662
2007-04-16,50.6118,50.7865,50.0712,50.7033,18.3705,9955228
2007-04-17,50.4288,51.0527,50.1793,50.8530,18.4248,8813247
2007-04-18,50.6534,50.6617,50.0379,50.2791,18.2169,7642003
2007-04-19,49.6803,49.7385,48.1914,49.4058,17.9004,15868986
2007-04-20,49.6304,50.4455,49.1729,49.9048,18.0812,13720294
2007-04-23,49.7385,50.0795,49.2810,49.3060,17.8643,7206805
2007-04-24,49.3060,49.3642,48.0334,48.6489,17.6262,11478434
2007-04-25,48.4909,49.8965,48.3661,49.3143,17.8673,8661458
2007-04-26,49.8134,50.3124,49.4890,50.2375,18.2018,9357812
2007-04-27,50.0296,50.3207,49.3725,49.5721,17.9607,8851352
2007-04-30,49.3808,50.0629,49.3808,49.7967,18.0421,6081116
2007-05-02,49.9048,50.0629,49.5306,49.8965,18.0782,8108207
2007-05-03,50.1377,50.2791,49.2062,49.4640,17.9215,8904996
2007-05-04,49.2062,50.9529,49.2062,50.8364,18.4188,11114484
2007-05-07,50.8198,51.2356,49.9132,50.0961,18.1506,6061108
2007-05-08,49.9464,50.1294,48.9567,49.1812,17.8191,9410945
2007-05-09,49.5888,49.8134,48.4410,48.7820,17.6744,7441919
2007-05-10,48.8319,49.5888,48.6822,49.1230,17.7980,10584635
2007-05-11,48.6988,50.6035,48.1665,50.4122,18.2651,13341822
2007-05-14,52.2337,54.3464,50.7948,51.3188,18.5935,55382111
2007-05-15,51.7347,53.5812,51.7347,52.8492,19.1480,33493648
2007-05-16,52.4833,53.4065,52.4084,53.0988,19.2384,16780869
2007-05-17,53.2318,53.3816,52.7910,53.2984,19.3108,8419559
2007-05-18,53.2734,53.8141,53.1071,53.5645,19.4072,19013377
2007-05-21,53.7475,54.6042,53.0738,54.1052,19.6031,15902195
2007-05-22,54.1052,54.7207,53.8473,54.3880,19.7055,9763721
2007-05-23,54.4795,56.5588,54.4046,56.4257,20.4439,20484968
2007-05-24,55.8851,56.1430,54.6957,54.8870,19.8864,12582959
2007-05-25,54.7290,56.8998,54.3880,55.8934,20.2510,15916258
2007-05-29,56.0182,56.1263,55.3112,55.9932,20.2872,8585091
2007-05-30,55.3944,56.2095,55.0866,56.2095,20.3655,9960814
2007-05-31,56.3925,56.9664,56.0182,56.6836,20.5373,13956722
2007-06-01,56.6836,57.2741,56.2760,56.9331,20.6277,11075232
2007-06-04,56.5588,56.6753,55.9184,56.2927,20.3956,9012126
2007-06-05,56.2927,56.5422,55.3944,55.6689,20.1696,8574531
2007-06-06,55.6689,55.9101,53.6560,53.8723,19.5187,14614503
2007-06-07,54.5210,54.6874,52.8409,53.6394,19.4343,12873517
2007-06-08,53.2318,54.5044,52.8742,53.9388,19.5428,15568289
2007-06-11,54.6042,55.2280,54.2549,55.1532,19.9828,11181433
2007-06-12,55.2863,55.8435,54.9536,55.2114,20.0039,10803741
2007-06-13,54.9868,55.6273,54.5626,55.4526,20.0913,9151551
2007-06-14,56.1430,56.6087,55.8518,56.6087,20.5102,11676835
2007-06-15,56.6753,57.9395,56.4091,57.3739,20.7874,38618038
2007-06-18,57.6817,57.7898,57.0163,57.1577,20.7091,8761890
2007-06-19,56.8499,57.5985,56.7418,57.1910,20.7211,5808416
2007-06-20,57.5153,57.8064,56.7668,57.5403,20.8477,7207786
2007-06-21,57.0995,57.4405,55.8352,56.2428,20.3776,11789559
2007-06-22,56.5422,56.6919,55.6855,56.3093,20.4017,7954880
2007-06-25,55.8602,56.0847,54.9036,55.7271,20.1907,8231724
2007-06-26,55.1864,56.0182,54.9785,55.6855,20.1757,8917245
2007-06-27,55.2696,55.4360,54.4795,54.9036,19.8924,12514582
2007-06-28,55.4526,56.3426,55.3528,56.2261,20.3715,7939402
2007-06-29,56.3509,57.1078,55.6023,57.0496,20.6699,8259234
2007-07-02,56.6254,57.0995,55.8103,56.9082,20.6186,7678566
2007-07-03,57.3906,57.3906,56.8749,57.0662,20.6759,6856326
2007-07-04,56.9913,57.3739,56.4091,56.7335,20.5554,4675407
2007-07-05,57.1411,57.1411,55.9350,56.1263,20.3354,7213137
2007-07-06,55.8851,57.1577,55.8352,56.7917,20.5765,7606925
2007-07-09,56.7169,57.8064,56.6836,57.3324,20.7723,7006596
2007-07-10,58.1391,59.0541,56.6919,56.9082,20.6186,15365263
2007-07-11,56.1430,56.3925,54.9452,56.0265,20.2992,18474934
2007-07-12,56.5588,57.6734,56.1014,57.6734,20.8959,8815418
2007-07-13,58.2223,58.3055,56.8084,57.1826,20.7181,7537589
2007-07-16,57.1910,57.6983,56.8333,57.5569,20.8537,6486791
2007-07-17,57.5569,57.5569,56.4757,56.8084,20.5825,6521900
2007-07-18,55.8768,56.0431,55.0284,55.0534,19.9466,14845551
2007-07-19,55.3445,56.0681,55.1282,55.5275,20.1184,9539518
2007-07-20,55.3528,55.5607,53.8141,54.1551,19.6212,17321432
2007-07-23,54.0719,55.6356,53.7309,55.6356,20.1576,11276962
2007-07-24,55.1033,55.7520,54.1551,54.6791,19.8110,11707180
2007-07-25,54.0636,57.0163,52.6330,55.6689,20.1696,33203959
2007-07-26,56.5505,57.5403,54.0636,54.4212,19.7176,21529374
2007-07-27,53.2318,56.0598,52.8160,54.2549,19.6573,17715955
2007-07-30,54.4212,54.6624,53.0073,53.7808,19.4856,12444916
2007-07-31,55.0201,56.3675,54.7539,55.6356,20.1576,14234628
2007-08-01,54.0719,55.3611,53.7891,54.6375,19.7959,12539227
2007-08-02,54.8122,55.5108,54.6708,55.2946,20.0340,8377499
2007-08-03,55.4859,55.8934,54.5959,54.6624,19.8050,11647443
2007-08-06,53.7725,53.9804,52.8409,53.3899,19.3439,13440476
2007-08-07,53.8473,54.0719,52.8160,53.3233,19.3198,11617989
2007-08-08,53.6560,53.8556,51.3438,53.6976,19.4554,18817703
2007-08-09,53.4065,53.8556,51.6682,52.1173,18.8828,12296787
2007-08-10,51.3188,51.4020,49.4058,49.9714,18.1054,26159834
2007-08-13,50.6118,52.1256,50.4871,51.9426,18.8196,11019478
2007-08-14,51.3687,53.0572,51.1275,52.0092,18.8437,10929269
2007-08-15,51.4852,52.6247,51.2190,52.0757,18.8678,9206694
2007-08-16,50.8198,50.9612,49.3393,49.6553,17.9908,23091942
2007-08-17,48.6073,52.2088,48.0334,50.0213,18.1234,27538423
2007-08-20,50.3041,50.4788,49.1563,49.4058,17.9004,10029808
2007-08-21,49.8882,50.4205,48.7737,50.4205,18.2681,11173604
2007-08-22,51.2356,52.5249,51.0028,52.2421,18.9280,13465428
2007-08-23,52.9906,53.8723,52.4666,52.4666,19.0094,9856537
2007-08-24,52.2088,52.7162,51.6515,52.4500,19.0034,5612227
2007-08-27,52.8160,53.2817,52.4250,52.4999,19.0215,4435953
2007-08-28,52.3585,53.2318,51.8095,52.1256,18.8859,9691472
2007-08-29,51.4436,53.5645,51.3521,52.6163,19.0637,25124369
2007-08-30,53.2318,53.4980,52.3835,53.0322,19.2143,10774059
2007-08-31,53.4730,54.4462,53.0239,54.2133,19.6423,12682009
2007-09-03,54.9785,56.2095,54.9369,55.7520,20.1998,9581523
2007-09-04,55.7437,56.5588,55.6023,56.4424,20.4499,10157690
2007-09-05,56.3093,56.6753,55.5607,55.7520,20.1998,10872196
2007-09-06,56.3842,56.6004,55.2363,56.4840,20.4650,10465703
2007-09-07,56.5588,56.8666,54.2050,54.5959,19.7809,14527925
2007-09-10,54.5709,54.7872,53.0655,53.1320,19.2505,12630554
2007-09-11,53.6976,54.0470,53.2485,53.6643,19.4434,8088871
2007-09-12,53.6477,53.7059,52.8576,53.6643,19.4434,8356580
2007-09-13,53.2734,54.7706,52.9407,54.1717,19.6272,9373534
2007-09-14,53.9721,54.6125,53.4148,54.3048,19.6754,8873974
2007-09-17,54.4545,54.7623,53.6477,54.1883,19.6332,8530469
2007-09-18,54.0636,54.8038,53.7891,54.8038,19.8562,11888004
2007-09-19,56.1014,56.1430,55.2114,55.8019,20.2178,13888505
2007-09-20,55.5191,55.7271,55.0367,55.5524,20.1274,7533002
2007-09-21,55.5441,57.3656,55.4360,56.5505,20.4891,24405220
2007-09-24,55.9350,57.3739,55.9350,57.2741,20.7512,9543810
2007-09-25,56.9830,57.7066,56.3509,57.4072,20.7995,10710591
2007-09-26,57.7233,58.0061,57.4405,57.6235,20.8778,8710052
2007-09-27,58.2140,59.0291,58.1225,58.5301,21.2063,12483361
2007-09-28,58.3804,59.1705,58.2972,58.7546,21.2877,9865528
2007-10-01,58.7131,60.1187,58.5800,60.0355,21.7517,9744846
2007-10-02,60.5928,60.8673,60.3599,60.5179,21.9265,10242367
2007-10-03,60.5346,60.8673,59.0957,60.5762,21.9476,6253698
2007-10-04,60.4764,61.2083,60.2851,60.7592,22.0139,6986050
2007-10-05,60.7259,60.9920,60.3849,60.7092,21.9958,7727231
2007-10-08,60.8007,60.8839,59.9607,60.2268,21.8210,6041667
2007-10-09,60.0938,61.4245,59.6945,61.0586,22.1224,7689920
2007-10-10,60.9920,61.9818,60.8007,61.8654,22.4147,10021366
2007-10-11,61.7988,62.7138,61.6325,62.3811,22.6016,10493224
2007-10-12,61.8072,62.4226,61.6242,62.4226,22.6166,7721320
2007-10-15,62.2230,62.6722,61.6408,62.0733,22.4901,7235898
2007-10-16,61.9652,62.9051,61.7240,62.5557,22.6648,9660485
2007-10-17,62.3478,62.3811,61.0503,61.7572,22.3755,9496525
2007-10-18,61.5077,62.0068,60.8839,61.3247,22.2188,9065108
2007-10-19,61.2582,61.7240,60.9671,61.4661,22.2701,8896599
2007-10-22,60.1936,60.2601,58.9459,59.7112,21.6342,13966669
2007-10-23,59.9274,61.4994,59.9274,60.9172,22.0712,9292857
2007-10-24,61.1334,62.7387,60.9671,61.7988,22.3906,12928935
2007-10-25,62.3811,65.5334,61.2998,64.6767,23.4333,28165842
2007-10-26,65.2922,65.5833,63.4706,63.8782,23.1440,13068905
2007-10-29,64.2941,64.8763,63.6287,64.1444,23.2404,8308194
2007-10-30,64.0446,64.0446,62.9217,62.9633,22.8125,8203479
2007-10-31,62.9134,63.4540,62.7138,63.1712,22.8878,7671151
2007-11-01,62.9550,63.7451,61.7323,62.3478,22.5895,8366680
2007-11-02,61.2998,61.7739,61.0503,61.6408,22.3333,8307269
2007-11-05,61.2166,61.5992,60.5512,61.1501,22.1556,5370942
2007-11-06,61.5410,62.0816,61.1833,61.7739,22.3816,5498105
2007-11-07,61.7157,62.7054,60.4764,61.5410,22.2972,9988982
2007-11-08,60.3017,60.7259,59.9856,60.3017,21.8482,10609848
2007-11-09,60.4181,61.8820,59.8858,60.0438,21.7547,10274507
2007-11-12,59.6363,60.4015,59.3868,59.9773,21.7306,7355474
2007-11-13,59.4949,59.7860,57.2492,58.3388,21.1370,14682484
2007-11-14,59.4284,59.4284,57.8064,58.3055,21.1249,10200269
2007-11-15,58.2390,58.6132,55.8269,56.8000,20.5795,13465690
2007-11-16,56.1430,56.4008,54.8371,55.3528,20.0551,15648248
2007-11-19,55.0617,55.3611,53.2485,53.7392,19.4705,13031308
2007-11-20,54.1384,55.3944,53.6477,55.3861,20.0672,11590567
2007-11-21,54.4545,54.5460,52.7827,53.4315,19.3590,16125143
2007-11-22,53.8473,54.0054,52.5664,53.6061,19.4223,7731933
2007-11-23,53.6560,54.7872,52.9823,54.5044,19.7477,8767308
2007-11-26,55.0284,55.3944,54.4129,54.7706,19.8442,7332713
2007-11-27,54.6458,54.6458,52.8160,53.8889,19.5247,10025322
2007-11-28,54.0969,57.1327,53.3316,56.6670,20.5313,12410912
2007-11-29,57.3906,57.4904,56.4008,56.9082,20.6186,8385779
2007-11-30,56.6337,58.7546,56.5588,57.8480,20.9592,9724359
2007-12-03,57.4904,58.7297,57.4155,57.7815,20.9351,6177353
2007-12-04,58.0892,58.0892,56.1679,56.7335,20.5554,9609690
2007-12-05,57.1494,57.8730,56.4341,57.7399,20.9200,7275719
2007-12-06,57.6983,58.1225,56.0182,56.7252,20.5523,9609254
2007-12-07,57.0579,57.7399,56.6420,57.5652,20.8567,6685792
2007-12-10,57.3823,59.0458,57.2409,58.4303,21.1701,8224701
2007-12-11,58.8378,59.5531,57.3407,58.1225,21.0586,8767378
2007-12-12,57.7150,58.4802,56.3010,57.8813,20.9712,11994260
2007-12-13,57.0579,57.2242,55.2530,55.4443,20.0883,13497114
2007-12-14,55.8269,55.9849,54.1468,54.8787,19.8833,11876199
2007-12-17,54.2216,54.2299,53.1570,53.5313,19.3951,12069541
2007-12-18,53.3150,54.9785,53.3067,53.7642,19.4795,10894911
2007-12-19,54.1218,54.2050,53.1320,53.3566,19.3319,8645536
2007-12-20,53.6228,54.3464,53.4398,53.6893,19.4524,8230582
2007-12-21,54.3963,55.0700,54.0802,54.9120,19.8954,18720536
2007-12-27,55.5607,55.8851,55.1532,55.3112,20.0400,5135567
2007-12-28,54.9203,55.3195,54.4545,55.3112,20.0400,2268259
2008-01-02,55.1033,55.4027,53.5313,53.7974,19.4916,6711175
2008-01-03,53.7974,54.0054,51.6099,52.3252,18.9582,12051191
2008-01-04,52.0674,52.0674,48.8901,49.2145,17.8311,22846911
2008-01-07,48.8984,49.8466,48.1914,48.7654,17.6684,13663237
2008-01-08,49.2727,49.3226,47.9253,48.1415,17.4424,13670905
2008-01-09,47.9087,48.6572,46.9189,47.1601,17.0868,14467112
2008-01-10,47.5261,48.0417,47.3015,47.7257,17.2917,11210522
2008-01-11,47.6591,48.8652,47.5177,48.1748,17.4544,11070225
2008-01-14,47.6591,49.0731,47.6591,48.7071,17.6473,8788437
2008-01-15,48.5824,48.6572,46.7941,47.0852,17.0597,13651688
2008-01-16,47.2266,47.4179,45.9125,47.0769,17.0566,14943817
2008-01-17,47.2765,47.4928,45.0890,45.4051,16.4509,17115449
2008-01-18,45.1306,45.6879,44.1824,44.3737,16.0772,18710870
2008-01-21,43.7000,44.6316,41.2796,41.7704,15.1340,30352786
2008-01-22,39.8407,42.6520,39.5579,41.4210,15.0074,32430351
2008-01-23,42.4191,42.5855,38.8010,40.1235,14.5373,25885003
2008-01-24,41.9284,44.2406,41.9284,42.9598,15.5649,25387501
2008-01-25,43.5836,44.2240,42.4690,42.7352,15.4836,16650202
2008-01-28,41.8785,43.3340,41.6373,43.3340,15.7005,12416182
2008-01-29,43.4422,44.4403,42.9265,43.4006,15.7247,12256069
2008-01-30,43.7915,43.8996,42.7019,43.2841,15.6825,11490964
2008-01-31,43.0180,43.7416,42.0698,43.4089,15.7277,15143465
2008-02-01,44.2074,45.3718,44.0826,44.5318,16.1345,16670803
2008-02-04,45.2221,46.0289,44.8146,45.0641,16.3274,11146118
2008-02-05,44.6066,44.7646,42.1530,42.6187,15.4414,18638591
2008-02-06,42.0864,43.0429,41.6789,42.7768,15.4986,12968883
2008-02-07,42.5439,42.5855,41.4377,42.1696,15.2787,11419247
2008-02-08,42.7518,43.1926,41.9118,42.4524,15.3811,8051572
2008-02-11,41.8369,42.3443,41.1881,41.8203,15.1521,10077012
2008-02-12,42.2112,44.1991,41.9700,44.0244,15.9507,17642870
2008-02-13,43.7915,45.4051,43.7166,44.7147,16.2008,14790128
2008-02-14,45.2387,46.4531,43.8830,44.8728,16.2581,24418430
2008-02-15,44.9144,45.8459,44.5068,44.9227,16.2761,17728035
2008-02-18,45.3302,47.3763,45.1639,46.7608,16.9421,12208468
2008-02-19,46.6444,47.9835,46.2036,47.2183,17.1079,12347197
2008-02-20,46.5113,46.7692,45.6297,46.3782,16.8035,12534548
2008-02-21,46.7941,47.4595,46.4947,46.7442,16.9361,8938750
2008-02-22,46.4115,46.6610,45.2221,45.8293,16.6046,14267349
2008-02-25,46.6194,46.7442,45.9291,46.2036,16.7402,8803084
2008-02-26,46.2867,47.7839,46.2867,47.5261,17.2194,11154194
2008-02-27,47.5593,48.0833,46.8523,48.0251,17.4002,9839886
2008-02-28,47.4512,47.9336,47.0020,47.2433,17.1169,9891555
2008-02-29,46.9189,47.3181,45.9125,46.4032,16.8125,12463352
2008-03-03,45.4217,46.4115,45.1639,46.2452,16.7553,9142723
2008-03-04,46.1953,46.6361,44.6815,44.8312,16.2430,14086436
2008-03-05,45.4051,46.1121,44.9975,45.6546,16.5413,10005125
2008-03-06,45.4467,45.7128,44.8312,45.1389,16.3545,8868153
2008-03-07,44.5817,45.1639,44.1658,44.7896,16.2279,11812347
2008-03-10,44.3488,45.1223,44.0410,44.4902,16.1194,10496829
2008-03-11,44.5817,44.6648,43.0762,44.2406,16.0290,15681521
2008-03-12,44.8977,45.4550,44.5817,45.0474,16.3213,8955369
2008-03-13,44.2906,44.3238,43.0429,44.1159,15.9838,16067674
2008-03-14,44.1159,45.2221,43.1261,43.6834,15.8271,14831921
2008-03-17,42.8350,43.2425,42.0116,42.3027,15.3269,16941410
2008-03-18,43.0429,44.0161,42.6021,43.8165,15.8753,11846874
2008-03-19,44.2573,44.7896,43.8081,44.1159,15.9838,14558038
2008-03-20,43.9412,44.7397,43.3756,43.9911,15.9386,21200183
2008-03-25,45.3053,45.7295,45.0391,45.5049,16.4871,11255751
2008-03-26,45.5798,45.6629,44.9144,45.2304,16.3876,9252141
2008-03-27,44.7480,46.0871,44.7314,45.7627,16.5805,9399027
2008-03-28,45.7544,46.1620,45.4134,45.6796,16.5504,8135287
2008-03-31,45.1306,45.2221,44.4319,45.0391,16.3183,9108550
2008-04-01,45.0142,46.5280,44.7231,46.0289,16.6769,10815143
2008-04-02,45.3718,45.5299,44.2906,45.1972,16.3756,15334642
2008-04-03,45.2471,45.4550,44.2573,44.5733,16.1496,10444238
2008-04-04,44.6316,44.6482,43.6252,44.2989,16.0501,9055455
2008-04-07,44.6898,44.9560,44.2240,44.5234,16.1315,7623935
2008-04-08,44.1741,44.3238,43.6751,44.0577,15.9627,8983806
2008-04-09,43.9329,44.3488,43.5669,43.7499,15.8512,11050997
2008-04-10,42.3443,42.7352,41.6040,42.3359,16.0737,11834179
2008-04-11,42.6187,42.8599,41.3129,41.6705,15.8211,10161072
2008-04-14,41.1715,41.4626,40.4895,40.8554,15.5116,11289973
2008-04-15,41.1465,41.3794,40.2316,41.0218,15.5748,9189306
2008-04-16,41.5874,41.6955,40.9137,41.4293,15.7295,10053353
2008-04-17,41.7537,42.2445,41.2713,41.3378,15.6948,9420653
2008-04-18,41.5874,42.3526,41.3961,42.1363,15.9979,8460911
2008-04-21,42.2195,42.2195,41.0135,41.2879,15.6758,8806641
2008-04-22,41.2297,41.4709,40.6225,40.9469,15.5464,8516177
2008-04-23,41.1299,41.1965,40.2649,41.0301,15.5779,10344841
2008-04-24,40.6225,41.0301,39.9655,40.8970,15.5274,12532573
2008-04-25,41.2547,42.1696,40.9303,41.7121,15.8369,14114357
2008-04-28,42.1031,42.9099,41.8203,42.3193,16.0674,0
2008-04-29,42.6936,42.9431,41.2713,41.7454,15.8495,0
2008-04-30,41.8036,41.9866,40.9968,41.5292,15.7674,0
2008-05-02,42.2611,42.2777,41.6373,41.8619,15.8937,11581396
2008-05-05,42.0032,42.3193,41.7953,42.0864,15.9790,3911230
2008-05-06,42.1363,42.3526,41.6872,41.9118,15.9127,6016435
2008-05-07,42.0947,43.5004,41.8702,43.1095,16.3674,13346103
2008-05-08,42.8350,43.5337,42.7601,43.3839,16.4716,7316883
2008-05-09,42.9930,43.1926,42.4025,43.0097,16.3295,7150997
2008-05-12,43.1344,43.6501,43.0512,43.1344,16.3769,4173336
2008-05-13,43.5253,43.6168,42.4607,43.1926,16.3990,6514504
2008-05-14,43.3008,43.4921,42.6187,42.8516,16.2695,6374658
2008-05-15,42.7102,43.2509,42.4940,42.8766,16.2790,6194203
2008-05-16,43.1677,43.7749,43.0097,43.3008,16.4400,9546527
2008-05-19,43.4255,44.0161,43.2675,43.9579,16.6895,5992740
2008-05-20,43.7083,44.2490,43.3340,43.5586,16.5379,8484715
2008-05-21,43.2509,43.3174,41.9367,42.3609,16.0832,12351143
2008-05-22,41.7288,42.1696,41.4543,41.9949,15.9442,7676195
2008-05-23,41.8036,41.9118,40.9968,41.1299,15.6158,7247912
2008-05-26,40.8887,41.1715,40.5144,40.6641,15.4390,4887244
2008-05-27,40.9220,41.0467,40.3398,40.6475,15.4327,8212398
2008-05-28,40.6225,41.2879,40.3065,40.8388,15.5053,9873306
2008-05-29,41.0883,41.4210,40.4396,40.7972,15.4895,6711040
2008-05-30,40.8721,41.0800,40.6558,40.6891,15.4485,7356367
2008-06-02,40.7556,40.7556,40.0653,40.3730,15.3285,7018042
2008-06-03,40.0902,40.3065,39.6827,39.9156,15.1548,10131097
2008-06-04,39.4747,39.6744,39.0256,39.5080,15.0000,11299799
2008-06-05,39.7159,39.9488,39.1004,39.3084,14.9242,10182434
2008-06-06,39.4581,39.6161,37.1043,37.4785,14.2295,22411362
2008-06-09,37.0710,37.3870,36.3890,37.0543,14.0685,13790935
2008-06-10,36.6634,37.6199,36.3224,37.2373,14.1379,13096273
2008-06-11,37.5534,37.8112,35.9481,36.2975,13.7811,15552389
2008-06-12,35.7651,36.6218,35.6071,36.3723,13.8095,11657125
2008-06-13,36.0978,36.5220,35.6820,36.4971,13.8569,9657757
2008-06-16,36.6385,36.8381,36.1394,36.3307,13.7937,8594061
2008-06-17,36.5220,38.2105,36.4389,37.4952,14.2358,20670309
2008-06-18,37.4286,37.6698,37.0294,37.2789,14.1537,10659099
2008-06-19,37.0211,37.2706,36.4472,36.8797,14.0021,10277997
2008-06-20,37.0876,37.5784,36.3141,36.9130,14.0148,25431546
2008-06-23,36.5553,36.7216,36.0063,36.2060,13.7463,10399975
2008-06-24,36.3058,36.3058,33.8438,34.8169,13.2190,23057410
2008-06-25,34.8669,35.5073,34.8169,35.3326,13.4148,11465846
2008-06-26,34.8585,34.9500,33.9270,34.1682,12.9727,16475041
2008-06-27,33.9436,34.1183,32.8124,33.1701,12.5937,18541323
2008-06-30,33.4113,33.4113,32.1470,32.6710,12.4042,17038428
2008-07-01,32.5130,32.6378,30.8994,31.7728,12.0632,17929479
2008-07-02,32.0223,32.1554,31.4484,31.7478,12.0537,13384775
2008-07-03,31.2072,32.1637,30.6499,32.1138,12.1927,13534211
2008-07-04,32.5629,32.6045,31.9058,31.9391,12.1263,9692067
2008-07-07,32.3217,32.5380,31.9557,32.3550,12.2842,7511006
2008-07-08,31.7312,32.3051,31.2737,32.2053,12.2274,13413025
2008-07-09,32.6461,33.1119,32.4382,32.7293,12.4263,12205067
2008-07-10,32.1387,32.3882,31.9058,32.2302,12.2369,11818120
2008-07-11,32.1969,32.2136,31.1988,31.2072,11.8484,12324636
2008-07-14,31.4567,31.9058,31.0824,31.2238,11.8548,9027609
2008-07-15,30.9410,31.0990,29.7932,30.2590,11.4884,19204609
2008-07-16,30.3588,31.5815,29.3607,31.1988,11.8453,19909543
2008-07-17,31.9641,33.4862,31.8310,32.9372,12.5053,18321598
2008-07-18,33.0204,34.7504,32.6378,34.1765,12.9758,17337930
2008-07-21,34.1931,34.8918,33.9353,34.6340,13.1495,7512212
2008-07-22,34.6340,34.6340,33.5610,34.1016,12.9474,10817484
2008-07-23,34.7670,35.6736,34.4759,35.3992,13.4400,13796409
2008-07-24,36.0563,36.4305,31.3236,31.9973,12.1484,56110996
2008-07-25,31.8642,32.6378,31.2321,32.3383,12.2779,16779140
2008-07-28,32.3217,32.3217,31.6147,31.8227,12.0821,7742895
2008-07-29,31.3985,32.3383,31.0408,31.9058,12.1137,11402931
2008-07-30,32.0223,32.3467,31.2820,31.6646,12.0221,11397664
2008-07-31,31.4816,31.6064,30.8079,31.0491,11.7884,12156680
2008-08-01,30.3588,30.8745,29.9845,30.4752,11.5706,11863841
2008-08-04,30.8661,31.7728,30.3588,30.7497,11.6748,14523483
2008-08-05,31.1905,32.4714,30.9992,32.2552,12.2463,15356451
2008-08-06,32.5879,33.3281,32.0306,33.2782,12.6348,12415716
2008-08-07,33.2657,33.9769,32.9538,33.4446,12.6979,8976389
2008-08-08,33.3863,34.9251,33.2034,34.7421,13.1906,14494089
2008-08-11,35.5572,36.0563,35.3493,35.5822,13.5095,14984718
2008-08-12,35.7651,36.9629,35.2994,36.0729,13.6958,13736263
2008-08-13,35.5988,35.7485,34.2098,34.3803,13.0532,11838527
2008-08-14,34.4343,34.6963,33.6858,34.4343,13.0737,8370582
2008-08-15,34.2763,34.9667,33.9145,34.5258,13.1085,7606776
2008-08-18,34.5757,34.6963,33.8105,34.1308,12.9585,5782335
2008-08-19,33.4529,33.6275,32.8665,32.9538,12.5116,9799826
2008-08-20,33.0620,33.3863,32.8041,33.2283,12.6158,6881045
2008-08-21,32.9788,34.3470,32.7293,33.0578,12.5511,13944397
2008-08-22,33.1867,34.1224,33.0453,33.7190,12.8021,7211926
2008-08-25,33.7939,34.2971,33.5984,33.8604,12.8558,5205961
2008-08-26,33.5943,34.0933,33.1950,33.8604,12.8558,5517388
2008-08-27,33.5277,33.6691,32.7501,33.3614,12.6663,9171694
2008-08-28,33.1202,33.9353,32.4049,33.6151,12.7627,10816679
2008-08-29,33.3947,33.4737,32.9372,33.1867,12.6000,10038795
2008-09-01,32.9372,33.9769,32.7126,33.7440,12.8116,6207927
2008-09-02,33.9686,36.1394,33.3739,35.4075,13.4432,16927013
2008-09-03,34.9750,35.8358,34.8253,35.4491,13.4590,8077825
2008-09-04,35.2827,35.3451,34.2680,34.4676,13.0863,11307206
2008-09-05,33.9062,34.0309,32.6378,33.0079,12.5321,16075014
2008-09-08,33.9977,34.3969,33.4279,33.5901,12.7532,11984329
2008-09-09,33.5776,34.5175,33.3655,33.7689,12.8211,9181286
2008-09-10,33.6982,34.4926,33.4446,33.9353,12.8842,8576701
2008-09-11,33.6442,33.9103,32.8124,33.6068,12.7595,9012427
2008-09-12,34.0018,34.0185,33.0578,33.8105,12.8369,7693535
2008-09-15,32.6045,33.0744,32.2302,32.3550,12.2842,17659458
2008-09-16,31.7145,32.8332,31.4234,32.1387,12.2021,16681917
2008-09-17,31.4900,32.1554,30.8911,31.1988,11.8453,15372515
2008-09-18,31.1739,31.6854,30.3671,30.7830,11.6874,15432990
2008-09-19,32.0971,33.3531,31.4858,32.8249,12.4627,24667760
2008-09-22,32.8956,33.0786,32.2302,32.4839,12.3332,9277770
2008-09-23,32.1055,32.4673,31.5648,32.2011,12.2258,9489910
2008-09-24,32.1055,32.4589,31.5232,31.8601,12.0963,7927439
2008-09-25,32.1055,33.1618,31.6355,32.8623,12.4769,9320069
2008-09-26,32.7709,32.7709,31.5607,32.0722,12.1769,11209254
2008-09-29,31.6230,32.1055,30.3588,30.6998,11.6558,13279285
2008-09-30,29.9429,30.2423,28.0299,29.4439,11.1790,20889049
2008-10-01,29.7350,29.7350,26.4163,26.9278,10.2237,27667119
2008-10-02,27.0318,27.2688,25.7010,25.9588,9.8558,20003374
2008-10-03,26.3664,26.7947,25.8341,26.4745,10.0516,11635461
2008-10-06,25.0356,25.3392,21.6254,22.6235,8.5895,28657425
2008-10-07,23.4802,24.1207,22.3158,22.7899,8.6527,23733315
2008-10-08,21.1597,24.1207,19.4712,20.6523,7.8411,34129212
2008-10-09,21.6254,22.3740,19.9079,20.4651,7.7700,20416956
2008-10-10,19.0470,19.8621,17.3253,18.7684,7.1258,33767006
2008-10-13,21.5423,21.8750,20.1740,21.7918,8.2737,24699512
2008-10-14,23.2889,24.3536,22.7233,23.4553,8.9053,20461719
2008-10-15,23.3721,23.5301,20.5358,21.1014,8.0116,17756385
2008-10-16,19.5461,21.2428,18.7018,19.5877,7.4369,19609389
2008-10-17,20.9600,21.6837,20.4943,21.3801,8.1174,21510839
2008-10-20,22.6235,22.8315,21.2803,22.0621,8.3763,11761358
2008-10-21,22.6818,22.8481,21.6920,21.7544,8.2595,11848358
2008-10-22,21.1555,21.5838,19.8455,20.0659,7.6184,15092796
2008-10-23,19.9786,20.4943,18.2569,19.8122,7.5221,21068311
2008-10-24,18.7143,18.8224,16.6349,18.6395,7.0769,24467153
2008-10-27,17.3835,17.6497,16.1442,16.9302,6.4279,19803008
2008-10-28,17.8826,18.0656,14.9008,16.0943,6.1105,29801499
2008-10-29,19.0844,19.8829,17.9741,19.5461,7.4211,26562040
2008-10-30,20.6190,22.2077,20.0534,21.6171,8.2074,25280835
2008-10-31,21.2179,22.7233,20.6273,22.2991,8.4663,16106356
2008-11-03,22.9230,23.0560,21.5672,22.3075,8.4695,9759436
2008-11-04,21.9332,23.5385,21.7252,23.3596,8.8690,13910415
2008-11-05,23.2058,23.4470,22.7067,22.9937,8.7300,8178095
2008-11-06,21.8750,22.3782,20.5650,20.7396,7.8742,13717593
2008-11-07,20.8977,21.7668,20.1283,21.2096,8.0527,10048355
2008-11-10,21.8001,22.4405,21.4632,21.4924,8.1600,5558112
2008-11-11,20.7604,21.1139,19.5793,19.6791,7.4716,9815728
2008-11-12,20.0534,20.1200,18.1321,18.7434,7.1163,11942576
2008-11-13,18.7143,19.7706,18.3400,19.1260,7.2616,9212906
2008-11-14,19.8039,20.2614,19.0470,19.3173,7.3342,9807819
2008-11-17,19.6292,20.4444,18.5480,18.8724,7.1653,9812123
2008-11-18,18.8391,19.5960,18.3400,19.3132,7.3326,7453251
2008-11-19,19.1551,19.5253,17.5623,17.7412,6.7358,11071110
2008-11-20,17.3752,17.4625,16.4686,17.0383,6.4690,11772000
2008-11-21,17.3336,18.2402,16.3106,16.8346,6.3916,12068120
2008-11-24,17.2172,20.0035,16.7597,19.7374,7.4937,14586887
2008-11-25,19.5045,21.3011,19.0470,20.1117,7.6358,11678948
2008-11-26,20.1283,21.8458,19.3797,20.5400,7.7984,12724309
2008-11-27,20.9850,21.8001,20.6273,21.2761,8.0779,8859947
2008-11-28,21.1222,21.3426,19.6292,20.5067,7.7858,9233126
2008-12-01,20.1449,20.3529,18.6727,19.0054,7.2158,8922443
2008-12-02,18.5480,20.0909,18.4232,19.6001,7.4416,8577209
2008-12-03,19.3631,19.9079,18.5272,19.6126,7.4463,8250792
2008-12-04,19.6126,20.7771,19.2092,19.7790,7.5095,8320810
2008-12-05,19.7207,19.7290,18.4315,18.6561,7.0832,10092036
2008-12-08,20.0534,20.9767,19.7582,20.4610,7.7684,11993713
2008-12-09,20.3986,22.0247,20.3778,21.3510,8.1063,10716109
2008-12-10,21.4632,22.1578,20.7105,21.5381,8.1774,7712701
2008-12-11,21.2096,21.2927,20.0950,20.8852,7.9295,7801775
2008-12-12,19.6376,20.2447,19.0637,20.0077,7.5963,14813098
2008-12-15,20.5151,20.6939,19.6584,19.8788,7.5474,6326758
2008-12-16,19.9204,20.5982,19.6168,20.2364,7.6832,6961961
2008-12-17,20.2946,20.8353,19.3880,20.7937,7.8948,10755137
2008-12-18,20.6814,21.3718,20.6814,21.3718,8.1142,9398585
2008-12-19,20.9184,22.2285,20.6814,21.6670,8.2263,19945337
2008-12-22,21.5672,21.8334,20.5941,20.6814,7.8521,7942301
2008-12-23,20.5026,21.1929,20.4028,20.7188,7.8663,5389932
2008-12-29,21.2096,21.6254,20.9600,21.3135,8.0921,5396630
2008-12-30,21.8334,22.2451,21.5423,22.2077,8.4316,4648471
2009-01-02,22.7067,23.1725,22.4489,23.0810,8.7632,4978363
2009-01-05,23.2058,23.2681,22.1078,22.1661,8.4158,6968870
2009-01-06,22.1494,23.3430,22.1494,22.9063,8.6969,5698373
2009-01-07,22.8731,23.6216,22.4114,22.8315,8.6684,6762446
2009-01-08,22.7483,23.0186,22.2409,22.5819,8.5737,5037988
2009-01-09,22.7483,23.4719,22.3158,22.6526,8.6005,6344418
2009-01-12,22.4572,22.8315,22.1661,22.3990,8.5042,4511707
2009-01-13,22.3823,22.5611,21.2511,21.6920,8.2358,7379542
2009-01-14,22.1411,22.1744,20.3529,20.6564,7.8426,11260633
2009-01-15,20.4859,20.4984,19.5086,19.7706,7.5063,8582507
2009-01-16,20.3362,20.6689,19.7706,19.9037,7.5569,7222157
2009-01-19,20.1283,20.5525,19.0678,19.3631,7.3516,5463728
2009-01-20,19.3173,20.0368,18.7684,18.9638,7.2000,7584790
2009-01-21,18.7975,19.3257,18.0448,18.8890,7.1716,8320140
2009-01-22,19.3548,19.6126,17.7245,17.8285,6.7690,9440574
2009-01-23,17.7162,17.8659,16.9261,17.3835,6.6000,9585280
2009-01-26,17.3835,18.0739,17.0924,17.7786,6.7500,7783824
2009-01-27,17.7287,18.3608,17.3627,18.3234,6.9569,8669454
2009-01-28,18.7434,19.9536,18.6270,19.5294,7.4148,9936577
2009-01-29,19.3797,19.7041,18.3733,18.7559,7.1211,8368045
2009-01-30,18.7310,19.0512,18.1487,18.2984,6.9474,8606537
2009-02-02,18.1570,18.1654,17.5166,17.7620,6.7437,6043022
2009-02-03,17.9657,18.0822,17.1423,17.9616,6.8195,9616426
2009-02-04,18.0572,19.6584,17.7744,19.1718,7.2790,10358020
2009-02-05,18.7060,18.9638,18.1321,18.8724,7.1653,8011103
2009-02-06,19.0054,20.7895,18.8474,20.4818,7.7763,11731828
2009-02-09,20.2281,21.6130,19.9911,21.4133,8.1300,8549985
2009-02-10,21.1014,21.1014,19.9120,19.9619,7.5790,10724524
2009-02-11,19.7831,20.6856,19.5627,20.5608,7.8063,7719298
2009-02-12,20.3279,20.3279,19.2841,19.7831,7.5111,8924236
2009-02-13,19.9453,20.6481,19.7956,20.0742,7.6216,6322125
2009-02-16,19.6292,20.3279,19.3049,19.5918,7.4384,5086539
2009-02-17,19.3714,19.7540,18.1446,18.8474,7.1558,16254616
2009-02-18,18.9347,19.0304,17.6455,18.1986,6.9095,10263374
2009-02-19,18.4482,18.6311,17.7828,18.2569,6.9316,6601345
2009-02-20,17.8160,17.8659,16.9884,17.0176,6.4611,10589264
2009-02-23,17.2588,17.6330,15.8115,16.0402,6.0900,9601206
2009-02-24,15.8032,15.9696,14.7136,15.4955,5.8832,12861171
2009-02-25,15.9696,16.4603,15.1711,15.3125,5.8137,9423414
2009-02-26,15.5412,15.9363,15.1544,15.7200,5.9684,8905849
2009-02-27,15.4705,15.6161,14.8009,14.9798,5.6874,10186333
2009-03-02,14.7510,15.2002,14.3061,14.5057,5.5074,10330785
2009-03-03,14.6887,15.1087,14.3061,14.8633,5.6432,9621621
2009-03-04,15.2210,16.3937,15.0629,16.3314,6.2005,12847072
2009-03-05,16.0070,16.3355,15.0962,15.0962,5.7316,9659459
2009-03-06,15.0214,16.1151,14.9715,15.4248,5.8563,10705086
2009-03-09,15.4705,15.5953,14.9049,15.4372,5.8611,9395587
2009-03-10,15.7949,17.6622,15.7741,17.4002,6.6063,15099020
2009-03-11,17.1590,18.5064,16.8429,17.7828,6.7516,13564092
2009-03-12,17.6330,18.3400,16.7680,18.2153,6.9158,10376950
2009-03-13,18.6311,18.7684,17.7786,17.9325,6.8084,8578098
2009-03-16,18.4149,18.9098,17.7661,18.3109,6.9521,6805137
2009-03-17,18.0281,18.0364,17.0508,17.7453,6.7374,10749947
2009-03-18,18.0988,18.2485,17.1506,17.5499,6.6632,7044647
2009-03-19,17.7578,18.7143,17.4750,18.0697,6.8605,11663149
2009-03-20,17.7620,18.0947,17.4002,17.7495,6.7390,14938430
2009-03-23,19.0886,19.2134,17.6913,18.0032,6.8353,17275783
2009-03-24,18.4315,18.5729,17.0924,17.3253,6.5779,15113714
2009-03-25,17.1922,17.6497,17.0009,17.1631,6.5163,10611196
2009-03-26,17.2172,17.4958,16.7805,16.9385,6.4311,13382167
2009-03-27,16.8304,17.6996,16.8304,17.3253,6.5779,19379703
2009-03-30,16.8346,16.8637,15.6618,15.7242,5.9700,14289890
2009-03-31,15.8781,16.0943,15.5537,15.8697,6.0253,14475018
2009-04-01,15.8032,16.5268,15.4705,16.0361,6.0884,19899600
2009-04-02,16.8013,18.7434,16.7805,18.5438,7.0405,31430004
2009-04-03,18.3816,20.6024,18.3151,19.6292,7.4526,25697480
2009-04-06,20.0867,20.3529,18.6727,19.0844,7.2458,14326323
2009-04-07,19.4213,19.7831,18.1986,18.8058,7.1400,12081631
2009-04-08,18.5480,20.4194,18.4981,20.2863,7.7021,17557553
2009-04-09,20.2530,20.5442,19.6667,20.3445,7.9596,10134473
2009-04-14,20.2530,20.8103,19.5793,20.5275,8.0312,9269813
2009-04-15,20.1158,20.7521,20.0035,20.7355,8.1126,6167226
2009-04-16,20.9767,21.5714,20.3445,21.0931,8.2525,8021669
2009-04-17,21.1597,22.3449,20.8561,22.1661,8.6723,14117080
2009-04-20,21.9290,22.1494,20.2156,20.4984,8.0199,10539147
2009-04-21,20.6107,20.7604,19.8289,20.5442,8.0377,9911081
2009-04-22,20.6357,21.7751,20.1574,21.7751,8.5194,9018333
2009-04-23,21.4424,22.6901,21.3302,21.9124,8.5731,11047727
2009-04-24,21.5714,22.8315,21.1763,22.6776,8.8724,9668756
2009-04-27,22.2077,23.1059,21.8084,22.7774,8.9115,8592945
2009-04-28,22.4156,22.7025,20.7937,21.9415,8.5844,19698383
2009-04-29,22.3740,22.7483,22.1328,22.6152,8.8480,10119287
2009-04-30,23.0727,23.4553,22.4572,22.5778,8.8334,10094776
2009-05-04,22.9313,23.2390,22.4821,22.9978,8.9977,5937474
2009-05-05,22.9146,23.7797,22.8980,23.2349,9.0905,7986282
2009-05-06,23.2349,24.1456,23.2265,23.4178,9.1621,8392116
2009-05-07,23.6882,24.1290,22.7483,23.0061,9.0010,9740207
2009-05-08,23.0519,23.4885,22.5404,23.0061,9.0010,7401889
2009-05-11,22.8980,23.0228,22.0538,22.2867,8.7195,7387568
2009-05-12,21.9581,22.5778,21.3011,21.7086,8.4933,9101053
2009-05-13,21.9581,22.0496,20.7771,20.8977,8.1761,9138084
2009-05-14,20.7937,21.0099,20.2946,20.9351,8.1907,7122464
2009-05-15,21.1264,21.1804,20.4360,20.8311,8.1500,7781679
2009-05-18,20.8353,21.5007,20.7563,21.1222,8.2639,10986481
2009-05-19,21.2096,22.1910,21.1888,21.5672,8.4380,15882729
2009-05-20,21.7086,22.3283,21.6629,22.1078,8.6495,9684370
2009-05-21,21.8500,22.0122,20.9642,21.0266,8.2265,7449701
2009-05-22,21.1888,21.3510,20.4360,20.7937,8.1354,7049285
2009-05-25,20.8353,20.8810,20.0202,20.6606,8.0833,3807353
2009-05-26,20.5026,21.6545,19.9453,21.4924,8.4087,9384939
2009-05-27,21.7252,22.1536,21.5963,21.8999,8.5682,8798020
2009-05-28,21.5423,21.7751,20.8270,21.2179,8.3013,7727766
2009-05-29,21.6421,21.8292,21.3343,21.5007,8.4120,8224771
2009-06-01,22.1370,23.4802,22.1328,23.3097,9.1198,10212839
2009-06-02,23.0020,23.7048,22.8855,23.2390,9.0921,8341001
2009-06-03,23.2889,23.3887,22.1411,22.4156,8.7699,6304239
2009-06-04,22.2950,23.0560,22.2201,22.7525,8.9017,7546473
2009-06-05,22.6651,23.4927,22.5237,23.0644,9.0238,7788337
2009-06-08,22.7067,22.8772,22.0538,22.2908,8.7211,7635081
2009-06-09,22.2908,22.4988,21.6338,21.9706,8.5958,7451594
2009-06-10,22.4114,22.9895,22.2908,22.5611,8.8269,6996844
2009-06-11,22.6235,23.3638,22.4988,23.1642,9.0628,5856603
2009-06-12,22.9978,23.7131,22.9978,23.1267,9.0482,7445842
2009-06-15,22.9313,23.0727,21.4175,21.6213,8.4592,10923424
2009-06-16,21.7336,21.7835,21.0058,21.4965,8.4103,7126224
2009-06-17,21.3426,21.5173,20.3570,20.7646,8.1240,10020925
2009-06-18,20.7937,21.1846,20.2364,20.8727,8.1663,9163252
2009-06-19,20.6440,20.8810,20.1824,20.3196,7.9499,19327279
2009-06-22,20.5026,20.7604,20.1865,20.2530,7.9239,11622603
2009-06-23,20.2905,21.2595,19.9869,20.8727,8.1663,10771946
2009-06-24,20.9600,21.5007,20.6440,21.3801,8.3648,6549932
2009-06-25,21.3343,21.3676,20.3861,21.1139,8.2607,5485810
2009-06-26,21.5215,21.8750,21.3218,21.4508,8.3925,7799883
2009-06-29,21.4508,22.0787,21.2927,21.8916,8.5649,4623808
2009-06-30,21.9997,22.0330,21.2927,21.4424,8.3892,4869844
2009-07-01,21.4424,22.1661,21.3842,21.9956,8.6056,4789165
2009-07-02,21.8583,21.9498,20.7771,20.7771,8.1289,7616356
2009-07-03,20.8270,21.0432,20.4693,20.7895,8.1337,4979576
2009-07-06,20.4610,20.5857,20.0493,20.4319,7.9938,5602989
2009-07-07,20.6024,21.0099,20.0451,20.1283,7.8750,6733930
2009-07-08,20.1200,20.2863,19.5585,19.6708,7.6961,7853661
2009-07-09,19.9786,20.4943,19.8996,20.1948,7.9011,6695855
2009-07-10,20.0950,20.6024,19.9245,20.1574,7.8864,5883102
2009-07-13,20.0534,21.4258,20.0368,21.3759,8.3632,8172862
2009-07-14,21.5007,22.2077,21.2262,21.9997,8.6072,7161177
2009-07-15,22.1661,23.2806,22.1078,23.1808,9.0693,11160643
2009-07-16,23.1642,23.8628,23.0394,23.6050,9.2353,8892039
2009-07-17,23.7048,24.2870,23.6757,24.0791,9.4208,8516362
2009-07-20,24.4367,24.9275,24.3037,24.7902,9.6990,8428781
2009-07-21,24.7195,25.3309,24.2454,25.2602,9.8829,9237175
2009-07-22,25.0356,25.2311,24.5615,24.9857,9.7755,7713270
2009-07-23,24.9483,25.8757,24.7195,25.7759,10.0846,8585935
2009-07-24,25.6594,26.7823,25.5596,26.0379,10.1871,9056201
2009-07-27,26.5327,26.5327,25.1021,25.4016,9.9382,8547303
2009-07-28,25.5263,25.7842,24.7861,25.0273,9.7917,6567997
2009-07-29,24.9524,26.6575,24.8027,26.1668,10.2376,14347209
2009-07-30,26.6201,26.9985,25.8050,26.5660,10.3938,7784681
2009-07-31,26.4496,27.3146,26.4496,27.0068,10.5662,8315419
2009-08-03,26.9486,28.1713,26.8322,27.9259,10.9258,10898601
2009-08-04,27.9467,28.2378,26.9361,28.1380,11.0088,7798947
2009-08-05,27.9883,28.2711,27.1066,27.2273,10.6525,7174398
2009-08-06,27.3479,27.7388,26.8488,27.1150,10.6085,4456114
2009-08-07,27.1150,28.1463,26.5244,27.9301,10.9274,6904625
2009-08-10,27.2397,27.3063,26.5868,26.8987,10.5239,6566344
2009-08-11,26.9902,27.3978,26.0171,26.2749,10.2799,6969307
2009-08-12,26.1169,26.6284,25.8632,26.4496,10.3482,4488773
2009-08-13,26.5826,27.2647,26.2832,26.9403,10.5402,5380151
2009-08-14,27.0734,27.3437,26.4579,26.6242,10.4165,4605265
2009-08-17,26.3248,26.5494,25.4681,25.7343,10.0683,6635800
2009-08-18,25.8216,26.1086,25.2851,25.8757,10.1237,4175022
2009-08-19,25.3849,25.8466,25.1271,25.6677,10.0423,4334235
2009-08-20,26.1543,26.7740,26.0670,26.6034,10.4084,4911728
2009-08-21,26.2832,27.4809,26.1585,27.4144,10.7257,8205821
2009-08-24,27.4477,27.7263,26.9278,27.1898,10.6378,4299470
2009-08-25,26.8239,27.6806,26.8239,27.3645,10.7061,4933660
2009-08-26,27.0401,27.6473,26.7989,26.9403,10.5402,4765482
2009-08-27,26.7823,27.1815,25.8258,26.2084,10.2538,5798574
2009-08-28,26.4912,26.8654,26.2583,26.5868,10.4019,5606436
2009-08-31,26.2458,26.3622,25.9006,26.2250,10.2603,3658315
2009-09-01,26.5494,26.6242,25.4764,25.4931,9.9740,6292724
2009-09-02,25.2019,25.4515,24.6364,25.0730,9.8096,7895127
2009-09-03,25.5846,25.7218,25.0314,25.1936,9.8568,7110441
2009-09-04,25.4972,26.7823,25.4515,26.4745,10.3580,10691467
2009-09-07,26.8072,27.3104,26.6575,27.0775,10.5939,5302409
2009-09-08,27.2397,27.5974,26.5327,26.7781,10.4767,5529430
2009-09-09,26.5910,27.7596,26.4496,27.7055,10.8396,9117691
2009-09-10,27.9717,28.1879,27.4144,27.7720,10.8656,7214596
2009-09-11,27.8635,28.1796,27.4477,27.8677,10.9030,4942431
2009-09-14,27.5308,27.8427,27.0692,27.7804,10.8689,5875160
2009-09-15,27.7804,27.8136,27.1690,27.5392,10.7745,6098467
2009-09-16,27.7970,28.7119,27.6556,28.3376,11.0869,8334232
2009-09-17,28.8616,28.8616,27.8802,28.1006,10.9941,7258976
2009-09-18,28.1547,28.3959,27.8136,27.8136,10.8819,21621421
2009-09-21,27.7471,27.9218,27.2480,27.4976,10.7582,5549122
2009-09-22,27.6223,28.5664,27.6015,28.4458,11.1292,6323282
2009-09-23,28.3210,28.6454,28.0382,28.2212,11.0413,6217467
2009-09-24,28.1089,28.8159,27.7513,28.0299,10.9665,7385692
2009-09-25,28.3210,28.6038,27.8677,27.9966,10.9535,5317765
2009-09-28,27.8635,28.6204,27.2855,28.6204,11.1975,6269659
2009-09-29,28.6953,28.7618,28.3792,28.5289,11.1617,4229840
2009-09-30,28.7119,28.8200,27.9301,28.6163,11.1959,9407005
2009-10-01,28.6953,28.8200,27.7804,27.7804,10.8689,8897434
2009-10-02,27.4061,28.1255,27.1649,27.2688,10.6687,8171339
2009-10-05,27.2148,27.3603,26.7823,27.1566,10.6248,6042460
2009-10-06,27.1981,28.0715,27.0817,28.0715,10.9828,7540889
2009-10-07,28.1089,28.3127,27.6140,27.8843,10.9095,4800781
2009-10-08,28.4874,28.7618,28.3293,28.7078,11.2317,8146524
2009-10-09,28.6537,29.1112,28.4915,28.8824,11.3000,8735417
2009-10-12,28.7785,29.0571,28.6495,28.9448,11.3244,8292175
2009-10-13,28.6953,28.9032,28.3210,28.6745,11.2187,5611150
2009-10-14,28.7785,29.2983,28.6204,29.1943,11.4221,13183903
2009-10-15,29.1112,29.4272,28.9614,29.1902,11.4204,9074664
2009-10-16,29.2359,30.2132,29.1195,29.2442,11.4416,12222105
2009-10-19,29.6185,31.4900,29.5686,31.2903,12.2421,16861307
2009-10-20,31.3569,31.5191,30.5334,30.7622,12.0355,10709243
2009-10-21,30.7081,31.1365,29.9637,30.9202,12.0973,8686399
2009-10-22,30.5667,30.8038,30.1508,30.5501,11.9525,6553402
2009-10-23,30.8828,31.3652,30.6582,30.6707,11.9997,5714931
2009-10-26,30.8994,31.0741,29.6809,29.8015,11.6596,6525795
2009-10-27,30.1093,30.1425,28.8200,29.1652,11.4107,10455644
2009-10-28,28.8159,28.9864,26.9153,27.6265,10.8087,17587846
2009-10-29,27.5225,28.9864,27.1607,28.7660,11.2545,11222324
2009-10-30,28.6163,29.2068,27.3645,27.5142,10.7647,9643307
2009-11-02,27.1981,27.7804,27.1649,27.4809,10.7517,7019788
2009-11-03,26.9070,27.1607,26.0753,26.2624,10.2750,11893114
2009-11-04,27.1898,27.4393,26.9403,27.0859,10.5971,9589479
2009-11-05,26.6825,27.3395,26.4537,27.1649,10.6280,8239969
2009-11-06,27.1150,28.0091,26.8613,27.6223,10.8070,8710288
2009-11-09,28.0299,28.3543,27.8012,28.2337,11.0462,5108756
2009-11-10,28.1255,28.7701,27.9758,28.1422,11.0104,7422492
2009-11-11,28.4416,28.8450,28.3626,28.6287,11.2008,5431712
2009-11-12,28.6287,28.9157,28.3460,28.3460,11.0901,5380912
2009-11-13,28.0715,28.6121,27.9550,28.5289,11.1617,6126264
2009-11-16,28.7909,30.0261,28.7909,29.7849,11.6531,11255505
2009-11-17,29.7641,29.9762,29.4106,29.4480,11.5213,5424896
2009-11-18,29.6518,30.2507,29.6019,29.9263,11.7084,6687457
2009-11-19,29.8181,29.9346,29.2692,29.3690,11.4904,5295095
2009-11-20,29.6227,29.7932,28.9448,29.0904,11.3814,7424503
2009-11-23,29.4439,29.9429,29.4439,29.6684,11.6075,4638216
2009-11-24,29.3191,30.0302,29.2401,29.4771,11.5327,5046678
2009-11-25,29.8597,30.0427,29.2900,29.7183,11.6271,5073509
2009-11-26,29.4231,29.5270,28.1255,28.3667,11.0983,10331260
2009-11-27,27.5308,28.9864,27.4643,28.7993,11.2675,8569282
2009-11-30,28.7369,29.0696,27.4186,28.0465,10.9730,8950686
2009-12-01,28.3626,29.2775,28.2753,29.1985,11.4237,6169744
2009-12-02,29.1112,29.7516,29.0571,29.2609,11.4481,6186865
2009-12-03,29.6185,30.0344,29.3773,29.4979,11.5408,5158610
2009-12-04,29.1819,30.2756,29.1278,29.8681,11.6856,5527480
2009-12-07,29.6643,30.4919,29.4688,30.2631,11.8402,5607402
2009-12-08,29.9845,30.5459,29.0987,29.4064,11.5050,6334914
2009-12-09,29.3191,29.6185,28.6953,28.9947,11.3440,4556128
2009-12-10,28.9864,29.2858,28.6537,29.1320,11.3977,4760152
2009-12-11,29.2359,29.6061,29.1112,29.2650,11.4497,5152521
2009-12-14,29.5270,30.0635,29.4896,29.9221,11.7068,5884778
2009-12-15,30.1508,30.3421,29.8847,30.2423,11.8321,5273082
2009-12-16,30.3588,31.0242,30.1758,30.8745,12.0794,5885419
2009-12-17,30.6707,30.8412,30.2049,30.5667,11.9590,5959308
2009-12-18,30.6707,31.1115,30.5459,30.5626,11.9574,13673531
2009-12-21,30.7164,30.9202,30.1758,30.7705,12.0387,4722369
2009-12-22,30.8329,31.1489,30.6499,31.0242,12.1380,3541738
2009-12-23,31.1739,31.5024,30.8495,31.1240,12.1770,2565789
2009-12-28,31.3486,31.4567,31.0283,31.3153,12.2519,1906180
2009-12-29,31.4401,31.5191,31.2404,31.3153,12.2519,2524989
2009-12-30,31.1988,31.3610,30.6832,30.9660,12.1152,1678546
2010-01-04,30.9743,31.2695,30.7414,31.2321,12.2193,4417005
2010-01-05,31.1905,31.2404,30.6665,30.9743,12.1184,4685893
2010-01-06,30.9327,31.0491,30.4586,30.9826,12.1217,4346902
2010-01-07,30.6499,30.7331,30.2340,30.5418,11.9492,7727686
2010-01-08,30.7081,30.8994,30.1425,30.7206,12.0192,5816450
2010-01-11,30.9327,31.3319,30.8121,30.9410,12.1054,5026976
2010-01-12,31.0574,31.1074,30.0760,30.1758,11.8061,6020881
2010-01-13,29.9429,30.2631,29.6144,30.0968,11.7751,5987956
2010-01-14,30.4420,30.9368,30.3297,30.8578,12.0729,7185287
2010-01-15,30.7747,30.9909,30.2049,30.3505,11.8744,7483027
2010-01-18,30.4212,30.9826,30.1508,30.8703,12.0778,3943211
2010-01-19,30.4835,30.6665,29.7183,30.5334,11.9460,8553798
2010-01-20,30.3130,30.3754,29.3856,29.6061,11.5831,6975881
2010-01-21,29.8597,30.0843,28.8492,28.9115,11.3114,7031873
2010-01-22,28.6121,28.8284,27.6764,28.4291,11.1227,10772837
2010-01-25,27.9134,28.3418,27.6265,27.8635,10.9014,7048017
2010-01-26,27.5683,28.2378,27.1981,28.1630,11.0185,7909179
2010-01-27,27.8261,27.9342,27.1191,27.3853,10.7143,10121164
2010-01-28,27.8843,28.1131,26.8821,26.8821,10.5174,8530357
2010-01-29,27.3229,28.2545,27.1940,27.8012,10.8770,9381738
2010-02-01,27.4477,28.0673,27.4102,27.9218,10.9242,5937804
2010-02-02,27.8760,28.1796,27.3811,28.0840,10.9876,6480997
2010-02-03,28.2461,29.0696,28.1921,28.5622,11.1747,11225516
2010-02-04,28.6911,28.8492,27.4560,27.5308,10.7712,8040789
2010-02-05,27.7055,27.7055,26.6242,26.8821,10.5174,11479798
2010-02-08,27.2730,27.8968,27.1108,27.7055,10.8396,9627443
2010-02-09,27.9218,28.1505,27.4310,27.7180,10.8444,6327449
2010-02-10,27.7970,28.3667,27.7305,27.9717,10.9437,6096862
2010-02-11,28.1630,28.1962,26.8322,27.2564,10.6638,8505875
2010-02-12,27.3894,27.6182,26.3997,26.9985,10.5630,9953549
2010-02-15,27.0734,27.5392,26.5161,26.6242,10.4165,4809511
2010-02-16,26.8239,27.1898,26.4662,27.1274,10.6134,6837162
2010-02-17,27.5350,27.8386,27.3645,27.4809,10.7517,7466415
2010-02-18,27.4851,27.7429,24.8900,26.1959,10.2489,37633309
2010-02-19,25.9505,26.8821,25.7010,26.8654,10.5109,15616289
2010-02-22,27.1150,27.1316,26.0878,26.1169,10.2180,8884034
2010-02-23,26.3539,26.5327,25.7842,25.9921,10.1692,8211088
2010-02-24,26.1585,26.1917,25.3101,25.7384,10.0700,10291275
2010-02-25,25.5762,25.9755,25.0398,25.2435,9.8763,8526172
2010-02-26,25.4140,25.8590,25.1687,25.5014,9.9772,6665114
2010-03-01,25.9089,26.2375,25.5638,26.0711,10.2001,5954218
2010-03-02,26.1169,26.6658,25.9838,26.4121,10.3336,5875083
2010-03-03,26.1876,26.8239,26.1293,26.5743,10.3970,6303886
2010-03-04,26.4038,26.8613,26.2583,26.5411,10.3840,6137694
2010-03-05,26.6242,27.5308,26.6201,27.4352,10.7338,8307973
2010-03-08,27.4227,27.6140,27.2231,27.4560,10.7419,5850737
2010-03-09,27.3645,27.4352,26.8239,27.2522,10.6622,5701795
2010-03-10,27.3063,27.6681,27.0983,27.5433,10.7761,4605151
2010-03-11,27.3520,27.9134,27.3437,27.6057,10.8005,4644075
2010-03-12,27.6140,27.9426,27.4726,27.8927,10.9128,6619016
2010-03-15,27.9883,28.1422,27.7055,27.7221,10.8461,5215917
2010-03-16,27.9467,28.4998,27.8760,28.3709,11.0999,6022912
2010-03-17,28.6911,28.7785,28.2212,28.5705,11.1780,6498048
2010-03-18,28.5705,28.9282,28.4208,28.8117,11.2724,6127508
2010-03-19,28.7785,29.0197,28.4998,28.5913,11.1861,15091837
2010-03-22,28.4416,28.7452,28.2129,28.6121,11.1943,6183317
2010-03-23,28.6870,28.8991,28.3667,28.6537,11.2105,5526158
2010-03-24,28.7369,28.8159,28.1006,28.6870,11.2236,6514359
2010-03-25,28.8034,29.2692,28.6953,29.1236,11.3944,7286396
2010-03-26,28.9906,29.3940,28.9323,29.0945,11.3830,5594493
2010-03-29,29.3357,29.5478,28.9864,29.0696,11.3733,5265106
2010-03-30,29.3482,29.4023,28.5622,28.7452,11.2463,5555404
2010-03-31,28.8866,29.1070,28.6371,28.9906,11.3423,5794333
2010-04-01,29.1777,29.5187,29.1611,29.4480,11.5213,5326645
2010-04-06,29.5437,29.8098,29.3233,29.5312,11.5539,6540119
2010-04-07,29.6061,29.8181,29.3440,29.4605,11.5262,5915008
2010-04-08,29.3565,29.4106,28.9365,29.2609,11.4481,4877122
2010-04-09,29.5270,29.6809,29.1985,29.4106,11.5067,4141127
2010-04-12,29.6767,29.7267,29.1902,29.4522,11.5229,3313919
2010-04-13,29.4688,29.9845,29.0945,29.9429,11.7149,8406294
2010-04-14,30.1508,30.5626,29.9429,30.5002,11.9330,8556837
2010-04-15,30.6083,30.6915,30.1009,30.5376,11.9476,6065674
2010-04-16,30.5542,31.0907,30.1924,30.3921,11.8907,13006659
2010-04-19,30.3505,30.5750,30.0427,30.1966,11.8142,5485820
2010-04-20,32.2718,32.6378,32.0056,32.4382,12.6912,21536473
2010-04-21,32.4881,32.6877,31.9225,31.9807,12.5122,9103037
2010-04-22,31.9890,32.4049,31.3735,31.4816,12.3170,10289186
2010-04-23,31.7811,32.5296,31.4525,32.3300,12.6489,8818560
2010-04-26,32.6544,32.8707,32.2302,32.8291,12.8441,6109069
2010-04-27,32.6544,33.1867,31.5482,31.5482,12.3430,11270719
2010-04-28,31.5357,31.7561,30.6249,31.4109,12.2893,11253951
2010-04-29,31.4816,32.4382,31.3402,32.2676,12.6245,10026080
2010-04-30,32.2718,32.6877,31.9142,32.2843,12.6310,8254337
2010-05-03,31.8642,32.2968,31.6688,32.1179,12.5659,4379169
2010-05-04,32.3300,32.3425,30.7747,31.0824,12.1608,10424839
2010-05-05,31.3735,31.3735,30.4461,30.7913,12.0469,10267829
2010-05-06,30.6416,31.3860,30.4669,30.7164,12.0176,11110267
2010-05-07,30.1508,30.7414,29.3607,29.8181,11.6661,17436644
2010-05-10,30.5667,31.6147,30.4669,31.6147,12.3690,13173302
2010-05-11,31.0533,32.2219,30.9161,32.1512,12.5789,8821219
2010-05-12,31.8975,33.4113,31.6646,33.0952,12.9483,11948347
2010-05-13,33.4362,34.5549,33.2865,34.4094,13.4624,9549715
2010-05-14,34.1016,34.4177,33.3905,33.7482,13.2037,12817235
2010-05-17,33.4446,34.5508,33.2782,34.1723,13.3697,8664919
2010-05-18,34.3678,34.8669,33.9977,34.8627,13.6398,8505891
2010-05-19,34.4343,34.8086,33.1410,33.4362,13.0817,14015849
2010-05-20,33.7689,33.8022,31.0824,31.9391,12.4959,15908368
2010-05-21,31.7312,32.3966,30.8661,32.2968,12.6359,14423365
2010-05-24,32.4382,32.5463,31.0949,32.0098,12.5236,5490735
2010-05-25,30.9909,31.2404,30.5002,30.9327,12.1022,8500915
2010-05-26,31.1905,32.3300,31.1905,31.8060,12.4439,8830980
2010-05-27,32.1055,33.4196,32.1055,33.2158,12.9954,8877496
2010-05-28,33.7274,33.8313,33.2283,33.5194,13.1142,7249439
2010-05-31,33.5610,34.1640,33.5277,34.1016,13.3420,3132623
2010-06-01,33.8937,34.4593,33.2865,34.0933,13.3388,7219108
2010-06-02,33.6858,34.0933,33.2491,33.9145,13.2688,5713537
2010-06-03,34.7255,34.9251,34.2056,34.3179,13.4266,6360351
2010-06-04,34.5591,34.6506,33.1618,33.5860,13.1403,7038857
2010-06-07,32.9746,33.7773,32.8914,33.3364,13.0426,5935657
2010-06-08,33.3947,33.6109,32.8291,33.4695,13.0947,6349429
2010-06-09,33.7648,34.9750,33.5860,34.8835,13.6479,9033239
2010-06-10,34.6963,36.3765,34.6340,35.9772,14.0758,10855201
2010-06-11,36.1311,36.4971,35.0498,35.5447,13.9066,8890262
2010-06-14,35.9315,36.0646,35.2453,35.3659,13.8366,6557404
2010-06-15,34.9334,35.5905,34.7005,35.2079,13.7748,6531202
2010-06-16,35.3118,35.4324,33.9145,34.2181,13.3876,10230184
2010-06-17,34.1016,35.2994,34.0559,35.1954,13.7699,7392947
2010-06-18,35.3285,36.0895,35.2245,35.8649,14.0319,13821534
2010-06-21,36.6551,37.2581,36.6177,37.0128,14.4810,5985920
2010-06-22,36.7216,37.0086,36.3765,36.9878,14.4712,5449291
2010-06-23,36.5303,37.1334,36.4181,36.5553,14.3020,5509631
2010-06-24,37.0044,37.1708,35.9731,36.1186,14.1311,6649589
2010-06-25,35.7485,35.7485,34.7171,34.9459,13.6723,8182101
2010-06-28,35.0498,36.0646,34.8169,35.9648,14.0709,5067052
2010-06-29,35.3493,35.5281,34.1599,34.3345,13.4331,6484192
2010-06-30,34.6173,35.3410,34.3678,34.8669,13.6414,6239649
2010-07-01,34.4884,34.7837,33.4155,33.6192,13.1533,7379863
2010-07-02,34.0185,34.5092,33.4155,33.5028,13.1077,4938626
2010-07-05,33.7398,33.9769,33.2283,33.2283,13.0003,3506490
2010-07-06,33.3947,34.8918,33.3947,34.2763,13.4103,5579925
2010-07-07,34.1016,34.9292,33.7398,34.8876,13.6495,5764301
2010-07-08,34.9417,35.2079,34.2222,34.5841,13.5308,6059834
2010-07-09,34.7670,34.9126,34.4260,34.6298,13.5486,4421733
2010-07-12,34.7670,34.8918,34.4177,34.5716,13.5259,3148241
2010-07-13,34.4343,36.4347,34.4343,36.4347,14.2548,8815193
2010-07-14,36.6260,36.9961,35.8192,36.2184,14.1702,5923823
2010-07-15,36.1561,36.8922,35.6154,35.9939,14.0823,6070065
2010-07-16,36.0895,37.1791,35.7111,35.8067,14.0091,10522984
2010-07-19,35.8026,35.9523,35.0997,35.4574,13.8724,4530628
2010-07-20,35.4740,35.6612,34.3512,34.4510,13.4787,6952137
2010-07-21,34.6256,34.9750,33.8688,34.0642,13.3274,5811481
2010-07-22,33.9270,35.3576,33.8979,35.1496,13.7520,5652579
2010-07-23,34.9583,35.6196,34.7171,35.3368,13.8252,4096581
2010-07-26,35.5489,35.9107,35.2328,35.8941,14.0433,3389795
2010-07-27,35.9149,36.0812,33.9436,34.3844,13.4527,11492625
2010-07-28,34.8502,34.9126,34.3262,34.4884,13.4933,5644618
2010-07-29,34.6007,35.0249,34.2098,34.4635,13.4836,5068424
2010-07-30,34.3636,34.6589,33.9311,34.4136,13.4640,4912610
2010-08-02,34.2181,34.5882,33.8022,34.4343,13.4722,6583415
2010-08-03,34.3803,35.0207,34.3803,34.9334,13.6674,6129507
2010-08-04,34.8502,35.0166,34.5009,34.6672,13.5633,5520009
2010-08-05,34.6256,35.3035,34.5674,35.0374,13.7081,5557866
2010-08-06,35.2910,35.5572,33.9686,34.0725,13.3306,5899648
2010-08-09,34.5383,34.9292,34.1807,34.9084,13.6577,3959843
2010-08-10,34.7587,34.7587,33.9686,34.2888,13.4152,4564541
2010-08-11,33.9810,34.0767,33.1992,33.4279,13.0784,5556654
2010-08-12,33.2824,33.6026,32.0472,32.4964,12.7140,9909706
2010-08-13,32.8374,33.1909,32.3467,32.5588,12.7384,5568117
2010-08-16,32.7792,33.3863,32.6295,33.2325,13.0020,5360984
2010-08-17,33.4820,34.1890,33.3780,34.1432,13.3583,6413934
2010-08-18,33.9894,34.1807,33.6858,33.7897,13.2200,4301525
2010-08-19,34.0767,34.2888,32.9788,33.1701,12.9775,6071705
2010-08-20,33.0245,33.2283,32.5213,32.6295,12.7660,5876405
2010-08-23,32.5879,32.8831,32.3550,32.5629,12.7400,3294132
2010-08-24,32.3882,32.4797,31.7436,32.1554,12.5805,4542114
2010-08-25,31.9848,32.2884,31.3070,31.8518,12.4618,5270721
2010-08-26,32.0223,32.1346,31.4858,31.6771,12.3934,4882664
2010-08-27,31.5981,31.9433,31.2779,31.9433,12.4976,5166814
2010-08-30,32.0639,32.2926,31.4151,31.7104,12.4064,2770409
2010-08-31,31.1905,31.9058,30.7955,31.9058,12.4829,6868875
2010-09-01,32.0223,33.6775,31.8559,33.6483,13.1647,9098171
2010-09-02,33.5153,34.4510,33.4529,34.1016,13.3420,6816507
2010-09-03,34.1516,35.1289,34.0517,34.6464,13.5552,7092217
2010-09-06,34.7047,34.8169,34.1640,34.3096,13.4234,3806245
2010-09-07,34.0933,34.4011,33.8105,34.3969,13.4575,4067634
2010-09-08,34.3096,34.9875,34.1973,34.9334,13.6674,4967590
2010-09-09,34.9251,35.8857,34.7629,35.8317,14.0189,6592535
2010-09-10,35.7651,36.6135,35.6487,36.4139,14.2467,6580038
2010-09-13,36.8547,37.1375,36.3141,36.3183,14.2092,6334045
2010-09-14,36.2392,36.7632,36.2184,36.7216,14.3671,6018372
2010-09-15,36.6717,37.0044,36.5511,36.6967,14.3573,6574465
2010-09-16,36.3474,36.7840,36.2808,36.6426,14.3362,5204381
2010-09-17,36.8464,37.2124,36.2767,36.9920,14.4728,14225428
2010-09-20,36.9920,37.8445,36.8880,37.8445,14.8064,6886076
2010-09-21,37.7405,38.1772,37.6490,37.9568,14.8503,7236709
2010-09-22,37.4328,37.5867,36.7882,37.3039,14.5949,6236356
2010-09-23,37.2914,37.5368,36.4181,36.8838,14.4305,4695856
2010-09-24,36.6593,38.3976,36.5969,38.3685,15.0114,6589421
2010-09-27,38.3602,38.8301,38.1356,38.6014,15.1025,4758063
2010-09-28,38.4683,38.7927,37.8861,38.4517,15.0439,5073940
2010-09-29,38.5764,38.9674,38.2645,38.4891,15.0586,4749011
2010-09-30,38.2437,39.5829,38.1564,38.6430,15.1188,6491424
2010-10-01,38.5265,38.9757,37.5201,37.8570,14.8113,6336607
2010-10-04,37.5867,37.5867,36.3141,36.4181,14.2483,7824735
2010-10-05,36.3806,37.3288,36.2559,37.1708,14.5428,5274350
2010-10-06,37.4702,37.5908,36.6260,36.7965,14.3964,6155594
2010-10-07,37.0128,37.8320,36.7591,37.7364,14.7641,5996178
2010-10-08,37.5950,37.9360,37.1167,37.7904,14.7852,4331620
2010-10-11,37.9651,38.5099,37.8029,38.1980,14.9447,3739226
2010-10-12,38.2770,39.6993,37.9776,39.4456,15.4328,8780082
2010-10-13,39.7575,40.0985,39.2751,39.8698,15.5988,6770291
2010-10-14,39.9239,39.9571,39.2335,39.4248,15.4247,4735338
2010-10-15,39.5080,40.0320,39.2418,39.6951,15.5304,6110098
2010-10-18,39.6245,40.0112,39.2876,39.7367,15.5467,3600660
2010-10-19,39.5080,39.7575,38.9757,39.1254,15.3075,4166646
2010-10-20,38.9258,39.8365,38.8842,39.7575,15.5548,3587662
2010-10-21,39.6411,40.8596,39.6369,40.7806,15.9551,5618874
2010-10-22,40.7265,41.1757,40.4520,41.0093,16.0446,4543327
2010-10-25,41.3378,41.6290,41.0634,41.3378,16.1731,4677337
2010-10-26,40.9386,41.2256,40.1734,40.5394,15.8607,5495757
2010-10-27,40.2566,40.8430,39.5330,39.6078,15.4963,5989998
2010-10-28,40.0071,40.7972,38.8759,39.0755,15.2880,11524472
2010-10-29,38.8967,39.6993,38.5515,39.4498,15.4344,5613119
2010-11-01,40.0071,40.2275,39.3708,39.6369,15.5076,3713888
2010-11-02,39.4415,40.4437,39.2793,40.2649,15.7533,4104408
2010-11-03,40.3398,40.8804,40.0112,40.2067,15.7306,4315066
2010-11-04,40.8388,41.7038,40.5893,41.5874,16.2707,5336149
2010-11-05,41.6539,41.9617,40.6350,40.7057,15.9258,6503797
2010-11-08,40.8222,40.8346,40.3564,40.7016,15.9242,3193238
2010-11-09,40.5227,41.8203,40.4687,41.6206,16.2838,4397499
2010-11-10,41.3836,41.5125,40.5061,40.9012,16.0023,4708668
2010-11-11,41.2214,41.3794,40.7390,41.2214,16.1276,3816826
2010-11-12,40.4229,41.7787,39.8573,41.4876,16.2317,5869066
2010-11-15,40.9677,42.7518,40.9677,42.3276,16.5604,5579863
2010-11-16,42.0032,42.3609,41.1465,41.1465,16.0983,4302803
2010-11-17,41.1341,41.3337,40.7390,40.9802,16.0332,3582603
2010-11-18,41.6206,42.3858,41.4210,42.2611,16.5343,5811873
2010-11-19,42.3193,42.4191,41.7371,42.2029,16.5116,5597008
2010-11-22,42.4108,42.9099,41.8452,42.0532,16.4530,4665085
2010-11-23,41.7205,42.6354,41.1798,41.1840,16.1129,5433397
2010-11-24,41.6872,43.2841,41.3628,43.2841,16.9346,6881056
2010-11-25,43.2509,43.7749,42.8516,43.1926,16.8988,4376577
2010-11-26,42.8100,43.1926,42.1280,42.8683,16.7719,3911556
2010-11-29,43.1926,43.3008,41.4127,41.4127,16.2024,6381864
2010-11-30,41.5874,42.3609,40.7598,41.4792,16.2284,7143920
2010-12-01,42.0116,43.2176,41.6622,43.2010,16.9020,6268872
2010-12-02,43.5004,44.6149,43.1511,44.4902,17.4064,7971313
2010-12-03,44.0826,45.5631,43.8165,44.8728,17.5561,7266075
2010-12-06,44.8728,45.0641,44.4153,44.5983,17.4487,3522333
2010-12-07,44.6482,45.2221,43.7582,45.0391,17.6212,5206593
2010-12-08,44.7813,44.9560,44.0577,44.2989,17.3316,4884305
2010-12-09,44.7896,45.0308,43.3756,44.3321,17.3446,8973685
2010-12-10,44.5318,45.6879,44.3737,45.6380,17.8555,5664462
2010-12-13,45.7461,45.7461,45.2637,45.5465,17.8197,3538548
2010-12-14,45.3302,45.6380,44.6815,45.0059,17.6082,3934889
2010-12-15,44.7563,45.0807,44.2240,44.8312,17.5399,4056119
2010-12-16,44.6732,45.3968,44.6732,45.2554,17.7058,3929597
2010-12-17,44.9726,45.3136,44.5567,44.6482,17.4683,11345075
2010-12-20,44.8146,45.3302,44.7314,44.8146,17.5334,3085739
2010-12-21,44.9310,45.6962,44.8728,45.4633,17.7872,3492047
2010-12-22,45.4966,45.7877,45.1888,45.1888,17.6798,2679040
2010-12-23,45.1639,45.3469,44.9476,44.9726,17.5952,2258696
2010-12-27,44.3321,44.4569,42.6603,42.8932,16.7816,4584610
2010-12-28,42.9764,43.1178,42.4358,42.8350,16.7589,2927497
2010-12-29,42.8350,42.9348,42.6104,42.6853,16.7003,2468956
2010-12-30,42.8350,43.0013,42.0947,42.1945,16.5083,2353810
2011-01-03,42.3359,43.2841,42.2112,43.0097,16.8272,3724212
2011-01-04,43.0429,43.5420,42.4358,43.2425,16.9183,3643353
2011-01-05,42.9265,44.9310,42.6936,44.5817,17.4422,8332321
2011-01-06,44.4985,46.1038,44.3571,45.4134,17.7677,6521668
2011-01-07,45.3386,46.4198,45.1057,45.3552,17.7449,5984000
2011-01-10,45.1223,45.8626,44.7730,44.8395,17.5431,4748752
2011-01-11,44.8312,45.9374,44.5318,45.7212,17.8881,5441098
2011-01-12,45.9125,46.5113,45.4799,45.6463,17.8588,5725522
2011-01-13,45.6213,45.8792,45.1306,45.7212,17.8881,4621765
2011-01-14,45.3386,47.0686,45.1639,46.5363,18.2070,8499418
2011-01-17,46.4531,47.3930,46.3866,47.3181,18.5129,4462929
2011-01-18,47.8837,49.1480,47.8504,48.6240,19.0238,8173727
2011-01-19,48.5990,48.6988,47.4096,47.4761,18.5747,5605016
2011-01-20,47.4761,47.4928,45.3469,46.0539,18.0182,7603365
2011-01-21,46.3699,46.9688,45.5215,45.5631,17.8262,8421551
2011-01-24,45.6463,45.7877,44.3904,45.3469,17.7416,5531627
2011-01-25,45.2887,46.7276,45.0059,45.9208,17.9662,5196841
2011-01-26,46.1537,47.0353,46.0871,46.8024,18.3111,4828435
2011-01-27,46.6860,47.5344,46.2701,46.4947,18.1907,5652323
2011-01-28,46.8607,46.9937,45.4550,45.5798,17.8327,5140113
2011-01-31,45.1805,45.2138,43.9994,44.4319,17.3837,7219804
2011-02-01,44.9144,45.0641,44.1159,44.3321,17.3446,6068769
2011-02-02,45.0890,45.3302,43.4255,43.6667,17.0843,9050340
2011-02-03,43.7333,44.1325,42.6271,44.0909,17.2502,8019800
2011-02-04,44.1575,44.4735,43.4588,43.8248,17.1461,5145336
2011-02-07,43.7998,44.7979,43.5836,44.5983,17.4487,4887559
2011-02-08,44.9144,46.1453,44.7480,45.9790,17.9889,7363744
2011-02-09,45.9374,46.3949,45.4633,45.7711,17.9076,4280895
2011-02-10,45.7877,46.2701,45.3718,46.1453,18.0540,4667408
2011-02-11,46.0289,47.2349,45.6297,47.0020,18.3892,5658914
2011-02-14,47.4928,47.5926,47.0104,47.0520,18.4087,3748761
2011-02-15,46.9189,47.2349,46.3782,46.5612,18.2167,3835527
2011-02-16,46.5945,47.0353,44.5234,44.5318,17.4227,18172685
2011-02-17,44.9560,45.2471,43.2010,44.0577,17.2372,13371104
2011-02-18,44.1242,44.2406,43.2925,43.7749,17.1266,7424255
2011-02-21,43.7915,44.5401,43.2509,43.4339,16.9932,5691410
2011-02-22,43.2509,44.4153,43.1677,44.1242,17.2633,6908726
2011-02-23,44.1824,44.1824,42.5522,42.6603,16.6905,6995963
2011-02-24,42.2361,42.5023,41.2921,41.9949,16.4302,9488128
2011-02-25,42.4191,42.8350,42.2195,42.4773,16.6189,6393147
2011-02-28,42.5023,42.7768,42.1280,42.4607,16.6124,5593606
2011-03-01,42.8849,43.6501,42.1446,42.4358,16.6027,8330288
2011-03-02,41.8785,41.9617,40.6392,41.2547,16.1406,10521081
2011-03-03,41.7121,41.8535,40.7556,40.9053,16.0039,7522792
2011-03-04,41.1715,41.6123,39.7658,40.1193,15.6964,10067846
2011-03-07,39.5080,40.9885,38.9674,40.4188,15.8135,8110144
2011-03-08,40.6558,41.5333,40.3398,40.9636,16.0267,7956400
2011-03-09,41.2547,41.8785,41.0467,41.4377,16.2122,5986954
2011-03-10,41.0883,41.3586,40.3855,40.5103,15.8493,6586478
2011-03-11,40.1318,40.6225,39.5829,39.7492,15.5516,6901870
2011-03-14,38.9258,39.8033,38.8426,39.2377,15.3514,6842288
2011-03-15,37.6366,38.0441,36.2268,37.6615,14.7348,17510334
2011-03-16,38.1356,38.4351,36.7924,36.9088,14.4403,10544303
2011-03-17,37.0959,38.0899,36.9296,37.3247,14.6030,10029730
2011-03-18,37.7197,38.9258,37.3954,38.1772,14.9365,16320347
2011-03-21,38.9258,39.0713,38.3519,38.9757,15.2489,8021659
2011-03-22,39.0090,39.0464,38.4600,38.6471,15.1204,5630775
2011-03-23,38.3560,39.3832,38.2604,39.3832,15.4084,6436034
2011-03-24,39.2668,40.9885,39.1420,40.7681,15.9502,8168054
2011-03-25,41.3004,41.3295,40.4354,40.7515,15.9437,4972385
2011-03-28,40.5602,40.6517,39.7658,40.1484,15.7078,6699143
2011-03-29,40.3398,40.5976,39.6494,40.2150,15.7338,4411726
2011-03-30,40.7639,41.4501,40.5560,41.4501,16.2170,7999135
2011-03-31,41.4751,41.7454,41.1798,41.4626,16.2219,6309845
2011-04-01,41.8452,42.9847,41.6290,42.9099,16.7882,8175251
2011-04-04,43.0845,43.2425,42.8516,42.8849,16.7784,4846749
2011-04-05,43.0013,43.6002,42.9182,43.6002,17.0582,6289572
2011-04-06,43.7915,44.0577,43.6584,43.7499,17.1168,6711993
2011-04-07,43.7250,43.9495,43.3091,43.3839,16.9736,7358625
2011-04-08,43.6667,43.8081,43.0928,43.2841,16.9346,7220298
2011-04-11,42.6021,42.6271,41.8119,42.1280,16.4823,9988333
2011-04-12,41.7205,42.1530,41.4293,41.9783,16.4237,33571148
2011-04-13,42.2445,42.5938,41.9201,42.5023,16.6287,35904104
2011-04-14,41.3378,41.7787,41.1341,41.4127,16.9397,9021743
2011-04-15,41.5874,41.7870,41.0634,41.1465,16.8309,17065134
2011-04-18,41.0135,41.5084,40.2275,40.4437,16.5434,6361463
2011-04-19,40.6309,41.2963,40.5893,40.8222,16.6982,5156910
2011-04-20,41.4210,42.7601,41.4210,42.5189,17.3922,7292039
2011-04-21,42.8350,42.8516,42.0864,42.6686,17.4535,4526191
2011-04-26,42.4524,43.3340,42.3027,43.2176,17.6780,3836065
2011-04-27,43.3756,44.6565,43.3008,43.8996,17.9570,6003902
2011-04-28,44.4569,44.4902,43.4255,44.1575,18.0625,5639776
2011-04-29,43.5836,43.7915,43.0263,43.4089,17.7563,6802820
2011-05-02,43.5004,44.1076,43.4505,43.6751,17.8652,4596268
2011-05-03,43.4172,43.4422,42.4441,42.9598,17.5726,7121857
2011-05-04,42.3359,43.6002,42.0116,42.2029,17.2630,8060843
2011-05-05,42.3359,42.4773,41.0883,42.1280,17.2323,6144489
2011-05-06,42.0781,43.0845,41.7038,42.6936,17.4637,7911709
2011-05-09,42.3942,42.7768,41.7787,42.1696,17.2493,5625118
2011-05-10,42.1862,42.9847,42.1446,42.4441,17.3616,3929418
2011-05-11,42.5855,42.8267,42.0448,42.2528,17.2834,3468591
2011-05-12,41.8036,42.3359,41.5541,42.3193,17.3106,4509385
2011-05-13,42.6104,42.7934,41.9284,42.0532,17.2017,4173071
2011-05-16,41.6290,41.7870,41.0135,41.6622,17.0418,4957000
2011-05-17,41.5042,41.5042,40.6932,40.8554,16.7118,5096681
2011-05-18,41.0966,41.3171,40.7806,40.9927,16.7679,3249733
2011-05-19,41.1507,41.9450,41.0259,41.3462,16.9125,4629635
2011-05-20,41.5458,41.7038,40.2815,40.6309,16.6199,7439090
2011-05-23,39.7159,40.0320,39.2335,39.4165,16.1232,6703051
2011-05-24,39.2127,40.3398,39.2127,39.8407,16.2967,7531487
2011-05-25,39.3500,40.2191,39.0963,40.0902,16.3988,5680872
2011-05-26,40.3980,40.6142,39.5537,39.8199,16.2882,5346551
2011-05-27,40.2025,40.4479,39.5745,39.9904,16.3580,4387035
2011-05-30,40.0902,40.4396,39.8657,39.9738,16.3512,1827127
2011-05-31,40.2982,41.2755,40.2982,40.8430,16.7067,6278029
2011-06-01,40.9220,41.0384,40.0778,40.3481,16.5043,4429176
2011-06-02,39.9239,39.9779,39.3375,39.3624,16.1011,4885246
2011-06-03,39.5870,39.9571,38.9424,39.5662,16.1844,5785830
2011-06-06,39.3999,39.7367,39.0797,39.2585,16.0586,3856573
2011-06-07,39.1836,39.6536,38.8551,39.1753,16.0245,4497102
2011-06-08,38.8426,39.3957,38.5224,39.3749,16.1062,6147406
2011-06-09,39.3749,39.8324,38.9258,39.4498,16.1368,7425342
2011-06-10,39.5662,39.6494,38.5265,38.7470,15.8493,6511669
2011-06-13,38.9008,39.0048,38.2770,38.7844,15.8646,3006131
2011-06-14,39.0921,39.4955,38.9424,39.2169,16.0416,5069090
2011-06-15,39.0921,39.4165,38.5182,38.7844,15.8646,5995651
2011-06-16,38.4683,39.0672,38.0150,39.0672,15.9803,7215092
2011-06-17,38.9882,39.8407,38.4475,39.3749,16.1062,12573696
2011-06-20,39.0298,39.5704,38.7095,39.5579,16.1810,4642959
2011-06-21,39.9239,40.5602,39.6910,40.3897,16.5213,7765026
2011-06-22,40.5934,40.9552,40.2815,40.6808,16.6403,5682570
2011-06-23,40.6808,40.9137,40.2316,40.5518,16.5876,5326916
2011-06-24,41.1549,41.8369,40.5976,40.7723,16.6778,8387878
2011-06-27,40.7723,41.3004,40.4146,40.9552,16.7526,3913418
2011-06-28,41.2131,42.2112,40.9636,41.9118,17.1439,7145599
2011-06-29,42.3443,42.9431,42.2029,42.7019,17.4671,7528133
2011-06-30,42.8433,43.1926,42.3443,43.1677,17.6576,4968722
2011-07-01,43.1677,43.3673,42.6686,42.9099,17.5521,4994773
2011-07-04,42.9431,43.5420,42.7435,43.5420,17.8107,3695776
2011-07-05,43.4089,44.1658,43.3756,43.9246,17.9672,6199771
2011-07-06,43.9163,44.2739,43.3839,44.0577,18.0217,4905912
2011-07-07,44.2490,44.5900,43.7749,43.7749,17.9060,5499878
2011-07-08,43.9495,44.5567,43.3257,43.5752,17.8243,6242756
2011-07-11,42.7518,43.2758,42.0698,42.4191,17.3514,6117330
2011-07-12,41.7537,43.2010,40.8388,42.9847,17.5828,10353203
2011-07-13,42.9764,44.4319,42.9431,44.2240,18.0897,6799771
2011-07-14,43.9079,44.7813,43.8331,44.2989,18.1203,5147071
2011-07-15,44.0577,44.8728,43.8331,44.3072,18.1237,7551782
2011-07-18,43.9828,44.0743,42.8100,42.8350,17.5215,5787456
2011-07-19,43.2675,43.8830,43.1677,43.5836,17.8277,4099262
2011-07-20,43.8747,44.1159,43.1261,43.6252,17.8447,4118146
2011-07-21,43.7998,43.9079,42.4274,43.4588,17.7767,5771302
2011-07-22,43.9994,44.0826,43.1677,43.6418,17.8515,4082575
2011-07-25,43.2176,44.3737,43.1344,44.1159,18.0455,4573794
2011-07-26,44.1242,44.2074,43.0097,43.0928,17.6270,5402371
2011-07-27,42.5439,43.2925,42.0032,42.4441,17.3616,7167019
2011-07-28,42.2694,42.8184,41.7038,42.4773,17.3752,5084506
2011-07-29,41.8369,42.6271,41.5541,42.1363,17.2357,5397668
2011-08-01,42.8516,43.0928,40.4229,40.7598,16.6727,6951267
2011-08-02,40.3481,40.6766,38.9549,39.4373,16.1317,8986005
2011-08-03,38.5099,39.2252,37.0627,37.7031,15.4223,13189111
2011-08-04,38.6596,38.6596,36.3058,36.4804,14.9222,11816712
2011-08-05,35.0997,36.6302,34.5549,34.9084,14.2792,17302890
2011-08-08,34.2680,35.4366,32.0597,32.4465,13.2721,17694147
2011-08-09,32.3383,33.5776,29.7516,32.3383,13.2279,21629661
2011-08-10,33.6858,33.6858,30.0344,30.5002,12.4760,18373532
2011-08-11,31.3943,31.6646,29.3440,31.3111,12.8077,15314189
2011-08-12,31.3860,32.6918,30.4586,32.3342,13.2262,9544745
2011-08-15,32.8748,33.1493,31.7145,31.9516,13.0697,7392979
2011-08-16,31.5274,31.7728,30.2631,31.6646,12.9523,9216091
2011-08-17,31.3735,32.0888,30.9743,31.6064,12.9285,6277601
2011-08-18,31.1905,31.2945,29.2151,29.6601,12.1324,12782436
2011-08-19,29.6435,29.8015,27.6722,28.8907,11.8177,16586235
2011-08-22,28.3709,29.0862,28.0798,28.2461,11.5540,8342261
2011-08-23,28.6953,29.2775,28.0507,28.4998,11.6578,8259978
2011-08-24,28.9365,30.5542,28.5040,29.9845,12.2651,11516067
2011-08-25,30.5501,30.9992,28.9365,29.7350,12.1630,10911380
2011-08-26,29.6352,29.8597,28.7286,29.6019,12.1086,8334942
2011-08-29,30.1259,30.5043,29.6601,30.1134,12.3178,3957700
2011-08-30,30.5626,30.7081,29.6061,30.0885,12.3076,5500170
2011-08-31,30.2465,31.7062,30.0386,31.3319,12.8162,9890057
2011-09-01,31.4109,31.5107,29.9512,30.7040,12.5594,9878230
2011-09-02,30.1259,30.1841,29.0321,29.4938,12.0643,8155796
2011-09-05,28.7535,29.1611,27.4061,27.5683,11.2767,9572452
2011-09-06,27.6015,28.0715,26.7199,26.9112,11.0079,10300954
2011-09-07,28.2794,28.6371,27.8552,28.4998,11.6578,8295012
2011-09-08,28.5664,28.7535,27.4809,27.9592,11.4366,8432099
2011-09-09,27.9218,28.2794,26.7365,26.9153,11.0096,9358501
2011-09-12,26.1377,26.6949,25.7218,26.4288,10.8106,10738270
2011-09-13,27.2730,27.2771,25.8424,26.9694,11.0318,9860947
2011-09-14,26.6409,28.6204,26.6076,28.4874,11.6527,10592223
2011-09-15,28.9656,29.8181,28.7036,29.2900,11.9810,9843713
2011-09-16,29.8597,30.6499,29.5104,30.2714,12.3824,22528105
2011-09-19,29.6684,30.4586,29.1278,29.4439,12.0439,6901341
2011-09-20,29.1943,30.6000,28.9989,30.5958,12.5151,6502219
2011-09-21,30.5168,30.5210,29.3690,29.4439,12.0439,7219920
2011-09-22,28.3626,28.4125,26.9029,27.2273,11.1372,13015121
2011-09-23,27.6514,27.7346,25.7883,26.9528,11.0250,10781302
2011-09-26,26.4537,27.5017,26.1293,26.7365,10.9365,10776393
2011-09-27,28.0299,28.6787,27.7221,28.6537,11.7207,10567239
2011-09-28,28.4000,29.4355,28.0548,28.6329,11.7122,6833743
2011-09-29,28.4125,29.4397,28.2129,28.9656,11.8483,6300622
2011-09-30,28.6287,28.6953,27.3853,27.9717,11.4417,9690330
2011-10-04,26.8779,27.0567,25.3808,25.7551,10.5350,11576902
2011-10-05,26.3581,27.1940,25.8008,27.1191,11.0930,8476575
2011-10-06,27.5142,28.1671,26.8031,27.9051,11.4145,9639934
2011-10-07,27.9467,28.8200,27.6223,28.2628,11.5608,7055639
2011-10-10,28.5913,29.6934,27.3229,29.4189,12.0337,7330517
2011-10-11,29.1278,29.8265,28.7868,29.8181,12.1970,6113208
2011-10-12,29.7599,31.8227,29.4439,31.4816,12.8775,11162572
2011-10-13,31.3111,31.7312,30.5750,30.9119,12.6444,8826082
2011-10-14,31.1157,31.9142,30.6915,31.4567,12.8673,7203052
2011-10-17,31.9391,32.4174,29.9554,30.3671,12.4216,8133003
2011-10-18,29.7766,30.4420,29.1278,30.3505,12.4148,8343074
2011-10-19,30.6499,31.0242,29.7641,30.0427,12.2889,5240983
2011-10-20,29.3773,30.0594,28.9864,29.0987,11.9027,9099053
2011-10-21,29.2526,30.6748,29.1819,30.5418,12.4930,7977731
2011-10-24,30.8869,31.3569,30.2215,31.0283,12.6921,6007057
2011-10-25,30.8412,32.1762,30.6624,31.3985,12.8434,8906420
2011-10-26,31.4401,32.4298,31.0782,31.5191,12.8928,7650487
2011-10-27,32.6461,33.1451,31.6771,32.4964,13.2925,14083126
2011-10-28,32.6877,32.6877,31.6064,32.6045,13.3368,9008576
2011-10-31,32.3882,32.5421,30.7040,30.7747,12.5883,8115101
2011-11-01,29.5437,29.6102,28.4874,28.9531,11.8432,12695302
2011-11-02,29.3607,29.5603,28.5664,29.4605,12.0507,7223530
2011-11-03,28.7909,30.7331,28.6121,30.2631,12.3790,10875832
2011-11-04,30.5792,30.5792,28.8783,29.1028,11.9044,7432269
2011-11-07,28.7660,29.4563,28.2253,28.7618,11.7649,6665815
2011-11-08,28.8533,29.5021,28.3376,28.5040,11.6595,6185170
2011-11-09,29.0405,29.1527,27.3354,27.9509,11.4332,10235913
2011-11-10,27.0318,28.2046,27.0318,27.6473,11.3090,9355310
2011-11-11,27.7887,28.3875,27.2688,28.3168,11.5829,7929607
2011-11-14,28.5289,28.6703,27.5724,27.9966,11.4519,5340643
2011-11-15,27.6681,27.9426,26.9777,27.0360,11.0590,9155049
2011-11-16,26.8779,27.6847,26.4828,26.8072,10.9654,8820976
2011-11-17,26.5327,26.8322,26.1793,26.3290,10.7698,9317021
2011-11-18,26.1293,26.6492,25.9214,26.2999,10.7579,6839777
2011-11-21,26.2416,26.2583,25.1229,25.2810,10.3411,7778328
2011-11-22,25.6428,25.8466,24.7570,24.8277,10.1557,7815529
2011-11-23,24.5366,24.9940,24.2413,24.2496,9.9192,10425736
2011-11-24,24.6197,25.1936,24.2662,24.4866,10.0162,6761832
2011-11-25,24.6072,25.0356,24.1332,24.7778,10.1353,5295151
2011-11-28,25.3267,26.8821,25.0730,26.7324,10.9348,10530755
2011-11-29,26.3664,26.7532,25.9089,26.5161,10.8463,7569908
2011-11-30,26.1252,28.2711,25.8965,27.9550,11.4349,12900594
2011-12-01,27.8511,28.3376,27.4643,27.7388,11.3465,7016314
2011-12-02,28.2545,28.9199,28.1339,28.2212,11.5438,8129176
2011-12-05,28.6080,29.0737,28.2212,28.9115,11.8262,7295425
2011-12-06,28.4832,29.0030,28.2877,28.5331,11.6714,5444942
2011-12-07,28.9698,29.1860,27.8178,28.2960,11.5744,6009429
2011-12-08,28.5497,28.7452,27.0859,27.2938,11.1644,8337187
2011-12-09,27.0318,28.5830,26.9569,28.4125,11.6220,8094401
2011-12-12,28.2669,28.2794,27.2980,27.4976,11.2478,6852844
2011-12-13,27.6514,27.9800,26.7989,27.1607,11.1100,7098272
2011-12-14,26.9569,27.2356,26.3290,26.3290,10.7698,7502737
2011-12-15,26.6076,27.0567,26.3830,26.7490,10.9416,7000532
2011-12-16,26.9569,26.9569,26.3706,26.4288,10.8106,15495492
2011-12-19,26.2416,27.0152,25.8673,26.0711,10.6643,5839230
2011-12-20,26.1377,27.6473,25.9505,27.6057,11.2920,8070070
2011-12-21,28.0590,28.6620,27.8427,28.0548,11.4757,7105587
2011-12-22,28.1921,28.5289,28.1255,28.3917,11.6135,4625746
2011-12-23,28.6787,28.8076,28.4208,28.6038,11.7003,3091618
2011-12-27,28.7452,28.8866,28.5788,28.6246,11.7088,1784428
2011-12-28,28.7119,28.7369,27.4102,27.5059,11.2512,4419756
2011-12-29,27.6348,27.8802,27.3728,27.8802,11.4043,3267008
2011-12-30,27.8635,28.2170,27.5599,28.2129,11.5404,2854902
2012-01-02,28.2129,29.4147,28.2129,29.4147,12.0320,5342994
2012-01-03,29.8847,30.6000,29.7849,30.5002,12.4760,7669522
2012-01-04,30.2631,30.5085,29.9595,30.2465,12.3722,4823739
2012-01-05,30.3588,30.9285,30.1217,30.6832,12.5509,7406550
2012-01-06,30.7663,30.9826,30.0386,30.3338,12.4080,5826257
2012-01-09,30.3921,31.0658,30.2590,30.5501,12.4964,6208823
2012-01-10,31.0658,32.0847,30.8287,31.8227,13.0170,8360416
2012-01-11,31.7395,31.9266,31.2903,31.7852,13.0017,5815166
2012-01-12,31.7353,32.5130,31.6147,31.7478,12.9863,5941531
2012-01-13,32.1470,32.3092,30.8661,31.5815,12.9183,7147662
2012-01-16,31.8060,32.8956,31.6106,32.7251,13.3861,7589303
2012-01-17,33.6442,34.1391,33.5444,33.9727,13.8964,10961021
2012-01-18,34.0185,34.4842,33.4362,34.4052,14.0734,8416215
2012-01-19,34.5757,34.6631,33.8729,34.4676,14.0989,7932381
2012-01-20,34.4385,35.1455,33.7523,34.8960,14.2741,10555309
2012-01-23,34.9625,35.5489,34.5425,34.6714,14.1822,7591189
2012-01-24,34.5092,34.7629,33.9270,34.4260,14.0819,5972834
2012-01-25,34.5175,34.9833,33.9395,34.9084,14.2792,6429581
2012-01-26,35.0997,36.2392,34.8003,36.0812,14.7589,7707398
2012-01-27,35.7859,36.4222,35.2578,35.5156,14.5276,6765967
2012-01-30,35.0083,35.4740,34.7421,35.2203,14.4068,5539089
2012-01-31,35.4158,36.0646,35.0956,35.1372,14.3728,6145183
2012-02-01,35.2786,36.5595,35.2203,36.4721,14.9188,7857212
2012-02-02,36.7216,36.8880,35.9564,36.6759,15.0022,6276079
2012-02-03,36.6967,37.8237,36.5428,37.8071,15.4649,7724363
2012-02-06,37.6782,38.1938,37.4869,37.8196,15.4700,5285975
2012-02-07,37.9277,38.0940,36.6759,37.1250,15.1859,5831734
2012-02-08,37.3579,37.8778,37.0710,37.1126,15.1808,6837351
2012-02-09,37.9152,39.1171,37.9152,38.8260,15.8816,12545214
2012-02-10,38.6763,39.5080,38.0400,38.5557,15.7711,7761451
2012-02-13,38.9674,39.3375,38.8343,39.1337,16.0075,5384347
2012-02-14,39.0838,39.4623,38.4808,39.0589,15.9769,5342595
2012-02-15,39.4415,39.8407,38.2687,38.7594,15.8544,6628862
2012-02-16,37.9776,38.7428,37.6033,38.5307,15.7609,7668385
2012-02-17,39.0505,39.9114,39.0090,39.7451,16.2576,7568293
2012-02-20,39.9655,40.6725,39.9239,40.2566,16.4668,4955662
2012-02-21,40.2566,40.5186,39.6744,39.9031,16.3222,5191222
2012-02-22,40.0320,40.1984,39.3708,39.7991,16.2797,5321933
2012-02-23,39.7991,40.0278,38.1107,39.0339,15.9667,7792026
2012-02-24,39.2502,39.5080,38.7054,39.4623,16.1419,4663046
2012-02-27,39.0672,39.0921,37.8029,38.3311,15.6792,8990968
2012-02-28,38.6097,38.6763,37.9568,38.3103,15.6707,6476643
2012-02-29,38.5931,38.7054,37.6990,37.7572,15.4445,7882908
2012-03-01,37.2623,38.2853,36.6385,38.2479,15.6452,8156048
2012-03-02,38.3436,38.8676,38.2978,38.4600,15.7319,4789777
2012-03-05,38.0649,38.5806,37.5950,38.2604,15.6503,6040334
2012-03-06,37.9110,37.9984,36.2184,36.2434,14.8253,9693505
2012-03-07,36.0895,36.9712,35.8566,36.6260,14.9818,5695520
2012-03-08,36.8547,38.5099,36.8464,38.4059,15.7098,9428371
2012-03-09,38.4101,39.3250,38.0732,39.0422,15.9701,5768338
2012-03-12,38.9341,39.7035,38.7802,39.6494,16.2185,5215791
2012-03-13,39.9156,39.9447,39.0713,39.6910,16.2355,6625382
2012-03-14,39.9156,40.7140,39.5496,40.1401,16.4192,8110070
2012-03-15,40.1401,40.4354,39.8365,40.2940,16.4821,5983165
2012-03-16,39.9405,40.2399,39.2834,39.2834,16.0688,17243763
2012-03-19,39.0672,39.3084,38.7178,39.1878,16.0296,4604369
2012-03-20,38.0940,38.2812,37.0543,37.4661,15.3254,11227364
2012-03-21,37.9194,38.1897,37.2664,37.6116,15.3849,6992137
2012-03-22,37.6366,37.8279,36.9296,37.2581,15.2403,8098642
2012-03-23,37.4286,37.9277,37.1666,37.8362,15.4768,5834043
2012-03-26,38.1606,39.1088,37.8279,38.8010,15.8714,6137884
2012-03-27,39.3333,39.4831,38.8093,38.9133,15.9174,6071372
2012-03-28,38.6846,38.9923,38.0233,38.0774,15.5754,4974826
2012-03-29,37.9277,38.2230,36.6052,36.8173,15.0600,10001431
2012-03-30,37.3704,38.1356,37.2165,37.6033,15.3815,7280983
2012-04-02,38.0608,38.3810,37.0502,38.3810,15.6996,7585522
2012-04-03,38.3851,38.6471,37.9110,38.0649,15.5703,6479760
2012-04-04,37.4744,37.6657,36.7882,37.1833,15.2097,12318167
2012-04-05,35.6695,35.9232,34.9750,35.6445,15.4972,8203053
2012-04-10,34.9209,35.1372,33.9478,33.9478,14.7595,8840321
2012-04-11,33.9519,34.9417,33.8147,34.3553,14.9367,7035627
2012-04-12,34.7047,35.1081,34.1557,34.7421,15.1048,7407715
2012-04-13,34.7005,34.7379,33.1867,33.5153,14.5715,8097852
2012-04-16,33.2200,34.3470,33.1701,33.9727,14.7703,5780741
2012-04-17,33.9478,35.3118,33.8355,35.3118,15.3526,7127282
2012-04-18,35.2287,35.3992,34.6963,34.9583,15.1989,4844790
2012-04-19,35.1413,35.4740,33.8105,33.9769,14.7722,11297823
2012-04-20,34.0892,34.3928,33.7107,34.2929,14.9096,8110049
2012-04-23,33.8355,33.8937,32.7709,32.8540,14.2840,7158919
2012-04-24,33.0037,33.5943,32.9289,33.4986,14.5642,5802291
2012-04-25,33.6941,34.5799,33.6941,34.3678,14.9421,5748488
2012-04-26,34.6173,35.5572,34.3678,35.4823,15.4267,10513460
2012-04-27,34.6963,35.3825,34.2722,34.9958,15.2151,9008163
2012-04-30,35.4740,35.4740,34.5674,34.7379,15.1030,4332532
2012-05-02,35.4324,35.5988,34.0268,34.4094,14.9602,5409096
2012-05-03,34.4676,34.8253,33.5943,33.8604,14.7215,6641626
2012-05-04,33.7357,33.8396,32.4797,32.6752,14.2062,7321017
2012-05-07,31.8809,32.8166,31.6064,32.7376,14.2333,5448783
2012-05-08,32.5879,32.6461,31.5773,31.8143,13.8319,5718949
2012-05-09,31.9100,32.1886,31.2072,31.8975,13.8681,6539726
2012-05-10,32.1803,32.4298,31.5523,31.9100,13.8735,7480478
2012-05-11,31.7894,32.7709,31.6064,32.6295,14.1863,5744553
2012-05-14,32.3383,32.4049,31.6979,32.0348,13.9278,4970823
2012-05-15,32.2136,32.3675,31.3236,31.5482,13.7162,5743306
2012-05-16,31.1489,32.0389,30.7331,31.7270,13.7940,7351365
2012-05-17,31.7478,31.7977,31.2446,31.2945,13.6059,3666957
2012-05-18,30.7331,31.1781,30.5210,30.8079,13.3944,8642749
2012-05-21,30.8911,31.4401,30.6000,30.9327,13.4486,5547443
2012-05-22,31.5399,32.0722,31.1697,31.9058,13.8717,6127449
2012-05-23,31.5898,32.0514,31.3070,31.5315,13.7090,7408365
2012-05-24,31.9391,32.1429,31.4484,31.6854,13.7759,7360511
2012-05-25,31.7228,32.2385,31.4234,31.6480,13.7596,5724803
2012-05-28,31.9641,32.1221,31.3153,31.4816,13.6873,3019950
2012-05-29,31.8559,32.7001,31.7977,32.3841,14.0797,5965163
2012-05-30,32.1678,32.3300,31.3694,31.5607,13.7217,7722083
2012-05-31,31.5565,31.8060,30.7830,31.1323,13.5354,7539576
2012-06-01,31.0242,31.0741,29.0613,29.5437,12.8447,12852224
2012-06-04,29.1527,29.3191,28.7951,28.9864,12.6024,6175066
2012-06-05,29.2900,29.4272,28.4957,28.8949,12.5627,4816585
2012-06-06,29.3191,29.5187,28.8907,29.4023,12.7832,7737831
2012-06-07,29.5354,30.3172,29.4023,29.4979,12.8248,7512710
2012-06-08,29.2900,29.4605,29.0030,29.3773,12.7724,4947273
2012-06-11,30.3629,30.4420,29.0030,29.2983,12.7380,6706207
2012-06-12,29.1112,29.7308,29.0030,29.1112,12.6567,6028196
2012-06-13,29.2027,29.5021,29.0030,28.4998,12.3909,8286623
2012-06-14,28.2794,28.4250,27.4352,27.9426,12.1486,9688076
2012-06-15,28.2004,28.6745,28.0798,28.3044,12.3059,15874688
2012-06-18,28.7618,29.1444,28.4957,28.8949,12.5627,7732034
2012-06-19,28.8450,29.6435,28.8367,29.4397,12.7995,5756423
2012-06-20,29.4023,29.7932,29.1278,29.5603,12.8520,4071523
2012-06-21,29.4522,29.5894,29.0654,29.1694,12.6820,6622906
2012-06-22,28.8741,29.7350,28.8450,28.9906,12.6042,7164649
2012-06-25,28.8700,28.9157,28.1754,28.1754,12.2499,5348363
2012-06-26,28.0465,28.1131,27.4893,27.7804,12.0781,6243625
2012-06-27,27.8802,28.1588,27.3271,28.1588,12.2426,5814579
2012-06-28,28.4458,28.8575,27.6099,28.1255,12.2282,7481870
2012-06-29,29.2401,29.4064,28.8450,29.3981,12.7814,8496297
2012-07-02,29.4397,30.3047,29.1527,30.1425,13.1051,6903370
2012-07-03,30.1259,30.8246,30.0968,30.8246,13.4016,5571757
2012-07-04,30.8079,31.1739,30.4877,30.7871,13.3853,4482056
2012-07-05,30.8162,31.3569,29.9512,30.3962,13.2154,7534818
2012-07-06,30.1966,30.2756,29.3565,29.3898,12.7778,6092537
2012-07-09,29.4647,29.6352,29.1902,29.3607,12.7652,4243461
2012-07-10,29.5437,30.0926,29.2193,29.6185,12.8773,4659363
2012-07-11,29.3274,29.6767,29.0238,29.3773,12.7724,5512332
2012-07-12,29.1694,29.6144,28.9698,29.3025,12.7399,5993963
2012-07-13,29.3648,30.3463,29.1819,30.2714,13.1611,6552270
2012-07-16,30.2257,30.5293,29.9679,30.4128,13.2226,3570257
2012-07-17,30.5251,30.9077,30.2382,30.4170,13.2244,4005322
2012-07-18,30.5667,31.2612,30.2756,31.1905,13.5607,4407236
2012-07-19,31.2404,31.8227,31.2321,31.6521,13.7614,6826080
2012-07-20,31.6438,32.3633,31.1905,31.2113,13.5698,10339360
2012-07-23,30.7747,30.9410,29.9803,30.3089,13.1774,6006838
2012-07-24,30.1883,30.5085,29.9720,30.0510,13.0653,5598210
2012-07-25,30.9285,31.9058,30.6582,31.2862,13.6023,10030206
2012-07-26,30.9535,31.8102,30.2257,31.8102,13.8301,10480125
2012-07-27,31.9641,32.7085,31.3486,32.7085,14.2207,6404291
2012-07-30,32.8540,33.4737,32.7958,33.3448,14.4973,6069542
2012-07-31,33.5901,34.0226,33.2948,33.8604,14.7215,7012721
2012-08-01,33.6317,33.8438,33.0412,33.4030,14.5226,4491636
2012-08-02,33.3364,34.4052,32.4132,32.4506,14.1086,8760330
2012-08-03,32.4506,33.6567,32.2718,33.6317,14.6221,6957003
2012-08-06,33.4986,34.5175,33.4778,34.2015,14.8698,4719232
2012-08-07,34.1723,34.8876,34.0850,34.7712,15.1175,5883676
2012-08-08,34.6839,34.8502,34.1973,34.5674,15.0289,4396586
2012-08-09,34.5924,34.7171,33.8937,34.3886,14.9512,4413917
2012-08-10,34.1557,34.4926,33.8355,34.4052,14.9584,3356519
2012-08-13,34.2181,34.2597,33.7066,33.9603,14.7649,3377834
2012-08-14,34.3844,34.5757,33.9977,34.2222,14.8788,3440701
2012-08-15,34.0393,34.1100,33.7897,33.8895,14.7342,3717788
2012-08-16,33.8979,33.9727,33.6525,33.8937,14.7360,4170347
2012-08-17,34.0601,34.8502,34.0185,34.7795,15.1211,7391767
2012-08-20,34.7795,34.9875,34.5757,34.8502,15.1519,3546660
2012-08-21,34.9334,35.2994,34.7920,35.0789,15.2513,3261493
2012-08-22,34.7670,34.8128,34.4676,34.6922,15.0832,3112997
2012-08-23,34.9292,35.0623,34.1224,34.2597,14.8951,4608759
2012-08-24,34.1640,34.1973,33.2824,34.0850,14.8192,4208302
2012-08-27,33.9727,34.5716,33.8105,34.5674,15.0289,1931172
2012-08-28,34.3054,34.5965,34.1682,34.4635,14.9837,2725246
2012-08-29,34.4510,34.5674,33.9977,34.3844,14.9494,3137891
2012-08-30,33.8313,33.9103,32.3966,32.4839,14.1231,9151223
2012-08-31,32.5629,32.8873,31.8850,32.4382,14.1032,7044682
2012-09-03,32.3300,32.4714,31.9225,32.1096,13.9603,4849881
2012-09-04,32.1720,32.2261,31.2862,31.4151,13.6584,4909986
2012-09-05,31.3652,31.6272,31.0741,31.3735,13.6403,5515319
2012-09-06,31.4775,32.6794,31.3985,32.6794,14.2080,8577472
2012-09-07,32.9039,33.3364,32.5089,32.5213,14.1393,7274192
2012-09-10,32.4797,32.5920,32.1637,32.2468,14.0200,5298228
2012-09-11,32.1554,32.8623,31.9765,32.7334,14.2315,6548604
2012-09-12,32.8998,32.9788,32.3259,32.5920,14.1701,7389491
2012-09-13,32.7334,32.8374,32.2219,32.4049,14.0887,5626317
2012-09-14,33.1867,33.7440,32.8956,33.3697,14.5082,10683655
2012-09-17,33.2824,33.6234,33.0994,33.1035,14.3925,6022106
2012-09-18,32.8540,32.9996,32.2593,32.5962,14.1719,6929647
2012-09-19,32.9372,33.3572,32.5255,33.2990,14.4774,6021388
2012-09-20,32.9164,33.1493,31.9765,32.6253,14.1845,12355762
2012-09-21,32.8124,33.4404,32.5795,33.4404,14.5389,20413843
2012-09-24,33.2283,33.4071,32.9414,33.3531,14.5009,5701387
2012-09-25,32.8540,32.9372,32.3591,32.8208,14.2695,7226463
2012-09-26,32.4382,32.5712,31.6314,31.7353,13.7976,8729143
2012-09-27,31.9266,31.9308,31.4193,31.6147,13.7452,7770307
2012-09-28,31.8393,31.8559,31.3278,31.3278,13.6204,5855821
2012-10-01,31.4525,31.7228,31.0699,31.5607,13.7217,6049499
2012-10-02,31.3444,31.7644,31.0367,31.3070,13.6114,4469158
2012-10-04,31.8726,32.2593,31.4983,32.0264,13.9242,5898549
2012-10-05,32.1429,32.8499,32.0971,32.6669,14.2026,5683531
2012-10-08,32.4382,32.4382,31.7935,31.8351,13.8410,4708913
2012-10-09,31.9641,32.0098,31.3111,31.4234,13.6620,4948652
2012-10-10,31.2695,31.6147,31.0824,31.4900,13.6909,4950725
2012-10-11,31.3278,31.9225,31.2321,31.7312,13.7958,5702657
2012-10-12,31.7312,32.2011,31.6397,31.6397,13.7560,4225803
2012-10-15,31.6147,31.9890,31.5565,31.7436,13.8012,4293988
2012-10-16,31.9391,32.0306,31.3486,31.8850,13.8627,5565905
2012-10-17,31.9724,32.1470,31.7021,32.1387,13.9730,4300324
2012-10-18,32.1055,33.0828,31.9474,32.9039,14.3057,7780592
2012-10-19,32.9081,33.1202,32.4423,32.5296,14.1429,7838195
2012-10-22,32.5130,32.5213,31.9807,32.1013,13.9567,4233313
2012-10-23,32.1470,32.2676,31.2779,31.4401,13.6692,5879870
2012-10-24,31.3985,31.5191,30.4919,31.4567,13.6765,7919309
2012-10-25,30.5667,30.7788,30.2008,30.6000,13.3040,14890423
2012-10-26,30.3588,30.6083,30.0219,30.5168,13.2678,6521704
2012-10-29,30.3255,30.4087,29.8181,29.9637,13.0273,4542990
2012-10-30,30.1051,30.3089,30.0677,30.2423,13.1485,4528184
2012-10-31,30.2839,30.6956,29.9637,29.9637,13.0273,6935941
2012-11-01,29.9845,30.6000,29.9679,30.3629,13.2009,4954568
2012-11-02,30.4420,31.0367,30.3338,30.8454,13.4107,5626999
2012-11-05,30.6125,30.7248,30.3837,30.7123,13.3528,3813423
2012-11-06,30.7830,31.2030,30.5376,31.0907,13.5173,5181786
2012-11-07,31.2488,31.5149,30.4503,30.4503,13.2389,6856470
2012-11-08,30.5667,30.7206,29.9013,29.9429,13.0183,7007380
2012-11-09,29.9845,30.1259,29.5520,30.0801,13.0780,6433308
2012-11-12,30.0801,30.1550,29.8888,29.9512,13.0219,3040784
2012-11-13,29.8057,30.2008,29.5728,30.0594,13.0689,5571323
2012-11-14,30.0677,30.1093,29.6227,29.7267,12.9243,4728174
2012-11-15,29.5437,29.8015,29.3815,29.6310,12.8827,4653767
2012-11-16,29.6102,29.7807,29.2318,29.4314,12.7959,7159941
2012-11-19,29.7308,30.3754,29.6934,30.1924,13.1268,7894426
2012-11-20,30.1093,30.3172,29.9928,30.2008,13.1304,4399199
2012-11-21,30.4004,30.7497,30.2091,30.4253,13.2280,5262792
2012-11-22,30.6374,30.7081,30.3297,30.5168,13.2678,4676548
2012-11-23,30.6083,30.8745,30.3255,30.7996,13.3908,4349974
2012-11-26,30.7996,31.0824,30.5002,30.7705,13.3781,3630155
2012-11-27,30.9618,31.0325,30.6457,30.7913,13.3872,2902879
2012-11-28,30.6582,30.9493,30.5418,30.9036,13.4360,4160345
2012-11-29,30.8578,31.3777,30.7206,31.3319,13.6222,6282381
2012-11-30,31.3901,31.7977,31.3278,31.5898,13.7343,5949427
2012-12-03,31.6896,31.9557,31.3860,31.6438,13.7578,4777656
2012-12-04,31.6064,31.9599,31.5731,31.7561,13.8066,3895304
2012-12-05,32.0223,32.0306,31.5773,31.7728,13.8139,4552790
2012-12-06,31.9682,32.2884,31.8559,32.1470,13.9766,6660013
2012-12-07,32.0181,32.3799,31.9058,32.2718,14.0308,4529719
2012-12-10,32.1138,32.3799,31.9599,32.3383,14.0598,3375869
2012-12-11,32.3217,32.8415,32.2884,32.8083,14.2641,4604277
2012-12-12,32.7750,33.1867,32.7542,33.1493,14.4123,5397680
2012-12-13,33.1119,33.2034,32.7001,32.9954,14.3454,5558451
2012-12-14,33.1451,33.8272,33.0661,33.8272,14.7071,6870045
2012-12-17,33.9270,34.4052,33.8521,34.3803,14.9475,5547679
2012-12-18,34.5175,34.7213,34.4510,34.7213,15.0958,4813417
2012-12-19,34.8502,34.8544,33.9311,34.3013,14.9132,6671771
2012-12-20,34.0601,34.3387,33.9644,34.3262,14.9240,3307160
2012-12-21,34.1266,34.5799,33.9395,34.5674,15.0289,9031654
2012-12-27,34.6173,34.9417,34.6090,34.7338,15.1012,2943314
2012-12-28,34.7047,34.8627,34.2805,34.3678,14.9421,2068171
2013-01-02,34.9583,35.4324,34.6839,35.4324,15.4050,5675972
2013-01-03,35.3410,35.4283,35.0706,35.3118,15.3526,2816535
2013-01-04,35.3701,35.5822,34.9833,35.4574,15.4158,3893348
2013-01-07,35.7651,36.2975,35.6820,35.8150,15.5713,6215239
2013-01-08,35.8026,36.1561,35.2411,35.3493,15.3688,4050047
2013-01-09,35.4449,35.6695,35.1330,35.5198,15.4430,4427094
2013-01-10,35.5489,36.1353,35.4532,35.6736,15.5099,4216595
2013-01-11,36.1644,36.1644,35.6237,35.8400,15.5822,3726435
2013-01-14,35.8566,36.3931,35.5988,36.3099,15.7865,4603933
2013-01-15,36.0604,36.7466,36.0396,36.4181,15.8335,5522565
2013-01-16,36.2101,36.4097,36.0978,36.3598,15.8082,3308635
2013-01-17,36.3557,36.8547,35.9939,36.5012,15.8697,4219505
2013-01-18,36.5886,36.6218,35.8442,36.0521,15.6744,5493772
2013-01-21,36.1394,36.2226,35.4449,35.9273,15.6202,3371459
2013-01-22,35.9315,35.9897,35.2411,35.7735,15.5533,4002649
2013-01-23,35.8234,36.1976,35.6986,35.8941,15.6057,3300397
2013-01-24,35.8109,36.0313,35.4200,35.9772,15.6419,3208318
2013-01-25,35.9772,36.4721,35.8317,36.4347,15.8407,4258566
2013-01-28,36.5553,36.8298,36.3723,36.5553,15.8932,3494906
2013-01-29,36.7175,36.7424,36.4389,36.6385,15.9293,4448977
2013-01-30,36.6385,36.7466,36.1020,36.2184,15.7467,3874950
2013-01-31,36.0937,36.1394,35.4366,35.6612,15.5044,6211390
2013-02-01,35.6820,36.1685,35.5738,36.1394,15.7124,4344224
2013-02-04,36.5886,36.5886,35.0124,35.2162,15.3110,7369871
2013-02-05,35.0956,35.3742,34.7795,35.1039,15.2622,5644328
2013-02-06,35.0956,35.9232,34.9791,35.7735,15.5533,7342000
2013-02-07,36.0147,37.2249,35.8150,36.7674,15.9854,11916067
2013-02-08,36.9878,37.8944,36.8630,37.8944,16.4754,7191008
2013-02-11,37.6865,37.7613,36.9961,37.4162,16.2675,4364460
2013-02-12,37.2165,37.2498,36.6842,36.9130,16.0487,4804143
2013-02-13,37.0294,37.7904,36.8464,37.5950,16.3452,4119900
2013-02-14,37.5118,37.7946,36.7924,36.7924,15.9962,4177007
2013-02-15,36.8464,36.9961,36.4596,36.5595,15.8950,4810664
2013-02-18,36.7216,37.1209,36.6925,36.9712,16.0740,3151811
2013-02-19,36.7882,37.7031,36.6468,37.6199,16.3561,4355380
2013-02-20,37.7197,37.9402,37.3330,37.5368,16.3199,4278682
2013-02-21,37.1625,37.2207,36.5719,36.6717,15.9438,5339132
2013-02-22,36.8963,37.2623,36.7716,37.0876,16.1246,5575070
2013-02-25,37.1791,38.3103,37.1250,37.7364,16.4067,6539809
2013-02-26,37.0128,37.4078,36.6884,36.7341,15.9709,6621322
2013-02-27,36.9712,37.7904,36.6094,37.7572,16.4157,4501371
2013-02-28,37.9360,38.0275,37.6199,37.9817,16.5134,3750733
2013-03-01,37.9859,38.2937,37.4037,37.9901,16.5170,5106693
2013-03-04,37.6948,37.7530,37.2124,37.4162,16.2675,3737927
2013-03-05,37.9110,38.9466,37.8611,38.8093,16.8732,6421532
2013-03-06,38.8800,39.3167,38.6804,38.6846,16.8189,4717693
2013-03-07,38.4184,38.5349,37.6823,37.9485,16.4989,6125781
2013-03-08,38.1689,38.2853,37.4494,37.8695,16.4645,4738910
2013-03-11,37.8445,38.2521,37.8445,38.1855,16.6020,3241126
2013-03-12,38.0940,38.2853,37.7780,38.0150,16.5278,2980544
2013-03-13,37.8903,37.9901,37.5118,37.9235,16.4880,2945700
2013-03-14,38.1273,38.3020,37.5118,38.2313,16.6218,4852887
2013-03-15,38.2770,38.5848,37.9235,38.2604,16.6345,10758745
2013-03-18,37.7197,38.1772,37.5284,38.0899,16.5604,4595143
2013-03-19,37.9027,38.0400,36.7924,37.1791,16.1644,6162038
2013-03-20,37.7197,37.7197,37.1625,37.3870,16.2548,3906810
2013-03-21,37.3538,37.3954,36.2309,36.5595,15.8950,6072496
2013-03-22,36.4305,37.0086,36.2268,36.6135,15.9185,3395481
2013-03-25,37.0585,37.4536,36.4638,36.6343,15.9275,4365373
2013-03-26,36.6135,36.8381,36.4056,36.6717,15.9438,3348844
2013-03-27,36.7216,36.8880,35.9315,36.0313,15.6654,5063407
2013-03-28,35.9065,35.9731,35.0166,35.3035,15.3489,7739773
2013-04-02,35.3909,35.9232,35.1413,35.8733,15.5967,5167116
2013-04-03,35.8317,36.1186,35.3867,35.4532,15.4140,4006175
2013-04-04,35.5822,35.6820,34.7213,34.9043,15.1754,6543468
2013-04-05,34.9209,35.0249,33.7357,34.1016,14.8264,7878121
2013-04-08,34.1100,34.2306,33.5485,34.1432,14.8445,6060535
2013-04-09,34.1557,34.3844,33.7107,33.9894,14.7776,6196010
2013-04-10,33.5111,35.4782,33.4737,35.4782,15.4249,12093770
2013-04-11,33.9353,34.4676,33.7315,34.3137,15.9049,7416956
2013-04-12,34.0725,34.1807,33.2782,33.3697,15.4673,5104152
2013-04-15,33.3697,33.6775,32.7126,32.8000,15.2032,5082545
2013-04-16,32.6003,33.1535,32.1720,32.8457,15.2244,5592990
2013-04-17,33.3406,33.3655,31.9391,32.2094,14.9295,7293070
2013-04-18,32.2344,32.4964,31.7228,32.1429,14.8987,4038123
2013-04-19,32.3591,32.6128,32.0930,32.3051,14.9738,6944397
2013-04-22,32.5213,33.0952,32.4839,32.8748,15.2379,4745036
2013-04-23,32.8540,34.2680,32.5130,34.0185,15.7680,6665335
2013-04-24,33.6359,34.5175,32.9372,33.7523,15.6446,9904452
2013-04-25,33.3614,34.6132,33.3531,34.3761,15.9338,5440718
2013-04-26,34.5175,34.8835,34.1141,34.5716,16.0244,4510786
2013-04-29,34.6963,34.8336,34.2430,34.7878,16.1246,4058953
2013-04-30,35.0457,35.1829,34.7795,34.9459,16.1979,3871946
2013-05-02,34.7920,35.4990,34.6423,35.3493,16.3849,5316785
2013-05-03,35.3160,36.4264,34.9791,36.2850,16.8186,5806549
2013-05-06,36.1810,36.3723,35.8899,36.0521,16.7106,2986781
2013-05-07,35.4324,36.1436,35.3118,35.8857,16.6335,4737133
2013-05-08,35.7901,36.2392,35.7901,36.2268,16.7916,3529627
2013-05-09,36.1519,36.6634,36.0729,36.5511,16.9419,3106113
2013-05-10,36.5220,37.0585,36.4680,36.5387,16.9362,4724234
2013-05-13,36.4804,37.1292,36.3681,37.0959,17.1945,4263885
2013-05-14,37.2872,38.2853,37.0585,38.2354,17.7226,6710631
2013-05-15,38.0524,38.7386,37.9734,38.6929,17.9347,5408228
2013-05-16,38.6763,39.3666,38.5806,39.2460,18.1910,5664091
2013-05-17,39.1670,40.7556,39.0921,40.7556,18.8908,12368969
2013-05-20,40.9178,41.8951,40.6932,41.8951,19.4189,5276673
2013-05-21,41.5791,41.5874,40.1900,41.2963,19.1414,7524227
2013-05-22,41.2339,41.5042,40.2316,41.3337,19.1587,5307465
2013-05-23,39.7159,40.1900,39.1919,39.9655,18.5245,8684270
2013-05-24,39.5496,39.8407,38.8634,39.4290,18.2759,5826012
2013-05-27,39.4872,40.2191,39.4373,40.2191,18.6421,2401685
2013-05-28,40.4146,41.1258,40.4146,40.7473,18.8869,4945359
2013-05-29,40.2898,40.4811,39.7409,39.9239,18.5052,4077408
2013-05-30,39.7825,40.8263,39.7159,40.4770,18.7616,3122409
2013-05-31,40.3522,41.1798,39.8906,41.0966,19.0488,7925077
2013-06-03,40.6725,41.1757,40.0278,40.8180,18.9197,4693906
2013-06-04,41.2172,41.4418,40.1193,40.4146,18.7327,4137632
2013-06-05,40.0819,40.2982,39.6037,39.8781,18.4840,5269593
2013-06-06,39.6910,39.9987,39.2710,39.3375,18.2334,5076234
2013-06-07,39.5413,40.6059,38.8260,40.4354,18.7423,6806712
2013-06-10,40.3980,40.8887,40.2566,40.6392,18.8368,3555460
2013-06-11,40.2566,40.2898,39.5953,40.0736,18.5746,4831964
2013-06-12,39.7991,40.0112,38.9674,39.2294,18.1833,4980464
2013-06-13,38.5057,38.9008,37.9360,38.8260,17.9964,6074887
2013-06-14,39.4040,39.5454,39.1171,39.3042,18.2180,4263176
2013-06-17,39.4165,39.8906,39.3458,39.6037,18.3568,3303939
2013-06-18,39.5454,39.5454,38.9424,39.2418,18.1891,3741414
2013-06-19,39.2959,39.6494,38.7054,38.8592,18.0118,3707969
2013-06-20,37.9027,38.4101,36.7965,37.0793,17.1867,10253996
2013-06-21,37.1874,37.5284,35.8982,35.8982,16.6393,14998682
2013-06-24,36.0022,36.8755,35.9523,36.1852,16.7723,8605378
2013-06-25,36.7258,38.0233,36.4680,37.9485,17.5896,7742444
2013-06-26,37.9277,38.4558,37.7946,38.0732,17.6475,5140459
2013-06-27,38.1315,38.9757,37.8736,38.7095,17.9424,4109616
2013-06-28,38.8343,39.1753,38.1273,38.6638,17.9212,4894213
2013-07-01,38.6763,39.3583,38.2313,38.9091,18.0349,4102901
2013-07-02,39.1836,39.3042,38.5349,38.9341,18.0465,3592132
2013-07-03,39.5080,39.5080,38.3352,39.0547,18.1024,5564478
2013-07-04,39.4373,40.9012,39.3167,40.8222,18.9216,6186149
2013-07-05,40.8346,41.1673,39.5246,39.5246,18.3202,7278199
2013-07-08,39.9987,40.7681,39.7575,40.3190,18.6884,3851954
2013-07-09,40.4354,40.9469,40.3605,40.6891,18.8599,3842045
2013-07-10,40.5061,40.6392,39.9571,40.5518,18.7963,3465492
2013-07-11,41.1715,41.2131,40.7431,41.0135,19.0103,4008530
2013-07-12,41.1382,43.5836,41.1382,43.5420,20.1823,13485910
2013-07-15,43.1511,43.7915,42.5688,42.7518,19.8160,6131923
2013-07-16,42.9015,43.6667,42.6520,43.4754,20.1514,4597314
2013-07-17,43.4754,43.7250,42.9348,43.6335,20.2247,4021827
2013-07-18,43.4339,44.3904,43.3839,44.3571,20.5601,4279559
2013-07-19,44.0826,44.8146,43.8996,44.3238,20.5447,7036082
2013-07-22,44.4153,44.5733,43.8580,43.9495,20.3712,3133824
2013-07-23,44.0826,44.4153,43.7832,43.7998,20.3018,2747152
2013-07-24,44.0826,44.4735,42.8932,44.4319,20.5948,6362304
2013-07-25,44.1575,44.7064,43.4838,44.5068,20.6295,4803415
2013-07-26,44.6732,44.8728,43.2176,43.5004,20.1630,4505836
2013-07-29,43.8414,44.2406,43.6584,43.7915,20.2979,3254228
2013-07-30,44.0826,44.3987,43.8248,44.0826,20.4329,3002270
2013-07-31,43.9246,44.1824,43.1511,43.4339,20.1322,3929674
2013-08-01,43.8913,44.5650,43.5836,44.3820,20.5717,4637195
2013-08-02,44.5068,44.6898,44.2822,44.5318,20.6411,2650827
2013-08-05,44.5817,44.8395,44.3904,44.7397,20.7374,1930124
2013-08-06,44.8229,45.4051,44.6981,44.9393,20.8300,5125799
2013-08-07,44.8811,44.9809,44.4403,44.7064,20.7220,3163028
2013-08-08,44.9227,45.2055,44.4236,45.0890,20.8994,3124344
2013-08-09,45.3136,45.5215,44.8894,45.1306,20.9186,2595553
2013-08-12,45.0641,45.2055,44.3238,45.0059,20.8608,2757020
2013-08-13,45.2554,45.5964,45.1223,45.4966,21.0883,2881039
2013-08-14,45.5132,46.1620,45.4051,46.1453,21.3890,3792027
2013-08-15,45.9291,46.0539,45.2055,45.6713,21.1692,2530542
2013-08-16,45.4134,46.0455,45.3386,46.0455,21.3427,3387252
2013-08-19,46.0040,46.0622,45.6297,45.8792,21.2656,2148361
2013-08-20,45.5964,45.6463,44.8645,45.4051,21.0459,4040928
2013-08-21,45.3302,45.7212,45.2221,45.4966,21.0883,2057058
2013-08-22,45.4217,46.4198,45.4217,46.2784,21.4507,3036479
2013-08-23,46.2951,46.6610,45.9707,46.3699,21.4931,2404102
2013-08-26,46.3699,46.3866,45.8542,46.1953,21.4121,1489644
2013-08-27,45.7877,46.0539,43.7499,43.9911,20.3905,6649228
2013-08-28,43.6667,43.9246,42.3775,43.0762,19.9664,6267981
2013-08-29,43.2925,43.9495,43.2093,43.8830,20.3404,2927342
2013-08-30,43.9828,44.2323,43.1012,43.1843,20.0165,3461347
2013-09-02,44.0161,44.3488,43.9495,44.1492,20.4637,2517595
2013-09-03,44.3571,44.4819,43.1926,43.8580,20.3288,3493380
2013-09-04,43.9163,44.3987,43.1594,44.3321,20.5485,3562601
2013-09-05,44.6981,45.3219,44.3987,44.9726,20.8454,3552982
2013-09-06,44.8146,45.5049,44.3737,45.3801,21.0343,4009254
2013-09-09,45.3801,45.9457,45.2471,45.5299,21.1037,2238790
2013-09-10,46.1620,46.7775,46.0622,46.7193,21.6550,4561614
2013-09-11,46.6361,47.2765,46.5779,47.2516,21.9017,4006576
2013-09-12,47.2349,47.2433,46.6194,47.0436,21.8053,3059683
2013-09-13,46.9771,47.6092,46.6693,47.5676,22.0482,3253638
2013-09-16,48.2330,48.2330,47.7007,47.9336,22.2179,3288537
2013-09-17,47.6591,47.7922,47.1850,47.3847,21.9634,3087832
2013-09-18,47.5926,47.8005,47.1850,47.6175,22.0714,2595512
2013-09-19,48.2414,48.9234,48.1748,48.5990,22.5263,5116579
2013-09-20,48.6988,49.5389,47.9669,48.0916,22.2911,11833504
2013-09-23,48.3162,48.5574,47.5261,47.7756,22.1446,5022730
2013-09-24,47.8671,48.3328,47.8671,48.2414,22.3605,3602684
2013-09-25,48.2414,48.4826,47.8587,48.1000,22.2950,2895125
2013-09-26,48.2414,48.2996,47.8421,48.0168,22.2564,2914883
2013-09-27,48.0667,48.2996,47.5261,48.2414,22.3605,2678807
2013-09-30,47.6591,48.0750,47.1767,47.9253,22.2140,3562658
2013-10-01,47.9419,48.3994,47.8504,48.2414,22.3605,4562536
2013-10-02,48.1000,48.1415,47.3763,47.7673,22.1408,3255532
2013-10-04,47.9918,48.4659,47.3763,48.2414,22.3605,4370266
2013-10-07,48.1083,48.1831,47.5926,47.9003,22.2024,2484853
2013-10-08,48.0584,48.2081,47.6591,48.0251,22.2603,2938325
2013-10-09,48.0584,48.2414,47.5427,47.6924,22.1061,2746877
2013-10-10,47.9336,48.6406,47.9253,48.4077,22.4376,4567797
2013-10-11,48.8069,48.8402,48.2580,48.5075,22.4839,2753899
2013-10-14,48.4493,48.4576,48.1499,48.4077,22.4376,2054151
2013-10-15,48.7820,49.4807,48.4742,49.4474,22.9195,4388860
2013-10-16,49.4474,49.4807,49.0066,49.1979,22.8039,4220042
2013-10-17,49.1064,49.1064,48.4160,48.6240,22.5378,3555950
2013-10-18,48.8485,49.0315,48.1415,48.4909,22.4762,8931551
2013-10-21,48.3162,48.4576,47.9253,48.3994,22.4338,2616355
2013-10-22,48.2330,48.6323,48.1249,48.3412,22.4068,4129929
2013-10-23,48.1499,48.5491,48.0750,48.5491,22.5032,3256387
2013-10-24,49.4890,50.7033,49.3143,50.1710,23.2549,8173759
2013-10-25,50.1793,50.3041,49.7385,49.8965,23.1277,3462621
2013-10-28,50.0546,50.1793,48.8652,49.1480,22.7807,3501191
2013-10-29,49.1480,49.7135,49.0398,49.7135,23.0429,3089979
2013-10-30,49.9048,50.3124,49.3393,49.4058,22.9002,3400111
2013-10-31,49.4474,50.2791,49.2644,50.2708,23.3012,4522495
2013-11-01,50.2875,50.4871,49.9048,49.9464,23.1508,2539751
2013-11-04,50.0712,50.2292,49.7052,49.7635,23.0660,2749199
2013-11-05,49.7385,49.8799,49.0398,49.3642,22.8810,3714323
2013-11-06,49.4890,50.1045,49.3559,49.5056,22.9465,2777215
2013-11-07,49.3309,50.5453,49.3143,50.1461,23.2434,5477919
2013-11-08,49.7219,49.8050,49.0731,49.4640,22.9272,4516257
2013-11-11,49.0731,49.5306,48.8735,49.1147,22.7653,3045075
2013-11-12,49.1895,49.3892,49.0315,49.0565,22.7383,2748941
2013-11-13,48.8236,48.9067,47.8837,48.2996,22.3875,3910803
2013-11-14,48.8735,49.1480,48.5907,49.0565,22.7383,3098753
2013-11-15,49.2228,49.2561,48.7155,48.7986,22.6188,4480980
2013-11-18,48.6988,49.9048,48.6240,49.7052,23.0390,3263578
2013-11-19,49.6387,49.8466,49.2644,49.5472,22.9658,2736780
2013-11-20,49.4141,49.9797,49.3725,49.6054,22.9928,2735005
2013-11-21,49.3642,49.8050,49.1396,49.5971,22.9889,1775956
2013-11-22,49.6636,50.0712,49.5555,50.0130,23.1817,2571915
2013-11-25,50.1627,50.7948,50.1627,50.4205,23.3706,3261564
2013-11-26,50.4205,50.7033,50.2459,50.3623,23.3436,3275830
2013-11-27,50.4538,50.8281,50.3540,50.8281,23.5595,2388477
2013-11-28,50.8697,51.0360,50.6784,50.7699,23.5325,1848313
2013-11-29,50.7366,50.9445,50.5869,50.7366,23.5171,2628476
2013-12-02,50.8530,51.1109,50.6202,50.9196,23.6019,2727385
2013-12-03,51.0776,51.0859,49.8383,49.8383,23.1007,4142518
2013-12-04,50.1377,50.2875,48.9067,49.3559,22.8771,4518171
2013-12-05,49.2311,49.5805,48.4909,48.4909,22.4762,3825181
2013-12-06,48.8735,49.6054,48.6240,49.3226,22.8617,3675672
2013-12-09,49.7551,49.8799,49.2311,49.6054,22.9928,2695615
2013-12-10,49.6387,49.7884,48.8901,49.0565,22.7383,3316477
2013-12-11,49.0315,49.6470,48.8901,49.1979,22.8039,3340816
2013-12-12,49.1147,49.3143,48.7487,48.9733,22.6998,3900399
2013-12-13,49.2311,49.3476,48.6156,48.8319,22.6342,2668692
2013-12-16,48.5075,49.8383,48.2829,49.5638,22.9735,4156173
2013-12-17,49.4141,49.8050,49.1895,49.1979,22.8039,3296662
2013-12-18,49.4474,49.9880,49.4474,49.5805,22.9812,3550011
2013-12-19,50.2791,50.8863,50.2043,50.6202,23.4631,5715127
2013-12-20,50.7366,51.3854,50.5120,51.3438,23.7985,9348687
2013-12-23,51.4768,51.8595,51.3770,51.8179,24.0183,2576196
2013-12-27,52.0757,52.5332,52.0175,52.5249,24.3460,2563810
2013-12-30,52.5415,52.5581,52.2171,52.3169,24.2496,1794015
2014-01-02,52.5748,52.9407,51.2772,51.2772,23.7677,4223204
2014-01-03,51.1525,51.9759,51.0776,51.3438,23.7985,2951003
2014-01-06,51.5600,51.9177,51.1275,51.1857,23.7253,2615652
2014-01-07,51.1857,52.0508,51.0028,51.9010,24.0568,2917977
2014-01-08,52.0674,52.0757,51.5268,51.7430,23.9836,2885136
2014-01-09,51.6099,52.9158,51.5268,51.6931,23.9604,4521219
2014-01-10,51.8428,52.4250,51.4935,51.6598,23.9450,3570333
2014-01-13,51.9177,52.4666,51.8428,52.2920,24.2380,3109802
2014-01-14,52.0674,52.9241,51.6515,52.9241,24.5310,3515046
2014-01-15,53.2318,54.7623,53.0988,54.4795,25.2520,5679255
2014-01-16,54.4212,54.7373,53.9056,54.5127,25.2674,3255976
2014-01-17,54.7456,55.2447,54.6541,54.9702,25.4794,6048790
2014-01-20,54.7373,55.0617,54.4296,54.8704,25.4331,2081982
2014-01-21,55.0201,55.2280,54.4961,54.5377,25.2789,3315596
2014-01-22,54.8454,55.1615,54.2965,54.8870,25.4409,3076602
2014-01-23,54.6874,55.6023,53.9555,54.2798,25.1594,4460600
2014-01-24,54.3131,54.9120,52.1589,52.2587,24.2226,6789132
2014-01-27,52.4084,52.5082,51.4103,51.8428,24.0298,5167990
2014-01-28,52.1838,52.6746,51.8844,52.2587,24.2226,4092720
2014-01-29,52.8576,53.1487,50.1876,51.3937,23.8217,7210630
2014-01-30,51.3770,52.2005,50.5453,51.9842,24.0954,4220704
2014-01-31,51.9509,51.9593,50.4621,51.6765,23.9527,6561068
2014-02-03,51.6765,52.0092,50.1876,50.4788,23.3976,4966892
2014-02-04,49.7135,50.7366,48.8901,50.4788,23.3976,6165513
2014-02-05,50.5536,51.0277,50.1461,50.6368,23.4708,6076501
2014-02-06,52.4167,52.8243,51.5184,51.9676,24.0877,10204050
2014-02-07,52.4001,53.1487,52.2337,52.8492,24.4963,5957447
2014-02-10,53.3316,53.5313,52.5082,52.5664,24.3652,3161333
2014-02-11,53.2235,54.5044,53.1071,54.5044,25.2635,5821283
2014-02-12,54.8454,55.6772,54.8205,55.2696,25.6182,5439262
2014-02-13,55.0035,55.4776,54.4795,55.4360,25.6953,4301915
2014-02-14,55.5108,55.8685,55.2530,55.7354,25.8341,3972125
2014-02-17,55.7271,55.8352,55.4110,55.5191,25.7339,2225996
2014-02-18,55.7188,55.7188,54.8704,55.4443,25.6992,2956022
2014-02-19,55.3861,55.5108,54.7456,55.0617,25.5218,3064525
2014-02-20,53.9804,55.1199,53.5729,55.1199,25.5488,4034353
2014-02-21,55.6273,55.8352,55.1199,55.8352,25.8804,3951003
2014-02-24,55.3777,56.3010,55.3777,56.3010,26.0963,4610259
2014-02-25,56.2927,56.2927,55.4443,55.8685,25.8958,3648568
2014-02-26,56.0182,56.3010,55.6273,56.0182,25.9652,2791733
2014-02-27,56.0847,56.4008,55.0201,55.7603,25.8457,3950494
2014-02-28,55.9600,56.1596,55.3195,56.1596,26.0307,3664049
2014-03-03,54.4711,55.0035,54.0802,54.3713,25.2018,5617619
2014-03-04,54.9369,56.5921,54.6125,56.5921,26.2312,5499767
2014-03-05,56.4257,57.7233,56.2927,57.3324,26.5743,5367486
2014-03-06,57.6817,57.8813,57.1577,57.4987,26.6514,3343365
2014-03-07,57.5403,57.5819,56.0431,56.0930,25.9999,4928269
2014-03-10,55.8103,56.5339,54.9286,55.3445,25.6529,3953054
2014-03-11,55.6522,56.4673,55.5191,56.1180,26.0114,3521951
2014-03-12,55.6772,55.8019,54.3297,55.0284,25.5064,4525237
2014-03-13,55.1449,55.9932,53.7725,53.8307,24.9512,4587452
2014-03-14,52.9740,53.7725,52.1090,53.5729,24.8317,7007517
2014-03-17,53.1320,54.4711,53.1320,54.4711,25.2481,3697439
2014-03-18,54.4878,55.4277,53.9887,54.8704,25.4331,4906590
2014-03-19,54.9036,55.4609,54.4878,54.8454,25.4216,4519548
2014-03-20,54.3131,54.8454,53.7725,54.7789,25.3907,4705869
2014-03-21,54.7955,55.2114,54.5543,54.8205,25.4100,12185945
2014-03-24,54.8205,54.9785,53.7059,53.7059,24.8934,3716833
2014-03-25,54.0553,54.8870,53.7808,54.4379,25.2327,3810683
2014-03-26,54.7290,55.9849,54.6292,55.9849,25.9498,4468653
2014-03-27,56.0598,56.0681,55.5690,55.8186,25.8727,4837210
2014-03-28,56.1263,57.3739,56.0847,57.2492,26.5358,4811592
2014-03-31,57.5985,57.7649,56.9082,57.0496,26.4432,3438699
2014-04-01,57.3656,58.1891,57.1660,58.0144,26.8904,3536831
2014-04-02,58.2223,58.3055,57.6567,57.7981,26.7902,3099175
2014-04-03,57.9977,58.3887,57.5569,58.0560,26.9097,3849268
2014-04-04,58.1807,59.2786,58.0061,59.1705,27.4263,4871235
2014-04-07,58.4968,58.8045,57.9728,58.1724,26.9637,4765005
2014-04-08,58.4968,58.6382,57.1743,58.1391,26.9483,5028042
2014-04-09,58.4303,58.9044,58.2473,58.5800,27.1526,6657800
2014-04-10,56.9747,57.1993,55.8352,55.9683,26.9783,6727504
2014-04-11,55.3944,55.6772,54.5793,55.0201,26.5212,5489158
2014-04-14,54.3131,55.1033,53.9222,55.0783,26.5493,4500512
2014-04-15,54.9203,55.2363,53.1819,53.2235,25.6552,5334331
2014-04-16,53.7725,54.3547,53.6477,54.3297,26.1884,4437479
2014-04-17,54.4628,56.0764,54.3464,55.9683,26.9783,5435261
2014-04-22,56.6420,57.2076,56.2594,57.1577,27.5516,3869499
2014-04-23,57.1826,57.1993,56.2428,56.4341,27.2028,3160056
2014-04-24,56.6420,57.1826,55.2946,56.3509,27.1627,3919115
2014-04-25,55.6356,55.9849,54.8122,55.1365,26.5773,3249745
2014-04-28,55.3029,55.9766,55.0783,55.7188,26.8580,2720810
2014-04-29,56.1845,56.6171,55.5524,56.3842,27.1787,3480005
2014-04-30,55.3112,55.7520,54.5543,55.5025,26.7537,5895110
2014-05-02,55.7437,55.9017,54.9951,55.0950,26.5573,4318070
2014-05-05,54.9036,55.3278,54.0470,54.8122,26.4210,2687303
2014-05-06,55.1365,55.2197,53.7392,54.1967,26.1243,3835386
2014-05-07,53.8640,54.5543,53.5229,53.8972,25.9799,4090118
2014-05-08,54.0885,54.3048,53.4564,54.0636,26.0601,4967168
2014-05-09,53.9222,54.0470,53.3899,53.6643,25.8677,3944512
2014-05-12,53.8057,54.5377,53.5146,54.2965,26.1724,3998966
2014-05-13,54.7290,55.5025,54.5709,55.2946,26.6535,5023492
2014-05-14,55.3112,55.7687,55.2114,55.5108,26.7577,3079188
2014-05-15,55.5690,56.4091,54.5959,54.8953,26.4611,4972437
2014-05-16,54.8953,55.1698,53.8473,54.2383,26.1443,4897612
2014-05-19,54.2965,55.1199,53.6560,54.9120,26.4691,3430075
2014-05-20,54.9120,55.6023,54.9120,55.2779,26.6455,2583044
2014-05-21,55.1033,55.9267,54.9036,55.8518,26.9221,2747559
2014-05-22,55.9683,56.3093,55.7770,56.1596,27.0705,2763760
2014-05-23,56.2927,56.8000,56.0431,56.6753,27.3190,2492058
2014-05-26,57.0662,57.9562,56.9747,57.8979,27.9084,2965937
2014-05-27,57.9146,58.1225,57.5985,57.8564,27.8884,3153161
2014-05-28,58.0144,58.0144,57.2325,57.6318,27.7801,2693940
2014-05-29,57.5736,57.9312,57.5736,57.9312,27.9244,1714275
2014-05-30,58.0477,58.2223,57.8896,57.9728,27.9445,3592922
2014-06-02,58.2223,58.4968,57.2076,57.6567,27.7921,2759788
2014-06-03,57.8647,58.0477,57.3989,57.9562,27.9365,2880702
2014-06-04,57.9478,57.9478,57.0246,57.6484,27.7881,3117640
2014-06-05,57.7316,58.7131,57.4488,58.4802,28.1890,5463058
2014-06-06,58.4802,58.8461,58.0976,58.4219,28.1610,3453495
2014-06-09,58.6631,58.7131,57.8231,58.2972,28.1008,1844545
2014-06-10,58.4552,58.6299,57.9728,58.2889,28.0968,2787457
2014-06-11,58.3471,58.4552,57.5736,57.9395,27.9284,2822267
2014-06-12,58.0726,58.1807,57.5486,57.7981,27.8603,2456871
2014-06-13,57.7066,57.7066,56.4091,57.4904,27.7119,4359747
2014-06-16,57.3656,57.7981,57.1743,57.4322,27.6839,2483025
2014-06-17,57.8064,58.4968,57.4155,57.9312,27.9244,3331620
2014-06-18,58.2223,58.3055,57.8647,57.9063,27.9124,3071618
2014-06-19,58.5301,58.7214,58.2223,58.3055,28.1049,3909778
2014-06-20,58.3055,58.8877,58.1475,58.2889,28.0968,8815292
2014-06-23,58.5384,58.5384,57.6567,57.7732,27.8483,2445721
2014-06-24,57.4987,57.6068,57.1327,57.4238,27.6799,2809594
2014-06-25,57.1411,57.6734,56.9248,57.1494,27.5476,2998377
2014-06-26,57.3823,57.4904,56.1097,56.6753,27.3190,3232790
2014-06-27,56.6753,57.0579,56.4257,56.8333,27.3952,2079781
2014-06-30,56.8583,57.1993,56.4341,56.8915,27.4233,2842321
2014-07-01,57.0412,57.5486,56.8583,57.5486,27.7400,2754672
2014-07-02,57.8314,58.3055,57.7565,57.9894,27.9525,3148764
2014-07-03,58.1641,58.7047,57.9395,58.5883,28.2412,3274265
2014-07-04,58.4635,58.6631,58.1891,58.5883,28.2412,2038032
2014-07-07,58.4386,58.7630,57.5153,57.6235,27.7761,2612724
2014-07-08,57.6401,57.8647,56.6087,56.6836,27.3230,3545168
2014-07-09,56.8000,57.0412,56.3675,56.6919,27.3271,3076291
2014-07-10,56.7917,56.8250,55.4526,55.7687,26.8820,3755583
2014-07-11,55.9683,56.1346,55.2280,55.4609,26.7337,3526642
2014-07-14,55.7687,56.3343,55.5857,56.2344,27.1066,2858777
2014-07-15,56.2677,56.6503,55.6273,55.9600,26.9742,2662589
2014-07-16,56.1596,56.4174,55.7770,56.3675,27.1707,3454410
2014-07-17,56.3509,56.3509,55.2114,55.3611,26.6856,3100049
2014-07-18,54.5626,54.5626,53.8640,54.3963,26.2205,8333212
2014-07-21,54.5210,54.5543,53.3816,53.9305,25.9960,3371370
2014-07-22,54.3963,55.0534,54.1800,54.9702,26.4971,4394740
2014-07-23,56.0681,56.3925,54.1551,54.5460,26.2927,5857561
2014-07-24,54.6957,55.3528,54.0636,55.1449,26.5813,3564472
2014-07-25,55.2363,55.2363,53.9056,54.1883,26.1203,3708145
2014-07-28,54.2549,54.3297,52.1090,52.4666,25.2904,7564232
2014-07-29,52.5748,53.3899,51.7430,53.1403,25.6151,5131563
2014-07-30,53.1403,53.4315,52.2920,52.4583,25.2864,3203136
2014-07-31,52.5664,52.5664,51.2107,51.4685,24.8092,6111786
2014-08-01,51.1608,51.3355,49.8549,50.6118,24.3963,7902296
2014-08-04,50.5453,51.4020,50.4704,50.8780,24.5246,4933424
2014-08-05,51.2024,51.3271,49.9132,50.2625,24.2279,4034843
2014-08-06,49.6720,49.8965,48.7071,49.7551,23.9833,5660386
2014-08-07,49.6969,50.3540,48.8652,49.0315,23.6345,4468900
2014-08-08,48.0334,49.5472,47.4928,49.2977,23.7628,5849414
2014-08-11,50.0712,50.7782,49.9548,50.4954,24.3402,4535238
2014-08-12,50.5702,50.7033,49.6304,49.7801,23.9954,3328962
2014-08-13,50.3290,50.7200,49.9215,50.4538,24.3201,3203427
2014-08-14,50.2043,51.2772,49.9963,50.7948,24.4845,3078554
2014-08-15,50.9861,51.2855,49.3393,49.6636,23.9392,5508748
2014-08-18,50.4455,50.8863,50.3457,50.7283,24.4524,3185262
2014-08-19,51.1275,51.5600,50.8863,51.2356,24.6970,2630168
2014-08-20,51.2024,51.2024,50.4122,51.0111,24.5887,2593483
2014-08-21,51.1358,51.9343,50.9362,51.7347,24.9375,2722553
2014-08-22,51.6349,51.8678,50.9196,51.2772,24.7170,3433239
2014-08-25,52.1506,52.3585,51.8095,52.3003,25.2102,2781804
2014-08-26,52.2171,52.8991,52.0508,52.8076,25.4547,2933237
2014-08-27,52.8160,52.9158,52.0508,52.5249,25.3184,2952249
2014-08-28,52.3252,52.4001,50.9695,51.7014,24.9215,3932200
2014-08-29,51.7513,52.2171,51.0942,51.7680,24.9536,3480813
2014-09-01,51.7347,51.8595,50.9445,51.4685,24.8092,1807685
2014-09-02,51.8179,52.1589,51.3022,51.4186,24.7852,2333815
2014-09-03,51.6515,52.7661,51.4519,52.3169,25.2182,4604476
2014-09-04,52.3169,53.6228,51.6349,53.3483,25.7153,6264843
2014-09-05,53.8972,54.6874,53.5729,54.2050,26.1283,5302167
2014-09-08,54.4379,54.5543,53.7309,54.0137,26.0361,2469223
2014-09-09,54.0220,54.3131,53.3400,53.6144,25.8436,2747890
2014-09-10,52.9906,53.1819,52.5165,52.9740,25.5349,4662078
2014-09-11,53.2318,53.2901,52.0424,52.5748,25.3425,4283161
2014-09-12,52.6413,52.6496,51.8678,52.3585,25.2382,2636767
2014-09-15,52.1506,52.7993,52.0424,52.4500,25.2823,2531546
2014-09-16,52.4500,52.5165,51.9010,52.4167,25.2663,2515143
2014-09-17,52.8742,52.9407,52.4833,52.5748,25.3425,2927380
2014-09-18,52.6330,53.1903,52.3169,53.1237,25.6071,3497996
2014-09-19,53.2318,53.9721,52.9158,53.0239,25.5590,8065944
2014-09-22,52.5997,52.7328,51.8927,52.1755,25.1500,3165367
2014-09-23,52.1506,52.1506,50.5786,50.8614,24.5166,6011022
2014-09-24,50.9612,51.2772,50.2043,51.1774,24.6689,3911121
2014-09-25,51.2024,52.0674,50.3457,50.5869,24.3843,4526948
2014-09-26,50.5120,51.1026,50.0296,50.7615,24.4685,3851029
2014-09-29,50.6285,51.0610,50.0379,50.3540,24.2720,3217881
2014-09-30,49.9048,50.6701,49.3559,50.5120,24.3482,5894644
2014-10-01,50.2292,50.9445,49.7551,50.1128,24.1557,4074768
2014-10-02,50.0795,50.9029,49.1895,49.2478,23.7388,6101256
2014-10-06,50.4788,50.4871,48.6323,49.0731,23.6546,5876045
2014-10-07,48.7903,49.2394,48.2414,48.5741,23.4140,6584455
2014-10-08,48.2746,48.4742,47.6591,48.1083,23.1895,5823446
2014-10-09,48.6489,48.9816,47.7007,48.0001,23.1374,5149695
2014-10-10,47.5593,47.7007,46.4032,46.5862,22.4558,8013823
2014-10-13,46.0788,47.6508,45.8293,47.1601,22.7325,5196570
2014-10-14,46.7442,49.4224,46.6278,48.8984,23.5704,10977779
2014-10-15,49.4973,49.5555,47.1934,47.4678,22.8808,8374234
2014-10-16,47.9087,48.7321,46.4780,48.2247,23.2456,10064952
2014-10-17,48.5325,49.4723,48.3828,49.3642,23.7949,9755783
2014-10-20,49.3808,49.5971,48.3911,48.5491,23.4020,5054964
2014-10-21,48.2913,49.5888,47.9835,49.3642,23.7949,5398734
2014-10-22,49.8799,50.0878,49.1313,49.7219,23.9673,5107228
2014-10-23,49.5555,50.5453,48.7238,50.2209,24.2079,5879689
2014-10-24,50.2459,50.8614,49.7718,50.0546,24.1277,4814464
2014-10-27,50.5536,50.5869,48.8236,49.4807,23.8510,4103533
2014-10-28,49.7135,50.3623,49.7052,50.2375,24.2159,3529061
2014-10-29,50.6950,50.9778,50.2625,50.3207,24.2560,3426208
2014-10-30,50.8863,51.2024,49.2561,50.4122,24.3001,4991541
2014-10-31,51.2024,51.8844,50.8031,51.5933,24.8694,6223532
2014-11-03,51.5683,51.8844,51.1109,51.3687,24.7611,3005706
2014-11-04,51.2356,51.8511,50.7033,50.8697,24.5206,3608042
2014-11-05,51.4436,52.2254,51.3188,51.9842,25.0578,4031471
2014-11-06,51.6515,53.1320,51.5351,52.3751,25.2463,5017123
2014-11-07,52.7494,52.8160,51.4436,51.8678,25.0017,4301999
2014-11-10,51.6515,52.3169,51.3271,52.2920,25.2062,2682335
2014-11-11,52.1672,52.3751,51.4519,51.9094,25.0217,3246817
2014-11-12,51.6931,51.8595,50.5702,50.7366,24.4564,4638703
2014-11-13,50.9695,51.3770,50.3706,50.8697,24.5206,2872211
2014-11-14,51.0443,51.0443,50.2875,50.8364,24.5045,3435257
2014-11-17,50.2375,51.1525,50.0961,51.0360,24.6008,3325254
2014-11-18,51.3188,52.1672,51.1691,52.0258,25.0779,3796791
2014-11-19,51.9842,52.4167,51.6848,52.1838,25.1540,2952528
2014-11-20,52.3835,52.3835,51.5434,52.3252,25.2222,3467658
2014-11-21,52.5664,53.7392,52.3419,53.6976,25.8837,8809006
2014-11-24,53.7475,54.8371,53.2734,54.3880,26.2165,4616580
2014-11-25,54.3797,55.2447,54.1967,55.0700,26.5453,4775631
2014-11-26,55.2696,55.4942,54.9452,55.2197,26.6174,3804179
2014-11-27,55.2696,55.8518,55.1864,55.8186,26.9061,3138127
2014-11-28,55.8851,56.3925,55.7437,56.3925,27.1827,4122976
2014-12-01,55.8934,56.6420,55.6605,56.5422,27.2549,3359185
2014-12-02,56.5921,56.9165,55.8768,56.4257,27.1988,3360316
2014-12-03,56.6420,56.9414,56.2760,56.7335,27.3471,3468504
2014-12-04,56.9747,58.1807,56.0930,56.2012,27.0905,6972440
2014-12-05,56.7252,58.2223,56.6171,58.2223,28.0648,5703464
2014-12-08,57.8813,58.3887,57.4405,57.4405,27.6879,2963192
2014-12-09,56.6753,57.8647,56.3925,56.5339,27.2509,5473747
2014-12-10,56.7668,57.2824,56.2594,56.5921,27.2789,3801264
2014-12-11,56.5755,57.2409,56.3509,56.8167,27.3872,5847807
2014-12-12,56.4341,56.6004,55.2779,55.3777,26.6936,4576617
2014-12-15,55.2779,56.0265,53.7143,53.7143,25.8917,5919281
2014-12-16,54.1967,55.8768,53.3400,55.8435,26.9181,9760437
2014-12-17,55.1698,56.2095,54.8870,55.8685,26.9301,4927665
2014-12-18,56.6586,57.3573,56.4590,57.3573,27.6478,7399721
2014-12-19,57.6235,58.1225,56.7085,57.4238,27.6799,9748372
2014-12-22,57.8979,58.2223,57.4738,57.7316,27.8282,3819767
2014-12-23,57.8564,58.2722,57.5902,58.2722,28.0888,2596337
2014-12-29,58.0477,58.2722,57.0080,58.2556,28.0808,2411136
2014-12-30,57.9645,58.1142,57.3656,57.3656,27.6518,1758688
2015-01-02,57.8896,58.2223,56.6919,57.1826,27.5636,3340677
2015-01-05,56.7751,57.2658,54.8787,55.0367,26.5292,5442930
2015-01-06,55.2280,56.5921,54.5377,55.4027,26.7056,5207271
2015-01-07,55.9350,56.6836,55.5275,55.8352,26.9141,4080666
2015-01-08,56.7418,58.3554,56.4008,58.2805,28.0928,6023382
2015-01-09,57.8730,59.0957,57.3989,57.7399,27.8322,6455253
2015-01-12,58.0560,59.2703,57.7150,59.0541,28.4657,5307722
2015-01-13,58.8960,60.5928,58.8545,60.1104,28.9749,5790045
2015-01-14,59.1372,60.4680,58.9626,59.3036,28.5860,5842125
2015-01-15,60.0522,60.9920,58.2473,60.6593,29.2395,7425872
2015-01-16,60.4181,62.1315,60.2185,61.8654,29.8208,7600995
2015-01-19,62.3395,62.7720,61.9153,62.1565,29.9611,4503751
2015-01-20,62.3727,62.7553,61.6824,62.3228,30.0413,5512611
2015-01-21,62.3228,62.6888,61.4661,62.3145,30.0373,7078382
2015-01-22,62.3811,64.6351,61.9070,64.2691,30.9795,8518271
2015-01-23,64.6684,66.8143,64.6434,66.2570,31.9377,10994212
2015-01-26,65.8494,67.6211,65.8328,67.4131,32.4950,5754913
2015-01-27,66.8309,67.3715,65.1009,65.4003,31.5247,7378619
2015-01-28,66.1239,66.5065,65.4169,66.4649,32.0379,5372473
2015-01-29,66.0241,66.9889,65.4752,66.7810,32.1903,4813045
2015-01-30,67.3632,67.3632,66.3235,66.9390,32.2664,5804450
2015-02-02,67.0888,67.6460,66.5481,67.5462,32.5591,4903039
2015-02-03,67.9538,69.7420,67.7126,68.3281,32.9360,7305549
2015-02-04,68.6192,68.9269,67.5628,68.7273,33.1284,5373657
2015-02-05,67.9538,70.4407,67.6211,68.8521,33.1886,7238995
2015-02-06,68.9935,69.0350,68.0785,68.4944,33.0162,4076757
2015-02-09,68.0453,68.0453,66.3568,67.0721,32.3306,6021755
2015-02-10,67.1137,68.5443,66.7561,68.3364,32.9400,5017272
2015-02-11,68.6192,68.7439,68.0120,68.5693,33.0523,2929755
2015-02-12,68.7855,69.7503,68.5443,69.1515,33.3329,5344879
2015-02-13,69.4509,69.8502,68.8521,69.1931,33.3530,4774465
2015-02-16,68.8271,69.2180,68.6608,68.8936,33.2086,2089851
2015-02-17,68.2865,69.0184,67.6377,68.5693,33.0523,3544043
2015-02-18,69.2097,69.6089,68.8188,69.5590,33.5294,3027995
2015-02-19,69.2097,70.0498,68.7689,69.9333,33.7098,3906769
2015-02-20,69.7088,70.9397,69.6006,70.5155,33.9904,7803325
2015-02-23,71.2142,71.3140,70.3242,70.6736,34.0666,3166671
2015-02-24,70.6985,71.0396,69.9167,70.8815,34.1668,3541597
2015-02-25,71.1227,71.2392,70.1579,70.7152,34.0867,4038765
2015-02-26,70.7318,71.1893,70.2411,71.1560,34.2991,3596870
2015-02-27,71.0728,71.9545,70.9231,71.9545,34.6840,5353306
2015-03-02,72.1874,72.4119,71.6384,72.0876,34.7482,3969374
2015-03-03,72.1125,72.6698,71.1560,71.1976,34.3192,3725742
2015-03-04,71.6301,73.1855,71.2309,73.1855,35.2774,4626227
2015-03-05,73.5098,74.4497,73.4100,74.1503,35.7425,4791539
2015-03-06,74.4414,75.2815,73.9756,74.7907,36.0512,4000835
2015-03-09,74.5828,75.0569,74.0921,74.9737,36.1394,3299946
2015-03-10,74.9072,75.0985,73.2853,73.7760,35.5621,5049587
2015-03-11,74.5828,76.6206,74.3333,76.5790,36.9132,5603827
2015-03-12,76.7620,77.4606,76.3295,77.0614,37.1457,4950014
2015-03-13,77.6519,77.7185,76.1797,77.4357,37.3261,4394639
2015-03-16,77.6852,79.9060,77.5771,79.6731,38.4046,5786383
2015-03-17,78.9495,79.4319,75.9469,76.2796,36.7688,8374499
2015-03-18,76.6206,76.9450,73.8093,74.7824,36.0472,8207737
2015-03-19,74.8240,75.5310,74.0422,75.0652,36.1835,6153251
2015-03-20,75.4062,76.4709,75.0985,76.1132,36.6887,10283070
2015-03-23,76.0217,76.0300,73.6013,73.7760,35.5621,5879944
2015-03-24,73.4433,74.2002,72.1125,73.5514,35.4538,8973340
2015-03-25,73.6512,74.6909,72.7114,72.8611,35.1210,5398178
2015-03-26,71.7382,73.7926,70.4074,73.7926,35.5701,8189061
2015-03-27,74.6577,75.3064,72.9609,73.5847,35.4698,5724744
2015-03-30,74.2584,75.5892,74.0921,75.5726,36.4281,4685613
2015-03-31,75.5643,75.5726,73.9174,74.6327,35.9750,5955255
2015-04-01,74.6077,75.3314,73.7594,74.9820,36.1434,8700626
2015-04-02,73.1688,73.4766,72.6282,72.9443,36.3488,5153429
2015-04-07,73.5015,73.6429,71.9877,72.4369,36.0960,5217183
2015-04-08,71.6717,71.8463,71.0229,71.4721,35.6152,5050906
2015-04-09,71.7465,72.6032,71.4804,72.6032,36.1789,4373067
2015-04-10,73.1023,74.0588,72.6115,73.7344,36.7426,4583227
2015-04-13,73.6013,74.1752,73.2021,73.3352,36.5436,3086463
2015-04-14,72.9942,73.3269,71.8962,72.3038,36.0297,4221923
2015-04-15,72.5034,73.3102,72.3454,72.6531,36.2038,3764803
2015-04-16,73.1938,73.3601,72.1707,72.2373,35.9965,4644214
2015-04-17,71.9961,72.8611,70.4074,70.5405,35.1510,6846700
2015-04-20,70.9730,72.2040,70.7069,72.0460,35.9012,4093327
2015-04-21,72.7945,73.6928,72.5533,72.5949,36.1747,5331211
2015-04-22,73.3934,74.1004,71.9711,72.7696,36.2618,5066785
2015-04-23,73.1356,73.6096,71.3473,71.6883,35.7230,5220223
2015-04-24,72.4535,73.3102,71.4887,72.4951,36.1250,3974045
2015-04-27,73.3185,74.7741,72.6199,74.4830,37.1156,6596947
2015-04-28,76.6039,77.1030,73.3435,73.9673,36.8586,7835465
2015-04-29,75.0236,75.2731,71.5136,71.6467,35.7022,6930185
2015-04-30,71.7549,72.6199,70.4823,71.8048,35.7810,6304400
2015-05-04,72.4202,73.2686,71.6550,72.8195,36.2866,3633804
2015-05-05,72.5117,74.0006,70.7983,70.9065,35.3334,5645838
2015-05-06,71.2808,71.8463,69.0350,70.4241,35.0930,6205263
2015-05-07,70.0747,71.1726,69.3012,70.9065,35.3334,5112929
2015-05-08,71.6467,73.2520,70.9148,73.2520,36.5022,5057402
2015-05-11,73.3768,73.3768,72.4868,73.2437,36.4980,2878022
2015-05-12,72.3620,72.4202,70.6320,71.2641,35.5116,4737746
2015-05-13,71.4721,72.0709,69.8169,70.1662,34.9645,4256240
2015-05-14,69.7004,72.1208,69.1016,72.0044,35.8805,3694564
2015-05-15,72.4119,72.5367,70.3825,70.7235,35.2422,5446624
2015-05-18,70.6985,72.1375,70.4241,71.9212,35.8390,3605772
2015-05-19,72.7779,74.5412,72.7779,74.3333,37.0410,6970958
2015-05-20,74.3582,74.8573,74.0006,74.6161,37.1819,3294705
2015-05-21,74.5246,74.8989,73.8924,74.8323,37.2897,2884317
2015-05-22,74.6327,75.0403,74.1337,74.6077,37.1777,2952423
2015-05-26,74.8573,75.6890,73.1605,73.5764,36.6638,4498138
2015-05-27,73.5681,74.4996,72.9526,74.2002,36.9747,4281845
2015-05-28,73.5182,73.9174,72.2206,72.8444,36.2991,3931315
2015-05-29,73.0274,73.1771,70.8982,70.9314,35.3458,5393062
2015-06-01,71.6966,72.2040,70.7651,71.3140,35.5365,3914611
2015-06-02,71.6634,71.6634,69.2846,69.5840,34.6744,5590116
2015-06-03,69.7670,70.4241,69.1182,69.7004,34.7324,5477386
2015-06-04,69.2929,69.3428,67.6543,68.9851,34.3759,5698377
2015-06-05,68.2449,68.7023,67.4630,68.0785,33.9242,4713631
2015-06-08,67.9870,68.3197,66.3319,66.7727,33.2735,4644978
2015-06-09,66.4982,67.3549,65.7330,67.2468,33.5097,5473614
2015-06-10,67.2717,69.9915,66.8060,69.4592,34.6122,5612132
2015-06-11,69.5507,71.2641,69.1848,70.3825,35.0723,6216041
2015-06-12,69.8668,71.4138,69.0933,69.9915,34.8775,5143782
2015-06-15,68.6524,69.2180,67.8955,68.4112,34.0900,4312728
2015-06-16,67.7791,69.0933,66.8226,68.8687,34.3179,4781083
2015-06-17,69.1931,69.2263,67.5296,67.8456,33.8081,4318204
2015-06-18,67.4547,67.9454,66.1738,67.9205,33.8454,6100864
2015-06-19,68.1367,69.4509,67.7791,67.8706,33.8206,12231533
2015-06-22,70.5239,71.2891,69.5840,71.0978,35.4287,7096403
2015-06-23,72.0543,72.8860,71.5386,72.1458,35.9509,5375703
2015-06-24,72.1624,72.3537,70.2244,71.4055,35.5821,5053824
2015-06-25,70.6985,72.5284,70.4324,71.7881,35.7727,3016040
2015-06-26,71.4471,72.6282,70.9813,72.0377,35.8970,3515770
2015-06-29,68.0369,70.4407,67.8706,68.8770,34.3221,7477207
2015-06-30,68.8105,69.6755,67.5462,67.9039,33.8371,8439987
2015-07-01,69.4509,70.9397,68.8604,69.9500,34.8567,6856501
2015-07-02,70.2827,70.3409,68.7606,69.0184,34.3925,3451404
2015-07-03,69.0683,69.4260,68.3031,68.8271,34.2972,3203117
2015-07-06,67.4547,68.9768,67.4131,68.2282,33.9988,5511371
2015-07-07,68.2033,68.3696,65.9908,66.2653,33.0206,6338575
2015-07-08,65.9825,66.5232,64.2525,65.8162,32.7968,7826409
2015-07-09,66.3402,67.8290,66.1406,67.3632,33.5677,4429878
2015-07-10,69.1598,69.2014,68.0785,68.9685,34.3677,5683395
2015-07-13,70.1995,70.3908,68.6857,69.4759,34.6205,5859292
2015-07-14,69.2929,69.3095,67.9288,69.3095,34.5376,4416250
2015-07-15,69.0766,69.8335,68.5526,69.2762,34.5210,3462894
2015-07-16,69.9666,71.5136,69.5091,70.7651,35.2629,5311786
2015-07-17,71.3639,71.5220,69.9250,70.2328,34.9977,4587643
2015-07-20,70.5322,71.2475,70.1413,70.7318,35.2463,3396918
2015-07-21,71.2392,72.0210,70.6320,70.7568,35.2588,3811237
2015-07-22,70.4490,70.6237,69.2097,70.0830,34.9230,3777919
2015-07-23,71.8879,71.9046,68.3530,69.6339,34.6992,7641047
2015-07-24,69.7670,70.2827,67.7625,68.1118,33.9408,5273530
2015-07-27,67.6294,68.1284,66.0907,66.3568,33.0662,5251176
2015-07-28,66.8725,67.9205,66.4816,67.2468,33.5097,5392595
2015-07-29,67.7126,67.8540,66.4067,67.4381,33.6050,4083922
2015-07-30,67.6460,67.6959,66.3485,67.0971,33.4351,4018292
2015-07-31,67.1886,67.7625,66.8891,67.6959,33.7335,5550961
2015-08-03,67.5795,68.3447,66.6646,68.3031,34.0361,3670967
2015-08-04,68.1617,68.6275,67.6543,68.5360,34.1521,3132298
2015-08-05,68.7023,70.6902,68.6857,70.3575,35.0598,4713913
2015-08-06,70.2743,70.7983,69.5258,69.8335,34.7987,2910485
2015-08-07,69.5590,70.0997,69.1182,69.7004,34.7324,3606921
2015-08-10,70.0415,70.1496,69.0933,70.0914,34.9272,2110546
2015-08-11,69.1681,69.2513,66.1905,66.4816,33.1284,8367561
2015-08-12,64.9595,64.9761,62.8884,63.2461,31.5161,10275748
2015-08-13,64.6600,64.7515,63.7618,64.0446,31.9140,5543769
2015-08-14,64.2442,64.7765,63.4956,64.0113,31.8974,3717681
2015-08-17,64.5519,64.9428,62.6971,63.4956,31.6405,4335806
2015-08-18,63.2378,63.8200,62.9466,63.0465,31.4166,3316726
2015-08-19,62.3811,62.5640,61.2998,61.4079,30.6001,5341980
2015-08-20,60.7176,61.5992,59.9607,60.2518,30.0240,6522783
2015-08-21,58.7131,60.5595,58.3055,58.5301,29.1661,10312413
2015-08-24,55.7271,57.4571,54.3963,55.7936,27.8025,16656425
2015-08-25,57.0579,59.5781,56.1845,59.0208,29.4106,11831847
2015-08-26,58.4219,59.2953,57.2159,58.3388,29.0708,6580743
2015-08-27,60.3849,61.1584,59.9108,60.4764,30.1359,6347636
2015-08-28,60.6677,60.7592,59.3618,60.2601,30.0282,4549055
2015-08-31,59.4699,59.8858,58.8960,59.6030,29.7008,3312369
2015-09-01,58.5218,58.7630,57.4904,58.1475,28.9754,5895461
2015-09-02,58.6382,59.0042,57.6151,57.9562,28.8801,3627313
2015-09-03,58.8295,60.5762,58.6132,59.9524,29.8748,5855153
2015-09-04,59.2204,59.2786,57.9645,58.6964,29.2490,6521980
2015-09-07,59.1871,59.6779,58.8877,59.4367,29.6179,2737695
2015-09-08,60.1769,61.6491,60.1437,60.9421,30.3680,5068590
2015-09-09,63.6869,63.8117,61.7157,61.7157,30.7535,6689925
2015-09-10,60.9671,62.2812,60.9671,61.4661,30.6292,4627543
2015-09-11,61.3830,61.8487,60.5678,61.1833,30.4882,3363286
2015-09-14,61.1334,62.0567,61.0835,61.6658,30.7286,3992342
2015-09-15,62.1565,63.0631,61.8155,62.4892,31.1390,5283809
2015-09-16,63.3376,63.7534,62.1232,62.6306,31.2094,5011043
2015-09-17,63.0298,63.1130,62.3478,62.7969,31.2923,4516676
2015-09-18,62.3894,62.3894,59.6696,60.1187,29.9577,13542755
2015-09-21,58.2223,59.8442,57.0995,59.2620,29.5308,9266282
2015-09-22,59.3452,59.3785,54.4961,55.1033,27.4585,15264449
2015-09-23,54.5044,56.5256,52.5165,55.2447,27.5289,10223176
2015-09-24,55.4609,56.8167,52.0674,52.7993,26.3104,16623279
2015-09-25,54.3381,55.5358,54.1883,54.6624,27.2388,8279782
2015-09-28,54.3131,54.3214,52.4500,52.8908,26.3560,6336880
2015-09-29,51.9343,53.7475,51.6182,52.6163,26.2192,5939111
2015-09-30,54.4379,55.0367,53.3732,53.9388,26.8782,6213360
2015-10-01,55.0118,55.2863,53.1154,53.6061,26.7124,5256239
2015-10-02,54.1717,54.4711,52.3252,53.7143,26.7663,5393985
2015-10-05,54.7207,55.6190,53.8889,55.2530,27.5331,4425295
2015-10-06,55.6023,57.2824,54.7623,56.6337,28.2211,5163063
2015-10-07,57.4238,59.1206,57.1993,57.9645,28.8843,6195612
2015-10-08,57.9312,59.3785,57.9312,58.6798,29.2407,4196967
2015-10-09,59.5864,60.4930,59.3701,60.0605,29.9287,4352765
2015-10-12,60.4348,61.6325,60.2185,61.1168,30.4551,4579831
2015-10-13,61.0336,61.0835,59.0374,60.3433,30.0696,4809213
2015-10-14,59.5531,60.8506,58.8045,59.4866,29.6427,3755257
2015-10-15,60.1520,61.0419,60.1187,60.6344,30.2147,3431034
2015-10-16,61.3414,61.3830,59.6529,60.2019,29.9992,4405403
2015-10-19,60.2019,61.1750,60.1021,60.5678,30.1815,2650663
2015-10-20,60.5595,60.8756,59.6197,60.1603,29.9784,3086400
2015-10-21,60.7092,61.7905,59.8193,61.3164,30.5546,4104182
2015-10-22,60.6344,63.5122,59.4117,63.2544,31.5203,7812513
2015-10-23,64.7765,66.2820,64.1860,65.4668,32.6227,8355735
2015-10-26,65.7080,66.0407,64.6434,65.1924,32.4860,4270890
2015-10-27,65.2839,65.6415,64.8597,64.9595,32.3699,3373971
2015-10-28,65.1674,65.7829,64.7183,65.6166,32.6974,3305327
2015-10-29,66.3901,66.4483,65.0094,65.3338,32.5564,4288782
2015-10-30,65.6748,65.8494,64.9428,65.6831,32.7305,3600027
2015-11-02,64.9428,66.5648,64.9179,66.3402,33.0579,3480224
2015-11-03,66.3319,66.4400,65.0011,65.9576,32.8673,3884618
2015-11-04,65.2922,65.3338,62.4642,64.5852,32.1834,6509889
2015-11-05,64.6185,65.3587,64.0529,64.9512,32.3658,3482078
2015-11-06,65.1092,66.8143,64.7848,66.3651,33.0704,4869761
2015-11-09,66.4483,66.5814,64.7848,64.8763,32.3285,3568930
2015-11-10,65.2423,65.8744,64.4188,65.7746,32.7761,3125163
2015-11-11,65.6581,66.3319,64.7100,65.1508,32.4653,3966473
2015-11-12,64.8181,64.8680,63.4041,64.0362,31.9099,3859534
2015-11-13,63.7950,64.6018,62.6056,63.5538,31.6695,3837476
2015-11-16,62.5474,63.6869,62.5058,63.2211,31.5037,3068887
2015-11-17,64.0861,64.6684,63.7534,64.6684,32.2249,3434602
2015-11-18,64.5187,65.5667,64.1277,64.9096,32.3451,3181403
2015-11-19,65.7080,66.2736,65.1508,65.3670,32.5730,4110424
2015-11-20,65.8411,66.2071,65.3754,65.9160,32.8466,3699400
2015-11-23,65.7829,66.0241,65.3005,65.6665,32.7222,2535410
2015-11-24,66.0324,66.1489,64.7432,65.2506,32.5150,4676603
2015-11-25,65.3005,66.3319,64.7432,66.1073,32.9419,3993250
2015-11-26,66.3319,68.5859,66.2487,68.2033,33.9863,5931519
2015-11-27,68.0286,69.2347,67.7708,68.5776,34.1729,4281413
2015-11-30,68.7522,70.4740,68.6691,70.4740,35.1179,5993048
2015-12-01,70.7817,71.1144,68.9352,69.2097,34.4879,4847633
2015-12-02,69.5424,69.7919,68.6108,68.9020,34.3345,3558265
2015-12-03,68.4778,69.7753,65.2256,65.2256,32.5026,11252125
2015-12-04,65.4752,65.9908,64.1610,65.3837,32.5813,6403123
2015-12-07,66.2071,67.3216,65.5001,66.3152,33.0455,3859165
2015-12-08,66.4899,66.4899,63.6703,64.4854,32.1337,4895726
2015-12-09,64.8014,65.0759,63.3875,64.1194,31.9513,3509749
2015-12-10,63.6786,64.8929,63.5788,64.2442,32.0135,3266808
2015-12-11,64.0030,64.0030,61.5909,62.0733,30.9317,5517983
2015-12-14,62.5890,62.9550,60.2851,60.6760,30.2354,5060765
2015-12-15,61.4495,63.1629,61.3414,62.7969,31.2923,4996576
2015-12-16,63.2461,63.9697,62.7221,63.2877,31.5368,4445412
2015-12-17,65.2672,66.1239,64.9428,65.3421,32.5606,6053352
2015-12-18,64.7100,65.2007,63.3542,63.8699,31.8270,9938704
2015-12-21,63.7701,65.5583,62.7969,62.7969,31.2923,4553104
2015-12-22,63.7368,64.1277,62.4393,63.5206,31.6529,4442342
2015-12-23,64.1943,64.9761,64.1194,64.7432,32.2622,2856247
2015-12-25,64.7432,64.7432,64.7432,64.7432,32.2622,0
2015-12-28,65.0842,65.2090,64.0612,64.2941,32.0384,1570043
2015-12-29,64.8929,65.5251,64.7266,65.1924,32.4860,2297349
2015-12-30,65.2090,65.2090,64.5270,64.5270,32.1544,1758494
2016-01-04,62.5973,62.5973,60.9255,61.2499,30.5214,8088122
2016-01-05,61.9236,61.9818,60.4181,61.2416,30.5173,4552219
2016-01-06,60.7176,60.9089,58.7879,59.6862,29.7422,6214588
2016-01-07,57.3906,57.6151,56.5588,57.3906,28.5983,9932350
2016-01-08,58.2140,58.8628,56.6753,56.7169,28.2625,6873682
2016-01-11,56.6420,58.2223,56.3509,56.6670,28.2377,5542206
2016-01-12,57.0080,58.6132,56.8167,57.5070,28.6563,5288678
2016-01-13,58.6964,59.0042,56.3925,56.7584,28.2833,5530010
2016-01-14,55.7687,55.7936,53.0988,54.7373,27.2761,13166218
2016-01-15,54.8288,55.3029,52.8243,53.6727,26.7456,9851493
2016-01-18,53.6477,54.8371,53.0489,53.9970,26.9072,5581911
2016-01-19,55.3777,55.6439,54.2965,54.5044,27.1601,5637857
2016-01-20,53.2318,53.6643,52.2504,53.0738,26.4472,7824436
2016-01-21,53.2318,55.2114,52.6912,54.5793,27.1974,7692518
2016-01-22,55.9517,56.0182,55.0035,55.0866,27.4502,6438027
2016-01-25,55.4859,55.6273,53.7309,54.1468,26.9818,5632904
2016-01-26,52.4001,54.4795,52.1755,54.1384,26.9777,6584846
2016-01-27,53.9887,54.8371,53.4564,54.8371,27.3259,4133188
2016-01-28,54.5543,55.4110,52.8825,53.1403,26.4803,6187534
2016-01-29,54.0969,54.1052,52.5249,53.3649,26.5922,6188018
2016-02-01,53.4231,53.6477,51.9509,53.0156,26.4182,4861678
2016-02-02,53.0239,53.1653,51.9676,52.2587,26.0410,6672835
2016-02-03,52.0757,53.5063,51.4353,52.3751,26.0990,10061187
2016-02-04,49.8633,51.0776,49.2062,50.6867,25.2577,15844597
2016-02-05,51.4852,52.0591,50.3207,50.9778,25.4027,9210017
2016-02-08,51.1941,51.5434,49.1563,49.3725,24.6028,8408419
2016-02-09,49.2311,49.9298,48.0085,49.1979,24.5158,9033710
2016-02-10,49.4890,50.1211,48.5408,49.3226,24.5779,7668881
2016-02-11,48.7903,49.9381,47.4179,48.9317,24.3831,8793610
2016-02-12,49.4391,50.9445,49.2894,50.6617,25.2452,7447613
2016-02-15,52.2171,52.7494,51.7846,52.2337,26.0286,5828136
2016-02-16,52.8492,52.9574,51.3105,51.8428,25.8338,4366303
2016-02-17,52.1755,54.2549,52.0674,53.9471,26.8824,6411455
2016-02-18,54.4795,54.7789,53.3566,53.8307,26.8244,6169563
2016-02-19,51.5850,53.0655,51.5683,52.7078,26.2648,6952556
2016-02-22,53.3982,53.8141,53.3150,53.5562,26.6876,4100329
2016-02-23,53.2402,53.4065,52.0674,52.2753,26.0493,5181154
2016-02-24,52.2753,52.3252,49.6304,50.1377,24.9841,7172971
2016-02-25,50.8780,51.3105,49.6304,50.5453,25.1872,5703304
2016-02-26,51.4020,52.6413,51.0859,52.1090,25.9664,6399597
2016-02-29,51.3438,52.5997,51.0693,52.4833,26.1529,5055821
2016-03-01,52.3086,53.9471,52.1339,53.8057,26.8119,4854410
2016-03-02,54.2965,55.3362,54.1468,55.2197,27.5165,5558758
2016-03-03,55.4443,55.8269,54.4961,55.4360,27.6243,4142623
2016-03-04,55.8518,56.3259,55.2696,55.9766,27.8937,5255197
2016-03-07,55.8103,56.1097,54.9036,55.7104,27.7610,3197767
2016-03-08,54.9951,55.3195,53.6643,54.1052,26.9611,6467576
2016-03-09,54.0969,55.1282,53.5229,54.2965,27.0564,6570023
2016-03-10,54.3131,56.2261,51.8678,52.0341,25.9291,11149380
2016-03-11,53.2069,54.2965,52.8409,54.1384,26.9777,4951052
2016-03-14,55.1615,55.9683,54.7123,55.1282,27.4709,5601604
2016-03-15,55.0118,55.6190,54.7623,55.2530,27.5331,4626121
2016-03-16,55.8352,56.6919,55.7188,56.2677,28.0387,6191136
2016-03-17,56.9747,56.9913,54.2383,55.4193,27.6160,6218706
2016-03-18,55.4360,56.1014,55.0367,55.9517,27.8812,14664235
2016-03-21,55.8019,56.8832,55.1948,55.4609,27.6367,4321138
2016-03-22,55.0035,55.6855,54.1883,55.6855,27.7486,4690836
2016-03-23,56.1263,56.7668,55.5607,55.9600,27.8854,5954212
2016-03-24,55.8934,55.8934,54.6791,54.7789,27.2968,5100005
2016-03-29,55.5940,55.7021,54.4545,55.1864,27.4999,4251309
2016-03-30,55.5275,56.8915,55.5191,56.5006,28.1548,5191364
2016-03-31,56.3925,56.6087,55.8269,56.0348,27.9227,5814953
2016-04-01,55.6439,55.6522,54.4212,54.7955,27.3051,7411075
2016-04-04,54.9120,55.3029,54.1218,54.3963,27.1062,5687138
2016-04-05,53.8141,53.8141,52.3252,52.4833,26.1529,9355291
2016-04-06,53.0738,53.1736,51.3854,51.9842,25.9042,11903764
2016-04-07,49.9381,50.4122,49.1313,49.5056,26.3143,9314086
2016-04-08,49.7635,50.2875,49.5721,49.5888,26.3585,5842920
2016-04-11,49.5139,50.6784,48.9899,50.3207,26.7475,4565327
2016-04-12,50.4788,50.9861,49.9048,50.9861,27.1012,4121814
2016-04-13,51.8428,52.9823,51.7264,52.8160,28.0738,6098439
2016-04-14,52.8243,53.1320,52.5581,53.1154,28.2330,3862587
2016-04-15,52.8076,52.9490,51.8927,51.9925,27.6362,5830736
2016-04-18,51.2606,53.0988,51.1109,52.8243,28.0783,4728791
2016-04-19,53.0655,54.8288,52.7494,54.5959,29.0200,7770703
2016-04-20,54.2133,55.2363,54.0054,55.0035,29.2366,5229632
2016-04-21,55.1199,55.6855,54.7290,55.4443,29.4709,6117076
2016-04-22,52.3169,53.2318,51.2356,52.6080,27.9633,14041602
2016-04-25,52.3668,52.4583,51.4020,52.2421,27.7688,5274080
2016-04-26,52.3335,52.8243,52.1256,52.3419,27.8218,4137440
2016-04-27,52.3585,52.7328,51.7264,52.2088,27.7511,4307077
2016-04-28,51.9177,52.4999,51.2855,52.3835,27.8439,3940926
2016-04-29,51.8345,52.1922,50.4788,50.4788,26.8315,5974523
2016-05-02,50.8614,51.2024,50.4954,50.8115,27.0084,2879533
2016-05-03,50.6617,50.6867,49.2727,49.5472,26.3364,5725540
2016-05-04,49.4058,49.7135,48.5990,48.8069,25.9429,4488637
2016-05-05,48.8901,49.6803,48.7654,49.1313,26.1153,3865064
2016-05-06,48.9483,49.7635,48.6073,49.4058,26.2612,4259124
2016-05-09,49.9381,50.4788,49.4640,49.6803,26.4071,3855522
2016-05-10,49.9797,50.3706,49.5638,49.9880,26.5707,4062336
2016-05-11,50.1710,50.3207,49.0481,49.3892,26.2524,3535885
2016-05-12,49.0731,49.8965,48.6905,48.8735,25.9783,3946420
2016-05-13,48.6572,49.0398,48.4160,48.9317,26.0092,4264373
2016-05-17,49.3226,49.7967,47.4678,48.0334,25.5317,6704333
2016-05-18,47.7090,47.9918,47.2100,47.9087,25.4654,4440981
2016-05-19,47.8255,48.6156,47.3347,47.7423,25.3770,4125998
2016-05-20,47.3930,48.1000,47.3015,48.1000,25.5671,5412035
2016-05-23,48.1582,48.1582,46.9521,47.3431,25.1648,5596871
2016-05-24,47.1684,48.6323,46.7359,48.3828,25.7174,5616909
2016-05-25,49.0731,50.0296,48.6822,49.9963,26.5751,5872156
2016-05-26,49.9548,51.0277,49.9132,50.6451,26.9199,4475826
2016-05-27,50.7699,50.9029,50.2209,50.4704,26.8271,3805692
2016-05-30,50.7283,51.5434,50.2625,51.2356,27.2338,4389836
2016-05-31,51.4269,51.6515,50.6285,51.0610,27.1410,4643091
2016-06-01,51.0360,51.0776,49.9631,50.1960,26.6812,3757878
2016-06-02,50.0296,50.6035,49.7468,50.4122,26.7962,2827346
2016-06-03,50.6617,50.8031,48.7404,49.3060,26.2081,5884938
2016-06-06,49.4474,49.8134,49.2727,49.3725,26.2435,2394938
2016-06-07,49.7135,50.4871,49.6720,50.0047,26.5795,4088292
2016-06-08,49.7884,49.9215,49.1313,49.5805,26.3540,3050459
2016-06-09,49.5555,49.5805,48.4327,48.8901,25.9871,4085279
2016-06-10,48.5741,48.6240,47.4928,47.8338,25.4256,5320543
2016-06-13,47.2017,47.4845,46.8856,46.8856,24.9216,4607364
2016-06-14,46.5779,46.5945,45.5798,45.7877,24.3380,6919701
2016-06-15,46.3200,46.5529,45.3386,46.1703,24.5414,6795197
2016-06-16,45.2138,46.1703,45.0391,46.0040,24.4530,5526060
2016-06-17,46.4365,46.9022,46.1370,46.4697,24.7006,8046442
2016-06-20,47.9918,48.6822,47.8088,48.5325,25.7970,5428145
2016-06-21,48.6489,49.1895,47.9502,48.7903,25.9340,3965896
2016-06-22,49.2228,49.7135,48.9151,49.0731,26.0844,4023781
2016-06-23,49.3143,50.3623,49.1646,49.8965,26.5220,5083904
2016-06-24,43.7166,46.9771,43.2509,45.7960,24.3425,21792458
2016-06-27,45.3635,45.9707,44.0244,44.3904,23.5953,10274855
2016-06-28,45.5215,45.5798,44.4319,44.6482,23.7323,6537705
2016-06-29,44.9144,45.2970,44.4652,44.6898,23.7545,6037818
2016-06-30,44.7813,44.7896,44.0161,44.5151,23.6616,6411863
2016-07-01,44.8561,45.8459,44.7397,45.5299,24.2010,5696536
2016-07-04,45.8293,45.9540,44.8478,45.1140,23.9799,3112973
2016-07-05,44.8728,44.8894,43.3839,43.4754,23.1090,7053731
2016-07-06,43.2509,43.4089,42.2777,43.2259,22.9763,6834585
2016-07-07,43.5836,44.2656,43.2259,43.4838,23.1134,4547459
2016-07-08,43.3673,45.3053,43.2342,45.0391,23.9401,5642133
2016-07-11,45.4799,46.1121,45.0973,45.9291,24.4132,4371384
2016-07-12,47.4928,48.2996,47.2932,47.9502,25.4875,8600147
2016-07-13,47.9502,48.7903,47.4179,47.6259,25.3151,5347078
2016-07-14,48.4077,48.9816,48.2497,48.6489,25.8589,5118545
2016-07-15,48.4077,48.8236,48.0168,48.5657,25.8147,4263582
2016-07-18,48.7404,49.3476,48.3079,48.4992,25.7793,3892398
2016-07-19,48.4243,48.5824,47.0436,47.9586,25.4919,4735543
2016-07-20,48.4243,49.2394,47.8754,48.8069,25.9429,4705427
2016-07-21,49.2810,49.8799,49.0731,49.4474,26.2833,5721826
2016-07-22,49.3808,49.7551,48.9982,49.4973,26.3098,3512417
2016-07-25,49.5222,50.4288,49.3226,49.8633,26.5044,4087689
2016-07-26,49.8882,50.7865,49.6387,50.5370,26.8625,4461409
2016-07-27,51.1275,51.9759,51.1192,51.5018,27.3753,5644340
2016-07-28,51.5933,51.9260,50.1627,50.1627,26.6635,7055687
2016-07-29,50.5287,50.7449,50.1793,50.5869,26.8890,4345905
2016-08-01,51.0693,51.2606,50.3374,50.4954,26.8404,3139036
2016-08-02,50.3873,50.5869,48.7321,48.9982,26.0446,5559859
2016-08-03,49.0731,49.5472,48.2497,49.3642,26.2391,3710752
2016-08-04,49.7052,50.1793,49.0149,49.3559,26.2347,3039301
2016-08-05,49.6054,50.9695,49.4807,50.7615,26.9818,4517811
2016-08-08,51.2523,51.4020,50.6534,50.8780,27.0437,3387104
2016-08-09,50.9362,52.3668,50.6617,52.2920,27.7953,5097255
2016-08-10,52.1506,52.4001,51.8179,52.1339,27.7113,3385501
2016-08-11,52.4001,52.4999,51.6682,52.4666,27.8882,3293720
2016-08-12,52.4001,52.4583,52.0674,52.3086,27.8042,2813599
2016-08-15,52.4749,53.0655,52.3502,52.6496,27.9854,2348604
2016-08-16,52.3419,52.4666,51.7846,52.0009,27.6406,3388194
2016-08-17,52.0258,52.1672,51.1026,51.3770,27.3090,3138429
2016-08-18,51.8012,51.9177,51.3022,51.5767,27.4151,2078249
2016-08-19,51.7264,51.7264,50.6784,51.0776,27.1498,3339096
2016-08-22,51.0693,51.9010,50.6534,51.0776,27.1498,2970664
2016-08-23,51.2689,51.7680,50.9861,51.4519,27.3488,2295266
2016-08-24,51.2356,52.0757,50.9113,51.6682,27.4637,2372218
2016-08-25,51.2356,51.2939,50.3956,50.8780,27.0437,4184955
2016-08-26,50.9196,51.5517,50.6784,51.3188,27.2780,2759949
2016-08-29,50.8946,51.2107,50.4455,50.9279,27.0703,2288621
2016-08-30,51.2273,52.0674,50.9861,51.8262,27.5477,3436241
2016-08-31,51.7846,52.0674,51.5683,51.6349,27.4461,2884387
2016-09-01,51.8095,52.3835,51.0443,51.3188,27.2780,3569650
2016-09-02,51.5268,52.3252,50.9695,52.2836,27.7909,3607641
2016-09-05,52.4583,52.6413,52.1589,52.2171,27.7555,2158005
2016-09-06,52.5831,53.0572,52.2920,52.6413,27.9810,3769284
2016-09-07,52.8991,53.5895,52.7744,53.3732,28.3701,3937161
2016-09-08,53.4148,53.7226,52.2254,53.0239,28.1844,4871767
2016-09-09,52.9158,53.1570,52.4833,52.7827,28.0562,2915526
2016-09-12,51.6432,52.0341,51.1691,51.9010,27.5875,5189464
2016-09-13,52.1672,52.3668,51.4768,51.4768,27.3620,3571747
2016-09-14,51.6931,51.7596,50.9113,51.1774,27.2029,4242778
2016-09-15,51.0859,51.5351,50.4788,51.4269,27.3355,3932156
2016-09-16,51.4436,51.5351,50.0213,50.2459,26.7077,9750556
2016-09-19,50.7366,51.2606,50.5037,51.0111,27.1145,3210732
2016-09-20,51.0443,51.2772,50.8198,50.8198,27.0128,2591339
2016-09-21,51.2606,51.5517,51.0859,51.2440,27.2383,2709054
2016-09-22,51.8179,53.1320,51.6765,52.7494,28.0385,6503564
2016-09-23,52.7910,52.9823,52.5498,52.8326,28.0827,3161668
2016-09-26,52.5249,52.5664,51.3521,51.4685,27.3576,4230437
2016-09-27,51.8428,51.9343,50.3873,51.1525,27.1896,4187599
2016-09-28,51.3521,52.1422,51.2606,51.6182,27.4372,3388514
2016-09-29,52.2670,52.6746,51.4602,51.6515,27.4549,3098632
2016-09-30,50.8863,52.4001,50.4039,52.1589,27.7246,5655282
2016-10-04,52.2753,53.7226,52.1838,53.5396,28.4585,7438722
2016-10-05,52.9407,54.0636,52.4833,53.7974,28.5955,4951266
2016-10-06,53.9804,54.1967,53.2651,53.5229,28.4496,3482276
2016-10-07,53.3816,53.4315,52.6413,53.1237,28.2374,4882472
2016-10-10,53.1071,54.1218,52.8991,53.7475,28.5690,4144266
2016-10-11,53.7642,54.2299,53.4564,53.5729,28.4762,4147264
2016-10-12,53.6144,53.8556,53.1237,53.3316,28.3480,3575618
2016-10-13,52.8991,52.8991,52.1506,52.5664,27.9412,4493050
2016-10-14,52.8326,53.7725,52.7328,53.3649,28.3656,4478127
2016-10-17,53.3067,53.4730,52.8243,53.1237,28.2374,3295464
2016-10-18,53.3316,53.7725,53.1403,53.5146,28.4452,3399943
2016-10-19,53.5895,54.5127,53.4398,54.2299,28.8254,4987148
2016-10-20,54.7207,55.3112,54.3464,54.8953,29.1791,5918832
2016-10-21,53.9970,54.2798,53.1487,53.7475,28.5690,8543730
2016-10-24,53.7558,54.5709,53.6893,53.9721,28.6884,4413305
2016-10-25,54.0885,54.4795,53.9056,53.9638,28.6840,3207753
2016-10-26,53.8141,54.4212,53.3732,54.2466,28.8343,3646457
2016-10-27,54.1301,54.6458,54.0137,54.4379,28.9360,3132706
2016-10-28,54.1301,54.4462,53.5063,54.3464,28.8873,3658880
2016-10-31,54.1135,54.3297,53.6976,53.9887,28.6972,3750179
2016-11-01,54.2798,54.3464,53.1403,53.3316,28.3480,3467612
2016-11-02,52.9075,52.9490,51.6682,51.9343,27.6052,4611827
2016-11-03,51.9010,52.3335,51.6099,51.7264,27.4947,3167520
2016-11-04,51.3854,51.6515,50.9445,51.4436,27.3444,3575562
2016-11-07,52.3751,52.7744,52.0258,52.6662,27.9943,3489191
2016-11-08,52.6330,53.0156,52.3502,53.0156,28.1799,3623570
2016-11-09,50.2375,53.1403,49.9215,53.1403,28.2463,10074390
2016-11-10,53.3150,53.7558,52.4417,52.9740,28.1578,6047091
2016-11-11,53.0988,54.1135,53.0655,53.8723,28.6353,6473928
2016-11-14,54.0636,55.0617,53.9305,53.9638,28.6840,6170880
2016-11-15,53.9887,54.2965,53.6144,54.1883,28.8033,3454394
2016-11-16,54.5044,54.5626,53.2901,53.8972,28.6486,3258850
2016-11-17,53.8224,54.4462,53.7974,54.3797,28.9050,3819426
2016-11-18,54.5543,54.8454,54.2632,54.2798,28.8519,4220326
2016-11-21,54.4462,54.8787,54.1468,54.5127,28.9757,3915544
2016-11-22,54.7789,55.1948,54.4795,54.4961,28.9669,3628422
2016-11-23,54.1634,54.3297,53.1986,53.6477,28.5160,5398199
2016-11-24,53.7558,53.9638,53.5479,53.7226,28.5557,2172610
2016-11-25,53.8640,54.0137,53.5895,53.8307,28.6132,1946646
2016-11-28,53.4398,53.6228,53.0489,53.2235,28.2905,2764648
2016-11-29,53.2402,53.2402,52.3335,52.8492,28.0915,4245325
2016-11-30,52.6496,52.9324,52.0009,52.2005,27.7467,4647574
2016-12-01,51.9010,52.2171,51.5268,51.8927,27.5831,3878826
2016-12-02,51.4852,52.2920,51.2440,51.9593,27.6185,3737207
2016-12-05,51.8511,53.5729,51.8428,53.2901,28.3258,5271814
2016-12-06,53.2568,53.7725,52.9989,53.6394,28.5115,3866720
2016-12-07,54.1052,55.7188,54.1052,55.3944,29.4444,7643089
2016-12-08,55.6689,57.1577,55.5108,56.7584,30.1694,9309598
2016-12-09,56.7252,57.1494,56.2844,56.8084,30.1960,5570254
2016-12-12,56.6503,57.0329,56.2344,56.7085,30.1429,4392081
2016-12-13,56.7252,57.5985,56.6670,57.3573,30.4878,5160513
2016-12-14,57.3739,57.6235,56.9497,57.4322,30.5275,4587124
2016-12-15,57.5153,58.5301,57.3407,58.3138,30.9962,8403311
2016-12-16,58.2223,59.0790,58.1391,58.7380,31.2217,12577711
2016-12-19,58.4968,59.0790,58.3221,59.0374,31.3808,3458143
2016-12-20,58.8711,59.2786,58.5633,59.1456,31.4383,4287714
2016-12-21,59.0873,59.3868,59.0208,59.2620,31.5002,3126733
2016-12-22,58.8045,59.2953,58.5883,58.9792,31.3499,3080663
2016-12-23,58.9709,59.2204,58.8378,59.0790,31.4029,2250437
2016-12-27,59.1372,59.2121,58.9044,59.0208,31.3720,1304115
2016-12-28,58.9792,59.2038,58.8877,58.9459,31.3322,2214651
2016-12-29,58.3720,58.7630,58.3055,58.5550,31.1244,2358634
2016-12-30,58.4053,58.8212,58.2306,58.8212,31.2659,2308385
2017-01-02,58.3720,59.4284,58.0726,59.2038,31.4692,2399347
2017-01-03,59.3868,60.4181,59.3701,59.9690,31.8760,4980484
2017-01-04,60.2601,60.3183,59.0707,59.9440,31.8627,3501079
2017-01-05,59.6529,60.4181,59.6280,59.9274,31.8539,3824521
2017-01-06,59.7611,60.0189,59.5365,59.9191,31.8494,2558777
2017-01-09,60.0605,60.2934,59.4117,59.8692,31.8229,3275069
2017-01-10,59.8858,60.2601,59.6197,60.0771,31.9334,3455695
2017-01-11,60.0106,60.9089,59.9357,60.5762,32.1987,4257393
2017-01-12,60.4015,60.6843,56.9248,58.8794,31.2968,8285049
2017-01-13,59.1788,59.7112,58.7131,59.3285,31.5355,4630368
2017-01-16,58.1475,58.6382,58.0310,58.4303,31.0581,3703981
2017-01-17,58.0560,58.8295,57.3407,58.5134,31.1023,4017529
2017-01-18,58.5218,58.8045,58.3138,58.7796,31.2438,2483163
2017-01-19,58.8711,59.1539,58.4885,58.7879,31.2482,3277998
2017-01-20,58.6382,59.0291,58.2722,58.7546,31.2305,4940487
2017-01-23,58.2556,58.7131,57.9977,58.3637,31.0227,3198249
2017-01-24,58.5717,59.4284,58.4802,59.2038,31.4692,3637717
2017-01-25,59.7195,60.6011,59.7195,60.1769,31.9865,5088128
2017-01-26,60.6178,60.6760,59.3119,59.5198,31.6372,4097379
2017-01-27,59.4783,59.5864,58.5467,58.8212,31.2659,4131140
2017-01-30,58.6798,58.8295,58.2223,58.5966,31.1465,3726508
2017-01-31,58.7131,59.0374,57.6817,57.6817,30.6602,5001716
2017-02-01,58.4303,59.0042,57.9728,58.2390,30.9564,4828162
2017-02-02,57.0579,57.0995,55.8186,56.6420,30.1075,11046507
2017-02-03,56.7834,56.9082,56.1014,56.2677,29.9086,5193876
2017-02-06,56.3426,56.6420,55.6689,55.9017,29.7141,4899104
2017-02-07,55.3694,56.0016,55.1698,55.5275,29.5151,4529395
2017-02-08,55.1449,55.8602,55.0035,55.4443,29.4709,4465350
2017-02-09,55.7188,56.1845,55.1948,55.9683,29.7494,4788317
2017-02-10,56.4341,56.4757,55.6356,55.8269,29.6743,3971245
2017-02-13,55.9766,56.8583,55.8934,56.4673,30.0147,3763276
2017-02-14,56.5755,56.8000,56.1845,56.6503,30.1120,3445716
2017-02-15,56.9830,57.1993,56.1097,56.6087,30.0899,4017262
2017-02-16,56.6836,56.8084,56.1263,56.3842,29.9705,3230850
2017-02-17,56.3259,56.3259,55.7104,56.2344,29.8909,4311235
2017-02-20,56.5588,56.7002,56.3343,56.3842,29.9705,2240812
2017-02-21,56.5256,57.4904,56.3093,57.1577,30.3816,4850973
2017-02-22,57.5652,57.8730,57.1910,57.7150,30.6779,4464759
2017-02-23,57.8314,58.5051,57.5486,57.6235,30.6292,3902595
2017-02-24,57.5902,57.7815,56.5256,57.1910,30.3993,4874549
2017-02-27,57.3906,57.5985,57.0995,57.1743,30.3905,2624666
2017-02-28,57.1993,57.3157,56.6753,57.0911,30.3463,3561785
2017-03-01,57.5569,58.3887,57.3157,58.0809,30.8724,5419467
2017-03-02,57.9645,58.2223,57.8397,58.1225,30.8945,2545585
2017-03-03,58.1891,58.2556,57.7316,58.1974,30.9343,3424541
2017-03-06,58.0643,58.1391,57.6318,57.8397,30.7442,2855622
2017-03-07,58.0310,58.6382,57.7649,58.3055,30.9918,4332051
2017-03-08,58.2223,58.7713,58.0393,58.2223,30.9475,3269007
2017-03-09,58.2306,58.5800,57.6068,58.1974,30.9343,5134634
2017-03-10,58.3720,58.8295,57.9728,58.2223,30.9475,4545264
2017-03-13,58.3055,59.0541,58.0726,58.9044,31.3101,5215952
2017-03-14,59.0458,59.1372,58.5467,58.8545,31.2835,4320569
2017-03-15,58.7879,59.4367,58.5717,59.0374,31.3808,4482287
2017-03-16,59.7611,59.8276,59.0374,59.2953,31.5179,4571959
2017-03-17,58.8877,59.2121,58.4718,59.1871,31.4604,7343832
2017-03-20,59.0541,59.2371,58.8545,59.0291,31.3764,2631850
2017-03-21,59.2620,59.6612,58.5134,58.6798,31.1907,5120402
2017-03-22,58.3055,58.6299,57.7898,58.1391,30.9033,7101885
2017-03-23,58.3221,58.8628,58.0976,58.7047,31.2040,4023752
2017-03-24,58.9210,58.9293,58.1891,58.6881,31.1951,3692820
2017-03-27,58.3887,58.6216,58.1807,58.6216,31.1598,4530182
2017-03-28,58.8960,59.7527,58.8461,59.5781,31.6682,5111919
2017-03-29,60.0522,60.7176,60.0189,60.1852,31.9909,8684193
2017-03-30,57.8564,58.0310,57.4238,57.6651,32.4010,5968387
2017-03-31,57.6401,57.7565,57.3324,57.5569,32.3402,5102842
2017-04-03,57.8480,57.9562,56.7834,56.9331,31.9897,4636817
2017-04-04,56.6420,56.6836,55.7603,56.3426,31.6579,5742858
2017-04-05,56.2261,56.2677,55.5774,55.7770,31.3401,4359107
2017-04-06,55.3777,55.8269,54.9785,55.8269,31.3682,4229139
2017-04-07,55.6273,55.8019,55.4193,55.7271,31.3121,3998906
2017-04-10,56.0265,56.0598,55.4443,55.6689,31.2794,2580200
2017-04-11,55.5441,55.7853,54.8787,55.4277,31.1438,3821721
2017-04-12,56.8915,56.9747,55.4942,55.5774,31.2279,5849430
2017-04-13,55.7271,55.8685,55.0284,55.2447,31.0410,3664413
2017-04-18,55.2946,55.3445,54.0303,54.5210,30.6344,6017185
2017-04-19,54.5210,54.9120,54.3963,54.7955,30.7886,3430421
2017-04-20,54.5210,55.2197,54.4046,55.1365,30.9803,3962765
2017-04-21,55.1449,55.4526,54.9785,55.0367,30.9242,4856674
2017-04-24,56.1263,56.6420,56.0515,56.3758,31.6766,6572865
2017-04-25,56.6670,57.3490,56.4507,57.1411,32.1066,5754704
2017-04-26,57.1411,57.5819,56.4424,57.2575,32.1720,5469533
2017-04-27,57.1327,57.1826,56.3592,56.8000,31.9149,4562185
2017-04-28,56.5588,57.1993,56.4673,56.8915,31.9664,4701459
2017-05-02,56.9830,57.0329,56.1263,56.5256,31.7607,4864442
2017-05-03,56.1929,56.4008,55.7687,56.4008,31.6906,3862649
2017-05-04,56.5588,57.0662,56.1430,56.5671,31.7841,4358221
2017-05-05,56.5256,57.1910,56.3426,56.9913,32.0224,4558991
2017-05-08,57.6318,57.6318,56.8333,57.1826,32.1299,3647948
2017-05-09,57.2991,57.5652,57.0163,57.0496,32.0551,3716719
2017-05-10,56.9747,57.5237,56.9331,57.2658,32.1767,2857684
2017-05-11,57.4155,57.4987,56.8832,57.1743,32.1253,3182915
2017-05-12,57.2741,57.5569,57.0995,57.4488,32.2795,3576144
2017-05-15,57.6401,57.7150,57.0246,57.5153,32.3169,2694701
2017-05-16,57.3074,57.4904,56.9414,57.2076,32.1439,3389385
2017-05-17,56.7252,57.1494,56.4673,56.7668,31.8963,4119671
2017-05-18,56.6420,56.6586,55.6772,56.3259,31.6486,6266335
2017-05-19,56.4757,56.8000,56.3093,56.4673,31.7280,4612268
2017-05-22,56.5755,56.7668,55.9184,56.3426,31.6579,3681185
2017-05-23,56.3426,57.1327,55.5025,55.8851,31.4009,7923032
2017-05-24,55.2280,55.4526,54.1634,54.9785,30.8915,7285773
2017-05-25,55.0367,55.1033,54.4711,54.7207,30.7466,3597767
2017-05-26,54.4628,54.6791,53.8141,54.3797,30.5550,4027515
2017-05-29,54.2299,54.4296,53.9638,54.4296,30.5830,2153825
2017-05-30,54.1052,54.5959,53.9388,54.2299,30.4709,3595378
2017-05-31,54.1967,54.4296,53.6643,53.7392,30.1951,5149222
2017-06-01,53.8390,54.5210,53.5396,54.1218,30.4101,4840233
2017-06-02,54.5044,55.3528,54.3547,54.7623,30.7700,4992511
2017-06-05,54.7623,54.7623,54.7623,54.7623,30.7700,0
2017-06-06,54.6791,54.8537,54.1634,54.5044,30.6251,4152477
2017-06-07,54.3963,54.7872,54.1634,54.2050,30.4568,3109227
2017-06-08,54.0636,54.3713,53.8972,54.1967,30.4522,3080034
2017-06-09,54.1551,54.6791,53.9471,54.4462,30.5924,3175419
2017-06-12,54.4212,55.3445,54.2882,54.5959,30.6765,5463482
2017-06-13,54.8787,54.9785,54.6541,54.8122,30.7980,2729715
2017-06-14,54.8870,55.1532,54.4379,54.6541,30.7092,4422520
2017-06-15,54.7040,54.7373,53.7808,54.2715,30.4942,5058688
2017-06-16,54.5210,54.7040,54.1468,54.2299,30.4709,11072329
2017-06-19,54.7456,55.1532,54.6541,54.6541,30.7092,2975979
2017-06-20,55.0367,55.0534,54.4545,54.5377,30.6438,2797344
2017-06-21,54.4961,54.5626,53.9388,54.4379,30.5877,2966056
2017-06-22,54.3630,54.7623,53.9970,54.4711,30.6064,3468074
2017-06-23,54.4379,54.6375,53.9139,54.3464,30.5363,3129893
2017-06-26,54.4795,54.9702,54.2715,54.3713,30.5503,3064402
2017-06-27,54.0636,54.3713,53.6727,54.1301,30.4148,4218931
2017-06-28,53.8556,54.2965,53.4481,53.9804,30.3306,3774001
2017-06-29,54.3048,54.3464,53.2318,53.4897,30.0549,5045533
2017-06-30,53.4814,53.6560,52.4749,52.7078,29.6156,6092593
2017-07-03,53.0405,53.6311,52.8659,53.2984,29.9474,3615312
2017-07-04,53.0821,53.6727,53.0821,53.3150,29.9568,2461259
2017-07-05,53.2402,53.3483,52.6080,53.0156,29.7885,4466097
2017-07-06,53.1570,53.3483,52.4749,52.6995,29.6109,5071013
2017-07-07,52.6912,52.8742,52.5082,52.7993,29.6670,2765934
2017-07-10,53.0738,53.1570,52.5249,52.6995,29.6109,3009181
2017-07-11,53.0655,53.7309,52.9657,53.3566,29.9801,4506625
2017-07-12,53.7309,54.7040,53.5229,54.4462,30.5924,5003032
2017-07-13,52.8160,54.1967,52.8160,54.1883,30.4475,7141872
2017-07-14,53.8224,54.1800,53.4730,53.9555,30.3166,5575121
2017-07-17,54.0137,54.1717,53.6810,53.7974,30.2278,2466668
2017-07-18,53.5978,53.6311,52.9490,53.3732,29.9895,4845994
2017-07-19,53.6061,53.7226,53.1320,53.3483,29.9755,3185566
2017-07-20,53.4897,53.7558,52.7661,53.1487,29.8633,4313608
2017-07-21,53.0655,53.1154,51.4685,52.0508,29.2464,10527775
2017-07-24,50.3789,51.0693,49.8716,50.6701,28.4706,12808296
2017-07-25,50.9279,51.2356,50.6285,50.7865,28.5360,6733115
2017-07-26,50.7865,51.4353,50.1294,50.4039,28.3211,7713604
2017-07-27,50.0961,50.2375,49.7468,50.1461,28.1762,5620415
2017-07-28,49.7801,49.7801,49.1480,49.7801,27.9706,6242254
2017-07-31,49.4973,49.7302,49.0814,49.3143,27.7089,4975175
2017-08-01,49.6054,50.0629,49.0814,49.7801,27.9706,5018144
2017-08-02,49.9797,50.4621,49.4640,49.7385,27.9472,5488020
2017-08-03,49.7385,49.9631,49.5139,49.7135,27.9332,3226202
2017-08-04,49.6221,50.7033,49.4890,50.3457,28.2884,4871925
2017-08-07,50.5619,50.6451,49.9797,50.2459,28.2323,3260819
2017-08-08,50.1045,50.6534,49.8799,50.3207,28.2743,2939514
2017-08-09,49.9714,50.1294,49.6221,49.9215,28.0500,4133754
2017-08-10,49.9048,49.9048,49.3975,49.7967,27.9799,3917654
2017-08-11,49.7219,49.9963,49.5805,49.7385,27.9472,3346426
2017-08-14,50.0546,50.3290,49.9714,50.0296,28.1108,2362905
2017-08-15,50.2791,50.5370,50.1128,50.1128,28.1575,2210014
2017-08-16,50.4788,50.5287,50.1960,50.3374,28.2837,2352234
2017-08-17,50.2209,50.5120,50.0878,50.2542,28.2369,3318650
2017-08-18,49.9880,50.2209,49.8799,50.1627,28.1855,4727244
2017-08-21,49.9963,50.2542,49.8050,49.9963,28.0921,3258796
2017-08-22,50.1793,50.6118,50.0462,50.5952,28.4286,4776378
2017-08-23,50.6368,50.7615,50.4288,50.5453,28.4005,3159699
2017-08-24,50.6451,51.6432,50.4704,51.2772,28.8118,5654088
2017-08-25,51.4103,52.0424,51.2689,51.7097,29.0548,5262935
2017-08-28,51.5767,51.7014,51.2190,51.4852,28.9286,1877977
2017-08-29,51.1857,51.2606,50.5287,51.1691,28.7510,4182176
2017-08-30,51.4436,51.5018,51.1109,51.2273,28.7837,2678978
2017-08-31,51.2440,51.4436,50.7449,50.9279,28.6155,3816177
2017-09-01,51.0527,51.7014,50.9196,51.4020,28.8819,3658422
2017-09-04,51.0693,51.5767,50.9944,51.4353,28.9006,2167549
2017-09-05,51.5767,52.3335,51.3770,51.9177,29.1716,3743703
2017-09-06,52.9823,54.0303,52.6912,53.5645,30.0970,9880755
2017-09-07,54.0636,54.7040,53.9305,53.9887,30.3353,6843612
2017-09-08,53.7226,54.3963,53.6727,53.9222,30.2979,3286362
2017-09-11,54.2715,54.2715,52.7910,53.7725,30.2138,6694893
2017-09-12,54.0303,54.7123,53.8057,54.2798,30.4989,4859277
2017-09-13,54.1468,54.6209,54.0885,54.6209,30.6905,4047520
2017-09-14,54.6042,54.8787,54.5377,54.7539,30.7653,4268884
2017-09-15,54.8870,55.2363,54.5460,55.1033,30.9616,11079409
2017-09-18,55.4443,55.6689,55.1199,55.3112,31.0784,2667832
2017-09-19,55.1948,55.4526,55.1282,55.3195,31.0831,2258983
2017-09-20,55.1116,55.4193,55.0367,55.3777,31.1158,2254354
2017-09-21,55.4027,55.7520,55.4027,55.6190,31.2513,2360875
2017-09-22,55.4776,55.8685,55.3278,55.3944,31.1251,3122631
2017-09-25,55.3112,55.6106,55.1033,55.4776,31.1719,2219470
2017-09-26,55.3861,56.0681,55.3195,55.5108,31.1906,3074725
2017-09-27,55.5607,55.8851,55.4859,55.5857,31.2326,2637175
2017-09-28,55.7271,55.9267,55.3195,55.4360,31.1485,2632300
2017-09-29,55.4110,56.1180,54.9536,56.1180,31.5317,4969964
2017-10-02,56.2428,56.4341,56.0930,56.2428,31.6018,2584111
2017-10-03,56.2428,56.2428,56.2428,56.2428,31.6018,0
2017-10-04,56.8084,57.3157,56.5588,56.9248,31.9851,5210689
2017-10-05,56.9830,57.4238,56.9248,56.9248,31.9851,3835204
2017-10-06,57.1826,57.4571,56.9913,57.1411,32.1066,2976114
2017-10-09,57.3490,57.4488,57.0246,57.0745,32.0692,1914521
2017-10-10,56.9747,57.0080,56.2760,56.5422,31.7701,4307123
2017-10-11,56.6670,57.0163,56.5588,56.6337,31.8215,2733074
2017-10-12,56.6919,56.7834,56.4757,56.5671,31.7841,2369531
2017-10-13,56.6004,56.7002,56.2261,56.4840,31.7374,2174699
2017-10-16,56.5505,57.3407,56.5172,56.8749,31.9570,4264966
2017-10-17,56.7418,57.5403,56.7418,57.1577,32.1159,3822503
2017-10-18,57.3573,57.8064,57.2076,57.6567,32.3963,3197958
2017-10-19,57.8064,57.8896,56.7002,57.3407,32.2187,4015609
2017-10-20,58.0227,58.0809,56.6171,56.8583,31.9477,5693807
2017-10-23,56.9913,57.5153,56.8333,57.1910,32.1346,3125625
2017-10-24,57.0329,58.0310,56.9414,57.7233,32.4337,4082584
2017-10-25,57.6734,58.1142,57.2575,57.5985,32.3636,3485235
2017-10-26,57.5819,58.3471,57.4072,58.1807,32.6907,4680724
2017-10-27,58.3388,59.6363,58.3055,59.1456,33.2329,6799629
2017-10-30,59.1705,59.5365,59.1123,59.2953,33.3170,2902441
2017-10-31,59.2953,59.2953,59.2953,59.2953,33.3170,0
2017-11-01,59.8858,60.8340,59.7195,60.7176,34.1161,6158393
2017-11-02,60.4764,61.0253,60.3932,60.7924,34.1582,3294799
2017-11-03,61.0004,61.2499,60.8091,60.9255,34.2330,3347425
2017-11-06,60.8423,61.0752,60.5429,60.5429,34.0180,2869933
2017-11-07,60.8007,60.9172,59.9108,60.0688,33.7516,3369622
2017-11-08,60.0106,60.3765,59.1040,59.5698,33.4712,4099661
2017-11-09,59.6363,60.0605,58.8960,59.0042,33.1534,4320687
2017-11-10,59.0541,59.2371,58.3887,58.6964,32.9805,4203739
2017-11-13,58.7962,59.0208,57.7482,58.4552,32.8450,3496688
2017-11-14,58.7297,58.8129,57.9395,57.9728,32.5739,2998792
2017-11-15,57.5486,57.6734,57.0246,57.6484,32.3916,4353768
2017-11-16,57.9728,58.2889,57.6401,57.6734,32.4057,2800925
2017-11-17,57.7316,57.8813,57.2658,57.3656,32.2327,3298582
2017-11-20,56.9581,58.1225,56.7834,57.7732,32.4617,3411792
2017-11-21,57.8397,59.1788,57.5320,58.7214,32.9945,5313644
2017-11-22,58.7879,59.0957,58.2057,58.2057,32.7048,2947210
2017-11-23,57.8979,58.4885,57.7399,58.1391,32.6674,2236734
2017-11-24,58.0976,58.6631,58.0643,58.2223,32.7141,1795071
2017-11-27,58.0892,58.4802,57.7815,58.1308,32.6627,2137347
2017-11-28,58.1807,58.3720,57.7565,58.1807,32.6907,2313854
2017-11-29,58.7047,58.9709,58.1475,58.3304,32.7749,3502836
2017-11-30,58.3304,58.6631,57.8148,57.8231,32.4898,4493481
2017-12-01,57.9894,57.9894,56.4341,56.8000,31.9149,6026277
2017-12-04,57.6484,58.0227,57.2409,57.8564,32.5085,3316931
2017-12-05,57.8564,58.4053,57.6567,58.2390,32.7234,4003758
2017-12-06,57.7815,58.0477,57.3989,57.9146,32.5412,3328054
2017-12-07,58.2223,58.3388,57.6900,57.8896,32.5272,2157091
2017-12-08,58.3887,58.9293,58.3055,58.4718,32.8543,4201346
2017-12-11,58.4718,58.7214,58.3970,58.3970,32.8122,2666561
2017-12-12,58.4386,58.8378,58.0393,58.8378,33.0599,3447664
2017-12-13,58.9127,59.3535,58.8045,59.0541,33.1814,3946140
2017-12-14,59.2287,59.4450,58.7131,58.9626,33.1300,4112196
2017-12-15,58.8877,59.0624,58.5218,59.0624,33.1861,8399302
2017-12-18,59.3036,59.7611,59.2537,59.4699,33.4151,4133008
2017-12-19,59.3618,59.6113,59.1955,59.1955,33.2609,2197688
2017-12-20,59.2870,59.6529,58.9127,59.0957,33.2048,3245231
2017-12-21,59.0541,59.5698,58.9709,59.4117,33.3824,2417811
2017-12-22,59.2703,59.3202,59.0458,59.3119,33.3263,2299374
2017-12-27,59.4699,59.9191,59.2537,59.2537,33.2936,2108404
2017-12-28,59.2287,59.2786,58.8877,58.9709,33.1347,1959689
2017-12-29,58.9127,59.0291,58.7131,58.8877,33.0880,2092948
2018-01-02,58.8378,59.1206,57.6651,58.7380,33.0039,4792431
2018-01-03,58.8461,59.5115,58.7879,59.2121,33.2702,3507533
2018-01-04,59.7195,60.3017,59.6696,59.9025,33.6581,4368709
2018-01-05,60.0938,60.7009,60.0189,60.7009,34.1068,4198945
2018-01-08,60.9172,61.7240,60.8922,61.3414,34.4666,4754655
2018-01-09,61.4661,62.1399,61.2832,61.6824,34.6583,4000960
2018-01-10,61.5493,61.9486,61.3164,61.6741,34.6536,3413353
2018-01-11,61.7157,61.8487,60.6677,61.2249,34.4012,3991073
2018-01-12,61.4911,61.9319,61.3830,61.6990,34.6676,3868963
2018-01-15,61.7157,61.8072,61.1418,61.5576,34.5882,2597992
2018-01-16,61.5659,62.3727,61.3580,61.8404,34.7471,4106222
2018-01-17,61.4661,61.8654,61.1833,61.4911,34.5508,3372856
2018-01-18,61.7905,61.9818,61.4495,61.9818,34.8265,3880581
2018-01-19,61.8571,62.6139,61.8571,62.3894,35.0555,4530497
2018-01-22,62.2812,62.9300,62.1898,62.8302,35.3032,3510303
2018-01-23,63.2128,63.4873,62.6971,62.9550,35.3733,3939308
2018-01-24,63.2128,63.6120,62.7221,62.7304,35.2471,4267546
2018-01-25,62.4975,62.6971,61.4745,61.8737,34.7658,5330385
2018-01-26,61.5410,62.2230,61.5327,62.2230,34.9620,3363119
2018-01-29,62.4642,62.7720,62.1232,62.2896,34.9994,3614576
2018-01-30,61.7572,62.1315,61.3913,61.5909,34.6068,4563148
2018-01-31,61.5244,61.8487,60.9754,61.3247,34.4573,4717339
2018-02-01,60.1021,61.6574,59.2870,60.0023,33.7142,8607338
2018-02-02,59.8858,60.0355,58.4386,59.1955,33.2609,6271656
2018-02-05,58.8212,59.5448,58.6382,58.8045,33.0413,5031850
2018-02-06,57.0496,58.6881,56.2760,57.7649,32.4571,10180486
2018-02-07,58.4968,59.2038,57.8979,58.7630,33.0179,6317393
2018-02-08,58.5051,59.1289,58.1891,58.4968,32.8683,6596018
2018-02-09,58.3304,58.9293,57.9562,58.3304,32.7749,9038408
2018-02-12,58.9376,59.5198,58.5218,59.0291,33.1674,4971679
2018-02-13,58.9127,59.0458,58.5550,58.7380,33.0039,3378637
2018-02-14,59.2287,60.0688,58.1724,59.5614,33.4665,6494869
2018-02-15,59.9856,60.3266,59.5698,59.8276,33.6161,5595875
2018-02-16,60.0771,60.4680,59.8276,60.3017,33.8825,5784512
2018-02-19,58.9709,59.4533,58.7879,59.0624,33.1861,5680266
2018-02-20,58.5550,58.8129,58.1059,58.7380,33.0039,4696971
2018-02-21,58.6964,58.7297,57.9229,58.5051,32.8730,3732140
2018-02-22,58.0061,58.3970,57.5652,58.2556,32.7328,3946851
2018-02-23,58.4718,58.8960,58.0310,58.5633,32.9057,5478674
2018-02-26,58.5966,58.7546,57.7732,58.4136,32.8216,6649328
2018-02-27,58.7546,59.0374,57.8480,58.5301,32.8870,5528662
2018-02-28,58.3887,59.0208,58.3637,58.6132,32.9338,4389436
2018-03-01,58.4802,58.6132,57.0828,57.4072,32.2561,6297380
2018-03-02,56.9664,57.0163,55.6190,56.0182,31.4756,6340402
2018-03-05,55.1033,56.0348,54.9868,55.9849,31.4569,5263574
2018-03-06,56.9331,57.1078,56.1014,56.2012,31.5785,3926440
2018-03-07,55.9433,56.8250,55.2946,56.4341,31.7093,4374464
2018-03-08,56.3426,56.5256,55.5524,56.4590,31.7233,4222969
2018-03-09,56.4757,56.8666,56.0764,56.4923,31.7420,3523556
2018-03-12,57.0163,57.0329,56.6420,56.8250,31.9290,2279639
2018-03-13,56.9331,57.3656,55.9350,56.3176,31.6439,4582880
2018-03-14,56.2012,56.6087,55.8269,56.1430,31.5457,4076173
2018-03-15,56.2095,56.8499,55.9184,56.7584,31.8916,5028048
2018-03-16,56.9747,57.8064,56.9747,57.5320,32.3262,17697759
2018-03-19,57.3490,57.6068,56.5838,56.9997,32.0271,4633388
2018-03-20,56.7169,57.2575,56.5921,57.1244,32.0972,3276513
2018-03-21,57.1411,57.1411,56.8000,57.0828,32.0738,2522057
2018-03-22,56.5588,56.9082,55.2280,55.7520,31.3261,6726878
2018-03-23,55.3944,55.5191,54.2299,54.7040,30.7372,6156805
2018-03-26,54.9785,55.6855,54.2798,54.5044,30.6251,4071055
2018-03-27,55.7271,56.0348,55.1532,55.2863,31.0644,4816108
2018-03-28,54.8953,55.2197,54.1717,55.1449,30.9849,5066374
2018-03-29,55.3112,57.5985,55.2280,57.3656,32.2327,9651035
2018-04-03,57.0496,57.4322,56.5422,57.0246,32.0411,5020599
2018-04-04,57.3906,57.3906,55.8518,56.6503,31.8308,5910915
2018-04-05,57.8064,58.0310,56.9830,57.8979,32.5318,8007385
2018-04-06,54.8953,55.1864,54.1218,54.3381,32.5859,6719957
2018-04-09,54.6957,54.7706,53.6810,54.0220,32.3963,4625003
2018-04-10,55.0617,55.3029,54.6375,54.6791,32.7904,4996603
2018-04-11,54.6624,54.7706,54.0885,54.2715,32.5460,3508102
2018-04-12,54.1883,54.5210,53.9970,54.4545,32.6557,3373140
2018-04-13,54.7539,55.1781,54.5210,54.6042,32.7455,3440194
2018-04-16,54.7207,54.8537,54.2383,54.3214,32.5759,2582185
2018-04-17,54.4628,55.1033,54.1883,54.8953,32.9201,3487587
2018-04-18,54.4046,54.6957,53.9638,54.2549,32.5360,5782087
2018-04-19,53.9970,54.2632,53.9555,54.2299,32.5210,3233334
2018-04-20,54.1551,54.3131,53.9139,54.1634,32.4811,4428728
2018-04-23,54.0636,54.5377,53.8390,54.3547,32.5959,2967257
2018-04-24,54.1883,54.3381,53.7642,54.1967,32.5011,3858165
2018-04-25,53.4148,54.0802,53.0489,54.0719,32.4263,6009177
2018-04-26,53.8556,54.5294,53.5146,54.0885,32.4362,4720598
2018-04-27,54.6541,54.8621,54.0969,54.5959,32.7405,3991724
2018-04-30,54.6458,54.8787,54.0719,54.4795,32.6707,3152823
2018-05-02,54.2965,55.6855,54.2632,55.3528,33.1944,5461430
2018-05-03,55.3694,55.5857,54.9203,55.1698,33.0847,3448166
2018-05-04,55.1282,55.2946,54.8205,55.2946,33.1595,3354390
2018-05-07,55.2363,55.7603,55.0284,55.5857,33.3341,2690401
2018-05-08,55.5857,55.7437,55.3195,55.7437,33.4288,3245213
2018-05-09,55.4110,55.9600,55.3694,55.8103,33.4687,3102020
2018-05-10,55.9017,56.0930,55.4609,55.8851,33.5136,2308568
2018-05-11,55.9267,55.9267,55.5108,55.7687,33.4438,2719532
2018-05-14,55.8685,55.8685,55.2280,55.5940,33.3391,2669217
2018-05-15,55.5607,55.8934,55.3195,55.6439,33.3690,3366697
2018-05-16,55.7271,55.8602,55.5358,55.6190,33.3540,2389148
2018-05-17,55.6190,56.3925,55.6023,56.3925,33.8179,4077664
2018-05-18,56.3426,56.6919,55.8768,56.0598,33.6184,5632065
2018-05-21,56.0598,56.0598,56.0598,56.0598,33.6184,0
2018-05-22,56.7584,57.0911,56.3259,56.8749,34.1072,4804882
2018-05-23,56.6753,56.8915,55.4360,55.7936,33.4588,5032478
2018-05-24,55.2530,55.3029,53.6976,54.2466,32.5310,8225937
2018-05-25,54.3963,54.5460,53.5978,54.1218,32.4562,5402348
2018-05-28,54.2299,54.4046,53.0489,53.4148,32.0322,3802876
2018-05-29,53.0239,53.0239,51.8595,52.5581,31.5185,6749448
2018-05-30,52.4084,52.4833,51.7846,52.2920,31.3589,5563140
2018-05-31,51.9842,52.0757,50.9944,51.3022,30.7653,11917337
2018-06-01,51.5933,52.0092,51.2939,51.5933,30.9399,5644672
2018-06-04,51.9426,52.1173,51.5434,51.7014,31.0047,2697139
2018-06-05,51.6515,52.4334,51.6432,51.7347,31.0247,3889656
2018-06-06,51.6765,51.9759,51.2939,51.8595,31.0995,4556981
2018-06-07,51.9842,52.4500,51.6765,51.8761,31.1095,3420675
2018-06-08,51.4852,51.6016,50.9529,51.5351,30.9050,4284531
2018-06-11,50.6534,51.0859,50.2875,51.0859,30.6356,6225168
2018-06-12,51.6515,52.0424,51.4685,51.8262,31.0795,6487717
2018-06-13,51.9094,51.9759,51.1691,51.3438,30.7902,4031527
2018-06-14,50.9029,52.7577,50.8364,52.5581,31.5185,6436250
2018-06-15,52.6247,52.9241,51.6432,51.8345,31.0845,23837094
2018-06-18,51.5184,51.7264,50.8530,51.3438,30.7902,3830538
2018-06-19,50.5869,50.8530,50.1793,50.6534,30.3762,4227489
2018-06-20,50.8364,51.0610,50.2126,50.2791,30.1518,5589429
2018-06-21,48.9067,49.0731,47.8671,48.1083,28.8500,15115590
2018-06-22,48.0168,48.1166,47.2932,47.9586,28.7602,7037240
2018-06-25,47.5760,47.6175,46.6361,46.6361,27.9671,6570842
2018-06-26,46.9937,47.3514,45.9707,46.2701,27.7476,6311920
2018-06-27,46.2036,47.1102,45.6629,46.2701,27.7476,7611711
2018-06-28,46.1620,46.7276,45.5714,45.9374,27.5481,5900182
2018-06-29,46.4864,46.5196,45.7295,45.8542,27.4982,5030311
2018-07-02,45.7045,46.9189,45.5631,46.2285,27.7227,7251870
2018-07-03,46.4614,47.1351,46.2285,46.6361,27.9671,5434548
2018-07-04,46.6777,47.1102,46.5779,46.8939,28.1217,3446422
2018-07-05,48.2414,49.2062,48.1083,48.6572,29.1792,7635157
2018-07-06,49.1313,49.1313,47.9419,48.2746,28.9497,5301472
2018-07-09,48.6073,48.6156,47.8587,48.3245,28.9796,3152064
2018-07-10,48.4077,48.6489,48.1000,48.5325,29.1043,2786135
2018-07-11,48.1083,48.1748,47.4928,47.5593,28.5208,4370066
2018-07-12,47.9502,47.9502,47.1518,47.5427,28.5108,3433219
2018-07-13,47.7506,47.9669,47.5344,47.6175,28.5557,2763168
2018-07-16,47.5593,47.7922,47.2599,47.4761,28.4709,2843005
2018-07-17,47.3930,48.0667,47.3680,47.8088,28.6704,3442011
2018-07-18,48.4327,48.7654,48.2580,48.4576,29.0594,3958713
2018-07-19,48.4909,48.9317,48.4576,48.7737,29.2490,3545385
2018-07-20,48.7487,48.7487,47.2848,47.6259,28.5607,6490409
2018-07-23,47.4845,48.0251,47.2100,48.0251,28.8001,2815121
2018-07-24,48.3412,49.6720,48.2663,49.2145,29.5133,5579130
2018-07-25,49.0565,49.1313,47.6674,48.1415,28.8699,4963923
2018-07-26,48.6572,49.6969,47.4845,49.4973,29.6829,8129837
2018-07-27,49.4224,49.8466,48.9816,49.3143,29.5732,4389517
2018-07-30,49.1979,49.5888,49.0814,49.3642,29.6031,2300675
2018-07-31,49.2394,49.6387,48.9234,49.1979,29.5034,4599787
2018-08-01,49.4058,49.4141,48.2913,48.4410,29.0495,4864284
2018-08-02,48.1083,48.1748,47.2100,47.7506,28.6355,4605085
2018-08-03,47.8920,48.6822,47.7340,48.3744,29.0096,2880189
2018-08-06,48.5657,49.0648,48.3162,48.4493,29.0545,2721529
2018-08-07,48.6240,49.4058,48.6240,48.9816,29.3737,3383316
2018-08-08,48.9151,49.2977,48.7321,49.1230,29.4585,2157601
2018-08-09,48.9982,49.3892,48.7737,49.1064,29.4485,2484662
2018-08-10,48.8236,48.8236,47.3847,47.5760,28.5307,5391938
2018-08-13,47.7423,48.1249,47.6009,47.6009,28.5457,3016379
2018-08-14,47.7589,47.9253,46.6278,46.9521,28.1566,3838257
2018-08-15,47.0935,47.3431,45.5382,45.7877,27.4583,6172160
2018-08-16,46.2202,46.3450,45.7877,45.9873,27.5780,3331031
2018-08-17,45.9956,46.1287,45.0973,45.6796,27.3935,4523685
2018-08-20,45.8709,46.2368,45.6796,45.9873,27.5780,2354096
2018-08-21,45.8792,46.5695,45.5465,46.4697,27.8673,3541027
2018-08-22,46.3782,46.8856,45.2138,45.9956,27.5830,5149935
2018-08-23,45.8376,45.9873,45.2055,45.2554,27.1391,3302386
2018-08-24,45.4134,45.7461,45.2055,45.5382,27.3087,2425566
2018-08-27,45.7960,46.7525,45.7461,46.6693,27.9870,3110483
2018-08-28,47.0436,47.3930,46.8274,46.8274,28.0818,3206714
2018-08-29,46.9521,47.1850,46.5862,47.1351,28.2664,2302138
2018-08-30,47.0270,47.6841,46.3200,47.1185,28.2564,3881901
2018-08-31,46.4614,46.8024,46.2701,46.3283,27.7825,4022097
2018-09-03,46.2452,46.2867,45.5382,45.7461,27.4334,2927588
2018-09-04,45.8958,45.9208,44.7979,45.0807,27.0344,4032324
2018-09-05,44.8561,45.4633,44.5151,45.1473,27.0743,4697548
2018-09-06,45.1805,45.8210,45.0558,45.1805,27.0942,3291963
2018-09-07,45.1805,45.3302,44.9975,45.3136,27.1740,3114952
2018-09-10,45.3219,45.4799,44.9144,45.3302,27.1840,3001949
2018-09-11,45.5881,45.6213,44.7064,44.9560,26.9595,3389029
2018-09-12,45.0059,45.3635,44.6399,45.3552,27.1990,2922573
2018-09-13,45.3718,46.2535,45.3469,45.8210,27.4783,4237137
2018-09-14,46.0539,46.6943,45.8792,46.1953,27.7027,4208237
2018-09-17,45.7960,46.4531,45.7128,46.0871,27.6379,3178821
2018-09-18,46.1786,46.9688,46.0123,46.3866,27.8175,5192009
2018-09-19,46.4115,46.9688,46.4115,46.8440,28.0918,3601149
2018-09-20,46.6943,47.8754,46.6777,47.5843,28.5357,5154051
2018-09-21,48.2414,48.9151,47.7090,47.9170,28.7352,11080038
2018-09-24,47.8172,47.8172,46.6194,46.6860,27.9970,4757286
2018-09-25,46.7109,46.8939,45.0973,45.5299,27.3037,7456840
2018-09-26,45.5964,45.6962,44.4569,45.6047,27.3486,6050544
2018-09-27,45.8293,46.2535,45.1805,46.2368,27.7277,4670763
2018-09-28,46.0123,46.0455,45.0142,45.2055,27.1092,5255563
2018-10-01,45.2970,45.8542,44.8478,45.6463,27.3735,3027652
2018-10-02,45.4051,46.9355,45.3718,46.5779,27.9322,5960577
2018-10-04,47.2433,47.4845,46.6444,46.9438,28.1517,5169767
2018-10-05,46.8523,46.9106,46.0539,46.2535,27.7377,3581115
2018-10-08,45.8958,46.0206,45.3635,45.4134,27.2339,3550160
2018-10-09,45.3885,45.5132,44.6066,45.2637,27.1441,3722677
2018-10-10,45.3302,45.4467,44.5151,44.5817,26.7351,4994282
2018-10-11,43.8081,44.4070,43.3507,43.8331,26.2862,6573419
2018-10-12,44.2490,44.7813,43.8747,43.9911,26.3809,4034557
2018-10-15,43.6917,44.2573,43.2758,44.0161,26.3959,3786767
2018-10-16,43.9579,44.5318,43.5253,44.2739,26.5505,4572486
2018-10-17,44.6149,44.6149,43.4838,43.8830,26.3161,3967350
2018-10-18,44.0161,44.5151,43.5586,43.5919,26.1415,3048194
2018-10-19,43.5669,43.6501,40.5643,42.7435,25.6328,11434400
2018-10-22,42.8766,43.7666,42.2611,42.2611,25.3435,5223704
2018-10-23,41.7038,42.3027,41.3545,41.9866,25.1789,6627823
2018-10-24,42.8350,42.8599,41.4543,41.5874,24.9395,5910554
2018-10-25,41.4210,43.0596,41.4210,42.7102,25.6128,6983246
2018-10-26,42.3193,42.7269,41.8702,42.7269,25.6228,5303968
2018-10-29,42.7518,45.3552,42.7269,43.6085,26.1515,7575994
2018-10-30,43.8165,44.0743,43.0762,43.3507,25.9969,5082442
2018-10-31,43.9994,44.0826,43.3008,43.5503,26.1166,5162553
2018-11-01,43.4422,44.2573,43.1760,43.7250,26.2213,3478404
2018-11-02,45.0225,45.5964,44.1408,44.1991,26.5056,6376907
2018-11-05,44.3321,44.3820,43.8081,43.8248,26.2812,3094873
2018-11-06,43.9579,44.0327,43.3756,43.4754,26.0717,3105295
2018-11-07,43.4754,44.0327,43.2509,43.5004,26.0867,4015320
2018-11-08,43.5420,43.6168,42.5772,42.6686,25.5879,5282772
2018-11-09,42.4191,42.5855,41.8036,42.2195,25.3185,3962948
2018-11-12,42.4940,42.7269,41.7704,41.9284,25.1440,4090694
2018-11-13,41.9034,43.3340,41.8868,43.1594,25.8822,5555128
2018-11-14,43.2342,44.4403,43.1012,43.4921,26.0817,5275236
2018-11-15,42.8433,43.0679,41.9367,42.4690,25.4682,6077505
2018-11-16,42.9182,43.2675,41.8286,41.9949,25.1839,5884139
2018-11-19,42.1530,42.4274,41.7870,41.9617,25.1639,5362090
2018-11-20,41.9034,42.1031,41.2672,41.4044,24.8297,5838024
2018-11-21,41.7205,42.3775,41.5042,42.2860,25.3584,3711428
2018-11-22,42.2278,42.2278,41.5791,41.9367,25.1489,2200753
2018-11-23,41.8785,42.2860,41.8369,42.1446,25.2736,2409263
2018-11-26,42.4108,43.4172,42.3276,43.2010,25.9071,4191432
2018-11-27,43.3340,43.3340,41.9034,42.1613,25.2836,4428988
2018-11-28,42.4108,42.5106,41.8535,42.1031,25.2487,3709604
2018-11-29,42.2694,42.4857,41.6955,42.1446,25.2736,4413709
2018-11-30,41.9783,42.0365,40.5518,41.3337,24.7873,8826948
2018-12-03,43.4172,44.4902,42.9681,43.2093,25.9121,9224854
2018-12-04,42.7934,42.9015,41.9617,41.9617,25.1639,4442153
2018-12-05,41.8369,42.2777,41.5167,41.5874,24.9395,3426005
2018-12-06,40.9053,41.0634,38.9715,39.0173,23.3982,11225670
2018-12-07,39.7367,39.9239,38.7220,38.8717,23.3109,6095624
2018-12-10,38.5931,38.5931,37.4869,37.8196,22.6799,7456465
2018-12-11,38.2354,39.3001,37.8986,38.8384,23.2910,8334824
2018-12-12,39.0713,39.6245,38.8093,39.4415,23.6526,5898077
2018-12-13,39.6660,40.1401,39.4165,39.5413,23.7124,4449350
2018-12-14,39.0921,39.7534,38.4267,39.3999,23.6276,6168706
2018-12-17,39.5496,40.0902,39.0381,39.4415,23.6526,4334638
2018-12-18,39.2793,40.2815,39.1046,39.1753,23.4930,5564751
2018-12-19,39.2460,39.7534,39.2086,39.2793,23.5553,5042530
2018-12-20,38.9632,39.2127,38.4434,38.6887,23.2012,5717366
2018-12-21,38.4267,39.5787,38.0732,38.9383,23.3508,13395029
2018-12-27,39.0547,39.1545,37.2706,37.6532,22.5802,6172050
2018-12-28,37.8736,38.3810,37.8487,38.1855,22.8994,2823188
2019-01-02,38.2188,38.2812,37.0211,37.6366,22.5702,5495385
2019-01-03,37.1874,37.7655,37.0543,37.2415,22.3333,4087461
2019-01-04,37.7114,39.1504,37.5908,39.1504,23.4780,6123613
2019-01-07,39.5038,39.7159,38.8260,39.2252,23.5229,3781141
2019-01-08,39.0921,40.2566,38.9715,39.5080,23.6925,5145897
2019-01-09,40.0861,41.3753,39.9072,40.6849,24.3983,7240874
2019-01-10,40.3813,40.9968,39.7825,40.9968,24.5853,4595212
2019-01-11,41.1673,41.1965,40.0237,40.6766,24.3933,5137097
2019-01-14,40.3398,41.1632,40.2649,40.9844,24.5778,4100296
2019-01-15,41.2547,41.9866,40.9303,41.1216,24.6601,4203925
2019-01-16,41.3545,41.4709,40.9178,41.4626,24.8646,3439649
2019-01-17,40.9636,41.0301,40.4936,40.7016,24.4082,4098807
2019-01-18,41.2380,42.3359,41.0925,42.3276,25.3834,7010909
2019-01-21,42.3775,42.4025,42.0282,42.1862,25.2986,2278056
2019-01-22,41.9866,42.1446,41.6955,42.0615,25.2238,3278128
2019-01-23,42.0864,42.1031,41.4335,41.8203,25.0791,3523902
2019-01-24,41.6705,42.4940,41.4709,42.4940,25.4831,4167685
2019-01-25,42.8516,43.8414,42.8516,43.7250,26.2213,5152211
2019-01-28,43.5503,43.7333,43.3008,43.4089,26.0318,3242674
2019-01-29,43.1261,43.7166,42.8017,43.2509,25.9370,3354289
2019-01-30,43.2509,43.3756,42.8683,43.0596,25.8223,2446026
2019-01-31,43.3424,43.7998,42.3858,42.9681,25.7674,4699285
2019-02-01,43.6501,44.1824,43.3507,44.1076,26.4508,5938372
2019-02-04,44.1658,44.3155,43.2176,43.3923,26.0218,3979945
2019-02-05,43.7416,44.0078,43.2841,44.0078,26.3909,3846696
2019-02-06,43.3257,43.7166,42.4358,43.2093,25.9121,7495222
2019-02-07,42.7435,42.8267,40.9428,40.9428,24.5529,8647255
2019-02-08,40.5061,40.9760,39.8407,39.9322,23.9469,7046827
2019-02-11,40.0445,40.2399,39.7451,40.0570,24.0217,4083378
2019-02-12,40.6101,41.2422,40.5643,41.0758,24.6327,4105462
2019-02-13,41.4085,41.9118,40.8929,41.7704,25.0492,4093592
2019-02-14,42.0448,42.3110,40.9968,41.0051,24.5903,4270125
2019-02-15,40.5643,42.2195,40.3106,42.0947,25.2437,6667582
2019-02-18,41.5874,42.2361,41.5000,41.9201,25.1390,2915008
2019-02-19,41.5957,42.0615,41.2838,41.9700,25.1689,2781821
2019-02-20,42.0448,43.4921,42.0032,43.0512,25.8173,5281927
2019-02-21,43.2509,43.4671,43.0429,43.3424,25.9919,3285294
2019-02-22,43.2509,43.7416,43.1677,43.4172,26.0368,3284897
2019-02-25,43.7582,44.6815,43.5836,44.4486,26.6553,5245777
2019-02-26,44.1658,44.3488,43.5836,44.2074,26.5106,3363892
2019-02-27,44.1991,44.2490,43.6667,43.9828,26.3760,2897120
2019-02-28,43.6501,43.9079,43.4671,43.7998,26.2662,3766616
2019-03-01,44.1824,44.7646,44.1824,44.3155,26.5755,3815945
2019-03-04,44.6648,44.7646,44.3654,44.4819,26.6752,3335476
2019-03-05,44.3820,44.4819,43.9412,44.0078,26.3909,3113042
2019-03-06,43.6667,43.6751,43.1511,43.4172,26.0368,3613209
2019-03-07,43.0762,43.0845,41.5292,41.9533,25.1589,6377289
2019-03-08,41.2963,41.6955,40.8388,41.6539,24.9794,5004932
2019-03-11,41.9866,42.2777,41.7454,42.2112,25.3135,2799635
2019-03-12,42.6271,42.8184,41.9700,42.0532,25.2188,3838020
2019-03-13,41.9201,42.4441,41.8619,42.3193,25.3784,3161106
2019-03-14,42.4274,42.7685,42.1197,42.3942,25.4233,3396755
2019-03-15,42.7185,43.3839,42.4441,42.9764,25.7724,10984891
2019-03-18,42.9514,43.0013,42.4274,42.5023,25.4881,3486583
2019-03-19,42.6354,44.2323,42.5106,43.9662,26.3660,6359114
2019-03-20,44.1076,44.2074,42.9015,43.0180,25.7974,5799430
2019-03-21,42.8350,43.1261,42.5023,42.8350,25.6876,4130929
2019-03-22,43.0596,43.4422,42.0032,42.0032,25.1888,7978498
2019-03-25,41.9367,42.6520,41.7953,42.2112,25.3135,3965066
2019-03-26,42.1696,42.4940,41.7870,41.9118,25.1340,4435739
2019-03-27,42.1779,42.9681,42.1197,42.7102,25.6128,4751485
2019-03-28,42.5522,43.0596,42.3609,42.4940,25.4831,3881674
2019-03-29,42.5356,43.4588,42.4690,43.4588,26.0617,5257470
2019-04-01,43.9163,45.5215,43.9079,45.2471,27.1341,9531438
2019-04-02,45.2471,45.8210,44.8229,45.7045,27.4085,5890941
2019-04-03,46.0788,46.4365,46.0539,46.1537,27.6778,5406529
2019-04-04,46.1620,46.9605,46.0040,46.7608,28.0419,4651219
2019-04-05,46.8440,46.9605,46.4198,46.5862,27.9372,3691114
2019-04-08,46.0788,46.6860,45.8459,46.5529,27.9172,2984571
2019-04-09,46.4198,46.7608,45.8459,45.9374,27.5481,3785475
2019-04-10,45.9540,46.1620,45.6297,45.7960,27.4633,4839541
2019-04-11,45.9374,46.3283,45.5465,46.1204,27.6579,3232207
2019-04-12,45.9208,47.3514,45.7378,47.1351,28.2664,6015461
2019-04-15,46.6610,47.2266,46.5280,46.9854,28.1766,4050229
2019-04-16,46.9937,47.6259,46.9937,47.3680,28.4060,4577867
2019-04-17,47.8421,48.7321,47.5926,48.3079,28.9697,6891490
2019-04-18,48.1332,49.3559,47.9502,49.3309,29.5832,9774145
2019-04-23,49.7052,49.9048,49.0897,49.1646,29.4834,5529441
2019-04-24,48.2746,49.2561,48.1083,48.6073,29.1492,5368441
2019-04-25,48.2580,48.5075,47.9003,47.9918,28.7801,6302109
2019-04-26,47.5177,48.8485,47.4595,48.4909,29.0794,5636341
2019-04-29,48.4909,48.8652,48.1665,48.3578,28.9996,3586350
2019-04-30,47.8754,48.7071,47.8504,48.5241,29.0993,4157251
2019-05-02,48.5241,49.2894,48.4410,48.7487,29.2340,4670392
2019-05-03,48.5574,48.6905,48.3911,48.6905,29.1991,3778506
2019-05-06,47.2349,48.1914,46.8523,47.6924,28.6006,7688969
2019-05-07,47.6674,47.9087,46.9106,47.0935,28.2414,6431663
2019-05-08,46.8523,47.8837,46.7193,47.6591,28.5806,5969448
2019-05-09,47.0436,47.2599,46.0705,46.2867,27.7576,8904113
2019-05-10,46.7941,46.9355,44.3654,44.8229,26.8797,9771605
2019-05-13,44.3654,44.4735,42.8184,43.3507,25.9969,8608353
2019-05-14,44.0826,44.3072,43.6002,43.8747,26.3111,6358110
2019-05-15,44.1907,45.6297,43.0928,45.1639,27.0842,8015141
2019-05-16,44.9560,45.1805,44.2739,44.9144,26.9346,6036731
2019-05-17,44.8146,44.8977,43.9412,44.3820,26.6154,6455844
2019-05-20,44.4985,44.5567,42.9764,43.2675,25.9470,5902707
2019-05-21,43.6168,44.1408,43.1677,43.3507,25.9969,5243845
2019-05-22,43.6168,43.7166,42.2777,42.2777,25.3534,8654218
2019-05-23,39.5579,39.6286,39.0339,39.3666,25.5736,10379191
2019-05-24,39.7201,40.1568,39.3999,39.4498,25.6276,4875293
2019-05-27,40.1900,40.4811,39.5205,39.6744,25.7735,3453650
2019-05-28,39.8449,40.2316,39.5537,39.6577,25.7627,4783300
2019-05-29,39.3999,39.4955,39.1129,39.2834,25.5196,4878996
2019-05-30,39.4914,39.7076,39.1254,39.3417,25.5574,2426146
2019-05-31,38.6347,38.7428,38.0192,38.6222,25.0900,7603553
2019-06-03,38.3436,38.8052,38.0150,38.8052,25.2089,4649021
2019-06-04,38.9258,40.4188,38.6679,40.4063,26.2490,6893639
2019-06-05,40.4645,40.5602,39.6037,39.9655,25.9626,3793627
2019-06-06,39.7534,40.2025,39.1046,39.3541,25.5655,5061179
2019-06-07,39.5413,39.7617,39.3167,39.5953,25.7222,3415827
2019-06-11,40.0071,40.4687,39.9405,40.3148,26.1896,4293513
2019-06-12,40.0861,40.2691,39.8657,39.9987,25.9842,3486683
2019-06-13,39.8948,40.1277,39.5912,40.0694,26.0302,3432408
2019-06-14,39.7908,39.8573,39.2418,39.4415,25.6222,3525423
2019-06-17,39.5537,39.7866,39.2959,39.3541,25.5655,2406116
2019-06-18,39.3832,40.6018,38.8925,40.4728,26.2922,5856365
2019-06-19,40.5602,41.0634,40.4687,40.9220,26.5840,4491864
2019-06-20,41.1715,41.4668,41.0384,41.0634,26.6759,4420207
2019-06-21,41.1174,41.3794,40.8929,41.2713,26.8109,11834480
2019-06-24,39.8906,40.1568,39.1587,39.7243,25.8059,7525355
2019-06-25,39.3167,39.6452,39.2418,39.5829,25.7141,4291975
2019-06-26,39.3458,40.2275,39.2793,40.0195,25.9977,4234354
2019-06-27,40.0902,40.7806,39.8740,40.1692,26.0950,3676474
2019-06-28,40.1235,40.9428,40.1235,40.6932,26.4354,4708268
2019-07-01,41.5874,41.7953,40.5560,40.5976,26.3733,4391668
2019-07-02,40.6558,40.7764,40.1027,40.4604,26.2841,3402622
2019-07-03,40.3897,41.0758,40.2815,40.7723,26.4867,3367864
2019-07-04,40.7598,41.2547,40.7598,40.7847,26.4948,2196698
2019-07-05,40.9220,41.0051,40.5394,40.8554,26.5408,2233919
2019-07-08,40.3398,40.8638,40.1235,40.4063,26.2490,3077194
2019-07-09,40.2233,40.2399,39.1296,39.7326,25.8113,4359533
2019-07-10,39.4789,39.9239,39.0256,39.1088,25.4061,3891737
2019-07-11,39.1878,39.3749,38.5806,38.8010,25.2062,3791196
2019-07-12,37.3954,38.8218,37.0460,38.5432,25.0387,7918520
2019-07-15,38.3436,38.9632,38.3269,38.6929,25.1359,3429090
2019-07-16,38.2604,39.0505,38.1356,38.9424,25.2980,3160191
2019-07-17,38.5723,38.6970,38.3560,38.3685,24.9252,3108396
2019-07-18,38.1356,38.3560,37.7447,37.7447,24.5200,4794735
2019-07-19,37.8445,38.2479,37.7530,37.7946,24.5524,4527383
2019-07-22,37.7613,38.4558,37.7073,38.2937,24.8766,3180127
2019-07-23,38.4891,40.4604,38.4434,39.9613,25.9599,8938799
2019-07-24,39.9239,41.5707,39.4831,40.9345,26.5921,6815425
2019-07-25,41.0343,41.4085,39.6494,40.1360,26.0734,7401015
2019-07-26,40.0570,40.4229,39.8989,40.2358,26.1382,4264948
2019-07-29,39.9405,40.3730,39.8698,40.3148,26.1896,3655514
2019-07-30,40.2025,40.3356,39.1628,39.2918,25.5250,5215455
2019-07-31,39.0963,39.5288,39.0048,39.0048,25.3386,3177619
2019-08-01,38.8842,39.3292,38.4600,38.9258,25.2872,3684358
2019-08-02,37.9069,38.0524,37.3538,37.6158,24.4362,8702319
2019-08-05,36.9920,37.3039,36.3183,36.5428,23.7392,7186158
2019-08-06,36.7175,36.8506,35.9440,35.9980,23.3853,4830895
2019-08-07,36.2143,36.7300,35.6986,36.0230,23.4015,6270309
2019-08-08,36.4763,36.5137,35.9398,36.4721,23.6933,3728010
2019-08-09,36.3224,36.4430,35.3493,35.4158,23.0070,5992497
2019-08-12,35.5988,35.8358,34.9334,35.2245,22.8828,4112436
2019-08-13,35.0083,36.3973,34.4551,35.6404,23.1529,8725309
2019-08-14,35.8150,35.8483,34.4801,34.5466,22.4424,5863081
2019-08-15,34.7171,34.7962,33.5277,33.7107,21.8994,6709192
2019-08-16,33.9145,34.3886,33.7482,34.3054,22.2857,5103707
2019-08-19,34.7379,34.9084,34.4011,34.9084,22.6775,4361886
2019-08-20,34.9084,35.0124,34.2763,34.3803,22.3343,3540581
2019-08-21,34.4302,35.0582,34.3595,34.8960,22.6693,3399450
2019-08-22,34.6256,35.5281,34.5383,34.9500,22.7045,3509264
2019-08-23,35.0914,35.3368,33.8230,33.8688,22.0020,6636046
2019-08-26,33.8105,34.5466,33.7274,34.3761,22.3316,3395957
2019-08-27,34.4302,34.9708,34.1308,34.5508,22.4451,4040763
2019-08-28,34.5591,34.7546,34.1224,34.6880,22.5343,2733419
2019-08-29,34.6381,35.0374,34.3886,34.9209,22.6856,3234928
2019-08-30,35.2495,35.8816,35.1954,35.5198,23.0746,5286717
2019-09-02,35.6279,35.7735,35.3701,35.4324,23.0179,2332925
2019-09-03,35.7651,35.9939,35.1247,35.7859,23.2475,4655596
2019-09-04,36.3765,36.6634,36.1477,36.5719,23.7581,4304437
2019-09-05,37.2207,37.9235,37.0419,37.7197,24.5037,6145849
2019-09-06,37.9443,38.0483,37.5492,37.7655,24.5335,4482552
2019-09-09,37.9110,38.6887,37.8861,38.6347,25.0981,3804666
2019-09-10,38.6513,39.3832,38.6513,38.9674,25.3142,5163596
2019-09-11,39.3375,39.6120,39.2169,39.2418,25.4925,4477360
2019-09-12,39.3375,40.1568,39.0505,39.7243,25.8059,5700252
2019-09-13,39.8532,40.5186,39.7908,40.3730,26.2274,4959885
2019-09-16,40.0071,40.3772,39.5912,39.9655,25.9626,4503381
2019-09-17,39.7617,39.8573,38.9175,39.2751,25.5142,4468286
2019-09-18,39.2418,39.6078,39.0381,39.3916,25.5898,2994874
2019-09-19,39.3583,39.7409,39.1171,39.4456,25.6249,4043157
2019-09-20,39.5454,39.8615,39.3583,39.3791,25.5817,11114925
2019-09-23,39.1337,39.1753,38.0025,38.4600,24.9846,5321381
2019-09-24,38.4101,38.6056,37.7780,37.8154,24.5659,3621067
2019-09-25,37.5576,37.9568,37.1999,37.7613,24.5308,4346545
2019-09-26,37.7281,38.0109,37.2664,37.3163,24.2417,3806145
2019-09-27,37.4203,37.8944,37.3039,37.7447,24.5200,3018081
2019-09-30,37.6241,38.0067,37.4952,37.9443,24.6496,3181028
2019-10-01,38.1814,38.4226,37.5160,37.5659,24.4038,3670508
2019-10-02,37.4328,37.5991,36.6426,36.6426,23.8040,4642698
2019-10-04,36.7300,36.9337,35.9772,36.4389,23.6716,5020692
2019-10-07,36.4305,36.5761,35.9689,36.4347,23.6689,2962120
2019-10-08,36.5719,36.7133,35.6778,36.2268,23.5339,5111047
2019-10-09,36.2392,37.2332,35.9648,36.9296,23.9904,4821250
2019-10-10,36.9920,37.9194,36.9337,37.8778,24.6064,5246760
2019-10-11,38.1273,39.2169,37.9734,39.1420,25.4277,6475004
2019-10-14,38.7927,39.2335,38.4143,39.1462,25.4304,3439747
2019-10-15,39.4581,40.2649,39.1919,39.9655,25.9626,5468080
2019-10-16,39.9821,40.7140,39.8989,40.5893,26.3679,6180320
2019-10-17,40.5518,41.3503,40.4271,40.8596,26.5435,6890967
2019-10-18,39.9613,40.8180,39.8158,40.2774,26.1652,7465333
2019-10-21,40.4104,41.1965,40.4104,40.9220,26.5840,5600194
2019-10-22,40.9303,41.5583,40.9303,41.2921,26.8244,6176252
2019-10-23,41.0467,42.0282,41.0467,41.9367,27.2432,5377275
2019-10-24,42.9182,44.6233,42.8433,43.3008,28.1293,11681106
2019-10-25,43.2509,44.4236,43.1511,43.9828,28.5724,6910137
2019-10-28,43.9994,45.0142,43.9994,44.5401,28.9344,6492124
2019-10-29,44.4985,44.8894,44.0993,44.4569,28.8804,4987974
2019-10-30,44.7896,45.1888,43.9079,44.1658,28.6913,7848911
2019-10-31,44.2157,44.2157,43.2925,43.5919,28.3185,6632705
2019-11-01,43.7166,44.1076,43.6085,43.8331,28.4751,3852254
2019-11-04,44.4985,45.3302,44.0493,44.2074,28.7183,9478289
2019-11-05,43.6667,44.3987,43.6584,44.3488,28.8101,6833517
2019-11-06,43.7166,43.9828,43.4921,43.7582,28.4265,5518134
2019-11-07,43.9163,44.9144,43.9163,44.7397,29.0641,6203156
2019-11-08,44.8395,44.9060,44.2240,44.4569,28.8804,5008154
2019-11-11,44.2573,44.7064,44.0244,44.4403,28.8696,3812284
2019-11-12,44.7813,45.0724,44.5650,44.8478,29.1343,4222413
2019-11-13,44.5650,44.7896,44.0577,44.5318,28.9290,4955884
2019-11-14,43.1677,43.5004,42.4524,42.5356,27.6322,12965253
2019-11-15,42.2860,42.9681,42.0947,42.1530,27.3837,9322020
2019-11-18,42.0615,42.3942,41.3711,41.7787,27.1405,7441560
2019-11-19,41.7121,42.3193,41.6290,41.7205,27.1027,5752832
2019-11-20,41.5458,41.9700,41.2422,41.6705,27.0703,4569152
2019-11-21,41.5874,43.3673,41.5208,42.4441,27.5728,7450238
2019-11-22,42.4191,43.4255,42.4025,43.2758,28.1131,6510711
2019-11-25,43.7083,44.2739,43.6751,43.8747,28.5022,4901167
2019-11-26,43.7582,44.0577,43.5087,43.6834,28.3779,4721270
2019-11-27,43.8580,44.2573,43.4754,43.6085,28.3293,3819088
2019-11-28,43.4921,43.4921,43.0679,43.2176,28.0753,1837109
2019-11-29,43.0346,43.1344,42.5605,42.5855,27.6646,3765609
2019-12-02,42.5106,42.7435,41.4626,41.4668,26.9379,5888388
2019-12-03,41.4917,41.7121,40.6600,40.9594,26.6083,4909140
2019-12-04,40.9345,41.5042,40.9345,41.2547,26.8001,3710136
2019-12-05,41.1798,41.4792,40.9719,40.9719,26.6164,2946118
2019-12-06,41.0883,41.1715,40.5186,41.1341,26.7218,3830661
2019-12-09,41.2796,41.3753,40.7348,40.8014,26.5057,2296653
2019-12-10,40.5269,40.7016,39.9405,40.5518,26.3436,4484393
2019-12-11,40.6101,41.2879,40.5269,41.1673,26.7434,3454083
2019-12-12,41.1507,41.7787,40.7348,41.5208,26.9730,3730265
2019-12-13,42.4191,42.9930,41.8868,42.1114,27.3567,6705703
2019-12-16,42.4191,42.4191,41.8868,42.3027,27.4809,3189880
2019-12-17,42.2528,42.5522,42.1280,42.4607,27.5836,4268220
2019-12-18,42.2860,42.4940,41.7704,41.8452,27.1838,3606623
2019-12-19,41.7537,41.8702,40.9844,41.5125,26.9676,4174679
2019-12-20,41.4335,41.6705,41.3046,41.5624,27.0001,10456047
2019-12-23,41.3378,41.4418,40.9469,41.4085,26.9001,3001240
2019-12-27,41.4169,41.7371,41.3129,41.4543,26.9298,2365038
2019-12-30,41.2547,41.3794,40.9719,41.0634,26.6759,1557965
2020-01-02,41.0925,41.8452,40.9719,41.5666,27.0028,2973654
2020-01-03,41.2963,41.3628,40.3023,40.8138,26.5138,4014262
2020-01-06,40.2025,40.5934,39.7035,40.5934,26.3706,3441396
2020-01-07,40.7972,41.2089,40.6808,40.9178,26.5813,2816618
2020-01-08,40.5893,41.1673,40.4895,41.1465,26.7299,2659070
2020-01-09,41.5042,41.7121,41.2921,41.3212,26.8434,3098476
2020-01-10,41.4668,41.5084,41.0509,41.1133,26.7083,3130777
2020-01-13,41.2547,41.2547,40.3564,40.6683,26.4192,3089806
2020-01-14,40.6433,40.8970,40.1484,40.3023,26.1815,4170529
2020-01-15,40.3023,40.3065,39.2127,39.2918,25.5250,5857810
2020-01-16,39.3333,39.4664,38.7262,38.9882,25.3277,4517609
2020-01-17,39.3666,39.5163,38.8093,38.8343,25.2278,4582967
2020-01-20,38.6804,38.9133,38.4392,38.7303,25.1602,2802010
2020-01-21,38.4933,38.9050,38.2188,38.5931,25.0711,3320743
2020-01-22,38.7220,39.5995,37.5576,37.7738,24.5389,8999759
2020-01-23,37.4328,37.7655,36.7882,36.9545,24.0067,5682839
2020-01-24,37.0627,37.1833,36.3890,36.5470,23.7419,5996104
2020-01-27,36.0396,36.1228,35.2578,35.4116,23.0043,6571183
2020-01-28,35.5073,36.1644,35.0332,36.0022,23.3880,6708750
2020-01-29,36.1394,36.3723,35.8275,36.1103,23.4582,3965600
2020-01-30,35.7402,36.0854,35.4699,35.5905,23.1205,3977028
2020-01-31,35.6362,35.7319,34.6589,34.7712,22.5883,6017511
2020-02-03,34.8294,34.9209,34.4468,34.6173,22.4883,4874196
2020-02-04,34.8086,35.3992,34.6132,35.2245,22.8828,4197249
2020-02-05,35.2661,36.6426,35.0374,36.6426,23.8040,7289595
2020-02-06,37.0460,37.3288,36.6052,36.6593,23.8148,4471882
2020-02-07,36.4971,36.4971,35.5322,35.6695,23.1718,5351345
2020-02-10,35.7568,36.2351,35.4948,35.8026,23.2583,4438165
2020-02-11,37.0585,37.2332,35.2703,35.4616,23.0368,9279666
2020-02-12,35.4449,36.7133,35.4324,36.5927,23.7716,5981323
2020-02-13,36.0147,36.3723,35.6113,35.9689,23.3664,5057287
2020-02-14,35.9315,36.6094,35.7943,35.8192,23.2691,3901916
2020-02-17,36.3474,36.7882,36.1727,36.3266,23.5987,3431491
2020-02-18,35.8483,35.9440,35.3243,35.3243,22.9476,4942339
2020-02-19,35.5031,35.6404,35.0041,35.5738,23.1097,3754859
2020-02-20,35.4907,36.8547,35.1829,36.3848,23.6365,7037589
2020-02-21,36.1062,36.5387,35.0207,35.4283,23.0152,7961935
2020-02-24,34.3720,34.4635,32.8748,33.0412,21.4644,12125682
2020-02-25,33.3697,33.4487,32.4132,32.8540,21.3428,8358050
2020-02-26,32.6461,33.5069,31.8351,33.4238,21.7130,9711085
2020-02-27,32.6128,32.9497,31.9058,32.3051,20.9862,9454676
2020-02-28,30.9119,31.4567,30.5418,31.2238,20.2838,14626473
2020-03-02,31.6064,31.7852,30.3588,30.8828,20.0623,9081850
2020-03-03,31.2404,31.7395,30.3047,30.5002,19.8137,10495161
2020-03-04,30.6374,31.3569,30.3006,31.2987,20.3324,7911854
2020-03-05,31.3735,31.4234,30.0053,30.1051,19.5571,7427867
2020-03-06,29.3274,29.6601,28.3460,28.9947,18.8357,12228943
2020-03-09,26.7823,26.7947,24.9940,25.0980,16.3043,18649227
2020-03-10,25.7135,27.3271,25.0855,25.5139,16.5745,14755257
2020-03-11,26.0087,26.9070,25.3517,25.7218,16.7096,10554718
2020-03-12,24.4367,24.6572,20.8644,20.8727,13.5595,24436875
2020-03-13,22.0829,24.2122,20.7812,21.3343,13.8593,24212379
2020-03-16,19.9619,20.2489,18.4440,19.0637,12.3843,17741977
2020-03-17,20.0035,20.7105,17.8826,20.2530,13.1569,16269640
2020-03-18,19.2841,19.8497,17.8202,18.3650,11.9304,12449752
2020-03-19,18.2984,19.2258,17.4792,18.1654,11.8007,13842283
2020-03-20,19.1302,19.9037,18.8391,18.8599,12.2519,20035159
2020-03-23,18.0614,19.5419,17.8576,19.1343,12.4302,14638267
2020-03-24,20.5442,24.3536,20.3820,24.3536,15.8207,16260714
2020-03-25,25.3267,26.5327,23.5551,24.7570,16.0828,18199555
2020-03-26,24.0458,24.6072,23.0145,24.6072,15.9855,13358554
2020-03-27,23.8961,24.2371,22.4364,22.6235,14.6968,10618328
2020-03-30,22.7275,23.1018,21.8500,22.6277,14.6995,7997146
2020-03-31,22.9063,23.9335,22.1785,22.8897,14.8698,8429481
2020-04-01,22.0413,22.1328,21.2304,21.2304,13.7918,7825365
2020-04-02,21.4175,22.1162,20.2239,20.9392,13.6027,9921058
2020-04-03,20.9184,21.0848,20.2115,20.3944,13.2488,6968859
2020-04-06,21.5838,22.7441,21.4133,22.7441,14.7752,8107113
2020-04-07,24.1124,24.7653,22.4447,23.4054,15.2048,10192549
2020-04-08,23.2473,23.8046,22.5736,23.3929,15.1966,6569412
2020-04-09,24.1207,24.8360,23.4594,24.8193,16.1233,10697452
2020-04-14,25.6553,25.7218,24.4243,24.4534,15.8856,6978347
2020-04-15,24.5657,24.5657,22.8980,22.9729,14.9238,7779054
2020-04-16,23.5260,23.9668,22.7067,23.0311,14.9616,6308863
2020-04-17,23.8212,24.6447,23.5468,24.1539,15.6910,10118608
2020-04-20,24.5740,24.6072,23.0394,23.8504,15.4938,7918320
2020-04-21,23.3721,23.3763,22.6443,22.8148,14.8211,7198188
2020-04-22,23.1101,23.2141,22.7691,23.1642,15.0481,4837077
2020-04-23,23.3555,24.1664,23.0560,23.9003,15.5262,6004027
2020-04-24,23.4137,23.9003,22.8606,22.9230,14.8914,6514340
2020-04-27,23.7048,24.3868,23.5634,24.3868,15.8423,5891797
2020-04-28,24.4742,25.7675,24.3619,25.2934,16.4313,8683937
2020-04-29,25.6053,27.0068,25.0356,26.9819,17.5282,8450763
2020-04-30,27.2273,27.8136,25.9006,26.2292,17.0392,10580592
2020-05-04,25.0356,25.2103,24.0417,24.6530,16.0152,9100726
2020-05-05,25.3433,26.0004,25.1354,25.5721,16.6123,7872577
2020-05-06,25.5721,25.6220,24.8734,24.8734,16.1584,5996377
2020-05-07,25.0398,25.5055,24.9025,25.0314,16.2611,5548954
2020-05-08,25.3517,26.3290,25.0813,26.3290,17.1040,5645279
2020-05-11,26.4246,26.6908,25.5471,25.7509,16.7285,5237633
2020-05-12,25.4723,26.0379,25.4432,25.4473,16.5313,3918265
2020-05-13,25.0356,25.0813,23.7921,23.8046,15.4641,7068142
2020-05-14,23.4386,23.5967,21.8708,22.9687,14.9211,11696290
2020-05-15,23.3305,23.9086,22.8107,23.2931,15.1318,7111325
2020-05-18,23.8046,25.9796,23.7963,25.9339,16.8473,8870910
2020-05-19,26.2832,26.5119,25.0813,25.7883,16.7528,8388974
2020-05-20,25.8050,26.8072,25.0190,26.6242,17.2958,7726392
2020-05-21,26.3165,26.8322,25.9755,26.1543,16.9905,5300838
2020-05-22,25.4764,26.8446,25.3226,26.0670,16.9338,6863960
2020-05-25,26.4496,26.5119,25.8091,26.5119,17.2229,3677630
2020-05-26,26.8654,27.2397,26.5993,27.1649,17.6470,5861078
2020-05-27,27.3229,29.9055,27.2314,29.5686,19.2086,14275247
2020-05-28,30.1924,30.3047,28.6745,29.1527,18.9384,8377335
2020-05-29,28.4998,28.6870,27.7637,27.7637,18.0361,15373255
2020-06-02,29.1112,30.5917,28.9989,29.9096,19.4301,12494951
2020-06-03,30.5334,31.5981,30.0635,31.5523,20.4972,9798008
2020-06-04,29.9845,31.1905,29.4480,30.7747,19.9920,9932286
2020-06-05,31.2404,33.1826,31.1656,33.1243,21.5185,12036934
2020-06-08,32.5296,34.5092,32.4049,33.3572,21.6697,9245022
2020-06-09,33.3115,33.5153,31.3444,32.4090,21.0538,9873436
2020-06-10,32.9206,33.3032,31.5149,32.2718,20.9646,7435652
2020-06-11,30.6915,31.2987,29.3732,29.3732,19.0816,11823022
2020-06-12,29.3732,31.1198,29.1444,29.9595,19.4625,10247112
2020-06-15,28.8408,29.9055,28.5248,29.6726,19.2761,7047660
2020-06-16,31.2072,31.5523,30.0510,30.7830,19.9974,9042642
2020-06-17,30.8495,31.4068,30.1425,30.7788,19.9947,8553003
2020-06-18,30.7747,31.2488,30.1051,30.5501,19.8461,7705463
2020-06-19,31.0034,31.1614,30.4919,30.5750,19.8624,12050712
2020-06-22,30.1093,30.7788,29.7350,30.5334,19.8353,5155905
2020-06-23,30.7705,31.5191,30.2382,30.8454,20.0380,6796963
2020-06-24,30.7747,30.8703,28.8783,28.9822,18.8276,8168944
2020-06-25,28.9032,30.1176,28.6412,29.8057,19.3626,6455162
2020-06-26,30.3796,30.4628,28.9573,29.1195,18.9168,4823917
2020-06-29,29.0654,30.2091,29.0654,29.8681,19.4031,6242603
2020-06-30,30.1924,30.3172,29.4231,30.0635,19.5301,4908588
2020-07-01,30.0843,30.0843,29.1278,29.6601,19.2680,4648924
2020-07-02,30.0094,31.3569,29.8431,30.9119,20.0812,6432417
2020-07-03,31.1905,31.3818,30.3338,30.4960,19.8110,3418845
2020-07-06,31.4900,31.9391,31.0658,31.4525,20.4324,4515714
2020-07-07,31.2987,31.8726,30.9036,31.3028,20.3351,4076492
2020-07-08,31.1905,31.6979,30.8287,30.9327,20.0947,5718621
2020-07-09,30.8287,31.0450,30.0053,30.0677,20.1181,4013637
2020-07-10,29.4189,30.6374,29.3773,30.5043,20.4103,4842496
2020-07-13,31.1489,31.3818,30.5459,31.0159,20.7525,3527896
2020-07-14,30.4752,30.8703,30.3588,30.7705,20.5884,3479791
2020-07-15,31.0075,31.6064,30.7913,31.3486,20.9751,4541513
2020-07-16,31.2529,31.6480,30.9077,31.3319,20.9640,3967443
2020-07-17,32.6045,33.1784,32.3467,32.7168,21.8906,8121118
2020-07-20,32.6045,32.6087,31.8476,32.3467,21.6430,4038023
2020-07-21,32.8623,33.3697,32.5795,32.8291,21.9657,5415184
2020-07-22,32.7334,32.9206,32.1720,32.5712,21.7932,4148213
2020-07-23,33.2699,34.7504,33.2699,33.9603,22.7226,8814796
2020-07-24,33.2782,33.8022,33.1119,33.2283,22.2329,4339681
2020-07-27,33.4695,33.6982,33.1160,33.3281,22.2997,3089948
2020-07-28,33.3448,33.5277,32.7293,33.1243,22.1633,4205789
2020-07-29,33.2408,33.3073,32.6627,33.1826,22.2023,3676900
2020-07-30,33.1784,33.2075,31.5191,32.1055,21.4816,6798579
2020-07-31,32.1470,32.4007,31.1074,31.1074,20.8137,5056579
2020-08-03,31.2072,32.6752,31.1489,32.4881,21.7376,5391213
2020-08-04,33.1035,33.5943,32.8707,33.3988,22.3470,4250561
2020-08-05,33.6483,34.2888,33.4903,33.9436,22.7115,4305103
2020-08-06,33.8521,34.3179,33.3032,33.7773,22.6002,3829846
2020-08-07,33.7149,33.8147,33.1243,33.7689,22.5946,2738346
2020-08-10,34.0351,34.2139,33.4654,33.9977,22.7476,2378791
2020-08-11,34.3221,35.4324,34.3221,35.1788,23.5379,6751343
2020-08-12,35.0997,36.0978,34.9958,35.4491,23.7188,4489728
2020-08-13,35.3077,35.8275,35.1372,35.1912,23.5462,3202723
2020-08-14,35.1621,35.2536,34.5508,35.1538,23.5212,3206637
2020-08-17,35.0166,35.3909,34.6963,35.2120,23.5602,2023020
2020-08-18,34.9376,35.7236,34.7670,35.1122,23.4934,3879006
2020-08-19,35.0914,35.6986,34.9209,35.6986,23.8857,3161845
2020-08-20,34.9999,35.2786,34.6132,34.9043,23.3542,4027348
2020-08-21,35.0457,35.3077,33.7232,34.2139,22.8923,5343143
2020-08-24,34.5674,35.6321,34.5674,35.5905,23.8134,4014473
2020-08-25,35.7236,35.9149,35.1205,35.2079,23.5574,3605914
2020-08-26,35.2079,35.8026,34.9999,35.7901,23.9469,2816466
2020-08-27,35.8649,36.4181,35.7069,35.7651,23.9302,3866228
2020-08-28,36.0438,36.1519,35.4657,35.6653,23.8635,3527202
2020-08-31,35.7651,36.1269,35.3825,35.4699,23.7327,4001433
2020-09-01,35.7651,35.9523,34.7421,35.4948,23.7494,3906351
2020-09-02,35.6154,36.0729,35.4532,35.8317,23.9748,4085780
2020-09-03,36.0147,36.8547,35.5655,36.0479,24.1195,5521259
2020-09-04,35.8317,36.5927,35.5697,36.1644,24.1974,4608689
2020-09-07,36.5345,37.8112,36.4305,37.5118,25.0989,5535746
2020-09-08,37.6740,38.0649,37.1625,37.9069,25.3633,5028187
2020-09-09,37.7489,38.7594,37.4286,38.5848,25.8168,6241044
2020-09-10,38.3436,39.0422,38.2812,38.6887,25.8864,5342798
2020-09-11,38.4766,38.9882,38.4018,38.7137,25.9031,4393928
2020-09-14,39.1462,39.2169,38.1356,38.4018,25.6944,3509867
2020-09-15,38.5598,38.7885,38.0358,38.2604,25.5998,3009799
2020-09-16,38.3020,38.5099,38.0566,38.5016,25.7612,3529469
2020-09-17,37.6532,38.7761,37.5160,38.5931,25.8224,3397845
2020-09-18,38.4392,38.5681,37.8279,37.8279,25.3104,9651601
2020-09-21,37.5118,37.5160,35.8358,36.1685,24.2002,6862417
2020-09-22,36.2476,36.8215,36.1477,36.3723,24.3365,3847402
2020-09-23,36.8173,37.5700,36.4638,36.8381,24.6482,4037118
2020-09-24,36.2559,37.4785,36.0978,37.0003,24.7567,4108358
2020-09-25,37.0377,37.3496,36.1935,36.7508,24.5897,3499040
2020-09-28,37.4286,38.3810,37.3413,38.1564,25.5302,4827811
2020-09-29,37.8861,38.0816,37.5201,38.0025,25.4273,2717708
2020-09-30,37.8279,38.9466,37.5409,38.2895,25.6193,4949454
2020-10-01,39.0921,39.4664,38.5016,38.8800,26.0144,5115105
2020-10-02,38.5141,39.0048,38.2063,38.8842,26.0172,3478227
2020-10-05,39.3749,40.0071,39.3708,39.7825,26.6182,4727135
2020-10-06,39.9239,40.2815,39.3250,40.0320,26.7852,5294777
2020-10-07,39.9613,41.0176,39.6744,40.8305,27.3194,5003822
2020-10-08,40.8804,41.1590,40.3356,40.6059,27.1692,3734561
2020-10-09,40.6808,40.9012,39.9405,40.0736,26.8130,3786496
2020-10-12,40.6891,40.9552,40.4354,40.7639,27.2749,3919185
2020-10-13,40.7598,40.8845,40.3231,40.6517,27.1998,3154118
2020-10-14,40.6267,40.8305,40.0112,40.1526,26.8659,3245489
2020-10-15,39.3957,39.4165,38.1564,38.9549,26.0645,5663919
2020-10-16,40.7556,41.3337,40.1651,41.0883,27.4920,8921510
2020-10-19,41.0176,41.3129,40.1568,40.5976,27.1636,3579178
2020-10-20,40.5477,40.7390,40.1152,40.4895,27.0913,2921369
2020-10-21,40.7307,40.7307,39.7742,39.8989,26.6961,3885125
2020-10-22,39.4207,40.2483,38.7511,39.8449,26.6600,4168759
2020-10-23,40.8388,40.8513,39.8241,40.2566,26.9354,4365387
2020-10-26,39.8573,40.7224,39.5745,39.8948,26.6934,4158894
2020-10-27,39.9696,40.1027,39.0214,39.1420,26.1897,4769278
2020-10-28,37.7364,37.9360,36.4971,36.8007,24.6231,8618670
2020-10-29,36.6634,37.4785,36.6593,36.7840,24.6120,6074338
2020-10-30,36.0978,37.2165,35.8649,36.9296,24.7094,5065743
2020-11-02,37.1417,38.4267,36.7965,38.1107,25.4996,4899435
2020-11-03,38.5931,39.5579,38.5182,39.2585,26.2676,5831319
2020-11-04,38.5182,40.1859,37.8944,39.9405,26.7240,7047548
2020-11-05,40.3938,41.1840,40.1817,41.1008,27.5003,6368329
2020-11-06,40.8513,41.0883,39.7201,40.0694,26.8102,4811946
2020-11-09,40.9095,43.0845,40.6267,42.1696,28.2154,10645357
2020-11-10,42.2029,44.3654,42.1779,44.0826,29.4954,8873856
2020-11-11,43.4255,44.4569,43.4089,44.0743,29.4899,4889605
2020-11-12,43.5004,44.1325,43.0928,43.4172,29.0502,3996900
2020-11-13,43.1261,43.8664,43.0346,43.6667,29.2172,3809625
2020-11-16,44.0826,44.8728,43.6917,44.7314,29.9295,5403726
2020-11-17,44.6981,45.3635,44.3155,45.3635,30.3525,4469566
2020-11-18,45.0724,46.5446,45.0142,46.3283,30.9980,5577389
2020-11-19,46.1620,46.4864,45.7627,45.8043,30.6474,4972964
2020-11-20,45.6962,46.4531,45.5465,46.1786,30.8978,3836717
2020-11-23,46.4365,47.2848,46.2452,46.5779,31.1650,5309820
2020-11-24,47.2017,48.1998,47.0270,48.1998,32.2502,6230582
2020-11-25,48.3245,48.3828,47.1684,47.7506,31.9497,4382945
2020-11-26,47.6425,47.6674,46.6527,46.6527,31.2151,2904844
2020-11-27,46.9937,47.2765,46.4780,47.0686,31.4933,4272640
2020-11-30,46.6527,47.7257,46.4614,46.9521,31.4154,6484002
2020-12-01,47.4013,47.8587,47.2848,47.8587,32.0220,3631730
2020-12-02,47.7506,47.8920,47.2433,47.8172,31.9942,2975166
2020-12-03,47.8005,47.8837,47.0852,47.2183,31.5935,3248055
2020-12-04,47.1767,48.4160,47.1185,48.4160,32.3949,4602535
2020-12-07,48.0833,48.4077,47.4595,47.9918,32.1110,2986533
2020-12-08,47.9502,48.1582,47.7423,47.8255,31.9997,2600464
2020-12-09,47.9669,48.6073,47.8421,47.8421,32.0109,3755374
2020-12-10,47.7007,47.8671,46.5529,46.8440,31.3431,3510454
2020-12-11,46.7608,47.1434,46.0539,46.1703,30.8923,4336351
2020-12-14,46.1620,47.5011,46.0040,46.8856,31.3709,3706525
2020-12-15,46.9937,48.2746,46.8856,48.2247,32.2669,3548371
2020-12-16,48.3828,49.7302,48.3245,48.8818,32.7065,5732974
2020-12-17,49.2394,49.6387,48.6905,48.6905,32.5785,3609234
2020-12-18,48.6240,49.2810,48.3661,48.7986,32.6509,11369619
2020-12-21,47.4096,47.4096,45.5964,46.9022,31.3820,5216571
2020-12-22,47.1601,47.8837,46.9521,47.1102,31.5211,2338352
2020-12-23,47.6591,48.7986,47.6591,48.6739,32.5674,3255794
2020-12-28,49.4557,49.8466,48.6406,48.7820,32.6397,2408904
2020-12-29,49.2228,49.3143,48.1914,48.3994,32.3837,1819857
2020-12-30,48.2414,48.6240,48.0001,48.0667,32.1611,1573574
2021-01-04,48.3994,48.9067,46.9106,47.3264,31.6658,3411046
2021-01-05,46.9272,48.0667,46.7026,47.3181,31.6603,3197549
2021-01-06,47.6259,48.1582,46.3782,46.9355,31.4043,4720132
2021-01-07,47.5261,48.5325,47.3015,48.0667,32.1611,4242888
2021-01-08,48.7404,48.9067,47.4013,47.9835,32.1055,3767088
2021-01-11,47.6591,47.9003,46.8607,47.5344,31.8050,3505621
2021-01-12,47.6175,48.3744,47.3015,48.3495,32.3504,3762004
2021-01-13,48.1332,48.3328,47.3680,47.6009,31.8495,3248270
2021-01-14,47.5510,48.9067,47.5261,48.0833,32.1723,3576618
2021-01-15,47.5344,47.9170,46.3034,46.7941,31.3097,4984440
2021-01-18,46.2535,47.1684,46.1121,47.1351,31.5378,2509291
2021-01-19,47.3597,47.3763,46.1287,46.2452,30.9424,4079222
2021-01-20,46.4198,48.1665,46.3533,48.1665,32.2279,4588877
2021-01-21,48.3661,49.5056,48.3661,49.1064,32.8568,5297545
2021-01-22,48.6156,49.7801,48.0085,49.1313,32.8735,5545268
2021-01-25,49.4474,50.0296,47.3015,47.7756,31.9664,5638051
2021-01-26,47.6425,49.3060,47.2682,48.9816,32.7733,3747273
2021-01-27,48.8652,48.9067,46.9605,47.6175,31.8606,5210223
2021-01-28,47.0852,48.0085,46.1703,47.9003,32.0498,4641073
2021-01-29,47.3181,48.9733,47.1434,48.3412,32.3448,6759841
2021-02-01,48.9067,48.9151,48.3162,48.5657,32.4950,2798378
2021-02-02,48.9899,50.0878,48.9067,49.3060,32.9903,4051668
2021-02-03,50.3956,54.0636,49.9880,53.6976,35.9288,11768996
2021-02-04,53.9638,55.0201,53.5729,54.8122,36.6745,8708660
2021-02-05,54.8870,55.8186,54.0220,55.7188,37.2811,7242587
2021-02-08,55.7271,56.0930,54.9452,55.2280,36.9528,3676520
2021-02-09,54.9868,55.1033,54.4046,54.7290,36.6188,2645331
2021-02-10,54.9868,55.2447,53.5562,54.1384,36.2237,3520241
2021-02-11,54.4545,54.8122,54.0386,54.1052,36.2015,2635636
2021-02-12,53.6893,54.0386,53.3316,53.7808,35.9844,2662184
2021-02-15,54.0802,54.2632,53.5146,53.9305,36.0846,2109912
2021-02-16,53.8972,54.6624,53.8141,54.0719,36.1792,2161188
2021-02-17,54.1384,54.7123,53.7558,54.4296,36.4185,3993418
2021-02-18,55.6023,56.2261,54.7706,55.6356,37.2254,5312667
2021-02-19,56.1430,56.2344,55.1698,55.9101,37.4091,4013656
2021-02-22,55.4859,55.7021,54.9120,55.5607,37.1754,2456148
2021-02-23,55.6106,55.8435,53.8723,54.3381,36.3573,4210291
2021-02-24,54.3963,55.1698,54.3381,54.7623,36.6411,3152312
2021-02-25,55.3112,55.8352,54.8371,54.8371,36.6912,2699528
2021-02-26,54.1967,55.4859,54.0386,55.1033,36.8693,4312311
2021-03-01,55.6439,55.8186,54.5793,55.4027,37.0696,3268149
2021-03-02,55.3112,57.0995,55.2530,56.7834,37.9934,4590781
2021-03-03,57.3906,58.3720,57.1826,57.7066,38.6112,4398045
2021-03-04,57.4238,59.0873,57.2741,58.7047,39.2790,5103476
2021-03-05,58.4219,59.1040,57.9229,58.4053,39.0786,3820475
2021-03-08,59.0541,60.6843,58.8877,60.2934,40.3419,5521466
2021-03-09,60.0522,60.7009,59.1040,59.8110,40.0192,5141375
2021-03-10,59.7112,60.4181,59.2121,60.4181,40.4254,4061957
2021-03-11,60.5512,60.7675,59.2870,59.9607,40.1193,3355909
2021-03-12,58.3388,58.8545,58.1641,58.8212,39.3569,7116120
2021-03-15,58.6465,59.5115,58.0560,58.2889,39.0007,5023687
2021-03-16,58.3887,59.5698,58.3804,59.2703,39.6574,5353445
2021-03-17,59.3618,59.9524,58.1641,59.3285,39.6964,5980056
2021-03-18,59.8858,61.8238,59.8525,61.8238,41.3659,10132093
2021-03-19,60.8007,61.7157,60.6178,61.3663,41.0598,11213761
2021-03-22,60.8756,62.0983,60.5013,61.6824,41.2713,3262039
2021-03-23,61.2249,61.2998,59.7361,60.3932,40.4087,4903824
2021-03-24,59.8026,59.8775,58.9958,59.5947,39.8745,5087933
2021-03-25,59.1372,60.3932,59.0374,60.3017,40.3475,4110168
2021-03-26,60.7176,61.1168,60.3932,60.9421,40.7760,3764427
2021-03-29,61.1251,61.5659,60.5512,61.3081,41.0209,3271288
2021-03-30,61.7988,63.1629,61.6491,63.1629,42.2619,4971367
2021-03-31,63.0631,63.4457,62.9051,63.2211,42.3009,5496840
2021-04-01,62.3811,62.9217,61.7988,62.6639,42.8429,3848462
2021-04-06,63.4790,63.9198,62.7221,62.7803,42.9225,3178288
2021-04-07,62.8718,63.7451,62.7221,62.8884,42.9964,3250076
2021-04-08,63.6204,63.7534,60.9754,61.7240,42.2003,4869807
2021-04-09,61.9652,62.7969,61.8404,62.3062,42.5983,3542684
2021-04-12,62.4476,63.9947,62.4476,63.1879,43.2011,4384526
2021-04-13,63.7119,64.0362,62.9217,62.9217,43.0191,3228301
2021-04-14,63.0049,63.1213,62.3395,62.7221,42.8827,2899395
2021-04-15,62.8718,63.1130,62.4726,62.6805,42.8542,2952164
2021-04-16,64.0030,64.8430,63.8283,64.3689,44.0086,6387041
2021-04-19,64.8347,64.8680,62.9799,63.1795,43.1954,3900859
2021-04-20,63.4706,64.2275,61.1917,61.2915,41.9046,5086949
2021-04-21,61.4745,61.8986,59.9607,61.1917,41.8363,4196339
2021-04-22,61.5743,62.0484,60.7342,61.3663,41.9558,2620658
2021-04-23,62.0983,62.5058,60.4265,61.2998,41.9103,3346698
2021-04-26,61.8155,62.1565,60.7259,62.1232,42.4732,3126765
2021-04-27,62.1399,62.2563,61.4412,62.0567,42.4277,2848591
2021-04-28,62.4892,62.8302,62.1149,62.5225,42.7462,2291550
2021-04-29,62.5391,62.5807,60.5928,61.2915,41.9046,4471508
2021-04-30,61.2332,62.1066,61.0336,61.5909,42.1093,3190805
2021-05-03,61.7988,62.4310,61.5493,61.8903,42.3140,1924216
2021-05-04,61.9735,62.3811,60.1353,60.2268,41.1767,3812963
2021-05-05,58.7047,60.1686,58.3055,59.9773,41.0061,7753312
2021-05-06,60.5928,60.6926,59.3535,60.5013,41.3643,3901662
2021-05-07,60.8673,61.1584,59.9607,61.0586,41.7453,4426854
2021-05-10,61.2665,61.4828,61.0170,61.3497,41.9444,3149611
2021-05-11,60.5928,60.8007,59.4699,60.1852,41.1483,3944906
2021-05-12,60.0189,60.9089,59.5698,60.6843,41.4895,3031059
2021-05-13,59.9773,60.4847,58.2556,60.1104,41.0971,3398568
2021-05-14,60.5678,61.6075,59.7278,61.5077,42.0524,2976788
2021-05-17,61.5909,62.1399,61.1750,61.8155,42.2628,1805798
2021-05-18,62.1981,62.8718,61.6325,62.2064,42.5301,2840478
2021-05-19,61.5410,61.5576,59.7860,60.2684,41.2051,3370417
2021-05-20,60.8922,62.4975,60.7592,62.4975,42.7291,4009132
2021-05-21,62.7221,63.2627,62.7138,62.8219,42.9509,3472403
2021-05-25,63.4623,64.0695,63.2544,63.7451,43.5821,3455045
2021-05-26,64.0695,64.6018,63.4041,64.4937,44.0939,2908400
2021-05-27,64.2941,65.2256,63.3126,64.7682,44.2816,5962306
2021-05-28,64.8763,64.9013,63.3542,63.7451,43.5821,3067572
2021-05-31,63.6786,63.9198,63.2544,63.3542,43.3149,1478106
2021-06-01,64.0279,65.2256,64.0113,64.9761,44.4237,2922270
2021-06-02,65.0926,65.5667,64.7765,65.4835,44.7706,2311774
2021-06-03,65.7080,66.7228,65.3254,66.4982,45.4644,3301122
2021-06-04,66.4982,66.7810,65.6831,66.1572,45.2312,2102502
2021-06-07,66.0407,66.8808,65.9576,66.6562,45.5724,2124393
2021-06-08,66.5897,66.6147,65.0759,65.6997,44.9185,2439652
2021-06-09,65.6581,66.0241,64.5020,65.1924,44.5716,2375938
2021-06-10,65.2839,65.8994,64.5020,65.0177,44.4522,2353825
2021-06-11,65.4502,66.3152,65.1674,66.3152,45.3393,2133294
2021-06-14,66.4649,66.6812,65.6415,65.6415,44.8787,2120560
2021-06-15,65.9160,66.2570,65.5750,65.8910,45.0493,1970364
2021-06-16,66.1073,66.3901,64.4188,65.7413,44.9469,3688010
2021-06-17,65.5001,66.8642,65.5001,66.0907,45.1857,2867920
2021-06-18,65.8910,66.3319,63.8366,64.1111,43.8323,6970919
2021-06-21,63.3792,66.0740,62.6639,66.0075,45.1289,3436962
2021-06-22,66.0907,66.0907,65.2173,65.9825,45.1118,2399406
2021-06-23,66.1156,66.4400,65.1092,65.1258,44.5261,2109991
2021-06-24,65.5500,66.1572,65.2340,65.5833,44.8389,2585061
2021-06-25,65.5583,65.5833,64.2109,64.6850,44.2247,2531395
2021-06-28,64.2109,64.7432,62.9882,63.1795,43.1954,2891713
2021-06-29,63.1296,63.9697,63.0465,63.4457,43.3774,2056317
2021-06-30,63.2128,63.4956,61.8820,62.6306,42.8201,3197163
2021-07-01,63.0132,63.6536,62.6971,63.2045,43.2125,2198580
2021-07-02,63.3459,63.9198,63.2128,63.4041,43.3490,2028429
2021-07-05,63.1213,63.4956,62.3228,63.1380,43.1670,1690180
2021-07-06,63.1629,63.1629,60.4098,60.6427,41.4610,3693164
2021-07-07,60.7924,61.2083,59.0790,60.2185,41.1710,4490687
2021-07-08,59.7278,59.7278,58.0061,58.8295,40.2213,4375992
2021-07-09,59.5032,60.7592,59.0042,60.6261,41.4496,3932627
2021-07-12,60.4514,61.6242,59.2537,60.9338,41.6601,3248098
2021-07-13,61.1334,61.3497,60.4348,60.7259,41.5179,2395746
2021-07-14,60.8007,61.6658,60.4764,61.1334,41.7965,1989477
2021-07-15,61.9652,62.2313,60.5512,60.8673,41.6146,3016690
2021-07-16,61.4329,61.4329,59.5032,59.6529,40.7843,2596183
2021-07-19,59.0541,59.2038,57.1411,57.9146,39.5958,4067435
2021-07-20,58.2223,58.7297,57.5070,58.2805,39.8460,3350883
2021-07-21,56.7834,59.6529,55.9517,58.9210,40.2839,4678216
2021-07-22,59.5198,60.4015,59.3701,59.3701,40.5910,2923648
2021-07-23,60.3017,63.0880,60.2435,62.6056,42.8031,5627327
2021-07-26,62.1399,62.8552,61.2249,62.7553,42.9054,2823587
2021-07-27,62.4310,62.4310,61.3497,61.5576,42.0865,2845684
2021-07-28,61.7323,62.1399,61.3746,61.5992,42.1150,1960085
2021-07-29,61.7157,63.4041,61.3663,63.3376,43.3035,3186973
2021-07-30,62.5973,62.8967,61.9070,62.6139,42.8087,3331215
2021-08-02,63.5871,64.4105,63.2710,63.5788,43.4684,2728019
2021-08-03,63.6287,63.7867,62.4892,63.0049,43.0760,2069037
2021-08-04,63.2128,63.8449,62.9217,63.1629,43.1841,2209851
2021-08-05,62.8884,63.1463,62.0068,62.7221,42.8827,2020044
2021-08-06,62.6389,64.0529,62.3727,63.2378,43.2352,2009769
2021-08-09,62.1898,62.8136,61.7905,62.0317,42.4107,2253593
2021-08-10,61.7905,62.1565,61.5244,61.9153,42.3311,1566928
2021-08-11,61.9569,62.5225,61.4329,62.2812,42.5813,2025237
2021-08-12,62.3644,63.1712,62.1315,62.8884,42.9964,2323510
2021-08-13,63.0465,63.3792,62.7138,62.9134,43.0135,1598599
2021-08-16,62.2397,62.4226,61.5160,61.7572,42.2230,2181997
2021-08-17,61.3331,61.4245,60.5013,60.5179,41.3757,2568863
2021-08-18,60.5512,60.5595,59.5282,59.7278,40.8355,2943011
2021-08-19,58.0560,58.5966,57.7482,57.9063,39.5901,3930087
2021-08-20,57.6151,58.1308,57.0995,58.1308,39.7437,2710244
2021-08-23,59.3202,59.4616,58.1142,58.1142,39.7323,2649217
2021-08-24,58.5467,59.2870,58.2306,58.8378,40.2270,2442814
2021-08-25,58.7546,59.4699,58.5051,59.1539,40.4431,2219826
2021-08-26,58.7546,59.0374,58.2473,58.8045,40.2043,1839595
2021-08-27,58.9044,59.3868,58.5800,59.2287,40.4943,1469640
2021-08-30,59.4284,59.9524,59.3119,59.5531,40.7161,1655412
2021-08-31,59.9357,60.3350,58.7796,59.4034,40.6137,3451643
2021-09-01,60.0522,60.1187,58.8960,59.1123,40.4147,1953107
2021-09-02,59.1123,59.5032,58.5467,58.7380,40.1588,2276351
2021-09-03,58.8129,59.0957,58.1142,58.3637,39.9029,2062360
2021-09-06,58.6049,58.9044,57.8480,58.2972,39.8574,2398664
2021-09-07,58.4552,59.0291,58.2972,58.5384,40.0223,2132096
2021-09-08,58.2556,58.2722,56.8583,57.1494,39.0726,3945920
2021-09-09,56.6254,57.4322,56.2677,56.9747,38.9532,3170969
2021-09-10,57.0579,58.0892,57.0579,57.5070,39.3172,2724702
2021-09-13,57.8813,59.8442,57.8813,59.6363,40.7729,4162981
2021-09-14,59.7278,60.7841,59.6696,60.3183,41.2392,3736886
2021-09-15,59.7278,61.1667,59.6612,60.3100,41.2336,3156383
2021-09-16,60.3682,61.0919,59.7195,59.9939,41.0175,2955286
2021-09-17,60.5928,60.8091,59.0458,59.3535,40.5796,7890973
2021-09-20,58.1641,58.3804,56.3509,57.5153,39.3229,5583554
2021-09-21,57.8480,58.4635,57.3407,57.6401,39.4082,3127718
2021-09-22,58.0892,59.8692,57.9894,59.8276,40.9037,3347861
2021-09-23,60.3017,61.2582,60.0605,60.7342,41.5236,3250192
2021-09-24,60.6344,61.9486,59.9108,61.7822,42.2401,3152656
2021-09-27,62.3811,63.4124,62.2230,63.0465,43.1045,4125421
2021-09-28,63.0298,64.9512,62.8385,63.4041,43.3490,6220865
2021-09-29,63.8782,64.7432,63.4873,64.3773,44.0143,2698406
2021-09-30,64.6268,64.8597,63.8117,63.8117,43.6276,3510584
2021-10-01,62.8468,64.8264,62.0567,64.3523,43.9972,4364989
2021-10-04,64.0446,64.6434,63.1463,64.0529,43.7925,3119630
2021-10-05,64.2359,64.3606,63.2960,64.2026,43.8949,2591501
2021-10-06,63.5039,63.8033,62.4310,62.8552,42.9737,4142643
2021-10-07,63.7035,65.6082,63.5372,65.4086,44.7194,4517811
2021-10-08,66.2487,67.5129,66.2154,67.1054,45.8795,5255271
2021-10-11,66.7893,69.1348,66.3568,69.0350,47.1988,4688160
2021-10-12,67.8041,68.9685,67.6127,68.4611,46.8064,3397974
2021-10-13,68.3696,68.9851,67.5878,67.8373,46.3799,3272879
2021-10-14,68.4195,69.2513,68.0037,69.2180,47.3239,3875226
2021-10-15,69.2263,69.8585,69.1099,69.5757,47.5684,3223187
2021-10-18,69.3927,69.6422,67.7458,68.1617,46.6017,3159249
2021-10-19,68.6025,69.0018,68.0453,68.5110,46.8405,2164070
2021-10-20,68.2948,68.9103,66.9640,68.1617,46.6017,3012913
2021-10-21,67.2634,68.7273,67.0804,67.9787,46.4766,2341119
2021-10-22,68.0952,68.9602,67.7708,68.2948,46.6927,2162956
2021-10-25,68.2449,69.7171,68.1367,68.9436,47.1363,3560301
2021-10-26,69.4093,69.8668,68.8604,69.1182,47.2557,2595040
2021-10-27,68.7439,69.9500,68.3031,69.5175,47.5286,2858244
2021-10-28,68.8021,69.7420,68.6192,69.7420,47.6822,2372841
2021-10-29,69.2347,71.3889,68.7855,71.3140,48.7569,5260178
2021-11-01,71.5303,72.8361,71.3639,72.3454,49.4621,2778156
2021-11-02,72.1125,72.5866,71.2641,72.4369,49.5246,2883037
2021-11-03,71.9462,72.6365,71.4222,72.3870,49.4905,2530050
2021-11-04,72.5450,73.3934,69.4509,72.3620,49.4734,5210652
2021-11-05,71.8297,73.2437,71.7465,72.8528,49.8090,3141992
2021-11-08,72.5117,72.9276,72.0127,72.5533,49.6042,1759762
2021-11-09,72.4868,73.4100,72.4202,72.7114,49.7123,2130057
2021-11-10,72.7696,73.5265,72.0626,73.2686,50.0933,3088772
2021-11-11,73.1106,73.7344,72.5450,72.6615,49.6782,3433829
2021-11-12,72.8361,73.2437,72.4535,73.1023,49.9796,2291844
2021-11-15,73.0025,74.2002,72.9027,73.8841,50.5141,2203615
2021-11-16,74.2002,74.7076,73.6429,74.2002,50.7302,2856047
2021-11-17,74.2917,74.7658,73.8509,74.3749,50.8496,2439189
2021-11-18,74.7741,76.2130,74.5828,75.6058,51.6912,3773730
2021-11-19,75.6890,76.0384,74.0754,74.6826,51.0600,5416901
2021-11-22,74.6077,76.0716,74.5246,75.6641,51.7310,3033320
2021-11-23,74.8573,75.8554,74.5578,74.8905,51.2022,2865450
2021-11-24,74.9654,75.0735,72.8528,73.5015,50.2525,3682508
2021-11-25,74.0089,74.1919,73.0357,73.5098,50.2582,1530625
2021-11-26,70.6985,71.1809,68.4112,69.1681,47.2898,7674920
2021-11-29,70.0914,70.3242,68.4944,68.8687,47.0851,4625902
2021-11-30,67.9870,69.7420,66.8974,69.0350,47.1988,7133155
2021-12-01,70.1080,72.3953,69.3927,72.0210,49.2403,5023572
2021-12-02,71.0895,72.6365,70.7817,71.6218,48.9673,4551161
2021-12-03,72.3288,72.5866,70.6320,71.2225,48.6944,4076334
2021-12-06,72.0377,72.3204,70.3742,71.0895,48.6034,3377348
2021-12-07,72.2622,72.8029,71.8131,72.2040,49.3654,4490188
2021-12-08,72.2040,72.2955,70.0581,71.3806,48.8024,3998665
2021-12-09,71.5719,72.7446,70.8649,71.6800,49.0071,4156361
2021-12-10,73.2000,75.3100,71.0100,74.2500,50.7642,7213204
2021-12-13,74.7200,76.1100,73.9900,74.0000,50.5933,4680761
2021-12-14,73.0000,73.7400,71.4700,71.4700,48.8636,4265644
2021-12-15,71.8100,72.4000,71.0900,71.1200,48.6243,2931838
2021-12-16,72.5200,72.9600,71.0200,71.7400,49.0482,3421998
2021-12-17,70.3900,70.6500,68.5400,68.7500,47.0039,7737176
2021-12-20,66.7000,67.8200,66.4800,67.3000,46.0126,4786790
2021-12-21,68.2000,68.8000,67.2900,68.6200,46.9150,2264407
2021-12-22,68.7000,69.6900,68.1600,69.6900,47.6466,1839788
2021-12-23,70.2100,70.5300,69.9400,70.0900,47.9201,1620249
2021-12-27,69.8800,70.1800,69.5000,69.8900,47.7833,1243078
2021-12-28,69.9300,70.5400,69.4900,69.6000,47.5851,1494742
2021-12-29,69.6000,69.7500,68.1800,68.2300,46.6484,2470115
2021-12-30,68.2400,68.5900,67.5900,67.5900,46.2108,2237979
2022-01-03,68.5000,69.1900,67.8900,68.7000,46.9697,2654611
2022-01-04,69.4800,72.6300,69.4100,72.1100,49.3011,4936145
2022-01-05,72.4000,75.0500,72.4000,75.0000,51.2770,5106683
2022-01-06,73.9300,76.4300,73.5400,74.9100,51.2155,3602804
2022-01-07,75.0400,75.6800,73.3700,73.5600,50.2925,2755179
2022-01-10,74.0900,74.4800,72.7800,73.0500,49.9438,2384947
2022-01-11,73.5400,73.5600,71.9100,72.5400,49.5951,2488494
2022-01-12,73.4000,74.0400,72.4400,73.4200,50.1968,2946446
2022-01-13,73.2100,75.6000,73.2000,75.4300,51.5710,3906108
2022-01-14,74.7200,75.6500,74.4900,74.7900,51.1334,2448641
2022-01-17,75.1600,75.3200,73.4800,74.2600,50.7711,1926199
2022-01-18,73.9000,75.2100,72.8100,74.6400,51.0309,2955090
2022-01-19,74.0900,75.4600,73.6500,74.5000,50.9352,3104068
2022-01-20,74.0000,74.5300,72.1500,73.2000,50.0464,3532959
2022-01-21,72.0400,72.0800,71.0000,71.9300,49.1781,4055043
2022-01-24,71.4800,72.5600,67.8800,68.3000,46.6963,5020505
2022-01-25,69.2000,69.7800,68.0200,68.8200,47.0518,3132631
2022-01-26,69.4300,71.0700,69.1700,70.5100,48.2072,2931917
2022-01-27,69.4600,71.7800,69.3100,71.1500,48.6448,2960980
2022-01-28,70.8000,70.8000,68.5000,69.8700,47.7697,3281757
2022-01-31,70.6200,70.8200,69.1900,69.9300,47.8107,2650761
2022-02-01,70.0000,70.9200,69.7000,70.1600,47.9679,2186518
2022-02-02,70.3600,70.5600,69.2400,69.4000,47.4483,2056085
2022-02-03,69.1000,70.4500,69.1000,69.6900,47.6466,2636950
2022-02-04,70.3800,70.3800,67.2500,67.8300,46.3749,3544933
2022-02-07,68.3200,68.6500,67.5600,67.5600,46.1903,2619261
2022-02-08,67.4500,68.9500,66.7300,67.5600,46.1903,2866739
2022-02-09,68.4000,70.9600,68.2700,70.5400,48.2277,4477504
2022-02-10,70.5400,70.6500,69.2000,69.7500,47.6876,2499973
2022-02-11,69.0100,75.3600,68.6500,74.4400,50.8941,7685106
2022-02-14,71.9700,74.9800,71.7400,74.3100,50.8053,6449171
2022-02-15,74.1500,75.4600,73.4500,75.3800,51.5368,4255754
2022-02-16,75.4900,77.4200,75.2000,75.8200,51.8376,3338076
2022-02-17,76.9400,77.9000,75.4700,76.0600,52.0017,3129408
2022-02-18,76.5100,77.6500,75.2500,75.5900,51.6804,2876383
2022-02-21,76.6400,77.0700,73.8100,74.0300,50.6138,3466863
2022-02-22,71.4800,74.2100,71.1000,73.2200,50.0600,3938250
2022-02-23,74.3000,75.2500,72.9400,73.5700,50.2993,3345429
2022-02-24,69.0000,71.3300,67.8500,68.7900,47.0313,8297015
2022-02-25,70.4600,72.1000,68.3500,72.0600,49.2669,6292551
2022-02-28,69.9000,70.6000,68.1700,70.1700,47.9748,5868911
2022-03-01,69.5000,70.4900,66.3200,66.4400,45.4246,6811103
2022-03-02,65.2000,65.3300,63.0500,64.0600,43.7974,8133642
2022-03-03,64.0000,64.4100,60.0000,60.2100,41.1652,6123312
2022-03-04,58.8500,60.0900,56.8100,58.0000,39.6542,9611532
2022-03-07,55.2200,59.4500,54.6700,57.3900,39.2372,8645172
2022-03-08,56.4400,58.7000,56.4300,57.0000,38.9705,6732058
2022-03-09,59.1400,61.3600,58.1500,61.3600,41.9514,6946066
2022-03-10,61.3600,61.8100,57.3300,59.0900,40.3994,6757062
2022-03-11,59.3600,61.6200,58.0600,58.5900,40.0576,6157828
2022-03-14,60.1600,61.4800,59.6800,60.7600,41.5412,4719598
2022-03-15,60.3900,62.8500,59.2300,62.1400,42.4847,5067779
2022-03-16,64.3100,66.0800,63.2500,65.2600,44.6178,6129054
2022-03-17,65.8000,65.9100,63.4900,64.0000,43.7564,4486444
2022-03-18,63.8700,64.9800,62.2100,62.6300,42.8197,8469566
2022-03-21,63.0200,63.9200,62.5300,63.3200,43.2915,2621597
2022-03-22,63.7800,64.9300,63.1000,64.1600,43.8658,3027640
2022-03-23,64.7200,64.8300,62.7800,63.3200,43.2915,2832496
2022-03-24,63.3500,64.3300,62.4700,63.1200,43.1547,2963436
2022-03-25,63.3200,64.1000,62.5100,63.2100,43.2163,2499241
2022-03-28,63.3900,65.2300,63.3000,63.9100,43.6949,2760387
2022-03-29,65.1100,68.1600,64.6600,66.8500,45.7049,4830793
2022-03-30,66.4300,66.9300,64.9500,65.3500,44.6794,3326372
2022-03-31,65.8000,65.9700,63.4000,63.8100,43.6265,4179264
2022-04-01,64.0100,64.7600,63.3100,63.4900,43.4077,2848350
2022-04-04,63.9900,64.5400,62.8100,64.2600,43.9341,2538008
2022-04-05,64.4900,64.8200,62.6200,62.9600,43.0453,3425810
2022-04-06,62.7000,62.9500,60.6200,62.2300,42.5462,4539402
2022-04-07,62.4400,63.2800,62.0800,62.2800,42.5804,2920342
2022-04-08,63.4600,64.1400,62.6700,63.2200,43.2231,2477629
2022-04-11,62.5500,62.7400,61.5200,62.3900,42.6556,3274607
2022-04-12,61.5000,63.1500,60.8000,62.5000,42.7308,2791096
2022-04-13,62.2800,63.3600,61.8800,62.8600,42.9770,2297064
2022-04-14,63.2000,63.9600,62.8200,63.3200,43.2915,3459542
2022-04-19,63.4000,64.6400,63.0100,64.2800,43.9478,2834276
2022-04-20,64.8900,66.2000,64.5300,65.3500,44.6794,3107995
2022-04-21,65.6200,66.6600,65.1300,65.8500,45.0212,3029738
2022-04-22,65.1000,65.8700,64.7300,64.7300,44.2555,3535982
2022-04-25,63.7300,64.4000,62.9600,63.8300,43.6402,4119685
2022-04-26,64.9100,65.1200,62.8100,62.9100,43.0112,4784384
2022-04-27,63.7900,65.5000,62.5300,63.8800,43.6743,5329559
2022-04-28,65.0000,66.8800,64.8800,66.5100,45.4725,5497785
2022-04-29,67.1000,67.5300,66.4300,67.1000,45.8758,6141085
2022-05-02,61.7900,63.1200,61.7600,62.2200,45.9645,4880723
2022-05-03,62.3200,62.8900,61.6000,62.8800,46.4520,3449636
2022-05-04,62.9700,63.2700,62.2900,62.3300,46.0457,2525642
2022-05-05,63.4000,63.8400,60.7400,61.0000,45.0632,3077742
2022-05-06,60.6800,62.4700,60.3100,62.0800,45.8611,3781433
2022-05-09,61.6900,62.6300,60.5600,60.5600,44.7382,2550726
2022-05-10,61.5000,62.4000,61.0500,61.1300,45.1592,2562459
2022-05-11,62.2800,63.9400,62.0100,63.8600,47.1760,4564813
2022-05-12,63.0000,63.8300,62.0500,63.5100,46.9175,3339970
2022-05-13,63.6500,64.5600,62.9200,64.1000,47.3533,3062818
2022-05-16,64.0500,64.6000,63.0400,63.5600,46.9544,2472225
2022-05-17,64.0800,65.1600,63.9100,65.1400,48.1216,2785107
2022-05-18,65.2000,65.8600,64.7000,64.7600,47.8409,2660096
2022-05-19,64.0300,64.0300,61.9900,63.2800,46.7475,3904945
2022-05-20,63.5400,65.3000,63.1400,63.3000,46.7623,4037406
2022-05-23,64.6000,64.6100,63.1500,64.5600,47.6931,2226726
2022-05-24,64.1200,65.0800,63.7100,63.7100,47.0652,2312803
2022-05-25,64.3100,64.4800,63.2900,64.0000,47.2794,2180008
2022-05-26,64.3000,65.5400,64.1500,65.2000,48.1659,2741419
2022-05-27,65.5200,66.0200,64.7900,66.0200,48.7717,2659850
2022-05-30,66.3300,66.7500,65.7100,66.2700,48.9564,1714484
2022-05-31,66.1100,67.4200,65.6000,66.2000,48.9047,8549353
2022-06-01,66.9100,67.9500,66.9100,67.3000,49.7173,2800907
2022-06-02,67.1000,68.4200,67.1000,67.8000,50.0867,2123752
2022-06-03,68.1900,68.3300,67.0100,67.3500,49.7542,2015728
2022-06-06,67.9000,68.3600,67.3300,68.2300,50.4043,1860110
2022-06-07,67.6600,68.2100,67.1900,67.7700,50.0645,1824079
2022-06-08,68.0400,68.1900,67.0700,67.9500,50.1975,2396213
2022-06-09,67.6600,68.2200,66.8300,66.9500,49.4587,2377373
2022-06-10,66.3000,66.5500,64.7600,64.9100,47.9517,3222045
2022-06-13,63.5000,63.9900,61.6800,62.1500,45.9128,4698245
2022-06-14,62.4800,62.9200,61.3700,62.2900,46.0162,3057644
2022-06-15,63.0000,63.9000,62.5300,63.4400,46.8657,3421889
2022-06-16,63.5200,63.5300,61.3100,61.7000,45.5803,3319069
2022-06-17,62.0000,62.4600,61.0300,61.9300,45.7502,8659417
2022-06-20,62.1400,63.0700,61.4600,62.9800,46.5259,1856646
2022-06-21,63.1400,64.7000,63.0400,64.1700,47.4050,2127892
2022-06-22,63.1800,63.3700,61.7600,62.4200,46.1122,3001216
2022-06-23,62.1300,62.5000,58.5800,58.5800,43.2755,4503913
2022-06-24,58.9200,58.9500,56.8600,58.5600,43.2607,4012939
2022-06-27,59.0000,60.4200,58.3900,59.2400,43.7630,2602482
2022-06-28,59.7500,60.3900,58.8600,58.9300,43.5340,2304696
2022-06-29,57.9400,58.4200,57.2200,57.6000,42.5515,3125816
2022-06-30,56.4800,56.4800,54.4200,55.2200,40.7933,5239689
2022-07-01,54.6600,55.6500,54.3900,55.0000,40.6308,3058854
2022-07-04,55.5400,55.6000,53.0800,53.4500,39.4857,2788226
2022-07-05,54.1400,54.6600,50.9500,51.0300,37.6980,4302723
2022-07-06,51.3600,52.0600,50.6200,50.6200,37.3951,3383302
2022-07-07,51.4000,54.2000,51.2700,53.8500,39.7812,3913441
2022-07-08,53.6500,55.8700,53.0500,55.8700,41.2735,3874127
2022-07-11,53.9600,55.1800,53.5700,53.5800,39.5818,3197596
2022-07-12,52.9500,54.1400,52.2100,54.0000,39.8920,2414937
2022-07-13,53.3300,53.4500,51.0100,51.5200,38.0599,4001175
2022-07-14,51.6300,52.1800,50.1900,50.6800,37.4394,3820841
2022-07-15,50.8900,53.0400,50.4000,52.8700,39.0572,4988165
2022-07-18,53.3700,54.2900,52.5200,53.9700,39.8699,2724224
2022-07-19,53.6200,56.6600,53.3100,56.4400,41.6946,3477506
2022-07-20,56.1600,56.7700,54.4300,55.3900,40.9189,2748669
2022-07-21,55.7200,55.9500,54.2200,55.0800,40.6899,2404588
2022-07-22,55.0800,55.5400,54.6900,54.6900,40.4018,1977983
2022-07-25,54.7200,56.1500,54.3600,55.4500,40.9632,2161496
2022-07-26,55.1900,55.2000,54.0200,54.2700,40.0915,2622172
2022-07-27,56.5000,56.7000,54.8800,56.2500,41.5542,3433910
2022-07-28,57.2000,57.6600,55.4500,56.7400,41.9162,3058351
2022-07-29,57.2900,57.7400,56.6100,57.2200,42.2708,3086825
2022-08-01,57.3500,58.3500,57.1700,57.4500,42.4407,2240864
2022-08-02,57.2500,57.9500,56.5200,57.8000,42.6992,2267997
2022-08-03,57.2200,58.7900,56.4000,58.7300,43.3863,3019430
2022-08-04,58.9000,61.0200,58.8100,59.1300,43.6818,3128523
2022-08-05,59.0200,59.7500,58.7300,58.9100,43.5192,2081223
2022-08-08,59.5000,60.5900,59.4500,60.4700,44.6717,2157053
2022-08-09,60.4700,60.8900,59.6200,59.6300,44.0511,1540043
2022-08-10,59.5000,60.8000,59.2600,60.5200,44.7086,1477512
2022-08-11,60.9200,61.1200,60.0900,60.5200,44.7086,1334795
2022-08-12,60.7900,61.4800,60.5900,60.9300,45.0115,1661009
2022-08-15,61.0200,61.1700,59.9900,60.5600,44.7382,1231335
2022-08-16,60.6500,61.4400,60.5400,61.2200,45.2257,1399574
2022-08-17,61.4900,61.6600,60.0800,60.0900,44.3910,1939799
2022-08-18,60.2500,60.9600,59.9800,60.3400,44.5756,1451857
2022-08-19,59.9000,60.0900,57.9900,58.0900,42.9135,3083542
2022-08-22,57.7000,58.0000,55.3200,55.9100,41.3030,2742003
2022-08-23,55.7000,57.0900,55.5000,56.7400,41.9162,2197419
2022-08-24,56.3000,56.7900,55.5600,55.8300,41.2439,2228760
2022-08-25,56.2700,56.8100,55.5400,56.3100,41.5985,1778662
2022-08-26,56.4100,57.0200,54.6500,55.0000,40.6308,2788422
2022-08-29,54.6800,56.1800,54.2800,56.1800,41.5025,1969692
2022-08-30,56.2300,57.8300,55.8000,56.7600,41.9310,2416581
2022-08-31,57.4000,58.0100,56.1200,56.1200,41.4582,2579501
2022-09-01,55.8000,55.8000,54.7900,55.0000,40.6308,1943324
2022-09-02,55.9100,57.5800,55.5000,57.5800,42.5367,3231350
2022-09-05,55.5100,55.7000,53.2300,53.6400,39.6261,3874435
2022-09-06,53.6700,55.4000,53.5200,55.2400,40.8081,2218159
2022-09-07,54.5100,56.3000,54.5100,56.0900,41.4360,1848813
2022-09-08,56.0700,56.4600,54.0600,55.0500,40.6677,2837453
2022-09-09,55.1000,56.9500,55.1000,56.3700,41.6428,2197430
2022-09-12,57.0000,59.2800,56.8900,59.2800,43.7926,3448989
2022-09-13,59.5000,60.0000,58.0400,58.2600,43.0391,3070445
2022-09-14,57.9100,58.8700,56.9800,57.7500,42.6623,2925812
2022-09-15,57.9100,58.2600,56.9900,57.5500,42.5146,2127022
2022-09-16,56.9500,57.2900,55.6200,57.0200,42.1230,5775034
2022-09-19,57.0500,58.0200,55.8800,57.5200,42.4924,1470842
2022-09-20,57.8000,58.8000,56.8200,57.0000,42.1083,1811591
2022-09-21,56.4000,57.5800,55.8900,57.3300,42.3520,1367175
2022-09-22,56.1100,57.3300,55.8800,56.1000,41.4434,1930789
2022-09-23,56.0100,56.0100,53.6100,53.9100,39.8255,2821988
2022-09-26,53.1700,55.7100,53.0100,54.7700,40.4609,2205489
2022-09-27,56.0100,56.5500,54.3900,54.5200,40.2762,2423870
2022-09-28,53.6200,54.7500,53.1300,54.4400,40.2171,2749282
2022-09-29,54.5500,54.7500,51.7700,52.4300,38.7322,4101909
2022-09-30,52.6800,53.3700,50.9800,52.3500,38.6731,3648879
2022-10-03,52.3200,53.3200,51.0800,52.9900,39.1459,2511294
2022-10-04,54.1300,55.1700,53.4000,55.0000,40.6308,2920928
2022-10-05,54.5100,54.5500,52.3000,53.0100,39.1607,2697461
2022-10-06,53.8700,54.4200,53.1600,53.8400,39.7738,2066809
2022-10-07,53.2000,53.7000,52.3700,52.6100,38.8652,2278524
2022-10-10,51.8000,53.4400,51.6300,52.0500,38.4515,2177491
2022-10-11,51.8500,52.8500,50.6500,52.8500,39.0425,2670358
2022-10-12,52.7100,52.9300,51.7500,52.7700,38.9834,1939609
2022-10-13,52.6200,54.0400,51.8500,53.6200,39.6113,2368282
2022-10-14,54.5200,54.8500,53.2800,53.8600,39.7886,2157075
2022-10-17,54.1800,55.6200,53.8400,55.2500,40.8155,1776863
2022-10-18,56.4700,57.9900,55.9000,57.1400,42.2117,2913706
2022-10-19,57.5200,58.1700,57.0400,57.4700,42.4555,1794682
2022-10-20,57.0300,57.9800,56.3800,57.0000,42.1083,2004413
2022-10-21,56.4100,57.5200,56.0800,56.9300,42.0565,3061172
2022-10-24,57.6100,58.5500,56.9200,58.4400,43.1720,2501917
2022-10-25,59.0900,59.2500,57.2000,58.3000,43.0686,2382138
2022-10-26,58.7200,58.9400,57.0700,58.9400,43.5414,2716922
2022-10-27,58.6200,59.3500,57.7800,58.8100,43.4454,2247948
2022-10-28,57.6400,58.5200,56.7400,58.2000,42.9947,2818548
2022-10-31,58.8300,58.8500,57.9100,58.6000,43.2902,1472138
2022-11-01,58.9900,59.7700,58.6000,59.1400,43.6892,1617080
2022-11-02,59.5000,59.5900,58.0400,58.0400,42.8765,1935690
2022-11-03,57.6000,57.7500,56.5200,57.0700,42.1600,2531028
2022-11-04,57.4000,59.7400,57.2300,59.7400,44.1324,2986616
2022-11-07,59.2500,60.8600,59.1300,59.8300,44.1989,1982248
2022-11-08,59.8900,60.7700,59.7100,60.6800,44.8268,2214419
2022-11-09,60.5600,60.6600,59.5900,59.9200,44.2654,1656985
2022-11-10,59.8700,63.4200,59.8200,63.3400,46.7919,4408393
2022-11-11,63.8000,65.2200,63.7400,64.7900,47.8630,3448590
2022-11-14,65.5500,65.8300,64.4600,64.9400,47.9739,1863787
2022-11-15,65.5300,65.6100,64.3100,65.1900,48.1585,1814287
2022-11-16,64.4200,64.5400,60.5100,61.1500,45.1740,5855377
2022-11-17,61.6100,61.9200,59.4100,60.2200,44.4870,2955510
2022-11-18,60.8200,62.4500,60.6600,62.2200,45.9645,4348709
2022-11-21,61.6800,62.4700,61.5500,61.9100,45.7355,1389921
2022-11-22,61.8000,62.7300,61.6600,62.1600,45.9202,1597248
2022-11-23,62.3500,62.5000,61.1600,62.0800,45.8611,1565578
2022-11-24,62.0500,62.6600,62.0200,62.5000,46.1713,1181204
2022-11-25,62.6000,62.7000,61.9500,62.3700,46.0753,1251984
2022-11-28,61.7000,62.0800,61.2700,61.5100,45.4400,1822227
2022-11-29,61.7800,62.6500,61.5400,62.5400,46.2009,2166881
2022-11-30,62.7300,64.7000,62.7300,64.4000,47.5749,4058987
2022-12-01,65.2200,65.3700,63.2500,64.1600,47.3976,1819216
2022-12-02,63.4300,64.6300,63.4000,64.0900,47.3459,1784916
2022-12-05,64.4500,64.6500,63.5100,64.2600,47.4715,2148286
2022-12-06,64.5800,64.8900,63.5700,63.7800,47.1169,1529196
2022-12-07,63.5000,64.3100,63.0700,63.1200,46.6293,1582496
2022-12-08,63.2000,63.5200,62.5900,63.1200,46.6293,1804621
2022-12-09,63.4700,64.9800,63.1500,64.7900,47.8630,2692302
2022-12-12,64.5000,64.7000,63.9800,64.0500,47.3164,1797201
2022-12-13,64.1700,65.6800,63.7900,64.6100,47.7301,2463128
2022-12-14,64.2700,64.8300,64.0700,64.5600,47.6931,2312355
2022-12-15,64.2000,64.7800,62.0400,62.1000,45.8758,3837595
2022-12-16,62.2200,62.9700,61.6100,62.0300,45.8241,5172715
2022-12-19,62.1000,63.0500,61.9800,62.6300,46.2674,1503334
2022-12-20,62.1900,62.3100,61.5200,62.0000,45.8020,1788337
2022-12-21,62.2200,62.8600,61.7600,62.8600,46.4373,1292377
2022-12-22,62.9700,63.0600,60.7200,61.0000,45.0632,1950310
2022-12-23,60.9100,61.7500,60.8000,61.3500,45.3218,961726
2022-12-27,61.9800,62.4100,61.6600,61.8800,45.7133,744145
2022-12-28,62.0800,62.0800,61.0800,61.3300,45.3070,1293906
2022-12-29,61.0000,62.2200,60.8500,62.0000,45.8020,1006366
2022-12-30,61.8000,61.9700,61.3300,61.4000,45.3587,867268
2023-01-02,61.9600,63.8800,61.8900,63.7800,47.1169,1836012
2023-01-03,63.7000,64.9400,63.6600,64.0500,47.3164,1630673
2023-01-04,64.4000,66.1100,64.3000,65.8600,48.6535,2715145
2023-01-05,65.7800,66.6600,65.3600,66.4100,49.0598,1793620
2023-01-06,66.6300,67.0800,64.9500,66.4600,49.0967,2127422
2023-01-09,67.1100,67.7000,66.8900,67.3200,49.7321,2399636
2023-01-10,67.3200,67.9800,66.8800,67.7500,50.0497,2376716
2023-01-11,67.9800,68.4700,67.7900,68.1400,50.3378,2116073
2023-01-12,68.4200,69.1300,67.9600,68.9000,50.8993,2712212
2023-01-13,68.6800,68.6800,66.7300,67.0400,49.5252,3072434
2023-01-16,67.4300,67.4500,66.6200,67.1600,49.6139,1466111
2023-01-17,67.1600,67.8000,66.4500,67.2300,49.6656,1582531
2023-01-18,67.3300,67.7000,66.9200,67.3000,49.7173,1245010
2023-01-19,66.5900,66.9100,65.5200,65.5200,48.4023,2152459
2023-01-20,66.0400,66.2000,65.2800,65.7900,48.6018,2128467
2023-01-23,66.5100,67.3600,66.0800,67.2700,49.6951,1724442
2023-01-24,67.6000,68.2500,67.0600,67.7500,50.0497,2031321
2023-01-25,67.5700,67.9400,67.2100,67.6000,49.9389,1309779
2023-01-26,68.0900,68.4500,67.7000,68.3000,50.4560,1733510
2023-01-27,68.5100,69.2400,68.5100,68.8700,50.8771,1970350
2023-01-30,69.1000,69.1300,67.2300,67.7200,50.0276,2593538
2023-01-31,67.4800,68.3000,66.8200,68.1500,50.3452,2386354
2023-02-01,68.5100,69.7800,68.2300,69.6000,51.4164,2608230
2023-02-02,69.9500,72.8400,69.5600,72.2000,53.3371,4335198
2023-02-03,71.6800,72.6800,71.1300,72.0000,53.1894,3214000
2023-02-06,71.4500,72.0500,70.6900,71.8500,53.0786,1925947
2023-02-07,72.0300,72.4900,71.5900,71.9500,53.1524,1661559
2023-02-08,72.1100,72.5700,71.2200,71.7900,53.0342,1721447
2023-02-09,71.9000,73.3800,71.9000,72.9900,53.9207,2361035
2023-02-10,72.6700,72.9500,71.4000,71.9600,53.1598,2045968
2023-02-13,72.0000,72.2500,71.4700,71.4700,52.7978,1207531
2023-02-14,71.6800,72.2400,71.1100,71.4800,52.8052,1602344
2023-02-15,71.4500,72.4700,71.3200,72.3600,53.4553,1530975
2023-02-16,72.8000,73.1500,71.7000,72.5800,53.6178,2101550
2023-02-17,73.6100,75.0600,73.5400,74.6400,55.1396,5170528
2023-02-20,75.0000,75.5500,74.8200,74.8700,55.3096,1619956
2023-02-21,74.8600,75.1200,73.6200,74.5900,55.1027,1779722
2023-02-22,74.1700,74.3600,73.4700,73.9800,54.6521,1935831
2023-02-23,74.2600,74.8800,74.0500,74.1100,54.7481,2167050
2023-02-24,74.4800,74.6100,71.9400,71.9400,53.1450,5234674
2023-02-27,72.9000,73.1300,72.4100,72.5900,53.6252,1552245
2023-02-28,72.3100,73.5400,71.7600,72.6500,53.6696,2395280
2023-03-01,73.1500,74.0800,72.7400,73.3300,54.1719,2058806
2023-03-02,72.9200,73.8800,72.1900,73.6200,54.3861,1635655
2023-03-03,73.6200,75.8400,73.6200,75.5900,55.8414,2941485
2023-03-06,75.7500,75.9200,75.2600,75.7700,55.9744,1543597
2023-03-07,75.5700,75.8200,75.1500,75.3400,55.6568,1336673
2023-03-08,75.3600,75.7700,74.9600,75.1200,55.4942,1804184
2023-03-09,75.3400,75.7500,73.6600,74.7700,55.2357,1935647
2023-03-10,72.5000,74.2400,72.2500,74.0300,54.6890,2665376
2023-03-13,74.3900,74.5900,71.4200,71.6800,52.9530,4137051
2023-03-14,72.1200,72.9900,71.2400,72.8200,53.7951,2859137
2023-03-15,72.8200,72.9600,69.7200,70.1500,51.8227,4519645
2023-03-16,71.0800,71.2800,68.7900,70.3600,51.9778,4593018
2023-03-17,70.9000,71.2300,68.3500,69.2600,51.1652,9158469
2023-03-20,68.8400,69.6100,67.0200,69.1400,51.0766,2625711
2023-03-21,70.1700,71.2500,70.0500,70.4800,52.0665,2673789
2023-03-22,70.6100,71.7200,70.5000,71.1700,52.5762,1921978
2023-03-23,71.3200,71.6600,70.2900,70.7200,52.2438,1650894
2023-03-24,70.4000,70.4000,67.8200,69.6500,51.4533,3513012
2023-03-27,70.3700,71.8400,70.2400,71.4800,52.8052,2052688
2023-03-28,72.5100,72.7700,71.7400,71.8900,53.1081,1355205
2023-03-29,70.0800,70.8200,69.8300,70.3600,51.9778,3853734
2023-03-30,70.9800,71.1900,70.3800,70.9100,52.3841,2582982
2023-03-31,71.1700,71.2400,70.3200,70.7800,52.2881,3241795
2023-04-03,70.8100,70.9300,70.0500,70.4100,52.0148,3464723
2023-04-04,70.6900,71.2400,70.3600,70.4400,52.0369,2396840
2023-04-05,70.6900,70.8300,68.2300,68.4300,50.5521,3362207
2023-04-06,68.4700,68.5500,67.4000,67.8200,50.1014,2319896
2023-04-11,68.7000,69.5800,68.4200,68.8800,50.8845,2427777
2023-04-12,68.9900,70.2800,68.9000,69.3400,51.2243,1983591
2023-04-13,69.4000,70.1800,69.1300,69.7900,51.5568,1779787
2023-04-14,69.9600,70.8000,69.7900,70.4100,52.0148,2400954
2023-04-17,70.8300,70.9100,69.1300,69.2500,51.1578,2327453
2023-04-18,69.5600,70.2500,69.4200,70.1700,51.8375,2710343
2023-04-19,70.1300,70.6100,69.5600,70.6100,52.1625,2085092
2023-04-20,70.3000,70.3000,67.9500,68.2300,50.4043,4028108
2023-04-21,69.6000,70.1900,68.3100,69.2100,51.1283,4229716
2023-04-24,69.4800,70.1500,69.1000,69.8900,51.6306,1951192
2023-04-25,69.8900,70.1500,69.3800,69.7600,51.5346,2010841
2023-04-26,69.7500,70.1500,69.1000,70.0600,51.7562,2143895
2023-04-27,70.2500,71.0600,69.6600,70.0600,51.7562,2705371
2023-04-28,70.9200,71.3100,68.3500,70.5800,52.1404,4484728
2023-05-02,71.2000,71.5500,69.5600,69.5600,51.3868,3619970
2023-05-03,70.0000,70.4100,68.9300,70.2500,51.8966,4057074
2023-05-04,66.5000,66.6400,64.5100,65.0600,51.9045,4895234
2023-05-05,65.1500,66.6900,64.9900,66.6800,53.1970,3347560
2023-05-08,66.9900,67.3700,66.5200,66.6800,53.1970,2022023
2023-05-09,66.8600,67.3800,66.5800,67.1500,53.5719,2778602
2023-05-10,67.5900,67.9500,66.8400,67.6600,53.9788,2685946
2023-05-11,67.8000,68.2100,67.2600,67.7700,54.0666,2752091
2023-05-12,68.1700,68.3000,67.7000,67.8600,54.1384,2180549
2023-05-15,68.0000,68.3400,67.7700,68.0000,54.2501,1655858
2023-05-16,67.6900,67.7600,67.0000,67.4000,53.7714,2505551
2023-05-17,67.2500,68.4500,67.1500,68.3800,54.5532,2414124
2023-05-18,68.9000,70.6900,68.8100,70.5000,56.2446,3489030
2023-05-19,70.7500,71.7900,70.6700,71.1800,56.7871,4060785
2023-05-22,71.2200,71.6000,70.9400,71.4000,56.9626,1878847
2023-05-23,71.3000,71.4800,70.9600,71.2600,56.8509,1754573
2023-05-24,70.7500,70.9000,69.5800,69.9200,55.7818,2779971
2023-05-25,70.0600,70.6600,69.4900,70.2500,56.0451,1966352
2023-05-26,70.7000,71.4400,70.1600,71.4400,56.9945,2199584
2023-05-29,71.5000,72.0800,70.9600,71.1600,56.7711,1509671
2023-05-30,71.0700,71.9800,70.9000,71.2000,56.8030,1836543
2023-05-31,70.3500,71.0000,69.4800,69.7700,55.6622,9349162
2023-06-01,70.3100,70.7800,69.9300,70.5600,56.2924,1760173
2023-06-02,71.2500,72.4200,71.0100,72.2400,57.6327,3128986
2023-06-05,72.3000,72.4000,71.6500,72.0400,57.4732,1675542
2023-06-06,71.9700,72.2400,71.5000,72.0300,57.4652,1293109
2023-06-07,72.0900,72.5700,71.5200,72.4700,57.8162,2140621
2023-06-08,72.4800,73.7600,72.4200,73.0000,58.2390,2603334
2023-06-09,73.0700,73.4100,72.6000,72.6000,57.9199,1472053
2023-06-12,73.0000,73.6500,72.9300,73.6000,58.7177,1922110
2023-06-13,73.9900,74.3800,72.5000,74.3800,59.3400,2562255
2023-06-14,74.4900,75.8500,74.4100,75.3500,60.1139,3412044
2023-06-15,75.1600,75.2200,74.5500,75.1800,59.9782,2180019
2023-06-16,75.1300,76.1000,74.8300,76.1000,60.7122,9064187
2023-06-19,75.6300,75.9300,75.1900,75.5400,60.2654,1454192
2023-06-20,75.1900,75.3300,74.2400,75.0500,59.8745,1844673
2023-06-21,75.3100,75.5900,73.9800,74.0500,59.0767,2441517
2023-06-22,72.9400,72.9700,71.9500,72.3500,57.7205,2615289
2023-06-23,72.6100,72.6100,71.3200,72.0300,57.4652,2021890
2023-06-26,72.2400,72.3100,70.5800,71.9800,57.4253,2108434
2023-06-27,72.1800,72.3800,71.2700,71.8300,57.3056,2047053
2023-06-28,72.2800,72.7600,71.8600,72.5400,57.8721,1666174
2023-06-29,72.9000,73.4400,72.7300,72.9800,58.2231,1359574
2023-06-30,73.5000,73.9200,72.9800,73.6700,58.7736,2983542
2023-07-03,73.9500,74.4700,73.3900,73.6200,58.7337,1667671
2023-07-04,74.0000,74.0000,71.8900,72.7500,58.0396,1704565
2023-07-05,72.2000,73.6000,71.9500,73.5700,58.6938,2170925
2023-07-06,73.2900,73.3300,71.0300,71.4200,56.9785,2696415
2023-07-07,71.3500,71.9500,70.8800,71.9500,57.4014,2193616
2023-07-10,71.8600,72.4300,71.0600,71.9100,57.3694,1165077
2023-07-11,72.2900,72.4200,71.4500,72.3800,57.7444,1577401
2023-07-12,72.5400,72.7400,71.9400,72.6100,57.9279,2075037
2023-07-13,72.4400,73.0500,71.9400,72.8000,58.0795,2193914
2023-07-14,72.6800,72.7400,72.2200,72.4300,57.7843,1403461
2023-07-17,72.0300,72.5900,71.8400,72.5200,57.8561,1318088
2023-07-18,72.5600,72.9000,71.9000,72.4700,57.8162,1476416
2023-07-19,72.6900,72.7900,71.3800,71.8900,57.3535,1739005
2023-07-20,71.5000,71.8400,71.2700,71.5600,57.0902,1984640
2023-07-21,70.5600,71.7200,70.4500,71.2000,56.8030,2682292
2023-07-24,71.1000,71.4900,70.6900,71.4000,56.9626,1834338
2023-07-25,71.9000,71.9000,71.0100,71.2200,56.8190,1363722
2023-07-26,70.8000,71.0600,69.1200,69.9600,55.8137,3825392
2023-07-27,69.9100,72.9600,68.7700,72.7200,58.0157,4881783
2023-07-28,72.9800,73.5600,71.7800,73.5600,58.6858,2522824
2023-07-31,73.6000,73.7000,72.5500,72.6400,57.9518,1939953
2023-08-01,72.7900,72.8400,70.6600,70.9200,56.5796,3075871
2023-08-02,70.0400,71.2500,69.6600,71.0500,56.6833,1997851
2023-08-03,70.5000,71.3400,70.0700,71.1600,56.7711,2051658
2023-08-04,71.5000,71.7800,70.8600,71.5000,57.0424,1571767
2023-08-07,71.1800,71.6800,70.7100,71.4000,56.9626,1545919
2023-08-08,71.0400,71.7100,69.5800,70.2800,56.0690,2394838
2023-08-09,70.0200,70.6300,69.5000,69.5000,55.4468,1733233
2023-08-10,70.0700,70.7400,69.9200,70.3300,56.1089,1903057
2023-08-11,69.9900,70.1100,69.1100,69.1100,55.1356,2450747
2023-08-14,68.9500,69.2700,68.5600,68.8400,54.9202,1957208
2023-08-15,68.8800,68.9700,68.0900,68.1300,54.3538,1639229
2023-08-16,68.0000,68.9500,67.8400,68.2800,54.4734,1558031
2023-08-17,68.1100,68.1600,67.3200,67.5200,53.8671,1978472
2023-08-18,67.0900,67.1500,66.3900,67.0200,53.4682,2654962
2023-08-21,66.8500,67.8300,66.7700,67.5400,53.8831,1734287
2023-08-22,68.0000,68.2600,67.6100,67.7900,54.0825,1279950
2023-08-23,68.0000,68.3100,67.2200,67.5400,53.8831,1797299
2023-08-24,68.1000,68.4900,66.8800,66.9900,53.4443,1921427
2023-08-25,66.8100,67.3200,66.6100,67.0000,53.4523,1411722
2023-08-28,67.6000,67.7400,66.6100,67.4300,53.7953,1847514
2023-08-29,67.5100,67.9300,67.2400,67.8300,54.1144,2263590
2023-08-30,68.1900,68.2200,67.3000,67.5100,53.8591,1981494
2023-08-31,67.6000,67.9900,67.3100,67.5400,53.8831,7356061
2023-09-01,67.7400,67.8000,65.5700,65.8600,52.5428,3407902
2023-09-04,66.0200,66.9500,66.0100,66.5000,53.0534,1721615
2023-09-05,66.2000,66.9200,65.9100,66.9100,53.3805,1915375
2023-09-06,66.5500,66.9200,66.1600,66.2400,52.8459,1868524
2023-09-07,66.0400,66.4500,65.3000,65.3000,52.0960,2146909
2023-09-08,65.4500,65.9500,64.6800,65.8300,52.5189,2258116
2023-09-11,66.2400,66.6100,65.8500,66.2300,52.8380,2417449
2023-09-12,66.6600,67.3900,65.9000,66.9100,53.3805,2676363
2023-09-13,66.8100,69.5000,66.5700,66.8500,53.3326,3529751
2023-09-14,66.8800,66.8800,65.5300,66.4600,53.0215,3030009
2023-09-15,67.2700,67.8900,66.7400,67.2100,53.6198,4884518
2023-09-18,67.1500,67.3300,66.1600,66.4400,53.0055,2471988
2023-09-19,66.4400,67.3300,66.3500,66.8400,53.3246,1749962
2023-09-20,67.1000,68.5500,67.0900,68.2100,54.4176,2661750
2023-09-21,67.6000,67.9700,66.8800,67.4300,53.7953,1703195
2023-09-22,67.1000,67.4400,66.6100,67.3300,53.7155,2017943
2023-09-25,66.9800,67.2700,65.8700,66.3800,52.9576,2525595
2023-09-26,66.3600,66.3600,65.1500,65.4600,52.2237,2379936
2023-09-27,65.3200,66.2200,65.1300,65.2600,52.0641,1770969
2023-09-28,65.4800,66.2100,64.7800,65.8900,52.5667,2121972
2023-09-29,66.0200,66.3300,65.6200,65.8900,52.5667,2242431
2023-10-02,66.5000,66.5300,65.1400,65.6100,52.3433,1800099
2023-10-03,65.4100,65.8100,64.9000,64.9300,51.8008,1708507
2023-10-04,64.5200,65.2000,63.5200,64.9300,51.8008,2371506
2023-10-05,64.9000,65.0400,64.2900,64.4200,51.3940,1629229
2023-10-06,64.4200,64.8400,62.7400,63.8500,50.9392,3411439
2023-10-09,63.4800,63.6800,62.8300,63.4500,50.6201,1704444
2023-10-10,63.9300,65.0100,63.8800,64.6100,51.5455,2336447
2023-10-11,64.3700,65.0900,63.8900,64.8500,51.7370,2216892
2023-10-12,65.3500,65.6300,64.8800,65.1900,52.0083,1425955
2023-10-13,65.1400,65.4300,64.2600,64.3200,51.3142,2178624
2023-10-16,64.3700,64.8500,63.7100,64.7000,51.6173,1684499
2023-10-17,64.4600,64.8800,63.9900,64.8700,51.7530,1555144
2023-10-18,65.0000,65.2900,64.1800,64.1800,51.2025,1671117
2023-10-19,63.4600,63.8100,62.5800,63.4500,50.6201,2859429
2023-10-20,62.9600,63.0400,61.7600,62.0100,49.4713,4497505
2023-10-23,62.2000,62.2000,60.7500,61.7000,49.2240,3481693
2023-10-24,61.4600,61.7800,61.1000,61.5300,49.0883,2104956
2023-10-25,61.7000,61.8100,60.7600,61.3800,48.9687,2615103
2023-10-26,58.5300,58.7500,57.1100,57.8400,46.1445,8028344
2023-10-27,57.0500,57.8700,56.0300,56.2100,44.8441,5563262
2023-10-30,56.0100,56.4300,55.2700,55.5800,44.3414,3801648
2023-10-31,55.5000,55.8700,55.0800,55.4300,44.2218,4005904
2023-11-01,55.8600,56.5400,55.3400,55.9700,44.6526,3838016
2023-11-02,56.8500,57.6900,56.4500,57.5200,45.8892,3882307
2023-11-03,58.2100,58.4900,57.8800,57.9000,46.1923,4028205
2023-11-06,58.3000,58.4000,57.4200,57.5300,45.8972,2340378
2023-11-07,57.1800,57.5900,56.6800,56.8700,45.3706,2498745
2023-11-08,56.5800,57.8100,56.3900,57.4500,45.8333,2257548
2023-11-09,57.5400,57.9200,57.1900,57.2900,45.7057,2046433
2023-11-10,56.7500,56.8600,56.2400,56.4900,45.0674,2751051
2023-11-13,56.8600,57.0300,56.2100,56.6000,45.1552,2480912
2023-11-14,57.0300,58.0900,56.4700,57.9900,46.2641,3412347
2023-11-15,58.2900,58.7900,58.1000,58.6900,46.8226,2511199
2023-11-16,58.3300,58.8000,57.8900,57.9500,46.2322,2201153
2023-11-17,58.1000,58.7600,57.8800,58.6000,46.7508,2603266
2023-11-20,58.9900,59.0800,58.4600,58.9300,47.0141,2028002
2023-11-21,58.7600,59.1100,58.1400,58.1600,46.3998,2239459
2023-11-22,58.4500,58.6000,58.1000,58.2800,46.4955,1687437
2023-11-23,58.4000,58.5000,58.1300,58.2400,46.4636,1324102
2023-11-24,58.0000,58.6400,57.6200,58.5600,46.7189,2059372
2023-11-27,58.5000,58.6500,58.0500,58.3600,46.5593,1800473
2023-11-28,58.0000,58.0000,57.5900,57.9600,46.2402,2082850
2023-11-29,58.0000,59.5400,57.9700,59.2900,47.3013,3050584
2023-11-30,59.5800,59.7800,58.9900,59.5800,47.5326,3589967
2023-12-01,59.6700,60.1600,59.4600,60.1400,47.9794,1957079
2023-12-04,60.1000,60.7600,59.8200,60.5200,48.2826,2116842
2023-12-05,60.3000,61.6800,60.2200,61.4500,49.0245,3039437
2023-12-06,61.7000,62.9800,61.4300,62.3700,49.7585,2600586
2023-12-07,62.0800,62.5600,61.9600,62.3400,49.7345,2073491
2023-12-08,62.4400,63.1100,62.1100,62.8700,50.1574,2934602
2023-12-11,62.9600,63.2500,62.4700,63.0500,50.3010,2199996
2023-12-12,63.2700,63.6100,62.7200,62.7200,50.0377,2164014
2023-12-13,61.9400,62.6100,61.6700,61.7400,49.2559,2621757
2023-12-14,63.4000,64.1900,63.0500,63.5000,50.6600,4322932
2023-12-15,64.0100,65.3200,63.9700,64.3700,51.3541,6512480
2023-12-18,63.7300,63.8100,63.2900,63.5400,50.6919,2444623
2023-12-19,63.2500,63.6600,63.1500,63.2100,50.4286,1758153
2023-12-20,63.3700,63.9200,62.9100,63.1400,50.3728,1880142
2023-12-21,62.4000,62.7800,62.0800,62.7100,50.0297,1594417
2023-12-22,62.6100,63.2500,62.5300,62.8500,50.1414,1656994
2023-12-27,62.6700,63.0200,62.3800,62.6700,49.9978,1234302
2023-12-28,62.7900,62.8300,62.2200,62.2600,49.6707,1318193
2023-12-29,62.3000,62.7600,62.2600,62.5500,49.9021,748677
2024-01-02,62.7500,63.7800,62.2600,63.3300,50.5244,1724329
2024-01-03,63.3800,63.6100,61.8900,62.2000,49.6229,2310818
2024-01-04,62.4200,62.8600,62.2400,62.3200,49.7186,2207718
2024-01-05,62.0000,63.3000,61.5100,62.5500,49.9021,2345812
2024-01-08,62.5000,63.6100,62.1400,63.5600,50.7079,1681104
2024-01-09,63.5500,63.8400,63.2300,63.8000,50.8993,2111832
2024-01-10,63.7400,64.0600,62.9600,62.9600,50.2292,2266784
2024-01-11,63.5200,64.0300,62.2200,62.2200,49.6388,2415628
2024-01-12,62.4200,62.5300,61.1800,61.3600,48.9527,2974285
2024-01-15,61.2200,61.6700,60.7000,61.4200,49.0006,1911584
2024-01-16,61.1800,61.4200,60.7100,61.2800,48.8889,2225382
2024-01-17,60.2500,60.5100,59.2100,59.3200,47.3252,3506283
2024-01-18,59.1200,60.3300,58.8400,59.8400,47.7401,2416672
2024-01-19,60.1000,60.1500,59.0200,59.1100,47.1577,3089578
2024-01-22,59.4100,60.0500,59.1400,59.2900,47.3013,2169356
2024-01-23,59.4400,60.9200,59.3300,60.2200,48.0432,2735630
2024-01-24,60.6000,61.0300,60.0900,60.7300,48.4501,1859667
2024-01-25,60.6000,60.6500,59.4000,59.7500,47.6683,2851011
2024-01-26,59.7600,61.3000,59.7600,61.2600,48.8729,3214963
2024-01-29,61.3400,61.8800,60.7600,61.8800,49.3676,2159220
2024-01-30,62.1600,62.8100,61.5400,62.2600,49.6707,2006522
2024-01-31,62.1400,63.0200,62.0400,62.8500,50.1414,3123530
2024-02-01,62.8700,63.5500,62.7500,63.0800,50.3249,2449579
2024-02-02,64.0000,65.1300,63.7000,64.3400,51.3301,3770724
2024-02-05,64.5500,64.6100,63.1500,63.1800,50.4047,2387817
2024-02-06,63.7500,64.1400,63.3300,63.9600,51.0270,1844561
2024-02-07,64.1400,65.1600,63.9800,63.9800,51.0429,2028234
2024-02-08,64.3500,65.2700,63.9400,65.0400,51.8886,1836118
2024-02-09,65.1000,65.4600,64.6000,64.9200,51.7929,1751091
2024-02-12,65.2400,66.0100,65.1700,65.6500,52.3752,1431014
2024-02-13,65.6900,66.3900,65.2700,65.4400,52.2077,2324829
2024-02-14,65.1200,65.7900,64.9800,65.5300,52.2795,1247134
2024-02-15,66.1500,67.1700,66.1000,66.8500,53.3326,2872026
2024-02-16,67.3600,68.0300,67.3300,67.3800,53.7554,2853188
2024-02-19,67.3700,67.6900,67.1700,67.6300,53.9549,1774036
2024-02-20,67.3100,67.4300,66.4500,66.7800,53.2768,2526297
2024-02-21,67.5700,68.6600,67.3700,68.0700,54.3059,3552731
2024-02-22,70.9500,72.2400,70.3600,71.2700,56.8589,7352263
2024-02-23,71.6800,72.9200,71.3600,71.6800,57.1860,4349780
2024-02-26,71.3600,71.9000,70.7700,71.3600,56.9307,2730537
2024-02-27,71.3000,72.5200,71.1500,72.1600,57.5689,2467850
2024-02-28,72.8500,73.4900,72.3900,73.4000,58.5582,3369399
2024-02-29,73.5300,74.2700,73.2200,73.6400,58.7496,4241706
2024-03-01,74.1700,75.0700,73.8700,74.0900,59.1086,4126828
2024-03-04,73.8200,74.2500,73.5300,73.7400,58.8294,1924498
2024-03-05,73.8000,73.8000,72.6700,73.7600,58.8454,1782226
2024-03-06,73.6800,73.8400,72.7900,72.8500,58.1194,2513190
2024-03-07,72.2500,72.5500,71.0600,72.4000,57.7604,2665450
2024-03-08,72.4000,73.0100,72.0400,72.5500,57.8800,2024985
2024-03-11,72.3800,72.5000,72.0100,72.4000,57.7604,1915139
2024-03-12,72.4900,73.4900,72.1800,73.3200,58.4943,3658094
2024-03-13,72.9900,73.1300,72.2400,72.4900,57.8322,2930477
2024-03-14,72.5000,73.4500,72.1800,72.5400,57.8721,3021335
2024-03-15,72.8800,73.9800,72.6900,73.1000,58.3188,7718621
2024-03-18,73.3800,73.9400,73.1100,73.3600,58.5262,1790934
2024-03-19,73.6400,74.2300,73.2900,74.1500,59.1565,2524749
2024-03-20,74.0500,74.0500,73.4200,73.8000,58.8773,1631620
2024-03-21,74.4700,74.5200,73.0400,73.3400,58.5103,2452128
2024-03-22,73.3400,73.6400,72.9600,73.5000,58.6379,1735721
2024-03-25,73.5800,73.7700,73.3500,73.7200,58.8135,1377705
2024-03-26,73.7700,74.0400,73.3200,73.4500,58.5980,2053627
2024-03-27,73.4500,73.8200,72.8400,73.5200,58.6539,2007814
2024-03-28,73.6200,74.1000,73.3600,73.8100,58.8853,2523071
2024-04-02,74.2000,74.2300,73.3500,73.4700,58.6140,2459790
2024-04-03,73.6900,74.0200,73.1900,73.9100,58.9650,2693400
2024-04-04,73.9500,75.6300,73.7800,75.2700,60.0500,3037790
2024-04-05,74.2900,74.7800,74.0000,74.7100,59.6033,2919782
2024-04-08,75.0500,77.4500,75.0400,76.6100,61.1191,4060772
2024-04-09,76.4000,76.7000,75.9500,76.1800,60.7760,1879793
2024-04-10,76.9000,77.3600,75.3600,76.0000,60.6324,2440713
2024-04-11,76.0500,76.2400,75.1100,75.7400,60.4250,2083716
2024-04-12,76.3700,76.5700,74.8400,75.3700,60.1298,2761599
2024-04-15,75.5200,77.1200,75.5200,76.2400,60.8239,2436821
2024-04-16,75.1100,75.1100,74.1600,74.6100,59.5235,3364354
2024-04-17,74.5700,75.2100,74.2400,74.4000,59.3560,1863829
2024-04-18,74.8100,75.1400,74.4500,74.8100,59.6830,1799323
2024-04-19,74.2200,74.3500,73.4900,74.1400,59.1485,2620156
2024-04-22,74.8800,74.9000,73.3600,74.1900,59.1884,2146207
2024-04-23,74.7000,74.7800,73.2300,74.0500,59.0767,2305021
2024-04-24,74.1500,74.4400,73.7700,74.0200,59.0528,2223226
2024-04-25,74.3600,74.3600,72.3600,73.2200,58.4146,2689932
2024-04-26,73.6400,74.7900,73.2600,74.3600,59.3240,2632815
2024-04-29,75.0000,75.2800,74.5200,74.7900,59.6671,2456200
2024-04-30,73.2100,73.7900,70.4100,70.9400,56.5956,8393648
2024-05-02,71.0000,71.9400,70.6400,70.9100,56.5717,3280527
2024-05-03,71.5800,72.5500,70.9300,71.5800,57.1062,2609686
2024-05-06,72.2800,73.2200,71.8000,72.5300,57.8641,2735872
2024-05-07,73.0200,73.6800,72.4300,73.3000,58.4784,3251924
2024-05-08,73.3100,73.4200,71.9700,72.5700,57.8960,4055379
2024-05-09,68.6500,68.8200,67.8400,68.3500,58.7794,3430145
2024-05-10,68.6500,68.7300,67.8700,68.1900,58.6418,4129482
2024-05-13,67.9300,68.5200,67.5300,68.3600,58.7880,3638292
2024-05-14,68.5300,69.5000,68.3800,69.3300,59.6222,3616857
2024-05-15,69.5000,70.1300,69.0000,69.0000,59.3384,3804493
2024-05-16,68.8000,68.9400,67.9500,68.3200,58.7536,3444772
2024-05-17,68.2500,68.8600,67.9500,68.0600,58.5300,3298305
2024-05-20,68.5100,68.6000,67.0600,67.1300,57.7302,3137023
2024-05-21,66.8000,66.9200,66.4500,66.8100,57.4550,3152633
2024-05-22,65.7000,66.3300,64.7000,65.7600,56.5520,4205029
2024-05-23,65.8300,66.1100,65.3100,65.7100,56.5090,3251540
2024-05-24,65.1100,66.3200,65.0400,66.0300,56.7842,3457306
2024-05-27,66.2100,66.6000,65.9000,66.2900,57.0078,2876501
2024-05-28,66.5500,66.9900,66.1200,66.3800,57.0852,2770712
2024-05-29,66.1500,66.2400,65.3500,65.4700,56.3026,3414908
2024-05-30,65.3700,66.0700,65.1400,65.9300,56.6982,3371431
2024-05-31,66.1300,66.6200,65.6700,66.4000,57.1024,4258600
2024-06-03,66.7800,67.1000,66.3300,66.3300,57.0422,3259641
2024-06-04,66.1400,66.4200,65.1100,65.5300,56.3542,3371598
2024-06-05,65.5600,66.1100,65.3700,65.5800,56.3972,2829994
2024-06-06,65.6500,66.0300,65.2900,65.7800,56.5692,2822962
2024-06-07,65.6000,65.8000,64.7000,65.1100,55.9930,2832694
2024-06-10,64.7900,65.5200,64.2900,65.5200,56.3456,3433214
2024-06-11,65.6100,65.8600,64.9600,65.4100,56.2510,2618452
2024-06-12,65.0800,65.6700,64.2200,64.8200,55.7437,4045755
2024-06-13,64.4100,64.5800,63.4200,63.6500,54.7375,4129584
2024-06-14,63.6000,63.7000,62.7300,63.2000,54.3505,4296952
2024-06-17,63.4600,63.9200,63.0800,63.5900,54.6859,3286072
2024-06-18,64.0100,64.1900,63.3000,63.5200,54.6257,3348931
2024-06-19,63.6000,64.0300,63.4200,63.8300,54.8923,3502734
2024-06-20,63.9100,64.5000,63.7600,64.3400,55.3309,3434677
2024-06-21,64.4300,64.4700,63.5200,63.6600,54.7461,7796754
2024-06-24,63.8800,65.4800,63.8700,64.5400,55.5029,5794098
2024-06-25,64.6300,65.2100,64.4500,64.8100,55.7351,3803385
2024-06-26,64.7300,64.9600,63.9900,64.2500,55.2535,3783208
2024-06-27,64.1800,64.3500,63.2700,63.4300,54.5483,2913012
2024-06-28,64.6900,65.2100,64.1000,64.5700,55.5287,4116238
2024-07-01,65.5700,65.8400,64.7800,64.8000,55.7265,3180533
2024-07-02,64.7200,64.8600,64.0600,64.7300,55.6663,2190700
2024-07-03,64.9100,65.5200,64.8000,65.3000,56.1564,2660206
2024-07-04,65.5800,66.2800,65.5200,65.9400,56.7068,1860262
2024-07-05,65.8500,66.2500,65.1800,65.4700,56.3026,1852800
2024-07-08,65.2900,65.9300,65.1700,65.3900,56.2338,1568407
2024-07-09,63.8400,64.2200,62.8500,63.1500,54.3075,5259368
2024-07-10,63.2300,64.1500,62.6900,63.9500,54.9955,2319816
2024-07-11,64.1200,64.3100,63.3100,64.0000,55.0385,1896878
2024-07-12,64.1800,64.8200,64.0000,64.7800,55.7093,2221246
2024-07-15,64.5900,64.6400,64.1400,64.4600,55.4341,1287932
2024-07-16,64.1300,64.1800,63.1600,63.5500,54.6515,2288680
2024-07-17,63.3100,63.6300,62.9900,63.3500,54.4795,1859231
2024-07-18,64.0800,64.8100,63.7400,64.4000,55.3825,2303093
2024-07-19,63.9000,64.1400,63.4900,63.5300,54.6343,2626148
2024-07-22,63.7800,64.8700,63.7700,64.2500,55.2535,1922287
2024-07-23,64.0000,64.8100,63.5500,63.9700,55.0127,1924445
2024-07-24,63.2200,63.6600,63.1200,63.4600,54.5741,2087885
2024-07-25,62.5000,63.2100,62.1500,62.9600,54.1441,3069525
2024-07-26,61.4300,63.4600,61.0000,63.0200,54.1957,3428669
2024-07-29,63.1300,63.3400,61.7400,61.9000,53.2325,3162545
2024-07-30,61.8600,62.2000,61.4200,61.6300,53.0003,2366200
2024-07-31,61.5100,61.8900,60.8700,61.1600,52.5961,3191732
2024-08-01,60.3400,60.6400,58.7200,59.4300,51.1084,5011332
2024-08-02,59.4000,59.5100,57.8900,58.3000,50.1366,4403507
2024-08-05,57.0000,57.3900,55.9100,56.9200,48.9498,5512461
2024-08-06,57.1700,57.4200,56.3100,56.5800,48.6575,4381209
2024-08-07,56.8000,58.3300,56.7600,57.8400,49.7410,3979891
2024-08-08,57.5900,58.0500,57.2600,58.0400,49.9130,3170892
2024-08-09,58.0200,58.4600,57.4700,57.8100,49.7152,2833651
2024-08-12,57.9600,58.0400,57.2400,57.4800,49.4314,1827038
2024-08-13,57.5700,57.7700,57.1400,57.4400,49.3970,1468641
2024-08-14,57.7700,58.4500,57.5200,58.2700,50.1108,2321824
2024-08-15,58.4000,59.8900,58.1600,59.5900,51.2460,3524580
2024-08-16,59.9000,60.3500,59.8100,60.0900,51.6760,2706255
2024-08-19,60.2100,61.0700,60.2000,60.7000,52.2006,1919994
2024-08-20,60.9200,61.3100,60.6900,60.9600,52.4241,1534133
2024-08-21,60.7500,61.9300,60.6700,61.8600,53.1981,2094335
2024-08-22,61.9000,62.0300,61.5000,61.6100,52.9831,1466942
2024-08-23,61.8700,62.3000,61.8100,62.0900,53.3959,1568220
2024-08-26,62.0100,62.6300,61.9100,62.3100,53.5851,1134116
2024-08-27,62.5000,63.2400,62.3400,62.5600,53.8001,1456113
2024-08-28,62.6700,62.8600,62.0700,62.1400,53.4389,1525711
2024-08-29,62.2000,62.8500,62.0400,62.3800,53.6453,1589038
2024-08-30,62.4600,62.6400,62.2100,62.3400,53.6109,5031257
2024-09-02,62.5200,62.5600,60.8400,61.9600,53.2841,1814966
2024-09-03,61.8300,62.0200,60.6900,60.9000,52.3726,2112431
2024-09-04,59.9000,60.3300,59.4400,59.8900,51.5040,2125959
2024-09-05,59.5200,60.9200,59.3800,60.0400,51.6330,2087484
2024-09-06,59.9100,59.9400,58.1600,58.4500,50.2656,3629612
2024-09-09,58.5700,58.6300,57.8700,58.2400,50.0850,2115513
2024-09-10,58.0000,58.1600,54.8900,55.4000,47.6427,6553320
2024-09-11,55.5900,56.0000,54.9100,55.6800,47.8835,2739115
2024-09-12,56.3600,56.5600,55.3300,55.6700,47.8749,2145779
2024-09-13,55.9000,56.9400,55.9000,56.7400,48.7950,2445525
2024-09-16,56.7000,56.7700,56.2100,56.5400,48.6231,1736912
2024-09-17,56.6000,57.5700,56.4800,57.1700,49.1648,2265617
2024-09-18,57.2500,57.7800,57.0900,57.6100,49.5432,1880169
2024-09-19,58.5400,59.5600,58.2900,59.0100,50.7472,3205218
2024-09-20,54.8000,55.5800,54.0500,54.9900,47.2901,12974515
2024-09-23,54.8000,56.0900,54.2100,56.0900,48.2361,3480241
2024-09-24,57.1100,57.5300,56.7000,56.8300,48.8724,3628476
2024-09-25,56.6300,57.0700,55.8200,55.8800,48.0555,3152780
2024-09-26,56.2900,57.9900,56.2400,57.7100,49.6292,3640198
2024-09-27,57.9900,59.7100,57.9500,59.4900,51.1600,4089075
2024-09-30,59.0900,59.1600,57.9200,58.0400,49.9130,4211463
2024-10-01,58.1500,58.2800,57.1500,57.5000,49.4486,2462388
2024-10-02,57.5200,58.1500,57.2700,57.3500,49.3196,1687377
2024-10-03,56.8300,56.9100,56.0000,56.7200,48.7778,2392141
2024-10-04,56.7900,57.6900,56.5600,57.3200,49.2938,2500725
2024-10-07,57.5900,57.7100,57.0000,57.6700,49.5948,1294709
2024-10-08,56.5800,57.0900,56.0200,56.4400,48.5371,2938069
2024-10-09,56.6000,57.0600,56.1100,57.0000,49.0186,1986078
2024-10-10,56.9500,57.6500,56.6700,57.2000,49.1906,1750213
2024-10-11,57.0100,57.8200,56.7600,57.8200,49.7238,2454087
2024-10-14,58.0600,58.1000,57.4300,57.7600,49.6722,1484578
2024-10-15,57.8400,57.8900,56.6300,57.2700,49.2508,2866690
2024-10-16,56.9000,57.1100,56.3200,56.7700,48.8208,2841983
2024-10-17,56.8000,57.3600,56.3200,56.9000,48.9326,1716231
2024-10-18,56.9400,58.4200,56.9300,57.3000,49.2766,2523894
2024-10-21,57.0800,57.6000,56.9100,57.0000,49.0186,1158864
2024-10-22,56.8200,57.4900,56.6900,57.3800,49.3454,1487786
2024-10-23,57.7600,58.6700,57.5000,57.5300,49.4744,1907256
2024-10-24,57.5400,59.6800,57.5300,58.3600,50.1882,3311420
2024-10-25,56.5200,58.0800,56.1000,57.7900,49.6980,3687573
2024-10-28,58.3300,58.4200,56.7400,57.4300,49.3884,2070594
2024-10-29,57.3000,57.8100,56.6000,56.9500,48.9756,2382145
2024-10-30,56.3000,56.5500,55.6400,56.4000,48.5027,3051700
2024-10-31,55.8400,56.4400,55.7000,55.7000,47.9007,2542253
2024-11-01,55.6000,56.2700,55.6000,55.9500,48.1157,1876036
2024-11-04,55.9400,56.7800,55.9000,56.1800,48.3135,1396147
2024-11-05,56.2600,56.3600,55.5200,55.9000,48.0727,1790790
2024-11-06,54.2100,54.9500,51.9100,52.3000,44.9767,8329078
2024-11-07,52.5600,54.1700,52.3900,53.7700,46.2409,4287603
2024-11-08,53.5000,53.5000,51.9800,52.3600,45.0284,4468599
2024-11-11,52.8800,52.9600,51.8600,52.8500,45.4497,3562640
2024-11-12,52.1900,53.1500,51.8700,52.0600,44.7704,3689097
2024-11-13,51.5700,51.7600,50.7500,51.4400,44.2372,4424408
2024-11-14,51.6000,52.6800,51.3700,52.4700,45.1230,3244383
2024-11-15,51.9300,53.3700,51.9100,52.9500,45.5357,2563264
2024-11-18,53.0800,53.9200,53.0800,53.5100,46.0173,2090824
2024-11-19,53.3900,53.6900,52.1000,52.8700,45.4669,3136359
2024-11-20,53.0000,53.0800,51.8300,51.8900,44.6242,2007152
2024-11-21,51.8900,51.9000,50.9800,51.8500,44.5898,2658294
2024-11-22,51.8900,52.3500,50.9800,52.2700,44.9510,2463554
2024-11-25,52.7900,53.1200,52.2900,52.8300,45.4325,3843923
2024-11-26,52.0200,52.5200,51.6200,52.2800,44.9596,2307727
2024-11-27,52.1100,52.3800,51.9100,52.3300,45.0026,1536542
2024-11-28,52.3300,52.9600,52.3000,52.6600,45.2863,1722608
2024-11-29,52.3800,52.9700,52.2900,52.9600,45.5443,2202011
2024-12-02,52.3200,53.7700,52.1400,53.3500,45.8797,2624190
2024-12-03,52.6000,52.8300,52.0000,52.0000,44.7188,3639208
2024-12-04,52.1000,53.6100,52.0800,53.0400,45.6131,2577322
2024-12-05,53.0100,53.5900,52.9100,53.3800,45.9055,2540821
2024-12-06,53.2800,54.1400,53.2400,53.7800,46.2495,2344966
2024-12-09,54.4300,55.7900,54.3000,55.5200,47.7459,3067587
2024-12-10,55.4400,56.4000,55.2600,56.0700,48.2189,2769672
2024-12-11,56.2900,56.4000,55.4300,55.6900,47.8921,2306885
2024-12-12,55.5600,56.4300,55.5600,56.2600,48.3823,3000150
2024-12-13,56.3900,57.2300,56.3900,56.5300,48.6145,2466855
2024-12-16,56.2200,56.4600,53.8200,54.3500,46.7397,4845517
2024-12-17,53.8900,54.7900,53.8800,54.0500,46.4817,2274637
2024-12-18,54.5000,54.7800,53.9200,53.9400,46.3871,2496036
2024-12-19,53.2600,54.3200,53.1600,53.4700,45.9829,2145399
2024-12-20,53.1000,53.4900,52.6700,53.4500,45.9657,5432634
2024-12-23,53.4200,53.4400,52.4500,52.7200,45.3379,1754633
2024-12-27,52.7200,53.6600,52.6100,53.5500,46.0517,1997845
2024-12-30,53.1400,53.8500,53.0600,53.8000,46.2667,809960
2025-01-02,53.6000,53.9500,52.0100,52.8800,45.4755,2393516
2025-01-03,52.7200,53.0700,52.2100,52.4500,45.1057,1477736
2025-01-06,52.9900,55.6400,52.8700,54.3400,46.7311,4114191
2025-01-07,54.0000,54.4400,53.2600,54.3200,46.7139,2438201
2025-01-08,54.0100,54.4000,52.9400,53.3100,45.8453,2450937
2025-01-09,52.9600,53.1800,52.3700,53.0600,45.6303,1767039
2025-01-10,52.8900,55.6800,52.4700,55.0400,47.3331,4544291
2025-01-13,55.2400,56.2500,55.1000,55.4500,47.6857,2274840
2025-01-14,55.6800,56.6000,55.5500,55.5500,47.7717,1945433
2025-01-15,55.7400,56.5300,55.2100,56.3000,48.4167,2285596
2025-01-16,56.7000,56.7000,55.1600,55.1600,47.4363,2714974
2025-01-17,55.2200,55.9300,54.9300,55.0900,47.3761,2591836
2025-01-20,55.2200,56.9000,54.6000,56.3700,48.4769,3039528
2025-01-21,55.8500,56.0500,55.4700,56.0500,48.2017,1996392
2025-01-22,55.7000,56.3900,55.2400,56.2500,48.3737,1779763
2025-01-23,56.6600,56.7200,55.5400,55.8200,48.0039,1806095
2025-01-24,56.3200,58.0000,56.0900,56.7900,48.8380,2946290
2025-01-27,57.0500,57.6700,56.5100,57.6200,49.5518,2550047
2025-01-28,58.5000,59.2700,58.2100,58.4400,50.2570,2746931
2025-01-29,58.5100,58.8300,57.8600,58.7400,50.5150,2181761
2025-01-30,58.8700,59.4600,58.5100,59.3300,51.0224,1686811
2025-01-31,59.3300,59.4100,58.6200,58.9200,50.6698,2123543
2025-02-03,56.5600,57.3300,55.7900,57.2100,49.1992,4036531
2025-02-04,56.7500,57.3400,56.0600,57.3400,49.3110,2029163
2025-02-05,57.0300,57.2700,56.0600,56.6500,48.7176,2447225
2025-02-06,56.4200,57.7700,56.0800,57.5200,49.4658,2167318
2025-02-07,57.7000,58.1500,56.5400,56.8800,48.9154,1998129
2025-02-10,56.8200,57.8200,56.8100,57.5500,49.4916,1881145
2025-02-11,57.4800,57.7400,56.8300,57.1800,49.1734,1978418
2025-02-12,57.5600,58.3300,57.3000,58.0000,49.8786,2687822
2025-02-13,58.7900,61.2900,58.7900,61.1300,52.5703,5139254
2025-02-14,60.5200,62.0300,60.4000,61.3200,52.7337,2945013
2025-02-17,61.4100,61.8000,61.2300,61.5000,52.8885,1824490
2025-02-18,61.7900,62.2300,61.1700,62.2100,53.4991,2093787
2025-02-19,61.8900,62.0300,60.6500,61.1800,52.6133,2745015
2025-02-20,59.3400,60.7700,58.8700,59.6300,51.2804,3990432
2025-02-21,59.6500,59.8500,57.8700,58.8000,50.5666,4007361
2025-02-24,59.6000,59.9700,59.1800,59.6500,51.2976,2407404
2025-02-25,59.3500,60.9400,59.2000,60.7000,52.2006,2098724
2025-02-26,60.6100,61.5800,60.5500,61.4300,52.8283,1974930
2025-02-27,59.8400,60.7200,59.7000,59.9800,51.5814,2725518
2025-02-28,59.2200,60.0200,58.7900,59.7700,51.4008,4157028
2025-03-03,59.5000,62.2900,59.2300,60.7300,52.2263,3357936
2025-03-04,59.6200,59.7500,56.9500,57.8100,49.7152,5040808
2025-03-05,59.4800,61.0300,59.0900,59.5900,51.2460,4451123
2025-03-06,60.8000,62.8700,60.7500,62.3000,53.5765,4775007
2025-03-07,61.5700,62.1500,60.0900,60.7000,52.2006,2864015
2025-03-10,61.7400,62.3200,60.5000,61.9600,53.2841,3613491
2025-03-11,61.8900,63.1700,60.2600,60.7600,52.2522,4046164
2025-03-12,61.0600,61.2200,59.9800,60.5000,52.0286,1824873
2025-03-13,59.8000,60.3200,58.7700,59.7200,51.3578,2758884
2025-03-14,59.3100,60.9400,58.7200,59.9700,51.5728,2933762
2025-03-17,60.1500,60.7000,59.6300,59.8800,51.4954,1872862
2025-03-18,60.3600,61.5500,60.1300,61.2800,52.6993,2910571
2025-03-19,60.5600,61.1500,59.7200,59.9500,51.5556,2214608
2025-03-20,59.9900,60.0200,57.9200,58.4900,50.3000,3393659
2025-03-21,58.6700,58.9000,57.7000,58.3600,50.1882,7410891
2025-03-24,59.3700,59.5600,58.3800,58.6500,50.4376,2365705
2025-03-25,59.1800,59.5900,58.8100,59.2500,50.9536,2203636
2025-03-26,59.8000,59.8100,57.8700,58.0300,49.9044,2140217
2025-03-27,55.8000,56.5700,54.7500,56.4700,48.5629,4804005
2025-03-28,56.0000,56.6000,55.4400,55.7500,47.9437,2572723
2025-03-31,55.1300,55.1900,53.5500,54.1900,46.6021,3831087
2025-04-01,54.7200,54.7200,53.7300,54.2300,46.6365,2580527
2025-04-02,53.7000,54.2700,53.2500,53.9700,46.4129,2147529
2025-04-03,52.1900,54.0500,51.5200,51.7600,44.5124,4681619
2025-04-04,51.5000,51.6000,48.3050,49.0650,42.1947,7911418
2025-04-07,45.6600,51.4600,45.6000,49.0450,42.1775,9597233
2025-04-08,49.7850,50.0100,48.3150,48.3150,41.5497,5421050
2025-04-09,46.8700,48.3600,45.9500,46.6200,40.0921,5711669
2025-04-10,51.2300,51.2700,47.5350,47.5950,40.9306,5310883
2025-04-11,48.3100,48.4900,46.9500,48.1950,41.4465,4095267
2025-04-14,49.1200,49.5200,48.6750,49.2600,42.3624,3063537
2025-04-15,50.5000,51.1600,49.8000,50.1400,43.1192,2536682
2025-04-16,49.5800,50.3900,49.0750,50.3900,43.3342,2300494
2025-04-17,50.2100,50.7700,49.8100,50.2300,43.1966,1993456
2025-04-22,50.9500,51.5900,50.1600,51.4200,44.2200,2481265
2025-04-23,52.2800,53.5100,52.1000,53.0100,45.5873,3151849
2025-04-24,52.8600,53.8300,52.6900,53.8100,46.2753,1649627
2025-04-25,54.3200,54.8200,54.0000,54.5900,46.9461,3250409
2025-04-28,55.0500,55.5700,54.9200,54.9700,47.2729,2364594
2025-04-29,54.4300,54.5300,53.2800,53.9400,46.3871,4119468
2025-04-30,52.9100,54.3700,52.1200,52.4700,45.1230,4467210
2025-05-02,53.5500,53.7700,52.3900,53.3000,45.8367,3648200
2025-05-05,53.5000,54.2000,53.0900,53.9300,46.3785,2565587
2025-05-06,54.3600,54.4800,53.0300,54.1200,46.5419,3213196
2025-05-07,54.3300,54.9200,53.6600,53.9900,46.4301,4351646
2025-05-08,50.5000,50.8700,49.7600,50.8700,47.5327,5007933
2025-05-09,51.3000,51.9200,50.8500,51.0700,47.7196,3084685
2025-05-12,52.1100,54.5100,52.0500,52.8600,49.3921,6323066
2025-05-13,53.1400,54.0300,53.0400,53.9400,50.4013,2144270
2025-05-14,53.9300,54.0300,52.9400,53.6900,50.1677,2286988
2025-05-15,53.5000,53.9400,52.9200,53.2300,49.7379,2198848
2025-05-16,53.2600,53.4800,52.4200,52.5000,49.0558,2190499
2025-05-19,52.4600,52.9500,52.4500,52.7300,49.2707,1071382
2025-05-20,52.6100,53.5500,52.0700,53.2500,49.7566,2372821
2025-05-21,53.0700,53.2300,52.3200,53.2300,49.7379,1568501
2025-05-22,52.7300,53.1500,52.1700,52.6400,49.1866,1532043
2025-05-23,52.5000,52.9000,49.9250,50.5400,47.2243,4321619
2025-05-26,51.6100,51.8100,51.2300,51.5900,48.2055,1592755
2025-05-27,51.5100,52.0500,51.2900,51.6000,48.2148,1826319
2025-05-28,51.6800,53.1200,51.5000,53.0000,49.5230,3367146
2025-05-29,53.6300,53.9100,52.7100,52.7800,49.3174,1289091
2025-05-30,52.7300,53.2500,52.5600,52.5900,49.1399,2502038
2025-06-02,51.8400,52.0300,50.8000,51.1800,47.8224,2558685
2025-06-03,51.1800,51.7900,50.6000,51.7900,48.3923,2064919
2025-06-04,51.8600,52.0300,51.0800,51.5400,48.1587,1818432
2025-06-05,51.6400,52.0200,50.9600,51.5600,48.1774,1833987
2025-06-06,51.1600,51.7100,51.0700,51.3500,47.9812,1316652
2025-06-09,51.2700,51.8000,51.1400,51.5800,48.1961,1290297
2025-06-10,52.0800,52.5000,51.5100,52.1200,48.7007,1666335
2025-06-11,53.0000,53.0000,51.8300,52.0300,48.6166,1739025
2025-06-12,51.3400,51.8600,50.8500,51.6600,48.2709,1551066
2025-06-13,50.6300,51.1000,50.3800,50.8200,47.4860,2464333
2025-06-16,50.9200,51.0000,50.2400,50.4200,47.1122,1799945
2025-06-17,50.2000,50.4500,49.5250,49.5250,46.2759,2321616
2025-06-18,49.3550,49.4850,48.5100,48.9450,45.7340,2127140
2025-06-19,48.5000,48.8150,48.3450,48.4600,45.2808,1636369
2025-06-20,48.6000,49.1450,48.5700,48.6300,45.4397,5131471
2025-06-23,48.3500,48.6300,47.9000,48.4600,45.2808,1509735
2025-06-24,49.4050,50.1200,49.2150,49.3650,46.1264,1935645
2025-06-25,49.4450,49.4450,48.7550,48.8600,45.6546,1704020
2025-06-26,49.0250,49.0300,47.9350,48.1550,44.9958,2588111
2025-06-27,48.6600,50.6700,48.5650,50.4900,47.1776,2838557
2025-06-30,50.6200,50.6500,49.4450,49.6900,46.4301,2203688
2025-07-01,49.1850,49.4500,48.4950,49.3550,46.1171,2781810
2025-07-02,49.9650,50.9800,49.6650,50.7200,47.3925,2503470
2025-07-03,51.2000,51.2100,50.4400,50.5900,47.2711,1846917
2025-07-04,50.1600,50.5200,49.8150,50.0800,46.7945,1387929
2025-07-07,49.9000,50.2100,49.6300,49.9000,46.6263,1143862
2025-07-08,49.9050,51.1000,49.6450,50.8900,47.5514,1909233
2025-07-09,50.9800,52.6000,50.6800,52.2600,48.8315,2918340
2025-07-10,52.3400,53.2300,52.1700,53.1100,49.6257,2352634
2025-07-11,52.9400,53.3700,52.7000,53.1100,49.6257,1550557
2025-07-14,52.1500,52.5500,51.8000,51.8200,48.4204,1792125
2025-07-15,52.0000,52.8200,52.0000,52.5900,49.1399,1199900
2025-07-16,51.6100,52.7000,51.4600,51.5900,48.2055,2646446
2025-07-17,52.1400,52.7400,51.6200,51.9100,48.5045,1510207
2025-07-18,51.9400,52.2300,51.2600,51.3300,47.9625,1632052
2025-07-21,51.0700,51.5500,50.8200,51.5400,48.1587,1300486
2025-07-22,51.4000,51.4000,50.5900,51.0000,47.6542,1114969
2025-07-23,52.8000,54.2100,52.6000,53.9400,50.4013,4558973
2025-07-24,54.9500,55.0500,53.8400,54.0800,50.5321,2210987
2025-07-25,53.5000,55.4900,53.1800,55.4900,51.8496,2960086
2025-07-28,56.6800,56.8400,53.3800,53.7100,50.1864,3866767
2025-07-29,54.0000,54.2100,52.9600,53.2100,49.7192,2119676
2025-07-30,52.5200,53.2900,51.2100,51.3900,48.0186,3162137
2025-07-31,50.8600,51.4000,50.1000,50.1000,46.8132,3387684
2025-08-01,50.0100,50.2200,49.0100,49.1000,45.8788,2446923
2025-08-04,49.1550,49.5250,48.6850,48.7700,45.5705,2149116
2025-08-05,48.9200,49.4300,48.8350,49.4100,46.1685,1626576
2025-08-06,49.5650,50.3700,49.5500,49.9200,46.6450,1276549
2025-08-07,50.0400,51.4600,49.6150,51.0400,47.6915,2196770
2025-08-08,51.2900,52.3800,51.1300,52.1200,48.7007,1546558
2025-08-11,52.4100,52.7400,51.6500,51.7200,48.3269,1221518
2025-08-12,52.0300,52.4400,51.5300,52.2400,48.8128,1368167
2025-08-13,52.2000,52.8100,51.9400,52.7200,49.2613,1318840
2025-08-14,52.6900,53.1500,52.5500,53.1200,49.6351,1310434
2025-08-15,53.7900,54.2600,53.4200,53.5100,49.9995,1819924
2025-08-18,53.2200,53.3000,52.5400,52.8000,49.3361,1135805
2025-08-19,52.7600,54.2600,52.7600,54.1800,50.6255,2197961
2025-08-20,54.1400,54.2500,53.7500,54.0700,50.5228,1426301
2025-08-21,53.7700,54.2000,53.6400,54.1900,50.6349,1334954
2025-08-22,54.0800,55.3700,54.0100,55.1400,51.5226,1679161
2025-08-25,55.0000,55.1000,54.3900,54.6000,51.0180,1111919
2025-08-26,54.2500,54.9300,54.0200,54.0200,50.4760,1951865
2025-08-27,54.3600,54.8600,53.0800,53.2700,49.7752,1470449
2025-08-28,53.5000,54.6300,53.4600,53.7200,50.1957,1419606
2025-08-29,53.4600,53.7000,52.9000,53.3500,49.8500,1340058
2025-09-01,53.5800,53.8800,53.3400,53.7400,50.2144,725791
2025-09-02,53.7700,53.9500,52.8200,53.0200,49.5416,1429724
2025-09-03,53.2600,53.9400,53.0700,53.1500,49.6631,1398248
2025-09-04,53.1400,53.6500,52.9700,53.1100,49.6257,1132221
2025-09-05,53.5100,53.7900,52.9200,52.9200,49.4482,1328530
2025-09-08,53.0000,53.4900,51.9600,52.5000,49.0558,1776629
2025-09-09,52.4900,53.0600,51.1500,51.7500,48.3550,2008197
2025-09-10,51.6000,52.0600,51.3500,51.8900,48.4858,1928223
2025-09-11,51.7700,52.1300,50.6300,52.0600,48.6446,2340276
2025-09-12,52.0200,52.0400,50.8900,51.6900,48.2989,1939546
2025-09-15,51.9100,52.2800,51.2800,51.3300,47.9625,1782622
2025-09-16,51.2100,51.7200,51.0800,51.3000,47.9345,2433147
2025-09-17,51.2700,51.6100,50.3900,51.0100,47.6635,2400245
2025-09-18,51.1000,51.8900,51.0700,51.5600,48.1774,2116327
2025-09-19,51.5400,52.3100,51.2400,51.4800,48.1027,5666829
2025-09-22,50.6500,50.9900,49.7650,50.7900,47.4579,2755126
2025-09-23,50.4500,52.1200,50.3900,51.9700,48.5605,2391707
2025-09-24,51.5400,53.4600,51.1100,52.5500,49.1025,2701334
2025-09-25,52.5400,53.6500,52.0900,52.1800,48.7568,1968379
2025-09-26,52.3100,53.3200,52.3000,53.3200,49.8220,2561440
2025-09-29,53.3500,53.9900,53.0500,53.8900,50.3546,1742881
2025-09-30,53.7300,53.8500,53.3300,53.4700,49.9621,1681461
2025-10-01,53.1800,54.3900,53.1000,54.1500,50.5975,1849085
2025-10-02,54.5500,55.5800,54.5000,55.0100,51.4011,2368968
2025-10-03,55.2600,55.5100,55.1300,55.4100,51.7749,1584446
2025-10-06,55.4100,55.6800,55.0900,55.4000,51.7655,1801001
2025-10-07,55.3000,55.8900,54.0200,55.1700,51.5506,1967963
2025-10-08,53.4400,54.0900,52.9300,53.5600,50.0462,2823319
2025-10-09,53.7800,54.2200,53.1700,53.1700,49.6818,1711262
2025-10-10,54.5000,54.9800,52.7800,53.2000,49.7098,2902505
2025-10-13,53.6900,53.9200,53.2400,53.4400,49.9341,1222077
2025-10-14,53.2000,53.3400,52.2400,52.2900,48.8595,1425624
2025-10-15,52.7100,52.7100,51.9500,52.3600,48.9249,1607016
2025-10-16,52.8300,52.9100,52.1900,52.7300,49.2707,1652645
2025-10-17,52.2200,53.5900,51.7800,53.3700,49.8687,2238171
2025-10-20,53.1700,53.9700,52.7500,53.8300,50.2985,1778475
2025-10-21,53.7900,54.5600,53.4300,54.1700,50.6162,1457931
2025-10-22,54.1000,54.1000,52.0700,52.9600,49.4856,2535227
2025-10-23,52.8700,53.7400,52.6200,53.2000,49.7098,1484645
2025-10-24,53.2400,53.7500,52.8800,53.7500,50.2238,1270305
2025-10-27,53.7900,54.1400,53.4700,53.9900,50.4480,1423938
2025-10-28,53.7300,54.9300,53.4600,54.6500,51.0647,2531811
2025-10-29,56.3000,58.9500,56.2200,57.0400,53.2979,6427763
2025-10-30,57.3900,58.0500,56.2800,56.4300,52.7279,2579469
2025-10-31,56.5800,56.8800,55.8100,56.2100,52.5224,1784290
2025-11-03,56.4000,58.3600,56.4000,57.3100,53.5502,2430952
2025-11-04,57.0200,57.0600,55.7900,56.2400,52.5504,2269077
2025-11-05,55.8800,58.4100,55.6500,58.2300,54.4098,3137536
2025-11-06,58.3800,58.8000,58.0100,58.1900,54.3725,2003544
2025-11-07,58.5000,59.0500,58.1900,58.3600,54.5313,1927167
2025-11-10,58.9400,59.1100,58.3700,58.4500,54.6154,1868272
2025-11-11,58.6300,58.9100,57.8500,58.7700,54.9144,1469834
2025-11-12,59.3000,60.0000,59.0400,59.4400,55.5405,2543056
2025-11-13,59.7500,60.1200,59.2200,59.7900,55.8675,1602634
2025-11-14,59.4200,59.5600,58.7200,59.5600,55.6526,2110910
2025-11-17,59.3300,59.6800,58.3800,58.5200,54.6808,1742217
2025-11-18,57.6000,57.9300,56.2200,56.5300,52.8214,2687862
2025-11-19,56.3600,57.3800,56.2500,56.9600,53.2232,1500603
2025-11-20,57.0000,57.1200,55.9700,56.6100,52.8961,1817694
2025-11-21,56.2600,57.3500,56.0200,57.0200,53.2792,2142627
2025-11-24,58.0900,58.1600,57.2700,57.4900,53.7184,3141781
2025-11-25,57.6100,58.3200,56.9400,58.2200,54.4005,1645576
2025-11-26,58.0900,58.2600,57.3400,57.5000,53.7277,1189659
2025-11-27,57.3900,58.4300,57.3000,58.1300,54.3164,1080720
2025-11-28,58.1000,58.4800,57.7800,58.1600,54.3444,1444715
2025-12-01,58.2000,59.4200,58.1800,59.0700,55.1947,2441415
2025-12-02,58.8600,59.9300,58.6700,59.2300,55.3442,1436814
2025-12-03,59.0800,59.6000,56.8800,57.6500,53.8679,2745791
2025-12-04,58.1800,60.5400,58.1800,60.4200,56.4562,3357541
2025-12-05,60.2100,61.6800,60.1700,61.6000,57.5588,2967929
2025-12-08,61.3100,62.0300,61.2700,61.5000,57.4653,1684872
2025-12-09,61.4600,61.7800,60.9300,61.0800,57.0729,1531183
2025-12-10,60.7200,61.5000,60.5100,60.7400,56.7552,1842747
2025-12-11,60.9800,61.4300,59.8200,61.1500,57.1383,1701350
2025-12-12,61.3000,61.8100,61.1800,61.6900,57.6429,1408111
2025-12-15,61.9400,62.3300,60.8000,60.9500,56.9514,1850860
2025-12-16,61.2000,61.7800,60.1200,60.5300,56.5590,1992178
2025-12-17,60.5500,60.6000,59.6400,60.0800,56.1385,1573543
2025-12-18,59.8000,60.0800,59.3700,59.6800,55.7647,2421555
2025-12-19,59.8000,60.2900,59.4600,59.8400,55.9142,4074725
2025-12-22,60.1300,60.1700,59.1300,59.4400,55.5405,923597
2025-12-23,59.2900,59.5300,59.1100,59.3000,55.4097,885825
2025-12-29,59.2500,60.3700,59.2500,59.7800,55.8582,1643067
2025-12-30,59.7800,60.4300,59.6300,60.0700,56.1291,1017759
2026-01-02,60.0500,62.0300,59.9500,61.9300,57.8671,2229208
2026-01-05,61.6000,62.3400,60.2500,60.4400,56.4749,2373348
2026-01-06,61.0000,61.6600,60.6800,61.4500,57.4186,2073180
2026-01-07,61.3300,61.4000,60.1900,60.3600,56.4001,1742440
2026-01-08,59.9000,60.2300,58.7900,59.9600,56.0264,2211632
2026-01-09,60.3000,61.4000,59.7800,60.3700,56.4095,2050862
2026-01-12,60.1800,60.5800,59.1500,59.7800,55.8582,2175520
2026-01-13,59.7200,60.2100,58.8600,59.8600,55.9329,1820861
2026-01-14,59.4600,61.1200,59.1100,60.7000,56.7178,3140493
2026-01-15,60.3000,60.5700,58.9100,59.3400,55.4470,2247947
2026-01-16,59.1900,59.2000,58.1900,58.8200,54.9611,2284965
2026-01-19,56.3700,57.7600,54.8900,57.5400,53.7651,2827641
2026-01-20,57.4000,57.9400,56.7300,56.8500,53.1204,2336944
2026-01-21,57.3800,58.0500,56.7800,57.7600,53.9707,2169093
2026-01-22,59.5000,60.1100,57.9900,58.8100,54.9518,3303292
2026-01-23,58.3500,58.8700,58.0600,58.3000,54.4753,1773861
2026-01-26,58.1000,58.7600,57.9200,57.9200,54.1202,1364803
2026-01-27,57.8800,57.9400,56.7600,56.9300,53.1951,2587541
2026-01-28,56.4000,57.6300,55.9500,57.4100,53.6436,1761238
2026-01-29,58.7300,58.8900,57.2900,57.3000,53.5409,1954651
2026-01-30,57.6300,57.8700,57.0400,57.7900,53.9987,2511343
2026-02-02,57.6000,58.6700,57.4500,58.4200,54.5874,2220583
2026-02-03,58.5300,59.6600,58.1400,58.5300,54.6902,2550300
2026-02-04,58.9700,61.3000,58.9200,60.9500,56.9514,3834681
2026-02-05,60.4600,60.9800,58.5400,58.9900,55.1200,3044391
2026-02-06,58.6700,59.1300,57.8100,58.7800,54.9238,2153755
2026-02-09,58.7100,59.4900,58.2300,58.3100,54.4846,2162150
2026-02-10,58.7100,59.5000,58.1000,58.3600,54.5313,2717061
2026-02-11,58.3700,58.8300,57.7000,57.9500,54.1482,2892756
2026-02-12,55.1500,57.8200,54.6500,57.1100,53.3633,5847985
2026-02-13,57.0000,58.2000,56.4200,57.6200,53.8399,2501721
2026-02-16,57.4000,58.6200,57.1900,57.6500,53.8679,1475201
2026-02-17,57.7300,59.1100,57.7300,58.8600,54.9985,2032377
2026-02-18,58.7300,59.5600,58.7200,59.4000,55.5031,1784592
2026-02-19,59.0600,59.3400,57.9300,58.7500,54.8957,2098591
2026-02-20,58.3900,60.0300,58.2900,59.2400,55.3536,2979441
2026-02-23,59.2700,59.5100,58.3000,58.3000,54.4753,1960011
2026-02-24,58.4500,59.3600,58.3500,58.9300,55.0639,1982969
2026-02-25,58.7900,59.0000,58.2100,58.9900,55.1200,1548145
2026-02-26,59.1900,59.5100,58.8100,59.0000,55.1293,1471648
2026-02-27,59.3500,59.4500,58.3100,59.0000,55.1293,4004431
2026-03-02,57.0000,57.9000,56.3900,56.6300,52.9148,3150830
2026-03-03,57.0100,57.0100,54.8200,55.7400,52.0832,3303930
2026-03-04,55.8700,57.0400,55.4900,56.5200,52.8120,2163310
2026-03-05,56.1800,57.0400,55.4700,55.6500,51.9991,2170711
2026-03-06,55.7700,55.9300,54.2300,54.7800,51.1862,2682889
2026-03-09,54.5000,54.8600,53.5400,54.2500,50.6910,2395578
2026-03-10,55.3800,55.8400,54.9000,55.0500,51.4385,2853448
2026-03-11,54.8400,55.5600,54.6300,54.8900,51.2890,1757638
2026-03-12,54.6800,55.3200,54.2100,55.2500,51.6254,2211335
2026-03-13,54.4000,55.3200,53.8500,54.8500,51.2516,1900477
2026-03-16,54.7500,54.8100,53.7500,53.7500,50.2238,2068811
2026-03-17,53.8000,54.3700,53.4500,53.7100,50.1864,2284348
2026-03-18,53.7500,54.2400,53.4300,53.4700,49.9621,2416300
2026-03-19,52.7400,52.9200,51.6000,51.6400,48.2522,3413562
2026-03-20,52.1200,52.3400,50.8600,50.8600,47.5234,8238286
2026-03-23,50.0000,52.6500,49.7950,51.9300,48.5232,3872494
2026-03-24,52.3000,52.4100,51.2600,51.6600,48.2709,1912937
2026-03-25,52.2100,52.5900,51.9100,52.2800,48.8502,1890763
2026-03-26,51.9400,52.2300,51.6100,51.9800,48.5699,1590161
2026-03-27,51.9500,52.1000,51.2400,51.6300,48.2428,1573971
2026-03-30,51.3300,51.8700,51.1700,51.6400,48.2522,1927038
2026-03-31,51.8900,52.6700,51.5600,52.3900,48.9530,2644924
2026-04-01,53.7600,53.9000,52.2700,52.8800,49.4108,2105663
2026-04-02,52.1000,53.2500,52.1000,52.7100,49.2520,1575087
2026-04-07,52.8500,53.6700,51.8700,51.9800,48.5699,4189414
2026-04-08,54.4600,54.9000,54.0200,54.3900,50.8218,2946382
2026-04-09,54.0200,54.1900,52.6100,53.2500,49.7566,3180898
2026-04-10,53.4800,54.2600,53.0800,53.8800,50.3452,2289496
2026-04-13,53.5100,54.3700,53.0200,54.2000,50.6442,2362179
2026-04-14,54.8400,55.8800,54.7300,54.8300,51.2329,3222174
2026-04-15,55.3000,55.4900,54.1400,54.4600,50.8872,3229787
2026-04-16,54.8500,54.8500,53.3500,53.3500,49.8500,3445437
2026-04-17,50.5000,52.6600,50.4100,52.6600,52.6600,5531027
2026-04-20,51.5900,52.0100,51.2600,52.0100,52.0100,3104692
2026-04-21,52.0600,52.4000,51.1500,51.1500,51.1500,3114704
2026-04-22,51.0900,51.5000,50.3700,50.5000,50.5000,3211339
2026-04-23,50.3700,50.8400,49.9850,50.5800,50.5800,2320957
2026-04-24,49.9000,50.4600,49.5600,49.7750,49.7750,3152174
2026-04-27,49.6000,50.0500,49.3600,49.5250,49.5250,3233285
2026-04-28,49.5000,49.6900,49.0050,49.0300,49.0300,3727909
2026-04-29,50.0100,50.5200,48.1700,48.7550,48.7550,4687631
2026-04-30,48.0800,49.6350,47.3950,49.5850,49.5850,4135878
2026-05-04,49.0900,49.1600,47.7800,47.9250,47.9250,3965353
2026-05-05,47.8050,48.3450,47.6500,48.1900,48.1900,4674033
2026-05-06,48.8450,51.1500,48.8000,50.1800,50.1800,5894294
2026-05-07,50.5300,51.2400,50.3200,50.3200,50.3200,3015028
2026-05-08,50.1200,50.3500,49.9050,50.1300,50.1300,2694063
2026-05-11,49.7000,50.6300,49.5100,50.2600,50.2600,2554988
2026-05-12,50.0400,50.5800,49.7450,50.2200,50.2200,2257990
2026-05-13,50.3800,51.0800,49.9900,50.7600,50.7600,2633111
2026-05-14,51.1400,51.8500,50.9300,51.0200,51.0200,2570544
2026-05-15,50.7800,51.2400,50.0900,50.3500,50.3500,2669249
2026-05-18,49.6350,50.2900,49.1200,49.9700,49.9700,2509247
2026-05-19,49.8150,49.9850,49.4850,49.5400,49.5400,2081408
2026-05-20,49.3300,50.3400,48.9350,50.0100,50.0100,2354228
2026-05-21,50.0600,50.5100,49.2850,49.7600,49.7600,2618011
2026-05-22,49.9500,50.1800,49.6500,50.1200,50.1200,1984999
2026-05-25,50.5700,51.1500,50.5700,50.7600,50.7600,1793674
2026-05-26,50.5300,51.1300,50.5200,50.9200,50.9200,1544606
2026-05-27,51.0300,53.0300,51.0300,52.5100,52.5100,3676337
2026-05-28,52.1200,53.0400,51.7000,52.7100,52.7100,1866991
2026-05-29,52.9400,53.1800,52.0400,52.1900,52.1900,5540821
2026-06-01,51.9000,53.1900,51.1400,51.4400,51.4400,3442319
2026-06-02,51.6000,52.0200,50.9100,51.6700,51.6700,1460842
2026-06-03,50.9300,50.9600,49.7200,49.9550,49.9550,1957678
2026-06-04,50.0800,50.5900,49.0600,49.0750,49.0750,1850490
2026-06-05,49.1800,49.3300,47.8600,47.9950,47.9950,2316429
2026-06-08,47.5350,48.3550,47.1500,48.3550,48.3550,1989934
2026-06-09,48.2400,48.5350,47.7050,47.7050,47.7050,2104399
2026-06-10,47.7050,48.1500,47.0250,47.1100,47.1100,1820905
2026-06-11,47.4150,47.7050,46.8850,47.4350,47.4350,1876571
2026-06-12,48.4650,48.9300,47.7600,48.0150,48.0150,1940877
2026-06-15,49.3300,49.7450,49.1000,49.3750,49.3750,2284326
2026-06-16,49.1950,49.3300,48.3600,48.8800,48.8800,1786505
2026-06-17,46.8800,47.6400,46.2300,46.7500,46.7500,3919697
2026-06-18,46.5900,46.5950,43.9650,44.6000,44.6000,5410661
2026-06-19,44.7400,45.5500,44.7400,45.2750,45.2750,6573313
2026-06-22,45.1100,45.5900,44.2450,45.5300,45.5300,2680448
2026-06-23,45.0650,45.6700,44.8600,45.2400,45.2400,2496738
2026-06-24,45.0500,45.0500,44.2600,44.4050,44.4050,2661930
2026-06-25,44.4600,45.0100,44.3700,44.6350,44.6350,1722955
2026-06-26,44.6350,44.6850,43.1850,43.3350,43.3350,2677704
2026-06-29,43.6000,43.7500,42.6250,43.0800,43.0800,2623400
2026-06-30,43.2900,43.9200,42.8100,43.9200,43.9200,3600910
2026-07-01,44.2000,44.2000,43.5100,43.7900,43.7900,1921937
2026-07-02,44.0000,45.1600,43.9450,44.8250,44.8250,2199310
2026-07-03,45.1450,45.5600,45.0300,45.2400,45.2400,1167470
2026-07-06,45.5750,45.7200,45.2450,45.4050,45.4050,1162457
2026-07-07,45.7850,46.3250,45.6950,45.9700,45.9700,2243076
2026-07-08,45.0500,45.3450,44.0350,44.1250,44.1250,3334118
2026-07-09,44.3100,44.3450,43.6600,43.9000,43.9000,1657207
2026-07-10,44.1900,44.5250,43.7100,43.9900,43.9900,1559460
2026-07-13,43.8550,44.6050,43.8200,44.2900,44.2900,2149072
2026-07-14,44.0500,45.3450,43.9400,45.1100,45.1100,2276226
2026-07-15,44.9400,46.4150,44.6100,46.2850,46.2850,2415376
2026-07-16,46.3500,46.4550,45.7650,45.8600,45.8600,1550507
2026-07-17,45.8000,46.2500,45.5100,45.5100,45.5100,2622020
2026-07-20,45.1200,45.6000,44.8200,45.1350,45.1350,1838222
2026-07-21,44.9700,45.3900,44.6700,44.9050,44.9050,1370343
2026-07-22,44.7250,45.1950,44.4400,44.8500,44.8500,1538500
2026-07-23,44.6450,45.0500,44.2000,44.3200,44.3200,1606107
2026-07-24,44.0850,44.7750,43.9650,44.7750,44.7750,1605991
2026-07-27,45.8800,46.0750,44.8650,45.3150,45.3150,2925562
2026-07-28,46.5000,48.0000,46.3550,46.6200,46.6200,2991266
2026-07-29,46.8150,47.1800,45.8250,46.8550,46.8550,2275850
2026-07-30,46.7350,47.6950,46.6550,47.1000,47.1000,2579632
2026-07-31,46.8450,47.1650,46.4250,46.7300,46.7300,2002197
2026-08-03,47.1850,48.3400,47.1850,47.9500,47.9500,2048309
2026-08-04,47.7600,48.2450,47.1300,48.2100,48.2100,1827125
2026-08-05,48.4000,48.4100,47.2600,47.2600,47.2600,1670236
2026-08-06,47.4400,47.5700,46.7000,46.7650,46.7650,1849574
2026-08-07,46.9850,47.1050,46.4700,47.0850,47.0850,1216278
2026-08-10,47.0000,47.1650,46.5050,47.0850,47.0850,1502404
2026-08-11,47.0050,47.0950,46.5150,46.7800,46.7800,1631684
2026-08-12,46.6650,46.7700,46.0450,46.1850,46.1850,1678677
2026-08-13,46.1000,46.3650,45.4250,45.4400,45.4400,2017165
2026-08-14,46.1800,46.2450,45.4850,46.0250,46.0250,1388359
2026-08-17,45.9000,46.0600,45.2900,45.5200,45.5200,1022879
2026-08-18,45.7000,45.7250,45.0650,45.0650,45.0650,1626831
2026-08-19,45.1200,45.2850,44.8550,45.0250,45.0250,1626007
2026-08-20,45.2100,45.5350,44.3850,44.7950,44.7950,1452585
2026-08-21,45.1550,45.6200,44.7800,45.2150,45.2150,2162559
2026-08-24,45.0000,45.3450,44.6550,45.0500,45.0500,1140003
2026-08-25,45.0000,45.1600,44.6150,44.9200,44.9200,1239609
2026-08-26,44.6700,44.9500,44.5200,44.6400,44.6400,1309319
2026-08-27,44.2650,45.6750,44.1050,45.5950,45.5950,1657208
2026-08-28,45.7600,47.1200,45.7550,46.9450,46.9450,2887976
2026-08-31,46.9450,47.2200,46.6750,47.2200,47.2200,5923525
2026-09-01,47.7500,47.7500,46.0150,46.9700,46.9700,2018038
2026-09-02,46.6800,46.9350,46.0950,46.3800,46.3800,1860768
2026-09-03,46.2850,47.2100,45.8100,47.1350,47.1350,2095223
2026-09-04,47.4100,48.2200,47.1550,47.6850,47.6850,2405767
